# This file uses centimeters as units for non-parametric coordinates.

mtllib Gateway.mtl
g default
v 6.076039 -0.258919 6.887057
v 7.524771 -0.258919 6.887057
v 6.169725 0.879879 6.784083
v 7.431085 0.879879 6.784083
v 6.169725 0.879879 5.397676
v 7.431085 0.879879 5.397676
v 6.076039 -0.258919 5.294702
v 7.524771 -0.258919 5.294702
v 6.169725 0.695620 6.784083
v 7.431085 0.695620 6.784083
v 7.431085 0.695620 5.397676
v 6.169725 0.695620 5.397676
v 6.270931 0.566016 6.672843
v 7.329879 0.566016 6.672843
v 7.329879 0.566016 5.508915
v 6.270931 0.566016 5.508915
v 6.234057 0.084816 6.713373
v 7.366753 0.084816 6.713373
v 7.366753 0.084816 5.468386
v 6.234057 0.084816 5.468386
v 6.076039 -0.053642 6.887057
v 7.524771 -0.053642 6.887057
v 7.524771 -0.053642 5.294702
v 6.076039 -0.053642 5.294702
v 2.624221 4.317150 6.195333
v 3.015636 5.391276 6.195333
v 3.050478 4.184803 6.195333
v 3.356190 4.975259 6.195333
v 3.050478 4.184803 5.495656
v 3.356190 4.975259 5.495656
v 2.624221 4.317150 5.495656
v 3.015636 5.391276 5.495656
v 2.743043 4.937014 6.195333
v 2.743043 4.937014 5.495656
v 3.173216 4.606287 5.495656
v 3.173216 4.606287 6.195333
v -6.306279 0.457265 6.536046
v -7.330242 0.457265 6.536046
v -7.250291 3.787840 6.536046
v -6.371342 3.797897 6.536047
v -7.193411 3.323847 6.536046
v -6.429032 3.333355 6.536047
v -7.130476 2.603670 6.536046
v -6.495304 2.610925 6.536046
v -7.190110 1.663065 6.536046
v -6.440026 1.667377 6.536046
v -7.045272 3.266221 6.536046
v -6.582729 3.274262 6.536047
v -6.547820 3.540002 6.536047
v -7.079692 3.531498 6.536046
v -7.007188 2.577778 6.536046
v -6.622832 2.583913 6.536046
v -7.043275 1.734786 6.536046
v -6.589382 1.738432 6.536046
v -6.539384 1.101985 6.536046
v -7.097135 1.101985 6.536046
v -7.016444 2.361581 6.536046
v -6.804896 2.581007 6.536046
v -6.600862 2.962106 6.536046
v -6.870607 2.484311 6.536046
v -6.759640 2.647601 6.536046
v -6.655586 2.811503 6.536046
v -7.037463 1.870562 6.536046
v -6.615393 2.395909 6.536046
v -6.867839 1.981464 6.536046
v -6.715986 2.149498 6.536046
v -6.914053 1.101985 6.536046
v -6.699213 1.101985 6.536046
v -7.005004 3.237934 6.492261
v -6.622912 3.244501 6.492261
v -6.594075 3.461562 6.492261
v -7.033437 3.454616 6.492261
v -6.973545 2.675604 6.492261
v -6.806437 2.678241 6.492261
v -6.769053 2.732637 6.492261
v -6.683096 2.866513 6.492261
v -6.981190 2.499011 6.492261
v -6.860719 2.599259 6.492261
v -6.637891 2.989528 6.492261
v -6.631152 1.700520 6.472788
v -6.590278 1.149496 6.472788
v -6.727610 1.699769 6.472789
v -6.720938 1.149496 6.472788
v -6.734650 2.026378 6.472788
v -6.652416 2.190752 6.472788
v -7.002211 1.697630 6.472788
v -6.867795 1.698677 6.472789
v -6.858792 1.893176 6.472788
v -6.997459 1.805262 6.472788
v -6.896572 1.149496 6.472788
v -7.046242 1.149496 6.472788
v -7.181094 3.934952 6.458527
v -6.444212 3.942226 6.458527
v -0.024291 7.140906 6.536046
v -0.024291 8.030344 6.536046
v -7.273379 6.888281 6.536046
v -6.070039 7.587551 6.536046
v -6.725949 7.256455 6.536046
v -5.147482 7.862246 6.536046
v -5.599357 7.768726 6.536046
v -4.136354 7.998515 6.536046
v -3.801936 8.009459 6.536046
v -6.171092 4.889631 6.536046
v -6.357557 4.093996 6.536046
v -3.473236 8.034046 6.536046
v -3.048559 8.034025 6.536046
v -1.394995 8.030346 6.536046
v -1.026833 8.030344 6.536046
v -4.109386 5.676276 6.536046
v -3.689821 5.485046 6.536046
v -5.195884 5.666715 6.536046
v -5.705810 5.451757 6.536046
v -1.484991 6.391152 6.536046
v -1.082868 6.834099 6.536046
v -3.165746 4.971840 6.536046
v -2.903362 4.030009 6.536046
v -1.789881 5.873424 6.536046
v -2.018929 5.091961 6.536046
v -4.664135 5.762435 6.536046
v -0.524195 7.073997 6.536046
v -0.510030 8.030348 6.536046
v -1.686662 8.030345 6.536046
v -1.905025 8.030345 6.536046
v -4.656137 7.939243 6.536046
v -7.272226 4.086713 6.536046
v -2.023384 4.040760 6.536047
v -2.102077 3.930640 6.455478
v -2.825124 3.922056 6.455478
v -1.959349 0.457265 6.536046
v -2.983312 0.457265 6.536046
v -2.903362 3.787840 6.536046
v -2.024413 3.797897 6.536047
v -2.846482 3.323847 6.536046
v -2.082101 3.333355 6.536047
v -2.783546 2.603670 6.536046
v -2.148374 2.610925 6.536046
v -2.843180 1.663065 6.536046
v -2.093096 1.667377 6.536046
v -2.698343 3.266221 6.536046
v -2.235799 3.274262 6.536047
v -2.200890 3.540002 6.536047
v -2.732763 3.531498 6.536046
v -2.660259 2.577778 6.536046
v -2.275901 2.583913 6.536046
v -2.696346 1.734786 6.536046
v -2.242452 1.738432 6.536046
v -2.192455 1.101985 6.536046
v -2.750206 1.101985 6.536046
v -2.669514 2.361581 6.536046
v -2.457966 2.581007 6.536046
v -2.253932 2.962106 6.536046
v -2.523677 2.484311 6.536046
v -2.412711 2.647601 6.536046
v -2.308656 2.811503 6.536046
v -2.690533 1.870562 6.536046
v -2.268464 2.395909 6.536046
v -2.520910 1.981464 6.536046
v -2.369056 2.149498 6.536046
v -2.567124 1.101985 6.536046
v -2.352283 1.101985 6.536046
v -2.658075 3.237934 6.492261
v -2.275982 3.244501 6.492261
v -2.247145 3.461562 6.492261
v -2.686508 3.454616 6.492261
v -2.626615 2.675604 6.492261
v -2.459507 2.678241 6.492261
v -2.422123 2.732637 6.492261
v -2.336167 2.866513 6.492261
v -2.634260 2.499011 6.492261
v -2.513790 2.599259 6.492261
v -2.290962 2.989528 6.492261
v -2.284221 1.700520 6.472788
v -2.243349 1.149496 6.472788
v -2.380681 1.699769 6.472789
v -2.374009 1.149496 6.472788
v -2.387721 2.026378 6.472788
v -2.305486 2.190752 6.472788
v -2.655281 1.697630 6.472788
v -2.520865 1.698677 6.472789
v -2.511861 1.893176 6.472788
v -2.650529 1.805262 6.472788
v -2.549642 1.149496 6.472788
v -2.699312 1.149496 6.472788
v 6.257698 0.457265 6.536046
v 7.281660 0.457265 6.536046
v 7.201710 3.787840 6.536046
v 6.322761 3.797897 6.536047
v 7.144830 3.323847 6.536046
v 6.380450 3.333355 6.536047
v 7.081894 2.603670 6.536046
v 6.446722 2.610925 6.536046
v 7.141529 1.663065 6.536046
v 6.391445 1.667377 6.536046
v 6.996692 3.266221 6.536046
v 6.534148 3.274262 6.536047
v 6.499238 3.540002 6.536047
v 7.031111 3.531498 6.536046
v 6.958608 2.577778 6.536046
v 6.574250 2.583913 6.536046
v 6.994694 1.734786 6.536046
v 6.540801 1.738432 6.536046
v 6.490803 1.101985 6.536046
v 7.048554 1.101985 6.536046
v 6.967863 2.361581 6.536046
v 6.756315 2.581007 6.536046
v 6.552281 2.962106 6.536046
v 6.822026 2.484311 6.536046
v 6.711059 2.647601 6.536046
v 6.607004 2.811503 6.536046
v 6.988882 1.870562 6.536046
v 6.566813 2.395909 6.536046
v 6.819258 1.981464 6.536046
v 6.667404 2.149498 6.536046
v 6.865473 1.101985 6.536046
v 6.650632 1.101985 6.536046
v 6.956423 3.237934 6.492261
v 6.574331 3.244501 6.492261
v 6.545494 3.461562 6.492261
v 6.984856 3.454616 6.492261
v 6.924963 2.675604 6.492261
v 6.757856 2.678241 6.492261
v 6.720472 2.732637 6.492261
v 6.634515 2.866513 6.492261
v 6.932609 2.499011 6.492261
v 6.812138 2.599259 6.492261
v 6.589310 2.989528 6.492261
v 6.582570 1.700520 6.472788
v 6.541697 1.149496 6.472788
v 6.679029 1.699769 6.472789
v 6.672358 1.149496 6.472788
v 6.686069 2.026378 6.472788
v 6.603835 2.190752 6.472788
v 6.953629 1.697630 6.472788
v 6.819214 1.698677 6.472789
v 6.810210 1.893176 6.472788
v 6.948878 1.805262 6.472788
v 6.847991 1.149496 6.472788
v 6.997661 1.149496 6.472788
v 7.132512 3.934952 6.458527
v 6.395632 3.942226 6.458527
v 7.224798 6.888281 6.536046
v 6.021458 7.587551 6.536046
v 6.677368 7.256455 6.536046
v 5.098901 7.862246 6.536046
v 5.550776 7.768726 6.536046
v 4.087772 7.998515 6.536046
v 3.753355 8.009459 6.536046
v 6.122510 4.889631 6.536046
v 6.308975 4.093996 6.536046
v 3.424654 8.034046 6.536046
v 2.999978 8.034025 6.536046
v 1.346414 8.030346 6.536046
v 0.978252 8.030344 6.536046
v 4.060805 5.676276 6.536046
v 3.641240 5.485046 6.536046
v 5.147304 5.666715 6.536046
v 5.657229 5.451757 6.536046
v 1.436410 6.391152 6.536046
v 1.034286 6.834099 6.536046
v 3.117165 4.971840 6.536046
v 2.854780 4.030009 6.536046
v 1.741300 5.873424 6.536046
v 1.970348 5.091961 6.536046
v 4.615553 5.762435 6.536046
v 0.475614 7.073997 6.536046
v 0.461449 8.030348 6.536046
v 1.638081 8.030345 6.536046
v 1.856444 8.030345 6.536046
v 4.607556 7.939243 6.536046
v 7.223644 4.086713 6.536046
v 1.974802 4.040760 6.536047
v 2.053496 3.930640 6.455478
v 2.776543 3.922056 6.455478
v 1.910768 0.457265 6.536046
v 2.934731 0.457265 6.536046
v 2.854780 3.787840 6.536046
v 1.975832 3.797897 6.536047
v 2.797900 3.323847 6.536046
v 2.033521 3.333355 6.536047
v 2.734965 2.603670 6.536046
v 2.099792 2.610925 6.536046
v 2.794599 1.663065 6.536046
v 2.044515 1.667377 6.536046
v 2.649762 3.266221 6.536046
v 2.187218 3.274262 6.536047
v 2.152309 3.540002 6.536047
v 2.684181 3.531498 6.536046
v 2.611678 2.577778 6.536046
v 2.227321 2.583913 6.536046
v 2.647764 1.734786 6.536046
v 2.193871 1.738432 6.536046
v 2.143874 1.101985 6.536046
v 2.701625 1.101985 6.536046
v 2.620933 2.361581 6.536046
v 2.409385 2.581007 6.536046
v 2.205351 2.962106 6.536046
v 2.475096 2.484311 6.536046
v 2.364130 2.647601 6.536046
v 2.260075 2.811503 6.536046
v 2.641952 1.870562 6.536046
v 2.219883 2.395909 6.536046
v 2.472329 1.981464 6.536046
v 2.320475 2.149498 6.536046
v 2.518543 1.101985 6.536046
v 2.303702 1.101985 6.536046
v 2.609494 3.237934 6.492261
v 2.227401 3.244501 6.492261
v 2.198564 3.461562 6.492261
v 2.637926 3.454616 6.492261
v 2.578034 2.675604 6.492261
v 2.410926 2.678241 6.492261
v 2.373542 2.732637 6.492261
v 2.287585 2.866513 6.492261
v 2.585679 2.499011 6.492261
v 2.465208 2.599259 6.492261
v 2.242380 2.989528 6.492261
v 2.235641 1.700520 6.472788
v 2.194767 1.149496 6.472788
v 2.332099 1.699769 6.472789
v 2.325428 1.149496 6.472788
v 2.339139 2.026378 6.472788
v 2.256905 2.190752 6.472788
v 2.606700 1.697630 6.472788
v 2.472284 1.698677 6.472789
v 2.463281 1.893176 6.472788
v 2.601948 1.805262 6.472788
v 2.501061 1.149496 6.472788
v 2.650731 1.149496 6.472788
v 7.281660 0.457265 6.084581
v 7.141529 1.663065 6.084581
v 7.081894 2.603670 6.084581
v 7.144830 3.323847 6.084581
v 7.201710 3.787841 6.084581
v 7.127993 3.928505 6.084581
v 7.223640 4.083865 6.084581
v 7.224781 6.888055 6.084581
v -7.273363 6.888055 6.084581
v -7.272222 4.083865 6.084581
v -7.176574 3.928505 6.084581
v -7.250291 3.787841 6.084581
v -7.193411 3.323847 6.084581
v -7.130476 2.603670 6.084581
v -7.190110 1.663065 6.084581
v -7.330242 0.457265 6.084581
v -2.983312 0.457265 6.084581
v -2.843180 1.663065 6.084581
v -2.783546 2.603670 6.084581
v -2.846482 3.323847 6.084581
v -2.903362 3.787841 6.084581
v -2.825124 3.922057 6.084581
v -2.903362 4.030009 6.084581
v -3.165746 4.971840 6.084581
v -3.689821 5.485046 6.084581
v -4.109386 5.676276 6.084581
v -4.664135 5.762435 6.084581
v -5.195884 5.666715 6.084581
v -5.705810 5.451757 6.084581
v -6.171092 4.889631 6.084581
v -6.357557 4.079465 6.084581
v -6.446613 3.935713 6.084581
v -6.371346 3.797053 6.084581
v -6.429035 3.332558 6.084581
v -6.495306 2.610317 6.084581
v -6.440027 1.667016 6.084581
v -6.306279 0.457265 6.084581
v 1.910768 0.457265 6.084581
v 2.044517 1.667016 6.084581
v 2.099795 2.610317 6.084581
v 2.033524 3.332558 6.084581
v 1.975835 3.797053 6.084581
v 2.053499 3.929919 6.084581
v 1.974806 4.039859 6.084581
v 1.970348 5.091961 6.084581
v 1.741300 5.873424 6.084581
v 1.436410 6.391152 6.084581
v 1.034286 6.834099 6.084581
v 0.475681 7.073969 6.084581
v -0.024291 7.141574 6.084581
v -0.524262 7.073969 6.084581
v -1.082868 6.834099 6.084581
v -1.484991 6.391152 6.084581
v -1.789881 5.873424 6.084581
v -2.018929 5.091961 6.084581
v -2.023387 4.039859 6.084581
v -2.102081 3.929919 6.084581
v -2.024415 3.797053 6.084581
v -2.082105 3.332558 6.084581
v -2.148376 2.610317 6.084581
v -2.093097 1.667016 6.084581
v -1.959349 0.457265 6.084581
v 2.934731 0.457265 6.084581
v 2.794599 1.663065 6.084581
v 2.734965 2.603670 6.084581
v 2.797900 3.323847 6.084581
v 2.854780 3.787841 6.084581
v 2.776543 3.922057 6.084581
v 2.854780 4.030009 6.084581
v 3.117165 4.971840 6.084581
v 3.641240 5.485046 6.084581
v 4.060805 5.676276 6.084581
v 4.615553 5.762435 6.084581
v 5.147304 5.666715 6.084581
v 5.657229 5.451757 6.084581
v 6.122510 4.889631 6.084581
v 6.308975 4.079465 6.084581
v 6.398032 3.935713 6.084581
v 6.322765 3.797053 6.084581
v 6.380454 3.332558 6.084581
v 6.446724 2.610317 6.084581
v 6.391446 1.667016 6.084581
v 6.257698 0.457265 6.084581
v -6.306279 0.457265 5.633116
v -7.330242 0.457265 5.633116
v -7.250291 3.787840 5.633116
v -6.371342 3.797897 5.633115
v -7.193411 3.323847 5.633116
v -6.429032 3.333355 5.633115
v -7.130476 2.603670 5.633116
v -6.495304 2.610925 5.633116
v -7.190110 1.663065 5.633116
v -6.440026 1.667377 5.633116
v -7.045272 3.266221 5.633116
v -6.582729 3.274262 5.633115
v -6.547820 3.540002 5.633115
v -7.079692 3.531498 5.633116
v -7.007188 2.577778 5.633116
v -6.622832 2.583913 5.633116
v -7.043275 1.734786 5.633116
v -6.589382 1.738432 5.633116
v -6.539384 1.101985 5.633116
v -7.097135 1.101985 5.633116
v -7.016444 2.361581 5.633116
v -6.804896 2.581007 5.633116
v -6.600862 2.962106 5.633116
v -6.870607 2.484311 5.633116
v -6.759640 2.647601 5.633116
v -6.655586 2.811503 5.633116
v -7.037463 1.870562 5.633116
v -6.615393 2.395909 5.633116
v -6.867839 1.981464 5.633116
v -6.715986 2.149498 5.633116
v -6.914053 1.101985 5.633116
v -6.699213 1.101985 5.633116
v -7.005004 3.237934 5.676901
v -6.622912 3.244501 5.676900
v -6.594075 3.461562 5.676900
v -7.033437 3.454616 5.676901
v -6.973545 2.675604 5.676901
v -6.806437 2.678241 5.676901
v -6.769053 2.732637 5.676901
v -6.683096 2.866513 5.676901
v -6.981190 2.499011 5.676901
v -6.860719 2.599259 5.676901
v -6.637891 2.989528 5.676901
v -6.631152 1.700520 5.696374
v -6.590278 1.149496 5.696374
v -6.727610 1.699769 5.696373
v -6.720938 1.149496 5.696374
v -6.734650 2.026378 5.696374
v -6.652416 2.190752 5.696374
v -7.002211 1.697630 5.696374
v -6.867795 1.698677 5.696373
v -6.858792 1.893176 5.696374
v -6.997459 1.805262 5.696374
v -6.896572 1.149496 5.696374
v -7.046242 1.149496 5.696374
v -7.181094 3.934952 5.710635
v -6.444212 3.942226 5.710635
v -0.024291 7.140906 5.633116
v -0.024291 8.030344 5.633116
v -7.273379 6.888281 5.633116
v -6.070039 7.587551 5.633116
v -6.725949 7.256455 5.633116
v -5.147482 7.862246 5.633116
v -5.599357 7.768726 5.633116
v -4.136354 7.998515 5.633116
v -3.801936 8.009459 5.633116
v -6.171092 4.889631 5.633116
v -6.357557 4.093996 5.633116
v -3.473236 8.034046 5.633116
v -3.048559 8.034025 5.633116
v -1.394995 8.030346 5.633116
v -1.026833 8.030344 5.633116
v -4.109386 5.676276 5.633116
v -3.689821 5.485046 5.633116
v -5.195884 5.666715 5.633116
v -5.705810 5.451757 5.633116
v -1.484991 6.391152 5.633116
v -1.082868 6.834099 5.633116
v -3.165746 4.971840 5.633116
v -2.903362 4.030009 5.633116
v -1.789881 5.873424 5.633116
v -2.018929 5.091961 5.633116
v -4.664135 5.762435 5.633116
v -0.524195 7.073997 5.633116
v -0.510030 8.030348 5.633116
v -1.686662 8.030345 5.633116
v -1.905025 8.030345 5.633116
v -4.656137 7.939243 5.633116
v -7.272226 4.086713 5.633116
v -2.023384 4.040760 5.633115
v -2.102077 3.930640 5.713684
v -2.825124 3.922056 5.713684
v -1.959349 0.457265 5.633116
v -2.983312 0.457265 5.633116
v -2.903362 3.787840 5.633116
v -2.024413 3.797897 5.633115
v -2.846482 3.323847 5.633116
v -2.082101 3.333355 5.633115
v -2.783546 2.603670 5.633116
v -2.148374 2.610925 5.633116
v -2.843180 1.663065 5.633116
v -2.093096 1.667377 5.633116
v -2.698343 3.266221 5.633116
v -2.235799 3.274262 5.633115
v -2.200890 3.540002 5.633115
v -2.732763 3.531498 5.633116
v -2.660259 2.577778 5.633116
v -2.275901 2.583913 5.633116
v -2.696346 1.734786 5.633116
v -2.242452 1.738432 5.633116
v -2.192455 1.101985 5.633116
v -2.750206 1.101985 5.633116
v -2.669514 2.361581 5.633116
v -2.457966 2.581007 5.633116
v -2.253932 2.962106 5.633116
v -2.523677 2.484311 5.633116
v -2.412711 2.647601 5.633116
v -2.308656 2.811503 5.633116
v -2.690533 1.870562 5.633116
v -2.268464 2.395909 5.633116
v -2.520910 1.981464 5.633116
v -2.369056 2.149498 5.633116
v -2.567124 1.101985 5.633116
v -2.352283 1.101985 5.633116
v -2.658075 3.237934 5.676901
v -2.275982 3.244501 5.676900
v -2.247145 3.461562 5.676900
v -2.686508 3.454616 5.676901
v -2.626615 2.675604 5.676901
v -2.459507 2.678241 5.676901
v -2.422123 2.732637 5.676901
v -2.336167 2.866513 5.676901
v -2.634260 2.499011 5.676901
v -2.513790 2.599259 5.676901
v -2.290962 2.989528 5.676901
v -2.284221 1.700520 5.696374
v -2.243349 1.149496 5.696374
v -2.380681 1.699769 5.696373
v -2.374009 1.149496 5.696374
v -2.387721 2.026378 5.696374
v -2.305486 2.190752 5.696374
v -2.655281 1.697630 5.696374
v -2.520865 1.698677 5.696373
v -2.511861 1.893176 5.696374
v -2.650529 1.805262 5.696374
v -2.549642 1.149496 5.696374
v -2.699312 1.149496 5.696374
v 6.257698 0.457265 5.633116
v 7.281660 0.457265 5.633116
v 7.201710 3.787840 5.633116
v 6.322761 3.797897 5.633115
v 7.144830 3.323847 5.633116
v 6.380450 3.333355 5.633115
v 7.081894 2.603670 5.633116
v 6.446722 2.610925 5.633116
v 7.141529 1.663065 5.633116
v 6.391445 1.667377 5.633116
v 6.996692 3.266221 5.633116
v 6.534148 3.274262 5.633115
v 6.499238 3.540002 5.633115
v 7.031111 3.531498 5.633116
v 6.958608 2.577778 5.633116
v 6.574250 2.583913 5.633116
v 6.994694 1.734786 5.633116
v 6.540801 1.738432 5.633116
v 6.490803 1.101985 5.633116
v 7.048554 1.101985 5.633116
v 6.967863 2.361581 5.633116
v 6.756315 2.581007 5.633116
v 6.552281 2.962106 5.633116
v 6.822026 2.484311 5.633116
v 6.711059 2.647601 5.633116
v 6.607004 2.811503 5.633116
v 6.988882 1.870562 5.633116
v 6.566813 2.395909 5.633116
v 6.819258 1.981464 5.633116
v 6.667404 2.149498 5.633116
v 6.865473 1.101985 5.633116
v 6.650632 1.101985 5.633116
v 6.956423 3.237934 5.676901
v 6.574331 3.244501 5.676900
v 6.545494 3.461562 5.676900
v 6.984856 3.454616 5.676901
v 6.924963 2.675604 5.676901
v 6.757856 2.678241 5.676901
v 6.720472 2.732637 5.676901
v 6.634515 2.866513 5.676901
v 6.932609 2.499011 5.676901
v 6.812138 2.599259 5.676901
v 6.589310 2.989528 5.676901
v 6.582570 1.700520 5.696374
v 6.541697 1.149496 5.696374
v 6.679029 1.699769 5.696373
v 6.672358 1.149496 5.696374
v 6.686069 2.026378 5.696374
v 6.603835 2.190752 5.696374
v 6.953629 1.697630 5.696374
v 6.819214 1.698677 5.696373
v 6.810210 1.893176 5.696374
v 6.948878 1.805262 5.696374
v 6.847991 1.149496 5.696374
v 6.997661 1.149496 5.696374
v 7.132512 3.934952 5.710635
v 6.395632 3.942226 5.710635
v 7.224798 6.888281 5.633116
v 6.021458 7.587551 5.633116
v 6.677368 7.256455 5.633116
v 5.098901 7.862246 5.633116
v 5.550776 7.768726 5.633116
v 4.087772 7.998515 5.633116
v 3.753355 8.009459 5.633116
v 6.122510 4.889631 5.633116
v 6.308975 4.093996 5.633116
v 3.424654 8.034046 5.633116
v 2.999978 8.034025 5.633116
v 1.346414 8.030346 5.633116
v 0.978252 8.030344 5.633116
v 4.060805 5.676276 5.633116
v 3.641240 5.485046 5.633116
v 5.147304 5.666715 5.633116
v 5.657229 5.451757 5.633116
v 1.436410 6.391152 5.633116
v 1.034286 6.834099 5.633116
v 3.117165 4.971840 5.633116
v 2.854780 4.030009 5.633116
v 1.741300 5.873424 5.633116
v 1.970348 5.091961 5.633116
v 4.615553 5.762435 5.633116
v 0.475614 7.073997 5.633116
v 0.461449 8.030348 5.633116
v 1.638081 8.030345 5.633116
v 1.856444 8.030345 5.633116
v 4.607556 7.939243 5.633116
v 7.223644 4.086713 5.633116
v 1.974802 4.040760 5.633115
v 2.053496 3.930640 5.713684
v 2.776543 3.922056 5.713684
v 1.910768 0.457265 5.633116
v 2.934731 0.457265 5.633116
v 2.854780 3.787840 5.633116
v 1.975832 3.797897 5.633115
v 2.797900 3.323847 5.633116
v 2.033521 3.333355 5.633115
v 2.734965 2.603670 5.633116
v 2.099792 2.610925 5.633116
v 2.794599 1.663065 5.633116
v 2.044515 1.667377 5.633116
v 2.649762 3.266221 5.633116
v 2.187218 3.274262 5.633115
v 2.152309 3.540002 5.633115
v 2.684181 3.531498 5.633116
v 2.611678 2.577778 5.633116
v 2.227321 2.583913 5.633116
v 2.647764 1.734786 5.633116
v 2.193871 1.738432 5.633116
v 2.143874 1.101985 5.633116
v 2.701625 1.101985 5.633116
v 2.620933 2.361581 5.633116
v 2.409385 2.581007 5.633116
v 2.205351 2.962106 5.633116
v 2.475096 2.484311 5.633116
v 2.364130 2.647601 5.633116
v 2.260075 2.811503 5.633116
v 2.641952 1.870562 5.633116
v 2.219883 2.395909 5.633116
v 2.472329 1.981464 5.633116
v 2.320475 2.149498 5.633116
v 2.518543 1.101985 5.633116
v 2.303702 1.101985 5.633116
v 2.609494 3.237934 5.676901
v 2.227401 3.244501 5.676900
v 2.198564 3.461562 5.676900
v 2.637926 3.454616 5.676901
v 2.578034 2.675604 5.676901
v 2.410926 2.678241 5.676901
v 2.373542 2.732637 5.676901
v 2.287585 2.866513 5.676901
v 2.585679 2.499011 5.676901
v 2.465208 2.599259 5.676901
v 2.242380 2.989528 5.676901
v 2.235641 1.700520 5.696374
v 2.194767 1.149496 5.696374
v 2.332099 1.699769 5.696373
v 2.325428 1.149496 5.696374
v 2.339139 2.026378 5.696374
v 2.256905 2.190752 5.696374
v 2.606700 1.697630 5.696374
v 2.472284 1.698677 5.696373
v 2.463281 1.893176 5.696374
v 2.601948 1.805262 5.696374
v 2.501061 1.149496 5.696374
v 2.650731 1.149496 5.696374
v 6.660127 4.318180 6.195333
v 6.265308 5.391695 6.195333
v 6.234219 4.184662 6.195333
v 5.926000 4.974622 6.195333
v 6.234219 4.184662 5.495656
v 5.926000 4.974622 5.495656
v 6.660127 4.318180 5.495656
v 6.265308 5.391695 5.495656
v 6.539356 4.937973 6.195333
v 6.539356 4.937973 5.495656
v 6.110150 4.605987 5.495656
v 6.110150 4.605987 6.195333
v -3.217174 -0.258919 6.887057
v -1.768442 -0.258919 6.887057
v -3.123487 0.879879 6.784083
v -1.862128 0.879879 6.784083
v -3.123487 0.879879 5.397676
v -1.862128 0.879879 5.397676
v -3.217174 -0.258919 5.294702
v -1.768442 -0.258919 5.294702
v -3.123487 0.695620 6.784083
v -1.862128 0.695620 6.784083
v -1.862128 0.695620 5.397676
v -3.123487 0.695620 5.397676
v -3.022281 0.566016 6.672843
v -1.963334 0.566016 6.672843
v -1.963334 0.566016 5.508915
v -3.022281 0.566016 5.508915
v -3.059155 0.084816 6.713373
v -1.926460 0.084816 6.713373
v -1.926460 0.084816 5.468386
v -3.059155 0.084816 5.468386
v -3.217174 -0.053642 6.887057
v -1.768442 -0.053642 6.887057
v -1.768442 -0.053642 5.294702
v -3.217174 -0.053642 5.294702
v -7.555528 -0.258919 6.887057
v -6.106795 -0.258919 6.887057
v -7.461841 0.879879 6.784083
v -6.200482 0.879879 6.784083
v -7.461841 0.879879 5.397676
v -6.200482 0.879879 5.397676
v -7.555528 -0.258919 5.294702
v -6.106795 -0.258919 5.294702
v -7.461841 0.695620 6.784083
v -6.200482 0.695620 6.784083
v -6.200482 0.695620 5.397676
v -7.461841 0.695620 5.397676
v -7.360635 0.566016 6.672843
v -6.301688 0.566016 6.672843
v -6.301688 0.566016 5.508915
v -7.360635 0.566016 5.508915
v -7.397509 0.084816 6.713373
v -6.264814 0.084816 6.713373
v -6.264814 0.084816 5.468386
v -7.397509 0.084816 5.468386
v -7.555528 -0.053642 6.887057
v -6.106795 -0.053642 6.887057
v -6.106795 -0.053642 5.294702
v -7.555528 -0.053642 5.294702
v 6.187124 5.469595 6.195333
v 5.373809 6.156954 6.195333
v 5.865564 5.030362 6.195333
v 5.160973 5.577226 6.195333
v 5.865564 5.030362 5.495656
v 5.160973 5.577226 5.495656
v 6.187124 5.469595 5.495656
v 5.373809 6.156954 5.495656
v 5.795279 5.896519 6.195333
v 5.795279 5.896519 5.495656
v 5.565421 5.365571 5.495656
v 5.565421 5.365571 6.195333
v 4.197089 5.598573 6.195333
v 5.084082 5.598573 6.195333
v 3.989828 6.237362 6.195333
v 5.291343 6.218627 6.195333
v 3.989828 6.237362 5.495657
v 5.291343 6.218627 5.495657
v 4.197089 5.598573 5.495657
v 5.084082 5.598573 5.495657
v 4.814641 5.483787 6.195333
v 4.814641 5.483787 5.495657
v 4.811481 6.352149 5.495657
v 4.811481 6.352149 6.195333
v 4.462094 5.482556 6.195333
v 4.462094 5.482556 5.495657
v 4.462093 6.353380 5.495657
v 4.462093 6.353380 6.195333
v 4.767471 5.601453 5.495657
v 4.765168 6.234483 5.495657
v 5.114984 6.137147 5.495657
v 4.963892 5.685132 5.495657
v 4.510467 5.600556 5.495657
v 4.510466 6.235380 5.495657
v 4.166188 6.150805 5.495657
v 4.317280 5.685132 5.495657
v 4.743668 5.660830 5.551926
v 4.741797 6.175107 5.551926
v 5.025989 6.096030 5.551926
v 4.903241 5.728810 5.551926
v 4.534876 5.660101 5.551926
v 4.534876 6.175835 5.551926
v 4.255183 6.107125 5.551926
v 4.377931 5.728810 5.551926
v -0.078940 7.851258 6.745412
v -7.428299 6.789090 6.745412
v -0.078940 8.252595 6.745412
v -7.428299 7.190428 6.745412
v -0.078940 8.252595 5.463417
v -7.428299 7.190428 5.463417
v -0.078940 7.851258 5.463417
v -7.428299 6.789090 5.463417
v -6.295859 7.341134 6.745412
v -6.295859 7.341134 5.463417
v -6.295859 7.742472 5.463417
v -6.295859 7.742472 6.745412
v -4.532808 7.717203 6.745412
v -4.532808 7.717203 5.463417
v -4.532808 8.118541 5.463417
v -4.532808 8.118541 6.745412
v -2.621335 7.829321 6.745412
v -2.621335 7.829321 5.463417
v -2.621335 8.230658 5.463417
v -2.621335 8.230658 6.745412
v -6.987716 7.070514 6.745412
v -6.987716 7.471851 6.745412
v -6.987716 7.471851 5.463417
v -6.987716 7.070514 5.463417
v -5.373847 7.600112 6.745412
v -5.373847 8.001449 6.745412
v -5.373847 8.001449 5.463417
v -5.373847 7.600112 5.463417
v -3.528302 7.808198 6.745412
v -3.528302 8.209536 6.745412
v -3.528302 8.209536 5.463417
v -3.528302 7.808198 5.463417
v 7.270718 6.789090 6.745412
v 7.270718 7.190428 6.745412
v 7.270718 7.190428 5.463417
v 7.270718 6.789090 5.463417
v 6.138231 7.341134 6.745412
v 6.138231 7.341134 5.463417
v 6.138231 7.742472 5.463417
v 6.138231 7.742472 6.745412
v 4.375108 7.717203 6.745412
v 4.375108 7.717203 5.463417
v 4.375108 8.118541 5.463417
v 4.375108 8.118541 6.745412
v 2.463557 7.829321 6.745412
v 2.463557 7.829321 5.463417
v 2.463557 8.230658 5.463417
v 2.463557 8.230658 6.745412
v 6.830116 7.070514 6.745412
v 6.830116 7.471851 6.745412
v 6.830116 7.471851 5.463417
v 6.830116 7.070514 5.463417
v 5.216182 7.600112 6.745412
v 5.216182 8.001449 6.745412
v 5.216182 8.001449 5.463417
v 5.216182 7.600112 5.463417
v 3.370561 7.808198 6.745412
v 3.370561 8.209536 6.745412
v 3.370561 8.209536 5.463417
v 3.370561 7.808198 5.463417
v -2.200962 4.438792 6.195333
v -2.071016 5.574604 6.195333
v -1.755589 4.409573 6.195333
v -1.630806 5.359779 6.195333
v -1.755589 4.409573 5.495656
v -1.630806 5.359779 5.495656
v -2.200962 4.438792 5.495656
v -2.071016 5.574604 5.495656
v -2.230074 5.069270 6.195333
v -2.230074 5.069270 5.495656
v -1.734599 4.848062 5.495656
v -1.734599 4.848062 6.195333
v 3.080176 5.469595 6.195333
v 3.893492 6.156954 6.195333
v 3.401736 5.030362 6.195333
v 4.106327 5.577226 6.195333
v 3.401736 5.030362 5.495656
v 4.106327 5.577226 5.495656
v 3.080176 5.469595 5.495656
v 3.893492 6.156954 5.495656
v 3.472021 5.896519 6.195333
v 3.472021 5.896519 5.495656
v 3.701879 5.365571 5.495656
v 3.701879 5.365571 6.195333
v 2.131854 4.405545 6.195333
v 2.073706 5.547883 6.195333
v 1.685509 4.404555 6.195333
v 1.625832 5.354995 6.195333
v 1.685509 4.404555 5.495656
v 1.625832 5.354995 5.495656
v 2.131854 4.405545 5.495656
v 2.073706 5.547883 5.495656
v 2.200623 5.033238 6.195333
v 2.200623 5.033238 5.495656
v 1.692180 4.843716 5.495656
v 1.692180 4.843716 6.195333
v 2.026467 5.568250 6.195333
v 1.631649 6.641765 6.195333
v 1.600559 5.434732 6.195333
v 1.292341 6.224691 6.195333
v 1.600559 5.434732 5.495656
v 1.292341 6.224691 5.495656
v 2.026467 5.568250 5.495656
v 1.631649 6.641765 5.495656
v 1.905697 6.188042 6.195333
v 1.905697 6.188042 5.495656
v 1.476491 5.856057 5.495656
v 1.476491 5.856057 6.195333
v 1.553464 6.719665 6.195333
v 0.740149 7.407024 6.195333
v 1.231904 6.280432 6.195333
v 0.527313 6.827295 6.195333
v 1.231904 6.280432 5.495656
v 0.527313 6.827295 5.495656
v 1.553464 6.719665 5.495656
v 0.740149 7.407024 5.495656
v 1.161620 7.146588 6.195333
v 1.161620 7.146588 5.495656
v 0.931761 6.615641 5.495656
v 0.931761 6.615641 6.195333
v -2.022167 5.587530 6.195333
v -1.581700 6.642491 6.195333
v -1.602456 5.435695 6.195333
v -1.260666 6.211233 6.195333
v -1.602456 5.435695 5.495656
v -1.260666 6.211233 5.495656
v -2.022167 5.587530 5.495656
v -1.581700 6.642491 5.495656
v -1.874924 6.201264 6.195333
v -1.874924 6.201264 5.495656
v -1.460438 5.851079 5.495656
v -1.460438 5.851079 6.195333
v -1.553483 6.719665 6.195333
v -0.740168 7.407024 6.195333
v -1.231923 6.280432 6.195333
v -0.527333 6.827295 6.195333
v -1.231923 6.280432 5.495656
v -0.527333 6.827295 5.495656
v -1.553483 6.719665 5.495656
v -0.740168 7.407024 5.495656
v -1.161638 7.146588 6.195333
v -1.161638 7.146588 5.495656
v -0.931781 6.615641 5.495656
v -0.931781 6.615641 6.195333
v -0.436571 6.848642 6.195333
v 0.450422 6.848642 6.195333
v -0.643832 7.487432 6.195333
v 0.657684 7.468697 6.195333
v -0.643832 7.487432 5.495657
v 0.657684 7.468697 5.495657
v -0.436571 6.848642 5.495657
v 0.450422 6.848642 5.495657
v 0.180982 6.733856 6.195333
v 0.180982 6.733856 5.495657
v 0.177822 7.602219 5.495657
v 0.177822 7.602219 6.195333
v -0.171565 6.732625 6.195333
v -0.171565 6.732625 5.495657
v -0.171566 7.603449 5.495657
v -0.171566 7.603449 6.195333
v 0.133812 6.851522 5.495657
v 0.131508 7.484552 5.495657
v 0.481324 7.387216 5.495657
v 0.330232 6.935201 5.495657
v -0.123193 6.850625 5.495657
v -0.123194 7.485449 5.495657
v -0.467472 7.400874 5.495657
v -0.316380 6.935201 5.495657
v 0.110008 6.910899 5.551926
v 0.108137 7.425176 5.551926
v 0.392329 7.346099 5.551926
v 0.269581 6.978879 5.551926
v -0.098783 6.910170 5.551926
v -0.098784 7.425904 5.551926
v -0.378477 7.357194 5.551926
v -0.255729 6.978879 5.551926
v -2.609672 4.318180 6.195333
v -3.004490 5.391695 6.195333
v -3.035579 4.184662 6.195333
v -3.343798 4.974622 6.195333
v -3.035579 4.184662 5.495656
v -3.343798 4.974622 5.495656
v -2.609672 4.318180 5.495656
v -3.004490 5.391695 5.495656
v -2.730442 4.937973 6.195333
v -2.730442 4.937973 5.495656
v -3.159648 4.605987 5.495656
v -3.159648 4.605987 6.195333
v -3.082675 5.469595 6.195333
v -3.895990 6.156954 6.195333
v -3.404235 5.030362 6.195333
v -4.108826 5.577226 6.195333
v -3.404235 5.030362 5.495656
v -4.108826 5.577226 5.495656
v -3.082675 5.469595 5.495656
v -3.895990 6.156954 5.495656
v -3.474519 5.896519 6.195333
v -3.474519 5.896519 5.495656
v -3.704378 5.365571 5.495656
v -3.704378 5.365571 6.195333
v -5.072709 5.598573 6.195333
v -4.185716 5.598573 6.195333
v -5.279970 6.237362 6.195333
v -3.978455 6.218627 6.195333
v -5.279970 6.237362 5.495657
v -3.978455 6.218627 5.495657
v -5.072709 5.598573 5.495657
v -4.185716 5.598573 5.495657
v -4.455157 5.483787 6.195333
v -4.455157 5.483787 5.495657
v -4.458317 6.352149 5.495657
v -4.458317 6.352149 6.195333
v -4.807704 5.482556 6.195333
v -4.807704 5.482556 5.495657
v -4.807705 6.353380 5.495657
v -4.807705 6.353380 6.195333
v -4.502327 5.601453 5.495657
v -4.504631 6.234483 5.495657
v -4.154815 6.137147 5.495657
v -4.305907 5.685132 5.495657
v -4.759332 5.600556 5.495657
v -4.759332 6.235380 5.495657
v -5.103611 6.150805 5.495657
v -4.952518 5.685132 5.495657
v -4.526130 5.660830 5.551926
v -4.528001 6.175107 5.551926
v -4.243810 6.096030 5.551926
v -4.366557 5.728810 5.551926
v -4.734922 5.660101 5.551926
v -4.734922 6.175835 5.551926
v -5.014616 6.107125 5.551926
v -4.891868 5.728810 5.551926
v -6.189622 5.469595 6.195333
v -5.376307 6.156954 6.195333
v -5.868062 5.030362 6.195333
v -5.163471 5.577226 6.195333
v -5.868062 5.030362 5.495656
v -5.163471 5.577226 5.495656
v -6.189622 5.469595 5.495656
v -5.376307 6.156954 5.495656
v -5.797777 5.896519 6.195333
v -5.797777 5.896519 5.495656
v -5.567920 5.365571 5.495656
v -5.567920 5.365571 6.195333
v -6.645578 4.317150 6.195333
v -6.254162 5.391276 6.195333
v -6.219320 4.184803 6.195333
v -5.913609 4.975259 6.195333
v -6.219320 4.184803 5.495656
v -5.913609 4.975259 5.495656
v -6.645578 4.317150 5.495656
v -6.254162 5.391276 5.495656
v -6.526755 4.937014 6.195333
v -6.526755 4.937014 5.495656
v -6.096582 4.606287 5.495656
v -6.096582 4.606287 6.195333
v 1.667911 -0.258919 6.887057
v 3.116644 -0.258919 6.887057
v 1.761598 0.879879 6.784083
v 3.022957 0.879879 6.784083
v 1.761598 0.879879 5.397676
v 3.022957 0.879879 5.397676
v 1.667911 -0.258919 5.294702
v 3.116644 -0.258919 5.294702
v 1.761598 0.695620 6.784083
v 3.022957 0.695620 6.784083
v 3.022957 0.695620 5.397676
v 1.761598 0.695620 5.397676
v 1.862804 0.566016 6.672843
v 2.921751 0.566016 6.672843
v 2.921751 0.566016 5.508915
v 1.862804 0.566016 5.508915
v 1.825930 0.084816 6.713373
v 2.958625 0.084816 6.713373
v 2.958625 0.084816 5.468386
v 1.825930 0.084816 5.468386
v 1.667911 -0.053642 6.887057
v 3.116644 -0.053642 6.887057
v 3.116644 -0.053642 5.294702
v 1.667911 -0.053642 5.294702
vt 0.604035 0.813963
vt 0.604035 0.711694
vt 0.620850 0.711694
vt 0.620850 0.813963
vt 0.592208 0.805758
vt 0.592208 0.719900
vt 0.548296 0.808747
vt 0.548296 0.716910
vt 0.535661 0.821559
vt 0.535661 0.704098
vt 0.516928 0.821559
vt 0.516928 0.704098
vt 0.498189 0.813963
vt 0.498189 0.711694
vt 0.515003 0.711694
vt 0.515003 0.813963
vt 0.486362 0.805758
vt 0.486362 0.719900
vt 0.442450 0.808747
vt 0.442450 0.716910
vt 0.429815 0.821559
vt 0.429815 0.704098
vt 0.411082 0.821559
vt 0.411082 0.704098
vt 0.357315 0.381103
vt 0.357315 0.287257
vt 0.451161 0.287257
vt 0.451161 0.381103
vt 0.131503 0.624063
vt 0.131503 0.521794
vt 0.148318 0.521794
vt 0.148318 0.624063
vt 0.119676 0.615858
vt 0.119676 0.529999
vt 0.075764 0.618847
vt 0.075764 0.527010
vt 0.063129 0.631659
vt 0.063129 0.514198
vt 0.044397 0.631659
vt 0.044397 0.514198
vt 0.466591 0.287257
vt 0.466591 0.381103
vt 0.477443 0.294787
vt 0.477443 0.373573
vt 0.517738 0.292043
vt 0.517738 0.376316
vt 0.529333 0.280287
vt 0.529333 0.388073
vt 0.546522 0.280287
vt 0.546522 0.388073
vt 0.930766 0.153734
vt 0.943814 0.122925
vt 0.979714 0.132968
vt 0.959125 0.159560
vt 0.893327 0.212846
vt 0.838721 0.212846
vt 0.838721 0.183990
vt 0.893327 0.183990
vt 0.843848 0.138892
vt 0.836720 0.106202
vt 0.865668 0.105719
vt 0.880986 0.135659
vt 0.835465 0.190236
vt 0.780860 0.190236
vt 0.780860 0.152960
vt 0.835465 0.152960
vt 0.838721 0.152695
vt 0.893327 0.152695
vt 0.780860 0.231741
vt 0.835465 0.231741
vt 0.835465 0.258349
vt 0.780860 0.258349
vt 0.806386 0.101945
vt 0.801189 0.129192
vt 0.838721 0.242619
vt 0.893327 0.242619
vt 0.900097 0.124573
vt 0.900167 0.152311
vt 0.421625 0.013270
vt 0.366867 0.013811
vt 0.361725 0.024743
vt 0.427041 0.023996
vt 0.277227 0.260480
vt 0.305006 0.260964
vt 0.310767 0.250238
vt 0.277114 0.250176
vt 0.310767 0.215718
vt 0.277114 0.215659
vt 0.379952 0.065607
vt 0.408346 0.065119
vt 0.410489 0.048989
vt 0.377840 0.049505
vt 0.382290 0.107395
vt 0.394708 0.107199
vt 0.397486 0.103156
vt 0.310767 0.162033
vt 0.277114 0.161988
vt 0.381722 0.120517
vt 0.390674 0.113068
vt 0.310767 0.091917
vt 0.277114 0.091890
vt 0.410771 0.220801
vt 0.407734 0.179854
vt 0.400566 0.179910
vt 0.401062 0.220801
vt 0.310767 0.001992
vt 0.277114 0.001992
vt 0.422754 0.058516
vt 0.413926 0.043160
vt 0.411332 0.062908
vt 0.374402 0.043792
vt 0.365952 0.059223
vt 0.376960 0.063505
vt 0.417829 0.112201
vt 0.409985 0.086104
vt 0.408352 0.114208
vt 0.370628 0.112740
vt 0.379790 0.114664
vt 0.421937 0.182317
vt 0.408905 0.128179
vt 0.410838 0.177037
vt 0.366197 0.182637
vt 0.377108 0.177308
vt 0.377540 0.167218
vt 0.379102 0.130730
vt 0.431875 0.272242
vt 0.414553 0.224332
vt 0.355784 0.272242
vt 0.373106 0.224332
vt 0.402676 0.224332
vt 0.386711 0.224332
vt 0.390145 0.158977
vt 0.401430 0.146490
vt 0.394823 0.114424
vt 0.389940 0.121610
vt 0.405918 0.097296
vt 0.398186 0.109475
vt 0.400043 0.155639
vt 0.406154 0.143424
vt 0.380160 0.180069
vt 0.390149 0.179991
vt 0.390818 0.165538
vt 0.380513 0.172071
vt 0.388010 0.220801
vt 0.376888 0.220801
vt 0.403874 0.093208
vt 0.407233 0.084067
vt 0.684766 0.080656
vt 0.684766 0.117805
vt 0.718419 0.117810
vt 0.718419 0.080656
vt 0.310767 0.272242
vt 0.277114 0.271162
vt 0.277114 0.331366
vt 0.310767 0.331366
vt 0.277114 0.373139
vt 0.310767 0.373139
vt 0.757754 0.074394
vt 0.757754 0.033170
vt 0.724101 0.033170
vt 0.724101 0.074394
vt 0.757754 0.001992
vt 0.724101 0.001992
vt 0.232097 0.375612
vt 0.232097 0.337475
vt 0.198444 0.337475
vt 0.198444 0.375612
vt 0.757754 0.151803
vt 0.757754 0.113909
vt 0.724101 0.113909
vt 0.724101 0.151803
vt 0.119774 0.404473
vt 0.119774 0.442946
vt 0.153427 0.442946
vt 0.153427 0.404473
vt 0.119774 0.475862
vt 0.153427 0.475862
vt 0.718419 0.159320
vt 0.684766 0.159320
vt 0.232097 0.267487
vt 0.198444 0.267487
vt 0.119774 0.346402
vt 0.153427 0.346402
vt 0.153427 0.268286
vt 0.119774 0.268219
vt 0.127902 0.954692
vt 0.085442 0.928492
vt 0.109290 0.678236
vt 0.121360 0.741197
vt 0.274728 0.988079
vt 0.253079 0.987213
vt 0.254825 0.803447
vt 0.281986 0.788314
vt 0.187624 0.976430
vt 0.158372 0.969029
vt 0.151480 0.785680
vt 0.184491 0.802690
vt 0.424715 0.860017
vt 0.450747 0.895069
vt 0.454374 0.989732
vt 0.430541 0.989732
vt 0.332897 0.673172
vt 0.323498 0.990023
vt 0.296006 0.990025
vt 0.315912 0.747702
vt 0.486913 0.914053
vt 0.519274 0.919348
vt 0.519274 0.989732
vt 0.487830 0.989732
vt 0.404978 0.819048
vt 0.411660 0.989732
vt 0.390151 0.757208
vt 0.397524 0.989732
vt 0.219431 0.982523
vt 0.218913 0.810265
vt 0.050004 0.899357
vt 0.050078 0.677660
vt 0.389862 0.674023
vt 0.428065 0.001992
vt 0.360095 0.002533
vt 0.232097 0.259465
vt 0.204431 0.259465
vt 0.147440 0.260103
vt 0.119774 0.260049
vt 0.591608 0.001992
vt 0.526216 0.002791
vt 0.532030 0.010813
vt 0.585760 0.010175
vt 0.232097 0.249491
vt 0.198444 0.249491
vt 0.526216 0.020787
vt 0.591532 0.020039
vt 0.153427 0.250238
vt 0.119774 0.250176
vt 0.153427 0.215718
vt 0.119774 0.215659
vt 0.232097 0.215011
vt 0.198444 0.215011
vt 0.544444 0.061651
vt 0.572837 0.061163
vt 0.574980 0.045033
vt 0.542331 0.045549
vt 0.546781 0.103438
vt 0.559199 0.103242
vt 0.561978 0.099200
vt 0.153427 0.162033
vt 0.119774 0.161988
vt 0.232097 0.161494
vt 0.198444 0.161494
vt 0.546213 0.116561
vt 0.555166 0.109111
vt 0.153427 0.091917
vt 0.119774 0.091890
vt 0.232097 0.091597
vt 0.198444 0.091597
vt 0.575262 0.216845
vt 0.572225 0.175898
vt 0.565057 0.175954
vt 0.565553 0.216845
vt 0.153427 0.001992
vt 0.119774 0.001992
vt 0.232097 0.001992
vt 0.198444 0.001992
vt 0.587245 0.054560
vt 0.578418 0.039204
vt 0.575823 0.058951
vt 0.538893 0.039836
vt 0.530443 0.055266
vt 0.541451 0.059549
vt 0.582320 0.108245
vt 0.574476 0.082148
vt 0.572843 0.110252
vt 0.535120 0.108784
vt 0.544281 0.110708
vt 0.586428 0.178361
vt 0.573396 0.124223
vt 0.575329 0.173081
vt 0.530688 0.178681
vt 0.541600 0.173352
vt 0.542032 0.163262
vt 0.543594 0.126774
vt 0.596367 0.268285
vt 0.579044 0.220376
vt 0.520275 0.268285
vt 0.537597 0.220376
vt 0.567167 0.220376
vt 0.551202 0.220376
vt 0.554637 0.155020
vt 0.565921 0.142534
vt 0.559314 0.110468
vt 0.554431 0.117654
vt 0.570409 0.093339
vt 0.562677 0.105519
vt 0.564534 0.151683
vt 0.570645 0.139468
vt 0.544651 0.176113
vt 0.554640 0.176035
vt 0.555309 0.161581
vt 0.545004 0.168114
vt 0.552501 0.216845
vt 0.541379 0.216845
vt 0.568365 0.089252
vt 0.571724 0.080110
vt 0.448279 0.013270
vt 0.442864 0.023996
vt 0.508180 0.024743
vt 0.503038 0.013811
vt 0.489952 0.065607
vt 0.492065 0.049505
vt 0.459416 0.048989
vt 0.461559 0.065119
vt 0.487615 0.107395
vt 0.472419 0.103156
vt 0.475197 0.107199
vt 0.488183 0.120517
vt 0.479230 0.113068
vt 0.459134 0.220801
vt 0.468843 0.220801
vt 0.469339 0.179910
vt 0.462171 0.179854
vt 0.447151 0.058516
vt 0.458573 0.062908
vt 0.455978 0.043160
vt 0.495502 0.043792
vt 0.492945 0.063505
vt 0.503953 0.059223
vt 0.452076 0.112201
vt 0.461553 0.114208
vt 0.459920 0.086104
vt 0.490115 0.114664
vt 0.499276 0.112740
vt 0.447968 0.182317
vt 0.459067 0.177037
vt 0.461000 0.128179
vt 0.490802 0.130730
vt 0.492364 0.167218
vt 0.492796 0.177308
vt 0.503708 0.182637
vt 0.438029 0.272242
vt 0.455352 0.224332
vt 0.496799 0.224332
vt 0.514121 0.272242
vt 0.483194 0.224332
vt 0.467229 0.224332
vt 0.479965 0.121610
vt 0.475082 0.114424
vt 0.468475 0.146490
vt 0.479759 0.158977
vt 0.471719 0.109475
vt 0.463987 0.097296
vt 0.469862 0.155639
vt 0.463751 0.143424
vt 0.489745 0.180069
vt 0.489392 0.172071
vt 0.479087 0.165538
vt 0.479756 0.179991
vt 0.481895 0.220801
vt 0.493017 0.220801
vt 0.462672 0.084067
vt 0.466031 0.093208
vt 0.718419 0.043503
vt 0.684766 0.043508
vt 0.192762 0.404473
vt 0.159109 0.404473
vt 0.159109 0.442946
vt 0.192762 0.442946
vt 0.159109 0.475862
vt 0.192762 0.475862
vt 0.718419 0.001992
vt 0.684766 0.001992
vt 0.192762 0.346402
vt 0.159109 0.346402
vt 0.192762 0.268219
vt 0.159109 0.268286
vt 0.910646 0.954692
vt 0.917187 0.741197
vt 0.929258 0.678236
vt 0.953106 0.928492
vt 0.763820 0.988079
vt 0.756562 0.788314
vt 0.783723 0.803447
vt 0.785469 0.987213
vt 0.850924 0.976430
vt 0.854057 0.802690
vt 0.887067 0.785680
vt 0.880176 0.969029
vt 0.613832 0.860017
vt 0.608006 0.989732
vt 0.584174 0.989732
vt 0.587801 0.895069
vt 0.705651 0.673172
vt 0.722636 0.747702
vt 0.742542 0.990025
vt 0.715050 0.990023
vt 0.551635 0.914053
vt 0.550718 0.989732
vt 0.633569 0.819048
vt 0.626888 0.989732
vt 0.648397 0.757208
vt 0.641023 0.989732
vt 0.819634 0.810265
vt 0.819117 0.982523
vt 0.988544 0.899357
vt 0.988469 0.677660
vt 0.648685 0.674023
vt 0.441840 0.001992
vt 0.509810 0.002533
vt 0.192762 0.260049
vt 0.165096 0.260103
vt 0.607279 0.001992
vt 0.613127 0.010175
vt 0.666857 0.010813
vt 0.672671 0.002791
vt 0.607355 0.020039
vt 0.672671 0.020787
vt 0.192762 0.250176
vt 0.159109 0.250238
vt 0.159109 0.215718
vt 0.192762 0.215659
vt 0.654444 0.061651
vt 0.656556 0.045549
vt 0.623907 0.045033
vt 0.626050 0.061163
vt 0.652106 0.103438
vt 0.636910 0.099200
vt 0.639688 0.103242
vt 0.159109 0.162033
vt 0.192762 0.161988
vt 0.652674 0.116561
vt 0.643722 0.109111
vt 0.159109 0.091917
vt 0.192762 0.091890
vt 0.623625 0.216845
vt 0.633334 0.216845
vt 0.633830 0.175954
vt 0.626662 0.175898
vt 0.159109 0.001992
vt 0.192762 0.001992
vt 0.611642 0.054560
vt 0.623064 0.058951
vt 0.620470 0.039204
vt 0.659994 0.039836
vt 0.657436 0.059549
vt 0.668444 0.055266
vt 0.616567 0.108245
vt 0.626044 0.110252
vt 0.624411 0.082148
vt 0.654606 0.110708
vt 0.663767 0.108784
vt 0.612459 0.178361
vt 0.623558 0.173081
vt 0.625491 0.124223
vt 0.655294 0.126774
vt 0.656856 0.163262
vt 0.657288 0.173352
vt 0.668199 0.178681
vt 0.602521 0.268285
vt 0.619843 0.220376
vt 0.661290 0.220376
vt 0.678612 0.268285
vt 0.647685 0.220376
vt 0.631720 0.220376
vt 0.644456 0.117654
vt 0.639573 0.110468
vt 0.632966 0.142534
vt 0.644251 0.155020
vt 0.636210 0.105519
vt 0.628478 0.093339
vt 0.634353 0.151683
vt 0.628242 0.139468
vt 0.654236 0.176113
vt 0.653883 0.168114
vt 0.643578 0.161581
vt 0.644247 0.176035
vt 0.646386 0.216845
vt 0.657508 0.216845
vt 0.627163 0.080110
vt 0.630522 0.089252
vt 0.074758 0.091597
vt 0.074758 0.001992
vt 0.041105 0.001992
vt 0.041105 0.091597
vt 0.074758 0.161494
vt 0.041105 0.161494
vt 0.074758 0.215011
vt 0.041105 0.215011
vt 0.041105 0.249491
vt 0.074758 0.249491
vt 0.068997 0.260423
vt 0.041218 0.259944
vt 0.041105 0.271489
vt 0.074758 0.271701
vt 0.041105 0.479872
vt 0.074758 0.479888
vt 0.114093 0.271489
vt 0.080440 0.271701
vt 0.080440 0.479888
vt 0.114093 0.479872
vt 0.113979 0.259944
vt 0.086200 0.260423
vt 0.114092 0.249491
vt 0.080440 0.249491
vt 0.114092 0.215011
vt 0.080440 0.215011
vt 0.114092 0.161494
vt 0.080440 0.161494
vt 0.114092 0.091597
vt 0.080440 0.091597
vt 0.114093 0.001992
vt 0.080440 0.001992
vt 0.271432 0.091597
vt 0.271432 0.001992
vt 0.237779 0.001992
vt 0.237779 0.091597
vt 0.271432 0.161494
vt 0.237779 0.161494
vt 0.271432 0.215011
vt 0.237779 0.215011
vt 0.237779 0.249491
vt 0.271432 0.249491
vt 0.265445 0.259465
vt 0.237779 0.259465
vt 0.271432 0.267487
vt 0.237779 0.267487
vt 0.237779 0.337475
vt 0.271432 0.337475
vt 0.237779 0.375612
vt 0.271432 0.375612
vt 0.797089 0.120624
vt 0.763436 0.120624
vt 0.763436 0.151803
vt 0.797089 0.151803
vt 0.797089 0.079400
vt 0.763436 0.079400
vt 0.797089 0.039885
vt 0.763436 0.039885
vt 0.797089 0.001992
vt 0.763436 0.001992
vt 0.350102 0.331366
vt 0.316449 0.331366
vt 0.316449 0.373139
vt 0.350102 0.373139
vt 0.316449 0.272242
vt 0.350102 0.271162
vt 0.322209 0.260964
vt 0.349989 0.260480
vt 0.350102 0.250176
vt 0.316449 0.250238
vt 0.316449 0.215718
vt 0.350102 0.215659
vt 0.316449 0.162033
vt 0.350102 0.161988
vt 0.316449 0.091917
vt 0.350102 0.091890
vt 0.316449 0.001992
vt 0.350102 0.001992
vt 0.421625 0.013270
vt 0.427041 0.023996
vt 0.361725 0.024743
vt 0.366867 0.013811
vt 0.277227 0.260480
vt 0.277114 0.250176
vt 0.310767 0.250238
vt 0.305006 0.260964
vt 0.310767 0.215718
vt 0.277114 0.215659
vt 0.379952 0.065607
vt 0.377840 0.049505
vt 0.410489 0.048989
vt 0.408346 0.065119
vt 0.382290 0.107395
vt 0.397486 0.103156
vt 0.394708 0.107199
vt 0.310767 0.162033
vt 0.277114 0.161988
vt 0.381722 0.120517
vt 0.390674 0.113068
vt 0.310767 0.091917
vt 0.277114 0.091890
vt 0.410771 0.220801
vt 0.401062 0.220801
vt 0.400566 0.179910
vt 0.407734 0.179854
vt 0.310767 0.001992
vt 0.277114 0.001992
vt 0.422754 0.058516
vt 0.411332 0.062908
vt 0.413926 0.043160
vt 0.374402 0.043792
vt 0.376960 0.063505
vt 0.365952 0.059223
vt 0.417829 0.112201
vt 0.408352 0.114208
vt 0.409985 0.086104
vt 0.379790 0.114664
vt 0.370628 0.112740
vt 0.421937 0.182317
vt 0.410838 0.177037
vt 0.408905 0.128179
vt 0.379102 0.130730
vt 0.377540 0.167218
vt 0.377108 0.177308
vt 0.366197 0.182637
vt 0.431875 0.272242
vt 0.414553 0.224332
vt 0.373106 0.224332
vt 0.355784 0.272242
vt 0.386711 0.224332
vt 0.402676 0.224332
vt 0.389940 0.121610
vt 0.394823 0.114424
vt 0.401430 0.146490
vt 0.390145 0.158977
vt 0.398186 0.109475
vt 0.405918 0.097296
vt 0.400043 0.155639
vt 0.406154 0.143424
vt 0.380160 0.180069
vt 0.380513 0.172071
vt 0.390818 0.165538
vt 0.390149 0.179991
vt 0.388010 0.220801
vt 0.376888 0.220801
vt 0.407233 0.084067
vt 0.403874 0.093208
vt 0.684766 0.080656
vt 0.718419 0.080656
vt 0.718419 0.117810
vt 0.684766 0.117805
vt 0.310767 0.272242
vt 0.310767 0.331366
vt 0.277114 0.331366
vt 0.277114 0.271162
vt 0.310767 0.373139
vt 0.277114 0.373139
vt 0.757754 0.074394
vt 0.724101 0.074394
vt 0.724101 0.033170
vt 0.757754 0.033170
vt 0.724101 0.001992
vt 0.757754 0.001992
vt 0.232097 0.375612
vt 0.198444 0.375612
vt 0.198444 0.337475
vt 0.232097 0.337475
vt 0.757754 0.151803
vt 0.724101 0.151803
vt 0.724101 0.113909
vt 0.757754 0.113909
vt 0.119774 0.404473
vt 0.153427 0.404473
vt 0.153427 0.442946
vt 0.119774 0.442946
vt 0.153427 0.475862
vt 0.119774 0.475862
vt 0.718419 0.159320
vt 0.684766 0.159320
vt 0.198444 0.267487
vt 0.232097 0.267487
vt 0.119774 0.346402
vt 0.153427 0.346402
vt 0.119774 0.268219
vt 0.153427 0.268286
vt 0.127902 0.954692
vt 0.121360 0.741197
vt 0.109290 0.678236
vt 0.085442 0.928492
vt 0.274728 0.988079
vt 0.281986 0.788314
vt 0.254825 0.803447
vt 0.253079 0.987213
vt 0.187624 0.976430
vt 0.184491 0.802690
vt 0.151480 0.785680
vt 0.158372 0.969029
vt 0.424715 0.860017
vt 0.430541 0.989732
vt 0.454374 0.989732
vt 0.450747 0.895069
vt 0.332897 0.673172
vt 0.315912 0.747702
vt 0.296006 0.990025
vt 0.323498 0.990023
vt 0.486913 0.914053
vt 0.487830 0.989732
vt 0.519274 0.989732
vt 0.519274 0.919348
vt 0.404978 0.819048
vt 0.411660 0.989732
vt 0.390151 0.757208
vt 0.397524 0.989732
vt 0.218913 0.810265
vt 0.219431 0.982523
vt 0.050004 0.899357
vt 0.050078 0.677660
vt 0.389862 0.674023
vt 0.428065 0.001992
vt 0.360095 0.002533
vt 0.204431 0.259465
vt 0.232097 0.259465
vt 0.119774 0.260049
vt 0.147440 0.260103
vt 0.591608 0.001992
vt 0.585760 0.010175
vt 0.532030 0.010813
vt 0.526216 0.002791
vt 0.198444 0.249491
vt 0.232097 0.249491
vt 0.591532 0.020039
vt 0.526216 0.020787
vt 0.119774 0.250176
vt 0.153427 0.250238
vt 0.153427 0.215718
vt 0.119774 0.215659
vt 0.198444 0.215011
vt 0.232097 0.215011
vt 0.544444 0.061651
vt 0.542331 0.045549
vt 0.574980 0.045033
vt 0.572837 0.061163
vt 0.546781 0.103438
vt 0.561978 0.099200
vt 0.559199 0.103242
vt 0.153427 0.162033
vt 0.119774 0.161988
vt 0.198444 0.161494
vt 0.232097 0.161494
vt 0.546213 0.116561
vt 0.555166 0.109111
vt 0.153427 0.091917
vt 0.119774 0.091890
vt 0.198444 0.091597
vt 0.232097 0.091597
vt 0.575262 0.216845
vt 0.565553 0.216845
vt 0.565057 0.175954
vt 0.572225 0.175898
vt 0.153427 0.001992
vt 0.119774 0.001992
vt 0.198444 0.001992
vt 0.232097 0.001992
vt 0.587245 0.054560
vt 0.575823 0.058951
vt 0.578418 0.039204
vt 0.538893 0.039836
vt 0.541451 0.059549
vt 0.530443 0.055266
vt 0.582320 0.108245
vt 0.572843 0.110252
vt 0.574476 0.082148
vt 0.544281 0.110708
vt 0.535120 0.108784
vt 0.586428 0.178361
vt 0.575329 0.173081
vt 0.573396 0.124223
vt 0.543594 0.126774
vt 0.542032 0.163262
vt 0.541600 0.173352
vt 0.530688 0.178681
vt 0.596367 0.268285
vt 0.579044 0.220376
vt 0.537597 0.220376
vt 0.520275 0.268285
vt 0.551202 0.220376
vt 0.567167 0.220376
vt 0.554431 0.117654
vt 0.559314 0.110468
vt 0.565921 0.142534
vt 0.554637 0.155020
vt 0.562677 0.105519
vt 0.570409 0.093339
vt 0.564534 0.151683
vt 0.570645 0.139468
vt 0.544651 0.176113
vt 0.545004 0.168114
vt 0.555309 0.161581
vt 0.554640 0.176035
vt 0.552501 0.216845
vt 0.541379 0.216845
vt 0.571724 0.080110
vt 0.568365 0.089252
vt 0.448279 0.013270
vt 0.503038 0.013811
vt 0.508180 0.024743
vt 0.442864 0.023996
vt 0.489952 0.065607
vt 0.461559 0.065119
vt 0.459416 0.048989
vt 0.492065 0.049505
vt 0.487615 0.107395
vt 0.475197 0.107199
vt 0.472419 0.103156
vt 0.488183 0.120517
vt 0.479230 0.113068
vt 0.459134 0.220801
vt 0.462171 0.179854
vt 0.469339 0.179910
vt 0.468843 0.220801
vt 0.447151 0.058516
vt 0.455978 0.043160
vt 0.458573 0.062908
vt 0.495502 0.043792
vt 0.503953 0.059223
vt 0.492945 0.063505
vt 0.452076 0.112201
vt 0.459920 0.086104
vt 0.461553 0.114208
vt 0.499276 0.112740
vt 0.490115 0.114664
vt 0.447968 0.182317
vt 0.461000 0.128179
vt 0.459067 0.177037
vt 0.503708 0.182637
vt 0.492796 0.177308
vt 0.492364 0.167218
vt 0.490802 0.130730
vt 0.438029 0.272242
vt 0.455352 0.224332
vt 0.514121 0.272242
vt 0.496799 0.224332
vt 0.467229 0.224332
vt 0.483194 0.224332
vt 0.479759 0.158977
vt 0.468475 0.146490
vt 0.475082 0.114424
vt 0.479965 0.121610
vt 0.463987 0.097296
vt 0.471719 0.109475
vt 0.469862 0.155639
vt 0.463751 0.143424
vt 0.489745 0.180069
vt 0.479756 0.179991
vt 0.479087 0.165538
vt 0.489392 0.172071
vt 0.481895 0.220801
vt 0.493017 0.220801
vt 0.466031 0.093208
vt 0.462672 0.084067
vt 0.684766 0.043508
vt 0.718419 0.043503
vt 0.192762 0.404473
vt 0.192762 0.442946
vt 0.159109 0.442946
vt 0.159109 0.404473
vt 0.192762 0.475862
vt 0.159109 0.475862
vt 0.718419 0.001992
vt 0.684766 0.001992
vt 0.192762 0.346402
vt 0.159109 0.346402
vt 0.159109 0.268286
vt 0.192762 0.268219
vt 0.910646 0.954692
vt 0.953106 0.928492
vt 0.929258 0.678236
vt 0.917187 0.741197
vt 0.763820 0.988079
vt 0.785469 0.987213
vt 0.783723 0.803447
vt 0.756562 0.788314
vt 0.850924 0.976430
vt 0.880176 0.969029
vt 0.887067 0.785680
vt 0.854057 0.802690
vt 0.613832 0.860017
vt 0.587801 0.895069
vt 0.584174 0.989732
vt 0.608006 0.989732
vt 0.705651 0.673172
vt 0.715050 0.990023
vt 0.742542 0.990025
vt 0.722636 0.747702
vt 0.551635 0.914053
vt 0.550718 0.989732
vt 0.633569 0.819048
vt 0.626888 0.989732
vt 0.648397 0.757208
vt 0.641023 0.989732
vt 0.819117 0.982523
vt 0.819634 0.810265
vt 0.988544 0.899357
vt 0.988469 0.677660
vt 0.648685 0.674023
vt 0.441840 0.001992
vt 0.509810 0.002533
vt 0.165096 0.260103
vt 0.192762 0.260049
vt 0.607279 0.001992
vt 0.672671 0.002791
vt 0.666857 0.010813
vt 0.613127 0.010175
vt 0.672671 0.020787
vt 0.607355 0.020039
vt 0.159109 0.250238
vt 0.192762 0.250176
vt 0.159109 0.215718
vt 0.192762 0.215659
vt 0.654444 0.061651
vt 0.626050 0.061163
vt 0.623907 0.045033
vt 0.656556 0.045549
vt 0.652106 0.103438
vt 0.639688 0.103242
vt 0.636910 0.099200
vt 0.159109 0.162033
vt 0.192762 0.161988
vt 0.652674 0.116561
vt 0.643722 0.109111
vt 0.159109 0.091917
vt 0.192762 0.091890
vt 0.623625 0.216845
vt 0.626662 0.175898
vt 0.633830 0.175954
vt 0.633334 0.216845
vt 0.159109 0.001992
vt 0.192762 0.001992
vt 0.611642 0.054560
vt 0.620470 0.039204
vt 0.623064 0.058951
vt 0.659994 0.039836
vt 0.668444 0.055266
vt 0.657436 0.059549
vt 0.616567 0.108245
vt 0.624411 0.082148
vt 0.626044 0.110252
vt 0.663767 0.108784
vt 0.654606 0.110708
vt 0.612459 0.178361
vt 0.625491 0.124223
vt 0.623558 0.173081
vt 0.668199 0.178681
vt 0.657288 0.173352
vt 0.656856 0.163262
vt 0.655294 0.126774
vt 0.602521 0.268285
vt 0.619843 0.220376
vt 0.678612 0.268285
vt 0.661290 0.220376
vt 0.631720 0.220376
vt 0.647685 0.220376
vt 0.644251 0.155020
vt 0.632966 0.142534
vt 0.639573 0.110468
vt 0.644456 0.117654
vt 0.628478 0.093339
vt 0.636210 0.105519
vt 0.634353 0.151683
vt 0.628242 0.139468
vt 0.654236 0.176113
vt 0.644247 0.176035
vt 0.643578 0.161581
vt 0.653883 0.168114
vt 0.646386 0.216845
vt 0.657508 0.216845
vt 0.630522 0.089252
vt 0.627163 0.080110
vt 0.074758 0.091597
vt 0.041105 0.091597
vt 0.041105 0.001992
vt 0.074758 0.001992
vt 0.074758 0.161494
vt 0.041105 0.161494
vt 0.074758 0.215011
vt 0.041105 0.215011
vt 0.041105 0.249491
vt 0.074758 0.249491
vt 0.068997 0.260423
vt 0.041218 0.259944
vt 0.041105 0.271489
vt 0.074758 0.271701
vt 0.041105 0.479872
vt 0.074758 0.479888
vt 0.114093 0.271489
vt 0.114093 0.479872
vt 0.080440 0.479888
vt 0.080440 0.271701
vt 0.113979 0.259944
vt 0.086200 0.260423
vt 0.080440 0.249491
vt 0.114092 0.249491
vt 0.114092 0.215011
vt 0.080440 0.215011
vt 0.080440 0.161494
vt 0.114092 0.161494
vt 0.080440 0.091597
vt 0.114092 0.091597
vt 0.080440 0.001992
vt 0.114093 0.001992
vt 0.271432 0.091597
vt 0.237779 0.091597
vt 0.237779 0.001992
vt 0.271432 0.001992
vt 0.271432 0.161494
vt 0.237779 0.161494
vt 0.271432 0.215011
vt 0.237779 0.215011
vt 0.237779 0.249491
vt 0.271432 0.249491
vt 0.265445 0.259465
vt 0.237779 0.259465
vt 0.271432 0.267487
vt 0.237779 0.267487
vt 0.237779 0.337475
vt 0.271432 0.337475
vt 0.237779 0.375612
vt 0.271432 0.375612
vt 0.797089 0.120624
vt 0.797089 0.151803
vt 0.763436 0.151803
vt 0.763436 0.120624
vt 0.797089 0.079400
vt 0.763436 0.079400
vt 0.797089 0.039885
vt 0.763436 0.039885
vt 0.797089 0.001992
vt 0.763436 0.001992
vt 0.350102 0.331366
vt 0.350102 0.373139
vt 0.316449 0.373139
vt 0.316449 0.331366
vt 0.316449 0.272242
vt 0.350102 0.271162
vt 0.322209 0.260964
vt 0.349989 0.260480
vt 0.350102 0.250176
vt 0.316449 0.250238
vt 0.316449 0.215718
vt 0.350102 0.215659
vt 0.316449 0.162033
vt 0.350102 0.161988
vt 0.316449 0.091917
vt 0.350102 0.091890
vt 0.316449 0.001992
vt 0.350102 0.001992
vt 0.835469 0.053499
vt 0.802695 0.049658
vt 0.802284 0.012894
vt 0.833150 0.025039
vt 0.995645 0.071958
vt 0.941789 0.071958
vt 0.941789 0.043498
vt 0.995645 0.043498
vt 0.883398 0.049658
vt 0.850624 0.053499
vt 0.852944 0.025039
vt 0.883809 0.012894
vt 0.938578 0.049658
vt 0.884722 0.049658
vt 0.884722 0.012894
vt 0.938578 0.012894
vt 0.941789 0.012632
vt 0.995645 0.012632
vt 0.884722 0.090593
vt 0.938578 0.090593
vt 0.938578 0.116836
vt 0.884722 0.116836
vt 0.843517 0.082863
vt 0.869760 0.090593
vt 0.941789 0.101322
vt 0.995645 0.101322
vt 0.816333 0.090593
vt 0.842576 0.082863
vt 0.131503 0.624063
vt 0.131503 0.521794
vt 0.148318 0.521794
vt 0.148318 0.624063
vt 0.357315 0.381103
vt 0.357315 0.287257
vt 0.451161 0.287257
vt 0.451161 0.381103
vt 0.466591 0.287257
vt 0.466591 0.381103
vt 0.604035 0.813963
vt 0.604035 0.711694
vt 0.620850 0.711694
vt 0.620850 0.813963
vt 0.498189 0.813963
vt 0.498189 0.711694
vt 0.515003 0.711694
vt 0.515003 0.813963
vt 0.119676 0.615858
vt 0.119676 0.529999
vt 0.592208 0.805758
vt 0.592208 0.719900
vt 0.477443 0.294787
vt 0.477443 0.373573
vt 0.486362 0.805758
vt 0.486362 0.719900
vt 0.075764 0.618847
vt 0.075764 0.527010
vt 0.548296 0.808747
vt 0.548296 0.716910
vt 0.517738 0.292043
vt 0.517738 0.376316
vt 0.442450 0.808747
vt 0.442450 0.716910
vt 0.063129 0.631659
vt 0.063129 0.514198
vt 0.535661 0.821559
vt 0.535661 0.704098
vt 0.529333 0.280287
vt 0.529333 0.388073
vt 0.429815 0.821559
vt 0.429815 0.704098
vt 0.044397 0.631659
vt 0.044397 0.514198
vt 0.516928 0.821559
vt 0.516928 0.704098
vt 0.546522 0.280287
vt 0.546522 0.388073
vt 0.411082 0.821559
vt 0.411082 0.704098
vt 0.131503 0.624063
vt 0.131503 0.521794
vt 0.148318 0.521794
vt 0.148318 0.624063
vt 0.357315 0.381103
vt 0.357315 0.287257
vt 0.451161 0.287257
vt 0.451161 0.381103
vt 0.466591 0.287257
vt 0.466591 0.381103
vt 0.604035 0.813963
vt 0.604035 0.711694
vt 0.620850 0.711694
vt 0.620850 0.813963
vt 0.498189 0.813963
vt 0.498189 0.711694
vt 0.515003 0.711694
vt 0.515003 0.813963
vt 0.119676 0.615858
vt 0.119676 0.529999
vt 0.592208 0.805758
vt 0.592208 0.719900
vt 0.477443 0.294787
vt 0.477443 0.373573
vt 0.486362 0.805758
vt 0.486362 0.719900
vt 0.075764 0.618847
vt 0.075764 0.527010
vt 0.548296 0.808747
vt 0.548296 0.716910
vt 0.517738 0.292043
vt 0.517738 0.376316
vt 0.442450 0.808747
vt 0.442450 0.716910
vt 0.063129 0.631659
vt 0.063129 0.514198
vt 0.535661 0.821559
vt 0.535661 0.704098
vt 0.529333 0.280287
vt 0.529333 0.388073
vt 0.429815 0.821559
vt 0.429815 0.704098
vt 0.044397 0.631659
vt 0.044397 0.514198
vt 0.516928 0.821559
vt 0.516928 0.704098
vt 0.546522 0.280287
vt 0.546522 0.388073
vt 0.411082 0.821559
vt 0.411082 0.704098
vt 0.937374 0.198618
vt 0.943902 0.163474
vt 0.978752 0.164097
vt 0.969364 0.201195
vt 0.946158 0.370702
vt 0.947029 0.316087
vt 0.979052 0.316598
vt 0.978181 0.371213
vt 0.942513 0.250621
vt 0.937108 0.215287
vt 0.969164 0.213731
vt 0.977364 0.251109
vt 0.917237 0.311386
vt 0.918107 0.256771
vt 0.952958 0.257327
vt 0.952087 0.311942
vt 0.990196 0.257921
vt 0.989325 0.312536
vt 0.882362 0.369685
vt 0.883233 0.315070
vt 0.916654 0.315603
vt 0.915783 0.370218
vt 0.878850 0.256145
vt 0.877979 0.310760
vt 0.906857 0.207017
vt 0.903408 0.240391
vt 0.904491 0.172452
vt 0.906875 0.205919
vt 0.728836 0.196544
vt 0.680026 0.196544
vt 0.680026 0.170138
vt 0.728836 0.170138
vt 0.768566 0.200276
vt 0.740266 0.200379
vt 0.744618 0.184740
vt 0.764825 0.191495
vt 0.858652 0.325300
vt 0.802794 0.325300
vt 0.802794 0.308333
vt 0.858652 0.308333
vt 0.802794 0.269285
vt 0.858652 0.269285
vt 0.802794 0.364190
vt 0.858652 0.364190
vt 0.858652 0.404417
vt 0.802794 0.404417
vt 0.858652 0.347501
vt 0.802794 0.347501
vt 0.768606 0.211765
vt 0.740226 0.211765
vt 0.728836 0.215770
vt 0.680026 0.215770
vt 0.744007 0.227156
vt 0.764825 0.220402
vt 0.680026 0.241758
vt 0.728836 0.241758
vt 0.730524 0.196544
vt 0.737871 0.170138
vt 0.742355 0.179843
vt 0.736999 0.199093
vt 0.771992 0.181543
vt 0.767229 0.188157
vt 0.778308 0.196370
vt 0.771833 0.198966
vt 0.730456 0.215770
vt 0.736950 0.213108
vt 0.778376 0.215770
vt 0.771883 0.213108
vt 0.736841 0.241758
vt 0.741604 0.232053
vt 0.771992 0.230353
vt 0.767229 0.223739
vt 0.909521 0.426108
vt 0.943865 0.438650
vt 0.944314 0.458397
vt 0.909969 0.445855
vt 0.325534 0.650322
vt 0.291490 0.651000
vt 0.290287 0.590601
vt 0.324331 0.589923
vt 0.300707 0.492777
vt 0.266928 0.506771
vt 0.266534 0.487023
vt 0.300313 0.473028
vt 0.302554 0.585530
vt 0.268510 0.586208
vt 0.267307 0.525809
vt 0.301351 0.525131
vt 0.880283 0.660222
vt 0.880676 0.679971
vt 0.820277 0.681174
vt 0.819884 0.661425
vt 0.389309 0.583801
vt 0.347924 0.584626
vt 0.346720 0.524227
vt 0.388105 0.523403
vt 0.387092 0.472543
vt 0.345822 0.479129
vt 0.345429 0.459381
vt 0.386699 0.452795
vt 0.412289 0.648594
vt 0.370904 0.649418
vt 0.369700 0.589019
vt 0.411085 0.588195
vt 0.822351 0.409575
vt 0.863864 0.414396
vt 0.864313 0.434143
vt 0.822799 0.429322
vt 0.483366 0.581928
vt 0.438737 0.582817
vt 0.437534 0.522418
vt 0.482163 0.521529
vt 0.481040 0.465153
vt 0.436432 0.467081
vt 0.436038 0.447332
vt 0.480647 0.445404
vt 0.506346 0.646720
vt 0.461717 0.647609
vt 0.460514 0.587210
vt 0.505143 0.586321
vt 0.728173 0.406195
vt 0.772823 0.406220
vt 0.773272 0.425968
vt 0.728622 0.425942
vt 0.607267 0.519037
vt 0.608470 0.579435
vt 0.605729 0.441832
vt 0.606122 0.461581
vt 0.630247 0.583829
vt 0.631450 0.644228
vt 0.603501 0.427705
vt 0.603052 0.407958
vt 0.965858 0.452004
vt 0.966307 0.471752
vt 0.820553 0.695022
vt 0.880952 0.693819
vt 0.245524 0.521051
vt 0.245130 0.501303
vt 0.246830 0.586640
vt 0.245627 0.526241
vt 0.297713 0.440009
vt 0.298162 0.459757
vt 0.264421 0.473846
vt 0.263972 0.454098
vt 0.937378 0.638134
vt 0.936175 0.577735
vt 0.970221 0.577057
vt 0.971424 0.637455
vt 0.912551 0.480588
vt 0.912157 0.460840
vt 0.946468 0.473478
vt 0.946862 0.493226
vt 0.914398 0.573341
vt 0.913195 0.512942
vt 0.947241 0.512264
vt 0.948444 0.572663
vt 0.820653 0.700027
vt 0.881052 0.698824
vt 0.881445 0.718573
vt 0.821046 0.719776
vt 0.827640 0.575069
vt 0.826437 0.514671
vt 0.867824 0.513846
vt 0.869027 0.574245
vt 0.825424 0.463811
vt 0.825031 0.444063
vt 0.866532 0.449000
vt 0.866926 0.468749
vt 0.850620 0.639862
vt 0.849417 0.579463
vt 0.890804 0.578639
vt 0.892007 0.639037
vt 0.384045 0.419534
vt 0.384494 0.439281
vt 0.343240 0.445983
vt 0.342792 0.426236
vt 0.733579 0.576943
vt 0.732376 0.516544
vt 0.777007 0.515655
vt 0.778210 0.576054
vt 0.731253 0.460168
vt 0.730859 0.440420
vt 0.775511 0.440570
vt 0.775904 0.460318
vt 0.756559 0.641736
vt 0.755355 0.581337
vt 0.799986 0.580448
vt 0.801190 0.640847
vt 0.477976 0.411880
vt 0.478425 0.431627
vt 0.433820 0.433681
vt 0.433371 0.413933
vt 0.243056 0.488185
vt 0.242607 0.468438
vt 0.881721 0.732421
vt 0.821322 0.733624
vt 0.968425 0.486894
vt 0.968818 0.506643
vt 0.968922 0.511832
vt 0.970125 0.572231
vt 0.930766 0.153734
vt 0.943814 0.122925
vt 0.979714 0.132968
vt 0.959125 0.159560
vt 0.893327 0.212846
vt 0.838721 0.212846
vt 0.838721 0.183990
vt 0.893327 0.183990
vt 0.843848 0.138892
vt 0.836720 0.106202
vt 0.865668 0.105719
vt 0.880986 0.135659
vt 0.835465 0.190236
vt 0.780860 0.190236
vt 0.780860 0.152960
vt 0.835465 0.152960
vt 0.838721 0.152695
vt 0.893327 0.152695
vt 0.780860 0.231741
vt 0.835465 0.231741
vt 0.835465 0.258349
vt 0.780860 0.258349
vt 0.806386 0.101945
vt 0.801189 0.129192
vt 0.838721 0.242619
vt 0.893327 0.242619
vt 0.900097 0.124573
vt 0.900167 0.152311
vt 0.721106 0.289605
vt 0.685862 0.283637
vt 0.685929 0.248783
vt 0.723172 0.257578
vt 0.672522 0.307880
vt 0.617900 0.307880
vt 0.617900 0.275854
vt 0.672522 0.275854
vt 0.773020 0.283637
vt 0.737776 0.289605
vt 0.735710 0.257578
vt 0.772953 0.248783
vt 0.608647 0.347798
vt 0.554026 0.347798
vt 0.554026 0.312943
vt 0.608647 0.312943
vt 0.554026 0.275700
vt 0.608647 0.275700
vt 0.672522 0.371684
vt 0.617900 0.371684
vt 0.617900 0.338259
vt 0.672522 0.338259
vt 0.554026 0.387061
vt 0.608647 0.387061
vt 0.729990 0.319983
vt 0.763415 0.322900
vt 0.695467 0.322900
vt 0.728892 0.319983
vt 0.835469 0.053499
vt 0.802695 0.049658
vt 0.802284 0.012894
vt 0.833150 0.025039
vt 0.995645 0.071958
vt 0.941789 0.071958
vt 0.941789 0.043498
vt 0.995645 0.043498
vt 0.883398 0.049658
vt 0.850624 0.053499
vt 0.852944 0.025039
vt 0.883809 0.012894
vt 0.938578 0.049658
vt 0.884722 0.049658
vt 0.884722 0.012894
vt 0.938578 0.012894
vt 0.941789 0.012632
vt 0.995645 0.012632
vt 0.884722 0.090593
vt 0.938578 0.090593
vt 0.938578 0.116836
vt 0.884722 0.116836
vt 0.843517 0.082863
vt 0.869760 0.090593
vt 0.941789 0.101322
vt 0.995645 0.101322
vt 0.816333 0.090593
vt 0.842576 0.082863
vt 0.835469 0.053499
vt 0.802695 0.049658
vt 0.802284 0.012894
vt 0.833150 0.025039
vt 0.995645 0.071958
vt 0.941789 0.071958
vt 0.941789 0.043498
vt 0.995645 0.043498
vt 0.883398 0.049658
vt 0.850624 0.053499
vt 0.852944 0.025039
vt 0.883809 0.012894
vt 0.938578 0.049658
vt 0.884722 0.049658
vt 0.884722 0.012894
vt 0.938578 0.012894
vt 0.941789 0.012632
vt 0.995645 0.012632
vt 0.884722 0.090593
vt 0.938578 0.090593
vt 0.938578 0.116836
vt 0.884722 0.116836
vt 0.843517 0.082863
vt 0.869760 0.090593
vt 0.941789 0.101322
vt 0.995645 0.101322
vt 0.816333 0.090593
vt 0.842576 0.082863
vt 0.937374 0.198618
vt 0.943902 0.163474
vt 0.978752 0.164097
vt 0.969364 0.201195
vt 0.946158 0.370702
vt 0.947029 0.316087
vt 0.979052 0.316598
vt 0.978181 0.371213
vt 0.942513 0.250621
vt 0.937108 0.215287
vt 0.969164 0.213731
vt 0.977364 0.251109
vt 0.917237 0.311386
vt 0.918107 0.256771
vt 0.952958 0.257327
vt 0.952087 0.311942
vt 0.990196 0.257921
vt 0.989325 0.312536
vt 0.882362 0.369685
vt 0.883233 0.315070
vt 0.916654 0.315603
vt 0.915783 0.370218
vt 0.878850 0.256145
vt 0.877979 0.310760
vt 0.906857 0.207017
vt 0.903408 0.240391
vt 0.904491 0.172452
vt 0.906875 0.205919
vt 0.930766 0.153734
vt 0.943814 0.122925
vt 0.979714 0.132968
vt 0.959125 0.159560
vt 0.893327 0.212846
vt 0.838721 0.212846
vt 0.838721 0.183990
vt 0.893327 0.183990
vt 0.843848 0.138892
vt 0.836720 0.106202
vt 0.865668 0.105719
vt 0.880986 0.135659
vt 0.835465 0.190236
vt 0.780860 0.190236
vt 0.780860 0.152960
vt 0.835465 0.152960
vt 0.838721 0.152695
vt 0.893327 0.152695
vt 0.780860 0.231741
vt 0.835465 0.231741
vt 0.835465 0.258349
vt 0.780860 0.258349
vt 0.806386 0.101945
vt 0.801189 0.129192
vt 0.838721 0.242619
vt 0.893327 0.242619
vt 0.900097 0.124573
vt 0.900167 0.152311
vt 0.721106 0.289605
vt 0.685862 0.283637
vt 0.685929 0.248783
vt 0.723172 0.257578
vt 0.672522 0.307880
vt 0.617900 0.307880
vt 0.617900 0.275854
vt 0.672522 0.275854
vt 0.773020 0.283637
vt 0.737776 0.289605
vt 0.735710 0.257578
vt 0.772953 0.248783
vt 0.608647 0.347798
vt 0.554026 0.347798
vt 0.554026 0.312943
vt 0.608647 0.312943
vt 0.554026 0.275700
vt 0.608647 0.275700
vt 0.672522 0.371684
vt 0.617900 0.371684
vt 0.617900 0.338259
vt 0.672522 0.338259
vt 0.554026 0.387061
vt 0.608647 0.387061
vt 0.729990 0.319983
vt 0.763415 0.322900
vt 0.695467 0.322900
vt 0.728892 0.319983
vt 0.728836 0.196544
vt 0.680026 0.196544
vt 0.680026 0.170138
vt 0.728836 0.170138
vt 0.768566 0.200276
vt 0.740266 0.200379
vt 0.744618 0.184740
vt 0.764825 0.191495
vt 0.858652 0.325300
vt 0.802794 0.325300
vt 0.802794 0.308333
vt 0.858652 0.308333
vt 0.802794 0.269285
vt 0.858652 0.269285
vt 0.802794 0.364190
vt 0.858652 0.364190
vt 0.858652 0.404417
vt 0.802794 0.404417
vt 0.858652 0.347501
vt 0.802794 0.347501
vt 0.768606 0.211765
vt 0.740226 0.211765
vt 0.728836 0.215770
vt 0.680026 0.215770
vt 0.744007 0.227156
vt 0.764825 0.220402
vt 0.680026 0.241758
vt 0.728836 0.241758
vt 0.730524 0.196544
vt 0.737871 0.170138
vt 0.742355 0.179843
vt 0.736999 0.199093
vt 0.771992 0.181543
vt 0.767229 0.188157
vt 0.778308 0.196370
vt 0.771833 0.198966
vt 0.730456 0.215770
vt 0.736950 0.213108
vt 0.778376 0.215770
vt 0.771883 0.213108
vt 0.736841 0.241758
vt 0.741604 0.232053
vt 0.771992 0.230353
vt 0.767229 0.223739
vt 0.835469 0.053499
vt 0.802695 0.049658
vt 0.802284 0.012894
vt 0.833150 0.025039
vt 0.995645 0.071958
vt 0.941789 0.071958
vt 0.941789 0.043498
vt 0.995645 0.043498
vt 0.883398 0.049658
vt 0.850624 0.053499
vt 0.852944 0.025039
vt 0.883809 0.012894
vt 0.938578 0.049658
vt 0.884722 0.049658
vt 0.884722 0.012894
vt 0.938578 0.012894
vt 0.941789 0.012632
vt 0.995645 0.012632
vt 0.884722 0.090593
vt 0.938578 0.090593
vt 0.938578 0.116836
vt 0.884722 0.116836
vt 0.843517 0.082863
vt 0.869760 0.090593
vt 0.941789 0.101322
vt 0.995645 0.101322
vt 0.816333 0.090593
vt 0.842576 0.082863
vt 0.937374 0.198618
vt 0.943902 0.163474
vt 0.978752 0.164097
vt 0.969364 0.201195
vt 0.946158 0.370702
vt 0.947029 0.316087
vt 0.979052 0.316598
vt 0.978181 0.371213
vt 0.942513 0.250621
vt 0.937108 0.215287
vt 0.969164 0.213731
vt 0.977364 0.251109
vt 0.917237 0.311386
vt 0.918107 0.256771
vt 0.952958 0.257327
vt 0.952087 0.311942
vt 0.990196 0.257921
vt 0.989325 0.312536
vt 0.882362 0.369685
vt 0.883233 0.315070
vt 0.916654 0.315603
vt 0.915783 0.370218
vt 0.878850 0.256145
vt 0.877979 0.310760
vt 0.906857 0.207017
vt 0.903408 0.240391
vt 0.904491 0.172452
vt 0.906875 0.205919
vt 0.728836 0.196544
vt 0.680026 0.196544
vt 0.680026 0.170138
vt 0.728836 0.170138
vt 0.768566 0.200276
vt 0.740266 0.200379
vt 0.744618 0.184740
vt 0.764825 0.191495
vt 0.858652 0.325300
vt 0.802794 0.325300
vt 0.802794 0.308333
vt 0.858652 0.308333
vt 0.802794 0.269285
vt 0.858652 0.269285
vt 0.802794 0.364190
vt 0.858652 0.364190
vt 0.858652 0.404417
vt 0.802794 0.404417
vt 0.858652 0.347501
vt 0.802794 0.347501
vt 0.768606 0.211765
vt 0.740226 0.211765
vt 0.728836 0.215770
vt 0.680026 0.215770
vt 0.744007 0.227156
vt 0.764825 0.220402
vt 0.680026 0.241758
vt 0.728836 0.241758
vt 0.730524 0.196544
vt 0.737871 0.170138
vt 0.742355 0.179843
vt 0.736999 0.199093
vt 0.771992 0.181543
vt 0.767229 0.188157
vt 0.778308 0.196370
vt 0.771833 0.198966
vt 0.730456 0.215770
vt 0.736950 0.213108
vt 0.778376 0.215770
vt 0.771883 0.213108
vt 0.736841 0.241758
vt 0.741604 0.232053
vt 0.771992 0.230353
vt 0.767229 0.223739
vt 0.721106 0.289605
vt 0.685862 0.283637
vt 0.685929 0.248783
vt 0.723172 0.257578
vt 0.672522 0.307880
vt 0.617900 0.307880
vt 0.617900 0.275854
vt 0.672522 0.275854
vt 0.773020 0.283637
vt 0.737776 0.289605
vt 0.735710 0.257578
vt 0.772953 0.248783
vt 0.608647 0.347798
vt 0.554026 0.347798
vt 0.554026 0.312943
vt 0.608647 0.312943
vt 0.554026 0.275700
vt 0.608647 0.275700
vt 0.672522 0.371684
vt 0.617900 0.371684
vt 0.617900 0.338259
vt 0.672522 0.338259
vt 0.554026 0.387061
vt 0.608647 0.387061
vt 0.729990 0.319983
vt 0.763415 0.322900
vt 0.695467 0.322900
vt 0.728892 0.319983
vt 0.930766 0.153734
vt 0.943814 0.122925
vt 0.979714 0.132968
vt 0.959125 0.159560
vt 0.893327 0.212846
vt 0.838721 0.212846
vt 0.838721 0.183990
vt 0.893327 0.183990
vt 0.843848 0.138892
vt 0.836720 0.106202
vt 0.865668 0.105719
vt 0.880986 0.135659
vt 0.835465 0.190236
vt 0.780860 0.190236
vt 0.780860 0.152960
vt 0.835465 0.152960
vt 0.838721 0.152695
vt 0.893327 0.152695
vt 0.780860 0.231741
vt 0.835465 0.231741
vt 0.835465 0.258349
vt 0.780860 0.258349
vt 0.806386 0.101945
vt 0.801189 0.129192
vt 0.838721 0.242619
vt 0.893327 0.242619
vt 0.900097 0.124573
vt 0.900167 0.152311
vt 0.131503 0.624063
vt 0.131503 0.521794
vt 0.148318 0.521794
vt 0.148318 0.624063
vt 0.357315 0.381103
vt 0.357315 0.287257
vt 0.451161 0.287257
vt 0.451161 0.381103
vt 0.466591 0.287257
vt 0.466591 0.381103
vt 0.604035 0.813963
vt 0.604035 0.711694
vt 0.620850 0.711694
vt 0.620850 0.813963
vt 0.498189 0.813963
vt 0.498189 0.711694
vt 0.515003 0.711694
vt 0.515003 0.813963
vt 0.119676 0.615858
vt 0.119676 0.529999
vt 0.592208 0.805758
vt 0.592208 0.719900
vt 0.477443 0.294787
vt 0.477443 0.373573
vt 0.486362 0.805758
vt 0.486362 0.719900
vt 0.075764 0.618847
vt 0.075764 0.527010
vt 0.548296 0.808747
vt 0.548296 0.716910
vt 0.517738 0.292043
vt 0.517738 0.376316
vt 0.442450 0.808747
vt 0.442450 0.716910
vt 0.063129 0.631659
vt 0.063129 0.514198
vt 0.535661 0.821559
vt 0.535661 0.704098
vt 0.529333 0.280287
vt 0.529333 0.388073
vt 0.429815 0.821559
vt 0.429815 0.704098
vt 0.044397 0.631659
vt 0.044397 0.514198
vt 0.516928 0.821559
vt 0.516928 0.704098
vt 0.546522 0.280287
vt 0.546522 0.388073
vt 0.411082 0.821559
vt 0.411082 0.704098
vn 0.000000 -0.248614 0.968603
vn 0.000000 -0.248614 0.968603
vn 0.000000 0.000000 1.000000
vn 0.000000 0.000000 1.000000
vn 0.000000 1.000000 0.000000
vn 0.000000 1.000000 0.000000
vn 0.000000 1.000000 0.000000
vn 0.000000 1.000000 0.000000
vn 0.000000 0.000000 -1.000000
vn 0.000000 0.000000 -1.000000
vn 0.000000 -0.248614 -0.968603
vn 0.000000 -0.248614 -0.968603
vn 0.975839 -0.218491 0.000000
vn 0.975839 -0.218491 0.000000
vn 1.000000 0.000000 0.000000
vn 1.000000 0.000000 0.000000
vn -0.975839 -0.218489 0.000000
vn -0.975839 -0.218489 0.000000
vn -1.000000 0.000000 0.000000
vn -1.000000 0.000000 0.000000
vn 0.000000 -0.651299 0.758821
vn 0.000000 -0.651299 0.758821
vn 0.788161 -0.615470 0.000000
vn 0.788161 -0.615470 0.000000
vn 0.000000 -0.651299 -0.758821
vn 0.000000 -0.651299 -0.758821
vn -0.788165 -0.615465 0.000000
vn -0.788165 -0.615465 0.000000
vn 0.000000 0.083929 0.996472
vn 0.000000 0.083929 0.996472
vn 0.000000 0.083929 0.996472
vn 0.000000 0.083929 0.996472
vn 0.997077 0.076405 0.000000
vn 0.997077 0.076405 0.000000
vn 0.997077 0.076405 0.000000
vn 0.997077 0.076405 0.000000
vn 0.000000 0.083929 -0.996472
vn 0.000000 0.083929 -0.996472
vn 0.000000 0.083929 -0.996472
vn 0.000000 0.083929 -0.996472
vn -0.997077 0.076405 0.000000
vn -0.997077 0.076405 0.000000
vn -0.997077 0.076405 0.000000
vn -0.997077 0.076405 0.000000
vn 0.000000 0.317654 0.948207
vn 0.000000 0.317654 0.948207
vn 0.000000 0.781941 0.623352
vn 0.000000 0.781941 0.623352
vn 0.961084 0.276257 0.000000
vn 0.961084 0.276257 0.000000
vn 0.659022 0.752124 0.000000
vn 0.659022 0.752124 0.000000
vn 0.000000 0.781941 -0.623352
vn 0.000000 0.781941 -0.623352
vn 0.000000 0.317654 -0.948207
vn 0.000000 0.317654 -0.948207
vn -0.961084 0.276256 0.000000
vn -0.961084 0.276256 0.000000
vn -0.659022 0.752124 0.000000
vn -0.659022 0.752124 0.000000
vn 0.000000 0.000000 1.000000
vn 0.000000 0.000000 1.000000
vn 1.000000 0.000000 0.000000
vn 1.000000 0.000000 0.000000
vn 0.000000 0.000000 -1.000000
vn 0.000000 0.000000 -1.000000
vn -1.000000 0.000000 0.000000
vn -1.000000 0.000000 0.000000
vn 0.000000 0.000000 1.000000
vn 0.000001 0.000000 1.000000
vn 0.000001 0.000000 1.000000
vn 0.000001 0.000000 1.000000
vn 0.932676 -0.360716 0.000000
vn 0.895891 -0.444274 0.000000
vn 0.895891 -0.444274 0.000000
vn 0.932676 -0.360716 0.000000
vn 0.000000 0.000000 -1.000000
vn 0.000000 0.000000 -1.000000
vn 0.000000 0.000000 -1.000000
vn 0.000000 0.000000 -1.000000
vn -0.939562 0.342380 0.000000
vn -0.857463 0.514546 0.000000
vn -0.857463 0.514546 0.000000
vn -0.939562 0.342380 0.000000
vn 0.773797 0.633434 0.000000
vn 0.773797 0.633434 0.000000
vn 0.773797 0.633434 0.000000
vn 0.773797 0.633434 0.000000
vn -0.296521 -0.955027 0.000000
vn -0.296521 -0.955027 0.000000
vn -0.296521 -0.955027 0.000000
vn -0.296521 -0.955027 0.000000
vn -0.982119 0.188263 0.000000
vn -0.982119 0.188263 0.000000
vn 0.000000 0.000000 -1.000000
vn 0.000000 0.000000 -1.000000
vn 0.960119 -0.279591 0.000000
vn 0.960119 -0.279591 0.000000
vn 0.000000 0.000000 1.000000
vn 0.000000 0.000000 1.000000
vn -0.005038 0.469599 0.882866
vn -0.005038 0.469599 0.882866
vn -0.005038 0.469599 0.882866
vn -0.005038 0.469599 0.882866
vn 0.886687 0.462322 -0.006703
vn 0.886687 0.462322 -0.006703
vn 0.886687 0.462322 -0.006703
vn 0.886687 0.462322 -0.006703
vn 0.994588 -0.103897 0.000168
vn 0.994592 -0.103863 0.000168
vn 0.992376 -0.123245 0.000217
vn 0.992376 -0.123245 0.000217
vn -0.000000 -0.000000 1.000000
vn -0.000000 -0.000000 1.000000
vn -0.000001 0.000000 1.000000
vn -0.000001 0.000000 1.000000
vn 0.000001 0.000000 1.000000
vn 0.000004 0.000000 1.000000
vn 0.000000 0.000000 1.000000
vn 0.999978 -0.006662 0.000022
vn 0.999979 -0.006536 0.000022
vn 0.000007 0.000000 1.000000
vn 0.000007 0.000000 1.000000
vn 0.996170 0.087433 -0.000054
vn 0.996168 0.087459 -0.000054
vn 0.000004 -0.000001 1.000000
vn 0.000005 0.000000 1.000000
vn 0.000001 -0.000000 1.000000
vn 0.000002 -0.000001 1.000000
vn 0.993946 0.109872 -0.000045
vn 0.993946 0.109872 -0.000045
vn 0.000001 0.000000 1.000000
vn 0.000001 0.000000 1.000000
vn 0.000001 0.000000 1.000000
vn 0.000001 0.000000 1.000000
vn 0.000000 0.000000 1.000000
vn 0.000000 0.000000 1.000000
vn 0.000000 0.000000 1.000000
vn 0.000000 0.000000 1.000000
vn -0.000002 0.000000 1.000000
vn -0.000002 0.000000 1.000000
vn -0.000002 0.000000 1.000000
vn -0.000002 0.000000 1.000000
vn 0.000000 -0.000001 1.000000
vn 0.000000 -0.000001 1.000000
vn 0.000000 -0.000001 1.000000
vn 0.000000 -0.000001 1.000000
vn 0.000000 -0.000001 1.000000
vn -0.000001 0.000000 1.000000
vn -0.000001 0.000000 1.000000
vn -0.000001 0.000000 1.000000
vn -0.000001 0.000000 1.000000
vn 0.000003 0.000000 1.000000
vn 0.000003 0.000000 1.000000
vn 0.000003 0.000000 1.000000
vn 0.000003 0.000000 1.000000
vn 0.000003 0.000000 1.000000
vn 0.000002 0.000000 1.000000
vn 0.000002 0.000000 1.000000
vn 0.000002 0.000000 1.000000
vn 0.000002 0.000000 1.000000
vn 0.000002 0.000000 1.000000
vn 0.000002 0.000000 1.000000
vn -0.000003 0.000000 1.000000
vn -0.000003 0.000000 1.000000
vn -0.000003 0.000000 1.000000
vn -0.000003 0.000000 1.000000
vn 0.000004 0.000000 1.000000
vn 0.000004 0.000000 1.000000
vn 0.000004 0.000000 1.000000
vn 0.000004 0.000000 1.000000
vn 0.000000 0.000000 1.000000
vn 0.000000 0.000000 1.000000
vn 0.000000 0.000000 1.000000
vn 0.000000 0.000000 1.000000
vn 0.000000 0.000000 1.000000
vn 0.000000 0.000000 1.000000
vn 0.000001 0.000000 1.000000
vn 0.000001 0.000000 1.000000
vn 0.000001 0.000000 1.000000
vn 0.000001 0.000000 1.000000
vn 0.000002 0.000000 1.000000
vn 0.000001 0.000000 1.000000
vn 0.000001 0.000000 1.000000
vn 0.000001 0.000000 1.000000
vn 0.000010 0.000000 1.000000
vn 0.000010 0.000000 1.000000
vn 0.000008 0.000000 1.000000
vn 0.000004 0.000002 1.000000
vn 0.000006 0.000001 1.000000
vn -0.000004 0.000000 1.000000
vn -0.000002 -0.000000 1.000000
vn -0.000005 0.000004 1.000000
vn -0.000006 0.000003 1.000000
vn -0.000001 -0.000001 1.000000
vn -0.000003 -0.000001 1.000000
vn 0.000000 -0.000000 1.000000
vn 0.000001 -0.000001 1.000000
vn -0.767805 0.101376 0.632612
vn -0.767805 0.101376 0.632612
vn -0.767805 0.101376 0.632612
vn -0.767805 0.101376 0.632612
vn 0.007811 -0.491106 0.871065
vn 0.007811 -0.491106 0.871065
vn 0.007811 -0.491106 0.871065
vn 0.007811 -0.491106 0.871065
vn 0.765107 0.099778 0.636125
vn 0.765107 0.099778 0.636125
vn 0.765107 0.099778 0.636125
vn 0.765107 0.099778 0.636125
vn -0.506883 0.346215 0.789433
vn -0.520980 0.345060 0.780714
vn -0.532060 0.342528 0.774330
vn -0.508249 0.347147 0.788144
vn -0.570116 0.315693 0.758489
vn -0.610120 0.283559 0.739830
vn 0.747026 0.041535 0.663496
vn 0.797159 -0.003064 0.603762
vn 0.751650 0.037649 0.658487
vn 0.747026 0.041535 0.663496
vn -0.301629 0.360248 0.882747
vn -0.325422 0.359550 0.874543
vn -0.423212 0.354114 0.833963
vn -0.301629 0.360248 0.882747
vn 0.829789 -0.035704 0.556935
vn 0.829789 -0.035704 0.556935
vn -0.659169 0.240736 0.712421
vn -0.659169 0.240736 0.712421
vn -0.749931 0.043784 0.660065
vn -0.749931 0.043784 0.660065
vn -0.749931 0.043784 0.660065
vn -0.749931 0.043784 0.660065
vn -0.807442 -0.061789 0.586702
vn -0.807442 -0.061789 0.586702
vn -0.807442 -0.061789 0.586702
vn -0.807442 -0.061789 0.586702
vn 0.000000 0.799591 0.600546
vn 0.000000 0.799591 0.600546
vn 0.000000 0.799591 0.600546
vn 0.000000 0.799591 0.600546
vn -0.818029 -0.033696 0.574190
vn -0.818029 -0.033696 0.574190
vn -0.818029 -0.033696 0.574190
vn -0.818029 -0.033696 0.574190
vn 0.764980 -0.340464 0.546709
vn 0.710213 -0.373027 0.597033
vn 0.552674 -0.443612 0.705521
vn 0.764980 -0.340464 0.546709
vn 0.448207 -0.486688 0.749830
vn 0.341833 -0.530054 0.776011
vn 0.341833 -0.530054 0.776011
vn 0.399257 -0.507803 0.763367
vn 0.827960 -0.035938 0.559635
vn 0.827960 -0.035938 0.559635
vn 0.827960 -0.035938 0.559635
vn 0.827960 -0.035938 0.559635
vn 0.809682 -0.067117 0.583018
vn 0.809682 -0.067117 0.583018
vn 0.809682 -0.067117 0.583018
vn 0.809682 -0.067117 0.583018
vn 0.000000 0.799591 0.600545
vn 0.000000 0.799591 0.600545
vn 0.000000 0.799591 0.600545
vn 0.000000 0.799591 0.600545
vn 0.000000 0.799591 0.600546
vn 0.000000 0.799591 0.600546
vn 0.000000 0.799591 0.600546
vn 0.000000 0.799591 0.600546
vn 0.133330 -0.991072 -0.000711
vn 0.278640 -0.960395 -0.000325
vn 0.278667 -0.960388 -0.000325
vn 0.133330 -0.991072 -0.000711
vn 0.974070 -0.226217 0.003641
vn 0.974070 -0.226217 0.003641
vn 0.902413 -0.430867 0.001984
vn 0.902413 -0.430867 0.001984
vn 0.623187 -0.782073 0.000000
vn 0.623187 -0.782073 0.000000
vn 0.008800 -0.999961 0.000000
vn -0.273820 -0.961781 0.000000
vn -0.273820 -0.961781 0.000000
vn 0.008800 -0.999961 0.000000
vn -0.598209 -0.801340 0.000000
vn -0.598209 -0.801340 0.000000
vn -0.879719 -0.475495 0.000000
vn -0.879719 -0.475495 0.000000
vn 0.285807 -0.958287 0.000000
vn 0.285807 -0.958287 0.000000
vn 0.924934 -0.380127 0.000000
vn 0.805397 -0.592736 0.000000
vn 0.805397 -0.592736 0.000000
vn 0.924934 -0.380127 0.000000
vn 0.579311 -0.815107 0.000000
vn 0.579311 -0.815107 0.000000
vn -0.963316 -0.268370 0.000000
vn -0.963316 -0.268370 0.000000
vn 0.991984 -0.126360 0.000000
vn 0.991984 -0.126360 0.000000
vn 0.999991 -0.004238 0.000000
vn 0.999991 -0.004238 0.000000
vn 0.000000 0.000000 1.000000
vn 0.000000 0.000000 1.000000
vn 0.000000 0.000000 1.000000
vn 0.000000 0.000000 1.000000
vn 0.000002 0.000000 1.000000
vn 0.000002 0.000000 1.000000
vn 0.000002 0.000000 1.000000
vn 0.000002 0.000000 1.000000
vn 0.000000 0.000000 1.000000
vn 0.000000 0.000000 1.000000
vn 0.000000 0.000000 1.000000
vn 0.000000 0.000000 1.000000
vn 0.000002 -0.000000 1.000000
vn 0.000002 -0.000000 1.000000
vn 0.000002 -0.000000 1.000000
vn 0.000002 -0.000000 1.000000
vn -0.000001 0.000000 1.000000
vn -0.000001 0.000000 1.000000
vn -0.000001 0.000000 1.000000
vn -0.000001 0.000000 1.000000
vn 0.000001 -0.000000 1.000000
vn 0.000001 -0.000000 1.000000
vn 0.000001 -0.000000 1.000000
vn 0.000001 -0.000000 1.000000
vn 0.000000 0.000000 1.000000
vn 0.000000 0.000000 1.000000
vn 0.000000 0.000000 1.000000
vn 0.000000 0.000000 1.000000
vn -0.000001 0.000000 1.000000
vn -0.000001 0.000000 1.000000
vn -0.000001 0.000000 1.000000
vn -0.000001 0.000000 1.000000
vn 0.000000 0.000000 1.000000
vn 0.000000 0.000000 1.000000
vn 0.000000 0.000000 1.000000
vn 0.000000 0.000000 1.000000
vn 0.000000 0.000000 1.000000
vn 0.000000 0.000000 1.000000
vn 0.000000 0.000000 1.000000
vn 0.000000 0.000000 1.000000
vn 0.000000 0.000000 1.000000
vn 0.000000 0.000000 1.000000
vn 0.000000 0.000000 1.000000
vn 0.000000 0.000000 1.000000
vn 0.000001 0.000000 1.000000
vn 0.000001 0.000000 1.000000
vn 0.000001 0.000000 1.000000
vn 0.000001 0.000000 1.000000
vn 0.000000 0.000000 1.000000
vn 0.000000 0.000000 1.000000
vn 0.000000 0.000000 1.000000
vn 0.000000 0.000000 1.000000
vn 0.000000 0.000000 1.000000
vn 0.000000 0.000000 1.000000
vn 0.000000 0.000000 1.000000
vn 0.000000 0.000000 1.000000
vn 0.000000 0.000000 1.000000
vn -0.000002 -0.000000 1.000000
vn -0.000002 -0.000000 1.000000
vn -0.000002 -0.000000 1.000000
vn -0.000002 -0.000000 1.000000
vn 0.004009 -0.454830 0.890570
vn 0.004009 -0.454830 0.890569
vn 0.004009 -0.454830 0.890570
vn 0.004009 -0.454830 0.890569
vn -0.809711 -0.586829 -0.000001
vn -0.809711 -0.586829 -0.000001
vn -0.809711 -0.586829 -0.000001
vn -0.809711 -0.586829 -0.000001
vn 0.813184 -0.582006 0.001140
vn 0.813184 -0.582006 0.001140
vn 0.813184 -0.582006 0.001140
vn 0.813184 -0.582006 0.001140
vn 0.007167 -0.594270 0.804234
vn 0.007167 -0.594270 0.804234
vn 0.007167 -0.594270 0.804234
vn 0.007167 -0.594270 0.804234
vn 0.858270 -0.513089 0.010586
vn 0.858270 -0.513089 0.010586
vn 0.858270 -0.513089 0.010586
vn 0.858270 -0.513089 0.010586
vn -0.863934 0.503605 0.000000
vn -0.863934 0.503605 0.000000
vn -0.863934 0.503605 0.000000
vn -0.863934 0.503605 0.000000
vn -0.006013 0.516760 0.856109
vn -0.006013 0.516760 0.856110
vn -0.006013 0.516760 0.856110
vn -0.006013 0.516760 0.856109
vn 0.863352 0.504600 -0.000966
vn 0.863352 0.504600 -0.000966
vn 0.863352 0.504600 -0.000966
vn 0.863352 0.504600 -0.000966
vn 0.994588 -0.103897 0.000168
vn 0.994592 -0.103863 0.000167
vn 0.992376 -0.123245 0.000217
vn 0.992376 -0.123245 0.000217
vn -0.992570 -0.121677 0.000000
vn -0.994920 -0.100667 0.000000
vn -0.994920 -0.100667 0.000000
vn -0.992570 -0.121677 0.000000
vn -0.000000 -0.000000 1.000000
vn -0.000000 -0.000000 1.000000
vn -0.000001 0.000000 1.000000
vn -0.000001 0.000000 1.000000
vn 0.000001 0.000000 1.000000
vn 0.000004 0.000000 1.000000
vn 0.000000 0.000000 1.000000
vn 0.999978 -0.006663 0.000022
vn 0.999979 -0.006536 0.000022
vn -0.999998 -0.001988 -0.000000
vn -0.999998 -0.001988 0.000000
vn 0.000007 0.000000 1.000000
vn 0.000007 0.000000 1.000000
vn 0.996170 0.087433 -0.000054
vn 0.996168 0.087459 -0.000054
vn -0.995697 0.092670 -0.000000
vn -0.995697 0.092670 -0.000000
vn 0.000004 -0.000001 1.000000
vn 0.000005 0.000000 1.000000
vn 0.000001 -0.000000 1.000000
vn 0.000002 -0.000001 1.000000
vn 0.993946 0.109872 -0.000045
vn 0.993946 0.109872 -0.000045
vn -0.993315 0.115438 -0.000000
vn -0.993315 0.115438 -0.000000
vn 0.000001 0.000000 1.000000
vn 0.000001 0.000000 1.000000
vn 0.000001 0.000000 1.000000
vn 0.000001 0.000000 1.000000
vn 0.000000 0.000000 1.000000
vn 0.000000 0.000000 1.000000
vn 0.000000 0.000000 1.000000
vn 0.000000 0.000000 1.000000
vn -0.000002 0.000000 1.000000
vn -0.000002 0.000000 1.000000
vn -0.000002 0.000000 1.000000
vn -0.000002 0.000000 1.000000
vn 0.000000 -0.000001 1.000000
vn 0.000000 -0.000001 1.000000
vn 0.000000 -0.000001 1.000000
vn 0.000000 -0.000001 1.000000
vn 0.000000 -0.000001 1.000000
vn -0.000001 0.000000 1.000000
vn -0.000001 0.000000 1.000000
vn -0.000001 0.000000 1.000000
vn -0.000001 0.000000 1.000000
vn 0.000003 0.000000 1.000000
vn 0.000003 0.000000 1.000000
vn 0.000003 0.000000 1.000000
vn 0.000003 0.000000 1.000000
vn 0.000003 0.000000 1.000000
vn 0.000002 0.000000 1.000000
vn 0.000002 0.000000 1.000000
vn 0.000002 0.000000 1.000000
vn 0.000002 0.000000 1.000000
vn 0.000002 0.000000 1.000000
vn 0.000002 0.000000 1.000000
vn -0.000003 0.000000 1.000000
vn -0.000003 0.000000 1.000000
vn -0.000003 0.000000 1.000000
vn -0.000003 0.000000 1.000000
vn 0.000004 0.000000 1.000000
vn 0.000004 0.000000 1.000000
vn 0.000004 0.000000 1.000000
vn 0.000004 0.000000 1.000000
vn 0.000000 0.000000 1.000000
vn 0.000000 0.000000 1.000000
vn 0.000000 0.000000 1.000000
vn 0.000000 0.000000 1.000000
vn 0.000000 0.000000 1.000000
vn 0.000000 0.000000 1.000000
vn 0.000001 0.000000 1.000000
vn 0.000001 0.000000 1.000000
vn 0.000001 0.000000 1.000000
vn 0.000001 0.000000 1.000000
vn 0.000002 0.000000 1.000000
vn 0.000001 0.000000 1.000000
vn 0.000001 0.000000 1.000000
vn 0.000001 0.000000 1.000000
vn 0.000010 0.000000 1.000000
vn 0.000010 0.000000 1.000000
vn 0.000008 0.000000 1.000000
vn 0.000004 0.000002 1.000000
vn 0.000006 0.000001 1.000000
vn -0.000004 0.000000 1.000000
vn -0.000002 -0.000000 1.000000
vn -0.000005 0.000004 1.000000
vn -0.000006 0.000003 1.000000
vn -0.000001 -0.000001 1.000000
vn -0.000003 -0.000001 1.000000
vn 0.000000 -0.000000 1.000000
vn 0.000001 -0.000001 1.000000
vn -0.767805 0.101376 0.632612
vn -0.767805 0.101376 0.632612
vn -0.767805 0.101376 0.632612
vn -0.767805 0.101376 0.632612
vn 0.007811 -0.491106 0.871065
vn 0.007811 -0.491106 0.871065
vn 0.007811 -0.491106 0.871065
vn 0.007811 -0.491106 0.871065
vn 0.765107 0.099778 0.636125
vn 0.765107 0.099778 0.636125
vn 0.765107 0.099778 0.636125
vn 0.765107 0.099778 0.636125
vn -0.506883 0.346215 0.789433
vn -0.520980 0.345061 0.780713
vn -0.532060 0.342528 0.774330
vn -0.508249 0.347149 0.788144
vn -0.570117 0.315693 0.758489
vn -0.610120 0.283558 0.739830
vn 0.747026 0.041535 0.663496
vn 0.797155 -0.003063 0.603767
vn 0.751650 0.037649 0.658487
vn 0.747026 0.041535 0.663496
vn -0.301632 0.360248 0.882746
vn -0.325424 0.359550 0.874542
vn -0.423214 0.354114 0.833963
vn -0.301632 0.360248 0.882746
vn 0.829782 -0.035702 0.556945
vn 0.829782 -0.035702 0.556945
vn -0.659169 0.240735 0.712421
vn -0.659169 0.240735 0.712421
vn -0.749931 0.043785 0.660065
vn -0.749931 0.043785 0.660065
vn -0.749931 0.043785 0.660065
vn -0.749931 0.043785 0.660065
vn -0.807445 -0.061789 0.586698
vn -0.807445 -0.061789 0.586698
vn -0.807445 -0.061789 0.586698
vn -0.807445 -0.061789 0.586698
vn 0.000000 0.799591 0.600546
vn 0.000000 0.799591 0.600546
vn 0.000000 0.799591 0.600546
vn 0.000000 0.799591 0.600546
vn -0.818031 -0.033696 0.574187
vn -0.818031 -0.033696 0.574186
vn -0.818031 -0.033696 0.574186
vn -0.818031 -0.033696 0.574186
vn 0.764980 -0.340465 0.546708
vn 0.710213 -0.373027 0.597033
vn 0.552674 -0.443611 0.705522
vn 0.764980 -0.340465 0.546708
vn 0.448206 -0.486687 0.749831
vn 0.341832 -0.530053 0.776012
vn 0.341832 -0.530053 0.776012
vn 0.399256 -0.507802 0.763368
vn 0.827958 -0.035932 0.559637
vn 0.827958 -0.035932 0.559637
vn 0.827958 -0.035932 0.559637
vn 0.827958 -0.035932 0.559637
vn 0.809676 -0.067117 0.583026
vn 0.809676 -0.067117 0.583026
vn 0.809676 -0.067117 0.583026
vn 0.809676 -0.067117 0.583026
vn 0.000000 0.799590 0.600546
vn 0.000000 0.799590 0.600546
vn 0.000000 0.799590 0.600546
vn 0.000000 0.799590 0.600546
vn 0.000000 0.799591 0.600546
vn 0.000000 0.799591 0.600546
vn 0.000000 0.799591 0.600546
vn 0.000000 0.799591 0.600546
vn 0.005037 0.469599 0.882866
vn 0.005037 0.469599 0.882866
vn 0.005037 0.469599 0.882866
vn 0.005037 0.469599 0.882866
vn 0.000000 -0.000000 1.000000
vn 0.000001 0.000000 1.000000
vn 0.000001 0.000000 1.000000
vn 0.000001 -0.000000 1.000000
vn -0.000001 0.000000 1.000000
vn 0.000000 0.000000 1.000000
vn -0.000002 0.000000 1.000000
vn -0.000004 0.000000 1.000000
vn -0.000004 0.000000 1.000000
vn -0.000004 -0.000001 1.000000
vn -0.000002 -0.000001 1.000000
vn -0.000002 -0.000000 1.000000
vn -0.000005 0.000000 1.000000
vn 0.000000 0.000000 1.000000
vn 0.000000 0.000000 1.000000
vn 0.000000 0.000000 1.000000
vn 0.000000 0.000000 1.000000
vn 0.000000 0.000000 1.000000
vn 0.000000 0.000000 1.000000
vn 0.000000 0.000000 1.000000
vn 0.000000 0.000000 1.000000
vn 0.000000 0.000000 1.000000
vn 0.000000 0.000000 1.000000
vn 0.000000 0.000000 1.000000
vn 0.000000 0.000000 1.000000
vn 0.000000 -0.000001 1.000000
vn 0.000000 -0.000001 1.000000
vn 0.000000 -0.000001 1.000000
vn 0.000000 -0.000001 1.000000
vn 0.000000 -0.000001 1.000000
vn 0.000000 0.000000 1.000000
vn 0.000000 0.000000 1.000000
vn 0.000000 0.000000 1.000000
vn 0.000000 0.000000 1.000000
vn -0.000004 0.000000 1.000000
vn -0.000004 0.000000 1.000000
vn -0.000004 0.000000 1.000000
vn -0.000004 0.000000 1.000000
vn -0.000004 0.000000 1.000000
vn 0.000000 0.000000 1.000000
vn 0.000000 0.000000 1.000000
vn 0.000000 0.000000 1.000000
vn 0.000000 0.000000 1.000000
vn 0.000000 0.000000 1.000000
vn 0.000000 0.000000 1.000000
vn 0.000007 0.000000 1.000000
vn 0.000007 0.000000 1.000000
vn 0.000007 0.000000 1.000000
vn 0.000007 0.000000 1.000000
vn -0.000003 0.000000 1.000000
vn -0.000003 0.000000 1.000000
vn -0.000003 0.000000 1.000000
vn -0.000003 0.000000 1.000000
vn 0.000000 0.000000 1.000000
vn 0.000000 0.000000 1.000000
vn 0.000000 0.000000 1.000000
vn 0.000000 0.000000 1.000000
vn 0.000000 0.000000 1.000000
vn 0.000000 0.000000 1.000000
vn -0.000003 0.000000 1.000000
vn -0.000003 0.000000 1.000000
vn -0.000003 0.000000 1.000000
vn -0.000003 0.000000 1.000000
vn -0.000003 0.000000 1.000000
vn -0.000003 0.000000 1.000000
vn -0.000003 0.000000 1.000000
vn -0.000003 0.000000 1.000000
vn -0.000005 0.000000 1.000000
vn -0.000004 0.000000 1.000000
vn -0.000005 0.000000 1.000000
vn -0.000004 0.000002 1.000000
vn -0.000006 0.000001 1.000000
vn 0.000004 0.000000 1.000000
vn 0.000006 0.000003 1.000000
vn 0.000004 0.000004 1.000000
vn 0.000002 -0.000000 1.000000
vn 0.000001 -0.000001 1.000000
vn 0.000003 -0.000001 1.000000
vn 0.000000 -0.000001 1.000000
vn 0.000000 -0.000000 1.000000
vn 0.767799 0.101375 0.632619
vn 0.767799 0.101375 0.632619
vn 0.767799 0.101375 0.632619
vn 0.767799 0.101375 0.632619
vn -0.007811 -0.491106 0.871065
vn -0.007811 -0.491106 0.871065
vn -0.007811 -0.491106 0.871065
vn -0.007811 -0.491106 0.871065
vn -0.765107 0.099776 0.636126
vn -0.765107 0.099776 0.636126
vn -0.765107 0.099776 0.636126
vn -0.765107 0.099776 0.636126
vn 0.506882 0.346215 0.789434
vn 0.508248 0.347151 0.788144
vn 0.532062 0.342525 0.774330
vn 0.520980 0.345061 0.780713
vn 0.610120 0.283557 0.739830
vn 0.570118 0.315690 0.758489
vn -0.747020 0.041535 0.663503
vn -0.747020 0.041535 0.663503
vn -0.751644 0.037649 0.658493
vn -0.797154 -0.003062 0.603769
vn 0.301632 0.360249 0.882745
vn 0.301632 0.360249 0.882745
vn 0.423214 0.354114 0.833962
vn 0.325424 0.359551 0.874541
vn -0.829784 -0.035700 0.556941
vn -0.829784 -0.035700 0.556941
vn 0.659169 0.240734 0.712421
vn 0.659169 0.240734 0.712421
vn 0.749934 0.043787 0.660062
vn 0.749934 0.043787 0.660062
vn 0.749934 0.043787 0.660062
vn 0.749934 0.043787 0.660062
vn 0.807444 -0.061790 0.586700
vn 0.807444 -0.061790 0.586700
vn 0.807444 -0.061790 0.586700
vn 0.807444 -0.061790 0.586700
vn 0.000000 0.799591 0.600546
vn 0.000000 0.799591 0.600546
vn 0.000000 0.799591 0.600546
vn 0.000000 0.799591 0.600546
vn 0.818032 -0.033696 0.574185
vn 0.818032 -0.033696 0.574185
vn 0.818032 -0.033696 0.574185
vn 0.818032 -0.033696 0.574185
vn -0.764982 -0.340465 0.546705
vn -0.764982 -0.340465 0.546705
vn -0.552676 -0.443611 0.705520
vn -0.710215 -0.373028 0.597030
vn -0.448207 -0.486688 0.749830
vn -0.399256 -0.507803 0.763368
vn -0.341830 -0.530054 0.776012
vn -0.341830 -0.530054 0.776012
vn -0.827965 -0.035935 0.559627
vn -0.827965 -0.035935 0.559627
vn -0.827965 -0.035935 0.559627
vn -0.827965 -0.035935 0.559627
vn -0.809678 -0.067117 0.583024
vn -0.809678 -0.067117 0.583024
vn -0.809678 -0.067117 0.583024
vn -0.809678 -0.067117 0.583024
vn 0.000000 0.799591 0.600545
vn 0.000000 0.799591 0.600545
vn 0.000000 0.799591 0.600545
vn 0.000000 0.799591 0.600545
vn 0.000000 0.799591 0.600546
vn 0.000000 0.799590 0.600546
vn 0.000000 0.799591 0.600546
vn 0.000000 0.799590 0.600546
vn -0.133330 -0.991072 -0.000711
vn -0.133330 -0.991072 -0.000711
vn -0.278667 -0.960388 -0.000326
vn -0.278640 -0.960395 -0.000326
vn -0.924934 -0.380127 0.000000
vn -0.924934 -0.380127 0.000000
vn -0.805397 -0.592736 0.000000
vn -0.805397 -0.592736 0.000000
vn -0.579311 -0.815107 -0.000000
vn -0.579311 -0.815107 -0.000000
vn -0.991984 -0.126360 0.000000
vn -0.991984 -0.126360 0.000000
vn -0.999991 -0.004238 0.000000
vn -0.999991 -0.004238 0.000000
vn 0.000000 0.000000 1.000000
vn 0.000000 0.000000 1.000000
vn 0.000000 0.000000 1.000000
vn 0.000000 0.000000 1.000000
vn -0.000002 0.000000 1.000000
vn -0.000002 0.000000 1.000000
vn -0.000002 0.000000 1.000000
vn -0.000002 0.000000 1.000000
vn 0.000000 0.000000 1.000000
vn 0.000000 0.000000 1.000000
vn 0.000000 0.000000 1.000000
vn 0.000000 0.000000 1.000000
vn -0.000001 -0.000000 1.000000
vn -0.000001 -0.000000 1.000000
vn -0.000001 -0.000000 1.000000
vn -0.000001 -0.000000 1.000000
vn 0.000000 0.000000 1.000000
vn 0.000000 0.000000 1.000000
vn 0.000000 0.000000 1.000000
vn 0.000000 0.000000 1.000000
vn -0.000001 -0.000000 1.000000
vn -0.000001 -0.000000 1.000000
vn -0.000001 -0.000000 1.000000
vn -0.000001 -0.000000 1.000000
vn -0.000001 0.000000 1.000000
vn -0.000001 0.000000 1.000000
vn -0.000001 0.000000 1.000000
vn -0.000001 0.000000 1.000000
vn 0.000001 0.000000 1.000000
vn 0.000001 0.000000 1.000000
vn 0.000001 0.000000 1.000000
vn 0.000001 0.000000 1.000000
vn -0.000001 0.000000 1.000000
vn -0.000001 0.000000 1.000000
vn -0.000001 0.000000 1.000000
vn -0.000001 0.000000 1.000000
vn 0.000000 0.000000 1.000000
vn 0.000000 0.000000 1.000000
vn 0.000000 0.000000 1.000000
vn 0.000000 0.000000 1.000000
vn -0.000000 0.000000 1.000000
vn -0.000000 0.000000 1.000000
vn -0.000000 0.000000 1.000000
vn -0.000000 0.000000 1.000000
vn -0.000001 0.000000 1.000000
vn -0.000001 0.000000 1.000000
vn -0.000001 0.000000 1.000000
vn -0.000001 0.000000 1.000000
vn -0.000000 0.000000 1.000000
vn -0.000000 0.000000 1.000000
vn -0.000000 0.000000 1.000000
vn -0.000000 0.000000 1.000000
vn -0.000000 0.000000 1.000000
vn 0.000000 0.000000 1.000000
vn 0.000000 0.000000 1.000000
vn 0.000000 0.000000 1.000000
vn 0.000000 0.000000 1.000000
vn 0.000001 -0.000000 1.000000
vn 0.000001 -0.000000 1.000000
vn 0.000001 -0.000000 1.000000
vn 0.000001 -0.000000 1.000000
vn -0.004010 -0.454829 0.890570
vn -0.004010 -0.454829 0.890570
vn -0.004010 -0.454829 0.890570
vn -0.004010 -0.454829 0.890570
vn -0.813184 -0.582005 0.001140
vn -0.813184 -0.582005 0.001140
vn -0.813184 -0.582005 0.001140
vn -0.813184 -0.582005 0.001140
vn -0.007167 -0.594270 0.804234
vn -0.007167 -0.594270 0.804234
vn -0.007167 -0.594270 0.804234
vn -0.007167 -0.594270 0.804234
vn 0.006013 0.516759 0.856110
vn 0.006013 0.516759 0.856110
vn 0.006013 0.516759 0.856110
vn 0.006013 0.516759 0.856110
vn -0.863355 0.504596 -0.000967
vn -0.863355 0.504596 -0.000967
vn -0.863355 0.504596 -0.000967
vn -0.863355 0.504596 -0.000967
vn -0.994588 -0.103896 0.000167
vn -0.992376 -0.123244 0.000216
vn -0.992376 -0.123244 0.000216
vn -0.994592 -0.103863 0.000167
vn 0.000000 -0.000000 1.000000
vn 0.000001 0.000000 1.000000
vn 0.000001 0.000000 1.000000
vn 0.000001 -0.000000 1.000000
vn -0.000001 0.000000 1.000000
vn 0.000000 0.000000 1.000000
vn -0.000002 0.000000 1.000000
vn -0.999978 -0.006663 0.000021
vn -0.999979 -0.006537 0.000021
vn -0.000004 0.000000 1.000000
vn -0.000004 0.000000 1.000000
vn -0.996170 0.087433 -0.000055
vn -0.996168 0.087458 -0.000055
vn -0.000004 -0.000001 1.000000
vn -0.000002 -0.000001 1.000000
vn -0.000002 -0.000000 1.000000
vn -0.000005 0.000000 1.000000
vn -0.993946 0.109872 -0.000045
vn -0.993946 0.109872 -0.000045
vn 0.000000 0.000000 1.000000
vn 0.000000 0.000000 1.000000
vn 0.000000 0.000000 1.000000
vn 0.000000 0.000000 1.000000
vn 0.000000 0.000000 1.000000
vn 0.000000 0.000000 1.000000
vn 0.000000 0.000000 1.000000
vn 0.000000 0.000000 1.000000
vn 0.000000 0.000000 1.000000
vn 0.000000 0.000000 1.000000
vn 0.000000 0.000000 1.000000
vn 0.000000 0.000000 1.000000
vn 0.000000 -0.000001 1.000000
vn 0.000000 -0.000001 1.000000
vn 0.000000 -0.000001 1.000000
vn 0.000000 -0.000001 1.000000
vn 0.000000 -0.000001 1.000000
vn 0.000000 0.000000 1.000000
vn 0.000000 0.000000 1.000000
vn 0.000000 0.000000 1.000000
vn 0.000000 0.000000 1.000000
vn -0.000004 0.000000 1.000000
vn -0.000004 0.000000 1.000000
vn -0.000004 0.000000 1.000000
vn -0.000004 0.000000 1.000000
vn -0.000004 0.000000 1.000000
vn 0.000000 0.000000 1.000000
vn 0.000000 0.000000 1.000000
vn 0.000000 0.000000 1.000000
vn 0.000000 0.000000 1.000000
vn 0.000000 0.000000 1.000000
vn 0.000000 0.000000 1.000000
vn 0.000007 0.000000 1.000000
vn 0.000007 0.000000 1.000000
vn 0.000007 0.000000 1.000000
vn 0.000007 0.000000 1.000000
vn -0.000003 0.000000 1.000000
vn -0.000003 0.000000 1.000000
vn -0.000003 0.000000 1.000000
vn -0.000003 0.000000 1.000000
vn 0.000000 0.000000 1.000000
vn 0.000000 0.000000 1.000000
vn 0.000000 0.000000 1.000000
vn 0.000000 0.000000 1.000000
vn 0.000000 0.000000 1.000000
vn 0.000000 0.000000 1.000000
vn -0.000003 0.000000 1.000000
vn -0.000003 0.000000 1.000000
vn -0.000003 0.000000 1.000000
vn -0.000003 0.000000 1.000000
vn -0.000003 0.000000 1.000000
vn -0.000003 0.000000 1.000000
vn -0.000003 0.000000 1.000000
vn -0.000003 0.000000 1.000000
vn -0.000005 0.000000 1.000000
vn -0.000004 0.000000 1.000000
vn -0.000005 0.000000 1.000000
vn -0.000004 0.000002 1.000000
vn -0.000006 0.000001 1.000000
vn 0.000004 0.000000 1.000000
vn 0.000006 0.000003 1.000000
vn 0.000004 0.000004 1.000000
vn 0.000002 -0.000000 1.000000
vn 0.000001 -0.000001 1.000000
vn 0.000003 -0.000001 1.000000
vn 0.000000 -0.000001 1.000000
vn 0.000000 -0.000000 1.000000
vn 0.767799 0.101377 0.632619
vn 0.767799 0.101377 0.632619
vn 0.767799 0.101377 0.632619
vn 0.767799 0.101377 0.632619
vn -0.007811 -0.491105 0.871066
vn -0.007811 -0.491105 0.871066
vn -0.007811 -0.491105 0.871066
vn -0.007811 -0.491105 0.871066
vn -0.765107 0.099777 0.636126
vn -0.765107 0.099777 0.636126
vn -0.765107 0.099777 0.636126
vn -0.765107 0.099777 0.636126
vn 0.506883 0.346215 0.789433
vn 0.508249 0.347149 0.788144
vn 0.532063 0.342528 0.774328
vn 0.520981 0.345061 0.780712
vn 0.610122 0.283557 0.739828
vn 0.570120 0.315693 0.758487
vn -0.747021 0.041535 0.663501
vn -0.747021 0.041535 0.663502
vn -0.751645 0.037649 0.658492
vn -0.797155 -0.003063 0.603767
vn 0.301631 0.360248 0.882746
vn 0.301631 0.360248 0.882746
vn 0.423214 0.354114 0.833962
vn 0.325424 0.359550 0.874542
vn -0.829785 -0.035702 0.556939
vn -0.829785 -0.035702 0.556939
vn 0.659171 0.240733 0.712420
vn 0.659171 0.240733 0.712420
vn 0.749934 0.043784 0.660062
vn 0.749934 0.043784 0.660061
vn 0.749934 0.043784 0.660061
vn 0.749934 0.043784 0.660062
vn 0.807443 -0.061790 0.586701
vn 0.807443 -0.061790 0.586701
vn 0.807443 -0.061790 0.586701
vn 0.807443 -0.061790 0.586701
vn 0.000000 0.799590 0.600546
vn 0.000000 0.799590 0.600546
vn 0.000000 0.799590 0.600546
vn 0.000000 0.799590 0.600546
vn 0.818031 -0.033695 0.574187
vn 0.818031 -0.033695 0.574187
vn 0.818031 -0.033695 0.574187
vn 0.818031 -0.033695 0.574187
vn -0.764982 -0.340465 0.546704
vn -0.764982 -0.340465 0.546704
vn -0.552676 -0.443611 0.705520
vn -0.710215 -0.373028 0.597030
vn -0.448207 -0.486688 0.749831
vn -0.399255 -0.507803 0.763368
vn -0.341830 -0.530054 0.776012
vn -0.341830 -0.530054 0.776012
vn -0.827964 -0.035934 0.559628
vn -0.827964 -0.035934 0.559628
vn -0.827964 -0.035934 0.559628
vn -0.827964 -0.035934 0.559628
vn -0.809679 -0.067117 0.583023
vn -0.809679 -0.067117 0.583023
vn -0.809679 -0.067117 0.583023
vn -0.809679 -0.067117 0.583023
vn 0.000000 0.799591 0.600546
vn 0.000000 0.799591 0.600546
vn 0.000000 0.799590 0.600546
vn 0.000000 0.799591 0.600546
vn 0.000000 0.799591 0.600545
vn 0.000000 0.799591 0.600545
vn 0.000000 0.799591 0.600545
vn 0.000000 0.799591 0.600545
vn 0.995697 0.092669 -0.000000
vn 0.993315 0.115437 -0.000000
vn 0.993315 0.115437 -0.000000
vn 0.995697 0.092669 -0.000000
vn 0.999998 -0.001988 0.000000
vn 0.999998 -0.001988 -0.000000
vn 0.994920 -0.100667 0.000000
vn 0.994920 -0.100667 0.000000
vn 0.992570 -0.121677 0.000000
vn 0.992570 -0.121677 0.000000
vn 0.896499 0.442966 -0.008368
vn 0.896499 0.442966 -0.008368
vn 0.896499 0.442966 -0.008368
vn 0.896499 0.442966 -0.008368
vn 0.854268 -0.519832 0.001172
vn 0.854268 -0.519832 0.001172
vn 0.854268 -0.519832 0.001172
vn 0.854268 -0.519832 0.001172
vn 1.000000 -0.000409 -0.000021
vn 1.000000 -0.000409 -0.000021
vn 1.000000 -0.000409 -0.000021
vn 1.000000 -0.000409 -0.000021
vn -1.000000 -0.000409 -0.000021
vn -1.000000 -0.000409 -0.000021
vn -1.000000 -0.000409 -0.000021
vn -1.000000 -0.000409 -0.000021
vn -0.854269 -0.519830 0.001172
vn -0.854269 -0.519830 0.001172
vn -0.854269 -0.519830 0.001172
vn -0.854269 -0.519830 0.001172
vn -0.896501 0.442963 -0.008368
vn -0.896501 0.442962 -0.008368
vn -0.896501 0.442962 -0.008368
vn -0.896501 0.442962 -0.008368
vn -0.994920 -0.100667 0.000000
vn -0.994920 -0.100667 0.000000
vn -0.992570 -0.121677 0.000000
vn -0.992570 -0.121677 0.000000
vn -0.999998 -0.001988 -0.000000
vn -0.999998 -0.001988 0.000000
vn -0.995697 0.092670 -0.000000
vn -0.995697 0.092670 -0.000000
vn -0.993315 0.115438 -0.000000
vn -0.993315 0.115438 -0.000000
vn 0.995697 0.092669 -0.000000
vn 0.993315 0.115437 -0.000000
vn 0.993315 0.115437 -0.000000
vn 0.995697 0.092670 -0.000000
vn 0.999998 -0.001988 0.000000
vn 0.999998 -0.001988 -0.000000
vn 0.994920 -0.100667 0.000000
vn 0.994920 -0.100667 0.000000
vn 0.992570 -0.121677 0.000000
vn 0.992570 -0.121677 0.000000
vn 0.863935 0.503604 0.000000
vn 0.863935 0.503604 0.000000
vn 0.863935 0.503604 0.000000
vn 0.863935 0.503604 0.000000
vn 0.809711 -0.586828 -0.000001
vn 0.809711 -0.586828 -0.000001
vn 0.809711 -0.586828 -0.000001
vn 0.809711 -0.586828 -0.000001
vn 0.879719 -0.475495 0.000000
vn 0.879719 -0.475495 0.000000
vn 0.963316 -0.268370 0.000000
vn 0.963316 -0.268370 0.000000
vn 0.598208 -0.801341 0.000000
vn 0.598208 -0.801341 0.000000
vn 0.273820 -0.961781 0.000000
vn 0.273820 -0.961781 0.000000
vn -0.008800 -0.999961 0.000000
vn -0.008800 -0.999961 0.000000
vn -0.285807 -0.958287 0.000000
vn -0.285807 -0.958287 0.000000
vn -0.623187 -0.782073 0.000000
vn -0.623187 -0.782073 0.000000
vn -0.902414 -0.430866 0.001984
vn -0.902414 -0.430866 0.001984
vn -0.974070 -0.226217 0.003641
vn -0.974070 -0.226217 0.003641
vn -0.858270 -0.513090 0.010586
vn -0.858270 -0.513090 0.010586
vn -0.858270 -0.513090 0.010586
vn -0.858270 -0.513090 0.010586
vn -0.886688 0.462319 -0.006702
vn -0.886688 0.462319 -0.006702
vn -0.886688 0.462319 -0.006702
vn -0.886688 0.462319 -0.006702
vn -0.994588 -0.103896 0.000167
vn -0.992376 -0.123244 0.000216
vn -0.992376 -0.123244 0.000216
vn -0.994592 -0.103862 0.000167
vn -0.999978 -0.006663 0.000021
vn -0.999979 -0.006536 0.000021
vn -0.996170 0.087433 -0.000055
vn -0.996168 0.087458 -0.000055
vn -0.993946 0.109872 -0.000045
vn -0.993946 0.109872 -0.000045
vn -0.005038 0.469598 -0.882866
vn -0.005038 0.469598 -0.882866
vn -0.005038 0.469598 -0.882866
vn -0.005038 0.469598 -0.882866
vn 0.886688 0.462319 0.006703
vn 0.886688 0.462319 0.006703
vn 0.886688 0.462319 0.006703
vn 0.886688 0.462319 0.006703
vn 0.994588 -0.103897 -0.000168
vn 0.992376 -0.123245 -0.000217
vn 0.992376 -0.123245 -0.000217
vn 0.994592 -0.103863 -0.000168
vn -0.000001 -0.000000 -1.000000
vn -0.000001 0.000000 -1.000000
vn -0.000001 0.000000 -1.000000
vn -0.000001 -0.000000 -1.000000
vn -0.000001 0.000000 -1.000000
vn -0.000002 0.000000 -1.000000
vn 0.000003 0.000000 -1.000000
vn 0.999978 -0.006662 -0.000022
vn 0.999979 -0.006536 -0.000022
vn 0.000004 0.000000 -1.000000
vn 0.000004 0.000000 -1.000000
vn 0.996170 0.087433 0.000054
vn 0.996168 0.087459 0.000054
vn 0.000004 -0.000001 -1.000000
vn 0.000002 -0.000001 -1.000000
vn 0.000002 -0.000000 -1.000000
vn 0.000005 0.000000 -1.000000
vn 0.993946 0.109872 0.000045
vn 0.993946 0.109872 0.000045
vn 0.000000 0.000000 -1.000000
vn 0.000000 0.000000 -1.000000
vn 0.000000 0.000000 -1.000000
vn 0.000000 0.000000 -1.000000
vn -0.000001 0.000000 -1.000000
vn -0.000001 0.000000 -1.000000
vn -0.000001 0.000000 -1.000000
vn -0.000001 0.000000 -1.000000
vn 0.000000 0.000000 -1.000000
vn 0.000000 0.000000 -1.000000
vn 0.000000 0.000000 -1.000000
vn 0.000000 0.000000 -1.000000
vn 0.000000 -0.000001 -1.000000
vn 0.000000 -0.000001 -1.000000
vn 0.000000 -0.000001 -1.000000
vn 0.000000 -0.000001 -1.000000
vn 0.000000 -0.000001 -1.000000
vn 0.000005 0.000000 -1.000000
vn 0.000005 0.000000 -1.000000
vn 0.000005 0.000000 -1.000000
vn 0.000005 0.000000 -1.000000
vn 0.000000 0.000000 -1.000000
vn 0.000000 0.000000 -1.000000
vn 0.000000 0.000000 -1.000000
vn 0.000000 0.000000 -1.000000
vn 0.000000 0.000000 -1.000000
vn 0.000000 0.000000 -1.000000
vn 0.000000 0.000000 -1.000000
vn 0.000000 0.000000 -1.000000
vn 0.000000 0.000000 -1.000000
vn 0.000000 0.000000 -1.000000
vn 0.000000 0.000000 -1.000000
vn 0.000003 0.000000 -1.000000
vn 0.000003 0.000000 -1.000000
vn 0.000003 0.000000 -1.000000
vn 0.000003 0.000000 -1.000000
vn -0.000003 0.000000 -1.000000
vn -0.000003 0.000000 -1.000000
vn -0.000003 0.000000 -1.000000
vn -0.000003 0.000000 -1.000000
vn 0.000000 0.000000 -1.000000
vn 0.000000 0.000000 -1.000000
vn 0.000000 0.000000 -1.000000
vn 0.000000 0.000000 -1.000000
vn 0.000000 0.000000 -1.000000
vn 0.000000 0.000000 -1.000000
vn -0.000000 0.000000 -1.000000
vn -0.000000 0.000000 -1.000000
vn -0.000000 0.000000 -1.000000
vn -0.000000 0.000000 -1.000000
vn -0.000000 0.000000 -1.000000
vn -0.000000 0.000000 -1.000000
vn -0.000000 0.000000 -1.000000
vn -0.000000 0.000000 -1.000000
vn 0.000003 0.000000 -1.000000
vn 0.000002 0.000000 -1.000000
vn 0.000003 0.000000 -1.000000
vn 0.000005 0.000002 -1.000000
vn 0.000006 0.000001 -1.000000
vn -0.000003 0.000000 -1.000000
vn -0.000005 0.000003 -1.000000
vn -0.000001 0.000004 -1.000000
vn -0.000002 -0.000000 -1.000000
vn -0.000001 -0.000001 -1.000000
vn -0.000003 -0.000001 -1.000000
vn 0.000000 -0.000001 -1.000000
vn -0.000002 -0.000000 -1.000000
vn -0.767799 0.101377 -0.632619
vn -0.767799 0.101377 -0.632619
vn -0.767799 0.101377 -0.632619
vn -0.767799 0.101377 -0.632619
vn 0.007811 -0.491106 -0.871065
vn 0.007811 -0.491106 -0.871065
vn 0.007811 -0.491106 -0.871065
vn 0.007811 -0.491106 -0.871065
vn 0.765108 0.099778 -0.636125
vn 0.765108 0.099778 -0.636125
vn 0.765108 0.099778 -0.636125
vn 0.765108 0.099778 -0.636125
vn -0.506878 0.346216 -0.789436
vn -0.508247 0.347148 -0.788145
vn -0.532054 0.342530 -0.774333
vn -0.520977 0.345060 -0.780716
vn -0.610114 0.283561 -0.739834
vn -0.570110 0.315695 -0.758493
vn 0.747030 0.041535 -0.663492
vn 0.747030 0.041535 -0.663492
vn 0.751654 0.037649 -0.658483
vn 0.797159 -0.003063 -0.603762
vn -0.301636 0.360247 -0.882744
vn -0.301636 0.360247 -0.882744
vn -0.423212 0.354114 -0.833963
vn -0.325427 0.359549 -0.874541
vn 0.829787 -0.035704 -0.556937
vn 0.829787 -0.035704 -0.556937
vn -0.659163 0.240737 -0.712425
vn -0.659163 0.240737 -0.712425
vn -0.749930 0.043785 -0.660066
vn -0.749930 0.043785 -0.660066
vn -0.749930 0.043785 -0.660066
vn -0.749930 0.043785 -0.660066
vn -0.807443 -0.061789 -0.586701
vn -0.807443 -0.061789 -0.586701
vn -0.807443 -0.061789 -0.586701
vn -0.807443 -0.061789 -0.586701
vn 0.000000 0.799591 -0.600545
vn 0.000000 0.799591 -0.600545
vn 0.000000 0.799591 -0.600545
vn 0.000000 0.799591 -0.600545
vn -0.818026 -0.033696 -0.574193
vn -0.818026 -0.033696 -0.574193
vn -0.818026 -0.033696 -0.574193
vn -0.818026 -0.033696 -0.574193
vn 0.764977 -0.340466 -0.546712
vn 0.764977 -0.340466 -0.546712
vn 0.552678 -0.443611 -0.705519
vn 0.710211 -0.373028 -0.597034
vn 0.448210 -0.486688 -0.749829
vn 0.399257 -0.507804 -0.763367
vn 0.341831 -0.530055 -0.776012
vn 0.341831 -0.530055 -0.776012
vn 0.827960 -0.035938 -0.559635
vn 0.827960 -0.035938 -0.559635
vn 0.827960 -0.035938 -0.559635
vn 0.827960 -0.035938 -0.559635
vn 0.809685 -0.067116 -0.583015
vn 0.809685 -0.067116 -0.583015
vn 0.809685 -0.067116 -0.583015
vn 0.809684 -0.067116 -0.583015
vn 0.000000 0.799591 -0.600545
vn 0.000000 0.799591 -0.600545
vn 0.000000 0.799591 -0.600545
vn 0.000000 0.799591 -0.600545
vn 0.000000 0.799591 -0.600545
vn 0.000000 0.799591 -0.600545
vn 0.000000 0.799591 -0.600545
vn 0.000000 0.799591 -0.600545
vn 0.133329 -0.991072 0.000711
vn 0.133329 -0.991072 0.000711
vn 0.278667 -0.960388 0.000325
vn 0.278640 -0.960395 0.000325
vn 0.974070 -0.226218 -0.003641
vn 0.902413 -0.430867 -0.001984
vn 0.902413 -0.430867 -0.001984
vn 0.974070 -0.226218 -0.003641
vn 0.623187 -0.782073 0.000000
vn 0.623187 -0.782073 0.000000
vn 0.008800 -0.999961 0.000000
vn 0.008800 -0.999961 0.000000
vn -0.273821 -0.961781 0.000000
vn -0.273821 -0.961781 0.000000
vn -0.598209 -0.801340 0.000000
vn -0.598209 -0.801341 0.000000
vn -0.879719 -0.475495 0.000000
vn -0.879719 -0.475495 0.000000
vn 0.285807 -0.958287 0.000000
vn 0.285807 -0.958287 0.000000
vn 0.924934 -0.380127 0.000000
vn 0.924934 -0.380127 0.000000
vn 0.805397 -0.592736 0.000000
vn 0.805397 -0.592736 0.000000
vn 0.579311 -0.815106 0.000000
vn 0.579311 -0.815107 0.000000
vn -0.963316 -0.268370 0.000000
vn -0.963316 -0.268370 0.000000
vn 0.991984 -0.126360 -0.000000
vn 0.991984 -0.126360 -0.000000
vn 0.999991 -0.004238 -0.000000
vn 0.999991 -0.004238 -0.000000
vn 0.000000 0.000000 -1.000000
vn 0.000000 0.000000 -1.000000
vn 0.000000 0.000000 -1.000000
vn 0.000000 0.000000 -1.000000
vn 0.000001 0.000000 -1.000000
vn 0.000001 0.000000 -1.000000
vn 0.000001 0.000000 -1.000000
vn 0.000001 0.000000 -1.000000
vn 0.000000 0.000000 -1.000000
vn 0.000000 0.000000 -1.000000
vn 0.000000 0.000000 -1.000000
vn 0.000000 0.000000 -1.000000
vn 0.000001 -0.000000 -1.000000
vn 0.000001 -0.000000 -1.000000
vn 0.000001 -0.000000 -1.000000
vn 0.000001 -0.000000 -1.000000
vn 0.000002 0.000000 -1.000000
vn 0.000002 0.000000 -1.000000
vn 0.000002 0.000000 -1.000000
vn 0.000002 0.000000 -1.000000
vn 0.000001 -0.000000 -1.000000
vn 0.000001 -0.000000 -1.000000
vn 0.000001 -0.000000 -1.000000
vn 0.000001 -0.000000 -1.000000
vn -0.000001 0.000000 -1.000000
vn -0.000001 0.000000 -1.000000
vn -0.000001 0.000000 -1.000000
vn -0.000001 0.000000 -1.000000
vn -0.000001 0.000000 -1.000000
vn -0.000001 0.000000 -1.000000
vn -0.000001 0.000000 -1.000000
vn -0.000001 0.000000 -1.000000
vn -0.000001 0.000000 -1.000000
vn -0.000001 0.000000 -1.000000
vn -0.000001 0.000000 -1.000000
vn -0.000001 0.000000 -1.000000
vn 0.000000 0.000000 -1.000000
vn 0.000000 0.000000 -1.000000
vn 0.000000 0.000000 -1.000000
vn 0.000000 0.000000 -1.000000
vn 0.000000 0.000000 -1.000000
vn 0.000000 0.000000 -1.000000
vn 0.000000 0.000000 -1.000000
vn 0.000000 0.000000 -1.000000
vn -0.000000 0.000000 -1.000000
vn -0.000000 0.000000 -1.000000
vn -0.000000 0.000000 -1.000000
vn -0.000000 0.000000 -1.000000
vn -0.000000 0.000000 -1.000000
vn -0.000000 0.000000 -1.000000
vn -0.000000 0.000000 -1.000000
vn -0.000000 0.000000 -1.000000
vn -0.000000 0.000000 -1.000000
vn -0.000001 0.000000 -1.000000
vn -0.000001 0.000000 -1.000000
vn -0.000001 0.000000 -1.000000
vn -0.000001 0.000000 -1.000000
vn -0.000002 -0.000000 -1.000000
vn -0.000002 -0.000000 -1.000000
vn -0.000002 -0.000000 -1.000000
vn -0.000002 -0.000000 -1.000000
vn 0.004009 -0.454830 -0.890569
vn 0.004009 -0.454830 -0.890569
vn 0.004009 -0.454830 -0.890569
vn 0.004009 -0.454830 -0.890569
vn -0.809710 -0.586830 0.000001
vn -0.809710 -0.586830 0.000001
vn -0.809710 -0.586830 0.000001
vn -0.809710 -0.586830 0.000001
vn 0.813183 -0.582006 -0.001140
vn 0.813183 -0.582006 -0.001140
vn 0.813183 -0.582006 -0.001140
vn 0.813183 -0.582006 -0.001140
vn 0.007166 -0.594270 -0.804234
vn 0.007166 -0.594270 -0.804234
vn 0.007166 -0.594270 -0.804234
vn 0.007166 -0.594270 -0.804234
vn 0.858270 -0.513090 -0.010586
vn 0.858270 -0.513090 -0.010586
vn 0.858270 -0.513090 -0.010586
vn 0.858270 -0.513090 -0.010586
vn -0.863934 0.503606 -0.000000
vn -0.863933 0.503606 -0.000000
vn -0.863933 0.503606 -0.000000
vn -0.863933 0.503606 -0.000000
vn -0.006013 0.516759 -0.856110
vn -0.006013 0.516759 -0.856110
vn -0.006013 0.516759 -0.856110
vn -0.006013 0.516759 -0.856110
vn 0.863353 0.504600 0.000966
vn 0.863353 0.504600 0.000966
vn 0.863353 0.504600 0.000966
vn 0.863353 0.504600 0.000966
vn 0.994588 -0.103897 -0.000168
vn 0.992376 -0.123245 -0.000217
vn 0.992376 -0.123245 -0.000217
vn 0.994592 -0.103863 -0.000167
vn -0.992570 -0.121677 0.000000
vn -0.992570 -0.121677 0.000000
vn -0.994920 -0.100667 -0.000000
vn -0.994920 -0.100667 -0.000000
vn -0.000001 -0.000000 -1.000000
vn -0.000001 0.000000 -1.000000
vn -0.000001 0.000000 -1.000000
vn -0.000001 -0.000000 -1.000000
vn -0.000001 0.000000 -1.000000
vn -0.000002 0.000000 -1.000000
vn 0.000003 0.000000 -1.000000
vn 0.999978 -0.006663 -0.000022
vn 0.999979 -0.006536 -0.000022
vn -0.999998 -0.001988 -0.000000
vn -0.999998 -0.001988 0.000000
vn 0.000004 0.000000 -1.000000
vn 0.000004 0.000000 -1.000000
vn 0.996170 0.087433 0.000054
vn 0.996168 0.087459 0.000054
vn -0.995697 0.092670 0.000000
vn -0.995697 0.092670 0.000000
vn 0.000004 -0.000001 -1.000000
vn 0.000002 -0.000001 -1.000000
vn 0.000002 -0.000000 -1.000000
vn 0.000005 0.000000 -1.000000
vn 0.993946 0.109872 0.000045
vn 0.993946 0.109872 0.000045
vn -0.993315 0.115438 0.000000
vn -0.993315 0.115438 0.000000
vn 0.000000 0.000000 -1.000000
vn 0.000000 0.000000 -1.000000
vn 0.000000 0.000000 -1.000000
vn 0.000000 0.000000 -1.000000
vn -0.000001 0.000000 -1.000000
vn -0.000001 0.000000 -1.000000
vn -0.000001 0.000000 -1.000000
vn -0.000001 0.000000 -1.000000
vn 0.000000 0.000000 -1.000000
vn 0.000000 0.000000 -1.000000
vn 0.000000 0.000000 -1.000000
vn 0.000000 0.000000 -1.000000
vn 0.000000 -0.000001 -1.000000
vn 0.000000 -0.000001 -1.000000
vn 0.000000 -0.000001 -1.000000
vn 0.000000 -0.000001 -1.000000
vn 0.000000 -0.000001 -1.000000
vn 0.000005 0.000000 -1.000000
vn 0.000005 0.000000 -1.000000
vn 0.000005 0.000000 -1.000000
vn 0.000005 0.000000 -1.000000
vn 0.000000 0.000000 -1.000000
vn 0.000000 0.000000 -1.000000
vn 0.000000 0.000000 -1.000000
vn 0.000000 0.000000 -1.000000
vn 0.000000 0.000000 -1.000000
vn 0.000000 0.000000 -1.000000
vn 0.000000 0.000000 -1.000000
vn 0.000000 0.000000 -1.000000
vn 0.000000 0.000000 -1.000000
vn 0.000000 0.000000 -1.000000
vn 0.000000 0.000000 -1.000000
vn 0.000003 0.000000 -1.000000
vn 0.000003 0.000000 -1.000000
vn 0.000003 0.000000 -1.000000
vn 0.000003 0.000000 -1.000000
vn -0.000003 0.000000 -1.000000
vn -0.000003 0.000000 -1.000000
vn -0.000003 0.000000 -1.000000
vn -0.000003 0.000000 -1.000000
vn 0.000000 0.000000 -1.000000
vn 0.000000 0.000000 -1.000000
vn 0.000000 0.000000 -1.000000
vn 0.000000 0.000000 -1.000000
vn 0.000000 0.000000 -1.000000
vn 0.000000 0.000000 -1.000000
vn -0.000000 0.000000 -1.000000
vn -0.000000 0.000000 -1.000000
vn -0.000000 0.000000 -1.000000
vn -0.000000 0.000000 -1.000000
vn -0.000000 0.000000 -1.000000
vn -0.000000 0.000000 -1.000000
vn -0.000000 0.000000 -1.000000
vn -0.000000 0.000000 -1.000000
vn 0.000003 0.000000 -1.000000
vn 0.000002 0.000000 -1.000000
vn 0.000003 0.000000 -1.000000
vn 0.000005 0.000002 -1.000000
vn 0.000006 0.000001 -1.000000
vn -0.000003 0.000000 -1.000000
vn -0.000005 0.000003 -1.000000
vn -0.000001 0.000004 -1.000000
vn -0.000002 -0.000000 -1.000000
vn -0.000001 -0.000001 -1.000000
vn -0.000003 -0.000001 -1.000000
vn 0.000000 -0.000001 -1.000000
vn -0.000002 -0.000000 -1.000000
vn -0.767799 0.101377 -0.632619
vn -0.767799 0.101377 -0.632619
vn -0.767799 0.101377 -0.632619
vn -0.767799 0.101377 -0.632619
vn 0.007811 -0.491106 -0.871065
vn 0.007811 -0.491106 -0.871065
vn 0.007811 -0.491106 -0.871065
vn 0.007811 -0.491106 -0.871065
vn 0.765108 0.099778 -0.636125
vn 0.765108 0.099778 -0.636125
vn 0.765108 0.099778 -0.636125
vn 0.765108 0.099778 -0.636125
vn -0.506878 0.346216 -0.789436
vn -0.508247 0.347150 -0.788145
vn -0.532054 0.342530 -0.774333
vn -0.520976 0.345062 -0.780715
vn -0.610114 0.283560 -0.739834
vn -0.570110 0.315695 -0.758493
vn 0.747030 0.041535 -0.663492
vn 0.747030 0.041535 -0.663492
vn 0.751653 0.037649 -0.658483
vn 0.797155 -0.003063 -0.603767
vn -0.301638 0.360248 -0.882744
vn -0.301638 0.360247 -0.882743
vn -0.423213 0.354114 -0.833963
vn -0.325429 0.359549 -0.874540
vn 0.829780 -0.035702 -0.556947
vn 0.829780 -0.035702 -0.556947
vn -0.659163 0.240736 -0.712425
vn -0.659163 0.240736 -0.712425
vn -0.749930 0.043785 -0.660066
vn -0.749930 0.043785 -0.660066
vn -0.749930 0.043785 -0.660066
vn -0.749930 0.043785 -0.660066
vn -0.807446 -0.061789 -0.586697
vn -0.807446 -0.061789 -0.586697
vn -0.807446 -0.061789 -0.586697
vn -0.807446 -0.061789 -0.586697
vn 0.000000 0.799591 -0.600545
vn 0.000000 0.799591 -0.600545
vn 0.000000 0.799591 -0.600545
vn 0.000000 0.799591 -0.600545
vn -0.818028 -0.033696 -0.574190
vn -0.818028 -0.033696 -0.574190
vn -0.818028 -0.033696 -0.574190
vn -0.818028 -0.033696 -0.574190
vn 0.764977 -0.340466 -0.546711
vn 0.764977 -0.340466 -0.546711
vn 0.552677 -0.443609 -0.705520
vn 0.710211 -0.373028 -0.597035
vn 0.448208 -0.486687 -0.749831
vn 0.399256 -0.507803 -0.763368
vn 0.341829 -0.530054 -0.776012
vn 0.341829 -0.530054 -0.776013
vn 0.827958 -0.035932 -0.559637
vn 0.827958 -0.035932 -0.559638
vn 0.827958 -0.035932 -0.559638
vn 0.827958 -0.035932 -0.559637
vn 0.809679 -0.067116 -0.583023
vn 0.809679 -0.067116 -0.583023
vn 0.809679 -0.067116 -0.583023
vn 0.809679 -0.067116 -0.583023
vn 0.000000 0.799590 -0.600547
vn 0.000000 0.799590 -0.600547
vn 0.000000 0.799590 -0.600547
vn 0.000000 0.799590 -0.600547
vn 0.000000 0.799591 -0.600545
vn 0.000000 0.799591 -0.600545
vn 0.000000 0.799591 -0.600545
vn 0.000000 0.799591 -0.600545
vn 0.005038 0.469599 -0.882866
vn 0.005038 0.469599 -0.882866
vn 0.005038 0.469599 -0.882866
vn 0.005038 0.469599 -0.882866
vn 0.000001 -0.000000 -1.000000
vn 0.000000 -0.000000 -1.000000
vn 0.000001 0.000000 -1.000000
vn 0.000001 0.000000 -1.000000
vn 0.000002 0.000000 -1.000000
vn 0.000000 0.000000 -1.000000
vn 0.000002 0.000000 -1.000000
vn 0.000000 0.000000 -1.000000
vn 0.000000 0.000000 -1.000000
vn -0.000004 -0.000001 -1.000000
vn -0.000005 0.000000 -1.000000
vn -0.000002 -0.000000 -1.000000
vn -0.000002 -0.000001 -1.000000
vn -0.000002 0.000000 -1.000000
vn -0.000002 0.000000 -1.000000
vn -0.000002 0.000000 -1.000000
vn -0.000002 0.000000 -1.000000
vn 0.000001 0.000000 -1.000000
vn 0.000001 0.000000 -1.000000
vn 0.000001 0.000000 -1.000000
vn 0.000001 0.000000 -1.000000
vn -0.000002 0.000000 -1.000000
vn -0.000002 0.000000 -1.000000
vn -0.000002 0.000000 -1.000000
vn -0.000002 0.000000 -1.000000
vn -0.000002 -0.000001 -1.000000
vn -0.000002 -0.000001 -1.000000
vn -0.000002 -0.000001 -1.000000
vn -0.000002 -0.000001 -1.000000
vn -0.000002 -0.000001 -1.000000
vn -0.000003 0.000000 -1.000000
vn -0.000003 0.000000 -1.000000
vn -0.000003 0.000000 -1.000000
vn -0.000003 0.000000 -1.000000
vn 0.000000 0.000000 -1.000000
vn 0.000000 0.000000 -1.000000
vn 0.000000 0.000000 -1.000000
vn 0.000000 0.000000 -1.000000
vn 0.000000 0.000000 -1.000000
vn 0.000001 0.000000 -1.000000
vn 0.000001 0.000000 -1.000000
vn 0.000001 0.000000 -1.000000
vn 0.000001 0.000000 -1.000000
vn 0.000001 0.000000 -1.000000
vn 0.000001 0.000000 -1.000000
vn 0.000002 0.000000 -1.000000
vn 0.000002 0.000000 -1.000000
vn 0.000002 0.000000 -1.000000
vn 0.000002 0.000000 -1.000000
vn 0.000001 0.000000 -1.000000
vn 0.000001 0.000000 -1.000000
vn 0.000001 0.000000 -1.000000
vn 0.000001 0.000000 -1.000000
vn 0.000000 0.000000 -1.000000
vn 0.000000 0.000000 -1.000000
vn 0.000000 0.000000 -1.000000
vn 0.000000 0.000000 -1.000000
vn 0.000000 0.000000 -1.000000
vn 0.000000 0.000000 -1.000000
vn 0.000000 0.000000 -1.000000
vn 0.000000 0.000000 -1.000000
vn 0.000000 0.000000 -1.000000
vn 0.000000 0.000000 -1.000000
vn -0.000000 0.000000 -1.000000
vn -0.000000 0.000000 -1.000000
vn 0.000000 0.000000 -1.000000
vn 0.000000 0.000000 -1.000000
vn 0.000000 0.000000 -1.000000
vn 0.000000 0.000000 -1.000000
vn -0.000000 0.000000 -1.000000
vn -0.000006 0.000002 -1.000000
vn -0.000008 0.000001 -1.000000
vn 0.000004 0.000000 -1.000000
vn 0.000002 -0.000000 -1.000000
vn 0.000001 0.000004 -1.000000
vn 0.000006 0.000003 -1.000000
vn 0.000001 -0.000001 -1.000000
vn 0.000003 -0.000001 -1.000000
vn 0.000001 -0.000000 -1.000000
vn -0.000001 -0.000001 -1.000000
vn 0.767799 0.101376 -0.632620
vn 0.767799 0.101376 -0.632620
vn 0.767799 0.101376 -0.632620
vn 0.767799 0.101376 -0.632620
vn -0.007812 -0.491105 -0.871065
vn -0.007812 -0.491105 -0.871065
vn -0.007812 -0.491105 -0.871065
vn -0.007812 -0.491105 -0.871065
vn -0.765105 0.099776 -0.636128
vn -0.765105 0.099776 -0.636128
vn -0.765105 0.099776 -0.636128
vn -0.765105 0.099776 -0.636128
vn 0.506878 0.346216 -0.789436
vn 0.520978 0.345061 -0.780714
vn 0.532058 0.342527 -0.774332
vn 0.508246 0.347151 -0.788144
vn 0.570113 0.315692 -0.758492
vn 0.610115 0.283558 -0.739834
vn -0.747025 0.041535 -0.663497
vn -0.797154 -0.003062 -0.603768
vn -0.751649 0.037649 -0.658488
vn -0.747025 0.041535 -0.663497
vn 0.301635 0.360249 -0.882744
vn 0.325426 0.359550 -0.874541
vn 0.423212 0.354115 -0.833963
vn 0.301635 0.360249 -0.882744
vn -0.829782 -0.035700 -0.556945
vn -0.829782 -0.035700 -0.556945
vn 0.659163 0.240736 -0.712425
vn 0.659163 0.240736 -0.712425
vn 0.749930 0.043788 -0.660066
vn 0.749930 0.043788 -0.660066
vn 0.749930 0.043788 -0.660066
vn 0.749930 0.043788 -0.660066
vn 0.807445 -0.061789 -0.586698
vn 0.807445 -0.061789 -0.586698
vn 0.807445 -0.061789 -0.586698
vn 0.807445 -0.061789 -0.586698
vn 0.000000 0.799591 -0.600545
vn 0.000000 0.799591 -0.600545
vn 0.000000 0.799591 -0.600545
vn 0.000000 0.799591 -0.600545
vn 0.818032 -0.033696 -0.574184
vn 0.818032 -0.033696 -0.574184
vn 0.818032 -0.033696 -0.574184
vn 0.818032 -0.033696 -0.574184
vn -0.764979 -0.340467 -0.546708
vn -0.710213 -0.373029 -0.597032
vn -0.552677 -0.443611 -0.705519
vn -0.764979 -0.340467 -0.546708
vn -0.448210 -0.486687 -0.749829
vn -0.341833 -0.530053 -0.776012
vn -0.341833 -0.530053 -0.776012
vn -0.399258 -0.507802 -0.763367
vn -0.827963 -0.035935 -0.559630
vn -0.827963 -0.035935 -0.559630
vn -0.827963 -0.035935 -0.559630
vn -0.827963 -0.035935 -0.559630
vn -0.809681 -0.067117 -0.583020
vn -0.809681 -0.067117 -0.583020
vn -0.809681 -0.067117 -0.583020
vn -0.809681 -0.067117 -0.583020
vn 0.000000 0.799591 -0.600546
vn 0.000000 0.799591 -0.600545
vn 0.000000 0.799591 -0.600545
vn 0.000000 0.799591 -0.600545
vn 0.000000 0.799590 -0.600546
vn 0.000000 0.799590 -0.600546
vn 0.000000 0.799590 -0.600546
vn 0.000000 0.799590 -0.600546
vn -0.133329 -0.991072 0.000711
vn -0.278640 -0.960395 0.000326
vn -0.278667 -0.960388 0.000326
vn -0.133329 -0.991072 0.000711
vn -0.924934 -0.380127 0.000000
vn -0.805397 -0.592736 0.000000
vn -0.805397 -0.592736 0.000000
vn -0.924934 -0.380127 0.000000
vn -0.579311 -0.815107 0.000000
vn -0.579311 -0.815107 0.000000
vn -0.991984 -0.126360 -0.000000
vn -0.991984 -0.126360 -0.000000
vn -0.999991 -0.004238 -0.000000
vn -0.999991 -0.004238 -0.000000
vn 0.000000 0.000000 -1.000000
vn 0.000000 0.000000 -1.000000
vn 0.000000 0.000000 -1.000000
vn 0.000000 0.000000 -1.000000
vn -0.000001 0.000000 -1.000000
vn -0.000001 0.000000 -1.000000
vn -0.000001 0.000000 -1.000000
vn -0.000001 0.000000 -1.000000
vn 0.000000 0.000000 -1.000000
vn 0.000000 0.000000 -1.000000
vn 0.000000 0.000000 -1.000000
vn 0.000000 0.000000 -1.000000
vn -0.000002 -0.000000 -1.000000
vn -0.000002 -0.000000 -1.000000
vn -0.000002 -0.000000 -1.000000
vn -0.000002 -0.000000 -1.000000
vn -0.000002 0.000000 -1.000000
vn -0.000002 0.000000 -1.000000
vn -0.000002 0.000000 -1.000000
vn -0.000002 0.000000 -1.000000
vn -0.000001 -0.000000 -1.000000
vn -0.000001 -0.000000 -1.000000
vn -0.000001 -0.000000 -1.000000
vn -0.000001 -0.000000 -1.000000
vn 0.000002 0.000000 -1.000000
vn 0.000002 0.000000 -1.000000
vn 0.000002 0.000000 -1.000000
vn 0.000002 0.000000 -1.000000
vn 0.000001 0.000000 -1.000000
vn 0.000001 0.000000 -1.000000
vn 0.000001 0.000000 -1.000000
vn 0.000001 0.000000 -1.000000
vn 0.000000 0.000000 -1.000000
vn 0.000000 0.000000 -1.000000
vn 0.000000 0.000000 -1.000000
vn 0.000000 0.000000 -1.000000
vn 0.000000 0.000000 -1.000000
vn 0.000000 0.000000 -1.000000
vn 0.000000 0.000000 -1.000000
vn 0.000000 0.000000 -1.000000
vn -0.000001 0.000000 -1.000000
vn -0.000001 0.000000 -1.000000
vn -0.000001 0.000000 -1.000000
vn -0.000001 0.000000 -1.000000
vn 0.000000 0.000000 -1.000000
vn 0.000000 0.000000 -1.000000
vn 0.000000 0.000000 -1.000000
vn 0.000000 0.000000 -1.000000
vn 0.000000 0.000000 -1.000000
vn 0.000000 0.000000 -1.000000
vn 0.000000 0.000000 -1.000000
vn 0.000000 0.000000 -1.000000
vn 0.000000 0.000000 -1.000000
vn -0.000001 0.000000 -1.000000
vn -0.000001 0.000000 -1.000000
vn -0.000001 0.000000 -1.000000
vn -0.000001 0.000000 -1.000000
vn 0.000002 -0.000000 -1.000000
vn 0.000002 -0.000000 -1.000000
vn 0.000002 -0.000000 -1.000000
vn 0.000002 -0.000000 -1.000000
vn -0.004009 -0.454829 -0.890570
vn -0.004009 -0.454829 -0.890570
vn -0.004009 -0.454829 -0.890570
vn -0.004009 -0.454829 -0.890570
vn -0.813184 -0.582006 -0.001140
vn -0.813184 -0.582005 -0.001140
vn -0.813184 -0.582006 -0.001140
vn -0.813184 -0.582005 -0.001140
vn -0.007166 -0.594270 -0.804234
vn -0.007166 -0.594270 -0.804234
vn -0.007166 -0.594270 -0.804234
vn -0.007166 -0.594270 -0.804234
vn 0.006013 0.516760 -0.856109
vn 0.006013 0.516760 -0.856109
vn 0.006013 0.516760 -0.856109
vn 0.006013 0.516760 -0.856109
vn -0.863355 0.504596 0.000967
vn -0.863355 0.504596 0.000967
vn -0.863355 0.504596 0.000967
vn -0.863355 0.504596 0.000967
vn -0.994588 -0.103897 -0.000167
vn -0.994592 -0.103863 -0.000167
vn -0.992376 -0.123244 -0.000216
vn -0.992376 -0.123244 -0.000216
vn 0.000001 -0.000000 -1.000000
vn 0.000000 -0.000000 -1.000000
vn 0.000001 0.000000 -1.000000
vn 0.000001 0.000000 -1.000000
vn 0.000002 0.000000 -1.000000
vn 0.000000 0.000000 -1.000000
vn 0.000002 0.000000 -1.000000
vn -0.999978 -0.006663 -0.000021
vn -0.999979 -0.006536 -0.000021
vn 0.000000 0.000000 -1.000000
vn 0.000000 0.000000 -1.000000
vn -0.996171 0.087433 0.000055
vn -0.996168 0.087458 0.000055
vn -0.000004 -0.000001 -1.000000
vn -0.000005 0.000000 -1.000000
vn -0.000002 -0.000000 -1.000000
vn -0.000002 -0.000001 -1.000000
vn -0.993946 0.109872 0.000045
vn -0.993946 0.109872 0.000045
vn -0.000002 0.000000 -1.000000
vn -0.000002 0.000000 -1.000000
vn -0.000002 0.000000 -1.000000
vn -0.000002 0.000000 -1.000000
vn 0.000001 0.000000 -1.000000
vn 0.000001 0.000000 -1.000000
vn 0.000001 0.000000 -1.000000
vn 0.000001 0.000000 -1.000000
vn -0.000002 0.000000 -1.000000
vn -0.000002 0.000000 -1.000000
vn -0.000002 0.000000 -1.000000
vn -0.000002 0.000000 -1.000000
vn -0.000002 -0.000001 -1.000000
vn -0.000002 -0.000001 -1.000000
vn -0.000002 -0.000001 -1.000000
vn -0.000002 -0.000001 -1.000000
vn -0.000002 -0.000001 -1.000000
vn -0.000003 0.000000 -1.000000
vn -0.000003 0.000000 -1.000000
vn -0.000003 0.000000 -1.000000
vn -0.000003 0.000000 -1.000000
vn 0.000000 0.000000 -1.000000
vn 0.000000 0.000000 -1.000000
vn 0.000000 0.000000 -1.000000
vn 0.000000 0.000000 -1.000000
vn 0.000000 0.000000 -1.000000
vn 0.000001 0.000000 -1.000000
vn 0.000001 0.000000 -1.000000
vn 0.000001 0.000000 -1.000000
vn 0.000001 0.000000 -1.000000
vn 0.000001 0.000000 -1.000000
vn 0.000001 0.000000 -1.000000
vn 0.000002 0.000000 -1.000000
vn 0.000002 0.000000 -1.000000
vn 0.000002 0.000000 -1.000000
vn 0.000002 0.000000 -1.000000
vn 0.000001 0.000000 -1.000000
vn 0.000001 0.000000 -1.000000
vn 0.000001 0.000000 -1.000000
vn 0.000001 0.000000 -1.000000
vn 0.000000 0.000000 -1.000000
vn 0.000000 0.000000 -1.000000
vn 0.000000 0.000000 -1.000000
vn 0.000000 0.000000 -1.000000
vn 0.000000 0.000000 -1.000000
vn 0.000000 0.000000 -1.000000
vn 0.000000 0.000000 -1.000000
vn 0.000000 0.000000 -1.000000
vn 0.000000 0.000000 -1.000000
vn 0.000000 0.000000 -1.000000
vn -0.000000 0.000000 -1.000000
vn -0.000000 0.000000 -1.000000
vn 0.000000 0.000000 -1.000000
vn 0.000000 0.000000 -1.000000
vn 0.000000 0.000000 -1.000000
vn 0.000000 0.000000 -1.000000
vn -0.000000 0.000000 -1.000000
vn -0.000006 0.000002 -1.000000
vn -0.000008 0.000001 -1.000000
vn 0.000004 0.000000 -1.000000
vn 0.000002 -0.000000 -1.000000
vn 0.000001 0.000004 -1.000000
vn 0.000006 0.000003 -1.000000
vn 0.000001 -0.000001 -1.000000
vn 0.000003 -0.000001 -1.000000
vn 0.000001 -0.000000 -1.000000
vn -0.000001 -0.000001 -1.000000
vn 0.767798 0.101377 -0.632620
vn 0.767798 0.101377 -0.632620
vn 0.767798 0.101377 -0.632620
vn 0.767798 0.101377 -0.632620
vn -0.007812 -0.491105 -0.871065
vn -0.007812 -0.491105 -0.871065
vn -0.007812 -0.491105 -0.871065
vn -0.007812 -0.491105 -0.871065
vn -0.765105 0.099777 -0.636128
vn -0.765105 0.099777 -0.636128
vn -0.765105 0.099777 -0.636128
vn -0.765105 0.099777 -0.636129
vn 0.506878 0.346216 -0.789436
vn 0.520978 0.345061 -0.780714
vn 0.532058 0.342529 -0.774330
vn 0.508247 0.347149 -0.788145
vn 0.570114 0.315694 -0.758490
vn 0.610117 0.283559 -0.739832
vn -0.747026 0.041535 -0.663496
vn -0.797155 -0.003063 -0.603766
vn -0.751650 0.037649 -0.658487
vn -0.747026 0.041535 -0.663496
vn 0.301635 0.360248 -0.882745
vn 0.325426 0.359550 -0.874541
vn 0.423212 0.354115 -0.833963
vn 0.301634 0.360248 -0.882745
vn -0.829783 -0.035703 -0.556942
vn -0.829783 -0.035703 -0.556942
vn 0.659166 0.240734 -0.712424
vn 0.659166 0.240734 -0.712424
vn 0.749931 0.043785 -0.660066
vn 0.749931 0.043785 -0.660066
vn 0.749931 0.043785 -0.660066
vn 0.749931 0.043785 -0.660066
vn 0.807445 -0.061789 -0.586699
vn 0.807445 -0.061789 -0.586699
vn 0.807445 -0.061789 -0.586699
vn 0.807445 -0.061789 -0.586699
vn 0.000000 0.799590 -0.600546
vn 0.000000 0.799590 -0.600546
vn 0.000000 0.799590 -0.600546
vn 0.000000 0.799590 -0.600546
vn 0.818031 -0.033695 -0.574186
vn 0.818031 -0.033695 -0.574186
vn 0.818031 -0.033695 -0.574186
vn 0.818031 -0.033695 -0.574186
vn -0.764979 -0.340467 -0.546708
vn -0.710213 -0.373029 -0.597032
vn -0.552677 -0.443611 -0.705520
vn -0.764979 -0.340467 -0.546708
vn -0.448209 -0.486687 -0.749829
vn -0.341833 -0.530054 -0.776011
vn -0.341833 -0.530054 -0.776011
vn -0.399258 -0.507803 -0.763367
vn -0.827962 -0.035934 -0.559631
vn -0.827962 -0.035934 -0.559631
vn -0.827962 -0.035934 -0.559631
vn -0.827962 -0.035934 -0.559631
vn -0.809681 -0.067117 -0.583019
vn -0.809681 -0.067117 -0.583019
vn -0.809681 -0.067117 -0.583019
vn -0.809681 -0.067117 -0.583019
vn 0.000000 0.799590 -0.600546
vn 0.000000 0.799590 -0.600546
vn 0.000000 0.799590 -0.600546
vn 0.000000 0.799590 -0.600546
vn 0.000000 0.799591 -0.600545
vn 0.000000 0.799591 -0.600545
vn 0.000000 0.799591 -0.600545
vn 0.000000 0.799591 -0.600545
vn 0.995697 0.092669 0.000000
vn 0.995697 0.092669 0.000000
vn 0.993315 0.115437 0.000000
vn 0.993315 0.115437 0.000000
vn 0.999998 -0.001988 -0.000000
vn 0.999998 -0.001988 0.000000
vn 0.994920 -0.100667 -0.000000
vn 0.994920 -0.100667 -0.000000
vn 0.992570 -0.121677 0.000000
vn 0.992570 -0.121677 0.000000
vn 0.896498 0.442968 0.008368
vn 0.896499 0.442968 0.008368
vn 0.896499 0.442968 0.008368
vn 0.896499 0.442968 0.008368
vn 0.854268 -0.519832 -0.001172
vn 0.854268 -0.519832 -0.001172
vn 0.854268 -0.519832 -0.001172
vn 0.854268 -0.519832 -0.001172
vn 1.000000 -0.000409 0.000021
vn 1.000000 -0.000409 0.000021
vn 1.000000 -0.000409 0.000021
vn 1.000000 -0.000409 0.000021
vn -1.000000 -0.000409 0.000021
vn -1.000000 -0.000409 0.000021
vn -1.000000 -0.000409 0.000021
vn -1.000000 -0.000409 0.000021
vn -0.854269 -0.519830 -0.001172
vn -0.854269 -0.519830 -0.001172
vn -0.854269 -0.519830 -0.001172
vn -0.854269 -0.519830 -0.001172
vn -0.896501 0.442963 0.008368
vn -0.896501 0.442963 0.008368
vn -0.896501 0.442963 0.008368
vn -0.896501 0.442963 0.008368
vn -0.994920 -0.100667 -0.000000
vn -0.992570 -0.121677 0.000000
vn -0.992570 -0.121677 0.000000
vn -0.994920 -0.100667 -0.000000
vn -0.999998 -0.001988 -0.000000
vn -0.999998 -0.001988 0.000000
vn -0.995697 0.092670 0.000000
vn -0.995697 0.092670 0.000000
vn -0.993315 0.115438 0.000000
vn -0.993315 0.115438 0.000000
vn 0.995697 0.092669 0.000000
vn 0.995697 0.092669 0.000000
vn 0.993315 0.115437 0.000000
vn 0.993315 0.115437 0.000000
vn 0.999998 -0.001988 -0.000000
vn 0.999998 -0.001988 0.000000
vn 0.994920 -0.100667 -0.000000
vn 0.994920 -0.100667 -0.000000
vn 0.992570 -0.121677 0.000000
vn 0.992570 -0.121677 0.000000
vn 0.863934 0.503605 -0.000000
vn 0.863934 0.503605 -0.000000
vn 0.863934 0.503605 -0.000000
vn 0.863934 0.503605 -0.000000
vn 0.809711 -0.586829 0.000001
vn 0.809711 -0.586829 0.000001
vn 0.809711 -0.586829 0.000001
vn 0.809711 -0.586829 0.000001
vn 0.879719 -0.475495 0.000000
vn 0.963316 -0.268370 0.000000
vn 0.963316 -0.268370 0.000000
vn 0.879719 -0.475495 0.000000
vn 0.598208 -0.801341 0.000000
vn 0.598208 -0.801341 0.000000
vn 0.273820 -0.961781 0.000000
vn 0.273820 -0.961781 0.000000
vn -0.008800 -0.999961 0.000000
vn -0.008800 -0.999961 0.000000
vn -0.285807 -0.958287 0.000000
vn -0.285807 -0.958287 0.000000
vn -0.623187 -0.782073 0.000000
vn -0.623187 -0.782073 0.000000
vn -0.902413 -0.430867 -0.001984
vn -0.902413 -0.430867 -0.001984
vn -0.974070 -0.226217 -0.003641
vn -0.974070 -0.226217 -0.003641
vn -0.858270 -0.513090 -0.010586
vn -0.858270 -0.513090 -0.010586
vn -0.858270 -0.513090 -0.010586
vn -0.858270 -0.513090 -0.010586
vn -0.886688 0.462319 0.006702
vn -0.886688 0.462319 0.006702
vn -0.886688 0.462319 0.006702
vn -0.886688 0.462319 0.006702
vn -0.994588 -0.103896 -0.000167
vn -0.994592 -0.103862 -0.000167
vn -0.992376 -0.123244 -0.000216
vn -0.992376 -0.123244 -0.000216
vn -0.999978 -0.006663 -0.000021
vn -0.999979 -0.006536 -0.000021
vn -0.996170 0.087433 0.000055
vn -0.996168 0.087458 0.000055
vn -0.993946 0.109872 0.000045
vn -0.993946 0.109872 0.000045
vn 0.000000 0.000000 1.000000
vn 0.000000 0.000000 1.000000
vn 0.000000 0.000000 1.000000
vn 0.000000 0.000000 1.000000
vn -0.931601 -0.363483 0.000000
vn -0.931601 -0.363483 0.000000
vn -0.894589 -0.446889 0.000000
vn -0.894589 -0.446889 0.000000
vn 0.000000 0.000000 -1.000000
vn 0.000000 0.000000 -1.000000
vn 0.000000 0.000000 -1.000000
vn 0.000000 0.000000 -1.000000
vn 0.938538 0.345176 0.000000
vn 0.938538 0.345176 0.000000
vn 0.855979 0.517011 0.000000
vn 0.855979 0.517011 0.000000
vn -0.775717 0.631081 0.000000
vn -0.775717 0.631081 0.000000
vn -0.775717 0.631081 0.000000
vn -0.775717 0.631081 0.000000
vn 0.299136 -0.954211 0.000000
vn 0.299136 -0.954211 0.000000
vn 0.299136 -0.954211 0.000000
vn 0.299136 -0.954211 0.000000
vn 0.981540 0.191258 0.000000
vn 0.981540 0.191258 0.000000
vn 0.000000 0.000000 -1.000000
vn 0.000000 0.000000 -1.000000
vn -0.959273 -0.282479 0.000000
vn -0.959273 -0.282479 0.000000
vn 0.000000 0.000000 1.000000
vn 0.000000 0.000000 1.000000
vn 0.000000 -0.248614 0.968603
vn 0.000000 -0.248614 0.968603
vn 0.000000 0.000000 1.000000
vn 0.000000 0.000000 1.000000
vn 0.000000 1.000000 0.000000
vn 0.000000 1.000000 0.000000
vn 0.000000 1.000000 0.000000
vn 0.000000 1.000000 0.000000
vn 0.000000 0.000000 -1.000000
vn 0.000000 0.000000 -1.000000
vn 0.000000 -0.248614 -0.968603
vn 0.000000 -0.248614 -0.968603
vn 0.975839 -0.218491 0.000000
vn 0.975839 -0.218491 0.000000
vn 1.000000 0.000000 0.000000
vn 1.000000 0.000000 0.000000
vn -0.975839 -0.218491 0.000000
vn -0.975839 -0.218491 0.000000
vn -1.000000 0.000000 0.000000
vn -1.000000 0.000000 0.000000
vn 0.000000 -0.651299 0.758821
vn 0.000000 -0.651299 0.758821
vn 0.788162 -0.615468 0.000000
vn 0.788162 -0.615468 0.000000
vn 0.000000 -0.651299 -0.758821
vn 0.000000 -0.651299 -0.758821
vn -0.788162 -0.615468 0.000000
vn -0.788162 -0.615468 0.000000
vn 0.000000 0.083929 0.996472
vn 0.000000 0.083929 0.996472
vn 0.000000 0.083929 0.996472
vn 0.000000 0.083929 0.996472
vn 0.997077 0.076406 0.000000
vn 0.997077 0.076406 0.000000
vn 0.997077 0.076406 0.000000
vn 0.997077 0.076406 0.000000
vn 0.000000 0.083929 -0.996472
vn 0.000000 0.083929 -0.996472
vn 0.000000 0.083929 -0.996472
vn 0.000000 0.083929 -0.996472
vn -0.997077 0.076405 0.000000
vn -0.997077 0.076405 0.000000
vn -0.997077 0.076405 0.000000
vn -0.997077 0.076405 0.000000
vn 0.000000 0.317654 0.948207
vn 0.000000 0.317654 0.948207
vn 0.000000 0.781942 0.623352
vn 0.000000 0.781942 0.623352
vn 0.961084 0.276256 0.000000
vn 0.961084 0.276256 0.000000
vn 0.659022 0.752124 0.000000
vn 0.659022 0.752124 0.000000
vn 0.000000 0.781942 -0.623352
vn 0.000000 0.781942 -0.623352
vn 0.000000 0.317654 -0.948207
vn 0.000000 0.317654 -0.948207
vn -0.961084 0.276257 0.000000
vn -0.961084 0.276257 0.000000
vn -0.659021 0.752124 0.000000
vn -0.659021 0.752124 0.000000
vn 0.000000 0.000000 1.000000
vn 0.000000 0.000000 1.000000
vn 1.000000 0.000000 0.000000
vn 1.000000 0.000000 0.000000
vn 0.000000 0.000000 -1.000000
vn 0.000000 0.000000 -1.000000
vn -1.000000 0.000000 0.000000
vn -1.000000 0.000000 0.000000
vn 0.000000 -0.248614 0.968603
vn 0.000000 -0.248614 0.968603
vn 0.000000 0.000000 1.000000
vn 0.000000 0.000000 1.000000
vn 0.000000 1.000000 0.000000
vn 0.000000 1.000000 0.000000
vn 0.000000 1.000000 0.000000
vn 0.000000 1.000000 0.000000
vn 0.000000 0.000000 -1.000000
vn 0.000000 0.000000 -1.000000
vn 0.000000 -0.248614 -0.968603
vn 0.000000 -0.248614 -0.968603
vn 0.975839 -0.218491 0.000000
vn 0.975839 -0.218491 0.000000
vn 1.000000 0.000000 0.000000
vn 1.000000 0.000000 0.000000
vn -0.975839 -0.218491 0.000000
vn -0.975839 -0.218491 0.000000
vn -1.000000 0.000000 0.000000
vn -1.000000 0.000000 0.000000
vn 0.000000 -0.651299 0.758821
vn 0.000000 -0.651299 0.758821
vn 0.788161 -0.615469 0.000000
vn 0.788161 -0.615469 0.000000
vn 0.000000 -0.651299 -0.758821
vn 0.000000 -0.651299 -0.758821
vn -0.788162 -0.615468 0.000000
vn -0.788162 -0.615468 0.000000
vn 0.000000 0.083929 0.996472
vn 0.000000 0.083929 0.996472
vn 0.000000 0.083929 0.996472
vn 0.000000 0.083929 0.996472
vn 0.997077 0.076406 0.000000
vn 0.997077 0.076406 0.000000
vn 0.997077 0.076406 0.000000
vn 0.997077 0.076406 0.000000
vn 0.000000 0.083929 -0.996472
vn 0.000000 0.083929 -0.996472
vn 0.000000 0.083929 -0.996472
vn 0.000000 0.083929 -0.996472
vn -0.997077 0.076405 0.000000
vn -0.997077 0.076405 0.000000
vn -0.997077 0.076405 0.000000
vn -0.997077 0.076405 0.000000
vn 0.000000 0.317654 0.948207
vn 0.000000 0.317654 0.948207
vn 0.000000 0.781942 0.623352
vn 0.000000 0.781942 0.623352
vn 0.961084 0.276256 0.000000
vn 0.961084 0.276256 0.000000
vn 0.659023 0.752123 0.000000
vn 0.659023 0.752123 0.000000
vn 0.000000 0.781942 -0.623352
vn 0.000000 0.781942 -0.623352
vn 0.000000 0.317654 -0.948207
vn 0.000000 0.317654 -0.948207
vn -0.961084 0.276256 0.000000
vn -0.961084 0.276256 0.000000
vn -0.659022 0.752123 0.000000
vn -0.659022 0.752123 0.000000
vn 0.000000 0.000000 1.000000
vn 0.000000 0.000000 1.000000
vn 1.000000 0.000000 0.000000
vn 1.000000 0.000000 0.000000
vn 0.000000 0.000000 -1.000000
vn 0.000000 0.000000 -1.000000
vn -1.000000 0.000000 0.000000
vn -1.000000 0.000000 0.000000
vn 0.000000 0.000000 1.000000
vn -0.000000 0.000000 1.000000
vn -0.000001 0.000000 1.000000
vn -0.000001 0.000000 1.000000
vn -0.613136 -0.789978 0.000000
vn -0.613136 -0.789978 0.000000
vn -0.463664 -0.886011 0.000000
vn -0.463664 -0.886011 0.000000
vn 0.000000 0.000000 -1.000000
vn 0.000000 0.000000 -1.000000
vn 0.000000 0.000000 -1.000000
vn 0.000000 0.000000 -1.000000
vn 0.645487 0.763771 0.000000
vn 0.645487 0.763771 0.000000
vn 0.525662 0.850694 0.000000
vn 0.525662 0.850694 0.000000
vn -0.938736 0.344638 0.000000
vn -0.938736 0.344638 0.000000
vn -0.938736 0.344638 0.000000
vn -0.938736 0.344638 0.000000
vn 0.806882 -0.590712 0.000000
vn 0.806882 -0.590712 0.000000
vn 0.806882 -0.590712 0.000000
vn 0.806882 -0.590712 0.000000
vn 0.736725 0.676192 0.000000
vn 0.736725 0.676192 0.000000
vn 0.000000 0.000000 -1.000000
vn 0.000000 0.000000 -1.000000
vn -0.744999 -0.667066 0.000000
vn -0.744999 -0.667066 0.000000
vn 0.000001 0.000000 1.000000
vn 0.000001 0.000000 1.000000
vn 0.160395 0.987053 0.000000
vn 0.160395 0.987053 0.000000
vn 0.268067 0.963400 0.000000
vn 0.268067 0.963400 0.000000
vn 0.000000 0.000000 -1.000000
vn 0.000000 0.000000 -1.000000
vn 0.000002 0.000000 -1.000000
vn 0.000002 0.000000 -1.000000
vn 0.183363 -0.983045 0.000000
vn 0.183363 -0.983045 0.000000
vn 0.391931 -0.919995 0.000000
vn 0.391931 -0.919995 0.000000
vn 0.948419 -0.317021 0.000000
vn 0.948419 -0.317021 0.000000
vn 0.948419 -0.317021 0.000000
vn 0.948419 -0.317021 0.000000
vn -0.951185 -0.308621 0.000000
vn -0.951185 -0.308621 0.000000
vn -0.951185 -0.308621 0.000000
vn -0.951185 -0.308621 0.000000
vn -0.182742 -0.983161 0.000000
vn -0.182742 -0.983161 0.000000
vn 0.000001 0.000000 -1.000000
vn 0.000001 0.000000 -1.000000
vn -0.138359 0.990382 0.000000
vn -0.138359 0.990382 0.000000
vn -0.401041 -0.916060 0.000000
vn -0.401041 -0.916060 0.000000
vn 0.000002 0.000000 -1.000000
vn 0.000002 0.000000 -1.000000
vn -0.238568 0.971126 0.000000
vn -0.238568 0.971126 0.000000
vn 0.000000 0.000000 -1.000000
vn 0.000000 0.000000 -1.000000
vn 0.000000 0.000000 -1.000000
vn 0.000000 0.000000 -1.000000
vn 0.000001 0.000000 -1.000000
vn 0.000001 0.000000 -1.000000
vn 0.000001 0.000000 -1.000000
vn 0.000001 0.000000 -1.000000
vn 0.000000 0.000000 -1.000000
vn 0.000000 0.000000 -1.000000
vn 0.000000 0.000000 -1.000000
vn 0.000000 0.000000 -1.000000
vn -0.000002 0.000000 -1.000000
vn -0.000002 0.000000 -1.000000
vn -0.000002 0.000000 -1.000000
vn -0.000002 0.000000 -1.000000
vn -0.000002 0.000000 -1.000000
vn -0.000002 0.000000 -1.000000
vn -0.000002 0.000000 -1.000000
vn -0.000002 0.000000 -1.000000
vn -0.000001 0.000000 -1.000000
vn -0.000001 0.000000 -1.000000
vn -0.000001 0.000000 -1.000000
vn -0.000001 0.000000 -1.000000
vn 0.000000 0.000000 -1.000000
vn 0.000000 0.000000 -1.000000
vn 0.000000 0.000000 -1.000000
vn 0.000000 0.000000 -1.000000
vn -0.000002 0.000000 -1.000000
vn -0.000002 0.000000 -1.000000
vn -0.000002 0.000000 -1.000000
vn -0.000002 0.000000 -1.000000
vn -0.177832 -0.639112 -0.748272
vn -0.177832 -0.639112 -0.748272
vn -0.177832 -0.639112 -0.748272
vn -0.177832 -0.639112 -0.748272
vn -0.587201 0.196277 -0.785283
vn -0.587201 0.196277 -0.785284
vn -0.587201 0.196277 -0.785284
vn -0.587201 0.196277 -0.785283
vn -0.258891 0.607704 -0.750780
vn -0.258891 0.607704 -0.750780
vn -0.258891 0.607704 -0.750780
vn -0.258891 0.607704 -0.750780
vn -0.002420 -0.687350 -0.726322
vn -0.002420 -0.687350 -0.726322
vn -0.002420 -0.687350 -0.726322
vn -0.002420 -0.687350 -0.726322
vn -0.002398 0.687345 -0.726327
vn -0.002398 0.687346 -0.726327
vn -0.002398 0.687346 -0.726327
vn -0.002398 0.687345 -0.726327
vn 0.158009 -0.643205 -0.749213
vn 0.158009 -0.643205 -0.749213
vn 0.158009 -0.643205 -0.749213
vn 0.158009 -0.643205 -0.749213
vn 0.264021 0.603076 -0.752723
vn 0.264021 0.603076 -0.752723
vn 0.264021 0.603076 -0.752723
vn 0.264021 0.603076 -0.752723
vn 0.589925 0.191406 -0.784444
vn 0.589925 0.191406 -0.784444
vn 0.589925 0.191406 -0.784444
vn 0.589925 0.191406 -0.784444
vn 0.000000 0.000000 1.000000
vn 0.000000 0.000000 1.000000
vn 0.000001 0.000000 1.000000
vn 0.000000 0.000000 1.000000
vn -0.311795 0.950149 0.000000
vn -0.438189 0.898883 0.000000
vn -0.438189 0.898883 0.000000
vn -0.311795 0.950149 0.000000
vn 0.000000 0.000000 -1.000000
vn 0.000000 0.000000 -1.000000
vn 0.000000 0.000000 -1.000000
vn 0.000000 0.000000 -1.000000
vn 0.311796 -0.950149 0.000000
vn 0.438189 -0.898883 0.000000
vn 0.438189 -0.898883 0.000000
vn 0.311796 -0.950149 0.000000
vn -1.000000 0.000000 0.000000
vn -1.000000 0.000000 0.000000
vn -1.000000 0.000000 0.000000
vn -1.000000 0.000000 0.000000
vn 0.112040 -0.993704 0.000000
vn 0.208613 -0.977998 0.000000
vn 0.208613 -0.977998 0.000000
vn 0.112040 -0.993704 0.000000
vn 0.000000 0.000000 -1.000000
vn 0.000000 0.000000 -1.000000
vn 0.000000 0.000000 -1.000000
vn 0.000000 0.000000 -1.000000
vn -0.112041 0.993704 0.000000
vn -0.208613 0.977998 0.000000
vn -0.208613 0.977998 0.000000
vn -0.112041 0.993704 0.000000
vn 0.000000 0.000000 1.000000
vn 0.000000 0.000000 1.000000
vn 0.000000 0.000000 1.000000
vn 0.000000 0.000000 1.000000
vn 0.012483 -0.999922 0.000000
vn 0.058555 -0.998284 0.000000
vn 0.058555 -0.998284 0.000000
vn 0.012483 -0.999922 0.000000
vn 0.000000 0.000000 -1.000000
vn 0.000000 0.000000 -1.000000
vn 0.000000 0.000000 -1.000000
vn 0.000000 0.000000 -1.000000
vn -0.012482 0.999922 0.000000
vn -0.058554 0.998284 0.000000
vn -0.058554 0.998284 0.000000
vn -0.012482 0.999922 0.000000
vn 0.000000 0.000000 1.000000
vn 0.000000 0.000000 1.000000
vn 0.000000 0.000000 1.000000
vn 0.000000 0.000000 1.000000
vn 0.008628 -0.999963 0.000000
vn 0.008628 -0.999963 0.000000
vn 0.000000 0.000000 -1.000000
vn 0.000000 0.000000 -1.000000
vn -0.008628 0.999963 0.000000
vn -0.008628 0.999963 0.000000
vn 0.000000 0.000000 1.000000
vn 0.000000 0.000000 1.000000
vn 0.000001 0.000000 1.000000
vn 0.000001 0.000000 1.000000
vn -0.538307 0.842749 0.000000
vn -0.538307 0.842749 0.000000
vn 0.000000 0.000000 -1.000000
vn 0.000000 0.000000 -1.000000
vn 0.538307 -0.842749 0.000000
vn 0.538307 -0.842749 0.000000
vn -0.000000 0.000000 1.000000
vn -0.000000 0.000000 1.000000
vn 0.000001 0.000000 1.000000
vn 0.000000 0.000000 1.000000
vn 0.311784 0.950153 0.000000
vn 0.311784 0.950153 0.000000
vn 0.438174 0.898890 0.000000
vn 0.438174 0.898890 0.000000
vn 0.000000 0.000000 -1.000000
vn 0.000000 0.000000 -1.000000
vn 0.000000 0.000000 -1.000000
vn 0.000000 0.000000 -1.000000
vn -0.311784 -0.950153 0.000000
vn -0.311784 -0.950153 0.000000
vn -0.438174 -0.898890 0.000000
vn -0.438174 -0.898890 0.000000
vn 1.000000 0.000000 0.000000
vn 1.000000 0.000000 0.000000
vn 1.000000 0.000000 0.000000
vn 1.000000 0.000000 0.000000
vn -0.112036 -0.993704 0.000000
vn -0.112036 -0.993704 0.000000
vn -0.208605 -0.978000 0.000000
vn -0.208605 -0.978000 0.000000
vn -0.000000 0.000000 -1.000000
vn -0.000000 0.000000 -1.000000
vn -0.000000 0.000000 -1.000000
vn -0.000000 0.000000 -1.000000
vn 0.112036 0.993704 0.000000
vn 0.112036 0.993704 0.000000
vn 0.208605 0.978000 0.000000
vn 0.208605 0.978000 0.000000
vn 0.000000 0.000000 1.000000
vn 0.000000 0.000000 1.000000
vn 0.000000 0.000000 1.000000
vn 0.000000 0.000000 1.000000
vn -0.012482 -0.999922 0.000000
vn -0.012482 -0.999922 0.000000
vn -0.058552 -0.998284 0.000000
vn -0.058552 -0.998284 0.000000
vn 0.000000 0.000000 -1.000000
vn 0.000000 0.000000 -1.000000
vn 0.000000 0.000000 -1.000000
vn 0.000000 0.000000 -1.000000
vn 0.012482 0.999922 0.000000
vn 0.012482 0.999922 0.000000
vn 0.058552 0.998284 0.000000
vn 0.058552 0.998284 0.000000
vn 0.000000 0.000000 1.000000
vn 0.000000 0.000000 1.000000
vn 0.000000 0.000000 1.000000
vn 0.000000 0.000000 1.000000
vn -0.008628 -0.999963 0.000000
vn -0.008628 -0.999963 0.000000
vn 0.000000 0.000000 -1.000000
vn 0.000000 0.000000 -1.000000
vn 0.008628 0.999963 0.000000
vn 0.008628 0.999963 0.000000
vn 0.000000 0.000000 1.000000
vn 0.000000 0.000000 1.000000
vn 0.000001 0.000000 1.000000
vn 0.000001 0.000000 1.000000
vn 0.538291 0.842759 0.000000
vn 0.538291 0.842759 0.000000
vn 0.000000 0.000000 -1.000000
vn 0.000000 0.000000 -1.000000
vn -0.538291 -0.842759 0.000000
vn -0.538291 -0.842759 0.000000
vn -0.000001 0.000000 1.000000
vn 0.000000 0.000000 1.000000
vn 0.000000 0.000000 1.000000
vn -0.000000 0.000000 1.000000
vn 0.991487 -0.130204 0.000000
vn 0.980043 -0.198785 0.000000
vn 0.980043 -0.198785 0.000000
vn 0.991487 -0.130204 0.000000
vn 0.000000 0.000000 -1.000000
vn 0.000000 0.000000 -1.000000
vn 0.000000 0.000000 -1.000000
vn 0.000000 0.000000 -1.000000
vn -0.993519 0.113667 0.000000
vn -0.953865 0.300237 0.000000
vn -0.953865 0.300237 0.000000
vn -0.993519 0.113667 0.000000
vn 0.438568 0.898698 0.000000
vn 0.438568 0.898698 0.000000
vn 0.438568 0.898698 0.000000
vn 0.438568 0.898698 0.000000
vn -0.065464 -0.997855 0.000000
vn -0.065464 -0.997855 0.000000
vn -0.065464 -0.997855 0.000000
vn -0.065464 -0.997855 0.000000
vn -0.998936 -0.046125 0.000000
vn -0.998936 -0.046125 0.000000
vn 0.000000 0.000000 -1.000000
vn 0.000000 0.000000 -1.000000
vn 0.998856 -0.047814 0.000000
vn 0.998856 -0.047814 0.000000
vn -0.000002 0.000000 1.000000
vn -0.000002 0.000000 1.000000
vn -0.000001 0.000000 1.000000
vn -0.000001 0.000000 1.000000
vn -0.000001 0.000000 1.000000
vn -0.000001 0.000000 1.000000
vn 0.613136 -0.789977 0.000000
vn 0.463664 -0.886011 0.000000
vn 0.463664 -0.886011 0.000000
vn 0.613136 -0.789977 0.000000
vn -0.000000 0.000000 -1.000000
vn -0.000001 0.000000 -1.000000
vn -0.000001 0.000000 -1.000000
vn -0.000000 0.000000 -1.000000
vn -0.645487 0.763771 0.000000
vn -0.525662 0.850694 0.000000
vn -0.525662 0.850694 0.000000
vn -0.645487 0.763771 0.000000
vn 0.938736 0.344638 0.000000
vn 0.938736 0.344638 0.000000
vn 0.938736 0.344638 0.000000
vn 0.938736 0.344638 0.000000
vn -0.806882 -0.590713 0.000000
vn -0.806882 -0.590713 0.000000
vn -0.806882 -0.590713 0.000000
vn -0.806882 -0.590713 0.000000
vn -0.736725 0.676192 0.000000
vn -0.736725 0.676192 0.000000
vn 0.000000 0.000000 -1.000000
vn 0.000000 0.000000 -1.000000
vn 0.745000 -0.667064 0.000000
vn 0.745000 -0.667064 0.000000
vn -0.000001 0.000000 1.000000
vn -0.000001 0.000000 1.000000
vn 0.000001 0.000000 1.000000
vn 0.000000 0.000000 1.000000
vn 0.000000 0.000000 1.000000
vn 0.000000 0.000000 1.000000
vn -0.998035 -0.062666 0.000000
vn -0.998035 -0.062666 0.000000
vn -0.991685 -0.128691 0.000000
vn -0.991685 -0.128691 0.000000
vn -0.000000 0.000000 -1.000000
vn -0.000000 0.000000 -1.000000
vn 0.000000 0.000000 -1.000000
vn 0.000000 0.000000 -1.000000
vn 0.998707 0.050837 0.000000
vn 0.998707 0.050837 0.000000
vn 0.970912 0.239437 0.000000
vn 0.970912 0.239437 0.000000
vn -0.395550 0.918444 0.000000
vn -0.395550 0.918444 0.000000
vn -0.395550 0.918444 0.000000
vn -0.395550 0.918444 0.000000
vn 0.002218 -0.999998 0.000000
vn 0.002218 -0.999998 0.000000
vn 0.002218 -0.999998 0.000000
vn 0.002218 -0.999998 0.000000
vn 0.994052 -0.108906 0.000000
vn 0.994052 -0.108906 0.000000
vn -0.000000 0.000000 -1.000000
vn -0.000000 0.000000 -1.000000
vn -0.999885 0.015190 0.000000
vn -0.999885 0.015190 0.000000
vn 0.000001 0.000000 1.000000
vn 0.000001 0.000000 1.000000
vn 0.000000 0.000000 1.000000
vn 0.000000 0.000000 1.000000
vn 0.000000 0.000000 1.000000
vn 0.000000 0.000000 1.000000
vn -0.931601 -0.363483 0.000000
vn -0.931601 -0.363483 0.000000
vn -0.894590 -0.446888 0.000000
vn -0.894590 -0.446888 0.000000
vn 0.000000 0.000000 -1.000000
vn 0.000000 0.000000 -1.000000
vn 0.000000 0.000000 -1.000000
vn 0.000000 0.000000 -1.000000
vn 0.938538 0.345176 0.000000
vn 0.938538 0.345176 0.000000
vn 0.855979 0.517010 0.000000
vn 0.855979 0.517010 0.000000
vn -0.775717 0.631081 0.000000
vn -0.775717 0.631081 0.000000
vn -0.775717 0.631081 0.000000
vn -0.775717 0.631081 0.000000
vn 0.299135 -0.954211 0.000000
vn 0.299135 -0.954211 0.000000
vn 0.299135 -0.954211 0.000000
vn 0.299135 -0.954211 0.000000
vn 0.981540 0.191259 0.000000
vn 0.981540 0.191259 0.000000
vn 0.000000 0.000000 -1.000000
vn 0.000000 0.000000 -1.000000
vn -0.959273 -0.282479 0.000000
vn -0.959273 -0.282479 0.000000
vn 0.000000 0.000000 1.000000
vn 0.000000 0.000000 1.000000
vn 0.000000 0.000000 1.000000
vn -0.000000 0.000000 1.000000
vn -0.000001 0.000000 1.000000
vn -0.000001 0.000000 1.000000
vn -0.613136 -0.789977 0.000000
vn -0.613136 -0.789977 0.000000
vn -0.463664 -0.886011 0.000000
vn -0.463664 -0.886011 0.000000
vn 0.000000 0.000000 -1.000000
vn 0.000000 0.000000 -1.000000
vn 0.000000 0.000000 -1.000000
vn 0.000000 0.000000 -1.000000
vn 0.645487 0.763771 0.000000
vn 0.645487 0.763771 0.000000
vn 0.525662 0.850694 0.000000
vn 0.525662 0.850694 0.000000
vn -0.938736 0.344638 0.000000
vn -0.938736 0.344638 0.000000
vn -0.938736 0.344638 0.000000
vn -0.938736 0.344638 0.000000
vn 0.806882 -0.590713 0.000000
vn 0.806882 -0.590713 0.000000
vn 0.806882 -0.590713 0.000000
vn 0.806882 -0.590713 0.000000
vn 0.736726 0.676192 0.000000
vn 0.736726 0.676192 0.000000
vn 0.000000 0.000000 -1.000000
vn 0.000000 0.000000 -1.000000
vn -0.745000 -0.667065 0.000000
vn -0.745000 -0.667065 0.000000
vn 0.000001 0.000000 1.000000
vn 0.000001 0.000000 1.000000
vn 0.000000 0.000000 1.000000
vn 0.000000 0.000000 1.000000
vn 0.000000 0.000000 1.000000
vn 0.000000 0.000000 1.000000
vn 0.915074 -0.403286 0.000000
vn 0.874481 -0.485061 0.000000
vn 0.874481 -0.485061 0.000000
vn 0.915074 -0.403286 0.000000
vn -0.000001 0.000000 -1.000000
vn -0.000000 0.000000 -1.000000
vn -0.000000 0.000000 -1.000000
vn -0.000001 0.000000 -1.000000
vn -0.922798 0.385285 0.000000
vn -0.832857 0.553488 0.000000
vn -0.832857 0.553488 0.000000
vn -0.922798 0.385285 0.000000
vn 0.802147 0.597127 0.000000
vn 0.802147 0.597127 0.000000
vn 0.802147 0.597127 0.000000
vn 0.802147 0.597127 0.000000
vn -0.340186 -0.940358 0.000000
vn -0.340186 -0.940358 0.000000
vn -0.340186 -0.940358 0.000000
vn -0.340186 -0.940358 0.000000
vn -0.972407 0.233292 0.000000
vn -0.972407 0.233292 0.000000
vn -0.000001 0.000000 -1.000000
vn -0.000001 0.000000 -1.000000
vn 0.946225 -0.323510 0.000000
vn 0.946225 -0.323510 0.000000
vn 0.000000 0.000000 1.000000
vn 0.000000 0.000000 1.000000
vn -0.000001 0.000000 1.000000
vn -0.000001 0.000000 1.000000
vn -0.000001 0.000000 1.000000
vn -0.000001 0.000000 1.000000
vn 0.613136 -0.789977 0.000000
vn 0.463664 -0.886011 0.000000
vn 0.463664 -0.886011 0.000000
vn 0.613136 -0.789977 0.000000
vn -0.000000 0.000000 -1.000000
vn -0.000001 0.000000 -1.000000
vn -0.000001 0.000000 -1.000000
vn -0.000000 0.000000 -1.000000
vn -0.645487 0.763771 0.000000
vn -0.525662 0.850694 0.000000
vn -0.525662 0.850694 0.000000
vn -0.645487 0.763771 0.000000
vn 0.938736 0.344638 0.000000
vn 0.938736 0.344638 0.000000
vn 0.938736 0.344638 0.000000
vn 0.938736 0.344638 0.000000
vn -0.806882 -0.590713 0.000000
vn -0.806882 -0.590713 0.000000
vn -0.806882 -0.590713 0.000000
vn -0.806882 -0.590713 0.000000
vn -0.736726 0.676192 0.000000
vn -0.736726 0.676192 0.000000
vn 0.000000 0.000000 -1.000000
vn 0.000000 0.000000 -1.000000
vn 0.745000 -0.667065 0.000000
vn 0.745000 -0.667065 0.000000
vn -0.000001 0.000000 1.000000
vn -0.000001 0.000000 1.000000
vn 0.160395 0.987053 0.000000
vn 0.160395 0.987053 0.000000
vn 0.268067 0.963400 0.000000
vn 0.268067 0.963400 0.000000
vn 0.000000 0.000000 -1.000000
vn 0.000000 0.000000 -1.000000
vn 0.000002 0.000000 -1.000000
vn 0.000002 0.000000 -1.000000
vn 0.183363 -0.983045 0.000000
vn 0.183363 -0.983045 0.000000
vn 0.391932 -0.919994 0.000000
vn 0.391932 -0.919994 0.000000
vn 0.948419 -0.317021 0.000000
vn 0.948419 -0.317021 0.000000
vn 0.948419 -0.317021 0.000000
vn 0.948419 -0.317021 0.000000
vn -0.951185 -0.308621 0.000000
vn -0.951185 -0.308621 0.000000
vn -0.951185 -0.308621 0.000000
vn -0.951185 -0.308621 0.000000
vn -0.182742 -0.983161 0.000000
vn -0.182742 -0.983161 0.000000
vn -0.000000 0.000000 -1.000000
vn -0.000000 0.000000 -1.000000
vn -0.138359 0.990382 0.000000
vn -0.138359 0.990382 0.000000
vn -0.401041 -0.916060 0.000000
vn -0.401041 -0.916060 0.000000
vn 0.000000 0.000000 -1.000000
vn 0.000000 0.000000 -1.000000
vn -0.238568 0.971126 0.000000
vn -0.238568 0.971126 0.000000
vn 0.000000 0.000000 -1.000000
vn 0.000000 0.000000 -1.000000
vn 0.000000 0.000000 -1.000000
vn 0.000000 0.000000 -1.000000
vn 0.000001 0.000000 -1.000000
vn 0.000001 0.000000 -1.000000
vn 0.000001 0.000000 -1.000000
vn 0.000001 0.000000 -1.000000
vn 0.000000 0.000000 -1.000000
vn 0.000000 0.000000 -1.000000
vn 0.000000 0.000000 -1.000000
vn 0.000000 0.000000 -1.000000
vn -0.000002 0.000000 -1.000000
vn -0.000002 0.000000 -1.000000
vn -0.000002 0.000000 -1.000000
vn -0.000002 0.000000 -1.000000
vn -0.000002 0.000000 -1.000000
vn -0.000002 0.000000 -1.000000
vn -0.000002 0.000000 -1.000000
vn -0.000002 0.000000 -1.000000
vn -0.000001 0.000000 -1.000000
vn -0.000001 0.000000 -1.000000
vn -0.000001 0.000000 -1.000000
vn -0.000001 0.000000 -1.000000
vn 0.000000 0.000000 -1.000000
vn 0.000000 0.000000 -1.000000
vn 0.000000 0.000000 -1.000000
vn 0.000000 0.000000 -1.000000
vn -0.000002 0.000000 -1.000000
vn -0.000002 0.000000 -1.000000
vn -0.000002 0.000000 -1.000000
vn -0.000002 0.000000 -1.000000
vn -0.177830 -0.639106 -0.748278
vn -0.177830 -0.639106 -0.748278
vn -0.177830 -0.639106 -0.748278
vn -0.177830 -0.639106 -0.748278
vn -0.587199 0.196277 -0.785285
vn -0.587199 0.196277 -0.785285
vn -0.587199 0.196277 -0.785285
vn -0.587199 0.196277 -0.785285
vn -0.258890 0.607700 -0.750784
vn -0.258890 0.607700 -0.750784
vn -0.258890 0.607700 -0.750784
vn -0.258890 0.607700 -0.750784
vn -0.002420 -0.687350 -0.726322
vn -0.002420 -0.687350 -0.726322
vn -0.002420 -0.687350 -0.726322
vn -0.002420 -0.687350 -0.726322
vn -0.002399 0.687344 -0.726328
vn -0.002399 0.687344 -0.726328
vn -0.002399 0.687344 -0.726328
vn -0.002399 0.687344 -0.726328
vn 0.158011 -0.643212 -0.749207
vn 0.158011 -0.643212 -0.749207
vn 0.158011 -0.643212 -0.749207
vn 0.158011 -0.643212 -0.749207
vn 0.264023 0.603074 -0.752724
vn 0.264023 0.603074 -0.752724
vn 0.264023 0.603074 -0.752725
vn 0.264023 0.603074 -0.752725
vn 0.589927 0.191406 -0.784443
vn 0.589927 0.191406 -0.784443
vn 0.589927 0.191406 -0.784443
vn 0.589927 0.191406 -0.784443
vn 0.000000 0.000000 1.000000
vn 0.000000 0.000000 1.000000
vn 0.000000 0.000000 1.000000
vn 0.000000 0.000000 1.000000
vn -0.931601 -0.363483 0.000000
vn -0.931601 -0.363483 0.000000
vn -0.894590 -0.446888 0.000000
vn -0.894590 -0.446888 0.000000
vn 0.000000 0.000000 -1.000000
vn 0.000000 0.000000 -1.000000
vn 0.000000 0.000000 -1.000000
vn 0.000000 0.000000 -1.000000
vn 0.938538 0.345176 0.000000
vn 0.938538 0.345176 0.000000
vn 0.855979 0.517010 0.000000
vn 0.855979 0.517010 0.000000
vn -0.775717 0.631081 0.000000
vn -0.775717 0.631081 0.000000
vn -0.775717 0.631081 0.000000
vn -0.775717 0.631081 0.000000
vn 0.299135 -0.954211 0.000000
vn 0.299135 -0.954211 0.000000
vn 0.299135 -0.954211 0.000000
vn 0.299135 -0.954211 0.000000
vn 0.981540 0.191259 0.000000
vn 0.981540 0.191259 0.000000
vn 0.000000 0.000000 -1.000000
vn 0.000000 0.000000 -1.000000
vn -0.959273 -0.282480 0.000000
vn -0.959273 -0.282480 0.000000
vn 0.000000 0.000000 1.000000
vn 0.000000 0.000000 1.000000
vn 0.000000 0.000000 1.000000
vn -0.000000 0.000000 1.000000
vn -0.000001 0.000000 1.000000
vn -0.000001 0.000000 1.000000
vn -0.613136 -0.789977 0.000000
vn -0.613136 -0.789977 0.000000
vn -0.463664 -0.886011 0.000000
vn -0.463664 -0.886011 0.000000
vn 0.000000 0.000000 -1.000000
vn 0.000000 0.000000 -1.000000
vn 0.000000 0.000000 -1.000000
vn 0.000000 0.000000 -1.000000
vn 0.645488 0.763771 0.000000
vn 0.645488 0.763771 0.000000
vn 0.525662 0.850694 0.000000
vn 0.525662 0.850694 0.000000
vn -0.938736 0.344638 0.000000
vn -0.938736 0.344638 0.000000
vn -0.938736 0.344638 0.000000
vn -0.938736 0.344638 0.000000
vn 0.806882 -0.590713 0.000000
vn 0.806882 -0.590713 0.000000
vn 0.806882 -0.590713 0.000000
vn 0.806882 -0.590713 0.000000
vn 0.736726 0.676191 0.000000
vn 0.736726 0.676191 0.000000
vn 0.000000 0.000000 -1.000000
vn 0.000000 0.000000 -1.000000
vn -0.745000 -0.667065 0.000000
vn -0.745000 -0.667065 0.000000
vn 0.000001 0.000000 1.000000
vn 0.000001 0.000000 1.000000
vn 0.160395 0.987053 0.000000
vn 0.160395 0.987053 0.000000
vn 0.268067 0.963400 0.000000
vn 0.268067 0.963400 0.000000
vn 0.000000 0.000000 -1.000000
vn 0.000000 0.000000 -1.000000
vn 0.000002 0.000000 -1.000000
vn 0.000002 0.000000 -1.000000
vn 0.183363 -0.983045 0.000000
vn 0.183363 -0.983045 0.000000
vn 0.391931 -0.919995 0.000000
vn 0.391931 -0.919995 0.000000
vn 0.948419 -0.317021 0.000000
vn 0.948419 -0.317021 0.000000
vn 0.948419 -0.317021 0.000000
vn 0.948419 -0.317021 0.000000
vn -0.951185 -0.308621 0.000000
vn -0.951185 -0.308621 0.000000
vn -0.951185 -0.308621 0.000000
vn -0.951185 -0.308621 0.000000
vn -0.182742 -0.983161 0.000000
vn -0.182742 -0.983161 0.000000
vn 0.000001 0.000000 -1.000000
vn 0.000001 0.000000 -1.000000
vn -0.138359 0.990382 0.000000
vn -0.138359 0.990382 0.000000
vn -0.401041 -0.916060 0.000000
vn -0.401041 -0.916060 0.000000
vn 0.000002 0.000000 -1.000000
vn 0.000002 0.000000 -1.000000
vn -0.238568 0.971126 0.000000
vn -0.238568 0.971126 0.000000
vn 0.000000 0.000000 -1.000000
vn 0.000000 0.000000 -1.000000
vn 0.000000 0.000000 -1.000000
vn 0.000000 0.000000 -1.000000
vn 0.000001 0.000000 -1.000000
vn 0.000001 0.000000 -1.000000
vn 0.000001 0.000000 -1.000000
vn 0.000001 0.000000 -1.000000
vn 0.000000 0.000000 -1.000000
vn 0.000000 0.000000 -1.000000
vn 0.000000 0.000000 -1.000000
vn 0.000000 0.000000 -1.000000
vn -0.000002 0.000000 -1.000000
vn -0.000002 0.000000 -1.000000
vn -0.000002 0.000000 -1.000000
vn -0.000002 0.000000 -1.000000
vn -0.000002 0.000000 -1.000000
vn -0.000002 0.000000 -1.000000
vn -0.000002 0.000000 -1.000000
vn -0.000002 0.000000 -1.000000
vn -0.000001 0.000000 -1.000000
vn -0.000001 0.000000 -1.000000
vn -0.000001 0.000000 -1.000000
vn -0.000001 0.000000 -1.000000
vn 0.000000 0.000000 -1.000000
vn 0.000000 0.000000 -1.000000
vn 0.000000 0.000000 -1.000000
vn 0.000000 0.000000 -1.000000
vn -0.000002 0.000000 -1.000000
vn -0.000002 0.000000 -1.000000
vn -0.000002 0.000000 -1.000000
vn -0.000002 0.000000 -1.000000
vn -0.177832 -0.639113 -0.748272
vn -0.177832 -0.639113 -0.748272
vn -0.177832 -0.639113 -0.748272
vn -0.177832 -0.639113 -0.748272
vn -0.587201 0.196278 -0.785283
vn -0.587201 0.196278 -0.785283
vn -0.587201 0.196278 -0.785283
vn -0.587201 0.196278 -0.785283
vn -0.258892 0.607703 -0.750781
vn -0.258892 0.607703 -0.750781
vn -0.258892 0.607703 -0.750781
vn -0.258892 0.607703 -0.750781
vn -0.002420 -0.687350 -0.726322
vn -0.002420 -0.687350 -0.726322
vn -0.002420 -0.687350 -0.726322
vn -0.002420 -0.687350 -0.726322
vn -0.002398 0.687346 -0.726326
vn -0.002398 0.687346 -0.726326
vn -0.002398 0.687346 -0.726326
vn -0.002398 0.687346 -0.726326
vn 0.158009 -0.643204 -0.749214
vn 0.158009 -0.643204 -0.749214
vn 0.158009 -0.643204 -0.749214
vn 0.158010 -0.643204 -0.749214
vn 0.264021 0.603075 -0.752724
vn 0.264021 0.603075 -0.752724
vn 0.264021 0.603075 -0.752724
vn 0.264022 0.603075 -0.752724
vn 0.589925 0.191406 -0.784444
vn 0.589925 0.191406 -0.784444
vn 0.589925 0.191406 -0.784444
vn 0.589925 0.191406 -0.784444
vn -0.000001 0.000000 1.000000
vn -0.000001 0.000000 1.000000
vn -0.000001 0.000000 1.000000
vn -0.000001 0.000000 1.000000
vn 0.613136 -0.789977 0.000000
vn 0.463664 -0.886011 0.000000
vn 0.463664 -0.886011 0.000000
vn 0.613136 -0.789977 0.000000
vn -0.000000 0.000000 -1.000000
vn -0.000001 0.000000 -1.000000
vn -0.000001 0.000000 -1.000000
vn -0.000000 0.000000 -1.000000
vn -0.645487 0.763771 0.000000
vn -0.525662 0.850694 0.000000
vn -0.525662 0.850694 0.000000
vn -0.645487 0.763771 0.000000
vn 0.938736 0.344638 0.000000
vn 0.938736 0.344638 0.000000
vn 0.938736 0.344638 0.000000
vn 0.938736 0.344638 0.000000
vn -0.806882 -0.590713 0.000000
vn -0.806882 -0.590713 0.000000
vn -0.806882 -0.590713 0.000000
vn -0.806882 -0.590713 0.000000
vn -0.736725 0.676192 0.000000
vn -0.736725 0.676192 0.000000
vn 0.000000 0.000000 -1.000000
vn 0.000000 0.000000 -1.000000
vn 0.745000 -0.667064 0.000000
vn 0.745000 -0.667064 0.000000
vn -0.000001 0.000000 1.000000
vn -0.000001 0.000000 1.000000
vn 0.000000 0.000000 1.000000
vn 0.000001 0.000000 1.000000
vn 0.000001 0.000000 1.000000
vn 0.000001 0.000000 1.000000
vn 0.932676 -0.360716 0.000000
vn 0.895891 -0.444274 0.000000
vn 0.895891 -0.444274 0.000000
vn 0.932676 -0.360716 0.000000
vn 0.000000 0.000000 -1.000000
vn 0.000000 0.000000 -1.000000
vn 0.000000 0.000000 -1.000000
vn 0.000000 0.000000 -1.000000
vn -0.939562 0.342380 0.000000
vn -0.857463 0.514546 0.000000
vn -0.857463 0.514546 0.000000
vn -0.939562 0.342380 0.000000
vn 0.773796 0.633434 0.000000
vn 0.773796 0.633434 0.000000
vn 0.773796 0.633434 0.000000
vn 0.773796 0.633434 0.000000
vn -0.296520 -0.955027 0.000000
vn -0.296520 -0.955027 0.000000
vn -0.296520 -0.955027 0.000000
vn -0.296520 -0.955027 0.000000
vn -0.982119 0.188264 0.000000
vn -0.982119 0.188264 0.000000
vn 0.000000 0.000000 -1.000000
vn 0.000000 0.000000 -1.000000
vn 0.960119 -0.279591 0.000000
vn 0.960119 -0.279591 0.000000
vn 0.000000 0.000000 1.000000
vn 0.000000 0.000000 1.000000
vn 0.000000 -0.248614 0.968603
vn 0.000000 -0.248614 0.968603
vn 0.000000 0.000000 1.000000
vn 0.000000 0.000000 1.000000
vn 0.000000 1.000000 0.000000
vn 0.000000 1.000000 0.000000
vn 0.000000 1.000000 0.000000
vn 0.000000 1.000000 0.000000
vn 0.000000 0.000000 -1.000000
vn 0.000000 0.000000 -1.000000
vn 0.000000 -0.248614 -0.968603
vn 0.000000 -0.248614 -0.968603
vn 0.975839 -0.218491 0.000000
vn 0.975839 -0.218491 0.000000
vn 1.000000 0.000000 0.000000
vn 1.000000 0.000000 0.000000
vn -0.975839 -0.218491 0.000000
vn -0.975839 -0.218491 0.000000
vn -1.000000 0.000000 0.000000
vn -1.000000 0.000000 0.000000
vn 0.000000 -0.651299 0.758821
vn 0.000000 -0.651299 0.758821
vn 0.788161 -0.615469 0.000000
vn 0.788161 -0.615469 0.000000
vn 0.000000 -0.651299 -0.758821
vn 0.000000 -0.651299 -0.758821
vn -0.788162 -0.615467 0.000000
vn -0.788162 -0.615467 0.000000
vn 0.000000 0.083929 0.996472
vn 0.000000 0.083929 0.996472
vn 0.000000 0.083929 0.996472
vn 0.000000 0.083929 0.996472
vn 0.997077 0.076405 0.000000
vn 0.997077 0.076405 0.000000
vn 0.997077 0.076405 0.000000
vn 0.997077 0.076405 0.000000
vn 0.000000 0.083929 -0.996472
vn 0.000000 0.083929 -0.996472
vn 0.000000 0.083929 -0.996472
vn 0.000000 0.083929 -0.996472
vn -0.997077 0.076405 0.000000
vn -0.997077 0.076405 0.000000
vn -0.997077 0.076405 0.000000
vn -0.997077 0.076405 0.000000
vn 0.000000 0.317654 0.948207
vn 0.000000 0.317654 0.948207
vn 0.000000 0.781942 0.623352
vn 0.000000 0.781942 0.623352
vn 0.961084 0.276256 0.000000
vn 0.961084 0.276256 0.000000
vn 0.659022 0.752123 0.000000
vn 0.659022 0.752123 0.000000
vn 0.000000 0.781942 -0.623352
vn 0.000000 0.781942 -0.623352
vn 0.000000 0.317654 -0.948207
vn 0.000000 0.317654 -0.948207
vn -0.961084 0.276257 0.000000
vn -0.961084 0.276257 0.000000
vn -0.659022 0.752124 0.000000
vn -0.659022 0.752124 0.000000
vn 0.000000 0.000000 1.000000
vn 0.000000 0.000000 1.000000
vn 1.000000 0.000000 0.000000
vn 1.000000 0.000000 0.000000
vn 0.000000 0.000000 -1.000000
vn 0.000000 0.000000 -1.000000
vn -1.000000 0.000000 0.000000
vn -1.000000 0.000000 0.000000
s 1
g pCube80
usemtl initialShadingGroup
f 9/29/1 10/30/2 4/31/3 3/32/4
s off
f 3/25/5 4/26/6 6/27/7 5/28/8
s 2
f 5/28/9 6/27/10 11/41/11 12/42/12
s 3
f 10/1/13 11/2/14 6/3/15 4/4/16
s 4
f 12/13/17 9/14/18 3/15/19 5/16/20
s 1
f 13/33/21 14/34/22 10/30/2 9/29/1
s 3
f 14/5/23 15/6/24 11/2/14 10/1/13
s 2
f 12/42/12 11/41/11 15/43/25 16/44/26
s 4
f 16/17/27 13/18/28 9/14/18 12/13/17
s off
f 17/35/29 18/36/30 14/34/31 13/33/32
f 18/7/33 19/8/34 15/6/35 14/5/36
f 16/44/37 15/43/38 19/45/39 20/46/40
f 20/19/41 17/20/42 13/18/43 16/17/44
s 5
f 21/37/45 22/38/46 18/36/47 17/35/48
s 6
f 22/9/49 23/10/50 19/8/51 18/7/52
s 7
f 20/46/53 19/45/54 23/47/55 24/48/56
s 8
f 24/21/57 21/22/58 17/20/59 20/19/60
s 5
f 1/39/61 2/40/62 22/38/46 21/37/45
s 6
f 2/11/63 8/12/64 23/10/50 22/9/49
s 7
f 24/48/56 23/47/55 8/49/65 7/50/66
s 8
f 7/23/67 1/24/68 21/22/58 24/21/57
s 9
f 36/51/69 28/54/70 26/53/71 33/52/72
s 10
f 35/55/73 30/58/74 28/57/75 36/56/76
s 11
f 34/59/77 32/62/78 30/61/79 35/60/80
s 12
f 33/63/81 26/66/82 32/65/83 34/64/84
s off
f 26/67/85 28/57/86 30/58/87 32/68/88
f 31/69/89 29/72/90 27/71/91 25/70/92
s 12
f 31/69/93 25/70/94 33/63/81 34/64/84
s 11
f 29/73/95 31/74/96 34/59/77 35/60/80
s 10
f 27/75/97 29/76/98 35/55/73 36/56/76
s 9
f 25/77/99 27/78/100 36/51/69 33/52/72
s off
f 93/79/101 92/80/102 39/81/103 40/82/104
f 360/83/105 93/84/106 40/85/107 361/86/108
s 13
f 42/87/109 362/88/110 361/86/111 40/85/112
s 14
f 69/89/113 70/90/114 71/91/115 72/92/116
f 73/93/117 74/94/118 75/95/119
s 13
f 44/96/120 363/97/121 362/88/110 42/87/109
s 14
f 77/98/122 78/99/123 74/94/118 73/93/117
s 13
f 46/100/124 364/101/125 363/97/121 44/96/120
s 16
f 81/102/126 80/103/127 82/104/128 83/105/129
s 13
f 37/106/130 365/107/131 364/101/125 46/100/124
s off
f 42/108/132 40/82/133 49/109/134 48/110/135
f 40/82/136 39/81/137 50/111/138 49/109/139
f 39/81/140 41/112/141 47/113/142 50/111/143
f 44/114/144 42/108/145 48/110/146 59/115/147 52/116/148
f 41/112/149 43/117/150 51/118/151 47/113/152
f 46/119/153 44/114/154 52/116/155 64/120/156 54/121/157
f 43/117/158 45/122/159 53/123/160 63/124/161 57/125/162 51/118/163
f 37/126/164 46/119/165 54/121/166 55/127/167
f 45/122/168 38/128/169 56/129/170 53/123/171
f 38/128/172 37/126/173 55/127/174 68/130/175 67/131/176 56/129/177
s 17
f 63/124/178 65/132/179 66/133/180 64/120/181 52/116/182 58/134/183 60/135/184 57/125/185
f 59/115/186 62/136/187 61/137/188 52/116/182
s 16
f 84/138/189 82/104/128 80/103/127 85/139/190
f 86/140/191 87/141/192 88/142/193 89/143/194
f 90/144/195 87/141/192 86/140/191 91/145/196
f 88/142/193 87/141/192 82/104/128 84/138/189
f 83/105/129 82/104/128 87/141/192 90/144/195
s 14
f 69/89/113 76/146/197 79/147/198 70/90/114
s off
f 48/110/199 49/109/200 71/91/201 70/90/202
f 49/109/203 50/111/204 72/92/205 71/91/206
f 50/111/207 47/113/208 69/89/209 72/92/210
s 19
f 58/134/211 61/137/212 75/95/213 74/94/214
f 61/137/212 62/136/215 76/146/216 75/95/213
s 20
f 47/113/217 51/118/218 73/93/219 69/89/220
s 19
f 57/125/221 60/135/222 78/99/223 77/98/224
f 60/135/222 58/134/211 74/94/214 78/99/223
s 20
f 51/118/218 57/125/225 77/98/226 73/93/219
s 19
f 62/136/215 59/115/227 79/147/228 76/146/216
s off
f 59/115/229 48/110/230 70/90/231 79/147/232
f 55/127/233 54/121/234 80/103/235 81/102/236
f 68/130/237 55/127/238 81/102/239 83/105/240
f 54/121/241 64/120/242 85/139/243 80/103/244
s 21
f 64/120/245 66/133/246 84/138/247 85/139/248
f 65/132/249 63/124/250 89/143/251 88/142/252
s off
f 63/124/253 53/123/254 86/140/255 89/143/256
f 53/123/257 56/129/258 91/145/259 86/140/260
f 56/129/261 67/131/262 90/144/263 91/145/264
s 21
f 66/133/246 65/132/249 88/142/252 84/138/247
s off
f 67/131/265 68/130/266 83/105/267 90/144/268
s 14
f 73/93/117 75/95/119 76/146/197 69/89/113
s 17
f 52/116/182 61/137/188 58/134/183
s 22
f 94/148/269 120/149/270 379/150/271 378/151/272
s 23
f 104/152/273 359/153/274 358/154/275 103/155/276
f 358/154/275 357/156/277 112/157/278 103/155/276
f 355/158/279 354/159/280 109/160/281 119/161/282
f 354/159/280 353/162/283 110/163/284 109/160/281
f 353/164/283 352/165/285 115/166/286 110/167/284
f 357/168/277 356/169/287 111/170/288 112/171/278
f 356/169/287 355/158/279 119/161/282 111/170/288
s 22
f 382/172/289 381/173/290 113/174/291 117/175/292
f 381/173/290 380/176/293 114/177/294 113/174/291
f 380/178/293 379/150/271 120/149/270 114/179/294
s 23
f 352/165/285 351/180/295 116/181/296 115/166/286
s 22
f 383/182/297 382/172/289 117/175/292 118/183/298
f 383/182/297 118/183/298 126/184/299 384/185/300
s off
f 97/186/301 98/187/302 104/188/303 103/189/304
f 102/190/305 101/191/306 109/192/307 110/193/308
f 99/194/309 100/195/310 112/196/311 111/197/312
f 113/198/313 114/199/314 108/200/315 107/201/316
f 116/202/317 106/203/318 105/204/319 115/205/320
f 120/206/321 94/207/322 95/208/323 121/209/324
f 117/210/325 113/198/326 107/201/327 122/211/328
f 114/199/329 120/206/330 121/209/331 108/200/332
f 118/212/333 117/210/334 122/211/335 123/213/336
f 101/191/337 124/214/338 119/215/339 109/192/340
f 124/214/341 99/194/342 111/197/343 119/215/344
f 96/216/345 125/217/346 104/188/347 98/187/348
f 118/212/349 123/213/350 106/203/351 116/202/352 126/218/353
f 100/195/354 97/186/355 103/189/356 112/196/357
f 105/204/358 102/190/359 110/193/360 115/205/361
f 104/219/362 125/220/363 92/80/364 93/79/365
f 116/181/366 351/180/367 350/221/368 128/222/369
f 384/185/370 126/184/371 127/223/372 385/224/373
f 126/225/374 116/226/375 128/227/376 127/228/377
f 93/84/378 360/83/379 359/153/380 104/152/381
f 128/222/382 350/221/383 349/229/384 131/230/385
f 127/228/386 128/227/387 131/231/388 132/232/389
f 385/224/390 127/223/391 132/233/392 386/234/393
s 26
f 134/235/394 387/236/395 386/234/396 132/233/397
s 27
f 349/229/398 348/237/399 133/238/400 131/230/401
s 28
f 161/239/402 162/240/403 163/241/404 164/242/405
f 165/243/406 166/244/407 167/245/408
s 26
f 136/246/409 388/247/410 387/236/395 134/235/394
s 27
f 133/238/400 348/237/399 347/248/411 135/249/412
s 28
f 169/250/413 170/251/414 166/244/407 165/243/406
s 26
f 138/252/415 389/253/416 388/247/410 136/246/409
s 27
f 135/249/412 347/248/411 346/254/417 137/255/418
s 30
f 173/256/419 172/257/420 174/258/421 175/259/422
s 26
f 129/260/423 390/261/424 389/253/416 138/252/415
s 27
f 137/255/418 346/254/417 345/262/425 130/263/426
s off
f 134/264/427 132/232/428 141/265/429 140/266/430
f 132/232/431 131/231/432 142/267/433 141/265/434
f 131/231/435 133/268/436 139/269/437 142/267/438
f 136/270/439 134/264/440 140/266/441 151/271/442 144/272/443
f 133/268/444 135/273/445 143/274/446 139/269/447
f 138/275/448 136/270/449 144/272/450 156/276/451 146/277/452
f 135/273/453 137/278/454 145/279/455 155/280/456 149/281/457 143/274/458
f 129/282/459 138/275/460 146/277/461 147/283/462
f 137/278/463 130/284/464 148/285/465 145/279/466
f 130/284/467 129/282/468 147/283/469 160/286/470 159/287/471 148/285/472
s 31
f 155/280/473 157/288/474 158/289/475 156/276/476 144/272/477 150/290/478 152/291/479 149/281/480
f 151/271/481 154/292/482 153/293/483 144/272/477
s 30
f 176/294/484 174/258/421 172/257/420 177/295/485
f 178/296/486 179/297/487 180/298/488 181/299/489
f 182/300/490 179/297/487 178/296/486 183/301/491
f 180/298/488 179/297/487 174/258/421 176/294/484
f 175/259/422 174/258/421 179/297/487 182/300/490
s 28
f 161/239/402 168/302/492 171/303/493 162/240/403
s off
f 140/266/494 141/265/495 163/241/496 162/240/497
f 141/265/498 142/267/499 164/242/500 163/241/501
f 142/267/502 139/269/503 161/239/504 164/242/505
s 33
f 150/290/506 153/293/507 167/245/508 166/244/509
f 153/293/507 154/292/510 168/302/511 167/245/508
s 34
f 139/269/512 143/274/513 165/243/514 161/239/515
s 33
f 149/281/516 152/291/517 170/251/518 169/250/519
f 152/291/517 150/290/506 166/244/509 170/251/518
s 34
f 143/274/513 149/281/520 169/250/521 165/243/514
s 33
f 154/292/510 151/271/522 171/303/523 168/302/511
s off
f 151/271/524 140/266/525 162/240/526 171/303/527
f 147/283/528 146/277/529 172/257/530 173/256/531
f 160/286/532 147/283/533 173/256/534 175/259/535
f 146/277/536 156/276/537 177/295/538 172/257/539
s 35
f 156/276/540 158/289/541 176/294/542 177/295/543
f 157/288/544 155/280/545 181/299/546 180/298/547
s off
f 155/280/548 145/279/549 178/296/550 181/299/551
f 145/279/552 148/285/553 183/301/554 178/296/555
f 148/285/556 159/287/557 182/300/558 183/301/559
s 35
f 158/289/541 157/288/544 180/298/547 176/294/542
s off
f 159/287/560 160/286/561 175/259/562 182/300/563
s 28
f 165/243/406 167/245/408 168/302/492 161/239/402
s 31
f 144/272/477 153/293/483 150/290/478
s off
f 240/304/564 187/305/565 186/306/566 239/307/567
s 36
f 216/308/568 219/309/569 218/310/570 217/311/571
f 220/312/572 222/313/573 221/314/574
f 224/315/575 220/312/572 221/314/574 225/316/576
s 38
f 228/317/577 230/318/578 229/319/579 227/320/580
s off
f 189/321/581 195/322/582 196/323/583 187/305/584
f 187/305/585 196/323/586 197/324/587 186/306/588
f 186/306/589 197/324/590 194/325/591 188/326/592
f 191/327/593 199/328/594 206/329/595 195/322/596 189/321/597
f 188/326/598 194/325/599 198/330/600 190/331/601
f 193/332/602 201/333/603 211/334/604 199/328/605 191/327/606
f 190/331/607 198/330/608 204/335/609 210/336/610 200/337/611 192/338/612
f 184/339/613 202/340/614 201/333/615 193/332/616
f 192/338/617 200/337/618 203/341/619 185/342/620
f 185/342/621 203/341/622 214/343/623 215/344/624 202/340/625 184/339/626
s 39
f 210/336/627 204/335/628 207/345/629 205/346/630 199/328/631 211/334/632 213/347/633 212/348/634
f 206/329/635 199/328/631 208/349/636 209/350/637
s 38
f 231/351/638 232/352/639 227/320/580 229/319/579
f 233/353/640 236/354/641 235/355/642 234/356/643
f 237/357/644 238/358/645 233/353/640 234/356/643
f 235/355/642 231/351/638 229/319/579 234/356/643
f 230/318/578 237/357/644 234/356/643 229/319/579
s 36
f 216/308/568 217/311/571 226/359/646 223/360/647
s off
f 195/322/648 217/311/649 218/310/650 196/323/651
f 196/323/652 218/310/653 219/309/654 197/324/655
f 197/324/656 219/309/657 216/308/658 194/325/659
s 40
f 205/346/660 221/314/661 222/313/662 208/349/663
f 208/349/663 222/313/662 223/360/664 209/350/665
s 41
f 194/325/666 216/308/667 220/312/668 198/330/669
s 40
f 204/335/670 224/315/671 225/316/672 207/345/673
f 207/345/673 225/316/672 221/314/661 205/346/660
s 41
f 198/330/669 220/312/668 224/315/674 204/335/675
s 40
f 209/350/665 223/360/664 226/359/676 206/329/677
s off
f 206/329/678 226/359/679 217/311/680 195/322/681
f 202/340/682 228/317/683 227/320/684 201/333/685
f 215/344/686 230/318/687 228/317/688 202/340/689
f 201/333/690 227/320/691 232/352/692 211/334/693
s 42
f 211/334/694 232/352/695 231/351/696 213/347/697
f 212/348/698 235/355/699 236/354/700 210/336/701
s off
f 210/336/702 236/354/703 233/353/704 200/337/705
f 200/337/706 233/353/707 238/358/708 203/341/709
f 203/341/710 238/358/711 237/357/712 214/343/713
s 42
f 213/347/697 231/351/696 235/355/699 212/348/698
s off
f 214/343/714 237/357/715 230/318/716 215/344/717
s 36
f 220/312/572 216/308/568 223/360/647 222/313/573
s 39
f 199/328/631 205/346/630 208/349/636
s 43
f 94/148/718 378/151/719 377/361/720 265/362/721
f 374/363/722 262/364/723 258/365/724 375/366/725
f 375/366/725 258/365/724 259/367/726 376/368/727
f 376/369/727 259/370/726 265/362/721 377/361/720
f 373/371/728 263/372/729 262/364/723 374/363/722
f 373/371/728 372/373/730 271/374/731 263/372/729
s off
f 242/375/732 248/376/733 249/377/734 243/378/735
f 247/379/736 255/380/737 254/381/738 246/382/739
f 244/383/740 256/384/741 257/385/742 245/386/743
f 258/387/744 252/388/745 253/389/746 259/390/747
f 261/391/748 260/392/749 250/393/750 251/394/751
f 265/395/752 266/396/753 95/208/754 94/207/755
f 262/397/756 267/398/757 252/388/758 258/387/759
f 259/390/760 253/389/761 266/396/762 265/395/763
f 263/399/764 268/400/765 267/398/766 262/397/767
f 246/382/768 254/381/769 264/401/770 269/402/771
f 269/402/772 264/401/773 256/384/774 244/383/775
f 241/403/776 243/378/777 249/377/778 270/404/779
f 263/399/780 271/405/781 261/391/782 251/394/783 268/400/784
f 245/386/785 257/385/786 248/376/787 242/375/788
f 250/393/789 260/392/790 255/380/791 247/379/792
f 249/406/793 240/304/794 239/307/795 270/407/796
f 372/373/797 371/408/798 272/409/799 271/374/800
f 271/410/801 272/411/802 273/412/803 261/413/804
f 272/411/805 277/414/806 276/415/807 273/412/808
f 371/408/809 370/416/810 277/417/811 272/409/812
s 45
f 279/418/813 277/417/814 370/416/815 369/419/816
s 46
f 306/420/817 309/421/818 308/422/819 307/423/820
f 310/424/821 312/425/822 311/426/823
s 45
f 281/427/824 279/418/813 369/419/816 368/428/825
s 46
f 314/429/826 310/424/821 311/426/823 315/430/827
s 45
f 283/431/828 281/427/824 368/428/825 367/432/829
s 48
f 318/433/830 320/434/831 319/435/832 317/436/833
s 45
f 274/437/834 283/431/828 367/432/829 366/438/835
s off
f 279/439/836 285/440/837 286/441/838 277/414/839
f 277/414/840 286/441/841 287/442/842 276/415/843
f 276/415/844 287/442/845 284/443/846 278/444/847
f 281/445/848 289/446/849 296/447/850 285/440/851 279/439/852
f 278/444/853 284/443/854 288/448/855 280/449/856
f 283/450/857 291/451/858 301/452/859 289/446/860 281/445/861
f 280/449/862 288/448/863 294/453/864 300/454/865 290/455/866 282/456/867
f 274/457/868 292/458/869 291/451/870 283/450/871
f 282/456/872 290/455/873 293/459/874 275/460/875
f 275/460/876 293/459/877 304/461/878 305/462/879 292/458/880 274/457/881
s 49
f 300/454/882 294/453/883 297/463/884 295/464/885 289/446/886 301/452/887 303/465/888 302/466/889
f 296/447/890 289/446/886 298/467/891 299/468/892
s 48
f 321/469/893 322/470/894 317/436/833 319/435/832
f 323/471/895 326/472/896 325/473/897 324/474/898
f 327/475/899 328/476/900 323/471/895 324/474/898
f 325/473/897 321/469/893 319/435/832 324/474/898
f 320/434/831 327/475/899 324/474/898 319/435/832
s 46
f 306/420/817 307/423/820 316/477/901 313/478/902
s off
f 285/440/903 307/423/904 308/422/905 286/441/906
f 286/441/907 308/422/908 309/421/909 287/442/910
f 287/442/911 309/421/912 306/420/913 284/443/914
s 50
f 295/464/915 311/426/916 312/425/917 298/467/918
f 298/467/918 312/425/917 313/478/919 299/468/920
s 51
f 284/443/921 306/420/922 310/424/923 288/448/924
s 50
f 294/453/925 314/429/926 315/430/927 297/463/928
f 297/463/928 315/430/927 311/426/916 295/464/915
s 51
f 288/448/924 310/424/923 314/429/929 294/453/930
s 50
f 299/468/920 313/478/919 316/477/931 296/447/932
s off
f 296/447/933 316/477/934 307/423/935 285/440/936
f 292/458/937 318/433/938 317/436/939 291/451/940
f 305/462/941 320/434/942 318/433/943 292/458/944
f 291/451/945 317/436/946 322/470/947 301/452/948
s 52
f 301/452/949 322/470/950 321/469/951 303/465/952
f 302/466/953 325/473/954 326/472/955 300/454/956
s off
f 300/454/957 326/472/958 323/471/959 290/455/960
f 290/455/961 323/471/962 328/476/963 293/459/964
f 293/459/965 328/476/966 327/475/967 304/461/968
s 52
f 303/465/952 321/469/951 325/473/954 302/466/953
s off
f 304/461/969 327/475/970 320/434/971 305/462/972
s 46
f 310/424/821 306/420/817 313/478/902 312/425/822
s 49
f 289/446/886 295/464/885 298/467/891
s 53
f 192/479/973 185/480/974 329/481/975 330/482/976
f 190/483/977 192/479/973 330/482/976 331/484/978
f 188/485/979 190/483/977 331/484/978 332/486/980
f 333/487/981 186/488/982 188/485/979 332/486/980
s off
f 239/489/983 186/488/984 333/487/985 334/490/986
f 335/491/987 270/492/988 239/489/989 334/490/990
f 336/493/991 241/494/992 270/492/993 335/491/994
f 338/495/995 125/496/996 96/497/997 337/498/998
f 339/499/999 92/500/1000 125/496/1001 338/495/1002
f 92/500/1003 339/499/1004 340/501/1005 39/502/1006
s 54
f 341/503/1007 41/504/1008 39/502/1009 340/501/1010
f 41/504/1008 341/503/1007 342/505/1011 43/506/1012
f 43/506/1012 342/505/1011 343/507/1013 45/508/1014
f 45/508/1014 343/507/1013 344/509/1015 38/510/1016
s 55
f 282/511/1017 275/512/1018 391/513/1019 392/514/1020
f 280/515/1021 282/511/1017 392/514/1020 393/516/1022
f 278/517/1023 280/515/1021 393/516/1022 394/518/1024
f 395/519/1025 276/520/1026 278/517/1023 394/518/1024
s off
f 273/521/1027 276/520/1028 395/519/1029 396/522/1030
f 261/523/1031 273/521/1032 396/522/1033 397/524/1034
s 56
f 398/525/1035 260/526/1036 261/523/1037 397/524/1038
f 399/527/1039 255/528/1040 260/526/1036 398/525/1035
f 400/529/1041 254/530/1042 255/531/1040 399/532/1039
f 401/533/1043 264/534/1044 254/530/1042 400/529/1041
f 402/535/1045 256/536/1046 264/534/1044 401/533/1043
f 403/537/1047 257/538/1048 256/536/1046 402/535/1045
f 404/539/1049 248/540/1050 257/541/1048 403/542/1047
f 249/543/1051 248/540/1050 404/539/1049 405/544/1052
s off
f 240/545/1053 249/543/1054 405/544/1055 406/546/1056
f 407/547/1057 187/548/1058 240/545/1059 406/546/1060
s 57
f 189/549/1061 187/548/1062 407/547/1063 408/550/1064
f 191/551/1065 189/549/1061 408/550/1064 409/552/1066
f 193/553/1067 191/551/1065 409/552/1066 410/554/1068
f 184/555/1069 193/553/1067 410/554/1068 411/556/1070
s off
f 468/557/1071 415/558/1072 414/559/1073 467/560/1074
f 360/561/1075 361/562/1076 415/563/1077 468/564/1078
s 58
f 417/565/1079 415/563/1080 361/562/1081 362/566/1082
s 59
f 444/567/1083 447/568/1084 446/569/1085 445/570/1086
f 448/571/1087 450/572/1088 449/573/1089
s 58
f 419/574/1090 417/565/1079 362/566/1082 363/575/1091
s 59
f 452/576/1092 448/571/1087 449/573/1089 453/577/1093
s 58
f 421/578/1094 419/574/1090 363/575/1091 364/579/1095
s 61
f 456/580/1096 458/581/1097 457/582/1098 455/583/1099
s 58
f 412/584/1100 421/578/1094 364/579/1095 365/585/1101
s off
f 417/586/1102 423/587/1103 424/588/1104 415/558/1105
f 415/558/1106 424/588/1107 425/589/1108 414/559/1109
f 414/559/1110 425/589/1111 422/590/1112 416/591/1113
f 419/592/1114 427/593/1115 434/594/1116 423/587/1117 417/586/1118
f 416/591/1119 422/590/1120 426/595/1121 418/596/1122
f 421/597/1123 429/598/1124 439/599/1125 427/593/1126 419/592/1127
f 418/596/1128 426/595/1129 432/600/1130 438/601/1131 428/602/1132 420/603/1133
f 412/604/1134 430/605/1135 429/598/1136 421/597/1137
f 420/603/1138 428/602/1139 431/606/1140 413/607/1141
f 413/607/1142 431/606/1143 442/608/1144 443/609/1145 430/605/1146 412/604/1147
s 62
f 438/601/1148 432/600/1149 435/610/1150 433/611/1151 427/593/1152 439/599/1153 441/612/1154 440/613/1155
f 434/594/1156 427/593/1152 436/614/1157 437/615/1158
s 61
f 459/616/1159 460/617/1160 455/583/1099 457/582/1098
f 461/618/1161 464/619/1162 463/620/1163 462/621/1164
f 465/622/1165 466/623/1166 461/618/1161 462/621/1164
f 463/620/1163 459/616/1159 457/582/1098 462/621/1164
f 458/581/1097 465/622/1165 462/621/1164 457/582/1098
s 59
f 444/567/1083 445/570/1086 454/624/1167 451/625/1168
s off
f 423/587/1169 445/570/1170 446/569/1171 424/588/1172
f 424/588/1173 446/569/1174 447/568/1175 425/589/1176
f 425/589/1177 447/568/1178 444/567/1179 422/590/1180
s 63
f 433/611/1181 449/573/1182 450/572/1183 436/614/1184
f 436/614/1184 450/572/1183 451/625/1185 437/615/1186
s 64
f 422/590/1187 444/567/1188 448/571/1189 426/595/1190
s 63
f 432/600/1191 452/576/1192 453/577/1193 435/610/1194
f 435/610/1194 453/577/1193 449/573/1182 433/611/1181
s 64
f 426/595/1190 448/571/1189 452/576/1195 432/600/1196
s 63
f 437/615/1186 451/625/1185 454/624/1197 434/594/1198
s off
f 434/594/1199 454/624/1200 445/570/1201 423/587/1202
f 430/605/1203 456/580/1204 455/583/1205 429/598/1206
f 443/609/1207 458/581/1208 456/580/1209 430/605/1210
f 429/598/1211 455/583/1212 460/617/1213 439/599/1214
s 65
f 439/599/1215 460/617/1216 459/616/1217 441/612/1218
f 440/613/1219 463/620/1220 464/619/1221 438/601/1222
s off
f 438/601/1223 464/619/1224 461/618/1225 428/602/1226
f 428/602/1227 461/618/1228 466/623/1229 431/606/1230
f 431/606/1231 466/623/1232 465/622/1233 442/608/1234
s 65
f 441/612/1218 459/616/1217 463/620/1220 440/613/1219
s off
f 442/608/1235 465/622/1236 458/581/1237 443/609/1238
s 59
f 448/571/1087 444/567/1083 451/625/1168 450/572/1088
s 62
f 427/593/1152 433/611/1151 436/614/1157
s 66
f 469/626/1239 378/627/1240 379/628/1241 495/629/1242
s 67
f 479/630/1243 478/631/1244 358/632/1245 359/633/1246
f 358/632/1245 478/631/1244 487/634/1247 357/635/1248
f 355/636/1249 494/637/1250 484/638/1251 354/639/1252
f 354/639/1252 484/638/1251 485/640/1253 353/641/1254
f 353/642/1254 485/643/1253 490/644/1255 352/645/1256
f 357/646/1248 487/647/1247 486/648/1257 356/649/1258
f 356/649/1258 486/648/1257 494/637/1250 355/636/1249
s 66
f 382/650/1259 492/651/1260 488/652/1261 381/653/1262
f 381/653/1262 488/652/1261 489/654/1263 380/655/1264
f 380/656/1264 489/657/1263 495/629/1242 379/628/1241
s 67
f 352/645/1256 490/644/1255 491/658/1265 351/659/1266
s 66
f 383/660/1267 493/661/1268 492/651/1260 382/650/1259
f 383/660/1267 384/662/1269 501/663/1270 493/661/1268
s off
f 472/664/1271 478/665/1272 479/666/1273 473/667/1274
f 477/668/1275 485/669/1276 484/670/1277 476/671/1278
f 474/672/1279 486/673/1280 487/674/1281 475/675/1282
f 488/676/1283 482/677/1284 483/678/1285 489/679/1286
f 491/680/1287 490/681/1288 480/682/1289 481/683/1290
f 495/684/1291 496/685/1292 470/686/1293 469/687/1294
f 492/688/1295 497/689/1296 482/677/1297 488/676/1298
f 489/679/1299 483/678/1300 496/685/1301 495/684/1302
f 493/690/1303 498/691/1304 497/689/1305 492/688/1306
f 476/671/1307 484/670/1308 494/692/1309 499/693/1310
f 499/693/1311 494/692/1312 486/673/1313 474/672/1314
f 471/694/1315 473/667/1316 479/666/1317 500/695/1318
f 493/690/1319 501/696/1320 491/680/1321 481/683/1322 498/691/1323
f 475/675/1324 487/674/1325 478/665/1326 472/664/1327
f 480/682/1328 490/681/1329 485/669/1330 477/668/1331
f 479/697/1332 468/557/1333 467/560/1334 500/698/1335
f 491/658/1336 503/699/1337 350/700/1338 351/659/1339
f 384/662/1340 385/701/1341 502/702/1342 501/663/1343
f 501/703/1344 502/704/1345 503/705/1346 491/706/1347
f 468/564/1348 479/630/1349 359/633/1350 360/561/1351
f 503/699/1352 506/707/1353 349/708/1354 350/700/1355
f 502/704/1356 507/709/1357 506/710/1358 503/705/1359
f 385/701/1360 386/711/1361 507/712/1362 502/702/1363
s 70
f 509/713/1364 507/712/1365 386/711/1366 387/714/1367
s 71
f 349/708/1368 506/707/1369 508/715/1370 348/716/1371
s 72
f 536/717/1372 539/718/1373 538/719/1374 537/720/1375
f 540/721/1376 542/722/1377 541/723/1378
s 70
f 511/724/1379 509/713/1364 387/714/1367 388/725/1380
s 71
f 508/715/1370 510/726/1381 347/727/1382 348/716/1371
s 72
f 544/728/1383 540/721/1376 541/723/1378 545/729/1384
s 70
f 513/730/1385 511/724/1379 388/725/1380 389/731/1386
s 71
f 510/726/1381 512/732/1387 346/733/1388 347/727/1382
s 74
f 548/734/1389 550/735/1390 549/736/1391 547/737/1392
s 70
f 504/738/1393 513/730/1385 389/731/1386 390/739/1394
s 71
f 512/732/1387 505/740/1395 345/741/1396 346/733/1388
s off
f 509/742/1397 515/743/1398 516/744/1399 507/709/1400
f 507/709/1401 516/744/1402 517/745/1403 506/710/1404
f 506/710/1405 517/745/1406 514/746/1407 508/747/1408
f 511/748/1409 519/749/1410 526/750/1411 515/743/1412 509/742/1413
f 508/747/1414 514/746/1415 518/751/1416 510/752/1417
f 513/753/1418 521/754/1419 531/755/1420 519/749/1421 511/748/1422
f 510/752/1423 518/751/1424 524/756/1425 530/757/1426 520/758/1427 512/759/1428
f 504/760/1429 522/761/1430 521/754/1431 513/753/1432
f 512/759/1433 520/758/1434 523/762/1435 505/763/1436
f 505/763/1437 523/762/1438 534/764/1439 535/765/1440 522/761/1441 504/760/1442
s 75
f 530/757/1443 524/756/1444 527/766/1445 525/767/1446 519/749/1447 531/755/1448 533/768/1449 532/769/1450
f 526/750/1451 519/749/1447 528/770/1452 529/771/1453
s 74
f 551/772/1454 552/773/1455 547/737/1392 549/736/1391
f 553/774/1456 556/775/1457 555/776/1458 554/777/1459
f 557/778/1460 558/779/1461 553/774/1456 554/777/1459
f 555/776/1458 551/772/1454 549/736/1391 554/777/1459
f 550/735/1390 557/778/1460 554/777/1459 549/736/1391
s 72
f 536/717/1372 537/720/1375 546/780/1462 543/781/1463
s off
f 515/743/1464 537/720/1465 538/719/1466 516/744/1467
f 516/744/1468 538/719/1469 539/718/1470 517/745/1471
f 517/745/1472 539/718/1473 536/717/1474 514/746/1475
s 76
f 525/767/1476 541/723/1477 542/722/1478 528/770/1479
f 528/770/1479 542/722/1478 543/781/1480 529/771/1481
s 77
f 514/746/1482 536/717/1483 540/721/1484 518/751/1485
s 76
f 524/756/1486 544/728/1487 545/729/1488 527/766/1489
f 527/766/1489 545/729/1488 541/723/1477 525/767/1476
s 77
f 518/751/1485 540/721/1484 544/728/1490 524/756/1491
s 76
f 529/771/1481 543/781/1480 546/780/1492 526/750/1493
s off
f 526/750/1494 546/780/1495 537/720/1496 515/743/1497
f 522/761/1498 548/734/1499 547/737/1500 521/754/1501
f 535/765/1502 550/735/1503 548/734/1504 522/761/1505
f 521/754/1506 547/737/1507 552/773/1508 531/755/1509
s 78
f 531/755/1510 552/773/1511 551/772/1512 533/768/1513
f 532/769/1514 555/776/1515 556/775/1516 530/757/1517
s off
f 530/757/1518 556/775/1519 553/774/1520 520/758/1521
f 520/758/1522 553/774/1523 558/779/1524 523/762/1525
f 523/762/1526 558/779/1527 557/778/1528 534/764/1529
s 78
f 533/768/1513 551/772/1512 555/776/1515 532/769/1514
s off
f 534/764/1530 557/778/1531 550/735/1532 535/765/1533
s 72
f 540/721/1376 536/717/1372 543/781/1463 542/722/1377
s 75
f 519/749/1447 525/767/1446 528/770/1452
s off
f 615/782/1534 614/783/1535 561/784/1536 562/785/1537
s 79
f 591/786/1538 592/787/1539 593/788/1540 594/789/1541
f 595/790/1542 596/791/1543 597/792/1544
f 599/793/1545 600/794/1546 596/791/1543 595/790/1542
s 81
f 603/795/1547 602/796/1548 604/797/1549 605/798/1550
s off
f 564/799/1551 562/785/1552 571/800/1553 570/801/1554
f 562/785/1555 561/784/1556 572/802/1557 571/800/1558
f 561/784/1559 563/803/1560 569/804/1561 572/802/1562
f 566/805/1563 564/799/1564 570/801/1565 581/806/1566 574/807/1567
f 563/803/1568 565/808/1569 573/809/1570 569/804/1571
f 568/810/1572 566/805/1573 574/807/1574 586/811/1575 576/812/1576
f 565/808/1577 567/813/1578 575/814/1579 585/815/1580 579/816/1581 573/809/1582
f 559/817/1583 568/810/1584 576/812/1585 577/818/1586
f 567/813/1587 560/819/1588 578/820/1589 575/814/1590
f 560/819/1591 559/817/1592 577/818/1593 590/821/1594 589/822/1595 578/820/1596
s 82
f 585/815/1597 587/823/1598 588/824/1599 586/811/1600 574/807/1601 580/825/1602 582/826/1603 579/816/1604
f 581/806/1605 584/827/1606 583/828/1607 574/807/1601
s 81
f 606/829/1608 604/797/1549 602/796/1548 607/830/1609
f 608/831/1610 609/832/1611 610/833/1612 611/834/1613
f 612/835/1614 609/832/1611 608/831/1610 613/836/1615
f 610/833/1612 609/832/1611 604/797/1549 606/829/1608
f 605/798/1550 604/797/1549 609/832/1611 612/835/1614
s 79
f 591/786/1538 598/837/1616 601/838/1617 592/787/1539
s off
f 570/801/1618 571/800/1619 593/788/1620 592/787/1621
f 571/800/1622 572/802/1623 594/789/1624 593/788/1625
f 572/802/1626 569/804/1627 591/786/1628 594/789/1629
s 84
f 580/825/1630 583/828/1631 597/792/1632 596/791/1633
f 583/828/1631 584/827/1634 598/837/1635 597/792/1632
s 85
f 569/804/1636 573/809/1637 595/790/1638 591/786/1639
s 84
f 579/816/1640 582/826/1641 600/794/1642 599/793/1643
f 582/826/1641 580/825/1630 596/791/1633 600/794/1642
s 85
f 573/809/1637 579/816/1644 599/793/1645 595/790/1638
s 84
f 584/827/1634 581/806/1646 601/838/1647 598/837/1635
s off
f 581/806/1648 570/801/1649 592/787/1650 601/838/1651
f 577/818/1652 576/812/1653 602/796/1654 603/795/1655
f 590/821/1656 577/818/1657 603/795/1658 605/798/1659
f 576/812/1660 586/811/1661 607/830/1662 602/796/1663
s 86
f 586/811/1664 588/824/1665 606/829/1666 607/830/1667
f 587/823/1668 585/815/1669 611/834/1670 610/833/1671
s off
f 585/815/1672 575/814/1673 608/831/1674 611/834/1675
f 575/814/1676 578/820/1677 613/836/1678 608/831/1679
f 578/820/1680 589/822/1681 612/835/1682 613/836/1683
s 86
f 588/824/1665 587/823/1668 610/833/1671 606/829/1666
s off
f 589/822/1684 590/821/1685 605/798/1686 612/835/1687
s 79
f 595/790/1542 597/792/1544 598/837/1616 591/786/1538
s 82
f 574/807/1601 583/828/1607 580/825/1602
s 87
f 469/626/1688 640/839/1689 377/840/1690 378/627/1691
f 374/841/1692 375/842/1693 633/843/1694 637/844/1695
f 375/842/1693 376/845/1696 634/846/1697 633/843/1694
f 376/847/1696 377/840/1690 640/839/1689 634/848/1697
f 373/849/1698 374/841/1692 637/844/1695 638/850/1699
f 373/849/1698 638/850/1699 646/851/1700 372/852/1701
s off
f 617/853/1702 618/854/1703 624/855/1704 623/856/1705
f 622/857/1706 621/858/1707 629/859/1708 630/860/1709
f 619/861/1710 620/862/1711 632/863/1712 631/864/1713
f 633/865/1714 634/866/1715 628/867/1716 627/868/1717
f 636/869/1718 626/870/1719 625/871/1720 635/872/1721
f 640/873/1722 469/687/1723 470/686/1724 641/874/1725
f 637/875/1726 633/865/1727 627/868/1728 642/876/1729
f 634/866/1730 640/873/1731 641/874/1732 628/867/1733
f 638/877/1734 637/875/1735 642/876/1736 643/878/1737
f 621/858/1738 644/879/1739 639/880/1740 629/859/1741
f 644/879/1742 619/861/1743 631/864/1744 639/880/1745
f 616/881/1746 645/882/1747 624/855/1748 618/854/1749
f 638/877/1750 643/878/1751 626/870/1752 636/869/1753 646/883/1754
f 620/862/1755 617/853/1756 623/856/1757 632/863/1758
f 625/871/1759 622/857/1760 630/860/1761 635/872/1762
f 624/884/1763 645/885/1764 614/783/1765 615/782/1766
f 372/852/1767 646/851/1768 647/886/1769 371/887/1770
f 646/888/1771 636/889/1772 648/890/1773 647/891/1774
f 647/891/1775 648/890/1776 651/892/1777 652/893/1778
f 371/887/1779 647/886/1780 652/894/1781 370/895/1782
s 89
f 654/896/1783 369/897/1784 370/895/1785 652/894/1786
s 90
f 681/898/1787 682/899/1788 683/900/1789 684/901/1790
f 685/902/1791 686/903/1792 687/904/1793
s 89
f 656/905/1794 368/906/1795 369/897/1784 654/896/1783
s 90
f 689/907/1796 690/908/1797 686/903/1792 685/902/1791
s 89
f 658/909/1798 367/910/1799 368/906/1795 656/905/1794
s 92
f 693/911/1800 692/912/1801 694/913/1802 695/914/1803
s 89
f 649/915/1804 366/916/1805 367/910/1799 658/909/1798
s off
f 654/917/1806 652/893/1807 661/918/1808 660/919/1809
f 652/893/1810 651/892/1811 662/920/1812 661/918/1813
f 651/892/1814 653/921/1815 659/922/1816 662/920/1817
f 656/923/1818 654/917/1819 660/919/1820 671/924/1821 664/925/1822
f 653/921/1823 655/926/1824 663/927/1825 659/922/1826
f 658/928/1827 656/923/1828 664/925/1829 676/929/1830 666/930/1831
f 655/926/1832 657/931/1833 665/932/1834 675/933/1835 669/934/1836 663/927/1837
f 649/935/1838 658/928/1839 666/930/1840 667/936/1841
f 657/931/1842 650/937/1843 668/938/1844 665/932/1845
f 650/937/1846 649/935/1847 667/936/1848 680/939/1849 679/940/1850 668/938/1851
s 93
f 675/933/1852 677/941/1853 678/942/1854 676/929/1855 664/925/1856 670/943/1857 672/944/1858 669/934/1859
f 671/924/1860 674/945/1861 673/946/1862 664/925/1856
s 92
f 696/947/1863 694/913/1802 692/912/1801 697/948/1864
f 698/949/1865 699/950/1866 700/951/1867 701/952/1868
f 702/953/1869 699/950/1866 698/949/1865 703/954/1870
f 700/951/1867 699/950/1866 694/913/1802 696/947/1863
f 695/914/1803 694/913/1802 699/950/1866 702/953/1869
s 90
f 681/898/1787 688/955/1871 691/956/1872 682/899/1788
s off
f 660/919/1873 661/918/1874 683/900/1875 682/899/1876
f 661/918/1877 662/920/1878 684/901/1879 683/900/1880
f 662/920/1881 659/922/1882 681/898/1883 684/901/1884
s 95
f 670/943/1885 673/946/1886 687/904/1887 686/903/1888
f 673/946/1886 674/945/1889 688/955/1890 687/904/1887
s 96
f 659/922/1891 663/927/1892 685/902/1893 681/898/1894
s 95
f 669/934/1895 672/944/1896 690/908/1897 689/907/1898
f 672/944/1896 670/943/1885 686/903/1888 690/908/1897
s 96
f 663/927/1892 669/934/1899 689/907/1900 685/902/1893
s 95
f 674/945/1889 671/924/1901 691/956/1902 688/955/1890
s off
f 671/924/1903 660/919/1904 682/899/1905 691/956/1906
f 667/936/1907 666/930/1908 692/912/1909 693/911/1910
f 680/939/1911 667/936/1912 693/911/1913 695/914/1914
f 666/930/1915 676/929/1916 697/948/1917 692/912/1918
s 97
f 676/929/1919 678/942/1920 696/947/1921 697/948/1922
f 677/941/1923 675/933/1924 701/952/1925 700/951/1926
s off
f 675/933/1927 665/932/1928 698/949/1929 701/952/1930
f 665/932/1931 668/938/1932 703/954/1933 698/949/1934
f 668/938/1935 679/940/1936 702/953/1937 703/954/1938
s 97
f 678/942/1920 677/941/1923 700/951/1926 696/947/1921
s off
f 679/940/1939 680/939/1940 695/914/1941 702/953/1942
s 90
f 685/902/1791 687/904/1793 688/955/1871 681/898/1787
s 93
f 664/925/1856 673/946/1862 670/943/1857
s 98
f 567/957/1943 330/958/1944 329/959/1945 560/960/1946
f 565/961/1947 331/962/1948 330/958/1944 567/957/1943
f 563/963/1949 332/964/1950 331/962/1948 565/961/1947
f 333/965/1951 332/964/1950 563/963/1949 561/966/1952
s off
f 614/967/1953 334/968/1954 333/965/1955 561/966/1956
f 335/969/1957 334/968/1958 614/967/1959 645/970/1960
f 336/971/1961 335/969/1962 645/970/1963 616/972/1964
f 338/973/1965 337/974/1966 471/975/1967 500/976/1968
f 339/977/1969 338/973/1970 500/976/1971 467/978/1972
f 467/978/1973 414/979/1974 340/980/1975 339/977/1976
s 99
f 341/981/1977 340/980/1978 414/979/1979 416/982/1980
f 416/982/1980 418/983/1981 342/984/1982 341/981/1977
f 418/983/1981 420/985/1983 343/986/1984 342/984/1982
f 420/985/1983 413/987/1985 344/988/1986 343/986/1984
s 100
f 657/989/1987 392/990/1988 391/991/1989 650/992/1990
f 655/993/1991 393/994/1992 392/990/1988 657/989/1987
f 653/995/1993 394/996/1994 393/994/1992 655/993/1991
f 395/997/1995 394/996/1994 653/995/1993 651/998/1996
s off
f 648/999/1997 396/1000/1998 395/997/1999 651/998/2000
f 636/1001/2001 397/1002/2002 396/1000/2003 648/999/2004
s 101
f 398/1003/2005 397/1002/2006 636/1001/2007 635/1004/2008
f 399/1005/2009 398/1003/2005 635/1004/2008 630/1006/2010
f 400/1007/2011 399/1008/2009 630/1009/2010 629/1010/2012
f 401/1011/2013 400/1007/2011 629/1010/2012 639/1012/2014
f 402/1013/2015 401/1011/2013 639/1012/2014 631/1014/2016
f 403/1015/2017 402/1013/2015 631/1014/2016 632/1016/2018
f 404/1017/2019 403/1018/2017 632/1019/2018 623/1020/2020
f 624/1021/2021 405/1022/2022 404/1017/2019 623/1020/2020
s off
f 615/1023/2023 406/1024/2024 405/1022/2025 624/1021/2026
f 407/1025/2027 406/1024/2028 615/1023/2029 562/1026/2030
s 102
f 564/1027/2031 408/1028/2032 407/1025/2033 562/1026/2034
f 566/1029/2035 409/1030/2036 408/1028/2032 564/1027/2031
f 568/1031/2037 410/1032/2038 409/1030/2036 566/1029/2035
f 559/1033/2039 411/1034/2040 410/1032/2038 568/1031/2037
s 103
f 715/1035/2041 712/1036/2042 705/1037/2043 707/1038/2044
s 104
f 714/1039/2045 715/1040/2046 707/1041/2047 709/1042/2048
s 105
f 713/1043/2049 714/1044/2050 709/1045/2051 711/1046/2052
s 106
f 712/1047/2053 713/1048/2054 711/1049/2055 705/1050/2056
s off
f 705/1051/2057 711/1052/2058 709/1042/2059 707/1041/2060
f 710/1053/2061 704/1054/2062 706/1055/2063 708/1056/2064
s 106
f 710/1053/2065 713/1048/2054 712/1047/2053 704/1054/2066
s 105
f 708/1057/2067 714/1044/2050 713/1043/2049 710/1058/2068
s 104
f 706/1059/2069 715/1040/2046 714/1039/2045 708/1060/2070
s 103
f 704/1061/2071 712/1036/2042 715/1035/2041 706/1062/2072
s 107
f 724/1063/2073 725/1064/2074 719/1065/2075 718/1066/2076
s off
f 718/1067/2077 719/1068/2078 721/1069/2079 720/1070/2080
s 108
f 720/1070/2081 721/1069/2082 726/1071/2083 727/1072/2084
s 109
f 725/1073/2085 726/1074/2086 721/1075/2087 719/1076/2088
s 110
f 727/1077/2089 724/1078/2090 718/1079/2091 720/1080/2092
s 107
f 728/1081/2093 729/1082/2094 725/1064/2074 724/1063/2073
s 109
f 729/1083/2095 730/1084/2096 726/1074/2086 725/1073/2085
s 108
f 727/1072/2084 726/1071/2083 730/1085/2097 731/1086/2098
s 110
f 731/1087/2099 728/1088/2100 724/1078/2090 727/1077/2089
s off
f 732/1089/2101 733/1090/2102 729/1082/2103 728/1081/2104
f 733/1091/2105 734/1092/2106 730/1084/2107 729/1083/2108
f 731/1086/2109 730/1085/2110 734/1093/2111 735/1094/2112
f 735/1095/2113 732/1096/2114 728/1088/2115 731/1087/2116
s 111
f 736/1097/2117 737/1098/2118 733/1090/2119 732/1089/2120
s 112
f 737/1099/2121 738/1100/2122 734/1092/2123 733/1091/2124
s 113
f 735/1094/2125 734/1093/2126 738/1101/2127 739/1102/2128
s 114
f 739/1103/2129 736/1104/2130 732/1096/2131 735/1095/2132
s 111
f 716/1105/2133 717/1106/2134 737/1098/2118 736/1097/2117
s 112
f 717/1107/2135 723/1108/2136 738/1100/2122 737/1099/2121
s 113
f 739/1102/2128 738/1101/2127 723/1109/2137 722/1110/2138
s 114
f 722/1111/2139 716/1112/2140 736/1104/2130 739/1103/2129
s 115
f 748/1113/2141 749/1114/2142 743/1115/2143 742/1116/2144
s off
f 742/1117/2145 743/1118/2146 745/1119/2147 744/1120/2148
s 116
f 744/1120/2149 745/1119/2150 750/1121/2151 751/1122/2152
s 117
f 749/1123/2153 750/1124/2154 745/1125/2155 743/1126/2156
s 118
f 751/1127/2157 748/1128/2158 742/1129/2159 744/1130/2160
s 115
f 752/1131/2161 753/1132/2162 749/1114/2142 748/1113/2141
s 117
f 753/1133/2163 754/1134/2164 750/1124/2154 749/1123/2153
s 116
f 751/1122/2152 750/1121/2151 754/1135/2165 755/1136/2166
s 118
f 755/1137/2167 752/1138/2168 748/1128/2158 751/1127/2157
s off
f 756/1139/2169 757/1140/2170 753/1132/2171 752/1131/2172
f 757/1141/2173 758/1142/2174 754/1134/2175 753/1133/2176
f 755/1136/2177 754/1135/2178 758/1143/2179 759/1144/2180
f 759/1145/2181 756/1146/2182 752/1138/2183 755/1137/2184
s 119
f 760/1147/2185 761/1148/2186 757/1140/2187 756/1139/2188
s 120
f 761/1149/2189 762/1150/2190 758/1142/2191 757/1141/2192
s 121
f 759/1144/2193 758/1143/2194 762/1151/2195 763/1152/2196
s 122
f 763/1153/2197 760/1154/2198 756/1146/2199 759/1145/2200
s 119
f 740/1155/2201 741/1156/2202 761/1148/2186 760/1147/2185
s 120
f 741/1157/2203 747/1158/2204 762/1150/2190 761/1149/2189
s 121
f 763/1152/2196 762/1151/2195 747/1159/2205 746/1160/2206
s 122
f 746/1161/2207 740/1162/2208 760/1154/2198 763/1153/2197
s 123
f 775/1163/2209 772/1164/2210 765/1165/2211 767/1166/2212
s 124
f 774/1167/2213 775/1168/2214 767/1169/2215 769/1170/2216
s 125
f 773/1171/2217 774/1172/2218 769/1173/2219 771/1174/2220
s 126
f 772/1175/2221 773/1176/2222 771/1177/2223 765/1178/2224
s off
f 765/1178/2225 771/1177/2226 769/1179/2227 767/1180/2228
f 770/1181/2229 764/1182/2230 766/1183/2231 768/1184/2232
s 126
f 770/1185/2233 773/1176/2222 772/1175/2221 764/1186/2234
s 125
f 768/1187/2235 774/1172/2218 773/1171/2217 770/1188/2236
s 124
f 766/1183/2237 775/1168/2214 774/1167/2213 768/1184/2238
s 123
f 764/1189/2239 772/1164/2210 775/1163/2209 766/1190/2240
s 127
f 786/1191/2241 787/1192/2242 779/1193/2243 781/1194/2244
s 128
f 800/1195/2245 801/1196/2246 802/1197/2247 803/1198/2248
s 129
f 784/1199/2249 785/1200/2250 783/1201/2251 777/1202/2252
s off
f 777/1202/2253 783/1201/2254 781/1203/2255 779/1204/2256
f 782/1205/2257 776/1206/2258 778/1207/2259 780/1208/2260
s 129
f 788/1209/2261 789/1210/2262 785/1200/2250 784/1199/2249
s 128
f 804/1211/2263 805/1212/2264 801/1196/2246 800/1195/2245
s 127
f 790/1213/2265 791/1214/2266 787/1192/2242 786/1191/2241
s 129
f 782/1205/2267 789/1210/2262 788/1209/2261 776/1206/2268
s 128
f 806/1215/2269 805/1212/2264 804/1211/2263 807/1216/2270
s 127
f 778/1217/2271 791/1214/2266 790/1213/2265 780/1218/2272
s off
f 786/1219/2273 781/1220/2274 794/1221/2275 793/1222/2276
f 781/1220/2277 783/1223/2278 795/1224/2279 794/1221/2280
f 783/1223/2281 785/1225/2282 792/1226/2283 795/1224/2284
f 790/1227/2285 786/1219/2286 793/1222/2287 797/1228/2288
f 785/1225/2289 789/1229/2290 796/1230/2291 792/1226/2292
f 780/1231/2293 790/1227/2294 797/1228/2295 798/1232/2296
f 789/1229/2297 782/1233/2298 799/1234/2299 796/1230/2300
f 782/1233/2301 780/1231/2302 798/1232/2303 799/1234/2304
f 793/1222/2305 794/1221/2306 802/1197/2307 801/1196/2308
f 794/1221/2309 795/1224/2310 803/1198/2311 802/1197/2312
f 795/1224/2313 792/1226/2314 800/1195/2315 803/1198/2316
f 797/1228/2317 793/1222/2318 801/1196/2319 805/1212/2320
f 792/1226/2321 796/1230/2322 804/1211/2323 800/1195/2324
f 798/1232/2325 797/1228/2326 805/1212/2327 806/1215/2328
f 796/1230/2329 799/1234/2330 807/1216/2331 804/1211/2332
f 799/1234/2333 798/1232/2334 806/1215/2335 807/1216/2336
s 130
f 819/1235/2337 829/1236/2338 828/1237/2339 816/1238/2340
s 131
f 818/1239/2341 830/1240/2342 829/1241/2343 819/1242/2344
s 132
f 817/1243/2345 831/1244/2346 830/1245/2347 818/1246/2348
s 133
f 816/1247/2349 828/1248/2350 831/1249/2351 817/1250/2352
s off
f 809/1251/2353 811/1252/2354 813/1253/2355 815/1254/2356
s 133
f 820/1255/2357 832/1256/2358 835/1257/2359 821/1258/2360
s 132
f 821/1259/2361 835/1260/2362 834/1261/2363 822/1262/2364
s 131
f 822/1263/2365 834/1264/2366 833/1265/2367 823/1266/2368
s 130
f 823/1267/2369 833/1268/2370 832/1269/2371 820/1270/2372
s 133
f 824/1271/2373 836/1272/2374 839/1273/2375 825/1274/2376
s 132
f 825/1275/2377 839/1276/2378 838/1277/2379 826/1278/2380
s 131
f 826/1279/2381 838/1280/2382 837/1281/2383 827/1282/2384
s 130
f 827/1283/2385 837/1284/2386 836/1285/2387 824/1286/2388
s 133
f 814/1287/2389 808/1288/2390 824/1271/2373 825/1274/2376
s 132
f 812/1289/2391 814/1290/2392 825/1275/2377 826/1278/2380
s 131
f 810/1291/2393 812/1292/2394 826/1279/2381 827/1282/2384
s 130
f 808/1293/2395 810/1294/2396 827/1283/2385 824/1286/2388
f 829/1236/2338 811/1295/2397 809/1296/2398 828/1237/2339
s 131
f 830/1297/2342 813/1253/2399 811/1252/2400 829/1298/2343
s 132
f 831/1244/2346 815/1299/2401 813/1300/2402 830/1245/2347
s 133
f 828/1248/2350 809/1301/2403 815/1302/2404 831/1249/2351
s 130
f 833/1268/2370 819/1235/2337 816/1238/2340 832/1269/2371
s 131
f 834/1264/2366 818/1239/2341 819/1242/2344 833/1265/2367
s 132
f 835/1260/2362 817/1243/2345 818/1246/2348 834/1261/2363
s 133
f 832/1256/2358 816/1247/2349 817/1250/2352 835/1257/2359
s 130
f 837/1284/2386 823/1267/2369 820/1270/2372 836/1285/2387
s 131
f 838/1280/2382 822/1263/2365 823/1266/2368 837/1281/2383
s 132
f 839/1276/2378 821/1259/2361 822/1262/2364 838/1277/2379
s 133
f 836/1272/2374 820/1255/2357 821/1258/2360 839/1273/2375
s 134
f 847/1303/2405 844/1304/2406 856/1305/2407 857/1306/2408
s 135
f 846/1307/2409 847/1308/2410 857/1309/2411 858/1310/2412
s 136
f 845/1311/2413 846/1312/2414 858/1313/2415 859/1314/2416
s 137
f 844/1315/2417 845/1316/2418 859/1317/2419 856/1318/2420
s off
f 840/1319/2421 843/1320/2422 842/1321/2423 841/1322/2424
s 137
f 848/1323/2425 849/1324/2426 863/1325/2427 860/1326/2428
s 136
f 849/1327/2429 850/1328/2430 862/1329/2431 863/1330/2432
s 135
f 850/1331/2433 851/1332/2434 861/1333/2435 862/1334/2436
s 134
f 851/1335/2437 848/1336/2438 860/1337/2439 861/1338/2440
s 137
f 852/1339/2441 853/1340/2442 867/1341/2443 864/1342/2444
s 136
f 853/1343/2445 854/1344/2446 866/1345/2447 867/1346/2448
s 135
f 854/1347/2449 855/1348/2450 865/1349/2451 866/1350/2452
s 134
f 855/1351/2453 852/1352/2454 864/1353/2455 865/1354/2456
s 137
f 814/1287/2457 853/1340/2442 852/1339/2441 808/1288/2458
s 136
f 812/1289/2459 854/1344/2446 853/1343/2445 814/1290/2460
s 135
f 810/1291/2461 855/1348/2450 854/1347/2449 812/1292/2462
s 134
f 808/1293/2463 852/1352/2454 855/1351/2453 810/1294/2464
f 857/1306/2408 856/1305/2407 840/1355/2465 841/1356/2466
s 135
f 858/1357/2412 857/1358/2411 841/1322/2467 842/1321/2468
s 136
f 859/1314/2416 858/1313/2415 842/1359/2469 843/1360/2470
s 137
f 856/1318/2420 859/1317/2419 843/1361/2471 840/1362/2472
s 134
f 861/1338/2440 860/1337/2439 844/1304/2406 847/1303/2405
s 135
f 862/1334/2436 861/1333/2435 847/1308/2410 846/1307/2409
s 136
f 863/1330/2432 862/1329/2431 846/1312/2414 845/1311/2413
s 137
f 860/1326/2428 863/1325/2427 845/1316/2418 844/1315/2417
s 134
f 865/1354/2456 864/1353/2455 848/1336/2438 851/1335/2437
s 135
f 866/1350/2452 865/1349/2451 851/1332/2434 850/1331/2433
s 136
f 867/1346/2448 866/1345/2447 850/1328/2430 849/1327/2429
s 137
f 864/1342/2444 867/1341/2443 849/1324/2426 848/1323/2425
s 146
f 879/1363/2473 871/1366/2474 869/1365/2475 876/1364/2476
s 147
f 878/1367/2477 873/1370/2478 871/1369/2479 879/1368/2480
s 148
f 877/1371/2481 875/1374/2482 873/1373/2483 878/1372/2484
s 149
f 876/1375/2485 869/1378/2486 875/1377/2487 877/1376/2488
s off
f 869/1379/2489 871/1369/2490 873/1370/2491 875/1380/2492
f 874/1381/2493 872/1384/2494 870/1383/2495 868/1382/2496
s 149
f 874/1381/2497 868/1382/2498 876/1375/2485 877/1376/2488
s 148
f 872/1385/2499 874/1386/2500 877/1371/2481 878/1372/2484
s 147
f 870/1387/2501 872/1388/2502 878/1367/2477 879/1368/2480
s 146
f 868/1389/2503 870/1390/2504 879/1363/2473 876/1364/2476
s 150
f 891/1391/2505 883/1394/2506 881/1393/2507 888/1392/2508
s 151
f 890/1395/2509 885/1398/2510 883/1397/2511 891/1396/2512
s 152
f 889/1399/2513 887/1402/2514 885/1401/2515 890/1400/2516
s 153
f 888/1403/2517 881/1406/2518 887/1405/2519 889/1404/2520
s off
f 881/1406/2521 883/1408/2522 885/1407/2523 887/1405/2524
f 886/1409/2525 884/1412/2526 882/1411/2527 880/1410/2528
s 153
f 886/1413/2529 880/1414/2530 888/1403/2517 889/1404/2520
s 152
f 884/1415/2531 886/1416/2532 889/1399/2513 890/1400/2516
s 151
f 882/1411/2533 884/1412/2534 890/1395/2509 891/1396/2512
s 150
f 880/1417/2535 882/1418/2536 891/1391/2505 888/1392/2508
s 154
f 903/1419/2537 900/1420/2538 893/1421/2539 895/1422/2540
s 155
f 902/1423/2541 903/1424/2542 895/1425/2543 897/1426/2544
s 156
f 901/1427/2545 902/1428/2546 897/1429/2547 899/1430/2548
s 157
f 900/1431/2549 901/1432/2550 899/1433/2551 893/1434/2552
s off
f 893/1435/2553 899/1436/2554 897/1426/2555 895/1425/2556
f 898/1437/2557 892/1438/2558 894/1439/2559 896/1440/2560
s 157
f 898/1437/2561 901/1432/2550 900/1431/2549 892/1438/2562
s 156
f 896/1441/2563 902/1428/2546 901/1427/2545 898/1442/2564
s 155
f 894/1443/2565 903/1424/2542 902/1423/2541 896/1444/2566
s 154
f 892/1445/2567 900/1420/2538 903/1419/2537 894/1446/2568
s 158
f 915/1447/2569 912/1448/2570 905/1449/2571 907/1450/2572
s 159
f 914/1451/2573 915/1452/2574 907/1453/2575 909/1454/2576
s 160
f 913/1455/2577 914/1456/2578 909/1457/2579 911/1458/2580
s 161
f 912/1459/2581 913/1460/2582 911/1461/2583 905/1462/2584
s off
f 905/1463/2585 911/1464/2586 909/1454/2587 907/1453/2588
f 910/1465/2589 904/1466/2590 906/1467/2591 908/1468/2592
s 161
f 910/1465/2593 913/1460/2582 912/1459/2581 904/1466/2594
s 160
f 908/1469/2595 914/1456/2578 913/1455/2577 910/1470/2596
s 159
f 906/1471/2597 915/1452/2574 914/1451/2573 908/1472/2598
s 158
f 904/1473/2599 912/1448/2570 915/1447/2569 906/1474/2600
s 162
f 927/1475/2601 924/1476/2602 917/1477/2603 919/1478/2604
s 163
f 926/1479/2605 927/1480/2606 919/1481/2607 921/1482/2608
s 164
f 925/1483/2609 926/1484/2610 921/1485/2611 923/1486/2612
s 165
f 924/1487/2613 925/1488/2614 923/1489/2615 917/1490/2616
s off
f 917/1490/2617 923/1489/2618 921/1491/2619 919/1492/2620
f 922/1493/2621 916/1494/2622 918/1495/2623 920/1496/2624
s 165
f 922/1497/2625 925/1488/2614 924/1487/2613 916/1498/2626
s 164
f 920/1499/2627 926/1484/2610 925/1483/2609 922/1500/2628
s 163
f 918/1495/2629 927/1480/2606 926/1479/2605 920/1496/2630
s 162
f 916/1501/2631 924/1476/2602 927/1475/2601 918/1502/2632
s 166
f 939/1503/2633 931/1506/2634 929/1505/2635 936/1504/2636
s 167
f 938/1507/2637 933/1510/2638 931/1509/2639 939/1508/2640
s 168
f 937/1511/2641 935/1514/2642 933/1513/2643 938/1512/2644
s 169
f 936/1515/2645 929/1518/2646 935/1517/2647 937/1516/2648
s off
f 929/1519/2649 931/1509/2650 933/1510/2651 935/1520/2652
f 934/1521/2653 932/1524/2654 930/1523/2655 928/1522/2656
s 169
f 934/1521/2657 928/1522/2658 936/1515/2645 937/1516/2648
s 168
f 932/1525/2659 934/1526/2660 937/1511/2641 938/1512/2644
s 167
f 930/1527/2661 932/1528/2662 938/1507/2637 939/1508/2640
s 166
f 928/1529/2663 930/1530/2664 939/1503/2633 936/1504/2636
s 170
f 951/1531/2665 943/1534/2666 941/1533/2667 948/1532/2668
s 171
f 950/1535/2669 945/1538/2670 943/1537/2671 951/1536/2672
s 172
f 949/1539/2673 947/1542/2674 945/1541/2675 950/1540/2676
s 173
f 948/1543/2677 941/1546/2678 947/1545/2679 949/1544/2680
s off
f 941/1546/2681 943/1548/2682 945/1547/2683 947/1545/2684
f 946/1549/2685 944/1552/2686 942/1551/2687 940/1550/2688
s 173
f 946/1553/2689 940/1554/2690 948/1543/2677 949/1544/2680
s 172
f 944/1555/2691 946/1556/2692 949/1539/2673 950/1540/2676
s 171
f 942/1551/2693 944/1552/2694 950/1535/2669 951/1536/2672
s 170
f 940/1557/2695 942/1558/2696 951/1531/2665 948/1532/2668
s 174
f 962/1559/2697 963/1560/2698 955/1561/2699 957/1562/2700
s 175
f 976/1563/2701 977/1564/2702 978/1565/2703 979/1566/2704
s 176
f 960/1567/2705 961/1568/2706 959/1569/2707 953/1570/2708
s off
f 953/1570/2709 959/1569/2710 957/1571/2711 955/1572/2712
f 958/1573/2713 952/1574/2714 954/1575/2715 956/1576/2716
s 176
f 964/1577/2717 965/1578/2718 961/1568/2706 960/1567/2705
s 175
f 980/1579/2719 981/1580/2720 977/1564/2702 976/1563/2701
s 174
f 966/1581/2721 967/1582/2722 963/1560/2698 962/1559/2697
s 176
f 958/1573/2723 965/1578/2718 964/1577/2717 952/1574/2724
s 175
f 982/1583/2725 981/1580/2720 980/1579/2719 983/1584/2726
s 174
f 954/1585/2727 967/1582/2722 966/1581/2721 956/1586/2728
s off
f 962/1587/2729 957/1588/2730 970/1589/2731 969/1590/2732
f 957/1588/2733 959/1591/2734 971/1592/2735 970/1589/2736
f 959/1591/2737 961/1593/2738 968/1594/2739 971/1592/2740
f 966/1595/2741 962/1587/2742 969/1590/2743 973/1596/2744
f 961/1593/2745 965/1597/2746 972/1598/2747 968/1594/2748
f 956/1599/2749 966/1595/2750 973/1596/2751 974/1600/2752
f 965/1597/2753 958/1601/2754 975/1602/2755 972/1598/2756
f 958/1601/2757 956/1599/2758 974/1600/2759 975/1602/2760
f 969/1590/2761 970/1589/2762 978/1565/2763 977/1564/2764
f 970/1589/2765 971/1592/2766 979/1566/2767 978/1565/2768
f 971/1592/2769 968/1594/2770 976/1563/2771 979/1566/2772
f 973/1596/2773 969/1590/2774 977/1564/2775 981/1580/2776
f 968/1594/2777 972/1598/2778 980/1579/2779 976/1563/2780
f 974/1600/2781 973/1596/2782 981/1580/2783 982/1583/2784
f 972/1598/2785 975/1602/2786 983/1584/2787 980/1579/2788
f 975/1602/2789 974/1600/2790 982/1583/2791 983/1584/2792
s 177
f 995/1603/2793 992/1604/2794 985/1605/2795 987/1606/2796
s 178
f 994/1607/2797 995/1608/2798 987/1609/2799 989/1610/2800
s 179
f 993/1611/2801 994/1612/2802 989/1613/2803 991/1614/2804
s 180
f 992/1615/2805 993/1616/2806 991/1617/2807 985/1618/2808
s off
f 985/1619/2809 991/1620/2810 989/1610/2811 987/1609/2812
f 990/1621/2813 984/1622/2814 986/1623/2815 988/1624/2816
s 180
f 990/1621/2817 993/1616/2806 992/1615/2805 984/1622/2818
s 179
f 988/1625/2819 994/1612/2802 993/1611/2801 990/1626/2820
s 178
f 986/1627/2821 995/1608/2798 994/1607/2797 988/1628/2822
s 177
f 984/1629/2823 992/1604/2794 995/1603/2793 986/1630/2824
s 181
f 1007/1631/2825 1004/1632/2826 997/1633/2827 999/1634/2828
s 182
f 1006/1635/2829 1007/1636/2830 999/1637/2831 1001/1638/2832
s 183
f 1005/1639/2833 1006/1640/2834 1001/1641/2835 1003/1642/2836
s 184
f 1004/1643/2837 1005/1644/2838 1003/1645/2839 997/1646/2840
s off
f 997/1646/2841 1003/1645/2842 1001/1647/2843 999/1648/2844
f 1002/1649/2845 996/1650/2846 998/1651/2847 1000/1652/2848
s 184
f 1002/1653/2849 1005/1644/2838 1004/1643/2837 996/1654/2850
s 183
f 1000/1655/2851 1006/1640/2834 1005/1639/2833 1002/1656/2852
s 182
f 998/1651/2853 1007/1636/2830 1006/1635/2829 1000/1652/2854
s 181
f 996/1657/2855 1004/1632/2826 1007/1631/2825 998/1658/2856
s 185
f 1018/1659/2857 1019/1660/2858 1011/1661/2859 1013/1662/2860
s 186
f 1032/1663/2861 1033/1664/2862 1034/1665/2863 1035/1666/2864
s 187
f 1016/1667/2865 1017/1668/2866 1015/1669/2867 1009/1670/2868
s off
f 1009/1670/2869 1015/1669/2870 1013/1671/2871 1011/1672/2872
f 1014/1673/2873 1008/1674/2874 1010/1675/2875 1012/1676/2876
s 187
f 1020/1677/2877 1021/1678/2878 1017/1668/2866 1016/1667/2865
s 186
f 1036/1679/2879 1037/1680/2880 1033/1664/2862 1032/1663/2861
s 185
f 1022/1681/2881 1023/1682/2882 1019/1660/2858 1018/1659/2857
s 187
f 1014/1673/2883 1021/1678/2878 1020/1677/2877 1008/1674/2884
s 186
f 1038/1683/2885 1037/1680/2880 1036/1679/2879 1039/1684/2886
s 185
f 1010/1685/2887 1023/1682/2882 1022/1681/2881 1012/1686/2888
s off
f 1018/1687/2889 1013/1688/2890 1026/1689/2891 1025/1690/2892
f 1013/1688/2893 1015/1691/2894 1027/1692/2895 1026/1689/2896
f 1015/1691/2897 1017/1693/2898 1024/1694/2899 1027/1692/2900
f 1022/1695/2901 1018/1687/2902 1025/1690/2903 1029/1696/2904
f 1017/1693/2905 1021/1697/2906 1028/1698/2907 1024/1694/2908
f 1012/1699/2909 1022/1695/2910 1029/1696/2911 1030/1700/2912
f 1021/1697/2913 1014/1701/2914 1031/1702/2915 1028/1698/2916
f 1014/1701/2917 1012/1699/2918 1030/1700/2919 1031/1702/2920
f 1025/1690/2921 1026/1689/2922 1034/1665/2923 1033/1664/2924
f 1026/1689/2925 1027/1692/2926 1035/1666/2927 1034/1665/2928
f 1027/1692/2929 1024/1694/2930 1032/1663/2931 1035/1666/2932
f 1029/1696/2933 1025/1690/2934 1033/1664/2935 1037/1680/2936
f 1024/1694/2937 1028/1698/2938 1036/1679/2939 1032/1663/2940
f 1030/1700/2941 1029/1696/2942 1037/1680/2943 1038/1683/2944
f 1028/1698/2945 1031/1702/2946 1039/1684/2947 1036/1679/2948
f 1031/1702/2949 1030/1700/2950 1038/1683/2951 1039/1684/2952
s 188
f 1051/1703/2953 1043/1706/2954 1041/1705/2955 1048/1704/2956
s 189
f 1050/1707/2957 1045/1710/2958 1043/1709/2959 1051/1708/2960
s 190
f 1049/1711/2961 1047/1714/2962 1045/1713/2963 1050/1712/2964
s 191
f 1048/1715/2965 1041/1718/2966 1047/1717/2967 1049/1716/2968
s off
f 1041/1718/2969 1043/1720/2970 1045/1719/2971 1047/1717/2972
f 1046/1721/2973 1044/1724/2974 1042/1723/2975 1040/1722/2976
s 191
f 1046/1725/2977 1040/1726/2978 1048/1715/2965 1049/1716/2968
s 190
f 1044/1727/2979 1046/1728/2980 1049/1711/2961 1050/1712/2964
s 189
f 1042/1723/2981 1044/1724/2982 1050/1707/2957 1051/1708/2960
s 188
f 1040/1729/2983 1042/1730/2984 1051/1703/2953 1048/1704/2956
s 192
f 1063/1731/2985 1055/1734/2986 1053/1733/2987 1060/1732/2988
s 193
f 1062/1735/2989 1057/1738/2990 1055/1737/2991 1063/1736/2992
s 194
f 1061/1739/2993 1059/1742/2994 1057/1741/2995 1062/1740/2996
s 195
f 1060/1743/2997 1053/1746/2998 1059/1745/2999 1061/1744/3000
s off
f 1053/1747/3001 1055/1737/3002 1057/1738/3003 1059/1748/3004
f 1058/1749/3005 1056/1752/3006 1054/1751/3007 1052/1750/3008
s 195
f 1058/1749/3009 1052/1750/3010 1060/1743/2997 1061/1744/3000
s 194
f 1056/1753/3011 1058/1754/3012 1061/1739/2993 1062/1740/2996
s 193
f 1054/1755/3013 1056/1756/3014 1062/1735/2989 1063/1736/2992
s 192
f 1052/1757/3015 1054/1758/3016 1063/1731/2985 1060/1732/2988
s 196
f 1072/1759/3017 1073/1760/3018 1067/1761/3019 1066/1762/3020
s off
f 1066/1763/3021 1067/1764/3022 1069/1765/3023 1068/1766/3024
s 197
f 1068/1766/3025 1069/1765/3026 1074/1767/3027 1075/1768/3028
s 198
f 1073/1769/3029 1074/1770/3030 1069/1771/3031 1067/1772/3032
s 199
f 1075/1773/3033 1072/1774/3034 1066/1775/3035 1068/1776/3036
s 196
f 1076/1777/3037 1077/1778/3038 1073/1760/3018 1072/1759/3017
s 198
f 1077/1779/3039 1078/1780/3040 1074/1770/3030 1073/1769/3029
s 197
f 1075/1768/3028 1074/1767/3027 1078/1781/3041 1079/1782/3042
s 199
f 1079/1783/3043 1076/1784/3044 1072/1774/3034 1075/1773/3033
s off
f 1080/1785/3045 1081/1786/3046 1077/1778/3047 1076/1777/3048
f 1081/1787/3049 1082/1788/3050 1078/1780/3051 1077/1779/3052
f 1079/1782/3053 1078/1781/3054 1082/1789/3055 1083/1790/3056
f 1083/1791/3057 1080/1792/3058 1076/1784/3059 1079/1783/3060
s 200
f 1084/1793/3061 1085/1794/3062 1081/1786/3063 1080/1785/3064
s 201
f 1085/1795/3065 1086/1796/3066 1082/1788/3067 1081/1787/3068
s 202
f 1083/1790/3069 1082/1789/3070 1086/1797/3071 1087/1798/3072
s 203
f 1087/1799/3073 1084/1800/3074 1080/1792/3075 1083/1791/3076
s 200
f 1064/1801/3077 1065/1802/3078 1085/1794/3062 1084/1793/3061
s 201
f 1065/1803/3079 1071/1804/3080 1086/1796/3066 1085/1795/3065
s 202
f 1087/1798/3072 1086/1797/3071 1071/1805/3081 1070/1806/3082
s 203
f 1070/1807/3083 1064/1808/3084 1084/1800/3074 1087/1799/3073
