# This file uses centimeters as units for non-parametric coordinates.

mtllib M_Bridge2.mtl
g default
v -4.200092 4.739452 -16.893852
v -4.136928 4.732112 -16.831448
v -4.198398 4.668243 -16.840336
v -4.219310 5.532389 -16.717579
v -4.154819 5.471556 -16.726406
v -4.217983 5.478891 -16.788811
v -4.165042 3.040169 -5.373942
v -4.103572 3.104039 -5.365051
v -4.166370 3.093666 -5.302709
v -4.184268 3.833106 -5.197667
v -4.121471 3.843479 -5.260009
v -4.185955 3.904316 -5.251184
v -4.923816 3.021859 -5.374333
v -4.925144 3.075356 -5.303101
v -4.988307 3.082695 -5.365509
v -5.006206 3.822136 -5.260466
v -4.943042 3.814795 -5.198060
v -4.944728 3.886005 -5.251576
v -4.957172 4.649933 -16.840729
v -5.021663 4.710770 -16.831905
v -4.958866 4.721142 -16.894245
v -4.976757 5.460586 -16.789204
v -5.039554 5.450208 -16.726860
v -4.978084 5.514081 -16.717972
v -4.164569 3.883817 -10.595172
v -4.180652 4.548260 -10.500783
v -4.238597 4.602923 -10.492853
v -4.920421 4.586473 -10.493206
v -4.975666 4.529078 -10.501194
v -4.959583 3.864635 -10.595583
v -4.901630 3.809970 -10.603513
v -4.219806 3.826424 -10.603161
v 2.199162 4.480155 -5.031606
v 2.258259 4.537303 -5.082486
v 2.197369 4.578694 -5.032220
v 2.188504 3.989663 -5.704110
v 2.250676 4.033275 -5.657414
v 2.191578 3.976127 -5.606534
v 1.456013 4.565310 -5.010705
v 1.393834 4.521699 -5.057399
v 1.457806 4.466771 -5.010091
v 1.450222 3.962743 -5.585019
v 1.386250 4.017671 -5.632327
v 1.447148 3.976279 -5.682595
v 1.970646 10.109118 -10.014943
v 1.963833 9.656211 -10.531560
v 1.907956 9.617023 -10.573522
v 1.241787 9.604997 -10.554189
v 1.187077 9.642190 -10.509017
v 1.193890 10.095098 -9.992400
v 1.249760 10.134288 -9.950440
v 1.915928 10.146314 -9.969773
v 1.654141 4.733767 -16.905701
v 1.720479 4.726978 -16.846619
v 1.659100 4.662648 -16.852268
v 1.638188 5.526794 -16.729511
v 1.702580 5.466421 -16.741573
v 1.636250 5.473207 -16.800659
v 2.293576 3.051278 -5.401029
v 2.354954 3.115608 -5.395376
v 2.295521 3.104865 -5.329878
v 2.277623 3.844306 -5.224835
v 2.337056 3.855048 -5.290334
v 2.272664 3.915424 -5.278270
v 1.535931 3.027457 -5.362403
v 1.537877 3.081044 -5.291251
v 1.471547 3.087833 -5.350339
v 1.453648 3.827271 -5.245296
v 1.519978 3.820486 -5.186209
v 1.515019 3.891603 -5.239645
v 0.901455 4.638828 -16.813641
v 0.837071 4.699203 -16.801575
v 0.896496 4.709947 -16.867073
v 0.878605 5.449385 -16.762032
v 0.819172 5.438643 -16.696533
v 0.880543 5.502972 -16.690884
v 2.019558 3.887435 -10.616270
v 2.003476 4.551875 -10.521881
v 1.945607 4.606130 -10.511041
v 1.264805 4.584722 -10.476333
v 1.209652 4.526916 -10.481412
v 1.225735 3.862473 -10.575799
v 1.283604 3.808222 -10.586639
v 1.964406 3.829626 -10.621348
v -5.311504 10.989017 -15.600051
v -5.313015 11.345416 -15.549111
v 2.208577 10.929839 -14.963004
v 2.207066 11.286239 -14.912065
v 2.087826 10.728276 -13.556306
v 2.086316 11.084676 -13.505368
v -5.432254 10.787454 -14.193355
v -5.433765 11.143853 -14.142415
v -5.246631 9.293305 1.618144
v -5.247890 8.936933 1.567026
v 2.292401 9.217412 1.961868
v 2.291150 8.861037 1.910750
v 2.358731 9.419461 0.551628
v 2.357480 9.063087 0.500508
v -5.180301 9.495357 0.207904
v -5.181560 9.138980 0.156786
v -5.246631 11.286538 -15.796668
v -5.247890 10.930165 -15.847785
v 2.292401 11.210645 -15.452941
v 2.291150 10.854270 -15.504062
v 2.358731 11.412696 -16.863186
v 2.357480 11.056319 -16.914303
v -5.180301 11.488589 -17.206909
v -5.181560 11.132213 -17.258030
v 1.509564 9.669961 -8.794574
v 1.558629 9.664382 -8.745824
v 1.509564 9.611398 -8.751888
v 1.509564 10.345668 -8.667847
v 1.558629 10.292686 -8.673911
v 1.509564 10.298265 -8.722661
v 1.509564 8.585610 0.210369
v 1.558629 8.638595 0.216434
v 1.509564 8.633016 0.265185
v 1.509564 9.261319 0.337099
v 1.558629 9.266898 0.288347
v 1.509564 9.319880 0.294411
v 0.918377 8.585610 0.210369
v 0.918377 8.633016 0.265185
v 0.869313 8.638595 0.216434
v 0.869313 9.266898 0.288347
v 0.918377 9.261319 0.337099
v 0.918377 9.319880 0.294411
v 0.918377 9.611398 -8.751888
v 0.869313 9.664382 -8.745824
v 0.918377 9.669961 -8.794574
v 0.918377 10.298265 -8.722661
v 0.869313 10.292686 -8.673911
v 0.918377 10.345668 -8.667847
v 1.523678 9.138818 -3.871982
v 1.523678 9.703399 -3.807362
v 1.479580 9.751008 -3.801912
v 0.948361 9.751008 -3.801912
v 0.904263 9.703399 -3.807362
v 0.904263 9.138818 -3.871982
v 0.948361 9.091208 -3.877431
v 1.479580 9.091208 -3.877431
v 2.731788 -4.256173 -4.714244
v 2.853035 -4.254264 -4.835505
v 2.729879 -4.134924 -4.835505
v 2.729879 -4.134924 -6.273471
v 2.853035 -4.254264 -6.273471
v 2.731788 -4.256173 -6.394729
v 1.271062 -4.279170 -4.714244
v 1.269154 -4.157921 -4.835505
v 1.149816 -4.281079 -4.835505
v 1.149816 -4.281079 -6.273471
v 1.269154 -4.157921 -6.273471
v 1.271062 -4.279170 -6.394729
v 2.926885 -14.432561 -4.908423
v 2.926885 -14.432561 -6.200549
v 2.817935 -14.434277 -6.309512
v 1.505354 -14.454941 -6.309512
v 1.396404 -14.456656 -6.200549
v 1.396404 -14.456656 -4.908423
v 1.505354 -14.454941 -4.799464
v 2.817935 -14.434277 -4.799464
v 2.891657 -9.214217 -4.642329
v 3.026246 -9.212098 -4.776935
v 2.889538 -9.079623 -4.776935
v 2.889538 -9.079623 -6.373149
v 3.026246 -9.212098 -6.373149
v 2.891657 -9.214217 -6.507754
v 1.270176 -9.239744 -4.642329
v 1.268058 -9.105151 -4.776935
v 1.135595 -9.241863 -4.776935
v 1.135595 -9.241863 -6.373149
v 1.268058 -9.105151 -6.373149
v 1.270176 -9.239744 -6.507754
v 3.108222 -20.510498 -4.857879
v 3.108222 -20.510498 -6.292201
v 2.987280 -20.512402 -6.413157
v 1.530254 -20.535339 -6.413157
v 1.409320 -20.537243 -6.292201
v 1.409320 -20.537243 -4.857879
v 1.530254 -20.535339 -4.736926
v 2.987280 -20.512402 -4.736926
v 2.791426 -16.957403 -4.935958
v 2.888239 -16.857496 -4.935958
v 2.789878 -16.859045 -4.837588
v 2.789878 -16.859045 -6.200877
v 2.888239 -16.857496 -6.102504
v 2.791426 -16.957403 -6.102504
v 2.505207 1.222929 -4.837588
v 2.603568 1.224478 -4.935958
v 2.503659 1.321292 -4.935958
v 2.503659 1.321292 -6.102504
v 2.603568 1.224478 -6.102504
v 2.505207 1.222929 -6.200877
v 1.320196 1.204273 -4.837588
v 1.318648 1.302636 -4.935958
v 1.221835 1.202724 -4.935958
v 1.221835 1.202724 -6.102504
v 1.318648 1.302636 -6.102504
v 1.320196 1.204273 -6.200877
v 1.604867 -16.877701 -4.837588
v 1.506505 -16.879250 -4.935958
v 1.606415 -16.976059 -4.935958
v 1.606415 -16.976059 -6.102504
v 1.506505 -16.879250 -6.102504
v 1.604867 -16.877701 -6.200877
v 2.663478 -7.032646 -4.995112
v 2.663478 -7.032646 -6.043349
v 2.575095 -7.034037 -6.131743
v 1.510262 -7.050801 -6.131743
v 1.421879 -7.052193 -6.043349
v 1.421879 -7.052193 -4.995112
v 1.510262 -7.050801 -4.906718
v 2.575095 -7.034037 -4.906718
v 2.365205 -2.674775 -5.080112
v 2.429695 -2.608223 -5.080112
v 2.364174 -2.609255 -5.014583
v 2.364174 -2.609255 -5.922698
v 2.429695 -2.608223 -5.857169
v 2.365205 -2.674775 -5.857169
v 2.174549 9.435481 -5.014583
v 2.240070 9.436513 -5.080112
v 2.173518 9.501000 -5.080112
v 2.173518 9.501000 -5.857169
v 2.240070 9.436513 -5.857169
v 2.174549 9.435481 -5.922698
v 1.385195 9.423055 -5.014583
v 1.384164 9.488574 -5.080112
v 1.319674 9.422023 -5.080112
v 1.319674 9.422023 -5.857169
v 1.384164 9.488574 -5.857169
v 1.385195 9.423055 -5.922698
v 1.574820 -2.621682 -5.014583
v 1.509299 -2.622714 -5.080112
v 1.575851 -2.687202 -5.080112
v 1.575851 -2.687202 -5.857169
v 1.509299 -2.622714 -5.857169
v 1.574820 -2.621682 -5.922698
v 2.279979 3.936290 -5.119517
v 2.279979 3.936290 -5.817763
v 2.221103 3.935363 -5.876647
v 1.511802 3.924196 -5.876647
v 1.452926 3.923269 -5.817763
v 1.452926 3.923269 -5.119517
v 1.511802 3.924196 -5.060634
v 2.221103 3.935363 -5.060634
v 2.520860 -8.384392 -5.033034
v 2.595905 -8.306946 -5.033034
v 2.519659 -8.308146 -4.956782
v 2.519659 -8.308146 -6.013545
v 2.595905 -8.306946 -5.937293
v 2.520860 -8.384392 -5.937293
v 2.298995 5.708241 -4.956782
v 2.375241 5.709442 -5.033034
v 2.297794 5.784488 -5.033034
v 2.297794 5.784488 -5.937293
v 2.375241 5.709442 -5.937293
v 2.298995 5.708241 -6.013545
v 1.380423 5.693780 -4.956782
v 1.379222 5.770026 -5.033034
v 1.304176 5.692580 -5.033034
v 1.304176 5.692580 -5.937293
v 1.379222 5.770026 -5.937293
v 1.380423 5.693780 -6.013545
v 1.601087 -8.322608 -4.956782
v 1.524840 -8.323809 -5.033034
v 1.602288 -8.398852 -5.033034
v 1.602288 -8.398852 -5.937293
v 1.524840 -8.323809 -5.937293
v 1.601087 -8.322608 -6.013545
v 2.421679 -0.691135 -5.078891
v 2.421679 -0.691135 -5.891437
v 2.353168 -0.692214 -5.959956
v 1.527754 -0.705209 -5.959956
v 1.459243 -0.706287 -5.891437
v 1.459243 -0.706287 -5.078891
v 1.527754 -0.705209 -5.010371
v 2.353168 -0.692214 -5.010371
v -4.283405 7.147269 6.061765
v -4.220745 7.150943 5.989041
v -4.215190 7.079627 6.060864
v -4.275859 8.071118 6.058705
v -4.272647 7.999347 5.987191
v -4.335308 7.995673 6.059915
v -4.201099 7.082372 6.924302
v -4.204296 7.154145 6.995812
v -4.269298 7.150012 6.925199
v -4.321216 7.998416 6.923352
v -4.256206 8.002549 6.993962
v -4.261753 8.073865 6.922139
v 2.154065 7.584041 5.934628
v 2.107419 8.346396 5.932969
v 2.104542 8.410892 5.997224
v 2.117207 8.413358 6.773091
v 2.122189 8.349273 6.837628
v 2.168843 7.586917 6.839292
v 2.171719 7.522424 6.775033
v 2.159047 7.519958 5.999169
v -4.008762 -6.445779 16.376625
v -3.946208 -6.450929 16.303905
v -3.950710 -6.522317 16.375729
v -3.871738 -5.532116 16.373566
v -3.878627 -5.603628 16.302052
v -3.941181 -5.598480 16.374775
v -3.936367 -6.521576 17.239162
v -3.929477 -6.450065 17.310673
v -3.994419 -6.445040 17.240063
v -3.926837 -5.597740 17.238213
v -3.861896 -5.602765 17.308823
v -3.857387 -5.531375 17.237003
v 2.426342 -6.916090 16.249493
v 2.487065 -6.154724 16.247829
v 2.493260 -6.090465 16.312088
v 2.506146 -6.089798 17.087952
v 2.502095 -6.153948 17.152493
v 2.441372 -6.915314 17.154152
v 2.435177 -6.979573 17.089893
v 2.422291 -6.980238 16.314030
v 2.455113 2.779679 6.753579
v 2.519757 2.829522 6.808742
v 2.450779 2.775390 6.851907
v 2.450779 3.485984 6.209836
v 2.519757 3.437570 6.259330
v 2.455113 3.387727 6.204167
v 1.619801 2.740941 6.813785
v 1.550824 2.789357 6.764291
v 1.624135 2.745233 6.715457
v 1.624135 3.353280 6.166045
v 1.550824 3.397405 6.214879
v 1.619801 3.451535 6.171714
v 2.037755 7.551824 11.973039
v 2.037755 8.098201 11.479350
v 1.975773 8.141706 11.434876
v 1.229069 8.110751 11.400619
v 1.167088 8.062108 11.439404
v 1.167088 7.515731 11.933093
v 1.229069 7.472224 11.977569
v 1.975773 7.503179 12.011827
v 2.635060 -18.207716 6.758805
v 2.733433 -18.109344 6.758805
v 2.635060 -18.109344 6.857175
v 2.635060 -18.109344 5.493886
v 2.733433 -18.109344 5.592259
v 2.635060 -18.207716 5.592259
v 2.635060 -0.025129 6.857175
v 2.733433 -0.025129 6.758805
v 2.635060 0.073245 6.758805
v 2.635060 0.073245 5.592259
v 2.733433 -0.025129 5.592259
v 2.635060 -0.025129 5.493886
v 1.449902 -0.025129 6.857175
v 1.449902 0.073245 6.758805
v 1.351529 -0.025129 6.758805
v 1.351529 -0.025129 5.592259
v 1.449902 0.073245 5.592259
v 1.449902 -0.025129 5.493886
v 1.449902 -18.109344 6.857175
v 1.351529 -18.109344 6.758805
v 1.449902 -18.207716 6.758805
v 1.449902 -18.207716 5.592259
v 1.351529 -18.109344 5.592259
v 1.449902 -18.109344 5.493886
v 2.663357 -8.282173 6.699651
v 2.663357 -8.282173 5.651414
v 2.574963 -8.282173 5.563020
v 1.509999 -8.282173 5.563020
v 1.421605 -8.282173 5.651414
v 1.421605 -8.282173 6.699651
v 1.509999 -8.282173 6.788045
v 2.574963 -8.282173 6.788045
v -5.710048 9.695092 -1.847611
v -5.711353 9.325940 -1.900562
v 2.099240 9.616479 -1.491566
v 2.097943 9.247327 -1.544518
v 2.167950 9.825768 -2.952362
v 2.166646 9.456620 -3.005312
v -5.641338 9.904382 -3.308406
v -5.642642 9.535233 -3.361357
v -5.065799 8.932631 2.445050
v -5.065532 9.264846 2.492635
v 1.939816 9.018701 1.804934
v 1.940083 9.350917 1.852518
v 2.061863 8.830905 3.115382
v 2.062130 9.163117 3.162963
v -4.943752 8.744834 3.755499
v -4.943485 9.077050 3.803083
v -5.311504 10.006068 -7.012058
v -5.313015 10.362468 -6.961117
v 2.208577 9.946891 -6.375010
v 2.207066 10.303290 -6.324072
v 2.087826 9.745328 -4.968312
v 2.086316 10.101727 -4.917376
v -5.432254 9.804503 -5.605359
v -5.433765 10.160905 -5.554421
v 2.778927 8.279145 8.491338
v 2.774121 8.622939 8.521138
v -4.421039 8.118779 9.181705
v -4.425838 8.462573 9.211505
v -4.553615 8.234454 7.825937
v -4.558414 8.578248 7.855738
v 2.646351 8.394820 7.135571
v 2.641552 8.738614 7.165372
v -3.996212 6.530746 16.207722
v -3.933452 6.538814 16.135441
v -3.932422 6.459504 16.198563
v -3.930233 7.446511 16.310638
v -3.931583 7.383380 16.231339
v -3.994342 7.375312 16.303619
v -3.918071 6.362060 17.056480
v -3.916721 6.425191 17.135777
v -3.981861 6.433297 17.065639
v -3.979999 7.277862 17.161543
v -3.914852 7.269752 17.231678
v -3.915889 7.349061 17.168554
v 2.455975 6.573894 16.083977
v 2.457654 7.332801 16.170151
v 2.458867 7.389529 16.241404
v 2.471760 7.301965 17.012314
v 2.472691 7.230700 17.069035
v 2.471005 6.471791 16.982861
v 2.469800 6.415063 16.911606
v 2.456906 6.502629 16.140697
v -4.834171 8.683171 6.948857
v -4.835422 8.326798 6.897739
v 2.704869 8.607278 7.292585
v 2.703610 8.250903 7.241463
v 2.771199 8.809327 5.882341
v 2.769940 8.452952 5.831223
v -4.767841 8.885222 5.538617
v -4.769092 8.528846 5.487499
v -4.582958 8.661386 0.017309
v -4.528018 8.656566 0.059425
v -4.576686 8.602868 0.059596
v -4.576686 9.337138 0.143637
v -4.528018 9.284869 0.131339
v -4.582958 9.289689 0.089223
v -3.422840 7.585507 8.948236
v -3.374172 7.639207 8.948061
v -3.416561 7.632958 9.002652
v -3.416561 8.261262 9.074566
v -3.374172 8.267510 9.019975
v -3.422840 8.319777 9.032277
v -4.009166 7.576909 9.023364
v -4.002887 7.624358 9.077780
v -4.057834 7.629180 9.035663
v -4.057834 8.257483 9.107576
v -4.002887 8.252662 9.149693
v -4.009166 8.311179 9.107406
v -5.163013 8.594270 0.134724
v -5.211673 8.646541 0.147024
v -5.169284 8.652787 0.092436
v -5.169284 9.281091 0.164349
v -5.211673 9.274844 0.218938
v -5.163013 9.328540 0.218765
v -3.935672 8.135074 4.897701
v -3.935672 8.699655 4.962321
v -3.979404 8.746621 4.973376
v -4.506267 8.738894 5.040882
v -4.549999 8.690644 5.041039
v -4.549999 8.126063 4.976418
v -4.506267 8.079095 4.965364
v -3.979404 8.086822 4.897858
v 1.537602 8.661437 0.016870
v 1.592206 8.656566 0.059420
v 1.543492 8.602912 0.059207
v 1.543492 9.337182 0.143249
v 1.592206 9.284869 0.131333
v 1.537602 9.289741 0.088783
v 2.625912 7.584538 8.956706
v 2.674634 7.638192 8.956923
v 2.631802 7.631984 9.011171
v 2.631802 8.260287 9.083085
v 2.674634 8.266496 9.028836
v 2.625912 8.318809 9.040748
v 2.039006 7.576472 9.027184
v 2.044896 7.623916 9.081650
v 1.990292 7.628787 9.039100
v 1.990292 8.257091 9.111013
v 2.044896 8.252219 9.153563
v 2.039006 8.310742 9.111226
v 0.956578 8.594846 0.129683
v 0.907864 8.647161 0.141597
v 0.950696 8.653371 0.087348
v 0.950696 9.281674 0.159261
v 0.907864 9.275464 0.213511
v 0.956578 9.329116 0.213725
v 2.145703 8.134553 4.902238
v 2.145703 8.699134 4.966858
v 2.101933 8.746142 4.977564
v 1.574543 8.738894 5.040894
v 1.530774 8.690682 5.040701
v 1.530774 8.126101 4.976081
v 1.574543 8.079095 4.965375
v 2.101933 8.086343 4.902045
v 2.426724 9.031713 3.752629
v 2.426724 8.666112 3.721108
v -5.258976 9.003583 4.078118
v -5.258976 8.637979 4.046601
v -5.197238 8.878835 5.525101
v -5.197238 8.513232 5.493584
v 2.488461 8.906966 5.199612
v 2.488461 8.541362 5.168091
v -3.710643 2.279054 4.697763
v -3.646599 2.278516 4.759697
v -3.710503 2.216451 4.761160
v -3.697763 3.089414 4.755510
v -3.635701 3.025498 4.754862
v -3.699745 3.026036 4.692928
v -3.515308 2.288552 16.340738
v -3.451404 2.350617 16.339275
v -3.513327 2.351937 16.403322
v -3.502421 3.098920 16.398487
v -3.440498 3.097600 16.334440
v -3.502568 3.161515 16.335089
v -4.274121 2.299706 16.353460
v -4.272140 2.363091 16.416042
v -4.336184 2.363626 16.354109
v -4.325278 3.110608 16.349274
v -4.261234 3.110074 16.411209
v -4.261381 3.172669 16.347809
v -4.469316 2.227605 4.773882
v -4.531379 2.291524 4.774530
v -4.469456 2.290208 4.710485
v -4.458558 3.037190 4.705650
v -4.520481 3.038507 4.769695
v -4.456576 3.100568 4.768232
v -3.584841 2.356236 11.052680
v -3.575050 3.027455 11.048335
v -3.630821 3.084889 11.048918
v -4.312675 3.094914 11.060349
v -4.370094 3.039144 11.061665
v -4.379885 2.367925 11.066010
v -4.324122 2.310491 11.065427
v -3.642268 2.300466 11.053995
v -3.495136 3.666569 6.859370
v -3.427867 3.718763 6.804620
v -3.495700 3.767706 6.855166
v -3.512966 3.085299 6.183436
v -3.442646 3.134836 6.229829
v -3.509914 3.082642 6.284579
v -4.327892 3.764120 6.880202
v -4.398212 3.714582 6.833810
v -4.327327 3.662983 6.884406
v -4.342105 3.079056 6.309615
v -4.412990 3.130655 6.259019
v -4.345157 3.081713 6.208472
v -3.658466 8.873258 1.514876
v -3.671749 8.348557 0.998382
v -3.734928 8.304044 0.956695
v -4.482723 8.300820 0.979190
v -4.543674 8.344800 1.024611
v -4.530391 8.869500 1.541106
v -4.467212 8.914014 1.582793
v -3.719417 8.917237 1.560298
v -4.240177 10.323110 -16.788910
v -4.183429 10.320014 -16.732594
v -4.238636 10.262275 -16.736977
v -4.257373 11.043597 -16.675144
v -4.199466 10.988582 -16.679684
v -4.256206 10.991677 -16.736000
v -4.204402 9.442637 -6.369622
v -4.149196 9.500377 -6.365239
v -4.205562 9.494557 -6.308764
v -4.221599 10.163125 -6.255855
v -4.165226 10.168944 -6.312329
v -4.223140 10.223960 -6.307788
v -4.885753 9.426221 -6.368670
v -4.886913 9.478141 -6.307811
v -4.943660 9.481236 -6.364129
v -4.959690 10.149804 -6.311219
v -4.902950 10.146708 -6.254902
v -4.904491 10.207543 -6.306836
v -4.919986 10.245858 -16.736023
v -4.977893 10.300874 -16.731483
v -4.921527 10.306693 -16.787956
v -4.937557 10.975261 -16.735046
v -4.993930 10.969441 -16.678574
v -4.938724 11.027181 -16.674191
v -4.205921 9.907546 -11.096114
v -4.220333 10.508307 -11.048571
v -4.272365 10.557742 -11.044491
v -4.884624 10.542991 -11.043635
v -4.934223 10.491107 -11.047573
v -4.919818 9.890346 -11.095117
v -4.867786 9.840911 -11.099196
v -4.255527 9.855662 -11.100052
v 2.225369 3.689594 6.448577
v 2.288647 3.744205 6.391471
v 2.220990 3.790646 6.444556
v 2.203724 3.108238 5.772826
v 2.273869 3.160278 5.816680
v 2.210591 3.105667 5.873786
v 1.390965 3.756916 6.500155
v 1.320828 3.704878 6.456302
v 1.395344 3.655865 6.504176
v 1.380566 3.071938 5.929385
v 1.306050 3.120951 5.881511
v 1.373700 3.074509 5.828425
v 1.677250 8.888368 1.122016
v 1.663975 8.363664 0.605521
v 1.600949 8.316903 0.566113
v 0.855099 8.286595 0.616075
v 0.794316 8.328324 0.663775
v 0.807591 8.853028 1.180270
v 0.870617 8.899793 1.219678
v 1.616467 8.930100 1.169717
v 2.199292 2.179414 4.711521
v 2.262295 2.180940 4.774502
v 2.199292 2.117959 4.776027
v 2.199292 2.990777 4.754889
v 2.262295 2.927796 4.756415
v 2.199292 2.926270 4.693434
v 2.199292 2.398351 16.354080
v 2.262295 2.461331 16.352556
v 2.199292 2.462857 16.415539
v 2.199292 3.209714 16.397451
v 2.262295 3.208188 16.334469
v 2.199292 3.271169 16.332943
v 1.440297 2.398351 16.354080
v 1.440297 2.462857 16.415539
v 1.377293 2.461331 16.352556
v 1.377293 3.208188 16.334469
v 1.440297 3.209714 16.397451
v 1.440297 3.271169 16.332943
v 1.440297 2.117959 4.776027
v 1.377293 2.180940 4.774502
v 1.440297 2.179414 4.711521
v 1.440297 2.926270 4.693434
v 1.377293 2.927796 4.756415
v 1.440297 2.990777 4.754889
v 2.217412 2.371179 11.065232
v 2.217412 3.042291 11.048980
v 2.160801 3.098882 11.047609
v 1.478779 3.098882 11.047609
v 1.422177 3.042291 11.048980
v 1.422177 2.371179 11.065232
v 1.478779 2.314588 11.066603
v 2.160801 2.314588 11.066603
v -4.192989 4.017884 -4.847329
v -4.127582 4.078897 -4.900798
v -4.191333 4.121976 -4.851916
v -4.201038 3.539166 -5.528804
v -4.135883 3.580194 -5.480002
v -4.201290 3.519181 -5.426534
v -4.967792 4.134337 -4.851430
v -5.032939 4.093310 -4.900231
v -4.969448 4.030246 -4.846843
v -4.977748 3.531543 -5.426047
v -5.041240 3.594607 -5.479436
v -4.977497 3.551528 -5.528317
v -4.078586 10.251756 -10.267564
v -4.086048 9.803632 -10.788026
v -4.144580 9.766765 -10.831878
v -4.842296 9.777875 -10.831441
v -4.899585 9.816585 -10.787517
v -4.892124 10.264709 -10.267055
v -4.833576 10.301576 -10.223203
v -4.135860 10.290465 -10.223639
v -4.433444 9.669961 -8.794574
v -4.384372 9.664382 -8.745824
v -4.433444 9.611398 -8.751888
v -4.433444 10.345668 -8.667847
v -4.384372 10.292686 -8.673911
v -4.433444 10.298265 -8.722661
v -4.433444 8.585610 0.210369
v -4.384372 8.638595 0.216434
v -4.433444 8.633016 0.265185
v -4.433444 9.261319 0.337099
v -4.384372 9.266898 0.288347
v -4.433444 9.319880 0.294411
v -5.024623 8.585610 0.210369
v -5.024623 8.633016 0.265185
v -5.073696 8.638595 0.216434
v -5.073696 9.266898 0.288347
v -5.024623 9.261319 0.337099
v -5.024623 9.319880 0.294411
v -5.024623 9.611398 -8.751888
v -5.073696 9.664382 -8.745824
v -5.024623 9.669961 -8.794574
v -5.024623 10.298265 -8.722661
v -5.073696 10.292686 -8.673911
v -5.024623 10.345668 -8.667847
v -4.419330 9.138818 -3.871982
v -4.419330 9.703399 -3.807362
v -4.463428 9.751008 -3.801912
v -4.994648 9.751008 -3.801912
v -5.038738 9.703399 -3.807362
v -5.038738 9.138818 -3.871982
v -4.994648 9.091208 -3.877431
v -4.463428 9.091208 -3.877431
v -4.493366 7.983026 10.663186
v -4.494876 8.339425 10.714126
v 3.026715 7.923848 11.300233
v 3.025204 8.280250 11.351170
v 2.905964 7.722285 12.706931
v 2.904454 8.078685 12.757868
v -4.614124 7.781463 12.069883
v -4.615627 8.137862 12.120824
v -3.525325 2.752772 6.723804
v -3.455860 2.799613 6.775641
v -3.524967 2.748572 6.822228
v -3.524967 3.459167 6.180158
v -3.455860 3.407660 6.226230
v -3.525325 3.360820 6.174392
v -4.357532 2.751372 6.825328
v -4.426639 2.802878 6.779256
v -4.357891 2.755572 6.726903
v -4.357891 3.363620 6.177491
v -4.426639 3.410926 6.229844
v -4.357532 3.461967 6.183257
v -3.469905 7.533021 11.952229
v -3.469905 8.079398 11.458541
v -3.532001 8.125682 11.417142
v -4.280124 8.128198 11.419929
v -4.342220 8.082332 11.461789
v -4.342220 7.535954 11.955478
v -4.280124 7.489671 11.996879
v -3.532001 7.487155 11.994092
v -4.273265 3.197019 -5.021811
v -4.200206 3.248185 -4.965184
v -4.269229 3.199254 -4.916263
v -4.269229 3.909848 -5.558333
v -4.200206 3.856233 -5.514596
v -4.273265 3.805066 -5.571223
v -5.100734 3.227468 -4.885037
v -5.169757 3.281083 -4.928775
v -5.104770 3.225232 -4.990586
v -5.104770 3.833280 -5.539998
v -5.169757 3.889131 -5.478187
v -5.100734 3.938062 -5.527108
v -3.845844 8.626086 0.924680
v -3.845844 9.172463 0.430991
v -3.907856 9.220641 0.391690
v -4.655040 9.245994 0.419749
v -4.717052 9.202024 0.463708
v -4.717052 8.655646 0.957397
v -4.655040 8.607467 0.996699
v -3.907856 8.582114 0.968640
v 2.088398 3.231473 -4.983680
v 2.152447 3.287807 -4.921332
v 2.083470 3.233674 -4.878167
v 2.083470 3.944268 -5.520238
v 2.152447 3.895854 -5.470744
v 2.088398 3.839520 -5.533092
v 1.252491 3.199227 -4.916289
v 1.183514 3.247640 -4.965785
v 1.257420 3.197026 -5.021802
v 1.257420 3.805074 -5.571214
v 1.183514 3.855687 -5.515197
v 1.252491 3.909822 -5.558360
v 1.610631 8.658643 0.960713
v 1.610631 9.205020 0.467025
v 1.548649 9.248525 0.422551
v 0.801945 9.217570 0.388293
v 0.739964 9.168927 0.427079
v 0.739964 8.622550 0.920768
v 0.801945 8.579043 0.965243
v 1.548649 8.609998 0.999501
v -4.315448 -2.680522 -5.631766
v -4.317707 -2.614994 -5.697253
v -4.249965 -2.614994 -5.634021
v -5.157543 -2.614994 -5.602790
v -5.094303 -2.614994 -5.670531
v -5.092052 -2.680522 -5.605044
v -4.249965 9.431235 -5.634021
v -4.317707 9.431235 -5.697253
v -4.315448 9.496764 -5.631766
v -5.092052 9.496764 -5.605044
v -5.094303 9.431235 -5.670531
v -5.157543 9.431235 -5.602790
v -4.222812 9.431235 -4.845027
v -4.288303 9.496764 -4.842776
v -4.286045 9.431235 -4.777286
v -5.062648 9.431235 -4.750564
v -5.064899 9.496764 -4.816051
v -5.130390 9.431235 -4.813800
v -4.222812 -2.614994 -4.845027
v -4.286045 -2.614994 -4.777286
v -4.288303 -2.680522 -4.842776
v -5.064899 -2.680522 -4.816051
v -5.062648 -2.614994 -4.750564
v -5.130390 -2.614994 -4.813800
v -4.355480 3.931066 -5.649245
v -5.053318 3.931066 -5.625232
v -5.110141 3.931066 -5.564364
v -5.085742 3.931066 -4.855395
v -5.024868 3.931066 -4.798572
v -4.327037 3.931066 -4.822585
v -4.270214 3.931066 -4.883456
v -4.294612 3.931066 -5.592425
v -4.270664 -8.391881 -5.699100
v -4.273281 -8.315626 -5.775310
v -4.194454 -8.315626 -5.701720
v -5.250598 -8.315626 -5.665378
v -5.177005 -8.315626 -5.744212
v -5.174388 -8.391881 -5.668002
v -4.194454 5.702498 -5.701720
v -4.273281 5.702498 -5.775310
v -4.270664 5.778754 -5.699100
v -5.174388 5.778754 -5.668002
v -5.177005 5.702498 -5.744212
v -5.250598 5.702498 -5.665378
v -4.162860 5.702498 -4.783580
v -4.239070 5.778754 -4.780955
v -4.236446 5.702498 -4.704749
v -5.140171 5.702498 -4.673652
v -5.142795 5.778754 -4.749858
v -5.219005 5.702498 -4.747233
v -4.162860 -8.315626 -4.783580
v -4.236446 -8.315626 -4.704749
v -4.239070 -8.391881 -4.780955
v -5.142795 -8.391881 -4.749858
v -5.140171 -8.315626 -4.673652
v -5.219005 -8.315626 -4.747233
v -4.317241 -0.698016 -5.719443
v -5.129314 -0.698016 -5.691501
v -5.195438 -0.698016 -5.620662
v -5.167049 -0.698016 -4.795638
v -5.096210 -0.698016 -4.729518
v -4.284145 -0.698016 -4.757461
v -4.218021 -0.698016 -4.828296
v -4.246410 -0.698016 -5.653319
v 1.774868 10.254012 -8.760139
v 1.770642 10.593902 -8.730680
v -5.370166 10.138843 -8.456919
v -5.374401 10.478730 -8.427462
v -5.429126 10.254714 -9.802224
v -5.433361 10.594602 -9.772765
v 1.715909 10.369884 -10.105445
v 1.711682 10.709773 -10.075985
v 1.509564 10.652911 -17.382568
v 1.558629 10.647330 -17.333817
v 1.509564 10.594346 -17.339882
v 1.509564 11.328616 -17.255840
v 1.558629 11.275634 -17.261906
v 1.509564 11.281215 -17.310654
v 1.509564 9.568561 -8.377623
v 1.558629 9.621545 -8.371558
v 1.509564 9.615964 -8.322806
v 1.509564 10.244267 -8.250894
v 1.558629 10.249848 -8.299645
v 1.509564 10.302831 -8.293581
v 0.918377 9.568561 -8.377623
v 0.918377 9.615964 -8.322806
v 0.869313 9.621545 -8.371558
v 0.869313 10.249848 -8.299645
v 0.918377 10.244267 -8.250894
v 0.918377 10.302831 -8.293581
v 0.918377 10.594346 -17.339882
v 0.869313 10.647330 -17.333817
v 0.918377 10.652911 -17.382568
v 0.918377 11.281215 -17.310654
v 0.869313 11.275634 -17.261906
v 0.918377 11.328616 -17.255840
v 1.523678 10.121766 -12.459975
v 1.523678 10.686347 -12.395356
v 1.479580 10.733956 -12.389907
v 0.948361 10.733956 -12.389907
v 0.904263 10.686347 -12.395356
v 0.904263 10.121766 -12.459975
v 0.948361 10.074157 -12.465425
v 1.479580 10.074157 -12.465425
v 1.845387 11.009343 -13.592874
v 1.845387 10.666137 -13.622460
v -5.369480 10.982936 -13.287322
v -5.369480 10.639729 -13.316911
v -5.311527 10.865832 -11.928985
v -5.311519 10.522626 -11.958573
v 1.903340 10.892240 -12.234534
v 1.903347 10.549031 -12.264125
v -5.710048 10.678041 -10.435604
v -5.711353 10.308890 -10.488555
v 2.099240 10.599429 -10.079557
v 2.097943 10.230277 -10.132510
v 2.167950 10.808719 -11.540355
v 2.166646 10.439569 -11.593305
v -5.641338 10.887332 -11.896399
v -5.642642 10.518184 -11.949351
v 2.755681 -5.469102 6.990895
v 2.876942 -5.469102 6.869634
v 2.755681 -5.347838 6.869634
v 2.755681 -5.347838 5.431668
v 2.876942 -5.469102 5.431668
v 2.755681 -5.469102 5.310410
v 1.294774 -5.469102 6.990895
v 1.294774 -5.347838 6.869634
v 1.173512 -5.469102 6.869634
v 1.173512 -5.469102 5.431668
v 1.294774 -5.347838 5.431668
v 1.294774 -5.469102 5.310410
v 2.790562 -15.647300 6.796716
v 2.790562 -15.647300 5.504590
v 2.681599 -15.647300 5.395627
v 1.368855 -15.647300 5.395627
v 1.259892 -15.647300 5.504590
v 1.259892 -15.647300 6.796716
v 1.368855 -15.647300 6.905675
v 2.681599 -15.647300 6.905675
v -3.629428 -3.882129 6.073373
v -3.631687 -3.816601 6.007886
v -3.563945 -3.816601 6.071118
v -4.471523 -3.816601 6.102349
v -4.408283 -3.816601 6.034608
v -4.406032 -3.882129 6.100095
v -3.563945 8.229629 6.071118
v -3.631687 8.229629 6.007886
v -3.629428 8.295156 6.073373
v -4.406032 8.295156 6.100095
v -4.408283 8.229629 6.034608
v -4.471523 8.229629 6.102349
v -3.536792 8.229629 6.860112
v -3.602283 8.295156 6.862363
v -3.600025 8.229629 6.927854
v -4.376628 8.229629 6.954576
v -4.378879 8.295156 6.889089
v -4.444370 8.229629 6.891339
v -3.536792 -3.816601 6.860112
v -3.600025 -3.816601 6.927854
v -3.602283 -3.882129 6.862363
v -4.378879 -3.882129 6.889089
v -4.376628 -3.816601 6.954576
v -4.444370 -3.816601 6.891339
v -3.669460 2.729459 6.055894
v -4.367298 2.729459 6.079907
v -4.424121 2.729459 6.140775
v -4.399723 2.729459 6.849744
v -4.338848 2.729459 6.906568
v -3.641017 2.729459 6.882554
v -3.584194 2.729459 6.821683
v -3.608593 2.729459 6.112714
v 2.479794 -9.593489 6.672105
v 2.556050 -9.517234 6.672105
v 2.479794 -9.517234 6.748357
v 2.479794 -9.517234 5.691594
v 2.556050 -9.517234 5.767846
v 2.479794 -9.593489 5.767846
v 2.479794 4.500892 6.748357
v 2.556050 4.500892 6.672105
v 2.479794 4.577147 6.672105
v 2.479794 4.577147 5.767846
v 2.556050 4.500892 5.767846
v 2.479794 4.500892 5.691594
v 1.561108 4.500892 6.748357
v 1.561108 4.577147 6.672105
v 1.484852 4.500892 6.672105
v 1.484852 4.500892 5.767846
v 1.561108 4.577147 5.767846
v 1.561108 4.500892 5.691594
v 1.561108 -9.517234 6.748357
v 1.484852 -9.517234 6.672105
v 1.561108 -9.593489 6.672105
v 1.561108 -9.593489 5.767846
v 1.484852 -9.517234 5.767846
v 1.561108 -9.517234 5.691594
v 2.501729 -1.899623 6.626248
v 2.501729 -1.899623 5.813703
v 2.433209 -1.899623 5.745183
v 1.607693 -1.899623 5.745183
v 1.539174 -1.899623 5.813703
v 1.539174 -1.899623 6.626248
v 1.607693 -1.899623 6.694768
v 2.433209 -1.899623 6.694768
v 2.837483 -10.429049 7.062810
v 2.972088 -10.429049 6.928205
v 2.837483 -10.294437 6.928205
v 2.837483 -10.294437 5.331990
v 2.972088 -10.429049 5.331990
v 2.837483 -10.429049 5.197385
v 1.215802 -10.429049 7.062810
v 1.215802 -10.294437 6.928205
v 1.081204 -10.429049 6.928205
v 1.081204 -10.429049 5.331990
v 1.215802 -10.294437 5.331990
v 1.215802 -10.429049 5.197385
v 2.876202 -21.727337 6.847260
v 2.876202 -21.727337 5.412938
v 2.755246 -21.727337 5.291982
v 1.298039 -21.727337 5.291982
v 1.177090 -21.727337 5.412938
v 1.177090 -21.727337 6.847260
v 1.298039 -21.727337 6.968213
v 2.755246 -21.727337 6.968213
v -3.492290 -18.169697 5.867196
v -3.495670 -18.071327 5.768884
v -3.393970 -18.071327 5.863812
v -4.756458 -18.071327 5.910699
v -4.661525 -18.071327 5.808999
v -4.658145 -18.169697 5.907315
v -3.393970 0.012889 5.863812
v -3.495670 0.012889 5.768884
v -3.492290 0.111264 5.867196
v -4.658145 0.111264 5.907315
v -4.661525 0.012889 5.808999
v -4.756458 0.012889 5.910699
v -3.353214 0.012889 7.048272
v -3.451526 0.111264 7.051656
v -3.448146 0.012889 7.149968
v -4.614002 0.012889 7.190087
v -4.617389 0.111264 7.091771
v -4.715702 0.012889 7.095159
v -3.353214 -18.071327 7.048272
v -3.448146 -18.071327 7.149968
v -3.451526 -18.169697 7.051656
v -4.617389 -18.169697 7.091771
v -4.614002 -18.071327 7.190087
v -4.715702 -18.071327 7.095159
v -3.552379 -8.244155 5.840955
v -4.599994 -8.244155 5.877004
v -4.685298 -8.244155 5.968385
v -4.648677 -8.244155 7.032712
v -4.557292 -8.244155 7.118016
v -3.509677 -8.244155 7.081967
v -3.424373 -8.244155 6.990586
v -3.461002 -8.244155 5.926255
v 1.794937 -1.536178 -16.196781
v 1.860466 -1.470650 -16.196781
v 1.794937 -1.470650 -16.131252
v 1.794937 -1.470650 -17.039368
v 1.860466 -1.470650 -16.973839
v 1.794937 -1.536178 -16.973839
v 1.794937 10.575580 -16.131252
v 1.860466 10.575580 -16.196781
v 1.794937 10.641107 -16.196781
v 1.794937 10.641107 -16.973839
v 1.860466 10.575580 -16.973839
v 1.794937 10.575580 -17.039368
v 1.005477 10.575580 -16.131252
v 1.005477 10.641107 -16.196781
v 0.939956 10.575580 -16.196781
v 0.939956 10.575580 -16.973839
v 1.005477 10.641107 -16.973839
v 1.005477 10.575580 -17.039368
v 1.005477 -1.470650 -16.131252
v 0.939956 -1.470650 -16.196781
v 1.005477 -1.536178 -16.196781
v 1.005477 -1.536178 -16.973839
v 0.939956 -1.470650 -16.973839
v 1.005477 -1.470650 -17.039368
v 1.813789 5.075410 -16.236187
v 1.813789 5.075410 -16.934433
v 1.754905 5.075410 -16.993317
v 1.045516 5.075410 -16.993317
v 0.986633 5.075410 -16.934433
v 0.986633 5.075410 -16.236187
v 1.045516 5.075410 -16.177303
v 1.754905 5.075410 -16.177303
v -3.892490 -9.227441 -6.070018
v -4.031642 -9.227441 -6.199912
v -4.027019 -9.092831 -6.065387
v -5.622287 -9.092831 -6.010493
v -5.626911 -9.227441 -6.145019
v -5.756809 -9.227441 -6.005862
v -3.836719 -9.227441 -4.449294
v -3.971248 -9.092831 -4.444667
v -3.966617 -9.227441 -4.310142
v -5.561885 -9.227441 -4.255248
v -5.566516 -9.092831 -4.389773
v -5.701038 -9.227441 -4.385142
v -4.109241 -20.525730 -6.101295
v -5.542720 -20.525730 -6.051967
v -5.659442 -20.525730 -5.926929
v -5.609325 -20.525730 -4.470584
v -5.484287 -20.525730 -4.353862
v -4.050807 -20.525730 -4.403190
v -3.934093 -20.525730 -4.528232
v -3.984203 -20.525730 -5.984576
v -3.961551 -4.267495 -5.985789
v -4.086910 -4.267495 -6.102809
v -4.082736 -4.146231 -5.981620
v -5.519855 -4.146231 -5.932166
v -5.524021 -4.267495 -6.053355
v -5.641040 -4.267495 -5.927997
v -3.911304 -4.267495 -4.525744
v -4.032497 -4.146231 -4.521571
v -4.028324 -4.267495 -4.400386
v -5.465442 -4.267495 -4.350932
v -5.469608 -4.146231 -4.472121
v -5.590801 -4.267495 -4.467952
v -4.156810 -14.445692 -6.013968
v -5.448177 -14.445692 -5.969531
v -5.553325 -14.445692 -5.856887
v -5.508182 -14.445692 -4.544921
v -5.395534 -14.445692 -4.439773
v -4.104175 -14.445692 -4.484210
v -3.999027 -14.445692 -4.596850
v -4.044170 -14.445692 -5.908816
v -4.178310 -16.968090 -5.837943
v -4.181690 -16.869719 -5.936255
v -4.079990 -16.869719 -5.841327
v -5.442478 -16.869719 -5.794440
v -5.347545 -16.869719 -5.896140
v -5.344165 -16.968090 -5.797824
v -4.079990 1.214496 -5.841327
v -4.181690 1.214496 -5.936255
v -4.178310 1.312871 -5.837943
v -5.344165 1.312871 -5.797824
v -5.347545 1.214496 -5.896140
v -5.442478 1.214496 -5.794440
v -4.039234 1.214496 -4.656867
v -4.137546 1.312871 -4.653483
v -4.134166 1.214496 -4.555171
v -5.300022 1.214496 -4.515052
v -5.303409 1.312871 -4.613368
v -5.401721 1.214496 -4.609981
v -4.039234 -16.869719 -4.656867
v -4.134166 -16.869719 -4.555171
v -4.137546 -16.968090 -4.653483
v -5.303409 -16.968090 -4.613368
v -5.300022 -16.869719 -4.515052
v -5.401721 -16.869719 -4.609981
v -4.238399 -7.042548 -5.864184
v -5.286014 -7.042548 -5.828135
v -5.371318 -7.042548 -5.736754
v -5.334697 -7.042548 -4.672427
v -5.243312 -7.042548 -4.587123
v -4.195697 -7.042548 -4.623172
v -4.110393 -7.042548 -4.714553
v -4.147022 -7.042548 -5.778884
v -4.462238 3.741786 -5.633151
v -4.399562 3.745022 -5.705882
v -4.394680 3.673501 -5.634215
v -4.445903 4.665528 -5.634215
v -4.443401 4.593884 -5.705882
v -4.506069 4.590648 -5.633151
v -4.380329 3.674242 -4.770778
v -4.382839 3.745886 -4.699115
v -4.447895 3.742527 -4.769717
v -4.491725 4.591390 -4.769717
v -4.426670 4.594748 -4.699115
v -4.431560 4.666268 -4.770778
v 1.979054 4.117555 -5.761115
v 1.939671 4.880322 -5.761115
v 1.937420 4.944701 -5.696715
v 1.950314 4.945367 -4.920852
v 1.954701 4.881099 -4.856456
v 1.994092 4.118330 -4.856456
v 1.996342 4.053953 -4.920852
v 1.983449 4.053287 -5.696715
v 2.218383 -8.083097 -15.758998
v 2.352989 -8.083097 -15.893603
v 2.218383 -7.948487 -15.893603
v 2.218383 -7.948487 -17.489815
v 2.352989 -8.083097 -17.489815
v 2.218383 -8.083097 -17.624420
v 0.596702 -8.083097 -15.758998
v 0.596702 -7.948487 -15.893603
v 0.462097 -8.083097 -15.893603
v 0.462097 -8.083097 -17.489815
v 0.596702 -7.948487 -17.489815
v 0.596702 -8.083097 -17.624420
v 2.257102 -19.381386 -15.974547
v 2.257102 -19.381386 -17.408871
v 2.136146 -19.381386 -17.529823
v 0.678939 -19.381386 -17.529823
v 0.557991 -19.381386 -17.408871
v 0.557991 -19.381386 -15.974547
v 0.678939 -19.381386 -15.853595
v 2.136146 -19.381386 -15.853595
v 2.433720 -3.920147 6.614652
v 2.499249 -3.854619 6.614652
v 2.433720 -3.854619 6.680181
v 2.433720 -3.854619 5.772065
v 2.499249 -3.854619 5.837594
v 2.433720 -3.920147 5.837594
v 2.433720 8.191609 6.680181
v 2.499249 8.191609 6.614652
v 2.433720 8.257138 6.614652
v 2.433720 8.257138 5.837594
v 2.499249 8.191609 5.837594
v 2.433720 8.191609 5.772065
v 1.644269 8.191609 6.680181
v 1.644269 8.257138 6.614652
v 1.578740 8.191609 6.614652
v 1.578740 8.191609 5.837594
v 1.644269 8.257138 5.837594
v 1.644269 8.191609 5.772065
v 1.644269 -3.854619 6.680181
v 1.578740 -3.854619 6.614652
v 1.644269 -3.920147 6.614652
v 1.644269 -3.920147 5.837594
v 1.578740 -3.854619 5.837594
v 1.644269 -3.854619 5.772065
v 2.452572 2.691441 6.575246
v 2.452572 2.691441 5.877000
v 2.393689 2.691441 5.818116
v 1.684300 2.691441 5.818116
v 1.625416 2.691441 5.877000
v 1.625416 2.691441 6.575246
v 1.684300 2.691441 6.634130
v 2.393689 2.691441 6.634130
v -4.212379 3.326411 -6.478868
v -4.139817 3.320708 -6.413646
v -4.208880 3.251602 -6.416082
v -4.208255 4.205725 -6.333334
v -4.139282 4.137141 -6.342839
v -4.211844 4.142845 -6.408062
v -3.557239 2.154956 6.223825
v -3.488175 2.224063 6.226261
v -3.553649 2.217835 6.298555
v -3.553114 3.034269 6.369362
v -3.487640 3.040496 6.297068
v -3.556613 3.109079 6.306573
v -4.388714 2.151809 6.266418
v -4.385125 2.214687 6.341147
v -4.457686 2.220391 6.275925
v -4.457151 3.036825 6.346731
v -4.384589 3.031121 6.411954
v -4.388088 3.105931 6.349166
v -5.040356 3.248455 -6.373489
v -5.109329 3.317038 -6.363983
v -5.043855 3.323264 -6.436276
v -5.043319 4.139697 -6.365470
v -5.108793 4.133471 -6.293176
v -5.039730 4.202577 -6.290740
v -3.834849 2.765995 0.461134
v -3.834368 3.499622 0.524759
v -3.896343 3.561258 0.533301
v -4.643493 3.558427 0.571574
v -4.705549 3.496325 0.569386
v -4.706030 2.762697 0.505760
v -4.644055 2.701070 0.497219
v -3.896905 2.703900 0.458946
v 2.276433 3.325445 -6.466010
v 2.345540 3.319474 -6.397161
v 2.276433 3.250629 -6.403133
v 2.276433 4.204751 -6.320371
v 2.345540 4.135907 -6.326344
v 2.276433 4.141878 -6.395190
v 2.276433 2.152784 6.253457
v 2.345540 2.221629 6.259429
v 2.276433 2.215654 6.328278
v 2.276433 3.032086 6.399096
v 2.345540 3.038062 6.330247
v 2.276433 3.106907 6.336218
v 1.443860 2.152784 6.253457
v 1.443860 2.215654 6.328278
v 1.374753 2.221629 6.259429
v 1.374753 3.038062 6.330247
v 1.443860 3.032086 6.399096
v 1.443860 3.106907 6.336218
v 1.443860 3.250629 -6.403133
v 1.374753 3.319474 -6.397161
v 1.443860 3.325445 -6.466010
v 1.443860 4.141878 -6.395190
v 1.374753 4.135907 -6.326344
v 1.443860 4.204751 -6.320371
v 2.296307 2.764294 0.484166
v 2.296307 3.497921 0.547802
v 2.234211 3.559788 0.553168
v 1.486081 3.559788 0.553168
v 1.423977 3.497921 0.547802
v 1.423977 2.764294 0.484166
v 1.486081 2.702431 0.478800
v 2.234211 2.702431 0.478800
v 2.968533 -19.078344 17.308514
v 3.066906 -18.979973 17.308514
v 2.968533 -18.979973 17.406887
v 2.968533 -18.979973 16.043598
v 3.066906 -18.979973 16.141968
v 2.968533 -19.078344 16.141968
v 2.968533 -0.895758 17.406887
v 3.066906 -0.895758 17.308514
v 2.968533 -0.797382 17.308514
v 2.968533 -0.797382 16.141968
v 3.066906 -0.895758 16.141968
v 2.968533 -0.895758 16.043598
v 1.783375 -0.895758 17.406887
v 1.783375 -0.797382 17.308514
v 1.685002 -0.895758 17.308514
v 1.685002 -0.895758 16.141968
v 1.783375 -0.797382 16.141968
v 1.783375 -0.895758 16.043598
v 1.783375 -18.979973 17.406887
v 1.685002 -18.979973 17.308514
v 1.783375 -19.078344 17.308514
v 1.783375 -19.078344 16.141968
v 1.685002 -18.979973 16.141968
v 1.783375 -18.979973 16.043598
v 2.996830 -9.152802 17.249359
v 2.996830 -9.152802 16.201126
v 2.908436 -9.152802 16.112728
v 1.843472 -9.152802 16.112728
v 1.755078 -9.152802 16.201126
v 1.755078 -9.152802 17.249359
v 1.843472 -9.152802 17.337753
v 2.908436 -9.152802 17.337753
v -3.584644 -9.593489 6.006040
v -3.587261 -9.517234 5.929830
v -3.508434 -9.517234 6.003419
v -4.564579 -9.517234 6.039762
v -4.490985 -9.517234 5.960927
v -4.488369 -9.593489 6.037137
v -3.508434 4.500892 6.003419
v -3.587261 4.500892 5.929830
v -3.584644 4.577147 6.006040
v -4.488369 4.577147 6.037137
v -4.490985 4.500892 5.960927
v -4.564579 4.500892 6.039762
v -3.476840 4.500892 6.921559
v -3.553051 4.577147 6.924184
v -3.550426 4.500892 7.000390
v -4.454151 4.500892 7.031487
v -4.456775 4.577147 6.955281
v -4.532985 4.500892 6.957906
v -3.476840 -9.517234 6.921559
v -3.550426 -9.517234 7.000390
v -3.553051 -9.593489 6.924184
v -4.456775 -9.593489 6.955281
v -4.454151 -9.517234 7.031487
v -4.532985 -9.517234 6.957906
v -3.631221 -1.899623 5.985696
v -4.443294 -1.899623 6.013638
v -4.509418 -1.899623 6.084477
v -4.481029 -1.899623 6.909501
v -4.410190 -1.899623 6.975621
v -3.598125 -1.899623 6.947679
v -3.532001 -1.899623 6.876843
v -3.560390 -1.899623 6.051820
v 2.767193 -4.790775 17.164364
v 2.832722 -4.725247 17.164364
v 2.767193 -4.725247 17.229889
v 2.767193 -4.725247 16.321774
v 2.832722 -4.725247 16.387302
v 2.767193 -4.790775 16.387302
v 2.767193 7.320983 17.229889
v 2.832722 7.320983 17.164364
v 2.767193 7.386510 17.164364
v 2.767193 7.386510 16.387302
v 2.832722 7.320983 16.387302
v 2.767193 7.320983 16.321774
v 1.977742 7.320983 17.229889
v 1.977742 7.386510 17.164364
v 1.912213 7.320983 17.164364
v 1.912213 7.320983 16.387302
v 1.977742 7.386510 16.387302
v 1.977742 7.320983 16.321774
v 1.977742 -4.725247 17.229889
v 1.912213 -4.725247 17.164364
v 1.977742 -4.790775 17.164364
v 1.977742 -4.790775 16.387302
v 1.912213 -4.725247 16.387302
v 1.977742 -4.725247 16.321774
v 2.786046 1.820812 17.124958
v 2.786046 1.820812 16.426708
v 2.727162 1.820812 16.367825
v 2.017773 1.820812 16.367825
v 1.958889 1.820812 16.426708
v 1.958889 1.820812 17.124958
v 2.017773 1.820812 17.183838
v 2.727162 1.820812 17.183838
v -3.275531 -5.469102 5.719350
v -3.400890 -5.469102 5.602330
v -3.396717 -5.347838 5.723519
v -4.833835 -5.347838 5.772973
v -4.838001 -5.469102 5.651784
v -4.955020 -5.469102 5.777143
v -3.225284 -5.469102 7.179395
v -3.346477 -5.347838 7.183568
v -3.342304 -5.469102 7.304753
v -4.779422 -5.469102 7.354207
v -4.783588 -5.347838 7.233018
v -4.904781 -5.469102 7.237187
v -3.470790 -15.647300 5.691171
v -4.762157 -15.647300 5.735608
v -4.867305 -15.647300 5.848252
v -4.822162 -15.647300 7.160218
v -4.709514 -15.647300 7.265367
v -3.418155 -15.647300 7.220929
v -3.313007 -15.647300 7.108289
v -3.358150 -15.647300 5.796323
v -3.206470 -10.429049 5.635121
v -3.345623 -10.429049 5.505227
v -3.340999 -10.294437 5.639752
v -4.936267 -10.294437 5.694646
v -4.940891 -10.429049 5.560121
v -5.070789 -10.429049 5.699277
v -3.150699 -10.429049 7.255845
v -3.285228 -10.294437 7.260472
v -3.280597 -10.429049 7.394998
v -4.875865 -10.429049 7.449891
v -4.880497 -10.294437 7.315366
v -5.015018 -10.429049 7.319997
v -3.423221 -21.727337 5.603845
v -4.856700 -21.727337 5.653172
v -4.973423 -21.727337 5.778211
v -4.923305 -21.727337 7.234555
v -4.798267 -21.727337 7.351277
v -3.364788 -21.727337 7.301950
v -3.248073 -21.727337 7.176908
v -3.298183 -21.727337 5.720563
v -4.203743 -7.247537 -16.815769
v -4.206368 -7.171283 -16.891975
v -4.127533 -7.171283 -16.818390
v -5.183678 -7.171283 -16.782047
v -5.110093 -7.171283 -16.860878
v -5.107468 -7.247537 -16.784672
v -4.127533 6.846843 -16.818390
v -4.206368 6.846843 -16.891975
v -4.203743 6.923099 -16.815769
v -5.107468 6.923099 -16.784672
v -5.110093 6.846843 -16.860878
v -5.183678 6.846843 -16.782047
v -4.095940 6.846843 -15.900249
v -4.172150 6.923099 -15.897624
v -4.169526 6.846843 -15.821418
v -5.073250 6.846843 -15.790320
v -5.075875 6.923099 -15.866527
v -5.152085 6.846843 -15.863906
v -4.095940 -7.171283 -15.900249
v -4.169526 -7.171283 -15.821418
v -4.172150 -7.247537 -15.897624
v -5.075875 -7.247537 -15.866527
v -5.073250 -7.171283 -15.790320
v -5.152085 -7.171283 -15.863906
v -4.250329 0.446328 -16.836109
v -5.062394 0.446328 -16.808167
v -5.128518 0.446328 -16.737331
v -5.100129 0.446328 -15.912307
v -5.029290 0.446328 -15.846183
v -4.217225 0.446328 -15.874129
v -4.151101 0.446328 -15.944964
v -4.179490 0.446328 -16.769989
v -3.894631 -3.123151 -17.102459
v -4.019989 -3.123151 -17.219475
v -4.015816 -3.001887 -17.098286
v -5.452935 -3.001887 -17.048836
v -5.457100 -3.123151 -17.170025
v -5.574120 -3.123151 -17.044666
v -3.844391 -3.123151 -15.642409
v -3.965576 -3.001887 -15.638240
v -3.961403 -3.123151 -15.517055
v -5.398522 -3.123151 -15.467601
v -5.402695 -3.001887 -15.588790
v -5.523880 -3.123151 -15.584620
v -4.089890 -13.301349 -17.130638
v -5.381257 -13.301349 -17.086201
v -5.486405 -13.301349 -16.973557
v -5.441262 -13.301349 -15.661590
v -5.328614 -13.301349 -15.556441
v -4.037255 -13.301349 -15.600875
v -3.932106 -13.301349 -15.713519
v -3.977249 -13.301349 -17.025486
v 1.996276 -15.823747 -16.052628
v 2.094650 -15.725375 -16.052628
v 1.996276 -15.725375 -15.954253
v 1.996276 -15.725375 -17.317547
v 2.094650 -15.725375 -17.219173
v 1.996276 -15.823747 -17.219173
v 1.996276 2.358840 -15.954253
v 2.094650 2.358840 -16.052628
v 1.996276 2.457215 -16.052628
v 1.996276 2.457215 -17.219173
v 2.094650 2.358840 -17.219173
v 1.996276 2.358840 -17.317547
v 0.811119 2.358840 -15.954253
v 0.811119 2.457215 -16.052628
v 0.712745 2.358840 -16.052628
v 0.712745 2.358840 -17.219173
v 0.811119 2.457215 -17.219173
v 0.811119 2.358840 -17.317547
v 0.811119 -15.725375 -15.954253
v 0.712745 -15.725375 -16.052628
v 0.811119 -15.823747 -16.052628
v 0.811119 -15.823747 -17.219173
v 0.712745 -15.725375 -17.219173
v 0.811119 -15.725375 -17.317547
v 2.024574 -5.898204 -16.111782
v 2.024574 -5.898204 -17.160019
v 1.936180 -5.898204 -17.248413
v 0.871215 -5.898204 -17.248413
v 0.782821 -5.898204 -17.160019
v 0.782821 -5.898204 -16.111782
v 0.871215 -5.898204 -16.023388
v 1.936180 -5.898204 -16.023388
v -3.825569 -8.083097 -17.186687
v -3.964722 -8.083097 -17.316582
v -3.960099 -7.948487 -17.182056
v -5.555367 -7.948487 -17.127163
v -5.559990 -8.083097 -17.261688
v -5.689888 -8.083097 -17.122532
v -3.769799 -8.083097 -15.565963
v -3.904328 -7.948487 -15.561332
v -3.899697 -8.083097 -15.426810
v -5.494965 -8.083097 -15.371917
v -5.499596 -7.948487 -15.506438
v -5.634118 -8.083097 -15.501811
v -4.042328 -19.381386 -17.217964
v -5.475800 -19.381386 -17.168636
v -5.592522 -19.381386 -17.043598
v -5.542405 -19.381386 -15.587253
v -5.417367 -19.381386 -15.470531
v -3.983895 -19.381386 -15.519858
v -3.867172 -19.381386 -15.644897
v -3.917282 -19.381386 -17.101242
v 2.136581 -3.123151 -15.830913
v 2.257843 -3.123151 -15.952170
v 2.136581 -3.001887 -15.952170
v 2.136581 -3.001887 -17.390137
v 2.257843 -3.123151 -17.390137
v 2.136581 -3.123151 -17.511398
v 0.675674 -3.123151 -15.830913
v 0.675674 -3.001887 -15.952170
v 0.554412 -3.123151 -15.952170
v 0.554412 -3.123151 -17.390137
v 0.675674 -3.001887 -17.390137
v 0.675674 -3.123151 -17.511398
v 2.171463 -13.301349 -16.025093
v 2.171463 -13.301349 -17.317219
v 2.062500 -13.301349 -17.426182
v 0.749755 -13.301349 -17.426182
v 0.640792 -13.301349 -17.317219
v 0.640792 -13.301349 -16.025093
v 0.749755 -13.301349 -15.916129
v 2.062500 -13.301349 -15.916129
v -4.964814 9.948890 -16.614738
v -4.902054 9.948688 -16.687469
v -4.901017 9.877070 -16.615738
v -4.898835 10.870418 -16.616627
v -4.900177 10.798678 -16.688229
v -4.962945 10.798882 -16.615501
v -4.886673 9.877812 -15.752303
v -4.885323 9.949552 -15.680697
v -4.950463 9.949632 -15.751304
v -4.948594 10.799623 -15.752063
v -4.883454 10.799541 -15.681460
v -4.884484 10.871158 -15.753192
v 1.487373 9.977687 -16.742588
v 1.489059 10.741471 -16.743271
v 1.490264 10.805934 -16.678928
v 1.503158 10.806600 -15.903064
v 1.504089 10.742248 -15.838607
v 1.502410 9.978463 -15.837924
v 1.501197 9.914001 -15.902267
v 1.488304 9.913335 -16.678131
v -4.111390 -15.823747 -16.954613
v -4.114769 -15.725375 -17.052925
v -4.013077 -15.725375 -16.957993
v -5.375557 -15.725375 -16.911110
v -5.280625 -15.725375 -17.012810
v -5.277245 -15.823747 -16.914494
v -4.013077 2.358840 -16.957993
v -4.114769 2.358840 -17.052925
v -4.111390 2.457215 -16.954613
v -5.277245 2.457215 -16.914494
v -5.280625 2.358840 -17.012810
v -5.375557 2.358840 -16.911110
v -3.972313 2.358840 -15.773536
v -4.070633 2.457215 -15.770152
v -4.067246 2.358840 -15.671840
v -5.233101 2.358840 -15.631721
v -5.236489 2.457215 -15.730033
v -5.334801 2.358840 -15.726649
v -3.972313 -15.725375 -15.773536
v -4.067246 -15.725375 -15.671840
v -4.070633 -15.823747 -15.770152
v -5.236489 -15.823747 -15.730033
v -5.233101 -15.725375 -15.631721
v -5.334801 -15.725375 -15.726649
v -4.171479 -5.898204 -16.980854
v -5.219094 -5.898204 -16.944805
v -5.304398 -5.898204 -16.853424
v -5.267777 -5.898204 -15.789092
v -5.176392 -5.898204 -15.703792
v -4.128777 -5.898204 -15.739841
v -4.043473 -5.898204 -15.831222
v -4.080101 -5.898204 -16.895554
v -4.248536 -1.536178 -16.748436
v -4.250786 -1.470650 -16.813923
v -4.183045 -1.470650 -16.750687
v -5.090622 -1.470650 -16.719460
v -5.027382 -1.470650 -16.787201
v -5.025132 -1.536178 -16.721710
v -4.183045 10.575580 -16.750687
v -4.250786 10.575580 -16.813923
v -4.248536 10.641107 -16.748436
v -5.025132 10.641107 -16.721710
v -5.027382 10.575580 -16.787201
v -5.090622 10.575580 -16.719460
v -4.155892 10.575580 -15.961696
v -4.221383 10.641107 -15.959445
v -4.219132 10.575580 -15.893954
v -4.995728 10.575580 -15.867232
v -4.997979 10.641107 -15.932719
v -5.063469 10.575580 -15.930469
v -4.155892 -1.470650 -15.961696
v -4.219132 -1.470650 -15.893954
v -4.221383 -1.536178 -15.959445
v -4.997979 -1.536178 -15.932719
v -4.995728 -1.470650 -15.867232
v -5.063469 -1.470650 -15.930469
v -4.288559 5.075410 -16.765915
v -4.986397 5.075410 -16.741901
v -5.043221 5.075410 -16.681030
v -5.018822 5.075410 -15.972060
v -4.957947 5.075410 -15.915240
v -4.260117 5.075410 -15.939254
v -4.203293 5.075410 -16.000126
v -4.227692 5.075410 -16.709095
v 3.190640 -11.337694 17.602142
v 3.325245 -11.337694 17.467541
v 3.190640 -11.203084 17.467541
v 3.190640 -11.203084 15.871327
v 3.325245 -11.337694 15.871327
v 3.190640 -11.337694 15.736722
v 1.568959 -11.337694 17.602142
v 1.568959 -11.203084 17.467541
v 1.434361 -11.337694 17.467541
v 1.434361 -11.337694 15.871327
v 1.568959 -11.203084 15.871327
v 1.568959 -11.337694 15.736722
v 3.229359 -22.635984 17.386593
v 3.229359 -22.635984 15.952275
v 3.108403 -22.635984 15.831319
v 1.651196 -22.635984 15.831319
v 1.530247 -22.635984 15.952275
v 1.530247 -22.635984 17.386593
v 1.651196 -22.635984 17.507549
v 3.108403 -22.635984 17.507549
v -3.139133 -19.078344 16.406532
v -3.142513 -18.979973 16.308216
v -3.040813 -18.979973 16.403149
v -4.403301 -18.979973 16.450031
v -4.308368 -18.979973 16.348335
v -4.304988 -19.078344 16.446648
v -3.040813 -0.895758 16.403149
v -3.142513 -0.895758 16.308216
v -3.139133 -0.797382 16.406532
v -4.304988 -0.797382 16.446648
v -4.308368 -0.895758 16.348335
v -4.403301 -0.895758 16.450031
v -3.000057 -0.895758 17.587608
v -3.098369 -0.797382 17.590992
v -3.094989 -0.895758 17.689304
v -4.260845 -0.895758 17.729420
v -4.264232 -0.797382 17.631107
v -4.362545 -0.895758 17.634491
v -3.000057 -18.979973 17.587608
v -3.094989 -18.979973 17.689304
v -3.098369 -19.078344 17.590992
v -4.264232 -19.078344 17.631107
v -4.260845 -18.979973 17.729420
v -4.362545 -18.979973 17.634491
v -3.199222 -9.152802 16.380287
v -4.246837 -9.152802 16.416336
v -4.332141 -9.152802 16.507717
v -4.295520 -9.152802 17.572048
v -4.204135 -9.152802 17.657352
v -3.156520 -9.152802 17.621304
v -3.071216 -9.152802 17.529919
v -3.107845 -9.152802 16.465591
v -3.231487 -10.502134 16.545376
v -3.234104 -10.425880 16.469166
v -3.155277 -10.425880 16.542751
v -4.211421 -10.425880 16.579094
v -4.137828 -10.425880 16.500263
v -4.135211 -10.502134 16.576473
v -3.155277 3.592245 16.542751
v -3.234104 3.592245 16.469166
v -3.231487 3.668501 16.545376
v -4.135211 3.668501 16.576473
v -4.137828 3.592245 16.500263
v -4.211421 3.592245 16.579094
v -3.123683 3.592245 17.460896
v -3.199893 3.668501 17.463516
v -3.197269 3.592245 17.539726
v -4.100994 3.592245 17.570824
v -4.103618 3.668501 17.494614
v -4.179828 3.592245 17.497238
v -3.123683 -10.425880 17.460896
v -3.197269 -10.425880 17.539726
v -3.199893 -10.502134 17.463516
v -4.103618 -10.502134 17.494614
v -4.100994 -10.425880 17.570824
v -4.179828 -10.425880 17.497238
v -3.278064 -2.808270 16.525032
v -4.090137 -2.808270 16.552975
v -4.156261 -2.808270 16.623810
v -4.127872 -2.808270 17.448833
v -4.057033 -2.808270 17.514957
v -3.244968 -2.808270 17.487015
v -3.178844 -2.808270 17.416180
v -3.207233 -2.808270 16.591152
v 3.108838 -6.377748 17.530231
v 3.230099 -6.377748 17.408970
v 3.108838 -6.256485 17.408970
v 3.108838 -6.256485 15.971005
v 3.230099 -6.377748 15.971005
v 3.108838 -6.377748 15.849744
v 1.647931 -6.377748 17.530231
v 1.647931 -6.256485 17.408970
v 1.526669 -6.377748 17.408970
v 1.526669 -6.377748 15.971005
v 1.647931 -6.256485 15.971005
v 1.647931 -6.377748 15.849744
v 3.143719 -16.555946 17.336052
v 3.143719 -16.555946 16.043926
v 3.034756 -16.555946 15.934964
v 1.722012 -16.555946 15.934964
v 1.613049 -16.555946 16.043926
v 1.613049 -16.555946 17.336052
v 1.722012 -16.555946 17.445011
v 3.034756 -16.555946 17.445011
v 2.832951 -10.502134 17.211441
v 2.909207 -10.425880 17.211441
v 2.832951 -10.425880 17.287693
v 2.832951 -10.425880 16.230927
v 2.909207 -10.425880 16.307182
v 2.832951 -10.502134 16.307182
v 2.832951 3.592245 17.287693
v 2.909207 3.592245 17.211441
v 2.832951 3.668501 17.211441
v 2.832951 3.668501 16.307182
v 2.909207 3.592245 16.307182
v 2.832951 3.592245 16.230927
v 1.914265 3.592245 17.287693
v 1.914265 3.668501 17.211441
v 1.838009 3.592245 17.211441
v 1.838009 3.592245 16.307182
v 1.914265 3.668501 16.307182
v 1.914265 3.592245 16.230927
v 1.914265 -10.425880 17.287693
v 1.838009 -10.425880 17.211441
v 1.914265 -10.502134 17.211441
v 1.914265 -10.502134 16.307182
v 1.838009 -10.425880 16.307182
v 1.914265 -10.425880 16.230927
v 2.854886 -2.808270 17.165585
v 2.854886 -2.808270 16.353039
v 2.786366 -2.808270 16.284515
v 1.960850 -2.808270 16.284515
v 1.892331 -2.808270 16.353039
v 1.892331 -2.808270 17.165585
v 1.960850 -2.808270 17.234104
v 2.786366 -2.808270 17.234104
v -3.276271 -4.790775 16.612705
v -3.278530 -4.725247 16.547218
v -3.210788 -4.725247 16.610455
v -4.118366 -4.725247 16.641685
v -4.055126 -4.725247 16.573940
v -4.052875 -4.790775 16.639431
v -3.210788 7.320983 16.610455
v -3.278530 7.320983 16.547218
v -3.276271 7.386510 16.612705
v -4.052875 7.386510 16.639431
v -4.055126 7.320983 16.573940
v -4.118366 7.320983 16.641685
v -3.183635 7.320983 17.399445
v -3.249126 7.386510 17.401699
v -3.246868 7.320983 17.467186
v -4.023471 7.320983 17.493908
v -4.025722 7.386510 17.428421
v -4.091213 7.320983 17.430676
v -3.183635 -4.725247 17.399445
v -3.246868 -4.725247 17.467186
v -3.249126 -4.790775 17.401699
v -4.025722 -4.790775 17.428421
v -4.023471 -4.725247 17.493908
v -4.091213 -4.725247 17.430676
v -3.316303 1.820812 16.595226
v -4.014141 1.820812 16.619240
v -4.070964 1.820812 16.680111
v -4.046566 1.820812 17.389080
v -3.985691 1.820812 17.445904
v -3.287860 1.820812 17.421890
v -3.231037 1.820812 17.361019
v -3.255435 1.820812 16.652050
v -2.853313 -11.337694 16.174458
v -2.992465 -11.337694 16.044559
v -2.987842 -11.203084 16.179089
v -4.583110 -11.203084 16.233982
v -4.587734 -11.337694 16.099453
v -4.717632 -11.337694 16.238609
v -2.797542 -11.337694 17.795177
v -2.932071 -11.203084 17.799809
v -2.927440 -11.337694 17.934330
v -4.522708 -11.337694 17.989223
v -4.527339 -11.203084 17.854702
v -4.661861 -11.337694 17.859333
v -3.070064 -22.635984 16.143177
v -4.503543 -22.635984 16.192505
v -4.620265 -22.635984 16.317543
v -4.570148 -22.635984 17.773891
v -4.445110 -22.635984 17.890610
v -3.011631 -22.635984 17.841286
v -2.894916 -22.635984 17.716244
v -2.945026 -22.635984 16.259899
v -4.327510 2.486787 6.029557
v -4.264835 2.490024 5.956826
v -4.259952 2.418502 6.028493
v -4.311176 3.410529 6.028493
v -4.308673 3.338885 5.956826
v -4.371341 3.335649 6.029557
v -4.245601 2.419244 6.891931
v -4.248111 2.490888 6.963593
v -4.313167 2.487529 6.892991
v -4.356998 3.336390 6.892991
v -4.291942 3.339749 6.963593
v -4.296833 3.411270 6.891931
v 2.113781 2.862556 5.901593
v 2.074399 3.625324 5.901593
v 2.072148 3.689702 5.965993
v 2.085042 3.690368 6.741857
v 2.089428 3.626101 6.806252
v 2.128819 2.863332 6.806252
v 2.131070 2.798955 6.741857
v 2.118176 2.798288 5.965993
v -2.922374 -6.377748 16.258686
v -3.047733 -6.377748 16.141666
v -3.043560 -6.256485 16.262856
v -4.480678 -6.256485 16.312305
v -4.484844 -6.377748 16.191120
v -4.601863 -6.377748 16.316479
v -2.872127 -6.377748 17.718731
v -2.993320 -6.256485 17.722900
v -2.989147 -6.377748 17.844090
v -4.426265 -6.377748 17.893539
v -4.430431 -6.256485 17.772350
v -4.551624 -6.377748 17.776524
v -3.117633 -16.555946 16.230503
v -4.409000 -16.555946 16.274940
v -4.514148 -16.555946 16.387585
v -4.469005 -16.555946 17.699551
v -4.356357 -16.555946 17.804699
v -3.064998 -16.555946 17.760265
v -2.959850 -16.555946 17.647621
v -3.004993 -16.555946 16.335655
v -3.974353 0.619640 16.376472
v -3.911678 0.622876 16.303741
v -3.906795 0.551355 16.375408
v -3.958019 1.543383 16.375408
v -3.955516 1.471739 16.303741
v -4.018184 1.468503 16.376472
v -3.892444 0.552096 17.238846
v -3.894954 0.623740 17.310513
v -3.960010 0.620381 17.239910
v -4.003841 1.469244 17.239910
v -3.938785 1.472603 17.310513
v -3.943676 1.544124 17.238846
v 2.466938 0.995409 16.248508
v 2.427556 1.758178 16.248508
v 2.425305 1.822556 16.312908
v 2.438199 1.823221 17.088772
v 2.442585 1.758954 17.153172
v 2.481976 0.996184 17.153172
v 2.484227 0.931808 17.088772
v 2.471333 0.931142 16.312908
v 1.774868 9.271064 -0.172148
v 1.770642 9.610953 -0.142689
v -5.370166 9.155894 0.131073
v -5.374401 9.495782 0.160532
v -5.429126 9.271764 -1.214231
v -5.433361 9.611653 -1.184772
v 1.715909 9.386933 -1.517452
v 1.711682 9.726825 -1.487993
v 3.072850 7.214297 17.756927
v 3.068387 7.572949 17.788013
v -4.466640 7.092769 18.076885
v -4.471096 7.451421 18.107971
v -4.528850 7.215037 16.657314
v -4.533313 7.573688 16.688400
v 3.010632 7.336564 16.337355
v 3.006169 7.695216 16.368443
v 2.560215 7.646920 8.880669
v 2.609288 7.641339 8.929419
v 2.560215 7.588355 8.923355
v 2.560215 8.322625 9.007397
v 2.609288 8.269643 9.001332
v 2.560215 8.275224 8.952582
v 2.560215 6.562570 17.885612
v 2.609288 6.615554 17.891678
v 2.560215 6.609973 17.940432
v 2.560215 7.238276 18.012344
v 2.609288 7.243857 17.963589
v 2.560215 7.296840 17.969654
v 1.969037 6.562570 17.885612
v 1.969037 6.609973 17.940432
v 1.919964 6.615554 17.891678
v 1.919964 7.243857 17.963589
v 1.969037 7.238276 18.012344
v 1.969037 7.296840 17.969654
v 1.969037 7.588355 8.923355
v 1.919964 7.641339 8.929419
v 1.969037 7.646920 8.880669
v 1.969037 8.275224 8.952582
v 1.919964 8.269643 9.001332
v 1.969037 8.322625 9.007397
v 2.574330 7.115775 13.803262
v 2.574330 7.680358 13.867882
v 2.530240 7.727965 13.873331
v 1.999012 7.727965 13.873331
v 1.954922 7.680358 13.867882
v 1.954922 7.115775 13.803262
v 1.999012 7.068166 13.797813
v 2.530240 7.068166 13.797813
v -4.428501 8.280547 10.466567
v -4.429752 7.924174 10.415449
v 3.110539 8.204654 10.810295
v 3.109280 7.848279 10.759173
v 3.176869 8.406705 9.400051
v 3.175610 8.050328 9.348933
v -4.362171 8.482600 9.056327
v -4.363422 8.126222 9.005209
v 2.834904 8.000253 12.787609
v 2.834912 7.626916 12.755423
v -5.013362 7.971528 13.119987
v -5.013355 7.598189 13.087799
v -4.950321 7.844142 14.597572
v -4.950313 7.470805 14.565389
v 2.897946 7.872867 14.265199
v 2.897954 7.499528 14.233010
v -4.722972 7.646323 16.007771
v -4.724224 7.289948 15.956653
v 2.816067 7.570430 16.351494
v 2.814808 7.214053 16.300377
v 2.882397 7.772479 14.941251
v 2.881138 7.416104 14.890132
v -4.656642 7.848374 14.597530
v -4.657894 7.491998 14.546413
v -3.382793 7.646920 8.880669
v -3.333721 7.641339 8.929419
v -3.382793 7.588355 8.923355
v -3.382793 8.322625 9.007397
v -3.333721 8.269643 9.001332
v -3.382793 8.275224 8.952582
v -3.382793 6.562570 17.885612
v -3.333721 6.615554 17.891678
v -3.382793 6.609973 17.940432
v -3.382793 7.238276 18.012344
v -3.333721 7.243857 17.963589
v -3.382793 7.296840 17.969654
v -3.973972 6.562570 17.885612
v -3.973972 6.609973 17.940432
v -4.023044 6.615554 17.891678
v -4.023044 7.243857 17.963589
v -3.973972 7.238276 18.012344
v -3.973972 7.296840 17.969654
v -3.973972 7.588355 8.923355
v -4.023044 7.641339 8.929419
v -3.973972 7.646920 8.880669
v -3.973972 8.275224 8.952582
v -4.023044 8.269643 9.001332
v -3.973972 8.322625 9.007397
v -3.368679 7.115775 13.803262
v -3.368679 7.680358 13.867882
v -3.412769 7.727965 13.873331
v -3.943988 7.727965 13.873331
v -3.988086 7.680358 13.867882
v -3.988086 7.115775 13.803262
v -3.943988 7.068166 13.797813
v -3.412769 7.068166 13.797813
vt 0.276567 0.213521
vt 0.281308 0.213521
vt 0.281308 0.269875
vt 0.276567 0.269875
vt 0.088923 0.277916
vt 0.088923 0.274553
vt 0.145149 0.274553
vt 0.145149 0.277916
vt 0.079504 0.568681
vt 0.088923 0.568681
vt 0.088923 0.896157
vt 0.079504 0.896157
vt 0.215599 0.213522
vt 0.220340 0.213522
vt 0.220341 0.269875
vt 0.215599 0.269875
vt 0.145149 0.568681
vt 0.154568 0.568681
vt 0.154568 0.896157
vt 0.145149 0.896157
vt 0.281309 0.960551
vt 0.276567 0.960551
vt 0.276567 0.904197
vt 0.281309 0.904197
vt 0.088923 0.899520
vt 0.145149 0.899520
vt 0.220341 0.960552
vt 0.215600 0.960552
vt 0.215599 0.904198
vt 0.220341 0.904198
vt 0.281308 0.896157
vt 0.276567 0.896157
vt 0.276567 0.568681
vt 0.281309 0.568681
vt 0.220341 0.896157
vt 0.210922 0.896157
vt 0.210922 0.568681
vt 0.220341 0.568681
vt 0.276567 0.277916
vt 0.220341 0.277916
vt 0.023149 0.568682
vt 0.023150 0.896158
vt 0.079504 0.277916
vt 0.154568 0.277916
vt 0.281309 0.277916
vt 0.210922 0.277916
vt 0.023149 0.277917
vt 0.276567 0.213521
vt 0.281308 0.213521
vt 0.281308 0.269875
vt 0.276567 0.269875
vt 0.088923 0.277916
vt 0.088923 0.274553
vt 0.145149 0.274553
vt 0.145149 0.277916
vt 0.215599 0.213522
vt 0.220340 0.213522
vt 0.220341 0.269875
vt 0.215599 0.269875
vt 0.276567 0.277916
vt 0.220341 0.277916
vt 0.079504 0.277916
vt 0.154568 0.277916
vt 0.281309 0.277916
vt 0.210922 0.277916
vt 0.145149 0.568681
vt 0.088923 0.568681
vt 0.154568 0.568681
vt 0.210922 0.568681
vt 0.220341 0.568681
vt 0.276567 0.568681
vt 0.281309 0.568681
vt 0.023149 0.277917
vt 0.079504 0.568681
vt 0.023149 0.568682
vt 0.276567 0.213521
vt 0.281308 0.213521
vt 0.281308 0.269875
vt 0.276567 0.269875
vt 0.088923 0.277916
vt 0.088923 0.274553
vt 0.145149 0.274553
vt 0.145149 0.277916
vt 0.079504 0.568681
vt 0.088923 0.568681
vt 0.088923 0.896157
vt 0.079504 0.896157
vt 0.215599 0.213522
vt 0.220340 0.213522
vt 0.220341 0.269875
vt 0.215599 0.269875
vt 0.145149 0.568681
vt 0.154568 0.568681
vt 0.154568 0.896157
vt 0.145149 0.896157
vt 0.281309 0.960551
vt 0.276567 0.960551
vt 0.276567 0.904197
vt 0.281309 0.904197
vt 0.088923 0.899520
vt 0.145149 0.899520
vt 0.220341 0.960552
vt 0.215600 0.960552
vt 0.215599 0.904198
vt 0.220341 0.904198
vt 0.281308 0.896157
vt 0.276567 0.896157
vt 0.276567 0.568681
vt 0.281309 0.568681
vt 0.220341 0.896157
vt 0.210922 0.896157
vt 0.210922 0.568681
vt 0.220341 0.568681
vt 0.276567 0.277916
vt 0.220341 0.277916
vt 0.023149 0.568682
vt 0.023150 0.896158
vt 0.079504 0.277916
vt 0.154568 0.277916
vt 0.281309 0.277916
vt 0.210922 0.277916
vt 0.023149 0.277917
vt 0.379249 0.163914
vt 0.403904 0.163915
vt 0.403904 0.540612
vt 0.379249 0.540613
vt 0.378863 0.561705
vt 0.294202 0.561702
vt 0.294203 0.540612
vt 0.519471 0.540612
vt 0.487805 0.540612
vt 0.487805 0.163915
vt 0.519471 0.163915
vt 0.294202 0.163916
vt 0.294202 0.142826
vt 0.378863 0.142823
vt 0.379249 0.163914
vt 0.403904 0.163915
vt 0.403904 0.540612
vt 0.379249 0.540613
vt 0.378863 0.561705
vt 0.294202 0.561702
vt 0.294203 0.540612
vt 0.519471 0.540612
vt 0.487805 0.540612
vt 0.487805 0.163915
vt 0.519471 0.163915
vt 0.294202 0.163916
vt 0.294202 0.142826
vt 0.378863 0.142823
vt 0.379249 0.163914
vt 0.403904 0.163915
vt 0.403904 0.540612
vt 0.379249 0.540613
vt 0.378863 0.561705
vt 0.294202 0.561702
vt 0.294203 0.540612
vt 0.519471 0.540612
vt 0.487805 0.540612
vt 0.487805 0.163915
vt 0.519471 0.163915
vt 0.294202 0.163916
vt 0.294202 0.142826
vt 0.378863 0.142823
vt 0.276567 0.213521
vt 0.281308 0.213521
vt 0.281308 0.269875
vt 0.276567 0.269875
vt 0.088923 0.277916
vt 0.088923 0.274553
vt 0.145149 0.274553
vt 0.145149 0.277916
vt 0.079504 0.568681
vt 0.088923 0.568681
vt 0.088923 0.896157
vt 0.079504 0.896157
vt 0.215599 0.213522
vt 0.220340 0.213522
vt 0.220341 0.269875
vt 0.215599 0.269875
vt 0.145149 0.568681
vt 0.154568 0.568681
vt 0.154568 0.896157
vt 0.145149 0.896157
vt 0.281309 0.960551
vt 0.276567 0.960551
vt 0.276567 0.904197
vt 0.281309 0.904197
vt 0.088923 0.899520
vt 0.145149 0.899520
vt 0.220341 0.960552
vt 0.215600 0.960552
vt 0.215599 0.904198
vt 0.220341 0.904198
vt 0.281308 0.896157
vt 0.276567 0.896157
vt 0.276567 0.568681
vt 0.281309 0.568681
vt 0.220341 0.896157
vt 0.210922 0.896157
vt 0.210922 0.568681
vt 0.220341 0.568681
vt 0.276567 0.277916
vt 0.220341 0.277916
vt 0.023149 0.568682
vt 0.023150 0.896158
vt 0.079504 0.277916
vt 0.154568 0.277916
vt 0.281309 0.277916
vt 0.210922 0.277916
vt 0.023149 0.277917
vt 0.079504 0.568681
vt 0.088923 0.568681
vt 0.088923 0.896157
vt 0.079504 0.896157
vt 0.145149 0.568681
vt 0.154568 0.568681
vt 0.154568 0.896157
vt 0.145149 0.896157
vt 0.281309 0.960551
vt 0.276567 0.960551
vt 0.276567 0.904197
vt 0.281309 0.904197
vt 0.088923 0.899520
vt 0.145149 0.899520
vt 0.220341 0.960552
vt 0.215600 0.960552
vt 0.215599 0.904198
vt 0.220341 0.904198
vt 0.281308 0.896157
vt 0.276567 0.896157
vt 0.276567 0.568681
vt 0.281309 0.568681
vt 0.220341 0.896157
vt 0.210922 0.896157
vt 0.210922 0.568681
vt 0.220341 0.568681
vt 0.023149 0.568682
vt 0.023150 0.896158
vt 0.079504 0.568681
vt 0.088923 0.568681
vt 0.088923 0.896157
vt 0.079504 0.896157
vt 0.145149 0.568681
vt 0.154568 0.568681
vt 0.154568 0.896157
vt 0.145149 0.896157
vt 0.281309 0.960551
vt 0.276567 0.960551
vt 0.276567 0.904197
vt 0.281309 0.904197
vt 0.088923 0.899520
vt 0.145149 0.899520
vt 0.220341 0.960552
vt 0.215600 0.960552
vt 0.215599 0.904198
vt 0.220341 0.904198
vt 0.281308 0.896157
vt 0.276567 0.896157
vt 0.276567 0.568681
vt 0.281309 0.568681
vt 0.220341 0.896157
vt 0.210922 0.896157
vt 0.210922 0.568681
vt 0.220341 0.568681
vt 0.023149 0.568682
vt 0.023150 0.896158
vt 0.276567 0.213521
vt 0.281308 0.213521
vt 0.281308 0.269875
vt 0.276567 0.269875
vt 0.088923 0.277916
vt 0.088923 0.274553
vt 0.145149 0.274553
vt 0.145149 0.277916
vt 0.079504 0.568681
vt 0.088923 0.568681
vt 0.088923 0.896157
vt 0.079504 0.896157
vt 0.215599 0.213522
vt 0.220340 0.213522
vt 0.220341 0.269875
vt 0.215599 0.269875
vt 0.145149 0.568681
vt 0.154568 0.568681
vt 0.154568 0.896157
vt 0.145149 0.896157
vt 0.281309 0.960551
vt 0.276567 0.960551
vt 0.276567 0.904197
vt 0.281309 0.904197
vt 0.088923 0.899520
vt 0.145149 0.899520
vt 0.220341 0.960552
vt 0.215600 0.960552
vt 0.215599 0.904198
vt 0.220341 0.904198
vt 0.281308 0.896157
vt 0.276567 0.896157
vt 0.276567 0.568681
vt 0.281309 0.568681
vt 0.220341 0.896157
vt 0.210922 0.896157
vt 0.210922 0.568681
vt 0.220341 0.568681
vt 0.276567 0.277916
vt 0.220341 0.277916
vt 0.023149 0.568682
vt 0.023150 0.896158
vt 0.079504 0.277916
vt 0.154568 0.277916
vt 0.281309 0.277916
vt 0.210922 0.277916
vt 0.023149 0.277917
vt 0.276567 0.213521
vt 0.281308 0.213521
vt 0.281308 0.269875
vt 0.276567 0.269875
vt 0.088923 0.277916
vt 0.088923 0.274553
vt 0.145149 0.274553
vt 0.145149 0.277916
vt 0.079504 0.568681
vt 0.088923 0.568681
vt 0.088923 0.896157
vt 0.079504 0.896157
vt 0.215599 0.213522
vt 0.220340 0.213522
vt 0.220341 0.269875
vt 0.215599 0.269875
vt 0.145149 0.568681
vt 0.154568 0.568681
vt 0.154568 0.896157
vt 0.145149 0.896157
vt 0.281309 0.960551
vt 0.276567 0.960551
vt 0.276567 0.904197
vt 0.281309 0.904197
vt 0.088923 0.899520
vt 0.145149 0.899520
vt 0.220341 0.960552
vt 0.215600 0.960552
vt 0.215599 0.904198
vt 0.220341 0.904198
vt 0.281308 0.896157
vt 0.276567 0.896157
vt 0.276567 0.568681
vt 0.281309 0.568681
vt 0.220341 0.896157
vt 0.210922 0.896157
vt 0.210922 0.568681
vt 0.220341 0.568681
vt 0.276567 0.277916
vt 0.220341 0.277916
vt 0.023149 0.568682
vt 0.023150 0.896158
vt 0.079504 0.277916
vt 0.154568 0.277916
vt 0.281309 0.277916
vt 0.210922 0.277916
vt 0.023149 0.277917
vt 0.276567 0.213521
vt 0.281308 0.213521
vt 0.281308 0.269875
vt 0.276567 0.269875
vt 0.088923 0.277916
vt 0.088923 0.274553
vt 0.145149 0.274553
vt 0.145149 0.277916
vt 0.079504 0.568681
vt 0.088923 0.568681
vt 0.088923 0.896157
vt 0.079504 0.896157
vt 0.215599 0.213522
vt 0.220340 0.213522
vt 0.220341 0.269875
vt 0.215599 0.269875
vt 0.145149 0.568681
vt 0.154568 0.568681
vt 0.154568 0.896157
vt 0.145149 0.896157
vt 0.281309 0.960551
vt 0.276567 0.960551
vt 0.276567 0.904197
vt 0.281309 0.904197
vt 0.088923 0.899520
vt 0.145149 0.899520
vt 0.220341 0.960552
vt 0.215600 0.960552
vt 0.215599 0.904198
vt 0.220341 0.904198
vt 0.281308 0.896157
vt 0.276567 0.896157
vt 0.276567 0.568681
vt 0.281309 0.568681
vt 0.220341 0.896157
vt 0.210922 0.896157
vt 0.210922 0.568681
vt 0.220341 0.568681
vt 0.276567 0.277916
vt 0.220341 0.277916
vt 0.023149 0.568682
vt 0.023150 0.896158
vt 0.079504 0.277916
vt 0.154568 0.277916
vt 0.281309 0.277916
vt 0.210922 0.277916
vt 0.023149 0.277917
vt 0.276567 0.213521
vt 0.281308 0.213521
vt 0.281308 0.269875
vt 0.276567 0.269875
vt 0.088923 0.277916
vt 0.088923 0.274553
vt 0.145149 0.274553
vt 0.145149 0.277916
vt 0.215599 0.213522
vt 0.220340 0.213522
vt 0.220341 0.269875
vt 0.215599 0.269875
vt 0.276567 0.277916
vt 0.220341 0.277916
vt 0.079504 0.277916
vt 0.154568 0.277916
vt 0.281309 0.277916
vt 0.210922 0.277916
vt 0.145149 0.568681
vt 0.088923 0.568681
vt 0.154568 0.568681
vt 0.210922 0.568681
vt 0.220341 0.568681
vt 0.276567 0.568681
vt 0.281309 0.568681
vt 0.023149 0.277917
vt 0.079504 0.568681
vt 0.023149 0.568682
vt 0.276567 0.213521
vt 0.281308 0.213521
vt 0.281308 0.269875
vt 0.276567 0.269875
vt 0.088923 0.277916
vt 0.088923 0.274553
vt 0.145149 0.274553
vt 0.145149 0.277916
vt 0.215599 0.213522
vt 0.220340 0.213522
vt 0.220341 0.269875
vt 0.215599 0.269875
vt 0.276567 0.277916
vt 0.220341 0.277916
vt 0.079504 0.277916
vt 0.154568 0.277916
vt 0.281309 0.277916
vt 0.210922 0.277916
vt 0.145149 0.568681
vt 0.088923 0.568681
vt 0.154568 0.568681
vt 0.210922 0.568681
vt 0.220341 0.568681
vt 0.276567 0.568681
vt 0.281309 0.568681
vt 0.023149 0.277917
vt 0.079504 0.568681
vt 0.023149 0.568682
vt 0.276567 0.213521
vt 0.281308 0.213521
vt 0.281308 0.269875
vt 0.276567 0.269875
vt 0.088923 0.277916
vt 0.088923 0.274553
vt 0.145149 0.274553
vt 0.145149 0.277916
vt 0.215599 0.213522
vt 0.220340 0.213522
vt 0.220341 0.269875
vt 0.215599 0.269875
vt 0.276567 0.277916
vt 0.220341 0.277916
vt 0.079504 0.277916
vt 0.154568 0.277916
vt 0.281309 0.277916
vt 0.210922 0.277916
vt 0.145149 0.568681
vt 0.088923 0.568681
vt 0.154568 0.568681
vt 0.210922 0.568681
vt 0.220341 0.568681
vt 0.276567 0.568681
vt 0.281309 0.568681
vt 0.023149 0.277917
vt 0.079504 0.568681
vt 0.023149 0.568682
vt 0.276567 0.213521
vt 0.281308 0.213521
vt 0.281308 0.269875
vt 0.276567 0.269875
vt 0.088923 0.277916
vt 0.088923 0.274553
vt 0.145149 0.274553
vt 0.145149 0.277916
vt 0.079504 0.568681
vt 0.088923 0.568681
vt 0.088923 0.896157
vt 0.079504 0.896157
vt 0.215599 0.213522
vt 0.220340 0.213522
vt 0.220341 0.269875
vt 0.215599 0.269875
vt 0.145149 0.568681
vt 0.154568 0.568681
vt 0.154568 0.896157
vt 0.145149 0.896157
vt 0.281309 0.960551
vt 0.276567 0.960551
vt 0.276567 0.904197
vt 0.281309 0.904197
vt 0.088923 0.899520
vt 0.145149 0.899520
vt 0.220341 0.960552
vt 0.215600 0.960552
vt 0.215599 0.904198
vt 0.220341 0.904198
vt 0.281308 0.896157
vt 0.276567 0.896157
vt 0.276567 0.568681
vt 0.281309 0.568681
vt 0.220341 0.896157
vt 0.210922 0.896157
vt 0.210922 0.568681
vt 0.220341 0.568681
vt 0.276567 0.277916
vt 0.220341 0.277916
vt 0.023149 0.568682
vt 0.023150 0.896158
vt 0.079504 0.277916
vt 0.154568 0.277916
vt 0.281309 0.277916
vt 0.210922 0.277916
vt 0.023149 0.277917
vt 0.379249 0.163914
vt 0.403904 0.163915
vt 0.403904 0.540612
vt 0.379249 0.540613
vt 0.378863 0.561705
vt 0.294202 0.561702
vt 0.294203 0.540612
vt 0.519471 0.540612
vt 0.487805 0.540612
vt 0.487805 0.163915
vt 0.519471 0.163915
vt 0.294202 0.163916
vt 0.294202 0.142826
vt 0.378863 0.142823
vt 0.379249 0.163914
vt 0.403904 0.163915
vt 0.403904 0.540612
vt 0.379249 0.540613
vt 0.378863 0.561705
vt 0.294202 0.561702
vt 0.294203 0.540612
vt 0.519471 0.540612
vt 0.487805 0.540612
vt 0.487805 0.163915
vt 0.519471 0.163915
vt 0.294202 0.163916
vt 0.294202 0.142826
vt 0.378863 0.142823
vt 0.379249 0.163914
vt 0.403904 0.163915
vt 0.403904 0.540612
vt 0.379249 0.540613
vt 0.378863 0.561705
vt 0.294202 0.561702
vt 0.294203 0.540612
vt 0.519471 0.540612
vt 0.487805 0.540612
vt 0.487805 0.163915
vt 0.519471 0.163915
vt 0.294202 0.163916
vt 0.294202 0.142826
vt 0.378863 0.142823
vt 0.379249 0.163914
vt 0.403904 0.163915
vt 0.403904 0.540612
vt 0.379249 0.540613
vt 0.378863 0.561705
vt 0.294202 0.561702
vt 0.294203 0.540612
vt 0.519471 0.540612
vt 0.487805 0.540612
vt 0.487805 0.163915
vt 0.519471 0.163915
vt 0.294202 0.163916
vt 0.294202 0.142826
vt 0.378863 0.142823
vt 0.276567 0.213521
vt 0.281308 0.213521
vt 0.281308 0.269875
vt 0.276567 0.269875
vt 0.088923 0.277916
vt 0.088923 0.274553
vt 0.145149 0.274553
vt 0.145149 0.277916
vt 0.215599 0.213522
vt 0.220340 0.213522
vt 0.220341 0.269875
vt 0.215599 0.269875
vt 0.276567 0.277916
vt 0.220341 0.277916
vt 0.079504 0.277916
vt 0.154568 0.277916
vt 0.281309 0.277916
vt 0.210922 0.277916
vt 0.145149 0.568681
vt 0.088923 0.568681
vt 0.154568 0.568681
vt 0.210922 0.568681
vt 0.220341 0.568681
vt 0.276567 0.568681
vt 0.281309 0.568681
vt 0.023149 0.277917
vt 0.079504 0.568681
vt 0.023149 0.568682
vt 0.379249 0.163914
vt 0.403904 0.163915
vt 0.403904 0.540612
vt 0.379249 0.540613
vt 0.378863 0.561705
vt 0.294202 0.561702
vt 0.294203 0.540612
vt 0.519471 0.540612
vt 0.487805 0.540612
vt 0.487805 0.163915
vt 0.519471 0.163915
vt 0.294202 0.163916
vt 0.294202 0.142826
vt 0.378863 0.142823
vt 0.276567 0.213521
vt 0.281308 0.213521
vt 0.281308 0.269875
vt 0.276567 0.269875
vt 0.088923 0.277916
vt 0.088923 0.274553
vt 0.145149 0.274553
vt 0.145149 0.277916
vt 0.079504 0.568681
vt 0.088923 0.568681
vt 0.088923 0.896157
vt 0.079504 0.896157
vt 0.215599 0.213522
vt 0.220340 0.213522
vt 0.220341 0.269875
vt 0.215599 0.269875
vt 0.145149 0.568681
vt 0.154568 0.568681
vt 0.154568 0.896157
vt 0.145149 0.896157
vt 0.281309 0.960551
vt 0.276567 0.960551
vt 0.276567 0.904197
vt 0.281309 0.904197
vt 0.088923 0.899520
vt 0.145149 0.899520
vt 0.220341 0.960552
vt 0.215600 0.960552
vt 0.215599 0.904198
vt 0.220341 0.904198
vt 0.281308 0.896157
vt 0.276567 0.896157
vt 0.276567 0.568681
vt 0.281309 0.568681
vt 0.220341 0.896157
vt 0.210922 0.896157
vt 0.210922 0.568681
vt 0.220341 0.568681
vt 0.276567 0.277916
vt 0.220341 0.277916
vt 0.023149 0.568682
vt 0.023150 0.896158
vt 0.079504 0.277916
vt 0.154568 0.277916
vt 0.281309 0.277916
vt 0.210922 0.277916
vt 0.023149 0.277917
vt 0.276567 0.213521
vt 0.281308 0.213521
vt 0.281308 0.269875
vt 0.276567 0.269875
vt 0.088923 0.277916
vt 0.088923 0.274553
vt 0.145149 0.274553
vt 0.145149 0.277916
vt 0.079504 0.568681
vt 0.088923 0.568681
vt 0.088923 0.896157
vt 0.079504 0.896157
vt 0.215599 0.213522
vt 0.220340 0.213522
vt 0.220341 0.269875
vt 0.215599 0.269875
vt 0.145149 0.568681
vt 0.154568 0.568681
vt 0.154568 0.896157
vt 0.145149 0.896157
vt 0.281309 0.960551
vt 0.276567 0.960551
vt 0.276567 0.904197
vt 0.281309 0.904197
vt 0.088923 0.899520
vt 0.145149 0.899520
vt 0.220341 0.960552
vt 0.215600 0.960552
vt 0.215599 0.904198
vt 0.220341 0.904198
vt 0.281308 0.896157
vt 0.276567 0.896157
vt 0.276567 0.568681
vt 0.281309 0.568681
vt 0.220341 0.896157
vt 0.210922 0.896157
vt 0.210922 0.568681
vt 0.220341 0.568681
vt 0.276567 0.277916
vt 0.220341 0.277916
vt 0.023149 0.568682
vt 0.023150 0.896158
vt 0.079504 0.277916
vt 0.154568 0.277916
vt 0.281309 0.277916
vt 0.210922 0.277916
vt 0.023149 0.277917
vt 0.379249 0.163914
vt 0.403904 0.163915
vt 0.403904 0.540612
vt 0.379249 0.540613
vt 0.378863 0.561705
vt 0.294202 0.561702
vt 0.294203 0.540612
vt 0.519471 0.540612
vt 0.487805 0.540612
vt 0.487805 0.163915
vt 0.519471 0.163915
vt 0.294202 0.163916
vt 0.294202 0.142826
vt 0.378863 0.142823
vt 0.276567 0.213521
vt 0.281308 0.213521
vt 0.281308 0.269875
vt 0.276567 0.269875
vt 0.088923 0.277916
vt 0.088923 0.274553
vt 0.145149 0.274553
vt 0.145149 0.277916
vt 0.079504 0.568681
vt 0.088923 0.568681
vt 0.088923 0.896157
vt 0.079504 0.896157
vt 0.215599 0.213522
vt 0.220340 0.213522
vt 0.220341 0.269875
vt 0.215599 0.269875
vt 0.145149 0.568681
vt 0.154568 0.568681
vt 0.154568 0.896157
vt 0.145149 0.896157
vt 0.281309 0.960551
vt 0.276567 0.960551
vt 0.276567 0.904197
vt 0.281309 0.904197
vt 0.088923 0.899520
vt 0.145149 0.899520
vt 0.220341 0.960552
vt 0.215600 0.960552
vt 0.215599 0.904198
vt 0.220341 0.904198
vt 0.281308 0.896157
vt 0.276567 0.896157
vt 0.276567 0.568681
vt 0.281309 0.568681
vt 0.220341 0.896157
vt 0.210922 0.896157
vt 0.210922 0.568681
vt 0.220341 0.568681
vt 0.276567 0.277916
vt 0.220341 0.277916
vt 0.023149 0.568682
vt 0.023150 0.896158
vt 0.079504 0.277916
vt 0.154568 0.277916
vt 0.281309 0.277916
vt 0.210922 0.277916
vt 0.023149 0.277917
vt 0.276567 0.213521
vt 0.281308 0.213521
vt 0.281308 0.269875
vt 0.276567 0.269875
vt 0.088923 0.277916
vt 0.088923 0.274553
vt 0.145149 0.274553
vt 0.145149 0.277916
vt 0.215599 0.213522
vt 0.220340 0.213522
vt 0.220341 0.269875
vt 0.215599 0.269875
vt 0.276567 0.277916
vt 0.220341 0.277916
vt 0.079504 0.277916
vt 0.154568 0.277916
vt 0.281309 0.277916
vt 0.210922 0.277916
vt 0.145149 0.568681
vt 0.088923 0.568681
vt 0.154568 0.568681
vt 0.210922 0.568681
vt 0.220341 0.568681
vt 0.276567 0.568681
vt 0.281309 0.568681
vt 0.023149 0.277917
vt 0.079504 0.568681
vt 0.023149 0.568682
vt 0.276567 0.213521
vt 0.281308 0.213521
vt 0.281308 0.269875
vt 0.276567 0.269875
vt 0.088923 0.277916
vt 0.088923 0.274553
vt 0.145149 0.274553
vt 0.145149 0.277916
vt 0.079504 0.568681
vt 0.088923 0.568681
vt 0.088923 0.896157
vt 0.079504 0.896157
vt 0.215599 0.213522
vt 0.220340 0.213522
vt 0.220341 0.269875
vt 0.215599 0.269875
vt 0.145149 0.568681
vt 0.154568 0.568681
vt 0.154568 0.896157
vt 0.145149 0.896157
vt 0.281309 0.960551
vt 0.276567 0.960551
vt 0.276567 0.904197
vt 0.281309 0.904197
vt 0.088923 0.899520
vt 0.145149 0.899520
vt 0.220341 0.960552
vt 0.215600 0.960552
vt 0.215599 0.904198
vt 0.220341 0.904198
vt 0.281308 0.896157
vt 0.276567 0.896157
vt 0.276567 0.568681
vt 0.281309 0.568681
vt 0.220341 0.896157
vt 0.210922 0.896157
vt 0.210922 0.568681
vt 0.220341 0.568681
vt 0.276567 0.277916
vt 0.220341 0.277916
vt 0.023149 0.568682
vt 0.023150 0.896158
vt 0.079504 0.277916
vt 0.154568 0.277916
vt 0.281309 0.277916
vt 0.210922 0.277916
vt 0.023149 0.277917
vt 0.276567 0.213521
vt 0.281308 0.213521
vt 0.281308 0.269875
vt 0.276567 0.269875
vt 0.088923 0.277916
vt 0.088923 0.274553
vt 0.145149 0.274553
vt 0.145149 0.277916
vt 0.215599 0.213522
vt 0.220340 0.213522
vt 0.220341 0.269875
vt 0.215599 0.269875
vt 0.276567 0.277916
vt 0.220341 0.277916
vt 0.079504 0.277916
vt 0.154568 0.277916
vt 0.281309 0.277916
vt 0.210922 0.277916
vt 0.145149 0.568681
vt 0.088923 0.568681
vt 0.154568 0.568681
vt 0.210922 0.568681
vt 0.220341 0.568681
vt 0.276567 0.568681
vt 0.281309 0.568681
vt 0.023149 0.277917
vt 0.079504 0.568681
vt 0.023149 0.568682
vt 0.276567 0.213521
vt 0.281308 0.213521
vt 0.281308 0.269875
vt 0.276567 0.269875
vt 0.088923 0.277916
vt 0.088923 0.274553
vt 0.145149 0.274553
vt 0.145149 0.277916
vt 0.079504 0.568681
vt 0.088923 0.568681
vt 0.088923 0.896157
vt 0.079504 0.896157
vt 0.215599 0.213522
vt 0.220340 0.213522
vt 0.220341 0.269875
vt 0.215599 0.269875
vt 0.145149 0.568681
vt 0.154568 0.568681
vt 0.154568 0.896157
vt 0.145149 0.896157
vt 0.281309 0.960551
vt 0.276567 0.960551
vt 0.276567 0.904197
vt 0.281309 0.904197
vt 0.088923 0.899520
vt 0.145149 0.899520
vt 0.220341 0.960552
vt 0.215600 0.960552
vt 0.215599 0.904198
vt 0.220341 0.904198
vt 0.281308 0.896157
vt 0.276567 0.896157
vt 0.276567 0.568681
vt 0.281309 0.568681
vt 0.220341 0.896157
vt 0.210922 0.896157
vt 0.210922 0.568681
vt 0.220341 0.568681
vt 0.276567 0.277916
vt 0.220341 0.277916
vt 0.023149 0.568682
vt 0.023150 0.896158
vt 0.079504 0.277916
vt 0.154568 0.277916
vt 0.281309 0.277916
vt 0.210922 0.277916
vt 0.023149 0.277917
vt 0.276567 0.213521
vt 0.281308 0.213521
vt 0.281308 0.269875
vt 0.276567 0.269875
vt 0.088923 0.277916
vt 0.088923 0.274553
vt 0.145149 0.274553
vt 0.145149 0.277916
vt 0.215599 0.213522
vt 0.220340 0.213522
vt 0.220341 0.269875
vt 0.215599 0.269875
vt 0.276567 0.277916
vt 0.220341 0.277916
vt 0.079504 0.277916
vt 0.154568 0.277916
vt 0.281309 0.277916
vt 0.210922 0.277916
vt 0.145149 0.568681
vt 0.088923 0.568681
vt 0.154568 0.568681
vt 0.210922 0.568681
vt 0.220341 0.568681
vt 0.276567 0.568681
vt 0.281309 0.568681
vt 0.023149 0.277917
vt 0.079504 0.568681
vt 0.023149 0.568682
vt 0.276567 0.213521
vt 0.281308 0.213521
vt 0.281308 0.269875
vt 0.276567 0.269875
vt 0.088923 0.277916
vt 0.088923 0.274553
vt 0.145149 0.274553
vt 0.145149 0.277916
vt 0.079504 0.568681
vt 0.088923 0.568681
vt 0.088923 0.896157
vt 0.079504 0.896157
vt 0.215599 0.213522
vt 0.220340 0.213522
vt 0.220341 0.269875
vt 0.215599 0.269875
vt 0.145149 0.568681
vt 0.154568 0.568681
vt 0.154568 0.896157
vt 0.145149 0.896157
vt 0.281309 0.960551
vt 0.276567 0.960551
vt 0.276567 0.904197
vt 0.281309 0.904197
vt 0.088923 0.899520
vt 0.145149 0.899520
vt 0.220341 0.960552
vt 0.215600 0.960552
vt 0.215599 0.904198
vt 0.220341 0.904198
vt 0.281308 0.896157
vt 0.276567 0.896157
vt 0.276567 0.568681
vt 0.281309 0.568681
vt 0.220341 0.896157
vt 0.210922 0.896157
vt 0.210922 0.568681
vt 0.220341 0.568681
vt 0.276567 0.277916
vt 0.220341 0.277916
vt 0.023149 0.568682
vt 0.023150 0.896158
vt 0.079504 0.277916
vt 0.154568 0.277916
vt 0.281309 0.277916
vt 0.210922 0.277916
vt 0.023149 0.277917
vt 0.379249 0.163914
vt 0.403904 0.163915
vt 0.403904 0.540612
vt 0.379249 0.540613
vt 0.378863 0.561705
vt 0.294202 0.561702
vt 0.294203 0.540612
vt 0.519471 0.540612
vt 0.487805 0.540612
vt 0.487805 0.163915
vt 0.519471 0.163915
vt 0.294202 0.163916
vt 0.294202 0.142826
vt 0.378863 0.142823
vt 0.276567 0.213521
vt 0.281308 0.213521
vt 0.281308 0.269875
vt 0.276567 0.269875
vt 0.088923 0.277916
vt 0.088923 0.274553
vt 0.145149 0.274553
vt 0.145149 0.277916
vt 0.215599 0.213522
vt 0.220340 0.213522
vt 0.220341 0.269875
vt 0.215599 0.269875
vt 0.276567 0.277916
vt 0.220341 0.277916
vt 0.079504 0.277916
vt 0.154568 0.277916
vt 0.281309 0.277916
vt 0.210922 0.277916
vt 0.145149 0.568681
vt 0.088923 0.568681
vt 0.154568 0.568681
vt 0.210922 0.568681
vt 0.220341 0.568681
vt 0.276567 0.568681
vt 0.281309 0.568681
vt 0.023149 0.277917
vt 0.079504 0.568681
vt 0.023149 0.568682
vt 0.276567 0.213521
vt 0.281308 0.213521
vt 0.281308 0.269875
vt 0.276567 0.269875
vt 0.088923 0.277916
vt 0.088923 0.274553
vt 0.145149 0.274553
vt 0.145149 0.277916
vt 0.215599 0.213522
vt 0.220340 0.213522
vt 0.220341 0.269875
vt 0.215599 0.269875
vt 0.276567 0.277916
vt 0.220341 0.277916
vt 0.079504 0.277916
vt 0.154568 0.277916
vt 0.281309 0.277916
vt 0.210922 0.277916
vt 0.145149 0.568681
vt 0.088923 0.568681
vt 0.154568 0.568681
vt 0.210922 0.568681
vt 0.220341 0.568681
vt 0.276567 0.568681
vt 0.281309 0.568681
vt 0.023149 0.277917
vt 0.079504 0.568681
vt 0.023149 0.568682
vt 0.276567 0.213521
vt 0.281308 0.213521
vt 0.281308 0.269875
vt 0.276567 0.269875
vt 0.088923 0.277916
vt 0.088923 0.274553
vt 0.145149 0.274553
vt 0.145149 0.277916
vt 0.215599 0.213522
vt 0.220340 0.213522
vt 0.220341 0.269875
vt 0.215599 0.269875
vt 0.276567 0.277916
vt 0.220341 0.277916
vt 0.079504 0.277916
vt 0.154568 0.277916
vt 0.281309 0.277916
vt 0.210922 0.277916
vt 0.145149 0.568681
vt 0.088923 0.568681
vt 0.154568 0.568681
vt 0.210922 0.568681
vt 0.220341 0.568681
vt 0.276567 0.568681
vt 0.281309 0.568681
vt 0.023149 0.277917
vt 0.079504 0.568681
vt 0.023149 0.568682
vt 0.276567 0.213521
vt 0.281308 0.213521
vt 0.281308 0.269875
vt 0.276567 0.269875
vt 0.088923 0.277916
vt 0.088923 0.274553
vt 0.145149 0.274553
vt 0.145149 0.277916
vt 0.079504 0.568681
vt 0.088923 0.568681
vt 0.088923 0.896157
vt 0.079504 0.896157
vt 0.215599 0.213522
vt 0.220340 0.213522
vt 0.220341 0.269875
vt 0.215599 0.269875
vt 0.145149 0.568681
vt 0.154568 0.568681
vt 0.154568 0.896157
vt 0.145149 0.896157
vt 0.281309 0.960551
vt 0.276567 0.960551
vt 0.276567 0.904197
vt 0.281309 0.904197
vt 0.088923 0.899520
vt 0.145149 0.899520
vt 0.220341 0.960552
vt 0.215600 0.960552
vt 0.215599 0.904198
vt 0.220341 0.904198
vt 0.281308 0.896157
vt 0.276567 0.896157
vt 0.276567 0.568681
vt 0.281309 0.568681
vt 0.220341 0.896157
vt 0.210922 0.896157
vt 0.210922 0.568681
vt 0.220341 0.568681
vt 0.276567 0.277916
vt 0.220341 0.277916
vt 0.023149 0.568682
vt 0.023150 0.896158
vt 0.079504 0.277916
vt 0.154568 0.277916
vt 0.281309 0.277916
vt 0.210922 0.277916
vt 0.023149 0.277917
vt 0.276567 0.213521
vt 0.281308 0.213521
vt 0.281308 0.269875
vt 0.276567 0.269875
vt 0.088923 0.277916
vt 0.088923 0.274553
vt 0.145149 0.274553
vt 0.145149 0.277916
vt 0.079504 0.568681
vt 0.088923 0.568681
vt 0.088923 0.896157
vt 0.079504 0.896157
vt 0.215599 0.213522
vt 0.220340 0.213522
vt 0.220341 0.269875
vt 0.215599 0.269875
vt 0.145149 0.568681
vt 0.154568 0.568681
vt 0.154568 0.896157
vt 0.145149 0.896157
vt 0.281309 0.960551
vt 0.276567 0.960551
vt 0.276567 0.904197
vt 0.281309 0.904197
vt 0.088923 0.899520
vt 0.145149 0.899520
vt 0.220341 0.960552
vt 0.215600 0.960552
vt 0.215599 0.904198
vt 0.220341 0.904198
vt 0.281308 0.896157
vt 0.276567 0.896157
vt 0.276567 0.568681
vt 0.281309 0.568681
vt 0.220341 0.896157
vt 0.210922 0.896157
vt 0.210922 0.568681
vt 0.220341 0.568681
vt 0.276567 0.277916
vt 0.220341 0.277916
vt 0.023149 0.568682
vt 0.023150 0.896158
vt 0.079504 0.277916
vt 0.154568 0.277916
vt 0.281309 0.277916
vt 0.210922 0.277916
vt 0.023149 0.277917
vt 0.379249 0.163914
vt 0.403904 0.163915
vt 0.403904 0.540612
vt 0.379249 0.540613
vt 0.378863 0.561705
vt 0.294202 0.561702
vt 0.294203 0.540612
vt 0.519471 0.540612
vt 0.487805 0.540612
vt 0.487805 0.163915
vt 0.519471 0.163915
vt 0.294202 0.163916
vt 0.294202 0.142826
vt 0.378863 0.142823
vt 0.276567 0.213521
vt 0.281308 0.213521
vt 0.281308 0.269875
vt 0.276567 0.269875
vt 0.088923 0.277916
vt 0.088923 0.274553
vt 0.145149 0.274553
vt 0.145149 0.277916
vt 0.079504 0.568681
vt 0.088923 0.568681
vt 0.088923 0.896157
vt 0.079504 0.896157
vt 0.215599 0.213522
vt 0.220340 0.213522
vt 0.220341 0.269875
vt 0.215599 0.269875
vt 0.145149 0.568681
vt 0.154568 0.568681
vt 0.154568 0.896157
vt 0.145149 0.896157
vt 0.281309 0.960551
vt 0.276567 0.960551
vt 0.276567 0.904197
vt 0.281309 0.904197
vt 0.088923 0.899520
vt 0.145149 0.899520
vt 0.220341 0.960552
vt 0.215600 0.960552
vt 0.215599 0.904198
vt 0.220341 0.904198
vt 0.281308 0.896157
vt 0.276567 0.896157
vt 0.276567 0.568681
vt 0.281309 0.568681
vt 0.220341 0.896157
vt 0.210922 0.896157
vt 0.210922 0.568681
vt 0.220341 0.568681
vt 0.276567 0.277916
vt 0.220341 0.277916
vt 0.023149 0.568682
vt 0.023150 0.896158
vt 0.079504 0.277916
vt 0.154568 0.277916
vt 0.281309 0.277916
vt 0.210922 0.277916
vt 0.023149 0.277917
vt 0.379249 0.163914
vt 0.403904 0.163915
vt 0.403904 0.540612
vt 0.379249 0.540613
vt 0.378863 0.561705
vt 0.294202 0.561702
vt 0.294203 0.540612
vt 0.519471 0.540612
vt 0.487805 0.540612
vt 0.487805 0.163915
vt 0.519471 0.163915
vt 0.294202 0.163916
vt 0.294202 0.142826
vt 0.378863 0.142823
vt 0.379249 0.163914
vt 0.403904 0.163915
vt 0.403904 0.540612
vt 0.379249 0.540613
vt 0.378863 0.561705
vt 0.294202 0.561702
vt 0.294203 0.540612
vt 0.519471 0.540612
vt 0.487805 0.540612
vt 0.487805 0.163915
vt 0.519471 0.163915
vt 0.294202 0.163916
vt 0.294202 0.142826
vt 0.378863 0.142823
vt 0.079504 0.568681
vt 0.088923 0.568681
vt 0.088923 0.896157
vt 0.079504 0.896157
vt 0.145149 0.568681
vt 0.154568 0.568681
vt 0.154568 0.896157
vt 0.145149 0.896157
vt 0.281309 0.960551
vt 0.276567 0.960551
vt 0.276567 0.904197
vt 0.281309 0.904197
vt 0.088923 0.899520
vt 0.145149 0.899520
vt 0.220341 0.960552
vt 0.215600 0.960552
vt 0.215599 0.904198
vt 0.220341 0.904198
vt 0.281308 0.896157
vt 0.276567 0.896157
vt 0.276567 0.568681
vt 0.281309 0.568681
vt 0.220341 0.896157
vt 0.210922 0.896157
vt 0.210922 0.568681
vt 0.220341 0.568681
vt 0.023149 0.568682
vt 0.023150 0.896158
vt 0.276567 0.213521
vt 0.281308 0.213521
vt 0.281308 0.269875
vt 0.276567 0.269875
vt 0.088923 0.277916
vt 0.088923 0.274553
vt 0.145149 0.274553
vt 0.145149 0.277916
vt 0.079504 0.568681
vt 0.088923 0.568681
vt 0.088923 0.896157
vt 0.079504 0.896157
vt 0.215599 0.213522
vt 0.220340 0.213522
vt 0.220341 0.269875
vt 0.215599 0.269875
vt 0.145149 0.568681
vt 0.154568 0.568681
vt 0.154568 0.896157
vt 0.145149 0.896157
vt 0.281309 0.960551
vt 0.276567 0.960551
vt 0.276567 0.904197
vt 0.281309 0.904197
vt 0.088923 0.899520
vt 0.145149 0.899520
vt 0.220341 0.960552
vt 0.215600 0.960552
vt 0.215599 0.904198
vt 0.220341 0.904198
vt 0.281308 0.896157
vt 0.276567 0.896157
vt 0.276567 0.568681
vt 0.281309 0.568681
vt 0.220341 0.896157
vt 0.210922 0.896157
vt 0.210922 0.568681
vt 0.220341 0.568681
vt 0.276567 0.277916
vt 0.220341 0.277916
vt 0.023149 0.568682
vt 0.023150 0.896158
vt 0.079504 0.277916
vt 0.154568 0.277916
vt 0.281309 0.277916
vt 0.210922 0.277916
vt 0.023149 0.277917
vt 0.276567 0.213521
vt 0.281308 0.213521
vt 0.281308 0.269875
vt 0.276567 0.269875
vt 0.088923 0.277916
vt 0.088923 0.274553
vt 0.145149 0.274553
vt 0.145149 0.277916
vt 0.079504 0.568681
vt 0.088923 0.568681
vt 0.088923 0.896157
vt 0.079504 0.896157
vt 0.215599 0.213522
vt 0.220340 0.213522
vt 0.220341 0.269875
vt 0.215599 0.269875
vt 0.145149 0.568681
vt 0.154568 0.568681
vt 0.154568 0.896157
vt 0.145149 0.896157
vt 0.281309 0.960551
vt 0.276567 0.960551
vt 0.276567 0.904197
vt 0.281309 0.904197
vt 0.088923 0.899520
vt 0.145149 0.899520
vt 0.220341 0.960552
vt 0.215600 0.960552
vt 0.215599 0.904198
vt 0.220341 0.904198
vt 0.281308 0.896157
vt 0.276567 0.896157
vt 0.276567 0.568681
vt 0.281309 0.568681
vt 0.220341 0.896157
vt 0.210922 0.896157
vt 0.210922 0.568681
vt 0.220341 0.568681
vt 0.276567 0.277916
vt 0.220341 0.277916
vt 0.023149 0.568682
vt 0.023150 0.896158
vt 0.079504 0.277916
vt 0.154568 0.277916
vt 0.281309 0.277916
vt 0.210922 0.277916
vt 0.023149 0.277917
vt 0.079504 0.568681
vt 0.088923 0.568681
vt 0.088923 0.896157
vt 0.079504 0.896157
vt 0.145149 0.568681
vt 0.154568 0.568681
vt 0.154568 0.896157
vt 0.145149 0.896157
vt 0.281309 0.960551
vt 0.276567 0.960551
vt 0.276567 0.904197
vt 0.281309 0.904197
vt 0.088923 0.899520
vt 0.145149 0.899520
vt 0.220341 0.960552
vt 0.215600 0.960552
vt 0.215599 0.904198
vt 0.220341 0.904198
vt 0.281308 0.896157
vt 0.276567 0.896157
vt 0.276567 0.568681
vt 0.281309 0.568681
vt 0.220341 0.896157
vt 0.210922 0.896157
vt 0.210922 0.568681
vt 0.220341 0.568681
vt 0.023149 0.568682
vt 0.023150 0.896158
vt 0.276567 0.213521
vt 0.281308 0.213521
vt 0.281308 0.269875
vt 0.276567 0.269875
vt 0.088923 0.277916
vt 0.088923 0.274553
vt 0.145149 0.274553
vt 0.145149 0.277916
vt 0.079504 0.568681
vt 0.088923 0.568681
vt 0.088923 0.896157
vt 0.079504 0.896157
vt 0.215599 0.213522
vt 0.220340 0.213522
vt 0.220341 0.269875
vt 0.215599 0.269875
vt 0.145149 0.568681
vt 0.154568 0.568681
vt 0.154568 0.896157
vt 0.145149 0.896157
vt 0.281309 0.960551
vt 0.276567 0.960551
vt 0.276567 0.904197
vt 0.281309 0.904197
vt 0.088923 0.899520
vt 0.145149 0.899520
vt 0.220341 0.960552
vt 0.215600 0.960552
vt 0.215599 0.904198
vt 0.220341 0.904198
vt 0.281308 0.896157
vt 0.276567 0.896157
vt 0.276567 0.568681
vt 0.281309 0.568681
vt 0.220341 0.896157
vt 0.210922 0.896157
vt 0.210922 0.568681
vt 0.220341 0.568681
vt 0.276567 0.277916
vt 0.220341 0.277916
vt 0.023149 0.568682
vt 0.023150 0.896158
vt 0.079504 0.277916
vt 0.154568 0.277916
vt 0.281309 0.277916
vt 0.210922 0.277916
vt 0.023149 0.277917
vt 0.276567 0.213521
vt 0.281308 0.213521
vt 0.281308 0.269875
vt 0.276567 0.269875
vt 0.088923 0.277916
vt 0.088923 0.274553
vt 0.145149 0.274553
vt 0.145149 0.277916
vt 0.079504 0.568681
vt 0.088923 0.568681
vt 0.088923 0.896157
vt 0.079504 0.896157
vt 0.215599 0.213522
vt 0.220340 0.213522
vt 0.220341 0.269875
vt 0.215599 0.269875
vt 0.145149 0.568681
vt 0.154568 0.568681
vt 0.154568 0.896157
vt 0.145149 0.896157
vt 0.281309 0.960551
vt 0.276567 0.960551
vt 0.276567 0.904197
vt 0.281309 0.904197
vt 0.088923 0.899520
vt 0.145149 0.899520
vt 0.220341 0.960552
vt 0.215600 0.960552
vt 0.215599 0.904198
vt 0.220341 0.904198
vt 0.281308 0.896157
vt 0.276567 0.896157
vt 0.276567 0.568681
vt 0.281309 0.568681
vt 0.220341 0.896157
vt 0.210922 0.896157
vt 0.210922 0.568681
vt 0.220341 0.568681
vt 0.276567 0.277916
vt 0.220341 0.277916
vt 0.023149 0.568682
vt 0.023150 0.896158
vt 0.079504 0.277916
vt 0.154568 0.277916
vt 0.281309 0.277916
vt 0.210922 0.277916
vt 0.023149 0.277917
vt 0.079504 0.568681
vt 0.088923 0.568681
vt 0.088923 0.896157
vt 0.079504 0.896157
vt 0.145149 0.568681
vt 0.154568 0.568681
vt 0.154568 0.896157
vt 0.145149 0.896157
vt 0.281309 0.960551
vt 0.276567 0.960551
vt 0.276567 0.904197
vt 0.281309 0.904197
vt 0.088923 0.899520
vt 0.145149 0.899520
vt 0.220341 0.960552
vt 0.215600 0.960552
vt 0.215599 0.904198
vt 0.220341 0.904198
vt 0.281308 0.896157
vt 0.276567 0.896157
vt 0.276567 0.568681
vt 0.281309 0.568681
vt 0.220341 0.896157
vt 0.210922 0.896157
vt 0.210922 0.568681
vt 0.220341 0.568681
vt 0.023149 0.568682
vt 0.023150 0.896158
vt 0.079504 0.568681
vt 0.088923 0.568681
vt 0.088923 0.896157
vt 0.079504 0.896157
vt 0.145149 0.568681
vt 0.154568 0.568681
vt 0.154568 0.896157
vt 0.145149 0.896157
vt 0.281309 0.960551
vt 0.276567 0.960551
vt 0.276567 0.904197
vt 0.281309 0.904197
vt 0.088923 0.899520
vt 0.145149 0.899520
vt 0.220341 0.960552
vt 0.215600 0.960552
vt 0.215599 0.904198
vt 0.220341 0.904198
vt 0.281308 0.896157
vt 0.276567 0.896157
vt 0.276567 0.568681
vt 0.281309 0.568681
vt 0.220341 0.896157
vt 0.210922 0.896157
vt 0.210922 0.568681
vt 0.220341 0.568681
vt 0.023149 0.568682
vt 0.023150 0.896158
vt 0.276567 0.213521
vt 0.281308 0.213521
vt 0.281308 0.269875
vt 0.276567 0.269875
vt 0.088923 0.277916
vt 0.088923 0.274553
vt 0.145149 0.274553
vt 0.145149 0.277916
vt 0.079504 0.568681
vt 0.088923 0.568681
vt 0.088923 0.896157
vt 0.079504 0.896157
vt 0.215599 0.213522
vt 0.220340 0.213522
vt 0.220341 0.269875
vt 0.215599 0.269875
vt 0.145149 0.568681
vt 0.154568 0.568681
vt 0.154568 0.896157
vt 0.145149 0.896157
vt 0.281309 0.960551
vt 0.276567 0.960551
vt 0.276567 0.904197
vt 0.281309 0.904197
vt 0.088923 0.899520
vt 0.145149 0.899520
vt 0.220341 0.960552
vt 0.215600 0.960552
vt 0.215599 0.904198
vt 0.220341 0.904198
vt 0.281308 0.896157
vt 0.276567 0.896157
vt 0.276567 0.568681
vt 0.281309 0.568681
vt 0.220341 0.896157
vt 0.210922 0.896157
vt 0.210922 0.568681
vt 0.220341 0.568681
vt 0.276567 0.277916
vt 0.220341 0.277916
vt 0.023149 0.568682
vt 0.023150 0.896158
vt 0.079504 0.277916
vt 0.154568 0.277916
vt 0.281309 0.277916
vt 0.210922 0.277916
vt 0.023149 0.277917
vt 0.276567 0.213521
vt 0.281308 0.213521
vt 0.281308 0.269875
vt 0.276567 0.269875
vt 0.088923 0.277916
vt 0.088923 0.274553
vt 0.145149 0.274553
vt 0.145149 0.277916
vt 0.215599 0.213522
vt 0.220340 0.213522
vt 0.220341 0.269875
vt 0.215599 0.269875
vt 0.276567 0.277916
vt 0.220341 0.277916
vt 0.079504 0.277916
vt 0.154568 0.277916
vt 0.281309 0.277916
vt 0.210922 0.277916
vt 0.145149 0.568681
vt 0.088923 0.568681
vt 0.154568 0.568681
vt 0.210922 0.568681
vt 0.220341 0.568681
vt 0.276567 0.568681
vt 0.281309 0.568681
vt 0.023149 0.277917
vt 0.079504 0.568681
vt 0.023149 0.568682
vt 0.079504 0.568681
vt 0.088923 0.568681
vt 0.088923 0.896157
vt 0.079504 0.896157
vt 0.145149 0.568681
vt 0.154568 0.568681
vt 0.154568 0.896157
vt 0.145149 0.896157
vt 0.281309 0.960551
vt 0.276567 0.960551
vt 0.276567 0.904197
vt 0.281309 0.904197
vt 0.088923 0.899520
vt 0.145149 0.899520
vt 0.220341 0.960552
vt 0.215600 0.960552
vt 0.215599 0.904198
vt 0.220341 0.904198
vt 0.281308 0.896157
vt 0.276567 0.896157
vt 0.276567 0.568681
vt 0.281309 0.568681
vt 0.220341 0.896157
vt 0.210922 0.896157
vt 0.210922 0.568681
vt 0.220341 0.568681
vt 0.023149 0.568682
vt 0.023150 0.896158
vt 0.276567 0.213521
vt 0.281308 0.213521
vt 0.281308 0.269875
vt 0.276567 0.269875
vt 0.088923 0.277916
vt 0.088923 0.274553
vt 0.145149 0.274553
vt 0.145149 0.277916
vt 0.079504 0.568681
vt 0.088923 0.568681
vt 0.088923 0.896157
vt 0.079504 0.896157
vt 0.215599 0.213522
vt 0.220340 0.213522
vt 0.220341 0.269875
vt 0.215599 0.269875
vt 0.145149 0.568681
vt 0.154568 0.568681
vt 0.154568 0.896157
vt 0.145149 0.896157
vt 0.281309 0.960551
vt 0.276567 0.960551
vt 0.276567 0.904197
vt 0.281309 0.904197
vt 0.088923 0.899520
vt 0.145149 0.899520
vt 0.220341 0.960552
vt 0.215600 0.960552
vt 0.215599 0.904198
vt 0.220341 0.904198
vt 0.281308 0.896157
vt 0.276567 0.896157
vt 0.276567 0.568681
vt 0.281309 0.568681
vt 0.220341 0.896157
vt 0.210922 0.896157
vt 0.210922 0.568681
vt 0.220341 0.568681
vt 0.276567 0.277916
vt 0.220341 0.277916
vt 0.023149 0.568682
vt 0.023150 0.896158
vt 0.079504 0.277916
vt 0.154568 0.277916
vt 0.281309 0.277916
vt 0.210922 0.277916
vt 0.023149 0.277917
vt 0.276567 0.213521
vt 0.281308 0.213521
vt 0.281308 0.269875
vt 0.276567 0.269875
vt 0.088923 0.277916
vt 0.088923 0.274553
vt 0.145149 0.274553
vt 0.145149 0.277916
vt 0.079504 0.568681
vt 0.088923 0.568681
vt 0.088923 0.896157
vt 0.079504 0.896157
vt 0.215599 0.213522
vt 0.220340 0.213522
vt 0.220341 0.269875
vt 0.215599 0.269875
vt 0.145149 0.568681
vt 0.154568 0.568681
vt 0.154568 0.896157
vt 0.145149 0.896157
vt 0.281309 0.960551
vt 0.276567 0.960551
vt 0.276567 0.904197
vt 0.281309 0.904197
vt 0.088923 0.899520
vt 0.145149 0.899520
vt 0.220341 0.960552
vt 0.215600 0.960552
vt 0.215599 0.904198
vt 0.220341 0.904198
vt 0.281308 0.896157
vt 0.276567 0.896157
vt 0.276567 0.568681
vt 0.281309 0.568681
vt 0.220341 0.896157
vt 0.210922 0.896157
vt 0.210922 0.568681
vt 0.220341 0.568681
vt 0.276567 0.277916
vt 0.220341 0.277916
vt 0.023149 0.568682
vt 0.023150 0.896158
vt 0.079504 0.277916
vt 0.154568 0.277916
vt 0.281309 0.277916
vt 0.210922 0.277916
vt 0.023149 0.277917
vt 0.276567 0.213521
vt 0.281308 0.213521
vt 0.281308 0.269875
vt 0.276567 0.269875
vt 0.088923 0.277916
vt 0.088923 0.274553
vt 0.145149 0.274553
vt 0.145149 0.277916
vt 0.079504 0.568681
vt 0.088923 0.568681
vt 0.088923 0.896157
vt 0.079504 0.896157
vt 0.215599 0.213522
vt 0.220340 0.213522
vt 0.220341 0.269875
vt 0.215599 0.269875
vt 0.145149 0.568681
vt 0.154568 0.568681
vt 0.154568 0.896157
vt 0.145149 0.896157
vt 0.281309 0.960551
vt 0.276567 0.960551
vt 0.276567 0.904197
vt 0.281309 0.904197
vt 0.088923 0.899520
vt 0.145149 0.899520
vt 0.220341 0.960552
vt 0.215600 0.960552
vt 0.215599 0.904198
vt 0.220341 0.904198
vt 0.281308 0.896157
vt 0.276567 0.896157
vt 0.276567 0.568681
vt 0.281309 0.568681
vt 0.220341 0.896157
vt 0.210922 0.896157
vt 0.210922 0.568681
vt 0.220341 0.568681
vt 0.276567 0.277916
vt 0.220341 0.277916
vt 0.023149 0.568682
vt 0.023150 0.896158
vt 0.079504 0.277916
vt 0.154568 0.277916
vt 0.281309 0.277916
vt 0.210922 0.277916
vt 0.023149 0.277917
vt 0.276567 0.213521
vt 0.281308 0.213521
vt 0.281308 0.269875
vt 0.276567 0.269875
vt 0.088923 0.277916
vt 0.088923 0.274553
vt 0.145149 0.274553
vt 0.145149 0.277916
vt 0.079504 0.568681
vt 0.088923 0.568681
vt 0.088923 0.896157
vt 0.079504 0.896157
vt 0.215599 0.213522
vt 0.220340 0.213522
vt 0.220341 0.269875
vt 0.215599 0.269875
vt 0.145149 0.568681
vt 0.154568 0.568681
vt 0.154568 0.896157
vt 0.145149 0.896157
vt 0.281309 0.960551
vt 0.276567 0.960551
vt 0.276567 0.904197
vt 0.281309 0.904197
vt 0.088923 0.899520
vt 0.145149 0.899520
vt 0.220341 0.960552
vt 0.215600 0.960552
vt 0.215599 0.904198
vt 0.220341 0.904198
vt 0.281308 0.896157
vt 0.276567 0.896157
vt 0.276567 0.568681
vt 0.281309 0.568681
vt 0.220341 0.896157
vt 0.210922 0.896157
vt 0.210922 0.568681
vt 0.220341 0.568681
vt 0.276567 0.277916
vt 0.220341 0.277916
vt 0.023149 0.568682
vt 0.023150 0.896158
vt 0.079504 0.277916
vt 0.154568 0.277916
vt 0.281309 0.277916
vt 0.210922 0.277916
vt 0.023149 0.277917
vt 0.276567 0.213521
vt 0.281308 0.213521
vt 0.281308 0.269875
vt 0.276567 0.269875
vt 0.088923 0.277916
vt 0.088923 0.274553
vt 0.145149 0.274553
vt 0.145149 0.277916
vt 0.079504 0.568681
vt 0.088923 0.568681
vt 0.088923 0.896157
vt 0.079504 0.896157
vt 0.215599 0.213522
vt 0.220340 0.213522
vt 0.220341 0.269875
vt 0.215599 0.269875
vt 0.145149 0.568681
vt 0.154568 0.568681
vt 0.154568 0.896157
vt 0.145149 0.896157
vt 0.281309 0.960551
vt 0.276567 0.960551
vt 0.276567 0.904197
vt 0.281309 0.904197
vt 0.088923 0.899520
vt 0.145149 0.899520
vt 0.220341 0.960552
vt 0.215600 0.960552
vt 0.215599 0.904198
vt 0.220341 0.904198
vt 0.281308 0.896157
vt 0.276567 0.896157
vt 0.276567 0.568681
vt 0.281309 0.568681
vt 0.220341 0.896157
vt 0.210922 0.896157
vt 0.210922 0.568681
vt 0.220341 0.568681
vt 0.276567 0.277916
vt 0.220341 0.277916
vt 0.023149 0.568682
vt 0.023150 0.896158
vt 0.079504 0.277916
vt 0.154568 0.277916
vt 0.281309 0.277916
vt 0.210922 0.277916
vt 0.023149 0.277917
vt 0.276567 0.213521
vt 0.281308 0.213521
vt 0.281308 0.269875
vt 0.276567 0.269875
vt 0.088923 0.277916
vt 0.088923 0.274553
vt 0.145149 0.274553
vt 0.145149 0.277916
vt 0.079504 0.568681
vt 0.088923 0.568681
vt 0.088923 0.896157
vt 0.079504 0.896157
vt 0.215599 0.213522
vt 0.220340 0.213522
vt 0.220341 0.269875
vt 0.215599 0.269875
vt 0.145149 0.568681
vt 0.154568 0.568681
vt 0.154568 0.896157
vt 0.145149 0.896157
vt 0.281309 0.960551
vt 0.276567 0.960551
vt 0.276567 0.904197
vt 0.281309 0.904197
vt 0.088923 0.899520
vt 0.145149 0.899520
vt 0.220341 0.960552
vt 0.215600 0.960552
vt 0.215599 0.904198
vt 0.220341 0.904198
vt 0.281308 0.896157
vt 0.276567 0.896157
vt 0.276567 0.568681
vt 0.281309 0.568681
vt 0.220341 0.896157
vt 0.210922 0.896157
vt 0.210922 0.568681
vt 0.220341 0.568681
vt 0.276567 0.277916
vt 0.220341 0.277916
vt 0.023149 0.568682
vt 0.023150 0.896158
vt 0.079504 0.277916
vt 0.154568 0.277916
vt 0.281309 0.277916
vt 0.210922 0.277916
vt 0.023149 0.277917
vt 0.079504 0.568681
vt 0.088923 0.568681
vt 0.088923 0.896157
vt 0.079504 0.896157
vt 0.145149 0.568681
vt 0.154568 0.568681
vt 0.154568 0.896157
vt 0.145149 0.896157
vt 0.281309 0.960551
vt 0.276567 0.960551
vt 0.276567 0.904197
vt 0.281309 0.904197
vt 0.088923 0.899520
vt 0.145149 0.899520
vt 0.220341 0.960552
vt 0.215600 0.960552
vt 0.215599 0.904198
vt 0.220341 0.904198
vt 0.281308 0.896157
vt 0.276567 0.896157
vt 0.276567 0.568681
vt 0.281309 0.568681
vt 0.220341 0.896157
vt 0.210922 0.896157
vt 0.210922 0.568681
vt 0.220341 0.568681
vt 0.023149 0.568682
vt 0.023150 0.896158
vt 0.079504 0.568681
vt 0.088923 0.568681
vt 0.088923 0.896157
vt 0.079504 0.896157
vt 0.145149 0.568681
vt 0.154568 0.568681
vt 0.154568 0.896157
vt 0.145149 0.896157
vt 0.281309 0.960551
vt 0.276567 0.960551
vt 0.276567 0.904197
vt 0.281309 0.904197
vt 0.088923 0.899520
vt 0.145149 0.899520
vt 0.220341 0.960552
vt 0.215600 0.960552
vt 0.215599 0.904198
vt 0.220341 0.904198
vt 0.281308 0.896157
vt 0.276567 0.896157
vt 0.276567 0.568681
vt 0.281309 0.568681
vt 0.220341 0.896157
vt 0.210922 0.896157
vt 0.210922 0.568681
vt 0.220341 0.568681
vt 0.023149 0.568682
vt 0.023150 0.896158
vt 0.276567 0.213521
vt 0.281308 0.213521
vt 0.281308 0.269875
vt 0.276567 0.269875
vt 0.088923 0.277916
vt 0.088923 0.274553
vt 0.145149 0.274553
vt 0.145149 0.277916
vt 0.079504 0.568681
vt 0.088923 0.568681
vt 0.088923 0.896157
vt 0.079504 0.896157
vt 0.215599 0.213522
vt 0.220340 0.213522
vt 0.220341 0.269875
vt 0.215599 0.269875
vt 0.145149 0.568681
vt 0.154568 0.568681
vt 0.154568 0.896157
vt 0.145149 0.896157
vt 0.281309 0.960551
vt 0.276567 0.960551
vt 0.276567 0.904197
vt 0.281309 0.904197
vt 0.088923 0.899520
vt 0.145149 0.899520
vt 0.220341 0.960552
vt 0.215600 0.960552
vt 0.215599 0.904198
vt 0.220341 0.904198
vt 0.281308 0.896157
vt 0.276567 0.896157
vt 0.276567 0.568681
vt 0.281309 0.568681
vt 0.220341 0.896157
vt 0.210922 0.896157
vt 0.210922 0.568681
vt 0.220341 0.568681
vt 0.276567 0.277916
vt 0.220341 0.277916
vt 0.023149 0.568682
vt 0.023150 0.896158
vt 0.079504 0.277916
vt 0.154568 0.277916
vt 0.281309 0.277916
vt 0.210922 0.277916
vt 0.023149 0.277917
vt 0.079504 0.568681
vt 0.088923 0.568681
vt 0.088923 0.896157
vt 0.079504 0.896157
vt 0.145149 0.568681
vt 0.154568 0.568681
vt 0.154568 0.896157
vt 0.145149 0.896157
vt 0.281309 0.960551
vt 0.276567 0.960551
vt 0.276567 0.904197
vt 0.281309 0.904197
vt 0.088923 0.899520
vt 0.145149 0.899520
vt 0.220341 0.960552
vt 0.215600 0.960552
vt 0.215599 0.904198
vt 0.220341 0.904198
vt 0.281308 0.896157
vt 0.276567 0.896157
vt 0.276567 0.568681
vt 0.281309 0.568681
vt 0.220341 0.896157
vt 0.210922 0.896157
vt 0.210922 0.568681
vt 0.220341 0.568681
vt 0.023149 0.568682
vt 0.023150 0.896158
vt 0.276567 0.213521
vt 0.281308 0.213521
vt 0.281308 0.269875
vt 0.276567 0.269875
vt 0.088923 0.277916
vt 0.088923 0.274553
vt 0.145149 0.274553
vt 0.145149 0.277916
vt 0.079504 0.568681
vt 0.088923 0.568681
vt 0.088923 0.896157
vt 0.079504 0.896157
vt 0.215599 0.213522
vt 0.220340 0.213522
vt 0.220341 0.269875
vt 0.215599 0.269875
vt 0.145149 0.568681
vt 0.154568 0.568681
vt 0.154568 0.896157
vt 0.145149 0.896157
vt 0.281309 0.960551
vt 0.276567 0.960551
vt 0.276567 0.904197
vt 0.281309 0.904197
vt 0.088923 0.899520
vt 0.145149 0.899520
vt 0.220341 0.960552
vt 0.215600 0.960552
vt 0.215599 0.904198
vt 0.220341 0.904198
vt 0.281308 0.896157
vt 0.276567 0.896157
vt 0.276567 0.568681
vt 0.281309 0.568681
vt 0.220341 0.896157
vt 0.210922 0.896157
vt 0.210922 0.568681
vt 0.220341 0.568681
vt 0.276567 0.277916
vt 0.220341 0.277916
vt 0.023149 0.568682
vt 0.023150 0.896158
vt 0.079504 0.277916
vt 0.154568 0.277916
vt 0.281309 0.277916
vt 0.210922 0.277916
vt 0.023149 0.277917
vt 0.079504 0.568681
vt 0.088923 0.568681
vt 0.088923 0.896157
vt 0.079504 0.896157
vt 0.145149 0.568681
vt 0.154568 0.568681
vt 0.154568 0.896157
vt 0.145149 0.896157
vt 0.281309 0.960551
vt 0.276567 0.960551
vt 0.276567 0.904197
vt 0.281309 0.904197
vt 0.088923 0.899520
vt 0.145149 0.899520
vt 0.220341 0.960552
vt 0.215600 0.960552
vt 0.215599 0.904198
vt 0.220341 0.904198
vt 0.281308 0.896157
vt 0.276567 0.896157
vt 0.276567 0.568681
vt 0.281309 0.568681
vt 0.220341 0.896157
vt 0.210922 0.896157
vt 0.210922 0.568681
vt 0.220341 0.568681
vt 0.023149 0.568682
vt 0.023150 0.896158
vt 0.079504 0.568681
vt 0.088923 0.568681
vt 0.088923 0.896157
vt 0.079504 0.896157
vt 0.145149 0.568681
vt 0.154568 0.568681
vt 0.154568 0.896157
vt 0.145149 0.896157
vt 0.281309 0.960551
vt 0.276567 0.960551
vt 0.276567 0.904197
vt 0.281309 0.904197
vt 0.088923 0.899520
vt 0.145149 0.899520
vt 0.220341 0.960552
vt 0.215600 0.960552
vt 0.215599 0.904198
vt 0.220341 0.904198
vt 0.281308 0.896157
vt 0.276567 0.896157
vt 0.276567 0.568681
vt 0.281309 0.568681
vt 0.220341 0.896157
vt 0.210922 0.896157
vt 0.210922 0.568681
vt 0.220341 0.568681
vt 0.023149 0.568682
vt 0.023150 0.896158
vt 0.276567 0.213521
vt 0.281308 0.213521
vt 0.281308 0.269875
vt 0.276567 0.269875
vt 0.088923 0.277916
vt 0.088923 0.274553
vt 0.145149 0.274553
vt 0.145149 0.277916
vt 0.215599 0.213522
vt 0.220340 0.213522
vt 0.220341 0.269875
vt 0.215599 0.269875
vt 0.276567 0.277916
vt 0.220341 0.277916
vt 0.079504 0.277916
vt 0.154568 0.277916
vt 0.281309 0.277916
vt 0.210922 0.277916
vt 0.145149 0.568681
vt 0.088923 0.568681
vt 0.154568 0.568681
vt 0.210922 0.568681
vt 0.220341 0.568681
vt 0.276567 0.568681
vt 0.281309 0.568681
vt 0.023149 0.277917
vt 0.079504 0.568681
vt 0.023149 0.568682
vt 0.276567 0.213521
vt 0.281308 0.213521
vt 0.281308 0.269875
vt 0.276567 0.269875
vt 0.088923 0.277916
vt 0.088923 0.274553
vt 0.145149 0.274553
vt 0.145149 0.277916
vt 0.079504 0.568681
vt 0.088923 0.568681
vt 0.088923 0.896157
vt 0.079504 0.896157
vt 0.215599 0.213522
vt 0.220340 0.213522
vt 0.220341 0.269875
vt 0.215599 0.269875
vt 0.145149 0.568681
vt 0.154568 0.568681
vt 0.154568 0.896157
vt 0.145149 0.896157
vt 0.281309 0.960551
vt 0.276567 0.960551
vt 0.276567 0.904197
vt 0.281309 0.904197
vt 0.088923 0.899520
vt 0.145149 0.899520
vt 0.220341 0.960552
vt 0.215600 0.960552
vt 0.215599 0.904198
vt 0.220341 0.904198
vt 0.281308 0.896157
vt 0.276567 0.896157
vt 0.276567 0.568681
vt 0.281309 0.568681
vt 0.220341 0.896157
vt 0.210922 0.896157
vt 0.210922 0.568681
vt 0.220341 0.568681
vt 0.276567 0.277916
vt 0.220341 0.277916
vt 0.023149 0.568682
vt 0.023150 0.896158
vt 0.079504 0.277916
vt 0.154568 0.277916
vt 0.281309 0.277916
vt 0.210922 0.277916
vt 0.023149 0.277917
vt 0.276567 0.213521
vt 0.281308 0.213521
vt 0.281308 0.269875
vt 0.276567 0.269875
vt 0.088923 0.277916
vt 0.088923 0.274553
vt 0.145149 0.274553
vt 0.145149 0.277916
vt 0.079504 0.568681
vt 0.088923 0.568681
vt 0.088923 0.896157
vt 0.079504 0.896157
vt 0.215599 0.213522
vt 0.220340 0.213522
vt 0.220341 0.269875
vt 0.215599 0.269875
vt 0.145149 0.568681
vt 0.154568 0.568681
vt 0.154568 0.896157
vt 0.145149 0.896157
vt 0.281309 0.960551
vt 0.276567 0.960551
vt 0.276567 0.904197
vt 0.281309 0.904197
vt 0.088923 0.899520
vt 0.145149 0.899520
vt 0.220341 0.960552
vt 0.215600 0.960552
vt 0.215599 0.904198
vt 0.220341 0.904198
vt 0.281308 0.896157
vt 0.276567 0.896157
vt 0.276567 0.568681
vt 0.281309 0.568681
vt 0.220341 0.896157
vt 0.210922 0.896157
vt 0.210922 0.568681
vt 0.220341 0.568681
vt 0.276567 0.277916
vt 0.220341 0.277916
vt 0.023149 0.568682
vt 0.023150 0.896158
vt 0.079504 0.277916
vt 0.154568 0.277916
vt 0.281309 0.277916
vt 0.210922 0.277916
vt 0.023149 0.277917
vt 0.079504 0.568681
vt 0.088923 0.568681
vt 0.088923 0.896157
vt 0.079504 0.896157
vt 0.145149 0.568681
vt 0.154568 0.568681
vt 0.154568 0.896157
vt 0.145149 0.896157
vt 0.281309 0.960551
vt 0.276567 0.960551
vt 0.276567 0.904197
vt 0.281309 0.904197
vt 0.088923 0.899520
vt 0.145149 0.899520
vt 0.220341 0.960552
vt 0.215600 0.960552
vt 0.215599 0.904198
vt 0.220341 0.904198
vt 0.281308 0.896157
vt 0.276567 0.896157
vt 0.276567 0.568681
vt 0.281309 0.568681
vt 0.220341 0.896157
vt 0.210922 0.896157
vt 0.210922 0.568681
vt 0.220341 0.568681
vt 0.023149 0.568682
vt 0.023150 0.896158
vt 0.276567 0.213521
vt 0.281308 0.213521
vt 0.281308 0.269875
vt 0.276567 0.269875
vt 0.088923 0.277916
vt 0.088923 0.274553
vt 0.145149 0.274553
vt 0.145149 0.277916
vt 0.079504 0.568681
vt 0.088923 0.568681
vt 0.088923 0.896157
vt 0.079504 0.896157
vt 0.215599 0.213522
vt 0.220340 0.213522
vt 0.220341 0.269875
vt 0.215599 0.269875
vt 0.145149 0.568681
vt 0.154568 0.568681
vt 0.154568 0.896157
vt 0.145149 0.896157
vt 0.281309 0.960551
vt 0.276567 0.960551
vt 0.276567 0.904197
vt 0.281309 0.904197
vt 0.088923 0.899520
vt 0.145149 0.899520
vt 0.220341 0.960552
vt 0.215600 0.960552
vt 0.215599 0.904198
vt 0.220341 0.904198
vt 0.281308 0.896157
vt 0.276567 0.896157
vt 0.276567 0.568681
vt 0.281309 0.568681
vt 0.220341 0.896157
vt 0.210922 0.896157
vt 0.210922 0.568681
vt 0.220341 0.568681
vt 0.276567 0.277916
vt 0.220341 0.277916
vt 0.023149 0.568682
vt 0.023150 0.896158
vt 0.079504 0.277916
vt 0.154568 0.277916
vt 0.281309 0.277916
vt 0.210922 0.277916
vt 0.023149 0.277917
vt 0.276567 0.213521
vt 0.281308 0.213521
vt 0.281308 0.269875
vt 0.276567 0.269875
vt 0.088923 0.277916
vt 0.088923 0.274553
vt 0.145149 0.274553
vt 0.145149 0.277916
vt 0.079504 0.568681
vt 0.088923 0.568681
vt 0.088923 0.896157
vt 0.079504 0.896157
vt 0.215599 0.213522
vt 0.220340 0.213522
vt 0.220341 0.269875
vt 0.215599 0.269875
vt 0.145149 0.568681
vt 0.154568 0.568681
vt 0.154568 0.896157
vt 0.145149 0.896157
vt 0.281309 0.960551
vt 0.276567 0.960551
vt 0.276567 0.904197
vt 0.281309 0.904197
vt 0.088923 0.899520
vt 0.145149 0.899520
vt 0.220341 0.960552
vt 0.215600 0.960552
vt 0.215599 0.904198
vt 0.220341 0.904198
vt 0.281308 0.896157
vt 0.276567 0.896157
vt 0.276567 0.568681
vt 0.281309 0.568681
vt 0.220341 0.896157
vt 0.210922 0.896157
vt 0.210922 0.568681
vt 0.220341 0.568681
vt 0.276567 0.277916
vt 0.220341 0.277916
vt 0.023149 0.568682
vt 0.023150 0.896158
vt 0.079504 0.277916
vt 0.154568 0.277916
vt 0.281309 0.277916
vt 0.210922 0.277916
vt 0.023149 0.277917
vt 0.079504 0.568681
vt 0.088923 0.568681
vt 0.088923 0.896157
vt 0.079504 0.896157
vt 0.145149 0.568681
vt 0.154568 0.568681
vt 0.154568 0.896157
vt 0.145149 0.896157
vt 0.281309 0.960551
vt 0.276567 0.960551
vt 0.276567 0.904197
vt 0.281309 0.904197
vt 0.088923 0.899520
vt 0.145149 0.899520
vt 0.220341 0.960552
vt 0.215600 0.960552
vt 0.215599 0.904198
vt 0.220341 0.904198
vt 0.281308 0.896157
vt 0.276567 0.896157
vt 0.276567 0.568681
vt 0.281309 0.568681
vt 0.220341 0.896157
vt 0.210922 0.896157
vt 0.210922 0.568681
vt 0.220341 0.568681
vt 0.023149 0.568682
vt 0.023150 0.896158
vt 0.276567 0.213521
vt 0.281308 0.213521
vt 0.281308 0.269875
vt 0.276567 0.269875
vt 0.088923 0.277916
vt 0.088923 0.274553
vt 0.145149 0.274553
vt 0.145149 0.277916
vt 0.079504 0.568681
vt 0.088923 0.568681
vt 0.088923 0.896157
vt 0.079504 0.896157
vt 0.215599 0.213522
vt 0.220340 0.213522
vt 0.220341 0.269875
vt 0.215599 0.269875
vt 0.145149 0.568681
vt 0.154568 0.568681
vt 0.154568 0.896157
vt 0.145149 0.896157
vt 0.281309 0.960551
vt 0.276567 0.960551
vt 0.276567 0.904197
vt 0.281309 0.904197
vt 0.088923 0.899520
vt 0.145149 0.899520
vt 0.220341 0.960552
vt 0.215600 0.960552
vt 0.215599 0.904198
vt 0.220341 0.904198
vt 0.281308 0.896157
vt 0.276567 0.896157
vt 0.276567 0.568681
vt 0.281309 0.568681
vt 0.220341 0.896157
vt 0.210922 0.896157
vt 0.210922 0.568681
vt 0.220341 0.568681
vt 0.276567 0.277916
vt 0.220341 0.277916
vt 0.023149 0.568682
vt 0.023150 0.896158
vt 0.079504 0.277916
vt 0.154568 0.277916
vt 0.281309 0.277916
vt 0.210922 0.277916
vt 0.023149 0.277917
vt 0.276567 0.213521
vt 0.281308 0.213521
vt 0.281308 0.269875
vt 0.276567 0.269875
vt 0.088923 0.277916
vt 0.088923 0.274553
vt 0.145149 0.274553
vt 0.145149 0.277916
vt 0.079504 0.568681
vt 0.088923 0.568681
vt 0.088923 0.896157
vt 0.079504 0.896157
vt 0.215599 0.213522
vt 0.220340 0.213522
vt 0.220341 0.269875
vt 0.215599 0.269875
vt 0.145149 0.568681
vt 0.154568 0.568681
vt 0.154568 0.896157
vt 0.145149 0.896157
vt 0.281309 0.960551
vt 0.276567 0.960551
vt 0.276567 0.904197
vt 0.281309 0.904197
vt 0.088923 0.899520
vt 0.145149 0.899520
vt 0.220341 0.960552
vt 0.215600 0.960552
vt 0.215599 0.904198
vt 0.220341 0.904198
vt 0.281308 0.896157
vt 0.276567 0.896157
vt 0.276567 0.568681
vt 0.281309 0.568681
vt 0.220341 0.896157
vt 0.210922 0.896157
vt 0.210922 0.568681
vt 0.220341 0.568681
vt 0.276567 0.277916
vt 0.220341 0.277916
vt 0.023149 0.568682
vt 0.023150 0.896158
vt 0.079504 0.277916
vt 0.154568 0.277916
vt 0.281309 0.277916
vt 0.210922 0.277916
vt 0.023149 0.277917
vt 0.079504 0.568681
vt 0.088923 0.568681
vt 0.088923 0.896157
vt 0.079504 0.896157
vt 0.145149 0.568681
vt 0.154568 0.568681
vt 0.154568 0.896157
vt 0.145149 0.896157
vt 0.281309 0.960551
vt 0.276567 0.960551
vt 0.276567 0.904197
vt 0.281309 0.904197
vt 0.088923 0.899520
vt 0.145149 0.899520
vt 0.220341 0.960552
vt 0.215600 0.960552
vt 0.215599 0.904198
vt 0.220341 0.904198
vt 0.281308 0.896157
vt 0.276567 0.896157
vt 0.276567 0.568681
vt 0.281309 0.568681
vt 0.220341 0.896157
vt 0.210922 0.896157
vt 0.210922 0.568681
vt 0.220341 0.568681
vt 0.023149 0.568682
vt 0.023150 0.896158
vt 0.276567 0.213521
vt 0.281308 0.213521
vt 0.281308 0.269875
vt 0.276567 0.269875
vt 0.088923 0.277916
vt 0.088923 0.274553
vt 0.145149 0.274553
vt 0.145149 0.277916
vt 0.215599 0.213522
vt 0.220340 0.213522
vt 0.220341 0.269875
vt 0.215599 0.269875
vt 0.276567 0.277916
vt 0.220341 0.277916
vt 0.079504 0.277916
vt 0.154568 0.277916
vt 0.281309 0.277916
vt 0.210922 0.277916
vt 0.145149 0.568681
vt 0.088923 0.568681
vt 0.154568 0.568681
vt 0.210922 0.568681
vt 0.220341 0.568681
vt 0.276567 0.568681
vt 0.281309 0.568681
vt 0.023149 0.277917
vt 0.079504 0.568681
vt 0.023149 0.568682
vt 0.079504 0.568681
vt 0.088923 0.568681
vt 0.088923 0.896157
vt 0.079504 0.896157
vt 0.145149 0.568681
vt 0.154568 0.568681
vt 0.154568 0.896157
vt 0.145149 0.896157
vt 0.281309 0.960551
vt 0.276567 0.960551
vt 0.276567 0.904197
vt 0.281309 0.904197
vt 0.088923 0.899520
vt 0.145149 0.899520
vt 0.220341 0.960552
vt 0.215600 0.960552
vt 0.215599 0.904198
vt 0.220341 0.904198
vt 0.281308 0.896157
vt 0.276567 0.896157
vt 0.276567 0.568681
vt 0.281309 0.568681
vt 0.220341 0.896157
vt 0.210922 0.896157
vt 0.210922 0.568681
vt 0.220341 0.568681
vt 0.023149 0.568682
vt 0.023150 0.896158
vt 0.276567 0.213521
vt 0.281308 0.213521
vt 0.281308 0.269875
vt 0.276567 0.269875
vt 0.088923 0.277916
vt 0.088923 0.274553
vt 0.145149 0.274553
vt 0.145149 0.277916
vt 0.215599 0.213522
vt 0.220340 0.213522
vt 0.220341 0.269875
vt 0.215599 0.269875
vt 0.276567 0.277916
vt 0.220341 0.277916
vt 0.079504 0.277916
vt 0.154568 0.277916
vt 0.281309 0.277916
vt 0.210922 0.277916
vt 0.145149 0.568681
vt 0.088923 0.568681
vt 0.154568 0.568681
vt 0.210922 0.568681
vt 0.220341 0.568681
vt 0.276567 0.568681
vt 0.281309 0.568681
vt 0.023149 0.277917
vt 0.079504 0.568681
vt 0.023149 0.568682
vt 0.379249 0.163914
vt 0.403904 0.163915
vt 0.403904 0.540612
vt 0.379249 0.540613
vt 0.378863 0.561705
vt 0.294202 0.561702
vt 0.294203 0.540612
vt 0.519471 0.540612
vt 0.487805 0.540612
vt 0.487805 0.163915
vt 0.519471 0.163915
vt 0.294202 0.163916
vt 0.294202 0.142826
vt 0.378863 0.142823
vt 0.379249 0.163914
vt 0.403904 0.163915
vt 0.403904 0.540612
vt 0.379249 0.540613
vt 0.378863 0.561705
vt 0.294202 0.561702
vt 0.294203 0.540612
vt 0.519471 0.540612
vt 0.487805 0.540612
vt 0.487805 0.163915
vt 0.519471 0.163915
vt 0.294202 0.163916
vt 0.294202 0.142826
vt 0.378863 0.142823
vt 0.276567 0.213521
vt 0.281308 0.213521
vt 0.281308 0.269875
vt 0.276567 0.269875
vt 0.088923 0.277916
vt 0.088923 0.274553
vt 0.145149 0.274553
vt 0.145149 0.277916
vt 0.079504 0.568681
vt 0.088923 0.568681
vt 0.088923 0.896157
vt 0.079504 0.896157
vt 0.215599 0.213522
vt 0.220340 0.213522
vt 0.220341 0.269875
vt 0.215599 0.269875
vt 0.145149 0.568681
vt 0.154568 0.568681
vt 0.154568 0.896157
vt 0.145149 0.896157
vt 0.281309 0.960551
vt 0.276567 0.960551
vt 0.276567 0.904197
vt 0.281309 0.904197
vt 0.088923 0.899520
vt 0.145149 0.899520
vt 0.220341 0.960552
vt 0.215600 0.960552
vt 0.215599 0.904198
vt 0.220341 0.904198
vt 0.281308 0.896157
vt 0.276567 0.896157
vt 0.276567 0.568681
vt 0.281309 0.568681
vt 0.220341 0.896157
vt 0.210922 0.896157
vt 0.210922 0.568681
vt 0.220341 0.568681
vt 0.276567 0.277916
vt 0.220341 0.277916
vt 0.023149 0.568682
vt 0.023150 0.896158
vt 0.079504 0.277916
vt 0.154568 0.277916
vt 0.281309 0.277916
vt 0.210922 0.277916
vt 0.023149 0.277917
vt 0.379249 0.163914
vt 0.403904 0.163915
vt 0.403904 0.540612
vt 0.379249 0.540613
vt 0.378863 0.561705
vt 0.294202 0.561702
vt 0.294203 0.540612
vt 0.519471 0.540612
vt 0.487805 0.540612
vt 0.487805 0.163915
vt 0.519471 0.163915
vt 0.294202 0.163916
vt 0.294202 0.142826
vt 0.378863 0.142823
vt 0.379249 0.163914
vt 0.403904 0.163915
vt 0.403904 0.540612
vt 0.379249 0.540613
vt 0.378863 0.561705
vt 0.294202 0.561702
vt 0.294203 0.540612
vt 0.519471 0.540612
vt 0.487805 0.540612
vt 0.487805 0.163915
vt 0.519471 0.163915
vt 0.294202 0.163916
vt 0.294202 0.142826
vt 0.378863 0.142823
vt 0.379249 0.163914
vt 0.403904 0.163915
vt 0.403904 0.540612
vt 0.379249 0.540613
vt 0.378863 0.561705
vt 0.294202 0.561702
vt 0.294203 0.540612
vt 0.519471 0.540612
vt 0.487805 0.540612
vt 0.487805 0.163915
vt 0.519471 0.163915
vt 0.294202 0.163916
vt 0.294202 0.142826
vt 0.378863 0.142823
vt 0.276567 0.213521
vt 0.281308 0.213521
vt 0.281308 0.269875
vt 0.276567 0.269875
vt 0.088923 0.277916
vt 0.088923 0.274553
vt 0.145149 0.274553
vt 0.145149 0.277916
vt 0.079504 0.568681
vt 0.088923 0.568681
vt 0.088923 0.896157
vt 0.079504 0.896157
vt 0.215599 0.213522
vt 0.220340 0.213522
vt 0.220341 0.269875
vt 0.215599 0.269875
vt 0.145149 0.568681
vt 0.154568 0.568681
vt 0.154568 0.896157
vt 0.145149 0.896157
vt 0.281309 0.960551
vt 0.276567 0.960551
vt 0.276567 0.904197
vt 0.281309 0.904197
vt 0.088923 0.899520
vt 0.145149 0.899520
vt 0.220341 0.960552
vt 0.215600 0.960552
vt 0.215599 0.904198
vt 0.220341 0.904198
vt 0.281308 0.896157
vt 0.276567 0.896157
vt 0.276567 0.568681
vt 0.281309 0.568681
vt 0.220341 0.896157
vt 0.210922 0.896157
vt 0.210922 0.568681
vt 0.220341 0.568681
vt 0.276567 0.277916
vt 0.220341 0.277916
vt 0.023149 0.568682
vt 0.023150 0.896158
vt 0.079504 0.277916
vt 0.154568 0.277916
vt 0.281309 0.277916
vt 0.210922 0.277916
vt 0.023149 0.277917
vn 0.071447 0.068633 -0.995080
vn 0.100025 -0.984708 -0.142636
vn -0.052271 -0.988383 -0.142715
vn -0.073645 0.065132 -0.995155
vn 0.998561 -0.052097 -0.012728
vn 0.071447 0.068633 -0.995080
vn 0.067916 0.214512 -0.974357
vn 0.994859 0.100870 0.009002
vn 0.100015 -0.985065 -0.140160
vn 0.998570 -0.052440 -0.010353
vn 0.998578 -0.052789 -0.007510
vn 0.099994 -0.985483 -0.137203
vn 0.052256 0.989087 0.137755
vn 0.067916 0.214512 -0.974357
vn -0.077176 0.211011 -0.974432
vn -0.100039 0.985412 0.137676
vn 0.994868 0.100538 0.011378
vn 0.052246 0.988739 0.140232
vn 0.052225 0.988317 0.143188
vn 0.994878 0.100082 0.014206
vn 0.099994 -0.985483 -0.137203
vn 0.077176 -0.211011 0.974432
vn -0.067916 -0.214512 0.974357
vn -0.052208 -0.989155 -0.137282
vn 0.077176 -0.211011 0.974432
vn 0.998578 -0.052789 -0.007510
vn 0.994878 0.100082 0.014206
vn 0.073645 -0.065132 0.995155
vn 0.073645 -0.065132 0.995155
vn 0.052225 0.988317 0.143188
vn -0.099977 0.984644 0.143110
vn -0.071447 -0.068633 0.995080
vn -0.052208 -0.989155 -0.137282
vn -0.994861 -0.100885 -0.008541
vn -0.994868 -0.100537 -0.011384
vn -0.052246 -0.988738 -0.140238
vn -0.994861 -0.100885 -0.008541
vn -0.067916 -0.214512 0.974357
vn -0.071447 -0.068633 0.995080
vn -0.998561 0.051983 0.013175
vn -0.998561 0.051983 0.013175
vn -0.099977 0.984644 0.143110
vn -0.100015 0.985065 0.140154
vn -0.998571 0.052440 0.010347
vn -0.073645 0.065132 -0.995155
vn -0.994873 -0.100195 -0.013759
vn -0.998575 0.052773 0.007972
vn -0.077176 0.211011 -0.974432
vn 0.998570 -0.052440 -0.010353
vn 0.994868 0.100538 0.011378
vn 0.994878 0.100082 0.014206
vn 0.998578 -0.052789 -0.007510
vn 0.077176 -0.211011 0.974432
vn 0.073645 -0.065132 0.995155
vn -0.071447 -0.068633 0.995080
vn -0.067916 -0.214512 0.974357
vn -0.994861 -0.100885 -0.008541
vn -0.998561 0.051983 0.013175
vn -0.998571 0.052440 0.010347
vn -0.994868 -0.100537 -0.011384
vn -0.073645 0.065132 -0.995155
vn -0.077176 0.211011 -0.974432
vn 0.067916 0.214512 -0.974357
vn 0.071447 0.068633 -0.995080
vn 0.052246 0.988739 0.140232
vn -0.100015 0.985065 0.140154
vn -0.099977 0.984644 0.143110
vn 0.052225 0.988317 0.143188
vn -0.052246 -0.988738 -0.140238
vn 0.100015 -0.985065 -0.140160
vn 0.099994 -0.985483 -0.137203
vn -0.052208 -0.989155 -0.137282
vn 0.071447 0.068633 -0.995080
vn 0.998561 -0.052097 -0.012728
vn 0.100025 -0.984708 -0.142636
vn 0.052256 0.989087 0.137755
vn 0.994859 0.100870 0.009002
vn 0.067916 0.214512 -0.974357
vn 0.099994 -0.985483 -0.137203
vn 0.998578 -0.052789 -0.007510
vn 0.077176 -0.211011 0.974432
vn 0.073645 -0.065132 0.995155
vn 0.994878 0.100082 0.014206
vn 0.052225 0.988317 0.143188
vn -0.052208 -0.989155 -0.137282
vn -0.067916 -0.214512 0.974357
vn -0.994861 -0.100885 -0.008541
vn -0.998561 0.051983 0.013175
vn -0.071447 -0.068633 0.995080
vn -0.099977 0.984644 0.143110
vn -0.052271 -0.988383 -0.142715
vn -0.994873 -0.100195 -0.013759
vn -0.073645 0.065132 -0.995155
vn -0.077176 0.211011 -0.974432
vn -0.998575 0.052773 0.007972
vn -0.100039 0.985412 0.137676
vn 0.998561 -0.052097 -0.012728
vn 0.994859 0.100870 0.009002
vn 0.994868 0.100538 0.011378
vn 0.998570 -0.052440 -0.010353
vn 0.994859 0.100870 0.009002
vn 0.052256 0.989087 0.137755
vn 0.052246 0.988739 0.140232
vn 0.994868 0.100538 0.011378
vn 0.052256 0.989087 0.137755
vn -0.100039 0.985412 0.137676
vn -0.100015 0.985065 0.140154
vn 0.052246 0.988739 0.140232
vn -0.998571 0.052440 0.010347
vn -0.100015 0.985065 0.140154
vn -0.100039 0.985412 0.137676
vn -0.998575 0.052773 0.007972
vn -0.994868 -0.100537 -0.011384
vn -0.998571 0.052440 0.010347
vn -0.998575 0.052773 0.007972
vn -0.994873 -0.100195 -0.013759
vn -0.052246 -0.988738 -0.140238
vn -0.994868 -0.100537 -0.011384
vn -0.994873 -0.100195 -0.013759
vn -0.052271 -0.988383 -0.142715
vn -0.052271 -0.988383 -0.142715
vn 0.100025 -0.984708 -0.142636
vn 0.100015 -0.985065 -0.140160
vn -0.052246 -0.988738 -0.140238
vn 0.100025 -0.984708 -0.142636
vn 0.998561 -0.052097 -0.012728
vn 0.998570 -0.052440 -0.010353
vn 0.100015 -0.985065 -0.140160
vn 0.120902 -0.688515 0.715074
vn 0.089659 0.656896 0.748632
vn -0.069737 0.654018 0.753258
vn -0.054334 -0.691678 0.720159
vn 0.997486 0.065154 0.027880
vn 0.120902 -0.688515 0.715074
vn 0.119215 -0.800595 0.587227
vn 0.996021 -0.032153 -0.083116
vn 0.069879 -0.657275 -0.750404
vn 0.119215 -0.800595 0.587227
vn -0.056021 -0.803759 0.592312
vn -0.089518 -0.660152 -0.745778
vn -0.054334 -0.691678 0.720159
vn -0.995891 0.029169 0.085730
vn -0.997356 -0.068138 -0.025266
vn -0.056021 -0.803759 0.592312
vn -0.054334 -0.691678 0.720159
vn -0.056021 -0.803759 0.592312
vn 0.119215 -0.800595 0.587227
vn 0.120902 -0.688515 0.715074
vn 0.120902 -0.688515 0.715074
vn 0.997486 0.065154 0.027880
vn 0.089659 0.656896 0.748632
vn 0.069879 -0.657275 -0.750404
vn 0.996021 -0.032153 -0.083116
vn 0.119215 -0.800595 0.587227
vn -0.069737 0.654018 0.753258
vn -0.995891 0.029169 0.085730
vn -0.054334 -0.691678 0.720159
vn -0.056021 -0.803759 0.592312
vn -0.997356 -0.068138 -0.025266
vn -0.089518 -0.660152 -0.745778
vn 0.997486 0.065154 0.027880
vn 0.996021 -0.032153 -0.083116
vn 0.995958 -0.030666 -0.084425
vn 0.997423 0.066647 0.026578
vn 0.996021 -0.032153 -0.083116
vn 0.069879 -0.657275 -0.750404
vn 0.069790 -0.655651 -0.751832
vn 0.995958 -0.030666 -0.084425
vn 0.069879 -0.657275 -0.750404
vn -0.089518 -0.660152 -0.745778
vn -0.089571 -0.658528 -0.747207
vn 0.069790 -0.655651 -0.751832
vn -0.997423 -0.066651 -0.026574
vn -0.089571 -0.658528 -0.747207
vn -0.089518 -0.660152 -0.745778
vn -0.997356 -0.068138 -0.025266
vn -0.995958 0.030663 0.084428
vn -0.997423 -0.066651 -0.026574
vn -0.997356 -0.068138 -0.025266
vn -0.995891 0.029169 0.085730
vn -0.069790 0.655647 0.751835
vn -0.995958 0.030663 0.084428
vn -0.995891 0.029169 0.085730
vn -0.069737 0.654018 0.753258
vn -0.069737 0.654018 0.753258
vn 0.089659 0.656896 0.748632
vn 0.089571 0.658524 0.747210
vn -0.069790 0.655647 0.751835
vn 0.089659 0.656896 0.748632
vn 0.997486 0.065154 0.027880
vn 0.997423 0.066647 0.026578
vn 0.089571 0.658524 0.747210
vn 0.019712 0.067726 -0.997509
vn 0.099781 -0.984158 -0.146549
vn -0.052287 -0.988940 -0.138796
vn -0.125162 0.063170 -0.990123
vn 0.996943 -0.044856 -0.063979
vn 0.019712 0.067726 -0.997509
vn 0.016182 0.213605 -0.976786
vn 0.993241 0.108112 -0.042248
vn 0.099901 -0.984511 -0.144074
vn 0.997077 -0.045195 -0.061607
vn 0.997232 -0.045540 -0.058768
vn 0.100035 -0.984926 -0.141120
vn 0.052012 0.989637 0.133842
vn 0.016182 0.213605 -0.976786
vn -0.128692 0.209049 -0.969400
vn -0.100055 0.984855 0.141595
vn 0.993374 0.107783 -0.039876
vn 0.052132 0.989293 0.136318
vn 0.052266 0.988874 0.139271
vn 0.993533 0.107331 -0.037052
vn 0.100035 -0.984926 -0.141120
vn 0.128692 -0.209049 0.969400
vn -0.016182 -0.213605 0.976786
vn -0.051939 -0.989704 -0.133372
vn 0.128692 -0.209049 0.969400
vn 0.997232 -0.045540 -0.058768
vn 0.993533 0.107331 -0.037052
vn 0.125162 -0.063170 0.990123
vn 0.125162 -0.063170 0.990123
vn 0.052266 0.988874 0.139271
vn -0.099708 0.984095 0.147019
vn -0.019712 -0.067726 0.997509
vn -0.051939 -0.989704 -0.133372
vn -0.993219 -0.108126 0.042709
vn -0.993375 -0.107782 0.039870
vn -0.052132 -0.989292 -0.136323
vn -0.993219 -0.108126 0.042709
vn -0.016182 -0.213605 0.976786
vn -0.019712 -0.067726 0.997509
vn -0.996919 0.044743 0.064426
vn -0.996919 0.044743 0.064426
vn -0.099708 0.984095 0.147019
vn -0.099901 0.984512 0.144069
vn -0.997077 0.045196 0.061601
vn -0.125162 0.063170 -0.990123
vn -0.993504 -0.107443 0.037498
vn -0.997206 0.045525 0.059229
vn -0.128692 0.209049 -0.969400
vn 0.997077 -0.045195 -0.061607
vn 0.993374 0.107783 -0.039876
vn 0.993533 0.107331 -0.037052
vn 0.997232 -0.045540 -0.058768
vn 0.128692 -0.209049 0.969400
vn 0.125162 -0.063170 0.990123
vn -0.019712 -0.067726 0.997509
vn -0.016182 -0.213605 0.976786
vn -0.993219 -0.108126 0.042709
vn -0.996919 0.044743 0.064426
vn -0.997077 0.045196 0.061601
vn -0.993375 -0.107782 0.039870
vn -0.125162 0.063170 -0.990123
vn -0.128692 0.209049 -0.969400
vn 0.016182 0.213605 -0.976786
vn 0.019712 0.067726 -0.997509
vn 0.052132 0.989293 0.136318
vn -0.099901 0.984512 0.144069
vn -0.099708 0.984095 0.147019
vn 0.052266 0.988874 0.139271
vn -0.052132 -0.989292 -0.136323
vn 0.099901 -0.984511 -0.144074
vn 0.100035 -0.984926 -0.141120
vn -0.051939 -0.989704 -0.133372
vn 0.019712 0.067726 -0.997509
vn 0.996943 -0.044856 -0.063979
vn 0.099781 -0.984158 -0.146549
vn 0.052012 0.989637 0.133842
vn 0.993241 0.108112 -0.042248
vn 0.016182 0.213605 -0.976786
vn 0.100035 -0.984926 -0.141120
vn 0.997232 -0.045540 -0.058768
vn 0.128692 -0.209049 0.969400
vn 0.125162 -0.063170 0.990123
vn 0.993533 0.107331 -0.037052
vn 0.052266 0.988874 0.139271
vn -0.051939 -0.989704 -0.133372
vn -0.016182 -0.213605 0.976786
vn -0.993219 -0.108126 0.042709
vn -0.996919 0.044743 0.064426
vn -0.019712 -0.067726 0.997509
vn -0.099708 0.984095 0.147019
vn -0.052287 -0.988940 -0.138796
vn -0.993504 -0.107443 0.037498
vn -0.125162 0.063170 -0.990123
vn -0.128692 0.209049 -0.969400
vn -0.997206 0.045525 0.059229
vn -0.100055 0.984855 0.141595
vn 0.996943 -0.044856 -0.063979
vn 0.993241 0.108112 -0.042248
vn 0.993374 0.107783 -0.039876
vn 0.997077 -0.045195 -0.061607
vn 0.993241 0.108112 -0.042248
vn 0.052012 0.989637 0.133842
vn 0.052132 0.989293 0.136318
vn 0.993374 0.107783 -0.039876
vn 0.052012 0.989637 0.133842
vn -0.100055 0.984855 0.141595
vn -0.099901 0.984512 0.144069
vn 0.052132 0.989293 0.136318
vn -0.997077 0.045196 0.061601
vn -0.099901 0.984512 0.144069
vn -0.100055 0.984855 0.141595
vn -0.997206 0.045525 0.059229
vn -0.993375 -0.107782 0.039870
vn -0.997077 0.045196 0.061601
vn -0.997206 0.045525 0.059229
vn -0.993504 -0.107443 0.037498
vn -0.052132 -0.989292 -0.136323
vn -0.993375 -0.107782 0.039870
vn -0.993504 -0.107443 0.037498
vn -0.052287 -0.988940 -0.138796
vn -0.052287 -0.988940 -0.138796
vn 0.099781 -0.984158 -0.146549
vn 0.099901 -0.984511 -0.144074
vn -0.052132 -0.989292 -0.136323
vn 0.099781 -0.984158 -0.146549
vn 0.996943 -0.044856 -0.063979
vn 0.997077 -0.045195 -0.061607
vn 0.099901 -0.984511 -0.144074
vn 0.084668 0.141332 -0.986335
vn 0.084668 0.141332 -0.986335
vn 0.084668 0.141332 -0.986335
vn 0.084668 0.141332 -0.986335
vn 0.996400 -0.007841 0.084408
vn 0.996400 -0.007841 0.084408
vn 0.996400 -0.007841 0.084408
vn 0.996400 -0.007841 0.084408
vn -0.084668 -0.141332 0.986335
vn -0.084668 -0.141332 0.986335
vn -0.084668 -0.141332 0.986335
vn -0.084668 -0.141332 0.986335
vn -0.996400 0.007840 -0.084408
vn -0.996400 0.007840 -0.084408
vn -0.996400 0.007840 -0.084408
vn -0.996400 0.007840 -0.084408
vn -0.004195 0.989931 0.141486
vn -0.004195 0.989931 0.141486
vn -0.004195 0.989931 0.141486
vn -0.004195 0.989931 0.141486
vn 0.004195 -0.989931 -0.141486
vn 0.004195 -0.989931 -0.141486
vn 0.004195 -0.989931 -0.141486
vn 0.004195 -0.989931 -0.141486
vn -0.046509 -0.141672 0.988820
vn -0.046509 -0.141672 0.988820
vn -0.046509 -0.141672 0.988820
vn -0.046509 -0.141672 0.988820
vn 0.998912 -0.010055 0.045543
vn 0.998912 -0.010055 0.045543
vn 0.998912 -0.010055 0.045543
vn 0.998912 -0.010055 0.045543
vn 0.046509 0.141672 -0.988820
vn 0.046509 0.141672 -0.988820
vn 0.046509 0.141672 -0.988820
vn 0.046509 0.141672 -0.988820
vn -0.998912 0.010056 -0.045543
vn -0.998912 0.010056 -0.045543
vn -0.998912 0.010056 -0.045543
vn -0.998912 0.010056 -0.045543
vn -0.003491 -0.989863 -0.141984
vn -0.003491 -0.989863 -0.141984
vn -0.003491 -0.989863 -0.141984
vn -0.003491 -0.989863 -0.141984
vn 0.003491 0.989863 0.141984
vn 0.003491 0.989863 0.141984
vn 0.003491 0.989863 0.141984
vn 0.003491 0.989863 0.141984
vn -0.046509 -0.141672 0.988820
vn -0.046509 -0.141672 0.988820
vn -0.046509 -0.141672 0.988820
vn -0.046509 -0.141672 0.988820
vn 0.998912 -0.010055 0.045543
vn 0.998912 -0.010055 0.045543
vn 0.998912 -0.010055 0.045543
vn 0.998912 -0.010055 0.045543
vn 0.046509 0.141672 -0.988820
vn 0.046509 0.141672 -0.988820
vn 0.046509 0.141672 -0.988820
vn 0.046509 0.141672 -0.988820
vn -0.998912 0.010056 -0.045543
vn -0.998912 0.010056 -0.045543
vn -0.998912 0.010056 -0.045543
vn -0.998912 0.010056 -0.045543
vn -0.003491 -0.989863 -0.141984
vn -0.003491 -0.989863 -0.141984
vn -0.003491 -0.989863 -0.141984
vn -0.003491 -0.989863 -0.141984
vn 0.003491 0.989863 0.141984
vn 0.003491 0.989863 0.141984
vn 0.003491 0.989863 0.141984
vn 0.003491 0.989863 0.141984
vn 0.072597 0.045755 -0.996311
vn 0.082738 -0.989794 -0.116027
vn -0.082738 -0.989794 -0.116027
vn -0.072597 0.045755 -0.996311
vn 0.997464 -0.070400 -0.010476
vn 0.072597 0.045755 -0.996311
vn 0.072597 0.180547 -0.980884
vn 0.997464 0.070947 0.005702
vn 0.082720 -0.990108 -0.113327
vn 0.997466 -0.070677 -0.008092
vn 0.997466 -0.070954 -0.005240
vn 0.082687 -0.990475 -0.110105
vn 0.082738 0.990413 0.110620
vn 0.072597 0.180547 -0.980884
vn -0.072597 0.180547 -0.980884
vn -0.082738 0.990413 0.110620
vn 0.997466 0.070678 0.008087
vn 0.082720 0.990109 0.113321
vn 0.082687 0.989738 0.116543
vn 0.997466 0.070303 0.010927
vn 0.082687 -0.990475 -0.110105
vn 0.072597 -0.180547 0.980884
vn -0.072597 -0.180547 0.980884
vn -0.082687 -0.990475 -0.110105
vn 0.072597 -0.180547 0.980884
vn 0.997466 -0.070954 -0.005240
vn 0.997466 0.070303 0.010927
vn 0.072597 -0.045755 0.996311
vn 0.072597 -0.045755 0.996311
vn 0.082687 0.989738 0.116543
vn -0.082687 0.989738 0.116543
vn -0.072597 -0.045755 0.996311
vn -0.082687 -0.990475 -0.110105
vn -0.997466 -0.070953 -0.005240
vn -0.997466 -0.070677 -0.008092
vn -0.082720 -0.990108 -0.113327
vn -0.997466 -0.070953 -0.005240
vn -0.072597 -0.180547 0.980884
vn -0.072597 -0.045755 0.996311
vn -0.997466 0.070302 0.010927
vn -0.997466 0.070302 0.010927
vn -0.082687 0.989738 0.116543
vn -0.082720 0.990109 0.113321
vn -0.997466 0.070678 0.008087
vn -0.072597 0.045755 -0.996311
vn -0.997464 -0.070400 -0.010476
vn -0.997464 0.070947 0.005702
vn -0.072597 0.180547 -0.980884
vn 0.997466 -0.070677 -0.008092
vn 0.997466 0.070678 0.008087
vn 0.997466 0.070303 0.010927
vn 0.997466 -0.070954 -0.005240
vn 0.072597 -0.180547 0.980884
vn 0.072597 -0.045755 0.996311
vn -0.072597 -0.045755 0.996311
vn -0.072597 -0.180547 0.980884
vn -0.997466 -0.070953 -0.005240
vn -0.997466 0.070302 0.010927
vn -0.997466 0.070678 0.008087
vn -0.997466 -0.070677 -0.008092
vn -0.072597 0.045755 -0.996311
vn -0.072597 0.180547 -0.980884
vn 0.072597 0.180547 -0.980884
vn 0.072597 0.045755 -0.996311
vn 0.082720 0.990109 0.113321
vn -0.082720 0.990109 0.113321
vn -0.082687 0.989738 0.116543
vn 0.082687 0.989738 0.116543
vn -0.082720 -0.990108 -0.113327
vn 0.082720 -0.990108 -0.113327
vn 0.082687 -0.990475 -0.110105
vn -0.082687 -0.990475 -0.110105
vn 0.072597 0.045755 -0.996311
vn 0.997464 -0.070400 -0.010476
vn 0.082738 -0.989794 -0.116027
vn 0.082738 0.990413 0.110620
vn 0.997464 0.070947 0.005702
vn 0.072597 0.180547 -0.980884
vn 0.082687 -0.990475 -0.110105
vn 0.997466 -0.070954 -0.005240
vn 0.072597 -0.180547 0.980884
vn 0.072597 -0.045755 0.996311
vn 0.997466 0.070303 0.010927
vn 0.082687 0.989738 0.116543
vn -0.082687 -0.990475 -0.110105
vn -0.072597 -0.180547 0.980884
vn -0.997466 -0.070953 -0.005240
vn -0.997466 0.070302 0.010927
vn -0.072597 -0.045755 0.996311
vn -0.082687 0.989738 0.116543
vn -0.082738 -0.989794 -0.116027
vn -0.997464 -0.070400 -0.010476
vn -0.072597 0.045755 -0.996311
vn -0.072597 0.180547 -0.980884
vn -0.997464 0.070947 0.005702
vn -0.082738 0.990413 0.110620
vn 0.997464 -0.070400 -0.010476
vn 0.997464 0.070947 0.005702
vn 0.997466 0.070678 0.008087
vn 0.997466 -0.070677 -0.008092
vn 0.997464 0.070947 0.005702
vn 0.082738 0.990413 0.110620
vn 0.082720 0.990109 0.113321
vn 0.997466 0.070678 0.008087
vn 0.082738 0.990413 0.110620
vn -0.082738 0.990413 0.110620
vn -0.082720 0.990109 0.113321
vn 0.082720 0.990109 0.113321
vn -0.997466 0.070678 0.008087
vn -0.082720 0.990109 0.113321
vn -0.082738 0.990413 0.110620
vn -0.997464 0.070947 0.005702
vn -0.997466 -0.070677 -0.008092
vn -0.997466 0.070678 0.008087
vn -0.997464 0.070947 0.005702
vn -0.997464 -0.070400 -0.010476
vn -0.082720 -0.990108 -0.113327
vn -0.997466 -0.070677 -0.008092
vn -0.997464 -0.070400 -0.010476
vn -0.082738 -0.989794 -0.116027
vn -0.082738 -0.989794 -0.116027
vn 0.082738 -0.989794 -0.116027
vn 0.082720 -0.990108 -0.113327
vn -0.082720 -0.990108 -0.113327
vn 0.082738 -0.989794 -0.116027
vn 0.997464 -0.070400 -0.010476
vn 0.997466 -0.070677 -0.008092
vn 0.082720 -0.990108 -0.113327
vn 0.076144 0.001196 0.997096
vn 0.996886 0.015691 0.077279
vn 0.996841 0.018555 0.077225
vn 0.076067 0.004181 0.997094
vn 0.996886 0.015691 -0.077279
vn 0.076144 0.001196 -0.997096
vn 0.076067 0.004181 -0.997094
vn 0.996841 0.018555 -0.077225
vn 0.076067 0.004181 0.997094
vn 0.056901 0.995656 0.073693
vn -0.088215 0.993372 0.073693
vn -0.076161 0.001784 0.997094
vn 0.056901 0.995656 0.073693
vn 0.996841 0.018555 0.077225
vn 0.996841 0.018555 -0.077225
vn 0.056901 0.995656 -0.073693
vn 0.056901 0.995656 -0.073693
vn 0.076067 0.004181 -0.997094
vn -0.076161 0.001784 -0.997094
vn -0.088215 0.993372 -0.073693
vn -0.076161 0.001784 0.997094
vn -0.996931 -0.012834 0.077224
vn -0.996886 -0.015697 0.077279
vn -0.076144 -0.001202 0.997096
vn -0.996931 -0.012834 0.077224
vn -0.088215 0.993372 0.073693
vn -0.088215 0.993372 -0.073693
vn -0.996931 -0.012834 -0.077224
vn -0.996931 -0.012834 -0.077224
vn -0.076161 0.001784 -0.997094
vn -0.076144 -0.001202 -0.997096
vn -0.996886 -0.015697 -0.077279
vn 0.996886 0.015691 0.077279
vn 0.996886 0.015691 -0.077279
vn 0.996841 0.018555 -0.077225
vn 0.996841 0.018555 0.077225
vn 0.056901 0.995656 0.073693
vn 0.056901 0.995656 -0.073693
vn -0.088215 0.993372 -0.073693
vn -0.088215 0.993372 0.073693
vn -0.996931 -0.012834 0.077224
vn -0.996931 -0.012834 -0.077224
vn -0.996886 -0.015697 -0.077279
vn -0.996886 -0.015697 0.077279
vn 0.076144 0.001196 -0.997096
vn -0.076144 -0.001202 -0.997096
vn -0.076161 0.001784 -0.997094
vn 0.076067 0.004181 -0.997094
vn -0.076144 -0.001202 0.997096
vn 0.076144 0.001196 0.997096
vn 0.076067 0.004181 0.997094
vn -0.076161 0.001784 0.997094
vn 0.076067 0.004181 0.997094
vn 0.996841 0.018555 0.077225
vn 0.056901 0.995656 0.073693
vn 0.056901 0.995656 -0.073693
vn 0.996841 0.018555 -0.077225
vn 0.076067 0.004181 -0.997094
vn -0.076161 0.001784 0.997094
vn -0.088215 0.993372 0.073693
vn -0.996931 -0.012834 0.077224
vn -0.996931 -0.012834 -0.077224
vn -0.088215 0.993372 -0.073693
vn -0.076161 0.001784 -0.997094
vn 0.076144 0.001196 0.997096
vn 0.996886 0.015691 0.077279
vn 0.996841 0.018555 0.077225
vn 0.076067 0.004181 0.997094
vn 0.996886 0.015691 -0.077279
vn 0.076144 0.001196 -0.997096
vn 0.076067 0.004181 -0.997094
vn 0.996841 0.018555 -0.077225
vn 0.076067 0.004181 0.997094
vn 0.056901 0.995656 0.073693
vn -0.088215 0.993372 0.073693
vn -0.076161 0.001784 0.997094
vn 0.056901 0.995656 0.073693
vn 0.996841 0.018555 0.077225
vn 0.996841 0.018555 -0.077225
vn 0.056901 0.995656 -0.073693
vn 0.056901 0.995656 -0.073693
vn 0.076067 0.004181 -0.997094
vn -0.076161 0.001784 -0.997094
vn -0.088215 0.993372 -0.073693
vn -0.076161 0.001784 0.997094
vn -0.996931 -0.012834 0.077224
vn -0.996886 -0.015697 0.077279
vn -0.076144 -0.001202 0.997096
vn -0.996931 -0.012834 0.077224
vn -0.088215 0.993372 0.073693
vn -0.088215 0.993372 -0.073693
vn -0.996931 -0.012834 -0.077224
vn -0.996931 -0.012834 -0.077224
vn -0.076161 0.001784 -0.997094
vn -0.076144 -0.001202 -0.997096
vn -0.996886 -0.015697 -0.077279
vn 0.996886 0.015691 0.077279
vn 0.996886 0.015691 -0.077279
vn 0.996841 0.018555 -0.077225
vn 0.996841 0.018555 0.077225
vn 0.056901 0.995656 0.073693
vn 0.056901 0.995656 -0.073693
vn -0.088215 0.993372 -0.073693
vn -0.088215 0.993372 0.073693
vn -0.996931 -0.012834 0.077224
vn -0.996931 -0.012834 -0.077224
vn -0.996886 -0.015697 -0.077279
vn -0.996886 -0.015697 0.077279
vn 0.076144 0.001196 -0.997096
vn -0.076144 -0.001202 -0.997096
vn -0.076161 0.001784 -0.997094
vn 0.076067 0.004181 -0.997094
vn -0.076144 -0.001202 0.997096
vn 0.076144 0.001196 0.997096
vn 0.076067 0.004181 0.997094
vn -0.076161 0.001784 0.997094
vn 0.076067 0.004181 0.997094
vn 0.996841 0.018555 0.077225
vn 0.056901 0.995656 0.073693
vn 0.056901 0.995656 -0.073693
vn 0.996841 0.018555 -0.077225
vn 0.076067 0.004181 -0.997094
vn -0.076161 0.001784 0.997094
vn -0.088215 0.993372 0.073693
vn -0.996931 -0.012834 0.077224
vn -0.996931 -0.012834 -0.077224
vn -0.088215 0.993372 -0.073693
vn -0.076161 0.001784 -0.997094
vn 0.088215 -0.993372 0.073693
vn 0.076200 -0.001306 0.997092
vn -0.076121 -0.003704 0.997092
vn -0.056901 -0.995656 0.073693
vn 0.996921 0.013293 0.077274
vn 0.088215 -0.993372 0.073693
vn 0.088215 -0.993372 -0.073693
vn 0.996921 0.013293 -0.077274
vn 0.076144 0.001196 0.997096
vn 0.996886 0.015691 0.077279
vn 0.996841 0.018555 0.077225
vn 0.076067 0.004181 0.997094
vn 0.076200 -0.001306 -0.997092
vn 0.088215 -0.993372 -0.073693
vn -0.056901 -0.995656 -0.073693
vn -0.076121 -0.003704 -0.997092
vn 0.996886 0.015691 -0.077279
vn 0.076144 0.001196 -0.997096
vn 0.076067 0.004181 -0.997094
vn 0.996841 0.018555 -0.077225
vn 0.076067 0.004181 0.997094
vn 0.056901 0.995656 0.073693
vn -0.088215 0.993372 0.073693
vn -0.076161 0.001784 0.997094
vn 0.056901 0.995656 0.073693
vn 0.996841 0.018555 0.077225
vn 0.996841 0.018555 -0.077225
vn 0.056901 0.995656 -0.073693
vn 0.056901 0.995656 -0.073693
vn 0.076067 0.004181 -0.997094
vn -0.076161 0.001784 -0.997094
vn -0.088215 0.993372 -0.073693
vn -0.076161 0.001784 0.997094
vn -0.996931 -0.012834 0.077224
vn -0.996886 -0.015697 0.077279
vn -0.076144 -0.001202 0.997096
vn -0.996931 -0.012834 0.077224
vn -0.088215 0.993372 0.073693
vn -0.088215 0.993372 -0.073693
vn -0.996931 -0.012834 -0.077224
vn -0.996931 -0.012834 -0.077224
vn -0.076161 0.001784 -0.997094
vn -0.076144 -0.001202 -0.997096
vn -0.996886 -0.015697 -0.077279
vn -0.056901 -0.995656 0.073693
vn -0.996846 -0.018096 0.077274
vn -0.996846 -0.018096 -0.077274
vn -0.056901 -0.995656 -0.073693
vn 0.996886 0.015691 0.077279
vn 0.996886 0.015691 -0.077279
vn 0.996841 0.018555 -0.077225
vn 0.996841 0.018555 0.077225
vn 0.056901 0.995656 0.073693
vn 0.056901 0.995656 -0.073693
vn -0.088215 0.993372 -0.073693
vn -0.088215 0.993372 0.073693
vn -0.996931 -0.012834 0.077224
vn -0.996931 -0.012834 -0.077224
vn -0.996886 -0.015697 -0.077279
vn -0.996886 -0.015697 0.077279
vn -0.056901 -0.995656 0.073693
vn -0.056901 -0.995656 -0.073693
vn 0.088215 -0.993372 -0.073693
vn 0.088215 -0.993372 0.073693
vn 0.076144 0.001196 -0.997096
vn -0.076144 -0.001202 -0.997096
vn -0.076161 0.001784 -0.997094
vn 0.076067 0.004181 -0.997094
vn -0.076144 -0.001202 0.997096
vn 0.076144 0.001196 0.997096
vn 0.076067 0.004181 0.997094
vn -0.076161 0.001784 0.997094
vn 0.088215 -0.993372 0.073693
vn 0.996921 0.013293 0.077274
vn 0.076200 -0.001306 0.997092
vn 0.076200 -0.001306 -0.997092
vn 0.996921 0.013293 -0.077274
vn 0.088215 -0.993372 -0.073693
vn 0.076067 0.004181 0.997094
vn 0.996841 0.018555 0.077225
vn 0.056901 0.995656 0.073693
vn 0.056901 0.995656 -0.073693
vn 0.996841 0.018555 -0.077225
vn 0.076067 0.004181 -0.997094
vn -0.076161 0.001784 0.997094
vn -0.088215 0.993372 0.073693
vn -0.996931 -0.012834 0.077224
vn -0.996931 -0.012834 -0.077224
vn -0.088215 0.993372 -0.073693
vn -0.076161 0.001784 -0.997094
vn -0.076121 -0.003704 0.997092
vn -0.996846 -0.018096 0.077274
vn -0.056901 -0.995656 0.073693
vn -0.056901 -0.995656 -0.073693
vn -0.996846 -0.018096 -0.077274
vn -0.076121 -0.003704 -0.997092
vn 0.996921 0.013293 0.077274
vn 0.996921 0.013293 -0.077274
vn 0.996886 0.015691 -0.077279
vn 0.996886 0.015691 0.077279
vn 0.996921 0.013293 -0.077274
vn 0.076200 -0.001306 -0.997092
vn 0.076144 0.001196 -0.997096
vn 0.996886 0.015691 -0.077279
vn 0.076200 -0.001306 -0.997092
vn -0.076121 -0.003704 -0.997092
vn -0.076144 -0.001202 -0.997096
vn 0.076144 0.001196 -0.997096
vn -0.996886 -0.015697 -0.077279
vn -0.076144 -0.001202 -0.997096
vn -0.076121 -0.003704 -0.997092
vn -0.996846 -0.018096 -0.077274
vn -0.996886 -0.015697 0.077279
vn -0.996886 -0.015697 -0.077279
vn -0.996846 -0.018096 -0.077274
vn -0.996846 -0.018096 0.077274
vn -0.076144 -0.001202 0.997096
vn -0.996886 -0.015697 0.077279
vn -0.996846 -0.018096 0.077274
vn -0.076121 -0.003704 0.997092
vn -0.076121 -0.003704 0.997092
vn 0.076200 -0.001306 0.997092
vn 0.076144 0.001196 0.997096
vn -0.076144 -0.001202 0.997096
vn 0.076200 -0.001306 0.997092
vn 0.996921 0.013293 0.077274
vn 0.996886 0.015691 0.077279
vn 0.076144 0.001196 0.997096
vn 0.088215 -0.993372 0.073693
vn 0.076200 -0.001306 0.997092
vn -0.076121 -0.003704 0.997092
vn -0.056901 -0.995656 0.073693
vn 0.996921 0.013293 0.077274
vn 0.088215 -0.993372 0.073693
vn 0.088215 -0.993372 -0.073693
vn 0.996921 0.013293 -0.077274
vn 0.076144 0.001196 0.997096
vn 0.996886 0.015691 0.077279
vn 0.996841 0.018555 0.077225
vn 0.076067 0.004181 0.997094
vn 0.076200 -0.001306 -0.997092
vn 0.088215 -0.993372 -0.073693
vn -0.056901 -0.995656 -0.073693
vn -0.076121 -0.003704 -0.997092
vn 0.996886 0.015691 -0.077279
vn 0.076144 0.001196 -0.997096
vn 0.076067 0.004181 -0.997094
vn 0.996841 0.018555 -0.077225
vn 0.076067 0.004181 0.997094
vn 0.056901 0.995656 0.073693
vn -0.088215 0.993372 0.073693
vn -0.076161 0.001784 0.997094
vn 0.056901 0.995656 0.073693
vn 0.996841 0.018555 0.077225
vn 0.996841 0.018555 -0.077225
vn 0.056901 0.995656 -0.073693
vn 0.056901 0.995656 -0.073693
vn 0.076067 0.004181 -0.997094
vn -0.076161 0.001784 -0.997094
vn -0.088215 0.993372 -0.073693
vn -0.076161 0.001784 0.997094
vn -0.996931 -0.012834 0.077224
vn -0.996886 -0.015697 0.077279
vn -0.076144 -0.001202 0.997096
vn -0.996931 -0.012834 0.077224
vn -0.088215 0.993372 0.073693
vn -0.088215 0.993372 -0.073693
vn -0.996931 -0.012834 -0.077224
vn -0.996931 -0.012834 -0.077224
vn -0.076161 0.001784 -0.997094
vn -0.076144 -0.001202 -0.997096
vn -0.996886 -0.015697 -0.077279
vn -0.056901 -0.995656 0.073693
vn -0.996846 -0.018096 0.077274
vn -0.996846 -0.018096 -0.077274
vn -0.056901 -0.995656 -0.073693
vn 0.996886 0.015691 0.077279
vn 0.996886 0.015691 -0.077279
vn 0.996841 0.018555 -0.077225
vn 0.996841 0.018555 0.077225
vn 0.056901 0.995656 0.073693
vn 0.056901 0.995656 -0.073693
vn -0.088215 0.993372 -0.073693
vn -0.088215 0.993372 0.073693
vn -0.996931 -0.012834 0.077224
vn -0.996931 -0.012834 -0.077224
vn -0.996886 -0.015697 -0.077279
vn -0.996886 -0.015697 0.077279
vn -0.056901 -0.995656 0.073693
vn -0.056901 -0.995656 -0.073693
vn 0.088215 -0.993372 -0.073693
vn 0.088215 -0.993372 0.073693
vn 0.076144 0.001196 -0.997096
vn -0.076144 -0.001202 -0.997096
vn -0.076161 0.001784 -0.997094
vn 0.076067 0.004181 -0.997094
vn -0.076144 -0.001202 0.997096
vn 0.076144 0.001196 0.997096
vn 0.076067 0.004181 0.997094
vn -0.076161 0.001784 0.997094
vn 0.088215 -0.993372 0.073693
vn 0.996921 0.013293 0.077274
vn 0.076200 -0.001306 0.997092
vn 0.076200 -0.001306 -0.997092
vn 0.996921 0.013293 -0.077274
vn 0.088215 -0.993372 -0.073693
vn 0.076067 0.004181 0.997094
vn 0.996841 0.018555 0.077225
vn 0.056901 0.995656 0.073693
vn 0.056901 0.995656 -0.073693
vn 0.996841 0.018555 -0.077225
vn 0.076067 0.004181 -0.997094
vn -0.076161 0.001784 0.997094
vn -0.088215 0.993372 0.073693
vn -0.996931 -0.012834 0.077224
vn -0.996931 -0.012834 -0.077224
vn -0.088215 0.993372 -0.073693
vn -0.076161 0.001784 -0.997094
vn -0.076121 -0.003704 0.997092
vn -0.996846 -0.018096 0.077274
vn -0.056901 -0.995656 0.073693
vn -0.056901 -0.995656 -0.073693
vn -0.996846 -0.018096 -0.077274
vn -0.076121 -0.003704 -0.997092
vn 0.996921 0.013293 0.077274
vn 0.996921 0.013293 -0.077274
vn 0.996886 0.015691 -0.077279
vn 0.996886 0.015691 0.077279
vn 0.996921 0.013293 -0.077274
vn 0.076200 -0.001306 -0.997092
vn 0.076144 0.001196 -0.997096
vn 0.996886 0.015691 -0.077279
vn 0.076200 -0.001306 -0.997092
vn -0.076121 -0.003704 -0.997092
vn -0.076144 -0.001202 -0.997096
vn 0.076144 0.001196 -0.997096
vn -0.996886 -0.015697 -0.077279
vn -0.076144 -0.001202 -0.997096
vn -0.076121 -0.003704 -0.997092
vn -0.996846 -0.018096 -0.077274
vn -0.996886 -0.015697 0.077279
vn -0.996886 -0.015697 -0.077279
vn -0.996846 -0.018096 -0.077274
vn -0.996846 -0.018096 0.077274
vn -0.076144 -0.001202 0.997096
vn -0.996886 -0.015697 0.077279
vn -0.996846 -0.018096 0.077274
vn -0.076121 -0.003704 0.997092
vn -0.076121 -0.003704 0.997092
vn 0.076200 -0.001306 0.997092
vn 0.076144 0.001196 0.997096
vn -0.076144 -0.001202 0.997096
vn 0.076200 -0.001306 0.997092
vn 0.996921 0.013293 0.077274
vn 0.996886 0.015691 0.077279
vn 0.076144 0.001196 0.997096
vn 0.088215 -0.993372 0.073693
vn 0.076200 -0.001306 0.997092
vn -0.076121 -0.003704 0.997092
vn -0.056901 -0.995656 0.073693
vn 0.996921 0.013293 0.077274
vn 0.088215 -0.993372 0.073693
vn 0.088215 -0.993372 -0.073693
vn 0.996921 0.013293 -0.077274
vn 0.076144 0.001196 0.997096
vn 0.996886 0.015691 0.077279
vn 0.996841 0.018555 0.077225
vn 0.076067 0.004181 0.997094
vn 0.076200 -0.001306 -0.997092
vn 0.088215 -0.993372 -0.073693
vn -0.056901 -0.995656 -0.073693
vn -0.076121 -0.003704 -0.997092
vn 0.996886 0.015691 -0.077279
vn 0.076144 0.001196 -0.997096
vn 0.076067 0.004181 -0.997094
vn 0.996841 0.018555 -0.077225
vn 0.076067 0.004181 0.997094
vn 0.056901 0.995656 0.073693
vn -0.088215 0.993372 0.073693
vn -0.076161 0.001784 0.997094
vn 0.056901 0.995656 0.073693
vn 0.996841 0.018555 0.077225
vn 0.996841 0.018555 -0.077225
vn 0.056901 0.995656 -0.073693
vn 0.056901 0.995656 -0.073693
vn 0.076067 0.004181 -0.997094
vn -0.076161 0.001784 -0.997094
vn -0.088215 0.993372 -0.073693
vn -0.076161 0.001784 0.997094
vn -0.996931 -0.012834 0.077224
vn -0.996886 -0.015697 0.077279
vn -0.076144 -0.001202 0.997096
vn -0.996931 -0.012834 0.077224
vn -0.088215 0.993372 0.073693
vn -0.088215 0.993372 -0.073693
vn -0.996931 -0.012834 -0.077224
vn -0.996931 -0.012834 -0.077224
vn -0.076161 0.001784 -0.997094
vn -0.076144 -0.001202 -0.997096
vn -0.996886 -0.015697 -0.077279
vn -0.056901 -0.995656 0.073693
vn -0.996846 -0.018096 0.077274
vn -0.996846 -0.018096 -0.077274
vn -0.056901 -0.995656 -0.073693
vn 0.996886 0.015691 0.077279
vn 0.996886 0.015691 -0.077279
vn 0.996841 0.018555 -0.077225
vn 0.996841 0.018555 0.077225
vn 0.056901 0.995656 0.073693
vn 0.056901 0.995656 -0.073693
vn -0.088215 0.993372 -0.073693
vn -0.088215 0.993372 0.073693
vn -0.996931 -0.012834 0.077224
vn -0.996931 -0.012834 -0.077224
vn -0.996886 -0.015697 -0.077279
vn -0.996886 -0.015697 0.077279
vn -0.056901 -0.995656 0.073693
vn -0.056901 -0.995656 -0.073693
vn 0.088215 -0.993372 -0.073693
vn 0.088215 -0.993372 0.073693
vn 0.076144 0.001196 -0.997096
vn -0.076144 -0.001202 -0.997096
vn -0.076161 0.001784 -0.997094
vn 0.076067 0.004181 -0.997094
vn -0.076144 -0.001202 0.997096
vn 0.076144 0.001196 0.997096
vn 0.076067 0.004181 0.997094
vn -0.076161 0.001784 0.997094
vn 0.088215 -0.993372 0.073693
vn 0.996921 0.013293 0.077274
vn 0.076200 -0.001306 0.997092
vn 0.076200 -0.001306 -0.997092
vn 0.996921 0.013293 -0.077274
vn 0.088215 -0.993372 -0.073693
vn 0.076067 0.004181 0.997094
vn 0.996841 0.018555 0.077225
vn 0.056901 0.995656 0.073693
vn 0.056901 0.995656 -0.073693
vn 0.996841 0.018555 -0.077225
vn 0.076067 0.004181 -0.997094
vn -0.076161 0.001784 0.997094
vn -0.088215 0.993372 0.073693
vn -0.996931 -0.012834 0.077224
vn -0.996931 -0.012834 -0.077224
vn -0.088215 0.993372 -0.073693
vn -0.076161 0.001784 -0.997094
vn -0.076121 -0.003704 0.997092
vn -0.996846 -0.018096 0.077274
vn -0.056901 -0.995656 0.073693
vn -0.056901 -0.995656 -0.073693
vn -0.996846 -0.018096 -0.077274
vn -0.076121 -0.003704 -0.997092
vn 0.996921 0.013293 0.077274
vn 0.996921 0.013293 -0.077274
vn 0.996886 0.015691 -0.077279
vn 0.996886 0.015691 0.077279
vn 0.996921 0.013293 -0.077274
vn 0.076200 -0.001306 -0.997092
vn 0.076144 0.001196 -0.997096
vn 0.996886 0.015691 -0.077279
vn 0.076200 -0.001306 -0.997092
vn -0.076121 -0.003704 -0.997092
vn -0.076144 -0.001202 -0.997096
vn 0.076144 0.001196 -0.997096
vn -0.996886 -0.015697 -0.077279
vn -0.076144 -0.001202 -0.997096
vn -0.076121 -0.003704 -0.997092
vn -0.996846 -0.018096 -0.077274
vn -0.996886 -0.015697 0.077279
vn -0.996886 -0.015697 -0.077279
vn -0.996846 -0.018096 -0.077274
vn -0.996846 -0.018096 0.077274
vn -0.076144 -0.001202 0.997096
vn -0.996886 -0.015697 0.077279
vn -0.996846 -0.018096 0.077274
vn -0.076121 -0.003704 0.997092
vn -0.076121 -0.003704 0.997092
vn 0.076200 -0.001306 0.997092
vn 0.076144 0.001196 0.997096
vn -0.076144 -0.001202 0.997096
vn 0.076200 -0.001306 0.997092
vn 0.996921 0.013293 0.077274
vn 0.996886 0.015691 0.077279
vn 0.076144 0.001196 0.997096
vn -0.990770 -0.126676 -0.048250
vn 0.056846 -0.995641 -0.073943
vn 0.059333 -0.995157 0.078376
vn -0.988653 -0.126264 0.081379
vn -0.014247 -0.080463 -0.996656
vn -0.990770 -0.126676 -0.048250
vn -0.998810 0.004736 -0.048536
vn -0.023685 0.073796 -0.996992
vn -0.064937 0.994814 -0.078283
vn -0.998810 0.004736 -0.048536
vn -0.996693 0.005148 0.081092
vn -0.062449 0.995298 0.074036
vn -0.988653 -0.126264 0.081379
vn 0.018312 -0.074125 0.997081
vn 0.008874 0.080134 0.996745
vn -0.996693 0.005148 0.081092
vn -0.988653 -0.126264 0.081379
vn -0.996693 0.005148 0.081092
vn -0.998810 0.004736 -0.048536
vn -0.990770 -0.126676 -0.048250
vn -0.990770 -0.126676 -0.048250
vn -0.014247 -0.080463 -0.996656
vn 0.056846 -0.995641 -0.073943
vn -0.064937 0.994814 -0.078283
vn -0.023685 0.073796 -0.996992
vn -0.998810 0.004736 -0.048536
vn 0.059333 -0.995157 0.078376
vn 0.018312 -0.074125 0.997081
vn -0.988653 -0.126264 0.081379
vn -0.996693 0.005148 0.081092
vn 0.008874 0.080134 0.996745
vn -0.062449 0.995298 0.074036
vn -0.014247 -0.080463 -0.996656
vn -0.023685 0.073796 -0.996992
vn -0.021002 0.073965 -0.997040
vn -0.011564 -0.080304 -0.996703
vn -0.023685 0.073796 -0.996992
vn -0.064937 0.994814 -0.078283
vn -0.062139 0.994991 -0.078312
vn -0.021002 0.073965 -0.997040
vn -0.064937 0.994814 -0.078283
vn -0.062449 0.995298 0.074036
vn -0.059651 0.995475 0.073973
vn -0.062139 0.994991 -0.078312
vn 0.011557 0.080304 0.996704
vn -0.059651 0.995475 0.073973
vn -0.062449 0.995298 0.074036
vn 0.008874 0.080134 0.996745
vn 0.020995 -0.073966 0.997040
vn 0.011557 0.080304 0.996704
vn 0.008874 0.080134 0.996745
vn 0.018312 -0.074125 0.997081
vn 0.062132 -0.994991 0.078312
vn 0.020995 -0.073966 0.997040
vn 0.018312 -0.074125 0.997081
vn 0.059333 -0.995157 0.078376
vn 0.059333 -0.995157 0.078376
vn 0.056846 -0.995641 -0.073943
vn 0.059645 -0.995475 -0.073972
vn 0.062132 -0.994991 0.078312
vn 0.056846 -0.995641 -0.073943
vn -0.014247 -0.080463 -0.996656
vn -0.011564 -0.080304 -0.996703
vn 0.059645 -0.995475 -0.073972
vn -0.998744 0.013518 -0.048250
vn -0.083341 -0.993774 -0.073943
vn -0.080810 -0.993643 0.078376
vn -0.996590 0.013629 0.081379
vn -0.025390 -0.077670 -0.996656
vn -0.998744 0.013518 -0.048250
vn -0.988276 0.144759 -0.048536
vn -0.013102 0.076388 -0.996992
vn 0.075214 0.994090 -0.078283
vn -0.988276 0.144759 -0.048536
vn -0.986122 0.144870 0.081092
vn 0.077745 0.994221 0.074036
vn -0.996590 0.013629 0.081379
vn 0.007736 -0.075960 0.997081
vn 0.020024 0.078098 0.996745
vn -0.986122 0.144870 0.081092
vn -0.996590 0.013629 0.081379
vn -0.986122 0.144870 0.081092
vn -0.988276 0.144759 -0.048536
vn -0.998744 0.013518 -0.048250
vn -0.998744 0.013518 -0.048250
vn -0.025390 -0.077670 -0.996656
vn -0.083341 -0.993774 -0.073943
vn 0.075214 0.994090 -0.078283
vn -0.013102 0.076388 -0.996992
vn -0.988276 0.144759 -0.048536
vn -0.080810 -0.993643 0.078376
vn 0.007736 -0.075960 0.997081
vn -0.996590 0.013629 0.081379
vn -0.986122 0.144870 0.081092
vn 0.020024 0.078098 0.996745
vn 0.077745 0.994221 0.074036
vn -0.025390 -0.077670 -0.996656
vn -0.013102 0.076388 -0.996992
vn -0.010422 0.076179 -0.997040
vn -0.022711 -0.077889 -0.996703
vn -0.013102 0.076388 -0.996992
vn 0.075214 0.994090 -0.078283
vn 0.078009 0.993872 -0.078312
vn -0.010422 0.076179 -0.997040
vn 0.075214 0.994090 -0.078283
vn 0.077745 0.994221 0.074036
vn 0.080540 0.994003 0.073973
vn 0.078009 0.993872 -0.078312
vn 0.022704 0.077890 0.996704
vn 0.080540 0.994003 0.073973
vn 0.077745 0.994221 0.074036
vn 0.020024 0.078098 0.996745
vn 0.010415 -0.076179 0.997040
vn 0.022704 0.077890 0.996704
vn 0.020024 0.078098 0.996745
vn 0.007736 -0.075960 0.997081
vn -0.078016 -0.993872 0.078312
vn 0.010415 -0.076179 0.997040
vn 0.007736 -0.075960 0.997081
vn -0.080810 -0.993643 0.078376
vn -0.080810 -0.993643 0.078376
vn -0.083341 -0.993774 -0.073943
vn -0.080546 -0.994002 -0.073972
vn -0.078016 -0.993872 0.078312
vn -0.083341 -0.993774 -0.073943
vn -0.025390 -0.077670 -0.996656
vn -0.022711 -0.077889 -0.996703
vn -0.080546 -0.994002 -0.073972
vn 0.134948 -0.717939 -0.682900
vn 0.076177 -0.738317 0.670138
vn -0.075873 -0.744620 0.663162
vn -0.012204 -0.724039 -0.689651
vn 0.995253 -0.017667 0.095709
vn 0.134948 -0.717939 -0.682900
vn 0.134948 -0.606850 -0.783277
vn 0.995253 0.097004 -0.007904
vn 0.076177 0.741320 -0.666814
vn 0.134948 -0.606850 -0.783277
vn -0.012204 -0.612950 -0.790028
vn -0.075873 0.735017 -0.673790
vn -0.012204 -0.724039 -0.689651
vn -0.994961 -0.100168 0.004403
vn -0.994961 0.014503 -0.099210
vn -0.012204 -0.612950 -0.790028
vn -0.012204 -0.724039 -0.689651
vn -0.012204 -0.612950 -0.790028
vn 0.134948 -0.606850 -0.783277
vn 0.134948 -0.717939 -0.682900
vn 0.134948 -0.717939 -0.682900
vn 0.995253 -0.017667 0.095709
vn 0.076177 -0.738317 0.670138
vn 0.076177 0.741320 -0.666814
vn 0.995253 0.097004 -0.007904
vn 0.134948 -0.606850 -0.783277
vn -0.075873 -0.744620 0.663162
vn -0.994961 -0.100168 0.004403
vn -0.012204 -0.724039 -0.689651
vn -0.012204 -0.612950 -0.790028
vn -0.994961 0.014503 -0.099210
vn -0.075873 0.735017 -0.673790
vn 0.995253 -0.017667 0.095709
vn 0.995253 0.097004 -0.007904
vn 0.995109 0.098588 -0.006159
vn 0.995109 -0.016090 0.097461
vn 0.995253 0.097004 -0.007904
vn 0.076177 0.741320 -0.666814
vn 0.076008 0.742971 -0.664994
vn 0.995109 0.098588 -0.006159
vn 0.076177 0.741320 -0.666814
vn -0.075873 0.735017 -0.673790
vn -0.076008 0.736669 -0.671968
vn 0.076008 0.742971 -0.664994
vn -0.995109 0.016086 -0.097465
vn -0.076008 0.736669 -0.671968
vn -0.075873 0.735017 -0.673790
vn -0.994961 0.014503 -0.099210
vn -0.995109 -0.098592 0.006154
vn -0.995109 0.016086 -0.097465
vn -0.994961 0.014503 -0.099210
vn -0.994961 -0.100168 0.004403
vn -0.076008 -0.742975 0.664990
vn -0.995109 -0.098592 0.006154
vn -0.994961 -0.100168 0.004403
vn -0.075873 -0.744620 0.663162
vn -0.075873 -0.744620 0.663162
vn 0.076177 -0.738317 0.670138
vn 0.076008 -0.736673 0.671964
vn -0.076008 -0.742975 0.664990
vn 0.076177 -0.738317 0.670138
vn 0.995253 -0.017667 0.095709
vn 0.995109 -0.016090 0.097461
vn 0.076008 -0.736673 0.671964
vn 0.072567 -0.994637 0.073693
vn 0.076170 -0.002505 0.997092
vn -0.076170 -0.002505 0.997092
vn -0.072567 -0.994637 0.073693
vn 0.997007 -0.002402 0.077274
vn 0.072567 -0.994637 0.073693
vn 0.072567 -0.994637 -0.073693
vn 0.997007 -0.002402 -0.077274
vn 0.076153 -0.000003 0.997096
vn 0.997010 -0.000003 0.077279
vn 0.997010 0.002861 0.077225
vn 0.076123 0.002983 0.997094
vn 0.076170 -0.002505 -0.997092
vn 0.072567 -0.994637 -0.073693
vn -0.072567 -0.994637 -0.073693
vn -0.076170 -0.002505 -0.997092
vn 0.997010 -0.000003 -0.077279
vn 0.076153 -0.000003 -0.997096
vn 0.076123 0.002983 -0.997094
vn 0.997010 0.002861 -0.077225
vn 0.076123 0.002983 0.997094
vn 0.072567 0.994637 0.073693
vn -0.072567 0.994637 0.073693
vn -0.076123 0.002983 0.997094
vn 0.072567 0.994637 0.073693
vn 0.997010 0.002861 0.077225
vn 0.997010 0.002861 -0.077225
vn 0.072567 0.994637 -0.073693
vn 0.072567 0.994637 -0.073693
vn 0.076123 0.002983 -0.997094
vn -0.076123 0.002983 -0.997094
vn -0.072567 0.994637 -0.073693
vn -0.076123 0.002983 0.997094
vn -0.997010 0.002861 0.077224
vn -0.997010 -0.000003 0.077279
vn -0.076153 -0.000003 0.997096
vn -0.997010 0.002861 0.077224
vn -0.072567 0.994637 0.073693
vn -0.072567 0.994637 -0.073693
vn -0.997010 0.002861 -0.077224
vn -0.997010 0.002861 -0.077224
vn -0.076123 0.002983 -0.997094
vn -0.076153 -0.000003 -0.997096
vn -0.997010 -0.000003 -0.077279
vn -0.072567 -0.994637 0.073693
vn -0.997007 -0.002402 0.077274
vn -0.997007 -0.002402 -0.077274
vn -0.072567 -0.994637 -0.073693
vn 0.997010 -0.000003 0.077279
vn 0.997010 -0.000003 -0.077279
vn 0.997010 0.002861 -0.077225
vn 0.997010 0.002861 0.077225
vn 0.072567 0.994637 0.073693
vn 0.072567 0.994637 -0.073693
vn -0.072567 0.994637 -0.073693
vn -0.072567 0.994637 0.073693
vn -0.997010 0.002861 0.077224
vn -0.997010 0.002861 -0.077224
vn -0.997010 -0.000003 -0.077279
vn -0.997010 -0.000003 0.077279
vn -0.072567 -0.994637 0.073693
vn -0.072567 -0.994637 -0.073693
vn 0.072567 -0.994637 -0.073693
vn 0.072567 -0.994637 0.073693
vn 0.076153 -0.000003 -0.997096
vn -0.076153 -0.000003 -0.997096
vn -0.076123 0.002983 -0.997094
vn 0.076123 0.002983 -0.997094
vn -0.076153 -0.000003 0.997096
vn 0.076153 -0.000003 0.997096
vn 0.076123 0.002983 0.997094
vn -0.076123 0.002983 0.997094
vn 0.072567 -0.994637 0.073693
vn 0.997007 -0.002402 0.077274
vn 0.076170 -0.002505 0.997092
vn 0.076170 -0.002505 -0.997092
vn 0.997007 -0.002402 -0.077274
vn 0.072567 -0.994637 -0.073693
vn 0.076123 0.002983 0.997094
vn 0.997010 0.002861 0.077225
vn 0.072567 0.994637 0.073693
vn 0.072567 0.994637 -0.073693
vn 0.997010 0.002861 -0.077225
vn 0.076123 0.002983 -0.997094
vn -0.076123 0.002983 0.997094
vn -0.072567 0.994637 0.073693
vn -0.997010 0.002861 0.077224
vn -0.997010 0.002861 -0.077224
vn -0.072567 0.994637 -0.073693
vn -0.076123 0.002983 -0.997094
vn -0.076170 -0.002505 0.997092
vn -0.997007 -0.002402 0.077274
vn -0.072567 -0.994637 0.073693
vn -0.072567 -0.994637 -0.073693
vn -0.997007 -0.002402 -0.077274
vn -0.076170 -0.002505 -0.997092
vn 0.997007 -0.002402 0.077274
vn 0.997007 -0.002402 -0.077274
vn 0.997010 -0.000003 -0.077279
vn 0.997010 -0.000003 0.077279
vn 0.997007 -0.002402 -0.077274
vn 0.076170 -0.002505 -0.997092
vn 0.076153 -0.000003 -0.997096
vn 0.997010 -0.000003 -0.077279
vn 0.076170 -0.002505 -0.997092
vn -0.076170 -0.002505 -0.997092
vn -0.076153 -0.000003 -0.997096
vn 0.076153 -0.000003 -0.997096
vn -0.997010 -0.000003 -0.077279
vn -0.076153 -0.000003 -0.997096
vn -0.076170 -0.002505 -0.997092
vn -0.997007 -0.002402 -0.077274
vn -0.997010 -0.000003 0.077279
vn -0.997010 -0.000003 -0.077279
vn -0.997007 -0.002402 -0.077274
vn -0.997007 -0.002402 0.077274
vn -0.076153 -0.000003 0.997096
vn -0.997010 -0.000003 0.077279
vn -0.997007 -0.002402 0.077274
vn -0.076170 -0.002505 0.997092
vn -0.076170 -0.002505 0.997092
vn 0.076170 -0.002505 0.997092
vn 0.076153 -0.000003 0.997096
vn -0.076153 -0.000003 0.997096
vn 0.076170 -0.002505 0.997092
vn 0.997007 -0.002402 0.077274
vn 0.997010 -0.000003 0.077279
vn 0.076153 -0.000003 0.997096
vn -0.046509 -0.141672 0.988820
vn -0.046509 -0.141672 0.988820
vn -0.046509 -0.141672 0.988820
vn -0.046509 -0.141672 0.988820
vn 0.998912 -0.010055 0.045543
vn 0.998912 -0.010055 0.045543
vn 0.998912 -0.010055 0.045543
vn 0.998912 -0.010055 0.045543
vn 0.046509 0.141672 -0.988820
vn 0.046509 0.141672 -0.988820
vn 0.046509 0.141672 -0.988820
vn 0.046509 0.141672 -0.988820
vn -0.998912 0.010056 -0.045543
vn -0.998912 0.010056 -0.045543
vn -0.998912 0.010056 -0.045543
vn -0.998912 0.010056 -0.045543
vn -0.003491 -0.989863 -0.141984
vn -0.003491 -0.989863 -0.141984
vn -0.003491 -0.989863 -0.141984
vn -0.003491 -0.989863 -0.141984
vn 0.003491 0.989863 0.141984
vn 0.003491 0.989863 0.141984
vn 0.003491 0.989863 0.141984
vn 0.003491 0.989863 0.141984
vn -0.091801 0.141260 -0.985707
vn -0.091801 0.141260 -0.985707
vn -0.091801 0.141260 -0.985707
vn -0.091801 0.141260 -0.985707
vn 0.995777 0.012234 -0.090986
vn 0.995777 0.012234 -0.090986
vn 0.995777 0.012234 -0.090986
vn 0.995777 0.012234 -0.090986
vn 0.091801 -0.141260 0.985707
vn 0.091801 -0.141260 0.985707
vn 0.091801 -0.141260 0.985707
vn 0.091801 -0.141260 0.985707
vn -0.995777 -0.012235 0.090986
vn -0.995777 -0.012235 0.090986
vn -0.995777 -0.012235 0.090986
vn -0.995777 -0.012235 0.090986
vn 0.000794 0.989897 0.141785
vn 0.000794 0.989897 0.141785
vn 0.000794 0.989897 0.141785
vn 0.000794 0.989897 0.141785
vn -0.000794 -0.989897 -0.141785
vn -0.000794 -0.989897 -0.141785
vn -0.000794 -0.989897 -0.141785
vn -0.000794 -0.989897 -0.141785
vn 0.084668 0.141332 -0.986335
vn 0.084668 0.141332 -0.986335
vn 0.084668 0.141332 -0.986335
vn 0.084668 0.141332 -0.986335
vn 0.996400 -0.007841 0.084408
vn 0.996400 -0.007841 0.084408
vn 0.996400 -0.007841 0.084408
vn 0.996400 -0.007841 0.084408
vn -0.084668 -0.141332 0.986335
vn -0.084668 -0.141332 0.986335
vn -0.084668 -0.141332 0.986335
vn -0.084668 -0.141332 0.986335
vn -0.996400 0.007840 -0.084408
vn -0.996400 0.007840 -0.084408
vn -0.996400 0.007840 -0.084408
vn -0.996400 0.007840 -0.084408
vn -0.004195 0.989931 0.141486
vn -0.004195 0.989931 0.141486
vn -0.004195 0.989931 0.141486
vn -0.004195 0.989931 0.141486
vn 0.004195 -0.989931 -0.141486
vn 0.004195 -0.989931 -0.141486
vn 0.004195 -0.989931 -0.141486
vn 0.004195 -0.989931 -0.141486
vn 0.096972 -0.084609 0.991684
vn 0.096972 -0.084609 0.991684
vn 0.096972 -0.084609 0.991684
vn 0.096972 -0.084609 0.991684
vn -0.995190 -0.022167 0.095424
vn -0.995190 -0.022167 0.095424
vn -0.995190 -0.022167 0.095424
vn -0.995190 -0.022167 0.095424
vn -0.096972 0.084609 -0.991684
vn -0.096972 0.084609 -0.991684
vn -0.096972 0.084609 -0.991684
vn -0.096972 0.084609 -0.991684
vn 0.995190 0.022166 -0.095424
vn 0.995190 0.022166 -0.095424
vn 0.995190 0.022166 -0.095424
vn 0.995190 0.022166 -0.095424
vn -0.013908 0.996168 0.086353
vn -0.013908 0.996168 0.086353
vn -0.013908 0.996168 0.086353
vn -0.013908 0.996168 0.086353
vn 0.013908 -0.996168 -0.086353
vn 0.013908 -0.996168 -0.086353
vn 0.013908 -0.996168 -0.086353
vn 0.013908 -0.996168 -0.086353
vn -0.996805 -0.057784 -0.055145
vn -0.006265 -0.982126 -0.188123
vn -0.003735 -0.999317 -0.036777
vn -0.994651 -0.072414 0.073656
vn -0.019425 0.035728 -0.999173
vn -0.996805 -0.057784 -0.055145
vn -0.996515 0.073033 -0.040289
vn -0.019085 0.189289 -0.981736
vn -0.001879 0.999318 0.036870
vn -0.996515 0.073033 -0.040289
vn -0.994362 0.058403 0.088510
vn 0.000652 0.982127 0.188216
vn -0.994651 -0.072414 0.073656
vn 0.013702 -0.189287 0.981826
vn 0.014042 -0.035727 0.999263
vn -0.994362 0.058403 0.088510
vn -0.994651 -0.072414 0.073656
vn -0.994362 0.058403 0.088510
vn -0.996515 0.073033 -0.040289
vn -0.996805 -0.057784 -0.055145
vn -0.996805 -0.057784 -0.055145
vn -0.019425 0.035728 -0.999173
vn -0.006265 -0.982126 -0.188123
vn -0.001879 0.999318 0.036870
vn -0.019085 0.189289 -0.981736
vn -0.996515 0.073033 -0.040289
vn -0.003735 -0.999317 -0.036777
vn 0.013702 -0.189287 0.981826
vn -0.994651 -0.072414 0.073656
vn -0.994362 0.058403 0.088510
vn 0.014042 -0.035727 0.999263
vn 0.000652 0.982127 0.188216
vn -0.019425 0.035728 -0.999173
vn -0.019085 0.189289 -0.981736
vn -0.016397 0.189293 -0.981784
vn -0.016737 0.035723 -0.999222
vn -0.019085 0.189289 -0.981736
vn -0.001879 0.999318 0.036870
vn 0.000925 0.999321 0.036842
vn -0.016397 0.189293 -0.981784
vn -0.001879 0.999318 0.036870
vn 0.000652 0.982127 0.188216
vn 0.003455 0.982134 0.188154
vn 0.000925 0.999321 0.036842
vn 0.016730 -0.035723 0.999222
vn 0.003455 0.982134 0.188154
vn 0.000652 0.982127 0.188216
vn 0.014042 -0.035727 0.999263
vn 0.016390 -0.189293 0.981784
vn 0.016730 -0.035723 0.999222
vn 0.014042 -0.035727 0.999263
vn 0.013702 -0.189287 0.981826
vn -0.000931 -0.999321 -0.036842
vn 0.016390 -0.189293 0.981784
vn 0.013702 -0.189287 0.981826
vn -0.003735 -0.999317 -0.036777
vn -0.003735 -0.999317 -0.036777
vn -0.006265 -0.982126 -0.188123
vn -0.003462 -0.982134 -0.188154
vn -0.000931 -0.999321 -0.036842
vn -0.006265 -0.982126 -0.188123
vn -0.019425 0.035728 -0.999173
vn -0.016737 0.035723 -0.999222
vn -0.003462 -0.982134 -0.188154
vn -0.046509 -0.141672 0.988820
vn -0.046509 -0.141672 0.988820
vn -0.046509 -0.141672 0.988820
vn -0.046509 -0.141672 0.988820
vn 0.998912 -0.010055 0.045543
vn 0.998912 -0.010055 0.045543
vn 0.998912 -0.010055 0.045543
vn 0.998912 -0.010055 0.045543
vn 0.046509 0.141672 -0.988820
vn 0.046509 0.141672 -0.988820
vn 0.046509 0.141672 -0.988820
vn 0.046509 0.141672 -0.988820
vn -0.998912 0.010056 -0.045543
vn -0.998912 0.010056 -0.045543
vn -0.998912 0.010056 -0.045543
vn -0.998912 0.010056 -0.045543
vn -0.003491 -0.989863 -0.141984
vn -0.003491 -0.989863 -0.141984
vn -0.003491 -0.989863 -0.141984
vn -0.003491 -0.989863 -0.141984
vn 0.003491 0.989863 0.141984
vn 0.003491 0.989863 0.141984
vn 0.003491 0.989863 0.141984
vn 0.003491 0.989863 0.141984
vn -0.055276 0.045882 -0.997416
vn 0.081710 -0.988593 -0.126519
vn -0.082406 -0.991000 -0.105491
vn -0.199278 0.043770 -0.978965
vn 0.988963 -0.055894 -0.137215
vn -0.055276 0.045882 -0.997416
vn -0.055276 0.180674 -0.981989
vn 0.988963 0.085453 -0.121037
vn 0.082040 -0.988905 -0.123839
vn 0.989273 -0.056169 -0.134851
vn 0.989639 -0.056443 -0.132022
vn 0.082422 -0.989269 -0.120639
vn 0.081710 0.991614 0.100128
vn -0.055276 0.180674 -0.981989
vn -0.199278 0.178562 -0.963537
vn -0.082406 0.989207 0.121156
vn 0.989273 0.085186 -0.118672
vn 0.082040 0.991312 0.102809
vn 0.082422 0.990943 0.106009
vn 0.989639 0.084814 -0.115854
vn 0.082422 -0.989269 -0.120639
vn 0.199278 -0.178562 0.963537
vn 0.055276 -0.180674 0.981989
vn -0.081593 -0.991674 -0.099623
vn 0.199278 -0.178562 0.963537
vn 0.989639 -0.056443 -0.132022
vn 0.989639 0.084814 -0.115854
vn 0.199278 -0.043770 0.978965
vn 0.199278 -0.043770 0.978965
vn 0.082422 0.990943 0.106009
vn -0.081593 0.988538 0.127024
vn 0.055276 -0.045882 0.997416
vn -0.081593 -0.991674 -0.099623
vn -0.988907 -0.085459 0.121494
vn -0.989273 -0.085186 0.118666
vn -0.082041 -0.991311 -0.102816
vn -0.988907 -0.085459 0.121494
vn 0.055276 -0.180674 0.981989
vn 0.055276 -0.045882 0.997416
vn -0.988907 0.055797 0.137662
vn -0.988907 0.055797 0.137662
vn -0.081593 0.988538 0.127024
vn -0.082041 0.988906 0.123832
vn -0.989273 0.056170 0.134845
vn -0.199278 0.043770 -0.978965
vn -0.989578 -0.084911 0.116301
vn -0.989578 0.056436 0.132479
vn -0.199278 0.178562 -0.963537
vn 0.989273 -0.056169 -0.134851
vn 0.989273 0.085186 -0.118672
vn 0.989639 0.084814 -0.115854
vn 0.989639 -0.056443 -0.132022
vn 0.199278 -0.178562 0.963537
vn 0.199278 -0.043770 0.978965
vn 0.055276 -0.045882 0.997416
vn 0.055276 -0.180674 0.981989
vn -0.988907 -0.085459 0.121494
vn -0.988907 0.055797 0.137662
vn -0.989273 0.056170 0.134845
vn -0.989273 -0.085186 0.118666
vn -0.199278 0.043770 -0.978965
vn -0.199278 0.178562 -0.963537
vn -0.055276 0.180674 -0.981989
vn -0.055276 0.045882 -0.997416
vn 0.082040 0.991312 0.102809
vn -0.082041 0.988906 0.123832
vn -0.081593 0.988538 0.127024
vn 0.082422 0.990943 0.106009
vn -0.082041 -0.991311 -0.102816
vn 0.082040 -0.988905 -0.123839
vn 0.082422 -0.989269 -0.120639
vn -0.081593 -0.991674 -0.099623
vn -0.055276 0.045882 -0.997416
vn 0.988963 -0.055894 -0.137215
vn 0.081710 -0.988593 -0.126519
vn 0.081710 0.991614 0.100128
vn 0.988963 0.085453 -0.121037
vn -0.055276 0.180674 -0.981989
vn 0.082422 -0.989269 -0.120639
vn 0.989639 -0.056443 -0.132022
vn 0.199278 -0.178562 0.963537
vn 0.199278 -0.043770 0.978965
vn 0.989639 0.084814 -0.115854
vn 0.082422 0.990943 0.106009
vn -0.081593 -0.991674 -0.099623
vn 0.055276 -0.180674 0.981989
vn -0.988907 -0.085459 0.121494
vn -0.988907 0.055797 0.137662
vn 0.055276 -0.045882 0.997416
vn -0.081593 0.988538 0.127024
vn -0.082406 -0.991000 -0.105491
vn -0.989578 -0.084911 0.116301
vn -0.199278 0.043770 -0.978965
vn -0.199278 0.178562 -0.963537
vn -0.989578 0.056436 0.132479
vn -0.082406 0.989207 0.121156
vn 0.988963 -0.055894 -0.137215
vn 0.988963 0.085453 -0.121037
vn 0.989273 0.085186 -0.118672
vn 0.989273 -0.056169 -0.134851
vn 0.988963 0.085453 -0.121037
vn 0.081710 0.991614 0.100128
vn 0.082040 0.991312 0.102809
vn 0.989273 0.085186 -0.118672
vn 0.081710 0.991614 0.100128
vn -0.082406 0.989207 0.121156
vn -0.082041 0.988906 0.123832
vn 0.082040 0.991312 0.102809
vn -0.989273 0.056170 0.134845
vn -0.082041 0.988906 0.123832
vn -0.082406 0.989207 0.121156
vn -0.989578 0.056436 0.132479
vn -0.989273 -0.085186 0.118666
vn -0.989273 0.056170 0.134845
vn -0.989578 0.056436 0.132479
vn -0.989578 -0.084911 0.116301
vn -0.082041 -0.991311 -0.102816
vn -0.989273 -0.085186 0.118666
vn -0.989578 -0.084911 0.116301
vn -0.082406 -0.991000 -0.105491
vn -0.082406 -0.991000 -0.105491
vn 0.081710 -0.988593 -0.126519
vn 0.082040 -0.988905 -0.123839
vn -0.082041 -0.991311 -0.102816
vn 0.081710 -0.988593 -0.126519
vn 0.988963 -0.055894 -0.137215
vn 0.989273 -0.056169 -0.134851
vn 0.082040 -0.988905 -0.123839
vn -0.047326 0.045928 -0.997823
vn 0.081814 -0.988667 -0.125871
vn -0.082467 -0.990925 -0.106143
vn -0.191472 0.043947 -0.980514
vn 0.989969 -0.056792 -0.129371
vn -0.047326 0.045928 -0.997823
vn -0.047326 0.180720 -0.982395
vn 0.989969 0.084555 -0.113193
vn 0.082122 -0.988980 -0.123189
vn 0.990259 -0.057067 -0.127005
vn 0.990602 -0.057342 -0.124173
vn 0.082478 -0.989344 -0.119985
vn 0.081814 0.991540 0.100776
vn -0.047326 0.180720 -0.982395
vn -0.191472 0.178739 -0.965086
vn -0.082467 0.989282 0.120504
vn 0.990259 0.084288 -0.110826
vn 0.082122 0.991238 0.103459
vn 0.082478 0.990869 0.106662
vn 0.990602 0.083916 -0.108005
vn 0.082478 -0.989344 -0.119985
vn 0.191472 -0.178739 0.965086
vn 0.047326 -0.180720 0.982395
vn -0.081701 -0.991600 -0.100270
vn 0.191472 -0.178739 0.965086
vn 0.990602 -0.057342 -0.124173
vn 0.990602 0.083916 -0.108005
vn 0.191472 -0.043947 0.980514
vn 0.191472 -0.043947 0.980514
vn 0.082478 0.990869 0.106662
vn -0.081701 0.988612 0.126378
vn 0.047326 -0.045928 0.997823
vn -0.081701 -0.991600 -0.100270
vn -0.989916 -0.084561 0.113651
vn -0.990260 -0.084288 0.110820
vn -0.082122 -0.991237 -0.103465
vn -0.989916 -0.084561 0.113651
vn 0.047326 -0.180720 0.982395
vn 0.047326 -0.045928 0.997823
vn -0.989916 0.056695 0.129819
vn -0.989916 0.056695 0.129819
vn -0.081701 0.988612 0.126378
vn -0.082122 0.988980 0.123183
vn -0.990260 0.057068 0.126999
vn -0.191472 0.043947 -0.980514
vn -0.990545 -0.084012 0.108452
vn -0.990545 0.057335 0.124630
vn -0.191472 0.178739 -0.965086
vn 0.990259 -0.057067 -0.127005
vn 0.990259 0.084288 -0.110826
vn 0.990602 0.083916 -0.108005
vn 0.990602 -0.057342 -0.124173
vn 0.191472 -0.178739 0.965086
vn 0.191472 -0.043947 0.980514
vn 0.047326 -0.045928 0.997823
vn 0.047326 -0.180720 0.982395
vn -0.989916 -0.084561 0.113651
vn -0.989916 0.056695 0.129819
vn -0.990260 0.057068 0.126999
vn -0.990260 -0.084288 0.110820
vn -0.191472 0.043947 -0.980514
vn -0.191472 0.178739 -0.965086
vn -0.047326 0.180720 -0.982395
vn -0.047326 0.045928 -0.997823
vn 0.082122 0.991238 0.103459
vn -0.082122 0.988980 0.123183
vn -0.081701 0.988612 0.126378
vn 0.082478 0.990869 0.106662
vn -0.082122 -0.991237 -0.103465
vn 0.082122 -0.988980 -0.123189
vn 0.082478 -0.989344 -0.119985
vn -0.081701 -0.991600 -0.100270
vn -0.047326 0.045928 -0.997823
vn 0.989969 -0.056792 -0.129371
vn 0.081814 -0.988667 -0.125871
vn 0.081814 0.991540 0.100776
vn 0.989969 0.084555 -0.113193
vn -0.047326 0.180720 -0.982395
vn 0.082478 -0.989344 -0.119985
vn 0.990602 -0.057342 -0.124173
vn 0.191472 -0.178739 0.965086
vn 0.191472 -0.043947 0.980514
vn 0.990602 0.083916 -0.108005
vn 0.082478 0.990869 0.106662
vn -0.081701 -0.991600 -0.100270
vn 0.047326 -0.180720 0.982395
vn -0.989916 -0.084561 0.113651
vn -0.989916 0.056695 0.129819
vn 0.047326 -0.045928 0.997823
vn -0.081701 0.988612 0.126378
vn -0.082467 -0.990925 -0.106143
vn -0.990545 -0.084012 0.108452
vn -0.191472 0.043947 -0.980514
vn -0.191472 0.178739 -0.965086
vn -0.990545 0.057335 0.124630
vn -0.082467 0.989282 0.120504
vn 0.989969 -0.056792 -0.129371
vn 0.989969 0.084555 -0.113193
vn 0.990259 0.084288 -0.110826
vn 0.990259 -0.057067 -0.127005
vn 0.989969 0.084555 -0.113193
vn 0.081814 0.991540 0.100776
vn 0.082122 0.991238 0.103459
vn 0.990259 0.084288 -0.110826
vn 0.081814 0.991540 0.100776
vn -0.082467 0.989282 0.120504
vn -0.082122 0.988980 0.123183
vn 0.082122 0.991238 0.103459
vn -0.990260 0.057068 0.126999
vn -0.082122 0.988980 0.123183
vn -0.082467 0.989282 0.120504
vn -0.990545 0.057335 0.124630
vn -0.990260 -0.084288 0.110820
vn -0.990260 0.057068 0.126999
vn -0.990545 0.057335 0.124630
vn -0.990545 -0.084012 0.108452
vn -0.082122 -0.991237 -0.103465
vn -0.990260 -0.084288 0.110820
vn -0.990545 -0.084012 0.108452
vn -0.082467 -0.990925 -0.106143
vn -0.082467 -0.990925 -0.106143
vn 0.081814 -0.988667 -0.125871
vn 0.082122 -0.988980 -0.123189
vn -0.082122 -0.991237 -0.103465
vn 0.081814 -0.988667 -0.125871
vn 0.989969 -0.056792 -0.129371
vn 0.990259 -0.057067 -0.127005
vn 0.082122 -0.988980 -0.123189
vn -0.042470 0.085815 -0.995406
vn -0.042470 0.085815 -0.995406
vn -0.042470 0.085815 -0.995406
vn -0.042470 0.085815 -0.995406
vn -0.999098 -0.003656 0.042312
vn -0.999098 -0.003656 0.042312
vn -0.999098 -0.003656 0.042312
vn -0.999098 -0.003656 0.042312
vn 0.042470 -0.085815 0.995406
vn 0.042470 -0.085815 0.995406
vn 0.042470 -0.085815 0.995406
vn 0.042470 -0.085815 0.995406
vn 0.999098 0.003657 -0.042312
vn 0.999098 0.003657 -0.042312
vn 0.999098 0.003657 -0.042312
vn 0.999098 0.003657 -0.042312
vn 0.000009 -0.996304 -0.085895
vn 0.000009 -0.996304 -0.085895
vn 0.000009 -0.996304 -0.085895
vn 0.000009 -0.996304 -0.085895
vn -0.000009 0.996304 0.085895
vn -0.000009 0.996304 0.085895
vn -0.000009 0.996304 0.085895
vn -0.000009 0.996304 0.085895
vn 0.054710 -0.080942 -0.995216
vn 0.061559 -0.998100 0.002672
vn -0.090743 -0.995861 0.005225
vn -0.090388 -0.078809 -0.992783
vn 0.995591 -0.091934 -0.018613
vn 0.054710 -0.080942 -0.995216
vn 0.056860 0.066425 -0.996170
vn 0.997846 0.062594 -0.019613
vn 0.061584 -0.998089 0.005173
vn 0.995634 -0.091924 -0.016214
vn 0.995683 -0.091852 -0.013351
vn 0.061604 -0.998067 0.008160
vn 0.090659 0.995830 -0.010234
vn 0.056860 0.066425 -0.996170
vn -0.088238 0.068558 -0.993737
vn -0.061643 0.998069 -0.007681
vn 0.997889 0.062614 -0.017214
vn 0.090684 0.995850 -0.007732
vn 0.090704 0.995867 -0.004746
vn 0.997937 0.062578 -0.014350
vn 0.061604 -0.998067 0.008160
vn 0.088238 -0.068558 0.993737
vn -0.056860 -0.066425 0.996170
vn -0.090604 -0.995829 0.010711
vn 0.088238 -0.068558 0.993737
vn 0.995683 -0.091852 -0.013351
vn 0.997937 0.062578 -0.014350
vn 0.090388 0.078809 0.992783
vn 0.090388 0.078809 0.992783
vn 0.090704 0.995867 -0.004746
vn -0.061504 0.998104 -0.002194
vn -0.054710 0.080942 0.995216
vn -0.090604 -0.995829 0.010711
vn -0.997841 -0.062541 0.020072
vn -0.997890 -0.062614 0.017208
vn -0.090684 -0.995850 0.007726
vn -0.997841 -0.062541 0.020072
vn -0.056860 -0.066425 0.996170
vn -0.054710 0.080942 0.995216
vn -0.995587 0.091887 0.019072
vn -0.995587 0.091887 0.019072
vn -0.061504 0.998104 -0.002194
vn -0.061584 0.998088 -0.005179
vn -0.995634 0.091924 0.016208
vn -0.090388 -0.078809 -0.992783
vn -0.997927 -0.062624 0.014810
vn -0.995672 0.091904 0.013809
vn -0.088238 0.068558 -0.993737
vn 0.995634 -0.091924 -0.016214
vn 0.997889 0.062614 -0.017214
vn 0.997937 0.062578 -0.014350
vn 0.995683 -0.091852 -0.013351
vn 0.088238 -0.068558 0.993737
vn 0.090388 0.078809 0.992783
vn -0.054710 0.080942 0.995216
vn -0.056860 -0.066425 0.996170
vn -0.997841 -0.062541 0.020072
vn -0.995587 0.091887 0.019072
vn -0.995634 0.091924 0.016208
vn -0.997890 -0.062614 0.017208
vn -0.090388 -0.078809 -0.992783
vn -0.088238 0.068558 -0.993737
vn 0.056860 0.066425 -0.996170
vn 0.054710 -0.080942 -0.995216
vn 0.090684 0.995850 -0.007732
vn -0.061584 0.998088 -0.005179
vn -0.061504 0.998104 -0.002194
vn 0.090704 0.995867 -0.004746
vn -0.090684 -0.995850 0.007726
vn 0.061584 -0.998089 0.005173
vn 0.061604 -0.998067 0.008160
vn -0.090604 -0.995829 0.010711
vn 0.054710 -0.080942 -0.995216
vn 0.995591 -0.091934 -0.018613
vn 0.061559 -0.998100 0.002672
vn 0.090659 0.995830 -0.010234
vn 0.997846 0.062594 -0.019613
vn 0.056860 0.066425 -0.996170
vn 0.061604 -0.998067 0.008160
vn 0.995683 -0.091852 -0.013351
vn 0.088238 -0.068558 0.993737
vn 0.090388 0.078809 0.992783
vn 0.997937 0.062578 -0.014350
vn 0.090704 0.995867 -0.004746
vn -0.090604 -0.995829 0.010711
vn -0.056860 -0.066425 0.996170
vn -0.997841 -0.062541 0.020072
vn -0.995587 0.091887 0.019072
vn -0.054710 0.080942 0.995216
vn -0.061504 0.998104 -0.002194
vn -0.090743 -0.995861 0.005225
vn -0.997927 -0.062624 0.014810
vn -0.090388 -0.078809 -0.992783
vn -0.088238 0.068558 -0.993737
vn -0.995672 0.091904 0.013809
vn -0.061643 0.998069 -0.007681
vn 0.995591 -0.091934 -0.018613
vn 0.997846 0.062594 -0.019613
vn 0.997889 0.062614 -0.017214
vn 0.995634 -0.091924 -0.016214
vn 0.997846 0.062594 -0.019613
vn 0.090659 0.995830 -0.010234
vn 0.090684 0.995850 -0.007732
vn 0.997889 0.062614 -0.017214
vn 0.090659 0.995830 -0.010234
vn -0.061643 0.998069 -0.007681
vn -0.061584 0.998088 -0.005179
vn 0.090684 0.995850 -0.007732
vn -0.995634 0.091924 0.016208
vn -0.061584 0.998088 -0.005179
vn -0.061643 0.998069 -0.007681
vn -0.995672 0.091904 0.013809
vn -0.997890 -0.062614 0.017208
vn -0.995634 0.091924 0.016208
vn -0.995672 0.091904 0.013809
vn -0.997927 -0.062624 0.014810
vn -0.090684 -0.995850 0.007726
vn -0.997890 -0.062614 0.017208
vn -0.997927 -0.062624 0.014810
vn -0.090743 -0.995861 0.005225
vn -0.090743 -0.995861 0.005225
vn 0.061559 -0.998100 0.002672
vn 0.061584 -0.998089 0.005173
vn -0.090684 -0.995850 0.007726
vn 0.061559 -0.998100 0.002672
vn 0.995591 -0.091934 -0.018613
vn 0.995634 -0.091924 -0.016214
vn 0.061584 -0.998089 0.005173
vn 0.103293 -0.640816 0.760714
vn 0.094169 0.709158 0.698733
vn -0.058101 0.708502 0.703313
vn -0.051857 -0.641484 0.765381
vn 0.997995 0.057782 0.025819
vn 0.103293 -0.640816 0.760714
vn 0.100451 -0.753134 0.650153
vn 0.995209 -0.052341 -0.082581
vn 0.058215 -0.711786 -0.699980
vn 0.100451 -0.753134 0.650153
vn -0.054699 -0.753802 0.654821
vn -0.094054 -0.712442 -0.695399
vn -0.051857 -0.641484 0.765381
vn -0.995099 0.049192 0.085777
vn -0.997886 -0.060931 -0.022622
vn -0.054699 -0.753802 0.654821
vn -0.051857 -0.641484 0.765381
vn -0.054699 -0.753802 0.654821
vn 0.100451 -0.753134 0.650153
vn 0.103293 -0.640816 0.760714
vn 0.103293 -0.640816 0.760714
vn 0.997995 0.057782 0.025819
vn 0.094169 0.709158 0.698733
vn 0.058215 -0.711786 -0.699980
vn 0.995209 -0.052341 -0.082581
vn 0.100451 -0.753134 0.650153
vn -0.058101 0.708502 0.703313
vn -0.995099 0.049192 0.085777
vn -0.051857 -0.641484 0.765381
vn -0.054699 -0.753802 0.654821
vn -0.997886 -0.060931 -0.022622
vn -0.094054 -0.712442 -0.695399
vn 0.997995 0.057782 0.025819
vn 0.995209 -0.052341 -0.082581
vn 0.995156 -0.050772 -0.084180
vn 0.997943 0.059358 0.024226
vn 0.995209 -0.052341 -0.082581
vn 0.058215 -0.711786 -0.699980
vn 0.058141 -0.710149 -0.701647
vn 0.995156 -0.050772 -0.084180
vn 0.058215 -0.711786 -0.699980
vn -0.094054 -0.712442 -0.695399
vn -0.094095 -0.710805 -0.697067
vn 0.058141 -0.710149 -0.701647
vn -0.997943 -0.059362 -0.024222
vn -0.094095 -0.710805 -0.697067
vn -0.094054 -0.712442 -0.695399
vn -0.997886 -0.060931 -0.022622
vn -0.995156 0.050768 0.084184
vn -0.997943 -0.059362 -0.024222
vn -0.997886 -0.060931 -0.022622
vn -0.995099 0.049192 0.085777
vn -0.058141 0.710145 0.701651
vn -0.995156 0.050768 0.084184
vn -0.995099 0.049192 0.085777
vn -0.058101 0.708502 0.703313
vn -0.058101 0.708502 0.703313
vn 0.094169 0.709158 0.698733
vn 0.094095 0.710801 0.697071
vn -0.058141 0.710145 0.701651
vn 0.094169 0.709158 0.698733
vn 0.997995 0.057782 0.025819
vn 0.997943 0.059358 0.024226
vn 0.094095 0.710801 0.697071
vn 0.071033 0.006696 -0.997452
vn 0.099971 -0.991668 -0.081244
vn -0.052325 -0.995337 -0.081031
vn -0.074059 0.003200 -0.997249
vn 0.998556 -0.052808 -0.009882
vn 0.071033 0.006696 -0.997452
vn 0.067510 0.153581 -0.985827
vn 0.994862 0.101214 0.002307
vn 0.099962 -0.991870 -0.078750
vn 0.998566 -0.053002 -0.007491
vn 0.998575 -0.053174 -0.004632
vn 0.099942 -0.992104 -0.075773
vn 0.052308 0.995732 0.076036
vn 0.067510 0.153581 -0.985827
vn -0.077582 0.150085 -0.985624
vn -0.099987 0.992063 0.076249
vn 0.994872 0.101030 0.004699
vn 0.052299 0.995539 0.078531
vn 0.052279 0.995301 0.081507
vn 0.994883 0.100751 0.007550
vn 0.099942 -0.992104 -0.075773
vn 0.077582 -0.150085 0.985624
vn -0.067510 -0.153581 0.985827
vn -0.052260 -0.995771 -0.075560
vn 0.077582 -0.150085 0.985624
vn 0.998575 -0.053174 -0.004632
vn 0.994883 0.100751 0.007550
vn 0.074059 -0.003200 0.997249
vn 0.074059 -0.003200 0.997249
vn 0.052279 0.995301 0.081507
vn -0.099922 0.991634 0.081720
vn -0.071033 -0.006696 0.997452
vn -0.052260 -0.995771 -0.075560
vn -0.994864 -0.101201 -0.001846
vn -0.994872 -0.101030 -0.004705
vn -0.052299 -0.995538 -0.078537
vn -0.994864 -0.101201 -0.001846
vn -0.067510 -0.153581 0.985827
vn -0.071033 -0.006696 0.997452
vn -0.998556 0.052722 0.010336
vn -0.998556 0.052722 0.010336
vn -0.099922 0.991634 0.081720
vn -0.099962 0.991870 0.078744
vn -0.998566 0.053002 0.007485
vn -0.074059 0.003200 -0.997249
vn -0.994878 -0.100836 -0.007096
vn -0.998572 0.053187 0.005093
vn -0.077582 0.150085 -0.985624
vn 0.998566 -0.053002 -0.007491
vn 0.994872 0.101030 0.004699
vn 0.994883 0.100751 0.007550
vn 0.998575 -0.053174 -0.004632
vn 0.077582 -0.150085 0.985624
vn 0.074059 -0.003200 0.997249
vn -0.071033 -0.006696 0.997452
vn -0.067510 -0.153581 0.985827
vn -0.994864 -0.101201 -0.001846
vn -0.998556 0.052722 0.010336
vn -0.998566 0.053002 0.007485
vn -0.994872 -0.101030 -0.004705
vn -0.074059 0.003200 -0.997249
vn -0.077582 0.150085 -0.985624
vn 0.067510 0.153581 -0.985827
vn 0.071033 0.006696 -0.997452
vn 0.052299 0.995539 0.078531
vn -0.099962 0.991870 0.078744
vn -0.099922 0.991634 0.081720
vn 0.052279 0.995301 0.081507
vn -0.052299 -0.995538 -0.078537
vn 0.099962 -0.991870 -0.078750
vn 0.099942 -0.992104 -0.075773
vn -0.052260 -0.995771 -0.075560
vn 0.071033 0.006696 -0.997452
vn 0.998556 -0.052808 -0.009882
vn 0.099971 -0.991668 -0.081244
vn 0.052308 0.995732 0.076036
vn 0.994862 0.101214 0.002307
vn 0.067510 0.153581 -0.985827
vn 0.099942 -0.992104 -0.075773
vn 0.998575 -0.053174 -0.004632
vn 0.077582 -0.150085 0.985624
vn 0.074059 -0.003200 0.997249
vn 0.994883 0.100751 0.007550
vn 0.052279 0.995301 0.081507
vn -0.052260 -0.995771 -0.075560
vn -0.067510 -0.153581 0.985827
vn -0.994864 -0.101201 -0.001846
vn -0.998556 0.052722 0.010336
vn -0.071033 -0.006696 0.997452
vn -0.099922 0.991634 0.081720
vn -0.052325 -0.995337 -0.081031
vn -0.994878 -0.100836 -0.007096
vn -0.074059 0.003200 -0.997249
vn -0.077582 0.150085 -0.985624
vn -0.998572 0.053187 0.005093
vn -0.099987 0.992063 0.076249
vn 0.998556 -0.052808 -0.009882
vn 0.994862 0.101214 0.002307
vn 0.994872 0.101030 0.004699
vn 0.998566 -0.053002 -0.007491
vn 0.994862 0.101214 0.002307
vn 0.052308 0.995732 0.076036
vn 0.052299 0.995539 0.078531
vn 0.994872 0.101030 0.004699
vn 0.052308 0.995732 0.076036
vn -0.099987 0.992063 0.076249
vn -0.099962 0.991870 0.078744
vn 0.052299 0.995539 0.078531
vn -0.998566 0.053002 0.007485
vn -0.099962 0.991870 0.078744
vn -0.099987 0.992063 0.076249
vn -0.998572 0.053187 0.005093
vn -0.994872 -0.101030 -0.004705
vn -0.998566 0.053002 0.007485
vn -0.998572 0.053187 0.005093
vn -0.994878 -0.100836 -0.007096
vn -0.052299 -0.995538 -0.078537
vn -0.994872 -0.101030 -0.004705
vn -0.994878 -0.100836 -0.007096
vn -0.052325 -0.995337 -0.081031
vn -0.052325 -0.995337 -0.081031
vn 0.099971 -0.991668 -0.081244
vn 0.099962 -0.991870 -0.078750
vn -0.052299 -0.995538 -0.078537
vn 0.099971 -0.991668 -0.081244
vn 0.998556 -0.052808 -0.009882
vn 0.998566 -0.053002 -0.007491
vn 0.099962 -0.991870 -0.078750
vn 0.154327 -0.636856 0.755379
vn 0.094092 0.711918 0.695930
vn -0.057783 0.705747 0.706104
vn -0.000420 -0.643144 0.765745
vn 0.995525 0.093879 -0.010789
vn 0.154327 -0.636856 0.755379
vn 0.151485 -0.749174 0.644818
vn 0.992739 -0.016243 -0.119188
vn 0.058138 -0.709025 -0.702782
vn 0.151485 -0.749174 0.644818
vn -0.003262 -0.755462 0.655184
vn -0.093736 -0.715197 -0.692609
vn -0.000420 -0.643144 0.765745
vn -0.992398 0.013099 0.122373
vn -0.995184 -0.097023 0.013974
vn -0.003262 -0.755462 0.655184
vn -0.000420 -0.643144 0.765745
vn -0.003262 -0.755462 0.655184
vn 0.151485 -0.749174 0.644818
vn 0.154327 -0.636856 0.755379
vn 0.154327 -0.636856 0.755379
vn 0.995525 0.093879 -0.010789
vn 0.094092 0.711918 0.695930
vn 0.058138 -0.709025 -0.702782
vn 0.992739 -0.016243 -0.119188
vn 0.151485 -0.749174 0.644818
vn -0.057783 0.705747 0.706104
vn -0.992398 0.013099 0.122373
vn -0.000420 -0.643144 0.765745
vn -0.003262 -0.755462 0.655184
vn -0.995184 -0.097023 0.013974
vn -0.093736 -0.715197 -0.692609
vn 0.995525 0.093879 -0.010789
vn 0.992739 -0.016243 -0.119188
vn 0.992571 -0.014677 -0.120783
vn 0.995357 0.095453 -0.012376
vn 0.992739 -0.016243 -0.119188
vn 0.058138 -0.709025 -0.702782
vn 0.057944 -0.707392 -0.704443
vn 0.992571 -0.014677 -0.120783
vn 0.058138 -0.709025 -0.702782
vn -0.093736 -0.715197 -0.692609
vn -0.093897 -0.713562 -0.694272
vn 0.057944 -0.707392 -0.704443
vn -0.995357 -0.095457 0.012380
vn -0.093897 -0.713562 -0.694272
vn -0.093736 -0.715197 -0.692609
vn -0.995184 -0.097023 0.013974
vn -0.992570 0.014673 0.120787
vn -0.995357 -0.095457 0.012380
vn -0.995184 -0.097023 0.013974
vn -0.992398 0.013099 0.122373
vn -0.057943 0.707388 0.704447
vn -0.992570 0.014673 0.120787
vn -0.992398 0.013099 0.122373
vn -0.057783 0.705747 0.706104
vn -0.057783 0.705747 0.706104
vn 0.094092 0.711918 0.695930
vn 0.093897 0.713558 0.694276
vn -0.057943 0.707388 0.704447
vn 0.094092 0.711918 0.695930
vn 0.995525 0.093879 -0.010789
vn 0.995357 0.095453 -0.012376
vn 0.093897 0.713558 0.694276
vn 0.072567 -0.097752 -0.992562
vn 0.076170 -0.996860 0.021636
vn -0.076170 -0.996860 0.021636
vn -0.072567 -0.097752 -0.992562
vn 0.997007 -0.077310 -0.000530
vn 0.072567 -0.097752 -0.992562
vn 0.072567 0.049591 -0.996130
vn 0.997007 0.077193 -0.004272
vn 0.076153 -0.996804 0.024137
vn 0.997010 -0.077256 0.001868
vn 0.997010 -0.077133 0.004730
vn 0.076123 -0.996730 0.027122
vn 0.076170 0.996739 -0.026644
vn 0.072567 0.049591 -0.996130
vn -0.072567 0.049591 -0.996130
vn -0.076170 0.996739 -0.026644
vn 0.997010 0.077256 -0.001874
vn 0.076153 0.996804 -0.024143
vn 0.076123 0.996874 -0.021158
vn 0.997010 0.077272 0.000991
vn 0.076123 -0.996730 0.027122
vn 0.072567 -0.049591 0.996130
vn -0.072567 -0.049591 0.996130
vn -0.076123 -0.996730 0.027122
vn 0.072567 -0.049591 0.996130
vn 0.997010 -0.077133 0.004730
vn 0.997010 0.077272 0.000991
vn 0.072567 0.097752 0.992562
vn 0.072567 0.097752 0.992562
vn 0.076123 0.996874 -0.021158
vn -0.076123 0.996874 -0.021158
vn -0.072567 0.097752 0.992562
vn -0.076123 -0.996730 0.027122
vn -0.997010 -0.077132 0.004730
vn -0.997010 -0.077256 0.001868
vn -0.076153 -0.996804 0.024137
vn -0.997010 -0.077132 0.004730
vn -0.072567 -0.049591 0.996130
vn -0.072567 0.097752 0.992562
vn -0.997010 0.077271 0.000991
vn -0.997010 0.077271 0.000991
vn -0.076123 0.996874 -0.021158
vn -0.076153 0.996804 -0.024143
vn -0.997010 0.077256 -0.001874
vn -0.072567 -0.097752 -0.992562
vn -0.997007 -0.077310 -0.000530
vn -0.997007 0.077193 -0.004272
vn -0.072567 0.049591 -0.996130
vn 0.997010 -0.077256 0.001868
vn 0.997010 0.077256 -0.001874
vn 0.997010 0.077272 0.000991
vn 0.997010 -0.077133 0.004730
vn 0.072567 -0.049591 0.996130
vn 0.072567 0.097752 0.992562
vn -0.072567 0.097752 0.992562
vn -0.072567 -0.049591 0.996130
vn -0.997010 -0.077132 0.004730
vn -0.997010 0.077271 0.000991
vn -0.997010 0.077256 -0.001874
vn -0.997010 -0.077256 0.001868
vn -0.072567 -0.097752 -0.992562
vn -0.072567 0.049591 -0.996130
vn 0.072567 0.049591 -0.996130
vn 0.072567 -0.097752 -0.992562
vn 0.076153 0.996804 -0.024143
vn -0.076153 0.996804 -0.024143
vn -0.076123 0.996874 -0.021158
vn 0.076123 0.996874 -0.021158
vn -0.076153 -0.996804 0.024137
vn 0.076153 -0.996804 0.024137
vn 0.076123 -0.996730 0.027122
vn -0.076123 -0.996730 0.027122
vn 0.072567 -0.097752 -0.992562
vn 0.997007 -0.077310 -0.000530
vn 0.076170 -0.996860 0.021636
vn 0.076170 0.996739 -0.026644
vn 0.997007 0.077193 -0.004272
vn 0.072567 0.049591 -0.996130
vn 0.076123 -0.996730 0.027122
vn 0.997010 -0.077133 0.004730
vn 0.072567 -0.049591 0.996130
vn 0.072567 0.097752 0.992562
vn 0.997010 0.077272 0.000991
vn 0.076123 0.996874 -0.021158
vn -0.076123 -0.996730 0.027122
vn -0.072567 -0.049591 0.996130
vn -0.997010 -0.077132 0.004730
vn -0.997010 0.077271 0.000991
vn -0.072567 0.097752 0.992562
vn -0.076123 0.996874 -0.021158
vn -0.076170 -0.996860 0.021636
vn -0.997007 -0.077310 -0.000530
vn -0.072567 -0.097752 -0.992562
vn -0.072567 0.049591 -0.996130
vn -0.997007 0.077193 -0.004272
vn -0.076170 0.996739 -0.026644
vn 0.997007 -0.077310 -0.000530
vn 0.997007 0.077193 -0.004272
vn 0.997010 0.077256 -0.001874
vn 0.997010 -0.077256 0.001868
vn 0.997007 0.077193 -0.004272
vn 0.076170 0.996739 -0.026644
vn 0.076153 0.996804 -0.024143
vn 0.997010 0.077256 -0.001874
vn 0.076170 0.996739 -0.026644
vn -0.076170 0.996739 -0.026644
vn -0.076153 0.996804 -0.024143
vn 0.076153 0.996804 -0.024143
vn -0.997010 0.077256 -0.001874
vn -0.076153 0.996804 -0.024143
vn -0.076170 0.996739 -0.026644
vn -0.997007 0.077193 -0.004272
vn -0.997010 -0.077256 0.001868
vn -0.997010 0.077256 -0.001874
vn -0.997007 0.077193 -0.004272
vn -0.997007 -0.077310 -0.000530
vn -0.076153 -0.996804 0.024137
vn -0.997010 -0.077256 0.001868
vn -0.997007 -0.077310 -0.000530
vn -0.076170 -0.996860 0.021636
vn -0.076170 -0.996860 0.021636
vn 0.076170 -0.996860 0.021636
vn 0.076153 -0.996804 0.024137
vn -0.076153 -0.996804 0.024137
vn 0.076170 -0.996860 0.021636
vn 0.997007 -0.077310 -0.000530
vn 0.997010 -0.077256 0.001868
vn 0.076153 -0.996804 0.024137
vn 0.081328 -0.691733 0.717559
vn 0.086968 0.647838 0.756797
vn -0.065352 0.650264 0.756893
vn -0.102410 -0.688808 0.717674
vn 0.997699 0.033112 0.059165
vn 0.081328 -0.691733 0.717559
vn 0.079300 -0.813487 0.576152
vn 0.996020 -0.067722 -0.057946
vn 0.065306 -0.653252 -0.754319
vn 0.079300 -0.813487 0.576152
vn -0.104437 -0.810561 0.576267
vn -0.087014 -0.650827 -0.754224
vn -0.102410 -0.688808 0.717674
vn -0.996064 0.064856 0.060413
vn -0.997743 -0.035977 -0.056697
vn -0.104437 -0.810561 0.576267
vn -0.102410 -0.688808 0.717674
vn -0.104437 -0.810561 0.576267
vn 0.079300 -0.813487 0.576152
vn 0.081328 -0.691733 0.717559
vn 0.081328 -0.691733 0.717559
vn 0.997699 0.033112 0.059165
vn 0.086968 0.647838 0.756797
vn 0.065306 -0.653252 -0.754319
vn 0.996020 -0.067722 -0.057946
vn 0.079300 -0.813487 0.576152
vn -0.065352 0.650264 0.756893
vn -0.996064 0.064856 0.060413
vn -0.102410 -0.688808 0.717674
vn -0.104437 -0.810561 0.576267
vn -0.997743 -0.035977 -0.056697
vn -0.087014 -0.650827 -0.754224
vn 0.997699 0.033112 0.059165
vn 0.996020 -0.067722 -0.057946
vn 0.996044 -0.066294 -0.059182
vn 0.997722 0.034546 0.057936
vn 0.996020 -0.067722 -0.057946
vn 0.065306 -0.653252 -0.754319
vn 0.065312 -0.651761 -0.755607
vn 0.996044 -0.066294 -0.059182
vn 0.065306 -0.653252 -0.754319
vn -0.087014 -0.650827 -0.754224
vn -0.086974 -0.649337 -0.755511
vn 0.065312 -0.651761 -0.755607
vn -0.997722 -0.034550 -0.057933
vn -0.086974 -0.649337 -0.755511
vn -0.087014 -0.650827 -0.754224
vn -0.997743 -0.035977 -0.056697
vn -0.996044 0.066290 0.059185
vn -0.997722 -0.034550 -0.057933
vn -0.997743 -0.035977 -0.056697
vn -0.996064 0.064856 0.060413
vn -0.065312 0.651758 0.755610
vn -0.996044 0.066290 0.059185
vn -0.996064 0.064856 0.060413
vn -0.065352 0.650264 0.756893
vn -0.065352 0.650264 0.756893
vn 0.086968 0.647838 0.756797
vn 0.086974 0.649333 0.755514
vn -0.065312 0.651758 0.755610
vn 0.086968 0.647838 0.756797
vn 0.997699 0.033112 0.059165
vn 0.997722 0.034546 0.057936
vn 0.086974 0.649333 0.755514
vn 0.072597 0.045755 -0.996311
vn 0.082738 -0.989794 -0.116027
vn -0.082738 -0.989794 -0.116027
vn -0.072597 0.045755 -0.996311
vn 0.997464 -0.070400 -0.010476
vn 0.072597 0.045755 -0.996311
vn 0.072597 0.180547 -0.980884
vn 0.997464 0.070947 0.005702
vn 0.082720 -0.990108 -0.113327
vn 0.997466 -0.070677 -0.008092
vn 0.997466 -0.070954 -0.005240
vn 0.082687 -0.990475 -0.110105
vn 0.082738 0.990413 0.110620
vn 0.072597 0.180547 -0.980884
vn -0.072597 0.180547 -0.980884
vn -0.082738 0.990413 0.110620
vn 0.997466 0.070678 0.008087
vn 0.082720 0.990109 0.113321
vn 0.082687 0.989738 0.116543
vn 0.997466 0.070303 0.010927
vn 0.082687 -0.990475 -0.110105
vn 0.072597 -0.180547 0.980884
vn -0.072597 -0.180547 0.980884
vn -0.082687 -0.990475 -0.110105
vn 0.072597 -0.180547 0.980884
vn 0.997466 -0.070954 -0.005240
vn 0.997466 0.070303 0.010927
vn 0.072597 -0.045755 0.996311
vn 0.072597 -0.045755 0.996311
vn 0.082687 0.989738 0.116543
vn -0.082687 0.989738 0.116543
vn -0.072597 -0.045755 0.996311
vn -0.082687 -0.990475 -0.110105
vn -0.997466 -0.070953 -0.005240
vn -0.997466 -0.070677 -0.008092
vn -0.082720 -0.990108 -0.113327
vn -0.997466 -0.070953 -0.005240
vn -0.072597 -0.180547 0.980884
vn -0.072597 -0.045755 0.996311
vn -0.997466 0.070302 0.010927
vn -0.997466 0.070302 0.010927
vn -0.082687 0.989738 0.116543
vn -0.082720 0.990109 0.113321
vn -0.997466 0.070678 0.008087
vn -0.072597 0.045755 -0.996311
vn -0.997464 -0.070400 -0.010476
vn -0.997464 0.070947 0.005702
vn -0.072597 0.180547 -0.980884
vn 0.997466 -0.070677 -0.008092
vn 0.997466 0.070678 0.008087
vn 0.997466 0.070303 0.010927
vn 0.997466 -0.070954 -0.005240
vn 0.072597 -0.180547 0.980884
vn 0.072597 -0.045755 0.996311
vn -0.072597 -0.045755 0.996311
vn -0.072597 -0.180547 0.980884
vn -0.997466 -0.070953 -0.005240
vn -0.997466 0.070302 0.010927
vn -0.997466 0.070678 0.008087
vn -0.997466 -0.070677 -0.008092
vn -0.072597 0.045755 -0.996311
vn -0.072597 0.180547 -0.980884
vn 0.072597 0.180547 -0.980884
vn 0.072597 0.045755 -0.996311
vn 0.082720 0.990109 0.113321
vn -0.082720 0.990109 0.113321
vn -0.082687 0.989738 0.116543
vn 0.082687 0.989738 0.116543
vn -0.082720 -0.990108 -0.113327
vn 0.082720 -0.990108 -0.113327
vn 0.082687 -0.990475 -0.110105
vn -0.082687 -0.990475 -0.110105
vn 0.072597 0.045755 -0.996311
vn 0.997464 -0.070400 -0.010476
vn 0.082738 -0.989794 -0.116027
vn 0.082738 0.990413 0.110620
vn 0.997464 0.070947 0.005702
vn 0.072597 0.180547 -0.980884
vn 0.082687 -0.990475 -0.110105
vn 0.997466 -0.070954 -0.005240
vn 0.072597 -0.180547 0.980884
vn 0.072597 -0.045755 0.996311
vn 0.997466 0.070303 0.010927
vn 0.082687 0.989738 0.116543
vn -0.082687 -0.990475 -0.110105
vn -0.072597 -0.180547 0.980884
vn -0.997466 -0.070953 -0.005240
vn -0.997466 0.070302 0.010927
vn -0.072597 -0.045755 0.996311
vn -0.082687 0.989738 0.116543
vn -0.082738 -0.989794 -0.116027
vn -0.997464 -0.070400 -0.010476
vn -0.072597 0.045755 -0.996311
vn -0.072597 0.180547 -0.980884
vn -0.997464 0.070947 0.005702
vn -0.082738 0.990413 0.110620
vn 0.997464 -0.070400 -0.010476
vn 0.997464 0.070947 0.005702
vn 0.997466 0.070678 0.008087
vn 0.997466 -0.070677 -0.008092
vn 0.997464 0.070947 0.005702
vn 0.082738 0.990413 0.110620
vn 0.082720 0.990109 0.113321
vn 0.997466 0.070678 0.008087
vn 0.082738 0.990413 0.110620
vn -0.082738 0.990413 0.110620
vn -0.082720 0.990109 0.113321
vn 0.082720 0.990109 0.113321
vn -0.997466 0.070678 0.008087
vn -0.082720 0.990109 0.113321
vn -0.082738 0.990413 0.110620
vn -0.997464 0.070947 0.005702
vn -0.997466 -0.070677 -0.008092
vn -0.997466 0.070678 0.008087
vn -0.997464 0.070947 0.005702
vn -0.997464 -0.070400 -0.010476
vn -0.082720 -0.990108 -0.113327
vn -0.997466 -0.070677 -0.008092
vn -0.997464 -0.070400 -0.010476
vn -0.082738 -0.989794 -0.116027
vn -0.082738 -0.989794 -0.116027
vn 0.082738 -0.989794 -0.116027
vn 0.082720 -0.990108 -0.113327
vn -0.082720 -0.990108 -0.113327
vn 0.082738 -0.989794 -0.116027
vn 0.997464 -0.070400 -0.010476
vn 0.997466 -0.070677 -0.008092
vn 0.082720 -0.990108 -0.113327
vn 0.084668 0.141332 -0.986335
vn 0.084668 0.141332 -0.986335
vn 0.084668 0.141332 -0.986335
vn 0.084668 0.141332 -0.986335
vn 0.996400 -0.007841 0.084408
vn 0.996400 -0.007841 0.084408
vn 0.996400 -0.007841 0.084408
vn 0.996400 -0.007841 0.084408
vn -0.084668 -0.141332 0.986335
vn -0.084668 -0.141332 0.986335
vn -0.084668 -0.141332 0.986335
vn -0.084668 -0.141332 0.986335
vn -0.996400 0.007840 -0.084408
vn -0.996400 0.007840 -0.084408
vn -0.996400 0.007840 -0.084408
vn -0.996400 0.007840 -0.084408
vn -0.004195 0.989931 0.141486
vn -0.004195 0.989931 0.141486
vn -0.004195 0.989931 0.141486
vn -0.004195 0.989931 0.141486
vn 0.004195 -0.989931 -0.141486
vn 0.004195 -0.989931 -0.141486
vn 0.004195 -0.989931 -0.141486
vn 0.004195 -0.989931 -0.141486
vn 0.068726 -0.722500 -0.687947
vn 0.076157 -0.741728 0.666363
vn -0.076181 -0.741215 0.666930
vn -0.078705 -0.722004 -0.687398
vn 0.996983 -0.062274 0.046341
vn 0.068726 -0.722500 -0.687947
vn 0.068726 -0.611410 -0.788324
vn 0.996983 0.052397 -0.057272
vn 0.076157 0.737910 -0.670589
vn 0.068726 -0.611410 -0.788324
vn -0.078705 -0.610914 -0.787775
vn -0.076181 0.738422 -0.670022
vn -0.078705 -0.722004 -0.687398
vn -0.997006 -0.055567 0.053764
vn -0.997006 0.059104 -0.049849
vn -0.078705 -0.610914 -0.787775
vn -0.078705 -0.722004 -0.687398
vn -0.078705 -0.610914 -0.787775
vn 0.068726 -0.611410 -0.788324
vn 0.068726 -0.722500 -0.687947
vn 0.068726 -0.722500 -0.687947
vn 0.996983 -0.062274 0.046341
vn 0.076157 -0.741728 0.666363
vn 0.076157 0.737910 -0.670589
vn 0.996983 0.052397 -0.057272
vn 0.068726 -0.611410 -0.788324
vn -0.076181 -0.741215 0.666930
vn -0.997006 -0.055567 0.053764
vn -0.078705 -0.722004 -0.687398
vn -0.078705 -0.610914 -0.787775
vn -0.997006 0.059104 -0.049849
vn -0.076181 0.738422 -0.670022
vn 0.996983 -0.062274 0.046341
vn 0.996983 0.052397 -0.057272
vn 0.996997 0.053983 -0.055524
vn 0.996997 -0.060695 0.048096
vn 0.996983 0.052397 -0.057272
vn 0.076157 0.737910 -0.670589
vn 0.076152 0.739564 -0.668765
vn 0.996997 0.053983 -0.055524
vn 0.076157 0.737910 -0.670589
vn -0.076181 0.738422 -0.670022
vn -0.076152 0.740076 -0.668198
vn 0.076152 0.739564 -0.668765
vn -0.996997 0.060691 -0.048100
vn -0.076152 0.740076 -0.668198
vn -0.076181 0.738422 -0.670022
vn -0.997006 0.059104 -0.049849
vn -0.996997 -0.053987 0.055519
vn -0.996997 0.060691 -0.048100
vn -0.997006 0.059104 -0.049849
vn -0.997006 -0.055567 0.053764
vn -0.076152 -0.739568 0.668760
vn -0.996997 -0.053987 0.055519
vn -0.997006 -0.055567 0.053764
vn -0.076181 -0.741215 0.666930
vn -0.076181 -0.741215 0.666930
vn 0.076157 -0.741728 0.666363
vn 0.076152 -0.740080 0.668193
vn -0.076152 -0.739568 0.668760
vn 0.076157 -0.741728 0.666363
vn 0.996983 -0.062274 0.046341
vn 0.996997 -0.060695 0.048096
vn 0.076152 -0.740080 0.668193
vn 0.033474 -0.730736 -0.681839
vn 0.075963 -0.743851 0.664015
vn -0.076182 -0.738688 0.669728
vn -0.133844 -0.725058 -0.675556
vn 0.995628 -0.092513 0.012875
vn 0.033474 -0.730736 -0.681839
vn 0.033474 -0.604502 -0.795900
vn 0.995628 0.022159 -0.090738
vn 0.075963 0.735788 -0.672938
vn 0.033474 -0.604502 -0.795900
vn -0.133844 -0.598824 -0.789617
vn -0.076182 0.740950 -0.667225
vn -0.133844 -0.725058 -0.675556
vn -0.995838 -0.024940 0.087659
vn -0.995838 0.089731 -0.015954
vn -0.133844 -0.598824 -0.789617
vn -0.133844 -0.725058 -0.675556
vn -0.133844 -0.598824 -0.789617
vn 0.033474 -0.604502 -0.795900
vn 0.033474 -0.730736 -0.681839
vn 0.033474 -0.730736 -0.681839
vn 0.995628 -0.092513 0.012875
vn 0.075963 -0.743851 0.664015
vn 0.075963 0.735788 -0.672938
vn 0.995628 0.022159 -0.090738
vn 0.033474 -0.604502 -0.795900
vn -0.076182 -0.738688 0.669728
vn -0.995838 -0.024940 0.087659
vn -0.133844 -0.725058 -0.675556
vn -0.133844 -0.598824 -0.789617
vn -0.995838 0.089731 -0.015954
vn -0.076182 0.740950 -0.667225
vn 0.995628 -0.092513 0.012875
vn 0.995628 0.022159 -0.090738
vn 0.995735 0.023551 -0.089204
vn 0.995735 -0.091127 0.014416
vn 0.995628 0.022159 -0.090738
vn 0.075963 0.735788 -0.672938
vn 0.076056 0.737240 -0.671337
vn 0.995735 0.023551 -0.089204
vn 0.075963 0.735788 -0.672938
vn -0.076182 0.740950 -0.667225
vn -0.076056 0.742401 -0.665625
vn 0.076056 0.737240 -0.671337
vn -0.995735 0.091124 -0.014420
vn -0.076056 0.742401 -0.665625
vn -0.076182 0.740950 -0.667225
vn -0.995838 0.089731 -0.015954
vn -0.995735 -0.023555 0.089200
vn -0.995735 0.091124 -0.014420
vn -0.995838 0.089731 -0.015954
vn -0.995838 -0.024940 0.087659
vn -0.076056 -0.737243 0.671333
vn -0.995735 -0.023555 0.089200
vn -0.995838 -0.024940 0.087659
vn -0.076182 -0.738688 0.669728
vn -0.076182 -0.738688 0.669728
vn 0.075963 -0.743851 0.664015
vn 0.076056 -0.742404 0.665621
vn -0.076056 -0.737243 0.671333
vn 0.075963 -0.743851 0.664015
vn 0.995628 -0.092513 0.012875
vn 0.995735 -0.091127 0.014416
vn 0.076056 -0.742404 0.665621
vn 0.144879 -0.724013 -0.674400
vn 0.076159 -0.738117 0.670360
vn -0.075891 -0.744420 0.663385
vn -0.022334 -0.730945 -0.682071
vn 0.995236 -0.017475 0.095921
vn 0.144879 -0.724013 -0.674400
vn 0.144879 -0.597779 -0.788460
vn 0.995236 0.097196 -0.007692
vn 0.076159 0.741521 -0.666593
vn 0.144879 -0.597779 -0.788460
vn -0.022334 -0.604711 -0.796132
vn -0.075891 0.735218 -0.673569
vn -0.022334 -0.730945 -0.682071
vn -0.994979 -0.099976 0.004615
vn -0.994979 0.014695 -0.098998
vn -0.022334 -0.604711 -0.796132
vn -0.022334 -0.730945 -0.682071
vn -0.022334 -0.604711 -0.796132
vn 0.144879 -0.597779 -0.788460
vn 0.144879 -0.724013 -0.674400
vn 0.144879 -0.724013 -0.674400
vn 0.995236 -0.017475 0.095921
vn 0.076159 -0.738117 0.670360
vn 0.076159 0.741521 -0.666593
vn 0.995236 0.097196 -0.007692
vn 0.144879 -0.597779 -0.788460
vn -0.075891 -0.744420 0.663385
vn -0.994979 -0.099976 0.004615
vn -0.022334 -0.730945 -0.682071
vn -0.022334 -0.604711 -0.796132
vn -0.994979 0.014695 -0.098998
vn -0.075891 0.735218 -0.673569
vn 0.995236 -0.017475 0.095921
vn 0.995236 0.097196 -0.007692
vn 0.995109 0.098588 -0.006159
vn 0.995109 -0.016090 0.097461
vn 0.995236 0.097196 -0.007692
vn 0.076159 0.741521 -0.666593
vn 0.076008 0.742971 -0.664994
vn 0.995109 0.098588 -0.006159
vn 0.076159 0.741521 -0.666593
vn -0.075891 0.735218 -0.673569
vn -0.076008 0.736669 -0.671968
vn 0.076008 0.742971 -0.664994
vn -0.995109 0.016087 -0.097465
vn -0.076008 0.736669 -0.671968
vn -0.075891 0.735218 -0.673569
vn -0.994979 0.014695 -0.098998
vn -0.995109 -0.098592 0.006155
vn -0.995109 0.016087 -0.097465
vn -0.994979 0.014695 -0.098998
vn -0.994979 -0.099976 0.004615
vn -0.076008 -0.742974 0.664990
vn -0.995109 -0.098592 0.006155
vn -0.994979 -0.099976 0.004615
vn -0.075891 -0.744420 0.663385
vn -0.075891 -0.744420 0.663385
vn 0.076159 -0.738117 0.670360
vn 0.076008 -0.736673 0.671964
vn -0.076008 -0.742974 0.664990
vn 0.076159 -0.738117 0.670360
vn 0.995236 -0.017475 0.095921
vn 0.995109 -0.016090 0.097461
vn 0.076008 -0.736673 0.671964
vn 0.071154 -0.994637 -0.075058
vn 0.993882 -0.002505 -0.110415
vn 0.999121 -0.002505 0.041835
vn 0.076145 -0.994637 0.069990
vn 0.042941 -0.002402 -0.999075
vn 0.071154 -0.994637 -0.075058
vn -0.076145 -0.994637 -0.069990
vn -0.111515 -0.002402 -0.993760
vn 0.993887 -0.000003 -0.110398
vn 0.042946 -0.000003 -0.999077
vn 0.042892 0.002861 -0.999076
vn 0.993886 0.002983 -0.110368
vn -0.999121 -0.002505 -0.041835
vn -0.076145 -0.994637 -0.069990
vn -0.071154 -0.994637 0.075058
vn -0.993882 -0.002505 0.110415
vn -0.111520 -0.000003 -0.993762
vn -0.999125 -0.000003 -0.041818
vn -0.999122 0.002983 -0.041788
vn -0.111467 0.002861 -0.993764
vn 0.993886 0.002983 -0.110368
vn 0.071154 0.994637 -0.075058
vn 0.076145 0.994637 0.069990
vn 0.999122 0.002983 0.041788
vn 0.071154 0.994637 -0.075058
vn 0.042892 0.002861 -0.999076
vn -0.111467 0.002861 -0.993764
vn -0.076145 0.994637 -0.069990
vn -0.076145 0.994637 -0.069990
vn -0.999122 0.002983 -0.041788
vn -0.993886 0.002983 0.110368
vn -0.071154 0.994637 0.075058
vn 0.999122 0.002983 0.041788
vn 0.111466 0.002861 0.993764
vn 0.111520 -0.000003 0.993762
vn 0.999125 -0.000003 0.041818
vn 0.111466 0.002861 0.993764
vn 0.076145 0.994637 0.069990
vn -0.071154 0.994637 0.075058
vn -0.042891 0.002861 0.999076
vn -0.042891 0.002861 0.999076
vn -0.993886 0.002983 0.110368
vn -0.993887 -0.000003 0.110398
vn -0.042946 -0.000003 0.999077
vn 0.076145 -0.994637 0.069990
vn 0.111515 -0.002402 0.993760
vn -0.042941 -0.002402 0.999075
vn -0.071154 -0.994637 0.075058
vn 0.042946 -0.000003 -0.999077
vn -0.111520 -0.000003 -0.993762
vn -0.111467 0.002861 -0.993764
vn 0.042892 0.002861 -0.999076
vn 0.071154 0.994637 -0.075058
vn -0.076145 0.994637 -0.069990
vn -0.071154 0.994637 0.075058
vn 0.076145 0.994637 0.069990
vn 0.111466 0.002861 0.993764
vn -0.042891 0.002861 0.999076
vn -0.042946 -0.000003 0.999077
vn 0.111520 -0.000003 0.993762
vn 0.076145 -0.994637 0.069990
vn -0.071154 -0.994637 0.075058
vn -0.076145 -0.994637 -0.069990
vn 0.071154 -0.994637 -0.075058
vn -0.999125 -0.000003 -0.041818
vn -0.993887 -0.000003 0.110398
vn -0.993886 0.002983 0.110368
vn -0.999122 0.002983 -0.041788
vn 0.999125 -0.000003 0.041818
vn 0.993887 -0.000003 -0.110398
vn 0.993886 0.002983 -0.110368
vn 0.999122 0.002983 0.041788
vn 0.071154 -0.994637 -0.075058
vn 0.042941 -0.002402 -0.999075
vn 0.993882 -0.002505 -0.110415
vn -0.999121 -0.002505 -0.041835
vn -0.111515 -0.002402 -0.993760
vn -0.076145 -0.994637 -0.069990
vn 0.993886 0.002983 -0.110368
vn 0.042892 0.002861 -0.999076
vn 0.071154 0.994637 -0.075058
vn -0.076145 0.994637 -0.069990
vn -0.111467 0.002861 -0.993764
vn -0.999122 0.002983 -0.041788
vn 0.999122 0.002983 0.041788
vn 0.076145 0.994637 0.069990
vn 0.111466 0.002861 0.993764
vn -0.042891 0.002861 0.999076
vn -0.071154 0.994637 0.075058
vn -0.993886 0.002983 0.110368
vn 0.999121 -0.002505 0.041835
vn 0.111515 -0.002402 0.993760
vn 0.076145 -0.994637 0.069990
vn -0.071154 -0.994637 0.075058
vn -0.042941 -0.002402 0.999075
vn -0.993882 -0.002505 0.110415
vn 0.042941 -0.002402 -0.999075
vn -0.111515 -0.002402 -0.993760
vn -0.111520 -0.000003 -0.993762
vn 0.042946 -0.000003 -0.999077
vn -0.111515 -0.002402 -0.993760
vn -0.999121 -0.002505 -0.041835
vn -0.999125 -0.000003 -0.041818
vn -0.111520 -0.000003 -0.993762
vn -0.999121 -0.002505 -0.041835
vn -0.993882 -0.002505 0.110415
vn -0.993887 -0.000003 0.110398
vn -0.999125 -0.000003 -0.041818
vn -0.042946 -0.000003 0.999077
vn -0.993887 -0.000003 0.110398
vn -0.993882 -0.002505 0.110415
vn -0.042941 -0.002402 0.999075
vn 0.111520 -0.000003 0.993762
vn -0.042946 -0.000003 0.999077
vn -0.042941 -0.002402 0.999075
vn 0.111515 -0.002402 0.993760
vn 0.999125 -0.000003 0.041818
vn 0.111520 -0.000003 0.993762
vn 0.111515 -0.002402 0.993760
vn 0.999121 -0.002505 0.041835
vn 0.999121 -0.002505 0.041835
vn 0.993882 -0.002505 -0.110415
vn 0.993887 -0.000003 -0.110398
vn 0.999125 -0.000003 0.041818
vn 0.993882 -0.002505 -0.110415
vn 0.042941 -0.002402 -0.999075
vn 0.042946 -0.000003 -0.999077
vn 0.993887 -0.000003 -0.110398
vn 0.071154 -0.994637 -0.075058
vn 0.993882 -0.002505 -0.110415
vn 0.999121 -0.002505 0.041835
vn 0.076145 -0.994637 0.069990
vn 0.042941 -0.002402 -0.999075
vn 0.071154 -0.994637 -0.075058
vn -0.076145 -0.994637 -0.069990
vn -0.111515 -0.002402 -0.993760
vn 0.993887 -0.000003 -0.110398
vn 0.042946 -0.000003 -0.999077
vn 0.042892 0.002861 -0.999076
vn 0.993886 0.002983 -0.110368
vn -0.999121 -0.002505 -0.041835
vn -0.076145 -0.994637 -0.069990
vn -0.071154 -0.994637 0.075058
vn -0.993882 -0.002505 0.110415
vn -0.111520 -0.000003 -0.993762
vn -0.999125 -0.000003 -0.041818
vn -0.999122 0.002983 -0.041788
vn -0.111467 0.002861 -0.993764
vn 0.993886 0.002983 -0.110368
vn 0.071154 0.994637 -0.075058
vn 0.076145 0.994637 0.069990
vn 0.999122 0.002983 0.041788
vn 0.071154 0.994637 -0.075058
vn 0.042892 0.002861 -0.999076
vn -0.111467 0.002861 -0.993764
vn -0.076145 0.994637 -0.069990
vn -0.076145 0.994637 -0.069990
vn -0.999122 0.002983 -0.041788
vn -0.993886 0.002983 0.110368
vn -0.071154 0.994637 0.075058
vn 0.999122 0.002983 0.041788
vn 0.111466 0.002861 0.993764
vn 0.111520 -0.000003 0.993762
vn 0.999125 -0.000003 0.041818
vn 0.111466 0.002861 0.993764
vn 0.076145 0.994637 0.069990
vn -0.071154 0.994637 0.075058
vn -0.042891 0.002861 0.999076
vn -0.042891 0.002861 0.999076
vn -0.993886 0.002983 0.110368
vn -0.993887 -0.000003 0.110398
vn -0.042946 -0.000003 0.999077
vn 0.076145 -0.994637 0.069990
vn 0.111515 -0.002402 0.993760
vn -0.042941 -0.002402 0.999075
vn -0.071154 -0.994637 0.075058
vn 0.042946 -0.000003 -0.999077
vn -0.111520 -0.000003 -0.993762
vn -0.111467 0.002861 -0.993764
vn 0.042892 0.002861 -0.999076
vn 0.071154 0.994637 -0.075058
vn -0.076145 0.994637 -0.069990
vn -0.071154 0.994637 0.075058
vn 0.076145 0.994637 0.069990
vn 0.111466 0.002861 0.993764
vn -0.042891 0.002861 0.999076
vn -0.042946 -0.000003 0.999077
vn 0.111520 -0.000003 0.993762
vn 0.076145 -0.994637 0.069990
vn -0.071154 -0.994637 0.075058
vn -0.076145 -0.994637 -0.069990
vn 0.071154 -0.994637 -0.075058
vn -0.999125 -0.000003 -0.041818
vn -0.993887 -0.000003 0.110398
vn -0.993886 0.002983 0.110368
vn -0.999122 0.002983 -0.041788
vn 0.999125 -0.000003 0.041818
vn 0.993887 -0.000003 -0.110398
vn 0.993886 0.002983 -0.110368
vn 0.999122 0.002983 0.041788
vn 0.071154 -0.994637 -0.075058
vn 0.042941 -0.002402 -0.999075
vn 0.993882 -0.002505 -0.110415
vn -0.999121 -0.002505 -0.041835
vn -0.111515 -0.002402 -0.993760
vn -0.076145 -0.994637 -0.069990
vn 0.993886 0.002983 -0.110368
vn 0.042892 0.002861 -0.999076
vn 0.071154 0.994637 -0.075058
vn -0.076145 0.994637 -0.069990
vn -0.111467 0.002861 -0.993764
vn -0.999122 0.002983 -0.041788
vn 0.999122 0.002983 0.041788
vn 0.076145 0.994637 0.069990
vn 0.111466 0.002861 0.993764
vn -0.042891 0.002861 0.999076
vn -0.071154 0.994637 0.075058
vn -0.993886 0.002983 0.110368
vn 0.999121 -0.002505 0.041835
vn 0.111515 -0.002402 0.993760
vn 0.076145 -0.994637 0.069990
vn -0.071154 -0.994637 0.075058
vn -0.042941 -0.002402 0.999075
vn -0.993882 -0.002505 0.110415
vn 0.042941 -0.002402 -0.999075
vn -0.111515 -0.002402 -0.993760
vn -0.111520 -0.000003 -0.993762
vn 0.042946 -0.000003 -0.999077
vn -0.111515 -0.002402 -0.993760
vn -0.999121 -0.002505 -0.041835
vn -0.999125 -0.000003 -0.041818
vn -0.111520 -0.000003 -0.993762
vn -0.999121 -0.002505 -0.041835
vn -0.993882 -0.002505 0.110415
vn -0.993887 -0.000003 0.110398
vn -0.999125 -0.000003 -0.041818
vn -0.042946 -0.000003 0.999077
vn -0.993887 -0.000003 0.110398
vn -0.993882 -0.002505 0.110415
vn -0.042941 -0.002402 0.999075
vn 0.111520 -0.000003 0.993762
vn -0.042946 -0.000003 0.999077
vn -0.042941 -0.002402 0.999075
vn 0.111515 -0.002402 0.993760
vn 0.999125 -0.000003 0.041818
vn 0.111520 -0.000003 0.993762
vn 0.111515 -0.002402 0.993760
vn 0.999121 -0.002505 0.041835
vn 0.999121 -0.002505 0.041835
vn 0.993882 -0.002505 -0.110415
vn 0.993887 -0.000003 -0.110398
vn 0.999125 -0.000003 0.041818
vn 0.993882 -0.002505 -0.110415
vn 0.042941 -0.002402 -0.999075
vn 0.042946 -0.000003 -0.999077
vn 0.993887 -0.000003 -0.110398
vn 0.043623 -0.085730 0.995363
vn 0.043623 -0.085730 0.995363
vn 0.043623 -0.085730 0.995363
vn 0.043623 -0.085730 0.995363
vn -0.998971 -0.016102 0.042394
vn -0.998971 -0.016102 0.042394
vn -0.998971 -0.016102 0.042394
vn -0.998971 -0.016102 0.042394
vn -0.043623 0.085730 -0.995363
vn -0.043623 0.085730 -0.995363
vn -0.043623 0.085730 -0.995363
vn -0.043623 0.085730 -0.995363
vn 0.998971 0.016101 -0.042394
vn 0.998971 0.016101 -0.042394
vn 0.998971 0.016101 -0.042394
vn 0.998971 0.016101 -0.042394
vn -0.012393 0.996188 0.086344
vn -0.012393 0.996188 0.086344
vn -0.012393 0.996188 0.086344
vn -0.012393 0.996188 0.086344
vn 0.012393 -0.996188 -0.086344
vn 0.012393 -0.996188 -0.086344
vn 0.012393 -0.996188 -0.086344
vn 0.012393 -0.996188 -0.086344
vn 0.072597 0.045755 -0.996311
vn 0.082738 -0.989794 -0.116027
vn -0.082738 -0.989794 -0.116027
vn -0.072597 0.045755 -0.996311
vn 0.997464 -0.070400 -0.010476
vn 0.072597 0.045755 -0.996311
vn 0.072597 0.180547 -0.980884
vn 0.997464 0.070947 0.005702
vn 0.082720 -0.990108 -0.113327
vn 0.997466 -0.070677 -0.008092
vn 0.997466 -0.070954 -0.005240
vn 0.082687 -0.990475 -0.110105
vn 0.082738 0.990413 0.110620
vn 0.072597 0.180547 -0.980884
vn -0.072597 0.180547 -0.980884
vn -0.082738 0.990413 0.110620
vn 0.997466 0.070678 0.008087
vn 0.082720 0.990109 0.113321
vn 0.082687 0.989738 0.116543
vn 0.997466 0.070303 0.010927
vn 0.082687 -0.990475 -0.110105
vn 0.072597 -0.180547 0.980884
vn -0.072597 -0.180547 0.980884
vn -0.082687 -0.990475 -0.110105
vn 0.072597 -0.180547 0.980884
vn 0.997466 -0.070954 -0.005240
vn 0.997466 0.070303 0.010927
vn 0.072597 -0.045755 0.996311
vn 0.072597 -0.045755 0.996311
vn 0.082687 0.989738 0.116543
vn -0.082687 0.989738 0.116543
vn -0.072597 -0.045755 0.996311
vn -0.082687 -0.990475 -0.110105
vn -0.997466 -0.070953 -0.005240
vn -0.997466 -0.070677 -0.008092
vn -0.082720 -0.990108 -0.113327
vn -0.997466 -0.070953 -0.005240
vn -0.072597 -0.180547 0.980884
vn -0.072597 -0.045755 0.996311
vn -0.997466 0.070302 0.010927
vn -0.997466 0.070302 0.010927
vn -0.082687 0.989738 0.116543
vn -0.082720 0.990109 0.113321
vn -0.997466 0.070678 0.008087
vn -0.072597 0.045755 -0.996311
vn -0.997464 -0.070400 -0.010476
vn -0.997464 0.070947 0.005702
vn -0.072597 0.180547 -0.980884
vn 0.997466 -0.070677 -0.008092
vn 0.997466 0.070678 0.008087
vn 0.997466 0.070303 0.010927
vn 0.997466 -0.070954 -0.005240
vn 0.072597 -0.180547 0.980884
vn 0.072597 -0.045755 0.996311
vn -0.072597 -0.045755 0.996311
vn -0.072597 -0.180547 0.980884
vn -0.997466 -0.070953 -0.005240
vn -0.997466 0.070302 0.010927
vn -0.997466 0.070678 0.008087
vn -0.997466 -0.070677 -0.008092
vn -0.072597 0.045755 -0.996311
vn -0.072597 0.180547 -0.980884
vn 0.072597 0.180547 -0.980884
vn 0.072597 0.045755 -0.996311
vn 0.082720 0.990109 0.113321
vn -0.082720 0.990109 0.113321
vn -0.082687 0.989738 0.116543
vn 0.082687 0.989738 0.116543
vn -0.082720 -0.990108 -0.113327
vn 0.082720 -0.990108 -0.113327
vn 0.082687 -0.990475 -0.110105
vn -0.082687 -0.990475 -0.110105
vn 0.072597 0.045755 -0.996311
vn 0.997464 -0.070400 -0.010476
vn 0.082738 -0.989794 -0.116027
vn 0.082738 0.990413 0.110620
vn 0.997464 0.070947 0.005702
vn 0.072597 0.180547 -0.980884
vn 0.082687 -0.990475 -0.110105
vn 0.997466 -0.070954 -0.005240
vn 0.072597 -0.180547 0.980884
vn 0.072597 -0.045755 0.996311
vn 0.997466 0.070303 0.010927
vn 0.082687 0.989738 0.116543
vn -0.082687 -0.990475 -0.110105
vn -0.072597 -0.180547 0.980884
vn -0.997466 -0.070953 -0.005240
vn -0.997466 0.070302 0.010927
vn -0.072597 -0.045755 0.996311
vn -0.082687 0.989738 0.116543
vn -0.082738 -0.989794 -0.116027
vn -0.997464 -0.070400 -0.010476
vn -0.072597 0.045755 -0.996311
vn -0.072597 0.180547 -0.980884
vn -0.997464 0.070947 0.005702
vn -0.082738 0.990413 0.110620
vn 0.997464 -0.070400 -0.010476
vn 0.997464 0.070947 0.005702
vn 0.997466 0.070678 0.008087
vn 0.997466 -0.070677 -0.008092
vn 0.997464 0.070947 0.005702
vn 0.082738 0.990413 0.110620
vn 0.082720 0.990109 0.113321
vn 0.997466 0.070678 0.008087
vn 0.082738 0.990413 0.110620
vn -0.082738 0.990413 0.110620
vn -0.082720 0.990109 0.113321
vn 0.082720 0.990109 0.113321
vn -0.997466 0.070678 0.008087
vn -0.082720 0.990109 0.113321
vn -0.082738 0.990413 0.110620
vn -0.997464 0.070947 0.005702
vn -0.997466 -0.070677 -0.008092
vn -0.997466 0.070678 0.008087
vn -0.997464 0.070947 0.005702
vn -0.997464 -0.070400 -0.010476
vn -0.082720 -0.990108 -0.113327
vn -0.997466 -0.070677 -0.008092
vn -0.997464 -0.070400 -0.010476
vn -0.082738 -0.989794 -0.116027
vn -0.082738 -0.989794 -0.116027
vn 0.082738 -0.989794 -0.116027
vn 0.082720 -0.990108 -0.113327
vn -0.082720 -0.990108 -0.113327
vn 0.082738 -0.989794 -0.116027
vn 0.997464 -0.070400 -0.010476
vn 0.997466 -0.070677 -0.008092
vn 0.082720 -0.990108 -0.113327
vn -0.042470 0.085815 -0.995406
vn -0.042470 0.085815 -0.995406
vn -0.042470 0.085815 -0.995406
vn -0.042470 0.085815 -0.995406
vn -0.999098 -0.003656 0.042312
vn -0.999098 -0.003656 0.042312
vn -0.999098 -0.003656 0.042312
vn -0.999098 -0.003656 0.042312
vn 0.042470 -0.085815 0.995406
vn 0.042470 -0.085815 0.995406
vn 0.042470 -0.085815 0.995406
vn 0.042470 -0.085815 0.995406
vn 0.999098 0.003657 -0.042312
vn 0.999098 0.003657 -0.042312
vn 0.999098 0.003657 -0.042312
vn 0.999098 0.003657 -0.042312
vn 0.000009 -0.996304 -0.085895
vn 0.000009 -0.996304 -0.085895
vn 0.000009 -0.996304 -0.085895
vn 0.000009 -0.996304 -0.085895
vn -0.000009 0.996304 0.085895
vn -0.000009 0.996304 0.085895
vn -0.000009 0.996304 0.085895
vn -0.000009 0.996304 0.085895
vn -0.046509 -0.141672 0.988820
vn -0.046509 -0.141672 0.988820
vn -0.046509 -0.141672 0.988820
vn -0.046509 -0.141672 0.988820
vn 0.998912 -0.010055 0.045543
vn 0.998912 -0.010055 0.045543
vn 0.998912 -0.010055 0.045543
vn 0.998912 -0.010055 0.045543
vn 0.046509 0.141672 -0.988820
vn 0.046509 0.141672 -0.988820
vn 0.046509 0.141672 -0.988820
vn 0.046509 0.141672 -0.988820
vn -0.998912 0.010056 -0.045543
vn -0.998912 0.010056 -0.045543
vn -0.998912 0.010056 -0.045543
vn -0.998912 0.010056 -0.045543
vn -0.003491 -0.989863 -0.141984
vn -0.003491 -0.989863 -0.141984
vn -0.003491 -0.989863 -0.141984
vn -0.003491 -0.989863 -0.141984
vn 0.003491 0.989863 0.141984
vn 0.003491 0.989863 0.141984
vn 0.003491 0.989863 0.141984
vn 0.003491 0.989863 0.141984
vn 0.076153 -0.000003 0.997096
vn 0.997010 -0.000003 0.077279
vn 0.997010 0.002861 0.077225
vn 0.076123 0.002983 0.997094
vn 0.997010 -0.000003 -0.077279
vn 0.076153 -0.000003 -0.997096
vn 0.076123 0.002983 -0.997094
vn 0.997010 0.002861 -0.077225
vn 0.076123 0.002983 0.997094
vn 0.072567 0.994637 0.073693
vn -0.072567 0.994637 0.073693
vn -0.076123 0.002983 0.997094
vn 0.072567 0.994637 0.073693
vn 0.997010 0.002861 0.077225
vn 0.997010 0.002861 -0.077225
vn 0.072567 0.994637 -0.073693
vn 0.072567 0.994637 -0.073693
vn 0.076123 0.002983 -0.997094
vn -0.076123 0.002983 -0.997094
vn -0.072567 0.994637 -0.073693
vn -0.076123 0.002983 0.997094
vn -0.997010 0.002861 0.077224
vn -0.997010 -0.000003 0.077279
vn -0.076153 -0.000003 0.997096
vn -0.997010 0.002861 0.077224
vn -0.072567 0.994637 0.073693
vn -0.072567 0.994637 -0.073693
vn -0.997010 0.002861 -0.077224
vn -0.997010 0.002861 -0.077224
vn -0.076123 0.002983 -0.997094
vn -0.076153 -0.000003 -0.997096
vn -0.997010 -0.000003 -0.077279
vn 0.997010 -0.000003 0.077279
vn 0.997010 -0.000003 -0.077279
vn 0.997010 0.002861 -0.077225
vn 0.997010 0.002861 0.077225
vn 0.072567 0.994637 0.073693
vn 0.072567 0.994637 -0.073693
vn -0.072567 0.994637 -0.073693
vn -0.072567 0.994637 0.073693
vn -0.997010 0.002861 0.077224
vn -0.997010 0.002861 -0.077224
vn -0.997010 -0.000003 -0.077279
vn -0.997010 -0.000003 0.077279
vn 0.076153 -0.000003 -0.997096
vn -0.076153 -0.000003 -0.997096
vn -0.076123 0.002983 -0.997094
vn 0.076123 0.002983 -0.997094
vn -0.076153 -0.000003 0.997096
vn 0.076153 -0.000003 0.997096
vn 0.076123 0.002983 0.997094
vn -0.076123 0.002983 0.997094
vn 0.076123 0.002983 0.997094
vn 0.997010 0.002861 0.077225
vn 0.072567 0.994637 0.073693
vn 0.072567 0.994637 -0.073693
vn 0.997010 0.002861 -0.077225
vn 0.076123 0.002983 -0.997094
vn -0.076123 0.002983 0.997094
vn -0.072567 0.994637 0.073693
vn -0.997010 0.002861 0.077224
vn -0.997010 0.002861 -0.077224
vn -0.072567 0.994637 -0.073693
vn -0.076123 0.002983 -0.997094
vn 0.071154 -0.994637 -0.075058
vn 0.993882 -0.002505 -0.110415
vn 0.999121 -0.002505 0.041835
vn 0.076145 -0.994637 0.069990
vn 0.042941 -0.002402 -0.999075
vn 0.071154 -0.994637 -0.075058
vn -0.076145 -0.994637 -0.069990
vn -0.111515 -0.002402 -0.993760
vn 0.993887 -0.000003 -0.110398
vn 0.042946 -0.000003 -0.999077
vn 0.042892 0.002861 -0.999076
vn 0.993886 0.002983 -0.110368
vn -0.999121 -0.002505 -0.041835
vn -0.076145 -0.994637 -0.069990
vn -0.071154 -0.994637 0.075058
vn -0.993882 -0.002505 0.110415
vn -0.111520 -0.000003 -0.993762
vn -0.999125 -0.000003 -0.041818
vn -0.999122 0.002983 -0.041788
vn -0.111467 0.002861 -0.993764
vn 0.993886 0.002983 -0.110368
vn 0.071154 0.994637 -0.075058
vn 0.076145 0.994637 0.069990
vn 0.999122 0.002983 0.041788
vn 0.071154 0.994637 -0.075058
vn 0.042892 0.002861 -0.999076
vn -0.111467 0.002861 -0.993764
vn -0.076145 0.994637 -0.069990
vn -0.076145 0.994637 -0.069990
vn -0.999122 0.002983 -0.041788
vn -0.993886 0.002983 0.110368
vn -0.071154 0.994637 0.075058
vn 0.999122 0.002983 0.041788
vn 0.111466 0.002861 0.993764
vn 0.111520 -0.000003 0.993762
vn 0.999125 -0.000003 0.041818
vn 0.111466 0.002861 0.993764
vn 0.076145 0.994637 0.069990
vn -0.071154 0.994637 0.075058
vn -0.042891 0.002861 0.999076
vn -0.042891 0.002861 0.999076
vn -0.993886 0.002983 0.110368
vn -0.993887 -0.000003 0.110398
vn -0.042946 -0.000003 0.999077
vn 0.076145 -0.994637 0.069990
vn 0.111515 -0.002402 0.993760
vn -0.042941 -0.002402 0.999075
vn -0.071154 -0.994637 0.075058
vn 0.042946 -0.000003 -0.999077
vn -0.111520 -0.000003 -0.993762
vn -0.111467 0.002861 -0.993764
vn 0.042892 0.002861 -0.999076
vn 0.071154 0.994637 -0.075058
vn -0.076145 0.994637 -0.069990
vn -0.071154 0.994637 0.075058
vn 0.076145 0.994637 0.069990
vn 0.111466 0.002861 0.993764
vn -0.042891 0.002861 0.999076
vn -0.042946 -0.000003 0.999077
vn 0.111520 -0.000003 0.993762
vn 0.076145 -0.994637 0.069990
vn -0.071154 -0.994637 0.075058
vn -0.076145 -0.994637 -0.069990
vn 0.071154 -0.994637 -0.075058
vn -0.999125 -0.000003 -0.041818
vn -0.993887 -0.000003 0.110398
vn -0.993886 0.002983 0.110368
vn -0.999122 0.002983 -0.041788
vn 0.999125 -0.000003 0.041818
vn 0.993887 -0.000003 -0.110398
vn 0.993886 0.002983 -0.110368
vn 0.999122 0.002983 0.041788
vn 0.071154 -0.994637 -0.075058
vn 0.042941 -0.002402 -0.999075
vn 0.993882 -0.002505 -0.110415
vn -0.999121 -0.002505 -0.041835
vn -0.111515 -0.002402 -0.993760
vn -0.076145 -0.994637 -0.069990
vn 0.993886 0.002983 -0.110368
vn 0.042892 0.002861 -0.999076
vn 0.071154 0.994637 -0.075058
vn -0.076145 0.994637 -0.069990
vn -0.111467 0.002861 -0.993764
vn -0.999122 0.002983 -0.041788
vn 0.999122 0.002983 0.041788
vn 0.076145 0.994637 0.069990
vn 0.111466 0.002861 0.993764
vn -0.042891 0.002861 0.999076
vn -0.071154 0.994637 0.075058
vn -0.993886 0.002983 0.110368
vn 0.999121 -0.002505 0.041835
vn 0.111515 -0.002402 0.993760
vn 0.076145 -0.994637 0.069990
vn -0.071154 -0.994637 0.075058
vn -0.042941 -0.002402 0.999075
vn -0.993882 -0.002505 0.110415
vn 0.042941 -0.002402 -0.999075
vn -0.111515 -0.002402 -0.993760
vn -0.111520 -0.000003 -0.993762
vn 0.042946 -0.000003 -0.999077
vn -0.111515 -0.002402 -0.993760
vn -0.999121 -0.002505 -0.041835
vn -0.999125 -0.000003 -0.041818
vn -0.111520 -0.000003 -0.993762
vn -0.999121 -0.002505 -0.041835
vn -0.993882 -0.002505 0.110415
vn -0.993887 -0.000003 0.110398
vn -0.999125 -0.000003 -0.041818
vn -0.042946 -0.000003 0.999077
vn -0.993887 -0.000003 0.110398
vn -0.993882 -0.002505 0.110415
vn -0.042941 -0.002402 0.999075
vn 0.111520 -0.000003 0.993762
vn -0.042946 -0.000003 0.999077
vn -0.042941 -0.002402 0.999075
vn 0.111515 -0.002402 0.993760
vn 0.999125 -0.000003 0.041818
vn 0.111520 -0.000003 0.993762
vn 0.111515 -0.002402 0.993760
vn 0.999121 -0.002505 0.041835
vn 0.999121 -0.002505 0.041835
vn 0.993882 -0.002505 -0.110415
vn 0.993887 -0.000003 -0.110398
vn 0.999125 -0.000003 0.041818
vn 0.993882 -0.002505 -0.110415
vn 0.042941 -0.002402 -0.999075
vn 0.042946 -0.000003 -0.999077
vn 0.993887 -0.000003 -0.110398
vn 0.072567 -0.994637 0.073693
vn 0.076170 -0.002505 0.997092
vn -0.076170 -0.002505 0.997092
vn -0.072567 -0.994637 0.073693
vn 0.997007 -0.002402 0.077274
vn 0.072567 -0.994637 0.073693
vn 0.072567 -0.994637 -0.073693
vn 0.997007 -0.002402 -0.077274
vn 0.076153 -0.000003 0.997096
vn 0.997010 -0.000003 0.077279
vn 0.997010 0.002861 0.077225
vn 0.076123 0.002983 0.997094
vn 0.076170 -0.002505 -0.997092
vn 0.072567 -0.994637 -0.073693
vn -0.072567 -0.994637 -0.073693
vn -0.076170 -0.002505 -0.997092
vn 0.997010 -0.000003 -0.077279
vn 0.076153 -0.000003 -0.997096
vn 0.076123 0.002983 -0.997094
vn 0.997010 0.002861 -0.077225
vn 0.076123 0.002983 0.997094
vn 0.072567 0.994637 0.073693
vn -0.072567 0.994637 0.073693
vn -0.076123 0.002983 0.997094
vn 0.072567 0.994637 0.073693
vn 0.997010 0.002861 0.077225
vn 0.997010 0.002861 -0.077225
vn 0.072567 0.994637 -0.073693
vn 0.072567 0.994637 -0.073693
vn 0.076123 0.002983 -0.997094
vn -0.076123 0.002983 -0.997094
vn -0.072567 0.994637 -0.073693
vn -0.076123 0.002983 0.997094
vn -0.997010 0.002861 0.077224
vn -0.997010 -0.000003 0.077279
vn -0.076153 -0.000003 0.997096
vn -0.997010 0.002861 0.077224
vn -0.072567 0.994637 0.073693
vn -0.072567 0.994637 -0.073693
vn -0.997010 0.002861 -0.077224
vn -0.997010 0.002861 -0.077224
vn -0.076123 0.002983 -0.997094
vn -0.076153 -0.000003 -0.997096
vn -0.997010 -0.000003 -0.077279
vn -0.072567 -0.994637 0.073693
vn -0.997007 -0.002402 0.077274
vn -0.997007 -0.002402 -0.077274
vn -0.072567 -0.994637 -0.073693
vn 0.997010 -0.000003 0.077279
vn 0.997010 -0.000003 -0.077279
vn 0.997010 0.002861 -0.077225
vn 0.997010 0.002861 0.077225
vn 0.072567 0.994637 0.073693
vn 0.072567 0.994637 -0.073693
vn -0.072567 0.994637 -0.073693
vn -0.072567 0.994637 0.073693
vn -0.997010 0.002861 0.077224
vn -0.997010 0.002861 -0.077224
vn -0.997010 -0.000003 -0.077279
vn -0.997010 -0.000003 0.077279
vn -0.072567 -0.994637 0.073693
vn -0.072567 -0.994637 -0.073693
vn 0.072567 -0.994637 -0.073693
vn 0.072567 -0.994637 0.073693
vn 0.076153 -0.000003 -0.997096
vn -0.076153 -0.000003 -0.997096
vn -0.076123 0.002983 -0.997094
vn 0.076123 0.002983 -0.997094
vn -0.076153 -0.000003 0.997096
vn 0.076153 -0.000003 0.997096
vn 0.076123 0.002983 0.997094
vn -0.076123 0.002983 0.997094
vn 0.072567 -0.994637 0.073693
vn 0.997007 -0.002402 0.077274
vn 0.076170 -0.002505 0.997092
vn 0.076170 -0.002505 -0.997092
vn 0.997007 -0.002402 -0.077274
vn 0.072567 -0.994637 -0.073693
vn 0.076123 0.002983 0.997094
vn 0.997010 0.002861 0.077225
vn 0.072567 0.994637 0.073693
vn 0.072567 0.994637 -0.073693
vn 0.997010 0.002861 -0.077225
vn 0.076123 0.002983 -0.997094
vn -0.076123 0.002983 0.997094
vn -0.072567 0.994637 0.073693
vn -0.997010 0.002861 0.077224
vn -0.997010 0.002861 -0.077224
vn -0.072567 0.994637 -0.073693
vn -0.076123 0.002983 -0.997094
vn -0.076170 -0.002505 0.997092
vn -0.997007 -0.002402 0.077274
vn -0.072567 -0.994637 0.073693
vn -0.072567 -0.994637 -0.073693
vn -0.997007 -0.002402 -0.077274
vn -0.076170 -0.002505 -0.997092
vn 0.997007 -0.002402 0.077274
vn 0.997007 -0.002402 -0.077274
vn 0.997010 -0.000003 -0.077279
vn 0.997010 -0.000003 0.077279
vn 0.997007 -0.002402 -0.077274
vn 0.076170 -0.002505 -0.997092
vn 0.076153 -0.000003 -0.997096
vn 0.997010 -0.000003 -0.077279
vn 0.076170 -0.002505 -0.997092
vn -0.076170 -0.002505 -0.997092
vn -0.076153 -0.000003 -0.997096
vn 0.076153 -0.000003 -0.997096
vn -0.997010 -0.000003 -0.077279
vn -0.076153 -0.000003 -0.997096
vn -0.076170 -0.002505 -0.997092
vn -0.997007 -0.002402 -0.077274
vn -0.997010 -0.000003 0.077279
vn -0.997010 -0.000003 -0.077279
vn -0.997007 -0.002402 -0.077274
vn -0.997007 -0.002402 0.077274
vn -0.076153 -0.000003 0.997096
vn -0.997010 -0.000003 0.077279
vn -0.997007 -0.002402 0.077274
vn -0.076170 -0.002505 0.997092
vn -0.076170 -0.002505 0.997092
vn 0.076170 -0.002505 0.997092
vn 0.076153 -0.000003 0.997096
vn -0.076153 -0.000003 0.997096
vn 0.076170 -0.002505 0.997092
vn 0.997007 -0.002402 0.077274
vn 0.997010 -0.000003 0.077279
vn 0.076153 -0.000003 0.997096
vn 0.076153 -0.000003 0.997096
vn 0.997010 -0.000003 0.077279
vn 0.997010 0.002861 0.077225
vn 0.076123 0.002983 0.997094
vn 0.997010 -0.000003 -0.077279
vn 0.076153 -0.000003 -0.997096
vn 0.076123 0.002983 -0.997094
vn 0.997010 0.002861 -0.077225
vn 0.076123 0.002983 0.997094
vn 0.072567 0.994637 0.073693
vn -0.072567 0.994637 0.073693
vn -0.076123 0.002983 0.997094
vn 0.072567 0.994637 0.073693
vn 0.997010 0.002861 0.077225
vn 0.997010 0.002861 -0.077225
vn 0.072567 0.994637 -0.073693
vn 0.072567 0.994637 -0.073693
vn 0.076123 0.002983 -0.997094
vn -0.076123 0.002983 -0.997094
vn -0.072567 0.994637 -0.073693
vn -0.076123 0.002983 0.997094
vn -0.997010 0.002861 0.077224
vn -0.997010 -0.000003 0.077279
vn -0.076153 -0.000003 0.997096
vn -0.997010 0.002861 0.077224
vn -0.072567 0.994637 0.073693
vn -0.072567 0.994637 -0.073693
vn -0.997010 0.002861 -0.077224
vn -0.997010 0.002861 -0.077224
vn -0.076123 0.002983 -0.997094
vn -0.076153 -0.000003 -0.997096
vn -0.997010 -0.000003 -0.077279
vn 0.997010 -0.000003 0.077279
vn 0.997010 -0.000003 -0.077279
vn 0.997010 0.002861 -0.077225
vn 0.997010 0.002861 0.077225
vn 0.072567 0.994637 0.073693
vn 0.072567 0.994637 -0.073693
vn -0.072567 0.994637 -0.073693
vn -0.072567 0.994637 0.073693
vn -0.997010 0.002861 0.077224
vn -0.997010 0.002861 -0.077224
vn -0.997010 -0.000003 -0.077279
vn -0.997010 -0.000003 0.077279
vn 0.076153 -0.000003 -0.997096
vn -0.076153 -0.000003 -0.997096
vn -0.076123 0.002983 -0.997094
vn 0.076123 0.002983 -0.997094
vn -0.076153 -0.000003 0.997096
vn 0.076153 -0.000003 0.997096
vn 0.076123 0.002983 0.997094
vn -0.076123 0.002983 0.997094
vn 0.076123 0.002983 0.997094
vn 0.997010 0.002861 0.077225
vn 0.072567 0.994637 0.073693
vn 0.072567 0.994637 -0.073693
vn 0.997010 0.002861 -0.077225
vn 0.076123 0.002983 -0.997094
vn -0.076123 0.002983 0.997094
vn -0.072567 0.994637 0.073693
vn -0.997010 0.002861 0.077224
vn -0.997010 0.002861 -0.077224
vn -0.072567 0.994637 -0.073693
vn -0.076123 0.002983 -0.997094
vn 0.071154 -0.994637 -0.075058
vn 0.993882 -0.002505 -0.110415
vn 0.999121 -0.002505 0.041835
vn 0.076145 -0.994637 0.069990
vn 0.042941 -0.002402 -0.999075
vn 0.071154 -0.994637 -0.075058
vn -0.076145 -0.994637 -0.069990
vn -0.111515 -0.002402 -0.993760
vn 0.993887 -0.000003 -0.110398
vn 0.042946 -0.000003 -0.999077
vn 0.042892 0.002861 -0.999076
vn 0.993886 0.002983 -0.110368
vn -0.999121 -0.002505 -0.041835
vn -0.076145 -0.994637 -0.069990
vn -0.071154 -0.994637 0.075058
vn -0.993882 -0.002505 0.110415
vn -0.111520 -0.000003 -0.993762
vn -0.999125 -0.000003 -0.041818
vn -0.999122 0.002983 -0.041788
vn -0.111467 0.002861 -0.993764
vn 0.993886 0.002983 -0.110368
vn 0.071154 0.994637 -0.075058
vn 0.076145 0.994637 0.069990
vn 0.999122 0.002983 0.041788
vn 0.071154 0.994637 -0.075058
vn 0.042892 0.002861 -0.999076
vn -0.111467 0.002861 -0.993764
vn -0.076145 0.994637 -0.069990
vn -0.076145 0.994637 -0.069990
vn -0.999122 0.002983 -0.041788
vn -0.993886 0.002983 0.110368
vn -0.071154 0.994637 0.075058
vn 0.999122 0.002983 0.041788
vn 0.111466 0.002861 0.993764
vn 0.111520 -0.000003 0.993762
vn 0.999125 -0.000003 0.041818
vn 0.111466 0.002861 0.993764
vn 0.076145 0.994637 0.069990
vn -0.071154 0.994637 0.075058
vn -0.042891 0.002861 0.999076
vn -0.042891 0.002861 0.999076
vn -0.993886 0.002983 0.110368
vn -0.993887 -0.000003 0.110398
vn -0.042946 -0.000003 0.999077
vn 0.076145 -0.994637 0.069990
vn 0.111515 -0.002402 0.993760
vn -0.042941 -0.002402 0.999075
vn -0.071154 -0.994637 0.075058
vn 0.042946 -0.000003 -0.999077
vn -0.111520 -0.000003 -0.993762
vn -0.111467 0.002861 -0.993764
vn 0.042892 0.002861 -0.999076
vn 0.071154 0.994637 -0.075058
vn -0.076145 0.994637 -0.069990
vn -0.071154 0.994637 0.075058
vn 0.076145 0.994637 0.069990
vn 0.111466 0.002861 0.993764
vn -0.042891 0.002861 0.999076
vn -0.042946 -0.000003 0.999077
vn 0.111520 -0.000003 0.993762
vn 0.076145 -0.994637 0.069990
vn -0.071154 -0.994637 0.075058
vn -0.076145 -0.994637 -0.069990
vn 0.071154 -0.994637 -0.075058
vn -0.999125 -0.000003 -0.041818
vn -0.993887 -0.000003 0.110398
vn -0.993886 0.002983 0.110368
vn -0.999122 0.002983 -0.041788
vn 0.999125 -0.000003 0.041818
vn 0.993887 -0.000003 -0.110398
vn 0.993886 0.002983 -0.110368
vn 0.999122 0.002983 0.041788
vn 0.071154 -0.994637 -0.075058
vn 0.042941 -0.002402 -0.999075
vn 0.993882 -0.002505 -0.110415
vn -0.999121 -0.002505 -0.041835
vn -0.111515 -0.002402 -0.993760
vn -0.076145 -0.994637 -0.069990
vn 0.993886 0.002983 -0.110368
vn 0.042892 0.002861 -0.999076
vn 0.071154 0.994637 -0.075058
vn -0.076145 0.994637 -0.069990
vn -0.111467 0.002861 -0.993764
vn -0.999122 0.002983 -0.041788
vn 0.999122 0.002983 0.041788
vn 0.076145 0.994637 0.069990
vn 0.111466 0.002861 0.993764
vn -0.042891 0.002861 0.999076
vn -0.071154 0.994637 0.075058
vn -0.993886 0.002983 0.110368
vn 0.999121 -0.002505 0.041835
vn 0.111515 -0.002402 0.993760
vn 0.076145 -0.994637 0.069990
vn -0.071154 -0.994637 0.075058
vn -0.042941 -0.002402 0.999075
vn -0.993882 -0.002505 0.110415
vn 0.042941 -0.002402 -0.999075
vn -0.111515 -0.002402 -0.993760
vn -0.111520 -0.000003 -0.993762
vn 0.042946 -0.000003 -0.999077
vn -0.111515 -0.002402 -0.993760
vn -0.999121 -0.002505 -0.041835
vn -0.999125 -0.000003 -0.041818
vn -0.111520 -0.000003 -0.993762
vn -0.999121 -0.002505 -0.041835
vn -0.993882 -0.002505 0.110415
vn -0.993887 -0.000003 0.110398
vn -0.999125 -0.000003 -0.041818
vn -0.042946 -0.000003 0.999077
vn -0.993887 -0.000003 0.110398
vn -0.993882 -0.002505 0.110415
vn -0.042941 -0.002402 0.999075
vn 0.111520 -0.000003 0.993762
vn -0.042946 -0.000003 0.999077
vn -0.042941 -0.002402 0.999075
vn 0.111515 -0.002402 0.993760
vn 0.999125 -0.000003 0.041818
vn 0.111520 -0.000003 0.993762
vn 0.111515 -0.002402 0.993760
vn 0.999121 -0.002505 0.041835
vn 0.999121 -0.002505 0.041835
vn 0.993882 -0.002505 -0.110415
vn 0.993887 -0.000003 -0.110398
vn 0.999125 -0.000003 0.041818
vn 0.993882 -0.002505 -0.110415
vn 0.042941 -0.002402 -0.999075
vn 0.042946 -0.000003 -0.999077
vn 0.993887 -0.000003 -0.110398
vn 0.072567 -0.994637 0.073693
vn 0.076170 -0.002505 0.997092
vn -0.076170 -0.002505 0.997092
vn -0.072567 -0.994637 0.073693
vn 0.997007 -0.002402 0.077274
vn 0.072567 -0.994637 0.073693
vn 0.072567 -0.994637 -0.073693
vn 0.997007 -0.002402 -0.077274
vn 0.076153 -0.000003 0.997096
vn 0.997010 -0.000003 0.077279
vn 0.997010 0.002861 0.077225
vn 0.076123 0.002983 0.997094
vn 0.076170 -0.002505 -0.997092
vn 0.072567 -0.994637 -0.073693
vn -0.072567 -0.994637 -0.073693
vn -0.076170 -0.002505 -0.997092
vn 0.997010 -0.000003 -0.077279
vn 0.076153 -0.000003 -0.997096
vn 0.076123 0.002983 -0.997094
vn 0.997010 0.002861 -0.077225
vn 0.076123 0.002983 0.997094
vn 0.072567 0.994637 0.073693
vn -0.072567 0.994637 0.073693
vn -0.076123 0.002983 0.997094
vn 0.072567 0.994637 0.073693
vn 0.997010 0.002861 0.077225
vn 0.997010 0.002861 -0.077225
vn 0.072567 0.994637 -0.073693
vn 0.072567 0.994637 -0.073693
vn 0.076123 0.002983 -0.997094
vn -0.076123 0.002983 -0.997094
vn -0.072567 0.994637 -0.073693
vn -0.076123 0.002983 0.997094
vn -0.997010 0.002861 0.077224
vn -0.997010 -0.000003 0.077279
vn -0.076153 -0.000003 0.997096
vn -0.997010 0.002861 0.077224
vn -0.072567 0.994637 0.073693
vn -0.072567 0.994637 -0.073693
vn -0.997010 0.002861 -0.077224
vn -0.997010 0.002861 -0.077224
vn -0.076123 0.002983 -0.997094
vn -0.076153 -0.000003 -0.997096
vn -0.997010 -0.000003 -0.077279
vn -0.072567 -0.994637 0.073693
vn -0.997007 -0.002402 0.077274
vn -0.997007 -0.002402 -0.077274
vn -0.072567 -0.994637 -0.073693
vn 0.997010 -0.000003 0.077279
vn 0.997010 -0.000003 -0.077279
vn 0.997010 0.002861 -0.077225
vn 0.997010 0.002861 0.077225
vn 0.072567 0.994637 0.073693
vn 0.072567 0.994637 -0.073693
vn -0.072567 0.994637 -0.073693
vn -0.072567 0.994637 0.073693
vn -0.997010 0.002861 0.077224
vn -0.997010 0.002861 -0.077224
vn -0.997010 -0.000003 -0.077279
vn -0.997010 -0.000003 0.077279
vn -0.072567 -0.994637 0.073693
vn -0.072567 -0.994637 -0.073693
vn 0.072567 -0.994637 -0.073693
vn 0.072567 -0.994637 0.073693
vn 0.076153 -0.000003 -0.997096
vn -0.076153 -0.000003 -0.997096
vn -0.076123 0.002983 -0.997094
vn 0.076123 0.002983 -0.997094
vn -0.076153 -0.000003 0.997096
vn 0.076153 -0.000003 0.997096
vn 0.076123 0.002983 0.997094
vn -0.076123 0.002983 0.997094
vn 0.072567 -0.994637 0.073693
vn 0.997007 -0.002402 0.077274
vn 0.076170 -0.002505 0.997092
vn 0.076170 -0.002505 -0.997092
vn 0.997007 -0.002402 -0.077274
vn 0.072567 -0.994637 -0.073693
vn 0.076123 0.002983 0.997094
vn 0.997010 0.002861 0.077225
vn 0.072567 0.994637 0.073693
vn 0.072567 0.994637 -0.073693
vn 0.997010 0.002861 -0.077225
vn 0.076123 0.002983 -0.997094
vn -0.076123 0.002983 0.997094
vn -0.072567 0.994637 0.073693
vn -0.997010 0.002861 0.077224
vn -0.997010 0.002861 -0.077224
vn -0.072567 0.994637 -0.073693
vn -0.076123 0.002983 -0.997094
vn -0.076170 -0.002505 0.997092
vn -0.997007 -0.002402 0.077274
vn -0.072567 -0.994637 0.073693
vn -0.072567 -0.994637 -0.073693
vn -0.997007 -0.002402 -0.077274
vn -0.076170 -0.002505 -0.997092
vn 0.997007 -0.002402 0.077274
vn 0.997007 -0.002402 -0.077274
vn 0.997010 -0.000003 -0.077279
vn 0.997010 -0.000003 0.077279
vn 0.997007 -0.002402 -0.077274
vn 0.076170 -0.002505 -0.997092
vn 0.076153 -0.000003 -0.997096
vn 0.997010 -0.000003 -0.077279
vn 0.076170 -0.002505 -0.997092
vn -0.076170 -0.002505 -0.997092
vn -0.076153 -0.000003 -0.997096
vn 0.076153 -0.000003 -0.997096
vn -0.997010 -0.000003 -0.077279
vn -0.076153 -0.000003 -0.997096
vn -0.076170 -0.002505 -0.997092
vn -0.997007 -0.002402 -0.077274
vn -0.997010 -0.000003 0.077279
vn -0.997010 -0.000003 -0.077279
vn -0.997007 -0.002402 -0.077274
vn -0.997007 -0.002402 0.077274
vn -0.076153 -0.000003 0.997096
vn -0.997010 -0.000003 0.077279
vn -0.997007 -0.002402 0.077274
vn -0.076170 -0.002505 0.997092
vn -0.076170 -0.002505 0.997092
vn 0.076170 -0.002505 0.997092
vn 0.076153 -0.000003 0.997096
vn -0.076153 -0.000003 0.997096
vn 0.076170 -0.002505 0.997092
vn 0.997007 -0.002402 0.077274
vn 0.997010 -0.000003 0.077279
vn 0.076153 -0.000003 0.997096
vn 0.993887 -0.000003 -0.110398
vn 0.042946 -0.000003 -0.999077
vn 0.042892 0.002861 -0.999076
vn 0.993886 0.002983 -0.110368
vn -0.111520 -0.000003 -0.993762
vn -0.999125 -0.000003 -0.041818
vn -0.999122 0.002983 -0.041788
vn -0.111467 0.002861 -0.993764
vn 0.993886 0.002983 -0.110368
vn 0.071154 0.994637 -0.075058
vn 0.076145 0.994637 0.069990
vn 0.999122 0.002983 0.041788
vn 0.071154 0.994637 -0.075058
vn 0.042892 0.002861 -0.999076
vn -0.111467 0.002861 -0.993764
vn -0.076145 0.994637 -0.069990
vn -0.076145 0.994637 -0.069990
vn -0.999122 0.002983 -0.041788
vn -0.993886 0.002983 0.110368
vn -0.071154 0.994637 0.075058
vn 0.999122 0.002983 0.041788
vn 0.111466 0.002861 0.993764
vn 0.111520 -0.000003 0.993762
vn 0.999125 -0.000003 0.041818
vn 0.111466 0.002861 0.993764
vn 0.076145 0.994637 0.069990
vn -0.071154 0.994637 0.075058
vn -0.042891 0.002861 0.999076
vn -0.042891 0.002861 0.999076
vn -0.993886 0.002983 0.110368
vn -0.993887 -0.000003 0.110398
vn -0.042946 -0.000003 0.999077
vn 0.042946 -0.000003 -0.999077
vn -0.111520 -0.000003 -0.993762
vn -0.111467 0.002861 -0.993764
vn 0.042892 0.002861 -0.999076
vn 0.071154 0.994637 -0.075058
vn -0.076145 0.994637 -0.069990
vn -0.071154 0.994637 0.075058
vn 0.076145 0.994637 0.069990
vn 0.111466 0.002861 0.993764
vn -0.042891 0.002861 0.999076
vn -0.042946 -0.000003 0.999077
vn 0.111520 -0.000003 0.993762
vn -0.999125 -0.000003 -0.041818
vn -0.993887 -0.000003 0.110398
vn -0.993886 0.002983 0.110368
vn -0.999122 0.002983 -0.041788
vn 0.999125 -0.000003 0.041818
vn 0.993887 -0.000003 -0.110398
vn 0.993886 0.002983 -0.110368
vn 0.999122 0.002983 0.041788
vn 0.993886 0.002983 -0.110368
vn 0.042892 0.002861 -0.999076
vn 0.071154 0.994637 -0.075058
vn -0.076145 0.994637 -0.069990
vn -0.111467 0.002861 -0.993764
vn -0.999122 0.002983 -0.041788
vn 0.999122 0.002983 0.041788
vn 0.076145 0.994637 0.069990
vn 0.111466 0.002861 0.993764
vn -0.042891 0.002861 0.999076
vn -0.071154 0.994637 0.075058
vn -0.993886 0.002983 0.110368
vn 0.993887 -0.000003 -0.110398
vn 0.042946 -0.000003 -0.999077
vn 0.042892 0.002861 -0.999076
vn 0.993886 0.002983 -0.110368
vn -0.111520 -0.000003 -0.993762
vn -0.999125 -0.000003 -0.041818
vn -0.999122 0.002983 -0.041788
vn -0.111467 0.002861 -0.993764
vn 0.993886 0.002983 -0.110368
vn 0.071154 0.994637 -0.075058
vn 0.076145 0.994637 0.069990
vn 0.999122 0.002983 0.041788
vn 0.071154 0.994637 -0.075058
vn 0.042892 0.002861 -0.999076
vn -0.111467 0.002861 -0.993764
vn -0.076145 0.994637 -0.069990
vn -0.076145 0.994637 -0.069990
vn -0.999122 0.002983 -0.041788
vn -0.993886 0.002983 0.110368
vn -0.071154 0.994637 0.075058
vn 0.999122 0.002983 0.041788
vn 0.111466 0.002861 0.993764
vn 0.111520 -0.000003 0.993762
vn 0.999125 -0.000003 0.041818
vn 0.111466 0.002861 0.993764
vn 0.076145 0.994637 0.069990
vn -0.071154 0.994637 0.075058
vn -0.042891 0.002861 0.999076
vn -0.042891 0.002861 0.999076
vn -0.993886 0.002983 0.110368
vn -0.993887 -0.000003 0.110398
vn -0.042946 -0.000003 0.999077
vn 0.042946 -0.000003 -0.999077
vn -0.111520 -0.000003 -0.993762
vn -0.111467 0.002861 -0.993764
vn 0.042892 0.002861 -0.999076
vn 0.071154 0.994637 -0.075058
vn -0.076145 0.994637 -0.069990
vn -0.071154 0.994637 0.075058
vn 0.076145 0.994637 0.069990
vn 0.111466 0.002861 0.993764
vn -0.042891 0.002861 0.999076
vn -0.042946 -0.000003 0.999077
vn 0.111520 -0.000003 0.993762
vn -0.999125 -0.000003 -0.041818
vn -0.993887 -0.000003 0.110398
vn -0.993886 0.002983 0.110368
vn -0.999122 0.002983 -0.041788
vn 0.999125 -0.000003 0.041818
vn 0.993887 -0.000003 -0.110398
vn 0.993886 0.002983 -0.110368
vn 0.999122 0.002983 0.041788
vn 0.993886 0.002983 -0.110368
vn 0.042892 0.002861 -0.999076
vn 0.071154 0.994637 -0.075058
vn -0.076145 0.994637 -0.069990
vn -0.111467 0.002861 -0.993764
vn -0.999122 0.002983 -0.041788
vn 0.999122 0.002983 0.041788
vn 0.076145 0.994637 0.069990
vn 0.111466 0.002861 0.993764
vn -0.042891 0.002861 0.999076
vn -0.071154 0.994637 0.075058
vn -0.993886 0.002983 0.110368
vn 0.071154 -0.994637 -0.075058
vn 0.993882 -0.002505 -0.110415
vn 0.999121 -0.002505 0.041835
vn 0.076145 -0.994637 0.069990
vn 0.042941 -0.002402 -0.999075
vn 0.071154 -0.994637 -0.075058
vn -0.076145 -0.994637 -0.069990
vn -0.111515 -0.002402 -0.993760
vn 0.993887 -0.000003 -0.110398
vn 0.042946 -0.000003 -0.999077
vn 0.042892 0.002861 -0.999076
vn 0.993886 0.002983 -0.110368
vn -0.999121 -0.002505 -0.041835
vn -0.076145 -0.994637 -0.069990
vn -0.071154 -0.994637 0.075058
vn -0.993882 -0.002505 0.110415
vn -0.111520 -0.000003 -0.993762
vn -0.999125 -0.000003 -0.041818
vn -0.999122 0.002983 -0.041788
vn -0.111467 0.002861 -0.993764
vn 0.993886 0.002983 -0.110368
vn 0.071154 0.994637 -0.075058
vn 0.076145 0.994637 0.069990
vn 0.999122 0.002983 0.041788
vn 0.071154 0.994637 -0.075058
vn 0.042892 0.002861 -0.999076
vn -0.111467 0.002861 -0.993764
vn -0.076145 0.994637 -0.069990
vn -0.076145 0.994637 -0.069990
vn -0.999122 0.002983 -0.041788
vn -0.993886 0.002983 0.110368
vn -0.071154 0.994637 0.075058
vn 0.999122 0.002983 0.041788
vn 0.111466 0.002861 0.993764
vn 0.111520 -0.000003 0.993762
vn 0.999125 -0.000003 0.041818
vn 0.111466 0.002861 0.993764
vn 0.076145 0.994637 0.069990
vn -0.071154 0.994637 0.075058
vn -0.042891 0.002861 0.999076
vn -0.042891 0.002861 0.999076
vn -0.993886 0.002983 0.110368
vn -0.993887 -0.000003 0.110398
vn -0.042946 -0.000003 0.999077
vn 0.076145 -0.994637 0.069990
vn 0.111515 -0.002402 0.993760
vn -0.042941 -0.002402 0.999075
vn -0.071154 -0.994637 0.075058
vn 0.042946 -0.000003 -0.999077
vn -0.111520 -0.000003 -0.993762
vn -0.111467 0.002861 -0.993764
vn 0.042892 0.002861 -0.999076
vn 0.071154 0.994637 -0.075058
vn -0.076145 0.994637 -0.069990
vn -0.071154 0.994637 0.075058
vn 0.076145 0.994637 0.069990
vn 0.111466 0.002861 0.993764
vn -0.042891 0.002861 0.999076
vn -0.042946 -0.000003 0.999077
vn 0.111520 -0.000003 0.993762
vn 0.076145 -0.994637 0.069990
vn -0.071154 -0.994637 0.075058
vn -0.076145 -0.994637 -0.069990
vn 0.071154 -0.994637 -0.075058
vn -0.999125 -0.000003 -0.041818
vn -0.993887 -0.000003 0.110398
vn -0.993886 0.002983 0.110368
vn -0.999122 0.002983 -0.041788
vn 0.999125 -0.000003 0.041818
vn 0.993887 -0.000003 -0.110398
vn 0.993886 0.002983 -0.110368
vn 0.999122 0.002983 0.041788
vn 0.071154 -0.994637 -0.075058
vn 0.042941 -0.002402 -0.999075
vn 0.993882 -0.002505 -0.110415
vn -0.999121 -0.002505 -0.041835
vn -0.111515 -0.002402 -0.993760
vn -0.076145 -0.994637 -0.069990
vn 0.993886 0.002983 -0.110368
vn 0.042892 0.002861 -0.999076
vn 0.071154 0.994637 -0.075058
vn -0.076145 0.994637 -0.069990
vn -0.111467 0.002861 -0.993764
vn -0.999122 0.002983 -0.041788
vn 0.999122 0.002983 0.041788
vn 0.076145 0.994637 0.069990
vn 0.111466 0.002861 0.993764
vn -0.042891 0.002861 0.999076
vn -0.071154 0.994637 0.075058
vn -0.993886 0.002983 0.110368
vn 0.999121 -0.002505 0.041835
vn 0.111515 -0.002402 0.993760
vn 0.076145 -0.994637 0.069990
vn -0.071154 -0.994637 0.075058
vn -0.042941 -0.002402 0.999075
vn -0.993882 -0.002505 0.110415
vn 0.042941 -0.002402 -0.999075
vn -0.111515 -0.002402 -0.993760
vn -0.111520 -0.000003 -0.993762
vn 0.042946 -0.000003 -0.999077
vn -0.111515 -0.002402 -0.993760
vn -0.999121 -0.002505 -0.041835
vn -0.999125 -0.000003 -0.041818
vn -0.111520 -0.000003 -0.993762
vn -0.999121 -0.002505 -0.041835
vn -0.993882 -0.002505 0.110415
vn -0.993887 -0.000003 0.110398
vn -0.999125 -0.000003 -0.041818
vn -0.042946 -0.000003 0.999077
vn -0.993887 -0.000003 0.110398
vn -0.993882 -0.002505 0.110415
vn -0.042941 -0.002402 0.999075
vn 0.111520 -0.000003 0.993762
vn -0.042946 -0.000003 0.999077
vn -0.042941 -0.002402 0.999075
vn 0.111515 -0.002402 0.993760
vn 0.999125 -0.000003 0.041818
vn 0.111520 -0.000003 0.993762
vn 0.111515 -0.002402 0.993760
vn 0.999121 -0.002505 0.041835
vn 0.999121 -0.002505 0.041835
vn 0.993882 -0.002505 -0.110415
vn 0.993887 -0.000003 -0.110398
vn 0.999125 -0.000003 0.041818
vn 0.993882 -0.002505 -0.110415
vn 0.042941 -0.002402 -0.999075
vn 0.042946 -0.000003 -0.999077
vn 0.993887 -0.000003 -0.110398
vn -0.991943 -0.117137 -0.048250
vn 0.047349 -0.995974 -0.076113
vn 0.049880 -0.995844 0.076206
vn -0.989789 -0.117026 0.081378
vn -0.015266 -0.078165 -0.996824
vn -0.991943 -0.117137 -0.048250
vn -0.998732 0.014346 -0.048250
vn -0.023236 0.076177 -0.996824
vn -0.055487 0.995554 -0.076113
vn -0.998732 0.014346 -0.048250
vn -0.996578 0.014457 0.081378
vn -0.052956 0.995685 0.076206
vn -0.989789 -0.117026 0.081378
vn 0.017860 -0.076455 0.996913
vn 0.009890 0.077888 0.996913
vn -0.996578 0.014457 0.081378
vn -0.989789 -0.117026 0.081378
vn -0.996578 0.014457 0.081378
vn -0.998732 0.014346 -0.048250
vn -0.991943 -0.117137 -0.048250
vn -0.991943 -0.117137 -0.048250
vn -0.015266 -0.078165 -0.996824
vn 0.047349 -0.995974 -0.076113
vn -0.055487 0.995554 -0.076113
vn -0.023236 0.076177 -0.996824
vn -0.998732 0.014346 -0.048250
vn 0.049880 -0.995844 0.076206
vn 0.017860 -0.076455 0.996913
vn -0.989789 -0.117026 0.081378
vn -0.996578 0.014457 0.081378
vn 0.009890 0.077888 0.996913
vn -0.052956 0.995685 0.076206
vn -0.015266 -0.078165 -0.996824
vn -0.023236 0.076177 -0.996824
vn -0.020552 0.076321 -0.996872
vn -0.012581 -0.078032 -0.996872
vn -0.023236 0.076177 -0.996824
vn -0.055487 0.995554 -0.076113
vn -0.052687 0.995704 -0.076142
vn -0.020552 0.076321 -0.996872
vn -0.055487 0.995554 -0.076113
vn -0.052956 0.995685 0.076206
vn -0.050157 0.995835 0.076143
vn -0.052687 0.995704 -0.076142
vn 0.012575 0.078031 0.996872
vn -0.050157 0.995835 0.076143
vn -0.052956 0.995685 0.076206
vn 0.009890 0.077888 0.996913
vn 0.020545 -0.076321 0.996872
vn 0.012575 0.078031 0.996872
vn 0.009890 0.077888 0.996913
vn 0.017860 -0.076455 0.996913
vn 0.052680 -0.995704 0.076143
vn 0.020545 -0.076321 0.996872
vn 0.017860 -0.076455 0.996913
vn 0.049880 -0.995844 0.076206
vn 0.049880 -0.995844 0.076206
vn 0.047349 -0.995974 -0.076113
vn 0.050150 -0.995835 -0.076142
vn 0.052680 -0.995704 0.076143
vn 0.047349 -0.995974 -0.076113
vn -0.015266 -0.078165 -0.996824
vn -0.012581 -0.078032 -0.996872
vn 0.050150 -0.995835 -0.076142
vn 0.076153 -0.000003 0.997096
vn 0.997010 -0.000003 0.077279
vn 0.997010 0.002861 0.077225
vn 0.076123 0.002983 0.997094
vn 0.997010 -0.000003 -0.077279
vn 0.076153 -0.000003 -0.997096
vn 0.076123 0.002983 -0.997094
vn 0.997010 0.002861 -0.077225
vn 0.076123 0.002983 0.997094
vn 0.072567 0.994637 0.073693
vn -0.072567 0.994637 0.073693
vn -0.076123 0.002983 0.997094
vn 0.072567 0.994637 0.073693
vn 0.997010 0.002861 0.077225
vn 0.997010 0.002861 -0.077225
vn 0.072567 0.994637 -0.073693
vn 0.072567 0.994637 -0.073693
vn 0.076123 0.002983 -0.997094
vn -0.076123 0.002983 -0.997094
vn -0.072567 0.994637 -0.073693
vn -0.076123 0.002983 0.997094
vn -0.997010 0.002861 0.077224
vn -0.997010 -0.000003 0.077279
vn -0.076153 -0.000003 0.997096
vn -0.997010 0.002861 0.077224
vn -0.072567 0.994637 0.073693
vn -0.072567 0.994637 -0.073693
vn -0.997010 0.002861 -0.077224
vn -0.997010 0.002861 -0.077224
vn -0.076123 0.002983 -0.997094
vn -0.076153 -0.000003 -0.997096
vn -0.997010 -0.000003 -0.077279
vn 0.997010 -0.000003 0.077279
vn 0.997010 -0.000003 -0.077279
vn 0.997010 0.002861 -0.077225
vn 0.997010 0.002861 0.077225
vn 0.072567 0.994637 0.073693
vn 0.072567 0.994637 -0.073693
vn -0.072567 0.994637 -0.073693
vn -0.072567 0.994637 0.073693
vn -0.997010 0.002861 0.077224
vn -0.997010 0.002861 -0.077224
vn -0.997010 -0.000003 -0.077279
vn -0.997010 -0.000003 0.077279
vn 0.076153 -0.000003 -0.997096
vn -0.076153 -0.000003 -0.997096
vn -0.076123 0.002983 -0.997094
vn 0.076123 0.002983 -0.997094
vn -0.076153 -0.000003 0.997096
vn 0.076153 -0.000003 0.997096
vn 0.076123 0.002983 0.997094
vn -0.076123 0.002983 0.997094
vn 0.076123 0.002983 0.997094
vn 0.997010 0.002861 0.077225
vn 0.072567 0.994637 0.073693
vn 0.072567 0.994637 -0.073693
vn 0.997010 0.002861 -0.077225
vn 0.076123 0.002983 -0.997094
vn -0.076123 0.002983 0.997094
vn -0.072567 0.994637 0.073693
vn -0.997010 0.002861 0.077224
vn -0.997010 0.002861 -0.077224
vn -0.072567 0.994637 -0.073693
vn -0.076123 0.002983 -0.997094
vn 0.072567 -0.994637 0.073693
vn 0.076170 -0.002505 0.997092
vn -0.076170 -0.002505 0.997092
vn -0.072567 -0.994637 0.073693
vn 0.997007 -0.002402 0.077274
vn 0.072567 -0.994637 0.073693
vn 0.072567 -0.994637 -0.073693
vn 0.997007 -0.002402 -0.077274
vn 0.076153 -0.000003 0.997096
vn 0.997010 -0.000003 0.077279
vn 0.997010 0.002861 0.077225
vn 0.076123 0.002983 0.997094
vn 0.076170 -0.002505 -0.997092
vn 0.072567 -0.994637 -0.073693
vn -0.072567 -0.994637 -0.073693
vn -0.076170 -0.002505 -0.997092
vn 0.997010 -0.000003 -0.077279
vn 0.076153 -0.000003 -0.997096
vn 0.076123 0.002983 -0.997094
vn 0.997010 0.002861 -0.077225
vn 0.076123 0.002983 0.997094
vn 0.072567 0.994637 0.073693
vn -0.072567 0.994637 0.073693
vn -0.076123 0.002983 0.997094
vn 0.072567 0.994637 0.073693
vn 0.997010 0.002861 0.077225
vn 0.997010 0.002861 -0.077225
vn 0.072567 0.994637 -0.073693
vn 0.072567 0.994637 -0.073693
vn 0.076123 0.002983 -0.997094
vn -0.076123 0.002983 -0.997094
vn -0.072567 0.994637 -0.073693
vn -0.076123 0.002983 0.997094
vn -0.997010 0.002861 0.077224
vn -0.997010 -0.000003 0.077279
vn -0.076153 -0.000003 0.997096
vn -0.997010 0.002861 0.077224
vn -0.072567 0.994637 0.073693
vn -0.072567 0.994637 -0.073693
vn -0.997010 0.002861 -0.077224
vn -0.997010 0.002861 -0.077224
vn -0.076123 0.002983 -0.997094
vn -0.076153 -0.000003 -0.997096
vn -0.997010 -0.000003 -0.077279
vn -0.072567 -0.994637 0.073693
vn -0.997007 -0.002402 0.077274
vn -0.997007 -0.002402 -0.077274
vn -0.072567 -0.994637 -0.073693
vn 0.997010 -0.000003 0.077279
vn 0.997010 -0.000003 -0.077279
vn 0.997010 0.002861 -0.077225
vn 0.997010 0.002861 0.077225
vn 0.072567 0.994637 0.073693
vn 0.072567 0.994637 -0.073693
vn -0.072567 0.994637 -0.073693
vn -0.072567 0.994637 0.073693
vn -0.997010 0.002861 0.077224
vn -0.997010 0.002861 -0.077224
vn -0.997010 -0.000003 -0.077279
vn -0.997010 -0.000003 0.077279
vn -0.072567 -0.994637 0.073693
vn -0.072567 -0.994637 -0.073693
vn 0.072567 -0.994637 -0.073693
vn 0.072567 -0.994637 0.073693
vn 0.076153 -0.000003 -0.997096
vn -0.076153 -0.000003 -0.997096
vn -0.076123 0.002983 -0.997094
vn 0.076123 0.002983 -0.997094
vn -0.076153 -0.000003 0.997096
vn 0.076153 -0.000003 0.997096
vn 0.076123 0.002983 0.997094
vn -0.076123 0.002983 0.997094
vn 0.072567 -0.994637 0.073693
vn 0.997007 -0.002402 0.077274
vn 0.076170 -0.002505 0.997092
vn 0.076170 -0.002505 -0.997092
vn 0.997007 -0.002402 -0.077274
vn 0.072567 -0.994637 -0.073693
vn 0.076123 0.002983 0.997094
vn 0.997010 0.002861 0.077225
vn 0.072567 0.994637 0.073693
vn 0.072567 0.994637 -0.073693
vn 0.997010 0.002861 -0.077225
vn 0.076123 0.002983 -0.997094
vn -0.076123 0.002983 0.997094
vn -0.072567 0.994637 0.073693
vn -0.997010 0.002861 0.077224
vn -0.997010 0.002861 -0.077224
vn -0.072567 0.994637 -0.073693
vn -0.076123 0.002983 -0.997094
vn -0.076170 -0.002505 0.997092
vn -0.997007 -0.002402 0.077274
vn -0.072567 -0.994637 0.073693
vn -0.072567 -0.994637 -0.073693
vn -0.997007 -0.002402 -0.077274
vn -0.076170 -0.002505 -0.997092
vn 0.997007 -0.002402 0.077274
vn 0.997007 -0.002402 -0.077274
vn 0.997010 -0.000003 -0.077279
vn 0.997010 -0.000003 0.077279
vn 0.997007 -0.002402 -0.077274
vn 0.076170 -0.002505 -0.997092
vn 0.076153 -0.000003 -0.997096
vn 0.997010 -0.000003 -0.077279
vn 0.076170 -0.002505 -0.997092
vn -0.076170 -0.002505 -0.997092
vn -0.076153 -0.000003 -0.997096
vn 0.076153 -0.000003 -0.997096
vn -0.997010 -0.000003 -0.077279
vn -0.076153 -0.000003 -0.997096
vn -0.076170 -0.002505 -0.997092
vn -0.997007 -0.002402 -0.077274
vn -0.997010 -0.000003 0.077279
vn -0.997010 -0.000003 -0.077279
vn -0.997007 -0.002402 -0.077274
vn -0.997007 -0.002402 0.077274
vn -0.076153 -0.000003 0.997096
vn -0.997010 -0.000003 0.077279
vn -0.997007 -0.002402 0.077274
vn -0.076170 -0.002505 0.997092
vn -0.076170 -0.002505 0.997092
vn 0.076170 -0.002505 0.997092
vn 0.076153 -0.000003 0.997096
vn -0.076153 -0.000003 0.997096
vn 0.076170 -0.002505 0.997092
vn 0.997007 -0.002402 0.077274
vn 0.997010 -0.000003 0.077279
vn 0.076153 -0.000003 0.997096
vn 0.021405 0.012716 -0.999690
vn 0.075290 -0.992858 -0.092540
vn -0.076850 -0.993435 -0.084747
vn -0.123538 0.012167 -0.992265
vn 0.995521 -0.073007 -0.060071
vn 0.021405 0.012716 -0.999690
vn 0.021501 0.159551 -0.986956
vn 0.995622 0.080963 -0.046718
vn 0.075401 -0.993079 -0.090050
vn 0.995646 -0.073219 -0.057685
vn 0.995793 -0.073413 -0.054831
vn 0.075524 -0.993335 -0.087078
vn 0.076593 0.993867 0.079762
vn 0.021501 0.159551 -0.986956
vn -0.123442 0.159002 -0.979531
vn -0.075547 0.993291 0.087555
vn 0.995747 0.080761 -0.044331
vn 0.076704 0.993655 0.082253
vn 0.076827 0.993395 0.085225
vn 0.995894 0.080460 -0.041486
vn 0.075524 -0.993335 -0.087078
vn 0.123442 -0.159002 0.979531
vn -0.021501 -0.159551 0.986956
vn -0.076521 -0.993910 -0.079289
vn 0.123442 -0.159002 0.979531
vn 0.995793 -0.073413 -0.054831
vn 0.995894 0.080460 -0.041486
vn 0.123538 -0.012167 0.992265
vn 0.123538 -0.012167 0.992265
vn 0.076827 0.993395 0.085225
vn -0.075218 0.992820 0.093013
vn -0.021405 -0.012716 0.999690
vn -0.076521 -0.993910 -0.079289
vn -0.995601 -0.080953 0.047179
vn -0.995748 -0.080760 0.044325
vn -0.076704 -0.993655 -0.082259
vn -0.995601 -0.080953 0.047179
vn -0.021501 -0.159551 0.986956
vn -0.021405 -0.012716 0.999690
vn -0.995500 0.072918 0.060524
vn -0.995500 0.072918 0.060524
vn -0.075218 0.992820 0.093013
vn -0.075402 0.993079 0.090044
vn -0.995647 0.073220 0.057679
vn -0.123538 0.012167 -0.992265
vn -0.995868 -0.080548 0.041938
vn -0.995767 0.073422 0.055292
vn -0.123442 0.159002 -0.979531
vn 0.995646 -0.073219 -0.057685
vn 0.995747 0.080761 -0.044331
vn 0.995894 0.080460 -0.041486
vn 0.995793 -0.073413 -0.054831
vn 0.123442 -0.159002 0.979531
vn 0.123538 -0.012167 0.992265
vn -0.021405 -0.012716 0.999690
vn -0.021501 -0.159551 0.986956
vn -0.995601 -0.080953 0.047179
vn -0.995500 0.072918 0.060524
vn -0.995647 0.073220 0.057679
vn -0.995748 -0.080760 0.044325
vn -0.123538 0.012167 -0.992265
vn -0.123442 0.159002 -0.979531
vn 0.021501 0.159551 -0.986956
vn 0.021405 0.012716 -0.999690
vn 0.076704 0.993655 0.082253
vn -0.075402 0.993079 0.090044
vn -0.075218 0.992820 0.093013
vn 0.076827 0.993395 0.085225
vn -0.076704 -0.993655 -0.082259
vn 0.075401 -0.993079 -0.090050
vn 0.075524 -0.993335 -0.087078
vn -0.076521 -0.993910 -0.079289
vn 0.021405 0.012716 -0.999690
vn 0.995521 -0.073007 -0.060071
vn 0.075290 -0.992858 -0.092540
vn 0.076593 0.993867 0.079762
vn 0.995622 0.080963 -0.046718
vn 0.021501 0.159551 -0.986956
vn 0.075524 -0.993335 -0.087078
vn 0.995793 -0.073413 -0.054831
vn 0.123442 -0.159002 0.979531
vn 0.123538 -0.012167 0.992265
vn 0.995894 0.080460 -0.041486
vn 0.076827 0.993395 0.085225
vn -0.076521 -0.993910 -0.079289
vn -0.021501 -0.159551 0.986956
vn -0.995601 -0.080953 0.047179
vn -0.995500 0.072918 0.060524
vn -0.021405 -0.012716 0.999690
vn -0.075218 0.992820 0.093013
vn -0.076850 -0.993435 -0.084747
vn -0.995868 -0.080548 0.041938
vn -0.123538 0.012167 -0.992265
vn -0.123442 0.159002 -0.979531
vn -0.995767 0.073422 0.055292
vn -0.075547 0.993291 0.087555
vn 0.995521 -0.073007 -0.060071
vn 0.995622 0.080963 -0.046718
vn 0.995747 0.080761 -0.044331
vn 0.995646 -0.073219 -0.057685
vn 0.995622 0.080963 -0.046718
vn 0.076593 0.993867 0.079762
vn 0.076704 0.993655 0.082253
vn 0.995747 0.080761 -0.044331
vn 0.076593 0.993867 0.079762
vn -0.075547 0.993291 0.087555
vn -0.075402 0.993079 0.090044
vn 0.076704 0.993655 0.082253
vn -0.995647 0.073220 0.057679
vn -0.075402 0.993079 0.090044
vn -0.075547 0.993291 0.087555
vn -0.995767 0.073422 0.055292
vn -0.995748 -0.080760 0.044325
vn -0.995647 0.073220 0.057679
vn -0.995767 0.073422 0.055292
vn -0.995868 -0.080548 0.041938
vn -0.076704 -0.993655 -0.082259
vn -0.995748 -0.080760 0.044325
vn -0.995868 -0.080548 0.041938
vn -0.076850 -0.993435 -0.084747
vn -0.076850 -0.993435 -0.084747
vn 0.075290 -0.992858 -0.092540
vn 0.075401 -0.993079 -0.090050
vn -0.076704 -0.993655 -0.082259
vn 0.075290 -0.992858 -0.092540
vn 0.995521 -0.073007 -0.060071
vn 0.995646 -0.073219 -0.057685
vn 0.075401 -0.993079 -0.090050
vn 0.072567 0.012536 -0.997285
vn 0.076170 -0.993145 -0.088661
vn -0.076170 -0.993145 -0.088661
vn -0.072567 0.012536 -0.997285
vn 0.997007 -0.076777 -0.009071
vn 0.072567 0.012536 -0.997285
vn 0.072567 0.159371 -0.984548
vn 0.997007 0.077193 0.004285
vn 0.076153 -0.993366 -0.086169
vn 0.997010 -0.076990 -0.006681
vn 0.997010 -0.077183 -0.003823
vn 0.076123 -0.993622 -0.083194
vn 0.076170 0.993578 0.083670
vn 0.072567 0.159371 -0.984548
vn -0.072567 0.159371 -0.984548
vn -0.076170 0.993578 0.083670
vn 0.997010 0.076990 0.006675
vn 0.076153 0.993366 0.086163
vn 0.076123 0.993106 0.089137
vn 0.997010 0.076689 0.009524
vn 0.076123 -0.993622 -0.083194
vn 0.072567 -0.159371 0.984548
vn -0.072567 -0.159371 0.984548
vn -0.076123 -0.993622 -0.083194
vn 0.072567 -0.159371 0.984548
vn 0.997010 -0.077183 -0.003823
vn 0.997010 0.076689 0.009524
vn 0.072567 -0.012536 0.997285
vn 0.072567 -0.012536 0.997285
vn 0.076123 0.993106 0.089137
vn -0.076123 0.993106 0.089137
vn -0.072567 -0.012536 0.997285
vn -0.076123 -0.993622 -0.083194
vn -0.997010 -0.077182 -0.003823
vn -0.997010 -0.076990 -0.006681
vn -0.076153 -0.993366 -0.086169
vn -0.997010 -0.077182 -0.003823
vn -0.072567 -0.159371 0.984548
vn -0.072567 -0.012536 0.997285
vn -0.997010 0.076688 0.009524
vn -0.997010 0.076688 0.009524
vn -0.076123 0.993106 0.089137
vn -0.076153 0.993366 0.086163
vn -0.997010 0.076990 0.006675
vn -0.072567 0.012536 -0.997285
vn -0.997007 -0.076777 -0.009071
vn -0.997007 0.077193 0.004285
vn -0.072567 0.159371 -0.984548
vn 0.997010 -0.076990 -0.006681
vn 0.997010 0.076990 0.006675
vn 0.997010 0.076689 0.009524
vn 0.997010 -0.077183 -0.003823
vn 0.072567 -0.159371 0.984548
vn 0.072567 -0.012536 0.997285
vn -0.072567 -0.012536 0.997285
vn -0.072567 -0.159371 0.984548
vn -0.997010 -0.077182 -0.003823
vn -0.997010 0.076688 0.009524
vn -0.997010 0.076990 0.006675
vn -0.997010 -0.076990 -0.006681
vn -0.072567 0.012536 -0.997285
vn -0.072567 0.159371 -0.984548
vn 0.072567 0.159371 -0.984548
vn 0.072567 0.012536 -0.997285
vn 0.076153 0.993366 0.086163
vn -0.076153 0.993366 0.086163
vn -0.076123 0.993106 0.089137
vn 0.076123 0.993106 0.089137
vn -0.076153 -0.993366 -0.086169
vn 0.076153 -0.993366 -0.086169
vn 0.076123 -0.993622 -0.083194
vn -0.076123 -0.993622 -0.083194
vn 0.072567 0.012536 -0.997285
vn 0.997007 -0.076777 -0.009071
vn 0.076170 -0.993145 -0.088661
vn 0.076170 0.993578 0.083670
vn 0.997007 0.077193 0.004285
vn 0.072567 0.159371 -0.984548
vn 0.076123 -0.993622 -0.083194
vn 0.997010 -0.077183 -0.003823
vn 0.072567 -0.159371 0.984548
vn 0.072567 -0.012536 0.997285
vn 0.997010 0.076689 0.009524
vn 0.076123 0.993106 0.089137
vn -0.076123 -0.993622 -0.083194
vn -0.072567 -0.159371 0.984548
vn -0.997010 -0.077182 -0.003823
vn -0.997010 0.076688 0.009524
vn -0.072567 -0.012536 0.997285
vn -0.076123 0.993106 0.089137
vn -0.076170 -0.993145 -0.088661
vn -0.997007 -0.076777 -0.009071
vn -0.072567 0.012536 -0.997285
vn -0.072567 0.159371 -0.984548
vn -0.997007 0.077193 0.004285
vn -0.076170 0.993578 0.083670
vn 0.997007 -0.076777 -0.009071
vn 0.997007 0.077193 0.004285
vn 0.997010 0.076990 0.006675
vn 0.997010 -0.076990 -0.006681
vn 0.997007 0.077193 0.004285
vn 0.076170 0.993578 0.083670
vn 0.076153 0.993366 0.086163
vn 0.997010 0.076990 0.006675
vn 0.076170 0.993578 0.083670
vn -0.076170 0.993578 0.083670
vn -0.076153 0.993366 0.086163
vn 0.076153 0.993366 0.086163
vn -0.997010 0.076990 0.006675
vn -0.076153 0.993366 0.086163
vn -0.076170 0.993578 0.083670
vn -0.997007 0.077193 0.004285
vn -0.997010 -0.076990 -0.006681
vn -0.997010 0.076990 0.006675
vn -0.997007 0.077193 0.004285
vn -0.997007 -0.076777 -0.009071
vn -0.076153 -0.993366 -0.086169
vn -0.997010 -0.076990 -0.006681
vn -0.997007 -0.076777 -0.009071
vn -0.076170 -0.993145 -0.088661
vn -0.076170 -0.993145 -0.088661
vn 0.076170 -0.993145 -0.088661
vn 0.076153 -0.993366 -0.086169
vn -0.076153 -0.993366 -0.086169
vn 0.076170 -0.993145 -0.088661
vn 0.997007 -0.076777 -0.009071
vn 0.997010 -0.076990 -0.006681
vn 0.076153 -0.993366 -0.086169
vn 0.072567 -0.994637 0.073693
vn 0.076170 -0.002505 0.997092
vn -0.076170 -0.002505 0.997092
vn -0.072567 -0.994637 0.073693
vn 0.997007 -0.002402 0.077274
vn 0.072567 -0.994637 0.073693
vn 0.072567 -0.994637 -0.073693
vn 0.997007 -0.002402 -0.077274
vn 0.076153 -0.000003 0.997096
vn 0.997010 -0.000003 0.077279
vn 0.997010 0.002861 0.077225
vn 0.076123 0.002983 0.997094
vn 0.076170 -0.002505 -0.997092
vn 0.072567 -0.994637 -0.073693
vn -0.072567 -0.994637 -0.073693
vn -0.076170 -0.002505 -0.997092
vn 0.997010 -0.000003 -0.077279
vn 0.076153 -0.000003 -0.997096
vn 0.076123 0.002983 -0.997094
vn 0.997010 0.002861 -0.077225
vn 0.076123 0.002983 0.997094
vn 0.072567 0.994637 0.073693
vn -0.072567 0.994637 0.073693
vn -0.076123 0.002983 0.997094
vn 0.072567 0.994637 0.073693
vn 0.997010 0.002861 0.077225
vn 0.997010 0.002861 -0.077225
vn 0.072567 0.994637 -0.073693
vn 0.072567 0.994637 -0.073693
vn 0.076123 0.002983 -0.997094
vn -0.076123 0.002983 -0.997094
vn -0.072567 0.994637 -0.073693
vn -0.076123 0.002983 0.997094
vn -0.997010 0.002861 0.077224
vn -0.997010 -0.000003 0.077279
vn -0.076153 -0.000003 0.997096
vn -0.997010 0.002861 0.077224
vn -0.072567 0.994637 0.073693
vn -0.072567 0.994637 -0.073693
vn -0.997010 0.002861 -0.077224
vn -0.997010 0.002861 -0.077224
vn -0.076123 0.002983 -0.997094
vn -0.076153 -0.000003 -0.997096
vn -0.997010 -0.000003 -0.077279
vn -0.072567 -0.994637 0.073693
vn -0.997007 -0.002402 0.077274
vn -0.997007 -0.002402 -0.077274
vn -0.072567 -0.994637 -0.073693
vn 0.997010 -0.000003 0.077279
vn 0.997010 -0.000003 -0.077279
vn 0.997010 0.002861 -0.077225
vn 0.997010 0.002861 0.077225
vn 0.072567 0.994637 0.073693
vn 0.072567 0.994637 -0.073693
vn -0.072567 0.994637 -0.073693
vn -0.072567 0.994637 0.073693
vn -0.997010 0.002861 0.077224
vn -0.997010 0.002861 -0.077224
vn -0.997010 -0.000003 -0.077279
vn -0.997010 -0.000003 0.077279
vn -0.072567 -0.994637 0.073693
vn -0.072567 -0.994637 -0.073693
vn 0.072567 -0.994637 -0.073693
vn 0.072567 -0.994637 0.073693
vn 0.076153 -0.000003 -0.997096
vn -0.076153 -0.000003 -0.997096
vn -0.076123 0.002983 -0.997094
vn 0.076123 0.002983 -0.997094
vn -0.076153 -0.000003 0.997096
vn 0.076153 -0.000003 0.997096
vn 0.076123 0.002983 0.997094
vn -0.076123 0.002983 0.997094
vn 0.072567 -0.994637 0.073693
vn 0.997007 -0.002402 0.077274
vn 0.076170 -0.002505 0.997092
vn 0.076170 -0.002505 -0.997092
vn 0.997007 -0.002402 -0.077274
vn 0.072567 -0.994637 -0.073693
vn 0.076123 0.002983 0.997094
vn 0.997010 0.002861 0.077225
vn 0.072567 0.994637 0.073693
vn 0.072567 0.994637 -0.073693
vn 0.997010 0.002861 -0.077225
vn 0.076123 0.002983 -0.997094
vn -0.076123 0.002983 0.997094
vn -0.072567 0.994637 0.073693
vn -0.997010 0.002861 0.077224
vn -0.997010 0.002861 -0.077224
vn -0.072567 0.994637 -0.073693
vn -0.076123 0.002983 -0.997094
vn -0.076170 -0.002505 0.997092
vn -0.997007 -0.002402 0.077274
vn -0.072567 -0.994637 0.073693
vn -0.072567 -0.994637 -0.073693
vn -0.997007 -0.002402 -0.077274
vn -0.076170 -0.002505 -0.997092
vn 0.997007 -0.002402 0.077274
vn 0.997007 -0.002402 -0.077274
vn 0.997010 -0.000003 -0.077279
vn 0.997010 -0.000003 0.077279
vn 0.997007 -0.002402 -0.077274
vn 0.076170 -0.002505 -0.997092
vn 0.076153 -0.000003 -0.997096
vn 0.997010 -0.000003 -0.077279
vn 0.076170 -0.002505 -0.997092
vn -0.076170 -0.002505 -0.997092
vn -0.076153 -0.000003 -0.997096
vn 0.076153 -0.000003 -0.997096
vn -0.997010 -0.000003 -0.077279
vn -0.076153 -0.000003 -0.997096
vn -0.076170 -0.002505 -0.997092
vn -0.997007 -0.002402 -0.077274
vn -0.997010 -0.000003 0.077279
vn -0.997010 -0.000003 -0.077279
vn -0.997007 -0.002402 -0.077274
vn -0.997007 -0.002402 0.077274
vn -0.076153 -0.000003 0.997096
vn -0.997010 -0.000003 0.077279
vn -0.997007 -0.002402 0.077274
vn -0.076170 -0.002505 0.997092
vn -0.076170 -0.002505 0.997092
vn 0.076170 -0.002505 0.997092
vn 0.076153 -0.000003 0.997096
vn -0.076153 -0.000003 0.997096
vn 0.076170 -0.002505 0.997092
vn 0.997007 -0.002402 0.077274
vn 0.997010 -0.000003 0.077279
vn 0.076153 -0.000003 0.997096
vn 0.071154 -0.994637 -0.075058
vn 0.993882 -0.002505 -0.110415
vn 0.999121 -0.002505 0.041835
vn 0.076145 -0.994637 0.069990
vn 0.042941 -0.002402 -0.999075
vn 0.071154 -0.994637 -0.075058
vn -0.076145 -0.994637 -0.069990
vn -0.111515 -0.002402 -0.993760
vn 0.993887 -0.000003 -0.110398
vn 0.042946 -0.000003 -0.999077
vn 0.042892 0.002861 -0.999076
vn 0.993886 0.002983 -0.110368
vn -0.999121 -0.002505 -0.041835
vn -0.076145 -0.994637 -0.069990
vn -0.071154 -0.994637 0.075058
vn -0.993882 -0.002505 0.110415
vn -0.111520 -0.000003 -0.993762
vn -0.999125 -0.000003 -0.041818
vn -0.999122 0.002983 -0.041788
vn -0.111467 0.002861 -0.993764
vn 0.993886 0.002983 -0.110368
vn 0.071154 0.994637 -0.075058
vn 0.076145 0.994637 0.069990
vn 0.999122 0.002983 0.041788
vn 0.071154 0.994637 -0.075058
vn 0.042892 0.002861 -0.999076
vn -0.111467 0.002861 -0.993764
vn -0.076145 0.994637 -0.069990
vn -0.076145 0.994637 -0.069990
vn -0.999122 0.002983 -0.041788
vn -0.993886 0.002983 0.110368
vn -0.071154 0.994637 0.075058
vn 0.999122 0.002983 0.041788
vn 0.111466 0.002861 0.993764
vn 0.111520 -0.000003 0.993762
vn 0.999125 -0.000003 0.041818
vn 0.111466 0.002861 0.993764
vn 0.076145 0.994637 0.069990
vn -0.071154 0.994637 0.075058
vn -0.042891 0.002861 0.999076
vn -0.042891 0.002861 0.999076
vn -0.993886 0.002983 0.110368
vn -0.993887 -0.000003 0.110398
vn -0.042946 -0.000003 0.999077
vn 0.076145 -0.994637 0.069990
vn 0.111515 -0.002402 0.993760
vn -0.042941 -0.002402 0.999075
vn -0.071154 -0.994637 0.075058
vn 0.042946 -0.000003 -0.999077
vn -0.111520 -0.000003 -0.993762
vn -0.111467 0.002861 -0.993764
vn 0.042892 0.002861 -0.999076
vn 0.071154 0.994637 -0.075058
vn -0.076145 0.994637 -0.069990
vn -0.071154 0.994637 0.075058
vn 0.076145 0.994637 0.069990
vn 0.111466 0.002861 0.993764
vn -0.042891 0.002861 0.999076
vn -0.042946 -0.000003 0.999077
vn 0.111520 -0.000003 0.993762
vn 0.076145 -0.994637 0.069990
vn -0.071154 -0.994637 0.075058
vn -0.076145 -0.994637 -0.069990
vn 0.071154 -0.994637 -0.075058
vn -0.999125 -0.000003 -0.041818
vn -0.993887 -0.000003 0.110398
vn -0.993886 0.002983 0.110368
vn -0.999122 0.002983 -0.041788
vn 0.999125 -0.000003 0.041818
vn 0.993887 -0.000003 -0.110398
vn 0.993886 0.002983 -0.110368
vn 0.999122 0.002983 0.041788
vn 0.071154 -0.994637 -0.075058
vn 0.042941 -0.002402 -0.999075
vn 0.993882 -0.002505 -0.110415
vn -0.999121 -0.002505 -0.041835
vn -0.111515 -0.002402 -0.993760
vn -0.076145 -0.994637 -0.069990
vn 0.993886 0.002983 -0.110368
vn 0.042892 0.002861 -0.999076
vn 0.071154 0.994637 -0.075058
vn -0.076145 0.994637 -0.069990
vn -0.111467 0.002861 -0.993764
vn -0.999122 0.002983 -0.041788
vn 0.999122 0.002983 0.041788
vn 0.076145 0.994637 0.069990
vn 0.111466 0.002861 0.993764
vn -0.042891 0.002861 0.999076
vn -0.071154 0.994637 0.075058
vn -0.993886 0.002983 0.110368
vn 0.999121 -0.002505 0.041835
vn 0.111515 -0.002402 0.993760
vn 0.076145 -0.994637 0.069990
vn -0.071154 -0.994637 0.075058
vn -0.042941 -0.002402 0.999075
vn -0.993882 -0.002505 0.110415
vn 0.042941 -0.002402 -0.999075
vn -0.111515 -0.002402 -0.993760
vn -0.111520 -0.000003 -0.993762
vn 0.042946 -0.000003 -0.999077
vn -0.111515 -0.002402 -0.993760
vn -0.999121 -0.002505 -0.041835
vn -0.999125 -0.000003 -0.041818
vn -0.111520 -0.000003 -0.993762
vn -0.999121 -0.002505 -0.041835
vn -0.993882 -0.002505 0.110415
vn -0.993887 -0.000003 0.110398
vn -0.999125 -0.000003 -0.041818
vn -0.042946 -0.000003 0.999077
vn -0.993887 -0.000003 0.110398
vn -0.993882 -0.002505 0.110415
vn -0.042941 -0.002402 0.999075
vn 0.111520 -0.000003 0.993762
vn -0.042946 -0.000003 0.999077
vn -0.042941 -0.002402 0.999075
vn 0.111515 -0.002402 0.993760
vn 0.999125 -0.000003 0.041818
vn 0.111520 -0.000003 0.993762
vn 0.111515 -0.002402 0.993760
vn 0.999121 -0.002505 0.041835
vn 0.999121 -0.002505 0.041835
vn 0.993882 -0.002505 -0.110415
vn 0.993887 -0.000003 -0.110398
vn 0.999125 -0.000003 0.041818
vn 0.993882 -0.002505 -0.110415
vn 0.042941 -0.002402 -0.999075
vn 0.042946 -0.000003 -0.999077
vn 0.993887 -0.000003 -0.110398
vn 0.072567 -0.994637 0.073693
vn 0.076170 -0.002505 0.997092
vn -0.076170 -0.002505 0.997092
vn -0.072567 -0.994637 0.073693
vn 0.997007 -0.002402 0.077274
vn 0.072567 -0.994637 0.073693
vn 0.072567 -0.994637 -0.073693
vn 0.997007 -0.002402 -0.077274
vn 0.076153 -0.000003 0.997096
vn 0.997010 -0.000003 0.077279
vn 0.997010 0.002861 0.077225
vn 0.076123 0.002983 0.997094
vn 0.076170 -0.002505 -0.997092
vn 0.072567 -0.994637 -0.073693
vn -0.072567 -0.994637 -0.073693
vn -0.076170 -0.002505 -0.997092
vn 0.997010 -0.000003 -0.077279
vn 0.076153 -0.000003 -0.997096
vn 0.076123 0.002983 -0.997094
vn 0.997010 0.002861 -0.077225
vn 0.076123 0.002983 0.997094
vn 0.072567 0.994637 0.073693
vn -0.072567 0.994637 0.073693
vn -0.076123 0.002983 0.997094
vn 0.072567 0.994637 0.073693
vn 0.997010 0.002861 0.077225
vn 0.997010 0.002861 -0.077225
vn 0.072567 0.994637 -0.073693
vn 0.072567 0.994637 -0.073693
vn 0.076123 0.002983 -0.997094
vn -0.076123 0.002983 -0.997094
vn -0.072567 0.994637 -0.073693
vn -0.076123 0.002983 0.997094
vn -0.997010 0.002861 0.077224
vn -0.997010 -0.000003 0.077279
vn -0.076153 -0.000003 0.997096
vn -0.997010 0.002861 0.077224
vn -0.072567 0.994637 0.073693
vn -0.072567 0.994637 -0.073693
vn -0.997010 0.002861 -0.077224
vn -0.997010 0.002861 -0.077224
vn -0.076123 0.002983 -0.997094
vn -0.076153 -0.000003 -0.997096
vn -0.997010 -0.000003 -0.077279
vn -0.072567 -0.994637 0.073693
vn -0.997007 -0.002402 0.077274
vn -0.997007 -0.002402 -0.077274
vn -0.072567 -0.994637 -0.073693
vn 0.997010 -0.000003 0.077279
vn 0.997010 -0.000003 -0.077279
vn 0.997010 0.002861 -0.077225
vn 0.997010 0.002861 0.077225
vn 0.072567 0.994637 0.073693
vn 0.072567 0.994637 -0.073693
vn -0.072567 0.994637 -0.073693
vn -0.072567 0.994637 0.073693
vn -0.997010 0.002861 0.077224
vn -0.997010 0.002861 -0.077224
vn -0.997010 -0.000003 -0.077279
vn -0.997010 -0.000003 0.077279
vn -0.072567 -0.994637 0.073693
vn -0.072567 -0.994637 -0.073693
vn 0.072567 -0.994637 -0.073693
vn 0.072567 -0.994637 0.073693
vn 0.076153 -0.000003 -0.997096
vn -0.076153 -0.000003 -0.997096
vn -0.076123 0.002983 -0.997094
vn 0.076123 0.002983 -0.997094
vn -0.076153 -0.000003 0.997096
vn 0.076153 -0.000003 0.997096
vn 0.076123 0.002983 0.997094
vn -0.076123 0.002983 0.997094
vn 0.072567 -0.994637 0.073693
vn 0.997007 -0.002402 0.077274
vn 0.076170 -0.002505 0.997092
vn 0.076170 -0.002505 -0.997092
vn 0.997007 -0.002402 -0.077274
vn 0.072567 -0.994637 -0.073693
vn 0.076123 0.002983 0.997094
vn 0.997010 0.002861 0.077225
vn 0.072567 0.994637 0.073693
vn 0.072567 0.994637 -0.073693
vn 0.997010 0.002861 -0.077225
vn 0.076123 0.002983 -0.997094
vn -0.076123 0.002983 0.997094
vn -0.072567 0.994637 0.073693
vn -0.997010 0.002861 0.077224
vn -0.997010 0.002861 -0.077224
vn -0.072567 0.994637 -0.073693
vn -0.076123 0.002983 -0.997094
vn -0.076170 -0.002505 0.997092
vn -0.997007 -0.002402 0.077274
vn -0.072567 -0.994637 0.073693
vn -0.072567 -0.994637 -0.073693
vn -0.997007 -0.002402 -0.077274
vn -0.076170 -0.002505 -0.997092
vn 0.997007 -0.002402 0.077274
vn 0.997007 -0.002402 -0.077274
vn 0.997010 -0.000003 -0.077279
vn 0.997010 -0.000003 0.077279
vn 0.997007 -0.002402 -0.077274
vn 0.076170 -0.002505 -0.997092
vn 0.076153 -0.000003 -0.997096
vn 0.997010 -0.000003 -0.077279
vn 0.076170 -0.002505 -0.997092
vn -0.076170 -0.002505 -0.997092
vn -0.076153 -0.000003 -0.997096
vn 0.076153 -0.000003 -0.997096
vn -0.997010 -0.000003 -0.077279
vn -0.076153 -0.000003 -0.997096
vn -0.076170 -0.002505 -0.997092
vn -0.997007 -0.002402 -0.077274
vn -0.997010 -0.000003 0.077279
vn -0.997010 -0.000003 -0.077279
vn -0.997007 -0.002402 -0.077274
vn -0.997007 -0.002402 0.077274
vn -0.076153 -0.000003 0.997096
vn -0.997010 -0.000003 0.077279
vn -0.997007 -0.002402 0.077274
vn -0.076170 -0.002505 0.997092
vn -0.076170 -0.002505 0.997092
vn 0.076170 -0.002505 0.997092
vn 0.076153 -0.000003 0.997096
vn -0.076153 -0.000003 0.997096
vn 0.076170 -0.002505 0.997092
vn 0.997007 -0.002402 0.077274
vn 0.997010 -0.000003 0.077279
vn 0.076153 -0.000003 0.997096
vn 0.993887 -0.000003 -0.110398
vn 0.042946 -0.000003 -0.999077
vn 0.042892 0.002861 -0.999076
vn 0.993886 0.002983 -0.110368
vn -0.111520 -0.000003 -0.993762
vn -0.999125 -0.000003 -0.041818
vn -0.999122 0.002983 -0.041788
vn -0.111467 0.002861 -0.993764
vn 0.993886 0.002983 -0.110368
vn 0.071154 0.994637 -0.075058
vn 0.076145 0.994637 0.069990
vn 0.999122 0.002983 0.041788
vn 0.071154 0.994637 -0.075058
vn 0.042892 0.002861 -0.999076
vn -0.111467 0.002861 -0.993764
vn -0.076145 0.994637 -0.069990
vn -0.076145 0.994637 -0.069990
vn -0.999122 0.002983 -0.041788
vn -0.993886 0.002983 0.110368
vn -0.071154 0.994637 0.075058
vn 0.999122 0.002983 0.041788
vn 0.111466 0.002861 0.993764
vn 0.111520 -0.000003 0.993762
vn 0.999125 -0.000003 0.041818
vn 0.111466 0.002861 0.993764
vn 0.076145 0.994637 0.069990
vn -0.071154 0.994637 0.075058
vn -0.042891 0.002861 0.999076
vn -0.042891 0.002861 0.999076
vn -0.993886 0.002983 0.110368
vn -0.993887 -0.000003 0.110398
vn -0.042946 -0.000003 0.999077
vn 0.042946 -0.000003 -0.999077
vn -0.111520 -0.000003 -0.993762
vn -0.111467 0.002861 -0.993764
vn 0.042892 0.002861 -0.999076
vn 0.071154 0.994637 -0.075058
vn -0.076145 0.994637 -0.069990
vn -0.071154 0.994637 0.075058
vn 0.076145 0.994637 0.069990
vn 0.111466 0.002861 0.993764
vn -0.042891 0.002861 0.999076
vn -0.042946 -0.000003 0.999077
vn 0.111520 -0.000003 0.993762
vn -0.999125 -0.000003 -0.041818
vn -0.993887 -0.000003 0.110398
vn -0.993886 0.002983 0.110368
vn -0.999122 0.002983 -0.041788
vn 0.999125 -0.000003 0.041818
vn 0.993887 -0.000003 -0.110398
vn 0.993886 0.002983 -0.110368
vn 0.999122 0.002983 0.041788
vn 0.993886 0.002983 -0.110368
vn 0.042892 0.002861 -0.999076
vn 0.071154 0.994637 -0.075058
vn -0.076145 0.994637 -0.069990
vn -0.111467 0.002861 -0.993764
vn -0.999122 0.002983 -0.041788
vn 0.999122 0.002983 0.041788
vn 0.076145 0.994637 0.069990
vn 0.111466 0.002861 0.993764
vn -0.042891 0.002861 0.999076
vn -0.071154 0.994637 0.075058
vn -0.993886 0.002983 0.110368
vn 0.993887 -0.000003 -0.110398
vn 0.042946 -0.000003 -0.999077
vn 0.042892 0.002861 -0.999076
vn 0.993886 0.002983 -0.110368
vn -0.111520 -0.000003 -0.993762
vn -0.999125 -0.000003 -0.041818
vn -0.999122 0.002983 -0.041788
vn -0.111467 0.002861 -0.993764
vn 0.993886 0.002983 -0.110368
vn 0.071154 0.994637 -0.075058
vn 0.076145 0.994637 0.069990
vn 0.999122 0.002983 0.041788
vn 0.071154 0.994637 -0.075058
vn 0.042892 0.002861 -0.999076
vn -0.111467 0.002861 -0.993764
vn -0.076145 0.994637 -0.069990
vn -0.076145 0.994637 -0.069990
vn -0.999122 0.002983 -0.041788
vn -0.993886 0.002983 0.110368
vn -0.071154 0.994637 0.075058
vn 0.999122 0.002983 0.041788
vn 0.111466 0.002861 0.993764
vn 0.111520 -0.000003 0.993762
vn 0.999125 -0.000003 0.041818
vn 0.111466 0.002861 0.993764
vn 0.076145 0.994637 0.069990
vn -0.071154 0.994637 0.075058
vn -0.042891 0.002861 0.999076
vn -0.042891 0.002861 0.999076
vn -0.993886 0.002983 0.110368
vn -0.993887 -0.000003 0.110398
vn -0.042946 -0.000003 0.999077
vn 0.042946 -0.000003 -0.999077
vn -0.111520 -0.000003 -0.993762
vn -0.111467 0.002861 -0.993764
vn 0.042892 0.002861 -0.999076
vn 0.071154 0.994637 -0.075058
vn -0.076145 0.994637 -0.069990
vn -0.071154 0.994637 0.075058
vn 0.076145 0.994637 0.069990
vn 0.111466 0.002861 0.993764
vn -0.042891 0.002861 0.999076
vn -0.042946 -0.000003 0.999077
vn 0.111520 -0.000003 0.993762
vn -0.999125 -0.000003 -0.041818
vn -0.993887 -0.000003 0.110398
vn -0.993886 0.002983 0.110368
vn -0.999122 0.002983 -0.041788
vn 0.999125 -0.000003 0.041818
vn 0.993887 -0.000003 -0.110398
vn 0.993886 0.002983 -0.110368
vn 0.999122 0.002983 0.041788
vn 0.993886 0.002983 -0.110368
vn 0.042892 0.002861 -0.999076
vn 0.071154 0.994637 -0.075058
vn -0.076145 0.994637 -0.069990
vn -0.111467 0.002861 -0.993764
vn -0.999122 0.002983 -0.041788
vn 0.999122 0.002983 0.041788
vn 0.076145 0.994637 0.069990
vn 0.111466 0.002861 0.993764
vn -0.042891 0.002861 0.999076
vn -0.071154 0.994637 0.075058
vn -0.993886 0.002983 0.110368
vn 0.071154 -0.994637 -0.075058
vn 0.993882 -0.002505 -0.110415
vn 0.999121 -0.002505 0.041835
vn 0.076145 -0.994637 0.069990
vn 0.042941 -0.002402 -0.999075
vn 0.071154 -0.994637 -0.075058
vn -0.076145 -0.994637 -0.069990
vn -0.111515 -0.002402 -0.993760
vn 0.993887 -0.000003 -0.110398
vn 0.042946 -0.000003 -0.999077
vn 0.042892 0.002861 -0.999076
vn 0.993886 0.002983 -0.110368
vn -0.999121 -0.002505 -0.041835
vn -0.076145 -0.994637 -0.069990
vn -0.071154 -0.994637 0.075058
vn -0.993882 -0.002505 0.110415
vn -0.111520 -0.000003 -0.993762
vn -0.999125 -0.000003 -0.041818
vn -0.999122 0.002983 -0.041788
vn -0.111467 0.002861 -0.993764
vn 0.993886 0.002983 -0.110368
vn 0.071154 0.994637 -0.075058
vn 0.076145 0.994637 0.069990
vn 0.999122 0.002983 0.041788
vn 0.071154 0.994637 -0.075058
vn 0.042892 0.002861 -0.999076
vn -0.111467 0.002861 -0.993764
vn -0.076145 0.994637 -0.069990
vn -0.076145 0.994637 -0.069990
vn -0.999122 0.002983 -0.041788
vn -0.993886 0.002983 0.110368
vn -0.071154 0.994637 0.075058
vn 0.999122 0.002983 0.041788
vn 0.111466 0.002861 0.993764
vn 0.111520 -0.000003 0.993762
vn 0.999125 -0.000003 0.041818
vn 0.111466 0.002861 0.993764
vn 0.076145 0.994637 0.069990
vn -0.071154 0.994637 0.075058
vn -0.042891 0.002861 0.999076
vn -0.042891 0.002861 0.999076
vn -0.993886 0.002983 0.110368
vn -0.993887 -0.000003 0.110398
vn -0.042946 -0.000003 0.999077
vn 0.076145 -0.994637 0.069990
vn 0.111515 -0.002402 0.993760
vn -0.042941 -0.002402 0.999075
vn -0.071154 -0.994637 0.075058
vn 0.042946 -0.000003 -0.999077
vn -0.111520 -0.000003 -0.993762
vn -0.111467 0.002861 -0.993764
vn 0.042892 0.002861 -0.999076
vn 0.071154 0.994637 -0.075058
vn -0.076145 0.994637 -0.069990
vn -0.071154 0.994637 0.075058
vn 0.076145 0.994637 0.069990
vn 0.111466 0.002861 0.993764
vn -0.042891 0.002861 0.999076
vn -0.042946 -0.000003 0.999077
vn 0.111520 -0.000003 0.993762
vn 0.076145 -0.994637 0.069990
vn -0.071154 -0.994637 0.075058
vn -0.076145 -0.994637 -0.069990
vn 0.071154 -0.994637 -0.075058
vn -0.999125 -0.000003 -0.041818
vn -0.993887 -0.000003 0.110398
vn -0.993886 0.002983 0.110368
vn -0.999122 0.002983 -0.041788
vn 0.999125 -0.000003 0.041818
vn 0.993887 -0.000003 -0.110398
vn 0.993886 0.002983 -0.110368
vn 0.999122 0.002983 0.041788
vn 0.071154 -0.994637 -0.075058
vn 0.042941 -0.002402 -0.999075
vn 0.993882 -0.002505 -0.110415
vn -0.999121 -0.002505 -0.041835
vn -0.111515 -0.002402 -0.993760
vn -0.076145 -0.994637 -0.069990
vn 0.993886 0.002983 -0.110368
vn 0.042892 0.002861 -0.999076
vn 0.071154 0.994637 -0.075058
vn -0.076145 0.994637 -0.069990
vn -0.111467 0.002861 -0.993764
vn -0.999122 0.002983 -0.041788
vn 0.999122 0.002983 0.041788
vn 0.076145 0.994637 0.069990
vn 0.111466 0.002861 0.993764
vn -0.042891 0.002861 0.999076
vn -0.071154 0.994637 0.075058
vn -0.993886 0.002983 0.110368
vn 0.999121 -0.002505 0.041835
vn 0.111515 -0.002402 0.993760
vn 0.076145 -0.994637 0.069990
vn -0.071154 -0.994637 0.075058
vn -0.042941 -0.002402 0.999075
vn -0.993882 -0.002505 0.110415
vn 0.042941 -0.002402 -0.999075
vn -0.111515 -0.002402 -0.993760
vn -0.111520 -0.000003 -0.993762
vn 0.042946 -0.000003 -0.999077
vn -0.111515 -0.002402 -0.993760
vn -0.999121 -0.002505 -0.041835
vn -0.999125 -0.000003 -0.041818
vn -0.111520 -0.000003 -0.993762
vn -0.999121 -0.002505 -0.041835
vn -0.993882 -0.002505 0.110415
vn -0.993887 -0.000003 0.110398
vn -0.999125 -0.000003 -0.041818
vn -0.042946 -0.000003 0.999077
vn -0.993887 -0.000003 0.110398
vn -0.993882 -0.002505 0.110415
vn -0.042941 -0.002402 0.999075
vn 0.111520 -0.000003 0.993762
vn -0.042946 -0.000003 0.999077
vn -0.042941 -0.002402 0.999075
vn 0.111515 -0.002402 0.993760
vn 0.999125 -0.000003 0.041818
vn 0.111520 -0.000003 0.993762
vn 0.111515 -0.002402 0.993760
vn 0.999121 -0.002505 0.041835
vn 0.999121 -0.002505 0.041835
vn 0.993882 -0.002505 -0.110415
vn 0.993887 -0.000003 -0.110398
vn 0.999125 -0.000003 0.041818
vn 0.993882 -0.002505 -0.110415
vn 0.042941 -0.002402 -0.999075
vn 0.042946 -0.000003 -0.999077
vn 0.993887 -0.000003 -0.110398
vn 0.993887 -0.000003 -0.110398
vn 0.042946 -0.000003 -0.999077
vn 0.042892 0.002861 -0.999076
vn 0.993886 0.002983 -0.110368
vn -0.111520 -0.000003 -0.993762
vn -0.999125 -0.000003 -0.041818
vn -0.999122 0.002983 -0.041788
vn -0.111467 0.002861 -0.993764
vn 0.993886 0.002983 -0.110368
vn 0.071154 0.994637 -0.075058
vn 0.076145 0.994637 0.069990
vn 0.999122 0.002983 0.041788
vn 0.071154 0.994637 -0.075058
vn 0.042892 0.002861 -0.999076
vn -0.111467 0.002861 -0.993764
vn -0.076145 0.994637 -0.069990
vn -0.076145 0.994637 -0.069990
vn -0.999122 0.002983 -0.041788
vn -0.993886 0.002983 0.110368
vn -0.071154 0.994637 0.075058
vn 0.999122 0.002983 0.041788
vn 0.111466 0.002861 0.993764
vn 0.111520 -0.000003 0.993762
vn 0.999125 -0.000003 0.041818
vn 0.111466 0.002861 0.993764
vn 0.076145 0.994637 0.069990
vn -0.071154 0.994637 0.075058
vn -0.042891 0.002861 0.999076
vn -0.042891 0.002861 0.999076
vn -0.993886 0.002983 0.110368
vn -0.993887 -0.000003 0.110398
vn -0.042946 -0.000003 0.999077
vn 0.042946 -0.000003 -0.999077
vn -0.111520 -0.000003 -0.993762
vn -0.111467 0.002861 -0.993764
vn 0.042892 0.002861 -0.999076
vn 0.071154 0.994637 -0.075058
vn -0.076145 0.994637 -0.069990
vn -0.071154 0.994637 0.075058
vn 0.076145 0.994637 0.069990
vn 0.111466 0.002861 0.993764
vn -0.042891 0.002861 0.999076
vn -0.042946 -0.000003 0.999077
vn 0.111520 -0.000003 0.993762
vn -0.999125 -0.000003 -0.041818
vn -0.993887 -0.000003 0.110398
vn -0.993886 0.002983 0.110368
vn -0.999122 0.002983 -0.041788
vn 0.999125 -0.000003 0.041818
vn 0.993887 -0.000003 -0.110398
vn 0.993886 0.002983 -0.110368
vn 0.999122 0.002983 0.041788
vn 0.993886 0.002983 -0.110368
vn 0.042892 0.002861 -0.999076
vn 0.071154 0.994637 -0.075058
vn -0.076145 0.994637 -0.069990
vn -0.111467 0.002861 -0.993764
vn -0.999122 0.002983 -0.041788
vn 0.999122 0.002983 0.041788
vn 0.076145 0.994637 0.069990
vn 0.111466 0.002861 0.993764
vn -0.042891 0.002861 0.999076
vn -0.071154 0.994637 0.075058
vn -0.993886 0.002983 0.110368
vn 0.072567 -0.994637 0.073693
vn 0.076170 -0.002505 0.997092
vn -0.076170 -0.002505 0.997092
vn -0.072567 -0.994637 0.073693
vn 0.997007 -0.002402 0.077274
vn 0.072567 -0.994637 0.073693
vn 0.072567 -0.994637 -0.073693
vn 0.997007 -0.002402 -0.077274
vn 0.076153 -0.000003 0.997096
vn 0.997010 -0.000003 0.077279
vn 0.997010 0.002861 0.077225
vn 0.076123 0.002983 0.997094
vn 0.076170 -0.002505 -0.997092
vn 0.072567 -0.994637 -0.073693
vn -0.072567 -0.994637 -0.073693
vn -0.076170 -0.002505 -0.997092
vn 0.997010 -0.000003 -0.077279
vn 0.076153 -0.000003 -0.997096
vn 0.076123 0.002983 -0.997094
vn 0.997010 0.002861 -0.077225
vn 0.076123 0.002983 0.997094
vn 0.072567 0.994637 0.073693
vn -0.072567 0.994637 0.073693
vn -0.076123 0.002983 0.997094
vn 0.072567 0.994637 0.073693
vn 0.997010 0.002861 0.077225
vn 0.997010 0.002861 -0.077225
vn 0.072567 0.994637 -0.073693
vn 0.072567 0.994637 -0.073693
vn 0.076123 0.002983 -0.997094
vn -0.076123 0.002983 -0.997094
vn -0.072567 0.994637 -0.073693
vn -0.076123 0.002983 0.997094
vn -0.997010 0.002861 0.077224
vn -0.997010 -0.000003 0.077279
vn -0.076153 -0.000003 0.997096
vn -0.997010 0.002861 0.077224
vn -0.072567 0.994637 0.073693
vn -0.072567 0.994637 -0.073693
vn -0.997010 0.002861 -0.077224
vn -0.997010 0.002861 -0.077224
vn -0.076123 0.002983 -0.997094
vn -0.076153 -0.000003 -0.997096
vn -0.997010 -0.000003 -0.077279
vn -0.072567 -0.994637 0.073693
vn -0.997007 -0.002402 0.077274
vn -0.997007 -0.002402 -0.077274
vn -0.072567 -0.994637 -0.073693
vn 0.997010 -0.000003 0.077279
vn 0.997010 -0.000003 -0.077279
vn 0.997010 0.002861 -0.077225
vn 0.997010 0.002861 0.077225
vn 0.072567 0.994637 0.073693
vn 0.072567 0.994637 -0.073693
vn -0.072567 0.994637 -0.073693
vn -0.072567 0.994637 0.073693
vn -0.997010 0.002861 0.077224
vn -0.997010 0.002861 -0.077224
vn -0.997010 -0.000003 -0.077279
vn -0.997010 -0.000003 0.077279
vn -0.072567 -0.994637 0.073693
vn -0.072567 -0.994637 -0.073693
vn 0.072567 -0.994637 -0.073693
vn 0.072567 -0.994637 0.073693
vn 0.076153 -0.000003 -0.997096
vn -0.076153 -0.000003 -0.997096
vn -0.076123 0.002983 -0.997094
vn 0.076123 0.002983 -0.997094
vn -0.076153 -0.000003 0.997096
vn 0.076153 -0.000003 0.997096
vn 0.076123 0.002983 0.997094
vn -0.076123 0.002983 0.997094
vn 0.072567 -0.994637 0.073693
vn 0.997007 -0.002402 0.077274
vn 0.076170 -0.002505 0.997092
vn 0.076170 -0.002505 -0.997092
vn 0.997007 -0.002402 -0.077274
vn 0.072567 -0.994637 -0.073693
vn 0.076123 0.002983 0.997094
vn 0.997010 0.002861 0.077225
vn 0.072567 0.994637 0.073693
vn 0.072567 0.994637 -0.073693
vn 0.997010 0.002861 -0.077225
vn 0.076123 0.002983 -0.997094
vn -0.076123 0.002983 0.997094
vn -0.072567 0.994637 0.073693
vn -0.997010 0.002861 0.077224
vn -0.997010 0.002861 -0.077224
vn -0.072567 0.994637 -0.073693
vn -0.076123 0.002983 -0.997094
vn -0.076170 -0.002505 0.997092
vn -0.997007 -0.002402 0.077274
vn -0.072567 -0.994637 0.073693
vn -0.072567 -0.994637 -0.073693
vn -0.997007 -0.002402 -0.077274
vn -0.076170 -0.002505 -0.997092
vn 0.997007 -0.002402 0.077274
vn 0.997007 -0.002402 -0.077274
vn 0.997010 -0.000003 -0.077279
vn 0.997010 -0.000003 0.077279
vn 0.997007 -0.002402 -0.077274
vn 0.076170 -0.002505 -0.997092
vn 0.076153 -0.000003 -0.997096
vn 0.997010 -0.000003 -0.077279
vn 0.076170 -0.002505 -0.997092
vn -0.076170 -0.002505 -0.997092
vn -0.076153 -0.000003 -0.997096
vn 0.076153 -0.000003 -0.997096
vn -0.997010 -0.000003 -0.077279
vn -0.076153 -0.000003 -0.997096
vn -0.076170 -0.002505 -0.997092
vn -0.997007 -0.002402 -0.077274
vn -0.997010 -0.000003 0.077279
vn -0.997010 -0.000003 -0.077279
vn -0.997007 -0.002402 -0.077274
vn -0.997007 -0.002402 0.077274
vn -0.076153 -0.000003 0.997096
vn -0.997010 -0.000003 0.077279
vn -0.997007 -0.002402 0.077274
vn -0.076170 -0.002505 0.997092
vn -0.076170 -0.002505 0.997092
vn 0.076170 -0.002505 0.997092
vn 0.076153 -0.000003 0.997096
vn -0.076153 -0.000003 0.997096
vn 0.076170 -0.002505 0.997092
vn 0.997007 -0.002402 0.077274
vn 0.997010 -0.000003 0.077279
vn 0.076153 -0.000003 0.997096
vn 0.993887 -0.000003 -0.110398
vn 0.042946 -0.000003 -0.999077
vn 0.042892 0.002861 -0.999076
vn 0.993886 0.002983 -0.110368
vn -0.111520 -0.000003 -0.993762
vn -0.999125 -0.000003 -0.041818
vn -0.999122 0.002983 -0.041788
vn -0.111467 0.002861 -0.993764
vn 0.993886 0.002983 -0.110368
vn 0.071154 0.994637 -0.075058
vn 0.076145 0.994637 0.069990
vn 0.999122 0.002983 0.041788
vn 0.071154 0.994637 -0.075058
vn 0.042892 0.002861 -0.999076
vn -0.111467 0.002861 -0.993764
vn -0.076145 0.994637 -0.069990
vn -0.076145 0.994637 -0.069990
vn -0.999122 0.002983 -0.041788
vn -0.993886 0.002983 0.110368
vn -0.071154 0.994637 0.075058
vn 0.999122 0.002983 0.041788
vn 0.111466 0.002861 0.993764
vn 0.111520 -0.000003 0.993762
vn 0.999125 -0.000003 0.041818
vn 0.111466 0.002861 0.993764
vn 0.076145 0.994637 0.069990
vn -0.071154 0.994637 0.075058
vn -0.042891 0.002861 0.999076
vn -0.042891 0.002861 0.999076
vn -0.993886 0.002983 0.110368
vn -0.993887 -0.000003 0.110398
vn -0.042946 -0.000003 0.999077
vn 0.042946 -0.000003 -0.999077
vn -0.111520 -0.000003 -0.993762
vn -0.111467 0.002861 -0.993764
vn 0.042892 0.002861 -0.999076
vn 0.071154 0.994637 -0.075058
vn -0.076145 0.994637 -0.069990
vn -0.071154 0.994637 0.075058
vn 0.076145 0.994637 0.069990
vn 0.111466 0.002861 0.993764
vn -0.042891 0.002861 0.999076
vn -0.042946 -0.000003 0.999077
vn 0.111520 -0.000003 0.993762
vn -0.999125 -0.000003 -0.041818
vn -0.993887 -0.000003 0.110398
vn -0.993886 0.002983 0.110368
vn -0.999122 0.002983 -0.041788
vn 0.999125 -0.000003 0.041818
vn 0.993887 -0.000003 -0.110398
vn 0.993886 0.002983 -0.110368
vn 0.999122 0.002983 0.041788
vn 0.993886 0.002983 -0.110368
vn 0.042892 0.002861 -0.999076
vn 0.071154 0.994637 -0.075058
vn -0.076145 0.994637 -0.069990
vn -0.111467 0.002861 -0.993764
vn -0.999122 0.002983 -0.041788
vn 0.999122 0.002983 0.041788
vn 0.076145 0.994637 0.069990
vn 0.111466 0.002861 0.993764
vn -0.042891 0.002861 0.999076
vn -0.071154 0.994637 0.075058
vn -0.993886 0.002983 0.110368
vn 0.076153 -0.000003 0.997096
vn 0.997010 -0.000003 0.077279
vn 0.997010 0.002861 0.077225
vn 0.076123 0.002983 0.997094
vn 0.997010 -0.000003 -0.077279
vn 0.076153 -0.000003 -0.997096
vn 0.076123 0.002983 -0.997094
vn 0.997010 0.002861 -0.077225
vn 0.076123 0.002983 0.997094
vn 0.072567 0.994637 0.073693
vn -0.072567 0.994637 0.073693
vn -0.076123 0.002983 0.997094
vn 0.072567 0.994637 0.073693
vn 0.997010 0.002861 0.077225
vn 0.997010 0.002861 -0.077225
vn 0.072567 0.994637 -0.073693
vn 0.072567 0.994637 -0.073693
vn 0.076123 0.002983 -0.997094
vn -0.076123 0.002983 -0.997094
vn -0.072567 0.994637 -0.073693
vn -0.076123 0.002983 0.997094
vn -0.997010 0.002861 0.077224
vn -0.997010 -0.000003 0.077279
vn -0.076153 -0.000003 0.997096
vn -0.997010 0.002861 0.077224
vn -0.072567 0.994637 0.073693
vn -0.072567 0.994637 -0.073693
vn -0.997010 0.002861 -0.077224
vn -0.997010 0.002861 -0.077224
vn -0.076123 0.002983 -0.997094
vn -0.076153 -0.000003 -0.997096
vn -0.997010 -0.000003 -0.077279
vn 0.997010 -0.000003 0.077279
vn 0.997010 -0.000003 -0.077279
vn 0.997010 0.002861 -0.077225
vn 0.997010 0.002861 0.077225
vn 0.072567 0.994637 0.073693
vn 0.072567 0.994637 -0.073693
vn -0.072567 0.994637 -0.073693
vn -0.072567 0.994637 0.073693
vn -0.997010 0.002861 0.077224
vn -0.997010 0.002861 -0.077224
vn -0.997010 -0.000003 -0.077279
vn -0.997010 -0.000003 0.077279
vn 0.076153 -0.000003 -0.997096
vn -0.076153 -0.000003 -0.997096
vn -0.076123 0.002983 -0.997094
vn 0.076123 0.002983 -0.997094
vn -0.076153 -0.000003 0.997096
vn 0.076153 -0.000003 0.997096
vn 0.076123 0.002983 0.997094
vn -0.076123 0.002983 0.997094
vn 0.076123 0.002983 0.997094
vn 0.997010 0.002861 0.077225
vn 0.072567 0.994637 0.073693
vn 0.072567 0.994637 -0.073693
vn 0.997010 0.002861 -0.077225
vn 0.076123 0.002983 -0.997094
vn -0.076123 0.002983 0.997094
vn -0.072567 0.994637 0.073693
vn -0.997010 0.002861 0.077224
vn -0.997010 0.002861 -0.077224
vn -0.072567 0.994637 -0.073693
vn -0.076123 0.002983 -0.997094
vn -0.996805 -0.063680 -0.048216
vn -0.006265 -0.997147 -0.075221
vn -0.003735 -0.997017 0.077098
vn -0.994651 -0.063569 0.081413
vn -0.019425 -0.078123 -0.996754
vn -0.996805 -0.063680 -0.048216
vn -0.996515 0.067978 -0.048333
vn -0.019085 0.076424 -0.996893
vn -0.001879 0.997029 -0.077005
vn -0.996515 0.067978 -0.048333
vn -0.994362 0.068089 0.081295
vn 0.000652 0.997160 0.075314
vn -0.994651 -0.063569 0.081413
vn 0.013702 -0.076412 0.996982
vn 0.014042 0.078135 0.996844
vn -0.994362 0.068089 0.081295
vn -0.994651 -0.063569 0.081413
vn -0.994362 0.068089 0.081295
vn -0.996515 0.067978 -0.048333
vn -0.996805 -0.063680 -0.048216
vn -0.996805 -0.063680 -0.048216
vn -0.019425 -0.078123 -0.996754
vn -0.006265 -0.997147 -0.075221
vn -0.001879 0.997029 -0.077005
vn -0.019085 0.076424 -0.996893
vn -0.996515 0.067978 -0.048333
vn -0.003735 -0.997017 0.077098
vn 0.013702 -0.076412 0.996982
vn -0.994651 -0.063569 0.081413
vn -0.994362 0.068089 0.081295
vn 0.014042 0.078135 0.996844
vn 0.000652 0.997160 0.075314
vn -0.019425 -0.078123 -0.996754
vn -0.019085 0.076424 -0.996893
vn -0.016397 0.076423 -0.996941
vn -0.016737 -0.078134 -0.996802
vn -0.019085 0.076424 -0.996893
vn -0.001879 0.997029 -0.077005
vn 0.000925 0.997028 -0.077034
vn -0.016397 0.076423 -0.996941
vn -0.001879 0.997029 -0.077005
vn 0.000652 0.997160 0.075314
vn 0.003455 0.997159 0.075251
vn 0.000925 0.997028 -0.077034
vn 0.016730 0.078134 0.996802
vn 0.003455 0.997159 0.075251
vn 0.000652 0.997160 0.075314
vn 0.014042 0.078135 0.996844
vn 0.016390 -0.076423 0.996941
vn 0.016730 0.078134 0.996802
vn 0.014042 0.078135 0.996844
vn 0.013702 -0.076412 0.996982
vn -0.000931 -0.997028 0.077034
vn 0.016390 -0.076423 0.996941
vn 0.013702 -0.076412 0.996982
vn -0.003735 -0.997017 0.077098
vn -0.003735 -0.997017 0.077098
vn -0.006265 -0.997147 -0.075221
vn -0.003462 -0.997159 -0.075251
vn -0.000931 -0.997028 0.077034
vn -0.006265 -0.997147 -0.075221
vn -0.019425 -0.078123 -0.996754
vn -0.016737 -0.078134 -0.996802
vn -0.003462 -0.997159 -0.075251
vn 0.071154 -0.994637 -0.075058
vn 0.993882 -0.002505 -0.110415
vn 0.999121 -0.002505 0.041835
vn 0.076145 -0.994637 0.069990
vn 0.042941 -0.002402 -0.999075
vn 0.071154 -0.994637 -0.075058
vn -0.076145 -0.994637 -0.069990
vn -0.111515 -0.002402 -0.993760
vn 0.993887 -0.000003 -0.110398
vn 0.042946 -0.000003 -0.999077
vn 0.042892 0.002861 -0.999076
vn 0.993886 0.002983 -0.110368
vn -0.999121 -0.002505 -0.041835
vn -0.076145 -0.994637 -0.069990
vn -0.071154 -0.994637 0.075058
vn -0.993882 -0.002505 0.110415
vn -0.111520 -0.000003 -0.993762
vn -0.999125 -0.000003 -0.041818
vn -0.999122 0.002983 -0.041788
vn -0.111467 0.002861 -0.993764
vn 0.993886 0.002983 -0.110368
vn 0.071154 0.994637 -0.075058
vn 0.076145 0.994637 0.069990
vn 0.999122 0.002983 0.041788
vn 0.071154 0.994637 -0.075058
vn 0.042892 0.002861 -0.999076
vn -0.111467 0.002861 -0.993764
vn -0.076145 0.994637 -0.069990
vn -0.076145 0.994637 -0.069990
vn -0.999122 0.002983 -0.041788
vn -0.993886 0.002983 0.110368
vn -0.071154 0.994637 0.075058
vn 0.999122 0.002983 0.041788
vn 0.111466 0.002861 0.993764
vn 0.111520 -0.000003 0.993762
vn 0.999125 -0.000003 0.041818
vn 0.111466 0.002861 0.993764
vn 0.076145 0.994637 0.069990
vn -0.071154 0.994637 0.075058
vn -0.042891 0.002861 0.999076
vn -0.042891 0.002861 0.999076
vn -0.993886 0.002983 0.110368
vn -0.993887 -0.000003 0.110398
vn -0.042946 -0.000003 0.999077
vn 0.076145 -0.994637 0.069990
vn 0.111515 -0.002402 0.993760
vn -0.042941 -0.002402 0.999075
vn -0.071154 -0.994637 0.075058
vn 0.042946 -0.000003 -0.999077
vn -0.111520 -0.000003 -0.993762
vn -0.111467 0.002861 -0.993764
vn 0.042892 0.002861 -0.999076
vn 0.071154 0.994637 -0.075058
vn -0.076145 0.994637 -0.069990
vn -0.071154 0.994637 0.075058
vn 0.076145 0.994637 0.069990
vn 0.111466 0.002861 0.993764
vn -0.042891 0.002861 0.999076
vn -0.042946 -0.000003 0.999077
vn 0.111520 -0.000003 0.993762
vn 0.076145 -0.994637 0.069990
vn -0.071154 -0.994637 0.075058
vn -0.076145 -0.994637 -0.069990
vn 0.071154 -0.994637 -0.075058
vn -0.999125 -0.000003 -0.041818
vn -0.993887 -0.000003 0.110398
vn -0.993886 0.002983 0.110368
vn -0.999122 0.002983 -0.041788
vn 0.999125 -0.000003 0.041818
vn 0.993887 -0.000003 -0.110398
vn 0.993886 0.002983 -0.110368
vn 0.999122 0.002983 0.041788
vn 0.071154 -0.994637 -0.075058
vn 0.042941 -0.002402 -0.999075
vn 0.993882 -0.002505 -0.110415
vn -0.999121 -0.002505 -0.041835
vn -0.111515 -0.002402 -0.993760
vn -0.076145 -0.994637 -0.069990
vn 0.993886 0.002983 -0.110368
vn 0.042892 0.002861 -0.999076
vn 0.071154 0.994637 -0.075058
vn -0.076145 0.994637 -0.069990
vn -0.111467 0.002861 -0.993764
vn -0.999122 0.002983 -0.041788
vn 0.999122 0.002983 0.041788
vn 0.076145 0.994637 0.069990
vn 0.111466 0.002861 0.993764
vn -0.042891 0.002861 0.999076
vn -0.071154 0.994637 0.075058
vn -0.993886 0.002983 0.110368
vn 0.999121 -0.002505 0.041835
vn 0.111515 -0.002402 0.993760
vn 0.076145 -0.994637 0.069990
vn -0.071154 -0.994637 0.075058
vn -0.042941 -0.002402 0.999075
vn -0.993882 -0.002505 0.110415
vn 0.042941 -0.002402 -0.999075
vn -0.111515 -0.002402 -0.993760
vn -0.111520 -0.000003 -0.993762
vn 0.042946 -0.000003 -0.999077
vn -0.111515 -0.002402 -0.993760
vn -0.999121 -0.002505 -0.041835
vn -0.999125 -0.000003 -0.041818
vn -0.111520 -0.000003 -0.993762
vn -0.999121 -0.002505 -0.041835
vn -0.993882 -0.002505 0.110415
vn -0.993887 -0.000003 0.110398
vn -0.999125 -0.000003 -0.041818
vn -0.042946 -0.000003 0.999077
vn -0.993887 -0.000003 0.110398
vn -0.993882 -0.002505 0.110415
vn -0.042941 -0.002402 0.999075
vn 0.111520 -0.000003 0.993762
vn -0.042946 -0.000003 0.999077
vn -0.042941 -0.002402 0.999075
vn 0.111515 -0.002402 0.993760
vn 0.999125 -0.000003 0.041818
vn 0.111520 -0.000003 0.993762
vn 0.111515 -0.002402 0.993760
vn 0.999121 -0.002505 0.041835
vn 0.999121 -0.002505 0.041835
vn 0.993882 -0.002505 -0.110415
vn 0.993887 -0.000003 -0.110398
vn 0.999125 -0.000003 0.041818
vn 0.993882 -0.002505 -0.110415
vn 0.042941 -0.002402 -0.999075
vn 0.042946 -0.000003 -0.999077
vn 0.993887 -0.000003 -0.110398
vn 0.071154 -0.994637 -0.075058
vn 0.993882 -0.002505 -0.110415
vn 0.999121 -0.002505 0.041835
vn 0.076145 -0.994637 0.069990
vn 0.042941 -0.002402 -0.999075
vn 0.071154 -0.994637 -0.075058
vn -0.076145 -0.994637 -0.069990
vn -0.111515 -0.002402 -0.993760
vn 0.993887 -0.000003 -0.110398
vn 0.042946 -0.000003 -0.999077
vn 0.042892 0.002861 -0.999076
vn 0.993886 0.002983 -0.110368
vn -0.999121 -0.002505 -0.041835
vn -0.076145 -0.994637 -0.069990
vn -0.071154 -0.994637 0.075058
vn -0.993882 -0.002505 0.110415
vn -0.111520 -0.000003 -0.993762
vn -0.999125 -0.000003 -0.041818
vn -0.999122 0.002983 -0.041788
vn -0.111467 0.002861 -0.993764
vn 0.993886 0.002983 -0.110368
vn 0.071154 0.994637 -0.075058
vn 0.076145 0.994637 0.069990
vn 0.999122 0.002983 0.041788
vn 0.071154 0.994637 -0.075058
vn 0.042892 0.002861 -0.999076
vn -0.111467 0.002861 -0.993764
vn -0.076145 0.994637 -0.069990
vn -0.076145 0.994637 -0.069990
vn -0.999122 0.002983 -0.041788
vn -0.993886 0.002983 0.110368
vn -0.071154 0.994637 0.075058
vn 0.999122 0.002983 0.041788
vn 0.111466 0.002861 0.993764
vn 0.111520 -0.000003 0.993762
vn 0.999125 -0.000003 0.041818
vn 0.111466 0.002861 0.993764
vn 0.076145 0.994637 0.069990
vn -0.071154 0.994637 0.075058
vn -0.042891 0.002861 0.999076
vn -0.042891 0.002861 0.999076
vn -0.993886 0.002983 0.110368
vn -0.993887 -0.000003 0.110398
vn -0.042946 -0.000003 0.999077
vn 0.076145 -0.994637 0.069990
vn 0.111515 -0.002402 0.993760
vn -0.042941 -0.002402 0.999075
vn -0.071154 -0.994637 0.075058
vn 0.042946 -0.000003 -0.999077
vn -0.111520 -0.000003 -0.993762
vn -0.111467 0.002861 -0.993764
vn 0.042892 0.002861 -0.999076
vn 0.071154 0.994637 -0.075058
vn -0.076145 0.994637 -0.069990
vn -0.071154 0.994637 0.075058
vn 0.076145 0.994637 0.069990
vn 0.111466 0.002861 0.993764
vn -0.042891 0.002861 0.999076
vn -0.042946 -0.000003 0.999077
vn 0.111520 -0.000003 0.993762
vn 0.076145 -0.994637 0.069990
vn -0.071154 -0.994637 0.075058
vn -0.076145 -0.994637 -0.069990
vn 0.071154 -0.994637 -0.075058
vn -0.999125 -0.000003 -0.041818
vn -0.993887 -0.000003 0.110398
vn -0.993886 0.002983 0.110368
vn -0.999122 0.002983 -0.041788
vn 0.999125 -0.000003 0.041818
vn 0.993887 -0.000003 -0.110398
vn 0.993886 0.002983 -0.110368
vn 0.999122 0.002983 0.041788
vn 0.071154 -0.994637 -0.075058
vn 0.042941 -0.002402 -0.999075
vn 0.993882 -0.002505 -0.110415
vn -0.999121 -0.002505 -0.041835
vn -0.111515 -0.002402 -0.993760
vn -0.076145 -0.994637 -0.069990
vn 0.993886 0.002983 -0.110368
vn 0.042892 0.002861 -0.999076
vn 0.071154 0.994637 -0.075058
vn -0.076145 0.994637 -0.069990
vn -0.111467 0.002861 -0.993764
vn -0.999122 0.002983 -0.041788
vn 0.999122 0.002983 0.041788
vn 0.076145 0.994637 0.069990
vn 0.111466 0.002861 0.993764
vn -0.042891 0.002861 0.999076
vn -0.071154 0.994637 0.075058
vn -0.993886 0.002983 0.110368
vn 0.999121 -0.002505 0.041835
vn 0.111515 -0.002402 0.993760
vn 0.076145 -0.994637 0.069990
vn -0.071154 -0.994637 0.075058
vn -0.042941 -0.002402 0.999075
vn -0.993882 -0.002505 0.110415
vn 0.042941 -0.002402 -0.999075
vn -0.111515 -0.002402 -0.993760
vn -0.111520 -0.000003 -0.993762
vn 0.042946 -0.000003 -0.999077
vn -0.111515 -0.002402 -0.993760
vn -0.999121 -0.002505 -0.041835
vn -0.999125 -0.000003 -0.041818
vn -0.111520 -0.000003 -0.993762
vn -0.999121 -0.002505 -0.041835
vn -0.993882 -0.002505 0.110415
vn -0.993887 -0.000003 0.110398
vn -0.999125 -0.000003 -0.041818
vn -0.042946 -0.000003 0.999077
vn -0.993887 -0.000003 0.110398
vn -0.993882 -0.002505 0.110415
vn -0.042941 -0.002402 0.999075
vn 0.111520 -0.000003 0.993762
vn -0.042946 -0.000003 0.999077
vn -0.042941 -0.002402 0.999075
vn 0.111515 -0.002402 0.993760
vn 0.999125 -0.000003 0.041818
vn 0.111520 -0.000003 0.993762
vn 0.111515 -0.002402 0.993760
vn 0.999121 -0.002505 0.041835
vn 0.999121 -0.002505 0.041835
vn 0.993882 -0.002505 -0.110415
vn 0.993887 -0.000003 -0.110398
vn 0.999125 -0.000003 0.041818
vn 0.993882 -0.002505 -0.110415
vn 0.042941 -0.002402 -0.999075
vn 0.042946 -0.000003 -0.999077
vn 0.993887 -0.000003 -0.110398
vn 0.076153 -0.000003 0.997096
vn 0.997010 -0.000003 0.077279
vn 0.997010 0.002861 0.077225
vn 0.076123 0.002983 0.997094
vn 0.997010 -0.000003 -0.077279
vn 0.076153 -0.000003 -0.997096
vn 0.076123 0.002983 -0.997094
vn 0.997010 0.002861 -0.077225
vn 0.076123 0.002983 0.997094
vn 0.072567 0.994637 0.073693
vn -0.072567 0.994637 0.073693
vn -0.076123 0.002983 0.997094
vn 0.072567 0.994637 0.073693
vn 0.997010 0.002861 0.077225
vn 0.997010 0.002861 -0.077225
vn 0.072567 0.994637 -0.073693
vn 0.072567 0.994637 -0.073693
vn 0.076123 0.002983 -0.997094
vn -0.076123 0.002983 -0.997094
vn -0.072567 0.994637 -0.073693
vn -0.076123 0.002983 0.997094
vn -0.997010 0.002861 0.077224
vn -0.997010 -0.000003 0.077279
vn -0.076153 -0.000003 0.997096
vn -0.997010 0.002861 0.077224
vn -0.072567 0.994637 0.073693
vn -0.072567 0.994637 -0.073693
vn -0.997010 0.002861 -0.077224
vn -0.997010 0.002861 -0.077224
vn -0.076123 0.002983 -0.997094
vn -0.076153 -0.000003 -0.997096
vn -0.997010 -0.000003 -0.077279
vn 0.997010 -0.000003 0.077279
vn 0.997010 -0.000003 -0.077279
vn 0.997010 0.002861 -0.077225
vn 0.997010 0.002861 0.077225
vn 0.072567 0.994637 0.073693
vn 0.072567 0.994637 -0.073693
vn -0.072567 0.994637 -0.073693
vn -0.072567 0.994637 0.073693
vn -0.997010 0.002861 0.077224
vn -0.997010 0.002861 -0.077224
vn -0.997010 -0.000003 -0.077279
vn -0.997010 -0.000003 0.077279
vn 0.076153 -0.000003 -0.997096
vn -0.076153 -0.000003 -0.997096
vn -0.076123 0.002983 -0.997094
vn 0.076123 0.002983 -0.997094
vn -0.076153 -0.000003 0.997096
vn 0.076153 -0.000003 0.997096
vn 0.076123 0.002983 0.997094
vn -0.076123 0.002983 0.997094
vn 0.076123 0.002983 0.997094
vn 0.997010 0.002861 0.077225
vn 0.072567 0.994637 0.073693
vn 0.072567 0.994637 -0.073693
vn 0.997010 0.002861 -0.077225
vn 0.076123 0.002983 -0.997094
vn -0.076123 0.002983 0.997094
vn -0.072567 0.994637 0.073693
vn -0.997010 0.002861 0.077224
vn -0.997010 0.002861 -0.077224
vn -0.072567 0.994637 -0.073693
vn -0.076123 0.002983 -0.997094
vn 0.071154 -0.994637 -0.075058
vn 0.993882 -0.002505 -0.110415
vn 0.999121 -0.002505 0.041835
vn 0.076145 -0.994637 0.069990
vn 0.042941 -0.002402 -0.999075
vn 0.071154 -0.994637 -0.075058
vn -0.076145 -0.994637 -0.069990
vn -0.111515 -0.002402 -0.993760
vn 0.993887 -0.000003 -0.110398
vn 0.042946 -0.000003 -0.999077
vn 0.042892 0.002861 -0.999076
vn 0.993886 0.002983 -0.110368
vn -0.999121 -0.002505 -0.041835
vn -0.076145 -0.994637 -0.069990
vn -0.071154 -0.994637 0.075058
vn -0.993882 -0.002505 0.110415
vn -0.111520 -0.000003 -0.993762
vn -0.999125 -0.000003 -0.041818
vn -0.999122 0.002983 -0.041788
vn -0.111467 0.002861 -0.993764
vn 0.993886 0.002983 -0.110368
vn 0.071154 0.994637 -0.075058
vn 0.076145 0.994637 0.069990
vn 0.999122 0.002983 0.041788
vn 0.071154 0.994637 -0.075058
vn 0.042892 0.002861 -0.999076
vn -0.111467 0.002861 -0.993764
vn -0.076145 0.994637 -0.069990
vn -0.076145 0.994637 -0.069990
vn -0.999122 0.002983 -0.041788
vn -0.993886 0.002983 0.110368
vn -0.071154 0.994637 0.075058
vn 0.999122 0.002983 0.041788
vn 0.111466 0.002861 0.993764
vn 0.111520 -0.000003 0.993762
vn 0.999125 -0.000003 0.041818
vn 0.111466 0.002861 0.993764
vn 0.076145 0.994637 0.069990
vn -0.071154 0.994637 0.075058
vn -0.042891 0.002861 0.999076
vn -0.042891 0.002861 0.999076
vn -0.993886 0.002983 0.110368
vn -0.993887 -0.000003 0.110398
vn -0.042946 -0.000003 0.999077
vn 0.076145 -0.994637 0.069990
vn 0.111515 -0.002402 0.993760
vn -0.042941 -0.002402 0.999075
vn -0.071154 -0.994637 0.075058
vn 0.042946 -0.000003 -0.999077
vn -0.111520 -0.000003 -0.993762
vn -0.111467 0.002861 -0.993764
vn 0.042892 0.002861 -0.999076
vn 0.071154 0.994637 -0.075058
vn -0.076145 0.994637 -0.069990
vn -0.071154 0.994637 0.075058
vn 0.076145 0.994637 0.069990
vn 0.111466 0.002861 0.993764
vn -0.042891 0.002861 0.999076
vn -0.042946 -0.000003 0.999077
vn 0.111520 -0.000003 0.993762
vn 0.076145 -0.994637 0.069990
vn -0.071154 -0.994637 0.075058
vn -0.076145 -0.994637 -0.069990
vn 0.071154 -0.994637 -0.075058
vn -0.999125 -0.000003 -0.041818
vn -0.993887 -0.000003 0.110398
vn -0.993886 0.002983 0.110368
vn -0.999122 0.002983 -0.041788
vn 0.999125 -0.000003 0.041818
vn 0.993887 -0.000003 -0.110398
vn 0.993886 0.002983 -0.110368
vn 0.999122 0.002983 0.041788
vn 0.071154 -0.994637 -0.075058
vn 0.042941 -0.002402 -0.999075
vn 0.993882 -0.002505 -0.110415
vn -0.999121 -0.002505 -0.041835
vn -0.111515 -0.002402 -0.993760
vn -0.076145 -0.994637 -0.069990
vn 0.993886 0.002983 -0.110368
vn 0.042892 0.002861 -0.999076
vn 0.071154 0.994637 -0.075058
vn -0.076145 0.994637 -0.069990
vn -0.111467 0.002861 -0.993764
vn -0.999122 0.002983 -0.041788
vn 0.999122 0.002983 0.041788
vn 0.076145 0.994637 0.069990
vn 0.111466 0.002861 0.993764
vn -0.042891 0.002861 0.999076
vn -0.071154 0.994637 0.075058
vn -0.993886 0.002983 0.110368
vn 0.999121 -0.002505 0.041835
vn 0.111515 -0.002402 0.993760
vn 0.076145 -0.994637 0.069990
vn -0.071154 -0.994637 0.075058
vn -0.042941 -0.002402 0.999075
vn -0.993882 -0.002505 0.110415
vn 0.042941 -0.002402 -0.999075
vn -0.111515 -0.002402 -0.993760
vn -0.111520 -0.000003 -0.993762
vn 0.042946 -0.000003 -0.999077
vn -0.111515 -0.002402 -0.993760
vn -0.999121 -0.002505 -0.041835
vn -0.999125 -0.000003 -0.041818
vn -0.111520 -0.000003 -0.993762
vn -0.999121 -0.002505 -0.041835
vn -0.993882 -0.002505 0.110415
vn -0.993887 -0.000003 0.110398
vn -0.999125 -0.000003 -0.041818
vn -0.042946 -0.000003 0.999077
vn -0.993887 -0.000003 0.110398
vn -0.993882 -0.002505 0.110415
vn -0.042941 -0.002402 0.999075
vn 0.111520 -0.000003 0.993762
vn -0.042946 -0.000003 0.999077
vn -0.042941 -0.002402 0.999075
vn 0.111515 -0.002402 0.993760
vn 0.999125 -0.000003 0.041818
vn 0.111520 -0.000003 0.993762
vn 0.111515 -0.002402 0.993760
vn 0.999121 -0.002505 0.041835
vn 0.999121 -0.002505 0.041835
vn 0.993882 -0.002505 -0.110415
vn 0.993887 -0.000003 -0.110398
vn 0.999125 -0.000003 0.041818
vn 0.993882 -0.002505 -0.110415
vn 0.042941 -0.002402 -0.999075
vn 0.042946 -0.000003 -0.999077
vn 0.993887 -0.000003 -0.110398
vn 0.071154 -0.994637 -0.075058
vn 0.993882 -0.002505 -0.110415
vn 0.999121 -0.002505 0.041835
vn 0.076145 -0.994637 0.069990
vn 0.042941 -0.002402 -0.999075
vn 0.071154 -0.994637 -0.075058
vn -0.076145 -0.994637 -0.069990
vn -0.111515 -0.002402 -0.993760
vn 0.993887 -0.000003 -0.110398
vn 0.042946 -0.000003 -0.999077
vn 0.042892 0.002861 -0.999076
vn 0.993886 0.002983 -0.110368
vn -0.999121 -0.002505 -0.041835
vn -0.076145 -0.994637 -0.069990
vn -0.071154 -0.994637 0.075058
vn -0.993882 -0.002505 0.110415
vn -0.111520 -0.000003 -0.993762
vn -0.999125 -0.000003 -0.041818
vn -0.999122 0.002983 -0.041788
vn -0.111467 0.002861 -0.993764
vn 0.993886 0.002983 -0.110368
vn 0.071154 0.994637 -0.075058
vn 0.076145 0.994637 0.069990
vn 0.999122 0.002983 0.041788
vn 0.071154 0.994637 -0.075058
vn 0.042892 0.002861 -0.999076
vn -0.111467 0.002861 -0.993764
vn -0.076145 0.994637 -0.069990
vn -0.076145 0.994637 -0.069990
vn -0.999122 0.002983 -0.041788
vn -0.993886 0.002983 0.110368
vn -0.071154 0.994637 0.075058
vn 0.999122 0.002983 0.041788
vn 0.111466 0.002861 0.993764
vn 0.111520 -0.000003 0.993762
vn 0.999125 -0.000003 0.041818
vn 0.111466 0.002861 0.993764
vn 0.076145 0.994637 0.069990
vn -0.071154 0.994637 0.075058
vn -0.042891 0.002861 0.999076
vn -0.042891 0.002861 0.999076
vn -0.993886 0.002983 0.110368
vn -0.993887 -0.000003 0.110398
vn -0.042946 -0.000003 0.999077
vn 0.076145 -0.994637 0.069990
vn 0.111515 -0.002402 0.993760
vn -0.042941 -0.002402 0.999075
vn -0.071154 -0.994637 0.075058
vn 0.042946 -0.000003 -0.999077
vn -0.111520 -0.000003 -0.993762
vn -0.111467 0.002861 -0.993764
vn 0.042892 0.002861 -0.999076
vn 0.071154 0.994637 -0.075058
vn -0.076145 0.994637 -0.069990
vn -0.071154 0.994637 0.075058
vn 0.076145 0.994637 0.069990
vn 0.111466 0.002861 0.993764
vn -0.042891 0.002861 0.999076
vn -0.042946 -0.000003 0.999077
vn 0.111520 -0.000003 0.993762
vn 0.076145 -0.994637 0.069990
vn -0.071154 -0.994637 0.075058
vn -0.076145 -0.994637 -0.069990
vn 0.071154 -0.994637 -0.075058
vn -0.999125 -0.000003 -0.041818
vn -0.993887 -0.000003 0.110398
vn -0.993886 0.002983 0.110368
vn -0.999122 0.002983 -0.041788
vn 0.999125 -0.000003 0.041818
vn 0.993887 -0.000003 -0.110398
vn 0.993886 0.002983 -0.110368
vn 0.999122 0.002983 0.041788
vn 0.071154 -0.994637 -0.075058
vn 0.042941 -0.002402 -0.999075
vn 0.993882 -0.002505 -0.110415
vn -0.999121 -0.002505 -0.041835
vn -0.111515 -0.002402 -0.993760
vn -0.076145 -0.994637 -0.069990
vn 0.993886 0.002983 -0.110368
vn 0.042892 0.002861 -0.999076
vn 0.071154 0.994637 -0.075058
vn -0.076145 0.994637 -0.069990
vn -0.111467 0.002861 -0.993764
vn -0.999122 0.002983 -0.041788
vn 0.999122 0.002983 0.041788
vn 0.076145 0.994637 0.069990
vn 0.111466 0.002861 0.993764
vn -0.042891 0.002861 0.999076
vn -0.071154 0.994637 0.075058
vn -0.993886 0.002983 0.110368
vn 0.999121 -0.002505 0.041835
vn 0.111515 -0.002402 0.993760
vn 0.076145 -0.994637 0.069990
vn -0.071154 -0.994637 0.075058
vn -0.042941 -0.002402 0.999075
vn -0.993882 -0.002505 0.110415
vn 0.042941 -0.002402 -0.999075
vn -0.111515 -0.002402 -0.993760
vn -0.111520 -0.000003 -0.993762
vn 0.042946 -0.000003 -0.999077
vn -0.111515 -0.002402 -0.993760
vn -0.999121 -0.002505 -0.041835
vn -0.999125 -0.000003 -0.041818
vn -0.111520 -0.000003 -0.993762
vn -0.999121 -0.002505 -0.041835
vn -0.993882 -0.002505 0.110415
vn -0.993887 -0.000003 0.110398
vn -0.999125 -0.000003 -0.041818
vn -0.042946 -0.000003 0.999077
vn -0.993887 -0.000003 0.110398
vn -0.993882 -0.002505 0.110415
vn -0.042941 -0.002402 0.999075
vn 0.111520 -0.000003 0.993762
vn -0.042946 -0.000003 0.999077
vn -0.042941 -0.002402 0.999075
vn 0.111515 -0.002402 0.993760
vn 0.999125 -0.000003 0.041818
vn 0.111520 -0.000003 0.993762
vn 0.111515 -0.002402 0.993760
vn 0.999121 -0.002505 0.041835
vn 0.999121 -0.002505 0.041835
vn 0.993882 -0.002505 -0.110415
vn 0.993887 -0.000003 -0.110398
vn 0.999125 -0.000003 0.041818
vn 0.993882 -0.002505 -0.110415
vn 0.042941 -0.002402 -0.999075
vn 0.042946 -0.000003 -0.999077
vn 0.993887 -0.000003 -0.110398
vn 0.076153 -0.000003 0.997096
vn 0.997010 -0.000003 0.077279
vn 0.997010 0.002861 0.077225
vn 0.076123 0.002983 0.997094
vn 0.997010 -0.000003 -0.077279
vn 0.076153 -0.000003 -0.997096
vn 0.076123 0.002983 -0.997094
vn 0.997010 0.002861 -0.077225
vn 0.076123 0.002983 0.997094
vn 0.072567 0.994637 0.073693
vn -0.072567 0.994637 0.073693
vn -0.076123 0.002983 0.997094
vn 0.072567 0.994637 0.073693
vn 0.997010 0.002861 0.077225
vn 0.997010 0.002861 -0.077225
vn 0.072567 0.994637 -0.073693
vn 0.072567 0.994637 -0.073693
vn 0.076123 0.002983 -0.997094
vn -0.076123 0.002983 -0.997094
vn -0.072567 0.994637 -0.073693
vn -0.076123 0.002983 0.997094
vn -0.997010 0.002861 0.077224
vn -0.997010 -0.000003 0.077279
vn -0.076153 -0.000003 0.997096
vn -0.997010 0.002861 0.077224
vn -0.072567 0.994637 0.073693
vn -0.072567 0.994637 -0.073693
vn -0.997010 0.002861 -0.077224
vn -0.997010 0.002861 -0.077224
vn -0.076123 0.002983 -0.997094
vn -0.076153 -0.000003 -0.997096
vn -0.997010 -0.000003 -0.077279
vn 0.997010 -0.000003 0.077279
vn 0.997010 -0.000003 -0.077279
vn 0.997010 0.002861 -0.077225
vn 0.997010 0.002861 0.077225
vn 0.072567 0.994637 0.073693
vn 0.072567 0.994637 -0.073693
vn -0.072567 0.994637 -0.073693
vn -0.072567 0.994637 0.073693
vn -0.997010 0.002861 0.077224
vn -0.997010 0.002861 -0.077224
vn -0.997010 -0.000003 -0.077279
vn -0.997010 -0.000003 0.077279
vn 0.076153 -0.000003 -0.997096
vn -0.076153 -0.000003 -0.997096
vn -0.076123 0.002983 -0.997094
vn 0.076123 0.002983 -0.997094
vn -0.076153 -0.000003 0.997096
vn 0.076153 -0.000003 0.997096
vn 0.076123 0.002983 0.997094
vn -0.076123 0.002983 0.997094
vn 0.076123 0.002983 0.997094
vn 0.997010 0.002861 0.077225
vn 0.072567 0.994637 0.073693
vn 0.072567 0.994637 -0.073693
vn 0.997010 0.002861 -0.077225
vn 0.076123 0.002983 -0.997094
vn -0.076123 0.002983 0.997094
vn -0.072567 0.994637 0.073693
vn -0.997010 0.002861 0.077224
vn -0.997010 0.002861 -0.077224
vn -0.072567 0.994637 -0.073693
vn -0.076123 0.002983 -0.997094
vn 0.072567 -0.994637 0.073693
vn 0.076170 -0.002505 0.997092
vn -0.076170 -0.002505 0.997092
vn -0.072567 -0.994637 0.073693
vn 0.997007 -0.002402 0.077274
vn 0.072567 -0.994637 0.073693
vn 0.072567 -0.994637 -0.073693
vn 0.997007 -0.002402 -0.077274
vn 0.076153 -0.000003 0.997096
vn 0.997010 -0.000003 0.077279
vn 0.997010 0.002861 0.077225
vn 0.076123 0.002983 0.997094
vn 0.076170 -0.002505 -0.997092
vn 0.072567 -0.994637 -0.073693
vn -0.072567 -0.994637 -0.073693
vn -0.076170 -0.002505 -0.997092
vn 0.997010 -0.000003 -0.077279
vn 0.076153 -0.000003 -0.997096
vn 0.076123 0.002983 -0.997094
vn 0.997010 0.002861 -0.077225
vn 0.076123 0.002983 0.997094
vn 0.072567 0.994637 0.073693
vn -0.072567 0.994637 0.073693
vn -0.076123 0.002983 0.997094
vn 0.072567 0.994637 0.073693
vn 0.997010 0.002861 0.077225
vn 0.997010 0.002861 -0.077225
vn 0.072567 0.994637 -0.073693
vn 0.072567 0.994637 -0.073693
vn 0.076123 0.002983 -0.997094
vn -0.076123 0.002983 -0.997094
vn -0.072567 0.994637 -0.073693
vn -0.076123 0.002983 0.997094
vn -0.997010 0.002861 0.077224
vn -0.997010 -0.000003 0.077279
vn -0.076153 -0.000003 0.997096
vn -0.997010 0.002861 0.077224
vn -0.072567 0.994637 0.073693
vn -0.072567 0.994637 -0.073693
vn -0.997010 0.002861 -0.077224
vn -0.997010 0.002861 -0.077224
vn -0.076123 0.002983 -0.997094
vn -0.076153 -0.000003 -0.997096
vn -0.997010 -0.000003 -0.077279
vn -0.072567 -0.994637 0.073693
vn -0.997007 -0.002402 0.077274
vn -0.997007 -0.002402 -0.077274
vn -0.072567 -0.994637 -0.073693
vn 0.997010 -0.000003 0.077279
vn 0.997010 -0.000003 -0.077279
vn 0.997010 0.002861 -0.077225
vn 0.997010 0.002861 0.077225
vn 0.072567 0.994637 0.073693
vn 0.072567 0.994637 -0.073693
vn -0.072567 0.994637 -0.073693
vn -0.072567 0.994637 0.073693
vn -0.997010 0.002861 0.077224
vn -0.997010 0.002861 -0.077224
vn -0.997010 -0.000003 -0.077279
vn -0.997010 -0.000003 0.077279
vn -0.072567 -0.994637 0.073693
vn -0.072567 -0.994637 -0.073693
vn 0.072567 -0.994637 -0.073693
vn 0.072567 -0.994637 0.073693
vn 0.076153 -0.000003 -0.997096
vn -0.076153 -0.000003 -0.997096
vn -0.076123 0.002983 -0.997094
vn 0.076123 0.002983 -0.997094
vn -0.076153 -0.000003 0.997096
vn 0.076153 -0.000003 0.997096
vn 0.076123 0.002983 0.997094
vn -0.076123 0.002983 0.997094
vn 0.072567 -0.994637 0.073693
vn 0.997007 -0.002402 0.077274
vn 0.076170 -0.002505 0.997092
vn 0.076170 -0.002505 -0.997092
vn 0.997007 -0.002402 -0.077274
vn 0.072567 -0.994637 -0.073693
vn 0.076123 0.002983 0.997094
vn 0.997010 0.002861 0.077225
vn 0.072567 0.994637 0.073693
vn 0.072567 0.994637 -0.073693
vn 0.997010 0.002861 -0.077225
vn 0.076123 0.002983 -0.997094
vn -0.076123 0.002983 0.997094
vn -0.072567 0.994637 0.073693
vn -0.997010 0.002861 0.077224
vn -0.997010 0.002861 -0.077224
vn -0.072567 0.994637 -0.073693
vn -0.076123 0.002983 -0.997094
vn -0.076170 -0.002505 0.997092
vn -0.997007 -0.002402 0.077274
vn -0.072567 -0.994637 0.073693
vn -0.072567 -0.994637 -0.073693
vn -0.997007 -0.002402 -0.077274
vn -0.076170 -0.002505 -0.997092
vn 0.997007 -0.002402 0.077274
vn 0.997007 -0.002402 -0.077274
vn 0.997010 -0.000003 -0.077279
vn 0.997010 -0.000003 0.077279
vn 0.997007 -0.002402 -0.077274
vn 0.076170 -0.002505 -0.997092
vn 0.076153 -0.000003 -0.997096
vn 0.997010 -0.000003 -0.077279
vn 0.076170 -0.002505 -0.997092
vn -0.076170 -0.002505 -0.997092
vn -0.076153 -0.000003 -0.997096
vn 0.076153 -0.000003 -0.997096
vn -0.997010 -0.000003 -0.077279
vn -0.076153 -0.000003 -0.997096
vn -0.076170 -0.002505 -0.997092
vn -0.997007 -0.002402 -0.077274
vn -0.997010 -0.000003 0.077279
vn -0.997010 -0.000003 -0.077279
vn -0.997007 -0.002402 -0.077274
vn -0.997007 -0.002402 0.077274
vn -0.076153 -0.000003 0.997096
vn -0.997010 -0.000003 0.077279
vn -0.997007 -0.002402 0.077274
vn -0.076170 -0.002505 0.997092
vn -0.076170 -0.002505 0.997092
vn 0.076170 -0.002505 0.997092
vn 0.076153 -0.000003 0.997096
vn -0.076153 -0.000003 0.997096
vn 0.076170 -0.002505 0.997092
vn 0.997007 -0.002402 0.077274
vn 0.997010 -0.000003 0.077279
vn 0.076153 -0.000003 0.997096
vn 0.071154 -0.994637 -0.075058
vn 0.993882 -0.002505 -0.110415
vn 0.999121 -0.002505 0.041835
vn 0.076145 -0.994637 0.069990
vn 0.042941 -0.002402 -0.999075
vn 0.071154 -0.994637 -0.075058
vn -0.076145 -0.994637 -0.069990
vn -0.111515 -0.002402 -0.993760
vn 0.993887 -0.000003 -0.110398
vn 0.042946 -0.000003 -0.999077
vn 0.042892 0.002861 -0.999076
vn 0.993886 0.002983 -0.110368
vn -0.999121 -0.002505 -0.041835
vn -0.076145 -0.994637 -0.069990
vn -0.071154 -0.994637 0.075058
vn -0.993882 -0.002505 0.110415
vn -0.111520 -0.000003 -0.993762
vn -0.999125 -0.000003 -0.041818
vn -0.999122 0.002983 -0.041788
vn -0.111467 0.002861 -0.993764
vn 0.993886 0.002983 -0.110368
vn 0.071154 0.994637 -0.075058
vn 0.076145 0.994637 0.069990
vn 0.999122 0.002983 0.041788
vn 0.071154 0.994637 -0.075058
vn 0.042892 0.002861 -0.999076
vn -0.111467 0.002861 -0.993764
vn -0.076145 0.994637 -0.069990
vn -0.076145 0.994637 -0.069990
vn -0.999122 0.002983 -0.041788
vn -0.993886 0.002983 0.110368
vn -0.071154 0.994637 0.075058
vn 0.999122 0.002983 0.041788
vn 0.111466 0.002861 0.993764
vn 0.111520 -0.000003 0.993762
vn 0.999125 -0.000003 0.041818
vn 0.111466 0.002861 0.993764
vn 0.076145 0.994637 0.069990
vn -0.071154 0.994637 0.075058
vn -0.042891 0.002861 0.999076
vn -0.042891 0.002861 0.999076
vn -0.993886 0.002983 0.110368
vn -0.993887 -0.000003 0.110398
vn -0.042946 -0.000003 0.999077
vn 0.076145 -0.994637 0.069990
vn 0.111515 -0.002402 0.993760
vn -0.042941 -0.002402 0.999075
vn -0.071154 -0.994637 0.075058
vn 0.042946 -0.000003 -0.999077
vn -0.111520 -0.000003 -0.993762
vn -0.111467 0.002861 -0.993764
vn 0.042892 0.002861 -0.999076
vn 0.071154 0.994637 -0.075058
vn -0.076145 0.994637 -0.069990
vn -0.071154 0.994637 0.075058
vn 0.076145 0.994637 0.069990
vn 0.111466 0.002861 0.993764
vn -0.042891 0.002861 0.999076
vn -0.042946 -0.000003 0.999077
vn 0.111520 -0.000003 0.993762
vn 0.076145 -0.994637 0.069990
vn -0.071154 -0.994637 0.075058
vn -0.076145 -0.994637 -0.069990
vn 0.071154 -0.994637 -0.075058
vn -0.999125 -0.000003 -0.041818
vn -0.993887 -0.000003 0.110398
vn -0.993886 0.002983 0.110368
vn -0.999122 0.002983 -0.041788
vn 0.999125 -0.000003 0.041818
vn 0.993887 -0.000003 -0.110398
vn 0.993886 0.002983 -0.110368
vn 0.999122 0.002983 0.041788
vn 0.071154 -0.994637 -0.075058
vn 0.042941 -0.002402 -0.999075
vn 0.993882 -0.002505 -0.110415
vn -0.999121 -0.002505 -0.041835
vn -0.111515 -0.002402 -0.993760
vn -0.076145 -0.994637 -0.069990
vn 0.993886 0.002983 -0.110368
vn 0.042892 0.002861 -0.999076
vn 0.071154 0.994637 -0.075058
vn -0.076145 0.994637 -0.069990
vn -0.111467 0.002861 -0.993764
vn -0.999122 0.002983 -0.041788
vn 0.999122 0.002983 0.041788
vn 0.076145 0.994637 0.069990
vn 0.111466 0.002861 0.993764
vn -0.042891 0.002861 0.999076
vn -0.071154 0.994637 0.075058
vn -0.993886 0.002983 0.110368
vn 0.999121 -0.002505 0.041835
vn 0.111515 -0.002402 0.993760
vn 0.076145 -0.994637 0.069990
vn -0.071154 -0.994637 0.075058
vn -0.042941 -0.002402 0.999075
vn -0.993882 -0.002505 0.110415
vn 0.042941 -0.002402 -0.999075
vn -0.111515 -0.002402 -0.993760
vn -0.111520 -0.000003 -0.993762
vn 0.042946 -0.000003 -0.999077
vn -0.111515 -0.002402 -0.993760
vn -0.999121 -0.002505 -0.041835
vn -0.999125 -0.000003 -0.041818
vn -0.111520 -0.000003 -0.993762
vn -0.999121 -0.002505 -0.041835
vn -0.993882 -0.002505 0.110415
vn -0.993887 -0.000003 0.110398
vn -0.999125 -0.000003 -0.041818
vn -0.042946 -0.000003 0.999077
vn -0.993887 -0.000003 0.110398
vn -0.993882 -0.002505 0.110415
vn -0.042941 -0.002402 0.999075
vn 0.111520 -0.000003 0.993762
vn -0.042946 -0.000003 0.999077
vn -0.042941 -0.002402 0.999075
vn 0.111515 -0.002402 0.993760
vn 0.999125 -0.000003 0.041818
vn 0.111520 -0.000003 0.993762
vn 0.111515 -0.002402 0.993760
vn 0.999121 -0.002505 0.041835
vn 0.999121 -0.002505 0.041835
vn 0.993882 -0.002505 -0.110415
vn 0.993887 -0.000003 -0.110398
vn 0.999125 -0.000003 0.041818
vn 0.993882 -0.002505 -0.110415
vn 0.042941 -0.002402 -0.999075
vn 0.042946 -0.000003 -0.999077
vn 0.993887 -0.000003 -0.110398
vn 0.993887 -0.000003 -0.110398
vn 0.042946 -0.000003 -0.999077
vn 0.042892 0.002861 -0.999076
vn 0.993886 0.002983 -0.110368
vn -0.111520 -0.000003 -0.993762
vn -0.999125 -0.000003 -0.041818
vn -0.999122 0.002983 -0.041788
vn -0.111467 0.002861 -0.993764
vn 0.993886 0.002983 -0.110368
vn 0.071154 0.994637 -0.075058
vn 0.076145 0.994637 0.069990
vn 0.999122 0.002983 0.041788
vn 0.071154 0.994637 -0.075058
vn 0.042892 0.002861 -0.999076
vn -0.111467 0.002861 -0.993764
vn -0.076145 0.994637 -0.069990
vn -0.076145 0.994637 -0.069990
vn -0.999122 0.002983 -0.041788
vn -0.993886 0.002983 0.110368
vn -0.071154 0.994637 0.075058
vn 0.999122 0.002983 0.041788
vn 0.111466 0.002861 0.993764
vn 0.111520 -0.000003 0.993762
vn 0.999125 -0.000003 0.041818
vn 0.111466 0.002861 0.993764
vn 0.076145 0.994637 0.069990
vn -0.071154 0.994637 0.075058
vn -0.042891 0.002861 0.999076
vn -0.042891 0.002861 0.999076
vn -0.993886 0.002983 0.110368
vn -0.993887 -0.000003 0.110398
vn -0.042946 -0.000003 0.999077
vn 0.042946 -0.000003 -0.999077
vn -0.111520 -0.000003 -0.993762
vn -0.111467 0.002861 -0.993764
vn 0.042892 0.002861 -0.999076
vn 0.071154 0.994637 -0.075058
vn -0.076145 0.994637 -0.069990
vn -0.071154 0.994637 0.075058
vn 0.076145 0.994637 0.069990
vn 0.111466 0.002861 0.993764
vn -0.042891 0.002861 0.999076
vn -0.042946 -0.000003 0.999077
vn 0.111520 -0.000003 0.993762
vn -0.999125 -0.000003 -0.041818
vn -0.993887 -0.000003 0.110398
vn -0.993886 0.002983 0.110368
vn -0.999122 0.002983 -0.041788
vn 0.999125 -0.000003 0.041818
vn 0.993887 -0.000003 -0.110398
vn 0.993886 0.002983 -0.110368
vn 0.999122 0.002983 0.041788
vn 0.993886 0.002983 -0.110368
vn 0.042892 0.002861 -0.999076
vn 0.071154 0.994637 -0.075058
vn -0.076145 0.994637 -0.069990
vn -0.111467 0.002861 -0.993764
vn -0.999122 0.002983 -0.041788
vn 0.999122 0.002983 0.041788
vn 0.076145 0.994637 0.069990
vn 0.111466 0.002861 0.993764
vn -0.042891 0.002861 0.999076
vn -0.071154 0.994637 0.075058
vn -0.993886 0.002983 0.110368
vn -0.991943 -0.117137 -0.048250
vn 0.047349 -0.995974 -0.076113
vn 0.049880 -0.995844 0.076206
vn -0.989789 -0.117026 0.081378
vn -0.015266 -0.078165 -0.996824
vn -0.991943 -0.117137 -0.048250
vn -0.998732 0.014346 -0.048250
vn -0.023236 0.076177 -0.996824
vn -0.055487 0.995554 -0.076113
vn -0.998732 0.014346 -0.048250
vn -0.996578 0.014457 0.081378
vn -0.052956 0.995685 0.076206
vn -0.989789 -0.117026 0.081378
vn 0.017860 -0.076455 0.996913
vn 0.009890 0.077888 0.996913
vn -0.996578 0.014457 0.081378
vn -0.989789 -0.117026 0.081378
vn -0.996578 0.014457 0.081378
vn -0.998732 0.014346 -0.048250
vn -0.991943 -0.117137 -0.048250
vn -0.991943 -0.117137 -0.048250
vn -0.015266 -0.078165 -0.996824
vn 0.047349 -0.995974 -0.076113
vn -0.055487 0.995554 -0.076113
vn -0.023236 0.076177 -0.996824
vn -0.998732 0.014346 -0.048250
vn 0.049880 -0.995844 0.076206
vn 0.017860 -0.076455 0.996913
vn -0.989789 -0.117026 0.081378
vn -0.996578 0.014457 0.081378
vn 0.009890 0.077888 0.996913
vn -0.052956 0.995685 0.076206
vn -0.015266 -0.078165 -0.996824
vn -0.023236 0.076177 -0.996824
vn -0.020552 0.076321 -0.996872
vn -0.012581 -0.078032 -0.996872
vn -0.023236 0.076177 -0.996824
vn -0.055487 0.995554 -0.076113
vn -0.052687 0.995704 -0.076142
vn -0.020552 0.076321 -0.996872
vn -0.055487 0.995554 -0.076113
vn -0.052956 0.995685 0.076206
vn -0.050157 0.995835 0.076143
vn -0.052687 0.995704 -0.076142
vn 0.012575 0.078031 0.996872
vn -0.050157 0.995835 0.076143
vn -0.052956 0.995685 0.076206
vn 0.009890 0.077888 0.996913
vn 0.020545 -0.076321 0.996872
vn 0.012575 0.078031 0.996872
vn 0.009890 0.077888 0.996913
vn 0.017860 -0.076455 0.996913
vn 0.052680 -0.995704 0.076143
vn 0.020545 -0.076321 0.996872
vn 0.017860 -0.076455 0.996913
vn 0.049880 -0.995844 0.076206
vn 0.049880 -0.995844 0.076206
vn 0.047349 -0.995974 -0.076113
vn 0.050150 -0.995835 -0.076142
vn 0.052680 -0.995704 0.076143
vn 0.047349 -0.995974 -0.076113
vn -0.015266 -0.078165 -0.996824
vn -0.012581 -0.078032 -0.996872
vn 0.050150 -0.995835 -0.076142
vn 0.993887 -0.000003 -0.110398
vn 0.042946 -0.000003 -0.999077
vn 0.042892 0.002861 -0.999076
vn 0.993886 0.002983 -0.110368
vn -0.111520 -0.000003 -0.993762
vn -0.999125 -0.000003 -0.041818
vn -0.999122 0.002983 -0.041788
vn -0.111467 0.002861 -0.993764
vn 0.993886 0.002983 -0.110368
vn 0.071154 0.994637 -0.075058
vn 0.076145 0.994637 0.069990
vn 0.999122 0.002983 0.041788
vn 0.071154 0.994637 -0.075058
vn 0.042892 0.002861 -0.999076
vn -0.111467 0.002861 -0.993764
vn -0.076145 0.994637 -0.069990
vn -0.076145 0.994637 -0.069990
vn -0.999122 0.002983 -0.041788
vn -0.993886 0.002983 0.110368
vn -0.071154 0.994637 0.075058
vn 0.999122 0.002983 0.041788
vn 0.111466 0.002861 0.993764
vn 0.111520 -0.000003 0.993762
vn 0.999125 -0.000003 0.041818
vn 0.111466 0.002861 0.993764
vn 0.076145 0.994637 0.069990
vn -0.071154 0.994637 0.075058
vn -0.042891 0.002861 0.999076
vn -0.042891 0.002861 0.999076
vn -0.993886 0.002983 0.110368
vn -0.993887 -0.000003 0.110398
vn -0.042946 -0.000003 0.999077
vn 0.042946 -0.000003 -0.999077
vn -0.111520 -0.000003 -0.993762
vn -0.111467 0.002861 -0.993764
vn 0.042892 0.002861 -0.999076
vn 0.071154 0.994637 -0.075058
vn -0.076145 0.994637 -0.069990
vn -0.071154 0.994637 0.075058
vn 0.076145 0.994637 0.069990
vn 0.111466 0.002861 0.993764
vn -0.042891 0.002861 0.999076
vn -0.042946 -0.000003 0.999077
vn 0.111520 -0.000003 0.993762
vn -0.999125 -0.000003 -0.041818
vn -0.993887 -0.000003 0.110398
vn -0.993886 0.002983 0.110368
vn -0.999122 0.002983 -0.041788
vn 0.999125 -0.000003 0.041818
vn 0.993887 -0.000003 -0.110398
vn 0.993886 0.002983 -0.110368
vn 0.999122 0.002983 0.041788
vn 0.993886 0.002983 -0.110368
vn 0.042892 0.002861 -0.999076
vn 0.071154 0.994637 -0.075058
vn -0.076145 0.994637 -0.069990
vn -0.111467 0.002861 -0.993764
vn -0.999122 0.002983 -0.041788
vn 0.999122 0.002983 0.041788
vn 0.076145 0.994637 0.069990
vn 0.111466 0.002861 0.993764
vn -0.042891 0.002861 0.999076
vn -0.071154 0.994637 0.075058
vn -0.993886 0.002983 0.110368
vn -0.991943 -0.117137 -0.048250
vn 0.047349 -0.995974 -0.076113
vn 0.049880 -0.995844 0.076206
vn -0.989789 -0.117026 0.081378
vn -0.015266 -0.078165 -0.996824
vn -0.991943 -0.117137 -0.048250
vn -0.998732 0.014346 -0.048250
vn -0.023236 0.076177 -0.996824
vn -0.055487 0.995554 -0.076113
vn -0.998732 0.014346 -0.048250
vn -0.996578 0.014457 0.081378
vn -0.052956 0.995685 0.076206
vn -0.989789 -0.117026 0.081378
vn 0.017860 -0.076455 0.996913
vn 0.009890 0.077888 0.996913
vn -0.996578 0.014457 0.081378
vn -0.989789 -0.117026 0.081378
vn -0.996578 0.014457 0.081378
vn -0.998732 0.014346 -0.048250
vn -0.991943 -0.117137 -0.048250
vn -0.991943 -0.117137 -0.048250
vn -0.015266 -0.078165 -0.996824
vn 0.047349 -0.995974 -0.076113
vn -0.055487 0.995554 -0.076113
vn -0.023236 0.076177 -0.996824
vn -0.998732 0.014346 -0.048250
vn 0.049880 -0.995844 0.076206
vn 0.017860 -0.076455 0.996913
vn -0.989789 -0.117026 0.081378
vn -0.996578 0.014457 0.081378
vn 0.009890 0.077888 0.996913
vn -0.052956 0.995685 0.076206
vn -0.015266 -0.078165 -0.996824
vn -0.023236 0.076177 -0.996824
vn -0.020552 0.076321 -0.996872
vn -0.012581 -0.078032 -0.996872
vn -0.023236 0.076177 -0.996824
vn -0.055487 0.995554 -0.076113
vn -0.052687 0.995704 -0.076142
vn -0.020552 0.076321 -0.996872
vn -0.055487 0.995554 -0.076113
vn -0.052956 0.995685 0.076206
vn -0.050157 0.995835 0.076143
vn -0.052687 0.995704 -0.076142
vn 0.012575 0.078031 0.996872
vn -0.050157 0.995835 0.076143
vn -0.052956 0.995685 0.076206
vn 0.009890 0.077888 0.996913
vn 0.020545 -0.076321 0.996872
vn 0.012575 0.078031 0.996872
vn 0.009890 0.077888 0.996913
vn 0.017860 -0.076455 0.996913
vn 0.052680 -0.995704 0.076143
vn 0.020545 -0.076321 0.996872
vn 0.017860 -0.076455 0.996913
vn 0.049880 -0.995844 0.076206
vn 0.049880 -0.995844 0.076206
vn 0.047349 -0.995974 -0.076113
vn 0.050150 -0.995835 -0.076142
vn 0.052680 -0.995704 0.076143
vn 0.047349 -0.995974 -0.076113
vn -0.015266 -0.078165 -0.996824
vn -0.012581 -0.078032 -0.996872
vn 0.050150 -0.995835 -0.076142
vn 0.043623 -0.085730 0.995363
vn 0.043623 -0.085730 0.995363
vn 0.043623 -0.085730 0.995363
vn 0.043623 -0.085730 0.995363
vn -0.998971 -0.016102 0.042394
vn -0.998971 -0.016102 0.042394
vn -0.998971 -0.016102 0.042394
vn -0.998971 -0.016102 0.042394
vn -0.043623 0.085730 -0.995363
vn -0.043623 0.085730 -0.995363
vn -0.043623 0.085730 -0.995363
vn -0.043623 0.085730 -0.995363
vn 0.998971 0.016101 -0.042394
vn 0.998971 0.016101 -0.042394
vn 0.998971 0.016101 -0.042394
vn 0.998971 0.016101 -0.042394
vn -0.012393 0.996188 0.086344
vn -0.012393 0.996188 0.086344
vn -0.012393 0.996188 0.086344
vn -0.012393 0.996188 0.086344
vn 0.012393 -0.996188 -0.086344
vn 0.012393 -0.996188 -0.086344
vn 0.012393 -0.996188 -0.086344
vn 0.012393 -0.996188 -0.086344
vn 0.043623 -0.085730 0.995363
vn 0.043623 -0.085730 0.995363
vn 0.043623 -0.085730 0.995363
vn 0.043623 -0.085730 0.995363
vn -0.998971 -0.016102 0.042394
vn -0.998971 -0.016102 0.042394
vn -0.998971 -0.016102 0.042394
vn -0.998971 -0.016102 0.042394
vn -0.043623 0.085730 -0.995363
vn -0.043623 0.085730 -0.995363
vn -0.043623 0.085730 -0.995363
vn -0.043623 0.085730 -0.995363
vn 0.998971 0.016101 -0.042394
vn 0.998971 0.016101 -0.042394
vn 0.998971 0.016101 -0.042394
vn 0.998971 0.016101 -0.042394
vn -0.012393 0.996188 0.086344
vn -0.012393 0.996188 0.086344
vn -0.012393 0.996188 0.086344
vn -0.012393 0.996188 0.086344
vn 0.012393 -0.996188 -0.086344
vn 0.012393 -0.996188 -0.086344
vn 0.012393 -0.996188 -0.086344
vn 0.012393 -0.996188 -0.086344
vn 0.072597 0.045755 -0.996311
vn 0.082738 -0.989794 -0.116027
vn -0.082738 -0.989794 -0.116027
vn -0.072597 0.045755 -0.996311
vn 0.997464 -0.070400 -0.010476
vn 0.072597 0.045755 -0.996311
vn 0.072597 0.180547 -0.980884
vn 0.997464 0.070947 0.005702
vn 0.082720 -0.990108 -0.113327
vn 0.997466 -0.070677 -0.008092
vn 0.997466 -0.070954 -0.005240
vn 0.082687 -0.990475 -0.110105
vn 0.082738 0.990413 0.110620
vn 0.072597 0.180547 -0.980884
vn -0.072597 0.180547 -0.980884
vn -0.082738 0.990413 0.110620
vn 0.997466 0.070678 0.008087
vn 0.082720 0.990109 0.113321
vn 0.082687 0.989738 0.116543
vn 0.997466 0.070303 0.010927
vn 0.082687 -0.990475 -0.110105
vn 0.072597 -0.180547 0.980884
vn -0.072597 -0.180547 0.980884
vn -0.082687 -0.990475 -0.110105
vn 0.072597 -0.180547 0.980884
vn 0.997466 -0.070954 -0.005240
vn 0.997466 0.070303 0.010927
vn 0.072597 -0.045755 0.996311
vn 0.072597 -0.045755 0.996311
vn 0.082687 0.989738 0.116543
vn -0.082687 0.989738 0.116543
vn -0.072597 -0.045755 0.996311
vn -0.082687 -0.990475 -0.110105
vn -0.997466 -0.070953 -0.005240
vn -0.997466 -0.070677 -0.008092
vn -0.082720 -0.990108 -0.113327
vn -0.997466 -0.070953 -0.005240
vn -0.072597 -0.180547 0.980884
vn -0.072597 -0.045755 0.996311
vn -0.997466 0.070302 0.010927
vn -0.997466 0.070302 0.010927
vn -0.082687 0.989738 0.116543
vn -0.082720 0.990109 0.113321
vn -0.997466 0.070678 0.008087
vn -0.072597 0.045755 -0.996311
vn -0.997464 -0.070400 -0.010476
vn -0.997464 0.070947 0.005702
vn -0.072597 0.180547 -0.980884
vn 0.997466 -0.070677 -0.008092
vn 0.997466 0.070678 0.008087
vn 0.997466 0.070303 0.010927
vn 0.997466 -0.070954 -0.005240
vn 0.072597 -0.180547 0.980884
vn 0.072597 -0.045755 0.996311
vn -0.072597 -0.045755 0.996311
vn -0.072597 -0.180547 0.980884
vn -0.997466 -0.070953 -0.005240
vn -0.997466 0.070302 0.010927
vn -0.997466 0.070678 0.008087
vn -0.997466 -0.070677 -0.008092
vn -0.072597 0.045755 -0.996311
vn -0.072597 0.180547 -0.980884
vn 0.072597 0.180547 -0.980884
vn 0.072597 0.045755 -0.996311
vn 0.082720 0.990109 0.113321
vn -0.082720 0.990109 0.113321
vn -0.082687 0.989738 0.116543
vn 0.082687 0.989738 0.116543
vn -0.082720 -0.990108 -0.113327
vn 0.082720 -0.990108 -0.113327
vn 0.082687 -0.990475 -0.110105
vn -0.082687 -0.990475 -0.110105
vn 0.072597 0.045755 -0.996311
vn 0.997464 -0.070400 -0.010476
vn 0.082738 -0.989794 -0.116027
vn 0.082738 0.990413 0.110620
vn 0.997464 0.070947 0.005702
vn 0.072597 0.180547 -0.980884
vn 0.082687 -0.990475 -0.110105
vn 0.997466 -0.070954 -0.005240
vn 0.072597 -0.180547 0.980884
vn 0.072597 -0.045755 0.996311
vn 0.997466 0.070303 0.010927
vn 0.082687 0.989738 0.116543
vn -0.082687 -0.990475 -0.110105
vn -0.072597 -0.180547 0.980884
vn -0.997466 -0.070953 -0.005240
vn -0.997466 0.070302 0.010927
vn -0.072597 -0.045755 0.996311
vn -0.082687 0.989738 0.116543
vn -0.082738 -0.989794 -0.116027
vn -0.997464 -0.070400 -0.010476
vn -0.072597 0.045755 -0.996311
vn -0.072597 0.180547 -0.980884
vn -0.997464 0.070947 0.005702
vn -0.082738 0.990413 0.110620
vn 0.997464 -0.070400 -0.010476
vn 0.997464 0.070947 0.005702
vn 0.997466 0.070678 0.008087
vn 0.997466 -0.070677 -0.008092
vn 0.997464 0.070947 0.005702
vn 0.082738 0.990413 0.110620
vn 0.082720 0.990109 0.113321
vn 0.997466 0.070678 0.008087
vn 0.082738 0.990413 0.110620
vn -0.082738 0.990413 0.110620
vn -0.082720 0.990109 0.113321
vn 0.082720 0.990109 0.113321
vn -0.997466 0.070678 0.008087
vn -0.082720 0.990109 0.113321
vn -0.082738 0.990413 0.110620
vn -0.997464 0.070947 0.005702
vn -0.997466 -0.070677 -0.008092
vn -0.997466 0.070678 0.008087
vn -0.997464 0.070947 0.005702
vn -0.997464 -0.070400 -0.010476
vn -0.082720 -0.990108 -0.113327
vn -0.997466 -0.070677 -0.008092
vn -0.997464 -0.070400 -0.010476
vn -0.082738 -0.989794 -0.116027
vn -0.082738 -0.989794 -0.116027
vn 0.082738 -0.989794 -0.116027
vn 0.082720 -0.990108 -0.113327
vn -0.082720 -0.990108 -0.113327
vn 0.082738 -0.989794 -0.116027
vn 0.997464 -0.070400 -0.010476
vn 0.997466 -0.070677 -0.008092
vn 0.082720 -0.990108 -0.113327
vn -0.046509 -0.141672 0.988820
vn -0.046509 -0.141672 0.988820
vn -0.046509 -0.141672 0.988820
vn -0.046509 -0.141672 0.988820
vn 0.998912 -0.010055 0.045543
vn 0.998912 -0.010055 0.045543
vn 0.998912 -0.010055 0.045543
vn 0.998912 -0.010055 0.045543
vn 0.046509 0.141672 -0.988820
vn 0.046509 0.141672 -0.988820
vn 0.046509 0.141672 -0.988820
vn 0.046509 0.141672 -0.988820
vn -0.998912 0.010056 -0.045543
vn -0.998912 0.010056 -0.045543
vn -0.998912 0.010056 -0.045543
vn -0.998912 0.010056 -0.045543
vn -0.003491 -0.989863 -0.141984
vn -0.003491 -0.989863 -0.141984
vn -0.003491 -0.989863 -0.141984
vn -0.003491 -0.989863 -0.141984
vn 0.003491 0.989863 0.141984
vn 0.003491 0.989863 0.141984
vn 0.003491 0.989863 0.141984
vn 0.003491 0.989863 0.141984
vn -0.042470 0.085815 -0.995406
vn -0.042470 0.085815 -0.995406
vn -0.042470 0.085815 -0.995406
vn -0.042470 0.085815 -0.995406
vn -0.999098 -0.003656 0.042312
vn -0.999098 -0.003656 0.042312
vn -0.999098 -0.003656 0.042312
vn -0.999098 -0.003656 0.042312
vn 0.042470 -0.085815 0.995406
vn 0.042470 -0.085815 0.995406
vn 0.042470 -0.085815 0.995406
vn 0.042470 -0.085815 0.995406
vn 0.999098 0.003657 -0.042312
vn 0.999098 0.003657 -0.042312
vn 0.999098 0.003657 -0.042312
vn 0.999098 0.003657 -0.042312
vn 0.000009 -0.996304 -0.085895
vn 0.000009 -0.996304 -0.085895
vn 0.000009 -0.996304 -0.085895
vn 0.000009 -0.996304 -0.085895
vn -0.000009 0.996304 0.085895
vn -0.000009 0.996304 0.085895
vn -0.000009 0.996304 0.085895
vn -0.000009 0.996304 0.085895
vn -0.046509 -0.141672 0.988820
vn -0.046509 -0.141672 0.988820
vn -0.046509 -0.141672 0.988820
vn -0.046509 -0.141672 0.988820
vn 0.998912 -0.010055 0.045543
vn 0.998912 -0.010055 0.045543
vn 0.998912 -0.010055 0.045543
vn 0.998912 -0.010055 0.045543
vn 0.046509 0.141672 -0.988820
vn 0.046509 0.141672 -0.988820
vn 0.046509 0.141672 -0.988820
vn 0.046509 0.141672 -0.988820
vn -0.998912 0.010056 -0.045543
vn -0.998912 0.010056 -0.045543
vn -0.998912 0.010056 -0.045543
vn -0.998912 0.010056 -0.045543
vn -0.003491 -0.989863 -0.141984
vn -0.003491 -0.989863 -0.141984
vn -0.003491 -0.989863 -0.141984
vn -0.003491 -0.989863 -0.141984
vn 0.003491 0.989863 0.141984
vn 0.003491 0.989863 0.141984
vn 0.003491 0.989863 0.141984
vn 0.003491 0.989863 0.141984
vn 0.072597 0.045755 -0.996311
vn 0.082738 -0.989794 -0.116027
vn -0.082738 -0.989794 -0.116027
vn -0.072597 0.045755 -0.996311
vn 0.997464 -0.070400 -0.010476
vn 0.072597 0.045755 -0.996311
vn 0.072597 0.180547 -0.980884
vn 0.997464 0.070947 0.005702
vn 0.082720 -0.990108 -0.113327
vn 0.997466 -0.070677 -0.008092
vn 0.997466 -0.070954 -0.005240
vn 0.082687 -0.990475 -0.110105
vn 0.082738 0.990413 0.110620
vn 0.072597 0.180547 -0.980884
vn -0.072597 0.180547 -0.980884
vn -0.082738 0.990413 0.110620
vn 0.997466 0.070678 0.008087
vn 0.082720 0.990109 0.113321
vn 0.082687 0.989738 0.116543
vn 0.997466 0.070303 0.010927
vn 0.082687 -0.990475 -0.110105
vn 0.072597 -0.180547 0.980884
vn -0.072597 -0.180547 0.980884
vn -0.082687 -0.990475 -0.110105
vn 0.072597 -0.180547 0.980884
vn 0.997466 -0.070954 -0.005240
vn 0.997466 0.070303 0.010927
vn 0.072597 -0.045755 0.996311
vn 0.072597 -0.045755 0.996311
vn 0.082687 0.989738 0.116543
vn -0.082687 0.989738 0.116543
vn -0.072597 -0.045755 0.996311
vn -0.082687 -0.990475 -0.110105
vn -0.997466 -0.070953 -0.005240
vn -0.997466 -0.070677 -0.008092
vn -0.082720 -0.990108 -0.113327
vn -0.997466 -0.070953 -0.005240
vn -0.072597 -0.180547 0.980884
vn -0.072597 -0.045755 0.996311
vn -0.997466 0.070302 0.010927
vn -0.997466 0.070302 0.010927
vn -0.082687 0.989738 0.116543
vn -0.082720 0.990109 0.113321
vn -0.997466 0.070678 0.008087
vn -0.072597 0.045755 -0.996311
vn -0.997464 -0.070400 -0.010476
vn -0.997464 0.070947 0.005702
vn -0.072597 0.180547 -0.980884
vn 0.997466 -0.070677 -0.008092
vn 0.997466 0.070678 0.008087
vn 0.997466 0.070303 0.010927
vn 0.997466 -0.070954 -0.005240
vn 0.072597 -0.180547 0.980884
vn 0.072597 -0.045755 0.996311
vn -0.072597 -0.045755 0.996311
vn -0.072597 -0.180547 0.980884
vn -0.997466 -0.070953 -0.005240
vn -0.997466 0.070302 0.010927
vn -0.997466 0.070678 0.008087
vn -0.997466 -0.070677 -0.008092
vn -0.072597 0.045755 -0.996311
vn -0.072597 0.180547 -0.980884
vn 0.072597 0.180547 -0.980884
vn 0.072597 0.045755 -0.996311
vn 0.082720 0.990109 0.113321
vn -0.082720 0.990109 0.113321
vn -0.082687 0.989738 0.116543
vn 0.082687 0.989738 0.116543
vn -0.082720 -0.990108 -0.113327
vn 0.082720 -0.990108 -0.113327
vn 0.082687 -0.990475 -0.110105
vn -0.082687 -0.990475 -0.110105
vn 0.072597 0.045755 -0.996311
vn 0.997464 -0.070400 -0.010476
vn 0.082738 -0.989794 -0.116027
vn 0.082738 0.990413 0.110620
vn 0.997464 0.070947 0.005702
vn 0.072597 0.180547 -0.980884
vn 0.082687 -0.990475 -0.110105
vn 0.997466 -0.070954 -0.005240
vn 0.072597 -0.180547 0.980884
vn 0.072597 -0.045755 0.996311
vn 0.997466 0.070303 0.010927
vn 0.082687 0.989738 0.116543
vn -0.082687 -0.990475 -0.110105
vn -0.072597 -0.180547 0.980884
vn -0.997466 -0.070953 -0.005240
vn -0.997466 0.070302 0.010927
vn -0.072597 -0.045755 0.996311
vn -0.082687 0.989738 0.116543
vn -0.082738 -0.989794 -0.116027
vn -0.997464 -0.070400 -0.010476
vn -0.072597 0.045755 -0.996311
vn -0.072597 0.180547 -0.980884
vn -0.997464 0.070947 0.005702
vn -0.082738 0.990413 0.110620
vn 0.997464 -0.070400 -0.010476
vn 0.997464 0.070947 0.005702
vn 0.997466 0.070678 0.008087
vn 0.997466 -0.070677 -0.008092
vn 0.997464 0.070947 0.005702
vn 0.082738 0.990413 0.110620
vn 0.082720 0.990109 0.113321
vn 0.997466 0.070678 0.008087
vn 0.082738 0.990413 0.110620
vn -0.082738 0.990413 0.110620
vn -0.082720 0.990109 0.113321
vn 0.082720 0.990109 0.113321
vn -0.997466 0.070678 0.008087
vn -0.082720 0.990109 0.113321
vn -0.082738 0.990413 0.110620
vn -0.997464 0.070947 0.005702
vn -0.997466 -0.070677 -0.008092
vn -0.997466 0.070678 0.008087
vn -0.997464 0.070947 0.005702
vn -0.997464 -0.070400 -0.010476
vn -0.082720 -0.990108 -0.113327
vn -0.997466 -0.070677 -0.008092
vn -0.997464 -0.070400 -0.010476
vn -0.082738 -0.989794 -0.116027
vn -0.082738 -0.989794 -0.116027
vn 0.082738 -0.989794 -0.116027
vn 0.082720 -0.990108 -0.113327
vn -0.082720 -0.990108 -0.113327
vn 0.082738 -0.989794 -0.116027
vn 0.997464 -0.070400 -0.010476
vn 0.997466 -0.070677 -0.008092
vn 0.082720 -0.990108 -0.113327
s off
g polySurface1210
usemtl M_WoodSmall:lambert6SG
f 1/1/1 3/2/2 19/3/3 21/4/4
f 2/5/5 1/6/6 6/7/7 5/8/8
f 32/9/9 25/10/10 8/11/11 7/12/12
f 4/13/13 6/14/14 22/15/15 24/16/16
f 26/17/17 27/18/18 12/19/19 11/20/20
f 7/21/21 9/22/22 14/23/23 13/24/24
f 9/25/25 8/11/26 11/20/27 10/26/28
f 10/27/29 12/28/30 18/29/31 17/30/32
f 13/31/33 15/32/34 30/33/35 31/34/36
f 15/32/37 14/23/38 17/30/39 16/35/40
f 16/35/41 18/36/42 28/37/43 29/38/44
f 21/4/45 20/39/46 23/40/47 22/15/48
f 25/10/49 26/17/50 11/20/51 8/11/52
f 9/22/53 10/27/54 17/30/55 14/23/56
f 15/32/57 16/35/58 29/38/59 30/33/60
f 21/4/61 22/15/62 6/14/63 1/1/64
f 27/18/65 28/37/66 18/36/67 12/19/68
f 31/41/69 32/9/70 7/12/71 13/42/72
f 1/6/73 2/5/74 3/43/75
f 4/44/76 5/8/77 6/7/78
f 7/12/79 8/11/80 9/25/81
f 10/26/82 11/20/83 12/19/84
f 13/24/85 14/23/86 15/32/87
f 16/35/88 17/30/89 18/29/90
f 19/45/91 20/39/92 21/4/93
f 22/15/94 23/40/95 24/46/96
f 2/5/97 5/8/98 26/17/99 25/10/100
f 5/8/101 4/44/102 27/18/103 26/17/104
f 4/44/105 24/46/106 28/37/107 27/18/108
f 29/38/109 28/37/110 24/46/111 23/40/112
f 30/33/113 29/38/114 23/40/115 20/39/116
f 31/34/117 30/33/118 20/39/119 19/45/120
f 19/47/121 3/43/122 32/9/123 31/41/124
f 3/43/125 2/5/126 25/10/127 32/9/128
f 33/48/129 35/49/130 39/50/131 41/51/132
f 34/52/133 33/53/134 38/54/135 37/55/136
f 36/56/137 38/57/138 42/58/139 44/59/140
f 41/51/141 40/60/142 43/61/143 42/58/144
f 41/51/145 42/58/146 38/57/147 33/48/148
f 33/53/149 34/52/150 35/62/151
f 36/63/152 37/55/153 38/54/154
f 39/64/155 40/60/156 41/51/157
f 42/58/158 43/61/159 44/65/160
f 34/52/161 37/55/162 46/66/163 45/67/164
f 37/55/165 36/63/166 47/68/167 46/66/168
f 36/63/169 44/65/170 48/69/171 47/68/172
f 49/70/173 48/69/174 44/65/175 43/61/176
f 50/71/177 49/70/178 43/61/179 40/60/180
f 51/72/181 50/71/182 40/60/183 39/64/184
f 39/73/185 35/62/186 52/74/187 51/75/188
f 35/62/189 34/52/190 45/67/191 52/74/192
f 53/76/193 55/77/194 71/78/195 73/79/196
f 54/80/197 53/81/198 58/82/199 57/83/200
f 84/84/201 77/85/202 60/86/203 59/87/204
f 56/88/205 58/89/206 74/90/207 76/91/208
f 78/92/209 79/93/210 64/94/211 63/95/212
f 59/96/213 61/97/214 66/98/215 65/99/216
f 61/100/217 60/86/218 63/95/219 62/101/220
f 62/102/221 64/103/222 70/104/223 69/105/224
f 65/106/225 67/107/226 82/108/227 83/109/228
f 67/107/229 66/98/230 69/105/231 68/110/232
f 68/110/233 70/111/234 80/112/235 81/113/236
f 73/79/237 72/114/238 75/115/239 74/90/240
f 77/85/241 78/92/242 63/95/243 60/86/244
f 61/97/245 62/102/246 69/105/247 66/98/248
f 67/107/249 68/110/250 81/113/251 82/108/252
f 73/79/253 74/90/254 58/89/255 53/76/256
f 79/93/257 80/112/258 70/111/259 64/94/260
f 83/116/261 84/84/262 59/87/263 65/117/264
f 53/81/265 54/80/266 55/118/267
f 56/119/268 57/83/269 58/82/270
f 59/87/271 60/86/272 61/100/273
f 62/101/274 63/95/275 64/94/276
f 65/99/277 66/98/278 67/107/279
f 68/110/280 69/105/281 70/104/282
f 71/120/283 72/114/284 73/79/285
f 74/90/286 75/115/287 76/121/288
f 54/80/289 57/83/290 78/92/291 77/85/292
f 57/83/293 56/119/294 79/93/295 78/92/296
f 56/119/297 76/121/298 80/112/299 79/93/300
f 81/113/301 80/112/302 76/121/303 75/115/304
f 82/108/305 81/113/306 75/115/307 72/114/308
f 83/109/309 82/108/310 72/114/311 71/120/312
f 71/122/313 55/118/314 84/84/315 83/116/316
f 55/118/317 54/80/318 77/85/319 84/84/320
f 85/123/321 86/124/322 88/125/323 87/126/324
f 87/126/325 88/127/326 90/128/327 89/129/328
f 89/130/329 90/131/330 92/132/331 91/133/332
f 91/134/333 92/135/334 86/136/335 85/123/336
f 86/124/337 92/132/338 90/131/339 88/125/340
f 91/134/341 85/123/342 87/126/343 89/129/344
f 93/137/345 94/138/346 96/139/347 95/140/348
f 95/140/349 96/141/350 98/142/351 97/143/352
f 97/144/353 98/145/354 100/146/355 99/147/356
f 99/148/357 100/149/358 94/150/359 93/137/360
f 94/138/361 100/146/362 98/145/363 96/139/364
f 99/148/365 93/137/366 95/140/367 97/143/368
f 101/151/369 102/152/370 104/153/371 103/154/372
f 103/154/373 104/155/374 106/156/375 105/157/376
f 105/158/377 106/159/378 108/160/379 107/161/380
f 107/162/381 108/163/382 102/164/383 101/151/384
f 102/152/385 108/160/386 106/159/387 104/153/388
f 107/162/389 101/151/390 103/154/391 105/157/392
f 109/165/393 111/166/394 127/167/395 129/168/396
f 110/169/397 109/170/398 114/171/399 113/172/400
f 140/173/401 133/174/402 116/175/403 115/176/404
f 112/177/405 114/178/406 130/179/407 132/180/408
f 134/181/409 135/182/410 120/183/411 119/184/412
f 115/185/413 117/186/414 122/187/415 121/188/416
f 117/189/417 116/175/418 119/184/419 118/190/420
f 118/191/421 120/192/422 126/193/423 125/194/424
f 121/195/425 123/196/426 138/197/427 139/198/428
f 123/196/429 122/187/430 125/194/431 124/199/432
f 124/199/433 126/200/434 136/201/435 137/202/436
f 129/168/437 128/203/438 131/204/439 130/179/440
f 133/174/441 134/181/442 119/184/443 116/175/444
f 117/186/445 118/191/446 125/194/447 122/187/448
f 123/196/449 124/199/450 137/202/451 138/197/452
f 129/168/453 130/179/454 114/178/455 109/165/456
f 135/182/457 136/201/458 126/200/459 120/183/460
f 139/205/461 140/173/462 115/176/463 121/206/464
f 109/170/465 110/169/466 111/207/467
f 112/208/468 113/172/469 114/171/470
f 115/176/471 116/175/472 117/189/473
f 118/190/474 119/184/475 120/183/476
f 121/188/477 122/187/478 123/196/479
f 124/199/480 125/194/481 126/193/482
f 127/209/483 128/203/484 129/168/485
f 130/179/486 131/204/487 132/210/488
f 110/169/489 113/172/490 134/181/491 133/174/492
f 113/172/493 112/208/494 135/182/495 134/181/496
f 112/208/497 132/210/498 136/201/499 135/182/500
f 137/202/501 136/201/502 132/210/503 131/204/504
f 138/197/505 137/202/506 131/204/507 128/203/508
f 139/198/509 138/197/510 128/203/511 127/209/512
f 127/211/513 111/207/514 140/173/515 139/205/516
f 111/207/517 110/169/518 133/174/519 140/173/520
f 160/212/521 153/213/522 142/214/523 141/215/524
f 154/216/525 155/217/526 146/218/527 145/219/528
f 141/220/529 143/221/530 148/222/531 147/223/532
f 143/224/533 142/214/534 145/219/535 144/225/536
f 144/226/537 146/227/538 152/228/539 151/229/540
f 147/230/541 149/231/542 158/232/543 159/233/544
f 149/231/545 148/222/546 151/229/547 150/234/548
f 150/234/549 152/235/550 156/236/551 157/237/552
f 153/213/553 154/216/554 145/219/555 142/214/556
f 143/221/557 144/226/558 151/229/559 148/222/560
f 149/231/561 150/234/562 157/237/563 158/232/564
f 155/217/565 156/236/566 152/235/567 146/218/568
f 159/238/569 160/212/570 141/215/571 147/239/572
f 141/215/573 142/214/574 143/224/575
f 144/225/576 145/219/577 146/218/578
f 147/223/579 148/222/580 149/231/581
f 150/234/582 151/229/583 152/228/584
f 180/240/585 173/241/586 162/242/587 161/243/588
f 174/244/589 175/245/590 166/246/591 165/247/592
f 161/248/593 163/249/594 168/250/595 167/251/596
f 163/252/597 162/242/598 165/247/599 164/253/600
f 164/254/601 166/255/602 172/256/603 171/257/604
f 167/258/605 169/259/606 178/260/607 179/261/608
f 169/259/609 168/250/610 171/257/611 170/262/612
f 170/262/613 172/263/614 176/264/615 177/265/616
f 173/241/617 174/244/618 165/247/619 162/242/620
f 163/249/621 164/254/622 171/257/623 168/250/624
f 169/259/625 170/262/626 177/265/627 178/260/628
f 175/245/629 176/264/630 172/263/631 166/246/632
f 179/266/633 180/240/634 161/243/635 167/267/636
f 161/243/637 162/242/638 163/252/639
f 164/253/640 165/247/641 166/246/642
f 167/251/643 168/250/644 169/259/645
f 170/262/646 171/257/647 172/256/648
f 181/268/649 183/269/650 199/270/651 201/271/652
f 182/272/653 181/273/654 186/274/655 185/275/656
f 212/276/657 205/277/658 188/278/659 187/279/660
f 184/280/661 186/281/662 202/282/663 204/283/664
f 206/284/665 207/285/666 192/286/667 191/287/668
f 187/288/669 189/289/670 194/290/671 193/291/672
f 189/292/673 188/278/674 191/287/675 190/293/676
f 190/294/677 192/295/678 198/296/679 197/297/680
f 193/298/681 195/299/682 210/300/683 211/301/684
f 195/299/685 194/290/686 197/297/687 196/302/688
f 196/302/689 198/303/690 208/304/691 209/305/692
f 201/271/693 200/306/694 203/307/695 202/282/696
f 205/277/697 206/284/698 191/287/699 188/278/700
f 189/289/701 190/294/702 197/297/703 194/290/704
f 195/299/705 196/302/706 209/305/707 210/300/708
f 201/271/709 202/282/710 186/281/711 181/268/712
f 207/285/713 208/304/714 198/303/715 192/286/716
f 211/308/717 212/276/718 187/279/719 193/309/720
f 181/273/721 182/272/722 183/310/723
f 184/311/724 185/275/725 186/274/726
f 187/279/727 188/278/728 189/292/729
f 190/293/730 191/287/731 192/286/732
f 193/291/733 194/290/734 195/299/735
f 196/302/736 197/297/737 198/296/738
f 199/312/739 200/306/740 201/271/741
f 202/282/742 203/307/743 204/313/744
f 182/272/745 185/275/746 206/284/747 205/277/748
f 185/275/749 184/311/750 207/285/751 206/284/752
f 184/311/753 204/313/754 208/304/755 207/285/756
f 209/305/757 208/304/758 204/313/759 203/307/760
f 210/300/761 209/305/762 203/307/763 200/306/764
f 211/301/765 210/300/766 200/306/767 199/312/768
f 199/314/769 183/310/770 212/276/771 211/308/772
f 183/310/773 182/272/774 205/277/775 212/276/776
f 213/315/777 215/316/778 231/317/779 233/318/780
f 214/319/781 213/320/782 218/321/783 217/322/784
f 244/323/785 237/324/786 220/325/787 219/326/788
f 216/327/789 218/328/790 234/329/791 236/330/792
f 238/331/793 239/332/794 224/333/795 223/334/796
f 219/335/797 221/336/798 226/337/799 225/338/800
f 221/339/801 220/325/802 223/334/803 222/340/804
f 222/341/805 224/342/806 230/343/807 229/344/808
f 225/345/809 227/346/810 242/347/811 243/348/812
f 227/346/813 226/337/814 229/344/815 228/349/816
f 228/349/817 230/350/818 240/351/819 241/352/820
f 233/318/821 232/353/822 235/354/823 234/329/824
f 237/324/825 238/331/826 223/334/827 220/325/828
f 221/336/829 222/341/830 229/344/831 226/337/832
f 227/346/833 228/349/834 241/352/835 242/347/836
f 233/318/837 234/329/838 218/328/839 213/315/840
f 239/332/841 240/351/842 230/350/843 224/333/844
f 243/355/845 244/323/846 219/326/847 225/356/848
f 213/320/849 214/319/850 215/357/851
f 216/358/852 217/322/853 218/321/854
f 219/326/855 220/325/856 221/339/857
f 222/340/858 223/334/859 224/333/860
f 225/338/861 226/337/862 227/346/863
f 228/349/864 229/344/865 230/343/866
f 231/359/867 232/353/868 233/318/869
f 234/329/870 235/354/871 236/360/872
f 214/319/873 217/322/874 238/331/875 237/324/876
f 217/322/877 216/358/878 239/332/879 238/331/880
f 216/358/881 236/360/882 240/351/883 239/332/884
f 241/352/885 240/351/886 236/360/887 235/354/888
f 242/347/889 241/352/890 235/354/891 232/353/892
f 243/348/893 242/347/894 232/353/895 231/359/896
f 231/361/897 215/357/898 244/323/899 243/355/900
f 215/357/901 214/319/902 237/324/903 244/323/904
f 245/362/905 247/363/906 263/364/907 265/365/908
f 246/366/909 245/367/910 250/368/911 249/369/912
f 276/370/913 269/371/914 252/372/915 251/373/916
f 248/374/917 250/375/918 266/376/919 268/377/920
f 270/378/921 271/379/922 256/380/923 255/381/924
f 251/382/925 253/383/926 258/384/927 257/385/928
f 253/386/929 252/372/930 255/381/931 254/387/932
f 254/388/933 256/389/934 262/390/935 261/391/936
f 257/392/937 259/393/938 274/394/939 275/395/940
f 259/393/941 258/384/942 261/391/943 260/396/944
f 260/396/945 262/397/946 272/398/947 273/399/948
f 265/365/949 264/400/950 267/401/951 266/376/952
f 269/371/953 270/378/954 255/381/955 252/372/956
f 253/383/957 254/388/958 261/391/959 258/384/960
f 259/393/961 260/396/962 273/399/963 274/394/964
f 265/365/965 266/376/966 250/375/967 245/362/968
f 271/379/969 272/398/970 262/397/971 256/380/972
f 275/402/973 276/370/974 251/373/975 257/403/976
f 245/367/977 246/366/978 247/404/979
f 248/405/980 249/369/981 250/368/982
f 251/373/983 252/372/984 253/386/985
f 254/387/986 255/381/987 256/380/988
f 257/385/989 258/384/990 259/393/991
f 260/396/992 261/391/993 262/390/994
f 263/406/995 264/400/996 265/365/997
f 266/376/998 267/401/999 268/407/1000
f 246/366/1001 249/369/1002 270/378/1003 269/371/1004
f 249/369/1005 248/405/1006 271/379/1007 270/378/1008
f 248/405/1009 268/407/1010 272/398/1011 271/379/1012
f 273/399/1013 272/398/1014 268/407/1015 267/401/1016
f 274/394/1017 273/399/1018 267/401/1019 264/400/1020
f 275/395/1021 274/394/1022 264/400/1023 263/406/1024
f 263/408/1025 247/404/1026 276/370/1027 275/402/1028
f 247/404/1029 246/366/1030 269/371/1031 276/370/1032
f 277/409/1033 279/410/1034 283/411/1035 285/412/1036
f 278/413/1037 277/414/1038 282/415/1039 281/416/1040
f 280/417/1041 282/418/1042 286/419/1043 288/420/1044
f 285/412/1045 284/421/1046 287/422/1047 286/419/1048
f 285/412/1049 286/419/1050 282/418/1051 277/409/1052
f 277/414/1053 278/413/1054 279/423/1055
f 280/424/1056 281/416/1057 282/415/1058
f 283/425/1059 284/421/1060 285/412/1061
f 286/419/1062 287/422/1063 288/426/1064
f 278/413/1065 281/416/1066 290/427/1067 289/428/1068
f 281/416/1069 280/424/1070 291/429/1071 290/427/1072
f 280/424/1073 288/426/1074 292/430/1075 291/429/1076
f 293/431/1077 292/430/1078 288/426/1079 287/422/1080
f 294/432/1081 293/431/1082 287/422/1083 284/421/1084
f 295/433/1085 294/432/1086 284/421/1087 283/425/1088
f 283/434/1089 279/423/1090 296/435/1091 295/436/1092
f 279/423/1093 278/413/1094 289/428/1095 296/435/1096
f 297/437/1097 299/438/1098 303/439/1099 305/440/1100
f 298/441/1101 297/442/1102 302/443/1103 301/444/1104
f 300/445/1105 302/446/1106 306/447/1107 308/448/1108
f 305/440/1109 304/449/1110 307/450/1111 306/447/1112
f 305/440/1113 306/447/1114 302/446/1115 297/437/1116
f 297/442/1117 298/441/1118 299/451/1119
f 300/452/1120 301/444/1121 302/443/1122
f 303/453/1123 304/449/1124 305/440/1125
f 306/447/1126 307/450/1127 308/454/1128
f 298/441/1129 301/444/1130 310/455/1131 309/456/1132
f 301/444/1133 300/452/1134 311/457/1135 310/455/1136
f 300/452/1137 308/454/1138 312/458/1139 311/457/1140
f 313/459/1141 312/458/1142 308/454/1143 307/450/1144
f 314/460/1145 313/459/1146 307/450/1147 304/449/1148
f 315/461/1149 314/460/1150 304/449/1151 303/453/1152
f 303/462/1153 299/451/1154 316/463/1155 315/464/1156
f 299/451/1157 298/441/1158 309/456/1159 316/463/1160
f 317/465/1161 319/466/1162 323/467/1163 325/468/1164
f 318/469/1165 317/470/1166 322/471/1167 321/472/1168
f 320/473/1169 322/474/1170 326/475/1171 328/476/1172
f 325/468/1173 324/477/1174 327/478/1175 326/475/1176
f 325/468/1177 326/475/1178 322/474/1179 317/465/1180
f 317/470/1181 318/469/1182 319/479/1183
f 320/480/1184 321/472/1185 322/471/1186
f 323/481/1187 324/477/1188 325/468/1189
f 326/475/1190 327/478/1191 328/482/1192
f 318/469/1193 321/472/1194 330/483/1195 329/484/1196
f 321/472/1197 320/480/1198 331/485/1199 330/483/1200
f 320/480/1201 328/482/1202 332/486/1203 331/485/1204
f 333/487/1205 332/486/1206 328/482/1207 327/478/1208
f 334/488/1209 333/487/1210 327/478/1211 324/477/1212
f 335/489/1213 334/488/1214 324/477/1215 323/481/1216
f 323/490/1217 319/479/1218 336/491/1219 335/492/1220
f 319/479/1221 318/469/1222 329/484/1223 336/491/1224
f 337/493/1225 339/494/1226 355/495/1227 357/496/1228
f 338/497/1229 337/498/1230 342/499/1231 341/500/1232
f 368/501/1233 361/502/1234 344/503/1235 343/504/1236
f 340/505/1237 342/506/1238 358/507/1239 360/508/1240
f 362/509/1241 363/510/1242 348/511/1243 347/512/1244
f 343/513/1245 345/514/1246 350/515/1247 349/516/1248
f 345/517/1249 344/503/1250 347/512/1251 346/518/1252
f 346/519/1253 348/520/1254 354/521/1255 353/522/1256
f 349/523/1257 351/524/1258 366/525/1259 367/526/1260
f 351/524/1261 350/515/1262 353/522/1263 352/527/1264
f 352/527/1265 354/528/1266 364/529/1267 365/530/1268
f 357/496/1269 356/531/1270 359/532/1271 358/507/1272
f 361/502/1273 362/509/1274 347/512/1275 344/503/1276
f 345/514/1277 346/519/1278 353/522/1279 350/515/1280
f 351/524/1281 352/527/1282 365/530/1283 366/525/1284
f 357/496/1285 358/507/1286 342/506/1287 337/493/1288
f 363/510/1289 364/529/1290 354/528/1291 348/511/1292
f 367/533/1293 368/501/1294 343/504/1295 349/534/1296
f 337/498/1297 338/497/1298 339/535/1299
f 340/536/1300 341/500/1301 342/499/1302
f 343/504/1303 344/503/1304 345/517/1305
f 346/518/1306 347/512/1307 348/511/1308
f 349/516/1309 350/515/1310 351/524/1311
f 352/527/1312 353/522/1313 354/521/1314
f 355/537/1315 356/531/1316 357/496/1317
f 358/507/1318 359/532/1319 360/538/1320
f 338/497/1321 341/500/1322 362/509/1323 361/502/1324
f 341/500/1325 340/536/1326 363/510/1327 362/509/1328
f 340/536/1329 360/538/1330 364/529/1331 363/510/1332
f 365/530/1333 364/529/1334 360/538/1335 359/532/1336
f 366/525/1337 365/530/1338 359/532/1339 356/531/1340
f 367/526/1341 366/525/1342 356/531/1343 355/537/1344
f 355/539/1345 339/535/1346 368/501/1347 367/533/1348
f 339/535/1349 338/497/1350 361/502/1351 368/501/1352
f 369/540/1353 370/541/1354 372/542/1355 371/543/1356
f 371/543/1357 372/544/1358 374/545/1359 373/546/1360
f 373/547/1361 374/548/1362 376/549/1363 375/550/1364
f 375/551/1365 376/552/1366 370/553/1367 369/540/1368
f 370/541/1369 376/549/1370 374/548/1371 372/542/1372
f 375/551/1373 369/540/1374 371/543/1375 373/546/1376
f 377/554/1377 378/555/1378 380/556/1379 379/557/1380
f 379/557/1381 380/558/1382 382/559/1383 381/560/1384
f 381/561/1385 382/562/1386 384/563/1387 383/564/1388
f 383/565/1389 384/566/1390 378/567/1391 377/554/1392
f 378/555/1393 384/563/1394 382/562/1395 380/556/1396
f 383/565/1397 377/554/1398 379/557/1399 381/560/1400
f 385/568/1401 386/569/1402 388/570/1403 387/571/1404
f 387/571/1405 388/572/1406 390/573/1407 389/574/1408
f 389/575/1409 390/576/1410 392/577/1411 391/578/1412
f 391/579/1413 392/580/1414 386/581/1415 385/568/1416
f 386/569/1417 392/577/1418 390/576/1419 388/570/1420
f 391/579/1421 385/568/1422 387/571/1423 389/574/1424
f 393/582/1425 394/583/1426 396/584/1427 395/585/1428
f 395/585/1429 396/586/1430 398/587/1431 397/588/1432
f 397/589/1433 398/590/1434 400/591/1435 399/592/1436
f 399/593/1437 400/594/1438 394/595/1439 393/582/1440
f 394/583/1441 400/591/1442 398/590/1443 396/584/1444
f 399/593/1445 393/582/1446 395/585/1447 397/588/1448
f 401/596/1449 403/597/1450 407/598/1451 409/599/1452
f 402/600/1453 401/601/1454 406/602/1455 405/603/1456
f 404/604/1457 406/605/1458 410/606/1459 412/607/1460
f 409/599/1461 408/608/1462 411/609/1463 410/606/1464
f 409/599/1465 410/606/1466 406/605/1467 401/596/1468
f 401/601/1469 402/600/1470 403/610/1471
f 404/611/1472 405/603/1473 406/602/1474
f 407/612/1475 408/608/1476 409/599/1477
f 410/606/1478 411/609/1479 412/613/1480
f 402/600/1481 405/603/1482 414/614/1483 413/615/1484
f 405/603/1485 404/611/1486 415/616/1487 414/614/1488
f 404/611/1489 412/613/1490 416/617/1491 415/616/1492
f 417/618/1493 416/617/1494 412/613/1495 411/609/1496
f 418/619/1497 417/618/1498 411/609/1499 408/608/1500
f 419/620/1501 418/619/1502 408/608/1503 407/612/1504
f 407/621/1505 403/610/1506 420/622/1507 419/623/1508
f 403/610/1509 402/600/1510 413/615/1511 420/622/1512
f 421/624/1513 422/625/1514 424/626/1515 423/627/1516
f 423/627/1517 424/628/1518 426/629/1519 425/630/1520
f 425/631/1521 426/632/1522 428/633/1523 427/634/1524
f 427/635/1525 428/636/1526 422/637/1527 421/624/1528
f 422/625/1529 428/633/1530 426/632/1531 424/626/1532
f 427/635/1533 421/624/1534 423/627/1535 425/630/1536
f 429/638/1537 431/639/1538 447/640/1539 449/641/1540
f 430/642/1541 429/643/1542 434/644/1543 433/645/1544
f 460/646/1545 453/647/1546 436/648/1547 435/649/1548
f 432/650/1549 434/651/1550 450/652/1551 452/653/1552
f 454/654/1553 455/655/1554 440/656/1555 439/657/1556
f 435/658/1557 437/659/1558 442/660/1559 441/661/1560
f 437/662/1561 436/648/1562 439/657/1563 438/663/1564
f 438/664/1565 440/665/1566 446/666/1567 445/667/1568
f 441/668/1569 443/669/1570 458/670/1571 459/671/1572
f 443/669/1573 442/660/1574 445/667/1575 444/672/1576
f 444/672/1577 446/673/1578 456/674/1579 457/675/1580
f 449/641/1581 448/676/1582 451/677/1583 450/652/1584
f 453/647/1585 454/654/1586 439/657/1587 436/648/1588
f 437/659/1589 438/664/1590 445/667/1591 442/660/1592
f 443/669/1593 444/672/1594 457/675/1595 458/670/1596
f 449/641/1597 450/652/1598 434/651/1599 429/638/1600
f 455/655/1601 456/674/1602 446/673/1603 440/656/1604
f 459/678/1605 460/646/1606 435/649/1607 441/679/1608
f 429/643/1609 430/642/1610 431/680/1611
f 432/681/1612 433/645/1613 434/644/1614
f 435/649/1615 436/648/1616 437/662/1617
f 438/663/1618 439/657/1619 440/656/1620
f 441/661/1621 442/660/1622 443/669/1623
f 444/672/1624 445/667/1625 446/666/1626
f 447/682/1627 448/676/1628 449/641/1629
f 450/652/1630 451/677/1631 452/683/1632
f 430/642/1633 433/645/1634 454/654/1635 453/647/1636
f 433/645/1637 432/681/1638 455/655/1639 454/654/1640
f 432/681/1641 452/683/1642 456/674/1643 455/655/1644
f 457/675/1645 456/674/1646 452/683/1647 451/677/1648
f 458/670/1649 457/675/1650 451/677/1651 448/676/1652
f 459/671/1653 458/670/1654 448/676/1655 447/682/1656
f 447/684/1657 431/680/1658 460/646/1659 459/678/1660
f 431/680/1661 430/642/1662 453/647/1663 460/646/1664
f 461/685/1665 463/686/1666 479/687/1667 481/688/1668
f 462/689/1669 461/690/1670 466/691/1671 465/692/1672
f 492/693/1673 485/694/1674 468/695/1675 467/696/1676
f 464/697/1677 466/698/1678 482/699/1679 484/700/1680
f 486/701/1681 487/702/1682 472/703/1683 471/704/1684
f 467/705/1685 469/706/1686 474/707/1687 473/708/1688
f 469/709/1689 468/695/1690 471/704/1691 470/710/1692
f 470/711/1693 472/712/1694 478/713/1695 477/714/1696
f 473/715/1697 475/716/1698 490/717/1699 491/718/1700
f 475/716/1701 474/707/1702 477/714/1703 476/719/1704
f 476/719/1705 478/720/1706 488/721/1707 489/722/1708
f 481/688/1709 480/723/1710 483/724/1711 482/699/1712
f 485/694/1713 486/701/1714 471/704/1715 468/695/1716
f 469/706/1717 470/711/1718 477/714/1719 474/707/1720
f 475/716/1721 476/719/1722 489/722/1723 490/717/1724
f 481/688/1725 482/699/1726 466/698/1727 461/685/1728
f 487/702/1729 488/721/1730 478/720/1731 472/703/1732
f 491/725/1733 492/693/1734 467/696/1735 473/726/1736
f 461/690/1737 462/689/1738 463/727/1739
f 464/728/1740 465/692/1741 466/691/1742
f 467/696/1743 468/695/1744 469/709/1745
f 470/710/1746 471/704/1747 472/703/1748
f 473/708/1749 474/707/1750 475/716/1751
f 476/719/1752 477/714/1753 478/713/1754
f 479/729/1755 480/723/1756 481/688/1757
f 482/699/1758 483/724/1759 484/730/1760
f 462/689/1761 465/692/1762 486/701/1763 485/694/1764
f 465/692/1765 464/728/1766 487/702/1767 486/701/1768
f 464/728/1769 484/730/1770 488/721/1771 487/702/1772
f 489/722/1773 488/721/1774 484/730/1775 483/724/1776
f 490/717/1777 489/722/1778 483/724/1779 480/723/1780
f 491/718/1781 490/717/1782 480/723/1783 479/729/1784
f 479/731/1785 463/727/1786 492/693/1787 491/725/1788
f 463/727/1789 462/689/1790 485/694/1791 492/693/1792
f 493/732/1793 494/733/1794 496/734/1795 495/735/1796
f 495/735/1797 496/736/1798 498/737/1799 497/738/1800
f 497/739/1801 498/740/1802 500/741/1803 499/742/1804
f 499/743/1805 500/744/1806 494/745/1807 493/732/1808
f 494/733/1809 500/741/1810 498/740/1811 496/734/1812
f 499/743/1813 493/732/1814 495/735/1815 497/738/1816
f 501/746/1817 503/747/1818 519/748/1819 521/749/1820
f 502/750/1821 501/751/1822 506/752/1823 505/753/1824
f 532/754/1825 525/755/1826 508/756/1827 507/757/1828
f 504/758/1829 506/759/1830 522/760/1831 524/761/1832
f 526/762/1833 527/763/1834 512/764/1835 511/765/1836
f 507/766/1837 509/767/1838 514/768/1839 513/769/1840
f 509/770/1841 508/756/1842 511/765/1843 510/771/1844
f 510/772/1845 512/773/1846 518/774/1847 517/775/1848
f 513/776/1849 515/777/1850 530/778/1851 531/779/1852
f 515/777/1853 514/768/1854 517/775/1855 516/780/1856
f 516/780/1857 518/781/1858 528/782/1859 529/783/1860
f 521/749/1861 520/784/1862 523/785/1863 522/760/1864
f 525/755/1865 526/762/1866 511/765/1867 508/756/1868
f 509/767/1869 510/772/1870 517/775/1871 514/768/1872
f 515/777/1873 516/780/1874 529/783/1875 530/778/1876
f 521/749/1877 522/760/1878 506/759/1879 501/746/1880
f 527/763/1881 528/782/1882 518/781/1883 512/764/1884
f 531/786/1885 532/754/1886 507/757/1887 513/787/1888
f 501/751/1889 502/750/1890 503/788/1891
f 504/789/1892 505/753/1893 506/752/1894
f 507/757/1895 508/756/1896 509/770/1897
f 510/771/1898 511/765/1899 512/764/1900
f 513/769/1901 514/768/1902 515/777/1903
f 516/780/1904 517/775/1905 518/774/1906
f 519/790/1907 520/784/1908 521/749/1909
f 522/760/1910 523/785/1911 524/791/1912
f 502/750/1913 505/753/1914 526/762/1915 525/755/1916
f 505/753/1917 504/789/1918 527/763/1919 526/762/1920
f 504/789/1921 524/791/1922 528/782/1923 527/763/1924
f 529/783/1925 528/782/1926 524/791/1927 523/785/1928
f 530/778/1929 529/783/1930 523/785/1931 520/784/1932
f 531/779/1933 530/778/1934 520/784/1935 519/790/1936
f 519/792/1937 503/788/1938 532/754/1939 531/786/1940
f 503/788/1941 502/750/1942 525/755/1943 532/754/1944
f 533/793/1945 535/794/1946 539/795/1947 541/796/1948
f 534/797/1949 533/798/1950 538/799/1951 537/800/1952
f 536/801/1953 538/802/1954 542/803/1955 544/804/1956
f 541/796/1957 540/805/1958 543/806/1959 542/803/1960
f 541/796/1961 542/803/1962 538/802/1963 533/793/1964
f 533/798/1965 534/797/1966 535/807/1967
f 536/808/1968 537/800/1969 538/799/1970
f 539/809/1971 540/805/1972 541/796/1973
f 542/803/1974 543/806/1975 544/810/1976
f 534/797/1977 537/800/1978 546/811/1979 545/812/1980
f 537/800/1981 536/808/1982 547/813/1983 546/811/1984
f 536/808/1985 544/810/1986 548/814/1987 547/813/1988
f 549/815/1989 548/814/1990 544/810/1991 543/806/1992
f 550/816/1993 549/815/1994 543/806/1995 540/805/1996
f 551/817/1997 550/816/1998 540/805/1999 539/809/2000
f 539/818/2001 535/807/2002 552/819/2003 551/820/2004
f 535/807/2005 534/797/2006 545/812/2007 552/819/2008
f 553/821/2009 555/822/2010 571/823/2011 573/824/2012
f 554/825/2013 553/826/2014 558/827/2015 557/828/2016
f 584/829/2017 577/830/2018 560/831/2019 559/832/2020
f 556/833/2021 558/834/2022 574/835/2023 576/836/2024
f 578/837/2025 579/838/2026 564/839/2027 563/840/2028
f 559/841/2029 561/842/2030 566/843/2031 565/844/2032
f 561/845/2033 560/831/2034 563/840/2035 562/846/2036
f 562/847/2037 564/848/2038 570/849/2039 569/850/2040
f 565/851/2041 567/852/2042 582/853/2043 583/854/2044
f 567/852/2045 566/843/2046 569/850/2047 568/855/2048
f 568/855/2049 570/856/2050 580/857/2051 581/858/2052
f 573/824/2053 572/859/2054 575/860/2055 574/835/2056
f 577/830/2057 578/837/2058 563/840/2059 560/831/2060
f 561/842/2061 562/847/2062 569/850/2063 566/843/2064
f 567/852/2065 568/855/2066 581/858/2067 582/853/2068
f 573/824/2069 574/835/2070 558/834/2071 553/821/2072
f 579/838/2073 580/857/2074 570/856/2075 564/839/2076
f 583/861/2077 584/829/2078 559/832/2079 565/862/2080
f 553/826/2081 554/825/2082 555/863/2083
f 556/864/2084 557/828/2085 558/827/2086
f 559/832/2087 560/831/2088 561/845/2089
f 562/846/2090 563/840/2091 564/839/2092
f 565/844/2093 566/843/2094 567/852/2095
f 568/855/2096 569/850/2097 570/849/2098
f 571/865/2099 572/859/2100 573/824/2101
f 574/835/2102 575/860/2103 576/866/2104
f 554/825/2105 557/828/2106 578/837/2107 577/830/2108
f 557/828/2109 556/864/2110 579/838/2111 578/837/2112
f 556/864/2113 576/866/2114 580/857/2115 579/838/2116
f 581/858/2117 580/857/2118 576/866/2119 575/860/2120
f 582/853/2121 581/858/2122 575/860/2123 572/859/2124
f 583/854/2125 582/853/2126 572/859/2127 571/865/2128
f 571/867/2129 555/863/2130 584/829/2131 583/861/2132
f 555/863/2133 554/825/2134 577/830/2135 584/829/2136
f 585/868/2137 587/869/2138 591/870/2139 593/871/2140
f 586/872/2141 585/873/2142 590/874/2143 589/875/2144
f 588/876/2145 590/877/2146 594/878/2147 596/879/2148
f 593/871/2149 592/880/2150 595/881/2151 594/878/2152
f 593/871/2153 594/878/2154 590/877/2155 585/868/2156
f 585/873/2157 586/872/2158 587/882/2159
f 588/883/2160 589/875/2161 590/874/2162
f 591/884/2163 592/880/2164 593/871/2165
f 594/878/2166 595/881/2167 596/885/2168
f 586/872/2169 589/875/2170 598/886/2171 597/887/2172
f 589/875/2173 588/883/2174 599/888/2175 598/886/2176
f 588/883/2177 596/885/2178 600/889/2179 599/888/2180
f 601/890/2181 600/889/2182 596/885/2183 595/881/2184
f 602/891/2185 601/890/2186 595/881/2187 592/880/2188
f 603/892/2189 602/891/2190 592/880/2191 591/884/2192
f 591/893/2193 587/882/2194 604/894/2195 603/895/2196
f 587/882/2197 586/872/2198 597/887/2199 604/894/2200
f 605/896/2201 607/897/2202 623/898/2203 625/899/2204
f 606/900/2205 605/901/2206 610/902/2207 609/903/2208
f 636/904/2209 629/905/2210 612/906/2211 611/907/2212
f 608/908/2213 610/909/2214 626/910/2215 628/911/2216
f 630/912/2217 631/913/2218 616/914/2219 615/915/2220
f 611/916/2221 613/917/2222 618/918/2223 617/919/2224
f 613/920/2225 612/906/2226 615/915/2227 614/921/2228
f 614/922/2229 616/923/2230 622/924/2231 621/925/2232
f 617/926/2233 619/927/2234 634/928/2235 635/929/2236
f 619/927/2237 618/918/2238 621/925/2239 620/930/2240
f 620/930/2241 622/931/2242 632/932/2243 633/933/2244
f 625/899/2245 624/934/2246 627/935/2247 626/910/2248
f 629/905/2249 630/912/2250 615/915/2251 612/906/2252
f 613/917/2253 614/922/2254 621/925/2255 618/918/2256
f 619/927/2257 620/930/2258 633/933/2259 634/928/2260
f 625/899/2261 626/910/2262 610/909/2263 605/896/2264
f 631/913/2265 632/932/2266 622/931/2267 616/914/2268
f 635/936/2269 636/904/2270 611/907/2271 617/937/2272
f 605/901/2273 606/900/2274 607/938/2275
f 608/939/2276 609/903/2277 610/902/2278
f 611/907/2279 612/906/2280 613/920/2281
f 614/921/2282 615/915/2283 616/914/2284
f 617/919/2285 618/918/2286 619/927/2287
f 620/930/2288 621/925/2289 622/924/2290
f 623/940/2291 624/934/2292 625/899/2293
f 626/910/2294 627/935/2295 628/941/2296
f 606/900/2297 609/903/2298 630/912/2299 629/905/2300
f 609/903/2301 608/939/2302 631/913/2303 630/912/2304
f 608/939/2305 628/941/2306 632/932/2307 631/913/2308
f 633/933/2309 632/932/2310 628/941/2311 627/935/2312
f 634/928/2313 633/933/2314 627/935/2315 624/934/2316
f 635/929/2317 634/928/2318 624/934/2319 623/940/2320
f 623/942/2321 607/938/2322 636/904/2323 635/936/2324
f 607/938/2325 606/900/2326 629/905/2327 636/904/2328
f 637/943/2329 639/944/2330 643/945/2331 645/946/2332
f 638/947/2333 637/948/2334 642/949/2335 641/950/2336
f 640/951/2337 642/952/2338 646/953/2339 648/954/2340
f 645/946/2341 644/955/2342 647/956/2343 646/953/2344
f 645/946/2345 646/953/2346 642/952/2347 637/943/2348
f 637/948/2349 638/947/2350 639/957/2351
f 640/958/2352 641/950/2353 642/949/2354
f 643/959/2355 644/955/2356 645/946/2357
f 646/953/2358 647/956/2359 648/960/2360
f 638/947/2361 641/950/2362 650/961/2363 649/962/2364
f 641/950/2365 640/958/2366 651/963/2367 650/961/2368
f 640/958/2369 648/960/2370 652/964/2371 651/963/2372
f 653/965/2373 652/964/2374 648/960/2375 647/956/2376
f 654/966/2377 653/965/2378 647/956/2379 644/955/2380
f 655/967/2381 654/966/2382 644/955/2383 643/959/2384
f 643/968/2385 639/957/2386 656/969/2387 655/970/2388
f 639/957/2389 638/947/2390 649/962/2391 656/969/2392
f 657/971/2393 659/972/2394 675/973/2395 677/974/2396
f 658/975/2397 657/976/2398 662/977/2399 661/978/2400
f 688/979/2401 681/980/2402 664/981/2403 663/982/2404
f 660/983/2405 662/984/2406 678/985/2407 680/986/2408
f 682/987/2409 683/988/2410 668/989/2411 667/990/2412
f 663/991/2413 665/992/2414 670/993/2415 669/994/2416
f 665/995/2417 664/981/2418 667/990/2419 666/996/2420
f 666/997/2421 668/998/2422 674/999/2423 673/1000/2424
f 669/1001/2425 671/1002/2426 686/1003/2427 687/1004/2428
f 671/1002/2429 670/993/2430 673/1000/2431 672/1005/2432
f 672/1005/2433 674/1006/2434 684/1007/2435 685/1008/2436
f 677/974/2437 676/1009/2438 679/1010/2439 678/985/2440
f 681/980/2441 682/987/2442 667/990/2443 664/981/2444
f 665/992/2445 666/997/2446 673/1000/2447 670/993/2448
f 671/1002/2449 672/1005/2450 685/1008/2451 686/1003/2452
f 677/974/2453 678/985/2454 662/984/2455 657/971/2456
f 683/988/2457 684/1007/2458 674/1006/2459 668/989/2460
f 687/1011/2461 688/979/2462 663/982/2463 669/1012/2464
f 657/976/2465 658/975/2466 659/1013/2467
f 660/1014/2468 661/978/2469 662/977/2470
f 663/982/2471 664/981/2472 665/995/2473
f 666/996/2474 667/990/2475 668/989/2476
f 669/994/2477 670/993/2478 671/1002/2479
f 672/1005/2480 673/1000/2481 674/999/2482
f 675/1015/2483 676/1009/2484 677/974/2485
f 678/985/2486 679/1010/2487 680/1016/2488
f 658/975/2489 661/978/2490 682/987/2491 681/980/2492
f 661/978/2493 660/1014/2494 683/988/2495 682/987/2496
f 660/1014/2497 680/1016/2498 684/1007/2499 683/988/2500
f 685/1008/2501 684/1007/2502 680/1016/2503 679/1010/2504
f 686/1003/2505 685/1008/2506 679/1010/2507 676/1009/2508
f 687/1004/2509 686/1003/2510 676/1009/2511 675/1015/2512
f 675/1017/2513 659/1013/2514 688/979/2515 687/1011/2516
f 659/1013/2517 658/975/2518 681/980/2519 688/979/2520
f 689/1018/2521 690/1019/2522 692/1020/2523 691/1021/2524
f 691/1021/2525 692/1022/2526 694/1023/2527 693/1024/2528
f 693/1025/2529 694/1026/2530 696/1027/2531 695/1028/2532
f 695/1029/2533 696/1030/2534 690/1031/2535 689/1018/2536
f 690/1019/2537 696/1027/2538 694/1026/2539 692/1020/2540
f 695/1029/2541 689/1018/2542 691/1021/2543 693/1024/2544
f 697/1032/2545 699/1033/2546 703/1034/2547 705/1035/2548
f 698/1036/2549 697/1037/2550 702/1038/2551 701/1039/2552
f 700/1040/2553 702/1041/2554 706/1042/2555 708/1043/2556
f 705/1035/2557 704/1044/2558 707/1045/2559 706/1042/2560
f 705/1035/2561 706/1042/2562 702/1041/2563 697/1032/2564
f 697/1037/2565 698/1036/2566 699/1046/2567
f 700/1047/2568 701/1039/2569 702/1038/2570
f 703/1048/2571 704/1044/2572 705/1035/2573
f 706/1042/2574 707/1045/2575 708/1049/2576
f 698/1036/2577 701/1039/2578 710/1050/2579 709/1051/2580
f 701/1039/2581 700/1047/2582 711/1052/2583 710/1050/2584
f 700/1047/2585 708/1049/2586 712/1053/2587 711/1052/2588
f 713/1054/2589 712/1053/2590 708/1049/2591 707/1045/2592
f 714/1055/2593 713/1054/2594 707/1045/2595 704/1044/2596
f 715/1056/2597 714/1055/2598 704/1044/2599 703/1048/2600
f 703/1057/2601 699/1046/2602 716/1058/2603 715/1059/2604
f 699/1046/2605 698/1036/2606 709/1051/2607 716/1058/2608
f 717/1060/2609 719/1061/2610 723/1062/2611 725/1063/2612
f 718/1064/2613 717/1065/2614 722/1066/2615 721/1067/2616
f 720/1068/2617 722/1069/2618 726/1070/2619 728/1071/2620
f 725/1063/2621 724/1072/2622 727/1073/2623 726/1070/2624
f 725/1063/2625 726/1070/2626 722/1069/2627 717/1060/2628
f 717/1065/2629 718/1064/2630 719/1074/2631
f 720/1075/2632 721/1067/2633 722/1066/2634
f 723/1076/2635 724/1072/2636 725/1063/2637
f 726/1070/2638 727/1073/2639 728/1077/2640
f 718/1064/2641 721/1067/2642 730/1078/2643 729/1079/2644
f 721/1067/2645 720/1075/2646 731/1080/2647 730/1078/2648
f 720/1075/2649 728/1077/2650 732/1081/2651 731/1080/2652
f 733/1082/2653 732/1081/2654 728/1077/2655 727/1073/2656
f 734/1083/2657 733/1082/2658 727/1073/2659 724/1072/2660
f 735/1084/2661 734/1083/2662 724/1072/2663 723/1076/2664
f 723/1085/2665 719/1074/2666 736/1086/2667 735/1087/2668
f 719/1074/2669 718/1064/2670 729/1079/2671 736/1086/2672
f 737/1088/2673 739/1089/2674 743/1090/2675 745/1091/2676
f 738/1092/2677 737/1093/2678 742/1094/2679 741/1095/2680
f 740/1096/2681 742/1097/2682 746/1098/2683 748/1099/2684
f 745/1091/2685 744/1100/2686 747/1101/2687 746/1098/2688
f 745/1091/2689 746/1098/2690 742/1097/2691 737/1088/2692
f 737/1093/2693 738/1092/2694 739/1102/2695
f 740/1103/2696 741/1095/2697 742/1094/2698
f 743/1104/2699 744/1100/2700 745/1091/2701
f 746/1098/2702 747/1101/2703 748/1105/2704
f 738/1092/2705 741/1095/2706 750/1106/2707 749/1107/2708
f 741/1095/2709 740/1103/2710 751/1108/2711 750/1106/2712
f 740/1103/2713 748/1105/2714 752/1109/2715 751/1108/2716
f 753/1110/2717 752/1109/2718 748/1105/2719 747/1101/2720
f 754/1111/2721 753/1110/2722 747/1101/2723 744/1100/2724
f 755/1112/2725 754/1111/2726 744/1100/2727 743/1104/2728
f 743/1113/2729 739/1102/2730 756/1114/2731 755/1115/2732
f 739/1102/2733 738/1092/2734 749/1107/2735 756/1114/2736
f 757/1116/2737 759/1117/2738 775/1118/2739 777/1119/2740
f 758/1120/2741 757/1121/2742 762/1122/2743 761/1123/2744
f 788/1124/2745 781/1125/2746 764/1126/2747 763/1127/2748
f 760/1128/2749 762/1129/2750 778/1130/2751 780/1131/2752
f 782/1132/2753 783/1133/2754 768/1134/2755 767/1135/2756
f 763/1136/2757 765/1137/2758 770/1138/2759 769/1139/2760
f 765/1140/2761 764/1126/2762 767/1135/2763 766/1141/2764
f 766/1142/2765 768/1143/2766 774/1144/2767 773/1145/2768
f 769/1146/2769 771/1147/2770 786/1148/2771 787/1149/2772
f 771/1147/2773 770/1138/2774 773/1145/2775 772/1150/2776
f 772/1150/2777 774/1151/2778 784/1152/2779 785/1153/2780
f 777/1119/2781 776/1154/2782 779/1155/2783 778/1130/2784
f 781/1125/2785 782/1132/2786 767/1135/2787 764/1126/2788
f 765/1137/2789 766/1142/2790 773/1145/2791 770/1138/2792
f 771/1147/2793 772/1150/2794 785/1153/2795 786/1148/2796
f 777/1119/2797 778/1130/2798 762/1129/2799 757/1116/2800
f 783/1133/2801 784/1152/2802 774/1151/2803 768/1134/2804
f 787/1156/2805 788/1124/2806 763/1127/2807 769/1157/2808
f 757/1121/2809 758/1120/2810 759/1158/2811
f 760/1159/2812 761/1123/2813 762/1122/2814
f 763/1127/2815 764/1126/2816 765/1140/2817
f 766/1141/2818 767/1135/2819 768/1134/2820
f 769/1139/2821 770/1138/2822 771/1147/2823
f 772/1150/2824 773/1145/2825 774/1144/2826
f 775/1160/2827 776/1154/2828 777/1119/2829
f 778/1130/2830 779/1155/2831 780/1161/2832
f 758/1120/2833 761/1123/2834 782/1132/2835 781/1125/2836
f 761/1123/2837 760/1159/2838 783/1133/2839 782/1132/2840
f 760/1159/2841 780/1161/2842 784/1152/2843 783/1133/2844
f 785/1153/2845 784/1152/2846 780/1161/2847 779/1155/2848
f 786/1148/2849 785/1153/2850 779/1155/2851 776/1154/2852
f 787/1149/2853 786/1148/2854 776/1154/2855 775/1160/2856
f 775/1162/2857 759/1158/2858 788/1124/2859 787/1156/2860
f 759/1158/2861 758/1120/2862 781/1125/2863 788/1124/2864
f 789/1163/2865 791/1164/2866 807/1165/2867 809/1166/2868
f 790/1167/2869 789/1168/2870 794/1169/2871 793/1170/2872
f 820/1171/2873 813/1172/2874 796/1173/2875 795/1174/2876
f 792/1175/2877 794/1176/2878 810/1177/2879 812/1178/2880
f 814/1179/2881 815/1180/2882 800/1181/2883 799/1182/2884
f 795/1183/2885 797/1184/2886 802/1185/2887 801/1186/2888
f 797/1187/2889 796/1173/2890 799/1182/2891 798/1188/2892
f 798/1189/2893 800/1190/2894 806/1191/2895 805/1192/2896
f 801/1193/2897 803/1194/2898 818/1195/2899 819/1196/2900
f 803/1194/2901 802/1185/2902 805/1192/2903 804/1197/2904
f 804/1197/2905 806/1198/2906 816/1199/2907 817/1200/2908
f 809/1166/2909 808/1201/2910 811/1202/2911 810/1177/2912
f 813/1172/2913 814/1179/2914 799/1182/2915 796/1173/2916
f 797/1184/2917 798/1189/2918 805/1192/2919 802/1185/2920
f 803/1194/2921 804/1197/2922 817/1200/2923 818/1195/2924
f 809/1166/2925 810/1177/2926 794/1176/2927 789/1163/2928
f 815/1180/2929 816/1199/2930 806/1198/2931 800/1181/2932
f 819/1203/2933 820/1171/2934 795/1174/2935 801/1204/2936
f 789/1168/2937 790/1167/2938 791/1205/2939
f 792/1206/2940 793/1170/2941 794/1169/2942
f 795/1174/2943 796/1173/2944 797/1187/2945
f 798/1188/2946 799/1182/2947 800/1181/2948
f 801/1186/2949 802/1185/2950 803/1194/2951
f 804/1197/2952 805/1192/2953 806/1191/2954
f 807/1207/2955 808/1201/2956 809/1166/2957
f 810/1177/2958 811/1202/2959 812/1208/2960
f 790/1167/2961 793/1170/2962 814/1179/2963 813/1172/2964
f 793/1170/2965 792/1206/2966 815/1180/2967 814/1179/2968
f 792/1206/2969 812/1208/2970 816/1199/2971 815/1180/2972
f 817/1200/2973 816/1199/2974 812/1208/2975 811/1202/2976
f 818/1195/2977 817/1200/2978 811/1202/2979 808/1201/2980
f 819/1196/2981 818/1195/2982 808/1201/2983 807/1207/2984
f 807/1209/2985 791/1205/2986 820/1171/2987 819/1203/2988
f 791/1205/2989 790/1167/2990 813/1172/2991 820/1171/2992
f 821/1210/2993 822/1211/2994 824/1212/2995 823/1213/2996
f 823/1213/2997 824/1214/2998 826/1215/2999 825/1216/3000
f 825/1217/3001 826/1218/3002 828/1219/3003 827/1220/3004
f 827/1221/3005 828/1222/3006 822/1223/3007 821/1210/3008
f 822/1211/3009 828/1219/3010 826/1218/3011 824/1212/3012
f 827/1221/3013 821/1210/3014 823/1213/3015 825/1216/3016
f 829/1224/3017 831/1225/3018 847/1226/3019 849/1227/3020
f 830/1228/3021 829/1229/3022 834/1230/3023 833/1231/3024
f 860/1232/3025 853/1233/3026 836/1234/3027 835/1235/3028
f 832/1236/3029 834/1237/3030 850/1238/3031 852/1239/3032
f 854/1240/3033 855/1241/3034 840/1242/3035 839/1243/3036
f 835/1244/3037 837/1245/3038 842/1246/3039 841/1247/3040
f 837/1248/3041 836/1234/3042 839/1243/3043 838/1249/3044
f 838/1250/3045 840/1251/3046 846/1252/3047 845/1253/3048
f 841/1254/3049 843/1255/3050 858/1256/3051 859/1257/3052
f 843/1255/3053 842/1246/3054 845/1253/3055 844/1258/3056
f 844/1258/3057 846/1259/3058 856/1260/3059 857/1261/3060
f 849/1227/3061 848/1262/3062 851/1263/3063 850/1238/3064
f 853/1233/3065 854/1240/3066 839/1243/3067 836/1234/3068
f 837/1245/3069 838/1250/3070 845/1253/3071 842/1246/3072
f 843/1255/3073 844/1258/3074 857/1261/3075 858/1256/3076
f 849/1227/3077 850/1238/3078 834/1237/3079 829/1224/3080
f 855/1241/3081 856/1260/3082 846/1259/3083 840/1242/3084
f 859/1264/3085 860/1232/3086 835/1235/3087 841/1265/3088
f 829/1229/3089 830/1228/3090 831/1266/3091
f 832/1267/3092 833/1231/3093 834/1230/3094
f 835/1235/3095 836/1234/3096 837/1248/3097
f 838/1249/3098 839/1243/3099 840/1242/3100
f 841/1247/3101 842/1246/3102 843/1255/3103
f 844/1258/3104 845/1253/3105 846/1252/3106
f 847/1268/3107 848/1262/3108 849/1227/3109
f 850/1238/3110 851/1263/3111 852/1269/3112
f 830/1228/3113 833/1231/3114 854/1240/3115 853/1233/3116
f 833/1231/3117 832/1267/3118 855/1241/3119 854/1240/3120
f 832/1267/3121 852/1269/3122 856/1260/3123 855/1241/3124
f 857/1261/3125 856/1260/3126 852/1269/3127 851/1263/3128
f 858/1256/3129 857/1261/3130 851/1263/3131 848/1262/3132
f 859/1257/3133 858/1256/3134 848/1262/3135 847/1268/3136
f 847/1270/3137 831/1266/3138 860/1232/3139 859/1264/3140
f 831/1266/3141 830/1228/3142 853/1233/3143 860/1232/3144
f 861/1271/3145 862/1272/3146 864/1273/3147 863/1274/3148
f 863/1274/3149 864/1275/3150 866/1276/3151 865/1277/3152
f 865/1278/3153 866/1279/3154 868/1280/3155 867/1281/3156
f 867/1282/3157 868/1283/3158 862/1284/3159 861/1271/3160
f 862/1272/3161 868/1280/3162 866/1279/3163 864/1273/3164
f 867/1282/3165 861/1271/3166 863/1274/3167 865/1277/3168
f 869/1285/3169 870/1286/3170 872/1287/3171 871/1288/3172
f 871/1288/3173 872/1289/3174 874/1290/3175 873/1291/3176
f 873/1292/3177 874/1293/3178 876/1294/3179 875/1295/3180
f 875/1296/3181 876/1297/3182 870/1298/3183 869/1285/3184
f 870/1286/3185 876/1294/3186 874/1293/3187 872/1287/3188
f 875/1296/3189 869/1285/3190 871/1288/3191 873/1291/3192
f 896/1299/3193 889/1300/3194 878/1301/3195 877/1302/3196
f 890/1303/3197 891/1304/3198 882/1305/3199 881/1306/3200
f 877/1307/3201 879/1308/3202 884/1309/3203 883/1310/3204
f 879/1311/3205 878/1301/3206 881/1306/3207 880/1312/3208
f 880/1313/3209 882/1314/3210 888/1315/3211 887/1316/3212
f 883/1317/3213 885/1318/3214 894/1319/3215 895/1320/3216
f 885/1318/3217 884/1309/3218 887/1316/3219 886/1321/3220
f 886/1321/3221 888/1322/3222 892/1323/3223 893/1324/3224
f 889/1300/3225 890/1303/3226 881/1306/3227 878/1301/3228
f 879/1308/3229 880/1313/3230 887/1316/3231 884/1309/3232
f 885/1318/3233 886/1321/3234 893/1324/3235 894/1319/3236
f 891/1304/3237 892/1323/3238 888/1322/3239 882/1305/3240
f 895/1325/3241 896/1299/3242 877/1302/3243 883/1326/3244
f 877/1302/3245 878/1301/3246 879/1311/3247
f 880/1312/3248 881/1306/3249 882/1305/3250
f 883/1310/3251 884/1309/3252 885/1318/3253
f 886/1321/3254 887/1316/3255 888/1315/3256
f 897/1327/3257 899/1328/3258 915/1329/3259 917/1330/3260
f 898/1331/3261 897/1332/3262 902/1333/3263 901/1334/3264
f 928/1335/3265 921/1336/3266 904/1337/3267 903/1338/3268
f 900/1339/3269 902/1340/3270 918/1341/3271 920/1342/3272
f 922/1343/3273 923/1344/3274 908/1345/3275 907/1346/3276
f 903/1347/3277 905/1348/3278 910/1349/3279 909/1350/3280
f 905/1351/3281 904/1337/3282 907/1346/3283 906/1352/3284
f 906/1353/3285 908/1354/3286 914/1355/3287 913/1356/3288
f 909/1357/3289 911/1358/3290 926/1359/3291 927/1360/3292
f 911/1358/3293 910/1349/3294 913/1356/3295 912/1361/3296
f 912/1361/3297 914/1362/3298 924/1363/3299 925/1364/3300
f 917/1330/3301 916/1365/3302 919/1366/3303 918/1341/3304
f 921/1336/3305 922/1343/3306 907/1346/3307 904/1337/3308
f 905/1348/3309 906/1353/3310 913/1356/3311 910/1349/3312
f 911/1358/3313 912/1361/3314 925/1364/3315 926/1359/3316
f 917/1330/3317 918/1341/3318 902/1340/3319 897/1327/3320
f 923/1344/3321 924/1363/3322 914/1362/3323 908/1345/3324
f 927/1367/3325 928/1335/3326 903/1338/3327 909/1368/3328
f 897/1332/3329 898/1331/3330 899/1369/3331
f 900/1370/3332 901/1334/3333 902/1333/3334
f 903/1338/3335 904/1337/3336 905/1351/3337
f 906/1352/3338 907/1346/3339 908/1345/3340
f 909/1350/3341 910/1349/3342 911/1358/3343
f 912/1361/3344 913/1356/3345 914/1355/3346
f 915/1371/3347 916/1365/3348 917/1330/3349
f 918/1341/3350 919/1366/3351 920/1372/3352
f 898/1331/3353 901/1334/3354 922/1343/3355 921/1336/3356
f 901/1334/3357 900/1370/3358 923/1344/3359 922/1343/3360
f 900/1370/3361 920/1372/3362 924/1363/3363 923/1344/3364
f 925/1364/3365 924/1363/3366 920/1372/3367 919/1366/3368
f 926/1359/3369 925/1364/3370 919/1366/3371 916/1365/3372
f 927/1360/3373 926/1359/3374 916/1365/3375 915/1371/3376
f 915/1373/3377 899/1369/3378 928/1335/3379 927/1367/3380
f 899/1369/3381 898/1331/3382 921/1336/3383 928/1335/3384
f 929/1374/3385 931/1375/3386 947/1376/3387 949/1377/3388
f 930/1378/3389 929/1379/3390 934/1380/3391 933/1381/3392
f 960/1382/3393 953/1383/3394 936/1384/3395 935/1385/3396
f 932/1386/3397 934/1387/3398 950/1388/3399 952/1389/3400
f 954/1390/3401 955/1391/3402 940/1392/3403 939/1393/3404
f 935/1394/3405 937/1395/3406 942/1396/3407 941/1397/3408
f 937/1398/3409 936/1384/3410 939/1393/3411 938/1399/3412
f 938/1400/3413 940/1401/3414 946/1402/3415 945/1403/3416
f 941/1404/3417 943/1405/3418 958/1406/3419 959/1407/3420
f 943/1405/3421 942/1396/3422 945/1403/3423 944/1408/3424
f 944/1408/3425 946/1409/3426 956/1410/3427 957/1411/3428
f 949/1377/3429 948/1412/3430 951/1413/3431 950/1388/3432
f 953/1383/3433 954/1390/3434 939/1393/3435 936/1384/3436
f 937/1395/3437 938/1400/3438 945/1403/3439 942/1396/3440
f 943/1405/3441 944/1408/3442 957/1411/3443 958/1406/3444
f 949/1377/3445 950/1388/3446 934/1387/3447 929/1374/3448
f 955/1391/3449 956/1410/3450 946/1409/3451 940/1392/3452
f 959/1414/3453 960/1382/3454 935/1385/3455 941/1415/3456
f 929/1379/3457 930/1378/3458 931/1416/3459
f 932/1417/3460 933/1381/3461 934/1380/3462
f 935/1385/3463 936/1384/3464 937/1398/3465
f 938/1399/3466 939/1393/3467 940/1392/3468
f 941/1397/3469 942/1396/3470 943/1405/3471
f 944/1408/3472 945/1403/3473 946/1402/3474
f 947/1418/3475 948/1412/3476 949/1377/3477
f 950/1388/3478 951/1413/3479 952/1419/3480
f 930/1378/3481 933/1381/3482 954/1390/3483 953/1383/3484
f 933/1381/3485 932/1417/3486 955/1391/3487 954/1390/3488
f 932/1417/3489 952/1419/3490 956/1410/3491 955/1391/3492
f 957/1411/3493 956/1410/3494 952/1419/3495 951/1413/3496
f 958/1406/3497 957/1411/3498 951/1413/3499 948/1412/3500
f 959/1407/3501 958/1406/3502 948/1412/3503 947/1418/3504
f 947/1420/3505 931/1416/3506 960/1382/3507 959/1414/3508
f 931/1416/3509 930/1378/3510 953/1383/3511 960/1382/3512
f 980/1421/3513 973/1422/3514 962/1423/3515 961/1424/3516
f 974/1425/3517 975/1426/3518 966/1427/3519 965/1428/3520
f 961/1429/3521 963/1430/3522 968/1431/3523 967/1432/3524
f 963/1433/3525 962/1423/3526 965/1428/3527 964/1434/3528
f 964/1435/3529 966/1436/3530 972/1437/3531 971/1438/3532
f 967/1439/3533 969/1440/3534 978/1441/3535 979/1442/3536
f 969/1440/3537 968/1431/3538 971/1438/3539 970/1443/3540
f 970/1443/3541 972/1444/3542 976/1445/3543 977/1446/3544
f 973/1422/3545 974/1425/3546 965/1428/3547 962/1423/3548
f 963/1430/3549 964/1435/3550 971/1438/3551 968/1431/3552
f 969/1440/3553 970/1443/3554 977/1446/3555 978/1441/3556
f 975/1426/3557 976/1445/3558 972/1444/3559 966/1427/3560
f 979/1447/3561 980/1421/3562 961/1424/3563 967/1448/3564
f 961/1424/3565 962/1423/3566 963/1433/3567
f 964/1434/3568 965/1428/3569 966/1427/3570
f 967/1432/3571 968/1431/3572 969/1440/3573
f 970/1443/3574 971/1438/3575 972/1437/3576
f 981/1449/3577 983/1450/3578 999/1451/3579 1001/1452/3580
f 982/1453/3581 981/1454/3582 986/1455/3583 985/1456/3584
f 1012/1457/3585 1005/1458/3586 988/1459/3587 987/1460/3588
f 984/1461/3589 986/1462/3590 1002/1463/3591 1004/1464/3592
f 1006/1465/3593 1007/1466/3594 992/1467/3595 991/1468/3596
f 987/1469/3597 989/1470/3598 994/1471/3599 993/1472/3600
f 989/1473/3601 988/1459/3602 991/1468/3603 990/1474/3604
f 990/1475/3605 992/1476/3606 998/1477/3607 997/1478/3608
f 993/1479/3609 995/1480/3610 1010/1481/3611 1011/1482/3612
f 995/1480/3613 994/1471/3614 997/1478/3615 996/1483/3616
f 996/1483/3617 998/1484/3618 1008/1485/3619 1009/1486/3620
f 1001/1452/3621 1000/1487/3622 1003/1488/3623 1002/1463/3624
f 1005/1458/3625 1006/1465/3626 991/1468/3627 988/1459/3628
f 989/1470/3629 990/1475/3630 997/1478/3631 994/1471/3632
f 995/1480/3633 996/1483/3634 1009/1486/3635 1010/1481/3636
f 1001/1452/3637 1002/1463/3638 986/1462/3639 981/1449/3640
f 1007/1466/3641 1008/1485/3642 998/1484/3643 992/1467/3644
f 1011/1489/3645 1012/1457/3646 987/1460/3647 993/1490/3648
f 981/1454/3649 982/1453/3650 983/1491/3651
f 984/1492/3652 985/1456/3653 986/1455/3654
f 987/1460/3655 988/1459/3656 989/1473/3657
f 990/1474/3658 991/1468/3659 992/1467/3660
f 993/1472/3661 994/1471/3662 995/1480/3663
f 996/1483/3664 997/1478/3665 998/1477/3666
f 999/1493/3667 1000/1487/3668 1001/1452/3669
f 1002/1463/3670 1003/1488/3671 1004/1494/3672
f 982/1453/3673 985/1456/3674 1006/1465/3675 1005/1458/3676
f 985/1456/3677 984/1492/3678 1007/1466/3679 1006/1465/3680
f 984/1492/3681 1004/1494/3682 1008/1485/3683 1007/1466/3684
f 1009/1486/3685 1008/1485/3686 1004/1494/3687 1003/1488/3688
f 1010/1481/3689 1009/1486/3690 1003/1488/3691 1000/1487/3692
f 1011/1482/3693 1010/1481/3694 1000/1487/3695 999/1493/3696
f 999/1495/3697 983/1491/3698 1012/1457/3699 1011/1489/3700
f 983/1491/3701 982/1453/3702 1005/1458/3703 1012/1457/3704
f 1013/1496/3705 1015/1497/3706 1031/1498/3707 1033/1499/3708
f 1014/1500/3709 1013/1501/3710 1018/1502/3711 1017/1503/3712
f 1044/1504/3713 1037/1505/3714 1020/1506/3715 1019/1507/3716
f 1016/1508/3717 1018/1509/3718 1034/1510/3719 1036/1511/3720
f 1038/1512/3721 1039/1513/3722 1024/1514/3723 1023/1515/3724
f 1019/1516/3725 1021/1517/3726 1026/1518/3727 1025/1519/3728
f 1021/1520/3729 1020/1506/3730 1023/1515/3731 1022/1521/3732
f 1022/1522/3733 1024/1523/3734 1030/1524/3735 1029/1525/3736
f 1025/1526/3737 1027/1527/3738 1042/1528/3739 1043/1529/3740
f 1027/1527/3741 1026/1518/3742 1029/1525/3743 1028/1530/3744
f 1028/1530/3745 1030/1531/3746 1040/1532/3747 1041/1533/3748
f 1033/1499/3749 1032/1534/3750 1035/1535/3751 1034/1510/3752
f 1037/1505/3753 1038/1512/3754 1023/1515/3755 1020/1506/3756
f 1021/1517/3757 1022/1522/3758 1029/1525/3759 1026/1518/3760
f 1027/1527/3761 1028/1530/3762 1041/1533/3763 1042/1528/3764
f 1033/1499/3765 1034/1510/3766 1018/1509/3767 1013/1496/3768
f 1039/1513/3769 1040/1532/3770 1030/1531/3771 1024/1514/3772
f 1043/1536/3773 1044/1504/3774 1019/1507/3775 1025/1537/3776
f 1013/1501/3777 1014/1500/3778 1015/1538/3779
f 1016/1539/3780 1017/1503/3781 1018/1502/3782
f 1019/1507/3783 1020/1506/3784 1021/1520/3785
f 1022/1521/3786 1023/1515/3787 1024/1514/3788
f 1025/1519/3789 1026/1518/3790 1027/1527/3791
f 1028/1530/3792 1029/1525/3793 1030/1524/3794
f 1031/1540/3795 1032/1534/3796 1033/1499/3797
f 1034/1510/3798 1035/1535/3799 1036/1541/3800
f 1014/1500/3801 1017/1503/3802 1038/1512/3803 1037/1505/3804
f 1017/1503/3805 1016/1539/3806 1039/1513/3807 1038/1512/3808
f 1016/1539/3809 1036/1541/3810 1040/1532/3811 1039/1513/3812
f 1041/1533/3813 1040/1532/3814 1036/1541/3815 1035/1535/3816
f 1042/1528/3817 1041/1533/3818 1035/1535/3819 1032/1534/3820
f 1043/1529/3821 1042/1528/3822 1032/1534/3823 1031/1540/3824
f 1031/1542/3825 1015/1538/3826 1044/1504/3827 1043/1536/3828
f 1015/1538/3829 1014/1500/3830 1037/1505/3831 1044/1504/3832
f 1064/1543/3833 1057/1544/3834 1046/1545/3835 1045/1546/3836
f 1058/1547/3837 1059/1548/3838 1050/1549/3839 1049/1550/3840
f 1045/1551/3841 1047/1552/3842 1052/1553/3843 1051/1554/3844
f 1047/1555/3845 1046/1545/3846 1049/1550/3847 1048/1556/3848
f 1048/1557/3849 1050/1558/3850 1056/1559/3851 1055/1560/3852
f 1051/1561/3853 1053/1562/3854 1062/1563/3855 1063/1564/3856
f 1053/1562/3857 1052/1553/3858 1055/1560/3859 1054/1565/3860
f 1054/1565/3861 1056/1566/3862 1060/1567/3863 1061/1568/3864
f 1057/1544/3865 1058/1547/3866 1049/1550/3867 1046/1545/3868
f 1047/1552/3869 1048/1557/3870 1055/1560/3871 1052/1553/3872
f 1053/1562/3873 1054/1565/3874 1061/1568/3875 1062/1563/3876
f 1059/1548/3877 1060/1567/3878 1056/1566/3879 1050/1549/3880
f 1063/1569/3881 1064/1543/3882 1045/1546/3883 1051/1570/3884
f 1045/1546/3885 1046/1545/3886 1047/1555/3887
f 1048/1556/3888 1049/1550/3889 1050/1549/3890
f 1051/1554/3891 1052/1553/3892 1053/1562/3893
f 1054/1565/3894 1055/1560/3895 1056/1559/3896
f 1084/1571/3897 1077/1572/3898 1066/1573/3899 1065/1574/3900
f 1078/1575/3901 1079/1576/3902 1070/1577/3903 1069/1578/3904
f 1065/1579/3905 1067/1580/3906 1072/1581/3907 1071/1582/3908
f 1067/1583/3909 1066/1573/3910 1069/1578/3911 1068/1584/3912
f 1068/1585/3913 1070/1586/3914 1076/1587/3915 1075/1588/3916
f 1071/1589/3917 1073/1590/3918 1082/1591/3919 1083/1592/3920
f 1073/1590/3921 1072/1581/3922 1075/1588/3923 1074/1593/3924
f 1074/1593/3925 1076/1594/3926 1080/1595/3927 1081/1596/3928
f 1077/1572/3929 1078/1575/3930 1069/1578/3931 1066/1573/3932
f 1067/1580/3933 1068/1585/3934 1075/1588/3935 1072/1581/3936
f 1073/1590/3937 1074/1593/3938 1081/1596/3939 1082/1591/3940
f 1079/1576/3941 1080/1595/3942 1076/1594/3943 1070/1577/3944
f 1083/1597/3945 1084/1571/3946 1065/1574/3947 1071/1598/3948
f 1065/1574/3949 1066/1573/3950 1067/1583/3951
f 1068/1584/3952 1069/1578/3953 1070/1577/3954
f 1071/1582/3955 1072/1581/3956 1073/1590/3957
f 1074/1593/3958 1075/1588/3959 1076/1587/3960
f 1085/1599/3961 1087/1600/3962 1103/1601/3963 1105/1602/3964
f 1086/1603/3965 1085/1604/3966 1090/1605/3967 1089/1606/3968
f 1116/1607/3969 1109/1608/3970 1092/1609/3971 1091/1610/3972
f 1088/1611/3973 1090/1612/3974 1106/1613/3975 1108/1614/3976
f 1110/1615/3977 1111/1616/3978 1096/1617/3979 1095/1618/3980
f 1091/1619/3981 1093/1620/3982 1098/1621/3983 1097/1622/3984
f 1093/1623/3985 1092/1609/3986 1095/1618/3987 1094/1624/3988
f 1094/1625/3989 1096/1626/3990 1102/1627/3991 1101/1628/3992
f 1097/1629/3993 1099/1630/3994 1114/1631/3995 1115/1632/3996
f 1099/1630/3997 1098/1621/3998 1101/1628/3999 1100/1633/4000
f 1100/1633/4001 1102/1634/4002 1112/1635/4003 1113/1636/4004
f 1105/1602/4005 1104/1637/4006 1107/1638/4007 1106/1613/4008
f 1109/1608/4009 1110/1615/4010 1095/1618/4011 1092/1609/4012
f 1093/1620/4013 1094/1625/4014 1101/1628/4015 1098/1621/4016
f 1099/1630/4017 1100/1633/4018 1113/1636/4019 1114/1631/4020
f 1105/1602/4021 1106/1613/4022 1090/1612/4023 1085/1599/4024
f 1111/1616/4025 1112/1635/4026 1102/1634/4027 1096/1617/4028
f 1115/1639/4029 1116/1607/4030 1091/1610/4031 1097/1640/4032
f 1085/1604/4033 1086/1603/4034 1087/1641/4035
f 1088/1642/4036 1089/1606/4037 1090/1605/4038
f 1091/1610/4039 1092/1609/4040 1093/1623/4041
f 1094/1624/4042 1095/1618/4043 1096/1617/4044
f 1097/1622/4045 1098/1621/4046 1099/1630/4047
f 1100/1633/4048 1101/1628/4049 1102/1627/4050
f 1103/1643/4051 1104/1637/4052 1105/1602/4053
f 1106/1613/4054 1107/1638/4055 1108/1644/4056
f 1086/1603/4057 1089/1606/4058 1110/1615/4059 1109/1608/4060
f 1089/1606/4061 1088/1642/4062 1111/1616/4063 1110/1615/4064
f 1088/1642/4065 1108/1644/4066 1112/1635/4067 1111/1616/4068
f 1113/1636/4069 1112/1635/4070 1108/1644/4071 1107/1638/4072
f 1114/1631/4073 1113/1636/4074 1107/1638/4075 1104/1637/4076
f 1115/1632/4077 1114/1631/4078 1104/1637/4079 1103/1643/4080
f 1103/1645/4081 1087/1641/4082 1116/1607/4083 1115/1639/4084
f 1087/1641/4085 1086/1603/4086 1109/1608/4087 1116/1607/4088
f 1117/1646/4089 1119/1647/4090 1123/1648/4091 1125/1649/4092
f 1118/1650/4093 1117/1651/4094 1122/1652/4095 1121/1653/4096
f 1120/1654/4097 1122/1655/4098 1126/1656/4099 1128/1657/4100
f 1125/1649/4101 1124/1658/4102 1127/1659/4103 1126/1656/4104
f 1125/1649/4105 1126/1656/4106 1122/1655/4107 1117/1646/4108
f 1117/1651/4109 1118/1650/4110 1119/1660/4111
f 1120/1661/4112 1121/1653/4113 1122/1652/4114
f 1123/1662/4115 1124/1658/4116 1125/1649/4117
f 1126/1656/4118 1127/1659/4119 1128/1663/4120
f 1118/1650/4121 1121/1653/4122 1130/1664/4123 1129/1665/4124
f 1121/1653/4125 1120/1661/4126 1131/1666/4127 1130/1664/4128
f 1120/1661/4129 1128/1663/4130 1132/1667/4131 1131/1666/4132
f 1133/1668/4133 1132/1667/4134 1128/1663/4135 1127/1659/4136
f 1134/1669/4137 1133/1668/4138 1127/1659/4139 1124/1658/4140
f 1135/1670/4141 1134/1669/4142 1124/1658/4143 1123/1662/4144
f 1123/1671/4145 1119/1660/4146 1136/1672/4147 1135/1673/4148
f 1119/1660/4149 1118/1650/4150 1129/1665/4151 1136/1672/4152
f 1156/1674/4153 1149/1675/4154 1138/1676/4155 1137/1677/4156
f 1150/1678/4157 1151/1679/4158 1142/1680/4159 1141/1681/4160
f 1137/1682/4161 1139/1683/4162 1144/1684/4163 1143/1685/4164
f 1139/1686/4165 1138/1676/4166 1141/1681/4167 1140/1687/4168
f 1140/1688/4169 1142/1689/4170 1148/1690/4171 1147/1691/4172
f 1143/1692/4173 1145/1693/4174 1154/1694/4175 1155/1695/4176
f 1145/1693/4177 1144/1684/4178 1147/1691/4179 1146/1696/4180
f 1146/1696/4181 1148/1697/4182 1152/1698/4183 1153/1699/4184
f 1149/1675/4185 1150/1678/4186 1141/1681/4187 1138/1676/4188
f 1139/1683/4189 1140/1688/4190 1147/1691/4191 1144/1684/4192
f 1145/1693/4193 1146/1696/4194 1153/1699/4195 1154/1694/4196
f 1151/1679/4197 1152/1698/4198 1148/1697/4199 1142/1680/4200
f 1155/1700/4201 1156/1674/4202 1137/1677/4203 1143/1701/4204
f 1137/1677/4205 1138/1676/4206 1139/1686/4207
f 1140/1687/4208 1141/1681/4209 1142/1680/4210
f 1143/1685/4211 1144/1684/4212 1145/1693/4213
f 1146/1696/4214 1147/1691/4215 1148/1690/4216
f 1157/1702/4217 1159/1703/4218 1175/1704/4219 1177/1705/4220
f 1158/1706/4221 1157/1707/4222 1162/1708/4223 1161/1709/4224
f 1188/1710/4225 1181/1711/4226 1164/1712/4227 1163/1713/4228
f 1160/1714/4229 1162/1715/4230 1178/1716/4231 1180/1717/4232
f 1182/1718/4233 1183/1719/4234 1168/1720/4235 1167/1721/4236
f 1163/1722/4237 1165/1723/4238 1170/1724/4239 1169/1725/4240
f 1165/1726/4241 1164/1712/4242 1167/1721/4243 1166/1727/4244
f 1166/1728/4245 1168/1729/4246 1174/1730/4247 1173/1731/4248
f 1169/1732/4249 1171/1733/4250 1186/1734/4251 1187/1735/4252
f 1171/1733/4253 1170/1724/4254 1173/1731/4255 1172/1736/4256
f 1172/1736/4257 1174/1737/4258 1184/1738/4259 1185/1739/4260
f 1177/1705/4261 1176/1740/4262 1179/1741/4263 1178/1716/4264
f 1181/1711/4265 1182/1718/4266 1167/1721/4267 1164/1712/4268
f 1165/1723/4269 1166/1728/4270 1173/1731/4271 1170/1724/4272
f 1171/1733/4273 1172/1736/4274 1185/1739/4275 1186/1734/4276
f 1177/1705/4277 1178/1716/4278 1162/1715/4279 1157/1702/4280
f 1183/1719/4281 1184/1738/4282 1174/1737/4283 1168/1720/4284
f 1187/1742/4285 1188/1710/4286 1163/1713/4287 1169/1743/4288
f 1157/1707/4289 1158/1706/4290 1159/1744/4291
f 1160/1745/4292 1161/1709/4293 1162/1708/4294
f 1163/1713/4295 1164/1712/4296 1165/1726/4297
f 1166/1727/4298 1167/1721/4299 1168/1720/4300
f 1169/1725/4301 1170/1724/4302 1171/1733/4303
f 1172/1736/4304 1173/1731/4305 1174/1730/4306
f 1175/1746/4307 1176/1740/4308 1177/1705/4309
f 1178/1716/4310 1179/1741/4311 1180/1747/4312
f 1158/1706/4313 1161/1709/4314 1182/1718/4315 1181/1711/4316
f 1161/1709/4317 1160/1745/4318 1183/1719/4319 1182/1718/4320
f 1160/1745/4321 1180/1747/4322 1184/1738/4323 1183/1719/4324
f 1185/1739/4325 1184/1738/4326 1180/1747/4327 1179/1741/4328
f 1186/1734/4329 1185/1739/4330 1179/1741/4331 1176/1740/4332
f 1187/1735/4333 1186/1734/4334 1176/1740/4335 1175/1746/4336
f 1175/1748/4337 1159/1744/4338 1188/1710/4339 1187/1742/4340
f 1159/1744/4341 1158/1706/4342 1181/1711/4343 1188/1710/4344
f 1189/1749/4345 1191/1750/4346 1207/1751/4347 1209/1752/4348
f 1190/1753/4349 1189/1754/4350 1194/1755/4351 1193/1756/4352
f 1220/1757/4353 1213/1758/4354 1196/1759/4355 1195/1760/4356
f 1192/1761/4357 1194/1762/4358 1210/1763/4359 1212/1764/4360
f 1214/1765/4361 1215/1766/4362 1200/1767/4363 1199/1768/4364
f 1195/1769/4365 1197/1770/4366 1202/1771/4367 1201/1772/4368
f 1197/1773/4369 1196/1759/4370 1199/1768/4371 1198/1774/4372
f 1198/1775/4373 1200/1776/4374 1206/1777/4375 1205/1778/4376
f 1201/1779/4377 1203/1780/4378 1218/1781/4379 1219/1782/4380
f 1203/1780/4381 1202/1771/4382 1205/1778/4383 1204/1783/4384
f 1204/1783/4385 1206/1784/4386 1216/1785/4387 1217/1786/4388
f 1209/1752/4389 1208/1787/4390 1211/1788/4391 1210/1763/4392
f 1213/1758/4393 1214/1765/4394 1199/1768/4395 1196/1759/4396
f 1197/1770/4397 1198/1775/4398 1205/1778/4399 1202/1771/4400
f 1203/1780/4401 1204/1783/4402 1217/1786/4403 1218/1781/4404
f 1209/1752/4405 1210/1763/4406 1194/1762/4407 1189/1749/4408
f 1215/1766/4409 1216/1785/4410 1206/1784/4411 1200/1767/4412
f 1219/1789/4413 1220/1757/4414 1195/1760/4415 1201/1790/4416
f 1189/1754/4417 1190/1753/4418 1191/1791/4419
f 1192/1792/4420 1193/1756/4421 1194/1755/4422
f 1195/1760/4423 1196/1759/4424 1197/1773/4425
f 1198/1774/4426 1199/1768/4427 1200/1767/4428
f 1201/1772/4429 1202/1771/4430 1203/1780/4431
f 1204/1783/4432 1205/1778/4433 1206/1777/4434
f 1207/1793/4435 1208/1787/4436 1209/1752/4437
f 1210/1763/4438 1211/1788/4439 1212/1794/4440
f 1190/1753/4441 1193/1756/4442 1214/1765/4443 1213/1758/4444
f 1193/1756/4445 1192/1792/4446 1215/1766/4447 1214/1765/4448
f 1192/1792/4449 1212/1794/4450 1216/1785/4451 1215/1766/4452
f 1217/1786/4453 1216/1785/4454 1212/1794/4455 1211/1788/4456
f 1218/1781/4457 1217/1786/4458 1211/1788/4459 1208/1787/4460
f 1219/1782/4461 1218/1781/4462 1208/1787/4463 1207/1793/4464
f 1207/1795/4465 1191/1791/4466 1220/1757/4467 1219/1789/4468
f 1191/1791/4469 1190/1753/4470 1213/1758/4471 1220/1757/4472
f 1221/1796/4473 1223/1797/4474 1239/1798/4475 1241/1799/4476
f 1222/1800/4477 1221/1801/4478 1226/1802/4479 1225/1803/4480
f 1252/1804/4481 1245/1805/4482 1228/1806/4483 1227/1807/4484
f 1224/1808/4485 1226/1809/4486 1242/1810/4487 1244/1811/4488
f 1246/1812/4489 1247/1813/4490 1232/1814/4491 1231/1815/4492
f 1227/1816/4493 1229/1817/4494 1234/1818/4495 1233/1819/4496
f 1229/1820/4497 1228/1806/4498 1231/1815/4499 1230/1821/4500
f 1230/1822/4501 1232/1823/4502 1238/1824/4503 1237/1825/4504
f 1233/1826/4505 1235/1827/4506 1250/1828/4507 1251/1829/4508
f 1235/1827/4509 1234/1818/4510 1237/1825/4511 1236/1830/4512
f 1236/1830/4513 1238/1831/4514 1248/1832/4515 1249/1833/4516
f 1241/1799/4517 1240/1834/4518 1243/1835/4519 1242/1810/4520
f 1245/1805/4521 1246/1812/4522 1231/1815/4523 1228/1806/4524
f 1229/1817/4525 1230/1822/4526 1237/1825/4527 1234/1818/4528
f 1235/1827/4529 1236/1830/4530 1249/1833/4531 1250/1828/4532
f 1241/1799/4533 1242/1810/4534 1226/1809/4535 1221/1796/4536
f 1247/1813/4537 1248/1832/4538 1238/1831/4539 1232/1814/4540
f 1251/1836/4541 1252/1804/4542 1227/1807/4543 1233/1837/4544
f 1221/1801/4545 1222/1800/4546 1223/1838/4547
f 1224/1839/4548 1225/1803/4549 1226/1802/4550
f 1227/1807/4551 1228/1806/4552 1229/1820/4553
f 1230/1821/4554 1231/1815/4555 1232/1814/4556
f 1233/1819/4557 1234/1818/4558 1235/1827/4559
f 1236/1830/4560 1237/1825/4561 1238/1824/4562
f 1239/1840/4563 1240/1834/4564 1241/1799/4565
f 1242/1810/4566 1243/1835/4567 1244/1841/4568
f 1222/1800/4569 1225/1803/4570 1246/1812/4571 1245/1805/4572
f 1225/1803/4573 1224/1839/4574 1247/1813/4575 1246/1812/4576
f 1224/1839/4577 1244/1841/4578 1248/1832/4579 1247/1813/4580
f 1249/1833/4581 1248/1832/4582 1244/1841/4583 1243/1835/4584
f 1250/1828/4585 1249/1833/4586 1243/1835/4587 1240/1834/4588
f 1251/1829/4589 1250/1828/4590 1240/1834/4591 1239/1840/4592
f 1239/1842/4593 1223/1838/4594 1252/1804/4595 1251/1836/4596
f 1223/1838/4597 1222/1800/4598 1245/1805/4599 1252/1804/4600
f 1253/1843/4601 1255/1844/4602 1271/1845/4603 1273/1846/4604
f 1254/1847/4605 1253/1848/4606 1258/1849/4607 1257/1850/4608
f 1284/1851/4609 1277/1852/4610 1260/1853/4611 1259/1854/4612
f 1256/1855/4613 1258/1856/4614 1274/1857/4615 1276/1858/4616
f 1278/1859/4617 1279/1860/4618 1264/1861/4619 1263/1862/4620
f 1259/1863/4621 1261/1864/4622 1266/1865/4623 1265/1866/4624
f 1261/1867/4625 1260/1853/4626 1263/1862/4627 1262/1868/4628
f 1262/1869/4629 1264/1870/4630 1270/1871/4631 1269/1872/4632
f 1265/1873/4633 1267/1874/4634 1282/1875/4635 1283/1876/4636
f 1267/1874/4637 1266/1865/4638 1269/1872/4639 1268/1877/4640
f 1268/1877/4641 1270/1878/4642 1280/1879/4643 1281/1880/4644
f 1273/1846/4645 1272/1881/4646 1275/1882/4647 1274/1857/4648
f 1277/1852/4649 1278/1859/4650 1263/1862/4651 1260/1853/4652
f 1261/1864/4653 1262/1869/4654 1269/1872/4655 1266/1865/4656
f 1267/1874/4657 1268/1877/4658 1281/1880/4659 1282/1875/4660
f 1273/1846/4661 1274/1857/4662 1258/1856/4663 1253/1843/4664
f 1279/1860/4665 1280/1879/4666 1270/1878/4667 1264/1861/4668
f 1283/1883/4669 1284/1851/4670 1259/1854/4671 1265/1884/4672
f 1253/1848/4673 1254/1847/4674 1255/1885/4675
f 1256/1886/4676 1257/1850/4677 1258/1849/4678
f 1259/1854/4679 1260/1853/4680 1261/1867/4681
f 1262/1868/4682 1263/1862/4683 1264/1861/4684
f 1265/1866/4685 1266/1865/4686 1267/1874/4687
f 1268/1877/4688 1269/1872/4689 1270/1871/4690
f 1271/1887/4691 1272/1881/4692 1273/1846/4693
f 1274/1857/4694 1275/1882/4695 1276/1888/4696
f 1254/1847/4697 1257/1850/4698 1278/1859/4699 1277/1852/4700
f 1257/1850/4701 1256/1886/4702 1279/1860/4703 1278/1859/4704
f 1256/1886/4705 1276/1888/4706 1280/1879/4707 1279/1860/4708
f 1281/1880/4709 1280/1879/4710 1276/1888/4711 1275/1882/4712
f 1282/1875/4713 1281/1880/4714 1275/1882/4715 1272/1881/4716
f 1283/1876/4717 1282/1875/4718 1272/1881/4719 1271/1887/4720
f 1271/1889/4721 1255/1885/4722 1284/1851/4723 1283/1883/4724
f 1255/1885/4725 1254/1847/4726 1277/1852/4727 1284/1851/4728
f 1285/1890/4729 1287/1891/4730 1303/1892/4731 1305/1893/4732
f 1286/1894/4733 1285/1895/4734 1290/1896/4735 1289/1897/4736
f 1316/1898/4737 1309/1899/4738 1292/1900/4739 1291/1901/4740
f 1288/1902/4741 1290/1903/4742 1306/1904/4743 1308/1905/4744
f 1310/1906/4745 1311/1907/4746 1296/1908/4747 1295/1909/4748
f 1291/1910/4749 1293/1911/4750 1298/1912/4751 1297/1913/4752
f 1293/1914/4753 1292/1900/4754 1295/1909/4755 1294/1915/4756
f 1294/1916/4757 1296/1917/4758 1302/1918/4759 1301/1919/4760
f 1297/1920/4761 1299/1921/4762 1314/1922/4763 1315/1923/4764
f 1299/1921/4765 1298/1912/4766 1301/1919/4767 1300/1924/4768
f 1300/1924/4769 1302/1925/4770 1312/1926/4771 1313/1927/4772
f 1305/1893/4773 1304/1928/4774 1307/1929/4775 1306/1904/4776
f 1309/1899/4777 1310/1906/4778 1295/1909/4779 1292/1900/4780
f 1293/1911/4781 1294/1916/4782 1301/1919/4783 1298/1912/4784
f 1299/1921/4785 1300/1924/4786 1313/1927/4787 1314/1922/4788
f 1305/1893/4789 1306/1904/4790 1290/1903/4791 1285/1890/4792
f 1311/1907/4793 1312/1926/4794 1302/1925/4795 1296/1908/4796
f 1315/1930/4797 1316/1898/4798 1291/1901/4799 1297/1931/4800
f 1285/1895/4801 1286/1894/4802 1287/1932/4803
f 1288/1933/4804 1289/1897/4805 1290/1896/4806
f 1291/1901/4807 1292/1900/4808 1293/1914/4809
f 1294/1915/4810 1295/1909/4811 1296/1908/4812
f 1297/1913/4813 1298/1912/4814 1299/1921/4815
f 1300/1924/4816 1301/1919/4817 1302/1918/4818
f 1303/1934/4819 1304/1928/4820 1305/1893/4821
f 1306/1904/4822 1307/1929/4823 1308/1935/4824
f 1286/1894/4825 1289/1897/4826 1310/1906/4827 1309/1899/4828
f 1289/1897/4829 1288/1933/4830 1311/1907/4831 1310/1906/4832
f 1288/1933/4833 1308/1935/4834 1312/1926/4835 1311/1907/4836
f 1313/1927/4837 1312/1926/4838 1308/1935/4839 1307/1929/4840
f 1314/1922/4841 1313/1927/4842 1307/1929/4843 1304/1928/4844
f 1315/1923/4845 1314/1922/4846 1304/1928/4847 1303/1934/4848
f 1303/1936/4849 1287/1932/4850 1316/1898/4851 1315/1930/4852
f 1287/1932/4853 1286/1894/4854 1309/1899/4855 1316/1898/4856
f 1317/1937/4857 1319/1938/4858 1335/1939/4859 1337/1940/4860
f 1318/1941/4861 1317/1942/4862 1322/1943/4863 1321/1944/4864
f 1348/1945/4865 1341/1946/4866 1324/1947/4867 1323/1948/4868
f 1320/1949/4869 1322/1950/4870 1338/1951/4871 1340/1952/4872
f 1342/1953/4873 1343/1954/4874 1328/1955/4875 1327/1956/4876
f 1323/1957/4877 1325/1958/4878 1330/1959/4879 1329/1960/4880
f 1325/1961/4881 1324/1947/4882 1327/1956/4883 1326/1962/4884
f 1326/1963/4885 1328/1964/4886 1334/1965/4887 1333/1966/4888
f 1329/1967/4889 1331/1968/4890 1346/1969/4891 1347/1970/4892
f 1331/1968/4893 1330/1959/4894 1333/1966/4895 1332/1971/4896
f 1332/1971/4897 1334/1972/4898 1344/1973/4899 1345/1974/4900
f 1337/1940/4901 1336/1975/4902 1339/1976/4903 1338/1951/4904
f 1341/1946/4905 1342/1953/4906 1327/1956/4907 1324/1947/4908
f 1325/1958/4909 1326/1963/4910 1333/1966/4911 1330/1959/4912
f 1331/1968/4913 1332/1971/4914 1345/1974/4915 1346/1969/4916
f 1337/1940/4917 1338/1951/4918 1322/1950/4919 1317/1937/4920
f 1343/1954/4921 1344/1973/4922 1334/1972/4923 1328/1955/4924
f 1347/1977/4925 1348/1945/4926 1323/1948/4927 1329/1978/4928
f 1317/1942/4929 1318/1941/4930 1319/1979/4931
f 1320/1980/4932 1321/1944/4933 1322/1943/4934
f 1323/1948/4935 1324/1947/4936 1325/1961/4937
f 1326/1962/4938 1327/1956/4939 1328/1955/4940
f 1329/1960/4941 1330/1959/4942 1331/1968/4943
f 1332/1971/4944 1333/1966/4945 1334/1965/4946
f 1335/1981/4947 1336/1975/4948 1337/1940/4949
f 1338/1951/4950 1339/1976/4951 1340/1982/4952
f 1318/1941/4953 1321/1944/4954 1342/1953/4955 1341/1946/4956
f 1321/1944/4957 1320/1980/4958 1343/1954/4959 1342/1953/4960
f 1320/1980/4961 1340/1982/4962 1344/1973/4963 1343/1954/4964
f 1345/1974/4965 1344/1973/4966 1340/1982/4967 1339/1976/4968
f 1346/1969/4969 1345/1974/4970 1339/1976/4971 1336/1975/4972
f 1347/1970/4973 1346/1969/4974 1336/1975/4975 1335/1981/4976
f 1335/1983/4977 1319/1979/4978 1348/1945/4979 1347/1977/4980
f 1319/1979/4981 1318/1941/4982 1341/1946/4983 1348/1945/4984
f 1368/1984/4985 1361/1985/4986 1350/1986/4987 1349/1987/4988
f 1362/1988/4989 1363/1989/4990 1354/1990/4991 1353/1991/4992
f 1349/1992/4993 1351/1993/4994 1356/1994/4995 1355/1995/4996
f 1351/1996/4997 1350/1986/4998 1353/1991/4999 1352/1997/5000
f 1352/1998/5001 1354/1999/5002 1360/2000/5003 1359/2001/5004
f 1355/2002/5005 1357/2003/5006 1366/2004/5007 1367/2005/5008
f 1357/2003/5009 1356/1994/5010 1359/2001/5011 1358/2006/5012
f 1358/2006/5013 1360/2007/5014 1364/2008/5015 1365/2009/5016
f 1361/1985/5017 1362/1988/5018 1353/1991/5019 1350/1986/5020
f 1351/1993/5021 1352/1998/5022 1359/2001/5023 1356/1994/5024
f 1357/2003/5025 1358/2006/5026 1365/2009/5027 1366/2004/5028
f 1363/1989/5029 1364/2008/5030 1360/2007/5031 1354/1990/5032
f 1367/2010/5033 1368/1984/5034 1349/1987/5035 1355/2011/5036
f 1349/1987/5037 1350/1986/5038 1351/1996/5039
f 1352/1997/5040 1353/1991/5041 1354/1990/5042
f 1355/1995/5043 1356/1994/5044 1357/2003/5045
f 1358/2006/5046 1359/2001/5047 1360/2000/5048
f 1388/2012/5049 1381/2013/5050 1370/2014/5051 1369/2015/5052
f 1382/2016/5053 1383/2017/5054 1374/2018/5055 1373/2019/5056
f 1369/2020/5057 1371/2021/5058 1376/2022/5059 1375/2023/5060
f 1371/2024/5061 1370/2014/5062 1373/2019/5063 1372/2025/5064
f 1372/2026/5065 1374/2027/5066 1380/2028/5067 1379/2029/5068
f 1375/2030/5069 1377/2031/5070 1386/2032/5071 1387/2033/5072
f 1377/2031/5073 1376/2022/5074 1379/2029/5075 1378/2034/5076
f 1378/2034/5077 1380/2035/5078 1384/2036/5079 1385/2037/5080
f 1381/2013/5081 1382/2016/5082 1373/2019/5083 1370/2014/5084
f 1371/2021/5085 1372/2026/5086 1379/2029/5087 1376/2022/5088
f 1377/2031/5089 1378/2034/5090 1385/2037/5091 1386/2032/5092
f 1383/2017/5093 1384/2036/5094 1380/2035/5095 1374/2018/5096
f 1387/2038/5097 1388/2012/5098 1369/2015/5099 1375/2039/5100
f 1369/2015/5101 1370/2014/5102 1371/2024/5103
f 1372/2025/5104 1373/2019/5105 1374/2018/5106
f 1375/2023/5107 1376/2022/5108 1377/2031/5109
f 1378/2034/5110 1379/2029/5111 1380/2028/5112
f 1389/2040/5113 1391/2041/5114 1407/2042/5115 1409/2043/5116
f 1390/2044/5117 1389/2045/5118 1394/2046/5119 1393/2047/5120
f 1420/2048/5121 1413/2049/5122 1396/2050/5123 1395/2051/5124
f 1392/2052/5125 1394/2053/5126 1410/2054/5127 1412/2055/5128
f 1414/2056/5129 1415/2057/5130 1400/2058/5131 1399/2059/5132
f 1395/2060/5133 1397/2061/5134 1402/2062/5135 1401/2063/5136
f 1397/2064/5137 1396/2050/5138 1399/2059/5139 1398/2065/5140
f 1398/2066/5141 1400/2067/5142 1406/2068/5143 1405/2069/5144
f 1401/2070/5145 1403/2071/5146 1418/2072/5147 1419/2073/5148
f 1403/2071/5149 1402/2062/5150 1405/2069/5151 1404/2074/5152
f 1404/2074/5153 1406/2075/5154 1416/2076/5155 1417/2077/5156
f 1409/2043/5157 1408/2078/5158 1411/2079/5159 1410/2054/5160
f 1413/2049/5161 1414/2056/5162 1399/2059/5163 1396/2050/5164
f 1397/2061/5165 1398/2066/5166 1405/2069/5167 1402/2062/5168
f 1403/2071/5169 1404/2074/5170 1417/2077/5171 1418/2072/5172
f 1409/2043/5173 1410/2054/5174 1394/2053/5175 1389/2040/5176
f 1415/2057/5177 1416/2076/5178 1406/2075/5179 1400/2058/5180
f 1419/2080/5181 1420/2048/5182 1395/2051/5183 1401/2081/5184
f 1389/2045/5185 1390/2044/5186 1391/2082/5187
f 1392/2083/5188 1393/2047/5189 1394/2046/5190
f 1395/2051/5191 1396/2050/5192 1397/2064/5193
f 1398/2065/5194 1399/2059/5195 1400/2058/5196
f 1401/2063/5197 1402/2062/5198 1403/2071/5199
f 1404/2074/5200 1405/2069/5201 1406/2068/5202
f 1407/2084/5203 1408/2078/5204 1409/2043/5205
f 1410/2054/5206 1411/2079/5207 1412/2085/5208
f 1390/2044/5209 1393/2047/5210 1414/2056/5211 1413/2049/5212
f 1393/2047/5213 1392/2083/5214 1415/2057/5215 1414/2056/5216
f 1392/2083/5217 1412/2085/5218 1416/2076/5219 1415/2057/5220
f 1417/2077/5221 1416/2076/5222 1412/2085/5223 1411/2079/5224
f 1418/2072/5225 1417/2077/5226 1411/2079/5227 1408/2078/5228
f 1419/2073/5229 1418/2072/5230 1408/2078/5231 1407/2084/5232
f 1407/2086/5233 1391/2082/5234 1420/2048/5235 1419/2080/5236
f 1391/2082/5237 1390/2044/5238 1413/2049/5239 1420/2048/5240
f 1440/2087/5241 1433/2088/5242 1422/2089/5243 1421/2090/5244
f 1434/2091/5245 1435/2092/5246 1426/2093/5247 1425/2094/5248
f 1421/2095/5249 1423/2096/5250 1428/2097/5251 1427/2098/5252
f 1423/2099/5253 1422/2089/5254 1425/2094/5255 1424/2100/5256
f 1424/2101/5257 1426/2102/5258 1432/2103/5259 1431/2104/5260
f 1427/2105/5261 1429/2106/5262 1438/2107/5263 1439/2108/5264
f 1429/2106/5265 1428/2097/5266 1431/2104/5267 1430/2109/5268
f 1430/2109/5269 1432/2110/5270 1436/2111/5271 1437/2112/5272
f 1433/2088/5273 1434/2091/5274 1425/2094/5275 1422/2089/5276
f 1423/2096/5277 1424/2101/5278 1431/2104/5279 1428/2097/5280
f 1429/2106/5281 1430/2109/5282 1437/2112/5283 1438/2107/5284
f 1435/2092/5285 1436/2111/5286 1432/2110/5287 1426/2093/5288
f 1439/2113/5289 1440/2087/5290 1421/2090/5291 1427/2114/5292
f 1421/2090/5293 1422/2089/5294 1423/2099/5295
f 1424/2100/5296 1425/2094/5297 1426/2093/5298
f 1427/2098/5299 1428/2097/5300 1429/2106/5301
f 1430/2109/5302 1431/2104/5303 1432/2103/5304
f 1441/2115/5305 1443/2116/5306 1459/2117/5307 1461/2118/5308
f 1442/2119/5309 1441/2120/5310 1446/2121/5311 1445/2122/5312
f 1472/2123/5313 1465/2124/5314 1448/2125/5315 1447/2126/5316
f 1444/2127/5317 1446/2128/5318 1462/2129/5319 1464/2130/5320
f 1466/2131/5321 1467/2132/5322 1452/2133/5323 1451/2134/5324
f 1447/2135/5325 1449/2136/5326 1454/2137/5327 1453/2138/5328
f 1449/2139/5329 1448/2125/5330 1451/2134/5331 1450/2140/5332
f 1450/2141/5333 1452/2142/5334 1458/2143/5335 1457/2144/5336
f 1453/2145/5337 1455/2146/5338 1470/2147/5339 1471/2148/5340
f 1455/2146/5341 1454/2137/5342 1457/2144/5343 1456/2149/5344
f 1456/2149/5345 1458/2150/5346 1468/2151/5347 1469/2152/5348
f 1461/2118/5349 1460/2153/5350 1463/2154/5351 1462/2129/5352
f 1465/2124/5353 1466/2131/5354 1451/2134/5355 1448/2125/5356
f 1449/2136/5357 1450/2141/5358 1457/2144/5359 1454/2137/5360
f 1455/2146/5361 1456/2149/5362 1469/2152/5363 1470/2147/5364
f 1461/2118/5365 1462/2129/5366 1446/2128/5367 1441/2115/5368
f 1467/2132/5369 1468/2151/5370 1458/2150/5371 1452/2133/5372
f 1471/2155/5373 1472/2123/5374 1447/2126/5375 1453/2156/5376
f 1441/2120/5377 1442/2119/5378 1443/2157/5379
f 1444/2158/5380 1445/2122/5381 1446/2121/5382
f 1447/2126/5383 1448/2125/5384 1449/2139/5385
f 1450/2140/5386 1451/2134/5387 1452/2133/5388
f 1453/2138/5389 1454/2137/5390 1455/2146/5391
f 1456/2149/5392 1457/2144/5393 1458/2143/5394
f 1459/2159/5395 1460/2153/5396 1461/2118/5397
f 1462/2129/5398 1463/2154/5399 1464/2160/5400
f 1442/2119/5401 1445/2122/5402 1466/2131/5403 1465/2124/5404
f 1445/2122/5405 1444/2158/5406 1467/2132/5407 1466/2131/5408
f 1444/2158/5409 1464/2160/5410 1468/2151/5411 1467/2132/5412
f 1469/2152/5413 1468/2151/5414 1464/2160/5415 1463/2154/5416
f 1470/2147/5417 1469/2152/5418 1463/2154/5419 1460/2153/5420
f 1471/2148/5421 1470/2147/5422 1460/2153/5423 1459/2159/5424
f 1459/2161/5425 1443/2157/5426 1472/2123/5427 1471/2155/5428
f 1443/2157/5429 1442/2119/5430 1465/2124/5431 1472/2123/5432
f 1492/2162/5433 1485/2163/5434 1474/2164/5435 1473/2165/5436
f 1486/2166/5437 1487/2167/5438 1478/2168/5439 1477/2169/5440
f 1473/2170/5441 1475/2171/5442 1480/2172/5443 1479/2173/5444
f 1475/2174/5445 1474/2164/5446 1477/2169/5447 1476/2175/5448
f 1476/2176/5449 1478/2177/5450 1484/2178/5451 1483/2179/5452
f 1479/2180/5453 1481/2181/5454 1490/2182/5455 1491/2183/5456
f 1481/2181/5457 1480/2172/5458 1483/2179/5459 1482/2184/5460
f 1482/2184/5461 1484/2185/5462 1488/2186/5463 1489/2187/5464
f 1485/2163/5465 1486/2166/5466 1477/2169/5467 1474/2164/5468
f 1475/2171/5469 1476/2176/5470 1483/2179/5471 1480/2172/5472
f 1481/2181/5473 1482/2184/5474 1489/2187/5475 1490/2182/5476
f 1487/2167/5477 1488/2186/5478 1484/2185/5479 1478/2168/5480
f 1491/2188/5481 1492/2162/5482 1473/2165/5483 1479/2189/5484
f 1473/2165/5485 1474/2164/5486 1475/2174/5487
f 1476/2175/5488 1477/2169/5489 1478/2168/5490
f 1479/2173/5491 1480/2172/5492 1481/2181/5493
f 1482/2184/5494 1483/2179/5495 1484/2178/5496
f 1512/2190/5497 1505/2191/5498 1494/2192/5499 1493/2193/5500
f 1506/2194/5501 1507/2195/5502 1498/2196/5503 1497/2197/5504
f 1493/2198/5505 1495/2199/5506 1500/2200/5507 1499/2201/5508
f 1495/2202/5509 1494/2192/5510 1497/2197/5511 1496/2203/5512
f 1496/2204/5513 1498/2205/5514 1504/2206/5515 1503/2207/5516
f 1499/2208/5517 1501/2209/5518 1510/2210/5519 1511/2211/5520
f 1501/2209/5521 1500/2200/5522 1503/2207/5523 1502/2212/5524
f 1502/2212/5525 1504/2213/5526 1508/2214/5527 1509/2215/5528
f 1505/2191/5529 1506/2194/5530 1497/2197/5531 1494/2192/5532
f 1495/2199/5533 1496/2204/5534 1503/2207/5535 1500/2200/5536
f 1501/2209/5537 1502/2212/5538 1509/2215/5539 1510/2210/5540
f 1507/2195/5541 1508/2214/5542 1504/2213/5543 1498/2196/5544
f 1511/2216/5545 1512/2190/5546 1493/2193/5547 1499/2217/5548
f 1493/2193/5549 1494/2192/5550 1495/2202/5551
f 1496/2203/5552 1497/2197/5553 1498/2196/5554
f 1499/2201/5555 1500/2200/5556 1501/2209/5557
f 1502/2212/5558 1503/2207/5559 1504/2206/5560
f 1513/2218/5561 1515/2219/5562 1519/2220/5563 1521/2221/5564
f 1514/2222/5565 1513/2223/5566 1518/2224/5567 1517/2225/5568
f 1516/2226/5569 1518/2227/5570 1522/2228/5571 1524/2229/5572
f 1521/2221/5573 1520/2230/5574 1523/2231/5575 1522/2228/5576
f 1521/2221/5577 1522/2228/5578 1518/2227/5579 1513/2218/5580
f 1513/2223/5581 1514/2222/5582 1515/2232/5583
f 1516/2233/5584 1517/2225/5585 1518/2224/5586
f 1519/2234/5587 1520/2230/5588 1521/2221/5589
f 1522/2228/5590 1523/2231/5591 1524/2235/5592
f 1514/2222/5593 1517/2225/5594 1526/2236/5595 1525/2237/5596
f 1517/2225/5597 1516/2233/5598 1527/2238/5599 1526/2236/5600
f 1516/2233/5601 1524/2235/5602 1528/2239/5603 1527/2238/5604
f 1529/2240/5605 1528/2239/5606 1524/2235/5607 1523/2231/5608
f 1530/2241/5609 1529/2240/5610 1523/2231/5611 1520/2230/5612
f 1531/2242/5613 1530/2241/5614 1520/2230/5615 1519/2234/5616
f 1519/2243/5617 1515/2232/5618 1532/2244/5619 1531/2245/5620
f 1515/2232/5621 1514/2222/5622 1525/2237/5623 1532/2244/5624
f 1533/2246/5625 1535/2247/5626 1551/2248/5627 1553/2249/5628
f 1534/2250/5629 1533/2251/5630 1538/2252/5631 1537/2253/5632
f 1564/2254/5633 1557/2255/5634 1540/2256/5635 1539/2257/5636
f 1536/2258/5637 1538/2259/5638 1554/2260/5639 1556/2261/5640
f 1558/2262/5641 1559/2263/5642 1544/2264/5643 1543/2265/5644
f 1539/2266/5645 1541/2267/5646 1546/2268/5647 1545/2269/5648
f 1541/2270/5649 1540/2256/5650 1543/2265/5651 1542/2271/5652
f 1542/2272/5653 1544/2273/5654 1550/2274/5655 1549/2275/5656
f 1545/2276/5657 1547/2277/5658 1562/2278/5659 1563/2279/5660
f 1547/2277/5661 1546/2268/5662 1549/2275/5663 1548/2280/5664
f 1548/2280/5665 1550/2281/5666 1560/2282/5667 1561/2283/5668
f 1553/2249/5669 1552/2284/5670 1555/2285/5671 1554/2260/5672
f 1557/2255/5673 1558/2262/5674 1543/2265/5675 1540/2256/5676
f 1541/2267/5677 1542/2272/5678 1549/2275/5679 1546/2268/5680
f 1547/2277/5681 1548/2280/5682 1561/2283/5683 1562/2278/5684
f 1553/2249/5685 1554/2260/5686 1538/2259/5687 1533/2246/5688
f 1559/2263/5689 1560/2282/5690 1550/2281/5691 1544/2264/5692
f 1563/2286/5693 1564/2254/5694 1539/2257/5695 1545/2287/5696
f 1533/2251/5697 1534/2250/5698 1535/2288/5699
f 1536/2289/5700 1537/2253/5701 1538/2252/5702
f 1539/2257/5703 1540/2256/5704 1541/2270/5705
f 1542/2271/5706 1543/2265/5707 1544/2264/5708
f 1545/2269/5709 1546/2268/5710 1547/2277/5711
f 1548/2280/5712 1549/2275/5713 1550/2274/5714
f 1551/2290/5715 1552/2284/5716 1553/2249/5717
f 1554/2260/5718 1555/2285/5719 1556/2291/5720
f 1534/2250/5721 1537/2253/5722 1558/2262/5723 1557/2255/5724
f 1537/2253/5725 1536/2289/5726 1559/2263/5727 1558/2262/5728
f 1536/2289/5729 1556/2291/5730 1560/2282/5731 1559/2263/5732
f 1561/2283/5733 1560/2282/5734 1556/2291/5735 1555/2285/5736
f 1562/2278/5737 1561/2283/5738 1555/2285/5739 1552/2284/5740
f 1563/2279/5741 1562/2278/5742 1552/2284/5743 1551/2290/5744
f 1551/2292/5745 1535/2288/5746 1564/2254/5747 1563/2286/5748
f 1535/2288/5749 1534/2250/5750 1557/2255/5751 1564/2254/5752
f 1565/2293/5753 1567/2294/5754 1583/2295/5755 1585/2296/5756
f 1566/2297/5757 1565/2298/5758 1570/2299/5759 1569/2300/5760
f 1596/2301/5761 1589/2302/5762 1572/2303/5763 1571/2304/5764
f 1568/2305/5765 1570/2306/5766 1586/2307/5767 1588/2308/5768
f 1590/2309/5769 1591/2310/5770 1576/2311/5771 1575/2312/5772
f 1571/2313/5773 1573/2314/5774 1578/2315/5775 1577/2316/5776
f 1573/2317/5777 1572/2303/5778 1575/2312/5779 1574/2318/5780
f 1574/2319/5781 1576/2320/5782 1582/2321/5783 1581/2322/5784
f 1577/2323/5785 1579/2324/5786 1594/2325/5787 1595/2326/5788
f 1579/2324/5789 1578/2315/5790 1581/2322/5791 1580/2327/5792
f 1580/2327/5793 1582/2328/5794 1592/2329/5795 1593/2330/5796
f 1585/2296/5797 1584/2331/5798 1587/2332/5799 1586/2307/5800
f 1589/2302/5801 1590/2309/5802 1575/2312/5803 1572/2303/5804
f 1573/2314/5805 1574/2319/5806 1581/2322/5807 1578/2315/5808
f 1579/2324/5809 1580/2327/5810 1593/2330/5811 1594/2325/5812
f 1585/2296/5813 1586/2307/5814 1570/2306/5815 1565/2293/5816
f 1591/2310/5817 1592/2329/5818 1582/2328/5819 1576/2311/5820
f 1595/2333/5821 1596/2301/5822 1571/2304/5823 1577/2334/5824
f 1565/2298/5825 1566/2297/5826 1567/2335/5827
f 1568/2336/5828 1569/2300/5829 1570/2299/5830
f 1571/2304/5831 1572/2303/5832 1573/2317/5833
f 1574/2318/5834 1575/2312/5835 1576/2311/5836
f 1577/2316/5837 1578/2315/5838 1579/2324/5839
f 1580/2327/5840 1581/2322/5841 1582/2321/5842
f 1583/2337/5843 1584/2331/5844 1585/2296/5845
f 1586/2307/5846 1587/2332/5847 1588/2338/5848
f 1566/2297/5849 1569/2300/5850 1590/2309/5851 1589/2302/5852
f 1569/2300/5853 1568/2336/5854 1591/2310/5855 1590/2309/5856
f 1568/2336/5857 1588/2338/5858 1592/2329/5859 1591/2310/5860
f 1593/2330/5861 1592/2329/5862 1588/2338/5863 1587/2332/5864
f 1594/2325/5865 1593/2330/5866 1587/2332/5867 1584/2331/5868
f 1595/2326/5869 1594/2325/5870 1584/2331/5871 1583/2337/5872
f 1583/2339/5873 1567/2335/5874 1596/2301/5875 1595/2333/5876
f 1567/2335/5877 1566/2297/5878 1589/2302/5879 1596/2301/5880
f 1616/2340/5881 1609/2341/5882 1598/2342/5883 1597/2343/5884
f 1610/2344/5885 1611/2345/5886 1602/2346/5887 1601/2347/5888
f 1597/2348/5889 1599/2349/5890 1604/2350/5891 1603/2351/5892
f 1599/2352/5893 1598/2342/5894 1601/2347/5895 1600/2353/5896
f 1600/2354/5897 1602/2355/5898 1608/2356/5899 1607/2357/5900
f 1603/2358/5901 1605/2359/5902 1614/2360/5903 1615/2361/5904
f 1605/2359/5905 1604/2350/5906 1607/2357/5907 1606/2362/5908
f 1606/2362/5909 1608/2363/5910 1612/2364/5911 1613/2365/5912
f 1609/2341/5913 1610/2344/5914 1601/2347/5915 1598/2342/5916
f 1599/2349/5917 1600/2354/5918 1607/2357/5919 1604/2350/5920
f 1605/2359/5921 1606/2362/5922 1613/2365/5923 1614/2360/5924
f 1611/2345/5925 1612/2364/5926 1608/2363/5927 1602/2346/5928
f 1615/2366/5929 1616/2340/5930 1597/2343/5931 1603/2367/5932
f 1597/2343/5933 1598/2342/5934 1599/2352/5935
f 1600/2353/5936 1601/2347/5937 1602/2346/5938
f 1603/2351/5939 1604/2350/5940 1605/2359/5941
f 1606/2362/5942 1607/2357/5943 1608/2356/5944
f 1617/2368/5945 1619/2369/5946 1635/2370/5947 1637/2371/5948
f 1618/2372/5949 1617/2373/5950 1622/2374/5951 1621/2375/5952
f 1648/2376/5953 1641/2377/5954 1624/2378/5955 1623/2379/5956
f 1620/2380/5957 1622/2381/5958 1638/2382/5959 1640/2383/5960
f 1642/2384/5961 1643/2385/5962 1628/2386/5963 1627/2387/5964
f 1623/2388/5965 1625/2389/5966 1630/2390/5967 1629/2391/5968
f 1625/2392/5969 1624/2378/5970 1627/2387/5971 1626/2393/5972
f 1626/2394/5973 1628/2395/5974 1634/2396/5975 1633/2397/5976
f 1629/2398/5977 1631/2399/5978 1646/2400/5979 1647/2401/5980
f 1631/2399/5981 1630/2390/5982 1633/2397/5983 1632/2402/5984
f 1632/2402/5985 1634/2403/5986 1644/2404/5987 1645/2405/5988
f 1637/2371/5989 1636/2406/5990 1639/2407/5991 1638/2382/5992
f 1641/2377/5993 1642/2384/5994 1627/2387/5995 1624/2378/5996
f 1625/2389/5997 1626/2394/5998 1633/2397/5999 1630/2390/6000
f 1631/2399/6001 1632/2402/6002 1645/2405/6003 1646/2400/6004
f 1637/2371/6005 1638/2382/6006 1622/2381/6007 1617/2368/6008
f 1643/2385/6009 1644/2404/6010 1634/2403/6011 1628/2386/6012
f 1647/2408/6013 1648/2376/6014 1623/2379/6015 1629/2409/6016
f 1617/2373/6017 1618/2372/6018 1619/2410/6019
f 1620/2411/6020 1621/2375/6021 1622/2374/6022
f 1623/2379/6023 1624/2378/6024 1625/2392/6025
f 1626/2393/6026 1627/2387/6027 1628/2386/6028
f 1629/2391/6029 1630/2390/6030 1631/2399/6031
f 1632/2402/6032 1633/2397/6033 1634/2396/6034
f 1635/2412/6035 1636/2406/6036 1637/2371/6037
f 1638/2382/6038 1639/2407/6039 1640/2413/6040
f 1618/2372/6041 1621/2375/6042 1642/2384/6043 1641/2377/6044
f 1621/2375/6045 1620/2411/6046 1643/2385/6047 1642/2384/6048
f 1620/2411/6049 1640/2413/6050 1644/2404/6051 1643/2385/6052
f 1645/2405/6053 1644/2404/6054 1640/2413/6055 1639/2407/6056
f 1646/2400/6057 1645/2405/6058 1639/2407/6059 1636/2406/6060
f 1647/2401/6061 1646/2400/6062 1636/2406/6063 1635/2412/6064
f 1635/2414/6065 1619/2410/6066 1648/2376/6067 1647/2408/6068
f 1619/2410/6069 1618/2372/6070 1641/2377/6071 1648/2376/6072
f 1649/2415/6073 1651/2416/6074 1667/2417/6075 1669/2418/6076
f 1650/2419/6077 1649/2420/6078 1654/2421/6079 1653/2422/6080
f 1680/2423/6081 1673/2424/6082 1656/2425/6083 1655/2426/6084
f 1652/2427/6085 1654/2428/6086 1670/2429/6087 1672/2430/6088
f 1674/2431/6089 1675/2432/6090 1660/2433/6091 1659/2434/6092
f 1655/2435/6093 1657/2436/6094 1662/2437/6095 1661/2438/6096
f 1657/2439/6097 1656/2425/6098 1659/2434/6099 1658/2440/6100
f 1658/2441/6101 1660/2442/6102 1666/2443/6103 1665/2444/6104
f 1661/2445/6105 1663/2446/6106 1678/2447/6107 1679/2448/6108
f 1663/2446/6109 1662/2437/6110 1665/2444/6111 1664/2449/6112
f 1664/2449/6113 1666/2450/6114 1676/2451/6115 1677/2452/6116
f 1669/2418/6117 1668/2453/6118 1671/2454/6119 1670/2429/6120
f 1673/2424/6121 1674/2431/6122 1659/2434/6123 1656/2425/6124
f 1657/2436/6125 1658/2441/6126 1665/2444/6127 1662/2437/6128
f 1663/2446/6129 1664/2449/6130 1677/2452/6131 1678/2447/6132
f 1669/2418/6133 1670/2429/6134 1654/2428/6135 1649/2415/6136
f 1675/2432/6137 1676/2451/6138 1666/2450/6139 1660/2433/6140
f 1679/2455/6141 1680/2423/6142 1655/2426/6143 1661/2456/6144
f 1649/2420/6145 1650/2419/6146 1651/2457/6147
f 1652/2458/6148 1653/2422/6149 1654/2421/6150
f 1655/2426/6151 1656/2425/6152 1657/2439/6153
f 1658/2440/6154 1659/2434/6155 1660/2433/6156
f 1661/2438/6157 1662/2437/6158 1663/2446/6159
f 1664/2449/6160 1665/2444/6161 1666/2443/6162
f 1667/2459/6163 1668/2453/6164 1669/2418/6165
f 1670/2429/6166 1671/2454/6167 1672/2460/6168
f 1650/2419/6169 1653/2422/6170 1674/2431/6171 1673/2424/6172
f 1653/2422/6173 1652/2458/6174 1675/2432/6175 1674/2431/6176
f 1652/2458/6177 1672/2460/6178 1676/2451/6179 1675/2432/6180
f 1677/2452/6181 1676/2451/6182 1672/2460/6183 1671/2454/6184
f 1678/2447/6185 1677/2452/6186 1671/2454/6187 1668/2453/6188
f 1679/2448/6189 1678/2447/6190 1668/2453/6191 1667/2459/6192
f 1667/2461/6193 1651/2457/6194 1680/2423/6195 1679/2455/6196
f 1651/2457/6197 1650/2419/6198 1673/2424/6199 1680/2423/6200
f 1700/2462/6201 1693/2463/6202 1682/2464/6203 1681/2465/6204
f 1694/2466/6205 1695/2467/6206 1686/2468/6207 1685/2469/6208
f 1681/2470/6209 1683/2471/6210 1688/2472/6211 1687/2473/6212
f 1683/2474/6213 1682/2464/6214 1685/2469/6215 1684/2475/6216
f 1684/2476/6217 1686/2477/6218 1692/2478/6219 1691/2479/6220
f 1687/2480/6221 1689/2481/6222 1698/2482/6223 1699/2483/6224
f 1689/2481/6225 1688/2472/6226 1691/2479/6227 1690/2484/6228
f 1690/2484/6229 1692/2485/6230 1696/2486/6231 1697/2487/6232
f 1693/2463/6233 1694/2466/6234 1685/2469/6235 1682/2464/6236
f 1683/2471/6237 1684/2476/6238 1691/2479/6239 1688/2472/6240
f 1689/2481/6241 1690/2484/6242 1697/2487/6243 1698/2482/6244
f 1695/2467/6245 1696/2486/6246 1692/2485/6247 1686/2468/6248
f 1699/2488/6249 1700/2462/6250 1681/2465/6251 1687/2489/6252
f 1681/2465/6253 1682/2464/6254 1683/2474/6255
f 1684/2475/6256 1685/2469/6257 1686/2468/6258
f 1687/2473/6259 1688/2472/6260 1689/2481/6261
f 1690/2484/6262 1691/2479/6263 1692/2478/6264
f 1701/2490/6265 1703/2491/6266 1719/2492/6267 1721/2493/6268
f 1702/2494/6269 1701/2495/6270 1706/2496/6271 1705/2497/6272
f 1732/2498/6273 1725/2499/6274 1708/2500/6275 1707/2501/6276
f 1704/2502/6277 1706/2503/6278 1722/2504/6279 1724/2505/6280
f 1726/2506/6281 1727/2507/6282 1712/2508/6283 1711/2509/6284
f 1707/2510/6285 1709/2511/6286 1714/2512/6287 1713/2513/6288
f 1709/2514/6289 1708/2500/6290 1711/2509/6291 1710/2515/6292
f 1710/2516/6293 1712/2517/6294 1718/2518/6295 1717/2519/6296
f 1713/2520/6297 1715/2521/6298 1730/2522/6299 1731/2523/6300
f 1715/2521/6301 1714/2512/6302 1717/2519/6303 1716/2524/6304
f 1716/2524/6305 1718/2525/6306 1728/2526/6307 1729/2527/6308
f 1721/2493/6309 1720/2528/6310 1723/2529/6311 1722/2504/6312
f 1725/2499/6313 1726/2506/6314 1711/2509/6315 1708/2500/6316
f 1709/2511/6317 1710/2516/6318 1717/2519/6319 1714/2512/6320
f 1715/2521/6321 1716/2524/6322 1729/2527/6323 1730/2522/6324
f 1721/2493/6325 1722/2504/6326 1706/2503/6327 1701/2490/6328
f 1727/2507/6329 1728/2526/6330 1718/2525/6331 1712/2508/6332
f 1731/2530/6333 1732/2498/6334 1707/2501/6335 1713/2531/6336
f 1701/2495/6337 1702/2494/6338 1703/2532/6339
f 1704/2533/6340 1705/2497/6341 1706/2496/6342
f 1707/2501/6343 1708/2500/6344 1709/2514/6345
f 1710/2515/6346 1711/2509/6347 1712/2508/6348
f 1713/2513/6349 1714/2512/6350 1715/2521/6351
f 1716/2524/6352 1717/2519/6353 1718/2518/6354
f 1719/2534/6355 1720/2528/6356 1721/2493/6357
f 1722/2504/6358 1723/2529/6359 1724/2535/6360
f 1702/2494/6361 1705/2497/6362 1726/2506/6363 1725/2499/6364
f 1705/2497/6365 1704/2533/6366 1727/2507/6367 1726/2506/6368
f 1704/2533/6369 1724/2535/6370 1728/2526/6371 1727/2507/6372
f 1729/2527/6373 1728/2526/6374 1724/2535/6375 1723/2529/6376
f 1730/2522/6377 1729/2527/6378 1723/2529/6379 1720/2528/6380
f 1731/2523/6381 1730/2522/6382 1720/2528/6383 1719/2534/6384
f 1719/2536/6385 1703/2532/6386 1732/2498/6387 1731/2530/6388
f 1703/2532/6389 1702/2494/6390 1725/2499/6391 1732/2498/6392
f 1733/2537/6393 1735/2538/6394 1751/2539/6395 1753/2540/6396
f 1734/2541/6397 1733/2542/6398 1738/2543/6399 1737/2544/6400
f 1764/2545/6401 1757/2546/6402 1740/2547/6403 1739/2548/6404
f 1736/2549/6405 1738/2550/6406 1754/2551/6407 1756/2552/6408
f 1758/2553/6409 1759/2554/6410 1744/2555/6411 1743/2556/6412
f 1739/2557/6413 1741/2558/6414 1746/2559/6415 1745/2560/6416
f 1741/2561/6417 1740/2547/6418 1743/2556/6419 1742/2562/6420
f 1742/2563/6421 1744/2564/6422 1750/2565/6423 1749/2566/6424
f 1745/2567/6425 1747/2568/6426 1762/2569/6427 1763/2570/6428
f 1747/2568/6429 1746/2559/6430 1749/2566/6431 1748/2571/6432
f 1748/2571/6433 1750/2572/6434 1760/2573/6435 1761/2574/6436
f 1753/2540/6437 1752/2575/6438 1755/2576/6439 1754/2551/6440
f 1757/2546/6441 1758/2553/6442 1743/2556/6443 1740/2547/6444
f 1741/2558/6445 1742/2563/6446 1749/2566/6447 1746/2559/6448
f 1747/2568/6449 1748/2571/6450 1761/2574/6451 1762/2569/6452
f 1753/2540/6453 1754/2551/6454 1738/2550/6455 1733/2537/6456
f 1759/2554/6457 1760/2573/6458 1750/2572/6459 1744/2555/6460
f 1763/2577/6461 1764/2545/6462 1739/2548/6463 1745/2578/6464
f 1733/2542/6465 1734/2541/6466 1735/2579/6467
f 1736/2580/6468 1737/2544/6469 1738/2543/6470
f 1739/2548/6471 1740/2547/6472 1741/2561/6473
f 1742/2562/6474 1743/2556/6475 1744/2555/6476
f 1745/2560/6477 1746/2559/6478 1747/2568/6479
f 1748/2571/6480 1749/2566/6481 1750/2565/6482
f 1751/2581/6483 1752/2575/6484 1753/2540/6485
f 1754/2551/6486 1755/2576/6487 1756/2582/6488
f 1734/2541/6489 1737/2544/6490 1758/2553/6491 1757/2546/6492
f 1737/2544/6493 1736/2580/6494 1759/2554/6495 1758/2553/6496
f 1736/2580/6497 1756/2582/6498 1760/2573/6499 1759/2554/6500
f 1761/2574/6501 1760/2573/6502 1756/2582/6503 1755/2576/6504
f 1762/2569/6505 1761/2574/6506 1755/2576/6507 1752/2575/6508
f 1763/2570/6509 1762/2569/6510 1752/2575/6511 1751/2581/6512
f 1751/2583/6513 1735/2579/6514 1764/2545/6515 1763/2577/6516
f 1735/2579/6517 1734/2541/6518 1757/2546/6519 1764/2545/6520
f 1784/2584/6521 1777/2585/6522 1766/2586/6523 1765/2587/6524
f 1778/2588/6525 1779/2589/6526 1770/2590/6527 1769/2591/6528
f 1765/2592/6529 1767/2593/6530 1772/2594/6531 1771/2595/6532
f 1767/2596/6533 1766/2586/6534 1769/2591/6535 1768/2597/6536
f 1768/2598/6537 1770/2599/6538 1776/2600/6539 1775/2601/6540
f 1771/2602/6541 1773/2603/6542 1782/2604/6543 1783/2605/6544
f 1773/2603/6545 1772/2594/6546 1775/2601/6547 1774/2606/6548
f 1774/2606/6549 1776/2607/6550 1780/2608/6551 1781/2609/6552
f 1777/2585/6553 1778/2588/6554 1769/2591/6555 1766/2586/6556
f 1767/2593/6557 1768/2598/6558 1775/2601/6559 1772/2594/6560
f 1773/2603/6561 1774/2606/6562 1781/2609/6563 1782/2604/6564
f 1779/2589/6565 1780/2608/6566 1776/2607/6567 1770/2590/6568
f 1783/2610/6569 1784/2584/6570 1765/2587/6571 1771/2611/6572
f 1765/2587/6573 1766/2586/6574 1767/2596/6575
f 1768/2597/6576 1769/2591/6577 1770/2590/6578
f 1771/2595/6579 1772/2594/6580 1773/2603/6581
f 1774/2606/6582 1775/2601/6583 1776/2600/6584
f 1785/2612/6585 1787/2613/6586 1791/2614/6587 1793/2615/6588
f 1786/2616/6589 1785/2617/6590 1790/2618/6591 1789/2619/6592
f 1788/2620/6593 1790/2621/6594 1794/2622/6595 1796/2623/6596
f 1793/2615/6597 1792/2624/6598 1795/2625/6599 1794/2622/6600
f 1793/2615/6601 1794/2622/6602 1790/2621/6603 1785/2612/6604
f 1785/2617/6605 1786/2616/6606 1787/2626/6607
f 1788/2627/6608 1789/2619/6609 1790/2618/6610
f 1791/2628/6611 1792/2624/6612 1793/2615/6613
f 1794/2622/6614 1795/2625/6615 1796/2629/6616
f 1786/2616/6617 1789/2619/6618 1798/2630/6619 1797/2631/6620
f 1789/2619/6621 1788/2627/6622 1799/2632/6623 1798/2630/6624
f 1788/2627/6625 1796/2629/6626 1800/2633/6627 1799/2632/6628
f 1801/2634/6629 1800/2633/6630 1796/2629/6631 1795/2625/6632
f 1802/2635/6633 1801/2634/6634 1795/2625/6635 1792/2624/6636
f 1803/2636/6637 1802/2635/6638 1792/2624/6639 1791/2628/6640
f 1791/2637/6641 1787/2626/6642 1804/2638/6643 1803/2639/6644
f 1787/2626/6645 1786/2616/6646 1797/2631/6647 1804/2638/6648
f 1824/2640/6649 1817/2641/6650 1806/2642/6651 1805/2643/6652
f 1818/2644/6653 1819/2645/6654 1810/2646/6655 1809/2647/6656
f 1805/2648/6657 1807/2649/6658 1812/2650/6659 1811/2651/6660
f 1807/2652/6661 1806/2642/6662 1809/2647/6663 1808/2653/6664
f 1808/2654/6665 1810/2655/6666 1816/2656/6667 1815/2657/6668
f 1811/2658/6669 1813/2659/6670 1822/2660/6671 1823/2661/6672
f 1813/2659/6673 1812/2650/6674 1815/2657/6675 1814/2662/6676
f 1814/2662/6677 1816/2663/6678 1820/2664/6679 1821/2665/6680
f 1817/2641/6681 1818/2644/6682 1809/2647/6683 1806/2642/6684
f 1807/2649/6685 1808/2654/6686 1815/2657/6687 1812/2650/6688
f 1813/2659/6689 1814/2662/6690 1821/2665/6691 1822/2660/6692
f 1819/2645/6693 1820/2664/6694 1816/2663/6695 1810/2646/6696
f 1823/2666/6697 1824/2640/6698 1805/2643/6699 1811/2667/6700
f 1805/2643/6701 1806/2642/6702 1807/2652/6703
f 1808/2653/6704 1809/2647/6705 1810/2646/6706
f 1811/2651/6707 1812/2650/6708 1813/2659/6709
f 1814/2662/6710 1815/2657/6711 1816/2656/6712
f 1825/2668/6713 1827/2669/6714 1831/2670/6715 1833/2671/6716
f 1826/2672/6717 1825/2673/6718 1830/2674/6719 1829/2675/6720
f 1828/2676/6721 1830/2677/6722 1834/2678/6723 1836/2679/6724
f 1833/2671/6725 1832/2680/6726 1835/2681/6727 1834/2678/6728
f 1833/2671/6729 1834/2678/6730 1830/2677/6731 1825/2668/6732
f 1825/2673/6733 1826/2672/6734 1827/2682/6735
f 1828/2683/6736 1829/2675/6737 1830/2674/6738
f 1831/2684/6739 1832/2680/6740 1833/2671/6741
f 1834/2678/6742 1835/2681/6743 1836/2685/6744
f 1826/2672/6745 1829/2675/6746 1838/2686/6747 1837/2687/6748
f 1829/2675/6749 1828/2683/6750 1839/2688/6751 1838/2686/6752
f 1828/2683/6753 1836/2685/6754 1840/2689/6755 1839/2688/6756
f 1841/2690/6757 1840/2689/6758 1836/2685/6759 1835/2681/6760
f 1842/2691/6761 1841/2690/6762 1835/2681/6763 1832/2680/6764
f 1843/2692/6765 1842/2691/6766 1832/2680/6767 1831/2684/6768
f 1831/2693/6769 1827/2682/6770 1844/2694/6771 1843/2695/6772
f 1827/2682/6773 1826/2672/6774 1837/2687/6775 1844/2694/6776
f 1845/2696/6777 1846/2697/6778 1848/2698/6779 1847/2699/6780
f 1847/2699/6781 1848/2700/6782 1850/2701/6783 1849/2702/6784
f 1849/2703/6785 1850/2704/6786 1852/2705/6787 1851/2706/6788
f 1851/2707/6789 1852/2708/6790 1846/2709/6791 1845/2696/6792
f 1846/2697/6793 1852/2705/6794 1850/2704/6795 1848/2698/6796
f 1851/2707/6797 1845/2696/6798 1847/2699/6799 1849/2702/6800
f 1853/2710/6801 1854/2711/6802 1856/2712/6803 1855/2713/6804
f 1855/2713/6805 1856/2714/6806 1858/2715/6807 1857/2716/6808
f 1857/2717/6809 1858/2718/6810 1860/2719/6811 1859/2720/6812
f 1859/2721/6813 1860/2722/6814 1854/2723/6815 1853/2710/6816
f 1854/2711/6817 1860/2719/6818 1858/2718/6819 1856/2712/6820
f 1859/2721/6821 1853/2710/6822 1855/2713/6823 1857/2716/6824
f 1861/2724/6825 1863/2725/6826 1879/2726/6827 1881/2727/6828
f 1862/2728/6829 1861/2729/6830 1866/2730/6831 1865/2731/6832
f 1892/2732/6833 1885/2733/6834 1868/2734/6835 1867/2735/6836
f 1864/2736/6837 1866/2737/6838 1882/2738/6839 1884/2739/6840
f 1886/2740/6841 1887/2741/6842 1872/2742/6843 1871/2743/6844
f 1867/2744/6845 1869/2745/6846 1874/2746/6847 1873/2747/6848
f 1869/2748/6849 1868/2734/6850 1871/2743/6851 1870/2749/6852
f 1870/2750/6853 1872/2751/6854 1878/2752/6855 1877/2753/6856
f 1873/2754/6857 1875/2755/6858 1890/2756/6859 1891/2757/6860
f 1875/2755/6861 1874/2746/6862 1877/2753/6863 1876/2758/6864
f 1876/2758/6865 1878/2759/6866 1888/2760/6867 1889/2761/6868
f 1881/2727/6869 1880/2762/6870 1883/2763/6871 1882/2738/6872
f 1885/2733/6873 1886/2740/6874 1871/2743/6875 1868/2734/6876
f 1869/2745/6877 1870/2750/6878 1877/2753/6879 1874/2746/6880
f 1875/2755/6881 1876/2758/6882 1889/2761/6883 1890/2756/6884
f 1881/2727/6885 1882/2738/6886 1866/2737/6887 1861/2724/6888
f 1887/2741/6889 1888/2760/6890 1878/2759/6891 1872/2742/6892
f 1891/2764/6893 1892/2732/6894 1867/2735/6895 1873/2765/6896
f 1861/2729/6897 1862/2728/6898 1863/2766/6899
f 1864/2767/6900 1865/2731/6901 1866/2730/6902
f 1867/2735/6903 1868/2734/6904 1869/2748/6905
f 1870/2749/6906 1871/2743/6907 1872/2742/6908
f 1873/2747/6909 1874/2746/6910 1875/2755/6911
f 1876/2758/6912 1877/2753/6913 1878/2752/6914
f 1879/2768/6915 1880/2762/6916 1881/2727/6917
f 1882/2738/6918 1883/2763/6919 1884/2769/6920
f 1862/2728/6921 1865/2731/6922 1886/2740/6923 1885/2733/6924
f 1865/2731/6925 1864/2767/6926 1887/2741/6927 1886/2740/6928
f 1864/2767/6929 1884/2769/6930 1888/2760/6931 1887/2741/6932
f 1889/2761/6933 1888/2760/6934 1884/2769/6935 1883/2763/6936
f 1890/2756/6937 1889/2761/6938 1883/2763/6939 1880/2762/6940
f 1891/2757/6941 1890/2756/6942 1880/2762/6943 1879/2768/6944
f 1879/2770/6945 1863/2766/6946 1892/2732/6947 1891/2764/6948
f 1863/2766/6949 1862/2728/6950 1885/2733/6951 1892/2732/6952
f 1893/2771/6953 1894/2772/6954 1896/2773/6955 1895/2774/6956
f 1895/2774/6957 1896/2775/6958 1898/2776/6959 1897/2777/6960
f 1897/2778/6961 1898/2779/6962 1900/2780/6963 1899/2781/6964
f 1899/2782/6965 1900/2783/6966 1894/2784/6967 1893/2771/6968
f 1894/2772/6969 1900/2780/6970 1898/2779/6971 1896/2773/6972
f 1899/2782/6973 1893/2771/6974 1895/2774/6975 1897/2777/6976
f 1901/2785/6977 1902/2786/6978 1904/2787/6979 1903/2788/6980
f 1903/2788/6981 1904/2789/6982 1906/2790/6983 1905/2791/6984
f 1905/2792/6985 1906/2793/6986 1908/2794/6987 1907/2795/6988
f 1907/2796/6989 1908/2797/6990 1902/2798/6991 1901/2785/6992
f 1902/2786/6993 1908/2794/6994 1906/2793/6995 1904/2787/6996
f 1907/2796/6997 1901/2785/6998 1903/2788/6999 1905/2791/7000
f 1909/2799/7001 1910/2800/7002 1912/2801/7003 1911/2802/7004
f 1911/2802/7005 1912/2803/7006 1914/2804/7007 1913/2805/7008
f 1913/2806/7009 1914/2807/7010 1916/2808/7011 1915/2809/7012
f 1915/2810/7013 1916/2811/7014 1910/2812/7015 1909/2799/7016
f 1910/2800/7017 1916/2808/7018 1914/2807/7019 1912/2801/7020
f 1915/2810/7021 1909/2799/7022 1911/2802/7023 1913/2805/7024
f 1917/2813/7025 1919/2814/7026 1935/2815/7027 1937/2816/7028
f 1918/2817/7029 1917/2818/7030 1922/2819/7031 1921/2820/7032
f 1948/2821/7033 1941/2822/7034 1924/2823/7035 1923/2824/7036
f 1920/2825/7037 1922/2826/7038 1938/2827/7039 1940/2828/7040
f 1942/2829/7041 1943/2830/7042 1928/2831/7043 1927/2832/7044
f 1923/2833/7045 1925/2834/7046 1930/2835/7047 1929/2836/7048
f 1925/2837/7049 1924/2823/7050 1927/2832/7051 1926/2838/7052
f 1926/2839/7053 1928/2840/7054 1934/2841/7055 1933/2842/7056
f 1929/2843/7057 1931/2844/7058 1946/2845/7059 1947/2846/7060
f 1931/2844/7061 1930/2835/7062 1933/2842/7063 1932/2847/7064
f 1932/2847/7065 1934/2848/7066 1944/2849/7067 1945/2850/7068
f 1937/2816/7069 1936/2851/7070 1939/2852/7071 1938/2827/7072
f 1941/2822/7073 1942/2829/7074 1927/2832/7075 1924/2823/7076
f 1925/2834/7077 1926/2839/7078 1933/2842/7079 1930/2835/7080
f 1931/2844/7081 1932/2847/7082 1945/2850/7083 1946/2845/7084
f 1937/2816/7085 1938/2827/7086 1922/2826/7087 1917/2813/7088
f 1943/2830/7089 1944/2849/7090 1934/2848/7091 1928/2831/7092
f 1947/2853/7093 1948/2821/7094 1923/2824/7095 1929/2854/7096
f 1917/2818/7097 1918/2817/7098 1919/2855/7099
f 1920/2856/7100 1921/2820/7101 1922/2819/7102
f 1923/2824/7103 1924/2823/7104 1925/2837/7105
f 1926/2838/7106 1927/2832/7107 1928/2831/7108
f 1929/2836/7109 1930/2835/7110 1931/2844/7111
f 1932/2847/7112 1933/2842/7113 1934/2841/7114
f 1935/2857/7115 1936/2851/7116 1937/2816/7117
f 1938/2827/7118 1939/2852/7119 1940/2858/7120
f 1918/2817/7121 1921/2820/7122 1942/2829/7123 1941/2822/7124
f 1921/2820/7125 1920/2856/7126 1943/2830/7127 1942/2829/7128
f 1920/2856/7129 1940/2858/7130 1944/2849/7131 1943/2830/7132
f 1945/2850/7133 1944/2849/7134 1940/2858/7135 1939/2852/7136
f 1946/2845/7137 1945/2850/7138 1939/2852/7139 1936/2851/7140
f 1947/2846/7141 1946/2845/7142 1936/2851/7143 1935/2857/7144
f 1935/2859/7145 1919/2855/7146 1948/2821/7147 1947/2853/7148
f 1919/2855/7149 1918/2817/7150 1941/2822/7151 1948/2821/7152
