# This file uses centimeters as units for non-parametric coordinates.

mtllib M_NewBridge.mtl
g default
v 9.382293 13.737155 -4.335297
v 9.372211 14.097034 -4.336806
v 8.742650 13.750802 3.184786
v 8.732569 14.110682 3.183275
v 7.322156 13.710507 3.064035
v 7.312076 14.070387 3.062524
v 7.961800 13.696859 -4.456048
v 7.951719 14.056740 -4.457559
v 2.503171 13.784711 2.751078
v 2.512552 14.125744 2.746849
v 2.188820 13.704767 -4.393963
v 2.198202 14.045801 -4.398191
v 3.538575 13.666907 -4.452923
v 3.547956 14.007940 -4.457150
v 3.852925 13.746850 2.692119
v 3.862307 14.087885 2.687891
v -6.675613 13.200531 3.536423
v -6.724683 13.200531 3.585493
v -6.724683 13.147202 3.536423
v -6.724683 13.886266 3.536423
v -6.724683 13.832937 3.585493
v -6.675613 13.832937 3.536423
v -15.745453 13.147202 3.536423
v -15.745453 13.200531 3.585493
v -15.794524 13.200531 3.536423
v -15.794524 13.832937 3.536423
v -15.745453 13.832937 3.585493
v -15.745453 13.886266 3.536423
v -15.745453 13.147202 2.945242
v -15.794524 13.200531 2.945242
v -15.745453 13.200531 2.896172
v -15.745453 13.832937 2.896172
v -15.794524 13.832937 2.945242
v -15.745453 13.886266 2.945242
v -6.724683 13.147202 2.945242
v -6.724683 13.200531 2.896172
v -6.675613 13.200531 2.945242
v -6.675613 13.832937 2.945242
v -6.724683 13.832937 2.896172
v -6.724683 13.886266 2.945242
v -11.626674 13.232600 3.550537
v -11.626674 13.800867 3.550537
v -11.626674 13.848787 3.506444
v -11.626674 13.848787 2.975221
v -11.626674 13.800867 2.931128
v -11.626674 13.232600 2.931128
v -11.626674 13.184680 2.975221
v -11.626674 13.184680 3.506444
v -8.179174 14.010388 -3.452290
v -8.168913 13.650514 -3.453546
v -8.529299 13.974074 4.086746
v -8.519036 13.614198 4.085488
v -7.105228 14.014448 4.153076
v -7.094967 13.654572 4.151819
v -6.755105 14.050764 -3.385960
v -6.744843 13.690887 -3.387217
v -10.517034 13.995846 3.811114
v -10.527510 13.621271 3.811116
v -10.850519 14.005103 -4.037153
v -10.860996 13.630527 -4.037149
v -12.333009 14.046564 -3.974111
v -12.343485 13.671989 -3.974107
v -11.999522 14.037308 3.874156
v -12.009998 13.662732 3.874160
v -13.756554 14.010388 -3.746763
v -13.746292 13.650514 -3.748019
v -14.106679 13.974074 3.792274
v -14.096416 13.614198 3.791016
v -12.682608 14.014448 3.858604
v -12.672346 13.654572 3.857347
v -12.332483 14.050764 -3.680432
v -12.322222 13.690887 -3.681690
v -6.675613 13.200531 -2.406582
v -6.724683 13.200531 -2.357512
v -6.724683 13.147202 -2.406582
v -6.724683 13.886266 -2.406582
v -6.724683 13.832937 -2.357512
v -6.675613 13.832937 -2.406582
v -15.745453 13.147202 -2.406582
v -15.745453 13.200531 -2.357512
v -15.794524 13.200531 -2.406582
v -15.794524 13.832937 -2.406582
v -15.745453 13.832937 -2.357512
v -15.745453 13.886266 -2.406582
v -15.745453 13.147202 -2.997764
v -15.794524 13.200531 -2.997764
v -15.745453 13.200531 -3.046834
v -15.745453 13.832937 -3.046834
v -15.794524 13.832937 -2.997764
v -15.745453 13.886266 -2.997764
v -6.724683 13.147202 -2.997764
v -6.724683 13.200531 -3.046834
v -6.675613 13.200531 -2.997764
v -6.675613 13.832937 -2.997764
v -6.724683 13.832937 -3.046834
v -6.724683 13.886266 -2.997764
v -11.626674 13.232600 -2.392469
v -11.626674 13.800867 -2.392469
v -11.626674 13.848787 -2.436562
v -11.626674 13.848787 -2.967785
v -11.626674 13.800867 -3.011878
v -11.626674 13.232600 -3.011878
v -11.626674 13.184680 -2.967785
v -11.626674 13.184680 -2.436562
v -15.543491 13.780068 4.049055
v -15.533592 14.139929 4.044592
v -15.875196 13.695711 -3.490430
v -15.865296 14.055573 -3.494891
v -14.450928 13.655762 -3.552644
v -14.441029 14.015621 -3.557106
v -14.119224 13.740117 3.986840
v -14.109324 14.099978 3.982379
v -8.408349 13.737155 -3.517162
v -8.418430 14.097034 -3.518671
v -9.047991 13.750802 4.002921
v -9.058073 14.110682 4.001410
v -10.468486 13.710507 3.882170
v -10.478566 14.070387 3.880659
v -9.828842 13.696859 -3.637913
v -9.838923 14.056740 -3.639423
v -14.082025 -0.215288 -3.032555
v -14.009302 -0.220437 -2.969998
v -14.081126 -0.291826 -2.974506
v -14.078964 0.698375 -2.895527
v -14.007452 0.626863 -2.902417
v -14.080175 0.632011 -2.964973
v -14.944561 -0.291085 -2.960160
v -15.016072 -0.219573 -2.953271
v -14.945460 -0.214548 -3.018209
v -14.943610 0.632751 -2.950627
v -15.014222 0.627727 -2.885689
v -14.942400 0.699116 -2.881181
v -13.954889 -0.685598 3.402547
v -13.953227 0.075767 3.463274
v -14.017486 0.140027 3.469465
v -14.793350 0.140693 3.482356
v -14.857889 0.076543 3.478305
v -14.859551 -0.684822 3.417578
v -14.795292 -0.749082 3.411387
v -14.019428 -0.749747 3.398495
v 9.012549 7.434668 -2.300167
v 8.954481 7.434371 -2.228471
v 8.954851 7.362673 -2.300128
v 8.949419 8.356007 -2.300412
v 8.949834 8.284350 -2.228714
v 9.007902 8.284648 -2.300410
v -1.724256 7.304283 -2.296788
v -1.724626 7.375980 -2.225131
v -1.782740 7.375642 -2.296790
v -1.787387 8.225622 -2.297033
v -1.729273 8.225961 -2.225373
v -1.729687 8.297617 -2.297072
v -1.724525 7.304035 -3.160343
v -1.783009 7.375394 -3.160345
v -1.724939 7.375691 -3.232040
v -1.729587 8.225672 -3.232283
v -1.787656 8.225374 -3.160588
v -1.729956 8.297369 -3.160626
v 8.954582 7.362425 -3.163683
v 8.954168 7.434081 -3.235380
v 9.012280 7.434420 -3.163722
v 9.007633 8.284399 -3.163965
v 8.949520 8.284061 -3.235623
v 8.949150 8.355759 -3.163967
v 3.151079 7.445729 -2.277730
v 3.146903 8.209502 -2.277948
v 3.146531 8.273891 -2.342374
v 3.146290 8.273669 -3.118346
v 3.146622 8.209243 -3.182735
v 3.150798 7.445469 -3.182517
v 3.151170 7.381080 -3.118091
v 3.151412 7.381303 -2.342119
v 11.115028 13.200531 -3.457238
v 11.065959 13.200531 -3.408168
v 11.065959 13.147202 -3.457238
v 11.065959 13.886266 -3.457238
v 11.065959 13.832937 -3.408168
v 11.115028 13.832937 -3.457238
v 2.045189 13.147202 -3.457238
v 2.045189 13.200531 -3.408168
v 1.996118 13.200531 -3.457238
v 1.996118 13.832937 -3.457238
v 2.045189 13.832937 -3.408168
v 2.045189 13.886266 -3.457238
v 2.045189 13.147202 -4.048419
v 1.996118 13.200531 -4.048419
v 2.045189 13.200531 -4.097489
v 2.045189 13.832937 -4.097489
v 1.996118 13.832937 -4.048419
v 2.045189 13.886266 -4.048419
v 11.065959 13.147202 -4.048419
v 11.065959 13.200531 -4.097489
v 11.115028 13.200531 -4.048419
v 11.115028 13.832937 -4.048419
v 11.065959 13.832937 -4.097489
v 11.065959 13.886266 -4.048419
v 6.163968 13.232600 -3.443124
v 6.163968 13.800867 -3.443124
v 6.163968 13.848787 -3.487217
v 6.163968 13.848787 -4.018440
v 6.163968 13.800867 -4.062533
v 6.163968 13.232600 -4.062533
v 6.163968 13.184680 -4.018440
v 6.163968 13.184680 -3.487217
v -4.638497 14.010388 -3.857960
v -4.628236 13.650514 -3.859216
v -4.988623 13.974074 3.681076
v -4.978360 13.614198 3.679818
v -3.564551 14.014448 3.747406
v -3.554290 13.654572 3.746149
v -3.214428 14.050764 -3.791630
v -3.204166 13.690887 -3.792887
v -1.423367 13.993214 3.402930
v -1.433626 13.626398 3.402933
v -1.749944 14.002280 -4.282768
v -1.760205 13.635463 -4.282765
v -3.201726 14.042882 -4.221032
v -3.211985 13.676066 -4.221028
v -2.875147 14.033817 3.464667
v -2.885406 13.667001 3.464671
v 2.246055 13.200531 2.513809
v 2.203228 13.200531 2.568413
v 2.197339 13.147202 2.519697
v 2.197339 13.886266 2.519697
v 2.203228 13.832937 2.568413
v 2.246055 13.832937 2.513809
v -6.758253 13.147202 3.602123
v -6.752365 13.200531 3.650838
v -6.806970 13.200531 3.608011
v -6.806970 13.832937 3.608011
v -6.752365 13.832937 3.650838
v -6.758253 13.886266 3.602123
v -6.829190 13.147202 3.015212
v -6.877907 13.200531 3.021100
v -6.835078 13.200531 2.966498
v -6.835078 13.832937 2.966498
v -6.877907 13.832937 3.021100
v -6.829190 13.886266 3.015212
v 2.126402 13.147202 1.932787
v 2.120514 13.200531 1.884072
v 2.175117 13.200531 1.926899
v 2.175117 13.832937 1.926899
v 2.120514 13.832937 1.884072
v 2.126402 13.886266 1.932787
v -2.667539 13.232600 3.121912
v -2.667539 13.800867 3.121912
v -2.672830 13.848787 3.078137
v -2.736573 13.848787 2.550752
v -2.741864 13.800867 2.506978
v -2.741864 13.232600 2.506978
v -2.736573 13.184680 2.550752
v -2.672830 13.184680 3.078137
v 0.727019 14.010388 -4.270426
v 0.737281 13.650514 -4.271682
v 0.376894 13.974074 3.268611
v 0.387157 13.614198 3.267353
v 1.800965 14.014448 3.334941
v 1.811227 13.654572 3.333684
v 2.151089 14.050764 -4.204095
v 2.161351 13.690887 -4.205353
v -14.869761 1.439716 3.743404
v -14.869761 1.505244 3.808931
v -14.935288 1.505244 3.743404
v -14.027174 1.505244 3.743404
v -14.092702 1.505244 3.808931
v -14.092702 1.439716 3.743404
v -14.935288 13.551474 3.743404
v -14.869761 13.551474 3.808931
v -14.869761 13.617002 3.743404
v -14.092702 13.617002 3.743404
v -14.092702 13.551474 3.808931
v -14.027174 13.551474 3.743404
v -14.935288 13.551474 2.953946
v -14.869761 13.617002 2.953946
v -14.869761 13.551474 2.888420
v -14.092702 13.551474 2.888420
v -14.092702 13.617002 2.953946
v -14.027174 13.551474 2.953946
v -14.935288 1.505244 2.953946
v -14.869761 1.505244 2.888420
v -14.869761 1.439716 2.953946
v -14.092702 1.439716 2.953946
v -14.092702 1.505244 2.888420
v -14.027174 1.505244 2.953946
v -14.830356 8.051304 3.762251
v -14.132108 8.051304 3.762251
v -14.073225 8.051304 3.703370
v -14.073225 8.051304 2.993981
v -14.132108 8.051304 2.935099
v -14.830356 8.051304 2.935099
v -14.889237 8.051304 2.993981
v -14.889237 8.051304 3.703370
v -15.013914 -12.847853 3.944742
v -15.013914 -12.749481 4.043115
v -15.112287 -12.749481 3.944742
v -13.748995 -12.749481 3.944742
v -13.847366 -12.749481 4.043115
v -13.847366 -12.847853 3.944742
v -15.112287 5.334734 3.944742
v -15.013914 5.334734 4.043115
v -15.013914 5.433109 3.944742
v -13.847366 5.433109 3.944742
v -13.847366 5.334734 4.043115
v -13.748995 5.334734 3.944742
v -15.112287 5.334734 2.759582
v -15.013914 5.433109 2.759582
v -15.013914 5.334734 2.661211
v -13.847366 5.334734 2.661211
v -13.847366 5.433109 2.759582
v -13.748995 5.334734 2.759582
v -15.112287 -12.749481 2.759582
v -15.013914 -12.749481 2.661211
v -15.013914 -12.847853 2.759582
v -13.847366 -12.847853 2.759582
v -13.847366 -12.749481 2.661211
v -13.748995 -12.749481 2.759582
v -14.954759 -2.922310 3.973037
v -13.906524 -2.922310 3.973037
v -13.818128 -2.922310 3.884641
v -13.818128 -2.922310 2.819682
v -13.906524 -2.922310 2.731287
v -14.954759 -2.922310 2.731287
v -15.043153 -2.922310 2.819682
v -15.043153 -2.922310 3.884641
v -14.916839 -4.271643 3.809157
v -14.916839 -4.195389 3.885411
v -14.993093 -4.195389 3.809157
v -13.936326 -4.195389 3.809157
v -14.012580 -4.195389 3.885411
v -14.012580 -4.271643 3.809157
v -14.993093 9.822737 3.809157
v -14.916839 9.822737 3.885411
v -14.916839 9.898993 3.809157
v -14.012580 9.898993 3.809157
v -14.012580 9.822737 3.885411
v -13.936326 9.822737 3.809157
v -14.993093 9.822737 2.890471
v -14.916839 9.898993 2.890471
v -14.916839 9.822737 2.814218
v -14.012580 9.822737 2.814218
v -14.012580 9.898993 2.890471
v -13.936326 9.822737 2.890471
v -14.993093 -4.195389 2.890471
v -14.916839 -4.195389 2.814218
v -14.916839 -4.271643 2.890471
v -14.012580 -4.271643 2.890471
v -14.012580 -4.195389 2.814218
v -13.936326 -4.195389 2.890471
v -14.870983 3.422222 3.831090
v -14.058436 3.422222 3.831090
v -13.989915 3.422222 3.762570
v -13.989915 3.422222 2.937058
v -14.058436 3.422222 2.868538
v -14.870983 3.422222 2.868538
v -14.939504 3.422222 2.937058
v -14.939504 3.422222 3.762570
v -15.307542 -5.107203 4.166849
v -15.172937 -5.107203 4.301454
v -15.172937 -4.972593 4.166849
v -13.576725 -4.972593 4.166849
v -13.576725 -5.107203 4.301454
v -13.442121 -5.107203 4.166849
v -15.307542 -5.107203 2.545168
v -15.172937 -4.972593 2.545168
v -15.172937 -5.107203 2.410565
v -13.576725 -5.107203 2.410565
v -13.576725 -4.972593 2.545168
v -13.442121 -5.107203 2.545168
v -15.091993 -16.405493 4.205564
v -13.657671 -16.405493 4.205564
v -13.536716 -16.405493 4.084612
v -13.536716 -16.405493 2.627405
v -13.657671 -16.405493 2.506453
v -15.091993 -16.405493 2.506453
v -15.212946 -16.405493 2.627405
v -15.212946 -16.405493 4.084612
v -15.235629 -0.147257 4.085047
v -15.114368 -0.147257 4.206307
v -15.114368 -0.025993 4.085047
v -13.676403 -0.025993 4.085047
v -13.676403 -0.147257 4.206307
v -13.555142 -0.147257 4.085047
v -15.235629 -0.147257 2.624137
v -15.114368 -0.025993 2.624137
v -15.114368 -0.147257 2.502878
v -13.676403 -0.147257 2.502878
v -13.676403 -0.025993 2.624137
v -13.555142 -0.147257 2.624137
v -15.041450 -10.325455 4.119925
v -13.749324 -10.325455 4.119925
v -13.640361 -10.325455 4.010962
v -13.640361 -10.325455 2.698221
v -13.749324 -10.325455 2.589259
v -15.041450 -10.325455 2.589259
v -15.150411 -10.325455 2.698221
v -15.150411 -10.325455 4.010962
v -14.318106 1.439716 -2.300067
v -14.252617 1.505244 -2.302320
v -14.315853 1.505244 -2.234578
v -14.347083 1.505244 -3.142155
v -14.279341 1.505244 -3.078919
v -14.344830 1.439716 -3.076666
v -14.315853 13.551474 -2.234578
v -14.252617 13.551474 -2.302320
v -14.318106 13.617002 -2.300067
v -14.344830 13.617002 -3.076666
v -14.279341 13.551474 -3.078919
v -14.347083 13.551474 -3.142155
v -15.104843 13.551474 -2.207428
v -15.107097 13.617002 -2.272917
v -15.172585 13.551474 -2.270664
v -15.199307 13.551474 -3.047263
v -15.133820 13.617002 -3.049516
v -15.136073 13.551474 -3.115005
v -15.104843 1.505244 -2.207428
v -15.172585 1.505244 -2.270664
v -15.107097 1.439716 -2.272917
v -15.133820 1.439716 -3.049516
v -15.199307 1.505244 -3.047263
v -15.136073 1.505244 -3.115005
v -14.300625 8.051304 -2.340096
v -14.324638 8.051304 -3.037932
v -14.385509 8.051304 -3.094754
v -15.094479 8.051304 -3.070358
v -15.151300 8.051304 -3.009486
v -15.127288 8.051304 -2.311651
v -15.066416 8.051304 -2.254829
v -14.357447 8.051304 -2.279225
v -14.111930 -12.847853 -2.162923
v -14.013616 -12.749481 -2.166306
v -14.108547 -12.749481 -2.064609
v -14.155430 -12.749481 -3.427094
v -14.053733 -12.749481 -3.332163
v -14.152047 -12.847853 -3.328780
v -14.108547 5.334734 -2.064609
v -14.013616 5.334734 -2.166306
v -14.111930 5.433109 -2.162923
v -14.152047 5.433109 -3.328780
v -14.053733 5.334734 -3.332163
v -14.155430 5.334734 -3.427094
v -15.293006 5.334734 -2.023851
v -15.296389 5.433109 -2.122165
v -15.394701 5.334734 -2.118782
v -15.434819 5.334734 -3.284639
v -15.336506 5.433109 -3.288022
v -15.339890 5.334734 -3.386336
v -15.293006 -12.749481 -2.023851
v -15.394701 -12.749481 -2.118782
v -15.296389 -12.847853 -2.122165
v -15.336506 -12.847853 -3.288022
v -15.434819 -12.749481 -3.284639
v -15.339890 -12.749481 -3.386336
v -14.085686 -2.922310 -2.223017
v -14.121735 -2.922310 -3.270631
v -14.213118 -2.922310 -3.355935
v -15.277447 -2.922310 -3.319311
v -15.362749 -2.922310 -3.227927
v -15.326700 -2.922310 -2.180313
v -15.235318 -2.922310 -2.095010
v -14.170989 -2.922310 -2.131634
v -14.250772 -4.271643 -2.255278
v -14.174564 -4.195389 -2.257900
v -14.248150 -4.195389 -2.179069
v -14.284492 -4.195389 -3.235211
v -14.205662 -4.195389 -3.161624
v -14.281870 -4.271643 -3.159002
v -14.248150 9.822737 -2.179069
v -14.174564 9.822737 -2.257900
v -14.250772 9.898993 -2.255278
v -14.281870 9.898993 -3.159002
v -14.205662 9.822737 -3.161624
v -14.284492 9.822737 -3.235211
v -15.166294 9.822737 -2.147475
v -15.168916 9.898993 -2.223684
v -15.245124 9.822737 -2.221062
v -15.276221 9.822737 -3.124786
v -15.200013 9.898993 -3.127408
v -15.202636 9.822737 -3.203617
v -15.166294 -4.195389 -2.147475
v -15.245124 -4.195389 -2.221062
v -15.168916 -4.271643 -2.223684
v -15.200013 -4.271643 -3.127408
v -15.276221 -4.195389 -3.124786
v -15.202636 -4.195389 -3.203617
v -14.230431 3.422222 -2.301860
v -14.258373 3.422222 -3.113927
v -14.329209 3.422222 -3.180051
v -15.154233 3.422222 -3.151662
v -15.220356 3.422222 -3.080825
v -15.192412 3.422222 -2.268758
v -15.121576 3.422222 -2.202635
v -14.296553 3.422222 -2.231024
v -13.879856 -5.107203 -1.877107
v -13.749960 -5.107203 -2.016261
v -13.884485 -4.972593 -2.011632
v -13.939379 -4.972593 -3.606900
v -13.804853 -5.107203 -3.611529
v -13.944008 -5.107203 -3.741425
v -15.500578 -5.107203 -1.821337
v -15.505207 -4.972593 -1.955862
v -15.639730 -5.107203 -1.951233
v -15.694624 -5.107203 -3.546501
v -15.560101 -4.972593 -3.551130
v -15.564730 -5.107203 -3.685655
v -13.848576 -16.405493 -2.093860
v -13.897903 -16.405493 -3.527333
v -14.022943 -16.405493 -3.644056
v -15.479288 -16.405493 -3.593943
v -15.596009 -16.405493 -3.468900
v -15.546683 -16.405493 -2.035427
v -15.421642 -16.405493 -1.918706
v -13.965298 -16.405493 -1.968819
v -13.964083 -0.147257 -1.946164
v -13.847065 -0.147257 -2.071523
v -13.968253 -0.025993 -2.067353
v -14.017705 -0.025993 -3.504468
v -13.896517 -0.147257 -3.508638
v -14.021875 -0.147257 -3.625657
v -15.424129 -0.147257 -1.895923
v -15.428299 -0.025993 -2.017112
v -15.549486 -0.147257 -2.012942
v -15.598938 -0.147257 -3.450057
v -15.477751 -0.025993 -3.454227
v -15.481921 -0.147257 -3.575416
v -13.935904 -10.325455 -2.141428
v -13.980340 -10.325455 -3.432790
v -14.092985 -10.325455 -3.537941
v -15.404950 -10.325455 -3.492796
v -15.510099 -10.325455 -3.380150
v -15.465664 -10.325455 -2.088789
v -15.353020 -10.325455 -1.983639
v -14.041054 -10.325455 -2.028784
v -8.341480 1.439716 3.743404
v -8.341480 1.505244 3.808931
v -8.407007 1.505244 3.743404
v -7.498894 1.505244 3.743404
v -7.564421 1.505244 3.808931
v -7.564421 1.439716 3.743404
v -8.407007 13.551474 3.743404
v -8.341480 13.551474 3.808931
v -8.341480 13.617002 3.743404
v -7.564421 13.617002 3.743404
v -7.564421 13.551474 3.808931
v -7.498894 13.551474 3.743404
v -8.407007 13.551474 2.953946
v -8.341480 13.617002 2.953946
v -8.341480 13.551474 2.888420
v -7.564421 13.551474 2.888420
v -7.564421 13.617002 2.953946
v -7.498894 13.551474 2.953946
v -8.407007 1.505244 2.953946
v -8.341480 1.505244 2.888420
v -8.341480 1.439716 2.953946
v -7.564421 1.439716 2.953946
v -7.564421 1.505244 2.888420
v -7.498894 1.505244 2.953946
v -8.302075 8.051304 3.762251
v -7.603827 8.051304 3.762251
v -7.544945 8.051304 3.703370
v -7.544945 8.051304 2.993981
v -7.603827 8.051304 2.935099
v -8.302075 8.051304 2.935099
v -8.360956 8.051304 2.993981
v -8.360956 8.051304 3.703370
v -8.485634 -12.847853 3.944742
v -8.485634 -12.749481 4.043115
v -8.584005 -12.749481 3.944742
v -7.220714 -12.749481 3.944742
v -7.319086 -12.749481 4.043115
v -7.319086 -12.847853 3.944742
v -8.584005 5.334734 3.944742
v -8.485634 5.334734 4.043115
v -8.485634 5.433109 3.944742
v -7.319086 5.433109 3.944742
v -7.319086 5.334734 4.043115
v -7.220714 5.334734 3.944742
v -8.584005 5.334734 2.759582
v -8.485634 5.433109 2.759582
v -8.485634 5.334734 2.661211
v -7.319086 5.334734 2.661211
v -7.319086 5.433109 2.759582
v -7.220714 5.334734 2.759582
v -8.584005 -12.749481 2.759582
v -8.485634 -12.749481 2.661211
v -8.485634 -12.847853 2.759582
v -7.319086 -12.847853 2.759582
v -7.319086 -12.749481 2.661211
v -7.220714 -12.749481 2.759582
v -8.426477 -2.922310 3.973037
v -7.378243 -2.922310 3.973037
v -7.289847 -2.922310 3.884641
v -7.289847 -2.922310 2.819682
v -7.378243 -2.922310 2.731287
v -8.426477 -2.922310 2.731287
v -8.514873 -2.922310 2.819682
v -8.514873 -2.922310 3.884641
v -8.388557 -4.271643 3.809157
v -8.388557 -4.195389 3.885411
v -8.464811 -4.195389 3.809157
v -7.408045 -4.195389 3.809157
v -7.484299 -4.195389 3.885411
v -7.484299 -4.271643 3.809157
v -8.464811 9.822737 3.809157
v -8.388557 9.822737 3.885411
v -8.388557 9.898993 3.809157
v -7.484299 9.898993 3.809157
v -7.484299 9.822737 3.885411
v -7.408045 9.822737 3.809157
v -8.464811 9.822737 2.890471
v -8.388557 9.898993 2.890471
v -8.388557 9.822737 2.814218
v -7.484299 9.822737 2.814218
v -7.484299 9.898993 2.890471
v -7.408045 9.822737 2.890471
v -8.464811 -4.195389 2.890471
v -8.388557 -4.195389 2.814218
v -8.388557 -4.271643 2.890471
v -7.484299 -4.271643 2.890471
v -7.484299 -4.195389 2.814218
v -7.408045 -4.195389 2.890471
v -8.342703 3.422222 3.831090
v -7.530155 3.422222 3.831090
v -7.461634 3.422222 3.762570
v -7.461634 3.422222 2.937058
v -7.530155 3.422222 2.868538
v -8.342703 3.422222 2.868538
v -8.411222 3.422222 2.937058
v -8.411222 3.422222 3.762570
v -8.779261 -5.107203 4.166849
v -8.644656 -5.107203 4.301454
v -8.644656 -4.972593 4.166849
v -7.048444 -4.972593 4.166849
v -7.048444 -5.107203 4.301454
v -6.913839 -5.107203 4.166849
v -8.779261 -5.107203 2.545168
v -8.644656 -4.972593 2.545168
v -8.644656 -5.107203 2.410565
v -7.048444 -5.107203 2.410565
v -7.048444 -4.972593 2.545168
v -6.913839 -5.107203 2.545168
v -8.563712 -16.405493 4.205564
v -7.129390 -16.405493 4.205564
v -7.008436 -16.405493 4.084612
v -7.008436 -16.405493 2.627405
v -7.129390 -16.405493 2.506453
v -8.563712 -16.405493 2.506453
v -8.684665 -16.405493 2.627405
v -8.684665 -16.405493 4.084612
v -8.707348 -0.147257 4.085047
v -8.586088 -0.147257 4.206307
v -8.586088 -0.025993 4.085047
v -7.148122 -0.025993 4.085047
v -7.148122 -0.147257 4.206307
v -7.026862 -0.147257 4.085047
v -8.707348 -0.147257 2.624137
v -8.586088 -0.025993 2.624137
v -8.586088 -0.147257 2.502878
v -7.148122 -0.147257 2.502878
v -7.148122 -0.025993 2.624137
v -7.026862 -0.147257 2.624137
v -8.513168 -10.325455 4.119925
v -7.221043 -10.325455 4.119925
v -7.112080 -10.325455 4.010962
v -7.112080 -10.325455 2.698221
v -7.221043 -10.325455 2.589259
v -8.513168 -10.325455 2.589259
v -8.622129 -10.325455 2.698221
v -8.622129 -10.325455 4.010962
v -7.789826 1.439716 -2.300067
v -7.724337 1.505244 -2.302320
v -7.787572 1.505244 -2.234578
v -7.818803 1.505244 -3.142155
v -7.751060 1.505244 -3.078919
v -7.816549 1.439716 -3.076666
v -7.787572 13.551474 -2.234578
v -7.724337 13.551474 -2.302320
v -7.789826 13.617002 -2.300067
v -7.816549 13.617002 -3.076666
v -7.751060 13.551474 -3.078919
v -7.818803 13.551474 -3.142155
v -8.576563 13.551474 -2.207428
v -8.578816 13.617002 -2.272917
v -8.644304 13.551474 -2.270664
v -8.671027 13.551474 -3.047263
v -8.605539 13.617002 -3.049516
v -8.607793 13.551474 -3.115005
v -8.576563 1.505244 -2.207428
v -8.644304 1.505244 -2.270664
v -8.578816 1.439716 -2.272917
v -8.605539 1.439716 -3.049516
v -8.671027 1.505244 -3.047263
v -8.607793 1.505244 -3.115005
v -7.772345 8.051304 -2.340096
v -7.796358 8.051304 -3.037932
v -7.857229 8.051304 -3.094754
v -8.566198 8.051304 -3.070358
v -8.623020 8.051304 -3.009486
v -8.599008 8.051304 -2.311651
v -8.538136 8.051304 -2.254829
v -7.829166 8.051304 -2.279225
v -7.583650 -12.847853 -2.162923
v -7.485335 -12.749481 -2.166306
v -7.580266 -12.749481 -2.064609
v -7.627150 -12.749481 -3.427094
v -7.525453 -12.749481 -3.332163
v -7.623767 -12.847853 -3.328780
v -7.580266 5.334734 -2.064609
v -7.485335 5.334734 -2.166306
v -7.583650 5.433109 -2.162923
v -7.623767 5.433109 -3.328780
v -7.525453 5.334734 -3.332163
v -7.627150 5.334734 -3.427094
v -8.764726 5.334734 -2.023851
v -8.768108 5.433109 -2.122165
v -8.866421 5.334734 -2.118782
v -8.906539 5.334734 -3.284639
v -8.808226 5.433109 -3.288022
v -8.811609 5.334734 -3.386336
v -8.764726 -12.749481 -2.023851
v -8.866421 -12.749481 -2.118782
v -8.768108 -12.847853 -2.122165
v -8.808226 -12.847853 -3.288022
v -8.906539 -12.749481 -3.284639
v -8.811609 -12.749481 -3.386336
v -7.557406 -2.922310 -2.223017
v -7.593455 -2.922310 -3.270631
v -7.684837 -2.922310 -3.355935
v -8.749166 -2.922310 -3.319311
v -8.834469 -2.922310 -3.227927
v -8.798420 -2.922310 -2.180313
v -8.707038 -2.922310 -2.095010
v -7.642709 -2.922310 -2.131634
v -7.722493 -4.271643 -2.255278
v -7.646284 -4.195389 -2.257900
v -7.719870 -4.195389 -2.179069
v -7.756213 -4.195389 -3.235211
v -7.677381 -4.195389 -3.161624
v -7.753590 -4.271643 -3.159002
v -7.719870 9.822737 -2.179069
v -7.646284 9.822737 -2.257900
v -7.722493 9.898993 -2.255278
v -7.753590 9.898993 -3.159002
v -7.677381 9.822737 -3.161624
v -7.756213 9.822737 -3.235211
v -8.638014 9.822737 -2.147475
v -8.640635 9.898993 -2.223684
v -8.716844 9.822737 -2.221062
v -8.747941 9.822737 -3.124786
v -8.671733 9.898993 -3.127408
v -8.674356 9.822737 -3.203617
v -8.638014 -4.195389 -2.147475
v -8.716844 -4.195389 -2.221062
v -8.640635 -4.271643 -2.223684
v -8.671733 -4.271643 -3.127408
v -8.747941 -4.195389 -3.124786
v -8.674356 -4.195389 -3.203617
v -7.702150 3.422222 -2.301860
v -7.730093 3.422222 -3.113927
v -7.800929 3.422222 -3.180051
v -8.625953 3.422222 -3.151662
v -8.692076 3.422222 -3.080825
v -8.664132 3.422222 -2.268758
v -8.593296 3.422222 -2.202635
v -7.768272 3.422222 -2.231024
v -7.351576 -5.107203 -1.877107
v -7.221680 -5.107203 -2.016261
v -7.356205 -4.972593 -2.011632
v -7.411098 -4.972593 -3.606900
v -7.276574 -5.107203 -3.611529
v -7.415728 -5.107203 -3.741425
v -8.972298 -5.107203 -1.821337
v -8.976927 -4.972593 -1.955862
v -9.111450 -5.107203 -1.951233
v -9.166344 -5.107203 -3.546501
v -9.031820 -4.972593 -3.551130
v -9.036449 -5.107203 -3.685655
v -7.320296 -16.405493 -2.093860
v -7.369623 -16.405493 -3.527333
v -7.494663 -16.405493 -3.644056
v -8.951008 -16.405493 -3.593943
v -9.067729 -16.405493 -3.468900
v -9.018403 -16.405493 -2.035427
v -8.893362 -16.405493 -1.918706
v -7.437017 -16.405493 -1.968819
v -7.435802 -0.147257 -1.946164
v -7.318784 -0.147257 -2.071523
v -7.439973 -0.025993 -2.067353
v -7.489425 -0.025993 -3.504468
v -7.368236 -0.147257 -3.508638
v -7.493595 -0.147257 -3.625657
v -8.895849 -0.147257 -1.895923
v -8.900019 -0.025993 -2.017112
v -9.021206 -0.147257 -2.012942
v -9.070658 -0.147257 -3.450057
v -8.949471 -0.025993 -3.454227
v -8.953641 -0.147257 -3.575416
v -7.407624 -10.325455 -2.141428
v -7.452060 -10.325455 -3.432790
v -7.564704 -10.325455 -3.537941
v -8.876670 -10.325455 -3.492796
v -8.981819 -10.325455 -3.380150
v -8.937384 -10.325455 -2.088789
v -8.824739 -10.325455 -1.983639
v -7.512774 -10.325455 -2.028784
v 4.215984 14.015464 -4.733842
v 4.226614 13.642688 -4.735143
v 3.853308 13.977848 3.075450
v 3.863939 13.605070 3.074148
v 5.328428 14.019669 3.144159
v 5.339058 13.646893 3.142856
v 5.691103 14.057286 -4.665134
v 5.701733 13.684509 -4.666436
v 7.390446 13.985593 2.821594
v 7.380816 13.641249 2.821596
v 7.083875 13.994103 -4.393271
v 7.074244 13.649758 -4.393269
v 5.721031 14.032219 -4.335318
v 5.711401 13.687874 -4.335314
v 6.027604 14.023709 2.879549
v 6.017973 13.679363 2.879552
v 9.611467 14.010388 -4.270426
v 9.621729 13.650514 -4.271682
v 9.261342 13.974074 3.268611
v 9.271605 13.614198 3.267353
v 10.685413 14.014448 3.334941
v 10.695675 13.654572 3.333684
v 11.035538 14.050764 -4.204095
v 11.045799 13.690887 -4.205353
v 11.115028 13.200531 2.485769
v 11.065959 13.200531 2.534839
v 11.065959 13.147202 2.485769
v 11.065959 13.886266 2.485769
v 11.065959 13.832937 2.534839
v 11.115028 13.832937 2.485769
v 2.045189 13.147202 2.485769
v 2.045189 13.200531 2.534839
v 1.996118 13.200531 2.485769
v 1.996118 13.832937 2.485769
v 2.045189 13.832937 2.534839
v 2.045189 13.886266 2.485769
v 2.045189 13.147202 1.894587
v 1.996118 13.200531 1.894587
v 2.045189 13.200531 1.845517
v 2.045189 13.832937 1.845517
v 1.996118 13.832937 1.894587
v 2.045189 13.886266 1.894587
v 11.065959 13.147202 1.894587
v 11.065959 13.200531 1.845517
v 11.115028 13.200531 1.894587
v 11.115028 13.832937 1.894587
v 11.065959 13.832937 1.845517
v 11.065959 13.886266 1.894587
v 6.163968 13.232600 2.499882
v 6.163968 13.800867 2.499882
v 6.163968 13.848787 2.455789
v 6.163968 13.848787 1.924566
v 6.163968 13.800867 1.880473
v 6.163968 13.232600 1.880473
v 6.163968 13.184680 1.924566
v 6.163968 13.184680 2.455789
v -0.135538 13.746085 -4.089589
v -0.145036 14.081554 -4.089322
v 0.510216 13.758806 2.916023
v 0.500717 14.094276 2.916290
v -0.813086 13.721245 3.038069
v -0.822584 14.056714 3.038335
v -1.458839 13.708523 -3.967543
v -1.468337 14.043993 -3.967278
v -6.216913 13.784385 3.755131
v -6.207427 14.129338 3.750330
v -6.921041 13.703562 -3.444831
v -6.911553 14.048516 -3.449631
v -5.560913 13.664316 -3.577406
v -5.551427 14.009270 -3.582206
v -4.856787 13.745138 3.622556
v -4.847301 14.090093 3.617757
v 2.245614 13.200531 -3.606752
v 2.203223 13.200531 -3.551809
v 2.196947 13.147202 -3.600476
v 2.196947 13.886266 -3.600476
v 2.203223 13.832937 -3.551809
v 2.245614 13.832937 -3.606752
v -6.749724 13.147202 -2.446633
v -6.743447 13.200531 -2.397966
v -6.798392 13.200531 -2.440356
v -6.798392 13.832937 -2.440356
v -6.743447 13.832937 -2.397966
v -6.749724 13.886266 -2.446633
v -6.825342 13.147202 -3.032959
v -6.874010 13.200531 -3.026682
v -6.831618 13.200531 -3.081625
v -6.831618 13.832937 -3.081625
v -6.874010 13.832937 -3.026682
v -6.825342 13.886266 -3.032959
v 2.121329 13.147202 -4.186802
v 2.115052 13.200531 -4.235468
v 2.169996 13.200531 -4.193078
v 2.169996 13.832937 -4.193078
v 2.115052 13.832937 -4.235468
v 2.121329 13.886266 -4.186802
v -2.662972 13.232600 -2.959466
v -2.662972 13.800867 -2.959466
v -2.668612 13.848787 -3.003197
v -2.736561 13.848787 -3.530057
v -2.742201 13.800867 -3.573788
v -2.742201 13.232600 -3.573788
v -2.736561 13.184680 -3.530057
v -2.668612 13.184680 -3.003197
v 9.653867 -0.215288 -3.663692
v 9.726589 -0.220437 -3.601136
v 9.654765 -0.291826 -3.605644
v 9.656927 0.698375 -3.526664
v 9.728439 0.626863 -3.533554
v 9.655716 0.632011 -3.596111
v 8.791330 -0.291085 -3.591298
v 8.719819 -0.219573 -3.584408
v 8.790431 -0.214548 -3.649346
v 8.792281 0.632751 -3.581764
v 8.721669 0.627727 -3.516826
v 8.793491 0.699116 -3.512318
v 9.781002 -0.685598 2.771409
v 9.782664 0.075767 2.832137
v 9.718406 0.140027 2.838328
v 8.942541 0.140693 2.851219
v 8.878002 0.076543 2.847168
v 8.876340 -0.684822 2.786440
v 8.940599 -0.749082 2.780249
v 9.716463 -0.749747 2.767358
v 9.462405 7.404057 -3.742346
v 9.535136 7.404467 -3.679588
v 9.463415 7.332853 -3.677867
v 9.464146 8.326174 -3.685215
v 9.535761 8.254436 -3.685875
v 9.463030 8.254025 -3.748633
v 8.599980 7.333593 -3.663521
v 8.528366 7.405331 -3.662860
v 8.598969 7.404797 -3.728000
v 8.599594 8.254766 -3.734287
v 8.528991 8.255301 -3.669148
v 8.600710 8.326914 -3.670869
v 9.590297 7.494791 2.709266
v 9.590858 8.258554 2.703617
v 9.526506 8.323017 2.704210
v 8.750642 8.323683 2.717101
v 8.686195 8.259331 2.718648
v 8.685635 7.495567 2.724298
v 8.749986 7.431106 2.723704
v 9.525850 7.430440 2.710813
v 1.534163 -0.221328 -2.956874
v 1.606865 -0.226373 -2.895618
v 1.535041 -0.297762 -2.900126
v 1.537203 0.692440 -2.821146
v 1.608715 0.620928 -2.828036
v 1.536013 0.625972 -2.889292
v 0.671605 -0.297021 -2.885780
v 0.600095 -0.225509 -2.878891
v 0.670728 -0.220587 -2.942528
v 0.672578 0.626713 -2.874946
v 0.601944 0.621791 -2.811308
v 0.673767 0.693180 -2.806800
v 1.659127 -0.681160 3.346930
v 1.660789 0.080205 3.407657
v 1.596530 0.144465 3.413848
v 0.820666 0.145131 3.426739
v 0.756127 0.080981 3.422688
v 0.754465 -0.680384 3.361961
v 0.818723 -0.744643 3.355770
v 1.594588 -0.745309 3.342879
v 1.445003 7.076110 -2.959894
v 1.521096 7.079794 -2.907015
v 1.449960 7.008302 -2.896827
v 1.445569 7.999657 -2.959580
v 1.517339 7.928081 -2.960712
v 1.441246 7.924397 -3.013591
v 0.589102 7.008806 -2.828631
v 0.517332 7.080382 -2.827499
v 0.584145 7.076614 -2.891699
v 0.580388 7.924901 -2.945395
v 0.513575 7.928668 -2.881196
v 0.584711 8.000160 -2.891385
v 1.933481 7.495069 2.942208
v 1.930105 8.257321 2.893957
v 1.865613 8.321638 2.894974
v 1.092065 8.322091 2.956254
v 1.028143 8.257849 2.965409
v 1.031519 7.495597 3.013659
v 1.096011 7.431281 3.012643
v 1.869559 7.430828 2.951363
v 9.409784 12.924785 -3.958683
v 9.482514 12.924582 -3.895924
v 9.410783 12.852965 -3.894891
v 9.411671 13.846312 -3.892706
v 9.483274 13.774572 -3.894054
v 9.410544 13.774776 -3.956814
v 8.547347 12.853706 -3.880545
v 8.475744 12.925446 -3.879196
v 8.546349 12.925526 -3.944337
v 8.547109 13.775517 -3.942467
v 8.476504 13.775435 -3.877327
v 8.548236 13.847052 -3.878360
v 9.537632 12.953582 2.493503
v 9.538315 13.717365 2.495183
v 9.473974 13.781829 2.496395
v 8.698110 13.782495 2.509286
v 8.633653 13.718142 2.510215
v 8.632970 12.954358 2.508534
v 8.697311 12.889895 2.507323
v 9.473175 12.889230 2.494432
v -14.082064 12.924785 -3.020003
v -14.009334 12.924582 -2.957244
v -14.081065 12.852965 -2.956211
v -14.080177 13.846312 -2.954026
v -14.008574 13.774572 -2.955374
v -14.081304 13.774776 -3.018134
v -14.944501 12.853706 -2.941864
v -15.016104 12.925446 -2.940516
v -14.945499 12.925526 -3.005657
v -14.944739 13.775517 -3.003788
v -15.015344 13.775435 -2.938647
v -14.943612 13.847052 -2.939680
v -13.954216 12.953582 3.432184
v -13.953533 13.717365 3.433863
v -14.017874 13.781829 3.435075
v -14.793738 13.782495 3.447966
v -14.858195 13.718142 3.448895
v -14.858878 12.954358 3.447214
v -14.794537 12.889895 3.446003
v -14.018673 12.889230 3.433112
v -14.081872 6.850132 -2.998147
v -14.009140 6.853368 -2.935473
v -14.080808 6.781847 -2.930586
v -14.080808 7.773874 -2.981811
v -14.009140 7.702230 -2.979306
v -14.081872 7.698994 -3.041980
v -14.944243 6.782588 -2.916240
v -15.015910 6.854232 -2.918746
v -14.945308 6.850873 -2.983801
v -14.945308 7.699735 -3.027634
v -15.015910 7.703094 -2.962578
v -14.944243 7.774615 -2.967465
v -13.953907 7.225900 3.443149
v -13.953907 7.988669 3.403763
v -14.018307 8.053047 3.401511
v -14.794170 8.053713 3.414402
v -14.858569 7.989445 3.418794
v -14.858569 7.226676 3.458181
v -14.794170 7.162299 3.460432
v -14.018307 7.161633 3.447541
v 9.012549 -0.003527 2.899889
v 8.954481 -0.003823 2.971585
v 8.954851 -0.075521 2.899928
v 8.949419 0.917812 2.899644
v 8.949834 0.846156 2.971342
v 9.007902 0.846454 2.899646
v -1.724256 -0.133911 2.903268
v -1.724626 -0.062214 2.974925
v -1.782740 -0.062551 2.903266
v -1.787387 0.787428 2.903023
v -1.729273 0.787766 2.974683
v -1.729687 0.859423 2.902984
v -1.724525 -0.134159 2.039713
v -1.783009 -0.062800 2.039711
v -1.724939 -0.062503 1.968016
v -1.729587 0.787477 1.967773
v -1.787656 0.787180 2.039468
v -1.729956 0.859175 2.039429
v 8.954582 -0.075769 2.036373
v 8.954168 -0.004113 1.964675
v 9.012280 -0.003775 2.036334
v 9.007633 0.846205 2.036091
v 8.949520 0.845867 1.964433
v 8.949150 0.917564 2.036089
v 3.151079 0.007535 2.922326
v 3.146903 0.771308 2.922108
v 3.146531 0.835698 2.857682
v 3.146290 0.835475 2.081710
v 3.146622 0.771049 2.017321
v 3.150798 0.007275 2.017539
v 3.151170 -0.057114 2.081965
v 3.151412 -0.056890 2.857937
v -1.562574 0.024059 2.891874
v -1.626961 0.017172 2.969864
v -1.626419 -0.054429 2.898112
v -1.725734 0.933928 2.903396
v -1.711943 0.862894 2.974385
v -1.647557 0.869781 2.896395
v -14.680593 -1.372685 4.114974
v -14.681135 -1.301085 4.186726
v -14.758772 -1.308539 4.121975
v -14.843754 -0.462818 4.126496
v -14.766117 -0.455362 4.191247
v -14.779907 -0.384329 4.120258
v -14.760399 -1.376108 3.255121
v -14.838577 -1.311962 3.262122
v -14.774189 -1.305075 3.184133
v -14.859173 -0.459353 3.188655
v -14.923561 -0.466240 3.266644
v -14.859715 -0.387752 3.260405
v -1.706225 -0.057852 2.038260
v -1.720016 0.013182 1.967272
v -1.642381 0.020637 2.032022
v -1.727364 0.866358 2.036543
v -1.804998 0.858903 1.971793
v -1.805540 0.930505 2.043544
v -8.729778 -0.656499 3.580508
v -8.806142 0.103448 3.584570
v -8.818534 0.167278 3.520781
v -8.890246 0.164203 2.748136
v -8.889759 0.099862 2.683662
v -8.813396 -0.660085 2.679599
v -8.801003 -0.723914 2.743388
v -8.729291 -0.720839 3.516033
v 9.157603 6.993356 2.633072
v 9.119920 6.960651 2.687583
v 9.150349 6.919819 2.634030
v 8.691690 7.479908 2.652988
v 8.727452 7.439911 2.703805
v 8.765137 7.472615 2.649294
v 1.732625 0.830948 3.061670
v 1.702195 0.871779 3.115223
v 1.659178 0.838240 3.065364
v 1.266711 1.317499 3.081586
v 1.309728 1.351039 3.131445
v 1.273966 1.391037 3.080627
v 1.700503 0.825924 2.432959
v 1.627057 0.833216 2.436653
v 1.664741 0.865921 2.382142
v 1.272274 1.345181 2.398364
v 1.234589 1.312475 2.452875
v 1.241844 1.386013 2.451916
v 9.118227 6.914795 2.005319
v 9.082466 6.954793 1.954503
v 9.125482 6.988331 2.004361
v 8.733015 7.467591 2.020583
v 8.689999 7.434052 1.970725
v 8.659569 7.474884 2.024277
v 5.067241 3.675894 2.883615
v 4.714578 4.106546 2.898191
v 4.682443 4.142488 2.852528
v 4.653579 4.137973 2.287582
v 4.680923 4.101282 2.239461
v 5.033586 3.670630 2.224884
v 5.065721 3.634689 2.270547
v 5.094584 3.639204 2.835493
v 9.139344 6.994473 -3.258412
v 9.101043 6.961389 -3.207638
v 9.130289 6.923357 -3.258149
v 8.697910 7.451354 -3.240278
v 8.731063 7.413188 -3.192345
v 8.769364 7.446272 -3.243119
v 1.730149 0.853703 -2.972822
v 1.700902 0.891734 -2.922310
v 1.658694 0.858784 -2.969980
v 1.288714 1.310582 -2.954688
v 1.330922 1.343534 -2.907018
v 1.297770 1.381700 -2.954950
v 1.706623 0.854509 -3.565834
v 1.635168 0.859590 -3.562993
v 1.673470 0.892674 -3.613766
v 1.303491 1.344474 -3.598474
v 1.265188 1.311389 -3.547700
v 1.274244 1.382506 -3.547963
v 9.106763 6.924163 -3.851162
v 9.073610 6.962329 -3.899093
v 9.115818 6.995279 -3.851424
v 8.745838 7.447079 -3.836132
v 8.703630 7.414128 -3.883801
v 8.674384 7.452161 -3.833290
v 5.059568 3.686027 -3.086876
v 4.727112 4.092004 -3.073135
v 4.697322 4.126300 -3.116206
v 4.676182 4.127024 -3.649074
v 4.702463 4.092849 -3.694463
v 5.034919 3.686872 -3.708204
v 5.064708 3.652576 -3.665133
v 5.085848 3.651852 -3.132265
v 1.318988 13.292219 3.050011
v 1.361868 13.265107 3.097402
v 1.386948 13.306143 3.047334
v 1.012407 12.738382 3.061421
v 1.041379 12.779284 3.109456
v 0.998499 12.806396 3.062065
v 8.912175 8.334314 2.742031
v 8.887094 8.293280 2.792099
v 8.926085 8.266300 2.741387
v 8.605597 7.780477 2.753441
v 8.566607 7.807456 2.804153
v 8.537634 7.766554 2.756118
v 8.888731 8.335117 2.151071
v 8.902640 8.267103 2.150427
v 8.859758 8.294216 2.103037
v 8.539269 7.808393 2.115091
v 8.582151 7.781280 2.162481
v 8.514189 7.767357 2.165158
v 1.363503 13.306946 2.456374
v 1.334532 13.266045 2.408340
v 1.295543 13.293023 2.459051
v 0.975054 12.807199 2.471105
v 1.014042 12.780220 2.420394
v 0.988962 12.739185 2.470461
v 5.433525 10.538770 2.897165
v 5.145541 10.102219 2.907996
v 5.119507 10.065465 2.864834
v 5.098440 10.066187 2.333810
v 5.120976 10.103061 2.288820
v 5.408961 10.539612 2.277988
v 5.434995 10.576365 2.321151
v 5.456061 10.575644 2.852175
v 1.119785 13.541747 -3.077435
v 1.155448 13.513757 -3.024858
v 1.188861 13.548251 -3.074992
v 0.754037 13.025292 -3.058452
v 0.783376 13.066269 -3.010705
v 0.747713 13.094258 -3.063283
v 8.119337 7.806930 -2.406376
v 8.085924 7.772435 -2.356242
v 8.125662 7.737962 -2.401546
v 7.753590 7.290474 -2.387393
v 7.713853 7.324947 -2.342090
v 7.684513 7.283970 -2.389837
v 8.143873 7.767881 -2.996001
v 8.150198 7.698914 -2.991170
v 8.114533 7.726905 -3.043747
v 7.742462 7.279416 -3.029595
v 7.778126 7.251426 -2.977018
v 7.709049 7.244922 -2.979461
v 1.213396 13.509203 -3.664616
v 1.184057 13.468226 -3.712363
v 1.144321 13.502699 -3.667060
v 0.772249 13.055210 -3.652908
v 0.811985 13.020739 -3.698210
v 0.778573 12.986244 -3.648077
v 4.904132 10.368855 -2.695671
v 4.569797 9.966752 -2.682954
v 4.543432 9.929931 -2.725858
v 4.565479 9.894843 -3.255682
v 4.595504 9.925839 -3.300731
v 4.929839 10.327943 -3.313448
v 4.956203 10.364763 -3.270544
v 4.934156 10.399851 -2.740720
v 9.031804 -0.131083 -2.962552
v 8.976664 -0.132273 -2.888589
v 8.975347 -0.204018 -2.960188
v 8.953547 0.789092 -2.960467
v 8.958011 0.717515 -2.888827
v 9.013150 0.718704 -2.962790
v -1.692659 -0.438070 -2.529352
v -1.691341 -0.366326 -2.457753
v -1.752264 -0.367683 -2.527028
v -1.770918 0.482105 -2.527267
v -1.709995 0.483461 -2.457991
v -1.714459 0.555038 -2.529631
v -1.727484 -0.439076 -3.392204
v -1.787089 -0.368690 -3.389880
v -1.731947 -0.367499 -3.463842
v -1.750601 0.482288 -3.464081
v -1.805743 0.481098 -3.390119
v -1.749284 0.554032 -3.392482
v 8.940521 -0.205024 -3.823040
v 8.936058 -0.133447 -3.894679
v 8.996979 -0.132090 -3.825404
v 8.978325 0.717698 -3.825642
v 8.917404 0.716341 -3.894917
v 8.918722 0.788085 -3.823319
v 3.176541 -0.216427 -2.705500
v 3.159780 0.547174 -2.705714
v 3.155769 0.611492 -2.770087
v 3.124476 0.610588 -3.545427
v 3.123292 0.546120 -3.609765
v 3.140054 -0.217482 -3.609550
v 3.144065 -0.281799 -3.545177
v 3.175358 -0.280894 -2.769837
v -1.581368 -0.337443 -2.659284
v -1.650148 -0.337614 -2.584821
v -1.652920 -0.409195 -2.656543
v -1.653892 0.584152 -2.655153
v -1.650980 0.512377 -2.583632
v -1.582201 0.512548 -2.658095
v -14.819433 -0.422813 -2.134216
v -14.816662 -0.351233 -2.062494
v -14.891125 -0.351210 -2.131274
v -14.891958 0.498781 -2.130085
v -14.817493 0.498758 -2.061306
v -14.820404 0.570534 -2.132827
v -14.853664 -0.421640 -2.997091
v -14.925358 -0.350037 -2.994150
v -14.856577 -0.349865 -3.068611
v -14.857409 0.500126 -3.067423
v -14.926189 0.499955 -2.992961
v -14.854637 0.571707 -2.995702
v -1.687152 -0.408022 -3.519418
v -1.690063 -0.336246 -3.590938
v -1.615601 -0.336269 -3.522159
v -1.616433 0.513721 -3.520970
v -1.690896 0.513744 -3.589750
v -1.688124 0.585325 -3.518029
v -8.807050 -0.301843 -2.351944
v -8.807797 0.461942 -2.350875
v -8.810414 0.526438 -2.415143
v -8.841174 0.527493 -3.190504
v -8.843664 0.463171 -3.254951
v -8.842916 -0.300613 -3.256019
v -8.840301 -0.365108 -3.191752
v -8.809540 -0.366163 -2.416391
v -7.788593 -0.215288 -3.032555
v -7.715871 -0.220437 -2.969998
v -7.787695 -0.291826 -2.974506
v -7.785533 0.698375 -2.895527
v -7.714021 0.626863 -2.902417
v -7.786744 0.632011 -2.964973
v -8.651131 -0.291085 -2.960160
v -8.722641 -0.219573 -2.953271
v -8.652029 -0.214548 -3.018209
v -8.650179 0.632751 -2.950627
v -8.720791 0.627727 -2.885689
v -8.648968 0.699116 -2.881181
v -7.661458 -0.685598 3.402547
v -7.659796 0.075767 3.463274
v -7.724054 0.140027 3.469465
v -8.499918 0.140693 3.482356
v -8.564458 0.076543 3.478305
v -8.566120 -0.684822 3.417578
v -8.501862 -0.749082 3.411387
v -7.725997 -0.749747 3.398495
v -7.788441 6.850132 -2.998147
v -7.715709 6.853368 -2.935473
v -7.787377 6.781847 -2.930586
v -7.787377 7.773874 -2.981811
v -7.715709 7.702230 -2.979306
v -7.788441 7.698994 -3.041980
v -8.650812 6.782588 -2.916240
v -8.722479 6.854232 -2.918746
v -8.651876 6.850873 -2.983801
v -8.651876 7.699735 -3.027634
v -8.722479 7.703094 -2.962578
v -8.650812 7.774615 -2.967465
v -7.660476 7.225900 3.443149
v -7.660476 7.988669 3.403763
v -7.724875 8.053047 3.401511
v -8.500739 8.053713 3.414402
v -8.565138 7.989445 3.418794
v -8.565138 7.226676 3.458181
v -8.500739 7.162299 3.460432
v -7.724875 7.161633 3.447541
v -14.331748 6.681126 3.708817
v -14.292098 6.649661 3.756330
v -14.262669 6.687463 3.706085
v -14.697492 6.164504 3.722625
v -14.664169 6.202173 3.770483
v -14.703820 6.233638 3.722970
v -7.331312 0.915319 3.423255
v -7.360742 0.877518 3.473500
v -7.324983 0.846185 3.422909
v -7.697055 0.398697 3.437062
v -7.732814 0.430029 3.487652
v -7.766136 0.392361 3.439794
v -7.354757 0.916123 2.832295
v -7.348428 0.846989 2.831949
v -7.388079 0.878454 2.784437
v -7.760150 0.430966 2.798590
v -7.720500 0.399500 2.846102
v -7.789580 0.393164 2.848834
v -14.286113 6.688267 3.115125
v -14.319435 6.650598 3.067268
v -14.355193 6.681930 3.117858
v -14.727264 6.234442 3.132010
v -14.691506 6.203110 3.081421
v -14.720937 6.165308 3.131665
v -10.545774 3.490367 3.568412
v -10.880109 3.088264 3.581129
v -10.910051 3.054415 3.538124
v -10.931119 3.055137 3.007101
v -10.904674 3.089106 2.961952
v -10.570337 3.491209 2.949235
v -10.540395 3.525057 2.992239
v -10.519328 3.524335 3.523263
v -14.742450 6.681126 -2.109062
v -14.702800 6.649661 -2.061549
v -14.673370 6.687463 -2.111794
v -15.108193 6.164504 -2.095254
v -15.074871 6.202173 -2.047396
v -15.114522 6.233638 -2.094909
v -7.742014 0.915319 -2.394625
v -7.771444 0.877518 -2.344380
v -7.735685 0.846185 -2.394970
v -8.107757 0.398697 -2.380817
v -8.143516 0.430029 -2.330227
v -8.176838 0.392361 -2.378085
v -7.765459 0.916123 -2.985585
v -7.759130 0.846989 -2.985930
v -7.798780 0.878454 -3.033442
v -8.170853 0.430966 -3.019290
v -8.131201 0.399500 -2.971777
v -8.200282 0.393164 -2.969045
v -14.696815 6.688267 -2.702754
v -14.730137 6.650598 -2.750611
v -14.765895 6.681930 -2.700022
v -15.137966 6.234442 -2.685869
v -15.102208 6.203110 -2.736459
v -15.131639 6.165308 -2.686214
v -10.956475 3.490367 -2.249468
v -11.290811 3.088264 -2.236751
v -11.320753 3.054415 -2.279755
v -11.341821 3.055137 -2.810779
v -11.315375 3.089106 -2.855927
v -10.981039 3.491209 -2.868645
v -10.951097 3.525057 -2.825641
v -10.930030 3.524335 -2.294617
v -7.495091 12.992628 -2.284017
v -7.531085 12.961444 -2.233502
v -7.501940 12.923543 -2.283839
v -7.932822 13.449714 -2.266029
v -7.899785 13.411679 -2.218263
v -7.863791 13.442864 -2.268777
v -14.476472 7.202975 -2.014922
v -14.505617 7.240875 -1.964585
v -14.545504 7.209823 -2.012174
v -14.914204 7.660058 -1.996934
v -14.874317 7.691111 -1.949346
v -14.907354 7.729145 -1.997112
v -14.499916 7.203778 -2.605881
v -14.568949 7.210627 -2.603134
v -14.532953 7.241812 -2.653647
v -14.901653 7.692048 -2.638408
v -14.937648 7.660862 -2.587894
v -14.930799 7.729948 -2.588072
v -7.525384 12.924347 -2.874799
v -7.558422 12.962380 -2.922565
v -7.518537 12.993432 -2.874977
v -7.887236 13.443667 -2.859737
v -7.927121 13.412616 -2.907325
v -7.956266 13.450517 -2.856989
v -11.341209 9.875700 -2.121540
v -11.672515 10.280272 -2.107846
v -11.702202 10.314448 -2.150768
v -11.723269 10.315170 -2.681792
v -11.697079 10.281114 -2.727023
v -11.365774 9.876541 -2.740716
v -11.336087 9.842365 -2.697795
v -11.315021 9.841643 -2.166771
v -7.495091 12.992628 3.308298
v -7.531085 12.961444 3.358813
v -7.501940 12.923543 3.308476
v -7.932822 13.449714 3.326286
v -7.899785 13.411679 3.374052
v -7.863791 13.442864 3.323538
v -14.476472 7.202975 3.577393
v -14.505617 7.240875 3.627730
v -14.545504 7.209823 3.580141
v -14.914204 7.660058 3.595381
v -14.874317 7.691111 3.642969
v -14.907354 7.729145 3.595203
v -14.499916 7.203778 2.986433
v -14.568949 7.210627 2.989181
v -14.532953 7.241812 2.938668
v -14.901653 7.692048 2.953907
v -14.937648 7.660862 3.004421
v -14.930799 7.729948 3.004243
v -7.525384 12.924347 2.717516
v -7.558422 12.962380 2.669750
v -7.518537 12.993432 2.717338
v -7.887236 13.443667 2.732578
v -7.927121 13.412616 2.684990
v -7.956266 13.450517 2.735326
v -11.341209 9.875700 3.470775
v -11.672515 10.280272 3.484469
v -11.702202 10.314448 3.441547
v -11.723269 10.315170 2.910524
v -11.697079 10.281114 2.865292
v -11.365774 9.876541 2.851599
v -11.336087 9.842365 2.894520
v -11.315021 9.841643 3.425544
v 9.016971 7.637192 2.983303
v 8.958915 7.635938 3.055000
v 8.960465 7.564257 2.983342
v 8.938665 8.557365 2.983063
v 8.940261 8.485725 3.054761
v 8.998317 8.486980 2.983065
v -1.716229 7.329893 2.986732
v -1.717779 7.401574 3.058390
v -1.775881 7.400279 2.986731
v -1.794535 8.250067 2.986492
v -1.736433 8.251362 3.058151
v -1.738029 8.323002 2.986454
v -1.716498 7.329645 2.123178
v -1.776150 7.400031 2.123176
v -1.718093 7.401285 2.051481
v -1.736747 8.251073 2.051242
v -1.794804 8.249819 2.122937
v -1.738297 8.322754 2.122899
v 8.960196 7.564009 2.119787
v 8.958601 7.635649 2.048090
v 9.016702 7.636944 2.119749
v 8.998048 8.486732 2.119510
v 8.939948 8.485436 2.047852
v 8.938396 8.557117 2.119509
v 3.156114 7.551660 3.005769
v 3.139352 8.315262 3.005554
v 3.137918 8.379637 2.941128
v 3.137677 8.379414 2.165157
v 3.139071 8.315001 2.100767
v 3.155832 7.551400 2.100981
v 3.157266 7.487026 2.165407
v 3.157507 7.487249 2.941378
v -1.581368 7.431120 2.964338
v -1.650148 7.430949 3.038800
v -1.652920 7.359368 2.967079
v -1.653892 8.352715 2.968468
v -1.650980 8.280940 3.039989
v -1.582201 8.281112 2.965526
v -14.819433 7.345750 3.489405
v -14.816662 7.417330 3.561127
v -14.891125 7.417354 3.492347
v -14.891958 8.267345 3.493536
v -14.817493 8.267322 3.562316
v -14.820404 8.339096 3.490795
v -14.853664 7.346923 2.626530
v -14.925358 7.418527 2.629472
v -14.856577 7.418698 2.555010
v -14.857409 8.268690 2.556199
v -14.926189 8.268518 2.630661
v -14.854637 8.340270 2.627919
v -1.687152 7.360542 2.104203
v -1.690063 7.432317 2.032683
v -1.615601 7.432293 2.101462
v -1.616433 8.282285 2.102651
v -1.690896 8.282309 2.033872
v -1.688124 8.353889 2.105592
v -8.807050 7.466721 3.271678
v -8.807797 8.230505 3.272746
v -8.810414 8.295001 3.208479
v -8.841174 8.296055 2.433118
v -8.843664 8.231734 2.368670
v -8.842916 7.467950 2.367602
v -8.840301 7.403455 2.431870
v -8.809540 7.402400 3.207230
v -1.580055 7.403755 -2.344366
v -1.650643 7.396821 -2.271945
v -1.644796 7.325756 -2.343994
v -1.736622 8.314837 -2.338788
v -1.729217 8.243162 -2.267491
v -1.658629 8.250096 -2.339911
v -14.764467 6.107002 -2.206533
v -14.770313 6.178067 -2.134485
v -14.842461 6.171742 -2.205410
v -14.921036 7.018084 -2.200956
v -14.848888 7.024409 -2.130031
v -14.856293 7.096084 -2.201328
v -14.773855 6.110675 -3.070029
v -14.851849 6.175416 -3.068906
v -14.781261 6.182350 -3.141326
v -14.859835 7.028692 -3.136872
v -14.930424 7.021757 -3.064452
v -14.865681 7.099757 -3.064824
v -1.654184 7.329429 -3.207490
v -1.661590 7.401103 -3.278786
v -1.589444 7.407428 -3.207862
v -1.668018 8.253769 -3.203408
v -1.740164 8.247444 -3.274332
v -1.746010 8.318510 -3.202284
v -8.784563 6.777671 -2.248080
v -8.855168 7.538176 -2.244077
v -8.861822 7.602582 -2.308143
v -8.870258 7.605882 -3.084062
v -8.865005 7.542024 -3.148803
v -8.794399 6.781520 -3.152806
v -8.787745 6.717114 -3.088740
v -8.779309 6.713814 -2.312821
v 9.543480 1.439716 -3.242405
v 9.608969 1.505244 -3.244658
v 9.545732 1.505244 -3.176916
v 9.514503 1.505244 -4.084493
v 9.582245 1.505244 -4.021257
v 9.516756 1.439716 -4.019004
v 9.545732 13.551474 -3.176916
v 9.608969 13.551474 -3.244658
v 9.543480 13.617002 -3.242405
v 9.516756 13.617002 -4.019004
v 9.582245 13.551474 -4.021257
v 9.514503 13.551474 -4.084493
v 8.756742 13.551474 -3.149766
v 8.754489 13.617002 -3.215255
v 8.689001 13.551474 -3.213002
v 8.662278 13.551474 -3.989601
v 8.727766 13.617002 -3.991854
v 8.725513 13.551474 -4.057343
v 8.756742 1.505244 -3.149766
v 8.689001 1.505244 -3.213002
v 8.754489 1.439716 -3.215255
v 8.727766 1.439716 -3.991854
v 8.662278 1.505244 -3.989601
v 8.725513 1.505244 -4.057343
v 9.560961 8.051304 -3.282434
v 9.536947 8.051304 -3.980270
v 9.476076 8.051304 -4.037092
v 8.767107 8.051304 -4.012696
v 8.710285 8.051304 -3.951824
v 8.734298 8.051304 -3.253989
v 8.795170 8.051304 -3.197167
v 9.504139 8.051304 -3.221563
v 9.749656 -12.847853 -3.105260
v 9.847970 -12.749481 -3.108644
v 9.753038 -12.749481 -3.006947
v 9.706156 -12.749481 -4.369431
v 9.807853 -12.749481 -4.274501
v 9.709538 -12.847853 -4.271118
v 9.753038 5.334734 -3.006947
v 9.847970 5.334734 -3.108644
v 9.749656 5.433109 -3.105260
v 9.709538 5.433109 -4.271118
v 9.807853 5.334734 -4.274501
v 9.706156 5.334734 -4.369431
v 8.568580 5.334734 -2.966189
v 8.565197 5.433109 -3.064503
v 8.466885 5.334734 -3.061120
v 8.426766 5.334734 -4.226977
v 8.525080 5.433109 -4.230360
v 8.521696 5.334734 -4.328674
v 8.568580 -12.749481 -2.966189
v 8.466885 -12.749481 -3.061120
v 8.565197 -12.847853 -3.064503
v 8.525080 -12.847853 -4.230360
v 8.426766 -12.749481 -4.226977
v 8.521696 -12.749481 -4.328674
v 9.775900 -2.922310 -3.165354
v 9.739851 -2.922310 -4.212969
v 9.648468 -2.922310 -4.298273
v 8.584139 -2.922310 -4.261649
v 8.498837 -2.922310 -4.170265
v 8.534885 -2.922310 -3.122651
v 8.626267 -2.922310 -3.037348
v 9.690597 -2.922310 -3.073972
v 9.610813 -4.271643 -3.197616
v 9.687021 -4.195389 -3.200238
v 9.613436 -4.195389 -3.121407
v 9.577093 -4.195389 -4.177548
v 9.655924 -4.195389 -4.103962
v 9.579716 -4.271643 -4.101339
v 9.613436 9.822737 -3.121407
v 9.687021 9.822737 -3.200238
v 9.610813 9.898993 -3.197616
v 9.579716 9.898993 -4.101339
v 9.655924 9.822737 -4.103962
v 9.577093 9.822737 -4.177548
v 8.695292 9.822737 -3.089813
v 8.692670 9.898993 -3.166022
v 8.616462 9.822737 -3.163400
v 8.585364 9.822737 -4.067123
v 8.661572 9.898993 -4.069746
v 8.658950 9.822737 -4.145955
v 8.695292 -4.195389 -3.089813
v 8.616462 -4.195389 -3.163400
v 8.692670 -4.271643 -3.166022
v 8.661572 -4.271643 -4.069746
v 8.585364 -4.195389 -4.067123
v 8.658950 -4.195389 -4.145955
v 9.631155 3.422222 -3.244198
v 9.603212 3.422222 -4.056265
v 9.532376 3.422222 -4.122389
v 8.707353 3.422222 -4.094000
v 8.641230 3.422222 -4.023163
v 8.669173 3.422222 -3.211096
v 8.740009 3.422222 -3.144973
v 9.565033 3.422222 -3.173362
v 9.981730 -5.107203 -2.819445
v 10.111626 -5.107203 -2.958599
v 9.977100 -4.972593 -2.953970
v 9.922207 -4.972593 -4.549238
v 10.056732 -5.107203 -4.553866
v 9.917578 -5.107203 -4.683763
v 8.361008 -5.107203 -2.763675
v 8.356379 -4.972593 -2.898200
v 8.221855 -5.107203 -2.893571
v 8.166962 -5.107203 -4.488839
v 8.301485 -4.972593 -4.493468
v 8.296856 -5.107203 -4.627993
v 10.013010 -16.405493 -3.036198
v 9.963682 -16.405493 -4.469671
v 9.838642 -16.405493 -4.586394
v 8.382298 -16.405493 -4.536281
v 8.265576 -16.405493 -4.411239
v 8.314902 -16.405493 -2.977765
v 8.439943 -16.405493 -2.861043
v 9.896288 -16.405493 -2.911157
v 9.897503 -0.147257 -2.888502
v 10.014521 -0.147257 -3.013860
v 9.893332 -0.025993 -3.009690
v 9.843881 -0.025993 -4.446806
v 9.965069 -0.147257 -4.450976
v 9.839710 -0.147257 -4.567995
v 8.437456 -0.147257 -2.838261
v 8.433287 -0.025993 -2.959450
v 8.312099 -0.147257 -2.955279
v 8.262648 -0.147257 -4.392395
v 8.383835 -0.025993 -4.396565
v 8.379664 -0.147257 -4.517754
v 9.925682 -10.325455 -3.083766
v 9.881246 -10.325455 -4.375128
v 9.768600 -10.325455 -4.480279
v 8.456635 -10.325455 -4.435134
v 8.351486 -10.325455 -4.322488
v 8.395922 -10.325455 -3.031126
v 8.508566 -10.325455 -2.925977
v 9.820532 -10.325455 -2.971122
v 1.499726 1.439716 -2.983477
v 1.565215 1.505244 -2.985730
v 1.501980 1.505244 -2.917988
v 1.470749 1.505244 -3.825564
v 1.538492 1.505244 -3.762329
v 1.473003 1.439716 -3.760076
v 1.501980 13.551474 -2.917988
v 1.565215 13.551474 -2.985730
v 1.499726 13.617002 -2.983477
v 1.473003 13.617002 -3.760076
v 1.538492 13.551474 -3.762329
v 1.470749 13.551474 -3.825564
v 0.712989 13.551474 -2.890838
v 0.710736 13.617002 -2.956327
v 0.645248 13.551474 -2.954074
v 0.618525 13.551474 -3.730673
v 0.684013 13.617002 -3.732926
v 0.681759 13.551474 -3.798415
v 0.712989 1.505244 -2.890838
v 0.645248 1.505244 -2.954074
v 0.710736 1.439716 -2.956327
v 0.684013 1.439716 -3.732926
v 0.618525 1.505244 -3.730673
v 0.681759 1.505244 -3.798415
v 1.517207 8.051304 -3.023506
v 1.493194 8.051304 -3.721341
v 1.432323 8.051304 -3.778164
v 0.723353 8.051304 -3.753768
v 0.666532 8.051304 -3.692896
v 0.690545 8.051304 -2.995060
v 0.751416 8.051304 -2.938239
v 1.460385 8.051304 -2.962635
v 1.705903 -12.847853 -2.846333
v 1.804217 -12.749481 -2.849715
v 1.709286 -12.749481 -2.748019
v 1.662402 -12.749481 -4.110504
v 1.764100 -12.749481 -4.015573
v 1.665785 -12.847853 -4.012190
v 1.709286 5.334734 -2.748019
v 1.804217 5.334734 -2.849715
v 1.705903 5.433109 -2.846333
v 1.665785 5.433109 -4.012190
v 1.764100 5.334734 -4.015573
v 1.662402 5.334734 -4.110504
v 0.524827 5.334734 -2.707261
v 0.521444 5.433109 -2.805575
v 0.423131 5.334734 -2.802192
v 0.383013 5.334734 -3.968049
v 0.481326 5.433109 -3.971432
v 0.477943 5.334734 -4.069746
v 0.524827 -12.749481 -2.707261
v 0.423131 -12.749481 -2.802192
v 0.521444 -12.847853 -2.805575
v 0.481326 -12.847853 -3.971432
v 0.383013 -12.749481 -3.968049
v 0.477943 -12.749481 -4.069746
v 1.732146 -2.922310 -2.906426
v 1.696097 -2.922310 -3.954041
v 1.604715 -2.922310 -4.039345
v 0.540386 -2.922310 -4.002721
v 0.455083 -2.922310 -3.911337
v 0.491132 -2.922310 -2.863722
v 0.582514 -2.922310 -2.778420
v 1.646843 -2.922310 -2.815044
v 1.567060 -4.271643 -2.938688
v 1.643269 -4.195389 -2.941310
v 1.569682 -4.195389 -2.862479
v 1.533340 -4.195389 -3.918620
v 1.612171 -4.195389 -3.845034
v 1.535962 -4.271643 -3.842412
v 1.569682 9.822737 -2.862479
v 1.643269 9.822737 -2.941310
v 1.567060 9.898993 -2.938688
v 1.535962 9.898993 -3.842412
v 1.612171 9.822737 -3.845034
v 1.533340 9.822737 -3.918620
v 0.651539 9.822737 -2.830885
v 0.648916 9.898993 -2.907094
v 0.572709 9.822737 -2.904472
v 0.541611 9.822737 -3.808195
v 0.617819 9.898993 -3.810818
v 0.615197 9.822737 -3.887027
v 0.651539 -4.195389 -2.830885
v 0.572709 -4.195389 -2.904472
v 0.648916 -4.271643 -2.907094
v 0.617819 -4.271643 -3.810818
v 0.541611 -4.195389 -3.808195
v 0.615197 -4.195389 -3.887027
v 1.587402 3.422222 -2.985270
v 1.559459 3.422222 -3.797337
v 1.488623 3.422222 -3.863461
v 0.663599 3.422222 -3.835072
v 0.597476 3.422222 -3.764235
v 0.625420 3.422222 -2.952168
v 0.696256 3.422222 -2.886045
v 1.521279 3.422222 -2.914434
v 1.937976 -5.107203 -2.560517
v 2.067872 -5.107203 -2.699671
v 1.933347 -4.972593 -2.695042
v 1.878454 -4.972593 -4.290310
v 2.012979 -5.107203 -4.294939
v 1.873825 -5.107203 -4.424835
v 0.317255 -5.107203 -2.504747
v 0.312626 -4.972593 -2.639272
v 0.178102 -5.107203 -2.634643
v 0.123208 -5.107203 -4.229911
v 0.257732 -4.972593 -4.234540
v 0.253103 -5.107203 -4.369065
v 1.969256 -16.405493 -2.777269
v 1.919930 -16.405493 -4.210743
v 1.794889 -16.405493 -4.327466
v 0.338544 -16.405493 -4.277352
v 0.221823 -16.405493 -4.152310
v 0.271149 -16.405493 -2.718837
v 0.396190 -16.405493 -2.602116
v 1.852535 -16.405493 -2.652229
v 1.853750 -0.147257 -2.629574
v 1.970768 -0.147257 -2.754932
v 1.849579 -0.025993 -2.750762
v 1.800128 -0.025993 -4.187878
v 1.921316 -0.147257 -4.192048
v 1.795958 -0.147257 -4.309067
v 0.393703 -0.147257 -2.579333
v 0.389534 -0.025993 -2.700521
v 0.268347 -0.147257 -2.696351
v 0.218895 -0.147257 -4.133467
v 0.340082 -0.025993 -4.137637
v 0.335911 -0.147257 -4.258825
v 1.881928 -10.325455 -2.824838
v 1.837492 -10.325455 -4.116199
v 1.724848 -10.325455 -4.221351
v 0.412882 -10.325455 -4.176206
v 0.307733 -10.325455 -4.063560
v 0.352169 -10.325455 -2.772198
v 0.464813 -10.325455 -2.667048
v 1.776779 -10.325455 -2.712194
v 0.948072 1.439716 3.059994
v 0.948072 1.505244 3.125521
v 0.882545 1.505244 3.059994
v 1.790658 1.505244 3.059994
v 1.725131 1.505244 3.125521
v 1.725131 1.439716 3.059994
v 0.882545 13.551474 3.059994
v 0.948072 13.551474 3.125521
v 0.948072 13.617002 3.059994
v 1.725131 13.617002 3.059994
v 1.725131 13.551474 3.125521
v 1.790658 13.551474 3.059994
v 0.882545 13.551474 2.270537
v 0.948072 13.617002 2.270537
v 0.948072 13.551474 2.205010
v 1.725131 13.551474 2.205010
v 1.725131 13.617002 2.270537
v 1.790658 13.551474 2.270537
v 0.882545 1.505244 2.270537
v 0.948072 1.505244 2.205010
v 0.948072 1.439716 2.270537
v 1.725131 1.439716 2.270537
v 1.725131 1.505244 2.205010
v 1.790658 1.505244 2.270537
v 0.987477 8.051304 3.078841
v 1.685725 8.051304 3.078841
v 1.744607 8.051304 3.019960
v 1.744607 8.051304 2.310571
v 1.685725 8.051304 2.251689
v 0.987477 8.051304 2.251689
v 0.928596 8.051304 2.310571
v 0.928596 8.051304 3.019960
v 0.803919 -12.847853 3.261332
v 0.803919 -12.749481 3.359705
v 0.705546 -12.749481 3.261332
v 2.068838 -12.749481 3.261332
v 1.970466 -12.749481 3.359705
v 1.970466 -12.847853 3.261332
v 0.705546 5.334734 3.261332
v 0.803919 5.334734 3.359705
v 0.803919 5.433109 3.261332
v 1.970466 5.433109 3.261332
v 1.970466 5.334734 3.359705
v 2.068838 5.334734 3.261332
v 0.705546 5.334734 2.076172
v 0.803919 5.433109 2.076172
v 0.803919 5.334734 1.977801
v 1.970466 5.334734 1.977801
v 1.970466 5.433109 2.076172
v 2.068838 5.334734 2.076172
v 0.705546 -12.749481 2.076172
v 0.803919 -12.749481 1.977801
v 0.803919 -12.847853 2.076172
v 1.970466 -12.847853 2.076172
v 1.970466 -12.749481 1.977801
v 2.068838 -12.749481 2.076172
v 0.863074 -2.922310 3.289627
v 1.911309 -2.922310 3.289627
v 1.999705 -2.922310 3.201232
v 1.999705 -2.922310 2.136273
v 1.911309 -2.922310 2.047878
v 0.863074 -2.922310 2.047878
v 0.774680 -2.922310 2.136273
v 0.774680 -2.922310 3.201232
v 0.900994 -4.271643 3.125747
v 0.900994 -4.195389 3.202001
v 0.824740 -4.195389 3.125747
v 1.881507 -4.195389 3.125747
v 1.805253 -4.195389 3.202001
v 1.805253 -4.271643 3.125747
v 0.824740 9.822737 3.125747
v 0.900994 9.822737 3.202001
v 0.900994 9.898993 3.125747
v 1.805253 9.898993 3.125747
v 1.805253 9.822737 3.202001
v 1.881507 9.822737 3.125747
v 0.824740 9.822737 2.207061
v 0.900994 9.898993 2.207061
v 0.900994 9.822737 2.130808
v 1.805253 9.822737 2.130808
v 1.805253 9.898993 2.207061
v 1.881507 9.822737 2.207061
v 0.824740 -4.195389 2.207061
v 0.900994 -4.195389 2.130808
v 0.900994 -4.271643 2.207061
v 1.805253 -4.271643 2.207061
v 1.805253 -4.195389 2.130808
v 1.881507 -4.195389 2.207061
v 0.946849 3.422222 3.147680
v 1.759397 3.422222 3.147680
v 1.827918 3.422222 3.079160
v 1.827918 3.422222 2.253648
v 1.759397 3.422222 2.185128
v 0.946849 3.422222 2.185128
v 0.878329 3.422222 2.253648
v 0.878329 3.422222 3.079160
v 0.510291 -5.107203 3.483439
v 0.644896 -5.107203 3.618044
v 0.644896 -4.972593 3.483439
v 2.241107 -4.972593 3.483439
v 2.241107 -5.107203 3.618044
v 2.375712 -5.107203 3.483439
v 0.510291 -5.107203 1.861758
v 0.644896 -4.972593 1.861758
v 0.644896 -5.107203 1.727155
v 2.241107 -5.107203 1.727155
v 2.241107 -4.972593 1.861758
v 2.375712 -5.107203 1.861758
v 0.725840 -16.405493 3.522155
v 2.160161 -16.405493 3.522155
v 2.281116 -16.405493 3.401202
v 2.281116 -16.405493 1.943995
v 2.160161 -16.405493 1.823043
v 0.725840 -16.405493 1.823043
v 0.604887 -16.405493 1.943995
v 0.604887 -16.405493 3.401202
v 0.582204 -0.147257 3.401637
v 0.703464 -0.147257 3.522897
v 0.703464 -0.025993 3.401637
v 2.141430 -0.025993 3.401637
v 2.141430 -0.147257 3.522897
v 2.262691 -0.147257 3.401637
v 0.582204 -0.147257 1.940727
v 0.703464 -0.025993 1.940727
v 0.703464 -0.147257 1.819468
v 2.141430 -0.147257 1.819468
v 2.141430 -0.025993 1.940727
v 2.262691 -0.147257 1.940727
v 0.776383 -10.325455 3.436515
v 2.068509 -10.325455 3.436515
v 2.177472 -10.325455 3.327553
v 2.177472 -10.325455 2.014811
v 2.068509 -10.325455 1.905850
v 0.776383 -10.325455 1.905850
v 0.667422 -10.325455 2.014811
v 0.667422 -10.325455 3.327553
v 8.991825 1.439716 2.801066
v 8.991825 1.505244 2.866593
v 8.926297 1.505244 2.801066
v 9.834412 1.505244 2.801066
v 9.768884 1.505244 2.866593
v 9.768884 1.439716 2.801066
v 8.926297 13.551474 2.801066
v 8.991825 13.551474 2.866593
v 8.991825 13.617002 2.801066
v 9.768884 13.617002 2.801066
v 9.768884 13.551474 2.866593
v 9.834412 13.551474 2.801066
v 8.926297 13.551474 2.011608
v 8.991825 13.617002 2.011608
v 8.991825 13.551474 1.946082
v 9.768884 13.551474 1.946082
v 9.768884 13.617002 2.011608
v 9.834412 13.551474 2.011608
v 8.926297 1.505244 2.011608
v 8.991825 1.505244 1.946082
v 8.991825 1.439716 2.011608
v 9.768884 1.439716 2.011608
v 9.768884 1.505244 1.946082
v 9.834412 1.505244 2.011608
v 9.031230 8.051304 2.819913
v 9.729478 8.051304 2.819913
v 9.788361 8.051304 2.761032
v 9.788361 8.051304 2.051643
v 9.729478 8.051304 1.992761
v 9.031230 8.051304 1.992761
v 8.972348 8.051304 2.051643
v 8.972348 8.051304 2.761032
v 8.847672 -12.847853 3.002404
v 8.847672 -12.749481 3.100776
v 8.749299 -12.749481 3.002404
v 10.112591 -12.749481 3.002404
v 10.014219 -12.749481 3.100776
v 10.014219 -12.847853 3.002404
v 8.749299 5.334734 3.002404
v 8.847672 5.334734 3.100776
v 8.847672 5.433109 3.002404
v 10.014219 5.433109 3.002404
v 10.014219 5.334734 3.100776
v 10.112591 5.334734 3.002404
v 8.749299 5.334734 1.817244
v 8.847672 5.433109 1.817244
v 8.847672 5.334734 1.718873
v 10.014219 5.334734 1.718873
v 10.014219 5.433109 1.817244
v 10.112591 5.334734 1.817244
v 8.749299 -12.749481 1.817244
v 8.847672 -12.749481 1.718873
v 8.847672 -12.847853 1.817244
v 10.014219 -12.847853 1.817244
v 10.014219 -12.749481 1.718873
v 10.112591 -12.749481 1.817244
v 8.906827 -2.922310 3.030699
v 9.955062 -2.922310 3.030699
v 10.043458 -2.922310 2.942303
v 10.043458 -2.922310 1.877344
v 9.955062 -2.922310 1.788949
v 8.906827 -2.922310 1.788949
v 8.818433 -2.922310 1.877344
v 8.818433 -2.922310 2.942303
v 8.944747 -4.271643 2.866819
v 8.944747 -4.195389 2.943073
v 8.868493 -4.195389 2.866819
v 9.925260 -4.195389 2.866819
v 9.849006 -4.195389 2.943073
v 9.849006 -4.271643 2.866819
v 8.868493 9.822737 2.866819
v 8.944747 9.822737 2.943073
v 8.944747 9.898993 2.866819
v 9.849006 9.898993 2.866819
v 9.849006 9.822737 2.943073
v 9.925260 9.822737 2.866819
v 8.868493 9.822737 1.948133
v 8.944747 9.898993 1.948133
v 8.944747 9.822737 1.871880
v 9.849006 9.822737 1.871880
v 9.849006 9.898993 1.948133
v 9.925260 9.822737 1.948133
v 8.868493 -4.195389 1.948133
v 8.944747 -4.195389 1.871880
v 8.944747 -4.271643 1.948133
v 9.849006 -4.271643 1.948133
v 9.849006 -4.195389 1.871880
v 9.925260 -4.195389 1.948133
v 8.990602 3.422222 2.888752
v 9.803149 3.422222 2.888752
v 9.871671 3.422222 2.820232
v 9.871671 3.422222 1.994720
v 9.803149 3.422222 1.926200
v 8.990602 3.422222 1.926200
v 8.922082 3.422222 1.994720
v 8.922082 3.422222 2.820232
v 8.554044 -5.107203 3.224511
v 8.688648 -5.107203 3.359115
v 8.688648 -4.972593 3.224511
v 10.284861 -4.972593 3.224511
v 10.284861 -5.107203 3.359115
v 10.419465 -5.107203 3.224511
v 8.554044 -5.107203 1.602830
v 8.688648 -4.972593 1.602830
v 8.688648 -5.107203 1.468227
v 10.284861 -5.107203 1.468227
v 10.284861 -4.972593 1.602830
v 10.419465 -5.107203 1.602830
v 8.769592 -16.405493 3.263226
v 10.203915 -16.405493 3.263226
v 10.324869 -16.405493 3.142274
v 10.324869 -16.405493 1.685067
v 10.203915 -16.405493 1.564115
v 8.769592 -16.405493 1.564115
v 8.648640 -16.405493 1.685067
v 8.648640 -16.405493 3.142274
v 8.625957 -0.147257 3.142709
v 8.747217 -0.147257 3.263969
v 8.747217 -0.025993 3.142709
v 10.185183 -0.025993 3.142709
v 10.185183 -0.147257 3.263969
v 10.306443 -0.147257 3.142709
v 8.625957 -0.147257 1.681799
v 8.747217 -0.025993 1.681799
v 8.747217 -0.147257 1.560540
v 10.185183 -0.147257 1.560540
v 10.185183 -0.025993 1.681799
v 10.306443 -0.147257 1.681799
v 8.820136 -10.325455 3.177586
v 10.112262 -10.325455 3.177586
v 10.221225 -10.325455 3.068625
v 10.221225 -10.325455 1.755883
v 10.112262 -10.325455 1.646921
v 8.820136 -10.325455 1.646921
v 8.711175 -10.325455 1.755883
v 8.711175 -10.325455 3.068625
vt 0.379249 0.163914
vt 0.403904 0.163915
vt 0.403904 0.540612
vt 0.379249 0.540613
vt 0.378863 0.561705
vt 0.294202 0.561702
vt 0.294203 0.540612
vt 0.519471 0.540612
vt 0.487805 0.540612
vt 0.487805 0.163915
vt 0.519471 0.163915
vt 0.294202 0.163916
vt 0.294202 0.142826
vt 0.378863 0.142823
vt 0.379249 0.163914
vt 0.403904 0.163915
vt 0.403904 0.540612
vt 0.379249 0.540613
vt 0.378863 0.561705
vt 0.294202 0.561702
vt 0.294203 0.540612
vt 0.519471 0.540612
vt 0.487805 0.540612
vt 0.487805 0.163915
vt 0.519471 0.163915
vt 0.294202 0.163916
vt 0.294202 0.142826
vt 0.378863 0.142823
vt 0.276567 0.213521
vt 0.281308 0.213521
vt 0.281308 0.269875
vt 0.276567 0.269875
vt 0.088923 0.277916
vt 0.088923 0.274553
vt 0.145149 0.274553
vt 0.145149 0.277916
vt 0.079504 0.568681
vt 0.088923 0.568681
vt 0.088923 0.896157
vt 0.079504 0.896157
vt 0.215599 0.213522
vt 0.220340 0.213522
vt 0.220341 0.269875
vt 0.215599 0.269875
vt 0.145149 0.568681
vt 0.154568 0.568681
vt 0.154568 0.896157
vt 0.145149 0.896157
vt 0.281309 0.960551
vt 0.276567 0.960551
vt 0.276567 0.904197
vt 0.281309 0.904197
vt 0.088923 0.899520
vt 0.145149 0.899520
vt 0.220341 0.960552
vt 0.215600 0.960552
vt 0.215599 0.904198
vt 0.220341 0.904198
vt 0.281308 0.896157
vt 0.276567 0.896157
vt 0.276567 0.568681
vt 0.281309 0.568681
vt 0.220341 0.896157
vt 0.210922 0.896157
vt 0.210922 0.568681
vt 0.220341 0.568681
vt 0.276567 0.277916
vt 0.220341 0.277916
vt 0.023149 0.568682
vt 0.023150 0.896158
vt 0.079504 0.277916
vt 0.154568 0.277916
vt 0.281309 0.277916
vt 0.210922 0.277916
vt 0.023149 0.277917
vt 0.379249 0.163914
vt 0.403904 0.163915
vt 0.403904 0.540612
vt 0.379249 0.540613
vt 0.378863 0.561705
vt 0.294202 0.561702
vt 0.294203 0.540612
vt 0.519471 0.540612
vt 0.487805 0.540612
vt 0.487805 0.163915
vt 0.519471 0.163915
vt 0.294202 0.163916
vt 0.294202 0.142826
vt 0.378863 0.142823
vt 0.379249 0.163914
vt 0.403904 0.163915
vt 0.403904 0.540612
vt 0.379249 0.540613
vt 0.378863 0.561705
vt 0.294202 0.561702
vt 0.294203 0.540612
vt 0.519471 0.540612
vt 0.487805 0.540612
vt 0.487805 0.163915
vt 0.519471 0.163915
vt 0.294202 0.163916
vt 0.294202 0.142826
vt 0.378863 0.142823
vt 0.379249 0.163914
vt 0.403904 0.163915
vt 0.403904 0.540612
vt 0.379249 0.540613
vt 0.378863 0.561705
vt 0.294202 0.561702
vt 0.294203 0.540612
vt 0.519471 0.540612
vt 0.487805 0.540612
vt 0.487805 0.163915
vt 0.519471 0.163915
vt 0.294202 0.163916
vt 0.294202 0.142826
vt 0.378863 0.142823
vt 0.276567 0.213521
vt 0.281308 0.213521
vt 0.281308 0.269875
vt 0.276567 0.269875
vt 0.088923 0.277916
vt 0.088923 0.274553
vt 0.145149 0.274553
vt 0.145149 0.277916
vt 0.079504 0.568681
vt 0.088923 0.568681
vt 0.088923 0.896157
vt 0.079504 0.896157
vt 0.215599 0.213522
vt 0.220340 0.213522
vt 0.220341 0.269875
vt 0.215599 0.269875
vt 0.145149 0.568681
vt 0.154568 0.568681
vt 0.154568 0.896157
vt 0.145149 0.896157
vt 0.281309 0.960551
vt 0.276567 0.960551
vt 0.276567 0.904197
vt 0.281309 0.904197
vt 0.088923 0.899520
vt 0.145149 0.899520
vt 0.220341 0.960552
vt 0.215600 0.960552
vt 0.215599 0.904198
vt 0.220341 0.904198
vt 0.281308 0.896157
vt 0.276567 0.896157
vt 0.276567 0.568681
vt 0.281309 0.568681
vt 0.220341 0.896157
vt 0.210922 0.896157
vt 0.210922 0.568681
vt 0.220341 0.568681
vt 0.276567 0.277916
vt 0.220341 0.277916
vt 0.023149 0.568682
vt 0.023150 0.896158
vt 0.079504 0.277916
vt 0.154568 0.277916
vt 0.281309 0.277916
vt 0.210922 0.277916
vt 0.023149 0.277917
vt 0.379249 0.163914
vt 0.403904 0.163915
vt 0.403904 0.540612
vt 0.379249 0.540613
vt 0.378863 0.561705
vt 0.294202 0.561702
vt 0.294203 0.540612
vt 0.519471 0.540612
vt 0.487805 0.540612
vt 0.487805 0.163915
vt 0.519471 0.163915
vt 0.294202 0.163916
vt 0.294202 0.142826
vt 0.378863 0.142823
vt 0.379249 0.163914
vt 0.403904 0.163915
vt 0.403904 0.540612
vt 0.379249 0.540613
vt 0.378863 0.561705
vt 0.294202 0.561702
vt 0.294203 0.540612
vt 0.519471 0.540612
vt 0.487805 0.540612
vt 0.487805 0.163915
vt 0.519471 0.163915
vt 0.294202 0.163916
vt 0.294202 0.142826
vt 0.378863 0.142823
vt 0.276567 0.213521
vt 0.281308 0.213521
vt 0.281308 0.269875
vt 0.276567 0.269875
vt 0.088923 0.277916
vt 0.088923 0.274553
vt 0.145149 0.274553
vt 0.145149 0.277916
vt 0.215599 0.213522
vt 0.220340 0.213522
vt 0.220341 0.269875
vt 0.215599 0.269875
vt 0.276567 0.277916
vt 0.220341 0.277916
vt 0.079504 0.277916
vt 0.154568 0.277916
vt 0.281309 0.277916
vt 0.210922 0.277916
vt 0.145149 0.568681
vt 0.088923 0.568681
vt 0.154568 0.568681
vt 0.210922 0.568681
vt 0.220341 0.568681
vt 0.276567 0.568681
vt 0.281309 0.568681
vt 0.023149 0.277917
vt 0.079504 0.568681
vt 0.023149 0.568682
vt 0.276567 0.213521
vt 0.281308 0.213521
vt 0.281308 0.269875
vt 0.276567 0.269875
vt 0.088923 0.277916
vt 0.088923 0.274553
vt 0.145149 0.274553
vt 0.145149 0.277916
vt 0.079504 0.568681
vt 0.088923 0.568681
vt 0.088923 0.896157
vt 0.079504 0.896157
vt 0.215599 0.213522
vt 0.220340 0.213522
vt 0.220341 0.269875
vt 0.215599 0.269875
vt 0.145149 0.568681
vt 0.154568 0.568681
vt 0.154568 0.896157
vt 0.145149 0.896157
vt 0.281309 0.960551
vt 0.276567 0.960551
vt 0.276567 0.904197
vt 0.281309 0.904197
vt 0.088923 0.899520
vt 0.145149 0.899520
vt 0.220341 0.960552
vt 0.215600 0.960552
vt 0.215599 0.904198
vt 0.220341 0.904198
vt 0.281308 0.896157
vt 0.276567 0.896157
vt 0.276567 0.568681
vt 0.281309 0.568681
vt 0.220341 0.896157
vt 0.210922 0.896157
vt 0.210922 0.568681
vt 0.220341 0.568681
vt 0.276567 0.277916
vt 0.220341 0.277916
vt 0.023149 0.568682
vt 0.023150 0.896158
vt 0.079504 0.277916
vt 0.154568 0.277916
vt 0.281309 0.277916
vt 0.210922 0.277916
vt 0.023149 0.277917
vt 0.276567 0.213521
vt 0.281308 0.213521
vt 0.281308 0.269875
vt 0.276567 0.269875
vt 0.088923 0.277916
vt 0.088923 0.274553
vt 0.145149 0.274553
vt 0.145149 0.277916
vt 0.079504 0.568681
vt 0.088923 0.568681
vt 0.088923 0.896157
vt 0.079504 0.896157
vt 0.215599 0.213522
vt 0.220340 0.213522
vt 0.220341 0.269875
vt 0.215599 0.269875
vt 0.145149 0.568681
vt 0.154568 0.568681
vt 0.154568 0.896157
vt 0.145149 0.896157
vt 0.281309 0.960551
vt 0.276567 0.960551
vt 0.276567 0.904197
vt 0.281309 0.904197
vt 0.088923 0.899520
vt 0.145149 0.899520
vt 0.220341 0.960552
vt 0.215600 0.960552
vt 0.215599 0.904198
vt 0.220341 0.904198
vt 0.281308 0.896157
vt 0.276567 0.896157
vt 0.276567 0.568681
vt 0.281309 0.568681
vt 0.220341 0.896157
vt 0.210922 0.896157
vt 0.210922 0.568681
vt 0.220341 0.568681
vt 0.276567 0.277916
vt 0.220341 0.277916
vt 0.023149 0.568682
vt 0.023150 0.896158
vt 0.079504 0.277916
vt 0.154568 0.277916
vt 0.281309 0.277916
vt 0.210922 0.277916
vt 0.023149 0.277917
vt 0.379249 0.163914
vt 0.403904 0.163915
vt 0.403904 0.540612
vt 0.379249 0.540613
vt 0.378863 0.561705
vt 0.294202 0.561702
vt 0.294203 0.540612
vt 0.519471 0.540612
vt 0.487805 0.540612
vt 0.487805 0.163915
vt 0.519471 0.163915
vt 0.294202 0.163916
vt 0.294202 0.142826
vt 0.378863 0.142823
vt 0.379249 0.163914
vt 0.403904 0.163915
vt 0.403904 0.540612
vt 0.379249 0.540613
vt 0.378863 0.561705
vt 0.294202 0.561702
vt 0.294203 0.540612
vt 0.519471 0.540612
vt 0.487805 0.540612
vt 0.487805 0.163915
vt 0.519471 0.163915
vt 0.294202 0.163916
vt 0.294202 0.142826
vt 0.378863 0.142823
vt 0.276567 0.213521
vt 0.281308 0.213521
vt 0.281308 0.269875
vt 0.276567 0.269875
vt 0.088923 0.277916
vt 0.088923 0.274553
vt 0.145149 0.274553
vt 0.145149 0.277916
vt 0.079504 0.568681
vt 0.088923 0.568681
vt 0.088923 0.896157
vt 0.079504 0.896157
vt 0.215599 0.213522
vt 0.220340 0.213522
vt 0.220341 0.269875
vt 0.215599 0.269875
vt 0.145149 0.568681
vt 0.154568 0.568681
vt 0.154568 0.896157
vt 0.145149 0.896157
vt 0.281309 0.960551
vt 0.276567 0.960551
vt 0.276567 0.904197
vt 0.281309 0.904197
vt 0.088923 0.899520
vt 0.145149 0.899520
vt 0.220341 0.960552
vt 0.215600 0.960552
vt 0.215599 0.904198
vt 0.220341 0.904198
vt 0.281308 0.896157
vt 0.276567 0.896157
vt 0.276567 0.568681
vt 0.281309 0.568681
vt 0.220341 0.896157
vt 0.210922 0.896157
vt 0.210922 0.568681
vt 0.220341 0.568681
vt 0.276567 0.277916
vt 0.220341 0.277916
vt 0.023149 0.568682
vt 0.023150 0.896158
vt 0.079504 0.277916
vt 0.154568 0.277916
vt 0.281309 0.277916
vt 0.210922 0.277916
vt 0.023149 0.277917
vt 0.379249 0.163914
vt 0.403904 0.163915
vt 0.403904 0.540612
vt 0.379249 0.540613
vt 0.378863 0.561705
vt 0.294202 0.561702
vt 0.294203 0.540612
vt 0.519471 0.540612
vt 0.487805 0.540612
vt 0.487805 0.163915
vt 0.519471 0.163915
vt 0.294202 0.163916
vt 0.294202 0.142826
vt 0.378863 0.142823
vt 0.276567 0.213521
vt 0.281308 0.213521
vt 0.281308 0.269875
vt 0.276567 0.269875
vt 0.088923 0.277916
vt 0.088923 0.274553
vt 0.145149 0.274553
vt 0.145149 0.277916
vt 0.079504 0.568681
vt 0.088923 0.568681
vt 0.088923 0.896157
vt 0.079504 0.896157
vt 0.215599 0.213522
vt 0.220340 0.213522
vt 0.220341 0.269875
vt 0.215599 0.269875
vt 0.145149 0.568681
vt 0.154568 0.568681
vt 0.154568 0.896157
vt 0.145149 0.896157
vt 0.281309 0.960551
vt 0.276567 0.960551
vt 0.276567 0.904197
vt 0.281309 0.904197
vt 0.088923 0.899520
vt 0.145149 0.899520
vt 0.220341 0.960552
vt 0.215600 0.960552
vt 0.215599 0.904198
vt 0.220341 0.904198
vt 0.281308 0.896157
vt 0.276567 0.896157
vt 0.276567 0.568681
vt 0.281309 0.568681
vt 0.220341 0.896157
vt 0.210922 0.896157
vt 0.210922 0.568681
vt 0.220341 0.568681
vt 0.276567 0.277916
vt 0.220341 0.277916
vt 0.023149 0.568682
vt 0.023150 0.896158
vt 0.079504 0.277916
vt 0.154568 0.277916
vt 0.281309 0.277916
vt 0.210922 0.277916
vt 0.023149 0.277917
vt 0.276567 0.213521
vt 0.281308 0.213521
vt 0.281308 0.269875
vt 0.276567 0.269875
vt 0.088923 0.277916
vt 0.088923 0.274553
vt 0.145149 0.274553
vt 0.145149 0.277916
vt 0.079504 0.568681
vt 0.088923 0.568681
vt 0.088923 0.896157
vt 0.079504 0.896157
vt 0.215599 0.213522
vt 0.220340 0.213522
vt 0.220341 0.269875
vt 0.215599 0.269875
vt 0.145149 0.568681
vt 0.154568 0.568681
vt 0.154568 0.896157
vt 0.145149 0.896157
vt 0.281309 0.960551
vt 0.276567 0.960551
vt 0.276567 0.904197
vt 0.281309 0.904197
vt 0.088923 0.899520
vt 0.145149 0.899520
vt 0.220341 0.960552
vt 0.215600 0.960552
vt 0.215599 0.904198
vt 0.220341 0.904198
vt 0.281308 0.896157
vt 0.276567 0.896157
vt 0.276567 0.568681
vt 0.281309 0.568681
vt 0.220341 0.896157
vt 0.210922 0.896157
vt 0.210922 0.568681
vt 0.220341 0.568681
vt 0.276567 0.277916
vt 0.220341 0.277916
vt 0.023149 0.568682
vt 0.023150 0.896158
vt 0.079504 0.277916
vt 0.154568 0.277916
vt 0.281309 0.277916
vt 0.210922 0.277916
vt 0.023149 0.277917
vt 0.276567 0.213521
vt 0.281308 0.213521
vt 0.281308 0.269875
vt 0.276567 0.269875
vt 0.088923 0.277916
vt 0.088923 0.274553
vt 0.145149 0.274553
vt 0.145149 0.277916
vt 0.079504 0.568681
vt 0.088923 0.568681
vt 0.088923 0.896157
vt 0.079504 0.896157
vt 0.215599 0.213522
vt 0.220340 0.213522
vt 0.220341 0.269875
vt 0.215599 0.269875
vt 0.145149 0.568681
vt 0.154568 0.568681
vt 0.154568 0.896157
vt 0.145149 0.896157
vt 0.281309 0.960551
vt 0.276567 0.960551
vt 0.276567 0.904197
vt 0.281309 0.904197
vt 0.088923 0.899520
vt 0.145149 0.899520
vt 0.220341 0.960552
vt 0.215600 0.960552
vt 0.215599 0.904198
vt 0.220341 0.904198
vt 0.281308 0.896157
vt 0.276567 0.896157
vt 0.276567 0.568681
vt 0.281309 0.568681
vt 0.220341 0.896157
vt 0.210922 0.896157
vt 0.210922 0.568681
vt 0.220341 0.568681
vt 0.276567 0.277916
vt 0.220341 0.277916
vt 0.023149 0.568682
vt 0.023150 0.896158
vt 0.079504 0.277916
vt 0.154568 0.277916
vt 0.281309 0.277916
vt 0.210922 0.277916
vt 0.023149 0.277917
vt 0.079504 0.568681
vt 0.088923 0.568681
vt 0.088923 0.896157
vt 0.079504 0.896157
vt 0.145149 0.568681
vt 0.154568 0.568681
vt 0.154568 0.896157
vt 0.145149 0.896157
vt 0.281309 0.960551
vt 0.276567 0.960551
vt 0.276567 0.904197
vt 0.281309 0.904197
vt 0.088923 0.899520
vt 0.145149 0.899520
vt 0.220341 0.960552
vt 0.215600 0.960552
vt 0.215599 0.904198
vt 0.220341 0.904198
vt 0.281308 0.896157
vt 0.276567 0.896157
vt 0.276567 0.568681
vt 0.281309 0.568681
vt 0.220341 0.896157
vt 0.210922 0.896157
vt 0.210922 0.568681
vt 0.220341 0.568681
vt 0.023149 0.568682
vt 0.023150 0.896158
vt 0.079504 0.568681
vt 0.088923 0.568681
vt 0.088923 0.896157
vt 0.079504 0.896157
vt 0.145149 0.568681
vt 0.154568 0.568681
vt 0.154568 0.896157
vt 0.145149 0.896157
vt 0.281309 0.960551
vt 0.276567 0.960551
vt 0.276567 0.904197
vt 0.281309 0.904197
vt 0.088923 0.899520
vt 0.145149 0.899520
vt 0.220341 0.960552
vt 0.215600 0.960552
vt 0.215599 0.904198
vt 0.220341 0.904198
vt 0.281308 0.896157
vt 0.276567 0.896157
vt 0.276567 0.568681
vt 0.281309 0.568681
vt 0.220341 0.896157
vt 0.210922 0.896157
vt 0.210922 0.568681
vt 0.220341 0.568681
vt 0.023149 0.568682
vt 0.023150 0.896158
vt 0.276567 0.213521
vt 0.281308 0.213521
vt 0.281308 0.269875
vt 0.276567 0.269875
vt 0.088923 0.277916
vt 0.088923 0.274553
vt 0.145149 0.274553
vt 0.145149 0.277916
vt 0.079504 0.568681
vt 0.088923 0.568681
vt 0.088923 0.896157
vt 0.079504 0.896157
vt 0.215599 0.213522
vt 0.220340 0.213522
vt 0.220341 0.269875
vt 0.215599 0.269875
vt 0.145149 0.568681
vt 0.154568 0.568681
vt 0.154568 0.896157
vt 0.145149 0.896157
vt 0.281309 0.960551
vt 0.276567 0.960551
vt 0.276567 0.904197
vt 0.281309 0.904197
vt 0.088923 0.899520
vt 0.145149 0.899520
vt 0.220341 0.960552
vt 0.215600 0.960552
vt 0.215599 0.904198
vt 0.220341 0.904198
vt 0.281308 0.896157
vt 0.276567 0.896157
vt 0.276567 0.568681
vt 0.281309 0.568681
vt 0.220341 0.896157
vt 0.210922 0.896157
vt 0.210922 0.568681
vt 0.220341 0.568681
vt 0.276567 0.277916
vt 0.220341 0.277916
vt 0.023149 0.568682
vt 0.023150 0.896158
vt 0.079504 0.277916
vt 0.154568 0.277916
vt 0.281309 0.277916
vt 0.210922 0.277916
vt 0.023149 0.277917
vt 0.276567 0.213521
vt 0.281308 0.213521
vt 0.281308 0.269875
vt 0.276567 0.269875
vt 0.088923 0.277916
vt 0.088923 0.274553
vt 0.145149 0.274553
vt 0.145149 0.277916
vt 0.079504 0.568681
vt 0.088923 0.568681
vt 0.088923 0.896157
vt 0.079504 0.896157
vt 0.215599 0.213522
vt 0.220340 0.213522
vt 0.220341 0.269875
vt 0.215599 0.269875
vt 0.145149 0.568681
vt 0.154568 0.568681
vt 0.154568 0.896157
vt 0.145149 0.896157
vt 0.281309 0.960551
vt 0.276567 0.960551
vt 0.276567 0.904197
vt 0.281309 0.904197
vt 0.088923 0.899520
vt 0.145149 0.899520
vt 0.220341 0.960552
vt 0.215600 0.960552
vt 0.215599 0.904198
vt 0.220341 0.904198
vt 0.281308 0.896157
vt 0.276567 0.896157
vt 0.276567 0.568681
vt 0.281309 0.568681
vt 0.220341 0.896157
vt 0.210922 0.896157
vt 0.210922 0.568681
vt 0.220341 0.568681
vt 0.276567 0.277916
vt 0.220341 0.277916
vt 0.023149 0.568682
vt 0.023150 0.896158
vt 0.079504 0.277916
vt 0.154568 0.277916
vt 0.281309 0.277916
vt 0.210922 0.277916
vt 0.023149 0.277917
vt 0.276567 0.213521
vt 0.281308 0.213521
vt 0.281308 0.269875
vt 0.276567 0.269875
vt 0.088923 0.277916
vt 0.088923 0.274553
vt 0.145149 0.274553
vt 0.145149 0.277916
vt 0.079504 0.568681
vt 0.088923 0.568681
vt 0.088923 0.896157
vt 0.079504 0.896157
vt 0.215599 0.213522
vt 0.220340 0.213522
vt 0.220341 0.269875
vt 0.215599 0.269875
vt 0.145149 0.568681
vt 0.154568 0.568681
vt 0.154568 0.896157
vt 0.145149 0.896157
vt 0.281309 0.960551
vt 0.276567 0.960551
vt 0.276567 0.904197
vt 0.281309 0.904197
vt 0.088923 0.899520
vt 0.145149 0.899520
vt 0.220341 0.960552
vt 0.215600 0.960552
vt 0.215599 0.904198
vt 0.220341 0.904198
vt 0.281308 0.896157
vt 0.276567 0.896157
vt 0.276567 0.568681
vt 0.281309 0.568681
vt 0.220341 0.896157
vt 0.210922 0.896157
vt 0.210922 0.568681
vt 0.220341 0.568681
vt 0.276567 0.277916
vt 0.220341 0.277916
vt 0.023149 0.568682
vt 0.023150 0.896158
vt 0.079504 0.277916
vt 0.154568 0.277916
vt 0.281309 0.277916
vt 0.210922 0.277916
vt 0.023149 0.277917
vt 0.079504 0.568681
vt 0.088923 0.568681
vt 0.088923 0.896157
vt 0.079504 0.896157
vt 0.145149 0.568681
vt 0.154568 0.568681
vt 0.154568 0.896157
vt 0.145149 0.896157
vt 0.281309 0.960551
vt 0.276567 0.960551
vt 0.276567 0.904197
vt 0.281309 0.904197
vt 0.088923 0.899520
vt 0.145149 0.899520
vt 0.220341 0.960552
vt 0.215600 0.960552
vt 0.215599 0.904198
vt 0.220341 0.904198
vt 0.281308 0.896157
vt 0.276567 0.896157
vt 0.276567 0.568681
vt 0.281309 0.568681
vt 0.220341 0.896157
vt 0.210922 0.896157
vt 0.210922 0.568681
vt 0.220341 0.568681
vt 0.023149 0.568682
vt 0.023150 0.896158
vt 0.079504 0.568681
vt 0.088923 0.568681
vt 0.088923 0.896157
vt 0.079504 0.896157
vt 0.145149 0.568681
vt 0.154568 0.568681
vt 0.154568 0.896157
vt 0.145149 0.896157
vt 0.281309 0.960551
vt 0.276567 0.960551
vt 0.276567 0.904197
vt 0.281309 0.904197
vt 0.088923 0.899520
vt 0.145149 0.899520
vt 0.220341 0.960552
vt 0.215600 0.960552
vt 0.215599 0.904198
vt 0.220341 0.904198
vt 0.281308 0.896157
vt 0.276567 0.896157
vt 0.276567 0.568681
vt 0.281309 0.568681
vt 0.220341 0.896157
vt 0.210922 0.896157
vt 0.210922 0.568681
vt 0.220341 0.568681
vt 0.023149 0.568682
vt 0.023150 0.896158
vt 0.276567 0.213521
vt 0.281308 0.213521
vt 0.281308 0.269875
vt 0.276567 0.269875
vt 0.088923 0.277916
vt 0.088923 0.274553
vt 0.145149 0.274553
vt 0.145149 0.277916
vt 0.079504 0.568681
vt 0.088923 0.568681
vt 0.088923 0.896157
vt 0.079504 0.896157
vt 0.215599 0.213522
vt 0.220340 0.213522
vt 0.220341 0.269875
vt 0.215599 0.269875
vt 0.145149 0.568681
vt 0.154568 0.568681
vt 0.154568 0.896157
vt 0.145149 0.896157
vt 0.281309 0.960551
vt 0.276567 0.960551
vt 0.276567 0.904197
vt 0.281309 0.904197
vt 0.088923 0.899520
vt 0.145149 0.899520
vt 0.220341 0.960552
vt 0.215600 0.960552
vt 0.215599 0.904198
vt 0.220341 0.904198
vt 0.281308 0.896157
vt 0.276567 0.896157
vt 0.276567 0.568681
vt 0.281309 0.568681
vt 0.220341 0.896157
vt 0.210922 0.896157
vt 0.210922 0.568681
vt 0.220341 0.568681
vt 0.276567 0.277916
vt 0.220341 0.277916
vt 0.023149 0.568682
vt 0.023150 0.896158
vt 0.079504 0.277916
vt 0.154568 0.277916
vt 0.281309 0.277916
vt 0.210922 0.277916
vt 0.023149 0.277917
vt 0.276567 0.213521
vt 0.281308 0.213521
vt 0.281308 0.269875
vt 0.276567 0.269875
vt 0.088923 0.277916
vt 0.088923 0.274553
vt 0.145149 0.274553
vt 0.145149 0.277916
vt 0.079504 0.568681
vt 0.088923 0.568681
vt 0.088923 0.896157
vt 0.079504 0.896157
vt 0.215599 0.213522
vt 0.220340 0.213522
vt 0.220341 0.269875
vt 0.215599 0.269875
vt 0.145149 0.568681
vt 0.154568 0.568681
vt 0.154568 0.896157
vt 0.145149 0.896157
vt 0.281309 0.960551
vt 0.276567 0.960551
vt 0.276567 0.904197
vt 0.281309 0.904197
vt 0.088923 0.899520
vt 0.145149 0.899520
vt 0.220341 0.960552
vt 0.215600 0.960552
vt 0.215599 0.904198
vt 0.220341 0.904198
vt 0.281308 0.896157
vt 0.276567 0.896157
vt 0.276567 0.568681
vt 0.281309 0.568681
vt 0.220341 0.896157
vt 0.210922 0.896157
vt 0.210922 0.568681
vt 0.220341 0.568681
vt 0.276567 0.277916
vt 0.220341 0.277916
vt 0.023149 0.568682
vt 0.023150 0.896158
vt 0.079504 0.277916
vt 0.154568 0.277916
vt 0.281309 0.277916
vt 0.210922 0.277916
vt 0.023149 0.277917
vt 0.276567 0.213521
vt 0.281308 0.213521
vt 0.281308 0.269875
vt 0.276567 0.269875
vt 0.088923 0.277916
vt 0.088923 0.274553
vt 0.145149 0.274553
vt 0.145149 0.277916
vt 0.079504 0.568681
vt 0.088923 0.568681
vt 0.088923 0.896157
vt 0.079504 0.896157
vt 0.215599 0.213522
vt 0.220340 0.213522
vt 0.220341 0.269875
vt 0.215599 0.269875
vt 0.145149 0.568681
vt 0.154568 0.568681
vt 0.154568 0.896157
vt 0.145149 0.896157
vt 0.281309 0.960551
vt 0.276567 0.960551
vt 0.276567 0.904197
vt 0.281309 0.904197
vt 0.088923 0.899520
vt 0.145149 0.899520
vt 0.220341 0.960552
vt 0.215600 0.960552
vt 0.215599 0.904198
vt 0.220341 0.904198
vt 0.281308 0.896157
vt 0.276567 0.896157
vt 0.276567 0.568681
vt 0.281309 0.568681
vt 0.220341 0.896157
vt 0.210922 0.896157
vt 0.210922 0.568681
vt 0.220341 0.568681
vt 0.276567 0.277916
vt 0.220341 0.277916
vt 0.023149 0.568682
vt 0.023150 0.896158
vt 0.079504 0.277916
vt 0.154568 0.277916
vt 0.281309 0.277916
vt 0.210922 0.277916
vt 0.023149 0.277917
vt 0.079504 0.568681
vt 0.088923 0.568681
vt 0.088923 0.896157
vt 0.079504 0.896157
vt 0.145149 0.568681
vt 0.154568 0.568681
vt 0.154568 0.896157
vt 0.145149 0.896157
vt 0.281309 0.960551
vt 0.276567 0.960551
vt 0.276567 0.904197
vt 0.281309 0.904197
vt 0.088923 0.899520
vt 0.145149 0.899520
vt 0.220341 0.960552
vt 0.215600 0.960552
vt 0.215599 0.904198
vt 0.220341 0.904198
vt 0.281308 0.896157
vt 0.276567 0.896157
vt 0.276567 0.568681
vt 0.281309 0.568681
vt 0.220341 0.896157
vt 0.210922 0.896157
vt 0.210922 0.568681
vt 0.220341 0.568681
vt 0.023149 0.568682
vt 0.023150 0.896158
vt 0.079504 0.568681
vt 0.088923 0.568681
vt 0.088923 0.896157
vt 0.079504 0.896157
vt 0.145149 0.568681
vt 0.154568 0.568681
vt 0.154568 0.896157
vt 0.145149 0.896157
vt 0.281309 0.960551
vt 0.276567 0.960551
vt 0.276567 0.904197
vt 0.281309 0.904197
vt 0.088923 0.899520
vt 0.145149 0.899520
vt 0.220341 0.960552
vt 0.215600 0.960552
vt 0.215599 0.904198
vt 0.220341 0.904198
vt 0.281308 0.896157
vt 0.276567 0.896157
vt 0.276567 0.568681
vt 0.281309 0.568681
vt 0.220341 0.896157
vt 0.210922 0.896157
vt 0.210922 0.568681
vt 0.220341 0.568681
vt 0.023149 0.568682
vt 0.023150 0.896158
vt 0.276567 0.213521
vt 0.281308 0.213521
vt 0.281308 0.269875
vt 0.276567 0.269875
vt 0.088923 0.277916
vt 0.088923 0.274553
vt 0.145149 0.274553
vt 0.145149 0.277916
vt 0.079504 0.568681
vt 0.088923 0.568681
vt 0.088923 0.896157
vt 0.079504 0.896157
vt 0.215599 0.213522
vt 0.220340 0.213522
vt 0.220341 0.269875
vt 0.215599 0.269875
vt 0.145149 0.568681
vt 0.154568 0.568681
vt 0.154568 0.896157
vt 0.145149 0.896157
vt 0.281309 0.960551
vt 0.276567 0.960551
vt 0.276567 0.904197
vt 0.281309 0.904197
vt 0.088923 0.899520
vt 0.145149 0.899520
vt 0.220341 0.960552
vt 0.215600 0.960552
vt 0.215599 0.904198
vt 0.220341 0.904198
vt 0.281308 0.896157
vt 0.276567 0.896157
vt 0.276567 0.568681
vt 0.281309 0.568681
vt 0.220341 0.896157
vt 0.210922 0.896157
vt 0.210922 0.568681
vt 0.220341 0.568681
vt 0.276567 0.277916
vt 0.220341 0.277916
vt 0.023149 0.568682
vt 0.023150 0.896158
vt 0.079504 0.277916
vt 0.154568 0.277916
vt 0.281309 0.277916
vt 0.210922 0.277916
vt 0.023149 0.277917
vt 0.276567 0.213521
vt 0.281308 0.213521
vt 0.281308 0.269875
vt 0.276567 0.269875
vt 0.088923 0.277916
vt 0.088923 0.274553
vt 0.145149 0.274553
vt 0.145149 0.277916
vt 0.079504 0.568681
vt 0.088923 0.568681
vt 0.088923 0.896157
vt 0.079504 0.896157
vt 0.215599 0.213522
vt 0.220340 0.213522
vt 0.220341 0.269875
vt 0.215599 0.269875
vt 0.145149 0.568681
vt 0.154568 0.568681
vt 0.154568 0.896157
vt 0.145149 0.896157
vt 0.281309 0.960551
vt 0.276567 0.960551
vt 0.276567 0.904197
vt 0.281309 0.904197
vt 0.088923 0.899520
vt 0.145149 0.899520
vt 0.220341 0.960552
vt 0.215600 0.960552
vt 0.215599 0.904198
vt 0.220341 0.904198
vt 0.281308 0.896157
vt 0.276567 0.896157
vt 0.276567 0.568681
vt 0.281309 0.568681
vt 0.220341 0.896157
vt 0.210922 0.896157
vt 0.210922 0.568681
vt 0.220341 0.568681
vt 0.276567 0.277916
vt 0.220341 0.277916
vt 0.023149 0.568682
vt 0.023150 0.896158
vt 0.079504 0.277916
vt 0.154568 0.277916
vt 0.281309 0.277916
vt 0.210922 0.277916
vt 0.023149 0.277917
vt 0.276567 0.213521
vt 0.281308 0.213521
vt 0.281308 0.269875
vt 0.276567 0.269875
vt 0.088923 0.277916
vt 0.088923 0.274553
vt 0.145149 0.274553
vt 0.145149 0.277916
vt 0.079504 0.568681
vt 0.088923 0.568681
vt 0.088923 0.896157
vt 0.079504 0.896157
vt 0.215599 0.213522
vt 0.220340 0.213522
vt 0.220341 0.269875
vt 0.215599 0.269875
vt 0.145149 0.568681
vt 0.154568 0.568681
vt 0.154568 0.896157
vt 0.145149 0.896157
vt 0.281309 0.960551
vt 0.276567 0.960551
vt 0.276567 0.904197
vt 0.281309 0.904197
vt 0.088923 0.899520
vt 0.145149 0.899520
vt 0.220341 0.960552
vt 0.215600 0.960552
vt 0.215599 0.904198
vt 0.220341 0.904198
vt 0.281308 0.896157
vt 0.276567 0.896157
vt 0.276567 0.568681
vt 0.281309 0.568681
vt 0.220341 0.896157
vt 0.210922 0.896157
vt 0.210922 0.568681
vt 0.220341 0.568681
vt 0.276567 0.277916
vt 0.220341 0.277916
vt 0.023149 0.568682
vt 0.023150 0.896158
vt 0.079504 0.277916
vt 0.154568 0.277916
vt 0.281309 0.277916
vt 0.210922 0.277916
vt 0.023149 0.277917
vt 0.079504 0.568681
vt 0.088923 0.568681
vt 0.088923 0.896157
vt 0.079504 0.896157
vt 0.145149 0.568681
vt 0.154568 0.568681
vt 0.154568 0.896157
vt 0.145149 0.896157
vt 0.281309 0.960551
vt 0.276567 0.960551
vt 0.276567 0.904197
vt 0.281309 0.904197
vt 0.088923 0.899520
vt 0.145149 0.899520
vt 0.220341 0.960552
vt 0.215600 0.960552
vt 0.215599 0.904198
vt 0.220341 0.904198
vt 0.281308 0.896157
vt 0.276567 0.896157
vt 0.276567 0.568681
vt 0.281309 0.568681
vt 0.220341 0.896157
vt 0.210922 0.896157
vt 0.210922 0.568681
vt 0.220341 0.568681
vt 0.023149 0.568682
vt 0.023150 0.896158
vt 0.079504 0.568681
vt 0.088923 0.568681
vt 0.088923 0.896157
vt 0.079504 0.896157
vt 0.145149 0.568681
vt 0.154568 0.568681
vt 0.154568 0.896157
vt 0.145149 0.896157
vt 0.281309 0.960551
vt 0.276567 0.960551
vt 0.276567 0.904197
vt 0.281309 0.904197
vt 0.088923 0.899520
vt 0.145149 0.899520
vt 0.220341 0.960552
vt 0.215600 0.960552
vt 0.215599 0.904198
vt 0.220341 0.904198
vt 0.281308 0.896157
vt 0.276567 0.896157
vt 0.276567 0.568681
vt 0.281309 0.568681
vt 0.220341 0.896157
vt 0.210922 0.896157
vt 0.210922 0.568681
vt 0.220341 0.568681
vt 0.023149 0.568682
vt 0.023150 0.896158
vt 0.379249 0.163914
vt 0.403904 0.163915
vt 0.403904 0.540612
vt 0.379249 0.540613
vt 0.378863 0.561705
vt 0.294202 0.561702
vt 0.294203 0.540612
vt 0.519471 0.540612
vt 0.487805 0.540612
vt 0.487805 0.163915
vt 0.519471 0.163915
vt 0.294202 0.163916
vt 0.294202 0.142826
vt 0.378863 0.142823
vt 0.379249 0.163914
vt 0.403904 0.163915
vt 0.403904 0.540612
vt 0.379249 0.540613
vt 0.378863 0.561705
vt 0.294202 0.561702
vt 0.294203 0.540612
vt 0.519471 0.540612
vt 0.487805 0.540612
vt 0.487805 0.163915
vt 0.519471 0.163915
vt 0.294202 0.163916
vt 0.294202 0.142826
vt 0.378863 0.142823
vt 0.379249 0.163914
vt 0.403904 0.163915
vt 0.403904 0.540612
vt 0.379249 0.540613
vt 0.378863 0.561705
vt 0.294202 0.561702
vt 0.294203 0.540612
vt 0.519471 0.540612
vt 0.487805 0.540612
vt 0.487805 0.163915
vt 0.519471 0.163915
vt 0.294202 0.163916
vt 0.294202 0.142826
vt 0.378863 0.142823
vt 0.276567 0.213521
vt 0.281308 0.213521
vt 0.281308 0.269875
vt 0.276567 0.269875
vt 0.088923 0.277916
vt 0.088923 0.274553
vt 0.145149 0.274553
vt 0.145149 0.277916
vt 0.079504 0.568681
vt 0.088923 0.568681
vt 0.088923 0.896157
vt 0.079504 0.896157
vt 0.215599 0.213522
vt 0.220340 0.213522
vt 0.220341 0.269875
vt 0.215599 0.269875
vt 0.145149 0.568681
vt 0.154568 0.568681
vt 0.154568 0.896157
vt 0.145149 0.896157
vt 0.281309 0.960551
vt 0.276567 0.960551
vt 0.276567 0.904197
vt 0.281309 0.904197
vt 0.088923 0.899520
vt 0.145149 0.899520
vt 0.220341 0.960552
vt 0.215600 0.960552
vt 0.215599 0.904198
vt 0.220341 0.904198
vt 0.281308 0.896157
vt 0.276567 0.896157
vt 0.276567 0.568681
vt 0.281309 0.568681
vt 0.220341 0.896157
vt 0.210922 0.896157
vt 0.210922 0.568681
vt 0.220341 0.568681
vt 0.276567 0.277916
vt 0.220341 0.277916
vt 0.023149 0.568682
vt 0.023150 0.896158
vt 0.079504 0.277916
vt 0.154568 0.277916
vt 0.281309 0.277916
vt 0.210922 0.277916
vt 0.023149 0.277917
vt 0.379249 0.163914
vt 0.403904 0.163915
vt 0.403904 0.540612
vt 0.379249 0.540613
vt 0.378863 0.561705
vt 0.294202 0.561702
vt 0.294203 0.540612
vt 0.519471 0.540612
vt 0.487805 0.540612
vt 0.487805 0.163915
vt 0.519471 0.163915
vt 0.294202 0.163916
vt 0.294202 0.142826
vt 0.378863 0.142823
vt 0.379249 0.163914
vt 0.403904 0.163915
vt 0.403904 0.540612
vt 0.379249 0.540613
vt 0.378863 0.561705
vt 0.294202 0.561702
vt 0.294203 0.540612
vt 0.519471 0.540612
vt 0.487805 0.540612
vt 0.487805 0.163915
vt 0.519471 0.163915
vt 0.294202 0.163916
vt 0.294202 0.142826
vt 0.378863 0.142823
vt 0.276567 0.213521
vt 0.281308 0.213521
vt 0.281308 0.269875
vt 0.276567 0.269875
vt 0.088923 0.277916
vt 0.088923 0.274553
vt 0.145149 0.274553
vt 0.145149 0.277916
vt 0.079504 0.568681
vt 0.088923 0.568681
vt 0.088923 0.896157
vt 0.079504 0.896157
vt 0.215599 0.213522
vt 0.220340 0.213522
vt 0.220341 0.269875
vt 0.215599 0.269875
vt 0.145149 0.568681
vt 0.154568 0.568681
vt 0.154568 0.896157
vt 0.145149 0.896157
vt 0.281309 0.960551
vt 0.276567 0.960551
vt 0.276567 0.904197
vt 0.281309 0.904197
vt 0.088923 0.899520
vt 0.145149 0.899520
vt 0.220341 0.960552
vt 0.215600 0.960552
vt 0.215599 0.904198
vt 0.220341 0.904198
vt 0.281308 0.896157
vt 0.276567 0.896157
vt 0.276567 0.568681
vt 0.281309 0.568681
vt 0.220341 0.896157
vt 0.210922 0.896157
vt 0.210922 0.568681
vt 0.220341 0.568681
vt 0.276567 0.277916
vt 0.220341 0.277916
vt 0.023149 0.568682
vt 0.023150 0.896158
vt 0.079504 0.277916
vt 0.154568 0.277916
vt 0.281309 0.277916
vt 0.210922 0.277916
vt 0.023149 0.277917
vt 0.276567 0.213521
vt 0.281308 0.213521
vt 0.281308 0.269875
vt 0.276567 0.269875
vt 0.088923 0.277916
vt 0.088923 0.274553
vt 0.145149 0.274553
vt 0.145149 0.277916
vt 0.215599 0.213522
vt 0.220340 0.213522
vt 0.220341 0.269875
vt 0.215599 0.269875
vt 0.276567 0.277916
vt 0.220341 0.277916
vt 0.079504 0.277916
vt 0.154568 0.277916
vt 0.281309 0.277916
vt 0.210922 0.277916
vt 0.145149 0.568681
vt 0.088923 0.568681
vt 0.154568 0.568681
vt 0.210922 0.568681
vt 0.220341 0.568681
vt 0.276567 0.568681
vt 0.281309 0.568681
vt 0.023149 0.277917
vt 0.079504 0.568681
vt 0.023149 0.568682
vt 0.276567 0.213521
vt 0.281308 0.213521
vt 0.281308 0.269875
vt 0.276567 0.269875
vt 0.088923 0.277916
vt 0.088923 0.274553
vt 0.145149 0.274553
vt 0.145149 0.277916
vt 0.215599 0.213522
vt 0.220340 0.213522
vt 0.220341 0.269875
vt 0.215599 0.269875
vt 0.276567 0.277916
vt 0.220341 0.277916
vt 0.079504 0.277916
vt 0.154568 0.277916
vt 0.281309 0.277916
vt 0.210922 0.277916
vt 0.145149 0.568681
vt 0.088923 0.568681
vt 0.154568 0.568681
vt 0.210922 0.568681
vt 0.220341 0.568681
vt 0.276567 0.568681
vt 0.281309 0.568681
vt 0.023149 0.277917
vt 0.079504 0.568681
vt 0.023149 0.568682
vt 0.276567 0.213521
vt 0.281308 0.213521
vt 0.281308 0.269875
vt 0.276567 0.269875
vt 0.088923 0.277916
vt 0.088923 0.274553
vt 0.145149 0.274553
vt 0.145149 0.277916
vt 0.215599 0.213522
vt 0.220340 0.213522
vt 0.220341 0.269875
vt 0.215599 0.269875
vt 0.276567 0.277916
vt 0.220341 0.277916
vt 0.079504 0.277916
vt 0.154568 0.277916
vt 0.281309 0.277916
vt 0.210922 0.277916
vt 0.145149 0.568681
vt 0.088923 0.568681
vt 0.154568 0.568681
vt 0.210922 0.568681
vt 0.220341 0.568681
vt 0.276567 0.568681
vt 0.281309 0.568681
vt 0.023149 0.277917
vt 0.079504 0.568681
vt 0.023149 0.568682
vt 0.276567 0.213521
vt 0.281308 0.213521
vt 0.281308 0.269875
vt 0.276567 0.269875
vt 0.088923 0.277916
vt 0.088923 0.274553
vt 0.145149 0.274553
vt 0.145149 0.277916
vt 0.215599 0.213522
vt 0.220340 0.213522
vt 0.220341 0.269875
vt 0.215599 0.269875
vt 0.276567 0.277916
vt 0.220341 0.277916
vt 0.079504 0.277916
vt 0.154568 0.277916
vt 0.281309 0.277916
vt 0.210922 0.277916
vt 0.145149 0.568681
vt 0.088923 0.568681
vt 0.154568 0.568681
vt 0.210922 0.568681
vt 0.220341 0.568681
vt 0.276567 0.568681
vt 0.281309 0.568681
vt 0.023149 0.277917
vt 0.079504 0.568681
vt 0.023149 0.568682
vt 0.276567 0.213521
vt 0.281308 0.213521
vt 0.281308 0.269875
vt 0.276567 0.269875
vt 0.088923 0.277916
vt 0.088923 0.274553
vt 0.145149 0.274553
vt 0.145149 0.277916
vt 0.215599 0.213522
vt 0.220340 0.213522
vt 0.220341 0.269875
vt 0.215599 0.269875
vt 0.276567 0.277916
vt 0.220341 0.277916
vt 0.079504 0.277916
vt 0.154568 0.277916
vt 0.281309 0.277916
vt 0.210922 0.277916
vt 0.145149 0.568681
vt 0.088923 0.568681
vt 0.154568 0.568681
vt 0.210922 0.568681
vt 0.220341 0.568681
vt 0.276567 0.568681
vt 0.281309 0.568681
vt 0.023149 0.277917
vt 0.079504 0.568681
vt 0.023149 0.568682
vt 0.276567 0.213521
vt 0.281308 0.213521
vt 0.281308 0.269875
vt 0.276567 0.269875
vt 0.088923 0.277916
vt 0.088923 0.274553
vt 0.145149 0.274553
vt 0.145149 0.277916
vt 0.215599 0.213522
vt 0.220340 0.213522
vt 0.220341 0.269875
vt 0.215599 0.269875
vt 0.276567 0.277916
vt 0.220341 0.277916
vt 0.079504 0.277916
vt 0.154568 0.277916
vt 0.281309 0.277916
vt 0.210922 0.277916
vt 0.145149 0.568681
vt 0.088923 0.568681
vt 0.154568 0.568681
vt 0.210922 0.568681
vt 0.220341 0.568681
vt 0.276567 0.568681
vt 0.281309 0.568681
vt 0.023149 0.277917
vt 0.079504 0.568681
vt 0.023149 0.568682
vt 0.276567 0.213521
vt 0.281308 0.213521
vt 0.281308 0.269875
vt 0.276567 0.269875
vt 0.088923 0.277916
vt 0.088923 0.274553
vt 0.145149 0.274553
vt 0.145149 0.277916
vt 0.215599 0.213522
vt 0.220340 0.213522
vt 0.220341 0.269875
vt 0.215599 0.269875
vt 0.276567 0.277916
vt 0.220341 0.277916
vt 0.079504 0.277916
vt 0.154568 0.277916
vt 0.281309 0.277916
vt 0.210922 0.277916
vt 0.145149 0.568681
vt 0.088923 0.568681
vt 0.154568 0.568681
vt 0.210922 0.568681
vt 0.220341 0.568681
vt 0.276567 0.568681
vt 0.281309 0.568681
vt 0.023149 0.277917
vt 0.079504 0.568681
vt 0.023149 0.568682
vt 0.276567 0.213521
vt 0.281308 0.213521
vt 0.281308 0.269875
vt 0.276567 0.269875
vt 0.088923 0.277916
vt 0.088923 0.274553
vt 0.145149 0.274553
vt 0.145149 0.277916
vt 0.079504 0.568681
vt 0.088923 0.568681
vt 0.088923 0.896157
vt 0.079504 0.896157
vt 0.215599 0.213522
vt 0.220340 0.213522
vt 0.220341 0.269875
vt 0.215599 0.269875
vt 0.145149 0.568681
vt 0.154568 0.568681
vt 0.154568 0.896157
vt 0.145149 0.896157
vt 0.281309 0.960551
vt 0.276567 0.960551
vt 0.276567 0.904197
vt 0.281309 0.904197
vt 0.088923 0.899520
vt 0.145149 0.899520
vt 0.220341 0.960552
vt 0.215600 0.960552
vt 0.215599 0.904198
vt 0.220341 0.904198
vt 0.281308 0.896157
vt 0.276567 0.896157
vt 0.276567 0.568681
vt 0.281309 0.568681
vt 0.220341 0.896157
vt 0.210922 0.896157
vt 0.210922 0.568681
vt 0.220341 0.568681
vt 0.276567 0.277916
vt 0.220341 0.277916
vt 0.023149 0.568682
vt 0.023150 0.896158
vt 0.079504 0.277916
vt 0.154568 0.277916
vt 0.281309 0.277916
vt 0.210922 0.277916
vt 0.023149 0.277917
vt 0.276567 0.213521
vt 0.281308 0.213521
vt 0.281308 0.269875
vt 0.276567 0.269875
vt 0.088923 0.277916
vt 0.088923 0.274553
vt 0.145149 0.274553
vt 0.145149 0.277916
vt 0.079504 0.568681
vt 0.088923 0.568681
vt 0.088923 0.896157
vt 0.079504 0.896157
vt 0.215599 0.213522
vt 0.220340 0.213522
vt 0.220341 0.269875
vt 0.215599 0.269875
vt 0.145149 0.568681
vt 0.154568 0.568681
vt 0.154568 0.896157
vt 0.145149 0.896157
vt 0.281309 0.960551
vt 0.276567 0.960551
vt 0.276567 0.904197
vt 0.281309 0.904197
vt 0.088923 0.899520
vt 0.145149 0.899520
vt 0.220341 0.960552
vt 0.215600 0.960552
vt 0.215599 0.904198
vt 0.220341 0.904198
vt 0.281308 0.896157
vt 0.276567 0.896157
vt 0.276567 0.568681
vt 0.281309 0.568681
vt 0.220341 0.896157
vt 0.210922 0.896157
vt 0.210922 0.568681
vt 0.220341 0.568681
vt 0.276567 0.277916
vt 0.220341 0.277916
vt 0.023149 0.568682
vt 0.023150 0.896158
vt 0.079504 0.277916
vt 0.154568 0.277916
vt 0.281309 0.277916
vt 0.210922 0.277916
vt 0.023149 0.277917
vt 0.276567 0.213521
vt 0.281308 0.213521
vt 0.281308 0.269875
vt 0.276567 0.269875
vt 0.088923 0.277916
vt 0.088923 0.274553
vt 0.145149 0.274553
vt 0.145149 0.277916
vt 0.079504 0.568681
vt 0.088923 0.568681
vt 0.088923 0.896157
vt 0.079504 0.896157
vt 0.215599 0.213522
vt 0.220340 0.213522
vt 0.220341 0.269875
vt 0.215599 0.269875
vt 0.145149 0.568681
vt 0.154568 0.568681
vt 0.154568 0.896157
vt 0.145149 0.896157
vt 0.281309 0.960551
vt 0.276567 0.960551
vt 0.276567 0.904197
vt 0.281309 0.904197
vt 0.088923 0.899520
vt 0.145149 0.899520
vt 0.220341 0.960552
vt 0.215600 0.960552
vt 0.215599 0.904198
vt 0.220341 0.904198
vt 0.281308 0.896157
vt 0.276567 0.896157
vt 0.276567 0.568681
vt 0.281309 0.568681
vt 0.220341 0.896157
vt 0.210922 0.896157
vt 0.210922 0.568681
vt 0.220341 0.568681
vt 0.276567 0.277916
vt 0.220341 0.277916
vt 0.023149 0.568682
vt 0.023150 0.896158
vt 0.079504 0.277916
vt 0.154568 0.277916
vt 0.281309 0.277916
vt 0.210922 0.277916
vt 0.023149 0.277917
vt 0.276567 0.213521
vt 0.281308 0.213521
vt 0.281308 0.269875
vt 0.276567 0.269875
vt 0.088923 0.277916
vt 0.088923 0.274553
vt 0.145149 0.274553
vt 0.145149 0.277916
vt 0.079504 0.568681
vt 0.088923 0.568681
vt 0.088923 0.896157
vt 0.079504 0.896157
vt 0.215599 0.213522
vt 0.220340 0.213522
vt 0.220341 0.269875
vt 0.215599 0.269875
vt 0.145149 0.568681
vt 0.154568 0.568681
vt 0.154568 0.896157
vt 0.145149 0.896157
vt 0.281309 0.960551
vt 0.276567 0.960551
vt 0.276567 0.904197
vt 0.281309 0.904197
vt 0.088923 0.899520
vt 0.145149 0.899520
vt 0.220341 0.960552
vt 0.215600 0.960552
vt 0.215599 0.904198
vt 0.220341 0.904198
vt 0.281308 0.896157
vt 0.276567 0.896157
vt 0.276567 0.568681
vt 0.281309 0.568681
vt 0.220341 0.896157
vt 0.210922 0.896157
vt 0.210922 0.568681
vt 0.220341 0.568681
vt 0.276567 0.277916
vt 0.220341 0.277916
vt 0.023149 0.568682
vt 0.023150 0.896158
vt 0.079504 0.277916
vt 0.154568 0.277916
vt 0.281309 0.277916
vt 0.210922 0.277916
vt 0.023149 0.277917
vt 0.276567 0.213521
vt 0.281308 0.213521
vt 0.281308 0.269875
vt 0.276567 0.269875
vt 0.088923 0.277916
vt 0.088923 0.274553
vt 0.145149 0.274553
vt 0.145149 0.277916
vt 0.079504 0.568681
vt 0.088923 0.568681
vt 0.088923 0.896157
vt 0.079504 0.896157
vt 0.215599 0.213522
vt 0.220340 0.213522
vt 0.220341 0.269875
vt 0.215599 0.269875
vt 0.145149 0.568681
vt 0.154568 0.568681
vt 0.154568 0.896157
vt 0.145149 0.896157
vt 0.281309 0.960551
vt 0.276567 0.960551
vt 0.276567 0.904197
vt 0.281309 0.904197
vt 0.088923 0.899520
vt 0.145149 0.899520
vt 0.220341 0.960552
vt 0.215600 0.960552
vt 0.215599 0.904198
vt 0.220341 0.904198
vt 0.281308 0.896157
vt 0.276567 0.896157
vt 0.276567 0.568681
vt 0.281309 0.568681
vt 0.220341 0.896157
vt 0.210922 0.896157
vt 0.210922 0.568681
vt 0.220341 0.568681
vt 0.276567 0.277916
vt 0.220341 0.277916
vt 0.023149 0.568682
vt 0.023150 0.896158
vt 0.079504 0.277916
vt 0.154568 0.277916
vt 0.281309 0.277916
vt 0.210922 0.277916
vt 0.023149 0.277917
vt 0.276567 0.213521
vt 0.281308 0.213521
vt 0.281308 0.269875
vt 0.276567 0.269875
vt 0.088923 0.277916
vt 0.088923 0.274553
vt 0.145149 0.274553
vt 0.145149 0.277916
vt 0.079504 0.568681
vt 0.088923 0.568681
vt 0.088923 0.896157
vt 0.079504 0.896157
vt 0.215599 0.213522
vt 0.220340 0.213522
vt 0.220341 0.269875
vt 0.215599 0.269875
vt 0.145149 0.568681
vt 0.154568 0.568681
vt 0.154568 0.896157
vt 0.145149 0.896157
vt 0.281309 0.960551
vt 0.276567 0.960551
vt 0.276567 0.904197
vt 0.281309 0.904197
vt 0.088923 0.899520
vt 0.145149 0.899520
vt 0.220341 0.960552
vt 0.215600 0.960552
vt 0.215599 0.904198
vt 0.220341 0.904198
vt 0.281308 0.896157
vt 0.276567 0.896157
vt 0.276567 0.568681
vt 0.281309 0.568681
vt 0.220341 0.896157
vt 0.210922 0.896157
vt 0.210922 0.568681
vt 0.220341 0.568681
vt 0.276567 0.277916
vt 0.220341 0.277916
vt 0.023149 0.568682
vt 0.023150 0.896158
vt 0.079504 0.277916
vt 0.154568 0.277916
vt 0.281309 0.277916
vt 0.210922 0.277916
vt 0.023149 0.277917
vt 0.276567 0.213521
vt 0.281308 0.213521
vt 0.281308 0.269875
vt 0.276567 0.269875
vt 0.088923 0.277916
vt 0.088923 0.274553
vt 0.145149 0.274553
vt 0.145149 0.277916
vt 0.079504 0.568681
vt 0.088923 0.568681
vt 0.088923 0.896157
vt 0.079504 0.896157
vt 0.215599 0.213522
vt 0.220340 0.213522
vt 0.220341 0.269875
vt 0.215599 0.269875
vt 0.145149 0.568681
vt 0.154568 0.568681
vt 0.154568 0.896157
vt 0.145149 0.896157
vt 0.281309 0.960551
vt 0.276567 0.960551
vt 0.276567 0.904197
vt 0.281309 0.904197
vt 0.088923 0.899520
vt 0.145149 0.899520
vt 0.220341 0.960552
vt 0.215600 0.960552
vt 0.215599 0.904198
vt 0.220341 0.904198
vt 0.281308 0.896157
vt 0.276567 0.896157
vt 0.276567 0.568681
vt 0.281309 0.568681
vt 0.220341 0.896157
vt 0.210922 0.896157
vt 0.210922 0.568681
vt 0.220341 0.568681
vt 0.276567 0.277916
vt 0.220341 0.277916
vt 0.023149 0.568682
vt 0.023150 0.896158
vt 0.079504 0.277916
vt 0.154568 0.277916
vt 0.281309 0.277916
vt 0.210922 0.277916
vt 0.023149 0.277917
vt 0.276567 0.213521
vt 0.281308 0.213521
vt 0.281308 0.269875
vt 0.276567 0.269875
vt 0.088923 0.277916
vt 0.088923 0.274553
vt 0.145149 0.274553
vt 0.145149 0.277916
vt 0.079504 0.568681
vt 0.088923 0.568681
vt 0.088923 0.896157
vt 0.079504 0.896157
vt 0.215599 0.213522
vt 0.220340 0.213522
vt 0.220341 0.269875
vt 0.215599 0.269875
vt 0.145149 0.568681
vt 0.154568 0.568681
vt 0.154568 0.896157
vt 0.145149 0.896157
vt 0.281309 0.960551
vt 0.276567 0.960551
vt 0.276567 0.904197
vt 0.281309 0.904197
vt 0.088923 0.899520
vt 0.145149 0.899520
vt 0.220341 0.960552
vt 0.215600 0.960552
vt 0.215599 0.904198
vt 0.220341 0.904198
vt 0.281308 0.896157
vt 0.276567 0.896157
vt 0.276567 0.568681
vt 0.281309 0.568681
vt 0.220341 0.896157
vt 0.210922 0.896157
vt 0.210922 0.568681
vt 0.220341 0.568681
vt 0.276567 0.277916
vt 0.220341 0.277916
vt 0.023149 0.568682
vt 0.023150 0.896158
vt 0.079504 0.277916
vt 0.154568 0.277916
vt 0.281309 0.277916
vt 0.210922 0.277916
vt 0.023149 0.277917
vt 0.276567 0.213521
vt 0.281308 0.213521
vt 0.281308 0.269875
vt 0.276567 0.269875
vt 0.088923 0.277916
vt 0.088923 0.274553
vt 0.145149 0.274553
vt 0.145149 0.277916
vt 0.215599 0.213522
vt 0.220340 0.213522
vt 0.220341 0.269875
vt 0.215599 0.269875
vt 0.276567 0.277916
vt 0.220341 0.277916
vt 0.079504 0.277916
vt 0.154568 0.277916
vt 0.281309 0.277916
vt 0.210922 0.277916
vt 0.145149 0.568681
vt 0.088923 0.568681
vt 0.154568 0.568681
vt 0.210922 0.568681
vt 0.220341 0.568681
vt 0.276567 0.568681
vt 0.281309 0.568681
vt 0.023149 0.277917
vt 0.079504 0.568681
vt 0.023149 0.568682
vt 0.276567 0.213521
vt 0.281308 0.213521
vt 0.281308 0.269875
vt 0.276567 0.269875
vt 0.088923 0.277916
vt 0.088923 0.274553
vt 0.145149 0.274553
vt 0.145149 0.277916
vt 0.215599 0.213522
vt 0.220340 0.213522
vt 0.220341 0.269875
vt 0.215599 0.269875
vt 0.276567 0.277916
vt 0.220341 0.277916
vt 0.079504 0.277916
vt 0.154568 0.277916
vt 0.281309 0.277916
vt 0.210922 0.277916
vt 0.145149 0.568681
vt 0.088923 0.568681
vt 0.154568 0.568681
vt 0.210922 0.568681
vt 0.220341 0.568681
vt 0.276567 0.568681
vt 0.281309 0.568681
vt 0.023149 0.277917
vt 0.079504 0.568681
vt 0.023149 0.568682
vt 0.276567 0.213521
vt 0.281308 0.213521
vt 0.281308 0.269875
vt 0.276567 0.269875
vt 0.088923 0.277916
vt 0.088923 0.274553
vt 0.145149 0.274553
vt 0.145149 0.277916
vt 0.079504 0.568681
vt 0.088923 0.568681
vt 0.088923 0.896157
vt 0.079504 0.896157
vt 0.215599 0.213522
vt 0.220340 0.213522
vt 0.220341 0.269875
vt 0.215599 0.269875
vt 0.145149 0.568681
vt 0.154568 0.568681
vt 0.154568 0.896157
vt 0.145149 0.896157
vt 0.281309 0.960551
vt 0.276567 0.960551
vt 0.276567 0.904197
vt 0.281309 0.904197
vt 0.088923 0.899520
vt 0.145149 0.899520
vt 0.220341 0.960552
vt 0.215600 0.960552
vt 0.215599 0.904198
vt 0.220341 0.904198
vt 0.281308 0.896157
vt 0.276567 0.896157
vt 0.276567 0.568681
vt 0.281309 0.568681
vt 0.220341 0.896157
vt 0.210922 0.896157
vt 0.210922 0.568681
vt 0.220341 0.568681
vt 0.276567 0.277916
vt 0.220341 0.277916
vt 0.023149 0.568682
vt 0.023150 0.896158
vt 0.079504 0.277916
vt 0.154568 0.277916
vt 0.281309 0.277916
vt 0.210922 0.277916
vt 0.023149 0.277917
vt 0.276567 0.213521
vt 0.281308 0.213521
vt 0.281308 0.269875
vt 0.276567 0.269875
vt 0.088923 0.277916
vt 0.088923 0.274553
vt 0.145149 0.274553
vt 0.145149 0.277916
vt 0.079504 0.568681
vt 0.088923 0.568681
vt 0.088923 0.896157
vt 0.079504 0.896157
vt 0.215599 0.213522
vt 0.220340 0.213522
vt 0.220341 0.269875
vt 0.215599 0.269875
vt 0.145149 0.568681
vt 0.154568 0.568681
vt 0.154568 0.896157
vt 0.145149 0.896157
vt 0.281309 0.960551
vt 0.276567 0.960551
vt 0.276567 0.904197
vt 0.281309 0.904197
vt 0.088923 0.899520
vt 0.145149 0.899520
vt 0.220341 0.960552
vt 0.215600 0.960552
vt 0.215599 0.904198
vt 0.220341 0.904198
vt 0.281308 0.896157
vt 0.276567 0.896157
vt 0.276567 0.568681
vt 0.281309 0.568681
vt 0.220341 0.896157
vt 0.210922 0.896157
vt 0.210922 0.568681
vt 0.220341 0.568681
vt 0.276567 0.277916
vt 0.220341 0.277916
vt 0.023149 0.568682
vt 0.023150 0.896158
vt 0.079504 0.277916
vt 0.154568 0.277916
vt 0.281309 0.277916
vt 0.210922 0.277916
vt 0.023149 0.277917
vt 0.276567 0.213521
vt 0.281308 0.213521
vt 0.281308 0.269875
vt 0.276567 0.269875
vt 0.088923 0.277916
vt 0.088923 0.274553
vt 0.145149 0.274553
vt 0.145149 0.277916
vt 0.079504 0.568681
vt 0.088923 0.568681
vt 0.088923 0.896157
vt 0.079504 0.896157
vt 0.215599 0.213522
vt 0.220340 0.213522
vt 0.220341 0.269875
vt 0.215599 0.269875
vt 0.145149 0.568681
vt 0.154568 0.568681
vt 0.154568 0.896157
vt 0.145149 0.896157
vt 0.281309 0.960551
vt 0.276567 0.960551
vt 0.276567 0.904197
vt 0.281309 0.904197
vt 0.088923 0.899520
vt 0.145149 0.899520
vt 0.220341 0.960552
vt 0.215600 0.960552
vt 0.215599 0.904198
vt 0.220341 0.904198
vt 0.281308 0.896157
vt 0.276567 0.896157
vt 0.276567 0.568681
vt 0.281309 0.568681
vt 0.220341 0.896157
vt 0.210922 0.896157
vt 0.210922 0.568681
vt 0.220341 0.568681
vt 0.276567 0.277916
vt 0.220341 0.277916
vt 0.023149 0.568682
vt 0.023150 0.896158
vt 0.079504 0.277916
vt 0.154568 0.277916
vt 0.281309 0.277916
vt 0.210922 0.277916
vt 0.023149 0.277917
vt 0.276567 0.213521
vt 0.281308 0.213521
vt 0.281308 0.269875
vt 0.276567 0.269875
vt 0.088923 0.277916
vt 0.088923 0.274553
vt 0.145149 0.274553
vt 0.145149 0.277916
vt 0.079504 0.568681
vt 0.088923 0.568681
vt 0.088923 0.896157
vt 0.079504 0.896157
vt 0.215599 0.213522
vt 0.220340 0.213522
vt 0.220341 0.269875
vt 0.215599 0.269875
vt 0.145149 0.568681
vt 0.154568 0.568681
vt 0.154568 0.896157
vt 0.145149 0.896157
vt 0.281309 0.960551
vt 0.276567 0.960551
vt 0.276567 0.904197
vt 0.281309 0.904197
vt 0.088923 0.899520
vt 0.145149 0.899520
vt 0.220341 0.960552
vt 0.215600 0.960552
vt 0.215599 0.904198
vt 0.220341 0.904198
vt 0.281308 0.896157
vt 0.276567 0.896157
vt 0.276567 0.568681
vt 0.281309 0.568681
vt 0.220341 0.896157
vt 0.210922 0.896157
vt 0.210922 0.568681
vt 0.220341 0.568681
vt 0.276567 0.277916
vt 0.220341 0.277916
vt 0.023149 0.568682
vt 0.023150 0.896158
vt 0.079504 0.277916
vt 0.154568 0.277916
vt 0.281309 0.277916
vt 0.210922 0.277916
vt 0.023149 0.277917
vt 0.276567 0.213521
vt 0.281308 0.213521
vt 0.281308 0.269875
vt 0.276567 0.269875
vt 0.088923 0.277916
vt 0.088923 0.274553
vt 0.145149 0.274553
vt 0.145149 0.277916
vt 0.079504 0.568681
vt 0.088923 0.568681
vt 0.088923 0.896157
vt 0.079504 0.896157
vt 0.215599 0.213522
vt 0.220340 0.213522
vt 0.220341 0.269875
vt 0.215599 0.269875
vt 0.145149 0.568681
vt 0.154568 0.568681
vt 0.154568 0.896157
vt 0.145149 0.896157
vt 0.281309 0.960551
vt 0.276567 0.960551
vt 0.276567 0.904197
vt 0.281309 0.904197
vt 0.088923 0.899520
vt 0.145149 0.899520
vt 0.220341 0.960552
vt 0.215600 0.960552
vt 0.215599 0.904198
vt 0.220341 0.904198
vt 0.281308 0.896157
vt 0.276567 0.896157
vt 0.276567 0.568681
vt 0.281309 0.568681
vt 0.220341 0.896157
vt 0.210922 0.896157
vt 0.210922 0.568681
vt 0.220341 0.568681
vt 0.276567 0.277916
vt 0.220341 0.277916
vt 0.023149 0.568682
vt 0.023150 0.896158
vt 0.079504 0.277916
vt 0.154568 0.277916
vt 0.281309 0.277916
vt 0.210922 0.277916
vt 0.023149 0.277917
vt 0.276567 0.213521
vt 0.281308 0.213521
vt 0.281308 0.269875
vt 0.276567 0.269875
vt 0.088923 0.277916
vt 0.088923 0.274553
vt 0.145149 0.274553
vt 0.145149 0.277916
vt 0.079504 0.568681
vt 0.088923 0.568681
vt 0.088923 0.896157
vt 0.079504 0.896157
vt 0.215599 0.213522
vt 0.220340 0.213522
vt 0.220341 0.269875
vt 0.215599 0.269875
vt 0.145149 0.568681
vt 0.154568 0.568681
vt 0.154568 0.896157
vt 0.145149 0.896157
vt 0.281309 0.960551
vt 0.276567 0.960551
vt 0.276567 0.904197
vt 0.281309 0.904197
vt 0.088923 0.899520
vt 0.145149 0.899520
vt 0.220341 0.960552
vt 0.215600 0.960552
vt 0.215599 0.904198
vt 0.220341 0.904198
vt 0.281308 0.896157
vt 0.276567 0.896157
vt 0.276567 0.568681
vt 0.281309 0.568681
vt 0.220341 0.896157
vt 0.210922 0.896157
vt 0.210922 0.568681
vt 0.220341 0.568681
vt 0.276567 0.277916
vt 0.220341 0.277916
vt 0.023149 0.568682
vt 0.023150 0.896158
vt 0.079504 0.277916
vt 0.154568 0.277916
vt 0.281309 0.277916
vt 0.210922 0.277916
vt 0.023149 0.277917
vt 0.276567 0.213521
vt 0.281308 0.213521
vt 0.281308 0.269875
vt 0.276567 0.269875
vt 0.088923 0.277916
vt 0.088923 0.274553
vt 0.145149 0.274553
vt 0.145149 0.277916
vt 0.079504 0.568681
vt 0.088923 0.568681
vt 0.088923 0.896157
vt 0.079504 0.896157
vt 0.215599 0.213522
vt 0.220340 0.213522
vt 0.220341 0.269875
vt 0.215599 0.269875
vt 0.145149 0.568681
vt 0.154568 0.568681
vt 0.154568 0.896157
vt 0.145149 0.896157
vt 0.281309 0.960551
vt 0.276567 0.960551
vt 0.276567 0.904197
vt 0.281309 0.904197
vt 0.088923 0.899520
vt 0.145149 0.899520
vt 0.220341 0.960552
vt 0.215600 0.960552
vt 0.215599 0.904198
vt 0.220341 0.904198
vt 0.281308 0.896157
vt 0.276567 0.896157
vt 0.276567 0.568681
vt 0.281309 0.568681
vt 0.220341 0.896157
vt 0.210922 0.896157
vt 0.210922 0.568681
vt 0.220341 0.568681
vt 0.276567 0.277916
vt 0.220341 0.277916
vt 0.023149 0.568682
vt 0.023150 0.896158
vt 0.079504 0.277916
vt 0.154568 0.277916
vt 0.281309 0.277916
vt 0.210922 0.277916
vt 0.023149 0.277917
vt 0.276567 0.213521
vt 0.281308 0.213521
vt 0.281308 0.269875
vt 0.276567 0.269875
vt 0.088923 0.277916
vt 0.088923 0.274553
vt 0.145149 0.274553
vt 0.145149 0.277916
vt 0.079504 0.568681
vt 0.088923 0.568681
vt 0.088923 0.896157
vt 0.079504 0.896157
vt 0.215599 0.213522
vt 0.220340 0.213522
vt 0.220341 0.269875
vt 0.215599 0.269875
vt 0.145149 0.568681
vt 0.154568 0.568681
vt 0.154568 0.896157
vt 0.145149 0.896157
vt 0.281309 0.960551
vt 0.276567 0.960551
vt 0.276567 0.904197
vt 0.281309 0.904197
vt 0.088923 0.899520
vt 0.145149 0.899520
vt 0.220341 0.960552
vt 0.215600 0.960552
vt 0.215599 0.904198
vt 0.220341 0.904198
vt 0.281308 0.896157
vt 0.276567 0.896157
vt 0.276567 0.568681
vt 0.281309 0.568681
vt 0.220341 0.896157
vt 0.210922 0.896157
vt 0.210922 0.568681
vt 0.220341 0.568681
vt 0.276567 0.277916
vt 0.220341 0.277916
vt 0.023149 0.568682
vt 0.023150 0.896158
vt 0.079504 0.277916
vt 0.154568 0.277916
vt 0.281309 0.277916
vt 0.210922 0.277916
vt 0.023149 0.277917
vt 0.276567 0.213521
vt 0.281308 0.213521
vt 0.281308 0.269875
vt 0.276567 0.269875
vt 0.088923 0.277916
vt 0.088923 0.274553
vt 0.145149 0.274553
vt 0.145149 0.277916
vt 0.079504 0.568681
vt 0.088923 0.568681
vt 0.088923 0.896157
vt 0.079504 0.896157
vt 0.215599 0.213522
vt 0.220340 0.213522
vt 0.220341 0.269875
vt 0.215599 0.269875
vt 0.145149 0.568681
vt 0.154568 0.568681
vt 0.154568 0.896157
vt 0.145149 0.896157
vt 0.281309 0.960551
vt 0.276567 0.960551
vt 0.276567 0.904197
vt 0.281309 0.904197
vt 0.088923 0.899520
vt 0.145149 0.899520
vt 0.220341 0.960552
vt 0.215600 0.960552
vt 0.215599 0.904198
vt 0.220341 0.904198
vt 0.281308 0.896157
vt 0.276567 0.896157
vt 0.276567 0.568681
vt 0.281309 0.568681
vt 0.220341 0.896157
vt 0.210922 0.896157
vt 0.210922 0.568681
vt 0.220341 0.568681
vt 0.276567 0.277916
vt 0.220341 0.277916
vt 0.023149 0.568682
vt 0.023150 0.896158
vt 0.079504 0.277916
vt 0.154568 0.277916
vt 0.281309 0.277916
vt 0.210922 0.277916
vt 0.023149 0.277917
vt 0.276567 0.213521
vt 0.281308 0.213521
vt 0.281308 0.269875
vt 0.276567 0.269875
vt 0.088923 0.277916
vt 0.088923 0.274553
vt 0.145149 0.274553
vt 0.145149 0.277916
vt 0.079504 0.568681
vt 0.088923 0.568681
vt 0.088923 0.896157
vt 0.079504 0.896157
vt 0.215599 0.213522
vt 0.220340 0.213522
vt 0.220341 0.269875
vt 0.215599 0.269875
vt 0.145149 0.568681
vt 0.154568 0.568681
vt 0.154568 0.896157
vt 0.145149 0.896157
vt 0.281309 0.960551
vt 0.276567 0.960551
vt 0.276567 0.904197
vt 0.281309 0.904197
vt 0.088923 0.899520
vt 0.145149 0.899520
vt 0.220341 0.960552
vt 0.215600 0.960552
vt 0.215599 0.904198
vt 0.220341 0.904198
vt 0.281308 0.896157
vt 0.276567 0.896157
vt 0.276567 0.568681
vt 0.281309 0.568681
vt 0.220341 0.896157
vt 0.210922 0.896157
vt 0.210922 0.568681
vt 0.220341 0.568681
vt 0.276567 0.277916
vt 0.220341 0.277916
vt 0.023149 0.568682
vt 0.023150 0.896158
vt 0.079504 0.277916
vt 0.154568 0.277916
vt 0.281309 0.277916
vt 0.210922 0.277916
vt 0.023149 0.277917
vt 0.079504 0.568681
vt 0.088923 0.568681
vt 0.088923 0.896157
vt 0.079504 0.896157
vt 0.145149 0.568681
vt 0.154568 0.568681
vt 0.154568 0.896157
vt 0.145149 0.896157
vt 0.281309 0.960551
vt 0.276567 0.960551
vt 0.276567 0.904197
vt 0.281309 0.904197
vt 0.088923 0.899520
vt 0.145149 0.899520
vt 0.220341 0.960552
vt 0.215600 0.960552
vt 0.215599 0.904198
vt 0.220341 0.904198
vt 0.281308 0.896157
vt 0.276567 0.896157
vt 0.276567 0.568681
vt 0.281309 0.568681
vt 0.220341 0.896157
vt 0.210922 0.896157
vt 0.210922 0.568681
vt 0.220341 0.568681
vt 0.023149 0.568682
vt 0.023150 0.896158
vt 0.079504 0.568681
vt 0.088923 0.568681
vt 0.088923 0.896157
vt 0.079504 0.896157
vt 0.145149 0.568681
vt 0.154568 0.568681
vt 0.154568 0.896157
vt 0.145149 0.896157
vt 0.281309 0.960551
vt 0.276567 0.960551
vt 0.276567 0.904197
vt 0.281309 0.904197
vt 0.088923 0.899520
vt 0.145149 0.899520
vt 0.220341 0.960552
vt 0.215600 0.960552
vt 0.215599 0.904198
vt 0.220341 0.904198
vt 0.281308 0.896157
vt 0.276567 0.896157
vt 0.276567 0.568681
vt 0.281309 0.568681
vt 0.220341 0.896157
vt 0.210922 0.896157
vt 0.210922 0.568681
vt 0.220341 0.568681
vt 0.023149 0.568682
vt 0.023150 0.896158
vt 0.276567 0.213521
vt 0.281308 0.213521
vt 0.281308 0.269875
vt 0.276567 0.269875
vt 0.088923 0.277916
vt 0.088923 0.274553
vt 0.145149 0.274553
vt 0.145149 0.277916
vt 0.079504 0.568681
vt 0.088923 0.568681
vt 0.088923 0.896157
vt 0.079504 0.896157
vt 0.215599 0.213522
vt 0.220340 0.213522
vt 0.220341 0.269875
vt 0.215599 0.269875
vt 0.145149 0.568681
vt 0.154568 0.568681
vt 0.154568 0.896157
vt 0.145149 0.896157
vt 0.281309 0.960551
vt 0.276567 0.960551
vt 0.276567 0.904197
vt 0.281309 0.904197
vt 0.088923 0.899520
vt 0.145149 0.899520
vt 0.220341 0.960552
vt 0.215600 0.960552
vt 0.215599 0.904198
vt 0.220341 0.904198
vt 0.281308 0.896157
vt 0.276567 0.896157
vt 0.276567 0.568681
vt 0.281309 0.568681
vt 0.220341 0.896157
vt 0.210922 0.896157
vt 0.210922 0.568681
vt 0.220341 0.568681
vt 0.276567 0.277916
vt 0.220341 0.277916
vt 0.023149 0.568682
vt 0.023150 0.896158
vt 0.079504 0.277916
vt 0.154568 0.277916
vt 0.281309 0.277916
vt 0.210922 0.277916
vt 0.023149 0.277917
vt 0.276567 0.213521
vt 0.281308 0.213521
vt 0.281308 0.269875
vt 0.276567 0.269875
vt 0.088923 0.277916
vt 0.088923 0.274553
vt 0.145149 0.274553
vt 0.145149 0.277916
vt 0.079504 0.568681
vt 0.088923 0.568681
vt 0.088923 0.896157
vt 0.079504 0.896157
vt 0.215599 0.213522
vt 0.220340 0.213522
vt 0.220341 0.269875
vt 0.215599 0.269875
vt 0.145149 0.568681
vt 0.154568 0.568681
vt 0.154568 0.896157
vt 0.145149 0.896157
vt 0.281309 0.960551
vt 0.276567 0.960551
vt 0.276567 0.904197
vt 0.281309 0.904197
vt 0.088923 0.899520
vt 0.145149 0.899520
vt 0.220341 0.960552
vt 0.215600 0.960552
vt 0.215599 0.904198
vt 0.220341 0.904198
vt 0.281308 0.896157
vt 0.276567 0.896157
vt 0.276567 0.568681
vt 0.281309 0.568681
vt 0.220341 0.896157
vt 0.210922 0.896157
vt 0.210922 0.568681
vt 0.220341 0.568681
vt 0.276567 0.277916
vt 0.220341 0.277916
vt 0.023149 0.568682
vt 0.023150 0.896158
vt 0.079504 0.277916
vt 0.154568 0.277916
vt 0.281309 0.277916
vt 0.210922 0.277916
vt 0.023149 0.277917
vt 0.276567 0.213521
vt 0.281308 0.213521
vt 0.281308 0.269875
vt 0.276567 0.269875
vt 0.088923 0.277916
vt 0.088923 0.274553
vt 0.145149 0.274553
vt 0.145149 0.277916
vt 0.079504 0.568681
vt 0.088923 0.568681
vt 0.088923 0.896157
vt 0.079504 0.896157
vt 0.215599 0.213522
vt 0.220340 0.213522
vt 0.220341 0.269875
vt 0.215599 0.269875
vt 0.145149 0.568681
vt 0.154568 0.568681
vt 0.154568 0.896157
vt 0.145149 0.896157
vt 0.281309 0.960551
vt 0.276567 0.960551
vt 0.276567 0.904197
vt 0.281309 0.904197
vt 0.088923 0.899520
vt 0.145149 0.899520
vt 0.220341 0.960552
vt 0.215600 0.960552
vt 0.215599 0.904198
vt 0.220341 0.904198
vt 0.281308 0.896157
vt 0.276567 0.896157
vt 0.276567 0.568681
vt 0.281309 0.568681
vt 0.220341 0.896157
vt 0.210922 0.896157
vt 0.210922 0.568681
vt 0.220341 0.568681
vt 0.276567 0.277916
vt 0.220341 0.277916
vt 0.023149 0.568682
vt 0.023150 0.896158
vt 0.079504 0.277916
vt 0.154568 0.277916
vt 0.281309 0.277916
vt 0.210922 0.277916
vt 0.023149 0.277917
vt 0.079504 0.568681
vt 0.088923 0.568681
vt 0.088923 0.896157
vt 0.079504 0.896157
vt 0.145149 0.568681
vt 0.154568 0.568681
vt 0.154568 0.896157
vt 0.145149 0.896157
vt 0.281309 0.960551
vt 0.276567 0.960551
vt 0.276567 0.904197
vt 0.281309 0.904197
vt 0.088923 0.899520
vt 0.145149 0.899520
vt 0.220341 0.960552
vt 0.215600 0.960552
vt 0.215599 0.904198
vt 0.220341 0.904198
vt 0.281308 0.896157
vt 0.276567 0.896157
vt 0.276567 0.568681
vt 0.281309 0.568681
vt 0.220341 0.896157
vt 0.210922 0.896157
vt 0.210922 0.568681
vt 0.220341 0.568681
vt 0.023149 0.568682
vt 0.023150 0.896158
vt 0.079504 0.568681
vt 0.088923 0.568681
vt 0.088923 0.896157
vt 0.079504 0.896157
vt 0.145149 0.568681
vt 0.154568 0.568681
vt 0.154568 0.896157
vt 0.145149 0.896157
vt 0.281309 0.960551
vt 0.276567 0.960551
vt 0.276567 0.904197
vt 0.281309 0.904197
vt 0.088923 0.899520
vt 0.145149 0.899520
vt 0.220341 0.960552
vt 0.215600 0.960552
vt 0.215599 0.904198
vt 0.220341 0.904198
vt 0.281308 0.896157
vt 0.276567 0.896157
vt 0.276567 0.568681
vt 0.281309 0.568681
vt 0.220341 0.896157
vt 0.210922 0.896157
vt 0.210922 0.568681
vt 0.220341 0.568681
vt 0.023149 0.568682
vt 0.023150 0.896158
vt 0.276567 0.213521
vt 0.281308 0.213521
vt 0.281308 0.269875
vt 0.276567 0.269875
vt 0.088923 0.277916
vt 0.088923 0.274553
vt 0.145149 0.274553
vt 0.145149 0.277916
vt 0.079504 0.568681
vt 0.088923 0.568681
vt 0.088923 0.896157
vt 0.079504 0.896157
vt 0.215599 0.213522
vt 0.220340 0.213522
vt 0.220341 0.269875
vt 0.215599 0.269875
vt 0.145149 0.568681
vt 0.154568 0.568681
vt 0.154568 0.896157
vt 0.145149 0.896157
vt 0.281309 0.960551
vt 0.276567 0.960551
vt 0.276567 0.904197
vt 0.281309 0.904197
vt 0.088923 0.899520
vt 0.145149 0.899520
vt 0.220341 0.960552
vt 0.215600 0.960552
vt 0.215599 0.904198
vt 0.220341 0.904198
vt 0.281308 0.896157
vt 0.276567 0.896157
vt 0.276567 0.568681
vt 0.281309 0.568681
vt 0.220341 0.896157
vt 0.210922 0.896157
vt 0.210922 0.568681
vt 0.220341 0.568681
vt 0.276567 0.277916
vt 0.220341 0.277916
vt 0.023149 0.568682
vt 0.023150 0.896158
vt 0.079504 0.277916
vt 0.154568 0.277916
vt 0.281309 0.277916
vt 0.210922 0.277916
vt 0.023149 0.277917
vt 0.276567 0.213521
vt 0.281308 0.213521
vt 0.281308 0.269875
vt 0.276567 0.269875
vt 0.088923 0.277916
vt 0.088923 0.274553
vt 0.145149 0.274553
vt 0.145149 0.277916
vt 0.079504 0.568681
vt 0.088923 0.568681
vt 0.088923 0.896157
vt 0.079504 0.896157
vt 0.215599 0.213522
vt 0.220340 0.213522
vt 0.220341 0.269875
vt 0.215599 0.269875
vt 0.145149 0.568681
vt 0.154568 0.568681
vt 0.154568 0.896157
vt 0.145149 0.896157
vt 0.281309 0.960551
vt 0.276567 0.960551
vt 0.276567 0.904197
vt 0.281309 0.904197
vt 0.088923 0.899520
vt 0.145149 0.899520
vt 0.220341 0.960552
vt 0.215600 0.960552
vt 0.215599 0.904198
vt 0.220341 0.904198
vt 0.281308 0.896157
vt 0.276567 0.896157
vt 0.276567 0.568681
vt 0.281309 0.568681
vt 0.220341 0.896157
vt 0.210922 0.896157
vt 0.210922 0.568681
vt 0.220341 0.568681
vt 0.276567 0.277916
vt 0.220341 0.277916
vt 0.023149 0.568682
vt 0.023150 0.896158
vt 0.079504 0.277916
vt 0.154568 0.277916
vt 0.281309 0.277916
vt 0.210922 0.277916
vt 0.023149 0.277917
vt 0.276567 0.213521
vt 0.281308 0.213521
vt 0.281308 0.269875
vt 0.276567 0.269875
vt 0.088923 0.277916
vt 0.088923 0.274553
vt 0.145149 0.274553
vt 0.145149 0.277916
vt 0.079504 0.568681
vt 0.088923 0.568681
vt 0.088923 0.896157
vt 0.079504 0.896157
vt 0.215599 0.213522
vt 0.220340 0.213522
vt 0.220341 0.269875
vt 0.215599 0.269875
vt 0.145149 0.568681
vt 0.154568 0.568681
vt 0.154568 0.896157
vt 0.145149 0.896157
vt 0.281309 0.960551
vt 0.276567 0.960551
vt 0.276567 0.904197
vt 0.281309 0.904197
vt 0.088923 0.899520
vt 0.145149 0.899520
vt 0.220341 0.960552
vt 0.215600 0.960552
vt 0.215599 0.904198
vt 0.220341 0.904198
vt 0.281308 0.896157
vt 0.276567 0.896157
vt 0.276567 0.568681
vt 0.281309 0.568681
vt 0.220341 0.896157
vt 0.210922 0.896157
vt 0.210922 0.568681
vt 0.220341 0.568681
vt 0.276567 0.277916
vt 0.220341 0.277916
vt 0.023149 0.568682
vt 0.023150 0.896158
vt 0.079504 0.277916
vt 0.154568 0.277916
vt 0.281309 0.277916
vt 0.210922 0.277916
vt 0.023149 0.277917
vt 0.079504 0.568681
vt 0.088923 0.568681
vt 0.088923 0.896157
vt 0.079504 0.896157
vt 0.145149 0.568681
vt 0.154568 0.568681
vt 0.154568 0.896157
vt 0.145149 0.896157
vt 0.281309 0.960551
vt 0.276567 0.960551
vt 0.276567 0.904197
vt 0.281309 0.904197
vt 0.088923 0.899520
vt 0.145149 0.899520
vt 0.220341 0.960552
vt 0.215600 0.960552
vt 0.215599 0.904198
vt 0.220341 0.904198
vt 0.281308 0.896157
vt 0.276567 0.896157
vt 0.276567 0.568681
vt 0.281309 0.568681
vt 0.220341 0.896157
vt 0.210922 0.896157
vt 0.210922 0.568681
vt 0.220341 0.568681
vt 0.023149 0.568682
vt 0.023150 0.896158
vt 0.079504 0.568681
vt 0.088923 0.568681
vt 0.088923 0.896157
vt 0.079504 0.896157
vt 0.145149 0.568681
vt 0.154568 0.568681
vt 0.154568 0.896157
vt 0.145149 0.896157
vt 0.281309 0.960551
vt 0.276567 0.960551
vt 0.276567 0.904197
vt 0.281309 0.904197
vt 0.088923 0.899520
vt 0.145149 0.899520
vt 0.220341 0.960552
vt 0.215600 0.960552
vt 0.215599 0.904198
vt 0.220341 0.904198
vt 0.281308 0.896157
vt 0.276567 0.896157
vt 0.276567 0.568681
vt 0.281309 0.568681
vt 0.220341 0.896157
vt 0.210922 0.896157
vt 0.210922 0.568681
vt 0.220341 0.568681
vt 0.023149 0.568682
vt 0.023150 0.896158
vt 0.276567 0.213521
vt 0.281308 0.213521
vt 0.281308 0.269875
vt 0.276567 0.269875
vt 0.088923 0.277916
vt 0.088923 0.274553
vt 0.145149 0.274553
vt 0.145149 0.277916
vt 0.079504 0.568681
vt 0.088923 0.568681
vt 0.088923 0.896157
vt 0.079504 0.896157
vt 0.215599 0.213522
vt 0.220340 0.213522
vt 0.220341 0.269875
vt 0.215599 0.269875
vt 0.145149 0.568681
vt 0.154568 0.568681
vt 0.154568 0.896157
vt 0.145149 0.896157
vt 0.281309 0.960551
vt 0.276567 0.960551
vt 0.276567 0.904197
vt 0.281309 0.904197
vt 0.088923 0.899520
vt 0.145149 0.899520
vt 0.220341 0.960552
vt 0.215600 0.960552
vt 0.215599 0.904198
vt 0.220341 0.904198
vt 0.281308 0.896157
vt 0.276567 0.896157
vt 0.276567 0.568681
vt 0.281309 0.568681
vt 0.220341 0.896157
vt 0.210922 0.896157
vt 0.210922 0.568681
vt 0.220341 0.568681
vt 0.276567 0.277916
vt 0.220341 0.277916
vt 0.023149 0.568682
vt 0.023150 0.896158
vt 0.079504 0.277916
vt 0.154568 0.277916
vt 0.281309 0.277916
vt 0.210922 0.277916
vt 0.023149 0.277917
vt 0.276567 0.213521
vt 0.281308 0.213521
vt 0.281308 0.269875
vt 0.276567 0.269875
vt 0.088923 0.277916
vt 0.088923 0.274553
vt 0.145149 0.274553
vt 0.145149 0.277916
vt 0.079504 0.568681
vt 0.088923 0.568681
vt 0.088923 0.896157
vt 0.079504 0.896157
vt 0.215599 0.213522
vt 0.220340 0.213522
vt 0.220341 0.269875
vt 0.215599 0.269875
vt 0.145149 0.568681
vt 0.154568 0.568681
vt 0.154568 0.896157
vt 0.145149 0.896157
vt 0.281309 0.960551
vt 0.276567 0.960551
vt 0.276567 0.904197
vt 0.281309 0.904197
vt 0.088923 0.899520
vt 0.145149 0.899520
vt 0.220341 0.960552
vt 0.215600 0.960552
vt 0.215599 0.904198
vt 0.220341 0.904198
vt 0.281308 0.896157
vt 0.276567 0.896157
vt 0.276567 0.568681
vt 0.281309 0.568681
vt 0.220341 0.896157
vt 0.210922 0.896157
vt 0.210922 0.568681
vt 0.220341 0.568681
vt 0.276567 0.277916
vt 0.220341 0.277916
vt 0.023149 0.568682
vt 0.023150 0.896158
vt 0.079504 0.277916
vt 0.154568 0.277916
vt 0.281309 0.277916
vt 0.210922 0.277916
vt 0.023149 0.277917
vt 0.276567 0.213521
vt 0.281308 0.213521
vt 0.281308 0.269875
vt 0.276567 0.269875
vt 0.088923 0.277916
vt 0.088923 0.274553
vt 0.145149 0.274553
vt 0.145149 0.277916
vt 0.079504 0.568681
vt 0.088923 0.568681
vt 0.088923 0.896157
vt 0.079504 0.896157
vt 0.215599 0.213522
vt 0.220340 0.213522
vt 0.220341 0.269875
vt 0.215599 0.269875
vt 0.145149 0.568681
vt 0.154568 0.568681
vt 0.154568 0.896157
vt 0.145149 0.896157
vt 0.281309 0.960551
vt 0.276567 0.960551
vt 0.276567 0.904197
vt 0.281309 0.904197
vt 0.088923 0.899520
vt 0.145149 0.899520
vt 0.220341 0.960552
vt 0.215600 0.960552
vt 0.215599 0.904198
vt 0.220341 0.904198
vt 0.281308 0.896157
vt 0.276567 0.896157
vt 0.276567 0.568681
vt 0.281309 0.568681
vt 0.220341 0.896157
vt 0.210922 0.896157
vt 0.210922 0.568681
vt 0.220341 0.568681
vt 0.276567 0.277916
vt 0.220341 0.277916
vt 0.023149 0.568682
vt 0.023150 0.896158
vt 0.079504 0.277916
vt 0.154568 0.277916
vt 0.281309 0.277916
vt 0.210922 0.277916
vt 0.023149 0.277917
vt 0.079504 0.568681
vt 0.088923 0.568681
vt 0.088923 0.896157
vt 0.079504 0.896157
vt 0.145149 0.568681
vt 0.154568 0.568681
vt 0.154568 0.896157
vt 0.145149 0.896157
vt 0.281309 0.960551
vt 0.276567 0.960551
vt 0.276567 0.904197
vt 0.281309 0.904197
vt 0.088923 0.899520
vt 0.145149 0.899520
vt 0.220341 0.960552
vt 0.215600 0.960552
vt 0.215599 0.904198
vt 0.220341 0.904198
vt 0.281308 0.896157
vt 0.276567 0.896157
vt 0.276567 0.568681
vt 0.281309 0.568681
vt 0.220341 0.896157
vt 0.210922 0.896157
vt 0.210922 0.568681
vt 0.220341 0.568681
vt 0.023149 0.568682
vt 0.023150 0.896158
vt 0.079504 0.568681
vt 0.088923 0.568681
vt 0.088923 0.896157
vt 0.079504 0.896157
vt 0.145149 0.568681
vt 0.154568 0.568681
vt 0.154568 0.896157
vt 0.145149 0.896157
vt 0.281309 0.960551
vt 0.276567 0.960551
vt 0.276567 0.904197
vt 0.281309 0.904197
vt 0.088923 0.899520
vt 0.145149 0.899520
vt 0.220341 0.960552
vt 0.215600 0.960552
vt 0.215599 0.904198
vt 0.220341 0.904198
vt 0.281308 0.896157
vt 0.276567 0.896157
vt 0.276567 0.568681
vt 0.281309 0.568681
vt 0.220341 0.896157
vt 0.210922 0.896157
vt 0.210922 0.568681
vt 0.220341 0.568681
vt 0.023149 0.568682
vt 0.023150 0.896158
vn 0.996009 0.028255 0.084668
vn 0.996009 0.028255 0.084668
vn 0.996009 0.028255 0.084668
vn 0.996009 0.028255 0.084668
vn -0.084752 0.001808 0.996400
vn -0.084752 0.001808 0.996400
vn -0.084752 0.001808 0.996400
vn -0.084752 0.001808 0.996400
vn -0.996009 -0.028255 -0.084668
vn -0.996009 -0.028255 -0.084668
vn -0.996009 -0.028255 -0.084668
vn -0.996009 -0.028255 -0.084668
vn 0.084752 -0.001809 -0.996400
vn 0.084752 -0.001809 -0.996400
vn 0.084752 -0.001809 -0.996400
vn 0.084752 -0.001809 -0.996400
vn -0.027999 0.999599 -0.004195
vn -0.027999 0.999599 -0.004195
vn -0.027999 0.999599 -0.004195
vn -0.027999 0.999599 -0.004195
vn 0.027999 -0.999599 0.004195
vn 0.027999 -0.999599 0.004195
vn 0.027999 -0.999599 0.004195
vn 0.027999 -0.999599 0.004195
vn -0.998655 0.028013 0.043623
vn -0.998655 0.028013 0.043623
vn -0.998655 0.028013 0.043623
vn -0.998655 0.028013 0.043623
vn -0.043950 -0.011177 -0.998971
vn -0.043950 -0.011177 -0.998971
vn -0.043950 -0.011177 -0.998971
vn -0.043950 -0.011177 -0.998971
vn 0.998655 -0.028013 -0.043623
vn 0.998655 -0.028013 -0.043623
vn 0.998655 -0.028013 -0.043623
vn 0.998655 -0.028013 -0.043623
vn 0.043950 0.011176 0.998971
vn 0.043950 0.011176 0.998971
vn 0.043950 0.011176 0.998971
vn 0.043950 0.011176 0.998971
vn 0.027496 0.999545 -0.012393
vn 0.027496 0.999545 -0.012393
vn 0.027496 0.999545 -0.012393
vn 0.027496 0.999545 -0.012393
vn -0.027496 -0.999545 0.012393
vn -0.027496 -0.999545 0.012393
vn -0.027496 -0.999545 0.012393
vn -0.027496 -0.999545 0.012393
vn 0.995052 -0.067836 0.072597
vn 0.002721 -0.996568 0.082738
vn 0.002721 -0.996568 -0.082738
vn 0.995052 -0.067836 -0.072597
vn 0.002403 -0.071135 0.997464
vn 0.995052 -0.067836 0.072597
vn 0.995052 0.067836 0.072597
vn 0.002403 0.071135 0.997464
vn 0.000003 -0.996573 0.082720
vn 0.000003 -0.071139 0.997466
vn -0.002862 -0.071090 0.997466
vn -0.003240 -0.996570 0.082687
vn 0.002721 0.996568 0.082738
vn 0.995052 0.067836 0.072597
vn 0.995052 0.067836 -0.072597
vn 0.002721 0.996568 -0.082738
vn 0.000003 0.071139 0.997466
vn 0.000003 0.996573 0.082720
vn -0.003240 0.996570 0.082687
vn -0.002862 0.071090 0.997466
vn -0.003240 -0.996570 0.082687
vn -0.995052 -0.067836 0.072597
vn -0.995052 -0.067836 -0.072597
vn -0.003240 -0.996570 -0.082687
vn -0.995052 -0.067836 0.072597
vn -0.002862 -0.071090 0.997466
vn -0.002862 0.071090 0.997466
vn -0.995052 0.067836 0.072597
vn -0.995052 0.067836 0.072597
vn -0.003240 0.996570 0.082687
vn -0.003240 0.996570 -0.082687
vn -0.995052 0.067836 -0.072597
vn -0.003240 -0.996570 -0.082687
vn -0.002862 -0.071089 -0.997466
vn 0.000003 -0.071139 -0.997466
vn 0.000003 -0.996573 -0.082720
vn -0.002862 -0.071089 -0.997466
vn -0.995052 -0.067836 -0.072597
vn -0.995052 0.067836 -0.072597
vn -0.002862 0.071089 -0.997466
vn -0.002862 0.071089 -0.997466
vn -0.003240 0.996570 -0.082687
vn 0.000003 0.996573 -0.082720
vn 0.000003 0.071139 -0.997466
vn 0.995052 -0.067836 -0.072597
vn 0.002403 -0.071135 -0.997464
vn 0.002403 0.071135 -0.997464
vn 0.995052 0.067836 -0.072597
vn 0.000003 -0.071139 0.997466
vn 0.000003 0.071139 0.997466
vn -0.002862 0.071090 0.997466
vn -0.002862 -0.071090 0.997466
vn -0.995052 -0.067836 0.072597
vn -0.995052 0.067836 0.072597
vn -0.995052 0.067836 -0.072597
vn -0.995052 -0.067836 -0.072597
vn -0.002862 -0.071089 -0.997466
vn -0.002862 0.071089 -0.997466
vn 0.000003 0.071139 -0.997466
vn 0.000003 -0.071139 -0.997466
vn 0.995052 -0.067836 -0.072597
vn 0.995052 0.067836 -0.072597
vn 0.995052 0.067836 0.072597
vn 0.995052 -0.067836 0.072597
vn 0.000003 0.996573 0.082720
vn 0.000003 0.996573 -0.082720
vn -0.003240 0.996570 -0.082687
vn -0.003240 0.996570 0.082687
vn 0.000003 -0.996573 -0.082720
vn 0.000003 -0.996573 0.082720
vn -0.003240 -0.996570 0.082687
vn -0.003240 -0.996570 -0.082687
vn 0.995052 -0.067836 0.072597
vn 0.002403 -0.071135 0.997464
vn 0.002721 -0.996568 0.082738
vn 0.002721 0.996568 0.082738
vn 0.002403 0.071135 0.997464
vn 0.995052 0.067836 0.072597
vn -0.003240 -0.996570 0.082687
vn -0.002862 -0.071090 0.997466
vn -0.995052 -0.067836 0.072597
vn -0.995052 0.067836 0.072597
vn -0.002862 0.071090 0.997466
vn -0.003240 0.996570 0.082687
vn -0.003240 -0.996570 -0.082687
vn -0.995052 -0.067836 -0.072597
vn -0.002862 -0.071089 -0.997466
vn -0.002862 0.071089 -0.997466
vn -0.995052 0.067836 -0.072597
vn -0.003240 0.996570 -0.082687
vn 0.002721 -0.996568 -0.082738
vn 0.002403 -0.071135 -0.997464
vn 0.995052 -0.067836 -0.072597
vn 0.995052 0.067836 -0.072597
vn 0.002403 0.071135 -0.997464
vn 0.002721 0.996568 -0.082738
vn 0.002403 -0.071135 0.997464
vn 0.002403 0.071135 0.997464
vn 0.000003 0.071139 0.997466
vn 0.000003 -0.071139 0.997466
vn 0.002403 0.071135 0.997464
vn 0.002721 0.996568 0.082738
vn 0.000003 0.996573 0.082720
vn 0.000003 0.071139 0.997466
vn 0.002721 0.996568 0.082738
vn 0.002721 0.996568 -0.082738
vn 0.000003 0.996573 -0.082720
vn 0.000003 0.996573 0.082720
vn 0.000003 0.071139 -0.997466
vn 0.000003 0.996573 -0.082720
vn 0.002721 0.996568 -0.082738
vn 0.002403 0.071135 -0.997464
vn 0.000003 -0.071139 -0.997466
vn 0.000003 0.071139 -0.997466
vn 0.002403 0.071135 -0.997464
vn 0.002403 -0.071135 -0.997464
vn 0.000003 -0.996573 -0.082720
vn 0.000003 -0.071139 -0.997466
vn 0.002403 -0.071135 -0.997464
vn 0.002721 -0.996568 -0.082738
vn 0.002721 -0.996568 -0.082738
vn 0.002721 -0.996568 0.082738
vn 0.000003 -0.996573 0.082720
vn 0.000003 -0.996573 -0.082720
vn 0.002721 -0.996568 0.082738
vn 0.002403 -0.071135 0.997464
vn 0.000003 -0.071139 0.997466
vn 0.000003 -0.996573 0.082720
vn -0.998517 -0.028311 -0.046509
vn -0.998517 -0.028311 -0.046509
vn -0.998517 -0.028311 -0.046509
vn -0.998517 -0.028311 -0.046509
vn -0.046391 -0.004811 0.998912
vn -0.046391 -0.004811 0.998912
vn -0.046391 -0.004811 0.998912
vn -0.046391 -0.004811 0.998912
vn 0.998517 0.028311 0.046509
vn 0.998517 0.028311 0.046509
vn 0.998517 0.028311 0.046509
vn 0.998517 0.028311 0.046509
vn 0.046391 0.004812 -0.998912
vn 0.046391 0.004812 -0.998912
vn 0.046391 0.004812 -0.998912
vn 0.046391 0.004812 -0.998912
vn 0.028502 -0.999588 -0.003491
vn 0.028502 -0.999588 -0.003491
vn 0.028502 -0.999588 -0.003491
vn 0.028502 -0.999588 -0.003491
vn -0.028502 0.999588 0.003491
vn -0.028502 0.999588 0.003491
vn -0.028502 0.999588 0.003491
vn -0.028502 0.999588 0.003491
vn 0.998707 -0.027933 -0.042470
vn 0.998707 -0.027933 -0.042470
vn 0.998707 -0.027933 -0.042470
vn 0.998707 -0.027933 -0.042470
vn -0.042453 0.001179 -0.999098
vn -0.042453 0.001179 -0.999098
vn -0.042453 0.001179 -0.999098
vn -0.042453 0.001179 -0.999098
vn -0.998707 0.027933 0.042470
vn -0.998707 0.027933 0.042470
vn -0.998707 0.027933 0.042470
vn -0.998707 0.027933 0.042470
vn 0.042453 -0.001178 0.999098
vn 0.042453 -0.001178 0.999098
vn 0.042453 -0.001178 0.999098
vn 0.042453 -0.001178 0.999098
vn -0.027956 -0.999609 0.000009
vn -0.027956 -0.999609 0.000009
vn -0.027956 -0.999609 0.000009
vn -0.027956 -0.999609 0.000009
vn 0.027956 0.999609 -0.000009
vn 0.027956 0.999609 -0.000009
vn 0.027956 0.999609 -0.000009
vn 0.027956 0.999609 -0.000009
vn -0.998517 -0.028311 -0.046509
vn -0.998517 -0.028311 -0.046509
vn -0.998517 -0.028311 -0.046509
vn -0.998517 -0.028311 -0.046509
vn -0.046391 -0.004811 0.998912
vn -0.046391 -0.004811 0.998912
vn -0.046391 -0.004811 0.998912
vn -0.046391 -0.004811 0.998912
vn 0.998517 0.028311 0.046509
vn 0.998517 0.028311 0.046509
vn 0.998517 0.028311 0.046509
vn 0.998517 0.028311 0.046509
vn 0.046391 0.004812 -0.998912
vn 0.046391 0.004812 -0.998912
vn 0.046391 0.004812 -0.998912
vn 0.046391 0.004812 -0.998912
vn 0.028502 -0.999588 -0.003491
vn 0.028502 -0.999588 -0.003491
vn 0.028502 -0.999588 -0.003491
vn 0.028502 -0.999588 -0.003491
vn -0.028502 0.999588 0.003491
vn -0.028502 0.999588 0.003491
vn -0.028502 0.999588 0.003491
vn -0.028502 0.999588 0.003491
vn 0.995052 -0.067836 0.072597
vn 0.002721 -0.996568 0.082738
vn 0.002721 -0.996568 -0.082738
vn 0.995052 -0.067836 -0.072597
vn 0.002403 -0.071135 0.997464
vn 0.995052 -0.067836 0.072597
vn 0.995052 0.067836 0.072597
vn 0.002403 0.071135 0.997464
vn 0.000003 -0.996573 0.082720
vn 0.000003 -0.071139 0.997466
vn -0.002862 -0.071090 0.997466
vn -0.003240 -0.996570 0.082687
vn 0.002721 0.996568 0.082738
vn 0.995052 0.067836 0.072597
vn 0.995052 0.067836 -0.072597
vn 0.002721 0.996568 -0.082738
vn 0.000003 0.071139 0.997466
vn 0.000003 0.996573 0.082720
vn -0.003240 0.996570 0.082687
vn -0.002862 0.071090 0.997466
vn -0.003240 -0.996570 0.082687
vn -0.995052 -0.067836 0.072597
vn -0.995052 -0.067836 -0.072597
vn -0.003240 -0.996570 -0.082687
vn -0.995052 -0.067836 0.072597
vn -0.002862 -0.071090 0.997466
vn -0.002862 0.071090 0.997466
vn -0.995052 0.067836 0.072597
vn -0.995052 0.067836 0.072597
vn -0.003240 0.996570 0.082687
vn -0.003240 0.996570 -0.082687
vn -0.995052 0.067836 -0.072597
vn -0.003240 -0.996570 -0.082687
vn -0.002862 -0.071089 -0.997466
vn 0.000003 -0.071139 -0.997466
vn 0.000003 -0.996573 -0.082720
vn -0.002862 -0.071089 -0.997466
vn -0.995052 -0.067836 -0.072597
vn -0.995052 0.067836 -0.072597
vn -0.002862 0.071089 -0.997466
vn -0.002862 0.071089 -0.997466
vn -0.003240 0.996570 -0.082687
vn 0.000003 0.996573 -0.082720
vn 0.000003 0.071139 -0.997466
vn 0.995052 -0.067836 -0.072597
vn 0.002403 -0.071135 -0.997464
vn 0.002403 0.071135 -0.997464
vn 0.995052 0.067836 -0.072597
vn 0.000003 -0.071139 0.997466
vn 0.000003 0.071139 0.997466
vn -0.002862 0.071090 0.997466
vn -0.002862 -0.071090 0.997466
vn -0.995052 -0.067836 0.072597
vn -0.995052 0.067836 0.072597
vn -0.995052 0.067836 -0.072597
vn -0.995052 -0.067836 -0.072597
vn -0.002862 -0.071089 -0.997466
vn -0.002862 0.071089 -0.997466
vn 0.000003 0.071139 -0.997466
vn 0.000003 -0.071139 -0.997466
vn 0.995052 -0.067836 -0.072597
vn 0.995052 0.067836 -0.072597
vn 0.995052 0.067836 0.072597
vn 0.995052 -0.067836 0.072597
vn 0.000003 0.996573 0.082720
vn 0.000003 0.996573 -0.082720
vn -0.003240 0.996570 -0.082687
vn -0.003240 0.996570 0.082687
vn 0.000003 -0.996573 -0.082720
vn 0.000003 -0.996573 0.082720
vn -0.003240 -0.996570 0.082687
vn -0.003240 -0.996570 -0.082687
vn 0.995052 -0.067836 0.072597
vn 0.002403 -0.071135 0.997464
vn 0.002721 -0.996568 0.082738
vn 0.002721 0.996568 0.082738
vn 0.002403 0.071135 0.997464
vn 0.995052 0.067836 0.072597
vn -0.003240 -0.996570 0.082687
vn -0.002862 -0.071090 0.997466
vn -0.995052 -0.067836 0.072597
vn -0.995052 0.067836 0.072597
vn -0.002862 0.071090 0.997466
vn -0.003240 0.996570 0.082687
vn -0.003240 -0.996570 -0.082687
vn -0.995052 -0.067836 -0.072597
vn -0.002862 -0.071089 -0.997466
vn -0.002862 0.071089 -0.997466
vn -0.995052 0.067836 -0.072597
vn -0.003240 0.996570 -0.082687
vn 0.002721 -0.996568 -0.082738
vn 0.002403 -0.071135 -0.997464
vn 0.995052 -0.067836 -0.072597
vn 0.995052 0.067836 -0.072597
vn 0.002403 0.071135 -0.997464
vn 0.002721 0.996568 -0.082738
vn 0.002403 -0.071135 0.997464
vn 0.002403 0.071135 0.997464
vn 0.000003 0.071139 0.997466
vn 0.000003 -0.071139 0.997466
vn 0.002403 0.071135 0.997464
vn 0.002721 0.996568 0.082738
vn 0.000003 0.996573 0.082720
vn 0.000003 0.071139 0.997466
vn 0.002721 0.996568 0.082738
vn 0.002721 0.996568 -0.082738
vn 0.000003 0.996573 -0.082720
vn 0.000003 0.996573 0.082720
vn 0.000003 0.071139 -0.997466
vn 0.000003 0.996573 -0.082720
vn 0.002721 0.996568 -0.082738
vn 0.002403 0.071135 -0.997464
vn 0.000003 -0.071139 -0.997466
vn 0.000003 0.071139 -0.997466
vn 0.002403 0.071135 -0.997464
vn 0.002403 -0.071135 -0.997464
vn 0.000003 -0.996573 -0.082720
vn 0.000003 -0.071139 -0.997466
vn 0.002403 -0.071135 -0.997464
vn 0.002721 -0.996568 -0.082738
vn 0.002721 -0.996568 -0.082738
vn 0.002721 -0.996568 0.082738
vn 0.000003 -0.996573 0.082720
vn 0.000003 -0.996573 -0.082720
vn 0.002721 -0.996568 0.082738
vn 0.002403 -0.071135 0.997464
vn 0.000003 -0.071139 0.997466
vn 0.000003 -0.996573 0.082720
vn -0.998655 0.028013 0.043623
vn -0.998655 0.028013 0.043623
vn -0.998655 0.028013 0.043623
vn -0.998655 0.028013 0.043623
vn -0.043950 -0.011177 -0.998971
vn -0.043950 -0.011177 -0.998971
vn -0.043950 -0.011177 -0.998971
vn -0.043950 -0.011177 -0.998971
vn 0.998655 -0.028013 -0.043623
vn 0.998655 -0.028013 -0.043623
vn 0.998655 -0.028013 -0.043623
vn 0.998655 -0.028013 -0.043623
vn 0.043950 0.011176 0.998971
vn 0.043950 0.011176 0.998971
vn 0.043950 0.011176 0.998971
vn 0.043950 0.011176 0.998971
vn 0.027496 0.999545 -0.012393
vn 0.027496 0.999545 -0.012393
vn 0.027496 0.999545 -0.012393
vn 0.027496 0.999545 -0.012393
vn -0.027496 -0.999545 0.012393
vn -0.027496 -0.999545 0.012393
vn -0.027496 -0.999545 0.012393
vn -0.027496 -0.999545 0.012393
vn 0.996009 0.028255 0.084668
vn 0.996009 0.028255 0.084668
vn 0.996009 0.028255 0.084668
vn 0.996009 0.028255 0.084668
vn -0.084752 0.001808 0.996400
vn -0.084752 0.001808 0.996400
vn -0.084752 0.001808 0.996400
vn -0.084752 0.001808 0.996400
vn -0.996009 -0.028255 -0.084668
vn -0.996009 -0.028255 -0.084668
vn -0.996009 -0.028255 -0.084668
vn -0.996009 -0.028255 -0.084668
vn 0.084752 -0.001809 -0.996400
vn 0.084752 -0.001809 -0.996400
vn 0.084752 -0.001809 -0.996400
vn 0.084752 -0.001809 -0.996400
vn -0.027999 0.999599 -0.004195
vn -0.027999 0.999599 -0.004195
vn -0.027999 0.999599 -0.004195
vn -0.027999 0.999599 -0.004195
vn 0.027999 -0.999599 0.004195
vn 0.027999 -0.999599 0.004195
vn 0.027999 -0.999599 0.004195
vn 0.027999 -0.999599 0.004195
vn 0.048250 0.013518 -0.998744
vn 0.073943 -0.993774 -0.083341
vn -0.078376 -0.993643 -0.080810
vn -0.081379 0.013629 -0.996590
vn 0.996656 -0.077670 -0.025390
vn 0.048250 0.013518 -0.998744
vn 0.048536 0.144759 -0.988276
vn 0.996992 0.076388 -0.013102
vn 0.078283 0.994090 0.075214
vn 0.048536 0.144759 -0.988276
vn -0.081092 0.144870 -0.986122
vn -0.074036 0.994221 0.077745
vn -0.081379 0.013629 -0.996590
vn -0.997081 -0.075960 0.007736
vn -0.996745 0.078098 0.020024
vn -0.081092 0.144870 -0.986122
vn -0.081379 0.013629 -0.996590
vn -0.081092 0.144870 -0.986122
vn 0.048536 0.144759 -0.988276
vn 0.048250 0.013518 -0.998744
vn 0.048250 0.013518 -0.998744
vn 0.996656 -0.077670 -0.025390
vn 0.073943 -0.993774 -0.083341
vn 0.078283 0.994090 0.075214
vn 0.996992 0.076388 -0.013102
vn 0.048536 0.144759 -0.988276
vn -0.078376 -0.993643 -0.080810
vn -0.997081 -0.075960 0.007736
vn -0.081379 0.013629 -0.996590
vn -0.081092 0.144870 -0.986122
vn -0.996745 0.078098 0.020024
vn -0.074036 0.994221 0.077745
vn 0.996656 -0.077670 -0.025390
vn 0.996992 0.076388 -0.013102
vn 0.997040 0.076179 -0.010422
vn 0.996703 -0.077889 -0.022711
vn 0.996992 0.076388 -0.013102
vn 0.078283 0.994090 0.075214
vn 0.078312 0.993872 0.078009
vn 0.997040 0.076179 -0.010422
vn 0.078283 0.994090 0.075214
vn -0.074036 0.994221 0.077745
vn -0.073973 0.994003 0.080540
vn 0.078312 0.993872 0.078009
vn -0.996704 0.077890 0.022704
vn -0.073973 0.994003 0.080540
vn -0.074036 0.994221 0.077745
vn -0.996745 0.078098 0.020024
vn -0.997040 -0.076179 0.010415
vn -0.996704 0.077890 0.022704
vn -0.996745 0.078098 0.020024
vn -0.997081 -0.075960 0.007736
vn -0.078312 -0.993872 -0.078016
vn -0.997040 -0.076179 0.010415
vn -0.997081 -0.075960 0.007736
vn -0.078376 -0.993643 -0.080810
vn -0.078376 -0.993643 -0.080810
vn 0.073943 -0.993774 -0.083341
vn 0.073972 -0.994002 -0.080546
vn -0.078312 -0.993872 -0.078016
vn 0.073943 -0.993774 -0.083341
vn 0.996656 -0.077670 -0.025390
vn 0.996703 -0.077889 -0.022711
vn 0.073972 -0.994002 -0.080546
vn 0.996798 -0.054369 0.058626
vn 0.008566 -0.997036 0.076454
vn 0.008519 -0.997080 -0.075886
vn 0.996762 -0.054403 -0.059215
vn 0.003697 -0.076970 0.997027
vn 0.996798 -0.054369 0.058626
vn 0.996144 0.065299 0.058592
vn 0.002852 0.077575 0.996982
vn 0.005479 -0.997059 0.076438
vn 0.000737 -0.076991 0.997032
vn -0.002798 -0.076956 0.997031
vn 0.001795 -0.997075 0.076409
vn -0.002337 0.997114 0.075884
vn 0.996144 0.065299 0.058592
vn 0.996107 0.065265 -0.059249
vn -0.002385 0.997070 -0.076456
vn -0.000109 0.077564 0.996987
vn -0.005424 0.997103 0.075868
vn -0.009109 0.997079 0.075839
vn -0.003642 0.077491 0.996987
vn 0.001795 -0.997075 0.076409
vn -0.996107 -0.065265 0.059249
vn -0.996144 -0.065299 -0.058592
vn 0.001748 -0.997119 -0.075837
vn -0.996107 -0.065265 0.059249
vn -0.002798 -0.076956 0.997031
vn -0.003642 0.077491 0.996987
vn -0.996762 0.054403 0.059215
vn -0.996762 0.054403 0.059215
vn -0.009109 0.997079 0.075839
vn -0.009156 0.997035 -0.076407
vn -0.996798 0.054369 -0.058626
vn 0.001748 -0.997119 -0.075837
vn -0.003418 -0.077528 -0.996984
vn 0.000116 -0.077564 -0.996987
vn 0.005432 -0.997103 -0.075868
vn -0.003418 -0.077528 -0.996984
vn -0.996144 -0.065299 -0.058592
vn -0.996798 0.054369 -0.058626
vn -0.004263 0.076917 -0.997028
vn -0.004263 0.076917 -0.997028
vn -0.009156 0.997035 -0.076407
vn -0.005472 0.997059 -0.076438
vn -0.000729 0.076991 -0.997032
vn 0.996762 -0.054403 -0.059215
vn 0.003076 -0.077543 -0.996984
vn 0.002231 0.077002 -0.997028
vn 0.996107 0.065265 -0.059249
vn 0.000737 -0.076991 0.997032
vn -0.000109 0.077564 0.996987
vn -0.003642 0.077491 0.996987
vn -0.002798 -0.076956 0.997031
vn -0.996107 -0.065265 0.059249
vn -0.996762 0.054403 0.059215
vn -0.996798 0.054369 -0.058626
vn -0.996144 -0.065299 -0.058592
vn -0.003418 -0.077528 -0.996984
vn -0.004263 0.076917 -0.997028
vn -0.000729 0.076991 -0.997032
vn 0.000116 -0.077564 -0.996987
vn 0.996762 -0.054403 -0.059215
vn 0.996107 0.065265 -0.059249
vn 0.996144 0.065299 0.058592
vn 0.996798 -0.054369 0.058626
vn -0.005424 0.997103 0.075868
vn -0.005472 0.997059 -0.076438
vn -0.009156 0.997035 -0.076407
vn -0.009109 0.997079 0.075839
vn 0.005432 -0.997103 -0.075868
vn 0.005479 -0.997059 0.076438
vn 0.001795 -0.997075 0.076409
vn 0.001748 -0.997119 -0.075837
vn 0.996798 -0.054369 0.058626
vn 0.003697 -0.076970 0.997027
vn 0.008566 -0.997036 0.076454
vn -0.002337 0.997114 0.075884
vn 0.002852 0.077575 0.996982
vn 0.996144 0.065299 0.058592
vn 0.001795 -0.997075 0.076409
vn -0.002798 -0.076956 0.997031
vn -0.996107 -0.065265 0.059249
vn -0.996762 0.054403 0.059215
vn -0.003642 0.077491 0.996987
vn -0.009109 0.997079 0.075839
vn 0.001748 -0.997119 -0.075837
vn -0.996144 -0.065299 -0.058592
vn -0.003418 -0.077528 -0.996984
vn -0.004263 0.076917 -0.997028
vn -0.996798 0.054369 -0.058626
vn -0.009156 0.997035 -0.076407
vn 0.008519 -0.997080 -0.075886
vn 0.003076 -0.077543 -0.996984
vn 0.996762 -0.054403 -0.059215
vn 0.996107 0.065265 -0.059249
vn 0.002231 0.077002 -0.997028
vn -0.002385 0.997070 -0.076456
vn 0.003697 -0.076970 0.997027
vn 0.002852 0.077575 0.996982
vn -0.000109 0.077564 0.996987
vn 0.000737 -0.076991 0.997032
vn 0.002852 0.077575 0.996982
vn -0.002337 0.997114 0.075884
vn -0.005424 0.997103 0.075868
vn -0.000109 0.077564 0.996987
vn -0.002337 0.997114 0.075884
vn -0.002385 0.997070 -0.076456
vn -0.005472 0.997059 -0.076438
vn -0.005424 0.997103 0.075868
vn -0.000729 0.076991 -0.997032
vn -0.005472 0.997059 -0.076438
vn -0.002385 0.997070 -0.076456
vn 0.002231 0.077002 -0.997028
vn 0.000116 -0.077564 -0.996987
vn -0.000729 0.076991 -0.997032
vn 0.002231 0.077002 -0.997028
vn 0.003076 -0.077543 -0.996984
vn 0.005432 -0.997103 -0.075868
vn 0.000116 -0.077564 -0.996987
vn 0.003076 -0.077543 -0.996984
vn 0.008519 -0.997080 -0.075886
vn 0.008519 -0.997080 -0.075886
vn 0.008566 -0.997036 0.076454
vn 0.005479 -0.997059 0.076438
vn 0.005432 -0.997103 -0.075868
vn 0.008566 -0.997036 0.076454
vn 0.003697 -0.076970 0.997027
vn 0.000737 -0.076991 0.997032
vn 0.005479 -0.997059 0.076438
vn 0.995052 -0.067836 0.072597
vn 0.002721 -0.996568 0.082738
vn 0.002721 -0.996568 -0.082738
vn 0.995052 -0.067836 -0.072597
vn 0.002403 -0.071135 0.997464
vn 0.995052 -0.067836 0.072597
vn 0.995052 0.067836 0.072597
vn 0.002403 0.071135 0.997464
vn 0.000003 -0.996573 0.082720
vn 0.000003 -0.071139 0.997466
vn -0.002862 -0.071090 0.997466
vn -0.003240 -0.996570 0.082687
vn 0.002721 0.996568 0.082738
vn 0.995052 0.067836 0.072597
vn 0.995052 0.067836 -0.072597
vn 0.002721 0.996568 -0.082738
vn 0.000003 0.071139 0.997466
vn 0.000003 0.996573 0.082720
vn -0.003240 0.996570 0.082687
vn -0.002862 0.071090 0.997466
vn -0.003240 -0.996570 0.082687
vn -0.995052 -0.067836 0.072597
vn -0.995052 -0.067836 -0.072597
vn -0.003240 -0.996570 -0.082687
vn -0.995052 -0.067836 0.072597
vn -0.002862 -0.071090 0.997466
vn -0.002862 0.071090 0.997466
vn -0.995052 0.067836 0.072597
vn -0.995052 0.067836 0.072597
vn -0.003240 0.996570 0.082687
vn -0.003240 0.996570 -0.082687
vn -0.995052 0.067836 -0.072597
vn -0.003240 -0.996570 -0.082687
vn -0.002862 -0.071089 -0.997466
vn 0.000003 -0.071139 -0.997466
vn 0.000003 -0.996573 -0.082720
vn -0.002862 -0.071089 -0.997466
vn -0.995052 -0.067836 -0.072597
vn -0.995052 0.067836 -0.072597
vn -0.002862 0.071089 -0.997466
vn -0.002862 0.071089 -0.997466
vn -0.003240 0.996570 -0.082687
vn 0.000003 0.996573 -0.082720
vn 0.000003 0.071139 -0.997466
vn 0.995052 -0.067836 -0.072597
vn 0.002403 -0.071135 -0.997464
vn 0.002403 0.071135 -0.997464
vn 0.995052 0.067836 -0.072597
vn 0.000003 -0.071139 0.997466
vn 0.000003 0.071139 0.997466
vn -0.002862 0.071090 0.997466
vn -0.002862 -0.071090 0.997466
vn -0.995052 -0.067836 0.072597
vn -0.995052 0.067836 0.072597
vn -0.995052 0.067836 -0.072597
vn -0.995052 -0.067836 -0.072597
vn -0.002862 -0.071089 -0.997466
vn -0.002862 0.071089 -0.997466
vn 0.000003 0.071139 -0.997466
vn 0.000003 -0.071139 -0.997466
vn 0.995052 -0.067836 -0.072597
vn 0.995052 0.067836 -0.072597
vn 0.995052 0.067836 0.072597
vn 0.995052 -0.067836 0.072597
vn 0.000003 0.996573 0.082720
vn 0.000003 0.996573 -0.082720
vn -0.003240 0.996570 -0.082687
vn -0.003240 0.996570 0.082687
vn 0.000003 -0.996573 -0.082720
vn 0.000003 -0.996573 0.082720
vn -0.003240 -0.996570 0.082687
vn -0.003240 -0.996570 -0.082687
vn 0.995052 -0.067836 0.072597
vn 0.002403 -0.071135 0.997464
vn 0.002721 -0.996568 0.082738
vn 0.002721 0.996568 0.082738
vn 0.002403 0.071135 0.997464
vn 0.995052 0.067836 0.072597
vn -0.003240 -0.996570 0.082687
vn -0.002862 -0.071090 0.997466
vn -0.995052 -0.067836 0.072597
vn -0.995052 0.067836 0.072597
vn -0.002862 0.071090 0.997466
vn -0.003240 0.996570 0.082687
vn -0.003240 -0.996570 -0.082687
vn -0.995052 -0.067836 -0.072597
vn -0.002862 -0.071089 -0.997466
vn -0.002862 0.071089 -0.997466
vn -0.995052 0.067836 -0.072597
vn -0.003240 0.996570 -0.082687
vn 0.002721 -0.996568 -0.082738
vn 0.002403 -0.071135 -0.997464
vn 0.995052 -0.067836 -0.072597
vn 0.995052 0.067836 -0.072597
vn 0.002403 0.071135 -0.997464
vn 0.002721 0.996568 -0.082738
vn 0.002403 -0.071135 0.997464
vn 0.002403 0.071135 0.997464
vn 0.000003 0.071139 0.997466
vn 0.000003 -0.071139 0.997466
vn 0.002403 0.071135 0.997464
vn 0.002721 0.996568 0.082738
vn 0.000003 0.996573 0.082720
vn 0.000003 0.071139 0.997466
vn 0.002721 0.996568 0.082738
vn 0.002721 0.996568 -0.082738
vn 0.000003 0.996573 -0.082720
vn 0.000003 0.996573 0.082720
vn 0.000003 0.071139 -0.997466
vn 0.000003 0.996573 -0.082720
vn 0.002721 0.996568 -0.082738
vn 0.002403 0.071135 -0.997464
vn 0.000003 -0.071139 -0.997466
vn 0.000003 0.071139 -0.997466
vn 0.002403 0.071135 -0.997464
vn 0.002403 -0.071135 -0.997464
vn 0.000003 -0.996573 -0.082720
vn 0.000003 -0.071139 -0.997466
vn 0.002403 -0.071135 -0.997464
vn 0.002721 -0.996568 -0.082738
vn 0.002721 -0.996568 -0.082738
vn 0.002721 -0.996568 0.082738
vn 0.000003 -0.996573 0.082720
vn 0.000003 -0.996573 -0.082720
vn 0.002721 -0.996568 0.082738
vn 0.002403 -0.071135 0.997464
vn 0.000003 -0.071139 0.997466
vn 0.000003 -0.996573 0.082720
vn -0.998517 -0.028311 -0.046509
vn -0.998517 -0.028311 -0.046509
vn -0.998517 -0.028311 -0.046509
vn -0.998517 -0.028311 -0.046509
vn -0.046391 -0.004811 0.998912
vn -0.046391 -0.004811 0.998912
vn -0.046391 -0.004811 0.998912
vn -0.046391 -0.004811 0.998912
vn 0.998517 0.028311 0.046509
vn 0.998517 0.028311 0.046509
vn 0.998517 0.028311 0.046509
vn 0.998517 0.028311 0.046509
vn 0.046391 0.004812 -0.998912
vn 0.046391 0.004812 -0.998912
vn 0.046391 0.004812 -0.998912
vn 0.046391 0.004812 -0.998912
vn 0.028502 -0.999588 -0.003491
vn 0.028502 -0.999588 -0.003491
vn 0.028502 -0.999588 -0.003491
vn 0.028502 -0.999588 -0.003491
vn -0.028502 0.999588 0.003491
vn -0.028502 0.999588 0.003491
vn -0.028502 0.999588 0.003491
vn -0.028502 0.999588 0.003491
vn 0.998707 -0.027933 -0.042470
vn 0.998707 -0.027933 -0.042470
vn 0.998707 -0.027933 -0.042470
vn 0.998707 -0.027933 -0.042470
vn -0.042453 0.001179 -0.999098
vn -0.042453 0.001179 -0.999098
vn -0.042453 0.001179 -0.999098
vn -0.042453 0.001179 -0.999098
vn -0.998707 0.027933 0.042470
vn -0.998707 0.027933 0.042470
vn -0.998707 0.027933 0.042470
vn -0.998707 0.027933 0.042470
vn 0.042453 -0.001178 0.999098
vn 0.042453 -0.001178 0.999098
vn 0.042453 -0.001178 0.999098
vn 0.042453 -0.001178 0.999098
vn -0.027956 -0.999609 0.000009
vn -0.027956 -0.999609 0.000009
vn -0.027956 -0.999609 0.000009
vn -0.027956 -0.999609 0.000009
vn 0.027956 0.999609 -0.000009
vn 0.027956 0.999609 -0.000009
vn 0.027956 0.999609 -0.000009
vn 0.027956 0.999609 -0.000009
vn 0.996573 -0.067836 -0.047326
vn 0.012629 -0.996568 0.081814
vn -0.007227 -0.996568 -0.082467
vn 0.979151 -0.067836 -0.191472
vn 0.122074 -0.071135 0.989969
vn 0.996573 -0.067836 -0.047326
vn 0.996573 0.067836 -0.047326
vn 0.122074 0.071135 0.989969
vn 0.009929 -0.996573 0.082122
vn 0.119692 -0.071139 0.990259
vn 0.116847 -0.071090 0.990602
vn 0.006705 -0.996570 0.082478
vn 0.012629 0.996568 0.081814
vn 0.996573 0.067836 -0.047326
vn 0.979151 0.067836 -0.191472
vn -0.007227 0.996568 -0.082467
vn 0.119692 0.071139 0.990259
vn 0.009929 0.996573 0.082122
vn 0.006705 0.996570 0.082478
vn 0.116847 0.071090 0.990602
vn 0.006705 -0.996570 0.082478
vn -0.979151 -0.067836 0.191472
vn -0.996573 -0.067836 0.047326
vn -0.013139 -0.996570 -0.081701
vn -0.979151 -0.067836 0.191472
vn 0.116847 -0.071090 0.990602
vn 0.116847 0.071090 0.990602
vn -0.979151 0.067836 0.191472
vn -0.979151 0.067836 0.191472
vn 0.006705 0.996570 0.082478
vn -0.013139 0.996570 -0.081701
vn -0.996573 0.067836 0.047326
vn -0.013139 -0.996570 -0.081701
vn -0.122530 -0.071089 -0.989916
vn -0.119686 -0.071139 -0.990260
vn -0.009923 -0.996573 -0.082122
vn -0.122530 -0.071089 -0.989916
vn -0.996573 -0.067836 0.047326
vn -0.996573 0.067836 0.047326
vn -0.122530 0.071089 -0.989916
vn -0.122530 0.071089 -0.989916
vn -0.013139 0.996570 -0.081701
vn -0.009923 0.996573 -0.082122
vn -0.119686 0.071139 -0.990260
vn 0.979151 -0.067836 -0.191472
vn -0.117302 -0.071135 -0.990545
vn -0.117302 0.071135 -0.990545
vn 0.979151 0.067836 -0.191472
vn 0.119692 -0.071139 0.990259
vn 0.119692 0.071139 0.990259
vn 0.116847 0.071090 0.990602
vn 0.116847 -0.071090 0.990602
vn -0.979151 -0.067836 0.191472
vn -0.979151 0.067836 0.191472
vn -0.996573 0.067836 0.047326
vn -0.996573 -0.067836 0.047326
vn -0.122530 -0.071089 -0.989916
vn -0.122530 0.071089 -0.989916
vn -0.119686 0.071139 -0.990260
vn -0.119686 -0.071139 -0.990260
vn 0.979151 -0.067836 -0.191472
vn 0.979151 0.067836 -0.191472
vn 0.996573 0.067836 -0.047326
vn 0.996573 -0.067836 -0.047326
vn 0.009929 0.996573 0.082122
vn -0.009923 0.996573 -0.082122
vn -0.013139 0.996570 -0.081701
vn 0.006705 0.996570 0.082478
vn -0.009923 -0.996573 -0.082122
vn 0.009929 -0.996573 0.082122
vn 0.006705 -0.996570 0.082478
vn -0.013139 -0.996570 -0.081701
vn 0.996573 -0.067836 -0.047326
vn 0.122074 -0.071135 0.989969
vn 0.012629 -0.996568 0.081814
vn 0.012629 0.996568 0.081814
vn 0.122074 0.071135 0.989969
vn 0.996573 0.067836 -0.047326
vn 0.006705 -0.996570 0.082478
vn 0.116847 -0.071090 0.990602
vn -0.979151 -0.067836 0.191472
vn -0.979151 0.067836 0.191472
vn 0.116847 0.071090 0.990602
vn 0.006705 0.996570 0.082478
vn -0.013139 -0.996570 -0.081701
vn -0.996573 -0.067836 0.047326
vn -0.122530 -0.071089 -0.989916
vn -0.122530 0.071089 -0.989916
vn -0.996573 0.067836 0.047326
vn -0.013139 0.996570 -0.081701
vn -0.007227 -0.996568 -0.082467
vn -0.117302 -0.071135 -0.990545
vn 0.979151 -0.067836 -0.191472
vn 0.979151 0.067836 -0.191472
vn -0.117302 0.071135 -0.990545
vn -0.007227 0.996568 -0.082467
vn 0.122074 -0.071135 0.989969
vn 0.122074 0.071135 0.989969
vn 0.119692 0.071139 0.990259
vn 0.119692 -0.071139 0.990259
vn 0.122074 0.071135 0.989969
vn 0.012629 0.996568 0.081814
vn 0.009929 0.996573 0.082122
vn 0.119692 0.071139 0.990259
vn 0.012629 0.996568 0.081814
vn -0.007227 0.996568 -0.082467
vn -0.009923 0.996573 -0.082122
vn 0.009929 0.996573 0.082122
vn -0.119686 0.071139 -0.990260
vn -0.009923 0.996573 -0.082122
vn -0.007227 0.996568 -0.082467
vn -0.117302 0.071135 -0.990545
vn -0.119686 -0.071139 -0.990260
vn -0.119686 0.071139 -0.990260
vn -0.117302 0.071135 -0.990545
vn -0.117302 -0.071135 -0.990545
vn -0.009923 -0.996573 -0.082122
vn -0.119686 -0.071139 -0.990260
vn -0.117302 -0.071135 -0.990545
vn -0.007227 -0.996568 -0.082467
vn -0.007227 -0.996568 -0.082467
vn 0.012629 -0.996568 0.081814
vn 0.009929 -0.996573 0.082122
vn -0.009923 -0.996573 -0.082122
vn 0.012629 -0.996568 0.081814
vn 0.122074 -0.071135 0.989969
vn 0.119692 -0.071139 0.990259
vn 0.009929 -0.996573 0.082122
vn -0.998517 -0.028311 -0.046509
vn -0.998517 -0.028311 -0.046509
vn -0.998517 -0.028311 -0.046509
vn -0.998517 -0.028311 -0.046509
vn -0.046391 -0.004811 0.998912
vn -0.046391 -0.004811 0.998912
vn -0.046391 -0.004811 0.998912
vn -0.046391 -0.004811 0.998912
vn 0.998517 0.028311 0.046509
vn 0.998517 0.028311 0.046509
vn 0.998517 0.028311 0.046509
vn 0.998517 0.028311 0.046509
vn 0.046391 0.004812 -0.998912
vn 0.046391 0.004812 -0.998912
vn 0.046391 0.004812 -0.998912
vn 0.046391 0.004812 -0.998912
vn 0.028502 -0.999588 -0.003491
vn 0.028502 -0.999588 -0.003491
vn 0.028502 -0.999588 -0.003491
vn 0.028502 -0.999588 -0.003491
vn -0.028502 0.999588 0.003491
vn -0.028502 0.999588 0.003491
vn -0.028502 0.999588 0.003491
vn -0.028502 0.999588 0.003491
vn -0.073693 -0.994637 0.072567
vn -0.997092 -0.002505 0.076170
vn -0.997092 -0.002505 -0.076170
vn -0.073693 -0.994637 -0.072567
vn -0.077274 -0.002402 0.997007
vn -0.073693 -0.994637 0.072567
vn 0.073693 -0.994637 0.072567
vn 0.077274 -0.002402 0.997007
vn -0.997096 -0.000003 0.076153
vn -0.077279 -0.000003 0.997010
vn -0.077225 0.002861 0.997010
vn -0.997094 0.002983 0.076123
vn 0.997092 -0.002505 0.076170
vn 0.073693 -0.994637 0.072567
vn 0.073693 -0.994637 -0.072567
vn 0.997092 -0.002505 -0.076170
vn 0.077279 -0.000003 0.997010
vn 0.997096 -0.000003 0.076153
vn 0.997094 0.002983 0.076123
vn 0.077225 0.002861 0.997010
vn -0.997094 0.002983 0.076123
vn -0.073693 0.994637 0.072567
vn -0.073693 0.994637 -0.072567
vn -0.997094 0.002983 -0.076123
vn -0.073693 0.994637 0.072567
vn -0.077225 0.002861 0.997010
vn 0.077225 0.002861 0.997010
vn 0.073693 0.994637 0.072567
vn 0.073693 0.994637 0.072567
vn 0.997094 0.002983 0.076123
vn 0.997094 0.002983 -0.076123
vn 0.073693 0.994637 -0.072567
vn -0.997094 0.002983 -0.076123
vn -0.077224 0.002861 -0.997010
vn -0.077279 -0.000003 -0.997010
vn -0.997096 -0.000003 -0.076153
vn -0.077224 0.002861 -0.997010
vn -0.073693 0.994637 -0.072567
vn 0.073693 0.994637 -0.072567
vn 0.077224 0.002861 -0.997010
vn 0.077224 0.002861 -0.997010
vn 0.997094 0.002983 -0.076123
vn 0.997096 -0.000003 -0.076153
vn 0.077279 -0.000003 -0.997010
vn -0.073693 -0.994637 -0.072567
vn -0.077274 -0.002402 -0.997007
vn 0.077274 -0.002402 -0.997007
vn 0.073693 -0.994637 -0.072567
vn -0.077279 -0.000003 0.997010
vn 0.077279 -0.000003 0.997010
vn 0.077225 0.002861 0.997010
vn -0.077225 0.002861 0.997010
vn -0.073693 0.994637 0.072567
vn 0.073693 0.994637 0.072567
vn 0.073693 0.994637 -0.072567
vn -0.073693 0.994637 -0.072567
vn -0.077224 0.002861 -0.997010
vn 0.077224 0.002861 -0.997010
vn 0.077279 -0.000003 -0.997010
vn -0.077279 -0.000003 -0.997010
vn -0.073693 -0.994637 -0.072567
vn 0.073693 -0.994637 -0.072567
vn 0.073693 -0.994637 0.072567
vn -0.073693 -0.994637 0.072567
vn 0.997096 -0.000003 0.076153
vn 0.997096 -0.000003 -0.076153
vn 0.997094 0.002983 -0.076123
vn 0.997094 0.002983 0.076123
vn -0.997096 -0.000003 -0.076153
vn -0.997096 -0.000003 0.076153
vn -0.997094 0.002983 0.076123
vn -0.997094 0.002983 -0.076123
vn -0.073693 -0.994637 0.072567
vn -0.077274 -0.002402 0.997007
vn -0.997092 -0.002505 0.076170
vn 0.997092 -0.002505 0.076170
vn 0.077274 -0.002402 0.997007
vn 0.073693 -0.994637 0.072567
vn -0.997094 0.002983 0.076123
vn -0.077225 0.002861 0.997010
vn -0.073693 0.994637 0.072567
vn 0.073693 0.994637 0.072567
vn 0.077225 0.002861 0.997010
vn 0.997094 0.002983 0.076123
vn -0.997094 0.002983 -0.076123
vn -0.073693 0.994637 -0.072567
vn -0.077224 0.002861 -0.997010
vn 0.077224 0.002861 -0.997010
vn 0.073693 0.994637 -0.072567
vn 0.997094 0.002983 -0.076123
vn -0.997092 -0.002505 -0.076170
vn -0.077274 -0.002402 -0.997007
vn -0.073693 -0.994637 -0.072567
vn 0.073693 -0.994637 -0.072567
vn 0.077274 -0.002402 -0.997007
vn 0.997092 -0.002505 -0.076170
vn -0.077274 -0.002402 0.997007
vn 0.077274 -0.002402 0.997007
vn 0.077279 -0.000003 0.997010
vn -0.077279 -0.000003 0.997010
vn 0.077274 -0.002402 0.997007
vn 0.997092 -0.002505 0.076170
vn 0.997096 -0.000003 0.076153
vn 0.077279 -0.000003 0.997010
vn 0.997092 -0.002505 0.076170
vn 0.997092 -0.002505 -0.076170
vn 0.997096 -0.000003 -0.076153
vn 0.997096 -0.000003 0.076153
vn 0.077279 -0.000003 -0.997010
vn 0.997096 -0.000003 -0.076153
vn 0.997092 -0.002505 -0.076170
vn 0.077274 -0.002402 -0.997007
vn -0.077279 -0.000003 -0.997010
vn 0.077279 -0.000003 -0.997010
vn 0.077274 -0.002402 -0.997007
vn -0.077274 -0.002402 -0.997007
vn -0.997096 -0.000003 -0.076153
vn -0.077279 -0.000003 -0.997010
vn -0.077274 -0.002402 -0.997007
vn -0.997092 -0.002505 -0.076170
vn -0.997092 -0.002505 -0.076170
vn -0.997092 -0.002505 0.076170
vn -0.997096 -0.000003 0.076153
vn -0.997096 -0.000003 -0.076153
vn -0.997092 -0.002505 0.076170
vn -0.077274 -0.002402 0.997007
vn -0.077279 -0.000003 0.997010
vn -0.997096 -0.000003 0.076153
vn -0.073693 -0.994637 0.072567
vn -0.997092 -0.002505 0.076170
vn -0.997092 -0.002505 -0.076170
vn -0.073693 -0.994637 -0.072567
vn -0.077274 -0.002402 0.997007
vn -0.073693 -0.994637 0.072567
vn 0.073693 -0.994637 0.072567
vn 0.077274 -0.002402 0.997007
vn -0.997096 -0.000003 0.076153
vn -0.077279 -0.000003 0.997010
vn -0.077225 0.002861 0.997010
vn -0.997094 0.002983 0.076123
vn 0.997092 -0.002505 0.076170
vn 0.073693 -0.994637 0.072567
vn 0.073693 -0.994637 -0.072567
vn 0.997092 -0.002505 -0.076170
vn 0.077279 -0.000003 0.997010
vn 0.997096 -0.000003 0.076153
vn 0.997094 0.002983 0.076123
vn 0.077225 0.002861 0.997010
vn -0.997094 0.002983 0.076123
vn -0.073693 0.994637 0.072567
vn -0.073693 0.994637 -0.072567
vn -0.997094 0.002983 -0.076123
vn -0.073693 0.994637 0.072567
vn -0.077225 0.002861 0.997010
vn 0.077225 0.002861 0.997010
vn 0.073693 0.994637 0.072567
vn 0.073693 0.994637 0.072567
vn 0.997094 0.002983 0.076123
vn 0.997094 0.002983 -0.076123
vn 0.073693 0.994637 -0.072567
vn -0.997094 0.002983 -0.076123
vn -0.077224 0.002861 -0.997010
vn -0.077279 -0.000003 -0.997010
vn -0.997096 -0.000003 -0.076153
vn -0.077224 0.002861 -0.997010
vn -0.073693 0.994637 -0.072567
vn 0.073693 0.994637 -0.072567
vn 0.077224 0.002861 -0.997010
vn 0.077224 0.002861 -0.997010
vn 0.997094 0.002983 -0.076123
vn 0.997096 -0.000003 -0.076153
vn 0.077279 -0.000003 -0.997010
vn -0.073693 -0.994637 -0.072567
vn -0.077274 -0.002402 -0.997007
vn 0.077274 -0.002402 -0.997007
vn 0.073693 -0.994637 -0.072567
vn -0.077279 -0.000003 0.997010
vn 0.077279 -0.000003 0.997010
vn 0.077225 0.002861 0.997010
vn -0.077225 0.002861 0.997010
vn -0.073693 0.994637 0.072567
vn 0.073693 0.994637 0.072567
vn 0.073693 0.994637 -0.072567
vn -0.073693 0.994637 -0.072567
vn -0.077224 0.002861 -0.997010
vn 0.077224 0.002861 -0.997010
vn 0.077279 -0.000003 -0.997010
vn -0.077279 -0.000003 -0.997010
vn -0.073693 -0.994637 -0.072567
vn 0.073693 -0.994637 -0.072567
vn 0.073693 -0.994637 0.072567
vn -0.073693 -0.994637 0.072567
vn 0.997096 -0.000003 0.076153
vn 0.997096 -0.000003 -0.076153
vn 0.997094 0.002983 -0.076123
vn 0.997094 0.002983 0.076123
vn -0.997096 -0.000003 -0.076153
vn -0.997096 -0.000003 0.076153
vn -0.997094 0.002983 0.076123
vn -0.997094 0.002983 -0.076123
vn -0.073693 -0.994637 0.072567
vn -0.077274 -0.002402 0.997007
vn -0.997092 -0.002505 0.076170
vn 0.997092 -0.002505 0.076170
vn 0.077274 -0.002402 0.997007
vn 0.073693 -0.994637 0.072567
vn -0.997094 0.002983 0.076123
vn -0.077225 0.002861 0.997010
vn -0.073693 0.994637 0.072567
vn 0.073693 0.994637 0.072567
vn 0.077225 0.002861 0.997010
vn 0.997094 0.002983 0.076123
vn -0.997094 0.002983 -0.076123
vn -0.073693 0.994637 -0.072567
vn -0.077224 0.002861 -0.997010
vn 0.077224 0.002861 -0.997010
vn 0.073693 0.994637 -0.072567
vn 0.997094 0.002983 -0.076123
vn -0.997092 -0.002505 -0.076170
vn -0.077274 -0.002402 -0.997007
vn -0.073693 -0.994637 -0.072567
vn 0.073693 -0.994637 -0.072567
vn 0.077274 -0.002402 -0.997007
vn 0.997092 -0.002505 -0.076170
vn -0.077274 -0.002402 0.997007
vn 0.077274 -0.002402 0.997007
vn 0.077279 -0.000003 0.997010
vn -0.077279 -0.000003 0.997010
vn 0.077274 -0.002402 0.997007
vn 0.997092 -0.002505 0.076170
vn 0.997096 -0.000003 0.076153
vn 0.077279 -0.000003 0.997010
vn 0.997092 -0.002505 0.076170
vn 0.997092 -0.002505 -0.076170
vn 0.997096 -0.000003 -0.076153
vn 0.997096 -0.000003 0.076153
vn 0.077279 -0.000003 -0.997010
vn 0.997096 -0.000003 -0.076153
vn 0.997092 -0.002505 -0.076170
vn 0.077274 -0.002402 -0.997007
vn -0.077279 -0.000003 -0.997010
vn 0.077279 -0.000003 -0.997010
vn 0.077274 -0.002402 -0.997007
vn -0.077274 -0.002402 -0.997007
vn -0.997096 -0.000003 -0.076153
vn -0.077279 -0.000003 -0.997010
vn -0.077274 -0.002402 -0.997007
vn -0.997092 -0.002505 -0.076170
vn -0.997092 -0.002505 -0.076170
vn -0.997092 -0.002505 0.076170
vn -0.997096 -0.000003 0.076153
vn -0.997096 -0.000003 -0.076153
vn -0.997092 -0.002505 0.076170
vn -0.077274 -0.002402 0.997007
vn -0.077279 -0.000003 0.997010
vn -0.997096 -0.000003 0.076153
vn -0.073693 -0.994637 0.072567
vn -0.997092 -0.002505 0.076170
vn -0.997092 -0.002505 -0.076170
vn -0.073693 -0.994637 -0.072567
vn -0.077274 -0.002402 0.997007
vn -0.073693 -0.994637 0.072567
vn 0.073693 -0.994637 0.072567
vn 0.077274 -0.002402 0.997007
vn -0.997096 -0.000003 0.076153
vn -0.077279 -0.000003 0.997010
vn -0.077225 0.002861 0.997010
vn -0.997094 0.002983 0.076123
vn 0.997092 -0.002505 0.076170
vn 0.073693 -0.994637 0.072567
vn 0.073693 -0.994637 -0.072567
vn 0.997092 -0.002505 -0.076170
vn 0.077279 -0.000003 0.997010
vn 0.997096 -0.000003 0.076153
vn 0.997094 0.002983 0.076123
vn 0.077225 0.002861 0.997010
vn -0.997094 0.002983 0.076123
vn -0.073693 0.994637 0.072567
vn -0.073693 0.994637 -0.072567
vn -0.997094 0.002983 -0.076123
vn -0.073693 0.994637 0.072567
vn -0.077225 0.002861 0.997010
vn 0.077225 0.002861 0.997010
vn 0.073693 0.994637 0.072567
vn 0.073693 0.994637 0.072567
vn 0.997094 0.002983 0.076123
vn 0.997094 0.002983 -0.076123
vn 0.073693 0.994637 -0.072567
vn -0.997094 0.002983 -0.076123
vn -0.077224 0.002861 -0.997010
vn -0.077279 -0.000003 -0.997010
vn -0.997096 -0.000003 -0.076153
vn -0.077224 0.002861 -0.997010
vn -0.073693 0.994637 -0.072567
vn 0.073693 0.994637 -0.072567
vn 0.077224 0.002861 -0.997010
vn 0.077224 0.002861 -0.997010
vn 0.997094 0.002983 -0.076123
vn 0.997096 -0.000003 -0.076153
vn 0.077279 -0.000003 -0.997010
vn -0.073693 -0.994637 -0.072567
vn -0.077274 -0.002402 -0.997007
vn 0.077274 -0.002402 -0.997007
vn 0.073693 -0.994637 -0.072567
vn -0.077279 -0.000003 0.997010
vn 0.077279 -0.000003 0.997010
vn 0.077225 0.002861 0.997010
vn -0.077225 0.002861 0.997010
vn -0.073693 0.994637 0.072567
vn 0.073693 0.994637 0.072567
vn 0.073693 0.994637 -0.072567
vn -0.073693 0.994637 -0.072567
vn -0.077224 0.002861 -0.997010
vn 0.077224 0.002861 -0.997010
vn 0.077279 -0.000003 -0.997010
vn -0.077279 -0.000003 -0.997010
vn -0.073693 -0.994637 -0.072567
vn 0.073693 -0.994637 -0.072567
vn 0.073693 -0.994637 0.072567
vn -0.073693 -0.994637 0.072567
vn 0.997096 -0.000003 0.076153
vn 0.997096 -0.000003 -0.076153
vn 0.997094 0.002983 -0.076123
vn 0.997094 0.002983 0.076123
vn -0.997096 -0.000003 -0.076153
vn -0.997096 -0.000003 0.076153
vn -0.997094 0.002983 0.076123
vn -0.997094 0.002983 -0.076123
vn -0.073693 -0.994637 0.072567
vn -0.077274 -0.002402 0.997007
vn -0.997092 -0.002505 0.076170
vn 0.997092 -0.002505 0.076170
vn 0.077274 -0.002402 0.997007
vn 0.073693 -0.994637 0.072567
vn -0.997094 0.002983 0.076123
vn -0.077225 0.002861 0.997010
vn -0.073693 0.994637 0.072567
vn 0.073693 0.994637 0.072567
vn 0.077225 0.002861 0.997010
vn 0.997094 0.002983 0.076123
vn -0.997094 0.002983 -0.076123
vn -0.073693 0.994637 -0.072567
vn -0.077224 0.002861 -0.997010
vn 0.077224 0.002861 -0.997010
vn 0.073693 0.994637 -0.072567
vn 0.997094 0.002983 -0.076123
vn -0.997092 -0.002505 -0.076170
vn -0.077274 -0.002402 -0.997007
vn -0.073693 -0.994637 -0.072567
vn 0.073693 -0.994637 -0.072567
vn 0.077274 -0.002402 -0.997007
vn 0.997092 -0.002505 -0.076170
vn -0.077274 -0.002402 0.997007
vn 0.077274 -0.002402 0.997007
vn 0.077279 -0.000003 0.997010
vn -0.077279 -0.000003 0.997010
vn 0.077274 -0.002402 0.997007
vn 0.997092 -0.002505 0.076170
vn 0.997096 -0.000003 0.076153
vn 0.077279 -0.000003 0.997010
vn 0.997092 -0.002505 0.076170
vn 0.997092 -0.002505 -0.076170
vn 0.997096 -0.000003 -0.076153
vn 0.997096 -0.000003 0.076153
vn 0.077279 -0.000003 -0.997010
vn 0.997096 -0.000003 -0.076153
vn 0.997092 -0.002505 -0.076170
vn 0.077274 -0.002402 -0.997007
vn -0.077279 -0.000003 -0.997010
vn 0.077279 -0.000003 -0.997010
vn 0.077274 -0.002402 -0.997007
vn -0.077274 -0.002402 -0.997007
vn -0.997096 -0.000003 -0.076153
vn -0.077279 -0.000003 -0.997010
vn -0.077274 -0.002402 -0.997007
vn -0.997092 -0.002505 -0.076170
vn -0.997092 -0.002505 -0.076170
vn -0.997092 -0.002505 0.076170
vn -0.997096 -0.000003 0.076153
vn -0.997096 -0.000003 -0.076153
vn -0.997092 -0.002505 0.076170
vn -0.077274 -0.002402 0.997007
vn -0.077279 -0.000003 0.997010
vn -0.997096 -0.000003 0.076153
vn -0.997096 -0.000003 0.076153
vn -0.077279 -0.000003 0.997010
vn -0.077225 0.002861 0.997010
vn -0.997094 0.002983 0.076123
vn 0.077279 -0.000003 0.997010
vn 0.997096 -0.000003 0.076153
vn 0.997094 0.002983 0.076123
vn 0.077225 0.002861 0.997010
vn -0.997094 0.002983 0.076123
vn -0.073693 0.994637 0.072567
vn -0.073693 0.994637 -0.072567
vn -0.997094 0.002983 -0.076123
vn -0.073693 0.994637 0.072567
vn -0.077225 0.002861 0.997010
vn 0.077225 0.002861 0.997010
vn 0.073693 0.994637 0.072567
vn 0.073693 0.994637 0.072567
vn 0.997094 0.002983 0.076123
vn 0.997094 0.002983 -0.076123
vn 0.073693 0.994637 -0.072567
vn -0.997094 0.002983 -0.076123
vn -0.077224 0.002861 -0.997010
vn -0.077279 -0.000003 -0.997010
vn -0.997096 -0.000003 -0.076153
vn -0.077224 0.002861 -0.997010
vn -0.073693 0.994637 -0.072567
vn 0.073693 0.994637 -0.072567
vn 0.077224 0.002861 -0.997010
vn 0.077224 0.002861 -0.997010
vn 0.997094 0.002983 -0.076123
vn 0.997096 -0.000003 -0.076153
vn 0.077279 -0.000003 -0.997010
vn -0.077279 -0.000003 0.997010
vn 0.077279 -0.000003 0.997010
vn 0.077225 0.002861 0.997010
vn -0.077225 0.002861 0.997010
vn -0.073693 0.994637 0.072567
vn 0.073693 0.994637 0.072567
vn 0.073693 0.994637 -0.072567
vn -0.073693 0.994637 -0.072567
vn -0.077224 0.002861 -0.997010
vn 0.077224 0.002861 -0.997010
vn 0.077279 -0.000003 -0.997010
vn -0.077279 -0.000003 -0.997010
vn 0.997096 -0.000003 0.076153
vn 0.997096 -0.000003 -0.076153
vn 0.997094 0.002983 -0.076123
vn 0.997094 0.002983 0.076123
vn -0.997096 -0.000003 -0.076153
vn -0.997096 -0.000003 0.076153
vn -0.997094 0.002983 0.076123
vn -0.997094 0.002983 -0.076123
vn -0.997094 0.002983 0.076123
vn -0.077225 0.002861 0.997010
vn -0.073693 0.994637 0.072567
vn 0.073693 0.994637 0.072567
vn 0.077225 0.002861 0.997010
vn 0.997094 0.002983 0.076123
vn -0.997094 0.002983 -0.076123
vn -0.073693 0.994637 -0.072567
vn -0.077224 0.002861 -0.997010
vn 0.077224 0.002861 -0.997010
vn 0.073693 0.994637 -0.072567
vn 0.997094 0.002983 -0.076123
vn -0.997096 -0.000003 0.076153
vn -0.077279 -0.000003 0.997010
vn -0.077225 0.002861 0.997010
vn -0.997094 0.002983 0.076123
vn 0.077279 -0.000003 0.997010
vn 0.997096 -0.000003 0.076153
vn 0.997094 0.002983 0.076123
vn 0.077225 0.002861 0.997010
vn -0.997094 0.002983 0.076123
vn -0.073693 0.994637 0.072567
vn -0.073693 0.994637 -0.072567
vn -0.997094 0.002983 -0.076123
vn -0.073693 0.994637 0.072567
vn -0.077225 0.002861 0.997010
vn 0.077225 0.002861 0.997010
vn 0.073693 0.994637 0.072567
vn 0.073693 0.994637 0.072567
vn 0.997094 0.002983 0.076123
vn 0.997094 0.002983 -0.076123
vn 0.073693 0.994637 -0.072567
vn -0.997094 0.002983 -0.076123
vn -0.077224 0.002861 -0.997010
vn -0.077279 -0.000003 -0.997010
vn -0.997096 -0.000003 -0.076153
vn -0.077224 0.002861 -0.997010
vn -0.073693 0.994637 -0.072567
vn 0.073693 0.994637 -0.072567
vn 0.077224 0.002861 -0.997010
vn 0.077224 0.002861 -0.997010
vn 0.997094 0.002983 -0.076123
vn 0.997096 -0.000003 -0.076153
vn 0.077279 -0.000003 -0.997010
vn -0.077279 -0.000003 0.997010
vn 0.077279 -0.000003 0.997010
vn 0.077225 0.002861 0.997010
vn -0.077225 0.002861 0.997010
vn -0.073693 0.994637 0.072567
vn 0.073693 0.994637 0.072567
vn 0.073693 0.994637 -0.072567
vn -0.073693 0.994637 -0.072567
vn -0.077224 0.002861 -0.997010
vn 0.077224 0.002861 -0.997010
vn 0.077279 -0.000003 -0.997010
vn -0.077279 -0.000003 -0.997010
vn 0.997096 -0.000003 0.076153
vn 0.997096 -0.000003 -0.076153
vn 0.997094 0.002983 -0.076123
vn 0.997094 0.002983 0.076123
vn -0.997096 -0.000003 -0.076153
vn -0.997096 -0.000003 0.076153
vn -0.997094 0.002983 0.076123
vn -0.997094 0.002983 -0.076123
vn -0.997094 0.002983 0.076123
vn -0.077225 0.002861 0.997010
vn -0.073693 0.994637 0.072567
vn 0.073693 0.994637 0.072567
vn 0.077225 0.002861 0.997010
vn 0.997094 0.002983 0.076123
vn -0.997094 0.002983 -0.076123
vn -0.073693 0.994637 -0.072567
vn -0.077224 0.002861 -0.997010
vn 0.077224 0.002861 -0.997010
vn 0.073693 0.994637 -0.072567
vn 0.997094 0.002983 -0.076123
vn 0.075058 -0.994637 0.071154
vn 0.110415 -0.002505 0.993882
vn -0.041835 -0.002505 0.999121
vn -0.069990 -0.994637 0.076145
vn 0.999075 -0.002402 0.042941
vn 0.075058 -0.994637 0.071154
vn 0.069990 -0.994637 -0.076145
vn 0.993760 -0.002402 -0.111515
vn 0.110398 -0.000003 0.993887
vn 0.999077 -0.000003 0.042946
vn 0.999076 0.002861 0.042892
vn 0.110368 0.002983 0.993886
vn 0.041835 -0.002505 -0.999121
vn 0.069990 -0.994637 -0.076145
vn -0.075058 -0.994637 -0.071154
vn -0.110415 -0.002505 -0.993882
vn 0.993762 -0.000003 -0.111520
vn 0.041818 -0.000003 -0.999125
vn 0.041788 0.002983 -0.999122
vn 0.993764 0.002861 -0.111467
vn 0.110368 0.002983 0.993886
vn 0.075058 0.994637 0.071154
vn -0.069990 0.994637 0.076145
vn -0.041788 0.002983 0.999122
vn 0.075058 0.994637 0.071154
vn 0.999076 0.002861 0.042892
vn 0.993764 0.002861 -0.111467
vn 0.069990 0.994637 -0.076145
vn 0.069990 0.994637 -0.076145
vn 0.041788 0.002983 -0.999122
vn -0.110368 0.002983 -0.993886
vn -0.075058 0.994637 -0.071154
vn -0.041788 0.002983 0.999122
vn -0.993764 0.002861 0.111466
vn -0.993762 -0.000003 0.111520
vn -0.041818 -0.000003 0.999125
vn -0.993764 0.002861 0.111466
vn -0.069990 0.994637 0.076145
vn -0.075058 0.994637 -0.071154
vn -0.999076 0.002861 -0.042891
vn -0.999076 0.002861 -0.042891
vn -0.110368 0.002983 -0.993886
vn -0.110398 -0.000003 -0.993887
vn -0.999077 -0.000003 -0.042946
vn -0.069990 -0.994637 0.076145
vn -0.993760 -0.002402 0.111515
vn -0.999075 -0.002402 -0.042941
vn -0.075058 -0.994637 -0.071154
vn 0.999077 -0.000003 0.042946
vn 0.993762 -0.000003 -0.111520
vn 0.993764 0.002861 -0.111467
vn 0.999076 0.002861 0.042892
vn 0.075058 0.994637 0.071154
vn 0.069990 0.994637 -0.076145
vn -0.075058 0.994637 -0.071154
vn -0.069990 0.994637 0.076145
vn -0.993764 0.002861 0.111466
vn -0.999076 0.002861 -0.042891
vn -0.999077 -0.000003 -0.042946
vn -0.993762 -0.000003 0.111520
vn -0.069990 -0.994637 0.076145
vn -0.075058 -0.994637 -0.071154
vn 0.069990 -0.994637 -0.076145
vn 0.075058 -0.994637 0.071154
vn 0.041818 -0.000003 -0.999125
vn -0.110398 -0.000003 -0.993887
vn -0.110368 0.002983 -0.993886
vn 0.041788 0.002983 -0.999122
vn -0.041818 -0.000003 0.999125
vn 0.110398 -0.000003 0.993887
vn 0.110368 0.002983 0.993886
vn -0.041788 0.002983 0.999122
vn 0.075058 -0.994637 0.071154
vn 0.999075 -0.002402 0.042941
vn 0.110415 -0.002505 0.993882
vn 0.041835 -0.002505 -0.999121
vn 0.993760 -0.002402 -0.111515
vn 0.069990 -0.994637 -0.076145
vn 0.110368 0.002983 0.993886
vn 0.999076 0.002861 0.042892
vn 0.075058 0.994637 0.071154
vn 0.069990 0.994637 -0.076145
vn 0.993764 0.002861 -0.111467
vn 0.041788 0.002983 -0.999122
vn -0.041788 0.002983 0.999122
vn -0.069990 0.994637 0.076145
vn -0.993764 0.002861 0.111466
vn -0.999076 0.002861 -0.042891
vn -0.075058 0.994637 -0.071154
vn -0.110368 0.002983 -0.993886
vn -0.041835 -0.002505 0.999121
vn -0.993760 -0.002402 0.111515
vn -0.069990 -0.994637 0.076145
vn -0.075058 -0.994637 -0.071154
vn -0.999075 -0.002402 -0.042941
vn -0.110415 -0.002505 -0.993882
vn 0.999075 -0.002402 0.042941
vn 0.993760 -0.002402 -0.111515
vn 0.993762 -0.000003 -0.111520
vn 0.999077 -0.000003 0.042946
vn 0.993760 -0.002402 -0.111515
vn 0.041835 -0.002505 -0.999121
vn 0.041818 -0.000003 -0.999125
vn 0.993762 -0.000003 -0.111520
vn 0.041835 -0.002505 -0.999121
vn -0.110415 -0.002505 -0.993882
vn -0.110398 -0.000003 -0.993887
vn 0.041818 -0.000003 -0.999125
vn -0.999077 -0.000003 -0.042946
vn -0.110398 -0.000003 -0.993887
vn -0.110415 -0.002505 -0.993882
vn -0.999075 -0.002402 -0.042941
vn -0.993762 -0.000003 0.111520
vn -0.999077 -0.000003 -0.042946
vn -0.999075 -0.002402 -0.042941
vn -0.993760 -0.002402 0.111515
vn -0.041818 -0.000003 0.999125
vn -0.993762 -0.000003 0.111520
vn -0.993760 -0.002402 0.111515
vn -0.041835 -0.002505 0.999121
vn -0.041835 -0.002505 0.999121
vn 0.110415 -0.002505 0.993882
vn 0.110398 -0.000003 0.993887
vn -0.041818 -0.000003 0.999125
vn 0.110415 -0.002505 0.993882
vn 0.999075 -0.002402 0.042941
vn 0.999077 -0.000003 0.042946
vn 0.110398 -0.000003 0.993887
vn 0.075058 -0.994637 0.071154
vn 0.110415 -0.002505 0.993882
vn -0.041835 -0.002505 0.999121
vn -0.069990 -0.994637 0.076145
vn 0.999075 -0.002402 0.042941
vn 0.075058 -0.994637 0.071154
vn 0.069990 -0.994637 -0.076145
vn 0.993760 -0.002402 -0.111515
vn 0.110398 -0.000003 0.993887
vn 0.999077 -0.000003 0.042946
vn 0.999076 0.002861 0.042892
vn 0.110368 0.002983 0.993886
vn 0.041835 -0.002505 -0.999121
vn 0.069990 -0.994637 -0.076145
vn -0.075058 -0.994637 -0.071154
vn -0.110415 -0.002505 -0.993882
vn 0.993762 -0.000003 -0.111520
vn 0.041818 -0.000003 -0.999125
vn 0.041788 0.002983 -0.999122
vn 0.993764 0.002861 -0.111467
vn 0.110368 0.002983 0.993886
vn 0.075058 0.994637 0.071154
vn -0.069990 0.994637 0.076145
vn -0.041788 0.002983 0.999122
vn 0.075058 0.994637 0.071154
vn 0.999076 0.002861 0.042892
vn 0.993764 0.002861 -0.111467
vn 0.069990 0.994637 -0.076145
vn 0.069990 0.994637 -0.076145
vn 0.041788 0.002983 -0.999122
vn -0.110368 0.002983 -0.993886
vn -0.075058 0.994637 -0.071154
vn -0.041788 0.002983 0.999122
vn -0.993764 0.002861 0.111466
vn -0.993762 -0.000003 0.111520
vn -0.041818 -0.000003 0.999125
vn -0.993764 0.002861 0.111466
vn -0.069990 0.994637 0.076145
vn -0.075058 0.994637 -0.071154
vn -0.999076 0.002861 -0.042891
vn -0.999076 0.002861 -0.042891
vn -0.110368 0.002983 -0.993886
vn -0.110398 -0.000003 -0.993887
vn -0.999077 -0.000003 -0.042946
vn -0.069990 -0.994637 0.076145
vn -0.993760 -0.002402 0.111515
vn -0.999075 -0.002402 -0.042941
vn -0.075058 -0.994637 -0.071154
vn 0.999077 -0.000003 0.042946
vn 0.993762 -0.000003 -0.111520
vn 0.993764 0.002861 -0.111467
vn 0.999076 0.002861 0.042892
vn 0.075058 0.994637 0.071154
vn 0.069990 0.994637 -0.076145
vn -0.075058 0.994637 -0.071154
vn -0.069990 0.994637 0.076145
vn -0.993764 0.002861 0.111466
vn -0.999076 0.002861 -0.042891
vn -0.999077 -0.000003 -0.042946
vn -0.993762 -0.000003 0.111520
vn -0.069990 -0.994637 0.076145
vn -0.075058 -0.994637 -0.071154
vn 0.069990 -0.994637 -0.076145
vn 0.075058 -0.994637 0.071154
vn 0.041818 -0.000003 -0.999125
vn -0.110398 -0.000003 -0.993887
vn -0.110368 0.002983 -0.993886
vn 0.041788 0.002983 -0.999122
vn -0.041818 -0.000003 0.999125
vn 0.110398 -0.000003 0.993887
vn 0.110368 0.002983 0.993886
vn -0.041788 0.002983 0.999122
vn 0.075058 -0.994637 0.071154
vn 0.999075 -0.002402 0.042941
vn 0.110415 -0.002505 0.993882
vn 0.041835 -0.002505 -0.999121
vn 0.993760 -0.002402 -0.111515
vn 0.069990 -0.994637 -0.076145
vn 0.110368 0.002983 0.993886
vn 0.999076 0.002861 0.042892
vn 0.075058 0.994637 0.071154
vn 0.069990 0.994637 -0.076145
vn 0.993764 0.002861 -0.111467
vn 0.041788 0.002983 -0.999122
vn -0.041788 0.002983 0.999122
vn -0.069990 0.994637 0.076145
vn -0.993764 0.002861 0.111466
vn -0.999076 0.002861 -0.042891
vn -0.075058 0.994637 -0.071154
vn -0.110368 0.002983 -0.993886
vn -0.041835 -0.002505 0.999121
vn -0.993760 -0.002402 0.111515
vn -0.069990 -0.994637 0.076145
vn -0.075058 -0.994637 -0.071154
vn -0.999075 -0.002402 -0.042941
vn -0.110415 -0.002505 -0.993882
vn 0.999075 -0.002402 0.042941
vn 0.993760 -0.002402 -0.111515
vn 0.993762 -0.000003 -0.111520
vn 0.999077 -0.000003 0.042946
vn 0.993760 -0.002402 -0.111515
vn 0.041835 -0.002505 -0.999121
vn 0.041818 -0.000003 -0.999125
vn 0.993762 -0.000003 -0.111520
vn 0.041835 -0.002505 -0.999121
vn -0.110415 -0.002505 -0.993882
vn -0.110398 -0.000003 -0.993887
vn 0.041818 -0.000003 -0.999125
vn -0.999077 -0.000003 -0.042946
vn -0.110398 -0.000003 -0.993887
vn -0.110415 -0.002505 -0.993882
vn -0.999075 -0.002402 -0.042941
vn -0.993762 -0.000003 0.111520
vn -0.999077 -0.000003 -0.042946
vn -0.999075 -0.002402 -0.042941
vn -0.993760 -0.002402 0.111515
vn -0.041818 -0.000003 0.999125
vn -0.993762 -0.000003 0.111520
vn -0.993760 -0.002402 0.111515
vn -0.041835 -0.002505 0.999121
vn -0.041835 -0.002505 0.999121
vn 0.110415 -0.002505 0.993882
vn 0.110398 -0.000003 0.993887
vn -0.041818 -0.000003 0.999125
vn 0.110415 -0.002505 0.993882
vn 0.999075 -0.002402 0.042941
vn 0.999077 -0.000003 0.042946
vn 0.110398 -0.000003 0.993887
vn 0.075058 -0.994637 0.071154
vn 0.110415 -0.002505 0.993882
vn -0.041835 -0.002505 0.999121
vn -0.069990 -0.994637 0.076145
vn 0.999075 -0.002402 0.042941
vn 0.075058 -0.994637 0.071154
vn 0.069990 -0.994637 -0.076145
vn 0.993760 -0.002402 -0.111515
vn 0.110398 -0.000003 0.993887
vn 0.999077 -0.000003 0.042946
vn 0.999076 0.002861 0.042892
vn 0.110368 0.002983 0.993886
vn 0.041835 -0.002505 -0.999121
vn 0.069990 -0.994637 -0.076145
vn -0.075058 -0.994637 -0.071154
vn -0.110415 -0.002505 -0.993882
vn 0.993762 -0.000003 -0.111520
vn 0.041818 -0.000003 -0.999125
vn 0.041788 0.002983 -0.999122
vn 0.993764 0.002861 -0.111467
vn 0.110368 0.002983 0.993886
vn 0.075058 0.994637 0.071154
vn -0.069990 0.994637 0.076145
vn -0.041788 0.002983 0.999122
vn 0.075058 0.994637 0.071154
vn 0.999076 0.002861 0.042892
vn 0.993764 0.002861 -0.111467
vn 0.069990 0.994637 -0.076145
vn 0.069990 0.994637 -0.076145
vn 0.041788 0.002983 -0.999122
vn -0.110368 0.002983 -0.993886
vn -0.075058 0.994637 -0.071154
vn -0.041788 0.002983 0.999122
vn -0.993764 0.002861 0.111466
vn -0.993762 -0.000003 0.111520
vn -0.041818 -0.000003 0.999125
vn -0.993764 0.002861 0.111466
vn -0.069990 0.994637 0.076145
vn -0.075058 0.994637 -0.071154
vn -0.999076 0.002861 -0.042891
vn -0.999076 0.002861 -0.042891
vn -0.110368 0.002983 -0.993886
vn -0.110398 -0.000003 -0.993887
vn -0.999077 -0.000003 -0.042946
vn -0.069990 -0.994637 0.076145
vn -0.993760 -0.002402 0.111515
vn -0.999075 -0.002402 -0.042941
vn -0.075058 -0.994637 -0.071154
vn 0.999077 -0.000003 0.042946
vn 0.993762 -0.000003 -0.111520
vn 0.993764 0.002861 -0.111467
vn 0.999076 0.002861 0.042892
vn 0.075058 0.994637 0.071154
vn 0.069990 0.994637 -0.076145
vn -0.075058 0.994637 -0.071154
vn -0.069990 0.994637 0.076145
vn -0.993764 0.002861 0.111466
vn -0.999076 0.002861 -0.042891
vn -0.999077 -0.000003 -0.042946
vn -0.993762 -0.000003 0.111520
vn -0.069990 -0.994637 0.076145
vn -0.075058 -0.994637 -0.071154
vn 0.069990 -0.994637 -0.076145
vn 0.075058 -0.994637 0.071154
vn 0.041818 -0.000003 -0.999125
vn -0.110398 -0.000003 -0.993887
vn -0.110368 0.002983 -0.993886
vn 0.041788 0.002983 -0.999122
vn -0.041818 -0.000003 0.999125
vn 0.110398 -0.000003 0.993887
vn 0.110368 0.002983 0.993886
vn -0.041788 0.002983 0.999122
vn 0.075058 -0.994637 0.071154
vn 0.999075 -0.002402 0.042941
vn 0.110415 -0.002505 0.993882
vn 0.041835 -0.002505 -0.999121
vn 0.993760 -0.002402 -0.111515
vn 0.069990 -0.994637 -0.076145
vn 0.110368 0.002983 0.993886
vn 0.999076 0.002861 0.042892
vn 0.075058 0.994637 0.071154
vn 0.069990 0.994637 -0.076145
vn 0.993764 0.002861 -0.111467
vn 0.041788 0.002983 -0.999122
vn -0.041788 0.002983 0.999122
vn -0.069990 0.994637 0.076145
vn -0.993764 0.002861 0.111466
vn -0.999076 0.002861 -0.042891
vn -0.075058 0.994637 -0.071154
vn -0.110368 0.002983 -0.993886
vn -0.041835 -0.002505 0.999121
vn -0.993760 -0.002402 0.111515
vn -0.069990 -0.994637 0.076145
vn -0.075058 -0.994637 -0.071154
vn -0.999075 -0.002402 -0.042941
vn -0.110415 -0.002505 -0.993882
vn 0.999075 -0.002402 0.042941
vn 0.993760 -0.002402 -0.111515
vn 0.993762 -0.000003 -0.111520
vn 0.999077 -0.000003 0.042946
vn 0.993760 -0.002402 -0.111515
vn 0.041835 -0.002505 -0.999121
vn 0.041818 -0.000003 -0.999125
vn 0.993762 -0.000003 -0.111520
vn 0.041835 -0.002505 -0.999121
vn -0.110415 -0.002505 -0.993882
vn -0.110398 -0.000003 -0.993887
vn 0.041818 -0.000003 -0.999125
vn -0.999077 -0.000003 -0.042946
vn -0.110398 -0.000003 -0.993887
vn -0.110415 -0.002505 -0.993882
vn -0.999075 -0.002402 -0.042941
vn -0.993762 -0.000003 0.111520
vn -0.999077 -0.000003 -0.042946
vn -0.999075 -0.002402 -0.042941
vn -0.993760 -0.002402 0.111515
vn -0.041818 -0.000003 0.999125
vn -0.993762 -0.000003 0.111520
vn -0.993760 -0.002402 0.111515
vn -0.041835 -0.002505 0.999121
vn -0.041835 -0.002505 0.999121
vn 0.110415 -0.002505 0.993882
vn 0.110398 -0.000003 0.993887
vn -0.041818 -0.000003 0.999125
vn 0.110415 -0.002505 0.993882
vn 0.999075 -0.002402 0.042941
vn 0.999077 -0.000003 0.042946
vn 0.110398 -0.000003 0.993887
vn 0.110398 -0.000003 0.993887
vn 0.999077 -0.000003 0.042946
vn 0.999076 0.002861 0.042892
vn 0.110368 0.002983 0.993886
vn 0.993762 -0.000003 -0.111520
vn 0.041818 -0.000003 -0.999125
vn 0.041788 0.002983 -0.999122
vn 0.993764 0.002861 -0.111467
vn 0.110368 0.002983 0.993886
vn 0.075058 0.994637 0.071154
vn -0.069990 0.994637 0.076145
vn -0.041788 0.002983 0.999122
vn 0.075058 0.994637 0.071154
vn 0.999076 0.002861 0.042892
vn 0.993764 0.002861 -0.111467
vn 0.069990 0.994637 -0.076145
vn 0.069990 0.994637 -0.076145
vn 0.041788 0.002983 -0.999122
vn -0.110368 0.002983 -0.993886
vn -0.075058 0.994637 -0.071154
vn -0.041788 0.002983 0.999122
vn -0.993764 0.002861 0.111466
vn -0.993762 -0.000003 0.111520
vn -0.041818 -0.000003 0.999125
vn -0.993764 0.002861 0.111466
vn -0.069990 0.994637 0.076145
vn -0.075058 0.994637 -0.071154
vn -0.999076 0.002861 -0.042891
vn -0.999076 0.002861 -0.042891
vn -0.110368 0.002983 -0.993886
vn -0.110398 -0.000003 -0.993887
vn -0.999077 -0.000003 -0.042946
vn 0.999077 -0.000003 0.042946
vn 0.993762 -0.000003 -0.111520
vn 0.993764 0.002861 -0.111467
vn 0.999076 0.002861 0.042892
vn 0.075058 0.994637 0.071154
vn 0.069990 0.994637 -0.076145
vn -0.075058 0.994637 -0.071154
vn -0.069990 0.994637 0.076145
vn -0.993764 0.002861 0.111466
vn -0.999076 0.002861 -0.042891
vn -0.999077 -0.000003 -0.042946
vn -0.993762 -0.000003 0.111520
vn 0.041818 -0.000003 -0.999125
vn -0.110398 -0.000003 -0.993887
vn -0.110368 0.002983 -0.993886
vn 0.041788 0.002983 -0.999122
vn -0.041818 -0.000003 0.999125
vn 0.110398 -0.000003 0.993887
vn 0.110368 0.002983 0.993886
vn -0.041788 0.002983 0.999122
vn 0.110368 0.002983 0.993886
vn 0.999076 0.002861 0.042892
vn 0.075058 0.994637 0.071154
vn 0.069990 0.994637 -0.076145
vn 0.993764 0.002861 -0.111467
vn 0.041788 0.002983 -0.999122
vn -0.041788 0.002983 0.999122
vn -0.069990 0.994637 0.076145
vn -0.993764 0.002861 0.111466
vn -0.999076 0.002861 -0.042891
vn -0.075058 0.994637 -0.071154
vn -0.110368 0.002983 -0.993886
vn 0.110398 -0.000003 0.993887
vn 0.999077 -0.000003 0.042946
vn 0.999076 0.002861 0.042892
vn 0.110368 0.002983 0.993886
vn 0.993762 -0.000003 -0.111520
vn 0.041818 -0.000003 -0.999125
vn 0.041788 0.002983 -0.999122
vn 0.993764 0.002861 -0.111467
vn 0.110368 0.002983 0.993886
vn 0.075058 0.994637 0.071154
vn -0.069990 0.994637 0.076145
vn -0.041788 0.002983 0.999122
vn 0.075058 0.994637 0.071154
vn 0.999076 0.002861 0.042892
vn 0.993764 0.002861 -0.111467
vn 0.069990 0.994637 -0.076145
vn 0.069990 0.994637 -0.076145
vn 0.041788 0.002983 -0.999122
vn -0.110368 0.002983 -0.993886
vn -0.075058 0.994637 -0.071154
vn -0.041788 0.002983 0.999122
vn -0.993764 0.002861 0.111466
vn -0.993762 -0.000003 0.111520
vn -0.041818 -0.000003 0.999125
vn -0.993764 0.002861 0.111466
vn -0.069990 0.994637 0.076145
vn -0.075058 0.994637 -0.071154
vn -0.999076 0.002861 -0.042891
vn -0.999076 0.002861 -0.042891
vn -0.110368 0.002983 -0.993886
vn -0.110398 -0.000003 -0.993887
vn -0.999077 -0.000003 -0.042946
vn 0.999077 -0.000003 0.042946
vn 0.993762 -0.000003 -0.111520
vn 0.993764 0.002861 -0.111467
vn 0.999076 0.002861 0.042892
vn 0.075058 0.994637 0.071154
vn 0.069990 0.994637 -0.076145
vn -0.075058 0.994637 -0.071154
vn -0.069990 0.994637 0.076145
vn -0.993764 0.002861 0.111466
vn -0.999076 0.002861 -0.042891
vn -0.999077 -0.000003 -0.042946
vn -0.993762 -0.000003 0.111520
vn 0.041818 -0.000003 -0.999125
vn -0.110398 -0.000003 -0.993887
vn -0.110368 0.002983 -0.993886
vn 0.041788 0.002983 -0.999122
vn -0.041818 -0.000003 0.999125
vn 0.110398 -0.000003 0.993887
vn 0.110368 0.002983 0.993886
vn -0.041788 0.002983 0.999122
vn 0.110368 0.002983 0.993886
vn 0.999076 0.002861 0.042892
vn 0.075058 0.994637 0.071154
vn 0.069990 0.994637 -0.076145
vn 0.993764 0.002861 -0.111467
vn 0.041788 0.002983 -0.999122
vn -0.041788 0.002983 0.999122
vn -0.069990 0.994637 0.076145
vn -0.993764 0.002861 0.111466
vn -0.999076 0.002861 -0.042891
vn -0.075058 0.994637 -0.071154
vn -0.110368 0.002983 -0.993886
vn -0.073693 -0.994637 0.072567
vn -0.997092 -0.002505 0.076170
vn -0.997092 -0.002505 -0.076170
vn -0.073693 -0.994637 -0.072567
vn -0.077274 -0.002402 0.997007
vn -0.073693 -0.994637 0.072567
vn 0.073693 -0.994637 0.072567
vn 0.077274 -0.002402 0.997007
vn -0.997096 -0.000003 0.076153
vn -0.077279 -0.000003 0.997010
vn -0.077225 0.002861 0.997010
vn -0.997094 0.002983 0.076123
vn 0.997092 -0.002505 0.076170
vn 0.073693 -0.994637 0.072567
vn 0.073693 -0.994637 -0.072567
vn 0.997092 -0.002505 -0.076170
vn 0.077279 -0.000003 0.997010
vn 0.997096 -0.000003 0.076153
vn 0.997094 0.002983 0.076123
vn 0.077225 0.002861 0.997010
vn -0.997094 0.002983 0.076123
vn -0.073693 0.994637 0.072567
vn -0.073693 0.994637 -0.072567
vn -0.997094 0.002983 -0.076123
vn -0.073693 0.994637 0.072567
vn -0.077225 0.002861 0.997010
vn 0.077225 0.002861 0.997010
vn 0.073693 0.994637 0.072567
vn 0.073693 0.994637 0.072567
vn 0.997094 0.002983 0.076123
vn 0.997094 0.002983 -0.076123
vn 0.073693 0.994637 -0.072567
vn -0.997094 0.002983 -0.076123
vn -0.077224 0.002861 -0.997010
vn -0.077279 -0.000003 -0.997010
vn -0.997096 -0.000003 -0.076153
vn -0.077224 0.002861 -0.997010
vn -0.073693 0.994637 -0.072567
vn 0.073693 0.994637 -0.072567
vn 0.077224 0.002861 -0.997010
vn 0.077224 0.002861 -0.997010
vn 0.997094 0.002983 -0.076123
vn 0.997096 -0.000003 -0.076153
vn 0.077279 -0.000003 -0.997010
vn -0.073693 -0.994637 -0.072567
vn -0.077274 -0.002402 -0.997007
vn 0.077274 -0.002402 -0.997007
vn 0.073693 -0.994637 -0.072567
vn -0.077279 -0.000003 0.997010
vn 0.077279 -0.000003 0.997010
vn 0.077225 0.002861 0.997010
vn -0.077225 0.002861 0.997010
vn -0.073693 0.994637 0.072567
vn 0.073693 0.994637 0.072567
vn 0.073693 0.994637 -0.072567
vn -0.073693 0.994637 -0.072567
vn -0.077224 0.002861 -0.997010
vn 0.077224 0.002861 -0.997010
vn 0.077279 -0.000003 -0.997010
vn -0.077279 -0.000003 -0.997010
vn -0.073693 -0.994637 -0.072567
vn 0.073693 -0.994637 -0.072567
vn 0.073693 -0.994637 0.072567
vn -0.073693 -0.994637 0.072567
vn 0.997096 -0.000003 0.076153
vn 0.997096 -0.000003 -0.076153
vn 0.997094 0.002983 -0.076123
vn 0.997094 0.002983 0.076123
vn -0.997096 -0.000003 -0.076153
vn -0.997096 -0.000003 0.076153
vn -0.997094 0.002983 0.076123
vn -0.997094 0.002983 -0.076123
vn -0.073693 -0.994637 0.072567
vn -0.077274 -0.002402 0.997007
vn -0.997092 -0.002505 0.076170
vn 0.997092 -0.002505 0.076170
vn 0.077274 -0.002402 0.997007
vn 0.073693 -0.994637 0.072567
vn -0.997094 0.002983 0.076123
vn -0.077225 0.002861 0.997010
vn -0.073693 0.994637 0.072567
vn 0.073693 0.994637 0.072567
vn 0.077225 0.002861 0.997010
vn 0.997094 0.002983 0.076123
vn -0.997094 0.002983 -0.076123
vn -0.073693 0.994637 -0.072567
vn -0.077224 0.002861 -0.997010
vn 0.077224 0.002861 -0.997010
vn 0.073693 0.994637 -0.072567
vn 0.997094 0.002983 -0.076123
vn -0.997092 -0.002505 -0.076170
vn -0.077274 -0.002402 -0.997007
vn -0.073693 -0.994637 -0.072567
vn 0.073693 -0.994637 -0.072567
vn 0.077274 -0.002402 -0.997007
vn 0.997092 -0.002505 -0.076170
vn -0.077274 -0.002402 0.997007
vn 0.077274 -0.002402 0.997007
vn 0.077279 -0.000003 0.997010
vn -0.077279 -0.000003 0.997010
vn 0.077274 -0.002402 0.997007
vn 0.997092 -0.002505 0.076170
vn 0.997096 -0.000003 0.076153
vn 0.077279 -0.000003 0.997010
vn 0.997092 -0.002505 0.076170
vn 0.997092 -0.002505 -0.076170
vn 0.997096 -0.000003 -0.076153
vn 0.997096 -0.000003 0.076153
vn 0.077279 -0.000003 -0.997010
vn 0.997096 -0.000003 -0.076153
vn 0.997092 -0.002505 -0.076170
vn 0.077274 -0.002402 -0.997007
vn -0.077279 -0.000003 -0.997010
vn 0.077279 -0.000003 -0.997010
vn 0.077274 -0.002402 -0.997007
vn -0.077274 -0.002402 -0.997007
vn -0.997096 -0.000003 -0.076153
vn -0.077279 -0.000003 -0.997010
vn -0.077274 -0.002402 -0.997007
vn -0.997092 -0.002505 -0.076170
vn -0.997092 -0.002505 -0.076170
vn -0.997092 -0.002505 0.076170
vn -0.997096 -0.000003 0.076153
vn -0.997096 -0.000003 -0.076153
vn -0.997092 -0.002505 0.076170
vn -0.077274 -0.002402 0.997007
vn -0.077279 -0.000003 0.997010
vn -0.997096 -0.000003 0.076153
vn -0.073693 -0.994637 0.072567
vn -0.997092 -0.002505 0.076170
vn -0.997092 -0.002505 -0.076170
vn -0.073693 -0.994637 -0.072567
vn -0.077274 -0.002402 0.997007
vn -0.073693 -0.994637 0.072567
vn 0.073693 -0.994637 0.072567
vn 0.077274 -0.002402 0.997007
vn -0.997096 -0.000003 0.076153
vn -0.077279 -0.000003 0.997010
vn -0.077225 0.002861 0.997010
vn -0.997094 0.002983 0.076123
vn 0.997092 -0.002505 0.076170
vn 0.073693 -0.994637 0.072567
vn 0.073693 -0.994637 -0.072567
vn 0.997092 -0.002505 -0.076170
vn 0.077279 -0.000003 0.997010
vn 0.997096 -0.000003 0.076153
vn 0.997094 0.002983 0.076123
vn 0.077225 0.002861 0.997010
vn -0.997094 0.002983 0.076123
vn -0.073693 0.994637 0.072567
vn -0.073693 0.994637 -0.072567
vn -0.997094 0.002983 -0.076123
vn -0.073693 0.994637 0.072567
vn -0.077225 0.002861 0.997010
vn 0.077225 0.002861 0.997010
vn 0.073693 0.994637 0.072567
vn 0.073693 0.994637 0.072567
vn 0.997094 0.002983 0.076123
vn 0.997094 0.002983 -0.076123
vn 0.073693 0.994637 -0.072567
vn -0.997094 0.002983 -0.076123
vn -0.077224 0.002861 -0.997010
vn -0.077279 -0.000003 -0.997010
vn -0.997096 -0.000003 -0.076153
vn -0.077224 0.002861 -0.997010
vn -0.073693 0.994637 -0.072567
vn 0.073693 0.994637 -0.072567
vn 0.077224 0.002861 -0.997010
vn 0.077224 0.002861 -0.997010
vn 0.997094 0.002983 -0.076123
vn 0.997096 -0.000003 -0.076153
vn 0.077279 -0.000003 -0.997010
vn -0.073693 -0.994637 -0.072567
vn -0.077274 -0.002402 -0.997007
vn 0.077274 -0.002402 -0.997007
vn 0.073693 -0.994637 -0.072567
vn -0.077279 -0.000003 0.997010
vn 0.077279 -0.000003 0.997010
vn 0.077225 0.002861 0.997010
vn -0.077225 0.002861 0.997010
vn -0.073693 0.994637 0.072567
vn 0.073693 0.994637 0.072567
vn 0.073693 0.994637 -0.072567
vn -0.073693 0.994637 -0.072567
vn -0.077224 0.002861 -0.997010
vn 0.077224 0.002861 -0.997010
vn 0.077279 -0.000003 -0.997010
vn -0.077279 -0.000003 -0.997010
vn -0.073693 -0.994637 -0.072567
vn 0.073693 -0.994637 -0.072567
vn 0.073693 -0.994637 0.072567
vn -0.073693 -0.994637 0.072567
vn 0.997096 -0.000003 0.076153
vn 0.997096 -0.000003 -0.076153
vn 0.997094 0.002983 -0.076123
vn 0.997094 0.002983 0.076123
vn -0.997096 -0.000003 -0.076153
vn -0.997096 -0.000003 0.076153
vn -0.997094 0.002983 0.076123
vn -0.997094 0.002983 -0.076123
vn -0.073693 -0.994637 0.072567
vn -0.077274 -0.002402 0.997007
vn -0.997092 -0.002505 0.076170
vn 0.997092 -0.002505 0.076170
vn 0.077274 -0.002402 0.997007
vn 0.073693 -0.994637 0.072567
vn -0.997094 0.002983 0.076123
vn -0.077225 0.002861 0.997010
vn -0.073693 0.994637 0.072567
vn 0.073693 0.994637 0.072567
vn 0.077225 0.002861 0.997010
vn 0.997094 0.002983 0.076123
vn -0.997094 0.002983 -0.076123
vn -0.073693 0.994637 -0.072567
vn -0.077224 0.002861 -0.997010
vn 0.077224 0.002861 -0.997010
vn 0.073693 0.994637 -0.072567
vn 0.997094 0.002983 -0.076123
vn -0.997092 -0.002505 -0.076170
vn -0.077274 -0.002402 -0.997007
vn -0.073693 -0.994637 -0.072567
vn 0.073693 -0.994637 -0.072567
vn 0.077274 -0.002402 -0.997007
vn 0.997092 -0.002505 -0.076170
vn -0.077274 -0.002402 0.997007
vn 0.077274 -0.002402 0.997007
vn 0.077279 -0.000003 0.997010
vn -0.077279 -0.000003 0.997010
vn 0.077274 -0.002402 0.997007
vn 0.997092 -0.002505 0.076170
vn 0.997096 -0.000003 0.076153
vn 0.077279 -0.000003 0.997010
vn 0.997092 -0.002505 0.076170
vn 0.997092 -0.002505 -0.076170
vn 0.997096 -0.000003 -0.076153
vn 0.997096 -0.000003 0.076153
vn 0.077279 -0.000003 -0.997010
vn 0.997096 -0.000003 -0.076153
vn 0.997092 -0.002505 -0.076170
vn 0.077274 -0.002402 -0.997007
vn -0.077279 -0.000003 -0.997010
vn 0.077279 -0.000003 -0.997010
vn 0.077274 -0.002402 -0.997007
vn -0.077274 -0.002402 -0.997007
vn -0.997096 -0.000003 -0.076153
vn -0.077279 -0.000003 -0.997010
vn -0.077274 -0.002402 -0.997007
vn -0.997092 -0.002505 -0.076170
vn -0.997092 -0.002505 -0.076170
vn -0.997092 -0.002505 0.076170
vn -0.997096 -0.000003 0.076153
vn -0.997096 -0.000003 -0.076153
vn -0.997092 -0.002505 0.076170
vn -0.077274 -0.002402 0.997007
vn -0.077279 -0.000003 0.997010
vn -0.997096 -0.000003 0.076153
vn -0.073693 -0.994637 0.072567
vn -0.997092 -0.002505 0.076170
vn -0.997092 -0.002505 -0.076170
vn -0.073693 -0.994637 -0.072567
vn -0.077274 -0.002402 0.997007
vn -0.073693 -0.994637 0.072567
vn 0.073693 -0.994637 0.072567
vn 0.077274 -0.002402 0.997007
vn -0.997096 -0.000003 0.076153
vn -0.077279 -0.000003 0.997010
vn -0.077225 0.002861 0.997010
vn -0.997094 0.002983 0.076123
vn 0.997092 -0.002505 0.076170
vn 0.073693 -0.994637 0.072567
vn 0.073693 -0.994637 -0.072567
vn 0.997092 -0.002505 -0.076170
vn 0.077279 -0.000003 0.997010
vn 0.997096 -0.000003 0.076153
vn 0.997094 0.002983 0.076123
vn 0.077225 0.002861 0.997010
vn -0.997094 0.002983 0.076123
vn -0.073693 0.994637 0.072567
vn -0.073693 0.994637 -0.072567
vn -0.997094 0.002983 -0.076123
vn -0.073693 0.994637 0.072567
vn -0.077225 0.002861 0.997010
vn 0.077225 0.002861 0.997010
vn 0.073693 0.994637 0.072567
vn 0.073693 0.994637 0.072567
vn 0.997094 0.002983 0.076123
vn 0.997094 0.002983 -0.076123
vn 0.073693 0.994637 -0.072567
vn -0.997094 0.002983 -0.076123
vn -0.077224 0.002861 -0.997010
vn -0.077279 -0.000003 -0.997010
vn -0.997096 -0.000003 -0.076153
vn -0.077224 0.002861 -0.997010
vn -0.073693 0.994637 -0.072567
vn 0.073693 0.994637 -0.072567
vn 0.077224 0.002861 -0.997010
vn 0.077224 0.002861 -0.997010
vn 0.997094 0.002983 -0.076123
vn 0.997096 -0.000003 -0.076153
vn 0.077279 -0.000003 -0.997010
vn -0.073693 -0.994637 -0.072567
vn -0.077274 -0.002402 -0.997007
vn 0.077274 -0.002402 -0.997007
vn 0.073693 -0.994637 -0.072567
vn -0.077279 -0.000003 0.997010
vn 0.077279 -0.000003 0.997010
vn 0.077225 0.002861 0.997010
vn -0.077225 0.002861 0.997010
vn -0.073693 0.994637 0.072567
vn 0.073693 0.994637 0.072567
vn 0.073693 0.994637 -0.072567
vn -0.073693 0.994637 -0.072567
vn -0.077224 0.002861 -0.997010
vn 0.077224 0.002861 -0.997010
vn 0.077279 -0.000003 -0.997010
vn -0.077279 -0.000003 -0.997010
vn -0.073693 -0.994637 -0.072567
vn 0.073693 -0.994637 -0.072567
vn 0.073693 -0.994637 0.072567
vn -0.073693 -0.994637 0.072567
vn 0.997096 -0.000003 0.076153
vn 0.997096 -0.000003 -0.076153
vn 0.997094 0.002983 -0.076123
vn 0.997094 0.002983 0.076123
vn -0.997096 -0.000003 -0.076153
vn -0.997096 -0.000003 0.076153
vn -0.997094 0.002983 0.076123
vn -0.997094 0.002983 -0.076123
vn -0.073693 -0.994637 0.072567
vn -0.077274 -0.002402 0.997007
vn -0.997092 -0.002505 0.076170
vn 0.997092 -0.002505 0.076170
vn 0.077274 -0.002402 0.997007
vn 0.073693 -0.994637 0.072567
vn -0.997094 0.002983 0.076123
vn -0.077225 0.002861 0.997010
vn -0.073693 0.994637 0.072567
vn 0.073693 0.994637 0.072567
vn 0.077225 0.002861 0.997010
vn 0.997094 0.002983 0.076123
vn -0.997094 0.002983 -0.076123
vn -0.073693 0.994637 -0.072567
vn -0.077224 0.002861 -0.997010
vn 0.077224 0.002861 -0.997010
vn 0.073693 0.994637 -0.072567
vn 0.997094 0.002983 -0.076123
vn -0.997092 -0.002505 -0.076170
vn -0.077274 -0.002402 -0.997007
vn -0.073693 -0.994637 -0.072567
vn 0.073693 -0.994637 -0.072567
vn 0.077274 -0.002402 -0.997007
vn 0.997092 -0.002505 -0.076170
vn -0.077274 -0.002402 0.997007
vn 0.077274 -0.002402 0.997007
vn 0.077279 -0.000003 0.997010
vn -0.077279 -0.000003 0.997010
vn 0.077274 -0.002402 0.997007
vn 0.997092 -0.002505 0.076170
vn 0.997096 -0.000003 0.076153
vn 0.077279 -0.000003 0.997010
vn 0.997092 -0.002505 0.076170
vn 0.997092 -0.002505 -0.076170
vn 0.997096 -0.000003 -0.076153
vn 0.997096 -0.000003 0.076153
vn 0.077279 -0.000003 -0.997010
vn 0.997096 -0.000003 -0.076153
vn 0.997092 -0.002505 -0.076170
vn 0.077274 -0.002402 -0.997007
vn -0.077279 -0.000003 -0.997010
vn 0.077279 -0.000003 -0.997010
vn 0.077274 -0.002402 -0.997007
vn -0.077274 -0.002402 -0.997007
vn -0.997096 -0.000003 -0.076153
vn -0.077279 -0.000003 -0.997010
vn -0.077274 -0.002402 -0.997007
vn -0.997092 -0.002505 -0.076170
vn -0.997092 -0.002505 -0.076170
vn -0.997092 -0.002505 0.076170
vn -0.997096 -0.000003 0.076153
vn -0.997096 -0.000003 -0.076153
vn -0.997092 -0.002505 0.076170
vn -0.077274 -0.002402 0.997007
vn -0.077279 -0.000003 0.997010
vn -0.997096 -0.000003 0.076153
vn -0.997096 -0.000003 0.076153
vn -0.077279 -0.000003 0.997010
vn -0.077225 0.002861 0.997010
vn -0.997094 0.002983 0.076123
vn 0.077279 -0.000003 0.997010
vn 0.997096 -0.000003 0.076153
vn 0.997094 0.002983 0.076123
vn 0.077225 0.002861 0.997010
vn -0.997094 0.002983 0.076123
vn -0.073693 0.994637 0.072567
vn -0.073693 0.994637 -0.072567
vn -0.997094 0.002983 -0.076123
vn -0.073693 0.994637 0.072567
vn -0.077225 0.002861 0.997010
vn 0.077225 0.002861 0.997010
vn 0.073693 0.994637 0.072567
vn 0.073693 0.994637 0.072567
vn 0.997094 0.002983 0.076123
vn 0.997094 0.002983 -0.076123
vn 0.073693 0.994637 -0.072567
vn -0.997094 0.002983 -0.076123
vn -0.077224 0.002861 -0.997010
vn -0.077279 -0.000003 -0.997010
vn -0.997096 -0.000003 -0.076153
vn -0.077224 0.002861 -0.997010
vn -0.073693 0.994637 -0.072567
vn 0.073693 0.994637 -0.072567
vn 0.077224 0.002861 -0.997010
vn 0.077224 0.002861 -0.997010
vn 0.997094 0.002983 -0.076123
vn 0.997096 -0.000003 -0.076153
vn 0.077279 -0.000003 -0.997010
vn -0.077279 -0.000003 0.997010
vn 0.077279 -0.000003 0.997010
vn 0.077225 0.002861 0.997010
vn -0.077225 0.002861 0.997010
vn -0.073693 0.994637 0.072567
vn 0.073693 0.994637 0.072567
vn 0.073693 0.994637 -0.072567
vn -0.073693 0.994637 -0.072567
vn -0.077224 0.002861 -0.997010
vn 0.077224 0.002861 -0.997010
vn 0.077279 -0.000003 -0.997010
vn -0.077279 -0.000003 -0.997010
vn 0.997096 -0.000003 0.076153
vn 0.997096 -0.000003 -0.076153
vn 0.997094 0.002983 -0.076123
vn 0.997094 0.002983 0.076123
vn -0.997096 -0.000003 -0.076153
vn -0.997096 -0.000003 0.076153
vn -0.997094 0.002983 0.076123
vn -0.997094 0.002983 -0.076123
vn -0.997094 0.002983 0.076123
vn -0.077225 0.002861 0.997010
vn -0.073693 0.994637 0.072567
vn 0.073693 0.994637 0.072567
vn 0.077225 0.002861 0.997010
vn 0.997094 0.002983 0.076123
vn -0.997094 0.002983 -0.076123
vn -0.073693 0.994637 -0.072567
vn -0.077224 0.002861 -0.997010
vn 0.077224 0.002861 -0.997010
vn 0.073693 0.994637 -0.072567
vn 0.997094 0.002983 -0.076123
vn -0.997096 -0.000003 0.076153
vn -0.077279 -0.000003 0.997010
vn -0.077225 0.002861 0.997010
vn -0.997094 0.002983 0.076123
vn 0.077279 -0.000003 0.997010
vn 0.997096 -0.000003 0.076153
vn 0.997094 0.002983 0.076123
vn 0.077225 0.002861 0.997010
vn -0.997094 0.002983 0.076123
vn -0.073693 0.994637 0.072567
vn -0.073693 0.994637 -0.072567
vn -0.997094 0.002983 -0.076123
vn -0.073693 0.994637 0.072567
vn -0.077225 0.002861 0.997010
vn 0.077225 0.002861 0.997010
vn 0.073693 0.994637 0.072567
vn 0.073693 0.994637 0.072567
vn 0.997094 0.002983 0.076123
vn 0.997094 0.002983 -0.076123
vn 0.073693 0.994637 -0.072567
vn -0.997094 0.002983 -0.076123
vn -0.077224 0.002861 -0.997010
vn -0.077279 -0.000003 -0.997010
vn -0.997096 -0.000003 -0.076153
vn -0.077224 0.002861 -0.997010
vn -0.073693 0.994637 -0.072567
vn 0.073693 0.994637 -0.072567
vn 0.077224 0.002861 -0.997010
vn 0.077224 0.002861 -0.997010
vn 0.997094 0.002983 -0.076123
vn 0.997096 -0.000003 -0.076153
vn 0.077279 -0.000003 -0.997010
vn -0.077279 -0.000003 0.997010
vn 0.077279 -0.000003 0.997010
vn 0.077225 0.002861 0.997010
vn -0.077225 0.002861 0.997010
vn -0.073693 0.994637 0.072567
vn 0.073693 0.994637 0.072567
vn 0.073693 0.994637 -0.072567
vn -0.073693 0.994637 -0.072567
vn -0.077224 0.002861 -0.997010
vn 0.077224 0.002861 -0.997010
vn 0.077279 -0.000003 -0.997010
vn -0.077279 -0.000003 -0.997010
vn 0.997096 -0.000003 0.076153
vn 0.997096 -0.000003 -0.076153
vn 0.997094 0.002983 -0.076123
vn 0.997094 0.002983 0.076123
vn -0.997096 -0.000003 -0.076153
vn -0.997096 -0.000003 0.076153
vn -0.997094 0.002983 0.076123
vn -0.997094 0.002983 -0.076123
vn -0.997094 0.002983 0.076123
vn -0.077225 0.002861 0.997010
vn -0.073693 0.994637 0.072567
vn 0.073693 0.994637 0.072567
vn 0.077225 0.002861 0.997010
vn 0.997094 0.002983 0.076123
vn -0.997094 0.002983 -0.076123
vn -0.073693 0.994637 -0.072567
vn -0.077224 0.002861 -0.997010
vn 0.077224 0.002861 -0.997010
vn 0.073693 0.994637 -0.072567
vn 0.997094 0.002983 -0.076123
vn 0.075058 -0.994637 0.071154
vn 0.110415 -0.002505 0.993882
vn -0.041835 -0.002505 0.999121
vn -0.069990 -0.994637 0.076145
vn 0.999075 -0.002402 0.042941
vn 0.075058 -0.994637 0.071154
vn 0.069990 -0.994637 -0.076145
vn 0.993760 -0.002402 -0.111515
vn 0.110398 -0.000003 0.993887
vn 0.999077 -0.000003 0.042946
vn 0.999076 0.002861 0.042892
vn 0.110368 0.002983 0.993886
vn 0.041835 -0.002505 -0.999121
vn 0.069990 -0.994637 -0.076145
vn -0.075058 -0.994637 -0.071154
vn -0.110415 -0.002505 -0.993882
vn 0.993762 -0.000003 -0.111520
vn 0.041818 -0.000003 -0.999125
vn 0.041788 0.002983 -0.999122
vn 0.993764 0.002861 -0.111467
vn 0.110368 0.002983 0.993886
vn 0.075058 0.994637 0.071154
vn -0.069990 0.994637 0.076145
vn -0.041788 0.002983 0.999122
vn 0.075058 0.994637 0.071154
vn 0.999076 0.002861 0.042892
vn 0.993764 0.002861 -0.111467
vn 0.069990 0.994637 -0.076145
vn 0.069990 0.994637 -0.076145
vn 0.041788 0.002983 -0.999122
vn -0.110368 0.002983 -0.993886
vn -0.075058 0.994637 -0.071154
vn -0.041788 0.002983 0.999122
vn -0.993764 0.002861 0.111466
vn -0.993762 -0.000003 0.111520
vn -0.041818 -0.000003 0.999125
vn -0.993764 0.002861 0.111466
vn -0.069990 0.994637 0.076145
vn -0.075058 0.994637 -0.071154
vn -0.999076 0.002861 -0.042891
vn -0.999076 0.002861 -0.042891
vn -0.110368 0.002983 -0.993886
vn -0.110398 -0.000003 -0.993887
vn -0.999077 -0.000003 -0.042946
vn -0.069990 -0.994637 0.076145
vn -0.993760 -0.002402 0.111515
vn -0.999075 -0.002402 -0.042941
vn -0.075058 -0.994637 -0.071154
vn 0.999077 -0.000003 0.042946
vn 0.993762 -0.000003 -0.111520
vn 0.993764 0.002861 -0.111467
vn 0.999076 0.002861 0.042892
vn 0.075058 0.994637 0.071154
vn 0.069990 0.994637 -0.076145
vn -0.075058 0.994637 -0.071154
vn -0.069990 0.994637 0.076145
vn -0.993764 0.002861 0.111466
vn -0.999076 0.002861 -0.042891
vn -0.999077 -0.000003 -0.042946
vn -0.993762 -0.000003 0.111520
vn -0.069990 -0.994637 0.076145
vn -0.075058 -0.994637 -0.071154
vn 0.069990 -0.994637 -0.076145
vn 0.075058 -0.994637 0.071154
vn 0.041818 -0.000003 -0.999125
vn -0.110398 -0.000003 -0.993887
vn -0.110368 0.002983 -0.993886
vn 0.041788 0.002983 -0.999122
vn -0.041818 -0.000003 0.999125
vn 0.110398 -0.000003 0.993887
vn 0.110368 0.002983 0.993886
vn -0.041788 0.002983 0.999122
vn 0.075058 -0.994637 0.071154
vn 0.999075 -0.002402 0.042941
vn 0.110415 -0.002505 0.993882
vn 0.041835 -0.002505 -0.999121
vn 0.993760 -0.002402 -0.111515
vn 0.069990 -0.994637 -0.076145
vn 0.110368 0.002983 0.993886
vn 0.999076 0.002861 0.042892
vn 0.075058 0.994637 0.071154
vn 0.069990 0.994637 -0.076145
vn 0.993764 0.002861 -0.111467
vn 0.041788 0.002983 -0.999122
vn -0.041788 0.002983 0.999122
vn -0.069990 0.994637 0.076145
vn -0.993764 0.002861 0.111466
vn -0.999076 0.002861 -0.042891
vn -0.075058 0.994637 -0.071154
vn -0.110368 0.002983 -0.993886
vn -0.041835 -0.002505 0.999121
vn -0.993760 -0.002402 0.111515
vn -0.069990 -0.994637 0.076145
vn -0.075058 -0.994637 -0.071154
vn -0.999075 -0.002402 -0.042941
vn -0.110415 -0.002505 -0.993882
vn 0.999075 -0.002402 0.042941
vn 0.993760 -0.002402 -0.111515
vn 0.993762 -0.000003 -0.111520
vn 0.999077 -0.000003 0.042946
vn 0.993760 -0.002402 -0.111515
vn 0.041835 -0.002505 -0.999121
vn 0.041818 -0.000003 -0.999125
vn 0.993762 -0.000003 -0.111520
vn 0.041835 -0.002505 -0.999121
vn -0.110415 -0.002505 -0.993882
vn -0.110398 -0.000003 -0.993887
vn 0.041818 -0.000003 -0.999125
vn -0.999077 -0.000003 -0.042946
vn -0.110398 -0.000003 -0.993887
vn -0.110415 -0.002505 -0.993882
vn -0.999075 -0.002402 -0.042941
vn -0.993762 -0.000003 0.111520
vn -0.999077 -0.000003 -0.042946
vn -0.999075 -0.002402 -0.042941
vn -0.993760 -0.002402 0.111515
vn -0.041818 -0.000003 0.999125
vn -0.993762 -0.000003 0.111520
vn -0.993760 -0.002402 0.111515
vn -0.041835 -0.002505 0.999121
vn -0.041835 -0.002505 0.999121
vn 0.110415 -0.002505 0.993882
vn 0.110398 -0.000003 0.993887
vn -0.041818 -0.000003 0.999125
vn 0.110415 -0.002505 0.993882
vn 0.999075 -0.002402 0.042941
vn 0.999077 -0.000003 0.042946
vn 0.110398 -0.000003 0.993887
vn 0.075058 -0.994637 0.071154
vn 0.110415 -0.002505 0.993882
vn -0.041835 -0.002505 0.999121
vn -0.069990 -0.994637 0.076145
vn 0.999075 -0.002402 0.042941
vn 0.075058 -0.994637 0.071154
vn 0.069990 -0.994637 -0.076145
vn 0.993760 -0.002402 -0.111515
vn 0.110398 -0.000003 0.993887
vn 0.999077 -0.000003 0.042946
vn 0.999076 0.002861 0.042892
vn 0.110368 0.002983 0.993886
vn 0.041835 -0.002505 -0.999121
vn 0.069990 -0.994637 -0.076145
vn -0.075058 -0.994637 -0.071154
vn -0.110415 -0.002505 -0.993882
vn 0.993762 -0.000003 -0.111520
vn 0.041818 -0.000003 -0.999125
vn 0.041788 0.002983 -0.999122
vn 0.993764 0.002861 -0.111467
vn 0.110368 0.002983 0.993886
vn 0.075058 0.994637 0.071154
vn -0.069990 0.994637 0.076145
vn -0.041788 0.002983 0.999122
vn 0.075058 0.994637 0.071154
vn 0.999076 0.002861 0.042892
vn 0.993764 0.002861 -0.111467
vn 0.069990 0.994637 -0.076145
vn 0.069990 0.994637 -0.076145
vn 0.041788 0.002983 -0.999122
vn -0.110368 0.002983 -0.993886
vn -0.075058 0.994637 -0.071154
vn -0.041788 0.002983 0.999122
vn -0.993764 0.002861 0.111466
vn -0.993762 -0.000003 0.111520
vn -0.041818 -0.000003 0.999125
vn -0.993764 0.002861 0.111466
vn -0.069990 0.994637 0.076145
vn -0.075058 0.994637 -0.071154
vn -0.999076 0.002861 -0.042891
vn -0.999076 0.002861 -0.042891
vn -0.110368 0.002983 -0.993886
vn -0.110398 -0.000003 -0.993887
vn -0.999077 -0.000003 -0.042946
vn -0.069990 -0.994637 0.076145
vn -0.993760 -0.002402 0.111515
vn -0.999075 -0.002402 -0.042941
vn -0.075058 -0.994637 -0.071154
vn 0.999077 -0.000003 0.042946
vn 0.993762 -0.000003 -0.111520
vn 0.993764 0.002861 -0.111467
vn 0.999076 0.002861 0.042892
vn 0.075058 0.994637 0.071154
vn 0.069990 0.994637 -0.076145
vn -0.075058 0.994637 -0.071154
vn -0.069990 0.994637 0.076145
vn -0.993764 0.002861 0.111466
vn -0.999076 0.002861 -0.042891
vn -0.999077 -0.000003 -0.042946
vn -0.993762 -0.000003 0.111520
vn -0.069990 -0.994637 0.076145
vn -0.075058 -0.994637 -0.071154
vn 0.069990 -0.994637 -0.076145
vn 0.075058 -0.994637 0.071154
vn 0.041818 -0.000003 -0.999125
vn -0.110398 -0.000003 -0.993887
vn -0.110368 0.002983 -0.993886
vn 0.041788 0.002983 -0.999122
vn -0.041818 -0.000003 0.999125
vn 0.110398 -0.000003 0.993887
vn 0.110368 0.002983 0.993886
vn -0.041788 0.002983 0.999122
vn 0.075058 -0.994637 0.071154
vn 0.999075 -0.002402 0.042941
vn 0.110415 -0.002505 0.993882
vn 0.041835 -0.002505 -0.999121
vn 0.993760 -0.002402 -0.111515
vn 0.069990 -0.994637 -0.076145
vn 0.110368 0.002983 0.993886
vn 0.999076 0.002861 0.042892
vn 0.075058 0.994637 0.071154
vn 0.069990 0.994637 -0.076145
vn 0.993764 0.002861 -0.111467
vn 0.041788 0.002983 -0.999122
vn -0.041788 0.002983 0.999122
vn -0.069990 0.994637 0.076145
vn -0.993764 0.002861 0.111466
vn -0.999076 0.002861 -0.042891
vn -0.075058 0.994637 -0.071154
vn -0.110368 0.002983 -0.993886
vn -0.041835 -0.002505 0.999121
vn -0.993760 -0.002402 0.111515
vn -0.069990 -0.994637 0.076145
vn -0.075058 -0.994637 -0.071154
vn -0.999075 -0.002402 -0.042941
vn -0.110415 -0.002505 -0.993882
vn 0.999075 -0.002402 0.042941
vn 0.993760 -0.002402 -0.111515
vn 0.993762 -0.000003 -0.111520
vn 0.999077 -0.000003 0.042946
vn 0.993760 -0.002402 -0.111515
vn 0.041835 -0.002505 -0.999121
vn 0.041818 -0.000003 -0.999125
vn 0.993762 -0.000003 -0.111520
vn 0.041835 -0.002505 -0.999121
vn -0.110415 -0.002505 -0.993882
vn -0.110398 -0.000003 -0.993887
vn 0.041818 -0.000003 -0.999125
vn -0.999077 -0.000003 -0.042946
vn -0.110398 -0.000003 -0.993887
vn -0.110415 -0.002505 -0.993882
vn -0.999075 -0.002402 -0.042941
vn -0.993762 -0.000003 0.111520
vn -0.999077 -0.000003 -0.042946
vn -0.999075 -0.002402 -0.042941
vn -0.993760 -0.002402 0.111515
vn -0.041818 -0.000003 0.999125
vn -0.993762 -0.000003 0.111520
vn -0.993760 -0.002402 0.111515
vn -0.041835 -0.002505 0.999121
vn -0.041835 -0.002505 0.999121
vn 0.110415 -0.002505 0.993882
vn 0.110398 -0.000003 0.993887
vn -0.041818 -0.000003 0.999125
vn 0.110415 -0.002505 0.993882
vn 0.999075 -0.002402 0.042941
vn 0.999077 -0.000003 0.042946
vn 0.110398 -0.000003 0.993887
vn 0.075058 -0.994637 0.071154
vn 0.110415 -0.002505 0.993882
vn -0.041835 -0.002505 0.999121
vn -0.069990 -0.994637 0.076145
vn 0.999075 -0.002402 0.042941
vn 0.075058 -0.994637 0.071154
vn 0.069990 -0.994637 -0.076145
vn 0.993760 -0.002402 -0.111515
vn 0.110398 -0.000003 0.993887
vn 0.999077 -0.000003 0.042946
vn 0.999076 0.002861 0.042892
vn 0.110368 0.002983 0.993886
vn 0.041835 -0.002505 -0.999121
vn 0.069990 -0.994637 -0.076145
vn -0.075058 -0.994637 -0.071154
vn -0.110415 -0.002505 -0.993882
vn 0.993762 -0.000003 -0.111520
vn 0.041818 -0.000003 -0.999125
vn 0.041788 0.002983 -0.999122
vn 0.993764 0.002861 -0.111467
vn 0.110368 0.002983 0.993886
vn 0.075058 0.994637 0.071154
vn -0.069990 0.994637 0.076145
vn -0.041788 0.002983 0.999122
vn 0.075058 0.994637 0.071154
vn 0.999076 0.002861 0.042892
vn 0.993764 0.002861 -0.111467
vn 0.069990 0.994637 -0.076145
vn 0.069990 0.994637 -0.076145
vn 0.041788 0.002983 -0.999122
vn -0.110368 0.002983 -0.993886
vn -0.075058 0.994637 -0.071154
vn -0.041788 0.002983 0.999122
vn -0.993764 0.002861 0.111466
vn -0.993762 -0.000003 0.111520
vn -0.041818 -0.000003 0.999125
vn -0.993764 0.002861 0.111466
vn -0.069990 0.994637 0.076145
vn -0.075058 0.994637 -0.071154
vn -0.999076 0.002861 -0.042891
vn -0.999076 0.002861 -0.042891
vn -0.110368 0.002983 -0.993886
vn -0.110398 -0.000003 -0.993887
vn -0.999077 -0.000003 -0.042946
vn -0.069990 -0.994637 0.076145
vn -0.993760 -0.002402 0.111515
vn -0.999075 -0.002402 -0.042941
vn -0.075058 -0.994637 -0.071154
vn 0.999077 -0.000003 0.042946
vn 0.993762 -0.000003 -0.111520
vn 0.993764 0.002861 -0.111467
vn 0.999076 0.002861 0.042892
vn 0.075058 0.994637 0.071154
vn 0.069990 0.994637 -0.076145
vn -0.075058 0.994637 -0.071154
vn -0.069990 0.994637 0.076145
vn -0.993764 0.002861 0.111466
vn -0.999076 0.002861 -0.042891
vn -0.999077 -0.000003 -0.042946
vn -0.993762 -0.000003 0.111520
vn -0.069990 -0.994637 0.076145
vn -0.075058 -0.994637 -0.071154
vn 0.069990 -0.994637 -0.076145
vn 0.075058 -0.994637 0.071154
vn 0.041818 -0.000003 -0.999125
vn -0.110398 -0.000003 -0.993887
vn -0.110368 0.002983 -0.993886
vn 0.041788 0.002983 -0.999122
vn -0.041818 -0.000003 0.999125
vn 0.110398 -0.000003 0.993887
vn 0.110368 0.002983 0.993886
vn -0.041788 0.002983 0.999122
vn 0.075058 -0.994637 0.071154
vn 0.999075 -0.002402 0.042941
vn 0.110415 -0.002505 0.993882
vn 0.041835 -0.002505 -0.999121
vn 0.993760 -0.002402 -0.111515
vn 0.069990 -0.994637 -0.076145
vn 0.110368 0.002983 0.993886
vn 0.999076 0.002861 0.042892
vn 0.075058 0.994637 0.071154
vn 0.069990 0.994637 -0.076145
vn 0.993764 0.002861 -0.111467
vn 0.041788 0.002983 -0.999122
vn -0.041788 0.002983 0.999122
vn -0.069990 0.994637 0.076145
vn -0.993764 0.002861 0.111466
vn -0.999076 0.002861 -0.042891
vn -0.075058 0.994637 -0.071154
vn -0.110368 0.002983 -0.993886
vn -0.041835 -0.002505 0.999121
vn -0.993760 -0.002402 0.111515
vn -0.069990 -0.994637 0.076145
vn -0.075058 -0.994637 -0.071154
vn -0.999075 -0.002402 -0.042941
vn -0.110415 -0.002505 -0.993882
vn 0.999075 -0.002402 0.042941
vn 0.993760 -0.002402 -0.111515
vn 0.993762 -0.000003 -0.111520
vn 0.999077 -0.000003 0.042946
vn 0.993760 -0.002402 -0.111515
vn 0.041835 -0.002505 -0.999121
vn 0.041818 -0.000003 -0.999125
vn 0.993762 -0.000003 -0.111520
vn 0.041835 -0.002505 -0.999121
vn -0.110415 -0.002505 -0.993882
vn -0.110398 -0.000003 -0.993887
vn 0.041818 -0.000003 -0.999125
vn -0.999077 -0.000003 -0.042946
vn -0.110398 -0.000003 -0.993887
vn -0.110415 -0.002505 -0.993882
vn -0.999075 -0.002402 -0.042941
vn -0.993762 -0.000003 0.111520
vn -0.999077 -0.000003 -0.042946
vn -0.999075 -0.002402 -0.042941
vn -0.993760 -0.002402 0.111515
vn -0.041818 -0.000003 0.999125
vn -0.993762 -0.000003 0.111520
vn -0.993760 -0.002402 0.111515
vn -0.041835 -0.002505 0.999121
vn -0.041835 -0.002505 0.999121
vn 0.110415 -0.002505 0.993882
vn 0.110398 -0.000003 0.993887
vn -0.041818 -0.000003 0.999125
vn 0.110415 -0.002505 0.993882
vn 0.999075 -0.002402 0.042941
vn 0.999077 -0.000003 0.042946
vn 0.110398 -0.000003 0.993887
vn 0.110398 -0.000003 0.993887
vn 0.999077 -0.000003 0.042946
vn 0.999076 0.002861 0.042892
vn 0.110368 0.002983 0.993886
vn 0.993762 -0.000003 -0.111520
vn 0.041818 -0.000003 -0.999125
vn 0.041788 0.002983 -0.999122
vn 0.993764 0.002861 -0.111467
vn 0.110368 0.002983 0.993886
vn 0.075058 0.994637 0.071154
vn -0.069990 0.994637 0.076145
vn -0.041788 0.002983 0.999122
vn 0.075058 0.994637 0.071154
vn 0.999076 0.002861 0.042892
vn 0.993764 0.002861 -0.111467
vn 0.069990 0.994637 -0.076145
vn 0.069990 0.994637 -0.076145
vn 0.041788 0.002983 -0.999122
vn -0.110368 0.002983 -0.993886
vn -0.075058 0.994637 -0.071154
vn -0.041788 0.002983 0.999122
vn -0.993764 0.002861 0.111466
vn -0.993762 -0.000003 0.111520
vn -0.041818 -0.000003 0.999125
vn -0.993764 0.002861 0.111466
vn -0.069990 0.994637 0.076145
vn -0.075058 0.994637 -0.071154
vn -0.999076 0.002861 -0.042891
vn -0.999076 0.002861 -0.042891
vn -0.110368 0.002983 -0.993886
vn -0.110398 -0.000003 -0.993887
vn -0.999077 -0.000003 -0.042946
vn 0.999077 -0.000003 0.042946
vn 0.993762 -0.000003 -0.111520
vn 0.993764 0.002861 -0.111467
vn 0.999076 0.002861 0.042892
vn 0.075058 0.994637 0.071154
vn 0.069990 0.994637 -0.076145
vn -0.075058 0.994637 -0.071154
vn -0.069990 0.994637 0.076145
vn -0.993764 0.002861 0.111466
vn -0.999076 0.002861 -0.042891
vn -0.999077 -0.000003 -0.042946
vn -0.993762 -0.000003 0.111520
vn 0.041818 -0.000003 -0.999125
vn -0.110398 -0.000003 -0.993887
vn -0.110368 0.002983 -0.993886
vn 0.041788 0.002983 -0.999122
vn -0.041818 -0.000003 0.999125
vn 0.110398 -0.000003 0.993887
vn 0.110368 0.002983 0.993886
vn -0.041788 0.002983 0.999122
vn 0.110368 0.002983 0.993886
vn 0.999076 0.002861 0.042892
vn 0.075058 0.994637 0.071154
vn 0.069990 0.994637 -0.076145
vn 0.993764 0.002861 -0.111467
vn 0.041788 0.002983 -0.999122
vn -0.041788 0.002983 0.999122
vn -0.069990 0.994637 0.076145
vn -0.993764 0.002861 0.111466
vn -0.999076 0.002861 -0.042891
vn -0.075058 0.994637 -0.071154
vn -0.110368 0.002983 -0.993886
vn 0.110398 -0.000003 0.993887
vn 0.999077 -0.000003 0.042946
vn 0.999076 0.002861 0.042892
vn 0.110368 0.002983 0.993886
vn 0.993762 -0.000003 -0.111520
vn 0.041818 -0.000003 -0.999125
vn 0.041788 0.002983 -0.999122
vn 0.993764 0.002861 -0.111467
vn 0.110368 0.002983 0.993886
vn 0.075058 0.994637 0.071154
vn -0.069990 0.994637 0.076145
vn -0.041788 0.002983 0.999122
vn 0.075058 0.994637 0.071154
vn 0.999076 0.002861 0.042892
vn 0.993764 0.002861 -0.111467
vn 0.069990 0.994637 -0.076145
vn 0.069990 0.994637 -0.076145
vn 0.041788 0.002983 -0.999122
vn -0.110368 0.002983 -0.993886
vn -0.075058 0.994637 -0.071154
vn -0.041788 0.002983 0.999122
vn -0.993764 0.002861 0.111466
vn -0.993762 -0.000003 0.111520
vn -0.041818 -0.000003 0.999125
vn -0.993764 0.002861 0.111466
vn -0.069990 0.994637 0.076145
vn -0.075058 0.994637 -0.071154
vn -0.999076 0.002861 -0.042891
vn -0.999076 0.002861 -0.042891
vn -0.110368 0.002983 -0.993886
vn -0.110398 -0.000003 -0.993887
vn -0.999077 -0.000003 -0.042946
vn 0.999077 -0.000003 0.042946
vn 0.993762 -0.000003 -0.111520
vn 0.993764 0.002861 -0.111467
vn 0.999076 0.002861 0.042892
vn 0.075058 0.994637 0.071154
vn 0.069990 0.994637 -0.076145
vn -0.075058 0.994637 -0.071154
vn -0.069990 0.994637 0.076145
vn -0.993764 0.002861 0.111466
vn -0.999076 0.002861 -0.042891
vn -0.999077 -0.000003 -0.042946
vn -0.993762 -0.000003 0.111520
vn 0.041818 -0.000003 -0.999125
vn -0.110398 -0.000003 -0.993887
vn -0.110368 0.002983 -0.993886
vn 0.041788 0.002983 -0.999122
vn -0.041818 -0.000003 0.999125
vn 0.110398 -0.000003 0.993887
vn 0.110368 0.002983 0.993886
vn -0.041788 0.002983 0.999122
vn 0.110368 0.002983 0.993886
vn 0.999076 0.002861 0.042892
vn 0.075058 0.994637 0.071154
vn 0.069990 0.994637 -0.076145
vn 0.993764 0.002861 -0.111467
vn 0.041788 0.002983 -0.999122
vn -0.041788 0.002983 0.999122
vn -0.069990 0.994637 0.076145
vn -0.993764 0.002861 0.111466
vn -0.999076 0.002861 -0.042891
vn -0.075058 0.994637 -0.071154
vn -0.110368 0.002983 -0.993886
vn -0.998517 -0.028311 -0.046509
vn -0.998517 -0.028311 -0.046509
vn -0.998517 -0.028311 -0.046509
vn -0.998517 -0.028311 -0.046509
vn -0.046391 -0.004811 0.998912
vn -0.046391 -0.004811 0.998912
vn -0.046391 -0.004811 0.998912
vn -0.046391 -0.004811 0.998912
vn 0.998517 0.028311 0.046509
vn 0.998517 0.028311 0.046509
vn 0.998517 0.028311 0.046509
vn 0.998517 0.028311 0.046509
vn 0.046391 0.004812 -0.998912
vn 0.046391 0.004812 -0.998912
vn 0.046391 0.004812 -0.998912
vn 0.046391 0.004812 -0.998912
vn 0.028502 -0.999588 -0.003491
vn 0.028502 -0.999588 -0.003491
vn 0.028502 -0.999588 -0.003491
vn 0.028502 -0.999588 -0.003491
vn -0.028502 0.999588 0.003491
vn -0.028502 0.999588 0.003491
vn -0.028502 0.999588 0.003491
vn -0.028502 0.999588 0.003491
vn 0.998707 -0.027933 -0.042470
vn 0.998707 -0.027933 -0.042470
vn 0.998707 -0.027933 -0.042470
vn 0.998707 -0.027933 -0.042470
vn -0.042453 0.001179 -0.999098
vn -0.042453 0.001179 -0.999098
vn -0.042453 0.001179 -0.999098
vn -0.042453 0.001179 -0.999098
vn -0.998707 0.027933 0.042470
vn -0.998707 0.027933 0.042470
vn -0.998707 0.027933 0.042470
vn -0.998707 0.027933 0.042470
vn 0.042453 -0.001178 0.999098
vn 0.042453 -0.001178 0.999098
vn 0.042453 -0.001178 0.999098
vn 0.042453 -0.001178 0.999098
vn -0.027956 -0.999609 0.000009
vn -0.027956 -0.999609 0.000009
vn -0.027956 -0.999609 0.000009
vn -0.027956 -0.999609 0.000009
vn 0.027956 0.999609 -0.000009
vn 0.027956 0.999609 -0.000009
vn 0.027956 0.999609 -0.000009
vn 0.027956 0.999609 -0.000009
vn -0.998517 -0.028311 -0.046509
vn -0.998517 -0.028311 -0.046509
vn -0.998517 -0.028311 -0.046509
vn -0.998517 -0.028311 -0.046509
vn -0.046391 -0.004811 0.998912
vn -0.046391 -0.004811 0.998912
vn -0.046391 -0.004811 0.998912
vn -0.046391 -0.004811 0.998912
vn 0.998517 0.028311 0.046509
vn 0.998517 0.028311 0.046509
vn 0.998517 0.028311 0.046509
vn 0.998517 0.028311 0.046509
vn 0.046391 0.004812 -0.998912
vn 0.046391 0.004812 -0.998912
vn 0.046391 0.004812 -0.998912
vn 0.046391 0.004812 -0.998912
vn 0.028502 -0.999588 -0.003491
vn 0.028502 -0.999588 -0.003491
vn 0.028502 -0.999588 -0.003491
vn 0.028502 -0.999588 -0.003491
vn -0.028502 0.999588 0.003491
vn -0.028502 0.999588 0.003491
vn -0.028502 0.999588 0.003491
vn -0.028502 0.999588 0.003491
vn 0.995052 -0.067836 0.072597
vn 0.002721 -0.996568 0.082738
vn 0.002721 -0.996568 -0.082738
vn 0.995052 -0.067836 -0.072597
vn 0.002403 -0.071135 0.997464
vn 0.995052 -0.067836 0.072597
vn 0.995052 0.067836 0.072597
vn 0.002403 0.071135 0.997464
vn 0.000003 -0.996573 0.082720
vn 0.000003 -0.071139 0.997466
vn -0.002862 -0.071090 0.997466
vn -0.003240 -0.996570 0.082687
vn 0.002721 0.996568 0.082738
vn 0.995052 0.067836 0.072597
vn 0.995052 0.067836 -0.072597
vn 0.002721 0.996568 -0.082738
vn 0.000003 0.071139 0.997466
vn 0.000003 0.996573 0.082720
vn -0.003240 0.996570 0.082687
vn -0.002862 0.071090 0.997466
vn -0.003240 -0.996570 0.082687
vn -0.995052 -0.067836 0.072597
vn -0.995052 -0.067836 -0.072597
vn -0.003240 -0.996570 -0.082687
vn -0.995052 -0.067836 0.072597
vn -0.002862 -0.071090 0.997466
vn -0.002862 0.071090 0.997466
vn -0.995052 0.067836 0.072597
vn -0.995052 0.067836 0.072597
vn -0.003240 0.996570 0.082687
vn -0.003240 0.996570 -0.082687
vn -0.995052 0.067836 -0.072597
vn -0.003240 -0.996570 -0.082687
vn -0.002862 -0.071089 -0.997466
vn 0.000003 -0.071139 -0.997466
vn 0.000003 -0.996573 -0.082720
vn -0.002862 -0.071089 -0.997466
vn -0.995052 -0.067836 -0.072597
vn -0.995052 0.067836 -0.072597
vn -0.002862 0.071089 -0.997466
vn -0.002862 0.071089 -0.997466
vn -0.003240 0.996570 -0.082687
vn 0.000003 0.996573 -0.082720
vn 0.000003 0.071139 -0.997466
vn 0.995052 -0.067836 -0.072597
vn 0.002403 -0.071135 -0.997464
vn 0.002403 0.071135 -0.997464
vn 0.995052 0.067836 -0.072597
vn 0.000003 -0.071139 0.997466
vn 0.000003 0.071139 0.997466
vn -0.002862 0.071090 0.997466
vn -0.002862 -0.071090 0.997466
vn -0.995052 -0.067836 0.072597
vn -0.995052 0.067836 0.072597
vn -0.995052 0.067836 -0.072597
vn -0.995052 -0.067836 -0.072597
vn -0.002862 -0.071089 -0.997466
vn -0.002862 0.071089 -0.997466
vn 0.000003 0.071139 -0.997466
vn 0.000003 -0.071139 -0.997466
vn 0.995052 -0.067836 -0.072597
vn 0.995052 0.067836 -0.072597
vn 0.995052 0.067836 0.072597
vn 0.995052 -0.067836 0.072597
vn 0.000003 0.996573 0.082720
vn 0.000003 0.996573 -0.082720
vn -0.003240 0.996570 -0.082687
vn -0.003240 0.996570 0.082687
vn 0.000003 -0.996573 -0.082720
vn 0.000003 -0.996573 0.082720
vn -0.003240 -0.996570 0.082687
vn -0.003240 -0.996570 -0.082687
vn 0.995052 -0.067836 0.072597
vn 0.002403 -0.071135 0.997464
vn 0.002721 -0.996568 0.082738
vn 0.002721 0.996568 0.082738
vn 0.002403 0.071135 0.997464
vn 0.995052 0.067836 0.072597
vn -0.003240 -0.996570 0.082687
vn -0.002862 -0.071090 0.997466
vn -0.995052 -0.067836 0.072597
vn -0.995052 0.067836 0.072597
vn -0.002862 0.071090 0.997466
vn -0.003240 0.996570 0.082687
vn -0.003240 -0.996570 -0.082687
vn -0.995052 -0.067836 -0.072597
vn -0.002862 -0.071089 -0.997466
vn -0.002862 0.071089 -0.997466
vn -0.995052 0.067836 -0.072597
vn -0.003240 0.996570 -0.082687
vn 0.002721 -0.996568 -0.082738
vn 0.002403 -0.071135 -0.997464
vn 0.995052 -0.067836 -0.072597
vn 0.995052 0.067836 -0.072597
vn 0.002403 0.071135 -0.997464
vn 0.002721 0.996568 -0.082738
vn 0.002403 -0.071135 0.997464
vn 0.002403 0.071135 0.997464
vn 0.000003 0.071139 0.997466
vn 0.000003 -0.071139 0.997466
vn 0.002403 0.071135 0.997464
vn 0.002721 0.996568 0.082738
vn 0.000003 0.996573 0.082720
vn 0.000003 0.071139 0.997466
vn 0.002721 0.996568 0.082738
vn 0.002721 0.996568 -0.082738
vn 0.000003 0.996573 -0.082720
vn 0.000003 0.996573 0.082720
vn 0.000003 0.071139 -0.997466
vn 0.000003 0.996573 -0.082720
vn 0.002721 0.996568 -0.082738
vn 0.002403 0.071135 -0.997464
vn 0.000003 -0.071139 -0.997466
vn 0.000003 0.071139 -0.997466
vn 0.002403 0.071135 -0.997464
vn 0.002403 -0.071135 -0.997464
vn 0.000003 -0.996573 -0.082720
vn 0.000003 -0.071139 -0.997466
vn 0.002403 -0.071135 -0.997464
vn 0.002721 -0.996568 -0.082738
vn 0.002721 -0.996568 -0.082738
vn 0.002721 -0.996568 0.082738
vn 0.000003 -0.996573 0.082720
vn 0.000003 -0.996573 -0.082720
vn 0.002721 -0.996568 0.082738
vn 0.002403 -0.071135 0.997464
vn 0.000003 -0.071139 0.997466
vn 0.000003 -0.996573 0.082720
vn 0.995376 0.028255 -0.091801
vn 0.995376 0.028255 -0.091801
vn 0.995376 0.028255 -0.091801
vn 0.995376 0.028255 -0.091801
vn 0.091787 0.001808 0.995777
vn 0.091787 0.001808 0.995777
vn 0.091787 0.001808 0.995777
vn 0.091787 0.001808 0.995777
vn -0.995376 -0.028255 0.091801
vn -0.995376 -0.028255 0.091801
vn -0.995376 -0.028255 0.091801
vn -0.995376 -0.028255 0.091801
vn -0.091787 -0.001809 -0.995777
vn -0.091787 -0.001809 -0.995777
vn -0.091787 -0.001809 -0.995777
vn -0.091787 -0.001809 -0.995777
vn -0.028300 0.999599 0.000794
vn -0.028300 0.999599 0.000794
vn -0.028300 0.999599 0.000794
vn -0.028300 0.999599 0.000794
vn 0.028300 -0.999599 -0.000794
vn 0.028300 -0.999599 -0.000794
vn 0.028300 -0.999599 -0.000794
vn 0.028300 -0.999599 -0.000794
vn -0.994873 0.028708 0.096972
vn -0.994873 0.028708 0.096972
vn -0.994873 0.028708 0.096972
vn -0.994873 0.028708 0.096972
vn -0.097326 -0.011172 -0.995190
vn -0.097326 -0.011172 -0.995190
vn -0.097326 -0.011172 -0.995190
vn -0.097326 -0.011172 -0.995190
vn 0.994873 -0.028708 -0.096972
vn 0.994873 -0.028708 -0.096972
vn 0.994873 -0.028708 -0.096972
vn 0.994873 -0.028708 -0.096972
vn 0.097326 0.011171 0.995190
vn 0.097326 0.011171 0.995190
vn 0.097326 0.011171 0.995190
vn 0.097326 0.011171 0.995190
vn 0.027485 0.999525 -0.013908
vn 0.027485 0.999525 -0.013908
vn 0.027485 0.999525 -0.013908
vn 0.027485 0.999525 -0.013908
vn -0.027485 -0.999525 0.013908
vn -0.027485 -0.999525 0.013908
vn -0.027485 -0.999525 0.013908
vn -0.027485 -0.999525 0.013908
vn 0.996164 -0.067836 -0.055276
vn 0.013282 -0.996568 0.081710
vn -0.007884 -0.996568 -0.082406
vn 0.977592 -0.067836 -0.199278
vn 0.129969 -0.071135 0.988963
vn 0.996164 -0.067836 -0.055276
vn 0.996164 0.067836 -0.055276
vn 0.129969 0.071135 0.988963
vn 0.010584 -0.996573 0.082040
vn 0.127589 -0.071139 0.989273
vn 0.124747 -0.071090 0.989639
vn 0.007363 -0.996570 0.082422
vn 0.013282 0.996568 0.081710
vn 0.996164 0.067836 -0.055276
vn 0.977592 0.067836 -0.199278
vn -0.007884 0.996568 -0.082406
vn 0.127589 0.071139 0.989273
vn 0.010584 0.996573 0.082040
vn 0.007363 0.996570 0.082422
vn 0.124747 0.071090 0.989639
vn 0.007363 -0.996570 0.082422
vn -0.977592 -0.067836 0.199278
vn -0.996164 -0.067836 0.055276
vn -0.013790 -0.996570 -0.081593
vn -0.977592 -0.067836 0.199278
vn 0.124747 -0.071090 0.989639
vn 0.124747 0.071090 0.989639
vn -0.977592 0.067836 0.199278
vn -0.977592 0.067836 0.199278
vn 0.007363 0.996570 0.082422
vn -0.013790 0.996570 -0.081593
vn -0.996164 0.067836 0.055276
vn -0.013790 -0.996570 -0.081593
vn -0.130424 -0.071089 -0.988907
vn -0.127583 -0.071139 -0.989273
vn -0.010577 -0.996573 -0.082041
vn -0.130424 -0.071089 -0.988907
vn -0.996164 -0.067836 0.055276
vn -0.996164 0.067836 0.055276
vn -0.130424 0.071089 -0.988907
vn -0.130424 0.071089 -0.988907
vn -0.013790 0.996570 -0.081593
vn -0.010577 0.996573 -0.082041
vn -0.127583 0.071139 -0.989273
vn 0.977592 -0.067836 -0.199278
vn -0.125202 -0.071135 -0.989578
vn -0.125202 0.071135 -0.989578
vn 0.977592 0.067836 -0.199278
vn 0.127589 -0.071139 0.989273
vn 0.127589 0.071139 0.989273
vn 0.124747 0.071090 0.989639
vn 0.124747 -0.071090 0.989639
vn -0.977592 -0.067836 0.199278
vn -0.977592 0.067836 0.199278
vn -0.996164 0.067836 0.055276
vn -0.996164 -0.067836 0.055276
vn -0.130424 -0.071089 -0.988907
vn -0.130424 0.071089 -0.988907
vn -0.127583 0.071139 -0.989273
vn -0.127583 -0.071139 -0.989273
vn 0.977592 -0.067836 -0.199278
vn 0.977592 0.067836 -0.199278
vn 0.996164 0.067836 -0.055276
vn 0.996164 -0.067836 -0.055276
vn 0.010584 0.996573 0.082040
vn -0.010577 0.996573 -0.082041
vn -0.013790 0.996570 -0.081593
vn 0.007363 0.996570 0.082422
vn -0.010577 -0.996573 -0.082041
vn 0.010584 -0.996573 0.082040
vn 0.007363 -0.996570 0.082422
vn -0.013790 -0.996570 -0.081593
vn 0.996164 -0.067836 -0.055276
vn 0.129969 -0.071135 0.988963
vn 0.013282 -0.996568 0.081710
vn 0.013282 0.996568 0.081710
vn 0.129969 0.071135 0.988963
vn 0.996164 0.067836 -0.055276
vn 0.007363 -0.996570 0.082422
vn 0.124747 -0.071090 0.989639
vn -0.977592 -0.067836 0.199278
vn -0.977592 0.067836 0.199278
vn 0.124747 0.071090 0.989639
vn 0.007363 0.996570 0.082422
vn -0.013790 -0.996570 -0.081593
vn -0.996164 -0.067836 0.055276
vn -0.130424 -0.071089 -0.988907
vn -0.130424 0.071089 -0.988907
vn -0.996164 0.067836 0.055276
vn -0.013790 0.996570 -0.081593
vn -0.007884 -0.996568 -0.082406
vn -0.125202 -0.071135 -0.989578
vn 0.977592 -0.067836 -0.199278
vn 0.977592 0.067836 -0.199278
vn -0.125202 0.071135 -0.989578
vn -0.007884 0.996568 -0.082406
vn 0.129969 -0.071135 0.988963
vn 0.129969 0.071135 0.988963
vn 0.127589 0.071139 0.989273
vn 0.127589 -0.071139 0.989273
vn 0.129969 0.071135 0.988963
vn 0.013282 0.996568 0.081710
vn 0.010584 0.996573 0.082040
vn 0.127589 0.071139 0.989273
vn 0.013282 0.996568 0.081710
vn -0.007884 0.996568 -0.082406
vn -0.010577 0.996573 -0.082041
vn 0.010584 0.996573 0.082040
vn -0.127583 0.071139 -0.989273
vn -0.010577 0.996573 -0.082041
vn -0.007884 0.996568 -0.082406
vn -0.125202 0.071135 -0.989578
vn -0.127583 -0.071139 -0.989273
vn -0.127583 0.071139 -0.989273
vn -0.125202 0.071135 -0.989578
vn -0.125202 -0.071135 -0.989578
vn -0.010577 -0.996573 -0.082041
vn -0.127583 -0.071139 -0.989273
vn -0.125202 -0.071135 -0.989578
vn -0.007884 -0.996568 -0.082406
vn -0.007884 -0.996568 -0.082406
vn 0.013282 -0.996568 0.081710
vn 0.010584 -0.996573 0.082040
vn -0.010577 -0.996573 -0.082041
vn 0.013282 -0.996568 0.081710
vn 0.129969 -0.071135 0.988963
vn 0.127589 -0.071139 0.989273
vn 0.010584 -0.996573 0.082040
vn 0.048250 0.013518 -0.998744
vn 0.073943 -0.993774 -0.083341
vn -0.078376 -0.993643 -0.080810
vn -0.081379 0.013629 -0.996590
vn 0.996656 -0.077670 -0.025390
vn 0.048250 0.013518 -0.998744
vn 0.048536 0.144759 -0.988276
vn 0.996992 0.076388 -0.013102
vn 0.078283 0.994090 0.075214
vn 0.048536 0.144759 -0.988276
vn -0.081092 0.144870 -0.986122
vn -0.074036 0.994221 0.077745
vn -0.081379 0.013629 -0.996590
vn -0.997081 -0.075960 0.007736
vn -0.996745 0.078098 0.020024
vn -0.081092 0.144870 -0.986122
vn -0.081379 0.013629 -0.996590
vn -0.081092 0.144870 -0.986122
vn 0.048536 0.144759 -0.988276
vn 0.048250 0.013518 -0.998744
vn 0.048250 0.013518 -0.998744
vn 0.996656 -0.077670 -0.025390
vn 0.073943 -0.993774 -0.083341
vn 0.078283 0.994090 0.075214
vn 0.996992 0.076388 -0.013102
vn 0.048536 0.144759 -0.988276
vn -0.078376 -0.993643 -0.080810
vn -0.997081 -0.075960 0.007736
vn -0.081379 0.013629 -0.996590
vn -0.081092 0.144870 -0.986122
vn -0.996745 0.078098 0.020024
vn -0.074036 0.994221 0.077745
vn 0.996656 -0.077670 -0.025390
vn 0.996992 0.076388 -0.013102
vn 0.997040 0.076179 -0.010422
vn 0.996703 -0.077889 -0.022711
vn 0.996992 0.076388 -0.013102
vn 0.078283 0.994090 0.075214
vn 0.078312 0.993872 0.078009
vn 0.997040 0.076179 -0.010422
vn 0.078283 0.994090 0.075214
vn -0.074036 0.994221 0.077745
vn -0.073973 0.994003 0.080540
vn 0.078312 0.993872 0.078009
vn -0.996704 0.077890 0.022704
vn -0.073973 0.994003 0.080540
vn -0.074036 0.994221 0.077745
vn -0.996745 0.078098 0.020024
vn -0.997040 -0.076179 0.010415
vn -0.996704 0.077890 0.022704
vn -0.996745 0.078098 0.020024
vn -0.997081 -0.075960 0.007736
vn -0.078312 -0.993872 -0.078016
vn -0.997040 -0.076179 0.010415
vn -0.997081 -0.075960 0.007736
vn -0.078376 -0.993643 -0.080810
vn -0.078376 -0.993643 -0.080810
vn 0.073943 -0.993774 -0.083341
vn 0.073972 -0.994002 -0.080546
vn -0.078312 -0.993872 -0.078016
vn 0.073943 -0.993774 -0.083341
vn 0.996656 -0.077670 -0.025390
vn 0.996703 -0.077889 -0.022711
vn 0.073972 -0.994002 -0.080546
vn 0.048218 -0.073235 -0.996148
vn 0.075380 -0.997149 0.003303
vn -0.076939 -0.997019 0.005834
vn -0.081410 -0.073124 -0.993995
vn 0.996767 -0.078147 -0.018683
vn 0.048218 -0.073235 -0.996148
vn 0.048315 0.058419 -0.997122
vn 0.996880 0.076397 -0.019826
vn 0.076846 0.996977 -0.011448
vn 0.048315 0.058419 -0.997122
vn -0.081314 0.058531 -0.994969
vn -0.075473 0.997108 -0.008917
vn -0.081410 -0.073124 -0.993995
vn -0.996970 -0.076436 0.014443
vn -0.996856 0.078107 0.013300
vn -0.081314 0.058531 -0.994969
vn -0.081410 -0.073124 -0.993995
vn -0.081314 0.058531 -0.994969
vn 0.048315 0.058419 -0.997122
vn 0.048218 -0.073235 -0.996148
vn 0.048218 -0.073235 -0.996148
vn 0.996767 -0.078147 -0.018683
vn 0.075380 -0.997149 0.003303
vn 0.076846 0.996977 -0.011448
vn 0.996880 0.076397 -0.019826
vn 0.048315 0.058419 -0.997122
vn -0.076939 -0.997019 0.005834
vn -0.996970 -0.076436 0.014443
vn -0.081410 -0.073124 -0.993995
vn -0.081314 0.058531 -0.994969
vn -0.996856 0.078107 0.013300
vn -0.075473 0.997108 -0.008917
vn 0.996767 -0.078147 -0.018683
vn 0.996880 0.076397 -0.019826
vn 0.996928 0.076422 -0.017138
vn 0.996815 -0.078132 -0.015995
vn 0.996880 0.076397 -0.019826
vn 0.076846 0.996977 -0.011448
vn 0.076875 0.997003 -0.008644
vn 0.996928 0.076422 -0.017138
vn 0.076846 0.996977 -0.011448
vn -0.075473 0.997108 -0.008917
vn -0.075410 0.997134 -0.006114
vn 0.076875 0.997003 -0.008644
vn -0.996815 0.078132 0.015988
vn -0.075410 0.997134 -0.006114
vn -0.075473 0.997108 -0.008917
vn -0.996856 0.078107 0.013300
vn -0.996929 -0.076422 0.017131
vn -0.996815 0.078132 0.015988
vn -0.996856 0.078107 0.013300
vn -0.996970 -0.076436 0.014443
vn -0.076875 -0.997003 0.008637
vn -0.996929 -0.076422 0.017131
vn -0.996970 -0.076436 0.014443
vn -0.076939 -0.997019 0.005834
vn -0.076939 -0.997019 0.005834
vn 0.075380 -0.997149 0.003303
vn 0.075410 -0.997134 0.006107
vn -0.076875 -0.997003 0.008637
vn 0.075380 -0.997149 0.003303
vn 0.996767 -0.078147 -0.018683
vn 0.996815 -0.078132 -0.015995
vn 0.075410 -0.997134 0.006107
vn 0.046937 0.014861 -0.998787
vn 0.073942 -0.993769 -0.083399
vn -0.078377 -0.993639 -0.080868
vn -0.080067 0.014970 -0.996677
vn 0.996655 -0.077666 -0.025446
vn 0.046937 0.014861 -0.998787
vn 0.047218 0.143445 -0.988531
vn 0.996991 0.076392 -0.013158
vn 0.078282 0.994094 0.075156
vn 0.047218 0.143445 -0.988531
vn -0.079786 0.143554 -0.986421
vn -0.074037 0.994225 0.077686
vn -0.080067 0.014970 -0.996677
vn -0.997082 -0.075955 0.007680
vn -0.996745 0.078103 0.019968
vn -0.079786 0.143554 -0.986421
vn -0.080067 0.014970 -0.996677
vn -0.079786 0.143554 -0.986421
vn 0.047218 0.143445 -0.988531
vn 0.046937 0.014861 -0.998787
vn 0.046937 0.014861 -0.998787
vn 0.996655 -0.077666 -0.025446
vn 0.073942 -0.993769 -0.083399
vn 0.078282 0.994094 0.075156
vn 0.996991 0.076392 -0.013158
vn 0.047218 0.143445 -0.988531
vn -0.078377 -0.993639 -0.080868
vn -0.997082 -0.075955 0.007680
vn -0.080067 0.014970 -0.996677
vn -0.079786 0.143554 -0.986421
vn -0.996745 0.078103 0.019968
vn -0.074037 0.994225 0.077686
vn 0.996655 -0.077666 -0.025446
vn 0.996991 0.076392 -0.013158
vn 0.997040 0.076179 -0.010422
vn 0.996703 -0.077889 -0.022711
vn 0.996991 0.076392 -0.013158
vn 0.078282 0.994094 0.075156
vn 0.078312 0.993872 0.078009
vn 0.997040 0.076179 -0.010422
vn 0.078282 0.994094 0.075156
vn -0.074037 0.994225 0.077686
vn -0.073973 0.994003 0.080539
vn 0.078312 0.993872 0.078009
vn -0.996704 0.077890 0.022704
vn -0.073973 0.994003 0.080539
vn -0.074037 0.994225 0.077686
vn -0.996745 0.078103 0.019968
vn -0.997040 -0.076179 0.010415
vn -0.996704 0.077890 0.022704
vn -0.996745 0.078103 0.019968
vn -0.997082 -0.075955 0.007680
vn -0.078312 -0.993872 -0.078016
vn -0.997040 -0.076179 0.010415
vn -0.997082 -0.075955 0.007680
vn -0.078377 -0.993639 -0.080868
vn -0.078377 -0.993639 -0.080868
vn 0.073942 -0.993769 -0.083399
vn 0.073972 -0.994002 -0.080546
vn -0.078312 -0.993872 -0.078016
vn 0.073942 -0.993769 -0.083399
vn 0.996655 -0.077666 -0.025446
vn 0.996703 -0.077889 -0.022711
vn 0.073972 -0.994002 -0.080546
vn -0.018807 -0.123610 -0.992153
vn 0.080099 -0.995327 0.053939
vn -0.071765 -0.995238 0.065969
vn -0.137784 -0.123540 -0.982728
vn 0.994003 -0.077886 -0.076763
vn -0.018807 -0.123610 -0.992153
vn -0.019343 -0.002652 -0.999809
vn 0.993319 0.076352 -0.086527
vn 0.071284 0.994851 -0.072041
vn -0.019343 -0.002652 -0.999809
vn -0.138319 -0.002582 -0.990384
vn -0.080580 0.994940 -0.060010
vn -0.137784 -0.123540 -0.982728
vn -0.993781 -0.076722 0.080705
vn -0.994464 0.077515 0.070941
vn -0.138319 -0.002582 -0.990384
vn -0.137784 -0.123540 -0.982728
vn -0.138319 -0.002582 -0.990384
vn -0.019343 -0.002652 -0.999809
vn -0.018807 -0.123610 -0.992153
vn -0.018807 -0.123610 -0.992153
vn 0.994003 -0.077886 -0.076763
vn 0.080099 -0.995327 0.053939
vn 0.071284 0.994851 -0.072041
vn 0.993319 0.076352 -0.086527
vn -0.019343 -0.002652 -0.999809
vn -0.071765 -0.995238 0.065969
vn -0.993781 -0.076722 0.080705
vn -0.137784 -0.123540 -0.982728
vn -0.138319 -0.002582 -0.990384
vn -0.994464 0.077515 0.070941
vn -0.080580 0.994940 -0.060010
vn 0.994003 -0.077886 -0.076763
vn 0.993319 0.076352 -0.086527
vn 0.993554 0.076542 -0.083620
vn 0.994237 -0.077706 -0.073856
vn 0.993319 0.076352 -0.086527
vn 0.071284 0.994851 -0.072041
vn 0.071507 0.995050 -0.069007
vn 0.993554 0.076542 -0.083620
vn 0.071284 0.994851 -0.072041
vn -0.080580 0.994940 -0.060010
vn -0.080323 0.995139 -0.056980
vn 0.071507 0.995050 -0.069007
vn -0.994238 0.077705 0.073849
vn -0.080323 0.995139 -0.056980
vn -0.080580 0.994940 -0.060010
vn -0.994464 0.077515 0.070941
vn -0.993554 -0.076542 0.083613
vn -0.994238 0.077705 0.073849
vn -0.994464 0.077515 0.070941
vn -0.993781 -0.076722 0.080705
vn -0.071508 -0.995051 0.069000
vn -0.993554 -0.076542 0.083613
vn -0.993781 -0.076722 0.080705
vn -0.071765 -0.995238 0.065969
vn -0.071765 -0.995238 0.065969
vn 0.080099 -0.995327 0.053939
vn 0.080322 -0.995139 0.056972
vn -0.071508 -0.995051 0.069000
vn 0.080099 -0.995327 0.053939
vn 0.994003 -0.077886 -0.076763
vn 0.994237 -0.077706 -0.073856
vn 0.080322 -0.995139 0.056972
vn 0.048216 -0.063680 -0.996805
vn 0.075221 -0.997147 -0.006265
vn -0.077098 -0.997017 -0.003735
vn -0.081413 -0.063569 -0.994651
vn 0.996754 -0.078123 -0.019425
vn 0.048216 -0.063680 -0.996805
vn 0.048333 0.067978 -0.996515
vn 0.996893 0.076424 -0.019085
vn 0.077005 0.997029 -0.001879
vn 0.048333 0.067978 -0.996515
vn -0.081295 0.068089 -0.994362
vn -0.075314 0.997160 0.000652
vn -0.081413 -0.063569 -0.994651
vn -0.996982 -0.076412 0.013702
vn -0.996844 0.078135 0.014042
vn -0.081295 0.068089 -0.994362
vn -0.081413 -0.063569 -0.994651
vn -0.081295 0.068089 -0.994362
vn 0.048333 0.067978 -0.996515
vn 0.048216 -0.063680 -0.996805
vn 0.048216 -0.063680 -0.996805
vn 0.996754 -0.078123 -0.019425
vn 0.075221 -0.997147 -0.006265
vn 0.077005 0.997029 -0.001879
vn 0.996893 0.076424 -0.019085
vn 0.048333 0.067978 -0.996515
vn -0.077098 -0.997017 -0.003735
vn -0.996982 -0.076412 0.013702
vn -0.081413 -0.063569 -0.994651
vn -0.081295 0.068089 -0.994362
vn -0.996844 0.078135 0.014042
vn -0.075314 0.997160 0.000652
vn 0.996754 -0.078123 -0.019425
vn 0.996893 0.076424 -0.019085
vn 0.996941 0.076423 -0.016397
vn 0.996802 -0.078134 -0.016737
vn 0.996893 0.076424 -0.019085
vn 0.077005 0.997029 -0.001879
vn 0.077034 0.997028 0.000925
vn 0.996941 0.076423 -0.016397
vn 0.077005 0.997029 -0.001879
vn -0.075314 0.997160 0.000652
vn -0.075251 0.997159 0.003455
vn 0.077034 0.997028 0.000925
vn -0.996802 0.078134 0.016730
vn -0.075251 0.997159 0.003455
vn -0.075314 0.997160 0.000652
vn -0.996844 0.078135 0.014042
vn -0.996941 -0.076423 0.016390
vn -0.996802 0.078134 0.016730
vn -0.996844 0.078135 0.014042
vn -0.996982 -0.076412 0.013702
vn -0.077034 -0.997028 -0.000931
vn -0.996941 -0.076423 0.016390
vn -0.996982 -0.076412 0.013702
vn -0.077098 -0.997017 -0.003735
vn -0.077098 -0.997017 -0.003735
vn 0.075221 -0.997147 -0.006265
vn 0.075251 -0.997159 -0.003462
vn -0.077034 -0.997028 -0.000931
vn 0.075221 -0.997147 -0.006265
vn 0.996754 -0.078123 -0.019425
vn 0.996802 -0.078134 -0.016737
vn 0.075251 -0.997159 -0.003462
vn 0.048216 -0.063680 -0.996805
vn 0.075221 -0.997147 -0.006265
vn -0.077098 -0.997017 -0.003735
vn -0.081413 -0.063569 -0.994651
vn 0.996754 -0.078123 -0.019425
vn 0.048216 -0.063680 -0.996805
vn 0.048333 0.067978 -0.996515
vn 0.996893 0.076424 -0.019085
vn 0.077005 0.997029 -0.001879
vn 0.048333 0.067978 -0.996515
vn -0.081295 0.068089 -0.994362
vn -0.075314 0.997160 0.000652
vn -0.081413 -0.063569 -0.994651
vn -0.996982 -0.076412 0.013702
vn -0.996844 0.078135 0.014042
vn -0.081295 0.068089 -0.994362
vn -0.081413 -0.063569 -0.994651
vn -0.081295 0.068089 -0.994362
vn 0.048333 0.067978 -0.996515
vn 0.048216 -0.063680 -0.996805
vn 0.048216 -0.063680 -0.996805
vn 0.996754 -0.078123 -0.019425
vn 0.075221 -0.997147 -0.006265
vn 0.077005 0.997029 -0.001879
vn 0.996893 0.076424 -0.019085
vn 0.048333 0.067978 -0.996515
vn -0.077098 -0.997017 -0.003735
vn -0.996982 -0.076412 0.013702
vn -0.081413 -0.063569 -0.994651
vn -0.081295 0.068089 -0.994362
vn -0.996844 0.078135 0.014042
vn -0.075314 0.997160 0.000652
vn 0.996754 -0.078123 -0.019425
vn 0.996893 0.076424 -0.019085
vn 0.996941 0.076423 -0.016397
vn 0.996802 -0.078134 -0.016737
vn 0.996893 0.076424 -0.019085
vn 0.077005 0.997029 -0.001879
vn 0.077034 0.997028 0.000925
vn 0.996941 0.076423 -0.016397
vn 0.077005 0.997029 -0.001879
vn -0.075314 0.997160 0.000652
vn -0.075251 0.997159 0.003455
vn 0.077034 0.997028 0.000925
vn -0.996802 0.078134 0.016730
vn -0.075251 0.997159 0.003455
vn -0.075314 0.997160 0.000652
vn -0.996844 0.078135 0.014042
vn -0.996941 -0.076423 0.016390
vn -0.996802 0.078134 0.016730
vn -0.996844 0.078135 0.014042
vn -0.996982 -0.076412 0.013702
vn -0.077034 -0.997028 -0.000931
vn -0.996941 -0.076423 0.016390
vn -0.996982 -0.076412 0.013702
vn -0.077098 -0.997017 -0.003735
vn -0.077098 -0.997017 -0.003735
vn 0.075221 -0.997147 -0.006265
vn 0.075251 -0.997159 -0.003462
vn -0.077034 -0.997028 -0.000931
vn 0.075221 -0.997147 -0.006265
vn 0.996754 -0.078123 -0.019425
vn 0.996802 -0.078134 -0.016737
vn 0.075251 -0.997159 -0.003462
vn 0.048250 -0.117137 -0.991943
vn 0.076113 -0.995974 0.047349
vn -0.076206 -0.995844 0.049880
vn -0.081378 -0.117026 -0.989789
vn 0.996824 -0.078165 -0.015266
vn 0.048250 -0.117137 -0.991943
vn 0.048250 0.014346 -0.998732
vn 0.996824 0.076177 -0.023236
vn 0.076113 0.995554 -0.055487
vn 0.048250 0.014346 -0.998732
vn -0.081378 0.014457 -0.996578
vn -0.076206 0.995685 -0.052956
vn -0.081378 -0.117026 -0.989789
vn -0.996913 -0.076455 0.017860
vn -0.996913 0.077888 0.009890
vn -0.081378 0.014457 -0.996578
vn -0.081378 -0.117026 -0.989789
vn -0.081378 0.014457 -0.996578
vn 0.048250 0.014346 -0.998732
vn 0.048250 -0.117137 -0.991943
vn 0.048250 -0.117137 -0.991943
vn 0.996824 -0.078165 -0.015266
vn 0.076113 -0.995974 0.047349
vn 0.076113 0.995554 -0.055487
vn 0.996824 0.076177 -0.023236
vn 0.048250 0.014346 -0.998732
vn -0.076206 -0.995844 0.049880
vn -0.996913 -0.076455 0.017860
vn -0.081378 -0.117026 -0.989789
vn -0.081378 0.014457 -0.996578
vn -0.996913 0.077888 0.009890
vn -0.076206 0.995685 -0.052956
vn 0.996824 -0.078165 -0.015266
vn 0.996824 0.076177 -0.023236
vn 0.996872 0.076321 -0.020552
vn 0.996872 -0.078032 -0.012581
vn 0.996824 0.076177 -0.023236
vn 0.076113 0.995554 -0.055487
vn 0.076142 0.995704 -0.052687
vn 0.996872 0.076321 -0.020552
vn 0.076113 0.995554 -0.055487
vn -0.076206 0.995685 -0.052956
vn -0.076143 0.995835 -0.050157
vn 0.076142 0.995704 -0.052687
vn -0.996872 0.078031 0.012575
vn -0.076143 0.995835 -0.050157
vn -0.076206 0.995685 -0.052956
vn -0.996913 0.077888 0.009890
vn -0.996872 -0.076321 0.020545
vn -0.996872 0.078031 0.012575
vn -0.996913 0.077888 0.009890
vn -0.996913 -0.076455 0.017860
vn -0.076143 -0.995704 0.052680
vn -0.996872 -0.076321 0.020545
vn -0.996913 -0.076455 0.017860
vn -0.076206 -0.995844 0.049880
vn -0.076206 -0.995844 0.049880
vn 0.076113 -0.995974 0.047349
vn 0.076142 -0.995835 0.050150
vn -0.076143 -0.995704 0.052680
vn 0.076113 -0.995974 0.047349
vn 0.996824 -0.078165 -0.015266
vn 0.996872 -0.078032 -0.012581
vn 0.076142 -0.995835 0.050150
vn 0.996798 -0.054369 0.058626
vn 0.008566 -0.997036 0.076454
vn 0.008519 -0.997080 -0.075886
vn 0.996762 -0.054403 -0.059215
vn 0.003697 -0.076970 0.997027
vn 0.996798 -0.054369 0.058626
vn 0.996144 0.065299 0.058592
vn 0.002852 0.077575 0.996982
vn 0.005479 -0.997059 0.076438
vn 0.000737 -0.076991 0.997032
vn -0.002798 -0.076956 0.997031
vn 0.001795 -0.997075 0.076409
vn -0.002337 0.997114 0.075884
vn 0.996144 0.065299 0.058592
vn 0.996107 0.065265 -0.059249
vn -0.002385 0.997070 -0.076456
vn -0.000109 0.077564 0.996987
vn -0.005424 0.997103 0.075868
vn -0.009109 0.997079 0.075839
vn -0.003642 0.077491 0.996987
vn 0.001795 -0.997075 0.076409
vn -0.996107 -0.065265 0.059249
vn -0.996144 -0.065299 -0.058592
vn 0.001748 -0.997119 -0.075837
vn -0.996107 -0.065265 0.059249
vn -0.002798 -0.076956 0.997031
vn -0.003642 0.077491 0.996987
vn -0.996762 0.054403 0.059215
vn -0.996762 0.054403 0.059215
vn -0.009109 0.997079 0.075839
vn -0.009156 0.997035 -0.076407
vn -0.996798 0.054369 -0.058626
vn 0.001748 -0.997119 -0.075837
vn -0.003418 -0.077528 -0.996984
vn 0.000116 -0.077564 -0.996987
vn 0.005432 -0.997103 -0.075868
vn -0.003418 -0.077528 -0.996984
vn -0.996144 -0.065299 -0.058592
vn -0.996798 0.054369 -0.058626
vn -0.004263 0.076917 -0.997028
vn -0.004263 0.076917 -0.997028
vn -0.009156 0.997035 -0.076407
vn -0.005472 0.997059 -0.076438
vn -0.000729 0.076991 -0.997032
vn 0.996762 -0.054403 -0.059215
vn 0.003076 -0.077543 -0.996984
vn 0.002231 0.077002 -0.997028
vn 0.996107 0.065265 -0.059249
vn 0.000737 -0.076991 0.997032
vn -0.000109 0.077564 0.996987
vn -0.003642 0.077491 0.996987
vn -0.002798 -0.076956 0.997031
vn -0.996107 -0.065265 0.059249
vn -0.996762 0.054403 0.059215
vn -0.996798 0.054369 -0.058626
vn -0.996144 -0.065299 -0.058592
vn -0.003418 -0.077528 -0.996984
vn -0.004263 0.076917 -0.997028
vn -0.000729 0.076991 -0.997032
vn 0.000116 -0.077564 -0.996987
vn 0.996762 -0.054403 -0.059215
vn 0.996107 0.065265 -0.059249
vn 0.996144 0.065299 0.058592
vn 0.996798 -0.054369 0.058626
vn -0.005424 0.997103 0.075868
vn -0.005472 0.997059 -0.076438
vn -0.009156 0.997035 -0.076407
vn -0.009109 0.997079 0.075839
vn 0.005432 -0.997103 -0.075868
vn 0.005479 -0.997059 0.076438
vn 0.001795 -0.997075 0.076409
vn 0.001748 -0.997119 -0.075837
vn 0.996798 -0.054369 0.058626
vn 0.003697 -0.076970 0.997027
vn 0.008566 -0.997036 0.076454
vn -0.002337 0.997114 0.075884
vn 0.002852 0.077575 0.996982
vn 0.996144 0.065299 0.058592
vn 0.001795 -0.997075 0.076409
vn -0.002798 -0.076956 0.997031
vn -0.996107 -0.065265 0.059249
vn -0.996762 0.054403 0.059215
vn -0.003642 0.077491 0.996987
vn -0.009109 0.997079 0.075839
vn 0.001748 -0.997119 -0.075837
vn -0.996144 -0.065299 -0.058592
vn -0.003418 -0.077528 -0.996984
vn -0.004263 0.076917 -0.997028
vn -0.996798 0.054369 -0.058626
vn -0.009156 0.997035 -0.076407
vn 0.008519 -0.997080 -0.075886
vn 0.003076 -0.077543 -0.996984
vn 0.996762 -0.054403 -0.059215
vn 0.996107 0.065265 -0.059249
vn 0.002231 0.077002 -0.997028
vn -0.002385 0.997070 -0.076456
vn 0.003697 -0.076970 0.997027
vn 0.002852 0.077575 0.996982
vn -0.000109 0.077564 0.996987
vn 0.000737 -0.076991 0.997032
vn 0.002852 0.077575 0.996982
vn -0.002337 0.997114 0.075884
vn -0.005424 0.997103 0.075868
vn -0.000109 0.077564 0.996987
vn -0.002337 0.997114 0.075884
vn -0.002385 0.997070 -0.076456
vn -0.005472 0.997059 -0.076438
vn -0.005424 0.997103 0.075868
vn -0.000729 0.076991 -0.997032
vn -0.005472 0.997059 -0.076438
vn -0.002385 0.997070 -0.076456
vn 0.002231 0.077002 -0.997028
vn 0.000116 -0.077564 -0.996987
vn -0.000729 0.076991 -0.997032
vn 0.002231 0.077002 -0.997028
vn 0.003076 -0.077543 -0.996984
vn 0.005432 -0.997103 -0.075868
vn 0.000116 -0.077564 -0.996987
vn 0.003076 -0.077543 -0.996984
vn 0.008519 -0.997080 -0.075886
vn 0.008519 -0.997080 -0.075886
vn 0.008566 -0.997036 0.076454
vn 0.005479 -0.997059 0.076438
vn 0.005432 -0.997103 -0.075868
vn 0.008566 -0.997036 0.076454
vn 0.003697 -0.076970 0.997027
vn 0.000737 -0.076991 0.997032
vn 0.005479 -0.997059 0.076438
vn 0.999450 0.026472 -0.019989
vn 0.109210 -0.991529 0.070308
vn 0.095132 -0.992133 -0.081379
vn 0.986037 0.025896 -0.164501
vn 0.102245 -0.072694 0.992100
vn 0.999450 0.026472 -0.019989
vn 0.984714 0.173117 -0.019205
vn 0.086794 0.081077 0.992922
vn 0.106731 -0.991784 0.070522
vn 0.099869 -0.072939 0.992324
vn 0.097027 -0.073172 0.992588
vn 0.103769 -0.992081 0.070768
vn -0.090168 0.992634 0.080916
vn 0.984714 0.173117 -0.019205
vn 0.971301 0.172542 -0.163717
vn -0.104247 0.992030 -0.070771
vn 0.084417 0.080842 0.993146
vn -0.092649 0.992388 0.081130
vn -0.095610 0.992087 0.081376
vn 0.081585 0.080502 0.993410
vn 0.103769 -0.992081 0.070768
vn -0.971301 -0.172542 0.163717
vn -0.984714 -0.173117 0.019205
vn 0.089699 -0.992684 -0.080825
vn -0.971301 -0.172542 0.163717
vn 0.097027 -0.073172 0.992588
vn 0.081585 0.080502 0.993410
vn -0.986037 -0.025896 0.164501
vn -0.986037 -0.025896 0.164501
vn -0.095610 0.992087 0.081376
vn -0.109680 0.991484 -0.070217
vn -0.999450 -0.026472 0.019989
vn 0.089699 -0.992684 -0.080825
vn -0.087254 -0.081074 -0.992882
vn -0.084411 -0.080842 -0.993146
vn 0.092655 -0.992388 -0.081131
vn -0.087254 -0.081074 -0.992882
vn -0.984714 -0.173117 0.019205
vn -0.999450 -0.026472 0.019989
vn -0.102695 0.072598 -0.992060
vn -0.102695 0.072598 -0.992060
vn -0.109680 0.991484 -0.070217
vn -0.106725 0.991785 -0.070523
vn -0.099863 0.072940 -0.992324
vn 0.986037 0.025896 -0.164501
vn -0.082034 -0.080597 -0.993365
vn -0.097486 0.073175 -0.992543
vn 0.971301 0.172542 -0.163717
vn 0.099869 -0.072939 0.992324
vn 0.084417 0.080842 0.993146
vn 0.081585 0.080502 0.993410
vn 0.097027 -0.073172 0.992588
vn -0.971301 -0.172542 0.163717
vn -0.986037 -0.025896 0.164501
vn -0.999450 -0.026472 0.019989
vn -0.984714 -0.173117 0.019205
vn -0.087254 -0.081074 -0.992882
vn -0.102695 0.072598 -0.992060
vn -0.099863 0.072940 -0.992324
vn -0.084411 -0.080842 -0.993146
vn 0.986037 0.025896 -0.164501
vn 0.971301 0.172542 -0.163717
vn 0.984714 0.173117 -0.019205
vn 0.999450 0.026472 -0.019989
vn -0.092649 0.992388 0.081130
vn -0.106725 0.991785 -0.070523
vn -0.109680 0.991484 -0.070217
vn -0.095610 0.992087 0.081376
vn 0.092655 -0.992388 -0.081131
vn 0.106731 -0.991784 0.070522
vn 0.103769 -0.992081 0.070768
vn 0.089699 -0.992684 -0.080825
vn 0.999450 0.026472 -0.019989
vn 0.102245 -0.072694 0.992100
vn 0.109210 -0.991529 0.070308
vn -0.090168 0.992634 0.080916
vn 0.086794 0.081077 0.992922
vn 0.984714 0.173117 -0.019205
vn 0.103769 -0.992081 0.070768
vn 0.097027 -0.073172 0.992588
vn -0.971301 -0.172542 0.163717
vn -0.986037 -0.025896 0.164501
vn 0.081585 0.080502 0.993410
vn -0.095610 0.992087 0.081376
vn 0.089699 -0.992684 -0.080825
vn -0.984714 -0.173117 0.019205
vn -0.087254 -0.081074 -0.992882
vn -0.102695 0.072598 -0.992060
vn -0.999450 -0.026472 0.019989
vn -0.109680 0.991484 -0.070217
vn 0.095132 -0.992133 -0.081379
vn -0.082034 -0.080597 -0.993365
vn 0.986037 0.025896 -0.164501
vn 0.971301 0.172542 -0.163717
vn -0.097486 0.073175 -0.992543
vn -0.104247 0.992030 -0.070771
vn 0.102245 -0.072694 0.992100
vn 0.086794 0.081077 0.992922
vn 0.084417 0.080842 0.993146
vn 0.099869 -0.072939 0.992324
vn 0.086794 0.081077 0.992922
vn -0.090168 0.992634 0.080916
vn -0.092649 0.992388 0.081130
vn 0.084417 0.080842 0.993146
vn -0.090168 0.992634 0.080916
vn -0.104247 0.992030 -0.070771
vn -0.106725 0.991785 -0.070523
vn -0.092649 0.992388 0.081130
vn -0.099863 0.072940 -0.992324
vn -0.106725 0.991785 -0.070523
vn -0.104247 0.992030 -0.070771
vn -0.097486 0.073175 -0.992543
vn -0.084411 -0.080842 -0.993146
vn -0.099863 0.072940 -0.992324
vn -0.097486 0.073175 -0.992543
vn -0.082034 -0.080597 -0.993365
vn 0.092655 -0.992388 -0.081131
vn -0.084411 -0.080842 -0.993146
vn -0.082034 -0.080597 -0.993365
vn 0.095132 -0.992133 -0.081379
vn 0.095132 -0.992133 -0.081379
vn 0.109210 -0.991529 0.070308
vn 0.106731 -0.991784 0.070522
vn 0.092655 -0.992388 -0.081131
vn 0.109210 -0.991529 0.070308
vn 0.102245 -0.072694 0.992100
vn 0.099869 -0.072939 0.992324
vn 0.106731 -0.991784 0.070522
vn 0.818413 0.574030 0.026263
vn 0.637334 -0.768974 0.049855
vn 0.629561 -0.770189 -0.102282
vn 0.811008 0.572872 -0.118677
vn 0.101667 -0.050286 0.993547
vn 0.818413 0.574030 0.026263
vn 0.725065 0.688021 0.030121
vn 0.003783 0.069244 0.997593
vn 0.635404 -0.770563 0.049949
vn 0.099818 -0.051810 0.993656
vn 0.097572 -0.053584 0.993785
vn 0.633095 -0.772454 0.050052
vn -0.625692 0.773365 0.102059
vn 0.725065 0.688021 0.030121
vn 0.717660 0.686863 -0.114819
vn -0.633465 0.772149 -0.050078
vn 0.001928 0.067728 0.997702
vn -0.627628 0.771782 0.102153
vn -0.629934 0.769888 0.102256
vn -0.000249 0.065871 0.997828
vn 0.633095 -0.772454 0.050052
vn -0.717660 -0.686863 0.114819
vn -0.725065 -0.688021 -0.030121
vn 0.625327 -0.773669 -0.101991
vn -0.717660 -0.686863 0.114819
vn 0.097572 -0.053584 0.993785
vn -0.000249 0.065871 0.997828
vn -0.811008 -0.572872 0.118677
vn -0.811008 -0.572872 0.118677
vn -0.629934 0.769888 0.102256
vn -0.637702 0.768673 -0.049786
vn -0.818413 -0.574030 -0.026263
vn 0.625327 -0.773669 -0.101991
vn -0.004170 -0.069497 -0.997573
vn -0.001923 -0.067724 -0.997702
vn 0.627633 -0.771779 -0.102154
vn -0.004170 -0.069497 -0.997573
vn -0.725065 -0.688021 -0.030121
vn -0.818413 -0.574030 -0.026263
vn -0.101990 0.049956 -0.993530
vn -0.101990 0.049956 -0.993530
vn -0.637702 0.768673 -0.049786
vn -0.635399 0.770567 -0.049949
vn -0.099813 0.051814 -0.993656
vn 0.811008 0.572872 -0.118677
vn -0.000074 -0.066199 -0.997806
vn -0.097957 0.053331 -0.993761
vn 0.717660 0.686863 -0.114819
vn 0.099818 -0.051810 0.993656
vn 0.001928 0.067728 0.997702
vn -0.000249 0.065871 0.997828
vn 0.097572 -0.053584 0.993785
vn -0.717660 -0.686863 0.114819
vn -0.811008 -0.572872 0.118677
vn -0.818413 -0.574030 -0.026263
vn -0.725065 -0.688021 -0.030121
vn -0.004170 -0.069497 -0.997573
vn -0.101990 0.049956 -0.993530
vn -0.099813 0.051814 -0.993656
vn -0.001923 -0.067724 -0.997702
vn 0.811008 0.572872 -0.118677
vn 0.717660 0.686863 -0.114819
vn 0.725065 0.688021 0.030121
vn 0.818413 0.574030 0.026263
vn -0.627628 0.771782 0.102153
vn -0.635399 0.770567 -0.049949
vn -0.637702 0.768673 -0.049786
vn -0.629934 0.769888 0.102256
vn 0.627633 -0.771779 -0.102154
vn 0.635404 -0.770563 0.049949
vn 0.633095 -0.772454 0.050052
vn 0.625327 -0.773669 -0.101991
vn 0.818413 0.574030 0.026263
vn 0.101667 -0.050286 0.993547
vn 0.637334 -0.768974 0.049855
vn -0.625692 0.773365 0.102059
vn 0.003783 0.069244 0.997593
vn 0.725065 0.688021 0.030121
vn 0.633095 -0.772454 0.050052
vn 0.097572 -0.053584 0.993785
vn -0.717660 -0.686863 0.114819
vn -0.811008 -0.572872 0.118677
vn -0.000249 0.065871 0.997828
vn -0.629934 0.769888 0.102256
vn 0.625327 -0.773669 -0.101991
vn -0.725065 -0.688021 -0.030121
vn -0.004170 -0.069497 -0.997573
vn -0.101990 0.049956 -0.993530
vn -0.818413 -0.574030 -0.026263
vn -0.637702 0.768673 -0.049786
vn 0.629561 -0.770189 -0.102282
vn -0.000074 -0.066199 -0.997806
vn 0.811008 0.572872 -0.118677
vn 0.717660 0.686863 -0.114819
vn -0.097957 0.053331 -0.993761
vn -0.633465 0.772149 -0.050078
vn 0.101667 -0.050286 0.993547
vn 0.003783 0.069244 0.997593
vn 0.001928 0.067728 0.997702
vn 0.099818 -0.051810 0.993656
vn 0.003783 0.069244 0.997593
vn -0.625692 0.773365 0.102059
vn -0.627628 0.771782 0.102153
vn 0.001928 0.067728 0.997702
vn -0.625692 0.773365 0.102059
vn -0.633465 0.772149 -0.050078
vn -0.635399 0.770567 -0.049949
vn -0.627628 0.771782 0.102153
vn -0.099813 0.051814 -0.993656
vn -0.635399 0.770567 -0.049949
vn -0.633465 0.772149 -0.050078
vn -0.097957 0.053331 -0.993761
vn -0.001923 -0.067724 -0.997702
vn -0.099813 0.051814 -0.993656
vn -0.097957 0.053331 -0.993761
vn -0.000074 -0.066199 -0.997806
vn 0.627633 -0.771779 -0.102154
vn -0.001923 -0.067724 -0.997702
vn -0.000074 -0.066199 -0.997806
vn 0.629561 -0.770189 -0.102282
vn 0.629561 -0.770189 -0.102282
vn 0.637334 -0.768974 0.049855
vn 0.635404 -0.770563 0.049949
vn 0.627633 -0.771779 -0.102154
vn 0.637334 -0.768974 0.049855
vn 0.101667 -0.050286 0.993547
vn 0.099818 -0.051810 0.993656
vn 0.635404 -0.770563 0.049949
vn 0.820576 0.569767 0.044961
vn 0.636364 -0.769771 0.049937
vn 0.630325 -0.769564 -0.102283
vn 0.814496 0.569975 -0.108279
vn 0.090220 -0.059680 0.994132
vn 0.820576 0.569767 0.044961
vn 0.721937 0.690219 0.049038
vn -0.007664 0.059851 0.998178
vn 0.634537 -0.771274 0.049991
vn 0.088470 -0.061122 0.994202
vn 0.086342 -0.062797 0.994284
vn 0.632352 -0.773063 0.050045
vn -0.626663 0.772568 0.102142
vn 0.721937 0.690219 0.049038
vn 0.715857 0.690428 -0.104202
vn -0.632702 0.772775 -0.050079
vn -0.009420 0.058416 0.998248
vn -0.628495 0.771071 0.102195
vn -0.630677 0.769280 0.102249
vn -0.011479 0.056658 0.998328
vn 0.632352 -0.773063 0.050045
vn -0.715857 -0.690428 0.104202
vn -0.721937 -0.690219 -0.049038
vn 0.626317 -0.772856 -0.102081
vn -0.715857 -0.690428 0.104202
vn 0.086342 -0.062797 0.994284
vn -0.011479 0.056658 0.998328
vn -0.814496 -0.569975 0.108279
vn -0.814496 -0.569975 0.108279
vn -0.630677 0.769280 0.102249
vn -0.636713 0.769486 -0.049877
vn -0.820576 -0.569767 -0.044961
vn 0.626317 -0.772856 -0.102081
vn 0.007296 -0.060087 -0.998167
vn 0.009425 -0.058413 -0.998248
vn 0.628499 -0.771068 -0.102195
vn 0.007296 -0.060087 -0.998167
vn -0.721937 -0.690219 -0.049038
vn -0.820576 -0.569767 -0.044961
vn -0.090524 0.059366 -0.994123
vn -0.090524 0.059366 -0.994123
vn -0.636713 0.769486 -0.049877
vn -0.634532 0.771278 -0.049991
vn -0.088465 0.061125 -0.994202
vn 0.814496 0.569975 -0.108279
vn 0.011175 -0.056971 -0.998313
vn -0.086709 0.062560 -0.994268
vn 0.715857 0.690428 -0.104202
vn 0.088470 -0.061122 0.994202
vn -0.009420 0.058416 0.998248
vn -0.011479 0.056658 0.998328
vn 0.086342 -0.062797 0.994284
vn -0.715857 -0.690428 0.104202
vn -0.814496 -0.569975 0.108279
vn -0.820576 -0.569767 -0.044961
vn -0.721937 -0.690219 -0.049038
vn 0.007296 -0.060087 -0.998167
vn -0.090524 0.059366 -0.994123
vn -0.088465 0.061125 -0.994202
vn 0.009425 -0.058413 -0.998248
vn 0.814496 0.569975 -0.108279
vn 0.715857 0.690428 -0.104202
vn 0.721937 0.690219 0.049038
vn 0.820576 0.569767 0.044961
vn -0.628495 0.771071 0.102195
vn -0.634532 0.771278 -0.049991
vn -0.636713 0.769486 -0.049877
vn -0.630677 0.769280 0.102249
vn 0.628499 -0.771068 -0.102195
vn 0.634537 -0.771274 0.049991
vn 0.632352 -0.773063 0.050045
vn 0.626317 -0.772856 -0.102081
vn 0.820576 0.569767 0.044961
vn 0.090220 -0.059680 0.994132
vn 0.636364 -0.769771 0.049937
vn -0.626663 0.772568 0.102142
vn -0.007664 0.059851 0.998178
vn 0.721937 0.690219 0.049038
vn 0.632352 -0.773063 0.050045
vn 0.086342 -0.062797 0.994284
vn -0.715857 -0.690428 0.104202
vn -0.814496 -0.569975 0.108279
vn -0.011479 0.056658 0.998328
vn -0.630677 0.769280 0.102249
vn 0.626317 -0.772856 -0.102081
vn -0.721937 -0.690219 -0.049038
vn 0.007296 -0.060087 -0.998167
vn -0.090524 0.059366 -0.994123
vn -0.820576 -0.569767 -0.044961
vn -0.636713 0.769486 -0.049877
vn 0.630325 -0.769564 -0.102283
vn 0.011175 -0.056971 -0.998313
vn 0.814496 0.569975 -0.108279
vn 0.715857 0.690428 -0.104202
vn -0.086709 0.062560 -0.994268
vn -0.632702 0.772775 -0.050079
vn 0.090220 -0.059680 0.994132
vn -0.007664 0.059851 0.998178
vn -0.009420 0.058416 0.998248
vn 0.088470 -0.061122 0.994202
vn -0.007664 0.059851 0.998178
vn -0.626663 0.772568 0.102142
vn -0.628495 0.771071 0.102195
vn -0.009420 0.058416 0.998248
vn -0.626663 0.772568 0.102142
vn -0.632702 0.772775 -0.050079
vn -0.634532 0.771278 -0.049991
vn -0.628495 0.771071 0.102195
vn -0.088465 0.061125 -0.994202
vn -0.634532 0.771278 -0.049991
vn -0.632702 0.772775 -0.050079
vn -0.086709 0.062560 -0.994268
vn 0.009425 -0.058413 -0.998248
vn -0.088465 0.061125 -0.994202
vn -0.086709 0.062560 -0.994268
vn 0.011175 -0.056971 -0.998313
vn 0.628499 -0.771068 -0.102195
vn 0.009425 -0.058413 -0.998248
vn 0.011175 -0.056971 -0.998313
vn 0.630325 -0.769564 -0.102283
vn 0.630325 -0.769564 -0.102283
vn 0.636364 -0.769771 0.049937
vn 0.634537 -0.771274 0.049991
vn 0.628499 -0.771068 -0.102195
vn 0.636364 -0.769771 0.049937
vn 0.090220 -0.059680 0.994132
vn 0.088470 -0.061122 0.994202
vn 0.634537 -0.771274 0.049991
vn -0.785948 0.609374 0.104633
vn 0.549868 0.833402 0.055549
vn 0.543830 0.833609 -0.096671
vn -0.791702 0.609571 -0.040387
vn 0.080062 0.064458 0.994704
vn -0.785948 0.609374 0.104633
vn -0.867090 0.486373 0.107685
vn -0.005023 -0.064520 0.997904
vn 0.551957 0.832027 0.055447
vn 0.082065 0.063140 0.994625
vn 0.084424 0.061518 0.994529
vn 0.554444 0.830381 0.055316
vn -0.548007 -0.830849 0.096841
vn -0.867090 0.486373 0.107685
vn -0.872844 0.486570 -0.037335
vn -0.554046 -0.830642 -0.055379
vn -0.003025 -0.065846 0.997825
vn -0.545924 -0.832231 0.096739
vn -0.543434 -0.833874 0.096608
vn -0.000607 -0.067379 0.997727
vn 0.554444 0.830381 0.055316
vn 0.872844 -0.486570 0.037335
vn 0.867090 -0.486373 -0.107685
vn 0.548409 0.830587 -0.096810
vn 0.872844 -0.486570 0.037335
vn 0.084424 0.061518 0.994529
vn -0.000607 -0.067379 0.997727
vn 0.791702 -0.609571 0.040387
vn 0.791702 -0.609571 0.040387
vn -0.543434 -0.833874 0.096608
vn -0.549469 -0.833668 -0.055518
vn 0.785948 -0.609374 -0.104633
vn 0.548409 0.830587 -0.096810
vn 0.005378 0.064226 -0.997921
vn 0.003020 0.065850 -0.997825
vn 0.545919 0.832234 -0.096739
vn 0.005378 0.064226 -0.997921
vn 0.867090 -0.486373 -0.107685
vn 0.785948 -0.609374 -0.104633
vn -0.079652 -0.064669 -0.994723
vn -0.079652 -0.064669 -0.994723
vn -0.549469 -0.833668 -0.055518
vn -0.551962 -0.832024 -0.055447
vn -0.082070 -0.063137 -0.994625
vn -0.791702 0.609571 -0.040387
vn 0.001017 0.067167 -0.997741
vn -0.084068 -0.061811 -0.994541
vn -0.872844 0.486570 -0.037335
vn 0.082065 0.063140 0.994625
vn -0.003025 -0.065846 0.997825
vn -0.000607 -0.067379 0.997727
vn 0.084424 0.061518 0.994529
vn 0.872844 -0.486570 0.037335
vn 0.791702 -0.609571 0.040387
vn 0.785948 -0.609374 -0.104633
vn 0.867090 -0.486373 -0.107685
vn 0.005378 0.064226 -0.997921
vn -0.079652 -0.064669 -0.994723
vn -0.082070 -0.063137 -0.994625
vn 0.003020 0.065850 -0.997825
vn -0.791702 0.609571 -0.040387
vn -0.872844 0.486570 -0.037335
vn -0.867090 0.486373 0.107685
vn -0.785948 0.609374 0.104633
vn -0.545924 -0.832231 0.096739
vn -0.551962 -0.832024 -0.055447
vn -0.549469 -0.833668 -0.055518
vn -0.543434 -0.833874 0.096608
vn 0.545919 0.832234 -0.096739
vn 0.551957 0.832027 0.055447
vn 0.554444 0.830381 0.055316
vn 0.548409 0.830587 -0.096810
vn -0.785948 0.609374 0.104633
vn 0.080062 0.064458 0.994704
vn 0.549868 0.833402 0.055549
vn -0.548007 -0.830849 0.096841
vn -0.005023 -0.064520 0.997904
vn -0.867090 0.486373 0.107685
vn 0.554444 0.830381 0.055316
vn 0.084424 0.061518 0.994529
vn 0.872844 -0.486570 0.037335
vn 0.791702 -0.609571 0.040387
vn -0.000607 -0.067379 0.997727
vn -0.543434 -0.833874 0.096608
vn 0.548409 0.830587 -0.096810
vn 0.867090 -0.486373 -0.107685
vn 0.005378 0.064226 -0.997921
vn -0.079652 -0.064669 -0.994723
vn 0.785948 -0.609374 -0.104633
vn -0.549469 -0.833668 -0.055518
vn 0.543830 0.833609 -0.096671
vn 0.001017 0.067167 -0.997741
vn -0.791702 0.609571 -0.040387
vn -0.872844 0.486570 -0.037335
vn -0.084068 -0.061811 -0.994541
vn -0.554046 -0.830642 -0.055379
vn 0.080062 0.064458 0.994704
vn -0.005023 -0.064520 0.997904
vn -0.003025 -0.065846 0.997825
vn 0.082065 0.063140 0.994625
vn -0.005023 -0.064520 0.997904
vn -0.548007 -0.830849 0.096841
vn -0.545924 -0.832231 0.096739
vn -0.003025 -0.065846 0.997825
vn -0.548007 -0.830849 0.096841
vn -0.554046 -0.830642 -0.055379
vn -0.551962 -0.832024 -0.055447
vn -0.545924 -0.832231 0.096739
vn -0.082070 -0.063137 -0.994625
vn -0.551962 -0.832024 -0.055447
vn -0.554046 -0.830642 -0.055379
vn -0.084068 -0.061811 -0.994541
vn 0.003020 0.065850 -0.997825
vn -0.082070 -0.063137 -0.994625
vn -0.084068 -0.061811 -0.994541
vn 0.001017 0.067167 -0.997741
vn 0.545919 0.832234 -0.096739
vn 0.003020 0.065850 -0.997825
vn 0.001017 0.067167 -0.997741
vn 0.543830 0.833609 -0.096671
vn 0.543830 0.833609 -0.096671
vn 0.549868 0.833402 0.055549
vn 0.551957 0.832027 0.055447
vn 0.545919 0.832234 -0.096739
vn 0.549868 0.833402 0.055549
vn 0.080062 0.064458 0.994704
vn 0.082065 0.063140 0.994625
vn 0.551957 0.832027 0.055447
vn -0.719755 0.694221 -0.003137
vn 0.632206 0.773086 0.051512
vn 0.638526 0.763028 -0.100364
vn -0.713734 0.684639 -0.147829
vn 0.006184 0.126755 0.991915
vn -0.719755 0.694221 -0.003137
vn -0.813957 0.580926 0.000446
vn -0.092596 0.007954 0.995672
vn 0.634131 0.771497 0.051680
vn 0.008029 0.125233 0.992095
vn 0.010194 0.123369 0.992308
vn 0.636424 0.769593 0.051872
vn -0.642373 -0.759841 0.099993
vn -0.813957 0.580926 0.000446
vn -0.807936 0.571343 -0.144246
vn -0.636053 -0.769899 -0.051883
vn -0.090756 0.006424 0.995852
vn -0.640454 -0.761437 0.100162
vn -0.638158 -0.763337 0.100353
vn -0.088523 0.004644 0.996063
vn 0.636424 0.769593 0.051872
vn 0.807936 -0.571343 0.144246
vn 0.813957 -0.580926 -0.000446
vn 0.642740 0.759542 -0.099911
vn 0.807936 -0.571343 0.144246
vn 0.010194 0.123369 0.992308
vn -0.088523 0.004644 0.996063
vn 0.713734 -0.684639 0.147829
vn 0.713734 -0.684639 0.147829
vn -0.638158 -0.763337 0.100353
vn -0.631842 -0.773389 -0.051430
vn 0.719755 -0.694221 0.003137
vn 0.642740 0.759542 -0.099911
vn 0.092916 -0.008285 -0.995639
vn 0.090752 -0.006420 -0.995853
vn 0.640449 0.761441 -0.100162
vn 0.092916 -0.008285 -0.995639
vn 0.813957 -0.580926 -0.000446
vn 0.719755 -0.694221 0.003137
vn -0.005799 -0.127009 -0.991885
vn -0.005799 -0.127009 -0.991885
vn -0.631842 -0.773389 -0.051430
vn -0.634135 -0.771493 -0.051681
vn -0.008034 -0.125229 -0.992095
vn -0.713734 0.684639 -0.147829
vn 0.088906 -0.004898 -0.996028
vn -0.009873 -0.123699 -0.992271
vn -0.807936 0.571343 -0.144246
vn 0.008029 0.125233 0.992095
vn -0.090756 0.006424 0.995852
vn -0.088523 0.004644 0.996063
vn 0.010194 0.123369 0.992308
vn 0.807936 -0.571343 0.144246
vn 0.713734 -0.684639 0.147829
vn 0.719755 -0.694221 0.003137
vn 0.813957 -0.580926 -0.000446
vn 0.092916 -0.008285 -0.995639
vn -0.005799 -0.127009 -0.991885
vn -0.008034 -0.125229 -0.992095
vn 0.090752 -0.006420 -0.995853
vn -0.713734 0.684639 -0.147829
vn -0.807936 0.571343 -0.144246
vn -0.813957 0.580926 0.000446
vn -0.719755 0.694221 -0.003137
vn -0.640454 -0.761437 0.100162
vn -0.634135 -0.771493 -0.051681
vn -0.631842 -0.773389 -0.051430
vn -0.638158 -0.763337 0.100353
vn 0.640449 0.761441 -0.100162
vn 0.634131 0.771497 0.051680
vn 0.636424 0.769593 0.051872
vn 0.642740 0.759542 -0.099911
vn -0.719755 0.694221 -0.003137
vn 0.006184 0.126755 0.991915
vn 0.632206 0.773086 0.051512
vn -0.642373 -0.759841 0.099993
vn -0.092596 0.007954 0.995672
vn -0.813957 0.580926 0.000446
vn 0.636424 0.769593 0.051872
vn 0.010194 0.123369 0.992308
vn 0.807936 -0.571343 0.144246
vn 0.713734 -0.684639 0.147829
vn -0.088523 0.004644 0.996063
vn -0.638158 -0.763337 0.100353
vn 0.642740 0.759542 -0.099911
vn 0.813957 -0.580926 -0.000446
vn 0.092916 -0.008285 -0.995639
vn -0.005799 -0.127009 -0.991885
vn 0.719755 -0.694221 0.003137
vn -0.631842 -0.773389 -0.051430
vn 0.638526 0.763028 -0.100364
vn 0.088906 -0.004898 -0.996028
vn -0.713734 0.684639 -0.147829
vn -0.807936 0.571343 -0.144246
vn -0.009873 -0.123699 -0.992271
vn -0.636053 -0.769899 -0.051883
vn 0.006184 0.126755 0.991915
vn -0.092596 0.007954 0.995672
vn -0.090756 0.006424 0.995852
vn 0.008029 0.125233 0.992095
vn -0.092596 0.007954 0.995672
vn -0.642373 -0.759841 0.099993
vn -0.640454 -0.761437 0.100162
vn -0.090756 0.006424 0.995852
vn -0.642373 -0.759841 0.099993
vn -0.636053 -0.769899 -0.051883
vn -0.634135 -0.771493 -0.051681
vn -0.640454 -0.761437 0.100162
vn -0.008034 -0.125229 -0.992095
vn -0.634135 -0.771493 -0.051681
vn -0.636053 -0.769899 -0.051883
vn -0.009873 -0.123699 -0.992271
vn 0.090752 -0.006420 -0.995853
vn -0.008034 -0.125229 -0.992095
vn -0.009873 -0.123699 -0.992271
vn 0.088906 -0.004898 -0.996028
vn 0.640449 0.761441 -0.100162
vn 0.090752 -0.006420 -0.995853
vn 0.088906 -0.004898 -0.996028
vn 0.638526 0.763028 -0.100364
vn 0.638526 0.763028 -0.100364
vn 0.632206 0.773086 0.051512
vn 0.634131 0.771497 0.051680
vn 0.640449 0.761441 -0.100162
vn 0.632206 0.773086 0.051512
vn 0.006184 0.126755 0.991915
vn 0.008029 0.125233 0.992095
vn 0.634131 0.771497 0.051680
vn 0.999106 -0.037913 0.018689
vn 0.028041 -0.996693 0.076263
vn 0.021898 -0.996871 -0.075953
vn 0.994354 -0.038050 -0.099057
vn 0.044863 -0.076028 0.996096
vn 0.999106 -0.037913 0.018689
vn 0.996480 0.081728 0.018655
vn 0.041471 0.078482 0.996053
vn 0.024957 -0.996767 0.076371
vn 0.041906 -0.076098 0.996219
vn 0.038375 -0.076121 0.996360
vn 0.021275 -0.996843 0.076489
vn -0.015723 0.997006 0.075703
vn 0.996480 0.081728 0.018655
vn 0.991728 0.081591 -0.099090
vn -0.021866 0.996829 -0.076512
vn 0.038515 0.078423 0.996176
vn -0.018807 0.996945 0.075811
vn -0.022489 0.996860 0.075930
vn 0.034986 0.078291 0.996317
vn 0.021275 -0.996843 0.076489
vn -0.991728 -0.081591 0.099090
vn -0.996480 -0.081728 -0.018655
vn 0.015135 -0.997021 -0.075633
vn -0.991728 -0.081591 0.099090
vn 0.038375 -0.076121 0.996360
vn 0.034986 0.078291 0.996317
vn -0.994354 0.038050 0.099057
vn -0.994354 0.038050 0.099057
vn -0.022489 0.996860 0.075930
vn -0.028629 0.996682 -0.076192
vn -0.999106 0.037913 -0.018689
vn 0.015135 -0.997021 -0.075633
vn -0.042038 -0.078445 -0.996032
vn -0.038507 -0.078422 -0.996176
vn 0.018815 -0.996945 -0.075811
vn -0.042038 -0.078445 -0.996032
vn -0.996480 -0.081728 -0.018655
vn -0.999106 0.037913 -0.018689
vn -0.045428 0.075966 -0.996075
vn -0.045428 0.075966 -0.996075
vn -0.028629 0.996682 -0.076192
vn -0.024949 0.996767 -0.076371
vn -0.041899 0.076098 -0.996220
vn 0.994354 -0.038050 -0.099057
vn -0.035550 -0.078352 -0.996292
vn -0.038942 0.076158 -0.996335
vn 0.991728 0.081591 -0.099090
vn 0.041906 -0.076098 0.996219
vn 0.038515 0.078423 0.996176
vn 0.034986 0.078291 0.996317
vn 0.038375 -0.076121 0.996360
vn -0.991728 -0.081591 0.099090
vn -0.994354 0.038050 0.099057
vn -0.999106 0.037913 -0.018689
vn -0.996480 -0.081728 -0.018655
vn -0.042038 -0.078445 -0.996032
vn -0.045428 0.075966 -0.996075
vn -0.041899 0.076098 -0.996220
vn -0.038507 -0.078422 -0.996176
vn 0.994354 -0.038050 -0.099057
vn 0.991728 0.081591 -0.099090
vn 0.996480 0.081728 0.018655
vn 0.999106 -0.037913 0.018689
vn -0.018807 0.996945 0.075811
vn -0.024949 0.996767 -0.076371
vn -0.028629 0.996682 -0.076192
vn -0.022489 0.996860 0.075930
vn 0.018815 -0.996945 -0.075811
vn 0.024957 -0.996767 0.076371
vn 0.021275 -0.996843 0.076489
vn 0.015135 -0.997021 -0.075633
vn 0.999106 -0.037913 0.018689
vn 0.044863 -0.076028 0.996096
vn 0.028041 -0.996693 0.076263
vn -0.015723 0.997006 0.075703
vn 0.041471 0.078482 0.996053
vn 0.996480 0.081728 0.018655
vn 0.021275 -0.996843 0.076489
vn 0.038375 -0.076121 0.996360
vn -0.991728 -0.081591 0.099090
vn -0.994354 0.038050 0.099057
vn 0.034986 0.078291 0.996317
vn -0.022489 0.996860 0.075930
vn 0.015135 -0.997021 -0.075633
vn -0.996480 -0.081728 -0.018655
vn -0.042038 -0.078445 -0.996032
vn -0.045428 0.075966 -0.996075
vn -0.999106 0.037913 -0.018689
vn -0.028629 0.996682 -0.076192
vn 0.021898 -0.996871 -0.075953
vn -0.035550 -0.078352 -0.996292
vn 0.994354 -0.038050 -0.099057
vn 0.991728 0.081591 -0.099090
vn -0.038942 0.076158 -0.996335
vn -0.021866 0.996829 -0.076512
vn 0.044863 -0.076028 0.996096
vn 0.041471 0.078482 0.996053
vn 0.038515 0.078423 0.996176
vn 0.041906 -0.076098 0.996219
vn 0.041471 0.078482 0.996053
vn -0.015723 0.997006 0.075703
vn -0.018807 0.996945 0.075811
vn 0.038515 0.078423 0.996176
vn -0.015723 0.997006 0.075703
vn -0.021866 0.996829 -0.076512
vn -0.024949 0.996767 -0.076371
vn -0.018807 0.996945 0.075811
vn -0.041899 0.076098 -0.996220
vn -0.024949 0.996767 -0.076371
vn -0.021866 0.996829 -0.076512
vn -0.038942 0.076158 -0.996335
vn -0.038507 -0.078422 -0.996176
vn -0.041899 0.076098 -0.996220
vn -0.038942 0.076158 -0.996335
vn -0.035550 -0.078352 -0.996292
vn 0.018815 -0.996945 -0.075811
vn -0.038507 -0.078422 -0.996176
vn -0.035550 -0.078352 -0.996292
vn 0.021898 -0.996871 -0.075953
vn 0.021898 -0.996871 -0.075953
vn 0.028041 -0.996693 0.076263
vn 0.024957 -0.996767 0.076371
vn 0.018815 -0.996945 -0.075811
vn 0.028041 -0.996693 0.076263
vn 0.044863 -0.076028 0.996096
vn 0.041906 -0.076098 0.996219
vn 0.024957 -0.996767 0.076371
vn 0.996804 -0.072764 0.032980
vn 0.006498 -0.997191 0.074616
vn 0.000460 -0.996984 -0.077604
vn 0.991050 -0.072566 -0.112040
vn 0.041998 -0.078626 0.996019
vn 0.996804 -0.072764 0.032980
vn 0.996660 0.074622 0.033186
vn 0.041847 0.075922 0.996235
vn 0.003998 -0.997198 0.074699
vn 0.039601 -0.078633 0.996117
vn 0.036739 -0.078582 0.996230
vn 0.001013 -0.997199 0.074787
vn 0.004546 0.996989 0.077405
vn 0.996660 0.074622 0.033186
vn 0.990906 0.074819 -0.111834
vn -0.001492 0.997196 -0.074815
vn 0.039450 0.075924 0.996333
vn 0.002046 0.996991 0.077487
vn -0.000939 0.996986 0.077576
vn 0.036588 0.075867 0.996446
vn 0.001013 -0.997199 0.074787
vn -0.990906 -0.074819 0.111834
vn -0.996660 -0.074622 -0.033186
vn -0.005022 -0.996992 -0.077339
vn -0.990906 -0.074819 0.111834
vn 0.036739 -0.078582 0.996230
vn 0.036588 0.075867 0.996446
vn -0.991050 0.072566 0.112040
vn -0.991050 0.072566 0.112040
vn -0.000939 0.996986 0.077576
vn -0.006974 0.997193 -0.074550
vn -0.996804 0.072764 -0.032980
vn -0.005022 -0.996992 -0.077339
vn -0.042306 -0.075872 -0.996220
vn -0.039444 -0.075924 -0.996333
vn -0.002040 -0.996991 -0.077488
vn -0.042306 -0.075872 -0.996220
vn -0.996660 -0.074622 -0.033186
vn -0.996804 0.072764 -0.032980
vn -0.042457 0.078575 -0.996004
vn -0.042457 0.078575 -0.996004
vn -0.006974 0.997193 -0.074550
vn -0.003992 0.997198 -0.074699
vn -0.039595 0.078633 -0.996117
vn 0.991050 -0.072566 -0.112040
vn -0.037047 -0.075917 -0.996426
vn -0.037198 0.078631 -0.996210
vn 0.990906 0.074819 -0.111834
vn 0.039601 -0.078633 0.996117
vn 0.039450 0.075924 0.996333
vn 0.036588 0.075867 0.996446
vn 0.036739 -0.078582 0.996230
vn -0.990906 -0.074819 0.111834
vn -0.991050 0.072566 0.112040
vn -0.996804 0.072764 -0.032980
vn -0.996660 -0.074622 -0.033186
vn -0.042306 -0.075872 -0.996220
vn -0.042457 0.078575 -0.996004
vn -0.039595 0.078633 -0.996117
vn -0.039444 -0.075924 -0.996333
vn 0.991050 -0.072566 -0.112040
vn 0.990906 0.074819 -0.111834
vn 0.996660 0.074622 0.033186
vn 0.996804 -0.072764 0.032980
vn 0.002046 0.996991 0.077487
vn -0.003992 0.997198 -0.074699
vn -0.006974 0.997193 -0.074550
vn -0.000939 0.996986 0.077576
vn -0.002040 -0.996991 -0.077488
vn 0.003998 -0.997198 0.074699
vn 0.001013 -0.997199 0.074787
vn -0.005022 -0.996992 -0.077339
vn 0.996804 -0.072764 0.032980
vn 0.041998 -0.078626 0.996019
vn 0.006498 -0.997191 0.074616
vn 0.004546 0.996989 0.077405
vn 0.041847 0.075922 0.996235
vn 0.996660 0.074622 0.033186
vn 0.001013 -0.997199 0.074787
vn 0.036739 -0.078582 0.996230
vn -0.990906 -0.074819 0.111834
vn -0.991050 0.072566 0.112040
vn 0.036588 0.075867 0.996446
vn -0.000939 0.996986 0.077576
vn -0.005022 -0.996992 -0.077339
vn -0.996660 -0.074622 -0.033186
vn -0.042306 -0.075872 -0.996220
vn -0.042457 0.078575 -0.996004
vn -0.996804 0.072764 -0.032980
vn -0.006974 0.997193 -0.074550
vn 0.000460 -0.996984 -0.077604
vn -0.037047 -0.075917 -0.996426
vn 0.991050 -0.072566 -0.112040
vn 0.990906 0.074819 -0.111834
vn -0.037198 0.078631 -0.996210
vn -0.001492 0.997196 -0.074815
vn 0.041998 -0.078626 0.996019
vn 0.041847 0.075922 0.996235
vn 0.039450 0.075924 0.996333
vn 0.039601 -0.078633 0.996117
vn 0.041847 0.075922 0.996235
vn 0.004546 0.996989 0.077405
vn 0.002046 0.996991 0.077487
vn 0.039450 0.075924 0.996333
vn 0.004546 0.996989 0.077405
vn -0.001492 0.997196 -0.074815
vn -0.003992 0.997198 -0.074699
vn 0.002046 0.996991 0.077487
vn -0.039595 0.078633 -0.996117
vn -0.003992 0.997198 -0.074699
vn -0.001492 0.997196 -0.074815
vn -0.037198 0.078631 -0.996210
vn -0.039444 -0.075924 -0.996333
vn -0.039595 0.078633 -0.996117
vn -0.037198 0.078631 -0.996210
vn -0.037047 -0.075917 -0.996426
vn -0.002040 -0.996991 -0.077488
vn -0.039444 -0.075924 -0.996333
vn -0.037047 -0.075917 -0.996426
vn 0.000460 -0.996984 -0.077604
vn 0.000460 -0.996984 -0.077604
vn 0.006498 -0.997191 0.074616
vn 0.003998 -0.997198 0.074699
vn -0.002040 -0.996991 -0.077488
vn 0.006498 -0.997191 0.074616
vn 0.041998 -0.078626 0.996019
vn 0.039601 -0.078633 0.996117
vn 0.003998 -0.997198 0.074699
vn 0.048250 0.013518 -0.998744
vn 0.073943 -0.993774 -0.083341
vn -0.078376 -0.993643 -0.080810
vn -0.081379 0.013629 -0.996590
vn 0.996656 -0.077670 -0.025390
vn 0.048250 0.013518 -0.998744
vn 0.048536 0.144759 -0.988276
vn 0.996992 0.076388 -0.013102
vn 0.078283 0.994090 0.075214
vn 0.048536 0.144759 -0.988276
vn -0.081092 0.144870 -0.986122
vn -0.074036 0.994221 0.077745
vn -0.081379 0.013629 -0.996590
vn -0.997081 -0.075960 0.007736
vn -0.996745 0.078098 0.020024
vn -0.081092 0.144870 -0.986122
vn -0.081379 0.013629 -0.996590
vn -0.081092 0.144870 -0.986122
vn 0.048536 0.144759 -0.988276
vn 0.048250 0.013518 -0.998744
vn 0.048250 0.013518 -0.998744
vn 0.996656 -0.077670 -0.025390
vn 0.073943 -0.993774 -0.083341
vn 0.078283 0.994090 0.075214
vn 0.996992 0.076388 -0.013102
vn 0.048536 0.144759 -0.988276
vn -0.078376 -0.993643 -0.080810
vn -0.997081 -0.075960 0.007736
vn -0.081379 0.013629 -0.996590
vn -0.081092 0.144870 -0.986122
vn -0.996745 0.078098 0.020024
vn -0.074036 0.994221 0.077745
vn 0.996656 -0.077670 -0.025390
vn 0.996992 0.076388 -0.013102
vn 0.997040 0.076179 -0.010422
vn 0.996703 -0.077889 -0.022711
vn 0.996992 0.076388 -0.013102
vn 0.078283 0.994090 0.075214
vn 0.078312 0.993872 0.078009
vn 0.997040 0.076179 -0.010422
vn 0.078283 0.994090 0.075214
vn -0.074036 0.994221 0.077745
vn -0.073973 0.994003 0.080540
vn 0.078312 0.993872 0.078009
vn -0.996704 0.077890 0.022704
vn -0.073973 0.994003 0.080540
vn -0.074036 0.994221 0.077745
vn -0.996745 0.078098 0.020024
vn -0.997040 -0.076179 0.010415
vn -0.996704 0.077890 0.022704
vn -0.996745 0.078098 0.020024
vn -0.997081 -0.075960 0.007736
vn -0.078312 -0.993872 -0.078016
vn -0.997040 -0.076179 0.010415
vn -0.997081 -0.075960 0.007736
vn -0.078376 -0.993643 -0.080810
vn -0.078376 -0.993643 -0.080810
vn 0.073943 -0.993774 -0.083341
vn 0.073972 -0.994002 -0.080546
vn -0.078312 -0.993872 -0.078016
vn 0.073943 -0.993774 -0.083341
vn 0.996656 -0.077670 -0.025390
vn 0.996703 -0.077889 -0.022711
vn 0.073972 -0.994002 -0.080546
vn 0.048250 -0.117137 -0.991943
vn 0.076113 -0.995974 0.047349
vn -0.076206 -0.995844 0.049880
vn -0.081378 -0.117026 -0.989789
vn 0.996824 -0.078165 -0.015266
vn 0.048250 -0.117137 -0.991943
vn 0.048250 0.014346 -0.998732
vn 0.996824 0.076177 -0.023236
vn 0.076113 0.995554 -0.055487
vn 0.048250 0.014346 -0.998732
vn -0.081378 0.014457 -0.996578
vn -0.076206 0.995685 -0.052956
vn -0.081378 -0.117026 -0.989789
vn -0.996913 -0.076455 0.017860
vn -0.996913 0.077888 0.009890
vn -0.081378 0.014457 -0.996578
vn -0.081378 -0.117026 -0.989789
vn -0.081378 0.014457 -0.996578
vn 0.048250 0.014346 -0.998732
vn 0.048250 -0.117137 -0.991943
vn 0.048250 -0.117137 -0.991943
vn 0.996824 -0.078165 -0.015266
vn 0.076113 -0.995974 0.047349
vn 0.076113 0.995554 -0.055487
vn 0.996824 0.076177 -0.023236
vn 0.048250 0.014346 -0.998732
vn -0.076206 -0.995844 0.049880
vn -0.996913 -0.076455 0.017860
vn -0.081378 -0.117026 -0.989789
vn -0.081378 0.014457 -0.996578
vn -0.996913 0.077888 0.009890
vn -0.076206 0.995685 -0.052956
vn 0.996824 -0.078165 -0.015266
vn 0.996824 0.076177 -0.023236
vn 0.996872 0.076321 -0.020552
vn 0.996872 -0.078032 -0.012581
vn 0.996824 0.076177 -0.023236
vn 0.076113 0.995554 -0.055487
vn 0.076142 0.995704 -0.052687
vn 0.996872 0.076321 -0.020552
vn 0.076113 0.995554 -0.055487
vn -0.076206 0.995685 -0.052956
vn -0.076143 0.995835 -0.050157
vn 0.076142 0.995704 -0.052687
vn -0.996872 0.078031 0.012575
vn -0.076143 0.995835 -0.050157
vn -0.076206 0.995685 -0.052956
vn -0.996913 0.077888 0.009890
vn -0.996872 -0.076321 0.020545
vn -0.996872 0.078031 0.012575
vn -0.996913 0.077888 0.009890
vn -0.996913 -0.076455 0.017860
vn -0.076143 -0.995704 0.052680
vn -0.996872 -0.076321 0.020545
vn -0.996913 -0.076455 0.017860
vn -0.076206 -0.995844 0.049880
vn -0.076206 -0.995844 0.049880
vn 0.076113 -0.995974 0.047349
vn 0.076142 -0.995835 0.050150
vn -0.076143 -0.995704 0.052680
vn 0.076113 -0.995974 0.047349
vn 0.996824 -0.078165 -0.015266
vn 0.996872 -0.078032 -0.012581
vn 0.076142 -0.995835 0.050150
vn -0.713965 0.692728 0.101891
vn 0.638385 0.767962 0.051948
vn 0.632346 0.768169 -0.100272
vn -0.719718 0.692926 -0.043129
vn 0.087067 0.059582 0.994419
vn -0.713965 0.692728 0.101891
vn -0.808166 0.579433 0.105474
vn -0.011712 -0.059219 0.998176
vn 0.640309 0.766365 0.051852
vn 0.088913 0.058052 0.994346
vn 0.091078 0.056178 0.994258
vn 0.642600 0.764454 0.051729
vn -0.636194 -0.764965 0.100429
vn -0.808166 0.579433 0.105474
vn -0.813920 0.579630 -0.039546
vn -0.642233 -0.764758 -0.051791
vn -0.009873 -0.060757 0.998104
vn -0.634276 -0.766568 0.100334
vn -0.631982 -0.768477 0.100210
vn -0.007638 -0.062547 0.998013
vn 0.642600 0.764454 0.051729
vn 0.813920 -0.579630 0.039546
vn 0.808166 -0.579433 -0.105474
vn 0.636565 0.764661 -0.100397
vn 0.813920 -0.579630 0.039546
vn 0.091078 0.056178 0.994258
vn -0.007638 -0.062547 0.998013
vn 0.719718 -0.692926 0.043129
vn 0.719718 -0.692926 0.043129
vn -0.631982 -0.768477 0.100210
vn -0.638018 -0.768270 -0.051916
vn 0.713965 -0.692728 -0.101891
vn 0.636565 0.764661 -0.100397
vn 0.012033 0.058887 -0.998192
vn 0.009868 0.060761 -0.998104
vn 0.634271 0.766572 -0.100334
vn 0.012033 0.058887 -0.998192
vn 0.808166 -0.579433 -0.105474
vn 0.713965 -0.692728 -0.101891
vn -0.086683 -0.059837 -0.994437
vn -0.086683 -0.059837 -0.994437
vn -0.638018 -0.768270 -0.051916
vn -0.640314 -0.766362 -0.051852
vn -0.088918 -0.058048 -0.994346
vn -0.719718 0.692926 -0.043129
vn 0.008022 0.062291 -0.998026
vn -0.090757 -0.056510 -0.994269
vn -0.813920 0.579630 -0.039546
vn 0.088913 0.058052 0.994346
vn -0.009873 -0.060757 0.998104
vn -0.007638 -0.062547 0.998013
vn 0.091078 0.056178 0.994258
vn 0.813920 -0.579630 0.039546
vn 0.719718 -0.692926 0.043129
vn 0.713965 -0.692728 -0.101891
vn 0.808166 -0.579433 -0.105474
vn 0.012033 0.058887 -0.998192
vn -0.086683 -0.059837 -0.994437
vn -0.088918 -0.058048 -0.994346
vn 0.009868 0.060761 -0.998104
vn -0.719718 0.692926 -0.043129
vn -0.813920 0.579630 -0.039546
vn -0.808166 0.579433 0.105474
vn -0.713965 0.692728 0.101891
vn -0.634276 -0.766568 0.100334
vn -0.640314 -0.766362 -0.051852
vn -0.638018 -0.768270 -0.051916
vn -0.631982 -0.768477 0.100210
vn 0.634271 0.766572 -0.100334
vn 0.640309 0.766365 0.051852
vn 0.642600 0.764454 0.051729
vn 0.636565 0.764661 -0.100397
vn -0.713965 0.692728 0.101891
vn 0.087067 0.059582 0.994419
vn 0.638385 0.767962 0.051948
vn -0.636194 -0.764965 0.100429
vn -0.011712 -0.059219 0.998176
vn -0.808166 0.579433 0.105474
vn 0.642600 0.764454 0.051729
vn 0.091078 0.056178 0.994258
vn 0.813920 -0.579630 0.039546
vn 0.719718 -0.692926 0.043129
vn -0.007638 -0.062547 0.998013
vn -0.631982 -0.768477 0.100210
vn 0.636565 0.764661 -0.100397
vn 0.808166 -0.579433 -0.105474
vn 0.012033 0.058887 -0.998192
vn -0.086683 -0.059837 -0.994437
vn 0.713965 -0.692728 -0.101891
vn -0.638018 -0.768270 -0.051916
vn 0.632346 0.768169 -0.100272
vn 0.008022 0.062291 -0.998026
vn -0.719718 0.692926 -0.043129
vn -0.813920 0.579630 -0.039546
vn -0.090757 -0.056510 -0.994269
vn -0.642233 -0.764758 -0.051791
vn 0.087067 0.059582 0.994419
vn -0.011712 -0.059219 0.998176
vn -0.009873 -0.060757 0.998104
vn 0.088913 0.058052 0.994346
vn -0.011712 -0.059219 0.998176
vn -0.636194 -0.764965 0.100429
vn -0.634276 -0.766568 0.100334
vn -0.009873 -0.060757 0.998104
vn -0.636194 -0.764965 0.100429
vn -0.642233 -0.764758 -0.051791
vn -0.640314 -0.766362 -0.051852
vn -0.634276 -0.766568 0.100334
vn -0.088918 -0.058048 -0.994346
vn -0.640314 -0.766362 -0.051852
vn -0.642233 -0.764758 -0.051791
vn -0.090757 -0.056510 -0.994269
vn 0.009868 0.060761 -0.998104
vn -0.088918 -0.058048 -0.994346
vn -0.090757 -0.056510 -0.994269
vn 0.008022 0.062291 -0.998026
vn 0.634271 0.766572 -0.100334
vn 0.009868 0.060761 -0.998104
vn 0.008022 0.062291 -0.998026
vn 0.632346 0.768169 -0.100272
vn 0.632346 0.768169 -0.100272
vn 0.638385 0.767962 0.051948
vn 0.640309 0.766365 0.051852
vn 0.634271 0.766572 -0.100334
vn 0.638385 0.767962 0.051948
vn 0.087067 0.059582 0.994419
vn 0.088913 0.058052 0.994346
vn 0.640309 0.766365 0.051852
vn -0.713965 0.692728 0.101891
vn 0.638385 0.767962 0.051948
vn 0.632346 0.768169 -0.100272
vn -0.719718 0.692926 -0.043129
vn 0.087067 0.059582 0.994419
vn -0.713965 0.692728 0.101891
vn -0.808166 0.579433 0.105474
vn -0.011712 -0.059219 0.998176
vn 0.640309 0.766365 0.051852
vn 0.088913 0.058052 0.994346
vn 0.091078 0.056178 0.994258
vn 0.642600 0.764454 0.051729
vn -0.636194 -0.764965 0.100429
vn -0.808166 0.579433 0.105474
vn -0.813920 0.579630 -0.039546
vn -0.642233 -0.764758 -0.051791
vn -0.009873 -0.060757 0.998104
vn -0.634276 -0.766568 0.100334
vn -0.631982 -0.768477 0.100210
vn -0.007638 -0.062547 0.998013
vn 0.642600 0.764454 0.051729
vn 0.813920 -0.579630 0.039546
vn 0.808166 -0.579433 -0.105474
vn 0.636565 0.764661 -0.100397
vn 0.813920 -0.579630 0.039546
vn 0.091078 0.056178 0.994258
vn -0.007638 -0.062547 0.998013
vn 0.719718 -0.692926 0.043129
vn 0.719718 -0.692926 0.043129
vn -0.631982 -0.768477 0.100210
vn -0.638018 -0.768270 -0.051916
vn 0.713965 -0.692728 -0.101891
vn 0.636565 0.764661 -0.100397
vn 0.012033 0.058887 -0.998192
vn 0.009868 0.060761 -0.998104
vn 0.634271 0.766572 -0.100334
vn 0.012033 0.058887 -0.998192
vn 0.808166 -0.579433 -0.105474
vn 0.713965 -0.692728 -0.101891
vn -0.086683 -0.059837 -0.994437
vn -0.086683 -0.059837 -0.994437
vn -0.638018 -0.768270 -0.051916
vn -0.640314 -0.766362 -0.051852
vn -0.088918 -0.058048 -0.994346
vn -0.719718 0.692926 -0.043129
vn 0.008022 0.062291 -0.998026
vn -0.090757 -0.056510 -0.994269
vn -0.813920 0.579630 -0.039546
vn 0.088913 0.058052 0.994346
vn -0.009873 -0.060757 0.998104
vn -0.007638 -0.062547 0.998013
vn 0.091078 0.056178 0.994258
vn 0.813920 -0.579630 0.039546
vn 0.719718 -0.692926 0.043129
vn 0.713965 -0.692728 -0.101891
vn 0.808166 -0.579433 -0.105474
vn 0.012033 0.058887 -0.998192
vn -0.086683 -0.059837 -0.994437
vn -0.088918 -0.058048 -0.994346
vn 0.009868 0.060761 -0.998104
vn -0.719718 0.692926 -0.043129
vn -0.813920 0.579630 -0.039546
vn -0.808166 0.579433 0.105474
vn -0.713965 0.692728 0.101891
vn -0.634276 -0.766568 0.100334
vn -0.640314 -0.766362 -0.051852
vn -0.638018 -0.768270 -0.051916
vn -0.631982 -0.768477 0.100210
vn 0.634271 0.766572 -0.100334
vn 0.640309 0.766365 0.051852
vn 0.642600 0.764454 0.051729
vn 0.636565 0.764661 -0.100397
vn -0.713965 0.692728 0.101891
vn 0.087067 0.059582 0.994419
vn 0.638385 0.767962 0.051948
vn -0.636194 -0.764965 0.100429
vn -0.011712 -0.059219 0.998176
vn -0.808166 0.579433 0.105474
vn 0.642600 0.764454 0.051729
vn 0.091078 0.056178 0.994258
vn 0.813920 -0.579630 0.039546
vn 0.719718 -0.692926 0.043129
vn -0.007638 -0.062547 0.998013
vn -0.631982 -0.768477 0.100210
vn 0.636565 0.764661 -0.100397
vn 0.808166 -0.579433 -0.105474
vn 0.012033 0.058887 -0.998192
vn -0.086683 -0.059837 -0.994437
vn 0.713965 -0.692728 -0.101891
vn -0.638018 -0.768270 -0.051916
vn 0.632346 0.768169 -0.100272
vn 0.008022 0.062291 -0.998026
vn -0.719718 0.692926 -0.043129
vn -0.813920 0.579630 -0.039546
vn -0.090757 -0.056510 -0.994269
vn -0.642233 -0.764758 -0.051791
vn 0.087067 0.059582 0.994419
vn -0.011712 -0.059219 0.998176
vn -0.009873 -0.060757 0.998104
vn 0.088913 0.058052 0.994346
vn -0.011712 -0.059219 0.998176
vn -0.636194 -0.764965 0.100429
vn -0.634276 -0.766568 0.100334
vn -0.009873 -0.060757 0.998104
vn -0.636194 -0.764965 0.100429
vn -0.642233 -0.764758 -0.051791
vn -0.640314 -0.766362 -0.051852
vn -0.634276 -0.766568 0.100334
vn -0.088918 -0.058048 -0.994346
vn -0.640314 -0.766362 -0.051852
vn -0.642233 -0.764758 -0.051791
vn -0.090757 -0.056510 -0.994269
vn 0.009868 0.060761 -0.998104
vn -0.088918 -0.058048 -0.994346
vn -0.090757 -0.056510 -0.994269
vn 0.008022 0.062291 -0.998026
vn 0.634271 0.766572 -0.100334
vn 0.009868 0.060761 -0.998104
vn 0.008022 0.062291 -0.998026
vn 0.632346 0.768169 -0.100272
vn 0.632346 0.768169 -0.100272
vn 0.638385 0.767962 0.051948
vn 0.640309 0.766365 0.051852
vn 0.634271 0.766572 -0.100334
vn 0.638385 0.767962 0.051948
vn 0.087067 0.059582 0.994419
vn 0.088913 0.058052 0.994346
vn 0.640309 0.766365 0.051852
vn 0.818252 0.573401 0.040942
vn 0.636468 -0.769685 0.049933
vn 0.630429 -0.769478 -0.102287
vn 0.812498 0.573598 -0.104078
vn 0.090321 -0.059597 0.994128
vn 0.818252 0.573401 0.040942
vn 0.724904 0.687392 0.044800
vn -0.007563 0.059933 0.998174
vn 0.634537 -0.771274 0.049991
vn 0.088470 -0.061122 0.994202
vn 0.086222 -0.062895 0.994289
vn 0.632227 -0.773165 0.050050
vn -0.626557 0.772654 0.102137
vn 0.724904 0.687392 0.044800
vn 0.719151 0.687589 -0.100220
vn -0.632596 0.772861 -0.050083
vn -0.009420 0.058416 0.998248
vn -0.628495 0.771071 0.102195
vn -0.630802 0.769177 0.102254
vn -0.011599 0.056559 0.998332
vn 0.632227 -0.773165 0.050050
vn -0.719151 -0.687589 0.100220
vn -0.724904 -0.687392 -0.044800
vn 0.626191 -0.772959 -0.102076
vn -0.719151 -0.687589 0.100220
vn 0.086222 -0.062895 0.994289
vn -0.011599 0.056559 0.998332
vn -0.812498 -0.573598 0.104078
vn -0.812498 -0.573598 0.104078
vn -0.630802 0.769177 0.102254
vn -0.636837 0.769384 -0.049872
vn -0.818252 -0.573401 -0.040942
vn 0.626191 -0.772959 -0.102076
vn 0.007177 -0.060185 -0.998161
vn 0.009425 -0.058413 -0.998248
vn 0.628499 -0.771067 -0.102195
vn 0.007177 -0.060185 -0.998161
vn -0.724904 -0.687392 -0.044800
vn -0.818252 -0.573401 -0.040942
vn -0.090644 0.059267 -0.994118
vn -0.090644 0.059267 -0.994118
vn -0.636837 0.769384 -0.049872
vn -0.634532 0.771278 -0.049991
vn -0.088465 0.061125 -0.994202
vn 0.812498 0.573598 -0.104078
vn 0.011276 -0.056888 -0.998317
vn -0.086608 0.062642 -0.994271
vn 0.719151 0.687589 -0.100220
vn 0.088470 -0.061122 0.994202
vn -0.009420 0.058416 0.998248
vn -0.011599 0.056559 0.998332
vn 0.086222 -0.062895 0.994289
vn -0.719151 -0.687589 0.100220
vn -0.812498 -0.573598 0.104078
vn -0.818252 -0.573401 -0.040942
vn -0.724904 -0.687392 -0.044800
vn 0.007177 -0.060185 -0.998161
vn -0.090644 0.059267 -0.994118
vn -0.088465 0.061125 -0.994202
vn 0.009425 -0.058413 -0.998248
vn 0.812498 0.573598 -0.104078
vn 0.719151 0.687589 -0.100220
vn 0.724904 0.687392 0.044800
vn 0.818252 0.573401 0.040942
vn -0.628495 0.771071 0.102195
vn -0.634532 0.771278 -0.049991
vn -0.636837 0.769384 -0.049872
vn -0.630802 0.769177 0.102254
vn 0.628499 -0.771067 -0.102195
vn 0.634537 -0.771274 0.049991
vn 0.632227 -0.773165 0.050050
vn 0.626191 -0.772959 -0.102076
vn 0.818252 0.573401 0.040942
vn 0.090321 -0.059597 0.994128
vn 0.636468 -0.769685 0.049933
vn -0.626557 0.772654 0.102137
vn -0.007563 0.059933 0.998174
vn 0.724904 0.687392 0.044800
vn 0.632227 -0.773165 0.050050
vn 0.086222 -0.062895 0.994289
vn -0.719151 -0.687589 0.100220
vn -0.812498 -0.573598 0.104078
vn -0.011599 0.056559 0.998332
vn -0.630802 0.769177 0.102254
vn 0.626191 -0.772959 -0.102076
vn -0.724904 -0.687392 -0.044800
vn 0.007177 -0.060185 -0.998161
vn -0.090644 0.059267 -0.994118
vn -0.818252 -0.573401 -0.040942
vn -0.636837 0.769384 -0.049872
vn 0.630429 -0.769478 -0.102287
vn 0.011276 -0.056888 -0.998317
vn 0.812498 0.573598 -0.104078
vn 0.719151 0.687589 -0.100220
vn -0.086608 0.062642 -0.994271
vn -0.632596 0.772861 -0.050083
vn 0.090321 -0.059597 0.994128
vn -0.007563 0.059933 0.998174
vn -0.009420 0.058416 0.998248
vn 0.088470 -0.061122 0.994202
vn -0.007563 0.059933 0.998174
vn -0.626557 0.772654 0.102137
vn -0.628495 0.771071 0.102195
vn -0.009420 0.058416 0.998248
vn -0.626557 0.772654 0.102137
vn -0.632596 0.772861 -0.050083
vn -0.634532 0.771278 -0.049991
vn -0.628495 0.771071 0.102195
vn -0.088465 0.061125 -0.994202
vn -0.634532 0.771278 -0.049991
vn -0.632596 0.772861 -0.050083
vn -0.086608 0.062642 -0.994271
vn 0.009425 -0.058413 -0.998248
vn -0.088465 0.061125 -0.994202
vn -0.086608 0.062642 -0.994271
vn 0.011276 -0.056888 -0.998317
vn 0.628499 -0.771067 -0.102195
vn 0.009425 -0.058413 -0.998248
vn 0.011276 -0.056888 -0.998317
vn 0.630429 -0.769478 -0.102287
vn 0.630429 -0.769478 -0.102287
vn 0.636468 -0.769685 0.049933
vn 0.634537 -0.771274 0.049991
vn 0.628499 -0.771067 -0.102195
vn 0.636468 -0.769685 0.049933
vn 0.090321 -0.059597 0.994128
vn 0.088470 -0.061122 0.994202
vn 0.634537 -0.771274 0.049991
vn 0.818252 0.573401 0.040942
vn 0.636468 -0.769685 0.049933
vn 0.630429 -0.769478 -0.102287
vn 0.812498 0.573598 -0.104078
vn 0.090321 -0.059597 0.994128
vn 0.818252 0.573401 0.040942
vn 0.724904 0.687392 0.044800
vn -0.007563 0.059933 0.998174
vn 0.634537 -0.771274 0.049991
vn 0.088470 -0.061122 0.994202
vn 0.086222 -0.062895 0.994289
vn 0.632227 -0.773165 0.050050
vn -0.626557 0.772654 0.102137
vn 0.724904 0.687392 0.044800
vn 0.719151 0.687589 -0.100220
vn -0.632596 0.772861 -0.050083
vn -0.009420 0.058416 0.998248
vn -0.628495 0.771071 0.102195
vn -0.630802 0.769177 0.102254
vn -0.011599 0.056559 0.998332
vn 0.632227 -0.773165 0.050050
vn -0.719151 -0.687589 0.100220
vn -0.724904 -0.687392 -0.044800
vn 0.626191 -0.772959 -0.102076
vn -0.719151 -0.687589 0.100220
vn 0.086222 -0.062895 0.994289
vn -0.011599 0.056559 0.998332
vn -0.812498 -0.573598 0.104078
vn -0.812498 -0.573598 0.104078
vn -0.630802 0.769177 0.102254
vn -0.636837 0.769384 -0.049872
vn -0.818252 -0.573401 -0.040942
vn 0.626191 -0.772959 -0.102076
vn 0.007177 -0.060185 -0.998161
vn 0.009425 -0.058413 -0.998248
vn 0.628499 -0.771067 -0.102195
vn 0.007177 -0.060185 -0.998161
vn -0.724904 -0.687392 -0.044800
vn -0.818252 -0.573401 -0.040942
vn -0.090644 0.059267 -0.994118
vn -0.090644 0.059267 -0.994118
vn -0.636837 0.769384 -0.049872
vn -0.634532 0.771278 -0.049991
vn -0.088465 0.061125 -0.994202
vn 0.812498 0.573598 -0.104078
vn 0.011276 -0.056888 -0.998317
vn -0.086608 0.062642 -0.994271
vn 0.719151 0.687589 -0.100220
vn 0.088470 -0.061122 0.994202
vn -0.009420 0.058416 0.998248
vn -0.011599 0.056559 0.998332
vn 0.086222 -0.062895 0.994289
vn -0.719151 -0.687589 0.100220
vn -0.812498 -0.573598 0.104078
vn -0.818252 -0.573401 -0.040942
vn -0.724904 -0.687392 -0.044800
vn 0.007177 -0.060185 -0.998161
vn -0.090644 0.059267 -0.994118
vn -0.088465 0.061125 -0.994202
vn 0.009425 -0.058413 -0.998248
vn 0.812498 0.573598 -0.104078
vn 0.719151 0.687589 -0.100220
vn 0.724904 0.687392 0.044800
vn 0.818252 0.573401 0.040942
vn -0.628495 0.771071 0.102195
vn -0.634532 0.771278 -0.049991
vn -0.636837 0.769384 -0.049872
vn -0.630802 0.769177 0.102254
vn 0.628499 -0.771067 -0.102195
vn 0.634537 -0.771274 0.049991
vn 0.632227 -0.773165 0.050050
vn 0.626191 -0.772959 -0.102076
vn 0.818252 0.573401 0.040942
vn 0.090321 -0.059597 0.994128
vn 0.636468 -0.769685 0.049933
vn -0.626557 0.772654 0.102137
vn -0.007563 0.059933 0.998174
vn 0.724904 0.687392 0.044800
vn 0.632227 -0.773165 0.050050
vn 0.086222 -0.062895 0.994289
vn -0.719151 -0.687589 0.100220
vn -0.812498 -0.573598 0.104078
vn -0.011599 0.056559 0.998332
vn -0.630802 0.769177 0.102254
vn 0.626191 -0.772959 -0.102076
vn -0.724904 -0.687392 -0.044800
vn 0.007177 -0.060185 -0.998161
vn -0.090644 0.059267 -0.994118
vn -0.818252 -0.573401 -0.040942
vn -0.636837 0.769384 -0.049872
vn 0.630429 -0.769478 -0.102287
vn 0.011276 -0.056888 -0.998317
vn 0.812498 0.573598 -0.104078
vn 0.719151 0.687589 -0.100220
vn -0.086608 0.062642 -0.994271
vn -0.632596 0.772861 -0.050083
vn 0.090321 -0.059597 0.994128
vn -0.007563 0.059933 0.998174
vn -0.009420 0.058416 0.998248
vn 0.088470 -0.061122 0.994202
vn -0.007563 0.059933 0.998174
vn -0.626557 0.772654 0.102137
vn -0.628495 0.771071 0.102195
vn -0.009420 0.058416 0.998248
vn -0.626557 0.772654 0.102137
vn -0.632596 0.772861 -0.050083
vn -0.634532 0.771278 -0.049991
vn -0.628495 0.771071 0.102195
vn -0.088465 0.061125 -0.994202
vn -0.634532 0.771278 -0.049991
vn -0.632596 0.772861 -0.050083
vn -0.086608 0.062642 -0.994271
vn 0.009425 -0.058413 -0.998248
vn -0.088465 0.061125 -0.994202
vn -0.086608 0.062642 -0.994271
vn 0.011276 -0.056888 -0.998317
vn 0.628499 -0.771067 -0.102195
vn 0.009425 -0.058413 -0.998248
vn 0.011276 -0.056888 -0.998317
vn 0.630429 -0.769478 -0.102287
vn 0.630429 -0.769478 -0.102287
vn 0.636468 -0.769685 0.049933
vn 0.634537 -0.771274 0.049991
vn 0.628499 -0.771067 -0.102195
vn 0.636468 -0.769685 0.049933
vn 0.090321 -0.059597 0.994128
vn 0.088470 -0.061122 0.994202
vn 0.634537 -0.771274 0.049991
vn 0.997559 -0.037935 0.058621
vn 0.024996 -0.996760 0.076449
vn 0.024948 -0.996804 -0.075891
vn 0.997523 -0.037969 -0.059220
vn 0.004969 -0.076904 0.997026
vn 0.997559 -0.037935 0.058621
vn 0.994933 0.081705 0.058587
vn 0.001578 0.077607 0.996983
vn 0.021909 -0.996834 0.076433
vn 0.002010 -0.076974 0.997031
vn -0.001524 -0.076997 0.997030
vn 0.018226 -0.996910 0.076404
vn -0.018768 0.996940 0.075889
vn 0.994933 0.081705 0.058587
vn 0.994896 0.081672 -0.059254
vn -0.018816 0.996896 -0.076451
vn -0.001382 0.077547 0.996988
vn -0.021855 0.996878 0.075873
vn -0.025538 0.996793 0.075844
vn -0.004914 0.077415 0.996987
vn 0.018226 -0.996910 0.076404
vn -0.994896 -0.081672 0.059254
vn -0.994933 -0.081705 -0.058587
vn 0.018178 -0.996954 -0.075842
vn -0.994896 -0.081672 0.059254
vn -0.001524 -0.076997 0.997030
vn -0.004914 0.077415 0.996987
vn -0.997523 0.037969 0.059220
vn -0.997523 0.037969 0.059220
vn -0.025538 0.996793 0.075844
vn -0.025585 0.996749 -0.076401
vn -0.997559 0.037935 -0.058621
vn 0.018178 -0.996954 -0.075842
vn -0.002145 -0.077569 -0.996985
vn 0.001389 -0.077547 -0.996988
vn 0.021862 -0.996878 -0.075873
vn -0.002145 -0.077569 -0.996985
vn -0.994933 -0.081705 -0.058587
vn -0.997559 0.037935 -0.058621
vn -0.005534 0.076841 -0.997028
vn -0.005534 0.076841 -0.997028
vn -0.025585 0.996749 -0.076401
vn -0.021902 0.996834 -0.076433
vn -0.002003 0.076974 -0.997031
vn 0.997523 -0.037969 -0.059220
vn 0.004349 -0.077477 -0.996985
vn 0.000957 0.077034 -0.997028
vn 0.994896 0.081672 -0.059254
vn 0.002010 -0.076974 0.997031
vn -0.001382 0.077547 0.996988
vn -0.004914 0.077415 0.996987
vn -0.001524 -0.076997 0.997030
vn -0.994896 -0.081672 0.059254
vn -0.997523 0.037969 0.059220
vn -0.997559 0.037935 -0.058621
vn -0.994933 -0.081705 -0.058587
vn -0.002145 -0.077569 -0.996985
vn -0.005534 0.076841 -0.997028
vn -0.002003 0.076974 -0.997031
vn 0.001389 -0.077547 -0.996988
vn 0.997523 -0.037969 -0.059220
vn 0.994896 0.081672 -0.059254
vn 0.994933 0.081705 0.058587
vn 0.997559 -0.037935 0.058621
vn -0.021855 0.996878 0.075873
vn -0.021902 0.996834 -0.076433
vn -0.025585 0.996749 -0.076401
vn -0.025538 0.996793 0.075844
vn 0.021862 -0.996878 -0.075873
vn 0.021909 -0.996834 0.076433
vn 0.018226 -0.996910 0.076404
vn 0.018178 -0.996954 -0.075842
vn 0.997559 -0.037935 0.058621
vn 0.004969 -0.076904 0.997026
vn 0.024996 -0.996760 0.076449
vn -0.018768 0.996940 0.075889
vn 0.001578 0.077607 0.996983
vn 0.994933 0.081705 0.058587
vn 0.018226 -0.996910 0.076404
vn -0.001524 -0.076997 0.997030
vn -0.994896 -0.081672 0.059254
vn -0.997523 0.037969 0.059220
vn -0.004914 0.077415 0.996987
vn -0.025538 0.996793 0.075844
vn 0.018178 -0.996954 -0.075842
vn -0.994933 -0.081705 -0.058587
vn -0.002145 -0.077569 -0.996985
vn -0.005534 0.076841 -0.997028
vn -0.997559 0.037935 -0.058621
vn -0.025585 0.996749 -0.076401
vn 0.024948 -0.996804 -0.075891
vn 0.004349 -0.077477 -0.996985
vn 0.997523 -0.037969 -0.059220
vn 0.994896 0.081672 -0.059254
vn 0.000957 0.077034 -0.997028
vn -0.018816 0.996896 -0.076451
vn 0.004969 -0.076904 0.997026
vn 0.001578 0.077607 0.996983
vn -0.001382 0.077547 0.996988
vn 0.002010 -0.076974 0.997031
vn 0.001578 0.077607 0.996983
vn -0.018768 0.996940 0.075889
vn -0.021855 0.996878 0.075873
vn -0.001382 0.077547 0.996988
vn -0.018768 0.996940 0.075889
vn -0.018816 0.996896 -0.076451
vn -0.021902 0.996834 -0.076433
vn -0.021855 0.996878 0.075873
vn -0.002003 0.076974 -0.997031
vn -0.021902 0.996834 -0.076433
vn -0.018816 0.996896 -0.076451
vn 0.000957 0.077034 -0.997028
vn 0.001389 -0.077547 -0.996988
vn -0.002003 0.076974 -0.997031
vn 0.000957 0.077034 -0.997028
vn 0.004349 -0.077477 -0.996985
vn 0.021862 -0.996878 -0.075873
vn 0.001389 -0.077547 -0.996988
vn 0.004349 -0.077477 -0.996985
vn 0.024948 -0.996804 -0.075891
vn 0.024948 -0.996804 -0.075891
vn 0.024996 -0.996760 0.076449
vn 0.021909 -0.996834 0.076433
vn 0.021862 -0.996878 -0.075873
vn 0.024996 -0.996760 0.076449
vn 0.004969 -0.076904 0.997026
vn 0.002010 -0.076974 0.997031
vn 0.021909 -0.996834 0.076433
vn 0.996804 -0.072764 0.032980
vn 0.006498 -0.997191 0.074616
vn 0.000460 -0.996984 -0.077604
vn 0.991050 -0.072566 -0.112040
vn 0.041998 -0.078626 0.996019
vn 0.996804 -0.072764 0.032980
vn 0.996660 0.074622 0.033186
vn 0.041847 0.075922 0.996235
vn 0.003998 -0.997198 0.074699
vn 0.039601 -0.078633 0.996117
vn 0.036739 -0.078582 0.996230
vn 0.001013 -0.997199 0.074787
vn 0.004546 0.996989 0.077405
vn 0.996660 0.074622 0.033186
vn 0.990906 0.074819 -0.111834
vn -0.001492 0.997196 -0.074815
vn 0.039450 0.075924 0.996333
vn 0.002046 0.996991 0.077487
vn -0.000939 0.996986 0.077576
vn 0.036588 0.075867 0.996446
vn 0.001013 -0.997199 0.074787
vn -0.990906 -0.074819 0.111834
vn -0.996660 -0.074622 -0.033186
vn -0.005022 -0.996992 -0.077339
vn -0.990906 -0.074819 0.111834
vn 0.036739 -0.078582 0.996230
vn 0.036588 0.075867 0.996446
vn -0.991050 0.072566 0.112040
vn -0.991050 0.072566 0.112040
vn -0.000939 0.996986 0.077576
vn -0.006974 0.997193 -0.074550
vn -0.996804 0.072764 -0.032980
vn -0.005022 -0.996992 -0.077339
vn -0.042306 -0.075872 -0.996220
vn -0.039444 -0.075924 -0.996333
vn -0.002040 -0.996991 -0.077488
vn -0.042306 -0.075872 -0.996220
vn -0.996660 -0.074622 -0.033186
vn -0.996804 0.072764 -0.032980
vn -0.042457 0.078575 -0.996004
vn -0.042457 0.078575 -0.996004
vn -0.006974 0.997193 -0.074550
vn -0.003992 0.997198 -0.074699
vn -0.039595 0.078633 -0.996117
vn 0.991050 -0.072566 -0.112040
vn -0.037047 -0.075917 -0.996426
vn -0.037198 0.078631 -0.996210
vn 0.990906 0.074819 -0.111834
vn 0.039601 -0.078633 0.996117
vn 0.039450 0.075924 0.996333
vn 0.036588 0.075867 0.996446
vn 0.036739 -0.078582 0.996230
vn -0.990906 -0.074819 0.111834
vn -0.991050 0.072566 0.112040
vn -0.996804 0.072764 -0.032980
vn -0.996660 -0.074622 -0.033186
vn -0.042306 -0.075872 -0.996220
vn -0.042457 0.078575 -0.996004
vn -0.039595 0.078633 -0.996117
vn -0.039444 -0.075924 -0.996333
vn 0.991050 -0.072566 -0.112040
vn 0.990906 0.074819 -0.111834
vn 0.996660 0.074622 0.033186
vn 0.996804 -0.072764 0.032980
vn 0.002046 0.996991 0.077487
vn -0.003992 0.997198 -0.074699
vn -0.006974 0.997193 -0.074550
vn -0.000939 0.996986 0.077576
vn -0.002040 -0.996991 -0.077488
vn 0.003998 -0.997198 0.074699
vn 0.001013 -0.997199 0.074787
vn -0.005022 -0.996992 -0.077339
vn 0.996804 -0.072764 0.032980
vn 0.041998 -0.078626 0.996019
vn 0.006498 -0.997191 0.074616
vn 0.004546 0.996989 0.077405
vn 0.041847 0.075922 0.996235
vn 0.996660 0.074622 0.033186
vn 0.001013 -0.997199 0.074787
vn 0.036739 -0.078582 0.996230
vn -0.990906 -0.074819 0.111834
vn -0.991050 0.072566 0.112040
vn 0.036588 0.075867 0.996446
vn -0.000939 0.996986 0.077576
vn -0.005022 -0.996992 -0.077339
vn -0.996660 -0.074622 -0.033186
vn -0.042306 -0.075872 -0.996220
vn -0.042457 0.078575 -0.996004
vn -0.996804 0.072764 -0.032980
vn -0.006974 0.997193 -0.074550
vn 0.000460 -0.996984 -0.077604
vn -0.037047 -0.075917 -0.996426
vn 0.991050 -0.072566 -0.112040
vn 0.990906 0.074819 -0.111834
vn -0.037198 0.078631 -0.996210
vn -0.001492 0.997196 -0.074815
vn 0.041998 -0.078626 0.996019
vn 0.041847 0.075922 0.996235
vn 0.039450 0.075924 0.996333
vn 0.039601 -0.078633 0.996117
vn 0.041847 0.075922 0.996235
vn 0.004546 0.996989 0.077405
vn 0.002046 0.996991 0.077487
vn 0.039450 0.075924 0.996333
vn 0.004546 0.996989 0.077405
vn -0.001492 0.997196 -0.074815
vn -0.003992 0.997198 -0.074699
vn 0.002046 0.996991 0.077487
vn -0.039595 0.078633 -0.996117
vn -0.003992 0.997198 -0.074699
vn -0.001492 0.997196 -0.074815
vn -0.037198 0.078631 -0.996210
vn -0.039444 -0.075924 -0.996333
vn -0.039595 0.078633 -0.996117
vn -0.037198 0.078631 -0.996210
vn -0.037047 -0.075917 -0.996426
vn -0.002040 -0.996991 -0.077488
vn -0.039444 -0.075924 -0.996333
vn -0.037047 -0.075917 -0.996426
vn 0.000460 -0.996984 -0.077604
vn 0.000460 -0.996984 -0.077604
vn 0.006498 -0.997191 0.074616
vn 0.003998 -0.997198 0.074699
vn -0.002040 -0.996991 -0.077488
vn 0.006498 -0.997191 0.074616
vn 0.041998 -0.078626 0.996019
vn 0.039601 -0.078633 0.996117
vn 0.003998 -0.997198 0.074699
vn 0.997921 0.018311 0.061800
vn 0.095495 -0.992901 0.070913
vn 0.093838 -0.992253 -0.081416
vn 0.996343 0.018928 -0.083324
vn 0.020374 -0.080961 0.996509
vn 0.997921 0.018311 0.061800
vn 0.984296 0.165064 0.062572
vn 0.006088 0.072924 0.997319
vn 0.093004 -0.993137 0.070923
vn 0.017986 -0.081187 0.996537
vn 0.015129 -0.081398 0.996567
vn 0.090030 -0.993411 0.070924
vn -0.088850 0.992716 0.081364
vn 0.984296 0.165064 0.062572
vn 0.982718 0.165681 -0.082552
vn -0.090506 0.993364 -0.070966
vn 0.003699 0.072707 0.997347
vn -0.091342 0.992489 0.081373
vn -0.094315 0.992211 0.081374
vn 0.000852 0.072388 0.997376
vn 0.090030 -0.993411 0.070924
vn -0.982718 -0.165681 0.082552
vn -0.984296 -0.165064 -0.062572
vn 0.088375 -0.992763 -0.081312
vn -0.982718 -0.165681 0.082552
vn 0.015129 -0.081398 0.996567
vn 0.000852 0.072388 0.997376
vn -0.996343 -0.018928 0.083324
vn -0.996343 -0.018928 0.083324
vn -0.094315 0.992211 0.081374
vn -0.095970 0.992859 -0.070862
vn -0.997921 -0.018311 -0.061800
vn 0.088375 -0.992763 -0.081312
vn -0.006549 -0.072916 -0.997317
vn -0.003693 -0.072706 -0.997347
vn 0.091348 -0.992489 -0.081373
vn -0.006549 -0.072916 -0.997317
vn -0.984296 -0.165064 -0.062572
vn -0.997921 -0.018311 -0.061800
vn -0.020827 0.080868 -0.996507
vn -0.020827 0.080868 -0.996507
vn -0.095970 0.992859 -0.070862
vn -0.092998 0.993137 -0.070923
vn -0.017980 0.081188 -0.996537
vn 0.996343 0.018928 -0.083324
vn -0.001304 -0.072479 -0.997369
vn -0.015591 0.081405 -0.996559
vn 0.982718 0.165681 -0.082552
vn 0.017986 -0.081187 0.996537
vn 0.003699 0.072707 0.997347
vn 0.000852 0.072388 0.997376
vn 0.015129 -0.081398 0.996567
vn -0.982718 -0.165681 0.082552
vn -0.996343 -0.018928 0.083324
vn -0.997921 -0.018311 -0.061800
vn -0.984296 -0.165064 -0.062572
vn -0.006549 -0.072916 -0.997317
vn -0.020827 0.080868 -0.996507
vn -0.017980 0.081188 -0.996537
vn -0.003693 -0.072706 -0.997347
vn 0.996343 0.018928 -0.083324
vn 0.982718 0.165681 -0.082552
vn 0.984296 0.165064 0.062572
vn 0.997921 0.018311 0.061800
vn -0.091342 0.992489 0.081373
vn -0.092998 0.993137 -0.070923
vn -0.095970 0.992859 -0.070862
vn -0.094315 0.992211 0.081374
vn 0.091348 -0.992489 -0.081373
vn 0.093004 -0.993137 0.070923
vn 0.090030 -0.993411 0.070924
vn 0.088375 -0.992763 -0.081312
vn 0.997921 0.018311 0.061800
vn 0.020374 -0.080961 0.996509
vn 0.095495 -0.992901 0.070913
vn -0.088850 0.992716 0.081364
vn 0.006088 0.072924 0.997319
vn 0.984296 0.165064 0.062572
vn 0.090030 -0.993411 0.070924
vn 0.015129 -0.081398 0.996567
vn -0.982718 -0.165681 0.082552
vn -0.996343 -0.018928 0.083324
vn 0.000852 0.072388 0.997376
vn -0.094315 0.992211 0.081374
vn 0.088375 -0.992763 -0.081312
vn -0.984296 -0.165064 -0.062572
vn -0.006549 -0.072916 -0.997317
vn -0.020827 0.080868 -0.996507
vn -0.997921 -0.018311 -0.061800
vn -0.095970 0.992859 -0.070862
vn 0.093838 -0.992253 -0.081416
vn -0.001304 -0.072479 -0.997369
vn 0.996343 0.018928 -0.083324
vn 0.982718 0.165681 -0.082552
vn -0.015591 0.081405 -0.996559
vn -0.090506 0.993364 -0.070966
vn 0.020374 -0.080961 0.996509
vn 0.006088 0.072924 0.997319
vn 0.003699 0.072707 0.997347
vn 0.017986 -0.081187 0.996537
vn 0.006088 0.072924 0.997319
vn -0.088850 0.992716 0.081364
vn -0.091342 0.992489 0.081373
vn 0.003699 0.072707 0.997347
vn -0.088850 0.992716 0.081364
vn -0.090506 0.993364 -0.070966
vn -0.092998 0.993137 -0.070923
vn -0.091342 0.992489 0.081373
vn -0.017980 0.081188 -0.996537
vn -0.092998 0.993137 -0.070923
vn -0.090506 0.993364 -0.070966
vn -0.015591 0.081405 -0.996559
vn -0.003693 -0.072706 -0.997347
vn -0.017980 0.081188 -0.996537
vn -0.015591 0.081405 -0.996559
vn -0.001304 -0.072479 -0.997369
vn 0.091348 -0.992489 -0.081373
vn -0.003693 -0.072706 -0.997347
vn -0.001304 -0.072479 -0.997369
vn 0.093838 -0.992253 -0.081416
vn 0.093838 -0.992253 -0.081416
vn 0.095495 -0.992901 0.070913
vn 0.093004 -0.993137 0.070923
vn 0.091348 -0.992489 -0.081373
vn 0.095495 -0.992901 0.070913
vn 0.020374 -0.080961 0.996509
vn 0.017986 -0.081187 0.996537
vn 0.093004 -0.993137 0.070923
vn 0.075058 -0.994637 0.071154
vn 0.110415 -0.002505 0.993882
vn -0.041835 -0.002505 0.999121
vn -0.069990 -0.994637 0.076145
vn 0.999075 -0.002402 0.042941
vn 0.075058 -0.994637 0.071154
vn 0.069990 -0.994637 -0.076145
vn 0.993760 -0.002402 -0.111515
vn 0.110398 -0.000003 0.993887
vn 0.999077 -0.000003 0.042946
vn 0.999076 0.002861 0.042892
vn 0.110368 0.002983 0.993886
vn 0.041835 -0.002505 -0.999121
vn 0.069990 -0.994637 -0.076145
vn -0.075058 -0.994637 -0.071154
vn -0.110415 -0.002505 -0.993882
vn 0.993762 -0.000003 -0.111520
vn 0.041818 -0.000003 -0.999125
vn 0.041788 0.002983 -0.999122
vn 0.993764 0.002861 -0.111467
vn 0.110368 0.002983 0.993886
vn 0.075058 0.994637 0.071154
vn -0.069990 0.994637 0.076145
vn -0.041788 0.002983 0.999122
vn 0.075058 0.994637 0.071154
vn 0.999076 0.002861 0.042892
vn 0.993764 0.002861 -0.111467
vn 0.069990 0.994637 -0.076145
vn 0.069990 0.994637 -0.076145
vn 0.041788 0.002983 -0.999122
vn -0.110368 0.002983 -0.993886
vn -0.075058 0.994637 -0.071154
vn -0.041788 0.002983 0.999122
vn -0.993764 0.002861 0.111466
vn -0.993762 -0.000003 0.111520
vn -0.041818 -0.000003 0.999125
vn -0.993764 0.002861 0.111466
vn -0.069990 0.994637 0.076145
vn -0.075058 0.994637 -0.071154
vn -0.999076 0.002861 -0.042891
vn -0.999076 0.002861 -0.042891
vn -0.110368 0.002983 -0.993886
vn -0.110398 -0.000003 -0.993887
vn -0.999077 -0.000003 -0.042946
vn -0.069990 -0.994637 0.076145
vn -0.993760 -0.002402 0.111515
vn -0.999075 -0.002402 -0.042941
vn -0.075058 -0.994637 -0.071154
vn 0.999077 -0.000003 0.042946
vn 0.993762 -0.000003 -0.111520
vn 0.993764 0.002861 -0.111467
vn 0.999076 0.002861 0.042892
vn 0.075058 0.994637 0.071154
vn 0.069990 0.994637 -0.076145
vn -0.075058 0.994637 -0.071154
vn -0.069990 0.994637 0.076145
vn -0.993764 0.002861 0.111466
vn -0.999076 0.002861 -0.042891
vn -0.999077 -0.000003 -0.042946
vn -0.993762 -0.000003 0.111520
vn -0.069990 -0.994637 0.076145
vn -0.075058 -0.994637 -0.071154
vn 0.069990 -0.994637 -0.076145
vn 0.075058 -0.994637 0.071154
vn 0.041818 -0.000003 -0.999125
vn -0.110398 -0.000003 -0.993887
vn -0.110368 0.002983 -0.993886
vn 0.041788 0.002983 -0.999122
vn -0.041818 -0.000003 0.999125
vn 0.110398 -0.000003 0.993887
vn 0.110368 0.002983 0.993886
vn -0.041788 0.002983 0.999122
vn 0.075058 -0.994637 0.071154
vn 0.999075 -0.002402 0.042941
vn 0.110415 -0.002505 0.993882
vn 0.041835 -0.002505 -0.999121
vn 0.993760 -0.002402 -0.111515
vn 0.069990 -0.994637 -0.076145
vn 0.110368 0.002983 0.993886
vn 0.999076 0.002861 0.042892
vn 0.075058 0.994637 0.071154
vn 0.069990 0.994637 -0.076145
vn 0.993764 0.002861 -0.111467
vn 0.041788 0.002983 -0.999122
vn -0.041788 0.002983 0.999122
vn -0.069990 0.994637 0.076145
vn -0.993764 0.002861 0.111466
vn -0.999076 0.002861 -0.042891
vn -0.075058 0.994637 -0.071154
vn -0.110368 0.002983 -0.993886
vn -0.041835 -0.002505 0.999121
vn -0.993760 -0.002402 0.111515
vn -0.069990 -0.994637 0.076145
vn -0.075058 -0.994637 -0.071154
vn -0.999075 -0.002402 -0.042941
vn -0.110415 -0.002505 -0.993882
vn 0.999075 -0.002402 0.042941
vn 0.993760 -0.002402 -0.111515
vn 0.993762 -0.000003 -0.111520
vn 0.999077 -0.000003 0.042946
vn 0.993760 -0.002402 -0.111515
vn 0.041835 -0.002505 -0.999121
vn 0.041818 -0.000003 -0.999125
vn 0.993762 -0.000003 -0.111520
vn 0.041835 -0.002505 -0.999121
vn -0.110415 -0.002505 -0.993882
vn -0.110398 -0.000003 -0.993887
vn 0.041818 -0.000003 -0.999125
vn -0.999077 -0.000003 -0.042946
vn -0.110398 -0.000003 -0.993887
vn -0.110415 -0.002505 -0.993882
vn -0.999075 -0.002402 -0.042941
vn -0.993762 -0.000003 0.111520
vn -0.999077 -0.000003 -0.042946
vn -0.999075 -0.002402 -0.042941
vn -0.993760 -0.002402 0.111515
vn -0.041818 -0.000003 0.999125
vn -0.993762 -0.000003 0.111520
vn -0.993760 -0.002402 0.111515
vn -0.041835 -0.002505 0.999121
vn -0.041835 -0.002505 0.999121
vn 0.110415 -0.002505 0.993882
vn 0.110398 -0.000003 0.993887
vn -0.041818 -0.000003 0.999125
vn 0.110415 -0.002505 0.993882
vn 0.999075 -0.002402 0.042941
vn 0.999077 -0.000003 0.042946
vn 0.110398 -0.000003 0.993887
vn 0.075058 -0.994637 0.071154
vn 0.110415 -0.002505 0.993882
vn -0.041835 -0.002505 0.999121
vn -0.069990 -0.994637 0.076145
vn 0.999075 -0.002402 0.042941
vn 0.075058 -0.994637 0.071154
vn 0.069990 -0.994637 -0.076145
vn 0.993760 -0.002402 -0.111515
vn 0.110398 -0.000003 0.993887
vn 0.999077 -0.000003 0.042946
vn 0.999076 0.002861 0.042892
vn 0.110368 0.002983 0.993886
vn 0.041835 -0.002505 -0.999121
vn 0.069990 -0.994637 -0.076145
vn -0.075058 -0.994637 -0.071154
vn -0.110415 -0.002505 -0.993882
vn 0.993762 -0.000003 -0.111520
vn 0.041818 -0.000003 -0.999125
vn 0.041788 0.002983 -0.999122
vn 0.993764 0.002861 -0.111467
vn 0.110368 0.002983 0.993886
vn 0.075058 0.994637 0.071154
vn -0.069990 0.994637 0.076145
vn -0.041788 0.002983 0.999122
vn 0.075058 0.994637 0.071154
vn 0.999076 0.002861 0.042892
vn 0.993764 0.002861 -0.111467
vn 0.069990 0.994637 -0.076145
vn 0.069990 0.994637 -0.076145
vn 0.041788 0.002983 -0.999122
vn -0.110368 0.002983 -0.993886
vn -0.075058 0.994637 -0.071154
vn -0.041788 0.002983 0.999122
vn -0.993764 0.002861 0.111466
vn -0.993762 -0.000003 0.111520
vn -0.041818 -0.000003 0.999125
vn -0.993764 0.002861 0.111466
vn -0.069990 0.994637 0.076145
vn -0.075058 0.994637 -0.071154
vn -0.999076 0.002861 -0.042891
vn -0.999076 0.002861 -0.042891
vn -0.110368 0.002983 -0.993886
vn -0.110398 -0.000003 -0.993887
vn -0.999077 -0.000003 -0.042946
vn -0.069990 -0.994637 0.076145
vn -0.993760 -0.002402 0.111515
vn -0.999075 -0.002402 -0.042941
vn -0.075058 -0.994637 -0.071154
vn 0.999077 -0.000003 0.042946
vn 0.993762 -0.000003 -0.111520
vn 0.993764 0.002861 -0.111467
vn 0.999076 0.002861 0.042892
vn 0.075058 0.994637 0.071154
vn 0.069990 0.994637 -0.076145
vn -0.075058 0.994637 -0.071154
vn -0.069990 0.994637 0.076145
vn -0.993764 0.002861 0.111466
vn -0.999076 0.002861 -0.042891
vn -0.999077 -0.000003 -0.042946
vn -0.993762 -0.000003 0.111520
vn -0.069990 -0.994637 0.076145
vn -0.075058 -0.994637 -0.071154
vn 0.069990 -0.994637 -0.076145
vn 0.075058 -0.994637 0.071154
vn 0.041818 -0.000003 -0.999125
vn -0.110398 -0.000003 -0.993887
vn -0.110368 0.002983 -0.993886
vn 0.041788 0.002983 -0.999122
vn -0.041818 -0.000003 0.999125
vn 0.110398 -0.000003 0.993887
vn 0.110368 0.002983 0.993886
vn -0.041788 0.002983 0.999122
vn 0.075058 -0.994637 0.071154
vn 0.999075 -0.002402 0.042941
vn 0.110415 -0.002505 0.993882
vn 0.041835 -0.002505 -0.999121
vn 0.993760 -0.002402 -0.111515
vn 0.069990 -0.994637 -0.076145
vn 0.110368 0.002983 0.993886
vn 0.999076 0.002861 0.042892
vn 0.075058 0.994637 0.071154
vn 0.069990 0.994637 -0.076145
vn 0.993764 0.002861 -0.111467
vn 0.041788 0.002983 -0.999122
vn -0.041788 0.002983 0.999122
vn -0.069990 0.994637 0.076145
vn -0.993764 0.002861 0.111466
vn -0.999076 0.002861 -0.042891
vn -0.075058 0.994637 -0.071154
vn -0.110368 0.002983 -0.993886
vn -0.041835 -0.002505 0.999121
vn -0.993760 -0.002402 0.111515
vn -0.069990 -0.994637 0.076145
vn -0.075058 -0.994637 -0.071154
vn -0.999075 -0.002402 -0.042941
vn -0.110415 -0.002505 -0.993882
vn 0.999075 -0.002402 0.042941
vn 0.993760 -0.002402 -0.111515
vn 0.993762 -0.000003 -0.111520
vn 0.999077 -0.000003 0.042946
vn 0.993760 -0.002402 -0.111515
vn 0.041835 -0.002505 -0.999121
vn 0.041818 -0.000003 -0.999125
vn 0.993762 -0.000003 -0.111520
vn 0.041835 -0.002505 -0.999121
vn -0.110415 -0.002505 -0.993882
vn -0.110398 -0.000003 -0.993887
vn 0.041818 -0.000003 -0.999125
vn -0.999077 -0.000003 -0.042946
vn -0.110398 -0.000003 -0.993887
vn -0.110415 -0.002505 -0.993882
vn -0.999075 -0.002402 -0.042941
vn -0.993762 -0.000003 0.111520
vn -0.999077 -0.000003 -0.042946
vn -0.999075 -0.002402 -0.042941
vn -0.993760 -0.002402 0.111515
vn -0.041818 -0.000003 0.999125
vn -0.993762 -0.000003 0.111520
vn -0.993760 -0.002402 0.111515
vn -0.041835 -0.002505 0.999121
vn -0.041835 -0.002505 0.999121
vn 0.110415 -0.002505 0.993882
vn 0.110398 -0.000003 0.993887
vn -0.041818 -0.000003 0.999125
vn 0.110415 -0.002505 0.993882
vn 0.999075 -0.002402 0.042941
vn 0.999077 -0.000003 0.042946
vn 0.110398 -0.000003 0.993887
vn 0.075058 -0.994637 0.071154
vn 0.110415 -0.002505 0.993882
vn -0.041835 -0.002505 0.999121
vn -0.069990 -0.994637 0.076145
vn 0.999075 -0.002402 0.042941
vn 0.075058 -0.994637 0.071154
vn 0.069990 -0.994637 -0.076145
vn 0.993760 -0.002402 -0.111515
vn 0.110398 -0.000003 0.993887
vn 0.999077 -0.000003 0.042946
vn 0.999076 0.002861 0.042892
vn 0.110368 0.002983 0.993886
vn 0.041835 -0.002505 -0.999121
vn 0.069990 -0.994637 -0.076145
vn -0.075058 -0.994637 -0.071154
vn -0.110415 -0.002505 -0.993882
vn 0.993762 -0.000003 -0.111520
vn 0.041818 -0.000003 -0.999125
vn 0.041788 0.002983 -0.999122
vn 0.993764 0.002861 -0.111467
vn 0.110368 0.002983 0.993886
vn 0.075058 0.994637 0.071154
vn -0.069990 0.994637 0.076145
vn -0.041788 0.002983 0.999122
vn 0.075058 0.994637 0.071154
vn 0.999076 0.002861 0.042892
vn 0.993764 0.002861 -0.111467
vn 0.069990 0.994637 -0.076145
vn 0.069990 0.994637 -0.076145
vn 0.041788 0.002983 -0.999122
vn -0.110368 0.002983 -0.993886
vn -0.075058 0.994637 -0.071154
vn -0.041788 0.002983 0.999122
vn -0.993764 0.002861 0.111466
vn -0.993762 -0.000003 0.111520
vn -0.041818 -0.000003 0.999125
vn -0.993764 0.002861 0.111466
vn -0.069990 0.994637 0.076145
vn -0.075058 0.994637 -0.071154
vn -0.999076 0.002861 -0.042891
vn -0.999076 0.002861 -0.042891
vn -0.110368 0.002983 -0.993886
vn -0.110398 -0.000003 -0.993887
vn -0.999077 -0.000003 -0.042946
vn -0.069990 -0.994637 0.076145
vn -0.993760 -0.002402 0.111515
vn -0.999075 -0.002402 -0.042941
vn -0.075058 -0.994637 -0.071154
vn 0.999077 -0.000003 0.042946
vn 0.993762 -0.000003 -0.111520
vn 0.993764 0.002861 -0.111467
vn 0.999076 0.002861 0.042892
vn 0.075058 0.994637 0.071154
vn 0.069990 0.994637 -0.076145
vn -0.075058 0.994637 -0.071154
vn -0.069990 0.994637 0.076145
vn -0.993764 0.002861 0.111466
vn -0.999076 0.002861 -0.042891
vn -0.999077 -0.000003 -0.042946
vn -0.993762 -0.000003 0.111520
vn -0.069990 -0.994637 0.076145
vn -0.075058 -0.994637 -0.071154
vn 0.069990 -0.994637 -0.076145
vn 0.075058 -0.994637 0.071154
vn 0.041818 -0.000003 -0.999125
vn -0.110398 -0.000003 -0.993887
vn -0.110368 0.002983 -0.993886
vn 0.041788 0.002983 -0.999122
vn -0.041818 -0.000003 0.999125
vn 0.110398 -0.000003 0.993887
vn 0.110368 0.002983 0.993886
vn -0.041788 0.002983 0.999122
vn 0.075058 -0.994637 0.071154
vn 0.999075 -0.002402 0.042941
vn 0.110415 -0.002505 0.993882
vn 0.041835 -0.002505 -0.999121
vn 0.993760 -0.002402 -0.111515
vn 0.069990 -0.994637 -0.076145
vn 0.110368 0.002983 0.993886
vn 0.999076 0.002861 0.042892
vn 0.075058 0.994637 0.071154
vn 0.069990 0.994637 -0.076145
vn 0.993764 0.002861 -0.111467
vn 0.041788 0.002983 -0.999122
vn -0.041788 0.002983 0.999122
vn -0.069990 0.994637 0.076145
vn -0.993764 0.002861 0.111466
vn -0.999076 0.002861 -0.042891
vn -0.075058 0.994637 -0.071154
vn -0.110368 0.002983 -0.993886
vn -0.041835 -0.002505 0.999121
vn -0.993760 -0.002402 0.111515
vn -0.069990 -0.994637 0.076145
vn -0.075058 -0.994637 -0.071154
vn -0.999075 -0.002402 -0.042941
vn -0.110415 -0.002505 -0.993882
vn 0.999075 -0.002402 0.042941
vn 0.993760 -0.002402 -0.111515
vn 0.993762 -0.000003 -0.111520
vn 0.999077 -0.000003 0.042946
vn 0.993760 -0.002402 -0.111515
vn 0.041835 -0.002505 -0.999121
vn 0.041818 -0.000003 -0.999125
vn 0.993762 -0.000003 -0.111520
vn 0.041835 -0.002505 -0.999121
vn -0.110415 -0.002505 -0.993882
vn -0.110398 -0.000003 -0.993887
vn 0.041818 -0.000003 -0.999125
vn -0.999077 -0.000003 -0.042946
vn -0.110398 -0.000003 -0.993887
vn -0.110415 -0.002505 -0.993882
vn -0.999075 -0.002402 -0.042941
vn -0.993762 -0.000003 0.111520
vn -0.999077 -0.000003 -0.042946
vn -0.999075 -0.002402 -0.042941
vn -0.993760 -0.002402 0.111515
vn -0.041818 -0.000003 0.999125
vn -0.993762 -0.000003 0.111520
vn -0.993760 -0.002402 0.111515
vn -0.041835 -0.002505 0.999121
vn -0.041835 -0.002505 0.999121
vn 0.110415 -0.002505 0.993882
vn 0.110398 -0.000003 0.993887
vn -0.041818 -0.000003 0.999125
vn 0.110415 -0.002505 0.993882
vn 0.999075 -0.002402 0.042941
vn 0.999077 -0.000003 0.042946
vn 0.110398 -0.000003 0.993887
vn 0.110398 -0.000003 0.993887
vn 0.999077 -0.000003 0.042946
vn 0.999076 0.002861 0.042892
vn 0.110368 0.002983 0.993886
vn 0.993762 -0.000003 -0.111520
vn 0.041818 -0.000003 -0.999125
vn 0.041788 0.002983 -0.999122
vn 0.993764 0.002861 -0.111467
vn 0.110368 0.002983 0.993886
vn 0.075058 0.994637 0.071154
vn -0.069990 0.994637 0.076145
vn -0.041788 0.002983 0.999122
vn 0.075058 0.994637 0.071154
vn 0.999076 0.002861 0.042892
vn 0.993764 0.002861 -0.111467
vn 0.069990 0.994637 -0.076145
vn 0.069990 0.994637 -0.076145
vn 0.041788 0.002983 -0.999122
vn -0.110368 0.002983 -0.993886
vn -0.075058 0.994637 -0.071154
vn -0.041788 0.002983 0.999122
vn -0.993764 0.002861 0.111466
vn -0.993762 -0.000003 0.111520
vn -0.041818 -0.000003 0.999125
vn -0.993764 0.002861 0.111466
vn -0.069990 0.994637 0.076145
vn -0.075058 0.994637 -0.071154
vn -0.999076 0.002861 -0.042891
vn -0.999076 0.002861 -0.042891
vn -0.110368 0.002983 -0.993886
vn -0.110398 -0.000003 -0.993887
vn -0.999077 -0.000003 -0.042946
vn 0.999077 -0.000003 0.042946
vn 0.993762 -0.000003 -0.111520
vn 0.993764 0.002861 -0.111467
vn 0.999076 0.002861 0.042892
vn 0.075058 0.994637 0.071154
vn 0.069990 0.994637 -0.076145
vn -0.075058 0.994637 -0.071154
vn -0.069990 0.994637 0.076145
vn -0.993764 0.002861 0.111466
vn -0.999076 0.002861 -0.042891
vn -0.999077 -0.000003 -0.042946
vn -0.993762 -0.000003 0.111520
vn 0.041818 -0.000003 -0.999125
vn -0.110398 -0.000003 -0.993887
vn -0.110368 0.002983 -0.993886
vn 0.041788 0.002983 -0.999122
vn -0.041818 -0.000003 0.999125
vn 0.110398 -0.000003 0.993887
vn 0.110368 0.002983 0.993886
vn -0.041788 0.002983 0.999122
vn 0.110368 0.002983 0.993886
vn 0.999076 0.002861 0.042892
vn 0.075058 0.994637 0.071154
vn 0.069990 0.994637 -0.076145
vn 0.993764 0.002861 -0.111467
vn 0.041788 0.002983 -0.999122
vn -0.041788 0.002983 0.999122
vn -0.069990 0.994637 0.076145
vn -0.993764 0.002861 0.111466
vn -0.999076 0.002861 -0.042891
vn -0.075058 0.994637 -0.071154
vn -0.110368 0.002983 -0.993886
vn 0.110398 -0.000003 0.993887
vn 0.999077 -0.000003 0.042946
vn 0.999076 0.002861 0.042892
vn 0.110368 0.002983 0.993886
vn 0.993762 -0.000003 -0.111520
vn 0.041818 -0.000003 -0.999125
vn 0.041788 0.002983 -0.999122
vn 0.993764 0.002861 -0.111467
vn 0.110368 0.002983 0.993886
vn 0.075058 0.994637 0.071154
vn -0.069990 0.994637 0.076145
vn -0.041788 0.002983 0.999122
vn 0.075058 0.994637 0.071154
vn 0.999076 0.002861 0.042892
vn 0.993764 0.002861 -0.111467
vn 0.069990 0.994637 -0.076145
vn 0.069990 0.994637 -0.076145
vn 0.041788 0.002983 -0.999122
vn -0.110368 0.002983 -0.993886
vn -0.075058 0.994637 -0.071154
vn -0.041788 0.002983 0.999122
vn -0.993764 0.002861 0.111466
vn -0.993762 -0.000003 0.111520
vn -0.041818 -0.000003 0.999125
vn -0.993764 0.002861 0.111466
vn -0.069990 0.994637 0.076145
vn -0.075058 0.994637 -0.071154
vn -0.999076 0.002861 -0.042891
vn -0.999076 0.002861 -0.042891
vn -0.110368 0.002983 -0.993886
vn -0.110398 -0.000003 -0.993887
vn -0.999077 -0.000003 -0.042946
vn 0.999077 -0.000003 0.042946
vn 0.993762 -0.000003 -0.111520
vn 0.993764 0.002861 -0.111467
vn 0.999076 0.002861 0.042892
vn 0.075058 0.994637 0.071154
vn 0.069990 0.994637 -0.076145
vn -0.075058 0.994637 -0.071154
vn -0.069990 0.994637 0.076145
vn -0.993764 0.002861 0.111466
vn -0.999076 0.002861 -0.042891
vn -0.999077 -0.000003 -0.042946
vn -0.993762 -0.000003 0.111520
vn 0.041818 -0.000003 -0.999125
vn -0.110398 -0.000003 -0.993887
vn -0.110368 0.002983 -0.993886
vn 0.041788 0.002983 -0.999122
vn -0.041818 -0.000003 0.999125
vn 0.110398 -0.000003 0.993887
vn 0.110368 0.002983 0.993886
vn -0.041788 0.002983 0.999122
vn 0.110368 0.002983 0.993886
vn 0.999076 0.002861 0.042892
vn 0.075058 0.994637 0.071154
vn 0.069990 0.994637 -0.076145
vn 0.993764 0.002861 -0.111467
vn 0.041788 0.002983 -0.999122
vn -0.041788 0.002983 0.999122
vn -0.069990 0.994637 0.076145
vn -0.993764 0.002861 0.111466
vn -0.999076 0.002861 -0.042891
vn -0.075058 0.994637 -0.071154
vn -0.110368 0.002983 -0.993886
vn 0.075058 -0.994637 0.071154
vn 0.110415 -0.002505 0.993882
vn -0.041835 -0.002505 0.999121
vn -0.069990 -0.994637 0.076145
vn 0.999075 -0.002402 0.042941
vn 0.075058 -0.994637 0.071154
vn 0.069990 -0.994637 -0.076145
vn 0.993760 -0.002402 -0.111515
vn 0.110398 -0.000003 0.993887
vn 0.999077 -0.000003 0.042946
vn 0.999076 0.002861 0.042892
vn 0.110368 0.002983 0.993886
vn 0.041835 -0.002505 -0.999121
vn 0.069990 -0.994637 -0.076145
vn -0.075058 -0.994637 -0.071154
vn -0.110415 -0.002505 -0.993882
vn 0.993762 -0.000003 -0.111520
vn 0.041818 -0.000003 -0.999125
vn 0.041788 0.002983 -0.999122
vn 0.993764 0.002861 -0.111467
vn 0.110368 0.002983 0.993886
vn 0.075058 0.994637 0.071154
vn -0.069990 0.994637 0.076145
vn -0.041788 0.002983 0.999122
vn 0.075058 0.994637 0.071154
vn 0.999076 0.002861 0.042892
vn 0.993764 0.002861 -0.111467
vn 0.069990 0.994637 -0.076145
vn 0.069990 0.994637 -0.076145
vn 0.041788 0.002983 -0.999122
vn -0.110368 0.002983 -0.993886
vn -0.075058 0.994637 -0.071154
vn -0.041788 0.002983 0.999122
vn -0.993764 0.002861 0.111466
vn -0.993762 -0.000003 0.111520
vn -0.041818 -0.000003 0.999125
vn -0.993764 0.002861 0.111466
vn -0.069990 0.994637 0.076145
vn -0.075058 0.994637 -0.071154
vn -0.999076 0.002861 -0.042891
vn -0.999076 0.002861 -0.042891
vn -0.110368 0.002983 -0.993886
vn -0.110398 -0.000003 -0.993887
vn -0.999077 -0.000003 -0.042946
vn -0.069990 -0.994637 0.076145
vn -0.993760 -0.002402 0.111515
vn -0.999075 -0.002402 -0.042941
vn -0.075058 -0.994637 -0.071154
vn 0.999077 -0.000003 0.042946
vn 0.993762 -0.000003 -0.111520
vn 0.993764 0.002861 -0.111467
vn 0.999076 0.002861 0.042892
vn 0.075058 0.994637 0.071154
vn 0.069990 0.994637 -0.076145
vn -0.075058 0.994637 -0.071154
vn -0.069990 0.994637 0.076145
vn -0.993764 0.002861 0.111466
vn -0.999076 0.002861 -0.042891
vn -0.999077 -0.000003 -0.042946
vn -0.993762 -0.000003 0.111520
vn -0.069990 -0.994637 0.076145
vn -0.075058 -0.994637 -0.071154
vn 0.069990 -0.994637 -0.076145
vn 0.075058 -0.994637 0.071154
vn 0.041818 -0.000003 -0.999125
vn -0.110398 -0.000003 -0.993887
vn -0.110368 0.002983 -0.993886
vn 0.041788 0.002983 -0.999122
vn -0.041818 -0.000003 0.999125
vn 0.110398 -0.000003 0.993887
vn 0.110368 0.002983 0.993886
vn -0.041788 0.002983 0.999122
vn 0.075058 -0.994637 0.071154
vn 0.999075 -0.002402 0.042941
vn 0.110415 -0.002505 0.993882
vn 0.041835 -0.002505 -0.999121
vn 0.993760 -0.002402 -0.111515
vn 0.069990 -0.994637 -0.076145
vn 0.110368 0.002983 0.993886
vn 0.999076 0.002861 0.042892
vn 0.075058 0.994637 0.071154
vn 0.069990 0.994637 -0.076145
vn 0.993764 0.002861 -0.111467
vn 0.041788 0.002983 -0.999122
vn -0.041788 0.002983 0.999122
vn -0.069990 0.994637 0.076145
vn -0.993764 0.002861 0.111466
vn -0.999076 0.002861 -0.042891
vn -0.075058 0.994637 -0.071154
vn -0.110368 0.002983 -0.993886
vn -0.041835 -0.002505 0.999121
vn -0.993760 -0.002402 0.111515
vn -0.069990 -0.994637 0.076145
vn -0.075058 -0.994637 -0.071154
vn -0.999075 -0.002402 -0.042941
vn -0.110415 -0.002505 -0.993882
vn 0.999075 -0.002402 0.042941
vn 0.993760 -0.002402 -0.111515
vn 0.993762 -0.000003 -0.111520
vn 0.999077 -0.000003 0.042946
vn 0.993760 -0.002402 -0.111515
vn 0.041835 -0.002505 -0.999121
vn 0.041818 -0.000003 -0.999125
vn 0.993762 -0.000003 -0.111520
vn 0.041835 -0.002505 -0.999121
vn -0.110415 -0.002505 -0.993882
vn -0.110398 -0.000003 -0.993887
vn 0.041818 -0.000003 -0.999125
vn -0.999077 -0.000003 -0.042946
vn -0.110398 -0.000003 -0.993887
vn -0.110415 -0.002505 -0.993882
vn -0.999075 -0.002402 -0.042941
vn -0.993762 -0.000003 0.111520
vn -0.999077 -0.000003 -0.042946
vn -0.999075 -0.002402 -0.042941
vn -0.993760 -0.002402 0.111515
vn -0.041818 -0.000003 0.999125
vn -0.993762 -0.000003 0.111520
vn -0.993760 -0.002402 0.111515
vn -0.041835 -0.002505 0.999121
vn -0.041835 -0.002505 0.999121
vn 0.110415 -0.002505 0.993882
vn 0.110398 -0.000003 0.993887
vn -0.041818 -0.000003 0.999125
vn 0.110415 -0.002505 0.993882
vn 0.999075 -0.002402 0.042941
vn 0.999077 -0.000003 0.042946
vn 0.110398 -0.000003 0.993887
vn 0.075058 -0.994637 0.071154
vn 0.110415 -0.002505 0.993882
vn -0.041835 -0.002505 0.999121
vn -0.069990 -0.994637 0.076145
vn 0.999075 -0.002402 0.042941
vn 0.075058 -0.994637 0.071154
vn 0.069990 -0.994637 -0.076145
vn 0.993760 -0.002402 -0.111515
vn 0.110398 -0.000003 0.993887
vn 0.999077 -0.000003 0.042946
vn 0.999076 0.002861 0.042892
vn 0.110368 0.002983 0.993886
vn 0.041835 -0.002505 -0.999121
vn 0.069990 -0.994637 -0.076145
vn -0.075058 -0.994637 -0.071154
vn -0.110415 -0.002505 -0.993882
vn 0.993762 -0.000003 -0.111520
vn 0.041818 -0.000003 -0.999125
vn 0.041788 0.002983 -0.999122
vn 0.993764 0.002861 -0.111467
vn 0.110368 0.002983 0.993886
vn 0.075058 0.994637 0.071154
vn -0.069990 0.994637 0.076145
vn -0.041788 0.002983 0.999122
vn 0.075058 0.994637 0.071154
vn 0.999076 0.002861 0.042892
vn 0.993764 0.002861 -0.111467
vn 0.069990 0.994637 -0.076145
vn 0.069990 0.994637 -0.076145
vn 0.041788 0.002983 -0.999122
vn -0.110368 0.002983 -0.993886
vn -0.075058 0.994637 -0.071154
vn -0.041788 0.002983 0.999122
vn -0.993764 0.002861 0.111466
vn -0.993762 -0.000003 0.111520
vn -0.041818 -0.000003 0.999125
vn -0.993764 0.002861 0.111466
vn -0.069990 0.994637 0.076145
vn -0.075058 0.994637 -0.071154
vn -0.999076 0.002861 -0.042891
vn -0.999076 0.002861 -0.042891
vn -0.110368 0.002983 -0.993886
vn -0.110398 -0.000003 -0.993887
vn -0.999077 -0.000003 -0.042946
vn -0.069990 -0.994637 0.076145
vn -0.993760 -0.002402 0.111515
vn -0.999075 -0.002402 -0.042941
vn -0.075058 -0.994637 -0.071154
vn 0.999077 -0.000003 0.042946
vn 0.993762 -0.000003 -0.111520
vn 0.993764 0.002861 -0.111467
vn 0.999076 0.002861 0.042892
vn 0.075058 0.994637 0.071154
vn 0.069990 0.994637 -0.076145
vn -0.075058 0.994637 -0.071154
vn -0.069990 0.994637 0.076145
vn -0.993764 0.002861 0.111466
vn -0.999076 0.002861 -0.042891
vn -0.999077 -0.000003 -0.042946
vn -0.993762 -0.000003 0.111520
vn -0.069990 -0.994637 0.076145
vn -0.075058 -0.994637 -0.071154
vn 0.069990 -0.994637 -0.076145
vn 0.075058 -0.994637 0.071154
vn 0.041818 -0.000003 -0.999125
vn -0.110398 -0.000003 -0.993887
vn -0.110368 0.002983 -0.993886
vn 0.041788 0.002983 -0.999122
vn -0.041818 -0.000003 0.999125
vn 0.110398 -0.000003 0.993887
vn 0.110368 0.002983 0.993886
vn -0.041788 0.002983 0.999122
vn 0.075058 -0.994637 0.071154
vn 0.999075 -0.002402 0.042941
vn 0.110415 -0.002505 0.993882
vn 0.041835 -0.002505 -0.999121
vn 0.993760 -0.002402 -0.111515
vn 0.069990 -0.994637 -0.076145
vn 0.110368 0.002983 0.993886
vn 0.999076 0.002861 0.042892
vn 0.075058 0.994637 0.071154
vn 0.069990 0.994637 -0.076145
vn 0.993764 0.002861 -0.111467
vn 0.041788 0.002983 -0.999122
vn -0.041788 0.002983 0.999122
vn -0.069990 0.994637 0.076145
vn -0.993764 0.002861 0.111466
vn -0.999076 0.002861 -0.042891
vn -0.075058 0.994637 -0.071154
vn -0.110368 0.002983 -0.993886
vn -0.041835 -0.002505 0.999121
vn -0.993760 -0.002402 0.111515
vn -0.069990 -0.994637 0.076145
vn -0.075058 -0.994637 -0.071154
vn -0.999075 -0.002402 -0.042941
vn -0.110415 -0.002505 -0.993882
vn 0.999075 -0.002402 0.042941
vn 0.993760 -0.002402 -0.111515
vn 0.993762 -0.000003 -0.111520
vn 0.999077 -0.000003 0.042946
vn 0.993760 -0.002402 -0.111515
vn 0.041835 -0.002505 -0.999121
vn 0.041818 -0.000003 -0.999125
vn 0.993762 -0.000003 -0.111520
vn 0.041835 -0.002505 -0.999121
vn -0.110415 -0.002505 -0.993882
vn -0.110398 -0.000003 -0.993887
vn 0.041818 -0.000003 -0.999125
vn -0.999077 -0.000003 -0.042946
vn -0.110398 -0.000003 -0.993887
vn -0.110415 -0.002505 -0.993882
vn -0.999075 -0.002402 -0.042941
vn -0.993762 -0.000003 0.111520
vn -0.999077 -0.000003 -0.042946
vn -0.999075 -0.002402 -0.042941
vn -0.993760 -0.002402 0.111515
vn -0.041818 -0.000003 0.999125
vn -0.993762 -0.000003 0.111520
vn -0.993760 -0.002402 0.111515
vn -0.041835 -0.002505 0.999121
vn -0.041835 -0.002505 0.999121
vn 0.110415 -0.002505 0.993882
vn 0.110398 -0.000003 0.993887
vn -0.041818 -0.000003 0.999125
vn 0.110415 -0.002505 0.993882
vn 0.999075 -0.002402 0.042941
vn 0.999077 -0.000003 0.042946
vn 0.110398 -0.000003 0.993887
vn 0.075058 -0.994637 0.071154
vn 0.110415 -0.002505 0.993882
vn -0.041835 -0.002505 0.999121
vn -0.069990 -0.994637 0.076145
vn 0.999075 -0.002402 0.042941
vn 0.075058 -0.994637 0.071154
vn 0.069990 -0.994637 -0.076145
vn 0.993760 -0.002402 -0.111515
vn 0.110398 -0.000003 0.993887
vn 0.999077 -0.000003 0.042946
vn 0.999076 0.002861 0.042892
vn 0.110368 0.002983 0.993886
vn 0.041835 -0.002505 -0.999121
vn 0.069990 -0.994637 -0.076145
vn -0.075058 -0.994637 -0.071154
vn -0.110415 -0.002505 -0.993882
vn 0.993762 -0.000003 -0.111520
vn 0.041818 -0.000003 -0.999125
vn 0.041788 0.002983 -0.999122
vn 0.993764 0.002861 -0.111467
vn 0.110368 0.002983 0.993886
vn 0.075058 0.994637 0.071154
vn -0.069990 0.994637 0.076145
vn -0.041788 0.002983 0.999122
vn 0.075058 0.994637 0.071154
vn 0.999076 0.002861 0.042892
vn 0.993764 0.002861 -0.111467
vn 0.069990 0.994637 -0.076145
vn 0.069990 0.994637 -0.076145
vn 0.041788 0.002983 -0.999122
vn -0.110368 0.002983 -0.993886
vn -0.075058 0.994637 -0.071154
vn -0.041788 0.002983 0.999122
vn -0.993764 0.002861 0.111466
vn -0.993762 -0.000003 0.111520
vn -0.041818 -0.000003 0.999125
vn -0.993764 0.002861 0.111466
vn -0.069990 0.994637 0.076145
vn -0.075058 0.994637 -0.071154
vn -0.999076 0.002861 -0.042891
vn -0.999076 0.002861 -0.042891
vn -0.110368 0.002983 -0.993886
vn -0.110398 -0.000003 -0.993887
vn -0.999077 -0.000003 -0.042946
vn -0.069990 -0.994637 0.076145
vn -0.993760 -0.002402 0.111515
vn -0.999075 -0.002402 -0.042941
vn -0.075058 -0.994637 -0.071154
vn 0.999077 -0.000003 0.042946
vn 0.993762 -0.000003 -0.111520
vn 0.993764 0.002861 -0.111467
vn 0.999076 0.002861 0.042892
vn 0.075058 0.994637 0.071154
vn 0.069990 0.994637 -0.076145
vn -0.075058 0.994637 -0.071154
vn -0.069990 0.994637 0.076145
vn -0.993764 0.002861 0.111466
vn -0.999076 0.002861 -0.042891
vn -0.999077 -0.000003 -0.042946
vn -0.993762 -0.000003 0.111520
vn -0.069990 -0.994637 0.076145
vn -0.075058 -0.994637 -0.071154
vn 0.069990 -0.994637 -0.076145
vn 0.075058 -0.994637 0.071154
vn 0.041818 -0.000003 -0.999125
vn -0.110398 -0.000003 -0.993887
vn -0.110368 0.002983 -0.993886
vn 0.041788 0.002983 -0.999122
vn -0.041818 -0.000003 0.999125
vn 0.110398 -0.000003 0.993887
vn 0.110368 0.002983 0.993886
vn -0.041788 0.002983 0.999122
vn 0.075058 -0.994637 0.071154
vn 0.999075 -0.002402 0.042941
vn 0.110415 -0.002505 0.993882
vn 0.041835 -0.002505 -0.999121
vn 0.993760 -0.002402 -0.111515
vn 0.069990 -0.994637 -0.076145
vn 0.110368 0.002983 0.993886
vn 0.999076 0.002861 0.042892
vn 0.075058 0.994637 0.071154
vn 0.069990 0.994637 -0.076145
vn 0.993764 0.002861 -0.111467
vn 0.041788 0.002983 -0.999122
vn -0.041788 0.002983 0.999122
vn -0.069990 0.994637 0.076145
vn -0.993764 0.002861 0.111466
vn -0.999076 0.002861 -0.042891
vn -0.075058 0.994637 -0.071154
vn -0.110368 0.002983 -0.993886
vn -0.041835 -0.002505 0.999121
vn -0.993760 -0.002402 0.111515
vn -0.069990 -0.994637 0.076145
vn -0.075058 -0.994637 -0.071154
vn -0.999075 -0.002402 -0.042941
vn -0.110415 -0.002505 -0.993882
vn 0.999075 -0.002402 0.042941
vn 0.993760 -0.002402 -0.111515
vn 0.993762 -0.000003 -0.111520
vn 0.999077 -0.000003 0.042946
vn 0.993760 -0.002402 -0.111515
vn 0.041835 -0.002505 -0.999121
vn 0.041818 -0.000003 -0.999125
vn 0.993762 -0.000003 -0.111520
vn 0.041835 -0.002505 -0.999121
vn -0.110415 -0.002505 -0.993882
vn -0.110398 -0.000003 -0.993887
vn 0.041818 -0.000003 -0.999125
vn -0.999077 -0.000003 -0.042946
vn -0.110398 -0.000003 -0.993887
vn -0.110415 -0.002505 -0.993882
vn -0.999075 -0.002402 -0.042941
vn -0.993762 -0.000003 0.111520
vn -0.999077 -0.000003 -0.042946
vn -0.999075 -0.002402 -0.042941
vn -0.993760 -0.002402 0.111515
vn -0.041818 -0.000003 0.999125
vn -0.993762 -0.000003 0.111520
vn -0.993760 -0.002402 0.111515
vn -0.041835 -0.002505 0.999121
vn -0.041835 -0.002505 0.999121
vn 0.110415 -0.002505 0.993882
vn 0.110398 -0.000003 0.993887
vn -0.041818 -0.000003 0.999125
vn 0.110415 -0.002505 0.993882
vn 0.999075 -0.002402 0.042941
vn 0.999077 -0.000003 0.042946
vn 0.110398 -0.000003 0.993887
vn 0.110398 -0.000003 0.993887
vn 0.999077 -0.000003 0.042946
vn 0.999076 0.002861 0.042892
vn 0.110368 0.002983 0.993886
vn 0.993762 -0.000003 -0.111520
vn 0.041818 -0.000003 -0.999125
vn 0.041788 0.002983 -0.999122
vn 0.993764 0.002861 -0.111467
vn 0.110368 0.002983 0.993886
vn 0.075058 0.994637 0.071154
vn -0.069990 0.994637 0.076145
vn -0.041788 0.002983 0.999122
vn 0.075058 0.994637 0.071154
vn 0.999076 0.002861 0.042892
vn 0.993764 0.002861 -0.111467
vn 0.069990 0.994637 -0.076145
vn 0.069990 0.994637 -0.076145
vn 0.041788 0.002983 -0.999122
vn -0.110368 0.002983 -0.993886
vn -0.075058 0.994637 -0.071154
vn -0.041788 0.002983 0.999122
vn -0.993764 0.002861 0.111466
vn -0.993762 -0.000003 0.111520
vn -0.041818 -0.000003 0.999125
vn -0.993764 0.002861 0.111466
vn -0.069990 0.994637 0.076145
vn -0.075058 0.994637 -0.071154
vn -0.999076 0.002861 -0.042891
vn -0.999076 0.002861 -0.042891
vn -0.110368 0.002983 -0.993886
vn -0.110398 -0.000003 -0.993887
vn -0.999077 -0.000003 -0.042946
vn 0.999077 -0.000003 0.042946
vn 0.993762 -0.000003 -0.111520
vn 0.993764 0.002861 -0.111467
vn 0.999076 0.002861 0.042892
vn 0.075058 0.994637 0.071154
vn 0.069990 0.994637 -0.076145
vn -0.075058 0.994637 -0.071154
vn -0.069990 0.994637 0.076145
vn -0.993764 0.002861 0.111466
vn -0.999076 0.002861 -0.042891
vn -0.999077 -0.000003 -0.042946
vn -0.993762 -0.000003 0.111520
vn 0.041818 -0.000003 -0.999125
vn -0.110398 -0.000003 -0.993887
vn -0.110368 0.002983 -0.993886
vn 0.041788 0.002983 -0.999122
vn -0.041818 -0.000003 0.999125
vn 0.110398 -0.000003 0.993887
vn 0.110368 0.002983 0.993886
vn -0.041788 0.002983 0.999122
vn 0.110368 0.002983 0.993886
vn 0.999076 0.002861 0.042892
vn 0.075058 0.994637 0.071154
vn 0.069990 0.994637 -0.076145
vn 0.993764 0.002861 -0.111467
vn 0.041788 0.002983 -0.999122
vn -0.041788 0.002983 0.999122
vn -0.069990 0.994637 0.076145
vn -0.993764 0.002861 0.111466
vn -0.999076 0.002861 -0.042891
vn -0.075058 0.994637 -0.071154
vn -0.110368 0.002983 -0.993886
vn 0.110398 -0.000003 0.993887
vn 0.999077 -0.000003 0.042946
vn 0.999076 0.002861 0.042892
vn 0.110368 0.002983 0.993886
vn 0.993762 -0.000003 -0.111520
vn 0.041818 -0.000003 -0.999125
vn 0.041788 0.002983 -0.999122
vn 0.993764 0.002861 -0.111467
vn 0.110368 0.002983 0.993886
vn 0.075058 0.994637 0.071154
vn -0.069990 0.994637 0.076145
vn -0.041788 0.002983 0.999122
vn 0.075058 0.994637 0.071154
vn 0.999076 0.002861 0.042892
vn 0.993764 0.002861 -0.111467
vn 0.069990 0.994637 -0.076145
vn 0.069990 0.994637 -0.076145
vn 0.041788 0.002983 -0.999122
vn -0.110368 0.002983 -0.993886
vn -0.075058 0.994637 -0.071154
vn -0.041788 0.002983 0.999122
vn -0.993764 0.002861 0.111466
vn -0.993762 -0.000003 0.111520
vn -0.041818 -0.000003 0.999125
vn -0.993764 0.002861 0.111466
vn -0.069990 0.994637 0.076145
vn -0.075058 0.994637 -0.071154
vn -0.999076 0.002861 -0.042891
vn -0.999076 0.002861 -0.042891
vn -0.110368 0.002983 -0.993886
vn -0.110398 -0.000003 -0.993887
vn -0.999077 -0.000003 -0.042946
vn 0.999077 -0.000003 0.042946
vn 0.993762 -0.000003 -0.111520
vn 0.993764 0.002861 -0.111467
vn 0.999076 0.002861 0.042892
vn 0.075058 0.994637 0.071154
vn 0.069990 0.994637 -0.076145
vn -0.075058 0.994637 -0.071154
vn -0.069990 0.994637 0.076145
vn -0.993764 0.002861 0.111466
vn -0.999076 0.002861 -0.042891
vn -0.999077 -0.000003 -0.042946
vn -0.993762 -0.000003 0.111520
vn 0.041818 -0.000003 -0.999125
vn -0.110398 -0.000003 -0.993887
vn -0.110368 0.002983 -0.993886
vn 0.041788 0.002983 -0.999122
vn -0.041818 -0.000003 0.999125
vn 0.110398 -0.000003 0.993887
vn 0.110368 0.002983 0.993886
vn -0.041788 0.002983 0.999122
vn 0.110368 0.002983 0.993886
vn 0.999076 0.002861 0.042892
vn 0.075058 0.994637 0.071154
vn 0.069990 0.994637 -0.076145
vn 0.993764 0.002861 -0.111467
vn 0.041788 0.002983 -0.999122
vn -0.041788 0.002983 0.999122
vn -0.069990 0.994637 0.076145
vn -0.993764 0.002861 0.111466
vn -0.999076 0.002861 -0.042891
vn -0.075058 0.994637 -0.071154
vn -0.110368 0.002983 -0.993886
vn -0.073693 -0.994637 0.072567
vn -0.997092 -0.002505 0.076170
vn -0.997092 -0.002505 -0.076170
vn -0.073693 -0.994637 -0.072567
vn -0.077274 -0.002402 0.997007
vn -0.073693 -0.994637 0.072567
vn 0.073693 -0.994637 0.072567
vn 0.077274 -0.002402 0.997007
vn -0.997096 -0.000003 0.076153
vn -0.077279 -0.000003 0.997010
vn -0.077225 0.002861 0.997010
vn -0.997094 0.002983 0.076123
vn 0.997092 -0.002505 0.076170
vn 0.073693 -0.994637 0.072567
vn 0.073693 -0.994637 -0.072567
vn 0.997092 -0.002505 -0.076170
vn 0.077279 -0.000003 0.997010
vn 0.997096 -0.000003 0.076153
vn 0.997094 0.002983 0.076123
vn 0.077225 0.002861 0.997010
vn -0.997094 0.002983 0.076123
vn -0.073693 0.994637 0.072567
vn -0.073693 0.994637 -0.072567
vn -0.997094 0.002983 -0.076123
vn -0.073693 0.994637 0.072567
vn -0.077225 0.002861 0.997010
vn 0.077225 0.002861 0.997010
vn 0.073693 0.994637 0.072567
vn 0.073693 0.994637 0.072567
vn 0.997094 0.002983 0.076123
vn 0.997094 0.002983 -0.076123
vn 0.073693 0.994637 -0.072567
vn -0.997094 0.002983 -0.076123
vn -0.077224 0.002861 -0.997010
vn -0.077279 -0.000003 -0.997010
vn -0.997096 -0.000003 -0.076153
vn -0.077224 0.002861 -0.997010
vn -0.073693 0.994637 -0.072567
vn 0.073693 0.994637 -0.072567
vn 0.077224 0.002861 -0.997010
vn 0.077224 0.002861 -0.997010
vn 0.997094 0.002983 -0.076123
vn 0.997096 -0.000003 -0.076153
vn 0.077279 -0.000003 -0.997010
vn -0.073693 -0.994637 -0.072567
vn -0.077274 -0.002402 -0.997007
vn 0.077274 -0.002402 -0.997007
vn 0.073693 -0.994637 -0.072567
vn -0.077279 -0.000003 0.997010
vn 0.077279 -0.000003 0.997010
vn 0.077225 0.002861 0.997010
vn -0.077225 0.002861 0.997010
vn -0.073693 0.994637 0.072567
vn 0.073693 0.994637 0.072567
vn 0.073693 0.994637 -0.072567
vn -0.073693 0.994637 -0.072567
vn -0.077224 0.002861 -0.997010
vn 0.077224 0.002861 -0.997010
vn 0.077279 -0.000003 -0.997010
vn -0.077279 -0.000003 -0.997010
vn -0.073693 -0.994637 -0.072567
vn 0.073693 -0.994637 -0.072567
vn 0.073693 -0.994637 0.072567
vn -0.073693 -0.994637 0.072567
vn 0.997096 -0.000003 0.076153
vn 0.997096 -0.000003 -0.076153
vn 0.997094 0.002983 -0.076123
vn 0.997094 0.002983 0.076123
vn -0.997096 -0.000003 -0.076153
vn -0.997096 -0.000003 0.076153
vn -0.997094 0.002983 0.076123
vn -0.997094 0.002983 -0.076123
vn -0.073693 -0.994637 0.072567
vn -0.077274 -0.002402 0.997007
vn -0.997092 -0.002505 0.076170
vn 0.997092 -0.002505 0.076170
vn 0.077274 -0.002402 0.997007
vn 0.073693 -0.994637 0.072567
vn -0.997094 0.002983 0.076123
vn -0.077225 0.002861 0.997010
vn -0.073693 0.994637 0.072567
vn 0.073693 0.994637 0.072567
vn 0.077225 0.002861 0.997010
vn 0.997094 0.002983 0.076123
vn -0.997094 0.002983 -0.076123
vn -0.073693 0.994637 -0.072567
vn -0.077224 0.002861 -0.997010
vn 0.077224 0.002861 -0.997010
vn 0.073693 0.994637 -0.072567
vn 0.997094 0.002983 -0.076123
vn -0.997092 -0.002505 -0.076170
vn -0.077274 -0.002402 -0.997007
vn -0.073693 -0.994637 -0.072567
vn 0.073693 -0.994637 -0.072567
vn 0.077274 -0.002402 -0.997007
vn 0.997092 -0.002505 -0.076170
vn -0.077274 -0.002402 0.997007
vn 0.077274 -0.002402 0.997007
vn 0.077279 -0.000003 0.997010
vn -0.077279 -0.000003 0.997010
vn 0.077274 -0.002402 0.997007
vn 0.997092 -0.002505 0.076170
vn 0.997096 -0.000003 0.076153
vn 0.077279 -0.000003 0.997010
vn 0.997092 -0.002505 0.076170
vn 0.997092 -0.002505 -0.076170
vn 0.997096 -0.000003 -0.076153
vn 0.997096 -0.000003 0.076153
vn 0.077279 -0.000003 -0.997010
vn 0.997096 -0.000003 -0.076153
vn 0.997092 -0.002505 -0.076170
vn 0.077274 -0.002402 -0.997007
vn -0.077279 -0.000003 -0.997010
vn 0.077279 -0.000003 -0.997010
vn 0.077274 -0.002402 -0.997007
vn -0.077274 -0.002402 -0.997007
vn -0.997096 -0.000003 -0.076153
vn -0.077279 -0.000003 -0.997010
vn -0.077274 -0.002402 -0.997007
vn -0.997092 -0.002505 -0.076170
vn -0.997092 -0.002505 -0.076170
vn -0.997092 -0.002505 0.076170
vn -0.997096 -0.000003 0.076153
vn -0.997096 -0.000003 -0.076153
vn -0.997092 -0.002505 0.076170
vn -0.077274 -0.002402 0.997007
vn -0.077279 -0.000003 0.997010
vn -0.997096 -0.000003 0.076153
vn -0.073693 -0.994637 0.072567
vn -0.997092 -0.002505 0.076170
vn -0.997092 -0.002505 -0.076170
vn -0.073693 -0.994637 -0.072567
vn -0.077274 -0.002402 0.997007
vn -0.073693 -0.994637 0.072567
vn 0.073693 -0.994637 0.072567
vn 0.077274 -0.002402 0.997007
vn -0.997096 -0.000003 0.076153
vn -0.077279 -0.000003 0.997010
vn -0.077225 0.002861 0.997010
vn -0.997094 0.002983 0.076123
vn 0.997092 -0.002505 0.076170
vn 0.073693 -0.994637 0.072567
vn 0.073693 -0.994637 -0.072567
vn 0.997092 -0.002505 -0.076170
vn 0.077279 -0.000003 0.997010
vn 0.997096 -0.000003 0.076153
vn 0.997094 0.002983 0.076123
vn 0.077225 0.002861 0.997010
vn -0.997094 0.002983 0.076123
vn -0.073693 0.994637 0.072567
vn -0.073693 0.994637 -0.072567
vn -0.997094 0.002983 -0.076123
vn -0.073693 0.994637 0.072567
vn -0.077225 0.002861 0.997010
vn 0.077225 0.002861 0.997010
vn 0.073693 0.994637 0.072567
vn 0.073693 0.994637 0.072567
vn 0.997094 0.002983 0.076123
vn 0.997094 0.002983 -0.076123
vn 0.073693 0.994637 -0.072567
vn -0.997094 0.002983 -0.076123
vn -0.077224 0.002861 -0.997010
vn -0.077279 -0.000003 -0.997010
vn -0.997096 -0.000003 -0.076153
vn -0.077224 0.002861 -0.997010
vn -0.073693 0.994637 -0.072567
vn 0.073693 0.994637 -0.072567
vn 0.077224 0.002861 -0.997010
vn 0.077224 0.002861 -0.997010
vn 0.997094 0.002983 -0.076123
vn 0.997096 -0.000003 -0.076153
vn 0.077279 -0.000003 -0.997010
vn -0.073693 -0.994637 -0.072567
vn -0.077274 -0.002402 -0.997007
vn 0.077274 -0.002402 -0.997007
vn 0.073693 -0.994637 -0.072567
vn -0.077279 -0.000003 0.997010
vn 0.077279 -0.000003 0.997010
vn 0.077225 0.002861 0.997010
vn -0.077225 0.002861 0.997010
vn -0.073693 0.994637 0.072567
vn 0.073693 0.994637 0.072567
vn 0.073693 0.994637 -0.072567
vn -0.073693 0.994637 -0.072567
vn -0.077224 0.002861 -0.997010
vn 0.077224 0.002861 -0.997010
vn 0.077279 -0.000003 -0.997010
vn -0.077279 -0.000003 -0.997010
vn -0.073693 -0.994637 -0.072567
vn 0.073693 -0.994637 -0.072567
vn 0.073693 -0.994637 0.072567
vn -0.073693 -0.994637 0.072567
vn 0.997096 -0.000003 0.076153
vn 0.997096 -0.000003 -0.076153
vn 0.997094 0.002983 -0.076123
vn 0.997094 0.002983 0.076123
vn -0.997096 -0.000003 -0.076153
vn -0.997096 -0.000003 0.076153
vn -0.997094 0.002983 0.076123
vn -0.997094 0.002983 -0.076123
vn -0.073693 -0.994637 0.072567
vn -0.077274 -0.002402 0.997007
vn -0.997092 -0.002505 0.076170
vn 0.997092 -0.002505 0.076170
vn 0.077274 -0.002402 0.997007
vn 0.073693 -0.994637 0.072567
vn -0.997094 0.002983 0.076123
vn -0.077225 0.002861 0.997010
vn -0.073693 0.994637 0.072567
vn 0.073693 0.994637 0.072567
vn 0.077225 0.002861 0.997010
vn 0.997094 0.002983 0.076123
vn -0.997094 0.002983 -0.076123
vn -0.073693 0.994637 -0.072567
vn -0.077224 0.002861 -0.997010
vn 0.077224 0.002861 -0.997010
vn 0.073693 0.994637 -0.072567
vn 0.997094 0.002983 -0.076123
vn -0.997092 -0.002505 -0.076170
vn -0.077274 -0.002402 -0.997007
vn -0.073693 -0.994637 -0.072567
vn 0.073693 -0.994637 -0.072567
vn 0.077274 -0.002402 -0.997007
vn 0.997092 -0.002505 -0.076170
vn -0.077274 -0.002402 0.997007
vn 0.077274 -0.002402 0.997007
vn 0.077279 -0.000003 0.997010
vn -0.077279 -0.000003 0.997010
vn 0.077274 -0.002402 0.997007
vn 0.997092 -0.002505 0.076170
vn 0.997096 -0.000003 0.076153
vn 0.077279 -0.000003 0.997010
vn 0.997092 -0.002505 0.076170
vn 0.997092 -0.002505 -0.076170
vn 0.997096 -0.000003 -0.076153
vn 0.997096 -0.000003 0.076153
vn 0.077279 -0.000003 -0.997010
vn 0.997096 -0.000003 -0.076153
vn 0.997092 -0.002505 -0.076170
vn 0.077274 -0.002402 -0.997007
vn -0.077279 -0.000003 -0.997010
vn 0.077279 -0.000003 -0.997010
vn 0.077274 -0.002402 -0.997007
vn -0.077274 -0.002402 -0.997007
vn -0.997096 -0.000003 -0.076153
vn -0.077279 -0.000003 -0.997010
vn -0.077274 -0.002402 -0.997007
vn -0.997092 -0.002505 -0.076170
vn -0.997092 -0.002505 -0.076170
vn -0.997092 -0.002505 0.076170
vn -0.997096 -0.000003 0.076153
vn -0.997096 -0.000003 -0.076153
vn -0.997092 -0.002505 0.076170
vn -0.077274 -0.002402 0.997007
vn -0.077279 -0.000003 0.997010
vn -0.997096 -0.000003 0.076153
vn -0.073693 -0.994637 0.072567
vn -0.997092 -0.002505 0.076170
vn -0.997092 -0.002505 -0.076170
vn -0.073693 -0.994637 -0.072567
vn -0.077274 -0.002402 0.997007
vn -0.073693 -0.994637 0.072567
vn 0.073693 -0.994637 0.072567
vn 0.077274 -0.002402 0.997007
vn -0.997096 -0.000003 0.076153
vn -0.077279 -0.000003 0.997010
vn -0.077225 0.002861 0.997010
vn -0.997094 0.002983 0.076123
vn 0.997092 -0.002505 0.076170
vn 0.073693 -0.994637 0.072567
vn 0.073693 -0.994637 -0.072567
vn 0.997092 -0.002505 -0.076170
vn 0.077279 -0.000003 0.997010
vn 0.997096 -0.000003 0.076153
vn 0.997094 0.002983 0.076123
vn 0.077225 0.002861 0.997010
vn -0.997094 0.002983 0.076123
vn -0.073693 0.994637 0.072567
vn -0.073693 0.994637 -0.072567
vn -0.997094 0.002983 -0.076123
vn -0.073693 0.994637 0.072567
vn -0.077225 0.002861 0.997010
vn 0.077225 0.002861 0.997010
vn 0.073693 0.994637 0.072567
vn 0.073693 0.994637 0.072567
vn 0.997094 0.002983 0.076123
vn 0.997094 0.002983 -0.076123
vn 0.073693 0.994637 -0.072567
vn -0.997094 0.002983 -0.076123
vn -0.077224 0.002861 -0.997010
vn -0.077279 -0.000003 -0.997010
vn -0.997096 -0.000003 -0.076153
vn -0.077224 0.002861 -0.997010
vn -0.073693 0.994637 -0.072567
vn 0.073693 0.994637 -0.072567
vn 0.077224 0.002861 -0.997010
vn 0.077224 0.002861 -0.997010
vn 0.997094 0.002983 -0.076123
vn 0.997096 -0.000003 -0.076153
vn 0.077279 -0.000003 -0.997010
vn -0.073693 -0.994637 -0.072567
vn -0.077274 -0.002402 -0.997007
vn 0.077274 -0.002402 -0.997007
vn 0.073693 -0.994637 -0.072567
vn -0.077279 -0.000003 0.997010
vn 0.077279 -0.000003 0.997010
vn 0.077225 0.002861 0.997010
vn -0.077225 0.002861 0.997010
vn -0.073693 0.994637 0.072567
vn 0.073693 0.994637 0.072567
vn 0.073693 0.994637 -0.072567
vn -0.073693 0.994637 -0.072567
vn -0.077224 0.002861 -0.997010
vn 0.077224 0.002861 -0.997010
vn 0.077279 -0.000003 -0.997010
vn -0.077279 -0.000003 -0.997010
vn -0.073693 -0.994637 -0.072567
vn 0.073693 -0.994637 -0.072567
vn 0.073693 -0.994637 0.072567
vn -0.073693 -0.994637 0.072567
vn 0.997096 -0.000003 0.076153
vn 0.997096 -0.000003 -0.076153
vn 0.997094 0.002983 -0.076123
vn 0.997094 0.002983 0.076123
vn -0.997096 -0.000003 -0.076153
vn -0.997096 -0.000003 0.076153
vn -0.997094 0.002983 0.076123
vn -0.997094 0.002983 -0.076123
vn -0.073693 -0.994637 0.072567
vn -0.077274 -0.002402 0.997007
vn -0.997092 -0.002505 0.076170
vn 0.997092 -0.002505 0.076170
vn 0.077274 -0.002402 0.997007
vn 0.073693 -0.994637 0.072567
vn -0.997094 0.002983 0.076123
vn -0.077225 0.002861 0.997010
vn -0.073693 0.994637 0.072567
vn 0.073693 0.994637 0.072567
vn 0.077225 0.002861 0.997010
vn 0.997094 0.002983 0.076123
vn -0.997094 0.002983 -0.076123
vn -0.073693 0.994637 -0.072567
vn -0.077224 0.002861 -0.997010
vn 0.077224 0.002861 -0.997010
vn 0.073693 0.994637 -0.072567
vn 0.997094 0.002983 -0.076123
vn -0.997092 -0.002505 -0.076170
vn -0.077274 -0.002402 -0.997007
vn -0.073693 -0.994637 -0.072567
vn 0.073693 -0.994637 -0.072567
vn 0.077274 -0.002402 -0.997007
vn 0.997092 -0.002505 -0.076170
vn -0.077274 -0.002402 0.997007
vn 0.077274 -0.002402 0.997007
vn 0.077279 -0.000003 0.997010
vn -0.077279 -0.000003 0.997010
vn 0.077274 -0.002402 0.997007
vn 0.997092 -0.002505 0.076170
vn 0.997096 -0.000003 0.076153
vn 0.077279 -0.000003 0.997010
vn 0.997092 -0.002505 0.076170
vn 0.997092 -0.002505 -0.076170
vn 0.997096 -0.000003 -0.076153
vn 0.997096 -0.000003 0.076153
vn 0.077279 -0.000003 -0.997010
vn 0.997096 -0.000003 -0.076153
vn 0.997092 -0.002505 -0.076170
vn 0.077274 -0.002402 -0.997007
vn -0.077279 -0.000003 -0.997010
vn 0.077279 -0.000003 -0.997010
vn 0.077274 -0.002402 -0.997007
vn -0.077274 -0.002402 -0.997007
vn -0.997096 -0.000003 -0.076153
vn -0.077279 -0.000003 -0.997010
vn -0.077274 -0.002402 -0.997007
vn -0.997092 -0.002505 -0.076170
vn -0.997092 -0.002505 -0.076170
vn -0.997092 -0.002505 0.076170
vn -0.997096 -0.000003 0.076153
vn -0.997096 -0.000003 -0.076153
vn -0.997092 -0.002505 0.076170
vn -0.077274 -0.002402 0.997007
vn -0.077279 -0.000003 0.997010
vn -0.997096 -0.000003 0.076153
vn -0.997096 -0.000003 0.076153
vn -0.077279 -0.000003 0.997010
vn -0.077225 0.002861 0.997010
vn -0.997094 0.002983 0.076123
vn 0.077279 -0.000003 0.997010
vn 0.997096 -0.000003 0.076153
vn 0.997094 0.002983 0.076123
vn 0.077225 0.002861 0.997010
vn -0.997094 0.002983 0.076123
vn -0.073693 0.994637 0.072567
vn -0.073693 0.994637 -0.072567
vn -0.997094 0.002983 -0.076123
vn -0.073693 0.994637 0.072567
vn -0.077225 0.002861 0.997010
vn 0.077225 0.002861 0.997010
vn 0.073693 0.994637 0.072567
vn 0.073693 0.994637 0.072567
vn 0.997094 0.002983 0.076123
vn 0.997094 0.002983 -0.076123
vn 0.073693 0.994637 -0.072567
vn -0.997094 0.002983 -0.076123
vn -0.077224 0.002861 -0.997010
vn -0.077279 -0.000003 -0.997010
vn -0.997096 -0.000003 -0.076153
vn -0.077224 0.002861 -0.997010
vn -0.073693 0.994637 -0.072567
vn 0.073693 0.994637 -0.072567
vn 0.077224 0.002861 -0.997010
vn 0.077224 0.002861 -0.997010
vn 0.997094 0.002983 -0.076123
vn 0.997096 -0.000003 -0.076153
vn 0.077279 -0.000003 -0.997010
vn -0.077279 -0.000003 0.997010
vn 0.077279 -0.000003 0.997010
vn 0.077225 0.002861 0.997010
vn -0.077225 0.002861 0.997010
vn -0.073693 0.994637 0.072567
vn 0.073693 0.994637 0.072567
vn 0.073693 0.994637 -0.072567
vn -0.073693 0.994637 -0.072567
vn -0.077224 0.002861 -0.997010
vn 0.077224 0.002861 -0.997010
vn 0.077279 -0.000003 -0.997010
vn -0.077279 -0.000003 -0.997010
vn 0.997096 -0.000003 0.076153
vn 0.997096 -0.000003 -0.076153
vn 0.997094 0.002983 -0.076123
vn 0.997094 0.002983 0.076123
vn -0.997096 -0.000003 -0.076153
vn -0.997096 -0.000003 0.076153
vn -0.997094 0.002983 0.076123
vn -0.997094 0.002983 -0.076123
vn -0.997094 0.002983 0.076123
vn -0.077225 0.002861 0.997010
vn -0.073693 0.994637 0.072567
vn 0.073693 0.994637 0.072567
vn 0.077225 0.002861 0.997010
vn 0.997094 0.002983 0.076123
vn -0.997094 0.002983 -0.076123
vn -0.073693 0.994637 -0.072567
vn -0.077224 0.002861 -0.997010
vn 0.077224 0.002861 -0.997010
vn 0.073693 0.994637 -0.072567
vn 0.997094 0.002983 -0.076123
vn -0.997096 -0.000003 0.076153
vn -0.077279 -0.000003 0.997010
vn -0.077225 0.002861 0.997010
vn -0.997094 0.002983 0.076123
vn 0.077279 -0.000003 0.997010
vn 0.997096 -0.000003 0.076153
vn 0.997094 0.002983 0.076123
vn 0.077225 0.002861 0.997010
vn -0.997094 0.002983 0.076123
vn -0.073693 0.994637 0.072567
vn -0.073693 0.994637 -0.072567
vn -0.997094 0.002983 -0.076123
vn -0.073693 0.994637 0.072567
vn -0.077225 0.002861 0.997010
vn 0.077225 0.002861 0.997010
vn 0.073693 0.994637 0.072567
vn 0.073693 0.994637 0.072567
vn 0.997094 0.002983 0.076123
vn 0.997094 0.002983 -0.076123
vn 0.073693 0.994637 -0.072567
vn -0.997094 0.002983 -0.076123
vn -0.077224 0.002861 -0.997010
vn -0.077279 -0.000003 -0.997010
vn -0.997096 -0.000003 -0.076153
vn -0.077224 0.002861 -0.997010
vn -0.073693 0.994637 -0.072567
vn 0.073693 0.994637 -0.072567
vn 0.077224 0.002861 -0.997010
vn 0.077224 0.002861 -0.997010
vn 0.997094 0.002983 -0.076123
vn 0.997096 -0.000003 -0.076153
vn 0.077279 -0.000003 -0.997010
vn -0.077279 -0.000003 0.997010
vn 0.077279 -0.000003 0.997010
vn 0.077225 0.002861 0.997010
vn -0.077225 0.002861 0.997010
vn -0.073693 0.994637 0.072567
vn 0.073693 0.994637 0.072567
vn 0.073693 0.994637 -0.072567
vn -0.073693 0.994637 -0.072567
vn -0.077224 0.002861 -0.997010
vn 0.077224 0.002861 -0.997010
vn 0.077279 -0.000003 -0.997010
vn -0.077279 -0.000003 -0.997010
vn 0.997096 -0.000003 0.076153
vn 0.997096 -0.000003 -0.076153
vn 0.997094 0.002983 -0.076123
vn 0.997094 0.002983 0.076123
vn -0.997096 -0.000003 -0.076153
vn -0.997096 -0.000003 0.076153
vn -0.997094 0.002983 0.076123
vn -0.997094 0.002983 -0.076123
vn -0.997094 0.002983 0.076123
vn -0.077225 0.002861 0.997010
vn -0.073693 0.994637 0.072567
vn 0.073693 0.994637 0.072567
vn 0.077225 0.002861 0.997010
vn 0.997094 0.002983 0.076123
vn -0.997094 0.002983 -0.076123
vn -0.073693 0.994637 -0.072567
vn -0.077224 0.002861 -0.997010
vn 0.077224 0.002861 -0.997010
vn 0.073693 0.994637 -0.072567
vn 0.997094 0.002983 -0.076123
vn -0.073693 -0.994637 0.072567
vn -0.997092 -0.002505 0.076170
vn -0.997092 -0.002505 -0.076170
vn -0.073693 -0.994637 -0.072567
vn -0.077274 -0.002402 0.997007
vn -0.073693 -0.994637 0.072567
vn 0.073693 -0.994637 0.072567
vn 0.077274 -0.002402 0.997007
vn -0.997096 -0.000003 0.076153
vn -0.077279 -0.000003 0.997010
vn -0.077225 0.002861 0.997010
vn -0.997094 0.002983 0.076123
vn 0.997092 -0.002505 0.076170
vn 0.073693 -0.994637 0.072567
vn 0.073693 -0.994637 -0.072567
vn 0.997092 -0.002505 -0.076170
vn 0.077279 -0.000003 0.997010
vn 0.997096 -0.000003 0.076153
vn 0.997094 0.002983 0.076123
vn 0.077225 0.002861 0.997010
vn -0.997094 0.002983 0.076123
vn -0.073693 0.994637 0.072567
vn -0.073693 0.994637 -0.072567
vn -0.997094 0.002983 -0.076123
vn -0.073693 0.994637 0.072567
vn -0.077225 0.002861 0.997010
vn 0.077225 0.002861 0.997010
vn 0.073693 0.994637 0.072567
vn 0.073693 0.994637 0.072567
vn 0.997094 0.002983 0.076123
vn 0.997094 0.002983 -0.076123
vn 0.073693 0.994637 -0.072567
vn -0.997094 0.002983 -0.076123
vn -0.077224 0.002861 -0.997010
vn -0.077279 -0.000003 -0.997010
vn -0.997096 -0.000003 -0.076153
vn -0.077224 0.002861 -0.997010
vn -0.073693 0.994637 -0.072567
vn 0.073693 0.994637 -0.072567
vn 0.077224 0.002861 -0.997010
vn 0.077224 0.002861 -0.997010
vn 0.997094 0.002983 -0.076123
vn 0.997096 -0.000003 -0.076153
vn 0.077279 -0.000003 -0.997010
vn -0.073693 -0.994637 -0.072567
vn -0.077274 -0.002402 -0.997007
vn 0.077274 -0.002402 -0.997007
vn 0.073693 -0.994637 -0.072567
vn -0.077279 -0.000003 0.997010
vn 0.077279 -0.000003 0.997010
vn 0.077225 0.002861 0.997010
vn -0.077225 0.002861 0.997010
vn -0.073693 0.994637 0.072567
vn 0.073693 0.994637 0.072567
vn 0.073693 0.994637 -0.072567
vn -0.073693 0.994637 -0.072567
vn -0.077224 0.002861 -0.997010
vn 0.077224 0.002861 -0.997010
vn 0.077279 -0.000003 -0.997010
vn -0.077279 -0.000003 -0.997010
vn -0.073693 -0.994637 -0.072567
vn 0.073693 -0.994637 -0.072567
vn 0.073693 -0.994637 0.072567
vn -0.073693 -0.994637 0.072567
vn 0.997096 -0.000003 0.076153
vn 0.997096 -0.000003 -0.076153
vn 0.997094 0.002983 -0.076123
vn 0.997094 0.002983 0.076123
vn -0.997096 -0.000003 -0.076153
vn -0.997096 -0.000003 0.076153
vn -0.997094 0.002983 0.076123
vn -0.997094 0.002983 -0.076123
vn -0.073693 -0.994637 0.072567
vn -0.077274 -0.002402 0.997007
vn -0.997092 -0.002505 0.076170
vn 0.997092 -0.002505 0.076170
vn 0.077274 -0.002402 0.997007
vn 0.073693 -0.994637 0.072567
vn -0.997094 0.002983 0.076123
vn -0.077225 0.002861 0.997010
vn -0.073693 0.994637 0.072567
vn 0.073693 0.994637 0.072567
vn 0.077225 0.002861 0.997010
vn 0.997094 0.002983 0.076123
vn -0.997094 0.002983 -0.076123
vn -0.073693 0.994637 -0.072567
vn -0.077224 0.002861 -0.997010
vn 0.077224 0.002861 -0.997010
vn 0.073693 0.994637 -0.072567
vn 0.997094 0.002983 -0.076123
vn -0.997092 -0.002505 -0.076170
vn -0.077274 -0.002402 -0.997007
vn -0.073693 -0.994637 -0.072567
vn 0.073693 -0.994637 -0.072567
vn 0.077274 -0.002402 -0.997007
vn 0.997092 -0.002505 -0.076170
vn -0.077274 -0.002402 0.997007
vn 0.077274 -0.002402 0.997007
vn 0.077279 -0.000003 0.997010
vn -0.077279 -0.000003 0.997010
vn 0.077274 -0.002402 0.997007
vn 0.997092 -0.002505 0.076170
vn 0.997096 -0.000003 0.076153
vn 0.077279 -0.000003 0.997010
vn 0.997092 -0.002505 0.076170
vn 0.997092 -0.002505 -0.076170
vn 0.997096 -0.000003 -0.076153
vn 0.997096 -0.000003 0.076153
vn 0.077279 -0.000003 -0.997010
vn 0.997096 -0.000003 -0.076153
vn 0.997092 -0.002505 -0.076170
vn 0.077274 -0.002402 -0.997007
vn -0.077279 -0.000003 -0.997010
vn 0.077279 -0.000003 -0.997010
vn 0.077274 -0.002402 -0.997007
vn -0.077274 -0.002402 -0.997007
vn -0.997096 -0.000003 -0.076153
vn -0.077279 -0.000003 -0.997010
vn -0.077274 -0.002402 -0.997007
vn -0.997092 -0.002505 -0.076170
vn -0.997092 -0.002505 -0.076170
vn -0.997092 -0.002505 0.076170
vn -0.997096 -0.000003 0.076153
vn -0.997096 -0.000003 -0.076153
vn -0.997092 -0.002505 0.076170
vn -0.077274 -0.002402 0.997007
vn -0.077279 -0.000003 0.997010
vn -0.997096 -0.000003 0.076153
vn -0.073693 -0.994637 0.072567
vn -0.997092 -0.002505 0.076170
vn -0.997092 -0.002505 -0.076170
vn -0.073693 -0.994637 -0.072567
vn -0.077274 -0.002402 0.997007
vn -0.073693 -0.994637 0.072567
vn 0.073693 -0.994637 0.072567
vn 0.077274 -0.002402 0.997007
vn -0.997096 -0.000003 0.076153
vn -0.077279 -0.000003 0.997010
vn -0.077225 0.002861 0.997010
vn -0.997094 0.002983 0.076123
vn 0.997092 -0.002505 0.076170
vn 0.073693 -0.994637 0.072567
vn 0.073693 -0.994637 -0.072567
vn 0.997092 -0.002505 -0.076170
vn 0.077279 -0.000003 0.997010
vn 0.997096 -0.000003 0.076153
vn 0.997094 0.002983 0.076123
vn 0.077225 0.002861 0.997010
vn -0.997094 0.002983 0.076123
vn -0.073693 0.994637 0.072567
vn -0.073693 0.994637 -0.072567
vn -0.997094 0.002983 -0.076123
vn -0.073693 0.994637 0.072567
vn -0.077225 0.002861 0.997010
vn 0.077225 0.002861 0.997010
vn 0.073693 0.994637 0.072567
vn 0.073693 0.994637 0.072567
vn 0.997094 0.002983 0.076123
vn 0.997094 0.002983 -0.076123
vn 0.073693 0.994637 -0.072567
vn -0.997094 0.002983 -0.076123
vn -0.077224 0.002861 -0.997010
vn -0.077279 -0.000003 -0.997010
vn -0.997096 -0.000003 -0.076153
vn -0.077224 0.002861 -0.997010
vn -0.073693 0.994637 -0.072567
vn 0.073693 0.994637 -0.072567
vn 0.077224 0.002861 -0.997010
vn 0.077224 0.002861 -0.997010
vn 0.997094 0.002983 -0.076123
vn 0.997096 -0.000003 -0.076153
vn 0.077279 -0.000003 -0.997010
vn -0.073693 -0.994637 -0.072567
vn -0.077274 -0.002402 -0.997007
vn 0.077274 -0.002402 -0.997007
vn 0.073693 -0.994637 -0.072567
vn -0.077279 -0.000003 0.997010
vn 0.077279 -0.000003 0.997010
vn 0.077225 0.002861 0.997010
vn -0.077225 0.002861 0.997010
vn -0.073693 0.994637 0.072567
vn 0.073693 0.994637 0.072567
vn 0.073693 0.994637 -0.072567
vn -0.073693 0.994637 -0.072567
vn -0.077224 0.002861 -0.997010
vn 0.077224 0.002861 -0.997010
vn 0.077279 -0.000003 -0.997010
vn -0.077279 -0.000003 -0.997010
vn -0.073693 -0.994637 -0.072567
vn 0.073693 -0.994637 -0.072567
vn 0.073693 -0.994637 0.072567
vn -0.073693 -0.994637 0.072567
vn 0.997096 -0.000003 0.076153
vn 0.997096 -0.000003 -0.076153
vn 0.997094 0.002983 -0.076123
vn 0.997094 0.002983 0.076123
vn -0.997096 -0.000003 -0.076153
vn -0.997096 -0.000003 0.076153
vn -0.997094 0.002983 0.076123
vn -0.997094 0.002983 -0.076123
vn -0.073693 -0.994637 0.072567
vn -0.077274 -0.002402 0.997007
vn -0.997092 -0.002505 0.076170
vn 0.997092 -0.002505 0.076170
vn 0.077274 -0.002402 0.997007
vn 0.073693 -0.994637 0.072567
vn -0.997094 0.002983 0.076123
vn -0.077225 0.002861 0.997010
vn -0.073693 0.994637 0.072567
vn 0.073693 0.994637 0.072567
vn 0.077225 0.002861 0.997010
vn 0.997094 0.002983 0.076123
vn -0.997094 0.002983 -0.076123
vn -0.073693 0.994637 -0.072567
vn -0.077224 0.002861 -0.997010
vn 0.077224 0.002861 -0.997010
vn 0.073693 0.994637 -0.072567
vn 0.997094 0.002983 -0.076123
vn -0.997092 -0.002505 -0.076170
vn -0.077274 -0.002402 -0.997007
vn -0.073693 -0.994637 -0.072567
vn 0.073693 -0.994637 -0.072567
vn 0.077274 -0.002402 -0.997007
vn 0.997092 -0.002505 -0.076170
vn -0.077274 -0.002402 0.997007
vn 0.077274 -0.002402 0.997007
vn 0.077279 -0.000003 0.997010
vn -0.077279 -0.000003 0.997010
vn 0.077274 -0.002402 0.997007
vn 0.997092 -0.002505 0.076170
vn 0.997096 -0.000003 0.076153
vn 0.077279 -0.000003 0.997010
vn 0.997092 -0.002505 0.076170
vn 0.997092 -0.002505 -0.076170
vn 0.997096 -0.000003 -0.076153
vn 0.997096 -0.000003 0.076153
vn 0.077279 -0.000003 -0.997010
vn 0.997096 -0.000003 -0.076153
vn 0.997092 -0.002505 -0.076170
vn 0.077274 -0.002402 -0.997007
vn -0.077279 -0.000003 -0.997010
vn 0.077279 -0.000003 -0.997010
vn 0.077274 -0.002402 -0.997007
vn -0.077274 -0.002402 -0.997007
vn -0.997096 -0.000003 -0.076153
vn -0.077279 -0.000003 -0.997010
vn -0.077274 -0.002402 -0.997007
vn -0.997092 -0.002505 -0.076170
vn -0.997092 -0.002505 -0.076170
vn -0.997092 -0.002505 0.076170
vn -0.997096 -0.000003 0.076153
vn -0.997096 -0.000003 -0.076153
vn -0.997092 -0.002505 0.076170
vn -0.077274 -0.002402 0.997007
vn -0.077279 -0.000003 0.997010
vn -0.997096 -0.000003 0.076153
vn -0.073693 -0.994637 0.072567
vn -0.997092 -0.002505 0.076170
vn -0.997092 -0.002505 -0.076170
vn -0.073693 -0.994637 -0.072567
vn -0.077274 -0.002402 0.997007
vn -0.073693 -0.994637 0.072567
vn 0.073693 -0.994637 0.072567
vn 0.077274 -0.002402 0.997007
vn -0.997096 -0.000003 0.076153
vn -0.077279 -0.000003 0.997010
vn -0.077225 0.002861 0.997010
vn -0.997094 0.002983 0.076123
vn 0.997092 -0.002505 0.076170
vn 0.073693 -0.994637 0.072567
vn 0.073693 -0.994637 -0.072567
vn 0.997092 -0.002505 -0.076170
vn 0.077279 -0.000003 0.997010
vn 0.997096 -0.000003 0.076153
vn 0.997094 0.002983 0.076123
vn 0.077225 0.002861 0.997010
vn -0.997094 0.002983 0.076123
vn -0.073693 0.994637 0.072567
vn -0.073693 0.994637 -0.072567
vn -0.997094 0.002983 -0.076123
vn -0.073693 0.994637 0.072567
vn -0.077225 0.002861 0.997010
vn 0.077225 0.002861 0.997010
vn 0.073693 0.994637 0.072567
vn 0.073693 0.994637 0.072567
vn 0.997094 0.002983 0.076123
vn 0.997094 0.002983 -0.076123
vn 0.073693 0.994637 -0.072567
vn -0.997094 0.002983 -0.076123
vn -0.077224 0.002861 -0.997010
vn -0.077279 -0.000003 -0.997010
vn -0.997096 -0.000003 -0.076153
vn -0.077224 0.002861 -0.997010
vn -0.073693 0.994637 -0.072567
vn 0.073693 0.994637 -0.072567
vn 0.077224 0.002861 -0.997010
vn 0.077224 0.002861 -0.997010
vn 0.997094 0.002983 -0.076123
vn 0.997096 -0.000003 -0.076153
vn 0.077279 -0.000003 -0.997010
vn -0.073693 -0.994637 -0.072567
vn -0.077274 -0.002402 -0.997007
vn 0.077274 -0.002402 -0.997007
vn 0.073693 -0.994637 -0.072567
vn -0.077279 -0.000003 0.997010
vn 0.077279 -0.000003 0.997010
vn 0.077225 0.002861 0.997010
vn -0.077225 0.002861 0.997010
vn -0.073693 0.994637 0.072567
vn 0.073693 0.994637 0.072567
vn 0.073693 0.994637 -0.072567
vn -0.073693 0.994637 -0.072567
vn -0.077224 0.002861 -0.997010
vn 0.077224 0.002861 -0.997010
vn 0.077279 -0.000003 -0.997010
vn -0.077279 -0.000003 -0.997010
vn -0.073693 -0.994637 -0.072567
vn 0.073693 -0.994637 -0.072567
vn 0.073693 -0.994637 0.072567
vn -0.073693 -0.994637 0.072567
vn 0.997096 -0.000003 0.076153
vn 0.997096 -0.000003 -0.076153
vn 0.997094 0.002983 -0.076123
vn 0.997094 0.002983 0.076123
vn -0.997096 -0.000003 -0.076153
vn -0.997096 -0.000003 0.076153
vn -0.997094 0.002983 0.076123
vn -0.997094 0.002983 -0.076123
vn -0.073693 -0.994637 0.072567
vn -0.077274 -0.002402 0.997007
vn -0.997092 -0.002505 0.076170
vn 0.997092 -0.002505 0.076170
vn 0.077274 -0.002402 0.997007
vn 0.073693 -0.994637 0.072567
vn -0.997094 0.002983 0.076123
vn -0.077225 0.002861 0.997010
vn -0.073693 0.994637 0.072567
vn 0.073693 0.994637 0.072567
vn 0.077225 0.002861 0.997010
vn 0.997094 0.002983 0.076123
vn -0.997094 0.002983 -0.076123
vn -0.073693 0.994637 -0.072567
vn -0.077224 0.002861 -0.997010
vn 0.077224 0.002861 -0.997010
vn 0.073693 0.994637 -0.072567
vn 0.997094 0.002983 -0.076123
vn -0.997092 -0.002505 -0.076170
vn -0.077274 -0.002402 -0.997007
vn -0.073693 -0.994637 -0.072567
vn 0.073693 -0.994637 -0.072567
vn 0.077274 -0.002402 -0.997007
vn 0.997092 -0.002505 -0.076170
vn -0.077274 -0.002402 0.997007
vn 0.077274 -0.002402 0.997007
vn 0.077279 -0.000003 0.997010
vn -0.077279 -0.000003 0.997010
vn 0.077274 -0.002402 0.997007
vn 0.997092 -0.002505 0.076170
vn 0.997096 -0.000003 0.076153
vn 0.077279 -0.000003 0.997010
vn 0.997092 -0.002505 0.076170
vn 0.997092 -0.002505 -0.076170
vn 0.997096 -0.000003 -0.076153
vn 0.997096 -0.000003 0.076153
vn 0.077279 -0.000003 -0.997010
vn 0.997096 -0.000003 -0.076153
vn 0.997092 -0.002505 -0.076170
vn 0.077274 -0.002402 -0.997007
vn -0.077279 -0.000003 -0.997010
vn 0.077279 -0.000003 -0.997010
vn 0.077274 -0.002402 -0.997007
vn -0.077274 -0.002402 -0.997007
vn -0.997096 -0.000003 -0.076153
vn -0.077279 -0.000003 -0.997010
vn -0.077274 -0.002402 -0.997007
vn -0.997092 -0.002505 -0.076170
vn -0.997092 -0.002505 -0.076170
vn -0.997092 -0.002505 0.076170
vn -0.997096 -0.000003 0.076153
vn -0.997096 -0.000003 -0.076153
vn -0.997092 -0.002505 0.076170
vn -0.077274 -0.002402 0.997007
vn -0.077279 -0.000003 0.997010
vn -0.997096 -0.000003 0.076153
vn -0.997096 -0.000003 0.076153
vn -0.077279 -0.000003 0.997010
vn -0.077225 0.002861 0.997010
vn -0.997094 0.002983 0.076123
vn 0.077279 -0.000003 0.997010
vn 0.997096 -0.000003 0.076153
vn 0.997094 0.002983 0.076123
vn 0.077225 0.002861 0.997010
vn -0.997094 0.002983 0.076123
vn -0.073693 0.994637 0.072567
vn -0.073693 0.994637 -0.072567
vn -0.997094 0.002983 -0.076123
vn -0.073693 0.994637 0.072567
vn -0.077225 0.002861 0.997010
vn 0.077225 0.002861 0.997010
vn 0.073693 0.994637 0.072567
vn 0.073693 0.994637 0.072567
vn 0.997094 0.002983 0.076123
vn 0.997094 0.002983 -0.076123
vn 0.073693 0.994637 -0.072567
vn -0.997094 0.002983 -0.076123
vn -0.077224 0.002861 -0.997010
vn -0.077279 -0.000003 -0.997010
vn -0.997096 -0.000003 -0.076153
vn -0.077224 0.002861 -0.997010
vn -0.073693 0.994637 -0.072567
vn 0.073693 0.994637 -0.072567
vn 0.077224 0.002861 -0.997010
vn 0.077224 0.002861 -0.997010
vn 0.997094 0.002983 -0.076123
vn 0.997096 -0.000003 -0.076153
vn 0.077279 -0.000003 -0.997010
vn -0.077279 -0.000003 0.997010
vn 0.077279 -0.000003 0.997010
vn 0.077225 0.002861 0.997010
vn -0.077225 0.002861 0.997010
vn -0.073693 0.994637 0.072567
vn 0.073693 0.994637 0.072567
vn 0.073693 0.994637 -0.072567
vn -0.073693 0.994637 -0.072567
vn -0.077224 0.002861 -0.997010
vn 0.077224 0.002861 -0.997010
vn 0.077279 -0.000003 -0.997010
vn -0.077279 -0.000003 -0.997010
vn 0.997096 -0.000003 0.076153
vn 0.997096 -0.000003 -0.076153
vn 0.997094 0.002983 -0.076123
vn 0.997094 0.002983 0.076123
vn -0.997096 -0.000003 -0.076153
vn -0.997096 -0.000003 0.076153
vn -0.997094 0.002983 0.076123
vn -0.997094 0.002983 -0.076123
vn -0.997094 0.002983 0.076123
vn -0.077225 0.002861 0.997010
vn -0.073693 0.994637 0.072567
vn 0.073693 0.994637 0.072567
vn 0.077225 0.002861 0.997010
vn 0.997094 0.002983 0.076123
vn -0.997094 0.002983 -0.076123
vn -0.073693 0.994637 -0.072567
vn -0.077224 0.002861 -0.997010
vn 0.077224 0.002861 -0.997010
vn 0.073693 0.994637 -0.072567
vn 0.997094 0.002983 -0.076123
vn -0.997096 -0.000003 0.076153
vn -0.077279 -0.000003 0.997010
vn -0.077225 0.002861 0.997010
vn -0.997094 0.002983 0.076123
vn 0.077279 -0.000003 0.997010
vn 0.997096 -0.000003 0.076153
vn 0.997094 0.002983 0.076123
vn 0.077225 0.002861 0.997010
vn -0.997094 0.002983 0.076123
vn -0.073693 0.994637 0.072567
vn -0.073693 0.994637 -0.072567
vn -0.997094 0.002983 -0.076123
vn -0.073693 0.994637 0.072567
vn -0.077225 0.002861 0.997010
vn 0.077225 0.002861 0.997010
vn 0.073693 0.994637 0.072567
vn 0.073693 0.994637 0.072567
vn 0.997094 0.002983 0.076123
vn 0.997094 0.002983 -0.076123
vn 0.073693 0.994637 -0.072567
vn -0.997094 0.002983 -0.076123
vn -0.077224 0.002861 -0.997010
vn -0.077279 -0.000003 -0.997010
vn -0.997096 -0.000003 -0.076153
vn -0.077224 0.002861 -0.997010
vn -0.073693 0.994637 -0.072567
vn 0.073693 0.994637 -0.072567
vn 0.077224 0.002861 -0.997010
vn 0.077224 0.002861 -0.997010
vn 0.997094 0.002983 -0.076123
vn 0.997096 -0.000003 -0.076153
vn 0.077279 -0.000003 -0.997010
vn -0.077279 -0.000003 0.997010
vn 0.077279 -0.000003 0.997010
vn 0.077225 0.002861 0.997010
vn -0.077225 0.002861 0.997010
vn -0.073693 0.994637 0.072567
vn 0.073693 0.994637 0.072567
vn 0.073693 0.994637 -0.072567
vn -0.073693 0.994637 -0.072567
vn -0.077224 0.002861 -0.997010
vn 0.077224 0.002861 -0.997010
vn 0.077279 -0.000003 -0.997010
vn -0.077279 -0.000003 -0.997010
vn 0.997096 -0.000003 0.076153
vn 0.997096 -0.000003 -0.076153
vn 0.997094 0.002983 -0.076123
vn 0.997094 0.002983 0.076123
vn -0.997096 -0.000003 -0.076153
vn -0.997096 -0.000003 0.076153
vn -0.997094 0.002983 0.076123
vn -0.997094 0.002983 -0.076123
vn -0.997094 0.002983 0.076123
vn -0.077225 0.002861 0.997010
vn -0.073693 0.994637 0.072567
vn 0.073693 0.994637 0.072567
vn 0.077225 0.002861 0.997010
vn 0.997094 0.002983 0.076123
vn -0.997094 0.002983 -0.076123
vn -0.073693 0.994637 -0.072567
vn -0.077224 0.002861 -0.997010
vn 0.077224 0.002861 -0.997010
vn 0.073693 0.994637 -0.072567
vn 0.997094 0.002983 -0.076123
s off
g M_Plank1:polySurface328polySurface285
usemtl M_Plank1:lambert6SG
f 1/1/1 2/2/2 4/3/3 3/4/4
f 3/4/5 4/5/6 6/6/7 5/7/8
f 5/8/9 6/9/10 8/10/11 7/11/12
f 7/12/13 8/13/14 2/14/15 1/1/16
f 2/2/17 8/10/18 6/9/19 4/3/20
f 7/12/21 1/1/22 3/4/23 5/7/24
f 9/15/25 10/16/26 12/17/27 11/18/28
f 11/18/29 12/19/30 14/20/31 13/21/32
f 13/22/33 14/23/34 16/24/35 15/25/36
f 15/26/37 16/27/38 10/28/39 9/15/40
f 10/16/41 16/24/42 14/23/43 12/17/44
f 15/26/45 9/15/46 11/18/47 13/21/48
usemtl M_Woodbig2:lambert6SG
f 17/29/49 19/30/50 35/31/51 37/32/52
f 18/33/53 17/34/54 22/35/55 21/36/56
f 48/37/57 41/38/58 24/39/59 23/40/60
f 20/41/61 22/42/62 38/43/63 40/44/64
f 42/45/65 43/46/66 28/47/67 27/48/68
f 23/49/69 25/50/70 30/51/71 29/52/72
f 25/53/73 24/39/74 27/48/75 26/54/76
f 26/55/77 28/56/78 34/57/79 33/58/80
f 29/59/81 31/60/82 46/61/83 47/62/84
f 31/60/85 30/51/86 33/58/87 32/63/88
f 32/63/89 34/64/90 44/65/91 45/66/92
f 37/32/93 36/67/94 39/68/95 38/43/96
f 41/38/97 42/45/98 27/48/99 24/39/100
f 25/50/101 26/55/102 33/58/103 30/51/104
f 31/60/105 32/63/106 45/66/107 46/61/108
f 37/32/109 38/43/110 22/42/111 17/29/112
f 43/46/113 44/65/114 34/64/115 28/47/116
f 47/69/117 48/37/118 23/40/119 29/70/120
f 17/34/121 18/33/122 19/71/123
f 20/72/124 21/36/125 22/35/126
f 23/40/127 24/39/128 25/53/129
f 26/54/130 27/48/131 28/47/132
f 29/52/133 30/51/134 31/60/135
f 32/63/136 33/58/137 34/57/138
f 35/73/139 36/67/140 37/32/141
f 38/43/142 39/68/143 40/74/144
f 18/33/145 21/36/146 42/45/147 41/38/148
f 21/36/149 20/72/150 43/46/151 42/45/152
f 20/72/153 40/74/154 44/65/155 43/46/156
f 45/66/157 44/65/158 40/74/159 39/68/160
f 46/61/161 45/66/162 39/68/163 36/67/164
f 47/62/165 46/61/166 36/67/167 35/73/168
f 35/75/169 19/71/170 48/37/171 47/69/172
f 19/71/173 18/33/174 41/38/175 48/37/176
usemtl M_Plank1:lambert6SG
f 49/76/177 50/77/178 52/78/179 51/79/180
f 51/79/181 52/80/182 54/81/183 53/82/184
f 53/83/185 54/84/186 56/85/187 55/86/188
f 55/87/189 56/88/190 50/89/191 49/76/192
f 50/77/193 56/85/194 54/84/195 52/78/196
f 55/87/197 49/76/198 51/79/199 53/82/200
f 57/90/201 58/91/202 60/92/203 59/93/204
f 59/93/205 60/94/206 62/95/207 61/96/208
f 61/97/209 62/98/210 64/99/211 63/100/212
f 63/101/213 64/102/214 58/103/215 57/90/216
f 58/91/217 64/99/218 62/98/219 60/92/220
f 63/101/221 57/90/222 59/93/223 61/96/224
f 65/104/225 66/105/226 68/106/227 67/107/228
f 67/107/229 68/108/230 70/109/231 69/110/232
f 69/111/233 70/112/234 72/113/235 71/114/236
f 71/115/237 72/116/238 66/117/239 65/104/240
f 66/105/241 72/113/242 70/112/243 68/106/244
f 71/115/245 65/104/246 67/107/247 69/110/248
usemtl M_Woodbig2:lambert6SG
f 73/118/249 75/119/250 91/120/251 93/121/252
f 74/122/253 73/123/254 78/124/255 77/125/256
f 104/126/257 97/127/258 80/128/259 79/129/260
f 76/130/261 78/131/262 94/132/263 96/133/264
f 98/134/265 99/135/266 84/136/267 83/137/268
f 79/138/269 81/139/270 86/140/271 85/141/272
f 81/142/273 80/128/274 83/137/275 82/143/276
f 82/144/277 84/145/278 90/146/279 89/147/280
f 85/148/281 87/149/282 102/150/283 103/151/284
f 87/149/285 86/140/286 89/147/287 88/152/288
f 88/152/289 90/153/290 100/154/291 101/155/292
f 93/121/293 92/156/294 95/157/295 94/132/296
f 97/127/297 98/134/298 83/137/299 80/128/300
f 81/139/301 82/144/302 89/147/303 86/140/304
f 87/149/305 88/152/306 101/155/307 102/150/308
f 93/121/309 94/132/310 78/131/311 73/118/312
f 99/135/313 100/154/314 90/153/315 84/136/316
f 103/158/317 104/126/318 79/129/319 85/159/320
f 73/123/321 74/122/322 75/160/323
f 76/161/324 77/125/325 78/124/326
f 79/129/327 80/128/328 81/142/329
f 82/143/330 83/137/331 84/136/332
f 85/141/333 86/140/334 87/149/335
f 88/152/336 89/147/337 90/146/338
f 91/162/339 92/156/340 93/121/341
f 94/132/342 95/157/343 96/163/344
f 74/122/345 77/125/346 98/134/347 97/127/348
f 77/125/349 76/161/350 99/135/351 98/134/352
f 76/161/353 96/163/354 100/154/355 99/135/356
f 101/155/357 100/154/358 96/163/359 95/157/360
f 102/150/361 101/155/362 95/157/363 92/156/364
f 103/151/365 102/150/366 92/156/367 91/162/368
f 91/164/369 75/160/370 104/126/371 103/158/372
f 75/160/373 74/122/374 97/127/375 104/126/376
usemtl M_Plank1:lambert6SG
f 105/165/377 106/166/378 108/167/379 107/168/380
f 107/168/381 108/169/382 110/170/383 109/171/384
f 109/172/385 110/173/386 112/174/387 111/175/388
f 111/176/389 112/177/390 106/178/391 105/165/392
f 106/166/393 112/174/394 110/173/395 108/167/396
f 111/176/397 105/165/398 107/168/399 109/171/400
f 113/179/401 114/180/402 116/181/403 115/182/404
f 115/182/405 116/183/406 118/184/407 117/185/408
f 117/186/409 118/187/410 120/188/411 119/189/412
f 119/190/413 120/191/414 114/192/415 113/179/416
f 114/180/417 120/188/418 118/187/419 116/181/420
f 119/190/421 113/179/422 115/182/423 117/185/424
usemtl M_Woodbig2:lambert6SG
f 121/193/425 123/194/426 127/195/427 129/196/428
f 122/197/429 121/198/430 126/199/431 125/200/432
f 124/201/433 126/202/434 130/203/435 132/204/436
f 129/196/437 128/205/438 131/206/439 130/203/440
f 129/196/441 130/203/442 126/202/443 121/193/444
f 121/198/445 122/197/446 123/207/447
f 124/208/448 125/200/449 126/199/450
f 127/209/451 128/205/452 129/196/453
f 130/203/454 131/206/455 132/210/456
f 122/197/457 125/200/458 134/211/459 133/212/460
f 125/200/461 124/208/462 135/213/463 134/211/464
f 124/208/465 132/210/466 136/214/467 135/213/468
f 137/215/469 136/214/470 132/210/471 131/206/472
f 138/216/473 137/215/474 131/206/475 128/205/476
f 139/217/477 138/216/478 128/205/479 127/209/480
f 127/218/481 123/207/482 140/219/483 139/220/484
f 123/207/485 122/197/486 133/212/487 140/219/488
f 141/221/489 143/222/490 159/223/491 161/224/492
f 142/225/493 141/226/494 146/227/495 145/228/496
f 172/229/497 165/230/498 148/231/499 147/232/500
f 144/233/501 146/234/502 162/235/503 164/236/504
f 166/237/505 167/238/506 152/239/507 151/240/508
f 147/241/509 149/242/510 154/243/511 153/244/512
f 149/245/513 148/231/514 151/240/515 150/246/516
f 150/247/517 152/248/518 158/249/519 157/250/520
f 153/251/521 155/252/522 170/253/523 171/254/524
f 155/252/525 154/243/526 157/250/527 156/255/528
f 156/255/529 158/256/530 168/257/531 169/258/532
f 161/224/533 160/259/534 163/260/535 162/235/536
f 165/230/537 166/237/538 151/240/539 148/231/540
f 149/242/541 150/247/542 157/250/543 154/243/544
f 155/252/545 156/255/546 169/258/547 170/253/548
f 161/224/549 162/235/550 146/234/551 141/221/552
f 167/238/553 168/257/554 158/256/555 152/239/556
f 171/261/557 172/229/558 147/232/559 153/262/560
f 141/226/561 142/225/562 143/263/563
f 144/264/564 145/228/565 146/227/566
f 147/232/567 148/231/568 149/245/569
f 150/246/570 151/240/571 152/239/572
f 153/244/573 154/243/574 155/252/575
f 156/255/576 157/250/577 158/249/578
f 159/265/579 160/259/580 161/224/581
f 162/235/582 163/260/583 164/266/584
f 142/225/585 145/228/586 166/237/587 165/230/588
f 145/228/589 144/264/590 167/238/591 166/237/592
f 144/264/593 164/266/594 168/257/595 167/238/596
f 169/258/597 168/257/598 164/266/599 163/260/600
f 170/253/601 169/258/602 163/260/603 160/259/604
f 171/254/605 170/253/606 160/259/607 159/265/608
f 159/267/609 143/263/610 172/229/611 171/261/612
f 143/263/613 142/225/614 165/230/615 172/229/616
f 173/268/617 175/269/618 191/270/619 193/271/620
f 174/272/621 173/273/622 178/274/623 177/275/624
f 204/276/625 197/277/626 180/278/627 179/279/628
f 176/280/629 178/281/630 194/282/631 196/283/632
f 198/284/633 199/285/634 184/286/635 183/287/636
f 179/288/637 181/289/638 186/290/639 185/291/640
f 181/292/641 180/278/642 183/287/643 182/293/644
f 182/294/645 184/295/646 190/296/647 189/297/648
f 185/298/649 187/299/650 202/300/651 203/301/652
f 187/299/653 186/290/654 189/297/655 188/302/656
f 188/302/657 190/303/658 200/304/659 201/305/660
f 193/271/661 192/306/662 195/307/663 194/282/664
f 197/277/665 198/284/666 183/287/667 180/278/668
f 181/289/669 182/294/670 189/297/671 186/290/672
f 187/299/673 188/302/674 201/305/675 202/300/676
f 193/271/677 194/282/678 178/281/679 173/268/680
f 199/285/681 200/304/682 190/303/683 184/286/684
f 203/308/685 204/276/686 179/279/687 185/309/688
f 173/273/689 174/272/690 175/310/691
f 176/311/692 177/275/693 178/274/694
f 179/279/695 180/278/696 181/292/697
f 182/293/698 183/287/699 184/286/700
f 185/291/701 186/290/702 187/299/703
f 188/302/704 189/297/705 190/296/706
f 191/312/707 192/306/708 193/271/709
f 194/282/710 195/307/711 196/313/712
f 174/272/713 177/275/714 198/284/715 197/277/716
f 177/275/717 176/311/718 199/285/719 198/284/720
f 176/311/721 196/313/722 200/304/723 199/285/724
f 201/305/725 200/304/726 196/313/727 195/307/728
f 202/300/729 201/305/730 195/307/731 192/306/732
f 203/301/733 202/300/734 192/306/735 191/312/736
f 191/314/737 175/310/738 204/276/739 203/308/740
f 175/310/741 174/272/742 197/277/743 204/276/744
usemtl M_Plank1:lambert6SG
f 205/315/745 206/316/746 208/317/747 207/318/748
f 207/318/749 208/319/750 210/320/751 209/321/752
f 209/322/753 210/323/754 212/324/755 211/325/756
f 211/326/757 212/327/758 206/328/759 205/315/760
f 206/316/761 212/324/762 210/323/763 208/317/764
f 211/326/765 205/315/766 207/318/767 209/321/768
f 213/329/769 214/330/770 216/331/771 215/332/772
f 215/332/773 216/333/774 218/334/775 217/335/776
f 217/336/777 218/337/778 220/338/779 219/339/780
f 219/340/781 220/341/782 214/342/783 213/329/784
f 214/330/785 220/338/786 218/337/787 216/331/788
f 219/340/789 213/329/790 215/332/791 217/335/792
usemtl M_Woodbig2:lambert6SG
f 221/343/793 223/344/794 239/345/795 241/346/796
f 222/347/797 221/348/798 226/349/799 225/350/800
f 252/351/801 245/352/802 228/353/803 227/354/804
f 224/355/805 226/356/806 242/357/807 244/358/808
f 246/359/809 247/360/810 232/361/811 231/362/812
f 227/363/813 229/364/814 234/365/815 233/366/816
f 229/367/817 228/353/818 231/362/819 230/368/820
f 230/369/821 232/370/822 238/371/823 237/372/824
f 233/373/825 235/374/826 250/375/827 251/376/828
f 235/374/829 234/365/830 237/372/831 236/377/832
f 236/377/833 238/378/834 248/379/835 249/380/836
f 241/346/837 240/381/838 243/382/839 242/357/840
f 245/352/841 246/359/842 231/362/843 228/353/844
f 229/364/845 230/369/846 237/372/847 234/365/848
f 235/374/849 236/377/850 249/380/851 250/375/852
f 241/346/853 242/357/854 226/356/855 221/343/856
f 247/360/857 248/379/858 238/378/859 232/361/860
f 251/383/861 252/351/862 227/354/863 233/384/864
f 221/348/865 222/347/866 223/385/867
f 224/386/868 225/350/869 226/349/870
f 227/354/871 228/353/872 229/367/873
f 230/368/874 231/362/875 232/361/876
f 233/366/877 234/365/878 235/374/879
f 236/377/880 237/372/881 238/371/882
f 239/387/883 240/381/884 241/346/885
f 242/357/886 243/382/887 244/388/888
f 222/347/889 225/350/890 246/359/891 245/352/892
f 225/350/893 224/386/894 247/360/895 246/359/896
f 224/386/897 244/388/898 248/379/899 247/360/900
f 249/380/901 248/379/902 244/388/903 243/382/904
f 250/375/905 249/380/906 243/382/907 240/381/908
f 251/376/909 250/375/910 240/381/911 239/387/912
f 239/389/913 223/385/914 252/351/915 251/383/916
f 223/385/917 222/347/918 245/352/919 252/351/920
usemtl M_Plank1:lambert6SG
f 253/390/921 254/391/922 256/392/923 255/393/924
f 255/393/925 256/394/926 258/395/927 257/396/928
f 257/397/929 258/398/930 260/399/931 259/400/932
f 259/401/933 260/402/934 254/403/935 253/390/936
f 254/391/937 260/399/938 258/398/939 256/392/940
f 259/401/941 253/390/942 255/393/943 257/396/944
usemtl M_Woodbig2:lambert6SG
f 261/404/945 263/405/946 279/406/947 281/407/948
f 262/408/949 261/409/950 266/410/951 265/411/952
f 292/412/953 285/413/954 268/414/955 267/415/956
f 264/416/957 266/417/958 282/418/959 284/419/960
f 286/420/961 287/421/962 272/422/963 271/423/964
f 267/424/965 269/425/966 274/426/967 273/427/968
f 269/428/969 268/414/970 271/423/971 270/429/972
f 270/430/973 272/431/974 278/432/975 277/433/976
f 273/434/977 275/435/978 290/436/979 291/437/980
f 275/435/981 274/426/982 277/433/983 276/438/984
f 276/438/985 278/439/986 288/440/987 289/441/988
f 281/407/989 280/442/990 283/443/991 282/418/992
f 285/413/993 286/420/994 271/423/995 268/414/996
f 269/425/997 270/430/998 277/433/999 274/426/1000
f 275/435/1001 276/438/1002 289/441/1003 290/436/1004
f 281/407/1005 282/418/1006 266/417/1007 261/404/1008
f 287/421/1009 288/440/1010 278/439/1011 272/422/1012
f 291/444/1013 292/412/1014 267/415/1015 273/445/1016
f 261/409/1017 262/408/1018 263/446/1019
f 264/447/1020 265/411/1021 266/410/1022
f 267/415/1023 268/414/1024 269/428/1025
f 270/429/1026 271/423/1027 272/422/1028
f 273/427/1029 274/426/1030 275/435/1031
f 276/438/1032 277/433/1033 278/432/1034
f 279/448/1035 280/442/1036 281/407/1037
f 282/418/1038 283/443/1039 284/449/1040
f 262/408/1041 265/411/1042 286/420/1043 285/413/1044
f 265/411/1045 264/447/1046 287/421/1047 286/420/1048
f 264/447/1049 284/449/1050 288/440/1051 287/421/1052
f 289/441/1053 288/440/1054 284/449/1055 283/443/1056
f 290/436/1057 289/441/1058 283/443/1059 280/442/1060
f 291/437/1061 290/436/1062 280/442/1063 279/448/1064
f 279/450/1065 263/446/1066 292/412/1067 291/444/1068
f 263/446/1069 262/408/1070 285/413/1071 292/412/1072
f 293/451/1073 295/452/1074 311/453/1075 313/454/1076
f 294/455/1077 293/456/1078 298/457/1079 297/458/1080
f 324/459/1081 317/460/1082 300/461/1083 299/462/1084
f 296/463/1085 298/464/1086 314/465/1087 316/466/1088
f 318/467/1089 319/468/1090 304/469/1091 303/470/1092
f 299/471/1093 301/472/1094 306/473/1095 305/474/1096
f 301/475/1097 300/461/1098 303/470/1099 302/476/1100
f 302/477/1101 304/478/1102 310/479/1103 309/480/1104
f 305/481/1105 307/482/1106 322/483/1107 323/484/1108
f 307/482/1109 306/473/1110 309/480/1111 308/485/1112
f 308/485/1113 310/486/1114 320/487/1115 321/488/1116
f 313/454/1117 312/489/1118 315/490/1119 314/465/1120
f 317/460/1121 318/467/1122 303/470/1123 300/461/1124
f 301/472/1125 302/477/1126 309/480/1127 306/473/1128
f 307/482/1129 308/485/1130 321/488/1131 322/483/1132
f 313/454/1133 314/465/1134 298/464/1135 293/451/1136
f 319/468/1137 320/487/1138 310/486/1139 304/469/1140
f 323/491/1141 324/459/1142 299/462/1143 305/492/1144
f 293/456/1145 294/455/1146 295/493/1147
f 296/494/1148 297/458/1149 298/457/1150
f 299/462/1151 300/461/1152 301/475/1153
f 302/476/1154 303/470/1155 304/469/1156
f 305/474/1157 306/473/1158 307/482/1159
f 308/485/1160 309/480/1161 310/479/1162
f 311/495/1163 312/489/1164 313/454/1165
f 314/465/1166 315/490/1167 316/496/1168
f 294/455/1169 297/458/1170 318/467/1171 317/460/1172
f 297/458/1173 296/494/1174 319/468/1175 318/467/1176
f 296/494/1177 316/496/1178 320/487/1179 319/468/1180
f 321/488/1181 320/487/1182 316/496/1183 315/490/1184
f 322/483/1185 321/488/1186 315/490/1187 312/489/1188
f 323/484/1189 322/483/1190 312/489/1191 311/495/1192
f 311/497/1193 295/493/1194 324/459/1195 323/491/1196
f 295/493/1197 294/455/1198 317/460/1199 324/459/1200
f 325/498/1201 327/499/1202 343/500/1203 345/501/1204
f 326/502/1205 325/503/1206 330/504/1207 329/505/1208
f 356/506/1209 349/507/1210 332/508/1211 331/509/1212
f 328/510/1213 330/511/1214 346/512/1215 348/513/1216
f 350/514/1217 351/515/1218 336/516/1219 335/517/1220
f 331/518/1221 333/519/1222 338/520/1223 337/521/1224
f 333/522/1225 332/508/1226 335/517/1227 334/523/1228
f 334/524/1229 336/525/1230 342/526/1231 341/527/1232
f 337/528/1233 339/529/1234 354/530/1235 355/531/1236
f 339/529/1237 338/520/1238 341/527/1239 340/532/1240
f 340/532/1241 342/533/1242 352/534/1243 353/535/1244
f 345/501/1245 344/536/1246 347/537/1247 346/512/1248
f 349/507/1249 350/514/1250 335/517/1251 332/508/1252
f 333/519/1253 334/524/1254 341/527/1255 338/520/1256
f 339/529/1257 340/532/1258 353/535/1259 354/530/1260
f 345/501/1261 346/512/1262 330/511/1263 325/498/1264
f 351/515/1265 352/534/1266 342/533/1267 336/516/1268
f 355/538/1269 356/506/1270 331/509/1271 337/539/1272
f 325/503/1273 326/502/1274 327/540/1275
f 328/541/1276 329/505/1277 330/504/1278
f 331/509/1279 332/508/1280 333/522/1281
f 334/523/1282 335/517/1283 336/516/1284
f 337/521/1285 338/520/1286 339/529/1287
f 340/532/1288 341/527/1289 342/526/1290
f 343/542/1291 344/536/1292 345/501/1293
f 346/512/1294 347/537/1295 348/543/1296
f 326/502/1297 329/505/1298 350/514/1299 349/507/1300
f 329/505/1301 328/541/1302 351/515/1303 350/514/1304
f 328/541/1305 348/543/1306 352/534/1307 351/515/1308
f 353/535/1309 352/534/1310 348/543/1311 347/537/1312
f 354/530/1313 353/535/1314 347/537/1315 344/536/1316
f 355/531/1317 354/530/1318 344/536/1319 343/542/1320
f 343/544/1321 327/540/1322 356/506/1323 355/538/1324
f 327/540/1325 326/502/1326 349/507/1327 356/506/1328
f 376/545/1329 369/546/1330 358/547/1331 357/548/1332
f 370/549/1333 371/550/1334 362/551/1335 361/552/1336
f 357/553/1337 359/554/1338 364/555/1339 363/556/1340
f 359/557/1341 358/547/1342 361/552/1343 360/558/1344
f 360/559/1345 362/560/1346 368/561/1347 367/562/1348
f 363/563/1349 365/564/1350 374/565/1351 375/566/1352
f 365/564/1353 364/555/1354 367/562/1355 366/567/1356
f 366/567/1357 368/568/1358 372/569/1359 373/570/1360
f 369/546/1361 370/549/1362 361/552/1363 358/547/1364
f 359/554/1365 360/559/1366 367/562/1367 364/555/1368
f 365/564/1369 366/567/1370 373/570/1371 374/565/1372
f 371/550/1373 372/569/1374 368/568/1375 362/551/1376
f 375/571/1377 376/545/1378 357/548/1379 363/572/1380
f 357/548/1381 358/547/1382 359/557/1383
f 360/558/1384 361/552/1385 362/551/1386
f 363/556/1387 364/555/1388 365/564/1389
f 366/567/1390 367/562/1391 368/561/1392
f 396/573/1393 389/574/1394 378/575/1395 377/576/1396
f 390/577/1397 391/578/1398 382/579/1399 381/580/1400
f 377/581/1401 379/582/1402 384/583/1403 383/584/1404
f 379/585/1405 378/575/1406 381/580/1407 380/586/1408
f 380/587/1409 382/588/1410 388/589/1411 387/590/1412
f 383/591/1413 385/592/1414 394/593/1415 395/594/1416
f 385/592/1417 384/583/1418 387/590/1419 386/595/1420
f 386/595/1421 388/596/1422 392/597/1423 393/598/1424
f 389/574/1425 390/577/1426 381/580/1427 378/575/1428
f 379/582/1429 380/587/1430 387/590/1431 384/583/1432
f 385/592/1433 386/595/1434 393/598/1435 394/593/1436
f 391/578/1437 392/597/1438 388/596/1439 382/579/1440
f 395/599/1441 396/573/1442 377/576/1443 383/600/1444
f 377/576/1445 378/575/1446 379/585/1447
f 380/586/1448 381/580/1449 382/579/1450
f 383/584/1451 384/583/1452 385/592/1453
f 386/595/1454 387/590/1455 388/589/1456
f 397/601/1457 399/602/1458 415/603/1459 417/604/1460
f 398/605/1461 397/606/1462 402/607/1463 401/608/1464
f 428/609/1465 421/610/1466 404/611/1467 403/612/1468
f 400/613/1469 402/614/1470 418/615/1471 420/616/1472
f 422/617/1473 423/618/1474 408/619/1475 407/620/1476
f 403/621/1477 405/622/1478 410/623/1479 409/624/1480
f 405/625/1481 404/611/1482 407/620/1483 406/626/1484
f 406/627/1485 408/628/1486 414/629/1487 413/630/1488
f 409/631/1489 411/632/1490 426/633/1491 427/634/1492
f 411/632/1493 410/623/1494 413/630/1495 412/635/1496
f 412/635/1497 414/636/1498 424/637/1499 425/638/1500
f 417/604/1501 416/639/1502 419/640/1503 418/615/1504
f 421/610/1505 422/617/1506 407/620/1507 404/611/1508
f 405/622/1509 406/627/1510 413/630/1511 410/623/1512
f 411/632/1513 412/635/1514 425/638/1515 426/633/1516
f 417/604/1517 418/615/1518 402/614/1519 397/601/1520
f 423/618/1521 424/637/1522 414/636/1523 408/619/1524
f 427/641/1525 428/609/1526 403/612/1527 409/642/1528
f 397/606/1529 398/605/1530 399/643/1531
f 400/644/1532 401/608/1533 402/607/1534
f 403/612/1535 404/611/1536 405/625/1537
f 406/626/1538 407/620/1539 408/619/1540
f 409/624/1541 410/623/1542 411/632/1543
f 412/635/1544 413/630/1545 414/629/1546
f 415/645/1547 416/639/1548 417/604/1549
f 418/615/1550 419/640/1551 420/646/1552
f 398/605/1553 401/608/1554 422/617/1555 421/610/1556
f 401/608/1557 400/644/1558 423/618/1559 422/617/1560
f 400/644/1561 420/646/1562 424/637/1563 423/618/1564
f 425/638/1565 424/637/1566 420/646/1567 419/640/1568
f 426/633/1569 425/638/1570 419/640/1571 416/639/1572
f 427/634/1573 426/633/1574 416/639/1575 415/645/1576
f 415/647/1577 399/643/1578 428/609/1579 427/641/1580
f 399/643/1581 398/605/1582 421/610/1583 428/609/1584
f 429/648/1585 431/649/1586 447/650/1587 449/651/1588
f 430/652/1589 429/653/1590 434/654/1591 433/655/1592
f 460/656/1593 453/657/1594 436/658/1595 435/659/1596
f 432/660/1597 434/661/1598 450/662/1599 452/663/1600
f 454/664/1601 455/665/1602 440/666/1603 439/667/1604
f 435/668/1605 437/669/1606 442/670/1607 441/671/1608
f 437/672/1609 436/658/1610 439/667/1611 438/673/1612
f 438/674/1613 440/675/1614 446/676/1615 445/677/1616
f 441/678/1617 443/679/1618 458/680/1619 459/681/1620
f 443/679/1621 442/670/1622 445/677/1623 444/682/1624
f 444/682/1625 446/683/1626 456/684/1627 457/685/1628
f 449/651/1629 448/686/1630 451/687/1631 450/662/1632
f 453/657/1633 454/664/1634 439/667/1635 436/658/1636
f 437/669/1637 438/674/1638 445/677/1639 442/670/1640
f 443/679/1641 444/682/1642 457/685/1643 458/680/1644
f 449/651/1645 450/662/1646 434/661/1647 429/648/1648
f 455/665/1649 456/684/1650 446/683/1651 440/666/1652
f 459/688/1653 460/656/1654 435/659/1655 441/689/1656
f 429/653/1657 430/652/1658 431/690/1659
f 432/691/1660 433/655/1661 434/654/1662
f 435/659/1663 436/658/1664 437/672/1665
f 438/673/1666 439/667/1667 440/666/1668
f 441/671/1669 442/670/1670 443/679/1671
f 444/682/1672 445/677/1673 446/676/1674
f 447/692/1675 448/686/1676 449/651/1677
f 450/662/1678 451/687/1679 452/693/1680
f 430/652/1681 433/655/1682 454/664/1683 453/657/1684
f 433/655/1685 432/691/1686 455/665/1687 454/664/1688
f 432/691/1689 452/693/1690 456/684/1691 455/665/1692
f 457/685/1693 456/684/1694 452/693/1695 451/687/1696
f 458/680/1697 457/685/1698 451/687/1699 448/686/1700
f 459/681/1701 458/680/1702 448/686/1703 447/692/1704
f 447/694/1705 431/690/1706 460/656/1707 459/688/1708
f 431/690/1709 430/652/1710 453/657/1711 460/656/1712
f 461/695/1713 463/696/1714 479/697/1715 481/698/1716
f 462/699/1717 461/700/1718 466/701/1719 465/702/1720
f 492/703/1721 485/704/1722 468/705/1723 467/706/1724
f 464/707/1725 466/708/1726 482/709/1727 484/710/1728
f 486/711/1729 487/712/1730 472/713/1731 471/714/1732
f 467/715/1733 469/716/1734 474/717/1735 473/718/1736
f 469/719/1737 468/705/1738 471/714/1739 470/720/1740
f 470/721/1741 472/722/1742 478/723/1743 477/724/1744
f 473/725/1745 475/726/1746 490/727/1747 491/728/1748
f 475/726/1749 474/717/1750 477/724/1751 476/729/1752
f 476/729/1753 478/730/1754 488/731/1755 489/732/1756
f 481/698/1757 480/733/1758 483/734/1759 482/709/1760
f 485/704/1761 486/711/1762 471/714/1763 468/705/1764
f 469/716/1765 470/721/1766 477/724/1767 474/717/1768
f 475/726/1769 476/729/1770 489/732/1771 490/727/1772
f 481/698/1773 482/709/1774 466/708/1775 461/695/1776
f 487/712/1777 488/731/1778 478/730/1779 472/713/1780
f 491/735/1781 492/703/1782 467/706/1783 473/736/1784
f 461/700/1785 462/699/1786 463/737/1787
f 464/738/1788 465/702/1789 466/701/1790
f 467/706/1791 468/705/1792 469/719/1793
f 470/720/1794 471/714/1795 472/713/1796
f 473/718/1797 474/717/1798 475/726/1799
f 476/729/1800 477/724/1801 478/723/1802
f 479/739/1803 480/733/1804 481/698/1805
f 482/709/1806 483/734/1807 484/740/1808
f 462/699/1809 465/702/1810 486/711/1811 485/704/1812
f 465/702/1813 464/738/1814 487/712/1815 486/711/1816
f 464/738/1817 484/740/1818 488/731/1819 487/712/1820
f 489/732/1821 488/731/1822 484/740/1823 483/734/1824
f 490/727/1825 489/732/1826 483/734/1827 480/733/1828
f 491/728/1829 490/727/1830 480/733/1831 479/739/1832
f 479/741/1833 463/737/1834 492/703/1835 491/735/1836
f 463/737/1837 462/699/1838 485/704/1839 492/703/1840
f 512/742/1841 505/743/1842 494/744/1843 493/745/1844
f 506/746/1845 507/747/1846 498/748/1847 497/749/1848
f 493/750/1849 495/751/1850 500/752/1851 499/753/1852
f 495/754/1853 494/744/1854 497/749/1855 496/755/1856
f 496/756/1857 498/757/1858 504/758/1859 503/759/1860
f 499/760/1861 501/761/1862 510/762/1863 511/763/1864
f 501/761/1865 500/752/1866 503/759/1867 502/764/1868
f 502/764/1869 504/765/1870 508/766/1871 509/767/1872
f 505/743/1873 506/746/1874 497/749/1875 494/744/1876
f 495/751/1877 496/756/1878 503/759/1879 500/752/1880
f 501/761/1881 502/764/1882 509/767/1883 510/762/1884
f 507/747/1885 508/766/1886 504/765/1887 498/748/1888
f 511/768/1889 512/742/1890 493/745/1891 499/769/1892
f 493/745/1893 494/744/1894 495/754/1895
f 496/755/1896 497/749/1897 498/748/1898
f 499/753/1899 500/752/1900 501/761/1901
f 502/764/1902 503/759/1903 504/758/1904
f 532/770/1905 525/771/1906 514/772/1907 513/773/1908
f 526/774/1909 527/775/1910 518/776/1911 517/777/1912
f 513/778/1913 515/779/1914 520/780/1915 519/781/1916
f 515/782/1917 514/772/1918 517/777/1919 516/783/1920
f 516/784/1921 518/785/1922 524/786/1923 523/787/1924
f 519/788/1925 521/789/1926 530/790/1927 531/791/1928
f 521/789/1929 520/780/1930 523/787/1931 522/792/1932
f 522/792/1933 524/793/1934 528/794/1935 529/795/1936
f 525/771/1937 526/774/1938 517/777/1939 514/772/1940
f 515/779/1941 516/784/1942 523/787/1943 520/780/1944
f 521/789/1945 522/792/1946 529/795/1947 530/790/1948
f 527/775/1949 528/794/1950 524/793/1951 518/776/1952
f 531/796/1953 532/770/1954 513/773/1955 519/797/1956
f 513/773/1957 514/772/1958 515/782/1959
f 516/783/1960 517/777/1961 518/776/1962
f 519/781/1963 520/780/1964 521/789/1965
f 522/792/1966 523/787/1967 524/786/1968
f 533/798/1969 535/799/1970 551/800/1971 553/801/1972
f 534/802/1973 533/803/1974 538/804/1975 537/805/1976
f 564/806/1977 557/807/1978 540/808/1979 539/809/1980
f 536/810/1981 538/811/1982 554/812/1983 556/813/1984
f 558/814/1985 559/815/1986 544/816/1987 543/817/1988
f 539/818/1989 541/819/1990 546/820/1991 545/821/1992
f 541/822/1993 540/808/1994 543/817/1995 542/823/1996
f 542/824/1997 544/825/1998 550/826/1999 549/827/2000
f 545/828/2001 547/829/2002 562/830/2003 563/831/2004
f 547/829/2005 546/820/2006 549/827/2007 548/832/2008
f 548/832/2009 550/833/2010 560/834/2011 561/835/2012
f 553/801/2013 552/836/2014 555/837/2015 554/812/2016
f 557/807/2017 558/814/2018 543/817/2019 540/808/2020
f 541/819/2021 542/824/2022 549/827/2023 546/820/2024
f 547/829/2025 548/832/2026 561/835/2027 562/830/2028
f 553/801/2029 554/812/2030 538/811/2031 533/798/2032
f 559/815/2033 560/834/2034 550/833/2035 544/816/2036
f 563/838/2037 564/806/2038 539/809/2039 545/839/2040
f 533/803/2041 534/802/2042 535/840/2043
f 536/841/2044 537/805/2045 538/804/2046
f 539/809/2047 540/808/2048 541/822/2049
f 542/823/2050 543/817/2051 544/816/2052
f 545/821/2053 546/820/2054 547/829/2055
f 548/832/2056 549/827/2057 550/826/2058
f 551/842/2059 552/836/2060 553/801/2061
f 554/812/2062 555/837/2063 556/843/2064
f 534/802/2065 537/805/2066 558/814/2067 557/807/2068
f 537/805/2069 536/841/2070 559/815/2071 558/814/2072
f 536/841/2073 556/843/2074 560/834/2075 559/815/2076
f 561/835/2077 560/834/2078 556/843/2079 555/837/2080
f 562/830/2081 561/835/2082 555/837/2083 552/836/2084
f 563/831/2085 562/830/2086 552/836/2087 551/842/2088
f 551/844/2089 535/840/2090 564/806/2091 563/838/2092
f 535/840/2093 534/802/2094 557/807/2095 564/806/2096
f 565/845/2097 567/846/2098 583/847/2099 585/848/2100
f 566/849/2101 565/850/2102 570/851/2103 569/852/2104
f 596/853/2105 589/854/2106 572/855/2107 571/856/2108
f 568/857/2109 570/858/2110 586/859/2111 588/860/2112
f 590/861/2113 591/862/2114 576/863/2115 575/864/2116
f 571/865/2117 573/866/2118 578/867/2119 577/868/2120
f 573/869/2121 572/855/2122 575/864/2123 574/870/2124
f 574/871/2125 576/872/2126 582/873/2127 581/874/2128
f 577/875/2129 579/876/2130 594/877/2131 595/878/2132
f 579/876/2133 578/867/2134 581/874/2135 580/879/2136
f 580/879/2137 582/880/2138 592/881/2139 593/882/2140
f 585/848/2141 584/883/2142 587/884/2143 586/859/2144
f 589/854/2145 590/861/2146 575/864/2147 572/855/2148
f 573/866/2149 574/871/2150 581/874/2151 578/867/2152
f 579/876/2153 580/879/2154 593/882/2155 594/877/2156
f 585/848/2157 586/859/2158 570/858/2159 565/845/2160
f 591/862/2161 592/881/2162 582/880/2163 576/863/2164
f 595/885/2165 596/853/2166 571/856/2167 577/886/2168
f 565/850/2169 566/849/2170 567/887/2171
f 568/888/2172 569/852/2173 570/851/2174
f 571/856/2175 572/855/2176 573/869/2177
f 574/870/2178 575/864/2179 576/863/2180
f 577/868/2181 578/867/2182 579/876/2183
f 580/879/2184 581/874/2185 582/873/2186
f 583/889/2187 584/883/2188 585/848/2189
f 586/859/2190 587/884/2191 588/890/2192
f 566/849/2193 569/852/2194 590/861/2195 589/854/2196
f 569/852/2197 568/888/2198 591/862/2199 590/861/2200
f 568/888/2201 588/890/2202 592/881/2203 591/862/2204
f 593/882/2205 592/881/2206 588/890/2207 587/884/2208
f 594/877/2209 593/882/2210 587/884/2211 584/883/2212
f 595/878/2213 594/877/2214 584/883/2215 583/889/2216
f 583/891/2217 567/887/2218 596/853/2219 595/885/2220
f 567/887/2221 566/849/2222 589/854/2223 596/853/2224
f 597/892/2225 599/893/2226 615/894/2227 617/895/2228
f 598/896/2229 597/897/2230 602/898/2231 601/899/2232
f 628/900/2233 621/901/2234 604/902/2235 603/903/2236
f 600/904/2237 602/905/2238 618/906/2239 620/907/2240
f 622/908/2241 623/909/2242 608/910/2243 607/911/2244
f 603/912/2245 605/913/2246 610/914/2247 609/915/2248
f 605/916/2249 604/902/2250 607/911/2251 606/917/2252
f 606/918/2253 608/919/2254 614/920/2255 613/921/2256
f 609/922/2257 611/923/2258 626/924/2259 627/925/2260
f 611/923/2261 610/914/2262 613/921/2263 612/926/2264
f 612/926/2265 614/927/2266 624/928/2267 625/929/2268
f 617/895/2269 616/930/2270 619/931/2271 618/906/2272
f 621/901/2273 622/908/2274 607/911/2275 604/902/2276
f 605/913/2277 606/918/2278 613/921/2279 610/914/2280
f 611/923/2281 612/926/2282 625/929/2283 626/924/2284
f 617/895/2285 618/906/2286 602/905/2287 597/892/2288
f 623/909/2289 624/928/2290 614/927/2291 608/910/2292
f 627/932/2293 628/900/2294 603/903/2295 609/933/2296
f 597/897/2297 598/896/2298 599/934/2299
f 600/935/2300 601/899/2301 602/898/2302
f 603/903/2303 604/902/2304 605/916/2305
f 606/917/2306 607/911/2307 608/910/2308
f 609/915/2309 610/914/2310 611/923/2311
f 612/926/2312 613/921/2313 614/920/2314
f 615/936/2315 616/930/2316 617/895/2317
f 618/906/2318 619/931/2319 620/937/2320
f 598/896/2321 601/899/2322 622/908/2323 621/901/2324
f 601/899/2325 600/935/2326 623/909/2327 622/908/2328
f 600/935/2329 620/937/2330 624/928/2331 623/909/2332
f 625/929/2333 624/928/2334 620/937/2335 619/931/2336
f 626/924/2337 625/929/2338 619/931/2339 616/930/2340
f 627/925/2341 626/924/2342 616/930/2343 615/936/2344
f 615/938/2345 599/934/2346 628/900/2347 627/932/2348
f 599/934/2349 598/896/2350 621/901/2351 628/900/2352
f 648/939/2353 641/940/2354 630/941/2355 629/942/2356
f 642/943/2357 643/944/2358 634/945/2359 633/946/2360
f 629/947/2361 631/948/2362 636/949/2363 635/950/2364
f 631/951/2365 630/941/2366 633/946/2367 632/952/2368
f 632/953/2369 634/954/2370 640/955/2371 639/956/2372
f 635/957/2373 637/958/2374 646/959/2375 647/960/2376
f 637/958/2377 636/949/2378 639/956/2379 638/961/2380
f 638/961/2381 640/962/2382 644/963/2383 645/964/2384
f 641/940/2385 642/943/2386 633/946/2387 630/941/2388
f 631/948/2389 632/953/2390 639/956/2391 636/949/2392
f 637/958/2393 638/961/2394 645/964/2395 646/959/2396
f 643/944/2397 644/963/2398 640/962/2399 634/945/2400
f 647/965/2401 648/939/2402 629/942/2403 635/966/2404
f 629/942/2405 630/941/2406 631/951/2407
f 632/952/2408 633/946/2409 634/945/2410
f 635/950/2411 636/949/2412 637/958/2413
f 638/961/2414 639/956/2415 640/955/2416
f 668/967/2417 661/968/2418 650/969/2419 649/970/2420
f 662/971/2421 663/972/2422 654/973/2423 653/974/2424
f 649/975/2425 651/976/2426 656/977/2427 655/978/2428
f 651/979/2429 650/969/2430 653/974/2431 652/980/2432
f 652/981/2433 654/982/2434 660/983/2435 659/984/2436
f 655/985/2437 657/986/2438 666/987/2439 667/988/2440
f 657/986/2441 656/977/2442 659/984/2443 658/989/2444
f 658/989/2445 660/990/2446 664/991/2447 665/992/2448
f 661/968/2449 662/971/2450 653/974/2451 650/969/2452
f 651/976/2453 652/981/2454 659/984/2455 656/977/2456
f 657/986/2457 658/989/2458 665/992/2459 666/987/2460
f 663/972/2461 664/991/2462 660/990/2463 654/973/2464
f 667/993/2465 668/967/2466 649/970/2467 655/994/2468
f 649/970/2469 650/969/2470 651/979/2471
f 652/980/2472 653/974/2473 654/973/2474
f 655/978/2475 656/977/2476 657/986/2477
f 658/989/2478 659/984/2479 660/983/2480
f 669/995/2481 671/996/2482 687/997/2483 689/998/2484
f 670/999/2485 669/1000/2486 674/1001/2487 673/1002/2488
f 700/1003/2489 693/1004/2490 676/1005/2491 675/1006/2492
f 672/1007/2493 674/1008/2494 690/1009/2495 692/1010/2496
f 694/1011/2497 695/1012/2498 680/1013/2499 679/1014/2500
f 675/1015/2501 677/1016/2502 682/1017/2503 681/1018/2504
f 677/1019/2505 676/1005/2506 679/1014/2507 678/1020/2508
f 678/1021/2509 680/1022/2510 686/1023/2511 685/1024/2512
f 681/1025/2513 683/1026/2514 698/1027/2515 699/1028/2516
f 683/1026/2517 682/1017/2518 685/1024/2519 684/1029/2520
f 684/1029/2521 686/1030/2522 696/1031/2523 697/1032/2524
f 689/998/2525 688/1033/2526 691/1034/2527 690/1009/2528
f 693/1004/2529 694/1011/2530 679/1014/2531 676/1005/2532
f 677/1016/2533 678/1021/2534 685/1024/2535 682/1017/2536
f 683/1026/2537 684/1029/2538 697/1032/2539 698/1027/2540
f 689/998/2541 690/1009/2542 674/1008/2543 669/995/2544
f 695/1012/2545 696/1031/2546 686/1030/2547 680/1013/2548
f 699/1035/2549 700/1003/2550 675/1006/2551 681/1036/2552
f 669/1000/2553 670/999/2554 671/1037/2555
f 672/1038/2556 673/1002/2557 674/1001/2558
f 675/1006/2559 676/1005/2560 677/1019/2561
f 678/1020/2562 679/1014/2563 680/1013/2564
f 681/1018/2565 682/1017/2566 683/1026/2567
f 684/1029/2568 685/1024/2569 686/1023/2570
f 687/1039/2571 688/1033/2572 689/998/2573
f 690/1009/2574 691/1034/2575 692/1040/2576
f 670/999/2577 673/1002/2578 694/1011/2579 693/1004/2580
f 673/1002/2581 672/1038/2582 695/1012/2583 694/1011/2584
f 672/1038/2585 692/1040/2586 696/1031/2587 695/1012/2588
f 697/1032/2589 696/1031/2590 692/1040/2591 691/1034/2592
f 698/1027/2593 697/1032/2594 691/1034/2595 688/1033/2596
f 699/1028/2597 698/1027/2598 688/1033/2599 687/1039/2600
f 687/1041/2601 671/1037/2602 700/1003/2603 699/1035/2604
f 671/1037/2605 670/999/2606 693/1004/2607 700/1003/2608
f 701/1042/2609 703/1043/2610 719/1044/2611 721/1045/2612
f 702/1046/2613 701/1047/2614 706/1048/2615 705/1049/2616
f 732/1050/2617 725/1051/2618 708/1052/2619 707/1053/2620
f 704/1054/2621 706/1055/2622 722/1056/2623 724/1057/2624
f 726/1058/2625 727/1059/2626 712/1060/2627 711/1061/2628
f 707/1062/2629 709/1063/2630 714/1064/2631 713/1065/2632
f 709/1066/2633 708/1052/2634 711/1061/2635 710/1067/2636
f 710/1068/2637 712/1069/2638 718/1070/2639 717/1071/2640
f 713/1072/2641 715/1073/2642 730/1074/2643 731/1075/2644
f 715/1073/2645 714/1064/2646 717/1071/2647 716/1076/2648
f 716/1076/2649 718/1077/2650 728/1078/2651 729/1079/2652
f 721/1045/2653 720/1080/2654 723/1081/2655 722/1056/2656
f 725/1051/2657 726/1058/2658 711/1061/2659 708/1052/2660
f 709/1063/2661 710/1068/2662 717/1071/2663 714/1064/2664
f 715/1073/2665 716/1076/2666 729/1079/2667 730/1074/2668
f 721/1045/2669 722/1056/2670 706/1055/2671 701/1042/2672
f 727/1059/2673 728/1078/2674 718/1077/2675 712/1060/2676
f 731/1082/2677 732/1050/2678 707/1053/2679 713/1083/2680
f 701/1047/2681 702/1046/2682 703/1084/2683
f 704/1085/2684 705/1049/2685 706/1048/2686
f 707/1053/2687 708/1052/2688 709/1066/2689
f 710/1067/2690 711/1061/2691 712/1060/2692
f 713/1065/2693 714/1064/2694 715/1073/2695
f 716/1076/2696 717/1071/2697 718/1070/2698
f 719/1086/2699 720/1080/2700 721/1045/2701
f 722/1056/2702 723/1081/2703 724/1087/2704
f 702/1046/2705 705/1049/2706 726/1058/2707 725/1051/2708
f 705/1049/2709 704/1085/2710 727/1059/2711 726/1058/2712
f 704/1085/2713 724/1087/2714 728/1078/2715 727/1059/2716
f 729/1079/2717 728/1078/2718 724/1087/2719 723/1081/2720
f 730/1074/2721 729/1079/2722 723/1081/2723 720/1080/2724
f 731/1075/2725 730/1074/2726 720/1080/2727 719/1086/2728
f 719/1088/2729 703/1084/2730 732/1050/2731 731/1082/2732
f 703/1084/2733 702/1046/2734 725/1051/2735 732/1050/2736
f 733/1089/2737 735/1090/2738 751/1091/2739 753/1092/2740
f 734/1093/2741 733/1094/2742 738/1095/2743 737/1096/2744
f 764/1097/2745 757/1098/2746 740/1099/2747 739/1100/2748
f 736/1101/2749 738/1102/2750 754/1103/2751 756/1104/2752
f 758/1105/2753 759/1106/2754 744/1107/2755 743/1108/2756
f 739/1109/2757 741/1110/2758 746/1111/2759 745/1112/2760
f 741/1113/2761 740/1099/2762 743/1108/2763 742/1114/2764
f 742/1115/2765 744/1116/2766 750/1117/2767 749/1118/2768
f 745/1119/2769 747/1120/2770 762/1121/2771 763/1122/2772
f 747/1120/2773 746/1111/2774 749/1118/2775 748/1123/2776
f 748/1123/2777 750/1124/2778 760/1125/2779 761/1126/2780
f 753/1092/2781 752/1127/2782 755/1128/2783 754/1103/2784
f 757/1098/2785 758/1105/2786 743/1108/2787 740/1099/2788
f 741/1110/2789 742/1115/2790 749/1118/2791 746/1111/2792
f 747/1120/2793 748/1123/2794 761/1126/2795 762/1121/2796
f 753/1092/2797 754/1103/2798 738/1102/2799 733/1089/2800
f 759/1106/2801 760/1125/2802 750/1124/2803 744/1107/2804
f 763/1129/2805 764/1097/2806 739/1100/2807 745/1130/2808
f 733/1094/2809 734/1093/2810 735/1131/2811
f 736/1132/2812 737/1096/2813 738/1095/2814
f 739/1100/2815 740/1099/2816 741/1113/2817
f 742/1114/2818 743/1108/2819 744/1107/2820
f 745/1112/2821 746/1111/2822 747/1120/2823
f 748/1123/2824 749/1118/2825 750/1117/2826
f 751/1133/2827 752/1127/2828 753/1092/2829
f 754/1103/2830 755/1128/2831 756/1134/2832
f 734/1093/2833 737/1096/2834 758/1105/2835 757/1098/2836
f 737/1096/2837 736/1132/2838 759/1106/2839 758/1105/2840
f 736/1132/2841 756/1134/2842 760/1125/2843 759/1106/2844
f 761/1126/2845 760/1125/2846 756/1134/2847 755/1128/2848
f 762/1121/2849 761/1126/2850 755/1128/2851 752/1127/2852
f 763/1122/2853 762/1121/2854 752/1127/2855 751/1133/2856
f 751/1135/2857 735/1131/2858 764/1097/2859 763/1129/2860
f 735/1131/2861 734/1093/2862 757/1098/2863 764/1097/2864
f 784/1136/2865 777/1137/2866 766/1138/2867 765/1139/2868
f 778/1140/2869 779/1141/2870 770/1142/2871 769/1143/2872
f 765/1144/2873 767/1145/2874 772/1146/2875 771/1147/2876
f 767/1148/2877 766/1138/2878 769/1143/2879 768/1149/2880
f 768/1150/2881 770/1151/2882 776/1152/2883 775/1153/2884
f 771/1154/2885 773/1155/2886 782/1156/2887 783/1157/2888
f 773/1155/2889 772/1146/2890 775/1153/2891 774/1158/2892
f 774/1158/2893 776/1159/2894 780/1160/2895 781/1161/2896
f 777/1137/2897 778/1140/2898 769/1143/2899 766/1138/2900
f 767/1145/2901 768/1150/2902 775/1153/2903 772/1146/2904
f 773/1155/2905 774/1158/2906 781/1161/2907 782/1156/2908
f 779/1141/2909 780/1160/2910 776/1159/2911 770/1142/2912
f 783/1162/2913 784/1136/2914 765/1139/2915 771/1163/2916
f 765/1139/2917 766/1138/2918 767/1148/2919
f 768/1149/2920 769/1143/2921 770/1142/2922
f 771/1147/2923 772/1146/2924 773/1155/2925
f 774/1158/2926 775/1153/2927 776/1152/2928
f 804/1164/2929 797/1165/2930 786/1166/2931 785/1167/2932
f 798/1168/2933 799/1169/2934 790/1170/2935 789/1171/2936
f 785/1172/2937 787/1173/2938 792/1174/2939 791/1175/2940
f 787/1176/2941 786/1166/2942 789/1171/2943 788/1177/2944
f 788/1178/2945 790/1179/2946 796/1180/2947 795/1181/2948
f 791/1182/2949 793/1183/2950 802/1184/2951 803/1185/2952
f 793/1183/2953 792/1174/2954 795/1181/2955 794/1186/2956
f 794/1186/2957 796/1187/2958 800/1188/2959 801/1189/2960
f 797/1165/2961 798/1168/2962 789/1171/2963 786/1166/2964
f 787/1173/2965 788/1178/2966 795/1181/2967 792/1174/2968
f 793/1183/2969 794/1186/2970 801/1189/2971 802/1184/2972
f 799/1169/2973 800/1188/2974 796/1187/2975 790/1170/2976
f 803/1190/2977 804/1164/2978 785/1167/2979 791/1191/2980
f 785/1167/2981 786/1166/2982 787/1176/2983
f 788/1177/2984 789/1171/2985 790/1170/2986
f 791/1175/2987 792/1174/2988 793/1183/2989
f 794/1186/2990 795/1181/2991 796/1180/2992
usemtl M_Plank1:lambert6SG
f 805/1192/2993 806/1193/2994 808/1194/2995 807/1195/2996
f 807/1195/2997 808/1196/2998 810/1197/2999 809/1198/3000
f 809/1199/3001 810/1200/3002 812/1201/3003 811/1202/3004
f 811/1203/3005 812/1204/3006 806/1205/3007 805/1192/3008
f 806/1193/3009 812/1201/3010 810/1200/3011 808/1194/3012
f 811/1203/3013 805/1192/3014 807/1195/3015 809/1198/3016
f 813/1206/3017 814/1207/3018 816/1208/3019 815/1209/3020
f 815/1209/3021 816/1210/3022 818/1211/3023 817/1212/3024
f 817/1213/3025 818/1214/3026 820/1215/3027 819/1216/3028
f 819/1217/3029 820/1218/3030 814/1219/3031 813/1206/3032
f 814/1207/3033 820/1215/3034 818/1214/3035 816/1208/3036
f 819/1217/3037 813/1206/3038 815/1209/3039 817/1212/3040
f 821/1220/3041 822/1221/3042 824/1222/3043 823/1223/3044
f 823/1223/3045 824/1224/3046 826/1225/3047 825/1226/3048
f 825/1227/3049 826/1228/3050 828/1229/3051 827/1230/3052
f 827/1231/3053 828/1232/3054 822/1233/3055 821/1220/3056
f 822/1221/3057 828/1229/3058 826/1228/3059 824/1222/3060
f 827/1231/3061 821/1220/3062 823/1223/3063 825/1226/3064
usemtl M_Woodbig2:lambert6SG
f 829/1234/3065 831/1235/3066 847/1236/3067 849/1237/3068
f 830/1238/3069 829/1239/3070 834/1240/3071 833/1241/3072
f 860/1242/3073 853/1243/3074 836/1244/3075 835/1245/3076
f 832/1246/3077 834/1247/3078 850/1248/3079 852/1249/3080
f 854/1250/3081 855/1251/3082 840/1252/3083 839/1253/3084
f 835/1254/3085 837/1255/3086 842/1256/3087 841/1257/3088
f 837/1258/3089 836/1244/3090 839/1253/3091 838/1259/3092
f 838/1260/3093 840/1261/3094 846/1262/3095 845/1263/3096
f 841/1264/3097 843/1265/3098 858/1266/3099 859/1267/3100
f 843/1265/3101 842/1256/3102 845/1263/3103 844/1268/3104
f 844/1268/3105 846/1269/3106 856/1270/3107 857/1271/3108
f 849/1237/3109 848/1272/3110 851/1273/3111 850/1248/3112
f 853/1243/3113 854/1250/3114 839/1253/3115 836/1244/3116
f 837/1255/3117 838/1260/3118 845/1263/3119 842/1256/3120
f 843/1265/3121 844/1268/3122 857/1271/3123 858/1266/3124
f 849/1237/3125 850/1248/3126 834/1247/3127 829/1234/3128
f 855/1251/3129 856/1270/3130 846/1269/3131 840/1252/3132
f 859/1274/3133 860/1242/3134 835/1245/3135 841/1275/3136
f 829/1239/3137 830/1238/3138 831/1276/3139
f 832/1277/3140 833/1241/3141 834/1240/3142
f 835/1245/3143 836/1244/3144 837/1258/3145
f 838/1259/3146 839/1253/3147 840/1252/3148
f 841/1257/3149 842/1256/3150 843/1265/3151
f 844/1268/3152 845/1263/3153 846/1262/3154
f 847/1278/3155 848/1272/3156 849/1237/3157
f 850/1248/3158 851/1273/3159 852/1279/3160
f 830/1238/3161 833/1241/3162 854/1250/3163 853/1243/3164
f 833/1241/3165 832/1277/3166 855/1251/3167 854/1250/3168
f 832/1277/3169 852/1279/3170 856/1270/3171 855/1251/3172
f 857/1271/3173 856/1270/3174 852/1279/3175 851/1273/3176
f 858/1266/3177 857/1271/3178 851/1273/3179 848/1272/3180
f 859/1267/3181 858/1266/3182 848/1272/3183 847/1278/3184
f 847/1280/3185 831/1276/3186 860/1242/3187 859/1274/3188
f 831/1276/3189 830/1238/3190 853/1243/3191 860/1242/3192
usemtl M_Plank1:lambert6SG
f 861/1281/3193 862/1282/3194 864/1283/3195 863/1284/3196
f 863/1284/3197 864/1285/3198 866/1286/3199 865/1287/3200
f 865/1288/3201 866/1289/3202 868/1290/3203 867/1291/3204
f 867/1292/3205 868/1293/3206 862/1294/3207 861/1281/3208
f 862/1282/3209 868/1290/3210 866/1289/3211 864/1283/3212
f 867/1292/3213 861/1281/3214 863/1284/3215 865/1287/3216
f 869/1295/3217 870/1296/3218 872/1297/3219 871/1298/3220
f 871/1298/3221 872/1299/3222 874/1300/3223 873/1301/3224
f 873/1302/3225 874/1303/3226 876/1304/3227 875/1305/3228
f 875/1306/3229 876/1307/3230 870/1308/3231 869/1295/3232
f 870/1296/3233 876/1304/3234 874/1303/3235 872/1297/3236
f 875/1306/3237 869/1295/3238 871/1298/3239 873/1301/3240
usemtl M_Woodbig2:lambert6SG
f 877/1309/3241 879/1310/3242 895/1311/3243 897/1312/3244
f 878/1313/3245 877/1314/3246 882/1315/3247 881/1316/3248
f 908/1317/3249 901/1318/3250 884/1319/3251 883/1320/3252
f 880/1321/3253 882/1322/3254 898/1323/3255 900/1324/3256
f 902/1325/3257 903/1326/3258 888/1327/3259 887/1328/3260
f 883/1329/3261 885/1330/3262 890/1331/3263 889/1332/3264
f 885/1333/3265 884/1319/3266 887/1328/3267 886/1334/3268
f 886/1335/3269 888/1336/3270 894/1337/3271 893/1338/3272
f 889/1339/3273 891/1340/3274 906/1341/3275 907/1342/3276
f 891/1340/3277 890/1331/3278 893/1338/3279 892/1343/3280
f 892/1343/3281 894/1344/3282 904/1345/3283 905/1346/3284
f 897/1312/3285 896/1347/3286 899/1348/3287 898/1323/3288
f 901/1318/3289 902/1325/3290 887/1328/3291 884/1319/3292
f 885/1330/3293 886/1335/3294 893/1338/3295 890/1331/3296
f 891/1340/3297 892/1343/3298 905/1346/3299 906/1341/3300
f 897/1312/3301 898/1323/3302 882/1322/3303 877/1309/3304
f 903/1326/3305 904/1345/3306 894/1344/3307 888/1327/3308
f 907/1349/3309 908/1317/3310 883/1320/3311 889/1350/3312
f 877/1314/3313 878/1313/3314 879/1351/3315
f 880/1352/3316 881/1316/3317 882/1315/3318
f 883/1320/3319 884/1319/3320 885/1333/3321
f 886/1334/3322 887/1328/3323 888/1327/3324
f 889/1332/3325 890/1331/3326 891/1340/3327
f 892/1343/3328 893/1338/3329 894/1337/3330
f 895/1353/3331 896/1347/3332 897/1312/3333
f 898/1323/3334 899/1348/3335 900/1354/3336
f 878/1313/3337 881/1316/3338 902/1325/3339 901/1318/3340
f 881/1316/3341 880/1352/3342 903/1326/3343 902/1325/3344
f 880/1352/3345 900/1354/3346 904/1345/3347 903/1326/3348
f 905/1346/3349 904/1345/3350 900/1354/3351 899/1348/3352
f 906/1341/3353 905/1346/3354 899/1348/3355 896/1347/3356
f 907/1342/3357 906/1341/3358 896/1347/3359 895/1353/3360
f 895/1355/3361 879/1351/3362 908/1317/3363 907/1349/3364
f 879/1351/3365 878/1313/3366 901/1318/3367 908/1317/3368
f 909/1356/3369 911/1357/3370 915/1358/3371 917/1359/3372
f 910/1360/3373 909/1361/3374 914/1362/3375 913/1363/3376
f 912/1364/3377 914/1365/3378 918/1366/3379 920/1367/3380
f 917/1359/3381 916/1368/3382 919/1369/3383 918/1366/3384
f 917/1359/3385 918/1366/3386 914/1365/3387 909/1356/3388
f 909/1361/3389 910/1360/3390 911/1370/3391
f 912/1371/3392 913/1363/3393 914/1362/3394
f 915/1372/3395 916/1368/3396 917/1359/3397
f 918/1366/3398 919/1369/3399 920/1373/3400
f 910/1360/3401 913/1363/3402 922/1374/3403 921/1375/3404
f 913/1363/3405 912/1371/3406 923/1376/3407 922/1374/3408
f 912/1371/3409 920/1373/3410 924/1377/3411 923/1376/3412
f 925/1378/3413 924/1377/3414 920/1373/3415 919/1369/3416
f 926/1379/3417 925/1378/3418 919/1369/3419 916/1368/3420
f 927/1380/3421 926/1379/3422 916/1368/3423 915/1372/3424
f 915/1381/3425 911/1370/3426 928/1382/3427 927/1383/3428
f 911/1370/3429 910/1360/3430 921/1375/3431 928/1382/3432
f 929/1384/3433 931/1385/3434 935/1386/3435 937/1387/3436
f 930/1388/3437 929/1389/3438 934/1390/3439 933/1391/3440
f 932/1392/3441 934/1393/3442 938/1394/3443 940/1395/3444
f 937/1387/3445 936/1396/3446 939/1397/3447 938/1394/3448
f 937/1387/3449 938/1394/3450 934/1393/3451 929/1384/3452
f 929/1389/3453 930/1388/3454 931/1398/3455
f 932/1399/3456 933/1391/3457 934/1390/3458
f 935/1400/3459 936/1396/3460 937/1387/3461
f 938/1394/3462 939/1397/3463 940/1401/3464
f 930/1388/3465 933/1391/3466 942/1402/3467 941/1403/3468
f 933/1391/3469 932/1399/3470 943/1404/3471 942/1402/3472
f 932/1399/3473 940/1401/3474 944/1405/3475 943/1404/3476
f 945/1406/3477 944/1405/3478 940/1401/3479 939/1397/3480
f 946/1407/3481 945/1406/3482 939/1397/3483 936/1396/3484
f 947/1408/3485 946/1407/3486 936/1396/3487 935/1400/3488
f 935/1409/3489 931/1398/3490 948/1410/3491 947/1411/3492
f 931/1398/3493 930/1388/3494 941/1403/3495 948/1410/3496
f 949/1412/3497 951/1413/3498 955/1414/3499 957/1415/3500
f 950/1416/3501 949/1417/3502 954/1418/3503 953/1419/3504
f 952/1420/3505 954/1421/3506 958/1422/3507 960/1423/3508
f 957/1415/3509 956/1424/3510 959/1425/3511 958/1422/3512
f 957/1415/3513 958/1422/3514 954/1421/3515 949/1412/3516
f 949/1417/3517 950/1416/3518 951/1426/3519
f 952/1427/3520 953/1419/3521 954/1418/3522
f 955/1428/3523 956/1424/3524 957/1415/3525
f 958/1422/3526 959/1425/3527 960/1429/3528
f 950/1416/3529 953/1419/3530 962/1430/3531 961/1431/3532
f 953/1419/3533 952/1427/3534 963/1432/3535 962/1430/3536
f 952/1427/3537 960/1429/3538 964/1433/3539 963/1432/3540
f 965/1434/3541 964/1433/3542 960/1429/3543 959/1425/3544
f 966/1435/3545 965/1434/3546 959/1425/3547 956/1424/3548
f 967/1436/3549 966/1435/3550 956/1424/3551 955/1428/3552
f 955/1437/3553 951/1426/3554 968/1438/3555 967/1439/3556
f 951/1426/3557 950/1416/3558 961/1431/3559 968/1438/3560
f 969/1440/3561 971/1441/3562 975/1442/3563 977/1443/3564
f 970/1444/3565 969/1445/3566 974/1446/3567 973/1447/3568
f 972/1448/3569 974/1449/3570 978/1450/3571 980/1451/3572
f 977/1443/3573 976/1452/3574 979/1453/3575 978/1450/3576
f 977/1443/3577 978/1450/3578 974/1449/3579 969/1440/3580
f 969/1445/3581 970/1444/3582 971/1454/3583
f 972/1455/3584 973/1447/3585 974/1446/3586
f 975/1456/3587 976/1452/3588 977/1443/3589
f 978/1450/3590 979/1453/3591 980/1457/3592
f 970/1444/3593 973/1447/3594 982/1458/3595 981/1459/3596
f 973/1447/3597 972/1455/3598 983/1460/3599 982/1458/3600
f 972/1455/3601 980/1457/3602 984/1461/3603 983/1460/3604
f 985/1462/3605 984/1461/3606 980/1457/3607 979/1453/3608
f 986/1463/3609 985/1462/3610 979/1453/3611 976/1452/3612
f 987/1464/3613 986/1463/3614 976/1452/3615 975/1456/3616
f 975/1465/3617 971/1454/3618 988/1466/3619 987/1467/3620
f 971/1454/3621 970/1444/3622 981/1459/3623 988/1466/3624
f 989/1468/3625 991/1469/3626 995/1470/3627 997/1471/3628
f 990/1472/3629 989/1473/3630 994/1474/3631 993/1475/3632
f 992/1476/3633 994/1477/3634 998/1478/3635 1000/1479/3636
f 997/1471/3637 996/1480/3638 999/1481/3639 998/1478/3640
f 997/1471/3641 998/1478/3642 994/1477/3643 989/1468/3644
f 989/1473/3645 990/1472/3646 991/1482/3647
f 992/1483/3648 993/1475/3649 994/1474/3650
f 995/1484/3651 996/1480/3652 997/1471/3653
f 998/1478/3654 999/1481/3655 1000/1485/3656
f 990/1472/3657 993/1475/3658 1002/1486/3659 1001/1487/3660
f 993/1475/3661 992/1483/3662 1003/1488/3663 1002/1486/3664
f 992/1483/3665 1000/1485/3666 1004/1489/3667 1003/1488/3668
f 1005/1490/3669 1004/1489/3670 1000/1485/3671 999/1481/3672
f 1006/1491/3673 1005/1490/3674 999/1481/3675 996/1480/3676
f 1007/1492/3677 1006/1491/3678 996/1480/3679 995/1484/3680
f 995/1493/3681 991/1482/3682 1008/1494/3683 1007/1495/3684
f 991/1482/3685 990/1472/3686 1001/1487/3687 1008/1494/3688
f 1009/1496/3689 1011/1497/3690 1015/1498/3691 1017/1499/3692
f 1010/1500/3693 1009/1501/3694 1014/1502/3695 1013/1503/3696
f 1012/1504/3697 1014/1505/3698 1018/1506/3699 1020/1507/3700
f 1017/1499/3701 1016/1508/3702 1019/1509/3703 1018/1506/3704
f 1017/1499/3705 1018/1506/3706 1014/1505/3707 1009/1496/3708
f 1009/1501/3709 1010/1500/3710 1011/1510/3711
f 1012/1511/3712 1013/1503/3713 1014/1502/3714
f 1015/1512/3715 1016/1508/3716 1017/1499/3717
f 1018/1506/3718 1019/1509/3719 1020/1513/3720
f 1010/1500/3721 1013/1503/3722 1022/1514/3723 1021/1515/3724
f 1013/1503/3725 1012/1511/3726 1023/1516/3727 1022/1514/3728
f 1012/1511/3729 1020/1513/3730 1024/1517/3731 1023/1516/3732
f 1025/1518/3733 1024/1517/3734 1020/1513/3735 1019/1509/3736
f 1026/1519/3737 1025/1518/3738 1019/1509/3739 1016/1508/3740
f 1027/1520/3741 1026/1519/3742 1016/1508/3743 1015/1512/3744
f 1015/1521/3745 1011/1510/3746 1028/1522/3747 1027/1523/3748
f 1011/1510/3749 1010/1500/3750 1021/1515/3751 1028/1522/3752
f 1029/1524/3753 1031/1525/3754 1035/1526/3755 1037/1527/3756
f 1030/1528/3757 1029/1529/3758 1034/1530/3759 1033/1531/3760
f 1032/1532/3761 1034/1533/3762 1038/1534/3763 1040/1535/3764
f 1037/1527/3765 1036/1536/3766 1039/1537/3767 1038/1534/3768
f 1037/1527/3769 1038/1534/3770 1034/1533/3771 1029/1524/3772
f 1029/1529/3773 1030/1528/3774 1031/1538/3775
f 1032/1539/3776 1033/1531/3777 1034/1530/3778
f 1035/1540/3779 1036/1536/3780 1037/1527/3781
f 1038/1534/3782 1039/1537/3783 1040/1541/3784
f 1030/1528/3785 1033/1531/3786 1042/1542/3787 1041/1543/3788
f 1033/1531/3789 1032/1539/3790 1043/1544/3791 1042/1542/3792
f 1032/1539/3793 1040/1541/3794 1044/1545/3795 1043/1544/3796
f 1045/1546/3797 1044/1545/3798 1040/1541/3799 1039/1537/3800
f 1046/1547/3801 1045/1546/3802 1039/1537/3803 1036/1536/3804
f 1047/1548/3805 1046/1547/3806 1036/1536/3807 1035/1540/3808
f 1035/1549/3809 1031/1538/3810 1048/1550/3811 1047/1551/3812
f 1031/1538/3813 1030/1528/3814 1041/1543/3815 1048/1550/3816
f 1049/1552/3817 1051/1553/3818 1067/1554/3819 1069/1555/3820
f 1050/1556/3821 1049/1557/3822 1054/1558/3823 1053/1559/3824
f 1080/1560/3825 1073/1561/3826 1056/1562/3827 1055/1563/3828
f 1052/1564/3829 1054/1565/3830 1070/1566/3831 1072/1567/3832
f 1074/1568/3833 1075/1569/3834 1060/1570/3835 1059/1571/3836
f 1055/1572/3837 1057/1573/3838 1062/1574/3839 1061/1575/3840
f 1057/1576/3841 1056/1562/3842 1059/1571/3843 1058/1577/3844
f 1058/1578/3845 1060/1579/3846 1066/1580/3847 1065/1581/3848
f 1061/1582/3849 1063/1583/3850 1078/1584/3851 1079/1585/3852
f 1063/1583/3853 1062/1574/3854 1065/1581/3855 1064/1586/3856
f 1064/1586/3857 1066/1587/3858 1076/1588/3859 1077/1589/3860
f 1069/1555/3861 1068/1590/3862 1071/1591/3863 1070/1566/3864
f 1073/1561/3865 1074/1568/3866 1059/1571/3867 1056/1562/3868
f 1057/1573/3869 1058/1578/3870 1065/1581/3871 1062/1574/3872
f 1063/1583/3873 1064/1586/3874 1077/1589/3875 1078/1584/3876
f 1069/1555/3877 1070/1566/3878 1054/1565/3879 1049/1552/3880
f 1075/1569/3881 1076/1588/3882 1066/1587/3883 1060/1570/3884
f 1079/1592/3885 1080/1560/3886 1055/1563/3887 1061/1593/3888
f 1049/1557/3889 1050/1556/3890 1051/1594/3891
f 1052/1595/3892 1053/1559/3893 1054/1558/3894
f 1055/1563/3895 1056/1562/3896 1057/1576/3897
f 1058/1577/3898 1059/1571/3899 1060/1570/3900
f 1061/1575/3901 1062/1574/3902 1063/1583/3903
f 1064/1586/3904 1065/1581/3905 1066/1580/3906
f 1067/1596/3907 1068/1590/3908 1069/1555/3909
f 1070/1566/3910 1071/1591/3911 1072/1597/3912
f 1050/1556/3913 1053/1559/3914 1074/1568/3915 1073/1561/3916
f 1053/1559/3917 1052/1595/3918 1075/1569/3919 1074/1568/3920
f 1052/1595/3921 1072/1597/3922 1076/1588/3923 1075/1569/3924
f 1077/1589/3925 1076/1588/3926 1072/1597/3927 1071/1591/3928
f 1078/1584/3929 1077/1589/3930 1071/1591/3931 1068/1590/3932
f 1079/1585/3933 1078/1584/3934 1068/1590/3935 1067/1596/3936
f 1067/1598/3937 1051/1594/3938 1080/1560/3939 1079/1592/3940
f 1051/1594/3941 1050/1556/3942 1073/1561/3943 1080/1560/3944
f 1081/1599/3945 1083/1600/3946 1099/1601/3947 1101/1602/3948
f 1082/1603/3949 1081/1604/3950 1086/1605/3951 1085/1606/3952
f 1112/1607/3953 1105/1608/3954 1088/1609/3955 1087/1610/3956
f 1084/1611/3957 1086/1612/3958 1102/1613/3959 1104/1614/3960
f 1106/1615/3961 1107/1616/3962 1092/1617/3963 1091/1618/3964
f 1087/1619/3965 1089/1620/3966 1094/1621/3967 1093/1622/3968
f 1089/1623/3969 1088/1609/3970 1091/1618/3971 1090/1624/3972
f 1090/1625/3973 1092/1626/3974 1098/1627/3975 1097/1628/3976
f 1093/1629/3977 1095/1630/3978 1110/1631/3979 1111/1632/3980
f 1095/1630/3981 1094/1621/3982 1097/1628/3983 1096/1633/3984
f 1096/1633/3985 1098/1634/3986 1108/1635/3987 1109/1636/3988
f 1101/1602/3989 1100/1637/3990 1103/1638/3991 1102/1613/3992
f 1105/1608/3993 1106/1615/3994 1091/1618/3995 1088/1609/3996
f 1089/1620/3997 1090/1625/3998 1097/1628/3999 1094/1621/4000
f 1095/1630/4001 1096/1633/4002 1109/1636/4003 1110/1631/4004
f 1101/1602/4005 1102/1613/4006 1086/1612/4007 1081/1599/4008
f 1107/1616/4009 1108/1635/4010 1098/1634/4011 1092/1617/4012
f 1111/1639/4013 1112/1607/4014 1087/1610/4015 1093/1640/4016
f 1081/1604/4017 1082/1603/4018 1083/1641/4019
f 1084/1642/4020 1085/1606/4021 1086/1605/4022
f 1087/1610/4023 1088/1609/4024 1089/1623/4025
f 1090/1624/4026 1091/1618/4027 1092/1617/4028
f 1093/1622/4029 1094/1621/4030 1095/1630/4031
f 1096/1633/4032 1097/1628/4033 1098/1627/4034
f 1099/1643/4035 1100/1637/4036 1101/1602/4037
f 1102/1613/4038 1103/1638/4039 1104/1644/4040
f 1082/1603/4041 1085/1606/4042 1106/1615/4043 1105/1608/4044
f 1085/1606/4045 1084/1642/4046 1107/1616/4047 1106/1615/4048
f 1084/1642/4049 1104/1644/4050 1108/1635/4051 1107/1616/4052
f 1109/1636/4053 1108/1635/4054 1104/1644/4055 1103/1638/4056
f 1110/1631/4057 1109/1636/4058 1103/1638/4059 1100/1637/4060
f 1111/1632/4061 1110/1631/4062 1100/1637/4063 1099/1643/4064
f 1099/1645/4065 1083/1641/4066 1112/1607/4067 1111/1639/4068
f 1083/1641/4069 1082/1603/4070 1105/1608/4071 1112/1607/4072
f 1113/1646/4073 1115/1647/4074 1131/1648/4075 1133/1649/4076
f 1114/1650/4077 1113/1651/4078 1118/1652/4079 1117/1653/4080
f 1144/1654/4081 1137/1655/4082 1120/1656/4083 1119/1657/4084
f 1116/1658/4085 1118/1659/4086 1134/1660/4087 1136/1661/4088
f 1138/1662/4089 1139/1663/4090 1124/1664/4091 1123/1665/4092
f 1119/1666/4093 1121/1667/4094 1126/1668/4095 1125/1669/4096
f 1121/1670/4097 1120/1656/4098 1123/1665/4099 1122/1671/4100
f 1122/1672/4101 1124/1673/4102 1130/1674/4103 1129/1675/4104
f 1125/1676/4105 1127/1677/4106 1142/1678/4107 1143/1679/4108
f 1127/1677/4109 1126/1668/4110 1129/1675/4111 1128/1680/4112
f 1128/1680/4113 1130/1681/4114 1140/1682/4115 1141/1683/4116
f 1133/1649/4117 1132/1684/4118 1135/1685/4119 1134/1660/4120
f 1137/1655/4121 1138/1662/4122 1123/1665/4123 1120/1656/4124
f 1121/1667/4125 1122/1672/4126 1129/1675/4127 1126/1668/4128
f 1127/1677/4129 1128/1680/4130 1141/1683/4131 1142/1678/4132
f 1133/1649/4133 1134/1660/4134 1118/1659/4135 1113/1646/4136
f 1139/1663/4137 1140/1682/4138 1130/1681/4139 1124/1664/4140
f 1143/1686/4141 1144/1654/4142 1119/1657/4143 1125/1687/4144
f 1113/1651/4145 1114/1650/4146 1115/1688/4147
f 1116/1689/4148 1117/1653/4149 1118/1652/4150
f 1119/1657/4151 1120/1656/4152 1121/1670/4153
f 1122/1671/4154 1123/1665/4155 1124/1664/4156
f 1125/1669/4157 1126/1668/4158 1127/1677/4159
f 1128/1680/4160 1129/1675/4161 1130/1674/4162
f 1131/1690/4163 1132/1684/4164 1133/1649/4165
f 1134/1660/4166 1135/1685/4167 1136/1691/4168
f 1114/1650/4169 1117/1653/4170 1138/1662/4171 1137/1655/4172
f 1117/1653/4173 1116/1689/4174 1139/1663/4175 1138/1662/4176
f 1116/1689/4177 1136/1691/4178 1140/1682/4179 1139/1663/4180
f 1141/1683/4181 1140/1682/4182 1136/1691/4183 1135/1685/4184
f 1142/1678/4185 1141/1683/4186 1135/1685/4187 1132/1684/4188
f 1143/1679/4189 1142/1678/4190 1132/1684/4191 1131/1690/4192
f 1131/1692/4193 1115/1688/4194 1144/1654/4195 1143/1686/4196
f 1115/1688/4197 1114/1650/4198 1137/1655/4199 1144/1654/4200
f 1145/1693/4201 1147/1694/4202 1163/1695/4203 1165/1696/4204
f 1146/1697/4205 1145/1698/4206 1150/1699/4207 1149/1700/4208
f 1176/1701/4209 1169/1702/4210 1152/1703/4211 1151/1704/4212
f 1148/1705/4213 1150/1706/4214 1166/1707/4215 1168/1708/4216
f 1170/1709/4217 1171/1710/4218 1156/1711/4219 1155/1712/4220
f 1151/1713/4221 1153/1714/4222 1158/1715/4223 1157/1716/4224
f 1153/1717/4225 1152/1703/4226 1155/1712/4227 1154/1718/4228
f 1154/1719/4229 1156/1720/4230 1162/1721/4231 1161/1722/4232
f 1157/1723/4233 1159/1724/4234 1174/1725/4235 1175/1726/4236
f 1159/1724/4237 1158/1715/4238 1161/1722/4239 1160/1727/4240
f 1160/1727/4241 1162/1728/4242 1172/1729/4243 1173/1730/4244
f 1165/1696/4245 1164/1731/4246 1167/1732/4247 1166/1707/4248
f 1169/1702/4249 1170/1709/4250 1155/1712/4251 1152/1703/4252
f 1153/1714/4253 1154/1719/4254 1161/1722/4255 1158/1715/4256
f 1159/1724/4257 1160/1727/4258 1173/1730/4259 1174/1725/4260
f 1165/1696/4261 1166/1707/4262 1150/1706/4263 1145/1693/4264
f 1171/1710/4265 1172/1729/4266 1162/1728/4267 1156/1711/4268
f 1175/1733/4269 1176/1701/4270 1151/1704/4271 1157/1734/4272
f 1145/1698/4273 1146/1697/4274 1147/1735/4275
f 1148/1736/4276 1149/1700/4277 1150/1699/4278
f 1151/1704/4279 1152/1703/4280 1153/1717/4281
f 1154/1718/4282 1155/1712/4283 1156/1711/4284
f 1157/1716/4285 1158/1715/4286 1159/1724/4287
f 1160/1727/4288 1161/1722/4289 1162/1721/4290
f 1163/1737/4291 1164/1731/4292 1165/1696/4293
f 1166/1707/4294 1167/1732/4295 1168/1738/4296
f 1146/1697/4297 1149/1700/4298 1170/1709/4299 1169/1702/4300
f 1149/1700/4301 1148/1736/4302 1171/1710/4303 1170/1709/4304
f 1148/1736/4305 1168/1738/4306 1172/1729/4307 1171/1710/4308
f 1173/1730/4309 1172/1729/4310 1168/1738/4311 1167/1732/4312
f 1174/1725/4313 1173/1730/4314 1167/1732/4315 1164/1731/4316
f 1175/1726/4317 1174/1725/4318 1164/1731/4319 1163/1737/4320
f 1163/1739/4321 1147/1735/4322 1176/1701/4323 1175/1733/4324
f 1147/1735/4325 1146/1697/4326 1169/1702/4327 1176/1701/4328
f 1177/1740/4329 1179/1741/4330 1195/1742/4331 1197/1743/4332
f 1178/1744/4333 1177/1745/4334 1182/1746/4335 1181/1747/4336
f 1208/1748/4337 1201/1749/4338 1184/1750/4339 1183/1751/4340
f 1180/1752/4341 1182/1753/4342 1198/1754/4343 1200/1755/4344
f 1202/1756/4345 1203/1757/4346 1188/1758/4347 1187/1759/4348
f 1183/1760/4349 1185/1761/4350 1190/1762/4351 1189/1763/4352
f 1185/1764/4353 1184/1750/4354 1187/1759/4355 1186/1765/4356
f 1186/1766/4357 1188/1767/4358 1194/1768/4359 1193/1769/4360
f 1189/1770/4361 1191/1771/4362 1206/1772/4363 1207/1773/4364
f 1191/1771/4365 1190/1762/4366 1193/1769/4367 1192/1774/4368
f 1192/1774/4369 1194/1775/4370 1204/1776/4371 1205/1777/4372
f 1197/1743/4373 1196/1778/4374 1199/1779/4375 1198/1754/4376
f 1201/1749/4377 1202/1756/4378 1187/1759/4379 1184/1750/4380
f 1185/1761/4381 1186/1766/4382 1193/1769/4383 1190/1762/4384
f 1191/1771/4385 1192/1774/4386 1205/1777/4387 1206/1772/4388
f 1197/1743/4389 1198/1754/4390 1182/1753/4391 1177/1740/4392
f 1203/1757/4393 1204/1776/4394 1194/1775/4395 1188/1758/4396
f 1207/1780/4397 1208/1748/4398 1183/1751/4399 1189/1781/4400
f 1177/1745/4401 1178/1744/4402 1179/1782/4403
f 1180/1783/4404 1181/1747/4405 1182/1746/4406
f 1183/1751/4407 1184/1750/4408 1185/1764/4409
f 1186/1765/4410 1187/1759/4411 1188/1758/4412
f 1189/1763/4413 1190/1762/4414 1191/1771/4415
f 1192/1774/4416 1193/1769/4417 1194/1768/4418
f 1195/1784/4419 1196/1778/4420 1197/1743/4421
f 1198/1754/4422 1199/1779/4423 1200/1785/4424
f 1178/1744/4425 1181/1747/4426 1202/1756/4427 1201/1749/4428
f 1181/1747/4429 1180/1783/4430 1203/1757/4431 1202/1756/4432
f 1180/1783/4433 1200/1785/4434 1204/1776/4435 1203/1757/4436
f 1205/1777/4437 1204/1776/4438 1200/1785/4439 1199/1779/4440
f 1206/1772/4441 1205/1777/4442 1199/1779/4443 1196/1778/4444
f 1207/1773/4445 1206/1772/4446 1196/1778/4447 1195/1784/4448
f 1195/1786/4449 1179/1782/4450 1208/1748/4451 1207/1780/4452
f 1179/1782/4453 1178/1744/4454 1201/1749/4455 1208/1748/4456
f 1209/1787/4457 1211/1788/4458 1227/1789/4459 1229/1790/4460
f 1210/1791/4461 1209/1792/4462 1214/1793/4463 1213/1794/4464
f 1240/1795/4465 1233/1796/4466 1216/1797/4467 1215/1798/4468
f 1212/1799/4469 1214/1800/4470 1230/1801/4471 1232/1802/4472
f 1234/1803/4473 1235/1804/4474 1220/1805/4475 1219/1806/4476
f 1215/1807/4477 1217/1808/4478 1222/1809/4479 1221/1810/4480
f 1217/1811/4481 1216/1797/4482 1219/1806/4483 1218/1812/4484
f 1218/1813/4485 1220/1814/4486 1226/1815/4487 1225/1816/4488
f 1221/1817/4489 1223/1818/4490 1238/1819/4491 1239/1820/4492
f 1223/1818/4493 1222/1809/4494 1225/1816/4495 1224/1821/4496
f 1224/1821/4497 1226/1822/4498 1236/1823/4499 1237/1824/4500
f 1229/1790/4501 1228/1825/4502 1231/1826/4503 1230/1801/4504
f 1233/1796/4505 1234/1803/4506 1219/1806/4507 1216/1797/4508
f 1217/1808/4509 1218/1813/4510 1225/1816/4511 1222/1809/4512
f 1223/1818/4513 1224/1821/4514 1237/1824/4515 1238/1819/4516
f 1229/1790/4517 1230/1801/4518 1214/1800/4519 1209/1787/4520
f 1235/1804/4521 1236/1823/4522 1226/1822/4523 1220/1805/4524
f 1239/1827/4525 1240/1795/4526 1215/1798/4527 1221/1828/4528
f 1209/1792/4529 1210/1791/4530 1211/1829/4531
f 1212/1830/4532 1213/1794/4533 1214/1793/4534
f 1215/1798/4535 1216/1797/4536 1217/1811/4537
f 1218/1812/4538 1219/1806/4539 1220/1805/4540
f 1221/1810/4541 1222/1809/4542 1223/1818/4543
f 1224/1821/4544 1225/1816/4545 1226/1815/4546
f 1227/1831/4547 1228/1825/4548 1229/1790/4549
f 1230/1801/4550 1231/1826/4551 1232/1832/4552
f 1210/1791/4553 1213/1794/4554 1234/1803/4555 1233/1796/4556
f 1213/1794/4557 1212/1830/4558 1235/1804/4559 1234/1803/4560
f 1212/1830/4561 1232/1832/4562 1236/1823/4563 1235/1804/4564
f 1237/1824/4565 1236/1823/4566 1232/1832/4567 1231/1826/4568
f 1238/1819/4569 1237/1824/4570 1231/1826/4571 1228/1825/4572
f 1239/1820/4573 1238/1819/4574 1228/1825/4575 1227/1831/4576
f 1227/1833/4577 1211/1829/4578 1240/1795/4579 1239/1827/4580
f 1211/1829/4581 1210/1791/4582 1233/1796/4583 1240/1795/4584
f 1241/1834/4585 1243/1835/4586 1259/1836/4587 1261/1837/4588
f 1242/1838/4589 1241/1839/4590 1246/1840/4591 1245/1841/4592
f 1272/1842/4593 1265/1843/4594 1248/1844/4595 1247/1845/4596
f 1244/1846/4597 1246/1847/4598 1262/1848/4599 1264/1849/4600
f 1266/1850/4601 1267/1851/4602 1252/1852/4603 1251/1853/4604
f 1247/1854/4605 1249/1855/4606 1254/1856/4607 1253/1857/4608
f 1249/1858/4609 1248/1844/4610 1251/1853/4611 1250/1859/4612
f 1250/1860/4613 1252/1861/4614 1258/1862/4615 1257/1863/4616
f 1253/1864/4617 1255/1865/4618 1270/1866/4619 1271/1867/4620
f 1255/1865/4621 1254/1856/4622 1257/1863/4623 1256/1868/4624
f 1256/1868/4625 1258/1869/4626 1268/1870/4627 1269/1871/4628
f 1261/1837/4629 1260/1872/4630 1263/1873/4631 1262/1848/4632
f 1265/1843/4633 1266/1850/4634 1251/1853/4635 1248/1844/4636
f 1249/1855/4637 1250/1860/4638 1257/1863/4639 1254/1856/4640
f 1255/1865/4641 1256/1868/4642 1269/1871/4643 1270/1866/4644
f 1261/1837/4645 1262/1848/4646 1246/1847/4647 1241/1834/4648
f 1267/1851/4649 1268/1870/4650 1258/1869/4651 1252/1852/4652
f 1271/1874/4653 1272/1842/4654 1247/1845/4655 1253/1875/4656
f 1241/1839/4657 1242/1838/4658 1243/1876/4659
f 1244/1877/4660 1245/1841/4661 1246/1840/4662
f 1247/1845/4663 1248/1844/4664 1249/1858/4665
f 1250/1859/4666 1251/1853/4667 1252/1852/4668
f 1253/1857/4669 1254/1856/4670 1255/1865/4671
f 1256/1868/4672 1257/1863/4673 1258/1862/4674
f 1259/1878/4675 1260/1872/4676 1261/1837/4677
f 1262/1848/4678 1263/1873/4679 1264/1879/4680
f 1242/1838/4681 1245/1841/4682 1266/1850/4683 1265/1843/4684
f 1245/1841/4685 1244/1877/4686 1267/1851/4687 1266/1850/4688
f 1244/1877/4689 1264/1879/4690 1268/1870/4691 1267/1851/4692
f 1269/1871/4693 1268/1870/4694 1264/1879/4695 1263/1873/4696
f 1270/1866/4697 1269/1871/4698 1263/1873/4699 1260/1872/4700
f 1271/1867/4701 1270/1866/4702 1260/1872/4703 1259/1878/4704
f 1259/1880/4705 1243/1876/4706 1272/1842/4707 1271/1874/4708
f 1243/1876/4709 1242/1838/4710 1265/1843/4711 1272/1842/4712
f 1273/1881/4713 1275/1882/4714 1291/1883/4715 1293/1884/4716
f 1274/1885/4717 1273/1886/4718 1278/1887/4719 1277/1888/4720
f 1304/1889/4721 1297/1890/4722 1280/1891/4723 1279/1892/4724
f 1276/1893/4725 1278/1894/4726 1294/1895/4727 1296/1896/4728
f 1298/1897/4729 1299/1898/4730 1284/1899/4731 1283/1900/4732
f 1279/1901/4733 1281/1902/4734 1286/1903/4735 1285/1904/4736
f 1281/1905/4737 1280/1891/4738 1283/1900/4739 1282/1906/4740
f 1282/1907/4741 1284/1908/4742 1290/1909/4743 1289/1910/4744
f 1285/1911/4745 1287/1912/4746 1302/1913/4747 1303/1914/4748
f 1287/1912/4749 1286/1903/4750 1289/1910/4751 1288/1915/4752
f 1288/1915/4753 1290/1916/4754 1300/1917/4755 1301/1918/4756
f 1293/1884/4757 1292/1919/4758 1295/1920/4759 1294/1895/4760
f 1297/1890/4761 1298/1897/4762 1283/1900/4763 1280/1891/4764
f 1281/1902/4765 1282/1907/4766 1289/1910/4767 1286/1903/4768
f 1287/1912/4769 1288/1915/4770 1301/1918/4771 1302/1913/4772
f 1293/1884/4773 1294/1895/4774 1278/1894/4775 1273/1881/4776
f 1299/1898/4777 1300/1917/4778 1290/1916/4779 1284/1899/4780
f 1303/1921/4781 1304/1889/4782 1279/1892/4783 1285/1922/4784
f 1273/1886/4785 1274/1885/4786 1275/1923/4787
f 1276/1924/4788 1277/1888/4789 1278/1887/4790
f 1279/1892/4791 1280/1891/4792 1281/1905/4793
f 1282/1906/4794 1283/1900/4795 1284/1899/4796
f 1285/1904/4797 1286/1903/4798 1287/1912/4799
f 1288/1915/4800 1289/1910/4801 1290/1909/4802
f 1291/1925/4803 1292/1919/4804 1293/1884/4805
f 1294/1895/4806 1295/1920/4807 1296/1926/4808
f 1274/1885/4809 1277/1888/4810 1298/1897/4811 1297/1890/4812
f 1277/1888/4813 1276/1924/4814 1299/1898/4815 1298/1897/4816
f 1276/1924/4817 1296/1926/4818 1300/1917/4819 1299/1898/4820
f 1301/1918/4821 1300/1917/4822 1296/1926/4823 1295/1920/4824
f 1302/1913/4825 1301/1918/4826 1295/1920/4827 1292/1919/4828
f 1303/1914/4829 1302/1913/4830 1292/1919/4831 1291/1925/4832
f 1291/1927/4833 1275/1923/4834 1304/1889/4835 1303/1921/4836
f 1275/1923/4837 1274/1885/4838 1297/1890/4839 1304/1889/4840
f 1305/1928/4841 1307/1929/4842 1311/1930/4843 1313/1931/4844
f 1306/1932/4845 1305/1933/4846 1310/1934/4847 1309/1935/4848
f 1308/1936/4849 1310/1937/4850 1314/1938/4851 1316/1939/4852
f 1313/1931/4853 1312/1940/4854 1315/1941/4855 1314/1938/4856
f 1313/1931/4857 1314/1938/4858 1310/1937/4859 1305/1928/4860
f 1305/1933/4861 1306/1932/4862 1307/1942/4863
f 1308/1943/4864 1309/1935/4865 1310/1934/4866
f 1311/1944/4867 1312/1940/4868 1313/1931/4869
f 1314/1938/4870 1315/1941/4871 1316/1945/4872
f 1306/1932/4873 1309/1935/4874 1318/1946/4875 1317/1947/4876
f 1309/1935/4877 1308/1943/4878 1319/1948/4879 1318/1946/4880
f 1308/1943/4881 1316/1945/4882 1320/1949/4883 1319/1948/4884
f 1321/1950/4885 1320/1949/4886 1316/1945/4887 1315/1941/4888
f 1322/1951/4889 1321/1950/4890 1315/1941/4891 1312/1940/4892
f 1323/1952/4893 1322/1951/4894 1312/1940/4895 1311/1944/4896
f 1311/1953/4897 1307/1942/4898 1324/1954/4899 1323/1955/4900
f 1307/1942/4901 1306/1932/4902 1317/1947/4903 1324/1954/4904
f 1325/1956/4905 1327/1957/4906 1331/1958/4907 1333/1959/4908
f 1326/1960/4909 1325/1961/4910 1330/1962/4911 1329/1963/4912
f 1328/1964/4913 1330/1965/4914 1334/1966/4915 1336/1967/4916
f 1333/1959/4917 1332/1968/4918 1335/1969/4919 1334/1966/4920
f 1333/1959/4921 1334/1966/4922 1330/1965/4923 1325/1956/4924
f 1325/1961/4925 1326/1960/4926 1327/1970/4927
f 1328/1971/4928 1329/1963/4929 1330/1962/4930
f 1331/1972/4931 1332/1968/4932 1333/1959/4933
f 1334/1966/4934 1335/1969/4935 1336/1973/4936
f 1326/1960/4937 1329/1963/4938 1338/1974/4939 1337/1975/4940
f 1329/1963/4941 1328/1971/4942 1339/1976/4943 1338/1974/4944
f 1328/1971/4945 1336/1973/4946 1340/1977/4947 1339/1976/4948
f 1341/1978/4949 1340/1977/4950 1336/1973/4951 1335/1969/4952
f 1342/1979/4953 1341/1978/4954 1335/1969/4955 1332/1968/4956
f 1343/1980/4957 1342/1979/4958 1332/1968/4959 1331/1972/4960
f 1331/1981/4961 1327/1970/4962 1344/1982/4963 1343/1983/4964
f 1327/1970/4965 1326/1960/4966 1337/1975/4967 1344/1982/4968
f 1345/1984/4969 1347/1985/4970 1363/1986/4971 1365/1987/4972
f 1346/1988/4973 1345/1989/4974 1350/1990/4975 1349/1991/4976
f 1376/1992/4977 1369/1993/4978 1352/1994/4979 1351/1995/4980
f 1348/1996/4981 1350/1997/4982 1366/1998/4983 1368/1999/4984
f 1370/2000/4985 1371/2001/4986 1356/2002/4987 1355/2003/4988
f 1351/2004/4989 1353/2005/4990 1358/2006/4991 1357/2007/4992
f 1353/2008/4993 1352/1994/4994 1355/2003/4995 1354/2009/4996
f 1354/2010/4997 1356/2011/4998 1362/2012/4999 1361/2013/5000
f 1357/2014/5001 1359/2015/5002 1374/2016/5003 1375/2017/5004
f 1359/2015/5005 1358/2006/5006 1361/2013/5007 1360/2018/5008
f 1360/2018/5009 1362/2019/5010 1372/2020/5011 1373/2021/5012
f 1365/1987/5013 1364/2022/5014 1367/2023/5015 1366/1998/5016
f 1369/1993/5017 1370/2000/5018 1355/2003/5019 1352/1994/5020
f 1353/2005/5021 1354/2010/5022 1361/2013/5023 1358/2006/5024
f 1359/2015/5025 1360/2018/5026 1373/2021/5027 1374/2016/5028
f 1365/1987/5029 1366/1998/5030 1350/1997/5031 1345/1984/5032
f 1371/2001/5033 1372/2020/5034 1362/2019/5035 1356/2002/5036
f 1375/2024/5037 1376/1992/5038 1351/1995/5039 1357/2025/5040
f 1345/1989/5041 1346/1988/5042 1347/2026/5043
f 1348/2027/5044 1349/1991/5045 1350/1990/5046
f 1351/1995/5047 1352/1994/5048 1353/2008/5049
f 1354/2009/5050 1355/2003/5051 1356/2002/5052
f 1357/2007/5053 1358/2006/5054 1359/2015/5055
f 1360/2018/5056 1361/2013/5057 1362/2012/5058
f 1363/2028/5059 1364/2022/5060 1365/1987/5061
f 1366/1998/5062 1367/2023/5063 1368/2029/5064
f 1346/1988/5065 1349/1991/5066 1370/2000/5067 1369/1993/5068
f 1349/1991/5069 1348/2027/5070 1371/2001/5071 1370/2000/5072
f 1348/2027/5073 1368/2029/5074 1372/2020/5075 1371/2001/5076
f 1373/2021/5077 1372/2020/5078 1368/2029/5079 1367/2023/5080
f 1374/2016/5081 1373/2021/5082 1367/2023/5083 1364/2022/5084
f 1375/2017/5085 1374/2016/5086 1364/2022/5087 1363/2028/5088
f 1363/2030/5089 1347/2026/5090 1376/1992/5091 1375/2024/5092
f 1347/2026/5093 1346/1988/5094 1369/1993/5095 1376/1992/5096
f 1377/2031/5097 1379/2032/5098 1395/2033/5099 1397/2034/5100
f 1378/2035/5101 1377/2036/5102 1382/2037/5103 1381/2038/5104
f 1408/2039/5105 1401/2040/5106 1384/2041/5107 1383/2042/5108
f 1380/2043/5109 1382/2044/5110 1398/2045/5111 1400/2046/5112
f 1402/2047/5113 1403/2048/5114 1388/2049/5115 1387/2050/5116
f 1383/2051/5117 1385/2052/5118 1390/2053/5119 1389/2054/5120
f 1385/2055/5121 1384/2041/5122 1387/2050/5123 1386/2056/5124
f 1386/2057/5125 1388/2058/5126 1394/2059/5127 1393/2060/5128
f 1389/2061/5129 1391/2062/5130 1406/2063/5131 1407/2064/5132
f 1391/2062/5133 1390/2053/5134 1393/2060/5135 1392/2065/5136
f 1392/2065/5137 1394/2066/5138 1404/2067/5139 1405/2068/5140
f 1397/2034/5141 1396/2069/5142 1399/2070/5143 1398/2045/5144
f 1401/2040/5145 1402/2047/5146 1387/2050/5147 1384/2041/5148
f 1385/2052/5149 1386/2057/5150 1393/2060/5151 1390/2053/5152
f 1391/2062/5153 1392/2065/5154 1405/2068/5155 1406/2063/5156
f 1397/2034/5157 1398/2045/5158 1382/2044/5159 1377/2031/5160
f 1403/2048/5161 1404/2067/5162 1394/2066/5163 1388/2049/5164
f 1407/2071/5165 1408/2039/5166 1383/2042/5167 1389/2072/5168
f 1377/2036/5169 1378/2035/5170 1379/2073/5171
f 1380/2074/5172 1381/2038/5173 1382/2037/5174
f 1383/2042/5175 1384/2041/5176 1385/2055/5177
f 1386/2056/5178 1387/2050/5179 1388/2049/5180
f 1389/2054/5181 1390/2053/5182 1391/2062/5183
f 1392/2065/5184 1393/2060/5185 1394/2059/5186
f 1395/2075/5187 1396/2069/5188 1397/2034/5189
f 1398/2045/5190 1399/2070/5191 1400/2076/5192
f 1378/2035/5193 1381/2038/5194 1402/2047/5195 1401/2040/5196
f 1381/2038/5197 1380/2074/5198 1403/2048/5199 1402/2047/5200
f 1380/2074/5201 1400/2076/5202 1404/2067/5203 1403/2048/5204
f 1405/2068/5205 1404/2067/5206 1400/2076/5207 1399/2070/5208
f 1406/2063/5209 1405/2068/5210 1399/2070/5211 1396/2069/5212
f 1407/2064/5213 1406/2063/5214 1396/2069/5215 1395/2075/5216
f 1395/2077/5217 1379/2073/5218 1408/2039/5219 1407/2071/5220
f 1379/2073/5221 1378/2035/5222 1401/2040/5223 1408/2039/5224
f 1409/2078/5225 1411/2079/5226 1427/2080/5227 1429/2081/5228
f 1410/2082/5229 1409/2083/5230 1414/2084/5231 1413/2085/5232
f 1440/2086/5233 1433/2087/5234 1416/2088/5235 1415/2089/5236
f 1412/2090/5237 1414/2091/5238 1430/2092/5239 1432/2093/5240
f 1434/2094/5241 1435/2095/5242 1420/2096/5243 1419/2097/5244
f 1415/2098/5245 1417/2099/5246 1422/2100/5247 1421/2101/5248
f 1417/2102/5249 1416/2088/5250 1419/2097/5251 1418/2103/5252
f 1418/2104/5253 1420/2105/5254 1426/2106/5255 1425/2107/5256
f 1421/2108/5257 1423/2109/5258 1438/2110/5259 1439/2111/5260
f 1423/2109/5261 1422/2100/5262 1425/2107/5263 1424/2112/5264
f 1424/2112/5265 1426/2113/5266 1436/2114/5267 1437/2115/5268
f 1429/2081/5269 1428/2116/5270 1431/2117/5271 1430/2092/5272
f 1433/2087/5273 1434/2094/5274 1419/2097/5275 1416/2088/5276
f 1417/2099/5277 1418/2104/5278 1425/2107/5279 1422/2100/5280
f 1423/2109/5281 1424/2112/5282 1437/2115/5283 1438/2110/5284
f 1429/2081/5285 1430/2092/5286 1414/2091/5287 1409/2078/5288
f 1435/2095/5289 1436/2114/5290 1426/2113/5291 1420/2096/5292
f 1439/2118/5293 1440/2086/5294 1415/2089/5295 1421/2119/5296
f 1409/2083/5297 1410/2082/5298 1411/2120/5299
f 1412/2121/5300 1413/2085/5301 1414/2084/5302
f 1415/2089/5303 1416/2088/5304 1417/2102/5305
f 1418/2103/5306 1419/2097/5307 1420/2096/5308
f 1421/2101/5309 1422/2100/5310 1423/2109/5311
f 1424/2112/5312 1425/2107/5313 1426/2106/5314
f 1427/2122/5315 1428/2116/5316 1429/2081/5317
f 1430/2092/5318 1431/2117/5319 1432/2123/5320
f 1410/2082/5321 1413/2085/5322 1434/2094/5323 1433/2087/5324
f 1413/2085/5325 1412/2121/5326 1435/2095/5327 1434/2094/5328
f 1412/2121/5329 1432/2123/5330 1436/2114/5331 1435/2095/5332
f 1437/2115/5333 1436/2114/5334 1432/2123/5335 1431/2117/5336
f 1438/2110/5337 1437/2115/5338 1431/2117/5339 1428/2116/5340
f 1439/2111/5341 1438/2110/5342 1428/2116/5343 1427/2122/5344
f 1427/2124/5345 1411/2120/5346 1440/2086/5347 1439/2118/5348
f 1411/2120/5349 1410/2082/5350 1433/2087/5351 1440/2086/5352
f 1441/2125/5353 1443/2126/5354 1459/2127/5355 1461/2128/5356
f 1442/2129/5357 1441/2130/5358 1446/2131/5359 1445/2132/5360
f 1472/2133/5361 1465/2134/5362 1448/2135/5363 1447/2136/5364
f 1444/2137/5365 1446/2138/5366 1462/2139/5367 1464/2140/5368
f 1466/2141/5369 1467/2142/5370 1452/2143/5371 1451/2144/5372
f 1447/2145/5373 1449/2146/5374 1454/2147/5375 1453/2148/5376
f 1449/2149/5377 1448/2135/5378 1451/2144/5379 1450/2150/5380
f 1450/2151/5381 1452/2152/5382 1458/2153/5383 1457/2154/5384
f 1453/2155/5385 1455/2156/5386 1470/2157/5387 1471/2158/5388
f 1455/2156/5389 1454/2147/5390 1457/2154/5391 1456/2159/5392
f 1456/2159/5393 1458/2160/5394 1468/2161/5395 1469/2162/5396
f 1461/2128/5397 1460/2163/5398 1463/2164/5399 1462/2139/5400
f 1465/2134/5401 1466/2141/5402 1451/2144/5403 1448/2135/5404
f 1449/2146/5405 1450/2151/5406 1457/2154/5407 1454/2147/5408
f 1455/2156/5409 1456/2159/5410 1469/2162/5411 1470/2157/5412
f 1461/2128/5413 1462/2139/5414 1446/2138/5415 1441/2125/5416
f 1467/2142/5417 1468/2161/5418 1458/2160/5419 1452/2143/5420
f 1471/2165/5421 1472/2133/5422 1447/2136/5423 1453/2166/5424
f 1441/2130/5425 1442/2129/5426 1443/2167/5427
f 1444/2168/5428 1445/2132/5429 1446/2131/5430
f 1447/2136/5431 1448/2135/5432 1449/2149/5433
f 1450/2150/5434 1451/2144/5435 1452/2143/5436
f 1453/2148/5437 1454/2147/5438 1455/2156/5439
f 1456/2159/5440 1457/2154/5441 1458/2153/5442
f 1459/2169/5443 1460/2163/5444 1461/2128/5445
f 1462/2139/5446 1463/2164/5447 1464/2170/5448
f 1442/2129/5449 1445/2132/5450 1466/2141/5451 1465/2134/5452
f 1445/2132/5453 1444/2168/5454 1467/2142/5455 1466/2141/5456
f 1444/2168/5457 1464/2170/5458 1468/2161/5459 1467/2142/5460
f 1469/2162/5461 1468/2161/5462 1464/2170/5463 1463/2164/5464
f 1470/2157/5465 1469/2162/5466 1463/2164/5467 1460/2163/5468
f 1471/2158/5469 1470/2157/5470 1460/2163/5471 1459/2169/5472
f 1459/2171/5473 1443/2167/5474 1472/2133/5475 1471/2165/5476
f 1443/2167/5477 1442/2129/5478 1465/2134/5479 1472/2133/5480
f 1473/2172/5481 1475/2173/5482 1491/2174/5483 1493/2175/5484
f 1474/2176/5485 1473/2177/5486 1478/2178/5487 1477/2179/5488
f 1504/2180/5489 1497/2181/5490 1480/2182/5491 1479/2183/5492
f 1476/2184/5493 1478/2185/5494 1494/2186/5495 1496/2187/5496
f 1498/2188/5497 1499/2189/5498 1484/2190/5499 1483/2191/5500
f 1479/2192/5501 1481/2193/5502 1486/2194/5503 1485/2195/5504
f 1481/2196/5505 1480/2182/5506 1483/2191/5507 1482/2197/5508
f 1482/2198/5509 1484/2199/5510 1490/2200/5511 1489/2201/5512
f 1485/2202/5513 1487/2203/5514 1502/2204/5515 1503/2205/5516
f 1487/2203/5517 1486/2194/5518 1489/2201/5519 1488/2206/5520
f 1488/2206/5521 1490/2207/5522 1500/2208/5523 1501/2209/5524
f 1493/2175/5525 1492/2210/5526 1495/2211/5527 1494/2186/5528
f 1497/2181/5529 1498/2188/5530 1483/2191/5531 1480/2182/5532
f 1481/2193/5533 1482/2198/5534 1489/2201/5535 1486/2194/5536
f 1487/2203/5537 1488/2206/5538 1501/2209/5539 1502/2204/5540
f 1493/2175/5541 1494/2186/5542 1478/2185/5543 1473/2172/5544
f 1499/2189/5545 1500/2208/5546 1490/2207/5547 1484/2190/5548
f 1503/2212/5549 1504/2180/5550 1479/2183/5551 1485/2213/5552
f 1473/2177/5553 1474/2176/5554 1475/2214/5555
f 1476/2215/5556 1477/2179/5557 1478/2178/5558
f 1479/2183/5559 1480/2182/5560 1481/2196/5561
f 1482/2197/5562 1483/2191/5563 1484/2190/5564
f 1485/2195/5565 1486/2194/5566 1487/2203/5567
f 1488/2206/5568 1489/2201/5569 1490/2200/5570
f 1491/2216/5571 1492/2210/5572 1493/2175/5573
f 1494/2186/5574 1495/2211/5575 1496/2217/5576
f 1474/2176/5577 1477/2179/5578 1498/2188/5579 1497/2181/5580
f 1477/2179/5581 1476/2215/5582 1499/2189/5583 1498/2188/5584
f 1476/2215/5585 1496/2217/5586 1500/2208/5587 1499/2189/5588
f 1501/2209/5589 1500/2208/5590 1496/2217/5591 1495/2211/5592
f 1502/2204/5593 1501/2209/5594 1495/2211/5595 1492/2210/5596
f 1503/2205/5597 1502/2204/5598 1492/2210/5599 1491/2216/5600
f 1491/2218/5601 1475/2214/5602 1504/2180/5603 1503/2212/5604
f 1475/2214/5605 1474/2176/5606 1497/2181/5607 1504/2180/5608
f 1505/2219/5609 1507/2220/5610 1523/2221/5611 1525/2222/5612
f 1506/2223/5613 1505/2224/5614 1510/2225/5615 1509/2226/5616
f 1536/2227/5617 1529/2228/5618 1512/2229/5619 1511/2230/5620
f 1508/2231/5621 1510/2232/5622 1526/2233/5623 1528/2234/5624
f 1530/2235/5625 1531/2236/5626 1516/2237/5627 1515/2238/5628
f 1511/2239/5629 1513/2240/5630 1518/2241/5631 1517/2242/5632
f 1513/2243/5633 1512/2229/5634 1515/2238/5635 1514/2244/5636
f 1514/2245/5637 1516/2246/5638 1522/2247/5639 1521/2248/5640
f 1517/2249/5641 1519/2250/5642 1534/2251/5643 1535/2252/5644
f 1519/2250/5645 1518/2241/5646 1521/2248/5647 1520/2253/5648
f 1520/2253/5649 1522/2254/5650 1532/2255/5651 1533/2256/5652
f 1525/2222/5653 1524/2257/5654 1527/2258/5655 1526/2233/5656
f 1529/2228/5657 1530/2235/5658 1515/2238/5659 1512/2229/5660
f 1513/2240/5661 1514/2245/5662 1521/2248/5663 1518/2241/5664
f 1519/2250/5665 1520/2253/5666 1533/2256/5667 1534/2251/5668
f 1525/2222/5669 1526/2233/5670 1510/2232/5671 1505/2219/5672
f 1531/2236/5673 1532/2255/5674 1522/2254/5675 1516/2237/5676
f 1535/2259/5677 1536/2227/5678 1511/2230/5679 1517/2260/5680
f 1505/2224/5681 1506/2223/5682 1507/2261/5683
f 1508/2262/5684 1509/2226/5685 1510/2225/5686
f 1511/2230/5687 1512/2229/5688 1513/2243/5689
f 1514/2244/5690 1515/2238/5691 1516/2237/5692
f 1517/2242/5693 1518/2241/5694 1519/2250/5695
f 1520/2253/5696 1521/2248/5697 1522/2247/5698
f 1523/2263/5699 1524/2257/5700 1525/2222/5701
f 1526/2233/5702 1527/2258/5703 1528/2264/5704
f 1506/2223/5705 1509/2226/5706 1530/2235/5707 1529/2228/5708
f 1509/2226/5709 1508/2262/5710 1531/2236/5711 1530/2235/5712
f 1508/2262/5713 1528/2264/5714 1532/2255/5715 1531/2236/5716
f 1533/2256/5717 1532/2255/5718 1528/2264/5719 1527/2258/5720
f 1534/2251/5721 1533/2256/5722 1527/2258/5723 1524/2257/5724
f 1535/2252/5725 1534/2251/5726 1524/2257/5727 1523/2263/5728
f 1523/2265/5729 1507/2261/5730 1536/2227/5731 1535/2259/5732
f 1507/2261/5733 1506/2223/5734 1529/2228/5735 1536/2227/5736
f 1537/2266/5737 1539/2267/5738 1555/2268/5739 1557/2269/5740
f 1538/2270/5741 1537/2271/5742 1542/2272/5743 1541/2273/5744
f 1568/2274/5745 1561/2275/5746 1544/2276/5747 1543/2277/5748
f 1540/2278/5749 1542/2279/5750 1558/2280/5751 1560/2281/5752
f 1562/2282/5753 1563/2283/5754 1548/2284/5755 1547/2285/5756
f 1543/2286/5757 1545/2287/5758 1550/2288/5759 1549/2289/5760
f 1545/2290/5761 1544/2276/5762 1547/2285/5763 1546/2291/5764
f 1546/2292/5765 1548/2293/5766 1554/2294/5767 1553/2295/5768
f 1549/2296/5769 1551/2297/5770 1566/2298/5771 1567/2299/5772
f 1551/2297/5773 1550/2288/5774 1553/2295/5775 1552/2300/5776
f 1552/2300/5777 1554/2301/5778 1564/2302/5779 1565/2303/5780
f 1557/2269/5781 1556/2304/5782 1559/2305/5783 1558/2280/5784
f 1561/2275/5785 1562/2282/5786 1547/2285/5787 1544/2276/5788
f 1545/2287/5789 1546/2292/5790 1553/2295/5791 1550/2288/5792
f 1551/2297/5793 1552/2300/5794 1565/2303/5795 1566/2298/5796
f 1557/2269/5797 1558/2280/5798 1542/2279/5799 1537/2266/5800
f 1563/2283/5801 1564/2302/5802 1554/2301/5803 1548/2284/5804
f 1567/2306/5805 1568/2274/5806 1543/2277/5807 1549/2307/5808
f 1537/2271/5809 1538/2270/5810 1539/2308/5811
f 1540/2309/5812 1541/2273/5813 1542/2272/5814
f 1543/2277/5815 1544/2276/5816 1545/2290/5817
f 1546/2291/5818 1547/2285/5819 1548/2284/5820
f 1549/2289/5821 1550/2288/5822 1551/2297/5823
f 1552/2300/5824 1553/2295/5825 1554/2294/5826
f 1555/2310/5827 1556/2304/5828 1557/2269/5829
f 1558/2280/5830 1559/2305/5831 1560/2311/5832
f 1538/2270/5833 1541/2273/5834 1562/2282/5835 1561/2275/5836
f 1541/2273/5837 1540/2309/5838 1563/2283/5839 1562/2282/5840
f 1540/2309/5841 1560/2311/5842 1564/2302/5843 1563/2283/5844
f 1565/2303/5845 1564/2302/5846 1560/2311/5847 1559/2305/5848
f 1566/2298/5849 1565/2303/5850 1559/2305/5851 1556/2304/5852
f 1567/2299/5853 1566/2298/5854 1556/2304/5855 1555/2310/5856
f 1555/2312/5857 1539/2308/5858 1568/2274/5859 1567/2306/5860
f 1539/2308/5861 1538/2270/5862 1561/2275/5863 1568/2274/5864
f 1569/2313/5865 1571/2314/5866 1587/2315/5867 1589/2316/5868
f 1570/2317/5869 1569/2318/5870 1574/2319/5871 1573/2320/5872
f 1600/2321/5873 1593/2322/5874 1576/2323/5875 1575/2324/5876
f 1572/2325/5877 1574/2326/5878 1590/2327/5879 1592/2328/5880
f 1594/2329/5881 1595/2330/5882 1580/2331/5883 1579/2332/5884
f 1575/2333/5885 1577/2334/5886 1582/2335/5887 1581/2336/5888
f 1577/2337/5889 1576/2323/5890 1579/2332/5891 1578/2338/5892
f 1578/2339/5893 1580/2340/5894 1586/2341/5895 1585/2342/5896
f 1581/2343/5897 1583/2344/5898 1598/2345/5899 1599/2346/5900
f 1583/2344/5901 1582/2335/5902 1585/2342/5903 1584/2347/5904
f 1584/2347/5905 1586/2348/5906 1596/2349/5907 1597/2350/5908
f 1589/2316/5909 1588/2351/5910 1591/2352/5911 1590/2327/5912
f 1593/2322/5913 1594/2329/5914 1579/2332/5915 1576/2323/5916
f 1577/2334/5917 1578/2339/5918 1585/2342/5919 1582/2335/5920
f 1583/2344/5921 1584/2347/5922 1597/2350/5923 1598/2345/5924
f 1589/2316/5925 1590/2327/5926 1574/2326/5927 1569/2313/5928
f 1595/2330/5929 1596/2349/5930 1586/2348/5931 1580/2331/5932
f 1599/2353/5933 1600/2321/5934 1575/2324/5935 1581/2354/5936
f 1569/2318/5937 1570/2317/5938 1571/2355/5939
f 1572/2356/5940 1573/2320/5941 1574/2319/5942
f 1575/2324/5943 1576/2323/5944 1577/2337/5945
f 1578/2338/5946 1579/2332/5947 1580/2331/5948
f 1581/2336/5949 1582/2335/5950 1583/2344/5951
f 1584/2347/5952 1585/2342/5953 1586/2341/5954
f 1587/2357/5955 1588/2351/5956 1589/2316/5957
f 1590/2327/5958 1591/2352/5959 1592/2358/5960
f 1570/2317/5961 1573/2320/5962 1594/2329/5963 1593/2322/5964
f 1573/2320/5965 1572/2356/5966 1595/2330/5967 1594/2329/5968
f 1572/2356/5969 1592/2358/5970 1596/2349/5971 1595/2330/5972
f 1597/2350/5973 1596/2349/5974 1592/2358/5975 1591/2352/5976
f 1598/2345/5977 1597/2350/5978 1591/2352/5979 1588/2351/5980
f 1599/2346/5981 1598/2345/5982 1588/2351/5983 1587/2357/5984
f 1587/2359/5985 1571/2355/5986 1600/2321/5987 1599/2353/5988
f 1571/2355/5989 1570/2317/5990 1593/2322/5991 1600/2321/5992
f 1601/2360/5993 1603/2361/5994 1619/2362/5995 1621/2363/5996
f 1602/2364/5997 1601/2365/5998 1606/2366/5999 1605/2367/6000
f 1632/2368/6001 1625/2369/6002 1608/2370/6003 1607/2371/6004
f 1604/2372/6005 1606/2373/6006 1622/2374/6007 1624/2375/6008
f 1626/2376/6009 1627/2377/6010 1612/2378/6011 1611/2379/6012
f 1607/2380/6013 1609/2381/6014 1614/2382/6015 1613/2383/6016
f 1609/2384/6017 1608/2370/6018 1611/2379/6019 1610/2385/6020
f 1610/2386/6021 1612/2387/6022 1618/2388/6023 1617/2389/6024
f 1613/2390/6025 1615/2391/6026 1630/2392/6027 1631/2393/6028
f 1615/2391/6029 1614/2382/6030 1617/2389/6031 1616/2394/6032
f 1616/2394/6033 1618/2395/6034 1628/2396/6035 1629/2397/6036
f 1621/2363/6037 1620/2398/6038 1623/2399/6039 1622/2374/6040
f 1625/2369/6041 1626/2376/6042 1611/2379/6043 1608/2370/6044
f 1609/2381/6045 1610/2386/6046 1617/2389/6047 1614/2382/6048
f 1615/2391/6049 1616/2394/6050 1629/2397/6051 1630/2392/6052
f 1621/2363/6053 1622/2374/6054 1606/2373/6055 1601/2360/6056
f 1627/2377/6057 1628/2396/6058 1618/2395/6059 1612/2378/6060
f 1631/2400/6061 1632/2368/6062 1607/2371/6063 1613/2401/6064
f 1601/2365/6065 1602/2364/6066 1603/2402/6067
f 1604/2403/6068 1605/2367/6069 1606/2366/6070
f 1607/2371/6071 1608/2370/6072 1609/2384/6073
f 1610/2385/6074 1611/2379/6075 1612/2378/6076
f 1613/2383/6077 1614/2382/6078 1615/2391/6079
f 1616/2394/6080 1617/2389/6081 1618/2388/6082
f 1619/2404/6083 1620/2398/6084 1621/2363/6085
f 1622/2374/6086 1623/2399/6087 1624/2405/6088
f 1602/2364/6089 1605/2367/6090 1626/2376/6091 1625/2369/6092
f 1605/2367/6093 1604/2403/6094 1627/2377/6095 1626/2376/6096
f 1604/2403/6097 1624/2405/6098 1628/2396/6099 1627/2377/6100
f 1629/2397/6101 1628/2396/6102 1624/2405/6103 1623/2399/6104
f 1630/2392/6105 1629/2397/6106 1623/2399/6107 1620/2398/6108
f 1631/2393/6109 1630/2392/6110 1620/2398/6111 1619/2404/6112
f 1619/2406/6113 1603/2402/6114 1632/2368/6115 1631/2400/6116
f 1603/2402/6117 1602/2364/6118 1625/2369/6119 1632/2368/6120
f 1633/2407/6121 1635/2408/6122 1651/2409/6123 1653/2410/6124
f 1634/2411/6125 1633/2412/6126 1638/2413/6127 1637/2414/6128
f 1664/2415/6129 1657/2416/6130 1640/2417/6131 1639/2418/6132
f 1636/2419/6133 1638/2420/6134 1654/2421/6135 1656/2422/6136
f 1658/2423/6137 1659/2424/6138 1644/2425/6139 1643/2426/6140
f 1639/2427/6141 1641/2428/6142 1646/2429/6143 1645/2430/6144
f 1641/2431/6145 1640/2417/6146 1643/2426/6147 1642/2432/6148
f 1642/2433/6149 1644/2434/6150 1650/2435/6151 1649/2436/6152
f 1645/2437/6153 1647/2438/6154 1662/2439/6155 1663/2440/6156
f 1647/2438/6157 1646/2429/6158 1649/2436/6159 1648/2441/6160
f 1648/2441/6161 1650/2442/6162 1660/2443/6163 1661/2444/6164
f 1653/2410/6165 1652/2445/6166 1655/2446/6167 1654/2421/6168
f 1657/2416/6169 1658/2423/6170 1643/2426/6171 1640/2417/6172
f 1641/2428/6173 1642/2433/6174 1649/2436/6175 1646/2429/6176
f 1647/2438/6177 1648/2441/6178 1661/2444/6179 1662/2439/6180
f 1653/2410/6181 1654/2421/6182 1638/2420/6183 1633/2407/6184
f 1659/2424/6185 1660/2443/6186 1650/2442/6187 1644/2425/6188
f 1663/2447/6189 1664/2415/6190 1639/2418/6191 1645/2448/6192
f 1633/2412/6193 1634/2411/6194 1635/2449/6195
f 1636/2450/6196 1637/2414/6197 1638/2413/6198
f 1639/2418/6199 1640/2417/6200 1641/2431/6201
f 1642/2432/6202 1643/2426/6203 1644/2425/6204
f 1645/2430/6205 1646/2429/6206 1647/2438/6207
f 1648/2441/6208 1649/2436/6209 1650/2435/6210
f 1651/2451/6211 1652/2445/6212 1653/2410/6213
f 1654/2421/6214 1655/2446/6215 1656/2452/6216
f 1634/2411/6217 1637/2414/6218 1658/2423/6219 1657/2416/6220
f 1637/2414/6221 1636/2450/6222 1659/2424/6223 1658/2423/6224
f 1636/2450/6225 1656/2452/6226 1660/2443/6227 1659/2424/6228
f 1661/2444/6229 1660/2443/6230 1656/2452/6231 1655/2446/6232
f 1662/2439/6233 1661/2444/6234 1655/2446/6235 1652/2445/6236
f 1663/2440/6237 1662/2439/6238 1652/2445/6239 1651/2451/6240
f 1651/2453/6241 1635/2449/6242 1664/2415/6243 1663/2447/6244
f 1635/2449/6245 1634/2411/6246 1657/2416/6247 1664/2415/6248
f 1684/2454/6249 1677/2455/6250 1666/2456/6251 1665/2457/6252
f 1678/2458/6253 1679/2459/6254 1670/2460/6255 1669/2461/6256
f 1665/2462/6257 1667/2463/6258 1672/2464/6259 1671/2465/6260
f 1667/2466/6261 1666/2456/6262 1669/2461/6263 1668/2467/6264
f 1668/2468/6265 1670/2469/6266 1676/2470/6267 1675/2471/6268
f 1671/2472/6269 1673/2473/6270 1682/2474/6271 1683/2475/6272
f 1673/2473/6273 1672/2464/6274 1675/2471/6275 1674/2476/6276
f 1674/2476/6277 1676/2477/6278 1680/2478/6279 1681/2479/6280
f 1677/2455/6281 1678/2458/6282 1669/2461/6283 1666/2456/6284
f 1667/2463/6285 1668/2468/6286 1675/2471/6287 1672/2464/6288
f 1673/2473/6289 1674/2476/6290 1681/2479/6291 1682/2474/6292
f 1679/2459/6293 1680/2478/6294 1676/2477/6295 1670/2460/6296
f 1683/2480/6297 1684/2454/6298 1665/2457/6299 1671/2481/6300
f 1665/2457/6301 1666/2456/6302 1667/2466/6303
f 1668/2467/6304 1669/2461/6305 1670/2460/6306
f 1671/2465/6307 1672/2464/6308 1673/2473/6309
f 1674/2476/6310 1675/2471/6311 1676/2470/6312
f 1704/2482/6313 1697/2483/6314 1686/2484/6315 1685/2485/6316
f 1698/2486/6317 1699/2487/6318 1690/2488/6319 1689/2489/6320
f 1685/2490/6321 1687/2491/6322 1692/2492/6323 1691/2493/6324
f 1687/2494/6325 1686/2484/6326 1689/2489/6327 1688/2495/6328
f 1688/2496/6329 1690/2497/6330 1696/2498/6331 1695/2499/6332
f 1691/2500/6333 1693/2501/6334 1702/2502/6335 1703/2503/6336
f 1693/2501/6337 1692/2492/6338 1695/2499/6339 1694/2504/6340
f 1694/2504/6341 1696/2505/6342 1700/2506/6343 1701/2507/6344
f 1697/2483/6345 1698/2486/6346 1689/2489/6347 1686/2484/6348
f 1687/2491/6349 1688/2496/6350 1695/2499/6351 1692/2492/6352
f 1693/2501/6353 1694/2504/6354 1701/2507/6355 1702/2502/6356
f 1699/2487/6357 1700/2506/6358 1696/2505/6359 1690/2488/6360
f 1703/2508/6361 1704/2482/6362 1685/2485/6363 1691/2509/6364
f 1685/2485/6365 1686/2484/6366 1687/2494/6367
f 1688/2495/6368 1689/2489/6369 1690/2488/6370
f 1691/2493/6371 1692/2492/6372 1693/2501/6373
f 1694/2504/6374 1695/2499/6375 1696/2498/6376
f 1705/2510/6377 1707/2511/6378 1723/2512/6379 1725/2513/6380
f 1706/2514/6381 1705/2515/6382 1710/2516/6383 1709/2517/6384
f 1736/2518/6385 1729/2519/6386 1712/2520/6387 1711/2521/6388
f 1708/2522/6389 1710/2523/6390 1726/2524/6391 1728/2525/6392
f 1730/2526/6393 1731/2527/6394 1716/2528/6395 1715/2529/6396
f 1711/2530/6397 1713/2531/6398 1718/2532/6399 1717/2533/6400
f 1713/2534/6401 1712/2520/6402 1715/2529/6403 1714/2535/6404
f 1714/2536/6405 1716/2537/6406 1722/2538/6407 1721/2539/6408
f 1717/2540/6409 1719/2541/6410 1734/2542/6411 1735/2543/6412
f 1719/2541/6413 1718/2532/6414 1721/2539/6415 1720/2544/6416
f 1720/2544/6417 1722/2545/6418 1732/2546/6419 1733/2547/6420
f 1725/2513/6421 1724/2548/6422 1727/2549/6423 1726/2524/6424
f 1729/2519/6425 1730/2526/6426 1715/2529/6427 1712/2520/6428
f 1713/2531/6429 1714/2536/6430 1721/2539/6431 1718/2532/6432
f 1719/2541/6433 1720/2544/6434 1733/2547/6435 1734/2542/6436
f 1725/2513/6437 1726/2524/6438 1710/2523/6439 1705/2510/6440
f 1731/2527/6441 1732/2546/6442 1722/2545/6443 1716/2528/6444
f 1735/2550/6445 1736/2518/6446 1711/2521/6447 1717/2551/6448
f 1705/2515/6449 1706/2514/6450 1707/2552/6451
f 1708/2553/6452 1709/2517/6453 1710/2516/6454
f 1711/2521/6455 1712/2520/6456 1713/2534/6457
f 1714/2535/6458 1715/2529/6459 1716/2528/6460
f 1717/2533/6461 1718/2532/6462 1719/2541/6463
f 1720/2544/6464 1721/2539/6465 1722/2538/6466
f 1723/2554/6467 1724/2548/6468 1725/2513/6469
f 1726/2524/6470 1727/2549/6471 1728/2555/6472
f 1706/2514/6473 1709/2517/6474 1730/2526/6475 1729/2519/6476
f 1709/2517/6477 1708/2553/6478 1731/2527/6479 1730/2526/6480
f 1708/2553/6481 1728/2555/6482 1732/2546/6483 1731/2527/6484
f 1733/2547/6485 1732/2546/6486 1728/2555/6487 1727/2549/6488
f 1734/2542/6489 1733/2547/6490 1727/2549/6491 1724/2548/6492
f 1735/2543/6493 1734/2542/6494 1724/2548/6495 1723/2554/6496
f 1723/2556/6497 1707/2552/6498 1736/2518/6499 1735/2550/6500
f 1707/2552/6501 1706/2514/6502 1729/2519/6503 1736/2518/6504
f 1737/2557/6505 1739/2558/6506 1755/2559/6507 1757/2560/6508
f 1738/2561/6509 1737/2562/6510 1742/2563/6511 1741/2564/6512
f 1768/2565/6513 1761/2566/6514 1744/2567/6515 1743/2568/6516
f 1740/2569/6517 1742/2570/6518 1758/2571/6519 1760/2572/6520
f 1762/2573/6521 1763/2574/6522 1748/2575/6523 1747/2576/6524
f 1743/2577/6525 1745/2578/6526 1750/2579/6527 1749/2580/6528
f 1745/2581/6529 1744/2567/6530 1747/2576/6531 1746/2582/6532
f 1746/2583/6533 1748/2584/6534 1754/2585/6535 1753/2586/6536
f 1749/2587/6537 1751/2588/6538 1766/2589/6539 1767/2590/6540
f 1751/2588/6541 1750/2579/6542 1753/2586/6543 1752/2591/6544
f 1752/2591/6545 1754/2592/6546 1764/2593/6547 1765/2594/6548
f 1757/2560/6549 1756/2595/6550 1759/2596/6551 1758/2571/6552
f 1761/2566/6553 1762/2573/6554 1747/2576/6555 1744/2567/6556
f 1745/2578/6557 1746/2583/6558 1753/2586/6559 1750/2579/6560
f 1751/2588/6561 1752/2591/6562 1765/2594/6563 1766/2589/6564
f 1757/2560/6565 1758/2571/6566 1742/2570/6567 1737/2557/6568
f 1763/2574/6569 1764/2593/6570 1754/2592/6571 1748/2575/6572
f 1767/2597/6573 1768/2565/6574 1743/2568/6575 1749/2598/6576
f 1737/2562/6577 1738/2561/6578 1739/2599/6579
f 1740/2600/6580 1741/2564/6581 1742/2563/6582
f 1743/2568/6583 1744/2567/6584 1745/2581/6585
f 1746/2582/6586 1747/2576/6587 1748/2575/6588
f 1749/2580/6589 1750/2579/6590 1751/2588/6591
f 1752/2591/6592 1753/2586/6593 1754/2585/6594
f 1755/2601/6595 1756/2595/6596 1757/2560/6597
f 1758/2571/6598 1759/2596/6599 1760/2602/6600
f 1738/2561/6601 1741/2564/6602 1762/2573/6603 1761/2566/6604
f 1741/2564/6605 1740/2600/6606 1763/2574/6607 1762/2573/6608
f 1740/2600/6609 1760/2602/6610 1764/2593/6611 1763/2574/6612
f 1765/2594/6613 1764/2593/6614 1760/2602/6615 1759/2596/6616
f 1766/2589/6617 1765/2594/6618 1759/2596/6619 1756/2595/6620
f 1767/2590/6621 1766/2589/6622 1756/2595/6623 1755/2601/6624
f 1755/2603/6625 1739/2599/6626 1768/2565/6627 1767/2597/6628
f 1739/2599/6629 1738/2561/6630 1761/2566/6631 1768/2565/6632
f 1769/2604/6633 1771/2605/6634 1787/2606/6635 1789/2607/6636
f 1770/2608/6637 1769/2609/6638 1774/2610/6639 1773/2611/6640
f 1800/2612/6641 1793/2613/6642 1776/2614/6643 1775/2615/6644
f 1772/2616/6645 1774/2617/6646 1790/2618/6647 1792/2619/6648
f 1794/2620/6649 1795/2621/6650 1780/2622/6651 1779/2623/6652
f 1775/2624/6653 1777/2625/6654 1782/2626/6655 1781/2627/6656
f 1777/2628/6657 1776/2614/6658 1779/2623/6659 1778/2629/6660
f 1778/2630/6661 1780/2631/6662 1786/2632/6663 1785/2633/6664
f 1781/2634/6665 1783/2635/6666 1798/2636/6667 1799/2637/6668
f 1783/2635/6669 1782/2626/6670 1785/2633/6671 1784/2638/6672
f 1784/2638/6673 1786/2639/6674 1796/2640/6675 1797/2641/6676
f 1789/2607/6677 1788/2642/6678 1791/2643/6679 1790/2618/6680
f 1793/2613/6681 1794/2620/6682 1779/2623/6683 1776/2614/6684
f 1777/2625/6685 1778/2630/6686 1785/2633/6687 1782/2626/6688
f 1783/2635/6689 1784/2638/6690 1797/2641/6691 1798/2636/6692
f 1789/2607/6693 1790/2618/6694 1774/2617/6695 1769/2604/6696
f 1795/2621/6697 1796/2640/6698 1786/2639/6699 1780/2622/6700
f 1799/2644/6701 1800/2612/6702 1775/2615/6703 1781/2645/6704
f 1769/2609/6705 1770/2608/6706 1771/2646/6707
f 1772/2647/6708 1773/2611/6709 1774/2610/6710
f 1775/2615/6711 1776/2614/6712 1777/2628/6713
f 1778/2629/6714 1779/2623/6715 1780/2622/6716
f 1781/2627/6717 1782/2626/6718 1783/2635/6719
f 1784/2638/6720 1785/2633/6721 1786/2632/6722
f 1787/2648/6723 1788/2642/6724 1789/2607/6725
f 1790/2618/6726 1791/2643/6727 1792/2649/6728
f 1770/2608/6729 1773/2611/6730 1794/2620/6731 1793/2613/6732
f 1773/2611/6733 1772/2647/6734 1795/2621/6735 1794/2620/6736
f 1772/2647/6737 1792/2649/6738 1796/2640/6739 1795/2621/6740
f 1797/2641/6741 1796/2640/6742 1792/2649/6743 1791/2643/6744
f 1798/2636/6745 1797/2641/6746 1791/2643/6747 1788/2642/6748
f 1799/2637/6749 1798/2636/6750 1788/2642/6751 1787/2648/6752
f 1787/2650/6753 1771/2646/6754 1800/2612/6755 1799/2644/6756
f 1771/2646/6757 1770/2608/6758 1793/2613/6759 1800/2612/6760
f 1820/2651/6761 1813/2652/6762 1802/2653/6763 1801/2654/6764
f 1814/2655/6765 1815/2656/6766 1806/2657/6767 1805/2658/6768
f 1801/2659/6769 1803/2660/6770 1808/2661/6771 1807/2662/6772
f 1803/2663/6773 1802/2653/6774 1805/2658/6775 1804/2664/6776
f 1804/2665/6777 1806/2666/6778 1812/2667/6779 1811/2668/6780
f 1807/2669/6781 1809/2670/6782 1818/2671/6783 1819/2672/6784
f 1809/2670/6785 1808/2661/6786 1811/2668/6787 1810/2673/6788
f 1810/2673/6789 1812/2674/6790 1816/2675/6791 1817/2676/6792
f 1813/2652/6793 1814/2655/6794 1805/2658/6795 1802/2653/6796
f 1803/2660/6797 1804/2665/6798 1811/2668/6799 1808/2661/6800
f 1809/2670/6801 1810/2673/6802 1817/2676/6803 1818/2671/6804
f 1815/2656/6805 1816/2675/6806 1812/2674/6807 1806/2657/6808
f 1819/2677/6809 1820/2651/6810 1801/2654/6811 1807/2678/6812
f 1801/2654/6813 1802/2653/6814 1803/2663/6815
f 1804/2664/6816 1805/2658/6817 1806/2657/6818
f 1807/2662/6819 1808/2661/6820 1809/2670/6821
f 1810/2673/6822 1811/2668/6823 1812/2667/6824
f 1840/2679/6825 1833/2680/6826 1822/2681/6827 1821/2682/6828
f 1834/2683/6829 1835/2684/6830 1826/2685/6831 1825/2686/6832
f 1821/2687/6833 1823/2688/6834 1828/2689/6835 1827/2690/6836
f 1823/2691/6837 1822/2681/6838 1825/2686/6839 1824/2692/6840
f 1824/2693/6841 1826/2694/6842 1832/2695/6843 1831/2696/6844
f 1827/2697/6845 1829/2698/6846 1838/2699/6847 1839/2700/6848
f 1829/2698/6849 1828/2689/6850 1831/2696/6851 1830/2701/6852
f 1830/2701/6853 1832/2702/6854 1836/2703/6855 1837/2704/6856
f 1833/2680/6857 1834/2683/6858 1825/2686/6859 1822/2681/6860
f 1823/2688/6861 1824/2693/6862 1831/2696/6863 1828/2689/6864
f 1829/2698/6865 1830/2701/6866 1837/2704/6867 1838/2699/6868
f 1835/2684/6869 1836/2703/6870 1832/2702/6871 1826/2685/6872
f 1839/2705/6873 1840/2679/6874 1821/2682/6875 1827/2706/6876
f 1821/2682/6877 1822/2681/6878 1823/2691/6879
f 1824/2692/6880 1825/2686/6881 1826/2685/6882
f 1827/2690/6883 1828/2689/6884 1829/2698/6885
f 1830/2701/6886 1831/2696/6887 1832/2695/6888
f 1841/2707/6889 1843/2708/6890 1859/2709/6891 1861/2710/6892
f 1842/2711/6893 1841/2712/6894 1846/2713/6895 1845/2714/6896
f 1872/2715/6897 1865/2716/6898 1848/2717/6899 1847/2718/6900
f 1844/2719/6901 1846/2720/6902 1862/2721/6903 1864/2722/6904
f 1866/2723/6905 1867/2724/6906 1852/2725/6907 1851/2726/6908
f 1847/2727/6909 1849/2728/6910 1854/2729/6911 1853/2730/6912
f 1849/2731/6913 1848/2717/6914 1851/2726/6915 1850/2732/6916
f 1850/2733/6917 1852/2734/6918 1858/2735/6919 1857/2736/6920
f 1853/2737/6921 1855/2738/6922 1870/2739/6923 1871/2740/6924
f 1855/2738/6925 1854/2729/6926 1857/2736/6927 1856/2741/6928
f 1856/2741/6929 1858/2742/6930 1868/2743/6931 1869/2744/6932
f 1861/2710/6933 1860/2745/6934 1863/2746/6935 1862/2721/6936
f 1865/2716/6937 1866/2723/6938 1851/2726/6939 1848/2717/6940
f 1849/2728/6941 1850/2733/6942 1857/2736/6943 1854/2729/6944
f 1855/2738/6945 1856/2741/6946 1869/2744/6947 1870/2739/6948
f 1861/2710/6949 1862/2721/6950 1846/2720/6951 1841/2707/6952
f 1867/2724/6953 1868/2743/6954 1858/2742/6955 1852/2725/6956
f 1871/2747/6957 1872/2715/6958 1847/2718/6959 1853/2748/6960
f 1841/2712/6961 1842/2711/6962 1843/2749/6963
f 1844/2750/6964 1845/2714/6965 1846/2713/6966
f 1847/2718/6967 1848/2717/6968 1849/2731/6969
f 1850/2732/6970 1851/2726/6971 1852/2725/6972
f 1853/2730/6973 1854/2729/6974 1855/2738/6975
f 1856/2741/6976 1857/2736/6977 1858/2735/6978
f 1859/2751/6979 1860/2745/6980 1861/2710/6981
f 1862/2721/6982 1863/2746/6983 1864/2752/6984
f 1842/2711/6985 1845/2714/6986 1866/2723/6987 1865/2716/6988
f 1845/2714/6989 1844/2750/6990 1867/2724/6991 1866/2723/6992
f 1844/2750/6993 1864/2752/6994 1868/2743/6995 1867/2724/6996
f 1869/2744/6997 1868/2743/6998 1864/2752/6999 1863/2746/7000
f 1870/2739/7001 1869/2744/7002 1863/2746/7003 1860/2745/7004
f 1871/2740/7005 1870/2739/7006 1860/2745/7007 1859/2751/7008
f 1859/2753/7009 1843/2749/7010 1872/2715/7011 1871/2747/7012
f 1843/2749/7013 1842/2711/7014 1865/2716/7015 1872/2715/7016
f 1873/2754/7017 1875/2755/7018 1891/2756/7019 1893/2757/7020
f 1874/2758/7021 1873/2759/7022 1878/2760/7023 1877/2761/7024
f 1904/2762/7025 1897/2763/7026 1880/2764/7027 1879/2765/7028
f 1876/2766/7029 1878/2767/7030 1894/2768/7031 1896/2769/7032
f 1898/2770/7033 1899/2771/7034 1884/2772/7035 1883/2773/7036
f 1879/2774/7037 1881/2775/7038 1886/2776/7039 1885/2777/7040
f 1881/2778/7041 1880/2764/7042 1883/2773/7043 1882/2779/7044
f 1882/2780/7045 1884/2781/7046 1890/2782/7047 1889/2783/7048
f 1885/2784/7049 1887/2785/7050 1902/2786/7051 1903/2787/7052
f 1887/2785/7053 1886/2776/7054 1889/2783/7055 1888/2788/7056
f 1888/2788/7057 1890/2789/7058 1900/2790/7059 1901/2791/7060
f 1893/2757/7061 1892/2792/7062 1895/2793/7063 1894/2768/7064
f 1897/2763/7065 1898/2770/7066 1883/2773/7067 1880/2764/7068
f 1881/2775/7069 1882/2780/7070 1889/2783/7071 1886/2776/7072
f 1887/2785/7073 1888/2788/7074 1901/2791/7075 1902/2786/7076
f 1893/2757/7077 1894/2768/7078 1878/2767/7079 1873/2754/7080
f 1899/2771/7081 1900/2790/7082 1890/2789/7083 1884/2772/7084
f 1903/2794/7085 1904/2762/7086 1879/2765/7087 1885/2795/7088
f 1873/2759/7089 1874/2758/7090 1875/2796/7091
f 1876/2797/7092 1877/2761/7093 1878/2760/7094
f 1879/2765/7095 1880/2764/7096 1881/2778/7097
f 1882/2779/7098 1883/2773/7099 1884/2772/7100
f 1885/2777/7101 1886/2776/7102 1887/2785/7103
f 1888/2788/7104 1889/2783/7105 1890/2782/7106
f 1891/2798/7107 1892/2792/7108 1893/2757/7109
f 1894/2768/7110 1895/2793/7111 1896/2799/7112
f 1874/2758/7113 1877/2761/7114 1898/2770/7115 1897/2763/7116
f 1877/2761/7117 1876/2797/7118 1899/2771/7119 1898/2770/7120
f 1876/2797/7121 1896/2799/7122 1900/2790/7123 1899/2771/7124
f 1901/2791/7125 1900/2790/7126 1896/2799/7127 1895/2793/7128
f 1902/2786/7129 1901/2791/7130 1895/2793/7131 1892/2792/7132
f 1903/2787/7133 1902/2786/7134 1892/2792/7135 1891/2798/7136
f 1891/2800/7137 1875/2796/7138 1904/2762/7139 1903/2794/7140
f 1875/2796/7141 1874/2758/7142 1897/2763/7143 1904/2762/7144
f 1905/2801/7145 1907/2802/7146 1923/2803/7147 1925/2804/7148
f 1906/2805/7149 1905/2806/7150 1910/2807/7151 1909/2808/7152
f 1936/2809/7153 1929/2810/7154 1912/2811/7155 1911/2812/7156
f 1908/2813/7157 1910/2814/7158 1926/2815/7159 1928/2816/7160
f 1930/2817/7161 1931/2818/7162 1916/2819/7163 1915/2820/7164
f 1911/2821/7165 1913/2822/7166 1918/2823/7167 1917/2824/7168
f 1913/2825/7169 1912/2811/7170 1915/2820/7171 1914/2826/7172
f 1914/2827/7173 1916/2828/7174 1922/2829/7175 1921/2830/7176
f 1917/2831/7177 1919/2832/7178 1934/2833/7179 1935/2834/7180
f 1919/2832/7181 1918/2823/7182 1921/2830/7183 1920/2835/7184
f 1920/2835/7185 1922/2836/7186 1932/2837/7187 1933/2838/7188
f 1925/2804/7189 1924/2839/7190 1927/2840/7191 1926/2815/7192
f 1929/2810/7193 1930/2817/7194 1915/2820/7195 1912/2811/7196
f 1913/2822/7197 1914/2827/7198 1921/2830/7199 1918/2823/7200
f 1919/2832/7201 1920/2835/7202 1933/2838/7203 1934/2833/7204
f 1925/2804/7205 1926/2815/7206 1910/2814/7207 1905/2801/7208
f 1931/2818/7209 1932/2837/7210 1922/2836/7211 1916/2819/7212
f 1935/2841/7213 1936/2809/7214 1911/2812/7215 1917/2842/7216
f 1905/2806/7217 1906/2805/7218 1907/2843/7219
f 1908/2844/7220 1909/2808/7221 1910/2807/7222
f 1911/2812/7223 1912/2811/7224 1913/2825/7225
f 1914/2826/7226 1915/2820/7227 1916/2819/7228
f 1917/2824/7229 1918/2823/7230 1919/2832/7231
f 1920/2835/7232 1921/2830/7233 1922/2829/7234
f 1923/2845/7235 1924/2839/7236 1925/2804/7237
f 1926/2815/7238 1927/2840/7239 1928/2846/7240
f 1906/2805/7241 1909/2808/7242 1930/2817/7243 1929/2810/7244
f 1909/2808/7245 1908/2844/7246 1931/2818/7247 1930/2817/7248
f 1908/2844/7249 1928/2846/7250 1932/2837/7251 1931/2818/7252
f 1933/2838/7253 1932/2837/7254 1928/2846/7255 1927/2840/7256
f 1934/2833/7257 1933/2838/7258 1927/2840/7259 1924/2839/7260
f 1935/2834/7261 1934/2833/7262 1924/2839/7263 1923/2845/7264
f 1923/2847/7265 1907/2843/7266 1936/2809/7267 1935/2841/7268
f 1907/2843/7269 1906/2805/7270 1929/2810/7271 1936/2809/7272
f 1956/2848/7273 1949/2849/7274 1938/2850/7275 1937/2851/7276
f 1950/2852/7277 1951/2853/7278 1942/2854/7279 1941/2855/7280
f 1937/2856/7281 1939/2857/7282 1944/2858/7283 1943/2859/7284
f 1939/2860/7285 1938/2850/7286 1941/2855/7287 1940/2861/7288
f 1940/2862/7289 1942/2863/7290 1948/2864/7291 1947/2865/7292
f 1943/2866/7293 1945/2867/7294 1954/2868/7295 1955/2869/7296
f 1945/2867/7297 1944/2858/7298 1947/2865/7299 1946/2870/7300
f 1946/2870/7301 1948/2871/7302 1952/2872/7303 1953/2873/7304
f 1949/2849/7305 1950/2852/7306 1941/2855/7307 1938/2850/7308
f 1939/2857/7309 1940/2862/7310 1947/2865/7311 1944/2858/7312
f 1945/2867/7313 1946/2870/7314 1953/2873/7315 1954/2868/7316
f 1951/2853/7317 1952/2872/7318 1948/2871/7319 1942/2854/7320
f 1955/2874/7321 1956/2848/7322 1937/2851/7323 1943/2875/7324
f 1937/2851/7325 1938/2850/7326 1939/2860/7327
f 1940/2861/7328 1941/2855/7329 1942/2854/7330
f 1943/2859/7331 1944/2858/7332 1945/2867/7333
f 1946/2870/7334 1947/2865/7335 1948/2864/7336
f 1976/2876/7337 1969/2877/7338 1958/2878/7339 1957/2879/7340
f 1970/2880/7341 1971/2881/7342 1962/2882/7343 1961/2883/7344
f 1957/2884/7345 1959/2885/7346 1964/2886/7347 1963/2887/7348
f 1959/2888/7349 1958/2878/7350 1961/2883/7351 1960/2889/7352
f 1960/2890/7353 1962/2891/7354 1968/2892/7355 1967/2893/7356
f 1963/2894/7357 1965/2895/7358 1974/2896/7359 1975/2897/7360
f 1965/2895/7361 1964/2886/7362 1967/2893/7363 1966/2898/7364
f 1966/2898/7365 1968/2899/7366 1972/2900/7367 1973/2901/7368
f 1969/2877/7369 1970/2880/7370 1961/2883/7371 1958/2878/7372
f 1959/2885/7373 1960/2890/7374 1967/2893/7375 1964/2886/7376
f 1965/2895/7377 1966/2898/7378 1973/2901/7379 1974/2896/7380
f 1971/2881/7381 1972/2900/7382 1968/2899/7383 1962/2882/7384
f 1975/2902/7385 1976/2876/7386 1957/2879/7387 1963/2903/7388
f 1957/2879/7389 1958/2878/7390 1959/2888/7391
f 1960/2889/7392 1961/2883/7393 1962/2882/7394
f 1963/2887/7395 1964/2886/7396 1965/2895/7397
f 1966/2898/7398 1967/2893/7399 1968/2892/7400
f 1977/2904/7401 1979/2905/7402 1995/2906/7403 1997/2907/7404
f 1978/2908/7405 1977/2909/7406 1982/2910/7407 1981/2911/7408
f 2008/2912/7409 2001/2913/7410 1984/2914/7411 1983/2915/7412
f 1980/2916/7413 1982/2917/7414 1998/2918/7415 2000/2919/7416
f 2002/2920/7417 2003/2921/7418 1988/2922/7419 1987/2923/7420
f 1983/2924/7421 1985/2925/7422 1990/2926/7423 1989/2927/7424
f 1985/2928/7425 1984/2914/7426 1987/2923/7427 1986/2929/7428
f 1986/2930/7429 1988/2931/7430 1994/2932/7431 1993/2933/7432
f 1989/2934/7433 1991/2935/7434 2006/2936/7435 2007/2937/7436
f 1991/2935/7437 1990/2926/7438 1993/2933/7439 1992/2938/7440
f 1992/2938/7441 1994/2939/7442 2004/2940/7443 2005/2941/7444
f 1997/2907/7445 1996/2942/7446 1999/2943/7447 1998/2918/7448
f 2001/2913/7449 2002/2920/7450 1987/2923/7451 1984/2914/7452
f 1985/2925/7453 1986/2930/7454 1993/2933/7455 1990/2926/7456
f 1991/2935/7457 1992/2938/7458 2005/2941/7459 2006/2936/7460
f 1997/2907/7461 1998/2918/7462 1982/2917/7463 1977/2904/7464
f 2003/2921/7465 2004/2940/7466 1994/2939/7467 1988/2922/7468
f 2007/2944/7469 2008/2912/7470 1983/2915/7471 1989/2945/7472
f 1977/2909/7473 1978/2908/7474 1979/2946/7475
f 1980/2947/7476 1981/2911/7477 1982/2910/7478
f 1983/2915/7479 1984/2914/7480 1985/2928/7481
f 1986/2929/7482 1987/2923/7483 1988/2922/7484
f 1989/2927/7485 1990/2926/7486 1991/2935/7487
f 1992/2938/7488 1993/2933/7489 1994/2932/7490
f 1995/2948/7491 1996/2942/7492 1997/2907/7493
f 1998/2918/7494 1999/2943/7495 2000/2949/7496
f 1978/2908/7497 1981/2911/7498 2002/2920/7499 2001/2913/7500
f 1981/2911/7501 1980/2947/7502 2003/2921/7503 2002/2920/7504
f 1980/2947/7505 2000/2949/7506 2004/2940/7507 2003/2921/7508
f 2005/2941/7509 2004/2940/7510 2000/2949/7511 1999/2943/7512
f 2006/2936/7513 2005/2941/7514 1999/2943/7515 1996/2942/7516
f 2007/2937/7517 2006/2936/7518 1996/2942/7519 1995/2948/7520
f 1995/2950/7521 1979/2946/7522 2008/2912/7523 2007/2944/7524
f 1979/2946/7525 1978/2908/7526 2001/2913/7527 2008/2912/7528
f 2009/2951/7529 2011/2952/7530 2027/2953/7531 2029/2954/7532
f 2010/2955/7533 2009/2956/7534 2014/2957/7535 2013/2958/7536
f 2040/2959/7537 2033/2960/7538 2016/2961/7539 2015/2962/7540
f 2012/2963/7541 2014/2964/7542 2030/2965/7543 2032/2966/7544
f 2034/2967/7545 2035/2968/7546 2020/2969/7547 2019/2970/7548
f 2015/2971/7549 2017/2972/7550 2022/2973/7551 2021/2974/7552
f 2017/2975/7553 2016/2961/7554 2019/2970/7555 2018/2976/7556
f 2018/2977/7557 2020/2978/7558 2026/2979/7559 2025/2980/7560
f 2021/2981/7561 2023/2982/7562 2038/2983/7563 2039/2984/7564
f 2023/2982/7565 2022/2973/7566 2025/2980/7567 2024/2985/7568
f 2024/2985/7569 2026/2986/7570 2036/2987/7571 2037/2988/7572
f 2029/2954/7573 2028/2989/7574 2031/2990/7575 2030/2965/7576
f 2033/2960/7577 2034/2967/7578 2019/2970/7579 2016/2961/7580
f 2017/2972/7581 2018/2977/7582 2025/2980/7583 2022/2973/7584
f 2023/2982/7585 2024/2985/7586 2037/2988/7587 2038/2983/7588
f 2029/2954/7589 2030/2965/7590 2014/2964/7591 2009/2951/7592
f 2035/2968/7593 2036/2987/7594 2026/2986/7595 2020/2969/7596
f 2039/2991/7597 2040/2959/7598 2015/2962/7599 2021/2992/7600
f 2009/2956/7601 2010/2955/7602 2011/2993/7603
f 2012/2994/7604 2013/2958/7605 2014/2957/7606
f 2015/2962/7607 2016/2961/7608 2017/2975/7609
f 2018/2976/7610 2019/2970/7611 2020/2969/7612
f 2021/2974/7613 2022/2973/7614 2023/2982/7615
f 2024/2985/7616 2025/2980/7617 2026/2979/7618
f 2027/2995/7619 2028/2989/7620 2029/2954/7621
f 2030/2965/7622 2031/2990/7623 2032/2996/7624
f 2010/2955/7625 2013/2958/7626 2034/2967/7627 2033/2960/7628
f 2013/2958/7629 2012/2994/7630 2035/2968/7631 2034/2967/7632
f 2012/2994/7633 2032/2996/7634 2036/2987/7635 2035/2968/7636
f 2037/2988/7637 2036/2987/7638 2032/2996/7639 2031/2990/7640
f 2038/2983/7641 2037/2988/7642 2031/2990/7643 2028/2989/7644
f 2039/2984/7645 2038/2983/7646 2028/2989/7647 2027/2995/7648
f 2027/2997/7649 2011/2993/7650 2040/2959/7651 2039/2991/7652
f 2011/2993/7653 2010/2955/7654 2033/2960/7655 2040/2959/7656
f 2041/2998/7657 2043/2999/7658 2059/3000/7659 2061/3001/7660
f 2042/3002/7661 2041/3003/7662 2046/3004/7663 2045/3005/7664
f 2072/3006/7665 2065/3007/7666 2048/3008/7667 2047/3009/7668
f 2044/3010/7669 2046/3011/7670 2062/3012/7671 2064/3013/7672
f 2066/3014/7673 2067/3015/7674 2052/3016/7675 2051/3017/7676
f 2047/3018/7677 2049/3019/7678 2054/3020/7679 2053/3021/7680
f 2049/3022/7681 2048/3008/7682 2051/3017/7683 2050/3023/7684
f 2050/3024/7685 2052/3025/7686 2058/3026/7687 2057/3027/7688
f 2053/3028/7689 2055/3029/7690 2070/3030/7691 2071/3031/7692
f 2055/3029/7693 2054/3020/7694 2057/3027/7695 2056/3032/7696
f 2056/3032/7697 2058/3033/7698 2068/3034/7699 2069/3035/7700
f 2061/3001/7701 2060/3036/7702 2063/3037/7703 2062/3012/7704
f 2065/3007/7705 2066/3014/7706 2051/3017/7707 2048/3008/7708
f 2049/3019/7709 2050/3024/7710 2057/3027/7711 2054/3020/7712
f 2055/3029/7713 2056/3032/7714 2069/3035/7715 2070/3030/7716
f 2061/3001/7717 2062/3012/7718 2046/3011/7719 2041/2998/7720
f 2067/3015/7721 2068/3034/7722 2058/3033/7723 2052/3016/7724
f 2071/3038/7725 2072/3006/7726 2047/3009/7727 2053/3039/7728
f 2041/3003/7729 2042/3002/7730 2043/3040/7731
f 2044/3041/7732 2045/3005/7733 2046/3004/7734
f 2047/3009/7735 2048/3008/7736 2049/3022/7737
f 2050/3023/7738 2051/3017/7739 2052/3016/7740
f 2053/3021/7741 2054/3020/7742 2055/3029/7743
f 2056/3032/7744 2057/3027/7745 2058/3026/7746
f 2059/3042/7747 2060/3036/7748 2061/3001/7749
f 2062/3012/7750 2063/3037/7751 2064/3043/7752
f 2042/3002/7753 2045/3005/7754 2066/3014/7755 2065/3007/7756
f 2045/3005/7757 2044/3041/7758 2067/3015/7759 2066/3014/7760
f 2044/3041/7761 2064/3043/7762 2068/3034/7763 2067/3015/7764
f 2069/3035/7765 2068/3034/7766 2064/3043/7767 2063/3037/7768
f 2070/3030/7769 2069/3035/7770 2063/3037/7771 2060/3036/7772
f 2071/3031/7773 2070/3030/7774 2060/3036/7775 2059/3042/7776
f 2059/3044/7777 2043/3040/7778 2072/3006/7779 2071/3038/7780
f 2043/3040/7781 2042/3002/7782 2065/3007/7783 2072/3006/7784
f 2092/3045/7785 2085/3046/7786 2074/3047/7787 2073/3048/7788
f 2086/3049/7789 2087/3050/7790 2078/3051/7791 2077/3052/7792
f 2073/3053/7793 2075/3054/7794 2080/3055/7795 2079/3056/7796
f 2075/3057/7797 2074/3047/7798 2077/3052/7799 2076/3058/7800
f 2076/3059/7801 2078/3060/7802 2084/3061/7803 2083/3062/7804
f 2079/3063/7805 2081/3064/7806 2090/3065/7807 2091/3066/7808
f 2081/3064/7809 2080/3055/7810 2083/3062/7811 2082/3067/7812
f 2082/3067/7813 2084/3068/7814 2088/3069/7815 2089/3070/7816
f 2085/3046/7817 2086/3049/7818 2077/3052/7819 2074/3047/7820
f 2075/3054/7821 2076/3059/7822 2083/3062/7823 2080/3055/7824
f 2081/3064/7825 2082/3067/7826 2089/3070/7827 2090/3065/7828
f 2087/3050/7829 2088/3069/7830 2084/3068/7831 2078/3051/7832
f 2091/3071/7833 2092/3045/7834 2073/3048/7835 2079/3072/7836
f 2073/3048/7837 2074/3047/7838 2075/3057/7839
f 2076/3058/7840 2077/3052/7841 2078/3051/7842
f 2079/3056/7843 2080/3055/7844 2081/3064/7845
f 2082/3067/7846 2083/3062/7847 2084/3061/7848
f 2112/3073/7849 2105/3074/7850 2094/3075/7851 2093/3076/7852
f 2106/3077/7853 2107/3078/7854 2098/3079/7855 2097/3080/7856
f 2093/3081/7857 2095/3082/7858 2100/3083/7859 2099/3084/7860
f 2095/3085/7861 2094/3075/7862 2097/3080/7863 2096/3086/7864
f 2096/3087/7865 2098/3088/7866 2104/3089/7867 2103/3090/7868
f 2099/3091/7869 2101/3092/7870 2110/3093/7871 2111/3094/7872
f 2101/3092/7873 2100/3083/7874 2103/3090/7875 2102/3095/7876
f 2102/3095/7877 2104/3096/7878 2108/3097/7879 2109/3098/7880
f 2105/3074/7881 2106/3077/7882 2097/3080/7883 2094/3075/7884
f 2095/3082/7885 2096/3087/7886 2103/3090/7887 2100/3083/7888
f 2101/3092/7889 2102/3095/7890 2109/3098/7891 2110/3093/7892
f 2107/3078/7893 2108/3097/7894 2104/3096/7895 2098/3079/7896
f 2111/3099/7897 2112/3073/7898 2093/3076/7899 2099/3100/7900
f 2093/3076/7901 2094/3075/7902 2095/3085/7903
f 2096/3086/7904 2097/3080/7905 2098/3079/7906
f 2099/3084/7907 2100/3083/7908 2101/3092/7909
f 2102/3095/7910 2103/3090/7911 2104/3089/7912
