# This file uses centimeters as units for non-parametric coordinates.

mtllib M_ShipPart1.mtl
g default
v -10.321012 8.556188 16.440608
v 6.745361 8.556188 16.440608
v -12.887774 8.556188 -13.096142
v 9.312123 8.556188 -12.645637
v -12.887774 -2.380321 -12.645637
v 9.307544 -2.380321 -12.647404
v -1.523381 -7.676272 -12.645637
v -1.584532 8.556188 25.558684
v -10.321012 2.359667 11.782551
v -1.584532 2.359667 20.900626
v 6.745361 2.359667 11.782551
v 9.312123 2.359667 -12.645637
v -12.887774 2.359667 -12.645637
v -10.681142 -0.521351 6.325959
v -1.584532 -0.521351 16.477776
v 7.105403 -0.521351 6.325959
v 9.312123 -0.521351 -12.645637
v -12.887774 -0.521351 -12.645637
v 3.722380 -0.521351 13.703486
v 3.722380 2.359667 18.123042
v 3.722380 8.556188 22.781098
v 5.379837 -5.435221 -12.628478
v -8.381842 -5.435221 -12.628478
v -6.857037 8.556188 23.026801
v -6.857037 2.359667 18.368741
v -6.857037 -0.521351 13.949192
v -5.427341 -6.659839 -12.635874
v -4.585736 -0.521351 15.563537
v -4.585736 2.359667 19.984509
v -4.585736 8.556188 24.642568
v 2.386816 -6.659839 -12.635914
v 1.421467 8.556188 24.510447
v 1.421467 2.359667 19.852391
v 1.421467 -0.521351 15.431415
v -11.021385 -3.767207 -12.637320
v -8.641343 8.556188 20.710093
v -8.641343 2.359667 16.052036
v -8.641343 -0.521351 11.630785
v 8.110175 -3.767207 -12.639004
v 5.576485 -0.521351 10.888477
v 5.576485 2.359667 15.310052
v 5.576485 8.556188 19.968108
v -12.887774 8.556188 3.984589
v 9.312123 8.556188 3.984589
v 9.289155 2.359667 -0.676942
v 9.312123 -0.521351 -3.069132
v 9.312123 -2.380321 -8.277088
v 8.110173 -3.767207 -8.277072
v 5.379835 -5.435221 -8.277056
v 2.386816 -6.659839 -8.277048
v -1.523381 -7.676272 -8.277041
v -5.427341 -6.659839 -8.277048
v -8.381842 -5.435221 -8.277056
v -11.021385 -3.767207 -8.277064
v -12.887774 -2.380321 -8.277088
v -12.887002 -0.588193 -3.071483
v -12.887774 2.359667 -0.673471
v -12.333868 -0.521351 0.198846
v -12.551909 2.359667 2.635100
v -12.541007 8.556188 7.344364
v 8.985188 8.556188 7.249461
v 8.987438 2.359667 2.580840
v 8.757053 -0.521351 0.201655
v -11.616572 -1.689736 0.564414
v -8.755575 -2.433124 6.439402
v -6.857037 -2.965272 8.827855
v -4.585736 -3.365366 10.491627
v -1.584532 -3.741873 11.448555
v 1.421467 -3.379136 10.360210
v 3.722380 -2.990879 8.583488
v 5.690719 -2.510513 5.700832
v 8.040118 -1.689736 0.564414
v -11.553428 -0.521351 3.476977
v -11.987571 2.359667 5.996432
v -11.958294 8.556188 10.789958
v 8.419722 8.556188 10.614661
v 8.428437 2.359667 5.916276
v 7.980896 -0.521351 3.463278
v -11.323543 2.359667 8.791318
v -11.303958 8.556188 13.540566
v 7.749941 8.556188 13.439437
v 7.734194 2.359667 8.854692
v -11.871147 8.111330 4.597315
v -11.909729 8.111330 -13.096153
v 8.295496 8.111330 4.597315
v 8.323321 8.111330 -12.663148
v -11.556139 8.111330 7.710535
v 7.998507 8.111330 7.622599
v -11.026796 8.111330 10.903282
v 7.484830 8.111330 10.740850
v -10.432391 8.111330 13.452042
v 6.876390 8.111330 13.358336
v -9.539470 8.111330 16.139271
v -8.013640 8.111330 20.095445
v -6.392754 8.111330 22.242141
v -4.329480 8.111330 23.739341
v -1.603151 8.111330 24.588229
v 1.127533 8.111330 23.616921
v 3.217707 8.111330 22.014472
v 4.902000 8.111330 19.407908
v 5.963820 8.111330 16.139271
v -12.887774 9.892562 3.984589
v -12.887774 9.892562 -13.096153
v -11.871147 9.892562 4.597315
v -11.871147 9.892562 -13.096153
v 9.312123 9.892562 3.984589
v 9.312123 9.892562 -12.645637
v 8.295496 9.892562 -12.684851
v 8.295496 9.892562 4.597315
v -12.541007 9.892562 7.344364
v -11.556139 9.892562 7.710535
v 8.985188 9.892562 7.249461
v 7.998507 9.892562 7.622599
v -11.958294 9.892562 10.789958
v -11.026796 9.892562 10.903282
v 8.419722 9.892562 10.614661
v 7.484830 9.892562 10.740850
v -11.303958 9.892562 13.540566
v -10.432391 9.892562 13.452042
v 7.749941 9.892562 13.439437
v 6.876390 9.892562 13.358336
v -10.321012 9.892562 16.440608
v -8.641343 9.892562 20.710093
v -8.013640 9.892562 20.095445
v -9.539470 9.892562 16.139271
v -6.857037 9.892562 23.026801
v -6.392754 9.892562 22.242141
v -4.585736 9.892562 24.642568
v -4.329480 9.892562 23.739341
v -1.584532 9.892562 25.558684
v -1.603151 9.892562 24.588229
v 1.421467 9.892562 24.510447
v 1.127533 9.892562 23.616921
v 3.722380 9.892562 22.781098
v 3.217707 9.892562 22.014472
v 5.576485 9.892562 19.968108
v 4.902000 9.892562 19.407908
v 6.745361 9.892562 16.440608
v 5.963820 9.892562 16.139271
v -12.887774 5.995624 -13.096142
v 9.312123 5.674994 -12.645637
v 9.302297 5.990196 2.334420
v 8.986121 5.995624 5.606061
v 8.423324 5.995624 8.958965
v 7.743435 5.995624 11.830699
v 6.745361 5.995624 14.801575
v 5.576485 5.995624 18.329078
v 3.722380 5.995624 21.142068
v 1.421467 5.995624 22.871417
v -1.584532 5.995624 23.919652
v -4.585736 5.995624 23.003535
v -6.857037 5.995624 21.387767
v -8.641343 5.995624 19.071061
v -10.321012 5.995624 14.801575
v -11.312050 5.995624 11.863851
v -11.970392 5.995624 9.094944
v -12.545511 5.995624 5.684171
v -12.887774 5.995624 2.345557
v 2.045116 -5.840337 -12.636076
v 4.793156 -4.757079 -12.629706
v -7.842116 -4.757079 -12.629706
v -5.786746 -5.675465 -12.636045
v 7.300011 -3.281593 -12.638725
v -10.265608 -3.281593 -12.637288
v -1.545025 -6.739445 -12.644417
v -11.979232 -0.410391 -12.644417
v -11.979232 -2.054785 -12.644417
v -11.979232 2.138081 -12.644417
v -11.979232 5.354357 -13.096142
v 8.403582 -0.410391 -12.644417
v 8.403582 2.138081 -12.644417
v 8.403582 -2.054785 -12.644417
v 8.403582 5.674987 -12.644417
v -11.979232 7.527034 -13.096142
v 8.403582 7.527034 -12.644417
v 1.521038 -5.187414 -6.767749
v 3.893337 -4.216775 -6.761858
v -7.014312 -4.216775 -6.761858
v -4.672543 -5.187414 -6.767720
v 6.057430 -2.894686 -6.770204
v -9.106441 -2.894686 -6.768876
v -1.578223 -5.993048 -6.775462
v -10.585760 -0.321986 -6.775462
v -10.585760 -1.795424 -6.775462
v -10.585760 1.961540 -6.775462
v -10.585760 4.843438 -6.775462
v 7.010109 -0.321986 -6.775462
v 7.010109 1.961540 -6.775462
v 7.010109 -1.795424 -6.775462
v 7.010109 4.843438 -6.775462
v -10.585760 7.527028 -6.775462
v 7.010109 7.527028 -6.775462
v 0.979168 4.122310 -5.314662
v 2.962972 4.122310 -5.309717
v 2.962972 1.712361 -5.309717
v 0.979168 1.712361 -5.314662
v -6.158405 1.712361 -5.309717
v -6.158405 4.122310 -5.309717
v -4.200131 4.122310 -5.314634
v -4.200131 1.712361 -5.314634
v 2.962972 -0.197207 -5.309717
v 0.979168 -0.197207 -5.314662
v -6.158405 -0.197207 -5.309717
v -4.200131 -0.197207 -5.314634
v 0.979166 -4.265858 -5.314662
v 2.962972 -3.454173 -5.309717
v -6.158405 -3.454173 -5.309717
v -4.200131 -4.265858 -5.314634
v 4.561550 4.122310 -5.316719
v 4.561550 1.712361 -5.316719
v 4.561550 -0.197207 -5.316719
v 4.772666 -2.348594 -5.316719
v -7.907920 -2.348594 -5.315595
v -7.696805 -0.197207 -5.315595
v -7.696805 1.712361 -5.315595
v -7.696805 4.122310 -5.315595
v -1.612548 1.712361 -5.321120
v -1.612548 -0.197207 -5.321120
v -1.612548 -4.939559 -5.321120
v -1.612548 4.122310 -5.321120
v -9.144983 -0.197207 -5.321120
v -9.144983 -1.429351 -5.321120
v -9.144983 1.712361 -5.321120
v -9.144983 4.122310 -5.321120
v 5.569331 -0.197207 -5.321120
v 5.569331 1.712361 -5.321120
v 5.569331 -1.429351 -5.321120
v 5.569331 4.122310 -5.321120
v -9.144983 7.527020 -5.321120
v -7.696805 7.527020 -5.315595
v -6.158405 7.527020 -5.309717
v -4.200131 7.527020 -5.314634
v -1.612548 7.527020 -5.321120
v 0.979166 7.527020 -5.314662
v 2.962972 7.527020 -5.309717
v 4.561550 7.527020 -5.316719
v 5.569331 7.527020 -5.321120
v -10.321012 3.949839 13.102908
v -8.641343 3.949839 17.372393
v -6.857037 3.949839 19.689101
v -4.585736 3.949839 21.304870
v -1.584532 3.949839 22.220986
v 1.421467 3.949839 21.172751
v 3.722380 3.949839 19.443400
v 5.576485 3.949839 16.630412
v 6.745361 3.949839 13.102908
v 7.738236 3.949839 10.156241
v 8.426201 3.949839 7.246982
v 8.986862 3.949839 3.903909
v 9.312123 3.949839 0.646889
v 9.312123 3.747275 -12.645637
v 8.403582 3.747271 -12.644417
v 7.010109 3.221926 -6.775462
v 5.569331 2.766343 -5.321120
v 4.561550 2.766343 -5.316719
v 2.962972 2.766343 -5.309717
v 0.979168 2.766343 -5.314662
v -1.612548 2.766343 -5.321120
v -4.200131 2.766343 -5.314634
v -6.158405 2.766343 -5.309717
v -7.696805 2.766343 -5.315595
v -9.144983 2.766343 -5.321120
v -10.585760 3.221926 -6.775462
v -11.979232 3.721595 -13.096142
v -12.887774 3.949839 -13.096142
v -12.887774 3.949839 0.646889
v -12.549111 3.949839 3.968598
v -11.980059 3.949839 7.351553
v -11.318518 3.949839 10.135079
v -11.048684 1.126992 7.736487
v -11.801817 1.126992 4.918453
v -12.458617 1.126992 1.592725
v -12.865453 1.060156 -1.701170
v -12.887774 1.126992 -12.645637
v -11.979232 1.047690 -12.644417
v -10.585760 0.984509 -6.775462
v -9.144983 0.895331 -5.321120
v -7.696805 0.895331 -5.315595
v -6.158405 0.895331 -5.309717
v -4.200131 0.895331 -5.314634
v -1.612548 0.895331 -5.321120
v 0.979168 0.895331 -5.314662
v 2.962972 0.895331 -5.309717
v 4.561550 0.895331 -5.316719
v 5.569331 0.895331 -5.321120
v 7.010109 0.984509 -6.775462
v 8.403582 1.047690 -12.644417
v 9.312123 1.126992 -12.645637
v 9.306810 1.126992 -1.701646
v 8.888865 1.126992 1.562880
v 8.236954 1.126992 4.866732
v 7.465159 1.126992 7.772750
v -0.276133 8.111330 24.116208
v -0.276133 9.892562 24.116208
v -0.123720 9.892562 25.049279
v -0.123720 8.556188 25.049279
v -0.123720 5.995624 23.410247
v -0.123720 3.949839 21.711581
v -0.123720 2.359667 20.391221
v -0.123720 -0.521351 15.969283
v -0.123720 -3.565596 10.919659
v 0.376837 -7.182321 -8.277044
v 0.376837 -7.182321 -12.640914
v 0.199658 -6.302510 -12.640366
v -0.072092 -5.601539 -6.771716
v -0.353065 -4.612164 -5.317982
v -0.353065 -0.197207 -5.317982
v -0.353065 0.895331 -5.317982
v -0.353065 1.712361 -5.317982
v -0.353065 2.766343 -5.317982
v -0.353065 4.122310 -5.317982
v -0.353065 7.527020 -5.317982
v -3.422467 8.111330 24.021756
v -3.422467 9.892562 24.021756
v -3.587277 9.892562 24.947345
v -3.587277 8.556188 24.947345
v -3.587277 5.995624 23.308318
v -3.587277 3.949839 21.609650
v -3.587277 2.359667 20.289292
v -3.587277 -0.521351 15.867693
v -3.587277 -3.490624 10.809984
v -4.128549 -6.997991 -8.277044
v -4.128549 -6.997991 -12.639123
v -3.936958 -6.139446 -12.638833
v -3.643106 -5.455437 -6.770294
v -3.339279 -4.489977 -5.316795
v -3.339279 -0.197207 -5.316791
v -3.339279 0.895331 -5.316791
v -3.339279 1.712361 -5.316791
v -3.339279 2.766343 -5.316791
v -3.339279 4.122310 -5.316795
v -3.339279 7.527020 -5.316795
v -12.887774 7.202599 -13.096142
v -12.887774 7.202599 3.118146
v -12.543387 7.202599 6.466736
v -11.964690 7.202599 9.893926
v -11.308237 7.202599 12.654204
v -10.321012 7.202599 15.574169
v -8.641343 7.202599 19.843652
v -6.857037 7.202599 22.160357
v -4.585736 7.202599 23.776126
v -3.587277 7.202599 24.080905
v -1.584532 7.202599 24.692243
v -0.123720 7.202599 24.182837
v 1.421467 7.202599 23.644008
v 3.722380 7.202599 21.914658
v 5.576485 7.202599 19.101668
v 6.745361 7.202599 15.574169
v 7.746502 7.202599 12.589011
v 8.421626 7.202599 9.739409
v 8.985683 7.202599 6.380710
v 9.312123 7.202599 3.118146
v 9.312123 7.121007 -12.645637
v -11.979234 7.039412 -13.096142
v -10.585760 6.896898 -6.775462
v -9.144983 6.695755 -5.321120
v -7.696805 6.695753 -5.315595
v -6.158405 6.695753 -5.309717
v -4.200131 6.695755 -5.314634
v -3.339279 6.695753 -5.316795
v -1.612548 6.695753 -5.321120
v -0.353065 6.695753 -5.317982
v 0.979168 6.695753 -5.314662
v 2.962972 6.695755 -5.309717
v 4.561550 6.695755 -5.316719
v 5.569333 6.695755 -5.321120
v 7.010109 6.896898 -6.775462
v 8.403582 7.121005 -12.644417
v 9.312123 8.556188 -14.613719
v 8.323321 8.556188 -14.631230
v 8.295496 9.892562 -14.652928
v 9.312123 9.892562 -14.613719
v 8.403582 7.691215 -14.612502
v 9.312123 7.121007 -14.613719
v 8.403582 7.121005 -14.612502
v 8.403582 7.691215 -16.103179
v 8.323321 8.556188 -16.121909
v 9.312123 8.556188 -16.104398
v 9.312123 7.121007 -16.104398
v 8.403582 7.121005 -16.103179
v 9.312123 5.674994 -14.930190
v 9.312123 3.747275 -14.930190
v 8.403582 3.747271 -14.928962
v 8.403582 5.674987 -14.928962
v 8.403582 7.121005 -14.928962
v 9.312123 7.121007 -14.930190
v 9.312123 2.292825 -14.930190
v 8.403582 2.191931 -14.928962
v 9.312123 5.674994 -16.373822
v 9.312123 3.747275 -16.373822
v 8.403582 3.747271 -16.372596
v 8.403582 5.674987 -16.372596
v 9.312123 2.269830 -16.131986
v 8.403582 2.269826 -16.130763
v 9.312123 5.415021 -21.890470
v 9.312123 4.039182 -21.212890
v 8.403582 4.039180 -21.211667
v 8.403582 5.415018 -21.889245
v 8.403582 1.047690 -21.462850
v 9.312123 1.126992 -21.464074
v 9.312123 -0.521351 -22.920520
v 8.403582 -0.410391 -22.919295
v 9.312123 -2.380321 -22.920520
v 8.403582 -2.054785 -22.919295
v 9.312123 2.248875 -21.124707
v 8.403582 2.248873 -21.123481
v 8.403582 0.901051 -22.537730
v 9.312123 0.980356 -22.538955
v 9.312123 -0.474365 -23.693858
v 8.403582 -0.363405 -23.692636
v 9.312123 -2.380321 -23.995401
v 8.403582 -2.054785 -23.994176
v 8.403582 0.683446 -28.042428
v 9.312123 0.723970 -28.043658
v 9.312123 -0.118328 -28.043658
v 8.403582 -0.061628 -28.042428
v 4.109952 8.111330 20.633660
v 4.109952 9.892562 20.633660
v 4.704582 9.892562 21.290936
v 4.704582 8.556188 21.290936
v 4.704582 7.202599 20.424493
v 4.704582 5.995624 19.651902
v 4.704582 3.949839 17.953237
v 4.704582 2.359667 16.632876
v 4.704582 -0.521351 12.212252
v 4.765095 -2.736407 7.056418
v 6.826217 -4.551602 -8.277064
v 6.826217 -4.551602 -12.634050
v 6.121146 -3.975449 -12.634480
v 5.039752 -3.516406 -6.766279
v 3.921648 -2.868499 -5.313427
v 3.809809 -0.197207 -5.313427
v 3.809809 0.895331 -5.313427
v 3.809809 1.712361 -5.313427
v 3.809809 2.766343 -5.313427
v 3.809809 4.122310 -5.313427
v 3.809809 6.695755 -5.313427
v 3.809809 7.527020 -5.313427
v 2.318606 8.111330 22.703776
v 2.318606 9.892562 22.703776
v 2.732629 9.892562 23.524991
v 2.732629 8.556188 23.524991
v 2.732629 7.202599 22.658545
v 2.732629 5.995624 21.885957
v 2.732629 3.949839 20.187291
v 2.732629 2.359667 18.866931
v 2.732629 -0.521351 14.446765
v 2.732629 -3.157890 9.347755
v 4.092370 -5.961998 -8.277052
v 4.092370 -5.961998 -12.631676
v 3.611070 -5.223049 -12.632446
v 2.872877 -4.634301 -6.764392
v 2.109626 -3.803321 -5.311842
v 2.109628 -0.197207 -5.311842
v 2.109628 0.895331 -5.311842
v 2.109628 1.712361 -5.311842
v 2.109628 2.766343 -5.311842
v 2.109628 4.122310 -5.311842
v 2.109626 6.695753 -5.311842
v 2.109626 7.527020 -5.311842
v -2.418298 7.527020 -5.319099
v -2.418298 6.695753 -5.319099
v -2.418298 4.122310 -5.319099
v -2.418298 2.766343 -5.319099
v -2.418298 1.712361 -5.319099
v -2.418298 0.895331 -5.319099
v -2.418298 -0.197207 -5.319099
v -2.418298 -4.729774 -5.319099
v -2.541767 -5.742181 -6.773051
v -2.661181 -6.459459 -12.641811
v -2.739038 -7.359764 -12.642598
v -2.739037 -7.359764 -8.277044
v -2.519079 -3.624626 11.150576
v -2.519079 -0.521351 16.193091
v -2.519079 2.359667 20.615357
v -2.519079 3.949839 21.935717
v -2.519079 5.995624 23.634389
v -2.519079 7.202599 24.406974
v -2.519079 8.556188 25.273415
v -2.519079 9.892562 25.273415
v -2.452103 9.892562 24.323895
v -2.452103 8.111330 24.323895
v -5.579560 8.111330 22.832230
v -5.579560 9.892562 22.832230
v -5.961852 9.892562 23.663621
v -5.961852 8.556188 23.663621
v -5.961852 7.202599 22.797177
v -5.961852 5.995624 22.024587
v -5.961852 3.949839 20.325921
v -5.961852 2.359667 19.005561
v -5.961852 -0.521351 14.585453
v -5.961852 -3.122961 9.483596
v -7.217391 -5.917870 -8.277052
v -7.217391 -5.917870 -12.631390
v -6.772975 -5.184012 -12.632204
v -6.091354 -4.599331 -6.764166
v -5.386595 -3.774082 -5.311655
v -5.386595 -0.197207 -5.311655
v -5.386595 0.895331 -5.311655
v -5.386595 1.712361 -5.311655
v -5.386595 2.766343 -5.311655
v -5.386595 4.122310 -5.311655
v -5.386595 6.695753 -5.311655
v -5.386595 7.527020 -5.311655
v -7.257829 8.111330 21.096438
v -7.257829 9.892562 21.096438
v -7.809330 9.892562 21.790362
v -7.809330 8.556188 21.790362
v -7.809330 7.202599 20.923924
v -7.809330 5.995624 20.151332
v -7.809330 3.949839 18.452662
v -7.809330 2.359667 17.132306
v -7.809330 -0.521351 12.711845
v -7.870296 -2.681262 7.553127
v -9.790581 -4.544995 -8.277060
v -9.790581 -4.544995 -12.633197
v -9.135546 -3.969605 -12.633749
v -8.130891 -3.511170 -6.765604
v -7.092131 -2.864120 -5.312855
v -6.979456 -0.197207 -5.312855
v -6.979456 0.895331 -5.312855
v -6.979456 1.712361 -5.312855
v -6.979456 2.766343 -5.312855
v -6.979456 4.122310 -5.312855
v -6.979456 6.695753 -5.312855
v -6.979456 7.527020 -5.312855
v -8.606826 8.111330 18.557433
v -8.606826 9.892562 18.557433
v -9.294336 9.892562 19.050277
v -9.294336 8.556188 19.050277
v -9.294336 7.202599 18.183837
v -9.294336 5.995624 17.411244
v -9.294336 3.949839 15.712578
v -9.294336 2.359667 14.392218
v -9.434341 -0.521351 9.568466
v -9.867826 -2.144123 4.155425
v -11.746967 -3.228037 -8.277076
v -11.746967 -3.228037 -12.640556
v -10.931803 -2.804655 -12.640061
v -9.681545 -2.467335 -6.771439
v -8.388844 -1.991226 -5.317744
v -8.259802 -0.197207 -5.317744
v -8.259802 0.895331 -5.317744
v -8.259802 1.712361 -5.317744
v -8.259802 2.766343 -5.317744
v -8.259802 4.122310 -5.317744
v -8.259802 6.695753 -5.317744
v -8.259802 7.527020 -5.317744
v -11.588629 -1.172705 1.853277
v -12.405036 -1.557693 -2.712112
v -12.887774 -1.557693 -5.972472
v -12.887774 -1.557693 -12.645637
v -11.979232 -1.327112 -12.644417
v -10.585760 -1.143401 -6.775462
v -9.144983 -0.884105 -5.321120
v -8.331741 -1.197342 -5.317744
v -7.814498 -1.396567 -5.315595
v -7.042270 -1.683964 -5.312855
v -6.158405 -2.012907 -5.309717
v -5.386595 -2.191250 -5.311655
v -4.200131 -2.465408 -5.314634
v -3.339279 -2.590354 -5.316791
v -2.418298 -2.724031 -5.319099
v -1.612548 -2.840981 -5.321120
v -0.353065 -2.658466 -5.317982
v 0.979168 -2.465408 -5.314662
v 2.109626 -2.207553 -5.311842
v 2.962972 -2.012907 -5.309717
v 3.872157 -1.686404 -5.313427
v 4.679242 -1.396567 -5.316719
v 5.569331 -0.884105 -5.321120
v 7.010109 -1.143401 -6.775462
v 8.403582 -1.327112 -12.644417
v 8.403582 -1.327112 -22.919295
v 8.403582 -1.327112 -23.994176
v 9.312123 -1.557693 -23.995401
v 9.312123 -1.557693 -22.920520
v 9.307544 -1.557693 -12.647404
v 9.312123 -1.557693 -5.972472
v 8.828663 -1.557693 -2.710869
v 8.013910 -1.172705 1.847216
v -12.887774 5.111683 -13.096142
v -11.979234 4.572445 -13.096142
v -10.585760 4.142817 -6.775462
v -9.144983 3.536425 -5.321120
v -8.259802 3.536425 -5.317744
v -7.696805 3.536425 -5.315595
v -6.979456 3.536425 -5.312855
v -6.158405 3.536425 -5.309717
v -5.386595 3.536425 -5.311655
v -4.200131 3.536425 -5.314634
v -3.339279 3.536425 -5.316791
v -2.418298 3.536425 -5.319099
v -1.612548 3.536425 -5.321120
v -0.353065 3.536425 -5.317982
v 0.979168 3.536425 -5.314662
v 2.109628 3.536425 -5.311842
v 2.962972 3.536425 -5.309717
v 3.809809 3.536425 -5.313427
v 4.561550 3.536425 -5.316719
v 5.569331 3.536425 -5.321120
v 7.010109 4.142817 -6.775462
v 8.403582 4.842062 -12.644417
v 8.403582 4.842062 -14.928962
v 8.403582 4.842062 -16.372600
v 8.403582 4.806747 -21.544746
v 9.312123 4.806750 -21.545968
v 9.312123 4.842068 -16.373822
v 9.312123 4.842068 -14.930190
v 9.312123 4.842068 -12.645637
v 9.295075 5.106252 1.600529
v 8.986441 5.111683 4.870597
v 8.424568 5.111683 8.219255
v 7.741188 5.111683 11.107202
v 6.745361 5.111683 14.067616
v 5.576485 5.111683 17.595119
v 4.704582 5.111683 18.917947
v 3.722380 5.111683 20.408109
v 2.732629 5.111683 21.151999
v 1.421467 5.111683 22.137460
v -0.123720 5.111683 22.676288
v -1.584532 5.111683 23.185693
v -2.519079 5.111683 22.900424
v -3.587277 5.111683 22.574361
v -4.585736 5.111683 22.269578
v -5.961852 5.111683 21.290629
v -6.857037 5.111683 20.653809
v -7.809330 5.111683 19.417371
v -8.641343 5.111683 18.337106
v -9.294336 5.111683 16.677285
v -10.321012 5.111683 14.067616
v -11.314846 5.111683 11.116885
v -11.974567 5.111683 8.341663
v -12.547067 5.111683 4.942908
v -12.887774 5.111683 1.611599
v 9.312123 5.213480 -23.763961
v 9.312123 4.779092 -23.763961
v 8.403582 4.779092 -23.762738
v 8.403582 5.213478 -23.762738
v 6.826217 -4.551602 -19.745322
v 8.110175 -3.767207 -19.750276
v 6.121146 -3.975449 -19.745752
v 7.300011 -3.281593 -19.749997
v 9.312123 -2.437443 -19.329513
v 8.403582 -1.997663 -21.058757
v 5.379837 -5.435221 -19.739751
v 4.793156 -4.757079 -19.740974
v 6.826217 -4.551602 -21.561229
v 8.110175 -3.767207 -21.566177
v 6.121146 -3.975449 -21.561658
v 7.300011 -3.281593 -21.565904
v 5.606479 -5.204270 -21.555652
v 5.019799 -4.526131 -21.556880
v 6.867545 -4.459452 -22.641452
v 7.958761 -3.792805 -22.645654
v 6.268320 -3.969789 -22.641816
v 7.270215 -3.380100 -22.645423
v 4.096278 -5.961239 -15.829448
v 5.383832 -5.434677 -15.826255
v 3.614978 -5.222287 -15.830222
v 4.797151 -4.756535 -15.827481
v 0.380657 -7.180751 -14.392602
v 2.390635 -6.658567 -14.387603
v 0.203477 -6.300940 -14.392051
v 2.048937 -5.839066 -14.387769
v 0.380657 -7.180751 -16.234174
v 2.390635 -6.658567 -17.616729
v 0.203477 -6.300940 -16.233617
v 2.048937 -5.839066 -17.616891
v 3.632222 -6.131584 -17.671020
v 3.150922 -5.392641 -17.671786
v 0.854679 -7.026029 -18.730834
v 2.141917 -6.624280 -18.726989
v 0.741209 -6.349136 -18.730413
v 1.923086 -5.993788 -18.727113
v -2.661181 -6.459459 -14.104070
v -2.739038 -7.359764 -14.104859
v -4.128549 -6.997991 -14.101380
v -3.936958 -6.139446 -14.101087
v 0.376837 -7.182321 -14.103175
v 0.199658 -6.302510 -14.102624
v -1.523381 -7.676272 -14.107898
v -1.545025 -6.739445 -14.106675
v -5.427341 -6.659839 -14.098127
v -5.111917 -5.757902 -14.251559
v -2.661181 -6.459459 -15.331639
v -2.739038 -7.359764 -15.332433
v -4.128549 -6.997991 -15.328954
v -3.936958 -6.139446 -15.328660
v -5.110966 -6.659839 -15.325700
v -4.813069 -5.840337 -15.325879
v -1.811192 -7.676272 -15.147123
v -1.832836 -6.739445 -15.145896
v -2.808059 -6.459459 -16.621200
v -2.870330 -7.359764 -16.621987
v -3.981669 -6.997991 -16.618512
v -3.828434 -6.139446 -16.618222
v 8.403582 -1.480312 -25.808326
v 9.312123 -1.643812 -25.809543
v 9.312123 -2.227120 -25.809543
v 8.403582 -1.996290 -25.808326
v -7.217391 -5.917870 -14.400153
v -5.427341 -6.659839 -14.404637
v -6.772975 -5.184012 -14.400972
v -9.790581 -4.544995 -14.401960
v -8.381842 -5.435221 -14.397243
v -9.135546 -3.969605 -14.402513
v -7.842116 -4.757079 -14.398469
v -11.021385 -3.767207 -14.406083
v -10.265608 -3.281593 -14.406055
v -9.790581 -4.544995 -18.314204
v -8.381842 -5.435221 -18.309487
v -9.135546 -3.969605 -18.314761
v -7.842116 -4.757079 -18.310714
v -7.467654 -5.791122 -18.312402
v -7.023239 -5.057265 -18.313216
v -9.591161 -4.700320 -20.150294
v -8.481228 -5.378482 -20.145576
v -8.936128 -4.124924 -20.150851
v -7.941501 -4.700341 -20.146804
v -11.746967 -3.228037 -15.904643
v -11.145293 -3.679593 -15.901410
v -10.931803 -2.804655 -15.904151
v -10.389516 -3.193978 -15.901378
v -12.887774 -1.557693 -15.909730
v -12.887774 -2.380321 -15.909730
v -11.979232 -1.327112 -15.908507
v -11.979232 -2.054785 -15.908507
v -11.934948 -3.166665 -22.415036
v -11.119781 -2.743284 -22.414544
v -12.887774 -2.380321 -22.420125
v -11.979232 -2.054785 -22.418901
v -12.885856 1.126992 -14.072839
v -12.885856 -0.521351 -14.072839
v -11.977313 1.047690 -14.071620
v -11.977313 -0.410391 -14.071620
v -12.885854 3.949839 -14.072839
v -12.885854 2.425926 -13.885062
v -11.977311 3.721595 -14.071620
v -11.977311 2.204342 -13.883844
v -12.885854 -1.557693 -14.072839
v -11.977311 -1.327112 -14.071620
v -12.885856 1.126992 -17.356168
v -12.885856 -0.521351 -17.356168
v -11.977313 1.047690 -17.354949
v -11.977313 -0.410391 -17.354949
v -12.885854 2.015718 -17.168861
v -11.977311 1.794131 -17.167632
v -12.885856 0.807478 -20.989709
v -12.885856 -0.391169 -20.989709
v -11.977313 0.749808 -20.988486
v -11.977313 -0.310480 -20.988486
v -11.979232 3.721595 -14.824512
v -12.887774 3.949839 -14.824512
v -12.887774 4.842068 -15.001020
v -11.979234 4.842062 -15.001020
v -12.887774 7.202599 -15.001020
v -11.979234 7.039412 -15.001020
v -11.979232 5.674987 -15.001020
v -12.887774 5.674994 -15.001020
v -12.887772 7.202599 -15.709899
v -11.979232 7.039412 -15.709899
v -11.979232 5.674987 -15.709899
v -12.887774 5.674994 -15.709899
v -12.887774 4.842068 -15.709899
v -11.979234 4.842062 -15.709899
v -12.841640 4.965907 -17.071630
v -12.025367 4.965901 -17.071630
v -12.841640 5.551152 -17.071630
v -12.025365 5.551146 -17.071630
v -12.887774 8.556188 -16.582297
v -11.909729 8.556188 -16.582309
v -12.887774 9.892562 -16.582309
v -11.871147 9.892562 -16.582309
v -11.979232 7.691215 -16.582297
v -11.979234 7.039412 -16.582297
v -12.887774 7.202599 -16.582297
v -12.887774 8.808843 -19.460523
v -11.909729 8.808843 -19.460534
v -12.887774 9.639907 -19.460534
v -11.871147 9.639907 -19.460534
v 9.768028 1.126992 -12.643932
v 9.768028 2.359667 -12.643932
v 10.071796 1.126992 -21.457135
v 10.060105 2.248875 -21.117969
v 9.639187 -1.557693 -22.918542
v 9.639187 -2.380321 -22.918542
v 9.674363 -1.557693 -23.992850
v 9.674363 -2.380321 -23.992850
v 9.733727 -2.227120 -25.806022
v 9.733727 -1.643812 -25.806022
v 9.029819 5.981210 5.593871
v 9.015665 5.097266 4.858542
v 8.530920 5.974235 8.965641
v 8.517605 5.090293 8.226051
v 7.903871 5.966360 11.859804
v 7.887385 5.082417 11.136491
v 6.947653 5.078126 14.121140
v 6.962101 5.962068 14.854959
v 5.863001 5.962231 18.404532
v 5.848556 5.078289 17.670720
v 9.312123 7.706250 -16.104398
v 9.312123 7.706250 -14.613719
v 9.312123 7.706250 -12.645637
v 9.312123 7.754573 3.471468
v 8.985480 7.754573 6.734974
v 8.420852 7.754573 10.096326
v 7.747905 7.754573 12.935803
v 6.745361 7.754573 15.927491
v 5.576485 7.754573 19.454991
v 4.704582 7.754573 20.777816
v 3.722380 7.754573 22.267979
v 2.732629 7.754573 23.011870
v 1.421467 7.754573 23.997331
v -0.123720 7.754573 24.536160
v -1.584532 7.754573 25.045565
v -2.519079 7.754573 24.760297
v -3.587277 7.754573 24.434228
v -4.585736 7.754573 24.129449
v -5.961852 7.754573 23.150498
v -6.857037 7.754573 22.513680
v -7.809330 7.754573 21.277247
v -8.641343 7.754573 20.196978
v -9.294336 7.754573 18.537160
v -10.321012 7.754573 15.927491
v -11.306493 7.754573 13.015651
v -11.962081 7.754573 10.259314
v -12.542418 7.754573 6.824618
v -12.887774 7.754573 3.471468
v -12.887774 7.754573 -13.096142
v -12.887774 7.754573 -16.582297
v 9.312123 7.659515 -16.815967
v 8.403582 7.646881 -16.814752
v 9.312123 7.167742 -16.815967
v 8.403582 7.167742 -16.814752
v -11.979232 7.639800 -17.350495
v -11.979234 7.101896 -17.350495
v -12.887774 7.236567 -17.350495
v -12.887774 7.692085 -17.350495
v -13.269003 -0.521351 -12.644525
v -13.269003 1.126992 -12.644525
v -13.311959 1.126992 -14.071082
v -13.311959 -0.521351 -14.071082
v -13.415195 1.126992 -17.352582
v -13.415195 -0.521351 -17.352582
v -13.529449 0.807478 -20.984328
v -13.529449 -0.391169 -20.984328
v 5.350413 8.111330 18.027543
v 5.350413 9.892562 18.027543
v 6.070110 9.892562 18.478425
v 6.070110 8.556188 18.478425
v 6.070110 7.754573 17.965308
v 6.070110 7.202599 17.611986
v 6.070110 5.995624 16.839392
v 6.327158 5.962166 16.905526
v 6.312713 5.078220 16.171713
v 6.070110 5.111683 16.105433
v 6.070110 3.949839 15.140727
v 6.070110 2.359667 13.820368
v 6.222156 -0.521351 8.961701
v 6.682885 -2.163894 3.531693
v 8.617765 -3.181517 -8.277080
v 8.615829 -3.181517 -12.642547
v 8.617765 -3.205641 -19.572589
v 7.766054 -2.739381 -20.302697
v 7.766054 -2.763505 -12.641129
v 6.459753 -2.430461 -6.772428
v 5.109104 -1.960391 -5.318578
v 5.055132 -1.180150 -5.318578
v 4.987141 -0.197207 -5.318578
v 4.987141 0.895331 -5.318578
v 4.987141 1.712361 -5.318578
v 4.987141 2.766343 -5.318578
v 4.987141 3.536425 -5.318578
v 4.987141 4.122310 -5.318578
v 4.987143 6.695755 -5.318578
v 4.987141 7.527020 -5.318578
v -12.361767 -2.148247 -3.987550
v -12.628164 -2.380322 -6.295017
v -10.181919 -3.195309 -0.894877
v -10.551018 -3.457882 -3.506546
v -1.580473 -7.676270 3.274219
v -1.584532 -7.301666 4.795426
v -0.123720 -6.822759 4.317444
v -0.089468 -7.182321 2.776668
v 3.498769 -5.885035 0.522225
v 3.722380 -5.387350 2.207111
v 5.189233 -4.622968 0.308052
v 4.362155 -5.466314 -0.665269
v -7.009401 -5.435221 0.589039
v -6.857037 -5.085330 2.600990
v -5.961852 -5.596816 3.044166
v -6.068289 -5.917870 1.319578
v -4.647714 -6.659839 2.340731
v -4.585736 -6.313335 3.953322
v -3.587277 -6.650178 4.213847
v -3.624279 -6.997991 2.683461
v 1.490809 -6.659839 2.238858
v 1.421467 -6.302520 3.848585
v 3.035009 -5.709011 2.745012
v 2.847800 -6.173684 1.193290
v -8.950693 -4.390111 -1.548898
v -9.067571 -3.915517 0.242830
v -8.258235 -4.443592 0.885413
v -7.528971 -5.190940 -0.238806
v 6.250330 -4.390970 -2.763229
v 5.799176 -4.191233 -0.270608
v 7.410387 -3.202196 -2.446893
v 6.770440 -4.072244 -3.531413
v -2.533707 -7.359763 3.007820
v -2.519079 -6.995023 4.528416
v 9.037186 -2.380322 -6.179831
v 8.794800 -2.165318 -4.071801
v -13.196547 9.892562 3.984589
v -13.157409 9.892562 -13.096153
v -11.644546 9.892562 4.597315
v -11.605407 9.892562 -13.096153
v 9.618647 9.892562 3.984589
v 9.581925 9.892562 -12.645637
v 8.029921 9.892562 -12.684851
v 8.066643 9.892562 4.597315
v -12.820869 9.892562 7.344364
v -11.317350 9.892562 7.710535
v 9.265965 9.892562 7.249461
v 7.759672 9.892562 7.622599
v -12.203744 9.892562 10.789958
v -10.781699 9.892562 10.903282
v 8.670132 9.892562 10.614661
v 7.242906 9.892562 10.740850
v -11.566672 9.892562 13.540566
v -10.236118 9.892562 13.452042
v 8.013836 9.892562 13.439437
v 6.680257 9.892562 13.358336
v -8.374350 9.892562 18.557433
v -9.423918 9.892562 19.050277
v -8.825614 9.892562 20.937373
v -7.867351 9.892562 20.095445
v -10.525620 9.892562 16.440608
v -9.332505 9.892562 16.139271
v -7.124865 9.892562 21.096438
v -7.966798 9.892562 22.017642
v -6.969765 9.892562 23.254083
v -6.260983 9.892562 22.015731
v -5.537697 9.892562 22.605819
v -6.121314 9.892562 23.890902
v -4.604753 9.892562 24.869845
v -4.213546 9.892562 23.512929
v -3.387211 9.892562 23.795344
v -3.638812 9.892562 25.174626
v -2.520440 9.892562 25.500693
v -2.418197 9.892562 24.097487
v -0.326910 9.892562 23.889800
v -0.094235 9.892562 25.276557
v 1.526980 9.892562 24.737727
v 1.078255 9.892562 23.390511
v 2.247903 9.892562 22.477364
v 2.879956 9.892562 23.752269
v 3.853552 9.892562 23.008378
v 3.083110 9.892562 21.788060
v 3.964077 9.892562 20.407248
v 4.871852 9.892562 21.290936
v 5.797731 9.892562 19.968108
v 4.768049 9.892562 19.181498
v 5.133599 9.892562 18.027543
v 6.232302 9.892562 18.478425
v 6.903244 9.892562 16.440608
v 5.710126 9.892562 16.139271
v -1.645620 9.892562 25.785962
v -1.543224 9.892562 24.361817
v 9.579811 9.892562 -14.613719
v 8.027809 9.892562 -14.652928
v -11.603461 9.892562 -16.582309
v -13.155462 9.892562 -16.582309
v -11.603461 9.639907 -19.460534
v -13.155462 9.639907 -19.460534
v -13.196547 10.645753 3.984589
v -13.157409 10.645753 -13.096153
v -11.644546 10.645753 4.597315
v -11.605407 10.645753 -13.096153
v 9.618647 10.645753 3.984589
v 9.581925 10.645753 -12.645637
v 8.029921 10.645753 -12.684851
v 8.066643 10.645753 4.597315
v -12.820869 10.645753 7.344364
v -11.317350 10.645753 7.710535
v 9.265965 10.645753 7.249461
v 7.759672 10.645753 7.622599
v -12.203744 10.645753 10.789958
v -10.781699 10.645753 10.903282
v 8.670132 10.645753 10.614661
v 7.242906 10.645753 10.740850
v -11.566672 10.645753 13.540566
v -10.236118 10.645753 13.452042
v 8.013836 10.645753 13.439437
v 6.680257 10.645753 13.358336
v -8.374350 10.645753 18.557433
v -9.423918 10.645753 19.050277
v -8.825614 10.645753 20.937373
v -7.867351 10.645753 20.095445
v -10.525620 10.645753 16.440608
v -9.332505 10.645753 16.139271
v -7.124865 10.645753 21.096438
v -7.966798 10.645753 22.017642
v -6.969765 10.645753 23.254083
v -6.260983 10.645753 22.015731
v -5.537697 10.645753 22.605819
v -6.121314 10.645753 23.890902
v -4.604753 10.645753 24.869845
v -4.213546 10.645753 23.512929
v -3.387211 10.645753 23.795344
v -3.638812 10.645753 25.174626
v -2.520440 10.645753 25.500693
v -2.418197 10.645753 24.097487
v -0.326910 10.645753 23.889800
v -0.094235 10.645753 25.276557
v 1.526980 10.645753 24.737727
v 1.078255 10.645753 23.390511
v 2.247903 10.645753 22.477364
v 2.879956 10.645753 23.752269
v 3.853552 10.645753 23.008378
v 3.083110 10.645753 21.788060
v 3.964077 10.645753 20.407248
v 4.871852 10.645753 21.290936
v 5.797731 10.645753 19.968108
v 4.768049 10.645753 19.181498
v 5.133599 10.645753 18.027543
v 6.232302 10.645753 18.478425
v 6.903244 10.645753 16.440608
v 5.710126 10.645753 16.139271
v -1.645620 10.645753 25.785962
v -1.674043 10.645753 24.361817
v 9.579811 10.645753 -14.613719
v 8.027809 10.645753 -14.652928
v -11.603461 10.645753 -16.582309
v -13.155462 10.645753 -16.582309
v -11.603461 10.393104 -19.460534
v -13.155462 10.393104 -19.460534
vt -0.359642 0.087710
vt -0.310324 0.110232
vt -0.372167 0.162075
vt -0.412598 0.142007
vt -0.539599 0.557249
vt -0.528057 0.561583
vt -0.533170 0.574301
vt -0.544625 0.569678
vt -0.662262 0.066715
vt -0.706924 0.121978
vt -0.885897 0.124281
vt -0.102717 0.713682
vt -0.104419 0.490536
vt -0.505082 0.462853
vt -0.499249 0.445087
vt -0.487652 0.448808
vt -0.493511 0.466706
vt -0.085764 0.474808
vt -0.083825 0.713519
vt -0.347031 0.599924
vt -0.317418 0.606249
vt -0.331064 0.673422
vt -0.361159 0.667159
vt -0.479505 0.184829
vt -0.441532 0.205590
vt -0.740104 0.167083
vt -0.582588 0.539580
vt -0.566857 0.545917
vt -0.571890 0.558272
vt -0.587532 0.551787
vt -0.146605 0.118353
vt -0.133895 0.142274
vt -0.878506 0.209033
vt -0.543025 0.430856
vt -0.527046 0.436103
vt -0.532849 0.453547
vt -0.548837 0.448126
vt -0.527772 0.173165
vt -0.462178 0.131112
vt -0.414523 0.075935
vt -0.633581 0.519595
vt -0.611165 0.528279
vt -0.613200 0.541375
vt -0.633326 0.533380
vt -0.594294 0.413382
vt -0.571774 0.421169
vt -0.581559 0.436799
vt -0.607191 0.427757
vt -0.149309 0.160421
vt -0.162165 0.136988
vt -0.169879 0.184910
vt -0.549800 0.582117
vt -0.538362 0.586912
vt -0.543082 0.598125
vt -0.211855 0.253985
vt -0.225046 0.231637
vt -0.262923 0.145491
vt -0.554535 0.593189
vt -0.592541 0.563819
vt -0.577008 0.570458
vt -0.581672 0.581206
vt -0.597084 0.574417
vt -0.182425 0.162151
vt -0.184790 0.704540
vt -0.178782 0.549638
vt -0.630521 0.549927
vt -0.613816 0.555965
vt -0.614494 0.568876
vt -0.598286 0.168248
vt -0.517020 0.126739
vt -0.469372 0.067557
vt -0.628176 0.564646
vt -0.612579 0.065691
vt -0.657613 0.121509
vt -0.691550 0.165563
vt -0.560257 0.358517
vt -0.601170 0.399022
vt -0.252181 0.332356
vt -0.267878 0.310773
vt -0.225920 0.692813
vt -0.216066 0.626009
vt -0.561365 0.065036
vt -0.607285 0.121938
vt -0.642194 0.166129
vt -0.199158 0.592459
vt -0.212917 0.694643
vt -0.516837 0.065472
vt -0.562595 0.123428
vt -0.298209 0.610302
vt -0.272838 0.615371
vt -0.285358 0.682522
vt -0.311400 0.677381
vt -0.125802 0.157691
vt -0.117951 0.180979
vt -0.133511 0.198600
vt -0.141240 0.175601
vt -0.154697 0.222162
vt -0.196060 0.291038
vt -0.638119 0.027717
vt -0.203255 0.268381
vt -0.588662 0.026546
vt -0.161789 0.199556
vt -0.536806 0.025924
vt -0.231038 0.369328
vt -0.492204 0.026440
vt -0.241928 0.346285
vt -0.404155 0.657960
vt -0.389544 0.590588
vt -0.367558 0.595440
vt -0.381949 0.662735
vt -0.272170 0.069836
vt -0.321388 0.048581
vt -0.381114 0.035062
vt -0.442756 0.028867
vt -0.573113 0.393676
vt -0.556623 0.399941
vt -0.565496 0.411000
vt -0.121613 0.715665
vt -0.535537 0.407708
vt -0.519602 0.412670
vt -0.523387 0.424750
vt -0.539348 0.419636
vt -0.495566 0.433507
vt -0.844316 0.737555
vt -0.734243 0.474871
vt -0.744662 0.518597
vt -0.128398 0.751529
vt -0.082019 0.749111
vt -0.754702 0.560750
vt -0.173016 0.753293
vt -0.023685 0.745556
vt -0.204380 0.755027
vt -0.228302 0.748211
vt -0.267498 0.737773
vt -0.317881 0.725344
vt -0.756489 0.607976
vt -0.754069 0.646262
vt -0.758611 0.584059
vt -0.752328 0.693839
vt -0.364851 0.714105
vt -0.751514 0.736406
vt -0.236613 0.220330
vt -0.280593 0.300385
vt -0.294245 0.289185
vt -0.249061 0.208111
vt -0.303457 0.176376
vt -0.345892 0.140510
vt -0.389464 0.119528
vt -0.441124 0.108551
vt -0.496502 0.103814
vt -0.542754 0.100316
vt -0.587297 0.098482
vt -0.638017 0.097630
vt -0.687259 0.097780
vt -0.850846 0.683183
vt -0.753183 0.667280
vt -0.491751 0.421163
vt -0.480099 0.424704
vt -0.483950 0.437142
vt -0.553168 0.460654
vt -0.537181 0.466195
vt -0.541923 0.479714
vt -0.557897 0.474051
vt -0.614738 0.438819
vt -0.587693 0.448492
vt -0.289501 0.732263
vt -0.193464 0.150243
vt -0.205543 0.137350
vt -0.185100 0.110450
vt -0.169204 0.090738
vt -0.157376 0.105127
vt -0.173081 0.124224
vt -0.237181 0.622250
vt -0.248291 0.689226
vt -0.250571 0.742164
vt -0.594319 0.460992
vt -0.622873 0.450647
vt -0.497882 0.479673
vt -0.502669 0.493526
vt -0.514212 0.489476
vt -0.509439 0.475724
vt -0.631966 0.480555
vt -0.604210 0.490857
vt -0.608617 0.510860
vt -0.754961 0.629865
vt -0.721579 0.141135
vt -0.672329 0.140278
vt -0.622330 0.140820
vt -0.577877 0.142611
vt -0.245726 0.086040
vt -0.286471 0.127636
vt -0.324016 0.158216
vt -0.352188 0.179357
vt -0.423288 0.222875
vt -0.727084 0.446727
vt -0.702061 0.478417
vt -0.568853 0.504030
vt -0.552939 0.509960
vt -0.560346 0.529413
vt -0.576185 0.523300
vt -0.525317 0.520197
vt -0.513828 0.524503
vt -0.262518 0.686753
vt -0.250777 0.619702
vt -0.111350 0.201346
vt -0.105999 0.228835
vt -0.122184 0.245955
vt -0.127157 0.218758
vt -0.062643 0.747831
vt -0.521350 0.544422
vt -0.532741 0.539783
vt -0.554864 0.379470
vt -0.543864 0.383754
vt -0.548996 0.390248
vt -0.163423 0.717489
vt -0.529829 0.389155
vt -0.144510 0.268753
vt -0.185941 0.344339
vt -0.189701 0.310781
vt -0.148526 0.241903
vt -0.211984 0.427898
vt -0.221441 0.389462
vt -0.195294 0.541673
vt -0.212882 0.595826
vt -0.206405 0.560477
vt -0.149838 0.475142
vt -0.242358 0.125888
vt -0.267078 0.108629
vt -0.292368 0.091495
vt -0.340769 0.070067
vt -0.398421 0.056795
vt -0.457057 0.049559
vt -0.505314 0.047159
vt -0.549834 0.046674
vt -0.601315 0.047264
vt -0.650778 0.048276
vt -0.353830 0.716732
vt -0.513952 0.393850
vt -0.516394 0.402119
vt -0.532301 0.397308
vt -0.486023 0.401823
vt -0.474273 0.405206
vt -0.476811 0.413798
vt -0.488506 0.410343
vt -0.603349 0.588474
vt -0.599700 0.580373
vt -0.584373 0.587255
vt -0.588139 0.595474
vt -0.751623 0.726610
vt -0.353261 0.040428
vt -0.371864 0.062382
vt -0.387605 0.081435
vt -0.417212 0.113085
vt -0.439058 0.136113
vt -0.505165 0.178664
vt -0.749821 0.541266
vt -0.624773 0.571509
vt -0.613732 0.575355
vt -0.612775 0.584213
vt -0.723302 0.581781
vt -0.561136 0.608058
vt -0.557285 0.599463
vt -0.545807 0.604491
vt -0.549609 0.613238
vt -0.299991 0.057042
vt -0.319432 0.079184
vt -0.334970 0.098713
vt -0.370807 0.128113
vt -0.395369 0.150399
vt -0.463290 0.193699
vt -0.740028 0.499889
vt -0.465282 0.407831
vt -0.425614 0.419789
vt -0.428235 0.428492
vt -0.467857 0.416468
vt -0.475057 0.439927
vt -0.471188 0.427420
vt -0.431600 0.439608
vt -0.435522 0.452331
vt -0.484652 0.469651
vt -0.478782 0.451655
vt -0.439276 0.464295
vt -0.445196 0.482680
vt -0.454444 0.510298
vt -0.493833 0.496619
vt -0.489033 0.482687
vt -0.449608 0.496023
vt -0.041863 0.746581
vt -0.176487 0.496757
vt -0.086715 0.421229
vt -0.104975 0.437154
vt -0.188414 0.468917
vt -0.197193 0.488758
vt -0.151012 0.421701
vt -0.177516 0.443848
vt -0.089186 0.366363
vt -0.106959 0.382805
vt -0.180158 0.397597
vt -0.153695 0.376207
vt -0.092715 0.321251
vt -0.110061 0.337861
vt -0.133847 0.360112
vt -0.110128 0.750320
vt -0.465757 0.542262
vt -0.473391 0.562841
vt -0.512590 0.547876
vt -0.505029 0.527792
vt -0.519255 0.564985
vt -0.480087 0.580291
vt -0.485270 0.593419
vt -0.524390 0.577828
vt -0.138666 0.311496
vt -0.098733 0.272402
vt -0.115563 0.289127
vt -0.027862 0.713030
vt -0.030435 0.435729
vt -0.547286 0.344723
vt -0.553262 0.344016
vt -0.152388 0.752192
vt -0.529590 0.590547
vt -0.490509 0.606412
vt -0.495221 0.617897
vt -0.534290 0.601850
vt -0.540669 0.617091
vt -0.536970 0.608276
vt -0.497897 0.624386
vt -0.501570 0.633237
vt -0.008701 0.435425
vt -0.544927 0.344723
vt -0.006158 0.712831
vt -0.541218 0.344342
vt -0.032379 0.380668
vt -0.536828 0.343764
vt -0.523482 0.342858
vt -0.185527 0.753909
vt -0.010441 0.379612
vt -0.214755 0.752047
vt -0.535906 0.373478
vt -0.194689 0.720315
vt -0.510263 0.380884
vt -0.526070 0.376368
vt -0.272454 0.697784
vt -0.305616 0.728317
vt -0.757638 0.594488
vt -0.665534 0.176641
vt -0.470372 0.391607
vt -0.756343 0.570724
vt -0.752667 0.682433
vt -0.421525 0.406109
vt -0.296612 0.692234
vt -0.576540 0.600961
vt -0.572692 0.592561
vt -0.886485 0.087161
vt -0.673110 0.080190
vt -0.623496 0.080237
vt -0.572500 0.081357
vt -0.528070 0.083353
vt -0.481326 0.087073
vt -0.425862 0.090790
vt -0.400832 0.095316
vt -0.372037 0.101991
vt -0.351724 0.111203
vt -0.325652 0.123727
vt -0.302718 0.141408
vt -0.036073 0.323705
vt -0.517620 0.344606
vt -0.014130 0.321890
vt -0.530635 0.342941
vt -0.512223 0.345286
vt -0.040823 0.277698
vt -0.018928 0.274953
vt -0.505378 0.346847
vt -0.499793 0.346707
vt -0.035253 0.178218
vt -0.056990 0.182941
vt -0.490639 0.346714
vt -0.485216 0.344804
vt -0.063827 0.154623
vt -0.612836 0.066358
vt -0.623729 0.079769
vt -0.561579 0.066670
vt -0.572627 0.079932
vt -0.517146 0.067944
vt -0.528113 0.081080
vt -0.481250 0.083907
vt -0.469832 0.070922
vt -0.416716 0.076965
vt -0.427042 0.087272
vt -0.887135 0.044272
vt -0.645613 0.039890
vt -0.596154 0.038829
vt -0.544533 0.038236
vt -0.499991 0.038742
vt -0.451279 0.041230
vt -0.391362 0.047998
vt -0.364297 0.053598
vt -0.332843 0.061380
vt -0.311636 0.070268
vt -0.284116 0.082697
vt -0.258312 0.099581
vt -0.042433 0.148648
vt -0.479360 0.342560
vt -0.048168 0.228137
vt -0.026358 0.224427
vt -0.049527 0.126249
vt -0.070683 0.133530
vt -0.079396 0.109751
vt -0.058928 0.101256
vt -0.066813 0.083974
vt -0.086965 0.093718
vt -0.099482 0.069212
vt -0.080014 0.058361
vt -0.089287 0.042750
vt -0.108748 0.054809
vt -0.407800 0.031912
vt -0.417332 0.044618
vt -0.423821 0.053078
vt -0.437239 0.070109
vt -0.437891 0.073875
vt -0.449245 0.086199
vt -0.449370 0.089915
vt -0.464579 0.106471
vt -0.485330 0.129183
vt -0.557502 0.171049
vt -0.857787 0.568814
vt -0.565226 0.575521
vt -0.569949 0.586408
vt -0.554991 0.550758
vt -0.560061 0.563213
vt -0.540936 0.514416
vt -0.548379 0.533989
vt -0.525125 0.470348
vt -0.529878 0.483965
vt -0.514976 0.440021
vt -0.520785 0.457605
vt -0.119314 0.038884
vt -0.099753 0.026255
vt -0.131335 0.050220
vt -0.120427 0.065810
vt -0.783321 0.198940
vt -0.814099 0.201348
vt -0.781553 0.186118
vt -0.733293 0.183323
vt -0.683999 0.185056
vt -0.128264 0.073528
vt -0.139414 0.058169
vt -0.110488 0.079991
vt -0.098083 0.104593
vt -0.588004 0.335187
vt -0.105625 0.112081
vt -0.118086 0.087547
vt -0.623959 0.322115
vt -0.601170 0.314743
vt -0.614254 0.293106
vt -0.646028 0.263179
vt -0.635962 0.272349
vt -0.669005 0.274550
vt -0.688954 0.264324
vt -0.678016 0.244895
vt -0.688320 0.235660
vt -0.090186 0.120515
vt -0.081857 0.144292
vt -0.089462 0.151615
vt -0.097679 0.127922
vt -0.074926 0.165207
vt -0.068547 0.193364
vt -0.076460 0.200417
vt -0.082610 0.172413
vt -0.060061 0.238107
vt -0.637386 0.299955
vt -0.657140 0.282675
vt -0.052984 0.287468
vt -0.061336 0.294113
vt -0.725352 0.239192
vt -0.738042 0.232552
vt -0.724764 0.214469
vt -0.752507 0.193842
vt -0.810157 0.227551
vt -0.801640 0.273734
vt -0.792126 0.320724
vt -0.068212 0.244881
vt -0.048518 0.333222
vt -0.057059 0.339703
vt -0.045079 0.389646
vt -0.053804 0.395767
vt -0.043334 0.444229
vt -0.052206 0.450071
vt -0.049848 0.713226
vt -0.501775 0.266548
vt -0.538814 0.233900
vt -0.579944 0.213696
vt -0.637045 0.196560
vt -0.040880 0.713146
vt -0.785684 0.350957
vt -0.128638 0.706550
vt -0.130051 0.512017
vt -0.554204 0.223342
vt -0.806260 0.249195
vt -0.518246 0.247932
vt -0.797612 0.293916
vt -0.130064 0.458688
vt -0.779464 0.379583
vt -0.131336 0.404918
vt -0.148686 0.706705
vt -0.069458 0.713396
vt -0.071593 0.462801
vt -0.072845 0.408998
vt -0.075674 0.353676
vt -0.079535 0.308411
vt -0.602712 0.205092
vt -0.811853 0.216443
vt -0.507531 0.416368
vt -0.511316 0.428569
vt -0.501886 0.397307
vt -0.504325 0.405694
vt -0.498219 0.384094
vt -0.030906 0.713264
vt -0.600184 0.471905
vt -0.546158 0.491527
vt -0.562115 0.485758
vt -0.534127 0.495861
vt -0.518479 0.501485
vt -0.506953 0.505627
vt -0.458783 0.522780
vt -0.498128 0.508792
vt -0.356423 0.678219
vt -0.412747 0.423616
vt -0.415334 0.432356
vt -0.418678 0.443528
vt -0.422585 0.456338
vt -0.426347 0.468393
vt -0.432267 0.486884
vt -0.436670 0.500335
vt -0.441508 0.514728
vt -0.452861 0.546956
vt -0.445862 0.527331
vt -0.460508 0.567692
vt -0.472446 0.598541
vt -0.467221 0.585285
vt -0.482517 0.623168
vt -0.477744 0.611621
vt -0.485242 0.629670
vt -0.488956 0.638521
vt -0.718757 0.671826
vt -0.718602 0.658716
vt -0.721579 0.592448
vt -0.718790 0.723199
vt -0.718896 0.681575
vt -0.719048 0.625608
vt -0.720244 0.605595
vt -0.718658 0.640295
vt -0.718871 0.736476
vt -0.720525 0.567909
vt -0.620220 0.580935
vt -0.175549 0.718155
vt -0.562037 0.384616
vt -0.144015 0.716247
vt -0.585978 0.404024
vt -0.105010 0.715681
vt -0.080515 0.715848
vt -0.046245 0.714043
vt -0.630032 0.460980
vt -0.706484 0.500523
vt -0.710371 0.517473
vt -0.714383 0.538697
vt -0.719239 0.557711
vt -0.063858 0.714945
vt -0.695986 0.454187
vt -0.634077 0.501235
vt -0.286222 0.694616
vt -0.482255 0.388358
vt -0.205017 0.716173
vt -0.543666 0.371170
vt -0.341850 0.681641
vt -0.461248 0.394201
vt -0.238344 0.706083
vt -0.218050 0.711809
vt -0.253378 0.702303
vt -0.408683 0.409929
vt -0.085944 0.259447
vt -0.093657 0.215541
vt -0.611415 0.343301
vt -0.099322 0.187892
vt -0.486089 0.284314
vt -0.105987 0.167390
vt -0.233074 0.116473
vt -0.113940 0.143981
vt -0.013379 0.852929
vt -0.843793 0.393363
vt -0.280467 0.159655
vt -0.121912 0.128415
vt -0.134463 0.104264
vt -0.333498 0.196503
vt -0.720528 0.419968
vt -0.690488 0.431437
vt -0.219961 0.102479
vt -0.405924 0.239531
vt -0.144945 0.090712
vt -0.156500 0.075868
vt -0.408796 0.586304
vt -0.423559 0.653766
vt -0.306232 0.279323
vt -0.260019 0.197324
vt -0.216334 0.126032
vt -0.195968 0.098273
vt -0.179905 0.077913
vt -0.149481 0.044417
vt -0.166909 0.062551
vt -0.141148 0.036196
vt -0.128805 0.024644
vt -0.109100 0.011842
vt -0.887639 0.011517
vt -0.859509 0.585117
vt -0.876293 0.225268
vt -0.599712 0.400398
vt -0.239081 0.546221
vt -0.233073 0.505426
vt -0.261134 0.510699
vt -0.887001 0.053039
vt -0.885776 0.131093
vt -0.884749 0.149477
vt -0.884107 0.156253
vt -0.886232 0.103541
vt -0.848826 0.701128
vt -0.340291 0.839538
vt -0.325432 0.843095
vt -0.249934 0.484098
vt -0.547301 0.344849
vt -0.879955 0.196355
vt -0.858649 0.597612
vt -0.235489 0.856262
vt -0.222793 0.859143
vt -0.553274 0.344111
vt -0.544953 0.344969
vt -0.199736 0.859391
vt -0.185044 0.859445
vt -0.541249 0.344655
vt -0.536906 0.344231
vt -0.161238 0.859166
vt -0.133856 0.858757
vt -0.517452 0.345653
vt -0.523665 0.343180
vt -0.112975 0.858004
vt -0.092939 0.857509
vt -0.530767 0.343385
vt -0.505141 0.348016
vt -0.512089 0.346450
vt -0.490000 0.347782
vt -0.034325 0.854131
vt -0.821064 0.392745
vt -0.842628 0.485197
vt -0.847256 0.507006
vt -0.861876 0.306301
vt -0.865903 0.285459
vt -0.852254 0.533468
vt -0.856431 0.556816
vt -0.870651 0.259938
vt -0.874492 0.237101
vt -0.844167 0.737567
vt -0.847197 0.714601
vt -0.383388 0.829224
vt -0.353948 0.836269
vt -0.886674 0.074693
vt -0.499779 0.348173
vt -0.058263 0.855505
vt -0.478574 0.343563
vt -0.828530 0.423585
vt -0.836375 0.456224
vt -0.849917 0.364427
vt -0.856331 0.333718
vt -0.881614 0.180765
vt -0.855333 0.638032
vt -0.857438 0.613266
vt -0.276867 0.846554
vt -0.251463 0.852558
vt -0.484681 0.345989
vt -0.295886 0.842028
vt -0.853597 0.656412
vt -0.391907 0.827185
vt -0.887330 0.031539
vt -0.473775 0.341717
vt -0.405755 0.009204
vt -0.441569 0.007343
vt -0.368200 0.409903
vt -0.359413 0.385503
vt -0.345620 0.393844
vt -0.353767 0.417586
vt -0.287834 0.471186
vt -0.280504 0.440410
vt -0.262738 0.471424
vt -0.281794 0.485628
vt -0.205875 0.079784
vt -0.474309 0.340518
vt -0.290096 0.033095
vt -0.313831 0.024386
vt -0.347948 0.016036
vt -0.377707 0.011419
vt -0.301481 0.456615
vt -0.232125 0.063476
vt -0.260295 0.047036
vt -0.491699 0.005592
vt -0.294702 0.430371
vt -0.322359 0.435736
vt -0.536877 0.005420
vt -0.315287 0.411642
vt -0.589045 0.006304
vt -0.337450 0.426684
vt -0.638462 0.007661
vt -0.330002 0.403352
vt -0.151144 0.528702
vt -0.158145 0.705758
vt -0.598234 0.401752
vt -0.565607 0.363383
vt -0.599712 0.400398
vt -0.196876 0.696822
vt -0.689390 0.549995
vt -0.644137 0.427422
vt -0.626024 0.429177
vt -0.672916 0.556140
vt -0.631166 0.404831
vt -0.614227 0.408160
vt -0.682216 0.581134
vt -0.698690 0.574988
vt -0.615403 0.382580
vt -0.600005 0.387399
vt -0.689912 0.601762
vt -0.706386 0.595616
vt -0.601286 0.365390
vt -0.587399 0.371293
vt -0.582482 0.348728
vt -0.570623 0.355613
vt -0.563810 0.334387
vt -0.553986 0.342075
vt -0.552413 0.323231
vt -0.544492 0.333060
vt -0.540408 0.318890
vt -0.533935 0.328827
vt -0.526520 0.313977
vt -0.522307 0.325659
vt -0.515810 0.312772
vt -0.513051 0.324294
vt -0.497095 0.311762
vt -0.496570 0.323037
vt -0.486027 0.313403
vt -0.487044 0.324285
vt -0.473284 0.315495
vt -0.475950 0.325957
vt -0.463234 0.316914
vt -0.467344 0.327009
vt -0.448129 0.326709
vt -0.454306 0.335726
vt -0.432360 0.336991
vt -0.440725 0.344869
vt -0.420633 0.349411
vt -0.430751 0.356045
vt -0.412287 0.358598
vt -0.423729 0.364293
vt -0.406070 0.374940
vt -0.418069 0.377678
vt -0.399779 0.388086
vt -0.412812 0.389647
vt -0.399149 0.400484
vt -0.412017 0.399365
vt -0.397475 0.417746
vt -0.410947 0.415181
vt -0.393711 0.443654
vt -0.408084 0.438954
vt -0.394297 0.466497
vt -0.409109 0.459941
vt -0.396970 0.492975
vt -0.411961 0.484335
vt -0.401955 0.517770
vt -0.416792 0.507234
vt -0.446809 0.636814
vt -0.463389 0.630949
vt -0.452094 0.650910
vt -0.468673 0.645045
vt -0.492451 0.373134
vt -0.516729 0.367889
vt -0.516612 0.367349
vt -0.492351 0.372674
vt -0.521513 0.366855
vt -0.521395 0.366311
vt -0.488041 0.373417
vt -0.487936 0.372932
vt -0.525462 0.366002
vt -0.525345 0.365458
vt -0.483427 0.373288
vt -0.483320 0.372790
vt -0.479669 0.372836
vt -0.479583 0.372437
vt -0.475589 0.371818
vt -0.475498 0.371397
vt -0.471862 0.370639
vt -0.471760 0.370167
vt -0.469491 0.369890
vt -0.469426 0.369592
vt -0.467785 0.368651
vt -0.467727 0.368380
vt -0.465833 0.367232
vt -0.466086 0.366897
vt -0.464667 0.365754
vt -0.464959 0.365602
vt -0.462873 0.363483
vt -0.463133 0.363180
vt -0.462087 0.361723
vt -0.462382 0.361584
vt -0.461247 0.359841
vt -0.461542 0.359705
vt -0.460511 0.358194
vt -0.460795 0.358005
vt -0.460576 0.355357
vt -0.460909 0.355393
vt -0.460645 0.352356
vt -0.460977 0.352389
vt -0.461375 0.349665
vt -0.461716 0.349741
vt -0.461926 0.347633
vt -0.462295 0.347840
vt -0.463429 0.345411
vt -0.463803 0.345640
vt -0.464763 0.343438
vt -0.465132 0.343643
vt -0.466460 0.342117
vt -0.466555 0.342558
vt -0.468782 0.340310
vt -0.468893 0.340826
vt -0.472197 0.337631
vt -0.472283 0.338030
vt -0.475521 0.335619
vt -0.475627 0.336110
vt -0.479574 0.333650
vt -0.479679 0.334136
vt -0.483595 0.332150
vt -0.483696 0.332615
vt -0.507309 0.327026
vt -0.507426 0.327566
vt -0.510010 0.326443
vt -0.510127 0.326986
vt -0.913683 0.521285
vt -0.916386 0.676355
vt -0.940761 0.675930
vt -0.938058 0.520860
vt -0.923006 0.706802
vt -0.941293 0.706483
vt -0.913208 0.494000
vt -0.937582 0.493575
vt -0.908392 0.676494
vt -0.911170 0.707008
vt -0.926903 0.731968
vt -0.938276 0.731770
vt -0.912720 0.466017
vt -0.937094 0.465592
vt -0.901719 0.676610
vt -0.902251 0.707164
vt -0.912331 0.443680
vt -0.936705 0.443255
vt -0.903225 0.713882
vt -0.910584 0.713753
vt -0.911920 0.420129
vt -0.936294 0.419704
vt -0.935925 0.398510
vt -0.911551 0.398935
vt -0.911316 0.385455
vt -0.935690 0.385030
vt -0.935537 0.376258
vt -0.911163 0.376683
vt -0.910988 0.366641
vt -0.935362 0.366216
vt -0.920148 0.039606
vt -0.922785 0.190882
vt -0.947159 0.190457
vt -0.944519 0.038992
vt -0.923247 0.217396
vt -0.947622 0.216971
vt -0.944218 0.021743
vt -0.925935 0.022252
vt -0.923724 0.244725
vt -0.948098 0.244300
vt -0.912155 0.039910
vt -0.914101 0.022622
vt -0.924124 0.267666
vt -0.948498 0.267241
vt -0.925707 0.009187
vt -0.913874 0.009558
vt -0.906600 0.040007
vt -0.906299 0.022758
vt -0.924549 0.292038
vt -0.948923 0.291614
vt -0.906071 0.009693
vt -0.924837 0.308588
vt -0.949211 0.308163
vt -0.913159 0.003332
vt -0.906602 0.003446
vt -0.925048 0.320685
vt -0.949422 0.320261
vt -0.925235 0.331428
vt -0.949609 0.331003
vt -0.925446 0.343530
vt -0.949820 0.343105
vt -0.882650 0.405557
vt -0.885259 0.555257
vt -0.895565 0.555078
vt -0.892956 0.405378
vt -0.885772 0.584703
vt -0.896079 0.584523
vt -0.882117 0.375004
vt -0.892423 0.374824
vt -0.886299 0.614902
vt -0.896605 0.614722
vt -0.878220 0.349838
vt -0.888526 0.349659
vt -0.886719 0.639009
vt -0.897025 0.638829
vt -0.887162 0.664425
vt -0.897469 0.664245
vt -0.887561 0.687297
vt -0.897867 0.687117
vt -0.887849 0.703836
vt -0.898156 0.703656
vt -0.888014 0.713304
vt -0.898321 0.713124
vt -0.888203 0.724140
vt -0.898510 0.723961
vt -0.941349 0.515539
vt -0.944052 0.670609
vt -0.954359 0.670429
vt -0.951656 0.515360
vt -0.944585 0.701162
vt -0.954891 0.700983
vt -0.940874 0.488254
vt -0.951180 0.488074
vt -0.941567 0.726449
vt -0.951874 0.726269
vt -0.940386 0.460271
vt -0.950692 0.460092
vt -0.939996 0.437935
vt -0.950303 0.437755
vt -0.939586 0.414383
vt -0.949892 0.414204
vt -0.939216 0.393189
vt -0.949523 0.393009
vt -0.938981 0.379709
vt -0.949288 0.379530
vt -0.938828 0.370937
vt -0.949135 0.370757
vt -0.938688 0.362879
vt -0.948994 0.362700
vt -0.899975 0.510386
vt -0.902515 0.656138
vt -0.912822 0.655958
vt -0.910281 0.510206
vt -0.902816 0.673386
vt -0.913123 0.673206
vt -0.899476 0.481772
vt -0.909782 0.481592
vt -0.898962 0.452279
vt -0.909268 0.452099
vt -0.898530 0.427522
vt -0.908837 0.427342
vt -0.898072 0.401219
vt -0.908378 0.401039
vt -0.897760 0.383358
vt -0.908067 0.383178
vt -0.897533 0.370302
vt -0.907839 0.370123
vt -0.897331 0.358709
vt -0.907637 0.358530
vt -0.897069 0.343656
vt -0.907375 0.343477
vt -0.908403 0.059739
vt -0.911044 0.211205
vt -0.921350 0.211025
vt -0.918710 0.059560
vt -0.911506 0.237719
vt -0.921812 0.237540
vt -0.908103 0.042491
vt -0.918409 0.042311
vt -0.911982 0.265048
vt -0.922289 0.264869
vt -0.912382 0.287989
vt -0.922689 0.287809
vt -0.912807 0.312362
vt -0.923113 0.312182
vt -0.913095 0.328911
vt -0.923402 0.328731
vt -0.913272 0.339025
vt -0.923578 0.338845
vt -0.913459 0.349767
vt -0.923765 0.349588
vt -0.913670 0.361869
vt -0.923976 0.361690
vt -0.486144 0.376339
vt -0.445367 0.367636
vt -0.445158 0.368616
vt -0.485907 0.377452
vt -0.440541 0.366606
vt -0.440334 0.367578
vt -0.494403 0.376861
vt -0.494185 0.377880
vt -0.503093 0.376568
vt -0.502899 0.377477
vt -0.510538 0.375614
vt -0.510334 0.376572
vt -0.518676 0.373536
vt -0.518553 0.374110
vt -0.524196 0.372151
vt -0.524070 0.372740
vt -0.528231 0.371138
vt -0.528060 0.371941
vt -0.532150 0.368663
vt -0.532021 0.369271
vt -0.536566 0.365876
vt -0.537021 0.366471
vt -0.539157 0.362671
vt -0.539600 0.363325
vt -0.542589 0.358425
vt -0.543065 0.358927
vt -0.545108 0.353096
vt -0.545642 0.353322
vt -0.547489 0.348057
vt -0.548094 0.347954
vt -0.879717 0.410199
vt -0.879385 0.393971
vt -0.855012 0.394471
vt -0.855344 0.410699
vt -0.879168 0.383418
vt -0.854796 0.383918
vt -0.855586 0.422472
vt -0.879959 0.421972
vt -0.855844 0.435066
vt -0.880217 0.434567
vt -0.880443 0.445586
vt -0.856070 0.446086
vt -0.856423 0.463311
vt -0.880796 0.462812
vt -0.881170 0.481029
vt -0.856797 0.481529
vt -0.857114 0.496989
vt -0.881487 0.496490
vt -0.881726 0.508160
vt -0.857353 0.508660
vt -0.871163 0.527436
vt -0.871440 0.547124
vt -0.881747 0.546978
vt -0.881469 0.527291
vt -0.871617 0.559663
vt -0.881924 0.559517
vt -0.871007 0.516423
vt -0.881314 0.516278
vt -0.871822 0.574180
vt -0.882129 0.574035
vt -0.871982 0.585537
vt -0.882289 0.585392
vt -0.872266 0.605677
vt -0.882573 0.605531
vt -0.872563 0.626722
vt -0.882870 0.626576
vt -0.872811 0.644286
vt -0.883118 0.644140
vt -0.872989 0.656924
vt -0.883296 0.656779
vt -0.908194 0.243488
vt -0.908405 0.226301
vt -0.898098 0.226174
vt -0.897887 0.243362
vt -0.908521 0.216909
vt -0.898214 0.216782
vt -0.908062 0.254217
vt -0.897755 0.254090
vt -0.907907 0.266796
vt -0.897600 0.266669
vt -0.907768 0.278155
vt -0.897481 0.276331
vt -0.907573 0.293944
vt -0.897266 0.293817
vt -0.907349 0.312184
vt -0.897042 0.312057
vt -0.907162 0.327371
vt -0.896855 0.327244
vt -0.907029 0.338212
vt -0.896722 0.338086
vt -0.804120 0.801589
vt -0.804120 0.772827
vt -0.776990 0.772827
vt -0.776990 0.801589
vt -0.804120 0.754535
vt -0.776990 0.754535
vt -0.804120 0.741939
vt -0.776990 0.741939
vt -0.756442 0.754535
vt -0.756442 0.772827
vt -0.756442 0.741939
vt -0.746633 0.742945
vt -0.746633 0.753529
vt -0.647806 0.634728
vt -0.647806 0.666220
vt -0.671368 0.666220
vt -0.671368 0.634728
vt -0.629880 0.666220
vt -0.629880 0.634728
vt -0.701232 0.666220
vt -0.702671 0.634728
vt -0.647806 0.614829
vt -0.671368 0.614829
vt -0.629880 0.614829
vt -0.598760 0.666220
vt -0.598760 0.634728
vt -0.703166 0.618161
vt -0.648567 0.543532
vt -0.665087 0.548124
vt -0.635476 0.538784
vt -0.649162 0.512959
vt -0.639812 0.512959
vt -0.377983 0.318000
vt -0.396166 0.303014
vt -0.376137 0.278712
vt -0.357954 0.293698
vt -0.409999 0.291613
vt -0.389971 0.267311
vt -0.363481 0.263356
vt -0.345298 0.278341
vt -0.351257 0.340026
vt -0.332123 0.314987
vt -0.434016 0.271821
vt -0.413987 0.247518
vt -0.377315 0.251955
vt -0.317551 0.208821
vt -0.307723 0.222870
vt -0.322880 0.301137
vt -0.324634 0.196830
vt -0.304862 0.179660
vt -0.297647 0.185606
vt -0.936199 0.988559
vt -0.971675 0.988559
vt -0.971675 0.846924
vt -0.936199 0.867001
vt -0.993979 0.988534
vt -0.993979 0.846924
vt -0.970664 0.836264
vt -0.939356 0.852184
vt -0.993979 0.832108
vt -0.963002 0.776304
vt -0.944873 0.776304
vt -0.896069 0.776304
vt -0.864688 0.776304
vt -0.864688 0.897862
vt -0.896069 0.917939
vt -0.841220 0.776304
vt -0.838836 0.893184
vt -0.867843 0.912679
vt -0.895057 0.928599
vt -0.915798 0.917939
vt -0.915798 0.776304
vt -0.872527 0.988558
vt -0.888563 0.988558
vt -0.915798 0.932755
vt -0.931459 0.776304
vt -0.931459 0.917939
vt -0.931459 0.932755
vt -0.919095 0.957762
vt -0.930200 0.957762
vt -0.974313 0.674545
vt -0.974313 0.816128
vt -0.992018 0.816128
vt -0.992018 0.674545
vt -0.974313 0.659737
vt -0.992018 0.659737
vt -0.988721 0.634743
vt -0.976167 0.634743
vt -0.973166 0.435821
vt -0.994850 0.435821
vt -0.994850 0.336531
vt -0.975116 0.340352
vt -0.294092 0.865294
vt -0.275157 0.865286
vt -0.275123 0.889432
vt -0.294059 0.889439
vt -0.275123 0.914817
vt -0.294059 0.914825
vt -0.276160 0.949234
vt -0.290728 0.949240
vt -0.788275 0.850302
vt -0.804179 0.850312
vt -0.807845 0.824927
vt -0.791942 0.824916
vt -0.434148 0.713068
vt -0.429946 0.695939
vt -0.415259 0.700304
vt -0.418491 0.713482
vt -0.017668 0.165060
vt -0.036602 0.165052
vt -0.036602 0.144895
vt -0.017668 0.144902
vt -0.022279 0.066849
vt -0.004070 0.066851
vt -0.005595 0.085991
vt -0.022279 0.084173
vt -0.007120 0.098719
vt -0.022279 0.098716
vt -0.020653 0.020427
vt -0.020638 0.001681
vt -0.007319 0.001681
vt -0.007335 0.020427
vt -0.041122 0.042090
vt -0.041111 0.022713
vt -0.023335 0.022713
vt -0.023346 0.042090
vt -0.433937 0.694658
vt -0.438337 0.712604
vt -0.455602 0.708367
vt -0.451201 0.690421
vt -0.374024 0.707480
vt -0.394600 0.702432
vt -0.388788 0.678753
vt -0.370439 0.685430
vt -0.955046 0.311004
vt -0.970839 0.311016
vt -0.968111 0.257086
vt -0.952317 0.257075
vt -0.644683 0.668701
vt -0.626978 0.668701
vt -0.626978 0.713695
vt -0.644683 0.713695
vt -0.662928 0.668631
vt -0.662928 0.713625
vt -0.644683 0.803438
vt -0.661607 0.803367
vt -0.674532 0.668586
vt -0.672646 0.713580
vt -0.606098 0.854479
vt -0.621760 0.854479
vt -0.621760 0.809485
vt -0.606098 0.809485
vt -0.637898 0.854539
vt -0.637898 0.809545
vt -0.648163 0.854577
vt -0.646277 0.809583
vt -0.636578 0.719802
vt -0.621760 0.719743
vt -0.658614 0.854577
vt -0.656729 0.809583
vt -0.415254 0.840980
vt -0.379778 0.840980
vt -0.379778 0.860644
vt -0.415254 0.860644
vt -0.379778 0.905878
vt -0.415254 0.905878
vt -0.386655 0.955940
vt -0.412452 0.955940
vt -0.438701 0.986519
vt -0.470082 0.986519
vt -0.470082 0.966845
vt -0.438701 0.966845
vt -0.489812 0.986519
vt -0.489812 0.966845
vt -0.470082 0.921587
vt -0.438701 0.921587
vt -0.415235 0.986519
vt -0.413807 0.969434
vt -0.467931 0.871500
vt -0.445112 0.871500
vt -0.422636 0.924169
vt -0.381153 0.980292
vt -0.381153 0.966845
vt -0.565093 0.637288
vt -0.577585 0.669750
vt -0.590812 0.667235
vt -0.582144 0.635498
vt -0.560138 0.611225
vt -0.579465 0.607550
vt -0.624963 0.618371
vt -0.623928 0.599098
vt -0.457151 0.662781
vt -0.462467 0.684442
vt -0.481573 0.679752
vt -0.476257 0.658091
vt -0.506924 0.682220
vt -0.495250 0.704333
vt -0.521179 0.711460
vt -0.527993 0.693343
vt -0.486368 0.721156
vt -0.512810 0.727313
vt -0.474240 0.744127
vt -0.497460 0.756387
vt -0.521451 0.731875
vt -0.529821 0.716022
vt -0.506102 0.760949
vt -0.539295 0.738282
vt -0.545176 0.727143
vt -0.260460 0.988381
vt -0.278712 0.986896
vt -0.276780 0.963149
vt -0.252548 0.962680
vt -0.243687 0.989745
vt -0.234680 0.964133
vt -0.251755 0.952940
vt -0.233888 0.954394
vt -0.207541 0.992686
vt -0.205412 0.966514
vt -0.247577 0.934447
vt -0.235022 0.935468
vt -0.204619 0.956775
vt -0.233210 0.865285
vt -0.204449 0.865286
vt -0.204449 0.913341
vt -0.233210 0.913341
vt -0.209886 0.953015
vt -0.227773 0.953015
vt -0.250463 0.913341
vt -0.250463 0.865285
vt -0.262342 0.865285
vt -0.262342 0.913341
vt -0.251807 0.923930
vt -0.261611 0.923930
vt -0.952315 0.371132
vt -0.970864 0.371149
vt -0.970864 0.344020
vt -0.952315 0.344003
vt -0.970864 0.323471
vt -0.952315 0.323454
vt -0.970864 0.313663
vt -0.952315 0.313646
vt -0.051055 0.098525
vt -0.030868 0.098284
vt -0.030868 0.118832
vt -0.051055 0.119073
vt -0.709605 0.401745
vt -0.727714 0.405759
vt -0.734558 0.375020
vt -0.716449 0.371007
vt -0.951183 0.253569
vt -0.969732 0.253586
vt -0.969732 0.222094
vt -0.951183 0.222078
vt -0.969732 0.205528
vt -0.951183 0.205511
vt -0.970928 0.373917
vt -0.952379 0.373935
vt -0.952379 0.393834
vt -0.970928 0.393817
vt -0.952379 0.469879
vt -0.970928 0.469861
vt -0.952379 0.495704
vt -0.970928 0.495687
vt -0.502201 0.661159
vt -0.505942 0.679326
vt -0.571264 0.665815
vt -0.567523 0.647647
vt -0.815931 0.957738
vt -0.834387 0.957779
vt -0.834387 0.816145
vt -0.815838 0.816128
vt -0.834387 0.801328
vt -0.815838 0.801311
vt -0.809160 0.816155
vt -0.834387 0.776321
vt -0.815838 0.776304
vt -0.808442 0.801346
vt -0.807230 0.776352
vt -0.630603 0.865882
vt -0.612054 0.865899
vt -0.612054 0.982780
vt -0.630603 0.982763
vt -0.602746 0.865875
vt -0.596783 0.982686
vt -0.991687 0.440437
vt -0.973138 0.440453
vt -0.973138 0.455270
vt -0.991687 0.455253
vt -0.973138 0.531150
vt -0.991687 0.531134
vt -0.412104 0.833486
vt -0.430653 0.833503
vt -0.430653 0.773543
vt -0.412104 0.773526
vt -0.873157 0.771090
vt -0.891706 0.771106
vt -0.891706 0.740533
vt -0.873157 0.740516
vt -0.736532 0.857580
vt -0.718076 0.857621
vt -0.717983 0.949731
vt -0.736532 0.973568
vt -0.749548 0.963145
vt -0.749548 0.857534
vt -0.759063 0.857501
vt -0.759063 0.955526
vt -0.783131 0.857442
vt -0.783131 0.955469
vt -0.759063 0.980558
vt -0.783131 0.980500
vt -0.810243 0.857377
vt -0.810243 0.955403
vt -0.759671 0.995439
vt -0.780126 0.995389
vt -0.805616 0.980434
vt -0.742522 0.980562
vt -0.745614 0.995442
vt -0.616198 0.774814
vt -0.617220 0.748549
vt -0.573173 0.746841
vt -0.572152 0.773108
vt -0.618574 0.713755
vt -0.594445 0.712853
vt -0.620169 0.672750
vt -0.596040 0.671848
vt -0.549969 0.711047
vt -0.548193 0.736345
vt -0.570676 0.670818
vt -0.535896 0.679093
vt -0.534883 0.705353
vt -0.174299 0.904617
vt -0.174337 0.880485
vt -0.130257 0.880403
vt -0.130220 0.904538
vt -0.174354 0.868507
vt -0.130273 0.868425
vt -0.174249 0.936589
vt -0.150103 0.936511
vt -0.104834 0.914013
vt -0.105590 0.936511
vt -0.174190 0.974266
vt -0.150043 0.974188
vt -0.124658 0.974188
vt -0.090287 0.939080
vt -0.090242 0.963210
vt -0.544571 0.812899
vt -0.544523 0.841267
vt -0.564680 0.841267
vt -0.564728 0.812899
vt -0.544479 0.867783
vt -0.564635 0.867783
vt -0.581602 0.841267
vt -0.581650 0.812899
vt -0.544614 0.788080
vt -0.564770 0.788080
vt -0.581557 0.861324
vt -0.599378 0.838268
vt -0.599425 0.815579
vt -0.579095 0.793956
vt -0.544548 0.749285
vt -0.564705 0.749285
vt -0.592430 0.954446
vt -0.592389 0.928399
vt -0.572233 0.928399
vt -0.572274 0.954446
vt -0.592353 0.905612
vt -0.572196 0.905612
vt -0.555310 0.928399
vt -0.555352 0.954446
vt -0.592469 0.992211
vt -0.570199 0.978433
vt -0.592409 0.869992
vt -0.572252 0.869992
vt -0.557871 0.911488
vt -0.537535 0.931397
vt -0.537576 0.952229
vt -0.555390 0.972332
vt -0.731514 0.744480
vt -0.712965 0.744496
vt -0.712965 0.769504
vt -0.731514 0.769487
vt -0.705569 0.744461
vt -0.704357 0.769455
vt -0.712965 0.729680
vt -0.706287 0.729653
vt -0.713058 0.588070
vt -0.123747 0.871803
vt -0.087258 0.869774
vt -0.085945 0.894120
vt -0.122435 0.896149
vt -0.063520 0.868454
vt -0.062208 0.892800
vt -0.034798 0.866970
vt -0.033485 0.891317
vt -0.059304 0.946650
vt -0.077940 0.947695
vt -0.009703 0.865674
vt -0.008390 0.890020
vt -0.030582 0.945167
vt -0.033285 0.970659
vt -0.055916 0.971814
vt -0.070307 0.947260
vt -0.066918 0.972424
vt -0.540807 0.783196
vt -0.540754 0.763061
vt -0.518484 0.749284
vt -0.516425 0.783196
vt -0.540841 0.805024
vt -0.516459 0.805024
vt -0.462497 0.788306
vt -0.462531 0.805024
vt -0.540785 0.831430
vt -0.516403 0.831430
vt -0.462475 0.831430
vt -0.540736 0.854503
vt -0.516354 0.854503
vt -0.437221 0.807053
vt -0.437165 0.827359
vt -0.516411 0.844804
vt -0.462483 0.844804
vt -0.540736 0.869932
vt -0.516354 0.869932
vt -0.437173 0.840733
vt -0.993585 0.181680
vt -0.975036 0.181664
vt -0.975036 0.226658
vt -0.993585 0.226674
vt -0.180330 0.954797
vt -0.196973 0.954790
vt -0.200811 0.865048
vt -0.184168 0.865054
vt -0.991303 0.537239
vt -0.972754 0.537222
vt -0.972754 0.626966
vt -0.991303 0.626981
vt -0.031039 0.188336
vt -0.031039 0.169787
vt -0.017592 0.169748
vt -0.017575 0.188297
vt -0.041943 0.041316
vt -0.060492 0.041299
vt -0.060453 0.021626
vt -0.041904 0.021643
vt -0.958427 0.159078
vt -0.976976 0.159061
vt -0.976976 0.113802
vt -0.958427 0.113819
vt -0.985675 0.159085
vt -0.987783 0.113851
vt -0.976976 0.063715
vt -0.958427 0.063732
vt -0.977015 0.178734
vt -0.984798 0.178750
vt -0.990116 0.063789
vt -0.993582 0.229378
vt -0.975033 0.229361
vt -0.975033 0.274626
vt -0.993582 0.274644
vt -0.512497 0.936448
vt -0.493948 0.936430
vt -0.493948 0.986517
vt -0.512497 0.986534
vt -0.525636 0.986460
vt -0.523304 0.936398
vt -0.512497 0.891189
vt -0.521196 0.891164
vt -0.512536 0.871515
vt -0.520319 0.871500
vt -0.419552 0.695752
vt -0.437567 0.691330
vt -0.431887 0.668192
vt -0.413873 0.672614
vt -0.868800 0.968389
vt -0.854043 0.968161
vt -0.853719 0.989051
vt -0.868476 0.989279
vt -0.853599 0.996825
vt -0.868355 0.997053
vt -0.945592 0.769623
vt -0.964141 0.769623
vt -0.964141 0.759851
vt -0.945592 0.759851
vt -0.963199 0.741080
vt -0.946534 0.741080
vt -0.021865 0.022715
vt -0.003316 0.022715
vt -0.004258 0.041486
vt -0.020923 0.041486
vt -0.976716 0.334577
vt -0.995265 0.334577
vt -0.995265 0.286522
vt -0.976716 0.286522
vt -0.995265 0.275932
vt -0.976716 0.275932
vt -0.004017 0.229261
vt -0.023985 0.229261
vt -0.023985 0.189586
vt -0.004017 0.189586
vt -0.968820 0.620270
vt -0.968820 0.498712
vt -0.953310 0.498807
vt -0.959512 0.620293
vt -0.483500 0.700816
vt -0.479062 0.682806
vt -0.469536 0.685144
vt -0.473975 0.703154
vt -0.470119 0.704475
vt -0.465697 0.686461
vt -0.455413 0.688985
vt -0.459835 0.706999
vt -0.265980 0.904960
vt -0.265980 0.953015
vt -0.271485 0.953015
vt -0.271445 0.904960
vt -0.265980 0.865285
vt -0.271445 0.865285
vt -0.011799 0.044490
vt -0.011799 0.064458
vt -0.029685 0.064458
vt -0.029685 0.043701
vt -0.895343 0.769663
vt -0.915531 0.769663
vt -0.916099 0.740902
vt -0.895343 0.740902
vt -0.740966 0.770511
vt -0.729634 0.796799
vt -0.745538 0.806625
vt -0.755561 0.782490
vt -0.951636 0.163424
vt -0.952141 0.203303
vt -0.970220 0.201084
vt -0.972025 0.165037
vt -0.843345 0.967995
vt -0.831656 0.985542
vt -0.839890 0.995405
vt -0.850239 0.979289
vt -0.678772 0.444824
vt -0.662657 0.466430
vt -0.679521 0.473348
vt -0.694206 0.454636
vt -0.715910 0.830447
vt -0.717181 0.849824
vt -0.739870 0.842038
vt -0.736742 0.823559
vt -0.928385 0.741081
vt -0.919737 0.767361
vt -0.934306 0.769678
vt -0.941954 0.745547
vt -0.870118 0.697620
vt -0.859323 0.708969
vt -0.877081 0.715652
vt -0.886864 0.705799
vt -0.459021 0.685662
vt -0.454801 0.668468
vt -0.435604 0.668071
vt -0.439337 0.683280
vt -0.664147 0.373666
vt -0.638966 0.368059
vt -0.636147 0.386435
vt -0.658421 0.391394
vt -0.667003 0.360840
vt -0.641822 0.355233
vt -0.398074 0.701324
vt -0.414918 0.692131
vt -0.410340 0.673482
vt -0.392326 0.677904
vt -0.050734 0.063627
vt -0.051607 0.045077
vt -0.033479 0.045077
vt -0.034701 0.063627
vt -0.856506 0.738482
vt -0.874376 0.732390
vt -0.872611 0.719961
vt -0.854945 0.727488
vt -0.882898 0.731180
vt -0.881133 0.718751
vt -0.042337 0.143010
vt -0.042337 0.124461
vt -0.025817 0.124461
vt -0.025817 0.143010
vt -0.732166 0.406768
vt -0.750271 0.410799
vt -0.757034 0.380422
vt -0.738929 0.376391
vt -0.687616 0.437010
vt -0.677832 0.420865
vt -0.650325 0.431149
vt -0.656821 0.448523
vt -0.612375 0.381142
vt -0.630480 0.385173
vt -0.637390 0.354136
vt -0.619285 0.350106
vt -0.042143 0.094059
vt -0.042143 0.065869
vt -0.026201 0.070092
vt -0.026201 0.098157
vt -0.007473 0.120980
vt -0.026022 0.119275
vt -0.026022 0.100147
vt -0.007473 0.104915
vt -0.828134 0.981526
vt -0.808924 0.981229
vt -0.807338 0.995965
vt -0.827905 0.996284
vt -0.828322 0.969378
vt -0.809115 0.968889
vt -0.091391 0.029026
vt -0.073378 0.022160
vt -0.056141 0.058504
vt -0.075915 0.062459
vt -0.910326 0.950776
vt -0.894494 0.961077
vt -0.908504 0.977170
vt -0.922770 0.965147
vt -0.041739 0.018306
vt -0.059047 0.019830
vt -0.059047 0.001060
vt -0.042040 0.001060
vt -0.021883 0.002171
vt -0.023150 0.019417
vt -0.039191 0.019417
vt -0.039191 0.000851
vt -0.773584 0.798085
vt -0.761185 0.783690
vt -0.747137 0.808594
vt -0.761732 0.820571
vt -0.670319 0.418802
vt -0.673953 0.400464
vt -0.646238 0.398717
vt -0.645880 0.417680
vt -0.743508 0.850300
vt -0.762451 0.843489
vt -0.760862 0.824113
vt -0.743950 0.830139
vt -0.883076 0.685581
vt -0.871872 0.671219
vt -0.854470 0.681427
vt -0.867431 0.694327
vt -0.072051 0.063276
vt -0.053914 0.061461
vt -0.043964 0.089969
vt -0.062576 0.089001
vt -0.720407 0.787852
vt -0.711296 0.804496
vt -0.728220 0.823949
vt -0.735225 0.805400
vt -0.910734 0.977736
vt -0.912781 0.996827
vt -0.933590 0.988799
vt -0.929141 0.970634
vt -0.766089 0.827304
vt -0.766089 0.850620
vt -0.784638 0.845658
vt -0.784638 0.824916
vt -0.398634 0.703628
vt -0.402606 0.719813
vt -0.414840 0.716810
vt -0.410865 0.700624
vt -0.021536 0.124461
vt -0.012186 0.124461
vt -0.012186 0.143010
vt -0.021536 0.143010
vt -0.015605 0.168056
vt -0.004030 0.168056
vt -0.006928 0.186605
vt -0.016730 0.186605
vt -0.014832 0.164715
vt -0.015104 0.146166
vt -0.004519 0.146166
vt -0.004519 0.164715
vt -0.073557 0.020239
vt -0.078406 0.002213
vt -0.063647 0.001069
vt -0.059631 0.018812
vt -0.098593 0.003778
vt -0.092607 0.022190
vt -0.664852 0.390051
vt -0.669363 0.369791
vt -0.670550 0.364457
vt -0.663665 0.395385
vt -0.684820 0.396227
vt -0.691706 0.365299
vt -0.675882 0.361776
vt -0.668997 0.392704
vt -0.705124 0.400747
vt -0.712010 0.369819
vt -0.696187 0.366297
vt -0.689302 0.397225
vt -0.678446 0.995314
vt -0.695327 0.995382
vt -0.695327 0.897356
vt -0.678446 0.897289
vt -0.714345 0.995459
vt -0.714345 0.897433
vt -0.695327 0.872325
vt -0.678446 0.872257
vt -0.666359 0.899737
vt -0.665841 0.995265
vt -0.699749 0.995442
vt -0.699749 0.897416
vt -0.709374 0.872402
vt -0.693344 0.857435
vt -0.678996 0.857377
vt -0.667994 0.897292
vt -0.667994 0.872260
vt -0.648597 0.995198
vt -0.649827 0.903088
vt -0.694779 0.872385
vt -0.682927 0.872319
vt -0.682806 0.857429
vn 0.651755 -0.484498 0.583504
vn 0.500581 -0.553018 0.666026
vn 0.500580 -0.553018 0.666026
vn 0.650968 -0.484930 0.584024
vn 0.002493 0.000000 -0.999997
vn 0.002493 0.000000 -0.999997
vn -0.000932 0.000000 -1.000000
vn -0.000932 0.000000 -1.000000
vn 0.463631 -0.885497 0.030677
vn 0.380055 -0.924744 0.020154
vn 0.378661 -0.925536 0.000095
vn 0.472614 -0.881270 0.000042
vn 0.999998 0.002068 0.000722
vn 0.999766 -0.013088 0.017234
vn 0.999601 -0.017172 0.022409
vn 0.999999 -0.001227 0.000760
vn -1.000000 -0.000020 -0.000099
vn -0.999591 -0.018218 0.022060
vn -0.999641 -0.017069 0.020669
vn -1.000000 0.000000 0.000000
vn -0.358181 -0.933409 0.021331
vn -0.415057 -0.909232 0.032003
vn -0.382903 -0.923789 0.000000
vn -0.329962 -0.943994 0.000000
vn -0.002509 0.000000 -0.999997
vn -0.002511 0.000000 -0.999997
vn -0.002511 0.000000 -0.999997
vn -0.002509 -0.000001 -0.999997
vn -0.381052 -0.590621 0.711313
vn -0.480106 -0.560377 0.674889
vn -0.480106 -0.560378 0.674889
vn -0.380611 -0.590737 0.711453
vn -0.397381 -0.727921 0.558767
vn -0.373601 -0.802535 0.465145
vn -0.296342 -0.816471 0.495537
vn -0.310050 -0.742024 0.594365
vn 0.516698 -0.743392 0.424725
vn 0.553470 -0.652829 0.517190
vn 0.417013 -0.719782 0.554990
vn 0.388783 -0.795797 0.464279
vn 0.999999 0.001504 0.000259
vn 0.994403 -0.077547 0.071761
vn 0.995817 -0.082261 0.039763
vn 1.000000 0.000400 0.000079
vn 0.002493 -0.000000 -0.999997
vn 0.002493 0.000000 -0.999997
vn -0.000932 0.000000 -1.000000
vn -0.000767 -0.000023 -1.000000
vn -0.002511 0.000000 -0.999997
vn -0.002511 0.000000 -0.999997
vn -0.002508 0.000000 -0.999997
vn -0.002508 0.000000 -0.999997
vn -0.990953 -0.129216 0.036270
vn -0.993607 -0.091818 0.065690
vn -0.998037 -0.043816 0.044752
vn -0.991166 0.127197 0.037549
vn -0.454354 -0.812799 0.364581
vn -0.369549 -0.832611 0.412545
vn 0.443740 -0.813728 0.375423
vn 0.542636 -0.772529 0.329767
vn 1.000000 -0.000770 -0.000474
vn 0.994382 -0.099057 0.037305
vn 0.918616 -0.392969 0.041476
vn 0.865715 -0.500535 0.001575
vn -0.190461 0.470743 -0.861467
vn 0.002493 -0.000000 -0.999997
vn -0.000588 -0.000036 -1.000000
vn -0.248859 0.498141 -0.830617
vn 0.193303 0.471573 -0.860380
vn -0.002511 0.000000 -0.999997
vn -0.002509 0.000000 -0.999997
vn 0.166554 0.488010 -0.856800
vn -0.856167 -0.516699 0.000000
vn -0.853099 -0.520774 0.031885
vn -0.994373 -0.098981 0.037750
vn -1.000000 0.000181 -0.000112
vn 0.613735 -0.694536 0.375432
vn 0.615844 -0.736091 0.280902
vn 0.677901 -0.692427 0.246972
vn 0.717681 -0.618911 0.319192
vn 0.760217 -0.517157 0.393215
vn 0.680555 -0.579418 0.448464
vn 0.802052 -0.381536 0.459502
vn 0.759416 -0.415618 0.500549
vn 0.759416 -0.415618 0.500548
vn 0.840764 -0.345857 0.416532
vn -0.004380 0.000000 -0.999990
vn -0.004380 0.000000 -0.999990
vn -0.004376 0.000000 -0.999991
vn -0.004375 0.000000 -0.999991
vn -0.004271 -0.000095 -0.999991
vn -0.004380 0.000000 -0.999990
vn -0.004376 0.000000 -0.999990
vn -0.004318 -0.000168 -0.999991
vn -0.299686 0.485279 -0.821396
vn -0.004060 -0.000156 -0.999992
vn -0.004231 -0.000307 -0.999991
vn -0.356350 0.486167 -0.797907
vn 0.604474 -0.794682 0.055608
vn 0.528231 -0.847980 0.043611
vn 0.521330 -0.853355 0.000000
vn 0.605096 -0.796153 0.000236
vn -0.478512 -0.877062 0.042288
vn -0.536412 -0.842501 0.049547
vn -0.534207 -0.845354 0.000000
vn -0.470743 -0.882270 0.000000
vn 0.310629 0.487152 -0.816206
vn 0.003532 -0.000136 -0.999994
vn 0.000442 -0.000033 -1.000000
vn 0.260875 0.503210 -0.823847
vn 0.003722 -0.000083 -0.999993
vn 0.003821 0.000000 -0.999993
vn 0.000753 0.000000 -1.000000
vn 0.000606 -0.000021 -1.000000
vn 0.000753 0.000000 -1.000000
vn 0.003821 0.000000 -0.999993
vn 0.003821 0.000000 -0.999993
vn 0.000753 0.000000 -1.000000
vn -0.610664 -0.505874 0.609247
vn -0.706724 -0.451957 0.544313
vn -0.706724 -0.451957 0.544313
vn -0.610010 -0.506195 0.609634
vn -0.622164 -0.619196 0.479070
vn -0.561720 -0.729671 0.389936
vn -0.479386 -0.763206 0.433251
vn -0.515679 -0.671248 0.532448
vn -0.572296 -0.771898 0.276860
vn -0.516113 -0.794166 0.320823
vn -0.002505 0.000000 -0.999997
vn -0.002506 0.000000 -0.999997
vn -0.002507 0.000000 -0.999997
vn -0.002507 0.000000 -0.999997
vn 0.117173 0.458519 -0.880926
vn -0.002505 0.000000 -0.999997
vn -0.002507 0.000000 -0.999997
vn 0.115430 0.451858 -0.884591
vn -0.251960 -0.967738 0.000000
vn -0.272118 -0.962256 0.003926
vn -0.272425 -0.962136 0.008847
vn -0.251960 -0.967738 0.000000
vn -0.187479 -0.835329 0.516794
vn -0.270182 -0.851741 0.448930
vn -0.273470 -0.841388 0.466134
vn -0.189371 -0.829786 0.524970
vn -0.184080 -0.775867 0.603444
vn -0.184456 -0.774816 0.604678
vn -0.228625 -0.621898 0.748982
vn -0.228625 -0.621899 0.748981
vn -0.228627 -0.621898 0.748981
vn -0.228626 -0.621898 0.748981
vn -0.002505 -0.000001 -0.999997
vn -0.002507 -0.000001 -0.999997
vn -0.002507 0.000000 -0.999997
vn -0.002506 0.000000 -0.999997
vn 0.319539 -0.947441 0.015820
vn 0.272181 -0.962208 0.008538
vn 0.251572 -0.967839 -0.000040
vn 0.315485 -0.948930 0.000004
vn -0.115451 0.452611 -0.884203
vn 0.002492 -0.000000 -0.999997
vn 0.002493 -0.000000 -0.999997
vn -0.151095 0.474679 -0.867093
vn 0.002492 0.000000 -0.999997
vn 0.002492 0.000000 -0.999997
vn 0.002493 0.000000 -0.999997
vn 0.002493 -0.000000 -0.999997
vn 0.002492 0.000000 -0.999997
vn 0.002492 0.000000 -0.999997
vn 0.002493 0.000000 -0.999997
vn 0.002493 0.000000 -0.999997
vn 0.376585 -0.591789 0.712720
vn 0.259122 -0.616998 0.743081
vn 0.259123 -0.616998 0.743080
vn 0.376112 -0.591912 0.712868
vn 0.293374 -0.816059 0.497976
vn 0.303147 -0.748162 0.590217
vn 0.209506 -0.771192 0.601141
vn 0.209276 -0.828473 0.519457
vn 0.287784 -0.842412 0.455546
vn 0.358073 -0.833856 0.420081
vn -0.589826 -0.805668 0.054809
vn -0.596442 -0.802656 0.000000
vn -0.558496 -0.829508 0.000000
vn -0.564803 -0.823086 0.059393
vn 0.382228 0.509790 -0.770724
vn 0.004033 -0.000254 -0.999992
vn 0.003694 -0.000275 -0.999993
vn 0.337379 0.505090 -0.794393
vn 0.003868 -0.000113 -0.999993
vn 0.003815 0.000000 -0.999993
vn 0.003819 0.000000 -0.999993
vn 0.003771 -0.000149 -0.999993
vn 0.003815 0.000000 -0.999993
vn 0.003815 0.000000 -0.999993
vn 0.003819 0.000000 -0.999993
vn 0.003818 0.000000 -0.999993
vn -0.812914 -0.372037 0.448062
vn -0.890348 -0.290841 0.350274
vn -0.890348 -0.290841 0.350274
vn -0.812230 -0.372646 0.448796
vn -0.845592 -0.419539 0.330093
vn -0.766671 -0.571011 0.293534
vn -0.684222 -0.647914 0.334736
vn -0.728686 -0.541483 0.419301
vn -0.663317 -0.712735 0.228077
vn -0.632483 -0.733474 0.248959
vn -0.589106 -0.000018 -0.808056
vn -0.004454 -0.000131 -0.999990
vn -0.004367 0.000000 -0.999991
vn -0.594747 0.000000 -0.803913
vn -0.470552 0.404087 -0.784407
vn -0.004735 -0.000299 -0.999989
vn -0.578306 -0.000047 -0.815820
vn -0.573271 0.253589 -0.779136
vn 0.732438 -0.677233 0.069935
vn 0.752049 -0.659105 0.001666
vn 0.814959 -0.519110 0.257617
vn 0.812026 -0.517410 0.270003
vn 0.719630 -0.657724 0.222558
vn 0.747439 -0.633019 0.201551
vn 0.882100 -0.367000 0.295316
vn 0.879976 -0.374066 0.292775
vn 0.918437 -0.252695 0.304333
vn 0.918436 -0.252696 0.304334
vn 0.918437 -0.252696 0.304334
vn 0.918437 -0.252695 0.304333
vn -0.004367 0.000000 -0.999990
vn -0.004367 0.000000 -0.999990
vn -0.004367 0.000000 -0.999990
vn -0.004366 0.000000 -0.999990
vn 0.982176 -0.118753 0.145700
vn 0.985058 -0.109279 0.133110
vn 0.963505 -0.212251 0.163119
vn 0.937906 -0.299217 0.175505
vn -0.893749 -0.417351 0.164414
vn -0.722400 -0.680752 0.121308
vn -0.727394 -0.666679 0.162593
vn -0.962717 -0.215288 0.163788
vn -0.938217 -0.297878 0.176116
vn -0.984441 -0.111905 0.135472
vn -0.984450 -0.111870 0.135435
vn -0.832689 -0.510160 0.215328
vn -0.673432 -0.712189 0.198183
vn -0.920543 -0.324746 0.217121
vn -0.897442 -0.379931 0.224165
vn -0.967351 -0.161803 0.195067
vn -0.967261 -0.162025 0.195331
vn 0.963106 -0.171862 0.207102
vn 0.967223 -0.162140 0.195423
vn 0.920486 -0.325061 0.216892
vn 0.897275 -0.380298 0.224212
vn -0.771514 -0.577359 0.267250
vn -0.874261 -0.407229 0.264257
vn -0.934962 -0.226991 0.272619
vn -0.934944 -0.227021 0.272656
vn 0.928499 -0.236922 0.285931
vn 0.935660 -0.225210 0.271699
vn 0.874215 -0.407607 0.263826
vn 0.832741 -0.510087 0.215301
vn -0.912138 -0.313917 0.263553
vn -0.854081 -0.412316 0.317083
vn -0.915849 -0.256986 0.308511
vn -0.903481 -0.274054 0.329570
vn 0.916175 -0.255632 0.308667
vn 0.916282 -0.255477 0.308479
vn 0.912819 -0.312260 0.263165
vn 0.000000 1.000000 0.000000
vn 0.000000 1.000000 0.000000
vn 0.000000 1.000000 0.000000
vn 0.000000 1.000000 0.000000
vn 0.000000 1.000000 0.000000
vn 0.000000 1.000000 0.000000
vn 0.000000 1.000000 0.000000
vn 0.000000 1.000000 0.000000
vn 0.000000 1.000000 0.000000
vn 0.000000 1.000000 0.000000
vn 0.000000 1.000000 0.000000
vn 0.000000 1.000000 0.000000
vn 0.000000 1.000000 0.000000
vn 0.000000 1.000000 0.000000
vn 0.000000 1.000000 0.000000
vn 0.000000 1.000000 0.000000
vn 0.000000 1.000000 0.000000
vn 0.000000 1.000000 0.000000
vn 0.000000 1.000000 0.000000
vn 0.000000 1.000000 0.000000
vn 0.000000 1.000000 -0.000000
vn 0.000000 1.000000 -0.000000
vn 0.000000 1.000000 -0.000000
vn 0.000000 1.000000 -0.000000
vn 0.000000 1.000000 0.000000
vn 0.000000 1.000000 0.000000
vn 0.000000 1.000000 0.000000
vn 0.000000 1.000000 0.000000
vn 0.000000 1.000000 0.000000
vn 0.000000 1.000000 0.000000
vn 0.000000 1.000000 0.000000
vn 0.000000 1.000000 0.000000
vn 0.000000 1.000000 0.000000
vn 0.000000 1.000000 0.000000
vn 0.000000 1.000000 0.000000
vn 0.000000 1.000000 0.000000
vn 0.000000 1.000000 0.000000
vn 0.000000 1.000000 0.000000
vn 0.000000 1.000000 0.000000
vn 0.000000 1.000000 0.000000
vn 0.000000 1.000000 -0.000000
vn 0.000000 1.000000 0.000000
vn 0.000000 1.000000 0.000001
vn 0.000000 1.000000 0.000001
vn 0.000000 1.000000 0.000000
vn 0.000000 1.000000 0.000000
vn 0.000000 1.000000 0.000000
vn 0.000000 1.000000 0.000000
vn 0.000000 1.000000 0.000000
vn 0.000000 1.000000 0.000001
vn 0.000000 1.000000 0.000000
vn 0.000000 1.000000 0.000000
vn 0.000000 1.000000 -0.000001
vn 0.000000 1.000000 -0.000001
vn 0.000000 1.000000 -0.000000
vn 0.000000 1.000000 -0.000000
vn 0.000000 1.000000 0.000000
vn 0.000000 1.000000 0.000000
vn 0.000000 1.000000 0.000001
vn 0.000000 1.000000 0.000001
vn 0.000000 1.000000 0.000000
vn 0.000000 1.000000 0.000000
vn 0.000000 1.000000 0.000000
vn 0.000000 1.000000 0.000000
vn 0.000000 1.000000 -0.000000
vn 0.000000 1.000000 -0.000000
vn 0.000000 1.000000 -0.000000
vn 0.000000 1.000000 -0.000000
vn 0.000000 1.000000 0.000000
vn 0.000000 1.000000 0.000000
vn 0.000000 1.000000 0.000000
vn 0.000000 1.000000 0.000000
vn -1.000000 0.000000 0.000000
vn -0.999756 -0.006060 0.021241
vn -0.999856 -0.000000 0.016962
vn -1.000000 -0.000000 0.000000
vn 0.999829 -0.009208 -0.016064
vn 0.999941 -0.010829 -0.001090
vn 0.999941 -0.010829 -0.001090
vn 0.999829 -0.009208 -0.016064
vn -0.000005 -0.000007 -1.000000
vn -0.000005 -0.000007 -1.000000
vn -0.000005 -0.000007 -1.000000
vn -0.000005 -0.000007 -1.000000
vn 0.999773 -0.005875 0.020461
vn 1.000000 -0.000000 0.000000
vn 1.000000 0.000000 0.000000
vn 0.999865 0.000000 0.016431
vn 0.028271 -0.007820 -0.999570
vn 0.028271 -0.007820 -0.999570
vn 0.028271 -0.007820 -0.999570
vn 0.028271 -0.007820 -0.999570
vn -0.999969 -0.007815 -0.000806
vn -0.999861 -0.006650 -0.015316
vn -0.999861 -0.006650 -0.015316
vn -0.999969 -0.007815 -0.000806
vn -0.989595 -0.035045 0.139546
vn -0.990801 0.000000 0.135324
vn 0.991155 0.000000 -0.132713
vn 0.991155 0.000000 -0.132713
vn 0.989854 -0.034865 0.137742
vn 0.991063 0.000000 0.133396
vn -0.991406 0.000000 -0.130820
vn -0.991406 0.000000 -0.130820
vn -0.978595 -0.048550 0.199986
vn -0.980647 0.000000 0.195783
vn 0.981380 0.000000 -0.192079
vn 0.981380 0.000000 -0.192079
vn 0.978613 -0.048783 0.199844
vn 0.980664 0.000000 0.195698
vn -0.981396 0.000000 -0.191996
vn -0.981396 0.000000 -0.191996
vn -0.956353 -0.071074 0.283437
vn -0.960493 0.000000 0.278304
vn 0.961944 0.000000 -0.273248
vn 0.961944 0.000000 -0.273248
vn 0.957148 -0.069866 0.281046
vn 0.961096 0.000000 0.276216
vn -0.962525 0.000000 -0.271192
vn -0.962525 0.000000 -0.271192
vn -0.930576 0.000000 0.366100
vn -0.927336 -0.083367 0.364826
vn -0.865157 -0.117745 0.487484
vn -0.879185 0.000000 0.476480
vn 0.883094 0.000000 -0.469196
vn 0.933011 0.000000 -0.359847
vn 0.933011 0.000000 -0.359847
vn 0.883094 0.000000 -0.469196
vn -0.935184 -0.082976 0.344306
vn -0.939460 0.000000 0.342660
vn 0.941613 0.000000 -0.336698
vn 0.941613 0.000000 -0.336698
vn -0.792256 0.000000 0.610189
vn -0.783701 -0.146566 0.603599
vn -0.692981 -0.163507 0.702170
vn -0.711989 0.000000 0.702191
vn 0.718919 0.000000 -0.695094
vn 0.798057 0.000000 -0.602582
vn 0.798057 0.000000 -0.602582
vn 0.718919 0.000000 -0.695094
vn -0.579672 0.000000 0.814850
vn -0.568336 -0.196795 0.798916
vn -0.458384 -0.197921 0.866436
vn -0.475566 0.000000 0.879680
vn 0.482892 0.000000 -0.875680
vn 0.587308 0.000000 -0.809363
vn 0.587308 0.000000 -0.809363
vn 0.482892 0.000000 -0.875680
vn -0.291952 0.000000 0.956433
vn -0.284521 -0.224176 0.932091
vn -0.284611 -0.222831 0.932386
vn -0.291952 0.000000 0.956433
vn 0.297288 0.000000 -0.954788
vn 0.297288 0.000000 -0.954788
vn 0.297291 0.000000 -0.954787
vn 0.297291 0.000000 -0.954787
vn 0.329269 0.000000 0.944236
vn 0.321158 -0.220593 0.920976
vn 0.452598 -0.203741 0.868127
vn 0.470805 0.000000 0.882237
vn -0.478101 0.000000 -0.878305
vn -0.335131 0.000000 -0.942172
vn -0.335131 0.000000 -0.942172
vn -0.478101 0.000000 -0.878305
vn 0.600814 0.000000 0.799389
vn 0.589670 -0.191710 0.784561
vn 0.729713 -0.155473 0.665843
vn 0.749716 0.000000 0.661759
vn -0.756187 0.000000 -0.654356
vn -0.608428 0.000000 -0.793609
vn -0.608428 0.000000 -0.793609
vn -0.756187 0.000000 -0.654356
vn 0.834946 0.000000 0.550332
vn 0.827600 -0.132356 0.545490
vn 0.886885 -0.111916 0.448229
vn 0.899577 0.000000 0.436762
vn -0.902934 0.000000 -0.429779
vn -0.839909 0.000000 -0.542727
vn -0.839909 0.000000 -0.542727
vn -0.902934 0.000000 -0.429779
vn 0.949244 0.000000 0.314542
vn 0.946729 -0.072738 0.313709
vn 0.946243 -0.072303 0.315271
vn 0.948674 0.000000 0.316256
vn -0.950525 0.000000 -0.310648
vn -0.951076 0.000000 -0.308958
vn -0.951076 0.000000 -0.308958
vn -0.950525 0.000000 -0.310648
vn 0.003815 0.000000 -0.999993
vn 0.003815 0.000000 -0.999993
vn 0.003818 0.000000 -0.999993
vn 0.003818 0.000000 -0.999993
vn 0.000753 0.000000 -1.000000
vn 0.003821 0.000000 -0.999993
vn 0.003821 0.000000 -0.999993
vn 0.000753 0.000000 -1.000000
vn -0.002510 -0.000000 -0.999997
vn -0.002511 0.000000 -0.999997
vn -0.002511 0.000000 -0.999997
vn -0.002510 0.000000 -0.999997
vn -0.002505 0.000000 -0.999997
vn -0.002506 -0.000000 -0.999997
vn -0.002506 -0.000001 -0.999997
vn -0.002506 0.000000 -0.999997
vn 0.002492 0.000000 -0.999997
vn 0.002493 0.000000 -0.999997
vn 0.002493 0.000000 -0.999997
vn 0.002492 0.000000 -0.999997
vn 0.002493 0.000000 -0.999997
vn 0.002493 0.000000 -0.999997
vn -0.000932 0.000000 -1.000000
vn -0.000932 0.000000 -1.000000
vn -0.004380 0.000000 -0.999990
vn -0.004380 0.000000 -0.999990
vn -0.004376 0.000000 -0.999990
vn -0.004376 0.000000 -0.999990
vn -0.004366 0.000000 -0.999990
vn -0.004368 0.000000 -0.999991
vn -0.004368 -0.000000 -0.999990
vn -0.004366 0.000000 -0.999990
vn 1.000000 -0.000001 0.000000
vn 0.999851 -0.009315 0.014574
vn 0.999674 -0.015260 0.020457
vn 0.999997 -0.002639 0.000256
vn 0.987900 -0.083513 0.130688
vn 0.986658 -0.088327 0.136767
vn 0.973647 -0.122855 0.192142
vn 0.971852 -0.126926 0.198479
vn 0.947534 -0.172077 0.269384
vn 0.944349 -0.177047 0.277235
vn 0.929144 -0.198851 0.311689
vn 0.929317 -0.198617 0.311322
vn 0.930570 -0.197379 0.308353
vn 0.930569 -0.197380 0.308354
vn 0.930569 -0.197380 0.308354
vn 0.930569 -0.197379 0.308353
vn 0.870597 -0.265244 0.414375
vn 0.787512 -0.332258 0.519067
vn 0.787512 -0.332257 0.519067
vn 0.857528 -0.277342 0.433275
vn 0.695938 -0.387141 0.604807
vn 0.534860 -0.455523 0.711635
vn 0.534860 -0.455522 0.711635
vn 0.678343 -0.396113 0.618825
vn 0.413733 -0.490812 0.766765
vn 0.281796 -0.517269 0.808099
vn 0.281796 -0.517269 0.808099
vn 0.402101 -0.493613 0.771143
vn -0.248995 -0.522138 0.815704
vn -0.248994 -0.522138 0.815705
vn -0.248995 -0.522136 0.815705
vn -0.248994 -0.522136 0.815706
vn -0.417842 -0.489799 0.765183
vn -0.513959 -0.462463 0.722477
vn -0.513960 -0.462462 0.722478
vn -0.407057 -0.492431 0.769297
vn -0.654164 -0.407763 0.637023
vn -0.737962 -0.363819 0.568373
vn -0.737962 -0.363819 0.568372
vn -0.639291 -0.414562 0.647646
vn -0.845500 -0.287876 0.449731
vn -0.906030 -0.228162 0.356444
vn -0.906030 -0.228162 0.356444
vn -0.831219 -0.299720 0.468234
vn -0.927675 -0.201898 0.314095
vn -0.946702 -0.174092 0.271012
vn -0.943382 -0.179295 0.279075
vn -0.927904 -0.201591 0.313616
vn -0.973650 -0.122777 0.192174
vn -0.971828 -0.126977 0.198566
vn -0.987590 -0.084271 0.132528
vn -0.986404 -0.088182 0.138679
vn -0.999834 -0.009773 0.015374
vn -0.999661 -0.013971 0.021978
vn -1.000000 0.000001 0.000000
vn -1.000000 -0.000000 0.000000
vn 0.002279 0.000306 -0.999997
vn 0.002279 0.000306 -0.999997
vn 0.002279 0.000306 -0.999997
vn 0.002279 0.000306 -0.999997
vn 0.065556 0.062247 -0.995905
vn 0.065556 0.062247 -0.995905
vn 0.065556 0.062247 -0.995906
vn 0.065556 0.062247 -0.995905
vn -0.001964 -0.002947 -0.999994
vn -0.001964 -0.002947 -0.999994
vn -0.001964 -0.002947 -0.999994
vn -0.001964 -0.002947 -0.999994
vn 0.002117 -0.003441 -0.999992
vn 0.002117 -0.003441 -0.999992
vn 0.002117 -0.003441 -0.999992
vn 0.002117 -0.003441 -0.999992
vn -0.002724 0.000946 -0.999996
vn -0.002724 0.000946 -0.999996
vn -0.002724 0.000946 -0.999996
vn -0.002724 0.000946 -0.999996
vn 0.002621 0.000893 -0.999996
vn 0.002621 0.000893 -0.999996
vn 0.002621 0.000893 -0.999996
vn 0.002621 0.000893 -0.999996
vn 0.002500 -0.003742 -0.999990
vn 0.002500 -0.003742 -0.999990
vn 0.002500 -0.003742 -0.999990
vn 0.002500 -0.003742 -0.999990
vn 0.001345 0.000000 -0.999999
vn 0.001345 0.000000 -0.999999
vn 0.001345 0.000000 -0.999999
vn 0.001345 0.000000 -0.999999
vn -0.002959 0.000000 -0.999996
vn -0.002919 0.000000 -0.999996
vn 0.001344 0.000000 -0.999999
vn 0.001344 0.000000 -0.999999
vn -0.021697 -0.172717 -0.984733
vn -0.021697 -0.172717 -0.984733
vn -0.021697 -0.172717 -0.984733
vn -0.021697 -0.172717 -0.984733
vn -0.001352 0.000000 -0.999999
vn -0.001352 0.000000 -0.999999
vn -0.001352 0.000000 -0.999999
vn -0.001352 0.000000 -0.999999
vn -0.001337 0.000000 -0.999999
vn 0.001632 0.000000 -0.999999
vn 0.002237 0.000000 -0.999997
vn -0.001337 0.000000 -0.999999
vn 0.495707 -0.637603 -0.589692
vn 0.422310 -0.602581 -0.677164
vn 0.415417 -0.599012 -0.684554
vn 0.495707 -0.637603 -0.589692
vn -0.001232 -0.398076 -0.917352
vn -0.001232 -0.398076 -0.917352
vn -0.001232 -0.398076 -0.917352
vn -0.001232 -0.398076 -0.917352
vn -0.001352 0.000000 -0.999999
vn -0.001352 0.000000 -0.999999
vn -0.001352 0.000000 -0.999999
vn -0.001352 0.000000 -0.999999
vn -0.434324 0.892741 -0.119901
vn -0.368623 0.925013 -0.092025
vn -0.362589 0.902272 -0.233310
vn -0.437128 0.864189 -0.249192
vn 0.328491 0.934704 -0.135729
vn 0.389842 0.910102 -0.140494
vn 0.380772 0.892316 -0.242456
vn 0.310751 0.923126 -0.226433
vn -0.599564 0.780357 -0.177670
vn -0.507664 0.846625 -0.159700
vn -0.498219 0.827370 -0.259301
vn -0.576816 0.771399 -0.268752
vn 0.462459 0.874459 -0.146470
vn 0.520681 0.839634 -0.154613
vn 0.511551 0.821548 -0.251744
vn 0.449688 0.859496 -0.242999
vn 0.241683 0.945654 -0.217549
vn 0.245177 0.961691 -0.122635
vn 0.244644 0.961589 -0.124481
vn 0.241670 0.947465 -0.209536
vn -0.307863 0.946577 -0.095986
vn -0.244670 0.963505 -0.108603
vn -0.241029 0.944643 -0.222607
vn -0.298302 0.927264 -0.226269
vn 0.546433 0.821765 -0.161596
vn 0.580704 0.796115 -0.170248
vn 0.567966 0.775110 -0.276802
vn 0.533893 0.806600 -0.253683
vn 0.812387 0.541794 -0.215609
vn 0.979143 0.000000 -0.203172
vn 0.938019 0.000000 -0.346583
vn 0.779370 0.548700 -0.302509
vn 0.982675 0.000000 -0.185336
vn 0.982563 -0.000010 -0.185931
vn 0.937802 0.000000 -0.347170
vn 0.938003 0.000000 -0.346627
vn 0.942666 -0.018110 -0.333245
vn 0.981470 -0.016455 -0.190910
vn 0.976550 -0.000000 -0.215293
vn 0.976550 0.000000 -0.215293
vn -0.937802 0.000000 -0.347170
vn -0.972952 0.000000 -0.231009
vn -0.972952 0.000000 -0.231009
vn -0.938003 0.000000 -0.346627
vn -0.938019 0.000000 -0.346583
vn -0.972952 0.000000 -0.231009
vn -0.896481 0.379429 -0.228812
vn -0.865025 0.380139 -0.327453
vn -0.734446 0.648306 -0.200720
vn -0.712668 0.626243 -0.316108
vn -0.972952 0.000000 -0.231009
vn -0.972952 0.000000 -0.231009
vn -0.972952 0.000000 -0.231009
vn -0.972952 0.000000 -0.231009
vn 0.976550 0.000001 -0.215293
vn 0.976550 -0.000000 -0.215293
vn 0.976550 0.000000 -0.215293
vn 0.976550 0.000001 -0.215293
vn -0.972952 0.000000 -0.231009
vn -0.972952 0.000000 -0.231009
vn -0.972952 0.000000 -0.231009
vn -0.972952 0.000000 -0.231009
vn 0.520021 -0.000058 -0.854153
vn 0.508745 0.371427 -0.776673
vn 0.544708 0.000000 -0.838626
vn 0.535685 -0.000023 -0.844418
vn 0.547077 0.000000 -0.837082
vn 0.710412 0.000000 -0.703786
vn 0.710412 0.000000 -0.703786
vn -0.710412 0.000000 -0.703786
vn -0.710412 0.000000 -0.703786
vn -0.710412 0.000000 -0.703786
vn -0.710412 0.000000 -0.703786
vn 0.710412 0.000000 -0.703786
vn 0.710412 0.000000 -0.703786
vn 0.710412 0.000000 -0.703786
vn 0.710412 0.000000 -0.703786
vn -0.710412 0.000000 -0.703786
vn -0.710412 -0.000000 -0.703786
vn -0.710412 0.000000 -0.703786
vn -0.710412 0.000000 -0.703786
vn 0.000001 0.000000 -1.000000
vn 0.000001 0.000000 -1.000000
vn 0.000001 0.000000 -1.000000
vn 0.000001 0.000000 -1.000000
vn 0.953652 -0.229780 0.194291
vn 0.978939 -0.154312 0.133664
vn 0.999094 -0.033362 0.026430
vn 0.999966 -0.008146 0.000975
vn -0.001328 -0.161535 -0.986866
vn -0.001328 -0.161535 -0.986866
vn -0.001328 -0.161535 -0.986866
vn -0.001328 -0.161535 -0.986866
vn -0.972952 0.000000 -0.231009
vn -0.972952 0.000000 -0.231009
vn -0.710412 0.000000 -0.703786
vn -0.710412 0.000000 -0.703786
vn -0.004367 0.000000 -0.999990
vn -0.004367 0.000000 -0.999991
vn -0.004380 0.000000 -0.999990
vn -0.004376 0.000000 -0.999991
vn 0.002493 0.000000 -0.999997
vn -0.000932 0.000000 -1.000000
vn 0.002492 0.000000 -0.999997
vn 0.002493 0.000000 -0.999997
vn -0.002506 0.000000 -0.999997
vn -0.002507 0.000000 -0.999997
vn -0.002511 0.000000 -0.999997
vn -0.002509 0.000000 -0.999997
vn 0.003821 0.000000 -0.999993
vn 0.000753 0.000000 -1.000000
vn 0.003815 0.000000 -0.999993
vn 0.003818 0.000000 -0.999993
vn 0.939825 -0.016468 -0.341258
vn 0.542819 0.000000 -0.839850
vn 0.980869 -0.019248 -0.193715
vn -0.028999 -0.122507 -0.992044
vn -0.028999 -0.122507 -0.992044
vn -0.028999 -0.122507 -0.992044
vn -0.028999 -0.122507 -0.992044
vn -0.999995 -0.003214 0.000213
vn -0.999479 -0.024494 0.021003
vn -0.978568 -0.154456 0.136188
vn -0.953946 -0.228575 0.194268
vn -0.988139 0.153558 0.001464
vn 0.038264 0.223155 -0.974032
vn 0.038264 0.223155 -0.974032
vn 0.038264 0.223155 -0.974032
vn 0.038264 0.223155 -0.974032
vn -0.710412 0.000000 -0.703786
vn -0.710412 0.000000 -0.703786
vn -0.972952 0.000000 -0.231009
vn -0.972952 0.000000 -0.231009
vn -0.003627 0.284487 -0.958673
vn -0.003925 0.284365 -0.958708
vn -0.013533 0.280422 -0.959782
vn -0.013533 0.280422 -0.959782
vn 0.999110 -0.009886 0.040999
vn 0.999110 -0.009886 0.040999
vn 0.999110 -0.009886 0.040999
vn 0.999110 -0.009886 0.040999
vn -0.335131 0.000000 -0.942172
vn -0.335131 0.000000 -0.942172
vn 0.000000 1.000000 -0.000001
vn 0.000000 1.000000 -0.000001
vn 0.090187 -0.216792 0.972043
vn 0.329268 0.000000 0.944237
vn 0.078870 -0.537438 0.839607
vn 0.077911 -0.537478 0.839671
vn 0.071550 -0.637181 0.767386
vn 0.071512 -0.637182 0.767389
vn 0.058009 -0.775333 0.628883
vn 0.054531 -0.841318 0.537783
vn 0.070391 -0.866240 0.494645
vn 0.061338 -0.998111 0.003387
vn 0.056833 -0.998384 0.000000
vn 0.002098 0.001206 -0.999997
vn 0.002098 0.001206 -0.999997
vn 0.002098 0.001206 -0.999997
vn 0.002098 0.001206 -0.999997
vn -0.056073 0.990269 -0.127369
vn -0.054290 0.974626 -0.217154
vn -0.026997 0.506087 -0.862060
vn 0.000525 0.000000 -1.000000
vn 0.000541 0.000000 -1.000000
vn 0.000530 0.000000 -1.000000
vn 0.000540 0.000000 -1.000000
vn 0.000540 0.000000 -1.000000
vn 0.000540 0.000000 -1.000000
vn 0.000540 0.000000 -1.000000
vn 0.000540 0.000000 -1.000000
vn 0.000000 1.000000 0.000000
vn 0.000000 1.000000 0.000000
vn -0.002931 0.000923 -0.999995
vn -0.002931 0.000923 -0.999995
vn -0.002931 0.000923 -0.999995
vn -0.002931 0.000923 -0.999995
vn -1.000000 0.000001 0.000000
vn -0.999764 -0.013075 0.017348
vn -0.986343 -0.096703 0.133326
vn -0.971248 -0.139309 0.193057
vn -0.941973 -0.197877 0.271167
vn -0.925273 -0.215206 0.312339
vn -0.900412 -0.252539 0.354234
vn -0.833168 -0.323579 0.448472
vn -0.724940 -0.403381 0.558343
vn -0.638022 -0.448155 0.626167
vn -0.499104 -0.508585 0.701596
vn -0.404262 -0.530950 0.744758
vn -0.240361 -0.567624 0.787420
vn -0.240469 -0.567076 0.787781
vn 0.076209 -0.577017 0.813169
vn 0.272276 -0.562331 0.780801
vn 0.399377 -0.534186 0.745079
vn 0.520091 -0.500662 0.691985
vn 0.679668 -0.427071 0.596373
vn 0.775889 -0.369405 0.511406
vn 0.849478 -0.307475 0.428773
vn 0.930569 -0.197380 0.308354
vn 0.930569 -0.197380 0.308353
vn 0.929067 -0.198955 0.311853
vn 0.952186 -0.164518 0.257440
vn 0.976059 -0.117152 0.183258
vn 0.989613 -0.079469 0.119792
vn 0.999941 -0.008223 0.007077
vn 0.999991 -0.004126 0.000617
vn 0.976550 -0.000002 -0.215293
vn 0.976550 -0.000002 -0.215293
vn 0.710412 0.000000 -0.703786
vn 0.710412 0.000000 -0.703786
vn 0.003815 0.000000 -0.999993
vn 0.003818 0.000000 -0.999993
vn 0.003821 0.000000 -0.999993
vn 0.000753 0.000000 -1.000000
vn -0.002511 0.000000 -0.999997
vn -0.002510 0.000000 -0.999997
vn -0.002505 0.000000 -0.999997
vn -0.002505 0.000000 -0.999997
vn 0.002492 0.000000 -0.999997
vn 0.000541 0.000000 -1.000000
vn 0.002493 0.000000 -0.999997
vn -0.000932 0.000000 -1.000000
vn 0.002493 0.000000 -0.999997
vn -0.004376 -0.000000 -0.999990
vn -0.004380 0.000000 -0.999990
vn -0.004367 -0.000000 -0.999990
vn -0.004366 -0.000000 -0.999991
vn -0.710412 -0.000001 -0.703786
vn -0.710412 -0.000001 -0.703786
vn -0.972952 0.000000 -0.231009
vn -0.972952 0.000000 -0.231009
vn 0.008669 -0.010515 -0.999907
vn 0.008669 -0.010515 -0.999907
vn 0.008669 -0.010515 -0.999907
vn 0.008669 -0.010515 -0.999907
vn -0.000005 -0.000007 -1.000000
vn -0.000005 -0.000007 -1.000000
vn -0.000005 -0.000007 -1.000000
vn -0.000005 -0.000007 -1.000000
vn -0.999838 -0.017876 -0.002020
vn -0.999838 -0.017876 -0.002020
vn -0.999838 -0.017876 -0.002020
vn -0.999838 -0.017876 -0.002020
vn 0.000000 1.000000 0.000000
vn 0.000000 1.000000 0.000000
vn 0.000000 1.000000 0.000000
vn 0.000000 1.000000 0.000000
vn 1.000000 0.000000 0.000000
vn 1.000000 0.000000 0.000000
vn 1.000000 0.000000 0.000000
vn 1.000000 0.000000 0.000000
vn -0.993728 -0.110507 -0.017099
vn -0.993728 -0.110507 -0.017099
vn -0.993728 -0.110507 -0.017099
vn -0.993728 -0.110507 -0.017099
vn 1.000000 0.000000 0.000000
vn 1.000000 0.000000 0.000000
vn 1.000000 0.000000 0.000000
vn 1.000000 0.000000 0.000000
vn 0.000002 -1.000000 0.000000
vn 0.000002 -1.000000 0.000000
vn 0.000002 -1.000000 0.000000
vn 0.000002 -1.000000 0.000000
vn -1.000000 0.000000 0.000000
vn -1.000000 0.000000 0.000000
vn -1.000000 0.000000 0.000000
vn -1.000000 0.000000 0.000000
vn -0.995723 -0.092393 0.000000
vn -0.995723 -0.092393 0.000000
vn -0.995723 -0.092393 0.000000
vn -0.995723 -0.092393 0.000000
vn 0.000000 1.000000 0.000000
vn 0.000000 1.000000 0.000000
vn 0.000000 1.000000 0.000000
vn 0.000000 1.000000 0.000000
vn 1.000000 0.000000 0.000000
vn 1.000000 0.000000 0.000000
vn 1.000000 0.000000 0.000000
vn 1.000000 0.000000 0.000000
vn 0.000002 -1.000000 0.000000
vn 0.000002 -1.000000 0.000000
vn 0.000002 -1.000000 0.000000
vn 0.000002 -1.000000 0.000000
vn -1.000000 0.000000 0.000000
vn -1.000000 0.000000 0.000000
vn -1.000000 0.000000 0.000000
vn -1.000000 0.000000 0.000000
vn 1.000000 0.000000 0.000000
vn 1.000000 0.000000 0.000000
vn 1.000000 0.000000 0.000000
vn 1.000000 0.000000 0.000000
vn -1.000000 0.000000 0.000000
vn -1.000000 0.000000 0.000000
vn -1.000000 0.000000 0.000000
vn -1.000000 0.000000 0.000000
vn -0.000002 1.000000 0.000000
vn -0.000002 1.000000 0.000000
vn -0.000002 1.000000 0.000000
vn -0.000002 1.000000 0.000000
vn 1.000000 0.000000 0.000000
vn 1.000000 0.000000 0.000000
vn 1.000000 0.000000 0.000000
vn 1.000000 0.000000 0.000000
vn -1.000000 0.000000 0.000000
vn -1.000000 0.000000 0.000000
vn -1.000000 0.000000 0.000000
vn -1.000000 0.000000 0.000000
vn 1.000000 0.000000 0.000000
vn 1.000000 0.000000 0.000000
vn 1.000000 0.000000 0.000000
vn 1.000000 0.000000 0.000000
vn 0.174744 -0.984610 0.002800
vn 0.174744 -0.984610 0.002800
vn 0.174744 -0.984610 0.002800
vn 0.174744 -0.984610 0.002800
vn -1.000000 0.000000 0.000000
vn -1.000000 0.000000 0.000000
vn -1.000000 0.000000 0.000000
vn -1.000000 0.000000 0.000000
vn 1.000000 0.000000 0.000000
vn 1.000000 0.000000 0.000000
vn 1.000000 0.000000 0.000000
vn 1.000000 0.000000 0.000000
vn -1.000000 -0.000001 0.000000
vn -1.000000 -0.000000 0.000000
vn -1.000000 -0.000000 0.000000
vn -1.000000 -0.000001 0.000000
vn -0.000007 1.000000 0.000000
vn -0.000007 1.000000 0.000000
vn -0.000007 1.000000 0.000000
vn -0.000007 1.000000 0.000000
vn 1.000000 0.000000 0.000000
vn 1.000000 0.000000 0.000000
vn 1.000000 0.000000 0.000000
vn 1.000000 0.000000 0.000000
vn 0.055397 -0.998204 -0.022800
vn 0.055397 -0.998204 -0.022800
vn 0.055397 -0.998204 -0.022800
vn 0.055397 -0.998204 -0.022800
vn -1.000000 0.000000 0.000000
vn -1.000000 0.000000 0.000000
vn -1.000000 0.000000 0.000000
vn -1.000000 0.000000 0.000000
vn 1.000000 0.000000 0.000000
vn 1.000000 0.000000 0.000000
vn 1.000000 0.000000 0.000000
vn 1.000000 0.000000 0.000000
vn -0.000078 -0.998186 -0.060214
vn -0.000078 -0.998186 -0.060214
vn -0.000078 -0.998186 -0.060214
vn -0.000078 -0.998186 -0.060214
vn -1.000000 -0.000001 0.000000
vn -1.000000 -0.000000 0.000000
vn -1.000000 -0.000000 0.000000
vn -1.000000 -0.000001 0.000000
vn -0.000069 0.998892 -0.047073
vn -0.000069 0.998892 -0.047073
vn -0.000069 0.998892 -0.047073
vn -0.000069 0.998891 -0.047073
vn 1.000000 0.000000 0.000000
vn 1.000000 0.000000 0.000000
vn 1.000000 0.000000 0.000000
vn 1.000000 0.000000 0.000000
vn -1.000000 0.000000 0.000000
vn -1.000000 0.000000 0.000000
vn -1.000000 0.000000 0.000000
vn -1.000000 0.000000 0.000000
vn 0.999479 0.000000 0.032272
vn 0.999479 0.000000 0.032272
vn 0.999479 0.000000 0.032272
vn 0.999479 0.000000 0.032272
vn -0.336973 -0.941514 -0.000075
vn -0.338062 -0.941124 -0.000075
vn -0.338062 -0.941124 -0.000075
vn -0.286916 -0.957956 -0.000058
vn -1.000000 0.000000 0.000000
vn -1.000000 0.000000 0.000000
vn -1.000000 0.000000 0.000000
vn -1.000000 0.000000 0.000000
vn 0.999407 0.000001 0.034447
vn 0.999407 0.000001 0.034447
vn 0.999407 0.000001 0.034447
vn 0.999407 0.000001 0.034447
vn -1.000000 0.000000 0.000000
vn -1.000000 0.000000 0.000000
vn -1.000000 0.000000 0.000000
vn -1.000000 0.000000 0.000000
vn -0.121050 0.992646 0.000000
vn -0.060262 0.998173 -0.004295
vn -0.073263 0.997299 -0.005178
vn -0.121050 0.992646 0.000000
vn -0.086344 0.987122 -0.134665
vn -0.086344 0.987122 -0.134665
vn -0.086344 0.987122 -0.134665
vn -0.086344 0.987122 -0.134665
vn 1.000000 -0.000001 0.000000
vn 1.000000 -0.000001 0.000000
vn 1.000000 -0.000001 0.000000
vn 1.000000 -0.000001 0.000000
vn -1.000000 0.000000 0.000000
vn -1.000000 0.000000 0.000000
vn -1.000000 0.000000 0.000000
vn -1.000000 0.000000 0.000000
vn 0.999464 0.000000 0.032726
vn 0.999464 0.000000 0.032726
vn 0.999464 0.000000 0.032726
vn 0.999464 0.000000 0.032726
vn -0.337307 -0.941395 0.000000
vn -0.337307 -0.941395 0.000000
vn -0.223762 -0.973782 -0.040985
vn -1.000000 0.000000 0.000000
vn -1.000000 0.000000 0.000000
vn -1.000000 0.000000 0.000000
vn -1.000000 0.000000 0.000000
vn -0.065800 0.996909 -0.042920
vn -0.065800 0.996909 -0.042920
vn -0.065800 0.996909 -0.042920
vn -0.065800 0.996909 -0.042920
vn 1.000000 0.000000 0.000000
vn 1.000000 0.000000 0.000000
vn 1.000000 0.000000 0.000000
vn 1.000000 0.000000 0.000000
vn -0.091719 -0.992950 -0.075081
vn -0.091719 -0.992950 -0.075081
vn -0.091719 -0.992950 -0.075081
vn -0.091719 -0.992950 -0.075081
vn -1.000000 0.000000 0.000000
vn -1.000000 0.000000 0.000000
vn -1.000000 0.000000 0.000000
vn -1.000000 0.000000 0.000000
vn 0.000000 1.000000 0.000000
vn 0.000000 1.000000 0.000000
vn -0.002463 -0.003857 -0.999990
vn -0.002463 -0.003857 -0.999990
vn -0.002463 -0.003857 -0.999990
vn -0.002463 -0.003857 -0.999990
vn 0.000000 1.000000 0.000000
vn 0.000000 1.000000 0.000000
vn -0.037970 -0.020647 -0.999066
vn -0.037970 -0.020647 -0.999066
vn -0.037970 -0.020647 -0.999066
vn -0.037970 -0.020647 -0.999066
vn 0.205024 -0.005197 -0.978743
vn 0.205024 -0.005197 -0.978743
vn 0.205024 -0.005197 -0.978743
vn 0.205024 -0.005197 -0.978743
vn -0.291949 0.000000 0.956434
vn 0.000000 1.000000 0.000000
vn 0.000000 1.000000 0.000000
vn 0.297286 0.000000 -0.954789
vn 0.297286 0.000000 -0.954789
vn 0.000000 1.000000 0.000000
vn 0.000000 1.000000 0.000000
vn -0.002907 0.000580 -0.999996
vn -0.002907 0.000580 -0.999996
vn -0.002907 0.000580 -0.999996
vn -0.002907 0.000580 -0.999996
vn 0.000000 1.000000 -0.000001
vn 0.000000 1.000000 -0.000001
vn 0.001610 -0.002636 -0.999995
vn 0.001610 -0.002636 -0.999995
vn 0.001610 -0.002636 -0.999995
vn 0.001610 -0.002636 -0.999995
vn 0.000000 1.000000 0.000000
vn 0.000000 1.000000 0.000000
vn -0.906030 -0.228162 0.356443
vn -0.906030 -0.228161 0.356444
vn -0.896890 -0.266622 0.352848
vn -0.890348 -0.290842 0.350274
vn 0.002465 -0.003377 -0.999991
vn 0.002465 -0.003377 -0.999991
vn 0.002465 -0.003377 -0.999991
vn 0.002465 -0.003377 -0.999991
vn 0.003814 0.000000 -0.999993
vn 0.003815 0.000000 -0.999993
vn 0.003815 0.000000 -0.999993
vn 0.003814 0.000000 -0.999993
vn -0.970447 -0.241309 -0.001441
vn 0.001344 0.000000 -0.999999
vn 0.001344 0.000000 -0.999999
vn 0.001344 0.000000 -0.999999
vn 0.001344 0.000000 -0.999999
vn -1.000000 0.000000 0.000000
vn -1.000000 0.000000 0.000000
vn -1.000000 0.000001 0.000000
vn -1.000000 0.000001 0.000000
vn 0.051755 0.282225 -0.957951
vn 0.051755 0.282225 -0.957951
vn 0.051755 0.282225 -0.957951
vn 0.051755 0.282225 -0.957951
vn 1.000000 0.000000 0.000000
vn 1.000000 0.000000 0.000000
vn 1.000000 0.000000 0.000000
vn 1.000000 0.000000 0.000000
vn 0.999998 -0.002210 0.000223
vn 0.999998 -0.002210 0.000223
vn 0.999998 -0.002210 0.000223
vn 0.999998 -0.002210 0.000223
vn 0.898807 -0.406927 0.162963
vn 0.000000 0.000000 -1.000000
vn 0.000000 0.000000 -1.000000
vn 0.000000 0.000000 -1.000000
vn 0.000000 0.000000 -1.000000
vn 0.976550 -0.000002 -0.215293
vn 0.976550 -0.000002 -0.215293
vn 0.710412 0.000000 -0.703786
vn 0.710412 0.000000 -0.703786
vn -0.710412 0.000000 -0.703786
vn -0.710412 0.000000 -0.703786
vn -0.972952 0.000000 -0.231009
vn -0.972952 0.000000 -0.231009
vn -1.000000 0.000000 0.000000
vn -1.000000 0.000000 0.000000
vn -1.000000 0.000000 0.000000
vn -1.000000 0.000000 0.000000
vn -1.000000 0.000000 0.000000
vn -1.000000 0.000000 0.000000
vn -0.001346 0.000000 -0.999999
vn -0.001346 0.000000 -0.999999
vn -0.001346 0.000000 -0.999999
vn -0.001346 0.000000 -0.999999
vn 1.000000 0.000000 0.000000
vn 1.000000 0.000000 0.000000
vn 1.000000 0.000000 0.000000
vn 1.000000 0.000000 0.000000
vn 1.000000 0.000000 0.000000
vn 1.000000 0.000000 0.000000
vn 0.993121 -0.081708 0.083870
vn 0.984309 -0.121244 0.128203
vn 0.990010 -0.097631 0.101723
vn 0.993121 -0.081708 0.083870
vn 0.966991 -0.171871 0.188118
vn 0.975545 -0.149526 0.161102
vn 0.934074 -0.236713 0.267344
vn 0.949743 -0.208851 0.233175
vn 0.922450 -0.255063 0.289876
vn 0.922450 -0.255063 0.289876
vn 0.924249 -0.252695 0.286198
vn 0.924249 -0.252694 0.286198
vn 0.924249 -0.252694 0.286198
vn 0.924249 -0.252695 0.286198
vn 1.000000 0.000000 0.000000
vn 1.000000 0.000000 0.000000
vn 1.000000 0.000000 0.000000
vn 1.000000 0.000000 0.000000
vn 0.000018 -0.999922 0.012468
vn 0.000018 -0.999922 0.012468
vn 0.000018 -0.999922 0.012468
vn 0.000018 -0.999922 0.012468
vn -1.000000 0.000000 0.000000
vn -1.000000 0.000000 0.000000
vn -1.000000 0.000000 0.000000
vn -1.000000 0.000000 0.000000
vn -0.000147 0.994264 -0.106958
vn -0.000147 0.994264 -0.106958
vn -0.000147 0.994264 -0.106958
vn -0.000147 0.994264 -0.106958
vn 0.521331 -0.853355 0.000000
vn 0.521331 -0.853355 0.000000
vn -0.507241 0.861804 0.000000
vn -0.507241 0.861804 0.000000
vn -0.507241 0.861804 0.000000
vn -0.507241 0.861804 0.000000
vn 0.749316 -0.662207 0.002763
vn 0.749195 -0.662335 0.004312
vn -0.750311 0.661079 0.002855
vn -0.750423 0.660954 0.002428
vn -0.750183 0.661222 0.003342
vn -0.750183 0.661222 0.003342
vn 0.388892 0.921283 0.000118
vn 0.388892 0.921283 0.000118
vn 0.388892 0.921283 0.000118
vn 0.388892 0.921283 0.000118
vn 0.521330 -0.853356 0.000000
vn 0.521330 -0.853355 0.000000
vn -0.756264 -0.654266 0.000000
vn -0.756264 -0.654266 0.000000
vn -0.756264 -0.654266 0.000000
vn -0.756264 -0.654266 0.000000
vn -0.507241 0.861804 0.000000
vn -0.507241 0.861804 0.000000
vn -0.507241 0.861804 0.000000
vn -0.507241 0.861804 0.000000
vn 0.521331 -0.853355 0.000000
vn 0.521331 -0.853355 0.000000
vn 0.521195 -0.853246 -0.018104
vn 0.521199 -0.853250 -0.017768
vn -0.507241 0.861804 0.000000
vn -0.507241 0.861804 0.000000
vn -0.507174 0.861555 -0.022316
vn -0.507179 0.861567 -0.021711
vn 0.514119 0.857719 0.000000
vn 0.514119 0.857719 0.000000
vn 0.513858 0.857304 -0.031312
vn 0.513838 0.857273 -0.032462
vn 0.499051 -0.866242 -0.023942
vn 0.499051 -0.866242 -0.023942
vn 0.499051 -0.866242 -0.023942
vn 0.499051 -0.866242 -0.023942
vn -0.744455 -0.644367 -0.174867
vn -0.744455 -0.644367 -0.174867
vn -0.744455 -0.644367 -0.174867
vn -0.744455 -0.644367 -0.174867
vn -0.480621 0.876550 0.025747
vn -0.480621 0.876550 0.025747
vn -0.480621 0.876550 0.025747
vn -0.480621 0.876550 0.025747
vn 0.520457 -0.852254 -0.052792
vn 0.520457 -0.852254 -0.052792
vn -0.630168 -0.771237 -0.089902
vn -0.630168 -0.771237 -0.089902
vn -0.630168 -0.771237 -0.089902
vn -0.630168 -0.771237 -0.089902
vn -0.506355 0.859910 -0.064489
vn -0.506355 0.859911 -0.064489
vn 0.511909 0.854093 -0.092061
vn 0.511909 0.854093 -0.092061
vn 0.378618 -0.925553 0.000254
vn 0.378608 -0.925557 0.000279
vn -0.366643 0.930362 -0.000263
vn -0.366651 0.930359 -0.000237
vn 0.756263 0.654267 0.001056
vn 0.756263 0.654267 0.001056
vn 0.756263 0.654267 0.001056
vn 0.756263 0.654267 0.001056
vn 0.251516 -0.967853 -0.000237
vn 0.333665 -0.942692 0.000050
vn -0.980317 -0.197418 -0.002314
vn -0.980317 -0.197418 -0.002314
vn -0.980317 -0.197418 -0.002314
vn -0.980317 -0.197418 -0.002314
vn -0.323303 0.946296 -0.000031
vn -0.242862 0.970061 0.000257
vn 0.251449 -0.967871 0.000000
vn 0.251449 -0.967871 0.000000
vn 0.251449 -0.967871 0.000000
vn 0.251449 -0.967871 0.000000
vn -0.980319 -0.197420 0.000000
vn -0.980319 -0.197420 0.000000
vn -0.980319 -0.197420 0.000000
vn -0.980319 -0.197420 0.000000
vn -0.242788 0.970080 0.000000
vn -0.242788 0.970079 0.000000
vn -0.242788 0.970079 0.000000
vn -0.242788 0.970079 0.000000
vn 0.810765 0.527813 -0.253128
vn 0.810765 0.527813 -0.253128
vn 0.810765 0.527813 -0.253128
vn 0.810765 0.527813 -0.253128
vn 0.381932 -0.924182 -0.003906
vn 0.381932 -0.924182 -0.003906
vn 0.381932 -0.924182 -0.003906
vn 0.381932 -0.924182 -0.003906
vn -0.368956 0.929444 0.002540
vn -0.368956 0.929443 0.002540
vn -0.368956 0.929443 0.002540
vn -0.368956 0.929444 0.002540
vn 0.256214 -0.966000 -0.034616
vn 0.256214 -0.966000 -0.034616
vn 0.256214 -0.966000 -0.034616
vn 0.256214 -0.966000 -0.034616
vn -0.963369 -0.179744 -0.199029
vn -0.963369 -0.179744 -0.199029
vn -0.963369 -0.179744 -0.199029
vn -0.963369 -0.179744 -0.199029
vn -0.296547 0.951014 -0.087363
vn -0.296547 0.951014 -0.087363
vn -0.296547 0.951014 -0.087363
vn -0.296547 0.951014 -0.087363
vn 0.918484 0.355028 -0.174193
vn 0.918484 0.355028 -0.174193
vn 0.918484 0.355028 -0.174194
vn 0.918484 0.355028 -0.174193
vn -0.251960 -0.967738 0.000000
vn -0.251960 -0.967738 0.000000
vn -0.251960 -0.967738 0.000000
vn -0.251960 -0.967738 0.000000
vn 0.243300 0.969951 0.000000
vn 0.243300 0.969951 0.000000
vn 0.243300 0.969951 0.000000
vn 0.243300 0.969951 0.000000
vn 0.980319 0.197420 0.000000
vn 0.980319 0.197420 0.000000
vn 0.980319 0.197420 0.000000
vn 0.980319 0.197420 0.000000
vn 0.251583 -0.967836 0.000000
vn 0.251584 -0.967836 0.000000
vn 0.251583 -0.967836 0.000000
vn 0.251584 -0.967836 0.000000
vn -0.242935 0.970043 0.000000
vn -0.242935 0.970042 0.000000
vn -0.242935 0.970043 0.000000
vn -0.242935 0.970042 0.000000
vn -0.251959 -0.967738 0.000000
vn -0.251959 -0.967738 0.000000
vn -0.251959 -0.967738 0.000000
vn -0.251959 -0.967738 0.000000
vn -0.976235 -0.040104 -0.212974
vn -0.976235 -0.040104 -0.212974
vn -0.976235 -0.040104 -0.212974
vn -0.976234 -0.040104 -0.212974
vn 0.267580 0.962975 0.032876
vn 0.267580 0.962975 0.032876
vn 0.267580 0.962974 0.032876
vn 0.267580 0.962974 0.032876
vn -0.251960 -0.967738 0.000000
vn -0.251960 -0.967738 0.000000
vn -0.251960 -0.967738 0.000000
vn -0.251960 -0.967738 0.000000
vn 0.243310 0.969949 0.000000
vn 0.243310 0.969949 0.000000
vn 0.243310 0.969949 0.000000
vn 0.243310 0.969949 0.000000
vn -0.251960 -0.967738 0.000000
vn -0.251960 -0.967738 0.000000
vn -0.251960 -0.967738 0.000000
vn -0.251960 -0.967738 0.000000
vn 0.243300 0.969951 0.000000
vn 0.243300 0.969951 0.000000
vn 0.243300 0.969951 0.000000
vn 0.243300 0.969951 0.000000
vn -0.284144 -0.958082 -0.036616
vn -0.284144 -0.958082 -0.036616
vn -0.284144 -0.958082 -0.036616
vn -0.284144 -0.958082 -0.036616
vn -0.917575 0.304062 -0.256128
vn -0.917575 0.304062 -0.256128
vn -0.917575 0.304062 -0.256128
vn -0.917575 0.304062 -0.256128
vn 0.314512 0.949229 0.006839
vn 0.314512 0.949229 0.006839
vn 0.314512 0.949229 0.006839
vn 0.314512 0.949229 0.006839
vn -0.285877 -0.957579 0.036297
vn -0.285877 -0.957579 0.036297
vn -0.285877 -0.957579 0.036297
vn -0.285877 -0.957579 0.036297
vn 0.279643 0.959447 -0.035506
vn 0.279643 0.959447 -0.035506
vn 0.279643 0.959447 -0.035506
vn 0.279643 0.959447 -0.035506
vn 0.963478 0.022609 -0.266833
vn 0.963478 0.022609 -0.266833
vn 0.963478 0.022609 -0.266833
vn 0.963477 0.022609 -0.266833
vn 0.991278 -0.077051 -0.106914
vn 0.991278 -0.077051 -0.106914
vn 0.991278 -0.077051 -0.106914
vn 0.991278 -0.077051 -0.106914
vn -0.277926 -0.960601 -0.001680
vn -0.277926 -0.960601 -0.001680
vn -0.277926 -0.960601 -0.001680
vn -0.277926 -0.960601 -0.001680
vn -0.975831 0.196000 -0.096634
vn -0.975831 0.196000 -0.096634
vn -0.975831 0.196000 -0.096634
vn -0.975831 0.196000 -0.096634
vn 0.268491 0.963274 -0.003993
vn 0.268491 0.963274 -0.003993
vn 0.268491 0.963274 -0.003993
vn 0.268491 0.963274 -0.003993
vn 0.211427 0.975275 -0.064328
vn 0.130063 0.990153 -0.051775
vn 0.149555 0.986956 -0.059599
vn 0.211427 0.975275 -0.064328
vn 0.999465 0.000000 0.032723
vn 0.999465 0.000000 0.032723
vn 0.999465 0.000000 0.032723
vn 0.999465 0.000000 0.032723
vn -0.292384 -0.954677 -0.055701
vn -0.292384 -0.954677 -0.055701
vn -0.209676 -0.975641 -0.064508
vn -1.000000 0.000000 0.000000
vn -1.000000 0.000000 0.000000
vn -1.000000 0.000000 0.000000
vn -1.000000 0.000000 0.000000
vn -0.382907 -0.923787 0.000000
vn -0.382907 -0.923787 0.000000
vn -0.382907 -0.923787 0.000000
vn -0.382907 -0.923787 0.000000
vn 0.370414 0.927451 0.051269
vn 0.370414 0.927451 0.051269
vn 0.370414 0.927451 0.051269
vn 0.370414 0.927451 0.051269
vn 0.980702 0.007027 0.195382
vn 0.980702 0.007027 0.195382
vn 0.980702 0.007027 0.195382
vn 0.980702 0.007027 0.195382
vn -0.534206 -0.845355 0.000000
vn -0.534206 -0.845355 0.000000
vn -0.534206 -0.845355 0.000000
vn -0.534206 -0.845355 0.000000
vn 0.520028 0.854149 0.000000
vn 0.520028 0.854149 0.000000
vn 0.520028 0.854149 0.000000
vn 0.520028 0.854149 0.000000
vn -0.382898 -0.923791 0.000000
vn -0.382898 -0.923791 0.000000
vn -0.382898 -0.923791 0.000000
vn -0.382898 -0.923791 0.000000
vn 0.370849 0.928693 0.000000
vn 0.370849 0.928693 0.000000
vn 0.370849 0.928693 0.000000
vn 0.370849 0.928693 0.000000
vn -0.534208 -0.845353 0.000000
vn -0.534208 -0.845353 0.000000
vn -0.534208 -0.845353 0.000000
vn -0.534208 -0.845353 0.000000
vn -0.540567 0.841301 0.000000
vn -0.540567 0.841301 0.000000
vn -0.540567 0.841301 0.000000
vn -0.540567 0.841301 0.000000
vn 0.520029 0.854148 0.000000
vn 0.520029 0.854148 0.000000
vn 0.520029 0.854148 0.000000
vn 0.520029 0.854149 0.000000
vn -0.534206 -0.845354 0.000000
vn -0.534206 -0.845354 0.000000
vn -0.534206 -0.845354 0.000000
vn -0.534206 -0.845354 0.000000
vn -0.659955 0.751306 0.000000
vn -0.659954 0.751306 0.000000
vn -0.659954 0.751306 0.000000
vn -0.659954 0.751306 0.000000
vn 0.520028 0.854149 0.000000
vn 0.520028 0.854149 0.000000
vn 0.520028 0.854149 0.000000
vn 0.520028 0.854149 0.000000
vn 0.853164 -0.516745 -0.071317
vn 0.853164 -0.516745 -0.071317
vn 0.853164 -0.516745 -0.071317
vn 0.853164 -0.516745 -0.071317
vn -0.374123 -0.927374 -0.003056
vn -0.374123 -0.927374 -0.003056
vn -0.374123 -0.927374 -0.003056
vn -0.374123 -0.927374 -0.003056
vn 0.359398 0.933177 0.003621
vn 0.359398 0.933177 0.003621
vn 0.359398 0.933177 0.003621
vn 0.359398 0.933177 0.003621
vn -0.528601 -0.848829 0.008389
vn -0.528601 -0.848829 0.008389
vn -0.528601 -0.848829 0.008389
vn -0.528601 -0.848829 0.008389
vn -0.654069 0.744469 -0.134016
vn -0.654069 0.744469 -0.134016
vn -0.654069 0.744469 -0.134016
vn -0.654069 0.744469 -0.134016
vn 0.511751 0.859086 -0.009122
vn 0.511750 0.859086 -0.009122
vn 0.511750 0.859086 -0.009122
vn 0.511751 0.859086 -0.009122
vn 0.780901 -0.621622 -0.061478
vn 0.780901 -0.621622 -0.061478
vn 0.780901 -0.621622 -0.061478
vn 0.780901 -0.621622 -0.061478
vn -0.598178 -0.801363 0.000599
vn -0.598178 -0.801363 0.000599
vn -0.598178 -0.801363 0.000599
vn -0.598178 -0.801363 0.000599
vn 0.582600 0.812759 -0.000150
vn 0.582600 0.812759 -0.000150
vn 0.582600 0.812759 -0.000150
vn 0.582600 0.812759 -0.000150
vn 0.540067 -0.840520 -0.043063
vn 0.540067 -0.840520 -0.043063
vn 0.540067 -0.840520 -0.043063
vn 0.540067 -0.840520 -0.043063
vn -1.000000 0.000000 0.000000
vn -1.000000 0.000000 0.000000
vn -1.000000 0.000000 0.000000
vn -1.000000 0.000000 0.000000
vn -0.245993 0.969272 0.000000
vn -0.245993 0.969272 0.000000
vn -0.245993 0.969272 0.000000
vn -0.245993 0.969272 0.000000
vn 1.000000 0.000000 0.000000
vn 1.000000 0.000000 0.000000
vn 1.000000 0.000000 0.000000
vn 1.000000 0.000000 0.000000
vn -0.596442 -0.802656 0.000000
vn -0.596442 -0.802656 0.000000
vn -0.596442 -0.802656 0.000000
vn -0.596442 -0.802656 0.000000
vn 0.582115 0.813107 0.000000
vn 0.582115 0.813107 0.000000
vn 0.582115 0.813107 0.000000
vn 0.582115 0.813107 0.000000
vn 0.460823 -0.887228 -0.021669
vn 0.460822 -0.887228 -0.021669
vn 0.460823 -0.887228 -0.021669
vn 0.460822 -0.887228 -0.021669
vn -0.615279 -0.788293 0.005167
vn -0.615279 -0.788293 0.005167
vn -0.615279 -0.788293 0.005167
vn -0.615279 -0.788293 0.005167
vn -0.337307 0.941395 0.000000
vn -0.337307 0.941395 0.000000
vn -0.337307 0.941395 0.000000
vn -0.337307 0.941395 0.000000
vn 0.602204 0.798327 -0.004931
vn 0.602204 0.798327 -0.004931
vn 0.602204 0.798327 -0.004931
vn 0.602204 0.798327 -0.004931
vn -0.999547 0.000000 0.030098
vn -0.999547 0.000000 0.030098
vn 0.999999 0.000001 0.001345
vn 0.999999 -0.000047 0.001381
vn -0.999998 -0.000358 -0.001744
vn -0.999999 -0.000133 -0.001596
vn 0.243649 0.969863 0.000479
vn 0.243649 0.969863 0.000479
vn 0.243649 0.969863 0.000479
vn 0.243649 0.969863 0.000479
vn 0.999999 0.000140 0.001604
vn 0.999998 0.000360 0.001745
vn -0.999999 0.000107 -0.001437
vn 0.245993 -0.969272 0.000331
vn 0.245993 -0.969272 0.000331
vn 0.245993 -0.969272 0.000331
vn 0.245993 -0.969271 0.000331
vn -0.999999 -0.000001 -0.001345
vn -0.999999 -0.000001 -0.001345
vn 0.999999 0.000001 0.001345
vn -0.999506 0.000000 0.031445
vn -0.999506 0.000000 0.031445
vn -0.999506 0.000000 0.031445
vn -0.999506 0.000000 0.031445
vn 1.000000 0.000000 0.000000
vn 1.000000 0.000000 0.000000
vn 1.000000 0.000000 0.000000
vn 1.000000 0.000000 0.000000
vn 0.121229 -0.992625 0.000000
vn 0.070872 -0.997486 0.000000
vn 0.071081 -0.997306 -0.018093
vn 0.121229 -0.992625 0.000000
vn -1.000000 0.000001 -0.000000
vn -1.000000 0.000001 -0.000000
vn -1.000000 0.000001 -0.000000
vn -1.000000 0.000001 -0.000000
vn 0.235373 0.964410 -0.120474
vn 0.235373 0.964410 -0.120474
vn 0.235373 0.964410 -0.120474
vn 0.235373 0.964410 -0.120474
vn 1.000000 -0.000001 0.000000
vn 1.000000 -0.000001 0.000000
vn 1.000000 -0.000001 0.000000
vn 1.000000 -0.000001 0.000000
vn -0.999506 0.000000 0.031444
vn -0.999506 0.000000 0.031444
vn -0.999506 0.000000 0.031444
vn -0.999506 0.000000 0.031444
vn 0.035209 0.997152 -0.066702
vn 0.075011 0.993603 -0.084414
vn 0.075011 0.993603 -0.084414
vn 0.045547 0.995278 -0.085717
vn 1.000000 0.000000 0.000000
vn 1.000000 0.000000 0.000000
vn 1.000000 0.000000 0.000000
vn 1.000000 0.000000 0.000000
vn 0.104878 -0.993987 -0.031472
vn 0.064014 -0.997396 -0.033205
vn 0.104878 -0.993987 -0.031472
vn -0.243649 -0.969864 0.000000
vn -0.243649 -0.969864 0.000000
vn -0.243649 -0.969864 0.000000
vn -0.243649 -0.969864 0.000000
vn -1.000000 0.000001 0.000000
vn -1.000000 0.000001 0.000000
vn -1.000000 0.000001 0.000000
vn -1.000000 0.000001 0.000000
vn 1.000000 0.000002 0.000000
vn 1.000000 0.000002 0.000000
vn 1.000000 0.000002 0.000000
vn 1.000000 0.000002 0.000000
vn 0.176785 0.984250 0.000000
vn 0.176785 0.984250 0.000000
vn 0.176785 0.984249 0.000000
vn 0.176785 0.984249 0.000000
vn 1.000000 0.000001 0.000000
vn 1.000000 0.000001 0.000000
vn 1.000000 -0.000000 0.000000
vn 1.000000 0.000001 0.000000
vn -1.000000 0.000000 0.000000
vn -1.000000 0.000000 0.000000
vn -1.000000 0.000000 -0.000001
vn -1.000000 0.000000 -0.000000
vn -1.000000 0.000000 0.000000
vn -1.000000 0.000000 0.000000
vn -1.000000 0.000000 0.000000
vn 1.000000 -0.000002 -0.000000
vn 1.000000 -0.000002 -0.000000
vn 1.000000 -0.000002 -0.000000
vn 0.176785 0.984249 0.000001
vn 0.176785 0.984250 0.000001
vn 1.000000 -0.000001 0.000001
vn 1.000000 0.000000 0.000001
vn -1.000000 0.000001 -0.000002
vn -1.000000 0.000001 -0.000001
vn -0.000007 -1.000000 0.000000
vn -0.000007 -1.000000 0.000000
vn -0.000007 -1.000000 0.000000
vn -0.000007 -1.000000 0.000000
vn -1.000000 0.000000 0.000000
vn 1.000000 -0.000002 0.000000
vn -0.000007 -0.995890 -0.090569
vn -0.000007 -0.995890 -0.090569
vn -0.000007 -0.995890 -0.090569
vn -0.000007 -0.995890 -0.090569
vn -0.999427 0.000000 -0.033859
vn -0.999427 0.000000 -0.033859
vn -0.999427 0.000000 -0.033859
vn -0.999427 0.000000 -0.033859
vn 0.000007 0.995890 -0.090570
vn 0.000007 0.995890 -0.090570
vn 0.000007 0.995890 -0.090570
vn 0.000007 0.995890 -0.090570
vn 0.999427 -0.000002 -0.033859
vn 0.999427 -0.000002 -0.033859
vn 0.999427 -0.000002 -0.033859
vn 0.999427 -0.000002 -0.033859
vn -1.000000 0.000000 0.000000
vn -1.000000 0.000000 0.000000
vn -1.000000 0.000000 0.000000
vn -1.000000 0.000000 0.000000
vn 0.000000 1.000000 -0.000000
vn 0.000000 1.000000 -0.000000
vn 0.000000 1.000000 -0.000000
vn 0.000000 1.000000 -0.000000
vn 0.999693 -0.024743 -0.001579
vn 0.999693 -0.024743 -0.001579
vn 0.999693 -0.024743 -0.001579
vn 0.999693 -0.024743 -0.001579
vn 1.000000 -0.000004 -0.000000
vn 1.000000 -0.000004 -0.000000
vn 1.000000 -0.000004 -0.000000
vn 1.000000 -0.000004 -0.000000
vn -0.176785 -0.984250 0.000000
vn -0.176785 -0.984250 0.000000
vn -0.176785 -0.984250 0.000000
vn -0.176785 -0.984250 0.000000
vn -1.000000 0.000000 0.000000
vn -1.000000 0.000000 0.000000
vn -1.000000 0.000000 0.000000
vn -1.000000 0.000000 0.000000
vn 0.995397 -0.095472 -0.008340
vn 0.995397 -0.095472 -0.008340
vn 0.995397 -0.095472 -0.008340
vn 0.995397 -0.095472 -0.008340
vn -0.000001 -0.996169 -0.087445
vn -0.000001 -0.996169 -0.087445
vn -0.000001 -0.996169 -0.087445
vn -0.000001 -0.996169 -0.087445
vn -1.000000 0.000000 0.000000
vn -1.000000 0.000000 0.000000
vn -1.000000 0.000000 0.000000
vn -1.000000 0.000000 0.000000
vn 0.000000 0.996170 -0.087443
vn 0.000000 0.996170 -0.087443
vn 0.000000 0.996170 -0.087443
vn 0.000000 0.996170 -0.087443
vn 0.999367 -0.035580 0.000000
vn 0.999367 -0.035580 0.000000
vn 0.999367 -0.035580 0.000000
vn 0.999367 -0.035580 0.000000
vn 0.000000 -1.000000 0.000000
vn 0.000000 -1.000000 0.000000
vn 0.000000 -1.000000 0.000000
vn 0.000000 1.000000 0.000000
vn 0.000061 0.999963 -0.008641
vn 0.000000 -1.000000 0.000000
vn 0.000000 -1.000000 0.000000
vn 0.008684 0.289493 -0.957141
vn 0.008684 0.289493 -0.957141
vn 0.000092 0.999915 -0.013068
vn 0.000000 1.000000 0.000000
vn 0.000000 1.000000 0.000000
vn 0.000000 1.000000 0.000000
vn 0.000000 -1.000000 0.000000
vn 0.000244 0.999502 -0.031546
vn 0.000435 -0.998428 -0.056058
vn 0.000652 -0.996452 -0.084161
vn 0.008345 0.000000 -0.999965
vn 0.008345 0.000000 -0.999965
vn 0.000367 0.998875 -0.047425
vn 0.320500 0.946792 0.029402
vn 0.244706 0.968915 0.036360
vn 0.259689 0.965057 0.035014
vn -0.303394 -0.951793 -0.045199
vn -0.455766 -0.889130 -0.041540
vn -0.337320 -0.940337 -0.044506
vn 0.198205 0.979321 0.040550
vn 0.202093 0.978541 0.040202
vn -0.227752 -0.972615 -0.046355
vn -0.233289 -0.971305 -0.046285
vn 0.163242 0.985444 0.047454
vn 0.164669 0.985228 0.047007
vn -0.177804 -0.982717 -0.051500
vn -0.179299 -0.982463 -0.051179
vn -0.151272 -0.987264 -0.049262
vn -0.152195 -0.987105 -0.049610
vn 0.141746 0.988827 0.046143
vn 0.142795 0.988657 0.046543
vn 0.121567 0.991819 0.038935
vn 0.122187 0.991735 0.039134
vn -0.273713 -0.613061 0.741105
vn -0.273713 -0.613061 0.741105
vn -0.273713 -0.613061 0.741105
vn -0.273713 -0.613061 0.741105
vn -0.128830 -0.990808 -0.041263
vn -0.128318 -0.990881 -0.041099
vn 1.000000 0.000000 0.000000
vn 1.000000 0.000000 0.000000
vn 1.000000 0.000000 0.000000
vn 1.000000 0.000000 0.000000
vn -1.000000 0.000000 0.000000
vn -1.000000 0.000000 0.000000
vn 0.000001 0.000000 -1.000000
vn 0.000001 0.000000 -1.000000
vn 0.000001 0.000000 -1.000000
vn 0.000001 0.000000 -1.000000
vn -0.001336 0.000000 -0.999999
vn -0.001336 0.000000 -0.999999
vn -0.001336 0.000000 -0.999999
vn -0.001336 0.000000 -0.999999
vn -0.015281 0.997842 -0.063853
vn -0.015281 0.997842 -0.063853
vn -0.015281 0.997842 -0.063853
vn -0.015281 0.997842 -0.063853
vn 1.000000 0.000000 0.000000
vn 1.000000 0.000000 0.000000
vn 1.000000 0.000000 0.000000
vn 1.000000 0.000000 0.000000
vn -0.000087 -0.997850 -0.065538
vn -0.000087 -0.997850 -0.065538
vn -0.000087 -0.997850 -0.065538
vn -0.000087 -0.997850 -0.065538
vn -1.000000 0.000000 0.000000
vn -1.000000 0.000000 0.000000
vn -1.000000 0.000000 0.000000
vn -1.000000 0.000000 0.000000
vn 1.000000 -0.000002 -0.000000
vn 1.000000 -0.000002 -0.000000
vn 1.000000 -0.000002 -0.000000
vn 1.000000 -0.000002 -0.000000
vn -0.161452 -0.984942 -0.061833
vn -0.161452 -0.984942 -0.061833
vn -0.161452 -0.984942 -0.061833
vn -0.161452 -0.984942 -0.061833
vn -1.000000 0.000000 0.000000
vn -1.000000 0.000000 0.000000
vn -1.000000 0.000000 0.000000
vn -1.000000 0.000000 0.000000
vn 0.063341 0.995261 -0.073785
vn 0.063341 0.995261 -0.073785
vn 0.063341 0.995261 -0.073785
vn 0.063341 0.995261 -0.073785
vn 0.000000 1.000000 0.000000
vn 0.000000 1.000000 0.000000
vn 0.000000 -1.000000 0.000000
vn -0.000392 0.998685 -0.051264
vn -0.000160 -0.999781 -0.020910
vn -0.000670 0.996155 -0.087608
vn -0.008359 0.000000 -0.999965
vn -0.008359 0.000000 -0.999965
vn -0.000274 -0.999359 -0.035809
vn 0.000000 1.000000 0.000000
vn 0.000000 1.000000 0.000000
vn 0.112717 0.992971 0.036100
vn 0.112717 0.992971 0.036100
vn 0.924249 -0.252694 0.286198
vn 0.924249 -0.252694 0.286198
vn -0.118438 -0.992237 -0.037932
vn -0.118438 -0.992237 -0.037932
vn 0.749433 -0.662079 0.001241
vn 0.144755 -0.430395 -0.890958
vn 0.144755 -0.430395 -0.890958
vn -0.750776 0.660556 0.001079
vn -0.750776 0.660556 0.001079
vn 0.790732 -0.590780 0.160378
vn 0.796543 -0.589189 0.135555
vn -0.601653 -0.787924 0.131110
vn -0.623866 -0.759798 0.183025
vn -0.571216 -0.813509 0.109159
vn -0.626341 -0.754626 0.195542
vn 0.062422 -0.997319 0.038198
vn 0.087140 -0.900174 0.426725
vn -0.329004 -0.858773 0.392765
vn -0.290681 -0.956369 0.029358
vn 0.292337 -0.955668 0.035184
vn 0.340567 -0.859638 0.380837
vn 0.324944 -0.944411 0.049997
vn 0.414218 -0.841348 0.347213
vn 0.459732 -0.885464 0.067827
vn 0.602815 -0.755566 0.256387
vn 0.482267 -0.820668 0.306467
vn 0.390438 -0.919200 0.051269
vn 0.543080 -0.834989 0.088642
vn 0.625813 -0.749191 0.216957
vn 0.583390 -0.805019 0.107703
vn 0.670058 -0.714600 0.200921
vn -0.478759 -0.873605 0.087204
vn -0.567245 -0.784715 0.249912
vn -0.594340 -0.775163 0.214202
vn -0.545420 -0.832469 0.097534
vn -0.447939 -0.891834 0.063114
vn -0.513385 -0.809102 0.285990
vn -0.368854 -0.927912 0.054097
vn -0.447090 -0.830090 0.333259
vn -0.291696 -0.955856 0.035381
vn -0.326747 -0.867611 0.374816
vn 0.702536 -0.694319 0.156091
vn 0.698673 -0.690755 0.186316
vn 0.000000 -1.000000 0.000000
vn 0.000000 -1.000000 -0.000000
vn 0.000000 -1.000000 0.000000
vn 0.000000 -1.000000 0.000000
vn 0.000000 -1.000000 0.000000
vn 0.000000 -1.000000 0.000000
vn 0.000000 -1.000000 0.000000
vn 0.000000 -1.000000 0.000000
vn 0.000000 -1.000000 0.000000
vn 0.000000 -1.000000 0.000000
vn 0.000000 -1.000000 0.000000
vn 0.000000 -1.000000 0.000000
vn 0.000000 -1.000000 0.000000
vn 0.000000 -1.000000 0.000000
vn 0.000000 -1.000000 0.000000
vn 0.000000 -1.000000 0.000000
vn 0.000000 -1.000000 -0.000000
vn 0.000000 -1.000000 -0.000000
vn 0.000000 -1.000000 0.000000
vn 0.000000 -1.000000 0.000000
vn 0.000000 -1.000000 0.000000
vn 0.000000 -1.000000 0.000000
vn 0.000000 -1.000000 0.000000
vn 0.000000 -1.000000 0.000000
vn 0.000000 -1.000000 0.000000
vn 0.000000 -1.000000 -0.000000
vn 0.000000 -1.000000 0.000000
vn 0.000000 -1.000000 0.000000
vn 0.000000 -1.000000 0.000000
vn 0.000000 -1.000000 0.000000
vn 0.000000 -1.000000 -0.000000
vn 0.000000 -1.000000 -0.000000
vn 0.000000 -1.000000 0.000000
vn 0.000000 -1.000000 0.000000
vn 0.000000 -1.000000 -0.000000
vn 0.000000 -1.000000 -0.000001
vn 0.000000 -1.000000 0.000000
vn 0.000000 -1.000000 0.000000
vn 0.000000 -1.000000 0.000000
vn 0.000000 -1.000000 0.000001
vn 0.000000 -1.000000 -0.000000
vn 0.000000 -1.000000 -0.000000
vn 0.000000 -1.000000 -0.000001
vn 0.000000 -1.000000 -0.000000
vn 0.000000 -1.000000 -0.000001
vn 0.000000 -1.000000 -0.000000
vn 0.000000 -1.000000 -0.000000
vn 0.000000 -1.000000 -0.000001
vn 0.000000 -1.000000 -0.000001
vn 0.000000 -1.000000 -0.000000
vn 0.000000 -1.000000 -0.000001
vn 0.000000 -1.000000 -0.000000
vn 0.000000 -1.000000 -0.000001
vn 0.000000 -1.000000 -0.000000
vn 0.000000 -1.000000 0.000000
vn 0.000000 -1.000000 -0.000001
vn 0.000000 -1.000000 -0.000001
vn 0.000000 -1.000000 -0.000002
vn 0.000000 -1.000000 -0.000002
vn 0.000000 -1.000000 -0.000001
vn 0.000000 -1.000000 0.000001
vn 0.000000 -1.000000 0.000001
vn 0.000000 -1.000000 0.000001
vn 0.000000 -1.000000 0.000001
vn 0.000000 -1.000000 -0.000000
vn 0.000000 -1.000000 0.000000
vn 0.000000 -1.000000 0.000000
vn 0.000000 -1.000000 -0.000000
vn 0.000000 -1.000000 0.000001
vn 0.000000 -1.000000 0.000002
vn 0.000000 -1.000000 0.000003
vn 0.000000 -1.000000 0.000001
vn 0.000000 -1.000000 -0.000001
vn 0.000000 -1.000000 -0.000001
vn 0.000000 -1.000000 -0.000001
vn 0.000000 -1.000000 -0.000001
vn 0.000000 -1.000000 0.000003
vn 0.000000 -1.000000 0.000001
vn 0.000000 -1.000000 0.000001
vn 0.000000 -1.000000 0.000003
vn 0.000000 -1.000000 -0.000000
vn 0.000000 -1.000000 -0.000002
vn 0.000000 -1.000000 -0.000001
vn 0.000000 -1.000000 -0.000000
vn 0.000000 -1.000000 -0.000001
vn 0.000000 -1.000000 -0.000001
vn 0.000000 -1.000000 -0.000001
vn 0.000000 -1.000000 -0.000001
vn 0.000000 -1.000000 -0.000002
vn 0.000000 -1.000000 -0.000002
vn 0.000000 -1.000000 -0.000003
vn 0.000000 -1.000000 -0.000002
vn 0.000000 -1.000000 -0.000001
vn 0.000000 -1.000000 -0.000000
vn 0.000000 -1.000000 -0.000000
vn 0.000000 -1.000000 -0.000001
vn 0.000000 -1.000000 0.000001
vn 0.000000 -1.000000 0.000000
vn 0.000000 -1.000000 0.000001
vn 0.000000 -1.000000 -0.000000
vn 0.000000 -1.000000 0.000000
vn 0.000000 -1.000000 0.000001
vn 0.000000 -1.000000 0.000001
vn 0.000000 -1.000000 0.000001
vn 0.000000 -1.000000 0.000001
vn 0.000000 -1.000000 0.000001
vn 0.000000 -1.000000 0.000000
vn 0.000000 -1.000000 0.000001
vn 0.000000 -1.000000 -0.000001
vn 0.000000 -1.000000 -0.000001
vn 0.000000 -1.000000 -0.000001
vn 0.000000 -1.000000 -0.000001
vn 0.000000 -1.000000 -0.000004
vn 0.000000 -1.000000 -0.000004
vn 0.000000 -1.000000 0.000000
vn 0.000000 -1.000000 0.000000
vn 0.000000 0.000000 0.000000
vn 0.000000 0.000000 0.000000
vn 0.000000 -1.000000 0.000000
vn 0.000000 -1.000000 0.000000
vn 0.000000 -1.000000 0.000004
vn 0.000000 -1.000000 0.000004
vn 0.000000 -1.000000 -0.000002
vn 0.000000 -1.000000 -0.000002
vn 0.000000 -1.000000 -0.000002
vn 0.000000 -1.000000 -0.000002
vn 0.000000 -0.999210 0.039746
vn 0.000000 -0.999210 0.039754
vn 0.000000 -0.999216 0.039588
vn 0.000000 -0.999216 0.039581
vn 0.000000 -0.996169 0.087446
vn 0.000000 -0.996169 0.087446
vn 0.000000 0.000000 -0.000000
vn 0.000000 0.000000 -0.000000
vn 0.000000 0.000000 -0.000000
vn 0.000000 0.000000 -0.000000
vn 0.000000 -0.996169 0.087445
vn 0.000000 -0.996169 0.087445
vn -0.999997 0.000000 -0.002291
vn -0.999997 0.000000 -0.002291
vn -0.999997 0.000000 -0.002291
vn -0.999997 0.000000 -0.002291
vn 0.999998 0.000000 0.002212
vn 0.999998 0.000000 0.002212
vn 0.999998 0.000000 0.002212
vn 0.999998 0.000000 0.002212
vn 0.999998 0.000000 -0.002208
vn 0.999998 0.000000 -0.002208
vn 0.999998 0.000000 -0.002208
vn 0.999998 0.000000 -0.002208
vn -0.999998 0.000000 0.002125
vn -0.999998 0.000000 0.002125
vn -0.999998 0.000000 0.002125
vn -0.999998 0.000000 0.002125
vn -0.993807 0.000000 0.111124
vn -0.993807 0.000000 0.111124
vn -0.993807 0.000000 0.111124
vn -0.993807 0.000000 0.111124
vn 0.994523 0.000000 -0.104523
vn 0.994523 0.000000 -0.104523
vn 0.994523 0.000000 -0.104523
vn 0.994523 0.000000 -0.104523
vn 0.994216 0.000000 0.107398
vn 0.994216 0.000000 0.107398
vn 0.994216 0.000000 0.107398
vn 0.994216 0.000000 0.107398
vn -0.994892 0.000000 -0.100950
vn -0.994892 0.000000 -0.100950
vn -0.994892 0.000000 -0.100950
vn -0.994892 0.000000 -0.100950
vn -0.984337 0.000000 0.176300
vn -0.984337 0.000000 0.176300
vn -0.984337 0.000000 0.176300
vn -0.984337 0.000000 0.176300
vn 0.986217 0.000000 -0.165459
vn 0.986217 0.000000 -0.165459
vn 0.986217 0.000000 -0.165459
vn 0.986217 0.000000 -0.165459
vn 0.984685 0.000000 0.174346
vn 0.984685 0.000000 0.174346
vn 0.984685 0.000000 0.174346
vn 0.984685 0.000000 0.174346
vn -0.986544 0.000000 -0.163493
vn -0.986544 0.000000 -0.163493
vn -0.986544 0.000000 -0.163493
vn -0.986544 0.000000 -0.163493
vn -0.974211 0.000000 0.225638
vn -0.974211 0.000000 0.225638
vn -0.974211 0.000000 0.225638
vn -0.974211 0.000000 0.225638
vn 0.977848 0.000000 -0.209316
vn 0.977848 0.000000 -0.209316
vn 0.977848 0.000000 -0.209316
vn 0.977848 0.000000 -0.209316
vn 0.974056 0.000000 0.226308
vn 0.974056 0.000000 0.226308
vn 0.974056 0.000000 0.226308
vn 0.974056 0.000000 0.226308
vn -0.977668 0.000000 -0.210157
vn -0.977668 0.000000 -0.210157
vn -0.977668 0.000000 -0.210157
vn -0.977668 0.000000 -0.210157
vn -0.953237 0.000000 0.302223
vn -0.953237 0.000000 0.302223
vn -0.953237 0.000000 0.302223
vn -0.953237 0.000000 0.302223
vn 0.949729 0.000000 -0.313074
vn 0.949729 0.000000 -0.313074
vn 0.949729 0.000000 -0.313074
vn 0.949729 0.000000 -0.313074
vn -0.941194 0.000000 0.337868
vn -0.941194 0.000000 0.337868
vn -0.941194 0.000000 0.337868
vn -0.941194 0.000000 0.337868
vn 0.947847 0.000000 -0.318725
vn 0.947847 0.000000 -0.318725
vn 0.947847 0.000000 -0.318725
vn 0.947847 0.000000 -0.318725
vn -0.778443 0.000000 0.627716
vn -0.778443 0.000000 0.627716
vn -0.778443 0.000000 0.627716
vn -0.778443 0.000000 0.627716
vn 0.728728 0.000000 -0.684804
vn 0.728728 0.000000 -0.684804
vn 0.728728 0.000000 -0.684804
vn 0.728728 0.000000 -0.684804
vn -0.542329 0.000000 0.840166
vn -0.542329 0.000000 0.840166
vn -0.542329 0.000000 0.840166
vn -0.542329 0.000000 0.840166
vn 0.565156 0.000000 -0.824984
vn 0.565156 0.000000 -0.824984
vn 0.565156 0.000000 -0.824984
vn 0.565156 0.000000 -0.824984
vn -0.279901 0.000000 0.960029
vn -0.279901 0.000000 0.960029
vn -0.279901 0.000000 0.960029
vn -0.279901 0.000000 0.960029
vn 0.297670 0.000000 -0.954669
vn 0.297670 0.000000 -0.954669
vn 0.297670 0.000000 -0.954669
vn 0.297670 0.000000 -0.954669
vn 0.315398 0.000000 0.948960
vn 0.315398 0.000000 0.948960
vn 0.315398 0.000000 0.948960
vn 0.315398 0.000000 0.948960
vn -0.334816 0.000000 -0.942284
vn -0.334816 0.000000 -0.942284
vn -0.334816 0.000000 -0.942284
vn -0.334816 0.000000 -0.942284
vn 0.607129 0.000000 0.794603
vn 0.607129 0.000000 0.794603
vn 0.607129 0.000000 0.794603
vn 0.607129 0.000000 0.794603
vn -0.636526 0.000000 -0.771256
vn -0.636526 0.000000 -0.771256
vn -0.636526 0.000000 -0.771256
vn -0.636526 0.000000 -0.771256
vn 0.819261 0.000000 0.573420
vn 0.819261 0.000000 0.573420
vn 0.819261 0.000000 0.573420
vn 0.819261 0.000000 0.573420
vn -0.836182 0.000000 -0.548453
vn -0.836182 0.000000 -0.548453
vn -0.836182 0.000000 -0.548453
vn -0.836182 0.000000 -0.548453
vn 0.949842 0.000000 0.312731
vn 0.949842 0.000000 0.312731
vn 0.949842 0.000000 0.312731
vn 0.949842 0.000000 0.312731
vn -0.956415 0.000000 -0.292012
vn -0.956415 0.000000 -0.292012
vn -0.956415 0.000000 -0.292012
vn -0.956415 0.000000 -0.292012
vn 0.937846 0.000000 0.347052
vn 0.937846 0.000000 0.347052
vn 0.937846 0.000000 0.347052
vn 0.937846 0.000000 0.347052
vn -0.944196 0.000000 -0.329383
vn -0.944196 0.000000 -0.329383
vn -0.944196 0.000000 -0.329383
vn -0.944196 0.000000 -0.329383
vn 0.311968 0.000000 0.950093
vn 0.311968 0.000000 0.950093
vn 0.311968 0.000000 0.950093
vn 0.311968 0.000000 0.950093
vn -0.345424 -0.029998 -0.937967
vn -0.345424 -0.029998 -0.937967
vn -0.345424 -0.029998 -0.937967
vn -0.345424 -0.029998 -0.937967
vn -0.300905 0.000000 0.953654
vn -0.300905 0.000000 0.953654
vn -0.300905 0.000000 0.953654
vn -0.300905 0.000000 0.953654
vn 0.323403 0.000000 -0.946261
vn 0.323403 0.000000 -0.946261
vn 0.323403 0.000000 -0.946261
vn 0.323403 0.000000 -0.946261
vn 1.000000 0.000000 -0.001074
vn 1.000000 0.000000 -0.001074
vn 1.000000 0.000000 -0.001074
vn 1.000000 0.000000 -0.001074
vn 0.025256 0.000000 -0.999681
vn 0.025256 0.000000 -0.999681
vn 0.025256 0.000000 -0.999681
vn 0.025256 0.000000 -0.999681
vn -0.999999 0.000000 0.001073
vn -0.999999 0.000000 0.001073
vn -0.999999 0.000000 0.001073
vn -0.999999 0.000000 0.001073
vn 0.860169 0.000000 0.510009
vn 0.860169 0.000000 0.510009
vn 0.860169 0.000000 0.510009
vn 0.860169 0.000000 0.510009
vn -0.843033 0.000000 -0.537862
vn -0.843033 0.000000 -0.537862
vn -0.843033 0.000000 -0.537862
vn -0.843033 0.000000 -0.537862
vn 0.588748 0.000000 0.808317
vn 0.588748 0.000000 0.808317
vn 0.588748 0.000000 0.808317
vn 0.588748 0.000000 0.808317
vn -0.615376 0.000000 -0.788233
vn -0.615376 0.000000 -0.788233
vn -0.615376 0.000000 -0.788233
vn -0.615376 0.000000 -0.788233
vn -0.310023 0.000000 0.950729
vn -0.310023 0.000000 0.950729
vn -0.310023 0.000000 0.950729
vn -0.310023 0.000000 0.950729
vn 0.310271 0.026945 -0.950266
vn 0.310271 0.026945 -0.950266
vn 0.310271 0.026945 -0.950266
vn 0.310271 0.026945 -0.950266
vn -0.600291 0.000000 0.799782
vn -0.600291 0.000000 0.799782
vn -0.600291 0.000000 0.799782
vn -0.600291 0.000000 0.799782
vn 0.632152 0.000000 -0.774845
vn 0.632152 0.000000 -0.774845
vn 0.632152 0.000000 -0.774845
vn 0.632152 0.000000 -0.774845
vn -0.782773 0.000000 0.622307
vn -0.782773 0.000000 0.622307
vn -0.782773 0.000000 0.622307
vn -0.782773 0.000000 0.622307
vn 0.803170 0.000000 -0.595750
vn 0.803170 0.000000 -0.595750
vn 0.803170 0.000000 -0.595750
vn 0.803170 0.000000 -0.595750
vn -0.921269 0.000000 0.388925
vn -0.921269 0.000000 0.388925
vn -0.921269 0.000000 0.388925
vn -0.921269 0.000000 0.388925
vn 0.929679 0.000000 -0.368370
vn 0.929679 0.000000 -0.368370
vn 0.929679 0.000000 -0.368370
vn 0.929679 0.000000 -0.368370
vn 1.000000 0.000000 0.000558
vn 1.000000 0.000000 0.000558
vn 1.000000 0.000000 0.000558
vn 1.000000 0.000000 0.000558
vn -1.000000 0.000000 -0.000558
vn -1.000000 0.000000 -0.000558
vn -1.000000 0.000000 -0.000558
vn -1.000000 0.000000 -0.000558
vn 1.000000 0.000000 0.000000
vn 1.000000 0.000000 0.000000
vn 1.000000 0.000000 0.000000
vn 1.000000 0.000000 0.000000
vn 0.000000 0.000000 -1.000000
vn 0.000000 0.000000 -1.000000
vn 0.000000 0.000000 -1.000000
vn 0.000000 0.000000 -1.000000
vn -1.000000 0.000000 0.000000
vn -1.000000 0.000000 0.000000
vn -1.000000 0.000000 0.000000
vn -1.000000 0.000000 0.000000
vn 0.959986 0.000000 0.280047
vn 0.959986 0.000000 0.280047
vn 0.959986 0.000000 0.280047
vn 0.959986 0.000000 0.280047
vn -0.953311 0.000000 -0.301990
vn -0.953311 0.000000 -0.301990
vn -0.953311 0.000000 -0.301990
vn -0.953311 0.000000 -0.301990
s 1
g polySurface70 group1
usemtl lambert2SG
f 618/361/1 619/362/2 445/268/3 244/148/4
s 2
f 457/5/5 597/6/6 598/7/7 256/8/8
s 1
f 49/479/9 449/500/10 450/653/11 22/654/12
f 610/353/13 611/354/14 250/154/15 251/623/16
f 265/12/17 266/13/18 635/18/19 582/19/20
f 52/20/21 493/21/22 494/22/23 27/23/24
s 2
f 259/14/25 501/15/26 590/16/27 591/17/28
s 1
f 625/31/29 626/32/30 489/49/31 241/50/32
f 490/51/33 491/55/34 28/56/35 29/63/36
f 19/24/37 20/4/38 446/269/39 447/270/40
f 288/622/41 289/186/42 46/26/43 17/671/44
s 2
f 454/27/45 455/28/46 283/29/47 201/30/48
f 498/34/49 499/35/50 280/36/51 204/37/52
s 1
f 840/64/53 56/65/54 273/710/55 841/711/56
f 491/55/34 492/78/57 67/79/58 28/56/35
f 447/270/40 448/490/59 70/497/60 19/24/37
f 578/629/61 579/442/62 47/441/63 6/33/64
s 2
f 453/41/65 567/42/66 568/43/67 206/44/68
f 497/45/69 560/46/70 561/47/71 208/48/72
s 1
f 5/80/73 55/81/74 551/85/75 552/86/76
f 425/255/77 426/491/78 71/510/79 40/38/80
f 40/38/80 41/39/81 424/254/82 425/255/77
f 616/359/83 617/360/84 423/253/85 245/149/86
s 2
f 435/52/87 599/53/88 600/54/89 255/58/90
f 432/59/91 433/60/92 284/61/93 211/62/94
f 431/66/95 569/67/96 570/68/97 212/72/98
s 1
f 48/478/99 427/498/100 428/657/101 39/658/102
f 53/89/103 515/90/104 516/91/105 23/92/106
s 2
f 519/115/107 558/116/108 559/117/109 207/558/110
f 520/119/111 521/120/112 279/121/113 203/122/114
f 260/123/115 523/157/116 588/158/117 589/159/118
s 1
f 627/93/119 628/94/120 511/95/121 240/96/122
f 512/97/123 513/98/124 26/100/125 25/102/126
f 513/98/124 514/104/127 66/106/128 26/100/125
s 2
f 327/160/129 328/161/130 466/162/131 467/163/132
f 326/164/133 562/165/134 563/176/135 468/177/136
s 1
f 471/107/137 472/108/138 322/109/139 323/110/140
f 320/142/141 321/143/142 473/144/143 474/145/144
f 319/167/145 320/142/141 474/145/144 475/168/146
f 476/169/147 623/170/148 624/171/149 318/172/150
s 2
f 592/178/151 593/179/152 464/180/153 330/181/154
s 1
f 50/480/155 302/494/156 303/669/157 31/670/158
s 2
f 306/182/159 565/183/160 566/184/161 205/569/162
f 307/197/163 308/198/164 282/199/165 202/200/166
f 310/201/167 595/202/168 596/210/169 257/211/170
s 1
f 620/363/171 621/364/172 298/192/173 243/147/174
f 34/25/175 33/3/176 299/193/177 300/194/178
f 300/194/178 301/489/179 69/499/180 34/25/175
f 537/173/181 538/174/182 35/203/183 54/204/184
s 2
f 541/212/185 556/213/186 557/214/187 213/556/188
f 542/216/189 543/238/190 278/239/191 214/240/192
f 545/241/193 586/242/194 587/243/195 261/244/196
s 1
f 629/205/197 630/206/198 533/207/199 239/208/200
f 534/217/201 535/218/202 38/219/203 37/220/204
f 535/218/202 536/221/205 65/222/206 38/219/203
s 2
f 225/245/207 870/246/208 871/247/209 285/248/210
f 868/257/211 869/258/212 571/259/213 227/554/214
s 1
f 47/441/63 862/511/215 863/614/216 6/33/64
f 16/69/217 860/424/218 861/492/219 72/444/220
f 11/70/221 859/423/222 860/424/218 16/69/217
f 615/358/223 857/421/224 858/422/225 246/150/226
s 2
f 254/261/227 873/262/228 874/263/229 601/264/230
s 1
f 611/354/14 612/355/231 249/153/232 250/154/15
f 289/186/42 290/187/233 63/75/234 46/26/43
f 550/223/235 551/85/75 55/81/74 879/224/236 878/225/237
f 272/226/238 273/710/55 56/65/54 58/289/239
f 634/290/240 635/18/19 266/13/18 267/291/241
f 549/292/242 550/223/235 878/225/237 64/293/243
f 271/294/244 272/226/238 58/289/239 73/295/245
f 633/296/246 634/290/240 267/291/241 268/297/247
f 612/355/231 613/356/248 248/152/249 249/153/232
f 290/187/233 291/188/250 78/84/251 63/75/234
f 73/295/245 549/292/242 64/293/243 14/298/252
f 270/299/253 271/294/244 73/295/245 14/298/252
f 632/300/254 633/296/246 268/297/247 269/301/255
f 613/356/248 614/357/256 247/151/257 248/152/249
f 16/69/217 78/84/251 291/188/250 292/189/258
f 72/444/220 581/345/259 78/84/251 16/69/217
f 79/302/260 270/299/253 14/298/252 9/312/261
f 631/313/262 632/300/254 269/301/255 238/314/263
f 246/150/264 247/151/257 614/357/256 615/358/265
f 16/69/217 292/189/258 82/88/266 11/70/221
s off
f 977/716/267 976/717/268 978/718/269 979/719/270
f 980/772/271 981/774/272 982/775/273 983/773/274
f 976/717/275 984/720/276 985/721/277 978/718/278
f 986/770/279 980/772/280 983/773/281 987/771/282
f 984/720/283 988/724/284 989/725/285 985/721/286
f 990/768/287 986/770/288 987/771/289 991/769/290
f 988/724/291 992/728/292 993/729/293 989/725/294
f 994/766/295 990/768/296 991/769/297 995/767/298
s 42
f 996/733/299 997/732/300 998/734/301 999/735/302
s off
f 992/728/303 1000/730/304 1001/731/305 993/729/306
s 43
f 1002/737/307 1003/736/308 1004/738/309 1005/739/310
s 44
f 1006/741/311 1007/740/312 1008/742/313 1009/743/314
s 45
f 1010/745/315 1011/744/316 1012/746/317 1013/747/318
s 46
f 1014/751/319 1015/750/320 1016/752/321 1017/753/322
s 47
f 1018/755/323 1019/754/324 1020/756/325 1021/757/326
s 48
f 1022/759/327 1023/758/328 1024/760/329 1025/761/330
s 49
f 1026/763/331 1027/762/332 1028/764/333 1029/765/334
s off
f 1028/764/335 994/766/336 995/767/337 1029/765/338
s 1
f 3/315/339 43/316/340 102/328/341 103/330/342
s 51
f 83/840/343 84/841/344 105/842/345 104/843/346
s off
f 779/1599/347 778/1600/348 780/1601/349 781/1602/350
s 1
f 44/99/351 4/680/352 107/612/353 106/708/354
s 53
f 369/1603/355 370/1604/356 371/1605/357 372/1606/358
s 54
f 86/870/359 85/871/360 109/872/361 108/873/362
s 1
f 43/316/340 60/332/363 110/336/364 102/328/341
s 51
f 87/846/365 83/840/343 104/843/346 111/847/366
s 1
f 61/101/367 44/99/351 106/708/354 112/706/368
s 54
f 85/871/360 88/874/369 113/875/370 109/872/361
s 1
f 60/332/363 75/365/371 114/367/372 110/336/364
s 51
f 89/852/373 87/846/365 111/847/366 115/853/374
s 1
f 76/103/375 61/101/367 112/706/368 116/704/376
s 54
f 88/874/369 90/878/377 117/879/378 113/875/370
s 1
f 75/365/371 80/370/379 118/371/380 114/367/372
s 51
f 91/856/381 89/852/373 115/853/374 119/857/382
s 1
f 81/105/383 76/103/375 116/704/376 120/701/384
s 54
f 90/878/377 92/882/385 121/883/386 117/879/378
s 1
f 529/374/387 530/375/388 36/378/389 123/401/390
s 51
f 94/864/391 527/863/392 528/862/393 124/865/394
s 1
f 80/370/379 1/403/395 122/404/396 118/371/380
s 51
f 93/860/397 91/856/381 119/857/382 125/861/398
s 1
f 507/405/399 508/406/400 24/407/401 126/408/402
s 51
f 95/868/403 505/867/404 506/866/405 127/869/406
s 1
f 485/409/407 486/410/408 30/411/409 128/412/410
s 51
f 96/1023/411 483/1024/412 484/1025/413 129/1026/414
s 1
f 315/413/415 316/414/416 479/436/417 480/437/418
s 51
f 481/1031/419 482/1032/420 313/1030/421 314/1029/422
s 1
f 295/699/423 296/190/424 32/111/425 132/700/426
s 54
f 98/1037/427 293/1036/428 294/1035/429 133/1038/430
s 1
f 441/694/431 442/265/432 21/112/433 134/695/434
s 54
f 99/1041/435 439/1040/436 440/1039/437 135/1042/438
s 1
f 419/696/439 420/250/440 42/113/441 136/697/442
s 54
f 100/895/443 417/897/444 418/898/445 137/896/446
s 1
f 850/682/447 851/415/448 2/114/449 138/683/450
s 54
f 101/888/451 848/891/452 849/892/453 139/889/454
s 1
f 2/114/449 81/105/383 120/701/384 138/683/450
s 54
f 92/882/385 101/888/451 139/889/454 121/883/386
s 2
f 546/272/455 547/273/456 357/274/457 216/275/458
f 198/276/459 524/277/460 525/278/461 358/279/462
f 199/280/463 502/281/464 503/282/465 359/283/466
f 462/284/467 463/285/468 331/286/469 360/287/470
f 362/304/471 363/305/472 193/306/473 311/307/474
f 458/308/475 459/309/476 364/310/477 194/311/478
f 436/320/479 437/321/480 365/322/481 209/323/482
f 228/324/483 875/325/484 876/326/485 366/327/486
s 1
f 804/389/487 805/390/488 352/236/489 353/619/490
f 805/390/488 806/391/491 351/235/492 352/236/489
f 806/391/491 807/392/493 350/234/494 351/235/492
f 807/392/493 808/393/495 349/233/496 350/234/494
f 348/232/497 349/233/496 808/393/495 809/394/498
f 809/394/499 852/416/500 853/417/501 348/232/502
f 810/395/503 811/396/504 421/251/505 347/231/506
f 812/397/507 813/398/508 443/266/509 346/230/510
f 814/399/511 815/400/512 344/228/513 345/229/514
f 817/438/515 818/439/516 342/445/517 478/446/518
f 819/447/519 820/448/520 487/450/521 341/451/522
f 821/461/523 822/462/524 509/463/525 340/464/526
f 823/465/527 824/466/528 531/467/529 339/468/530
f 825/469/531 826/472/532 337/473/533 338/481/534
f 826/472/532 827/482/535 336/483/536 337/473/533
f 827/482/535 828/484/537 335/485/538 336/483/536
f 828/484/537 829/486/539 334/487/540 335/485/538
f 333/488/541 334/487/540 829/486/539 830/493/542
s off
f 659/1607/543 658/1608/544 660/1609/545 661/1610/546
f 703/1611/547 702/1612/548 704/1613/549 685/1614/550
f 655/1615/551 654/1616/552 656/1617/553 657/1618/554
f 718/1619/555 717/1620/556 719/1621/557 720/1622/558
f 694/1623/559 695/1624/560 696/1625/561 697/1626/562
f 673/1627/563 672/1628/564 674/1629/565 675/1630/566
f 722/1631/567 721/1632/568 723/1633/569 724/1634/570
f 726/1635/571 725/1636/572 727/1637/573 728/1638/574
s 63
f 750/1639/575 749/1640/576 751/1641/577 752/1642/578
s off
f 753/1645/579 754/1646/580 755/1647/581 756/1648/582
f 413/1649/583 414/1650/584 415/1651/585 416/1652/586
s 64
f 698/1653/587 699/1654/588 700/1655/589 701/1656/590
s 65
f 644/1757/591 864/1754/592 865/1753/593 645/1758/594
s off
f 606/1659/595 607/1660/596 396/1661/597 397/1662/598
f 385/1663/599 386/1664/600 381/1665/601 384/1666/602
s 2
f 160/652/603 451/651/604 452/271/605 177/126/606
f 162/644/607 495/643/608 496/303/609 179/128/610
f 163/656/611 429/655/612 430/256/613 180/129/614
f 161/640/615 517/639/616 518/319/617 178/127/618
f 469/288/619 470/649/620 324/665/621 325/209/622
f 159/668/623 304/667/624 305/195/625 176/125/626
f 164/636/627 539/635/628 540/335/629 181/130/630
f 167/632/631 553/631/632 554/337/633 184/132/634
f 166/675/635 275/674/636 276/175/637 183/133/638
f 263/166/639 264/626/640 583/625/641 584/343/642
f 286/185/643 287/672/644 170/673/645 187/136/646
f 572/344/647 573/630/648 172/613/649 189/138/650
f 172/613/649 866/425/651 867/347/652 189/138/650
s 76
f 602/348/653 603/624/654 252/155/655 253/156/656
s 77
f 169/662/657 354/661/658 355/237/659 186/135/660
s 78
f 367/249/661 368/659/662 173/660/663 190/139/664
s 2
f 177/126/606 452/271/605 453/563/65 206/564/68
f 179/128/610 496/303/609 497/559/69 208/560/72
f 180/129/614 430/256/613 431/565/95 212/566/98
f 178/127/618 518/319/617 519/557/107 207/118/110
f 468/561/136 469/288/619 325/209/622 326/567/133
f 176/125/626 305/195/625 306/568/159 205/196/162
f 181/130/630 540/335/629 541/555/185 213/215/188
f 184/132/634 554/337/633 555/572/665 222/339/666
f 183/133/638 276/175/637 277/576/667 221/577/668
f 262/342/669 263/166/639 584/343/670 585/570/671
f 285/549/210 286/185/643 187/136/646 225/550/207
f 571/546/213 572/344/647 189/138/650 227/260/214
f 189/138/650 867/347/652 868/553/211 227/260/214
s 80
f 601/544/672 602/348/673 253/156/674 254/545/675
s 81
f 186/135/676 355/237/677 356/574/678 224/350/679
s 82
f 366/547/680 367/249/681 190/139/682 228/548/683
s off
f 761/1667/684 762/1668/685 763/1669/686 764/1670/687
s 1
f 533/207/199 534/217/201 37/220/204 239/208/200
f 240/96/122 511/95/121 512/97/123 25/102/126
f 241/50/32 489/49/31 490/51/33 29/63/36
f 475/168/146 476/169/147 318/172/150 319/167/145
f 243/147/174 298/192/173 299/193/177 33/3/176
f 244/148/4 445/268/3 446/269/39 20/4/38
f 245/149/86 423/253/85 424/254/82 41/39/81
f 246/150/226 858/422/225 859/423/222 11/70/221
f 11/70/221 82/88/266 247/151/257 246/150/264
f 248/152/249 247/151/257 82/88/266 77/83/688
f 249/153/232 248/152/249 77/83/688 62/74/689
f 250/154/15 249/153/232 62/74/689 45/10/690
f 251/623/16 250/154/15 45/10/690 12/11/691
s off
f 391/1671/692 390/1672/693 393/1673/694 394/1674/695
s 76
f 253/156/656 252/155/655 171/678/696 188/137/697
s 80
f 254/545/675 253/156/674 188/137/698 226/551/699
s 2
f 226/351/700 872/352/701 873/262/228 254/261/227
f 434/426/702 435/52/87 255/58/90 210/427/703
f 456/428/704 457/5/5 256/8/8 195/429/705
f 309/430/706 310/201/167 257/211/170 196/431/707
f 329/432/708 330/181/154 464/180/153 465/433/709
f 500/434/710 501/15/26 259/14/25 200/435/711
f 522/512/712 523/157/116 260/123/115 197/513/713
f 544/514/714 545/241/193 261/244/196 215/515/715
f 185/134/716 263/166/639 262/342/669 223/578/717
f 168/677/718 264/626/640 263/166/639 185/134/716
s off
f 738/1675/719 737/1676/720 739/1677/721 740/1678/722
s 1
f 13/495/723 57/496/724 266/13/18 265/12/17
f 267/291/241 266/13/18 57/496/724 59/501/725
f 268/297/247 267/291/241 59/501/725 74/503/726
f 269/301/255 268/297/247 74/503/726 79/302/260
f 238/314/263 269/301/255 79/302/260 9/312/261
f 74/503/726 271/294/244 270/299/253 79/302/260
f 59/501/725 272/226/238 271/294/244 74/503/726
f 57/496/724 273/710/55 272/226/238 59/501/725
f 274/504/727 273/710/55 57/496/724 13/495/723
s off
f 745/1679/728 743/1680/729 747/1681/730 748/1682/731
s 2
f 276/175/637 275/674/636 168/677/718 185/134/716
f 277/576/667 276/175/637 185/134/716 223/578/717
f 543/238/190 544/514/714 215/515/715 278/239/191
f 279/121/113 521/120/112 522/512/712 197/513/713
f 280/36/51 499/35/50 500/434/710 200/435/711
f 465/433/709 466/162/131 328/161/130 329/432/708
f 196/431/707 282/199/165 308/198/164 309/430/706
f 195/429/705 283/29/47 455/28/46 456/428/704
f 210/427/703 284/61/93 433/60/92 434/426/702
f 285/248/210 871/247/209 872/352/701 226/351/700
f 188/137/732 286/185/643 285/549/210 226/551/733
f 171/678/734 287/672/644 286/185/643 188/137/735
s 83
f 405/1683/736 400/1684/737 399/1685/738 406/1686/739
s off
f 45/10/740 289/186/741 782/621/742 783/620/743
s 1
f 62/74/689 290/187/233 289/186/42 45/10/690
f 77/83/688 291/188/250 290/187/233 62/74/689
f 292/189/258 291/188/250 77/83/688 82/88/266
s 54
f 294/1035/429 293/1036/428 97/1033/744 131/1034/745
s 46
f 1030/748/746 1015/750/320 1014/751/319 1031/749/747
s 1
f 8/596/748 296/190/424 295/699/423 130/692/749
f 815/400/512 816/586/750 343/227/751 344/228/513
f 298/192/173 621/364/172 622/590/752 242/146/753
f 299/193/177 298/192/173 242/146/753 10/593/754
f 300/194/178 299/193/177 10/593/754 15/597/755
f 68/584/756 301/489/179 300/194/178 15/597/755
f 303/669/157 302/494/156 51/502/757 7/589/758
s off
f 681/1689/759 680/1690/760 682/1691/761 683/1692/762
s 2
f 305/195/625 304/667/624 165/650/763 182/594/764
f 306/568/159 305/195/625 182/594/764 219/595/765
f 219/562/765 564/518/766 565/183/160 306/182/159
f 281/519/767 308/198/164 307/197/163 218/520/768
f 309/430/706 308/198/164 281/519/767 217/521/769
f 258/522/770 310/201/167 309/430/706 217/521/769
f 594/523/771 595/202/168 310/201/167 258/522/770
f 361/524/772 362/304/471 311/307/474 220/525/773
s 51
f 314/1029/422 313/1030/421 96/1023/411 129/1026/414
s 45
f 1008/742/774 1011/744/316 1010/745/315 1009/743/775
s 1
f 30/411/409 316/414/416 315/413/415 128/412/410
f 818/439/516 819/447/519 341/451/522 342/445/517
f 318/172/150 624/171/149 625/31/29 241/50/32
f 319/167/145 318/172/150 241/50/32 29/63/36
f 29/63/36 28/56/35 320/142/141 319/167/145
f 28/56/35 67/79/58 321/143/142 320/142/141
f 323/110/140 322/109/139 52/20/21 27/23/24
s off
f 689/1693/776 688/1694/777 690/1695/778 691/1696/779
s 2
f 325/209/622 324/665/621 162/644/607 179/128/610
f 326/567/133 325/209/622 179/128/610 208/560/72
f 208/48/72 561/47/71 562/165/134 326/164/133
f 204/37/52 280/36/51 328/161/130 327/160/129
f 329/432/708 328/161/130 280/36/51 200/435/711
f 200/435/711 259/14/25 330/181/154 329/432/708
f 591/17/28 592/178/151 330/181/154 259/14/25
f 359/283/466 360/287/470 331/286/469 199/280/463
s 1
f 140/505/780 158/506/781 334/487/540 333/488/541
f 335/485/538 334/487/540 158/506/781 157/507/782
f 336/483/536 335/485/538 157/507/782 156/508/783
f 337/473/533 336/483/536 156/508/783 155/509/784
f 338/481/534 337/473/533 155/509/784 154/580/785
f 531/467/529 532/581/786 153/583/787 339/468/530
f 340/464/526 509/463/525 510/585/788 152/587/789
f 341/451/522 487/450/521 488/591/790 151/592/791
f 342/445/517 341/451/522 151/592/791 317/598/792
f 477/599/793 478/446/518 342/445/517 317/598/792
f 344/228/513 343/227/751 150/57/794 297/191/795
f 345/229/514 344/228/513 297/191/795 149/2/796
f 346/230/510 443/266/509 444/267/797 148/1/798
f 347/231/506 421/251/505 422/252/799 147/40/800
f 348/232/502 853/417/501 854/418/801 146/71/802
f 146/71/803 145/87/804 349/233/496 348/232/497
f 350/234/494 349/233/496 145/87/804 144/82/805
f 351/235/492 350/234/494 144/82/805 143/73/806
f 352/236/489 351/235/492 143/73/806 142/9/807
f 353/619/490 352/236/489 142/9/807 141/663/808
s 77
f 355/237/659 354/661/658 174/679/809 191/140/810
s 81
f 356/574/678 355/237/677 191/140/811 229/526/812
s 2
f 547/273/456 548/527/813 230/528/814 357/274/457
f 358/279/462 525/278/461 526/529/815 231/530/816
f 359/283/466 503/282/465 504/531/817 232/532/818
f 332/533/819 360/287/470 359/283/466 232/532/818
f 461/534/820 462/284/467 360/287/470 332/533/819
f 312/535/821 362/304/471 361/524/772 233/536/822
f 234/537/823 363/305/472 362/304/471 312/535/821
f 235/538/824 364/310/477 459/309/476 460/539/825
f 236/540/826 365/322/481 437/321/480 438/541/827
f 366/327/486 876/326/485 877/542/828 237/543/829
s 82
f 192/141/830 367/249/681 366/547/680 237/552/831
s 78
f 175/124/832 368/659/662 367/249/661 192/141/833
s off
f 376/1697/834 377/1698/835 378/1699/836 802/1700/837
f 775/1701/838 831/1702/839 771/1703/840 772/1704/841
f 86/870/842 108/873/843 371/876/844 370/877/845
f 982/775/846 981/774/847 1032/776/848 1033/777/849
f 107/1083/850 4/1084/851 369/1085/852 372/1086/853
f 175/880/854 86/870/855 370/877/856 373/881/857
s 84
f 803/1088/858 804/1087/859 353/1089/860 374/1090/861
s off
f 353/1316/862 368/1317/863 375/1318/864 374/1319/865
f 368/886/866 175/880/867 373/881/868 375/887/869
f 373/881/870 370/877/871 377/884/872 376/885/873
f 370/1324/874 369/1325/875 378/1326/876 377/1327/877
s 85
f 802/1091/878 803/1088/879 374/1090/880 379/1093/881
s off
f 374/1319/882 375/1318/883 380/1320/884 379/1321/885
f 375/887/886 373/881/887 376/885/888 380/890/889
s 86
f 609/1096/890 610/1097/891 251/1098/892 382/1099/893
s 87
f 252/1115/894 603/1116/895 604/1117/896 383/1118/897
s off
f 368/1328/898 353/1329/899 386/1330/900 385/1331/901
f 353/1107/902 141/1100/903 381/1101/904 386/1108/905
f 173/1119/906 368/1125/907 385/1126/908 384/1120/909
f 251/1098/910 12/1102/911 387/1103/912 382/1099/913
f 12/1332/914 171/1333/915 388/1334/916 387/1335/917
f 171/1123/918 252/1115/919 383/1118/920 388/1124/921
s 88
f 608/1104/922 609/1096/923 382/1099/924 390/1105/925
s 89
f 383/1118/926 604/1117/927 605/1121/928 391/1122/929
s off
f 384/1338/930 381/1339/931 389/1340/932 392/1341/933
f 382/1099/934 387/1103/935 393/1109/936 390/1105/937
f 387/1335/938 388/1334/939 394/1336/940 393/1337/941
f 388/1124/942 383/1118/943 391/1122/944 394/1130/945
s 90
f 607/1110/946 608/1104/947 390/1105/948 396/1111/949
s off
f 390/1346/950 391/1347/951 397/1348/952 396/1349/953
s 91
f 391/1122/954 605/1121/955 606/1128/956 397/1129/957
s off
f 392/1341/958 389/1340/959 395/1342/960 398/1343/961
f 288/1134/962 17/1135/963 401/1136/964 400/1137/965
f 170/1145/966 287/1146/967 399/1147/968 402/1148/969
f 786/1163/970 578/1164/971 6/1165/972 787/1166/973
s 92
f 6/1350/974 172/1351/975 404/1352/976 403/1353/977
s 93
f 172/1158/978 573/1154/979 574/1153/980 404/1159/981
s off
f 783/1171/982 782/1172/983 784/1173/984 785/1174/985
f 287/1146/986 171/1149/987 406/1150/988 399/1147/989
s 94
f 171/1361/990 12/1362/991 405/1363/992 406/1364/993
s off
f 399/1367/994 400/1368/995 408/1369/996 407/1370/997
f 400/1137/998 401/1136/999 409/1140/1000 408/1141/1001
f 402/1148/1002 399/1147/1003 407/1151/1004 410/1152/1005
f 788/1167/1006 786/1163/1007 787/1166/1008 789/1168/1009
s 92
f 403/1353/977 404/1352/1010 412/1354/1011 411/1355/1012
s 96
f 404/1159/1013 574/1153/1014 575/1157/1015 412/1160/1016
s off
f 407/1370/1017 408/1369/1018 414/1371/1019 413/1372/1020
f 408/1141/1021 409/1140/1022 415/1143/1023 414/1144/1024
f 409/1373/1025 410/1374/1026 416/1375/1027 415/1376/1028
f 410/1152/1029 407/1151/1030 413/1155/1031 416/1156/1032
s 54
f 418/898/445 417/897/444 99/899/435 135/900/438
s 48
f 1020/756/1033 1023/758/328 1022/759/327 1021/757/1034
s 1
f 21/112/433 420/250/440 419/696/439 134/695/434
f 811/396/504 812/397/507 346/230/510 421/251/505
f 422/252/799 421/251/505 346/230/510 148/1/798
f 423/253/85 617/360/84 618/361/1 244/148/4
f 424/254/82 423/253/85 244/148/4 20/4/38
f 425/255/77 424/254/82 20/4/38 19/24/37
f 70/497/60 426/491/78 425/255/77 19/24/37
f 428/657/101 427/498/100 49/479/9 22/654/12
s off
f 650/1705/1035 648/1706/1036 652/1707/1037 653/1708/1038
s 2
f 430/256/613 429/655/612 160/652/603 177/126/606
f 431/565/95 430/256/613 177/126/606 206/564/68
f 206/44/68 568/43/67 569/67/96 431/66/95
f 283/29/47 433/60/92 432/59/91 201/30/48
f 434/426/702 433/60/92 283/29/47 195/429/705
f 256/8/8 435/52/87 434/426/702 195/429/705
f 598/7/7 599/53/88 435/52/87 256/8/8
f 364/310/477 437/321/480 436/320/479 194/311/478
f 438/541/827 437/321/480 364/310/477 235/538/824
s 54
f 440/1039/437 439/1040/436 98/1037/427 133/1038/430
s 47
f 1016/752/1039 1019/754/324 1018/755/323 1017/753/1040
s 1
f 32/111/425 442/265/432 441/694/431 132/700/426
f 813/398/508 814/399/511 345/229/514 443/266/509
f 444/267/797 443/266/509 345/229/514 149/2/796
f 445/268/3 619/362/2 620/363/171 243/147/174
f 446/269/39 445/268/3 243/147/174 33/3/176
f 447/270/40 446/269/39 33/3/176 34/25/175
f 69/499/180 448/490/59 447/270/40 34/25/175
f 450/653/11 449/500/10 50/480/155 31/670/158
s off
f 671/1709/1041 670/1710/1042 667/1711/1043 669/1712/1044
s 2
f 452/271/605 451/651/604 159/668/623 176/125/626
f 453/563/65 452/271/605 176/125/626 205/196/162
f 205/569/162 566/184/161 567/42/66 453/41/65
f 282/199/165 455/28/46 454/27/45 202/200/166
f 456/428/704 455/28/46 282/199/165 196/431/707
f 257/211/170 457/5/5 456/428/704 196/431/707
f 596/210/169 597/6/6 457/5/5 257/211/170
f 363/305/472 459/309/476 458/308/475 193/306/473
f 460/539/825 459/309/476 363/305/472 234/537/823
f 361/524/772 462/284/467 461/534/820 233/536/822
f 220/525/773 463/285/468 462/284/467 361/524/772
f 258/522/770 464/180/153 593/179/152 594/523/771
f 465/433/709 464/180/153 258/522/770 217/521/769
f 281/519/767 466/162/131 465/433/709 217/521/769
f 467/163/132 466/162/131 281/519/767 218/520/768
f 468/177/136 563/176/135 564/518/766 219/562/765
f 182/131/764 469/288/619 468/561/136 219/517/765
f 165/588/763 470/649/620 469/288/619 182/131/764
s off
f 692/1713/1045 687/1714/1046 686/1715/1047 693/1716/1048
s 1
f 51/600/757 472/108/138 471/107/137 7/601/758
f 474/145/144 473/144/143 68/602/756 15/603/755
f 475/168/146 474/145/144 15/603/755 10/604/754
f 242/605/753 476/169/147 475/168/146 10/604/754
f 622/606/752 623/170/148 476/169/147 242/605/753
f 343/607/751 478/446/518 477/599/793 150/608/794
f 816/609/750 817/438/515 478/446/518 343/607/751
f 480/437/418 479/436/417 8/610/748 130/611/1049
s 45
f 1013/747/318 1012/746/317 1030/748/1050 1031/749/1051
s 51
f 97/1033/1052 482/1032/420 481/1031/419 131/1034/1053
f 484/1025/413 483/1024/412 95/1027/403 127/1028/406
s 44
f 1004/738/1054 1007/740/312 1006/741/311 1005/739/1055
s 1
f 24/407/401 486/410/408 485/409/407 126/408/402
f 820/448/520 821/461/523 340/464/526 487/450/521
f 488/591/790 487/450/521 340/464/526 152/587/789
f 489/49/31 626/32/30 627/93/119 240/96/122
f 490/51/33 489/49/31 240/96/122 25/102/126
f 25/102/126 26/100/125 491/55/34 490/51/33
f 26/100/125 66/106/128 492/78/57 491/55/34
f 494/22/23 493/21/22 53/89/103 23/92/106
s off
f 716/1717/1056 715/1718/1057 712/1719/1058 714/1720/1059
s 2
f 496/303/609 495/643/608 161/640/615 178/127/618
f 497/559/69 496/303/609 178/127/618 207/118/110
f 207/558/110 559/117/109 560/46/70 497/45/69
f 203/122/114 279/121/113 499/35/50 498/34/49
f 500/434/710 499/35/50 279/121/113 197/513/713
f 197/513/713 260/123/115 501/15/26 500/434/710
f 589/159/118 590/16/27 501/15/26 260/123/115
f 503/282/465 502/281/464 198/276/459 358/279/462
f 504/531/817 503/282/465 358/279/462 231/530/816
s 51
f 506/866/405 505/867/404 94/864/391 124/865/394
s 43
f 998/734/1060 1003/736/308 1002/737/307 999/735/1061
s 1
f 36/378/389 508/406/400 507/405/399 123/401/390
f 822/462/524 823/465/527 339/468/530 509/463/525
f 510/585/788 509/463/525 339/468/530 153/583/787
f 511/95/121 628/94/120 629/205/197 239/208/200
f 512/97/123 511/95/121 239/208/200 37/220/204
f 37/220/204 38/219/203 513/98/124 512/97/123
f 38/219/203 65/222/206 514/104/127 513/98/124
f 516/91/105 515/90/104 54/204/184 35/203/183
s off
f 707/1721/1062 705/1722/1063 709/1723/1064 710/1724/1065
s 2
f 518/319/617 517/639/616 164/636/627 181/130/630
f 519/557/107 518/319/617 181/130/630 213/215/188
f 213/556/188 557/214/187 558/116/108 519/115/107
f 214/240/192 278/239/191 521/120/112 520/119/111
f 522/512/712 521/120/112 278/239/191 215/515/715
f 215/515/715 261/244/196 523/157/116 522/512/712
f 587/243/195 588/158/117 523/157/116 261/244/196
f 525/278/461 524/277/460 216/275/458 357/274/457
f 526/529/815 525/278/461 357/274/457 230/528/814
s 51
f 528/862/393 527/863/392 93/860/397 125/861/398
s 42
f 1000/730/1066 997/732/300 996/733/299 1001/731/1067
s 1
f 1/403/395 530/375/388 529/374/387 122/404/396
f 338/481/1068 531/467/529 824/466/528 825/469/1069
f 154/580/1070 532/581/786 531/467/529 338/481/1068
f 238/314/263 533/207/199 630/206/198 631/313/1071
f 9/312/261 534/217/201 533/207/199 238/314/263
f 14/298/252 535/218/202 534/217/201 9/312/261
f 64/293/243 536/221/205 535/218/202 14/298/252
f 5/80/73 538/174/182 537/173/181 55/81/74
s off
f 730/1725/1072 729/1726/1073 731/1727/1074 732/1728/1075
s 2
f 540/335/629 539/635/628 167/632/631 184/132/634
f 541/555/185 540/335/629 184/132/634 222/339/666
f 555/338/665 556/213/186 541/212/185 222/573/666
f 277/340/667 543/238/190 542/216/189 221/341/668
f 223/516/717 544/514/714 543/238/190 277/340/667
f 262/571/669 545/241/193 544/514/714 223/516/717
f 585/346/1076 586/242/194 545/241/193 262/571/669
f 356/349/1077 547/273/456 546/272/455 224/575/1078
f 229/579/1079 548/527/813 547/273/456 356/349/1077
s 1
f 58/289/239 550/223/235 549/292/242 73/295/245
f 56/65/54 551/85/75 550/223/235 58/289/239
f 552/86/76 551/85/75 56/65/54 18/715/1080
s off
f 742/1729/1081 741/1730/1082 734/1731/1083 736/1732/1084
s 2
f 554/337/633 553/631/632 166/675/635 183/133/638
f 555/572/665 554/337/633 183/133/638 221/577/668
f 221/341/668 542/216/189 556/213/186 555/338/665
f 557/214/187 556/213/186 542/216/189 214/240/192
f 558/116/108 557/214/187 214/240/192 520/119/111
f 559/117/109 558/116/108 520/119/111 203/122/114
f 560/46/70 559/117/109 203/122/114 498/34/49
f 561/47/71 560/46/70 498/34/49 204/37/52
f 562/165/134 561/47/71 204/37/52 327/160/129
f 563/176/135 562/165/134 327/160/129 467/163/132
f 564/518/766 563/176/135 467/163/132 218/520/768
f 565/183/160 564/518/766 218/520/768 307/197/163
f 566/184/161 565/183/160 307/197/163 202/200/166
f 567/42/66 566/184/161 202/200/166 454/27/45
f 568/43/67 567/42/66 454/27/45 201/30/48
f 569/67/96 568/43/67 201/30/48 432/59/91
f 570/68/97 569/67/96 432/59/91 211/62/94
f 571/259/213 869/258/212 870/246/208 225/245/207
f 187/136/646 572/344/647 571/546/213 225/550/207
f 170/673/645 573/630/648 572/344/647 187/136/646
s 93
f 574/1153/980 573/1154/979 170/1145/1085 402/1148/1086
s 96
f 575/1157/1015 574/1153/1014 402/1148/1087 410/1152/1088
s off
f 409/1733/1089 576/1734/1090 575/1735/1091 410/1736/1092
f 401/1136/1093 577/1139/1094 576/1142/1095 409/1140/1096
f 17/1135/1097 578/1138/1098 577/1139/1099 401/1136/1100
s 1
f 46/26/43 579/442/62 578/629/61 17/671/44
f 580/443/1101 579/442/62 46/26/43 63/75/234
f 581/345/259 580/443/1101 63/75/234 78/84/251
s off
f 768/1737/1102 767/1738/1103 769/1739/1104 770/1740/1105
s 2
f 584/343/642 583/625/641 169/662/1106 186/135/1107
f 585/570/671 584/343/670 186/135/1108 224/350/1109
f 224/575/1078 546/272/455 586/242/194 585/346/1076
f 587/243/195 586/242/194 546/272/455 216/275/458
f 524/277/460 588/158/117 587/243/195 216/275/458
f 589/159/118 588/158/117 524/277/460 198/276/459
f 502/281/464 590/16/27 589/159/118 198/276/459
f 591/17/28 590/16/27 502/281/464 199/280/463
f 331/286/469 592/178/151 591/17/28 199/280/463
f 463/285/468 593/179/152 592/178/151 331/286/469
f 594/523/771 593/179/152 463/285/468 220/525/773
f 220/525/773 311/307/474 595/202/168 594/523/771
f 596/210/169 595/202/168 311/307/474 193/306/473
f 193/306/473 458/308/475 597/6/6 596/210/169
f 598/7/7 597/6/6 458/308/475 194/311/478
f 194/311/478 436/320/479 599/53/88 598/7/7
f 600/54/89 599/53/88 436/320/479 209/323/482
f 601/264/230 874/263/229 875/325/484 228/324/483
s 80
f 190/139/1110 602/348/673 601/544/672 228/548/1111
s 76
f 173/660/1112 603/624/654 602/348/653 190/139/1113
s 87
f 604/1117/896 603/1116/895 173/1119/1114 384/1120/1115
s 89
f 605/1121/928 604/1117/927 384/1120/1116 392/1127/1117
s 91
f 606/1128/956 605/1121/955 392/1127/1118 398/1131/1119
s off
f 636/1741/1120 637/1742/1121 638/1743/1122 639/1744/1123
s 90
f 389/1106/1124 608/1104/947 607/1110/946 395/1112/1125
s 88
f 381/1101/1126 609/1096/923 608/1104/922 389/1106/1127
s 86
f 141/1100/1128 610/1097/891 609/1096/890 381/1101/1129
s 1
f 141/663/808 142/9/807 611/354/14 610/353/13
s 97
f 142/9/1130 792/379/1131 793/380/1132 611/354/1133
f 792/379/1131 794/381/1134 795/382/1135 793/380/1132
f 794/381/1134 796/383/1136 797/384/1137 795/382/1135
f 798/385/1138 797/384/1137 796/383/1136 799/386/1139
s 98
f 799/386/1140 855/419/1141 856/420/1142 798/385/1143
s 1
f 147/40/800 422/252/799 617/360/84 616/359/83
f 618/361/1 617/360/84 422/252/799 148/1/798
f 148/1/798 444/267/797 619/362/2 618/361/1
f 620/363/171 619/362/2 444/267/797 149/2/796
f 149/2/796 297/191/795 621/364/172 620/363/171
f 622/590/752 621/364/172 297/191/795 150/57/794
f 150/608/794 477/599/793 623/170/148 622/606/752
f 624/171/149 623/170/148 477/599/793 317/598/792
f 625/31/29 624/171/149 317/598/792 151/592/791
f 151/592/791 488/591/790 626/32/30 625/31/29
f 627/93/119 626/32/30 488/591/790 152/587/789
f 152/587/789 510/585/788 628/94/120 627/93/119
f 629/205/197 628/94/120 510/585/788 153/583/787
f 532/581/786 630/206/198 629/205/197 153/583/787
f 631/313/1071 630/206/198 532/581/786 154/580/1070
f 154/580/785 155/509/784 632/300/254 631/313/262
f 155/509/784 156/508/783 633/296/246 632/300/254
f 156/508/783 157/507/782 634/290/240 633/296/246
f 157/507/782 158/506/781 635/18/19 634/290/240
f 582/19/20 635/18/19 158/506/781 140/505/780
s off
f 395/1112/1144 607/1110/1145 637/1113/1146 636/1114/1147
f 607/1377/1148 606/1378/1149 638/1379/1150 637/1380/1151
f 606/1128/1152 398/1131/1153 639/1132/1154 638/1133/1155
f 398/1343/1156 395/1342/1157 636/1344/1158 639/1345/1159
s 1
f 39/1771/102 428/1772/101 640/1773/1160 641/1774/1161
s off
f 429/1389/1162 163/1387/1163 643/1388/1164 642/1390/1165
s 1
f 6/1788/64 863/1780/216 864/1779/1166 644/1789/1167
s 99
f 865/1385/1168 866/1386/1169 172/1381/1170 645/1384/1171
s off
f 172/1381/1172 6/1382/1173 644/1383/1174 645/1384/1175
s 1
f 428/1772/101 22/1775/12 646/1776/1176 640/1773/1177
s off
f 22/1775/1178 160/1781/1179 647/1782/1180 646/1776/1181
f 160/1393/1182 429/1389/1183 642/1390/1184 647/1394/1185
s 100
f 641/1774/1186 640/1773/1187 648/1777/1188 649/1778/1189
s 101
f 642/1390/1190 643/1388/1191 651/1391/1192 650/1392/1193
s 102
f 643/1786/1194 641/1774/1195 649/1778/1196 651/1787/1197
s off
f 640/1773/1198 646/1776/1199 652/1783/1200 648/1777/1201
f 646/1776/1202 647/1782/1203 653/1790/1204 652/1783/1205
f 647/1394/1206 642/1390/1207 650/1392/1208 653/1397/1209
s 100
f 649/1778/1189 648/1777/1188 654/1784/1210 655/1785/1211
s off
f 648/1777/1212 650/1791/1213 656/1792/1214 654/1784/1215
s 101
f 650/1392/1193 651/1391/1192 657/1395/1216 656/1396/1217
s 102
f 651/1391/1197 649/1398/1196 655/1399/1218 657/1395/1219
s 1
f 22/1400/12 450/1401/11 658/1402/1220 659/1403/1221
s 2
f 451/1413/604 160/1414/603 661/1415/1222 660/1416/1223
s off
f 160/1414/1224 22/1417/1225 659/1418/1226 661/1415/1227
s 1
f 31/1404/158 303/1406/157 662/1407/1228 663/1405/1229
s off
f 303/1175/1230 304/1176/1231 664/1177/1232 662/1178/1233
s 2
f 304/1423/624 159/1419/623 665/1420/1234 664/1424/1235
s 1
f 450/1401/11 31/1404/158 663/1405/1229 658/1402/1220
s 2
f 159/1419/623 451/1413/604 660/1416/1223 665/1420/1234
s off
f 663/1405/1236 662/1407/1237 666/1410/1238 667/1408/1239
f 662/1178/1240 664/1177/1241 668/1179/1242 666/1180/1243
f 664/1424/1244 665/1420/1245 669/1422/1246 668/1425/1247
f 660/1183/1248 658/1184/1249 670/1185/1250 671/1186/1251
f 658/1402/1252 663/1405/1253 667/1408/1254 670/1409/1255
f 665/1420/1256 660/1416/1257 671/1421/1258 669/1422/1259
f 667/1408/1260 666/1410/1261 672/1411/1262 673/1412/1263
f 666/1180/1264 668/1179/1265 674/1181/1266 672/1182/1267
f 668/1425/1268 669/1422/1269 675/1426/1270 674/1427/1271
f 669/1187/1272 667/1188/1273 673/1189/1274 675/1190/1275
f 471/1428/1276 323/1429/1277 678/1430/1278 677/1431/1279
f 324/1444/1280 470/1445/1281 676/1446/1282 679/1447/1283
f 304/1191/1284 303/1192/1285 680/1193/1286 681/1194/1287
f 303/1442/1288 7/1436/1289 682/1437/1290 680/1443/1291
f 165/1448/1292 304/1454/1293 681/1455/1294 683/1449/1295
f 323/1429/1296 27/1432/1297 684/1433/1298 678/1430/1299
f 27/1195/1300 162/1196/1301 685/1197/1302 684/1198/1303
f 162/1452/1304 324/1444/1305 679/1447/1306 685/1453/1307
f 7/1436/1308 471/1428/1309 677/1431/1310 682/1437/1311
f 470/1445/1312 165/1448/1313 683/1449/1314 676/1446/1315
f 677/1431/1316 678/1430/1317 688/1434/1318 687/1435/1319
f 679/1447/1320 676/1446/1321 686/1450/1322 689/1451/1323
f 678/1430/1324 684/1433/1325 690/1438/1326 688/1434/1327
f 684/1198/1328 685/1197/1329 691/1199/1330 690/1200/1331
f 685/1453/1332 679/1447/1333 689/1451/1334 691/1459/1335
f 682/1437/1336 677/1431/1337 687/1435/1338 692/1441/1339
f 676/1446/1340 683/1449/1341 693/1456/1342 686/1450/1343
f 683/1201/1344 682/1202/1345 692/1203/1346 693/1204/1347
f 686/1205/1348 687/1206/1349 695/1207/1350 694/1208/1351
f 687/1435/1352 688/1434/1353 696/1439/1354 695/1440/1355
f 688/1209/1356 689/1210/1357 697/1211/1358 696/1212/1359
f 689/1451/1360 686/1450/1361 694/1457/1362 697/1458/1363
s 103
f 575/1460/1364 576/1461/1365 699/1462/1366 698/1463/1367
s off
f 788/1167/1368 789/1168/1369 790/1169/1370 791/1170/1371
s 92
f 411/1355/1012 412/1354/1372 701/1357/1373 700/1358/1374
s off
f 412/1160/1375 575/1157/1376 698/1161/1377 701/1162/1378
f 27/1469/1379 494/1470/1380 702/1471/1381 703/1472/1382
f 495/1486/1383 162/1487/1384 685/1488/1385 704/1489/1386
f 162/1213/1387 27/1214/1388 703/1215/1389 685/1216/1390
f 23/1473/1391 516/1475/1392 705/1476/1393 706/1474/1394
f 517/1494/1395 161/1490/1396 708/1491/1397 707/1495/1398
f 494/1470/1399 23/1473/1400 706/1474/1401 702/1471/1402
f 161/1490/1403 495/1486/1404 704/1489/1405 708/1491/1406
f 516/1475/1407 35/1479/1408 709/1480/1409 705/1476/1410
f 35/1503/1411 164/1497/1412 710/1498/1413 709/1504/1414
f 164/1497/1415 517/1494/1416 707/1495/1417 710/1498/1418
f 706/1474/1419 705/1476/1420 711/1481/1421 712/1477/1422
f 705/1501/1423 707/1495/1424 713/1496/1425 711/1502/1426
f 707/1495/1427 708/1491/1428 714/1493/1429 713/1496/1430
f 704/1217/1431 702/1218/1432 715/1219/1433 716/1220/1434
f 702/1471/1435 706/1474/1436 712/1477/1437 715/1478/1438
f 708/1491/1439 704/1489/1440 716/1492/1441 714/1493/1442
f 712/1477/1443 711/1481/1444 717/1482/1445 718/1483/1446
f 711/1502/1447 713/1496/1448 719/1500/1449 717/1505/1450
f 713/1496/1451 714/1493/1452 720/1499/1453 719/1500/1454
f 714/1484/1455 712/1477/1456 718/1483/1457 720/1485/1458
f 35/1229/1459 538/1225/1460 721/1226/1461 722/1230/1462
f 539/1235/1463 164/1237/1464 724/1238/1465 723/1236/1466
f 164/1237/1467 35/1241/1468 722/1242/1469 724/1238/1470
f 5/1221/1471 552/1222/1472 725/1223/1473 726/1224/1474
f 552/1506/1475 553/1507/1476 727/1508/1477 725/1509/1478
f 553/1231/1479 167/1232/1480 728/1233/1481 727/1234/1482
f 538/1225/1483 5/1221/1484 726/1224/1485 721/1226/1486
f 167/1232/1487 539/1235/1488 723/1236/1489 728/1233/1490
f 723/1510/1491 721/1511/1492 729/1512/1493 730/1513/1494
f 721/1226/1495 726/1224/1496 731/1227/1497 729/1228/1498
f 726/1514/1499 728/1515/1500 732/1516/1501 731/1517/1502
f 728/1233/1503 723/1236/1504 730/1239/1505 732/1240/1506
s 1
f 840/1243/53 841/1244/56 842/1245/1507 843/1246/1508
s 2
f 275/1251/636 166/1252/635 736/1253/1509 735/1254/1510
s 1
f 13/1266/723 265/1267/17 737/1268/1511 738/1269/1512
s off
f 265/1518/1513 264/1519/1514 739/1520/1515 737/1521/1516
s 2
f 264/1264/640 168/1259/718 740/1260/1517 739/1265/1518
s 1
f 274/1270/727 13/1266/723 738/1269/1512 733/1271/1519
s 2
f 168/1259/718 275/1251/636 735/1254/1510 740/1260/1517
s off
f 553/1522/1520 552/1523/1521 741/1524/1522 742/1525/1523
s 1
f 552/1274/76 18/1275/1080 734/1276/1524 741/1277/1525
s 2
f 166/1252/635 553/1255/632 742/1256/1526 736/1253/1509
s off
f 843/1246/1527 842/1245/1528 844/1247/1529 845/1248/1530
f 735/1254/1531 736/1253/1532 746/1257/1533 745/1258/1534
s 1
f 736/1526/1535 734/1527/1536 744/1528/1537 746/1529/1538
s off
f 733/1271/1539 738/1269/1540 747/1272/1541 743/1273/1542
f 738/1537/1543 740/1538/1544 748/1539/1545 747/1540/1546
f 740/1260/1547 735/1254/1548 745/1258/1549 748/1263/1550
f 845/1248/1551 844/1247/1552 846/1249/1553 847/1250/1554
s 1
f 743/1541/1555 745/1542/1556 751/1543/1557 749/1544/1558
s off
f 745/1258/1559 746/1257/1560 752/1261/1561 751/1262/1562
s 1
f 746/1529/1563 744/1528/1537 750/1532/1564 752/1533/1565
s off
f 264/1551/1566 265/1552/1567 754/1553/1568 753/1554/1569
f 265/1278/1570 582/1279/1571 755/1280/1572 754/1281/1573
f 583/1291/1574 264/1292/1575 753/1293/1576 756/1294/1577
s 108
f 333/1555/1578 354/1556/1579 758/1557/1580 757/1558/1581
s 109
f 354/1299/1582 169/1295/1583 759/1296/1584 758/1300/1585
s 110
f 140/1282/1586 333/1284/1587 757/1285/1588 760/1283/1589
f 582/1279/1590 140/1282/1591 760/1283/1589 755/1280/1592
s 109
f 169/1295/1593 583/1291/1594 756/1294/1595 759/1296/1584
s 108
f 757/1558/1581 758/1557/1580 762/1559/1596 761/1560/1597
s 109
f 758/1300/1585 759/1296/1584 763/1298/1598 762/1303/1599
s 110
f 760/1283/1589 757/1285/1588 761/1288/1600 764/1286/1601
s off
f 756/1561/1602 755/1562/1603 765/1563/1604 766/1564/1605
s 110
f 755/1280/1592 760/1283/1589 764/1286/1601 765/1287/1606
s 109
f 759/1296/1584 756/1294/1595 766/1297/1607 763/1298/1598
s off
f 766/1564/1608 765/1563/1609 767/1565/1610 768/1566/1611
f 765/1287/1612 764/1286/1613 769/1289/1614 767/1290/1615
f 764/1567/1616 763/1568/1617 770/1569/1618 769/1570/1619
f 763/1298/1620 766/1297/1621 768/1301/1622 770/1302/1623
f 3/1304/1624 103/1305/1625 773/1306/1626 771/1307/1627
f 977/716/1628 979/719/1629 1034/722/1630 1035/723/1631
f 105/842/1632 84/841/1633 772/844/1634 774/845/1635
f 174/848/1636 354/854/1637 776/855/1638 775/849/1639
f 354/1571/1640 333/1572/1641 777/1573/1642 776/1574/1643
s 113
f 333/1312/1644 830/1311/1645 831/1310/1646 777/1313/1647
s off
f 84/841/1648 174/848/1649 775/849/1650 772/844/1651
f 772/1577/1652 771/1578/1653 778/1579/1654 779/1580/1655
f 771/1307/1656 773/1306/1657 780/1308/1658 778/1309/1659
f 1035/723/1660 1034/722/1661 1036/726/1662 1037/727/1663
f 774/845/1664 772/844/1665 779/850/1666 781/851/1667
s 114
f 289/186/1668 288/622/1669 782/621/1670
s 94
f 12/11/991 45/10/1671 783/620/1672
s 114
f 288/1581/1669 400/1582/1673 784/1583/1674 782/1584/1670
s 83
f 400/1684/737 405/1683/736 785/1687/1675 784/1688/1676
s 94
f 405/1363/992 12/1362/991 783/1365/1672 785/1366/1677
s 103
f 577/1466/1678 578/1468/1679 786/1467/1680
s 92
f 6/1350/974 403/1353/977 787/1356/1681
s 103
f 576/1461/1365 577/1466/1678 786/1467/1680 788/1464/1682
s 92
f 403/1353/977 411/1355/1012 789/1359/1683 787/1356/1681
f 411/1355/1012 700/1358/1374 790/1360/1684 789/1359/1683
s 64
f 700/1655/589 699/1654/588 791/1657/1685 790/1658/1686
s 103
f 699/1462/1366 576/1461/1365 788/1464/1682 791/1465/1687
s 116
f 142/9/1688 143/73/1689 792/379/1690
s 117
f 612/355/1691 611/354/1692 793/380/1693
s 116
f 143/73/1689 144/82/1694 794/381/1695 792/379/1690
s 117
f 613/356/1696 612/355/1691 793/380/1693 795/382/1697
s 116
f 144/82/1694 145/87/1698 796/383/1699 794/381/1695
s 117
f 614/357/1700 613/356/1696 795/382/1697 797/384/1701
f 615/358/1702 614/357/1700 797/384/1701 798/385/1703
s 116
f 145/87/1698 146/71/1704 799/386/1705 796/383/1699
f 146/71/1704 854/418/1706 855/419/1707 799/386/1705
s off
f 147/40/1708 616/359/1709 801/388/1710 800/387/1711
s 117
f 856/420/1712 857/421/1713 615/358/1702 798/385/1703
s 85
f 369/1085/1714 803/1088/879 802/1091/878 378/1092/1715
s 84
f 4/1084/1716 804/1087/859 803/1088/858 369/1085/1717
s 1
f 44/99/351 805/390/488 804/389/487 4/680/352
f 61/101/367 806/391/491 805/390/488 44/99/351
f 76/103/375 807/392/493 806/391/491 61/101/367
f 81/105/383 808/393/495 807/392/493 76/103/375
f 809/394/498 808/393/495 81/105/383 2/114/449
f 851/415/448 852/416/500 809/394/499 2/114/449
f 420/250/440 811/396/504 810/395/503 42/113/441
f 21/112/433 812/397/507 811/396/504 420/250/440
f 442/265/432 813/398/508 812/397/507 21/112/433
f 32/111/425 814/399/511 813/398/508 442/265/432
f 296/190/424 815/400/512 814/399/511 32/111/425
f 8/596/748 816/586/750 815/400/512 296/190/424
f 479/436/417 817/438/515 816/609/750 8/610/748
f 316/414/416 818/439/516 817/438/515 479/436/417
f 30/411/409 819/447/519 818/439/516 316/414/416
f 486/410/408 820/448/520 819/447/519 30/411/409
f 24/407/401 821/461/523 820/448/520 486/410/408
f 508/406/400 822/462/524 821/461/523 24/407/401
f 36/378/389 823/465/527 822/462/524 508/406/400
f 530/375/388 824/466/528 823/465/527 36/378/389
f 825/469/1069 824/466/528 530/375/388 1/403/395
f 80/370/379 826/472/532 825/469/531 1/403/395
f 75/365/371 827/482/535 826/472/532 80/370/379
f 60/332/363 828/484/537 827/482/535 75/365/371
f 43/316/340 829/486/539 828/484/537 60/332/363
f 830/493/542 829/486/539 43/316/340 3/315/339
s 113
f 831/1310/1646 830/1311/1645 3/1304/1718 771/1307/1719
s off
f 836/1745/1720 837/1746/1721 838/1747/1722 839/1748/1723
f 833/1749/1724 832/1750/1725 834/1751/1726 835/1752/1727
f 376/1585/1728 802/1586/1729 832/1587/1730 833/1588/1731
f 802/1091/1732 379/1093/1733 834/1094/1734 832/1095/1735
f 379/1321/1736 380/1320/1737 835/1322/1738 834/1323/1739
f 380/890/1740 376/885/1741 833/893/1742 835/894/1743
f 775/849/1744 776/855/1745 837/858/1746 836/859/1747
f 776/1574/1748 777/1573/1749 838/1575/1750 837/1576/1751
f 777/1313/1752 831/1310/1753 839/1314/1754 838/1315/1755
f 831/1589/1756 775/1590/1757 836/1591/1758 839/1592/1759
s 1
f 18/615/1080 56/713/54 840/712/53
f 273/76/55 274/714/727 841/77/56
f 274/1549/727 733/1547/1760 842/1548/1761 841/1550/56
f 734/1527/1536 18/1534/1080 840/1535/53 843/1530/1762
f 733/1547/1760 743/1541/1555 844/1546/1763 842/1548/1761
f 744/1528/1537 734/1527/1536 843/1530/1762 845/1531/1764
f 743/1541/1555 749/1544/1558 846/1545/1765 844/1546/1763
s 63
f 749/1640/576 750/1639/575 847/1643/1766 846/1644/1767
s 1
f 750/1532/1564 744/1528/1537 845/1531/1764 847/1536/1768
s 54
f 849/892/453 848/891/452 100/895/443 137/896/446
s 49
f 1024/760/1769 1027/762/332 1026/763/331 1025/761/1770
s 1
f 42/113/441 851/415/448 850/682/447 136/697/442
f 42/113/441 810/395/503 852/416/500 851/415/448
f 853/417/501 852/416/500 810/395/503 347/231/506
f 854/418/801 853/417/501 347/231/506 147/40/800
s 116
f 855/419/1707 854/418/1706 147/40/1771 800/387/1772
s 98
f 856/420/1142 855/419/1141 800/387/1773 801/388/1774
s 117
f 616/359/1775 857/421/1713 856/420/1712 801/388/1776
s 1
f 858/422/225 857/421/224 616/359/83 245/149/86
f 859/423/222 858/422/225 245/149/86 41/39/81
f 860/424/218 859/423/222 41/39/81 40/38/80
f 861/492/219 860/424/218 40/38/80 71/510/79
f 863/614/216 862/511/215 48/478/99 39/658/102
f 864/1779/1166 863/1780/216 39/1771/102 641/1774/1777
s 65
f 865/1753/593 864/1754/592 641/1755/1778 643/1756/1779
s 99
f 163/1387/1780 866/1386/1169 865/1385/1168 643/1388/1781
s 2
f 867/347/652 866/425/651 163/656/611 180/129/614
f 868/553/211 867/347/652 180/129/614 212/566/98
f 212/72/98 570/68/97 869/258/212 868/257/211
f 870/246/208 869/258/212 570/68/97 211/62/94
f 871/247/209 870/246/208 211/62/94 284/61/93
f 872/352/701 871/247/209 284/61/93 210/427/703
f 873/262/228 872/352/701 210/427/703 255/58/90
f 874/263/229 873/262/228 255/58/90 600/54/89
f 875/325/484 874/263/229 600/54/89 209/323/482
f 876/326/485 875/325/484 209/323/482 365/322/481
f 877/542/828 876/326/485 365/322/481 236/540/826
s 1
f 913/477/1782 912/440/1783 47/441/63 579/442/62 580/443/1101
f 913/477/1782 580/443/1101 581/345/259 72/444/220
f 878/225/237 879/224/236 881/616/1784 880/617/1785
f 880/617/1785 881/616/1784 902/618/1786 903/627/1787
f 882/684/1788 883/685/1789 911/686/1790 910/687/1791
f 883/449/1789 882/582/1788 885/452/1792 884/453/1793
f 884/453/1793 885/452/1792 898/470/1794 899/454/1795
f 886/457/1796 887/455/1797 900/456/1798 901/471/1799
f 887/455/1797 886/457/1796 889/458/1800 888/459/1801
f 888/459/1801 889/458/1800 906/474/1802 907/460/1803
f 890/688/1804 891/689/1805 904/690/1806 905/691/1807
f 891/689/1805 890/688/1804 893/698/1808 892/702/1809
f 892/702/1809 893/698/1808 894/703/1810 895/705/1811
f 895/705/1811 894/703/1810 897/707/1812 896/709/1813
f 896/709/1813 897/707/1812 910/687/1791 911/686/1790
f 899/454/1795 898/470/1794 901/471/1799 900/456/1798
f 903/627/1787 902/618/1786 905/691/1807 904/690/1806
f 907/460/1803 906/474/1802 909/475/1814 908/476/1815
f 908/476/1815 909/475/1814 912/440/1783 913/477/1782
f 909/475/1814 862/511/215 47/441/63 912/440/1783
f 889/458/1800 427/498/100 48/478/99 906/474/1802
f 901/471/1799 449/500/10 49/479/9 886/457/1796
f 885/452/1792 302/494/156 50/480/155 898/470/1794
f 897/707/1812 322/109/139 472/108/138 910/687/1791
f 893/698/1808 493/21/22 52/20/21 894/703/1810
f 905/691/1807 515/90/104 53/89/103 890/688/1804
f 881/616/1784 537/173/181 54/204/184 902/618/1786
f 536/221/205 880/617/1785 903/627/1787 65/222/206
f 66/106/128 514/104/127 904/690/1806 891/689/1805
f 67/79/58 492/78/57 892/702/1809 895/705/1811
f 911/686/1790 473/144/143 321/143/142 896/709/1813
f 899/454/1795 69/499/180 301/489/179 884/453/1793
f 887/455/1797 70/497/60 448/490/59 900/456/1798
f 907/460/1803 71/510/79 426/491/78 888/459/1801
f 72/444/220 861/492/219 908/476/1815 913/477/1782
f 884/453/1793 301/489/179 68/584/756 883/449/1789
f 882/582/1788 51/502/757 302/494/156 885/452/1792
f 896/709/1813 321/143/142 67/79/58 895/705/1811
f 894/703/1810 52/20/21 322/109/139 897/707/1812
f 888/459/1801 426/491/78 70/497/60 887/455/1797
f 886/457/1796 49/479/9 427/498/100 889/458/1800
f 900/456/1798 448/490/59 69/499/180 899/454/1795
f 898/470/1794 50/480/155 449/500/10 901/471/1799
f 910/687/1791 472/108/138 51/600/757 882/684/1788
f 68/602/756 473/144/143 911/686/1790 883/685/1789
f 892/702/1809 492/78/57 66/106/128 891/689/1805
f 890/688/1804 53/89/103 493/21/22 893/698/1808
f 904/690/1806 514/104/127 65/222/206 903/627/1787
f 902/618/1786 54/204/184 515/90/104 905/691/1807
f 878/225/237 880/617/1785 536/221/205 64/293/243
f 55/81/74 537/173/181 881/616/1784 879/224/236
f 908/476/1815 861/492/219 71/510/79 907/460/1803
f 906/474/1802 48/478/99 862/511/215 909/475/1814
s 121
f 103/318/1816 102/317/1817 914/628/1818 915/633/1819
s 122
f 104/778/1820 105/779/1821 917/780/1822 916/781/1823
s 123
f 106/993/1824 107/994/1825 919/995/1826 918/996/1827
s 124
f 108/836/1828 109/834/1829 921/835/1830 920/837/1831
s 121
f 102/317/1817 110/329/1832 922/634/1833 914/628/1818
s 122
f 111/784/1834 104/778/1820 916/781/1823 923/785/1835
s 123
f 112/999/1836 106/993/1824 918/996/1827 924/1000/1837
s 124
f 109/834/1829 113/832/1838 925/833/1839 921/835/1830
s 121
f 110/329/1832 114/331/1840 926/637/1841 922/634/1833
s 122
f 115/788/1842 111/784/1834 923/785/1835 927/789/1843
s 123
f 116/1001/1844 112/999/1836 924/1000/1837 928/1002/1845
s 124
f 113/832/1838 117/830/1846 929/831/1847 925/833/1839
s 121
f 114/331/1840 118/333/1848 930/638/1849 926/637/1841
s 122
f 119/790/1850 115/788/1842 927/789/1843 931/791/1851
s 123
f 120/1003/1852 116/1001/1844 928/1002/1845 932/1004/1853
s 124
f 117/830/1846 121/828/1854 933/829/1855 929/831/1847
s 121
f 529/334/1856 123/366/1857 936/641/1858 935/642/1859
s 122
f 124/796/1860 528/794/1861 934/795/1862 937/797/1863
s 121
f 118/333/1848 122/368/1864 938/645/1865 930/638/1849
s 122
f 125/792/1866 119/790/1850 931/791/1851 939/793/1867
s 121
f 507/369/1868 126/372/1869 942/646/1870 941/647/1871
s 122
f 127/800/1872 506/798/1873 940/799/1874 943/801/1875
s 121
f 485/373/1876 128/376/1877 946/648/1878 945/664/1879
s 122
f 129/804/1880 484/802/1881 944/803/1882 947/805/1883
s 121
f 315/377/1884 480/402/1885 950/666/1886 949/676/1887
s 122
f 481/808/1888 314/806/1889 948/807/1890 951/809/1891
s 123
f 295/1019/1892 132/1017/1893 954/1018/1894 953/1020/1895
s 124
f 133/814/1896 294/812/1897 952/813/1898 955/815/1899
s 123
f 441/1015/1900 134/1013/1901 958/1014/1902 957/1016/1903
s 124
f 135/818/1904 440/816/1905 956/817/1906 959/819/1907
s 123
f 419/1011/1908 136/1009/1909 962/1010/1910 961/1012/1911
s 124
f 137/822/1912 418/820/1913 960/821/1914 963/823/1915
s 123
f 850/1007/1916 138/1005/1917 966/1006/1918 965/1008/1919
s 124
f 139/826/1920 849/824/1921 964/825/1922 967/827/1923
s 123
f 138/1005/1917 120/1003/1852 932/1004/1853 966/1006/1918
s 124
f 121/828/1854 139/826/1920 967/827/1923 933/829/1855
s off
f 130/1021/1924 295/1019/1925 953/1020/1926 968/1022/1927
s 124
f 294/812/1897 131/810/1928 969/811/1929 952/813/1898
s 121
f 128/376/1877 315/377/1884 949/676/1887 946/648/1878
s 122
f 314/806/1889 129/804/1880 947/805/1883 948/807/1890
s 123
f 107/994/1825 372/997/1930 970/998/1931 919/995/1826
s 53
f 372//358 371//357 971//1932 970//1933
s 124
f 371/838/1934 108/836/1828 920/837/1831 971/839/1935
s 123
f 134/1013/1901 419/1011/1908 961/1012/1911 958/1014/1902
s 124
f 418/820/1913 135/818/1904 959/819/1907 960/821/1914
s 123
f 132/1017/1893 441/1015/1900 957/1016/1903 954/1018/1894
s 124
f 440/816/1905 133/814/1896 955/815/1899 956/817/1906
s 121
f 480/402/1885 130/693/1936 968/681/1937 950/666/1886
s off
f 131/810/1938 481/808/1939 951/809/1940 969/811/1941
s 121
f 126/372/1869 485/373/1876 945/664/1879 942/646/1870
s 122
f 484/802/1881 127/800/1872 943/801/1875 944/803/1882
s 121
f 123/366/1857 507/369/1868 941/647/1871 936/641/1858
s 122
f 506/798/1873 124/796/1860 937/797/1863 940/799/1874
s 121
f 122/368/1864 529/334/1856 935/642/1859 938/645/1865
s 122
f 528/794/1861 125/792/1866 939/793/1867 934/795/1862
f 105/779/1821 774/782/1942 972/783/1943 917/780/1822
s 121
f 773/1593/1944 103/1594/1816 915/1595/1819 973/1596/1945
s 122
f 774/782/1942 781/786/1946 974/787/1947 972/783/1943
s off
f 781/1759/1948 780/1760/1949 975/1761/1950 974/1762/1951
s 121
f 780/1597/1952 773/1593/1944 973/1596/1945 975/1598/1953
s 123
f 136/1009/1909 850/1007/1916 965/1008/1919 962/1010/1910
s 124
f 849/824/1921 137/822/1912 963/823/1915 964/825/1922
s off
f 915/901/1954 914/902/1955 976/903/1956 977/904/1957
f 916/925/1958 917/926/1959 979/927/1960 978/928/1961
f 918/949/1962 919/950/1963 981/951/1964 980/952/1965
f 920/971/1966 921/972/1967 983/973/1968 982/974/1969
f 914/902/1970 922/905/1971 984/906/1972 976/903/1973
f 923/931/1974 916/925/1975 978/928/1976 985/932/1977
f 924/955/1978 918/949/1979 980/952/1980 986/956/1981
f 921/972/1982 925/975/1983 987/976/1984 983/973/1985
f 922/905/1986 926/909/1987 988/910/1988 984/906/1989
f 927/935/1990 923/931/1991 985/932/1992 989/936/1993
f 928/957/1994 924/955/1995 986/956/1996 990/958/1997
f 925/975/1998 929/979/1999 991/980/2000 987/976/2001
f 926/909/2002 930/913/2003 992/914/2004 988/910/2005
f 931/937/2006 927/935/2007 989/936/2008 993/938/2009
f 932/959/2010 928/957/2011 990/958/2012 994/960/2013
f 929/979/2014 933/981/2015 995/982/2016 991/980/2017
f 935/917/2018 936/919/2019 998/920/2020 997/918/2021
f 937/943/2022 934/941/2023 996/942/2024 999/944/2025
f 930/913/2026 938/915/2027 1000/916/2028 992/914/2029
f 939/939/2030 931/937/2031 993/938/2032 1001/940/2033
f 941/921/2034 942/923/2035 1004/924/2036 1003/922/2037
f 943/947/2038 940/945/2039 1002/946/2040 1005/948/2041
f 945/1043/2042 946/1044/2043 1008/1045/2044 1007/1046/2045
f 947/1063/2046 944/1064/2047 1006/1065/2048 1009/1066/2049
f 949/1047/2050 950/1051/2051 1012/1052/2052 1011/1048/2053
f 951/1071/2054 948/1069/2055 1010/1070/2056 1013/1072/2057
f 953/1055/2058 954/1057/2059 1016/1058/2060 1015/1056/2061
f 955/1077/2062 952/1075/2063 1014/1076/2064 1017/1078/2065
f 957/1059/2066 958/1061/2067 1020/1062/2068 1019/1060/2069
f 959/1081/2070 956/1079/2071 1018/1080/2072 1021/1082/2073
f 961/967/2074 962/965/2075 1024/966/2076 1023/968/2077
f 963/987/2078 960/989/2079 1022/990/2080 1025/988/2081
f 965/963/2082 966/961/2083 1028/962/2084 1027/964/2085
f 967/983/2086 964/985/2087 1026/986/2088 1029/984/2089
f 966/961/2090 932/959/2091 994/960/2092 1028/962/2093
f 933/981/2094 967/983/2095 1029/984/2096 995/982/2097
f 968/1053/2098 953/1055/2099 1015/1056/2100 1030/1054/2101
f 952/1075/2102 969/1073/2103 1031/1074/2104 1014/1076/2105
f 946/1044/2106 949/1047/2107 1011/1048/2108 1008/1045/2109
f 948/1069/2110 947/1063/2111 1009/1066/2112 1010/1070/2113
f 919/950/2114 970/953/2115 1032/954/2116 981/951/2117
f 970/1763/2118 971/1764/2119 1033/1765/2120 1032/1766/2121
f 971/977/2122 920/971/2123 982/974/2124 1033/978/2125
f 958/969/2126 961/967/2127 1023/968/2128 1020/970/2129
f 960/989/2130 959/991/2131 1021/992/2132 1022/990/2133
f 954/1057/2134 957/1059/2135 1019/1060/2136 1016/1058/2137
f 956/1079/2138 955/1077/2139 1017/1078/2140 1018/1080/2141
f 950/1051/2142 968/1053/2143 1030/1054/2144 1012/1052/2145
f 969/1073/2146 951/1071/2147 1013/1072/2148 1031/1074/2149
f 942/1049/2150 945/1043/2151 1007/1046/2152 1004/1050/2153
f 944/1064/2154 943/1067/2155 1005/1068/2156 1006/1065/2157
f 936/919/2158 941/921/2159 1003/922/2160 998/920/2161
f 940/945/2162 937/943/2163 999/944/2164 1002/946/2165
f 938/915/2166 935/917/2167 997/918/2168 1000/916/2169
f 934/941/2170 939/939/2171 1001/940/2172 996/942/2173
f 917/926/2174 972/929/2175 1034/930/2176 979/927/2177
f 973/907/2178 915/901/2179 977/904/2180 1035/908/2181
f 972/929/2182 974/933/2183 1036/934/2184 1034/930/2185
f 974/1767/2186 975/1768/2187 1037/1769/2188 1036/1770/2189
f 975/911/2190 973/907/2191 1035/908/2192 1037/912/2193
f 962/965/2194 965/963/2195 1027/964/2196 1024/966/2197
f 964/985/2198 963/987/2199 1025/988/2200 1026/986/2201
