# This file uses centimeters as units for non-parametric coordinates.

mtllib M_ShipBack.mtl
g default
v 7.607761 4.245455 -20.206371
v -9.458612 4.245455 -20.206371
v 10.174524 4.245455 9.330372
v -12.025375 4.245455 8.879871
v 10.174524 -6.691055 8.879871
v -12.020794 -6.691055 8.881634
v -1.189871 -11.987005 8.879871
v -1.128720 4.245455 -29.324451
v 7.607761 -1.951067 -15.548313
v -1.128720 -1.951067 -24.666393
v -9.458612 -1.951067 -15.548313
v -12.025375 -1.951067 8.879871
v 10.174524 -1.951067 8.879871
v 7.967889 -4.832084 -10.091724
v -1.128720 -4.832084 -20.243542
v -9.818655 -4.832084 -10.091724
v -12.025375 -4.832084 8.879871
v 10.174524 -4.832084 8.879871
v -6.435631 -4.832084 -17.469250
v -6.435631 -1.951067 -21.888805
v -6.435631 4.245455 -26.546871
v -8.093088 -9.745955 8.862709
v 5.668591 -9.745955 8.862709
v 4.143785 4.245455 -26.792568
v 4.143785 -1.951067 -22.134510
v 4.143785 -4.832084 -17.714954
v 2.714090 -10.970572 8.870106
v 1.872484 -4.832084 -19.329304
v 1.872484 -1.951067 -23.750278
v 1.872484 4.245455 -28.408337
v -5.100067 -10.970572 8.870148
v -4.134719 4.245455 -28.276211
v -4.134719 -1.951067 -23.618160
v -4.134719 -4.832084 -19.197178
v 8.308134 -8.077941 8.871552
v 5.928092 4.245455 -24.475857
v 5.928092 -1.951067 -19.817799
v 5.928092 -4.832084 -15.396549
v -10.823425 -8.077941 8.873234
v -8.289738 -4.832084 -14.654240
v -8.289738 -1.951067 -19.075817
v -8.289738 4.245455 -23.733875
v 10.174524 4.245455 -7.750355
v -12.025375 4.245455 -7.750355
v -12.002405 -1.951067 -3.088825
v -12.025375 -4.832084 -0.696636
v -12.025375 -6.691055 4.511318
v -10.823425 -8.077941 4.511303
v -8.093088 -9.745955 4.511288
v -5.100067 -10.970572 4.511280
v -1.189871 -11.987005 4.511272
v 2.714090 -10.970572 4.511280
v 5.668591 -9.745955 4.511288
v 8.308134 -8.077941 4.511295
v 10.174524 -6.691055 4.511318
v 10.173750 -4.898927 -0.694286
v 10.174524 -1.951067 -3.092297
v 9.620619 -4.832084 -3.964611
v 9.838657 -1.951067 -6.400867
v 9.827755 4.245455 -11.110126
v -11.698442 4.245455 -11.015224
v -11.700691 -1.951067 -6.346607
v -11.470304 -4.832084 -3.967426
v 8.903322 -6.000471 -4.330181
v 6.042325 -6.743857 -10.205166
v 4.143785 -7.276006 -12.593624
v 1.872484 -7.676099 -14.257389
v -1.128720 -8.052607 -15.214329
v -4.134719 -7.689870 -14.125980
v -6.435631 -7.301612 -12.349255
v -8.403971 -6.821247 -9.466595
v -10.753368 -6.000471 -4.330181
v 8.840176 -4.832084 -7.242741
v 9.274319 -1.951067 -9.762203
v 9.245043 4.245455 -14.555721
v -11.132975 4.245455 -14.380428
v -11.141689 -1.951067 -9.682049
v -10.694147 -4.832084 -7.229046
v 8.610292 -1.951067 -12.557087
v 8.590708 4.245455 -17.306332
v -10.463192 4.245455 -17.205204
v -10.447447 -1.951067 -12.620457
v 9.157898 3.800597 -8.363087
v 9.196478 3.800597 9.330383
v -11.008749 3.800597 -8.363087
v -11.036575 3.800597 8.897381
v 8.842888 3.800597 -11.476299
v -10.711758 3.800597 -11.388363
v 8.313545 3.800597 -14.669056
v -10.198080 3.800597 -14.506618
v 7.719140 3.800597 -17.217808
v -9.589643 3.800597 -17.124104
v 6.826220 3.800597 -19.905033
v 5.300389 3.800597 -23.861217
v 3.679503 3.800597 -26.007915
v 1.616228 3.800597 -27.505108
v -1.110101 3.800597 -28.353992
v -3.840785 3.800597 -27.382694
v -5.930959 3.800597 -25.780239
v -7.615252 3.800597 -23.173672
v -8.677072 3.800597 -19.905033
v 10.174524 5.581828 -7.750355
v 10.174524 5.581828 9.330383
v 9.157898 5.581828 -8.363087
v 9.157898 5.581828 9.330383
v -12.025375 5.581828 -7.750355
v -12.025375 5.581828 8.879871
v -11.008749 5.581828 8.919083
v -11.008749 5.581828 -8.363087
v 9.827755 5.581828 -11.110126
v 8.842888 5.581828 -11.476299
v -11.698442 5.581828 -11.015224
v -10.711758 5.581828 -11.388363
v 9.245043 5.581828 -14.555721
v 8.313545 5.581828 -14.669056
v -11.132975 5.581828 -14.380428
v -10.198080 5.581828 -14.506618
v 8.590708 5.581828 -17.306332
v 7.719140 5.581828 -17.217808
v -10.463192 5.581828 -17.205204
v -9.589643 5.581828 -17.124104
v 7.607761 5.581828 -20.206371
v 5.928092 5.581828 -24.475857
v 5.300389 5.581828 -23.861217
v 6.826220 5.581828 -19.905033
v 4.143785 5.581828 -26.792568
v 3.679503 5.581828 -26.007915
v 1.872484 5.581828 -28.408337
v 1.616228 5.581828 -27.505108
v -1.128720 5.581828 -29.324451
v -1.110101 5.581828 -28.353992
v -4.134719 5.581828 -28.276211
v -3.840785 5.581828 -27.382694
v -6.435631 5.581828 -26.546871
v -5.930959 5.581828 -25.780239
v -8.289738 5.581828 -23.733875
v -7.615252 5.581828 -23.173672
v -9.458612 5.581828 -20.206371
v -8.677072 5.581828 -19.905033
v 10.174524 1.684891 9.330372
v -12.025375 1.364260 8.879871
v -12.015547 1.679461 -6.100185
v -11.699371 1.684891 -9.371830
v -11.136576 1.684891 -12.724728
v -10.456686 1.684891 -15.596462
v -9.458612 1.684891 -18.567348
v -8.289738 1.684891 -22.094845
v -6.435631 1.684891 -24.907841
v -4.134719 1.684891 -26.637180
v -1.128720 1.684891 -27.685421
v 1.872484 1.684891 -26.769299
v 4.143785 1.684891 -25.153530
v 5.928092 1.684891 -22.836826
v 7.607761 1.684891 -18.567348
v 8.598801 1.684891 -15.629620
v 9.257141 1.684891 -12.860714
v 9.832260 1.684891 -9.449932
v 10.174524 1.684891 -6.111324
v -4.758368 -10.151071 8.870308
v -7.506407 -9.067813 8.863937
v 5.128864 -9.067813 8.863937
v 3.073495 -9.986199 8.870277
v -10.013262 -7.592327 8.872959
v 7.552357 -7.592327 8.871517
v -1.168226 -11.050178 8.878651
v 9.265982 -4.721125 8.878651
v 9.265982 -6.365520 8.878651
v 9.265982 -2.172652 8.878651
v 9.265982 1.043623 9.330372
v -11.116833 -4.721125 8.878651
v -11.116833 -2.172652 8.878651
v -11.116833 -6.365520 8.878651
v -11.116833 1.364252 8.878651
v 9.265982 3.216299 9.330372
v -11.116833 3.216299 8.878651
v -4.234288 -9.498148 3.001980
v -6.606589 -8.527509 2.996090
v 4.301060 -8.527509 2.996090
v 1.959292 -9.498148 3.001949
v -8.770681 -7.205420 3.004436
v 6.393189 -7.205420 3.003109
v -1.135028 -10.303782 3.009693
v 7.872509 -4.632720 3.009693
v 7.872509 -6.106158 3.009693
v 7.872509 -2.349193 3.009693
v 7.872509 0.532704 3.009693
v -9.723360 -4.632720 3.009693
v -9.723360 -2.349193 3.009693
v -9.723360 -6.106158 3.009693
v -9.723360 0.532704 3.009693
v 7.872509 3.216294 3.009693
v -9.723360 3.216294 3.009693
v -3.692419 -0.188424 1.548897
v -5.676224 -0.188424 1.543949
v -5.676224 -2.598373 1.543949
v -3.692419 -2.598373 1.548897
v 3.445154 -2.598373 1.543949
v 3.445154 -0.188424 1.543949
v 1.486881 -0.188424 1.548866
v 1.486881 -2.598373 1.548866
v -5.676224 -4.507941 1.543949
v -3.692419 -4.507941 1.548897
v 3.445154 -4.507941 1.543949
v 1.486881 -4.507941 1.548866
v -3.692419 -8.576592 1.548897
v -5.676224 -7.764907 1.543949
v 3.445154 -7.764907 1.543949
v 1.486881 -8.576592 1.548866
v -7.274801 -0.188424 1.550953
v -7.274801 -2.598373 1.550953
v -7.274801 -4.507941 1.550953
v -7.485918 -6.659328 1.550953
v 5.194670 -6.659328 1.549828
v 4.983552 -4.507941 1.549828
v 4.983552 -2.598373 1.549828
v 4.983552 -0.188424 1.549828
v -1.100703 -2.598373 1.555355
v -1.100703 -4.507941 1.555355
v -1.100703 -9.250293 1.555355
v -1.100703 -0.188424 1.555355
v 6.431731 -4.507941 1.555355
v 6.431731 -5.740084 1.555355
v 6.431731 -2.598373 1.555355
v 6.431731 -0.188424 1.555355
v -8.282583 -4.507941 1.555355
v -8.282583 -2.598373 1.555355
v -8.282583 -5.740084 1.555355
v -8.282583 -0.188424 1.555355
v 6.431731 3.216286 1.555355
v 4.983552 3.216286 1.549828
v 3.445154 3.216286 1.543949
v 1.486881 3.216286 1.548866
v -1.100703 3.216286 1.555355
v -3.692419 3.216286 1.548897
v -5.676224 3.216286 1.543949
v -7.274801 3.216286 1.550953
v -8.282583 3.216286 1.555355
v 7.607761 -0.360895 -16.868671
v 5.928092 -0.360895 -21.138157
v 4.143785 -0.360895 -23.454868
v 1.872484 -0.360895 -25.070637
v -1.128720 -0.360895 -25.986759
v -4.134719 -0.360895 -24.938519
v -6.435631 -0.360895 -23.209171
v -8.289738 -0.360895 -20.396175
v -9.458612 -0.360895 -16.868671
v -10.451487 -0.360895 -13.922009
v -11.139452 -0.360895 -11.012753
v -11.700113 -0.360895 -7.669674
v -12.025375 -0.360895 -4.412655
v -12.025375 -0.563459 8.879871
v -11.116833 -0.563463 8.878651
v -9.723360 -1.088808 3.009693
v -8.282583 -1.544391 1.555355
v -7.274801 -1.544391 1.550953
v -5.676224 -1.544391 1.543949
v -3.692419 -1.544391 1.548897
v -1.100703 -1.544391 1.555355
v 1.486881 -1.544391 1.548866
v 3.445154 -1.544391 1.543949
v 4.983552 -1.544391 1.549828
v 6.431731 -1.544391 1.555355
v 7.872509 -1.088808 3.009693
v 9.265982 -0.589138 9.330372
v 10.174524 -0.360895 9.330372
v 10.174524 -0.360895 -4.412655
v 9.835859 -0.360895 -7.734371
v 9.266808 -0.360895 -11.117321
v 8.605267 -0.360895 -13.900852
v 8.335432 -3.183741 -11.502262
v 9.088566 -3.183741 -8.684223
v 9.745367 -3.183741 -5.358494
v 10.152203 -3.250578 -2.064594
v 10.174524 -3.183741 8.879871
v 9.265982 -3.263044 8.878651
v 7.872509 -3.326225 3.009693
v 6.431731 -3.415403 1.555355
v 4.983552 -3.415403 1.549828
v 3.445154 -3.415403 1.543949
v 1.486881 -3.415403 1.548866
v -1.100703 -3.415403 1.555355
v -3.692419 -3.415403 1.548897
v -5.676224 -3.415403 1.543949
v -7.274801 -3.415403 1.550953
v -8.282583 -3.415403 1.555355
v -9.723360 -3.326225 3.009693
v -11.116833 -3.263044 8.878651
v -12.025375 -3.183741 8.879871
v -12.020060 -3.183741 -2.064121
v -11.602119 -3.183741 -5.328648
v -10.950205 -3.183741 -8.632504
v -10.178411 -3.183741 -11.538517
v -2.437118 3.800597 -27.881977
v -2.437118 5.581828 -27.881977
v -2.589530 5.581828 -28.815044
v -2.589530 4.245455 -28.815044
v -2.589530 1.684891 -27.176014
v -2.589530 -0.360895 -25.477345
v -2.589530 -1.951067 -24.156994
v -2.589530 -4.832084 -19.735050
v -2.589530 -7.876329 -14.685421
v -3.090089 -11.493054 4.511276
v -3.090089 -11.493054 8.875145
v -2.912909 -10.613244 8.874596
v -2.641160 -9.912273 3.005947
v -2.360186 -8.922898 1.552212
v -2.360186 -4.507941 1.552212
v -2.360186 -3.415403 1.552212
v -2.360186 -2.598373 1.552212
v -2.360186 -1.544391 1.552212
v -2.360186 -0.188424 1.552212
v -2.360186 3.216286 1.552212
v 0.709216 3.800597 -27.787525
v 0.709216 5.581828 -27.787525
v 0.874026 5.581828 -28.713116
v 0.874026 4.245455 -28.713116
v 0.874026 1.684891 -27.074085
v 0.874026 -0.360895 -25.375416
v 0.874026 -1.951067 -24.055065
v 0.874026 -4.832084 -19.633465
v 0.874026 -7.801358 -14.575756
v 1.415297 -11.308724 4.511276
v 1.415297 -11.308724 8.873352
v 1.223706 -10.450179 8.873062
v 0.929855 -9.766171 3.004528
v 0.626028 -8.800711 1.551025
v 0.626028 -4.507941 1.551022
v 0.626028 -3.415403 1.551022
v 0.626028 -2.598373 1.551022
v 0.626028 -1.544391 1.551022
v 0.626028 -0.188424 1.551025
v 0.626028 3.216286 1.551025
v 10.174524 2.891863 9.330372
v 10.174524 2.891863 -6.883915
v 9.830137 2.891863 -10.232502
v 9.251438 2.891863 -13.659687
v 8.594986 2.891863 -16.419971
v 7.607761 2.891863 -19.339931
v 5.928092 2.891863 -23.609417
v 4.143785 2.891863 -25.926121
v 1.872484 2.891863 -27.541889
v 0.874026 2.891863 -27.846668
v -1.128720 2.891863 -28.458012
v -2.589530 2.891863 -27.948605
v -4.134719 2.891863 -27.409771
v -6.435631 2.891863 -25.680431
v -8.289738 2.891863 -22.867435
v -9.458612 2.891863 -19.339931
v -10.459753 2.891863 -16.354778
v -11.134876 2.891863 -13.505177
v -11.698933 2.891863 -10.146481
v -12.025375 2.891863 -6.883915
v -12.025375 2.810273 8.879871
v 9.265982 2.728678 9.330372
v 7.872509 2.586165 3.009693
v 6.431732 2.385022 1.555355
v 4.983552 2.385020 1.549828
v 3.445154 2.385020 1.543949
v 1.486881 2.385022 1.548866
v 0.626028 2.385020 1.551025
v -1.100703 2.385020 1.555355
v -2.360186 2.385020 1.552212
v -3.692419 2.385020 1.548897
v -5.676224 2.385022 1.543949
v -7.274801 2.385022 1.550953
v -8.282583 2.385022 1.555355
v -9.723360 2.586165 3.009693
v -11.116835 2.810271 8.878651
v -12.025375 4.245455 10.847950
v -11.036575 4.245455 10.865463
v -11.008749 5.581828 10.887161
v -12.025375 5.581828 10.847950
v -11.116833 3.380480 10.846733
v -12.025375 2.810273 10.847950
v -11.116835 2.810271 10.846733
v -11.116833 3.380480 12.337410
v -11.036575 4.245455 12.356140
v -12.025375 4.245455 12.338631
v -12.025375 2.810273 12.338631
v -11.116835 2.810271 12.337410
v -12.025375 1.364260 11.164421
v -12.025375 -0.563459 11.164421
v -11.116833 -0.563463 11.163197
v -11.116833 1.364252 11.163197
v -11.116835 2.810271 11.163197
v -12.025375 2.810273 11.164421
v -12.025375 -2.017910 11.164421
v -11.116833 -2.118803 11.163197
v -12.025375 1.364260 12.608051
v -12.025375 -0.563459 12.608051
v -11.116833 -0.563463 12.606827
v -11.116833 1.364252 12.606827
v -12.025375 -2.040904 12.366219
v -11.116833 -2.040907 12.364994
v -12.025375 1.104288 18.124699
v -12.025375 -0.271553 17.447121
v -11.116833 -0.271555 17.445900
v -11.116833 1.104285 18.123478
v -11.116833 -3.263044 17.697079
v -12.025375 -3.183741 17.698307
v -12.025375 -4.832084 19.154747
v -11.116833 -4.721125 19.153522
v -12.025375 -6.691055 19.154747
v -11.116833 -6.365520 19.153522
v -12.025375 -2.061858 17.358936
v -11.116833 -2.061861 17.357712
v -11.116833 -3.409682 18.771961
v -12.025375 -3.330378 18.773186
v -12.025375 -4.785099 19.928093
v -11.116833 -4.674140 19.926868
v -12.025375 -6.691055 20.229633
v -11.116833 -6.365520 20.228405
v -11.116833 -3.627288 24.276657
v -12.025375 -3.586763 24.277885
v -12.025375 -4.429062 24.277885
v -11.116833 -4.372362 24.276657
v -6.823203 3.800597 -24.399433
v -6.823203 5.581828 -24.399433
v -7.417833 5.581828 -25.056705
v -7.417833 4.245455 -25.056705
v -7.417833 2.891863 -24.190266
v -7.417833 1.684891 -23.417675
v -7.417833 -0.360895 -21.719006
v -7.417833 -1.951067 -20.398640
v -7.417833 -4.832084 -15.978016
v -7.478347 -7.047142 -10.822186
v -9.539469 -8.862336 4.511295
v -9.539469 -8.862336 8.868282
v -8.834398 -8.286183 8.868713
v -7.753004 -7.827139 3.000511
v -6.634898 -7.179233 1.547657
v -6.523060 -4.507941 1.547657
v -6.523060 -3.415403 1.547657
v -6.523060 -2.598373 1.547657
v -6.523060 -1.544391 1.547657
v -6.523060 -0.188424 1.547657
v -6.523060 2.385022 1.547657
v -6.523060 3.216286 1.547657
v -5.031858 3.800597 -26.469540
v -5.031858 5.581828 -26.469540
v -5.445879 5.581828 -27.290760
v -5.445879 4.245455 -27.290760
v -5.445879 2.891863 -26.424320
v -5.445879 1.684891 -25.651730
v -5.445879 -0.360895 -23.953060
v -5.445879 -1.951067 -22.632694
v -5.445879 -4.832084 -18.212528
v -5.445879 -7.468624 -13.113522
v -6.805622 -10.272732 4.511284
v -6.805622 -10.272732 8.865910
v -6.324321 -9.533783 8.866676
v -5.586129 -8.945035 2.998623
v -4.822878 -8.114055 1.546074
v -4.822879 -4.507941 1.546074
v -4.822879 -3.415403 1.546074
v -4.822879 -2.598373 1.546074
v -4.822879 -1.544391 1.546074
v -4.822879 -0.188424 1.546074
v -4.822878 2.385020 1.546074
v -4.822878 3.216286 1.546074
v -0.294953 3.216286 1.553333
v -0.294953 2.385020 1.553333
v -0.294953 -0.188424 1.553333
v -0.294953 -1.544391 1.553333
v -0.294953 -2.598373 1.553333
v -0.294953 -3.415403 1.553333
v -0.294953 -4.507941 1.553333
v -0.294953 -9.040506 1.553333
v -0.171485 -10.052915 3.007282
v -0.052071 -10.770192 8.876041
v 0.025786 -11.670497 8.876831
v 0.025786 -11.670498 4.511276
v -0.194173 -7.935360 -14.916340
v -0.194173 -4.832084 -19.958858
v -0.194173 -1.951067 -24.381130
v -0.194173 -0.360895 -25.701481
v -0.194173 1.684891 -27.400158
v -0.194173 2.891863 -28.172741
v -0.194173 4.245455 -29.039181
v -0.194173 5.581828 -29.039181
v -0.261147 5.581828 -28.089664
v -0.261147 3.800597 -28.089664
v 2.866309 3.800597 -26.598003
v 2.866309 5.581828 -26.598003
v 3.248602 5.581828 -27.429394
v 3.248602 4.245455 -27.429394
v 3.248602 2.891863 -26.562946
v 3.248601 1.684891 -25.790356
v 3.248602 -0.360895 -24.091694
v 3.248602 -1.951067 -22.771328
v 3.248602 -4.832084 -18.351215
v 3.248602 -7.433694 -13.249363
v 4.504139 -10.228603 4.511284
v 4.504140 -10.228603 8.865623
v 4.059724 -9.494745 8.866436
v 3.378104 -8.910065 2.998402
v 2.673344 -8.084815 1.545887
v 2.673344 -4.507941 1.545887
v 2.673344 -3.415403 1.545887
v 2.673344 -2.598373 1.545887
v 2.673344 -1.544391 1.545887
v 2.673344 -0.188424 1.545887
v 2.673344 2.385020 1.545887
v 2.673344 3.216286 1.545887
v 4.544578 3.800597 -24.862202
v 4.544578 5.581828 -24.862202
v 5.096079 5.581828 -25.556126
v 5.096079 4.245455 -25.556126
v 5.096079 2.891863 -24.689693
v 5.096079 1.684891 -23.917095
v 5.096079 -0.360895 -22.218426
v 5.096079 -1.951067 -20.898075
v 5.096079 -4.832084 -16.477619
v 5.157046 -6.991995 -11.318890
v 7.077329 -8.855729 4.511292
v 7.077329 -8.855729 8.867428
v 6.422295 -8.280338 8.867981
v 5.417640 -7.821904 2.999836
v 4.378880 -7.174854 1.547085
v 4.266205 -4.507941 1.547085
v 4.266205 -3.415403 1.547085
v 4.266205 -2.598373 1.547085
v 4.266205 -1.544391 1.547085
v 4.266205 -0.188424 1.547085
v 4.266205 2.385020 1.547085
v 4.266205 3.216286 1.547085
v 5.893575 3.800597 -22.323200
v 5.893575 5.581828 -22.323200
v 6.581086 5.581828 -22.816044
v 6.581086 4.245455 -22.816044
v 6.581086 2.891863 -21.949604
v 6.581086 1.684891 -21.177013
v 6.581086 -0.360895 -19.478344
v 6.581086 -1.951067 -18.157986
v 6.721090 -4.832084 -13.334232
v 7.188537 -6.454857 -7.864666
v 9.033716 -7.538771 4.511307
v 9.033716 -7.538771 8.874786
v 8.218550 -7.115389 8.874290
v 6.968295 -6.778068 3.005669
v 5.675593 -6.301960 1.551975
v 5.546551 -4.507941 1.551975
v 5.546551 -3.415403 1.551975
v 5.546551 -2.598373 1.551975
v 5.546551 -1.544391 1.551975
v 5.546551 -0.188424 1.551975
v 5.546551 2.385020 1.551975
v 5.546551 3.216286 1.551975
v 8.875378 -5.483438 -5.619045
v 9.691784 -5.868427 -1.053654
v 10.174524 -5.868427 2.206707
v 10.174524 -5.868427 8.879871
v 9.265982 -5.637846 8.878651
v 7.872509 -5.454135 3.009693
v 6.431731 -5.194839 1.555355
v 5.618489 -5.508074 1.551975
v 5.101247 -5.707300 1.549828
v 4.329019 -5.994697 1.547085
v 3.445154 -6.323641 1.543949
v 2.673344 -6.501983 1.545887
v 1.486881 -6.776141 1.548866
v 0.626028 -6.901087 1.551022
v -0.294953 -7.034765 1.553333
v -1.100703 -7.151716 1.555355
v -2.360186 -6.969200 1.552212
v -3.692419 -6.776141 1.548897
v -4.822878 -6.518286 1.546074
v -5.676224 -6.323641 1.543949
v -6.585408 -5.997139 1.547657
v -7.392494 -5.707300 1.550953
v -8.282583 -5.194839 1.555355
v -9.723360 -5.454135 3.009693
v -11.116833 -5.637846 8.878651
v -11.116833 -5.637846 19.153522
v -11.116833 -5.637846 20.228405
v -12.025375 -5.868427 20.229633
v -12.025375 -5.868427 19.154747
v -12.020794 -5.868427 8.881634
v -12.025375 -5.868427 2.206707
v -11.541914 -5.868427 -1.054897
v -10.727161 -5.483438 -5.612980
v 10.174524 0.800949 9.330372
v 9.265982 0.261711 9.330372
v 7.872509 -0.167917 3.009693
v 6.431731 -0.774309 1.555355
v 5.546551 -0.774309 1.551975
v 4.983552 -0.774309 1.549828
v 4.266205 -0.774309 1.547085
v 3.445154 -0.774309 1.543949
v 2.673344 -0.774309 1.545887
v 1.486881 -0.774309 1.548866
v 0.626028 -0.774309 1.551022
v -0.294953 -0.774309 1.553333
v -1.100703 -0.774309 1.555355
v -2.360186 -0.774309 1.552212
v -3.692419 -0.774309 1.548897
v -4.822879 -0.774309 1.546074
v -5.676224 -0.774309 1.543949
v -6.523060 -0.774309 1.547657
v -7.274801 -0.774309 1.550953
v -8.282583 -0.774309 1.555355
v -9.723360 -0.167917 3.009693
v -11.116835 0.531328 8.878651
v -11.116835 0.531328 11.163197
v -11.116835 0.531328 12.606831
v -11.116835 0.496014 17.778976
v -12.025375 0.496017 17.780201
v -12.025375 0.531333 12.608051
v -12.025375 0.531333 11.164421
v -12.025375 0.531333 8.879871
v -12.008326 0.795517 -5.366299
v -11.699694 0.800949 -8.636364
v -11.137817 0.800949 -11.985020
v -10.454441 0.800949 -14.872974
v -9.458612 0.800949 -17.833385
v -8.289738 0.800949 -21.360889
v -7.417833 0.800949 -22.683712
v -6.435631 0.800949 -24.173878
v -5.445879 0.800949 -24.917767
v -4.134719 0.800949 -25.903233
v -2.589530 0.800949 -26.442059
v -1.128720 0.800949 -26.951458
v -0.194173 0.800949 -26.666195
v 0.874026 0.800949 -26.340130
v 1.872484 0.800949 -26.035351
v 3.248601 0.800949 -25.056393
v 4.143785 0.800949 -24.419582
v 5.096079 0.800949 -23.183140
v 5.928093 0.800949 -22.102879
v 6.581086 0.800949 -20.443050
v 7.607761 0.800949 -17.833385
v 8.601595 0.800949 -14.882648
v 9.261318 0.800949 -12.107426
v 9.833817 0.800949 -8.708675
v 10.174524 0.800949 -5.377361
v -12.025375 0.902747 19.998196
v -12.025375 0.468359 19.998196
v -11.116835 0.468357 19.996971
v -11.116833 0.902743 19.996971
v -9.539469 -8.862336 15.979553
v -10.823425 -8.077941 15.984509
v -8.834398 -8.286183 15.979984
v -10.013262 -7.592327 15.984230
v -12.025375 -6.748176 15.563744
v -11.116833 -6.308398 17.292988
v -8.093088 -9.745955 15.973980
v -7.506407 -9.067813 15.975208
v -9.539469 -8.862336 17.795460
v -10.823425 -8.077941 17.800411
v -8.834398 -8.286183 17.795891
v -10.013262 -7.592327 17.800133
v -8.319731 -9.515004 17.789886
v -7.733050 -8.836865 17.791111
v -9.580797 -8.770186 18.875683
v -10.672012 -8.103539 18.879887
v -8.981571 -8.280522 18.876049
v -9.983467 -7.690833 18.879654
v -6.809531 -10.271972 12.063679
v -8.097084 -9.745411 12.060490
v -6.328230 -9.533020 12.064453
v -7.510402 -9.067268 12.061714
v -3.093908 -11.491485 10.626835
v -5.103887 -10.969300 10.621834
v -2.916728 -10.611673 10.626282
v -4.762188 -10.149799 10.622002
v -3.093908 -11.491485 12.468403
v -5.103887 -10.969300 13.850956
v -2.916728 -10.611673 12.467850
v -4.762188 -10.149799 13.851124
v -6.345475 -10.442318 13.905251
v -5.864174 -9.703374 13.906017
v -3.567930 -11.336762 14.965065
v -4.855168 -10.935014 14.961220
v -3.454459 -10.659870 14.964642
v -4.636337 -10.304522 14.961342
v -0.052071 -10.770192 10.338303
v 0.025786 -11.670497 10.339092
v 1.415297 -11.308724 10.335613
v 1.223706 -10.450179 10.335320
v -3.090089 -11.493054 10.337406
v -2.912909 -10.613244 10.336853
v -1.189871 -11.987005 10.342133
v -1.168226 -11.050178 10.340904
v 2.714090 -10.970572 10.332359
v 2.398666 -10.068636 10.485790
v -0.052071 -10.770192 11.565868
v 0.025786 -11.670497 11.566666
v 1.415297 -11.308724 11.563187
v 1.223706 -10.450179 11.562893
v 2.397715 -10.970572 11.559933
v 2.099817 -10.151071 11.560112
v -0.902061 -11.987005 11.381351
v -0.880415 -11.050178 11.380127
v 0.094808 -10.770192 12.855431
v 0.157079 -11.670497 12.856220
v 1.268417 -11.308724 12.852741
v 1.115182 -10.450179 12.852455
v -11.116833 -5.791046 22.042557
v -12.025375 -5.954546 22.043777
v -12.025375 -6.537854 22.043777
v -11.116833 -6.307024 22.042557
v 4.504140 -10.228603 10.634384
v 2.714090 -10.970572 10.638866
v 4.059724 -9.494745 10.635201
v 7.077329 -8.855729 10.636192
v 5.668591 -9.745955 10.631474
v 6.422295 -8.280338 10.636745
v 5.128864 -9.067813 10.632698
v 8.308134 -8.077941 10.640316
v 7.552357 -7.592327 10.640285
v 7.077329 -8.855729 14.548439
v 5.668591 -9.745955 14.543720
v 6.422295 -8.280338 14.548992
v 5.128864 -9.067813 14.544945
v 4.754404 -10.101856 14.546631
v 4.309988 -9.367999 14.547447
v 6.877911 -9.011054 16.384529
v 5.767977 -9.689215 16.379810
v 6.222876 -8.435658 16.385082
v 5.228250 -9.011074 16.381035
v 9.033716 -7.538771 12.138874
v 8.432041 -7.990326 12.135639
v 8.218550 -7.115389 12.138378
v 7.676264 -7.504711 12.135612
v 10.174524 -5.868427 12.143959
v 10.174524 -6.691055 12.143959
v 9.265982 -5.637846 12.142738
v 9.265982 -6.365520 12.142738
v 9.221697 -7.477399 18.649269
v 8.406530 -7.054017 18.648773
v 10.174524 -6.691055 18.654354
v 9.265982 -6.365520 18.653130
v 10.172604 -3.183741 10.307072
v 10.172604 -4.832084 10.307072
v 9.264061 -3.263044 10.305851
v 9.264061 -4.721125 10.305851
v 10.172604 -0.360895 10.307072
v 10.172604 -1.884807 10.119293
v 9.264061 -0.589138 10.305851
v 9.264061 -2.106392 10.118073
v 10.172604 -5.868427 10.307072
v 9.264061 -5.637846 10.305851
v 10.172604 -3.183741 13.590401
v 10.172604 -4.832084 13.590401
v 9.264061 -3.263044 13.589180
v 9.264061 -4.721125 13.589180
v 10.172604 -2.295017 13.403091
v 9.264061 -2.516602 13.401867
v 10.172604 -3.503256 17.223942
v 10.172604 -4.701902 17.223942
v 9.264061 -3.560925 17.222717
v 9.264061 -4.621215 17.222717
v 9.265982 -0.589138 11.058743
v 10.174524 -0.360895 11.058743
v 10.174524 0.531333 11.235249
v 9.265982 0.531328 11.235249
v 10.174524 2.891863 11.235249
v 9.265982 2.728678 11.235249
v 9.265982 1.364252 11.235249
v 10.174524 1.364260 11.235249
v 10.174522 2.891863 11.944130
v 9.265980 2.728678 11.944130
v 9.265980 1.364252 11.944130
v 10.174522 1.364260 11.944130
v 10.174524 0.531333 11.944130
v 9.265982 0.531328 11.944130
v 10.128389 0.655173 13.305862
v 9.312117 0.655167 13.305862
v 10.128389 1.240420 13.305862
v 9.312115 1.240412 13.305862
v 10.174524 4.245455 12.816528
v 9.196478 4.245455 12.816540
v 10.174524 5.581828 12.816540
v 9.157898 5.581828 12.816540
v 9.265982 3.380480 12.816528
v 9.265982 2.728678 12.816528
v 10.174524 2.891863 12.816528
v 10.174524 4.498108 15.694756
v 9.196478 4.498108 15.694763
v 10.174524 5.329172 15.694763
v 9.157898 5.329172 15.694763
v -12.481277 -3.183741 8.878166
v -12.481277 -1.951067 8.878166
v -12.785048 -3.183741 17.691364
v -12.773357 -2.061858 17.352196
v -12.352440 -5.868427 19.152771
v -12.352440 -6.691055 19.152771
v -12.387613 -5.868427 20.227077
v -12.387613 -6.691055 20.227077
v -12.446978 -6.537854 22.040253
v -12.446978 -5.954546 22.040253
v -11.743073 1.670475 -9.359638
v -11.728918 0.786534 -8.624310
v -11.244171 1.663500 -12.731411
v -11.230856 0.779559 -11.991817
v -10.617123 1.655625 -15.625576
v -10.600637 0.771683 -14.902264
v -9.660904 0.767393 -17.886913
v -9.675352 1.651335 -18.620724
v -8.576254 1.651497 -22.170300
v -8.561808 0.767556 -21.436489
v -12.025375 3.395518 12.338631
v -12.025375 3.395518 10.847950
v -12.025375 3.395518 8.879871
v -12.025375 3.443838 -7.237240
v -11.698732 3.443838 -10.500744
v -11.134102 3.443838 -13.862095
v -10.461157 3.443838 -16.701572
v -9.458612 3.443838 -19.693264
v -8.289738 3.443838 -23.220760
v -7.417833 3.443838 -24.543583
v -6.435631 3.443838 -26.033749
v -5.445879 3.443838 -26.777637
v -4.134719 3.443838 -27.763103
v -2.589530 3.443838 -28.301929
v -1.128720 3.443838 -28.811329
v -0.194173 3.443838 -28.526066
v 0.874026 3.443838 -28.200001
v 1.872484 3.443838 -27.895222
v 3.248602 3.443838 -26.916264
v 4.143785 3.443838 -26.279453
v 5.096079 3.443838 -25.043011
v 5.928092 3.443838 -23.962742
v 6.581086 3.443838 -22.302929
v 7.607761 3.443838 -19.693264
v 8.593241 3.443838 -16.781414
v 9.248831 3.443838 -14.025082
v 9.829166 3.443838 -10.590389
v 10.174524 3.443838 -7.237240
v 10.174524 3.443838 9.330372
v 10.174524 3.443838 12.816528
v -12.025375 3.348782 13.050201
v -11.116833 3.336146 13.048981
v -12.025375 2.857008 13.050201
v -11.116835 2.857008 13.048981
v 9.265982 3.329066 13.584728
v 9.265982 2.791163 13.584728
v 10.174524 2.925833 13.584728
v 10.174524 3.381352 13.584728
v 10.555752 -4.832084 8.878757
v 10.555752 -3.183741 8.878757
v 10.598709 -3.183741 10.305313
v 10.598709 -4.832084 10.305313
v 10.701944 -3.183741 13.586815
v 10.701944 -4.832084 13.586815
v 10.816198 -3.503256 17.218559
v 10.816198 -4.701902 17.218559
v -8.063664 3.800597 -21.793316
v -8.063664 5.581828 -21.793316
v -8.783360 5.581828 -22.244198
v -8.783360 4.245455 -22.244198
v -8.783360 3.443838 -21.731075
v -8.783360 2.891863 -21.377758
v -8.783360 1.684891 -20.605160
v -9.040409 1.651430 -20.671291
v -9.025963 0.767487 -19.937481
v -8.783360 0.800949 -19.871197
v -8.783360 -0.360895 -18.906490
v -8.783360 -1.951067 -17.586132
v -8.935408 -4.832084 -12.727467
v -9.396135 -6.474628 -7.297459
v -11.331017 -7.492251 4.511311
v -11.329081 -7.492251 8.876781
v -11.331017 -7.516374 15.806820
v -10.479307 -7.050115 16.536926
v -10.479307 -7.074238 8.875359
v -9.173004 -6.741195 3.006657
v -7.822355 -6.271125 1.552811
v -7.768384 -5.490884 1.552811
v -7.700393 -4.507941 1.552811
v -7.700393 -3.415403 1.552811
v -7.700393 -2.598373 1.552811
v -7.700393 -1.544391 1.552811
v -7.700393 -0.774309 1.552811
v -7.700393 -0.188424 1.552811
v -7.700394 2.385022 1.552811
v -7.700393 3.216286 1.552811
v 9.648518 -6.458981 0.221783
v 9.914913 -6.691056 2.529247
v 7.468668 -7.506043 -2.870892
v 7.837766 -7.768616 -0.259220
v -1.132779 -11.987003 -7.039989
v -1.128720 -11.612400 -8.561192
v -2.589530 -11.133493 -8.083210
v -2.623783 -11.493054 -6.542431
v -6.212020 -10.195769 -4.287991
v -6.435631 -9.698083 -5.972874
v -7.902485 -8.933701 -4.073818
v -7.075407 -9.777048 -3.100498
v 4.296150 -9.745955 -4.354809
v 4.143785 -9.396064 -6.366756
v 3.248602 -9.907550 -6.809933
v 3.355038 -10.228603 -5.085346
v 1.934464 -10.970572 -6.106495
v 1.872484 -10.624069 -7.719090
v 0.874026 -10.960911 -7.979610
v 0.911028 -11.308724 -6.449230
v -4.204061 -10.970572 -6.004627
v -4.134719 -10.613254 -7.614353
v -5.748261 -10.019745 -6.510784
v -5.561051 -10.484418 -4.959057
v 6.237443 -8.700845 -2.216869
v 6.354320 -8.226251 -4.008595
v 5.544985 -8.754326 -4.651180
v 4.815720 -9.501673 -3.526958
v -8.963581 -8.701704 -1.002541
v -8.512428 -8.501967 -3.495159
v -10.123638 -7.512930 -1.318874
v -9.483690 -8.382977 -0.234356
v -0.179545 -11.670496 -6.773586
v -0.194173 -11.305757 -8.294186
v -11.750439 -6.691056 2.414063
v -11.508051 -6.476052 0.306034
v 10.483297 5.581828 -7.750355
v 10.444157 5.581828 9.330383
v 8.931295 5.581828 -8.363087
v 8.892155 5.581828 9.330383
v -12.331896 5.581828 -7.750355
v -12.295176 5.581828 8.879871
v -10.743174 5.581828 8.919083
v -10.779894 5.581828 -8.363087
v 10.107620 5.581828 -11.110126
v 8.604099 5.581828 -11.476299
v -11.979218 5.581828 -11.015224
v -10.472925 5.581828 -11.388363
v 9.490492 5.581828 -14.555721
v 8.068447 5.581828 -14.669056
v -11.383385 5.581828 -14.380428
v -9.956158 5.581828 -14.506618
v 8.853422 5.581828 -17.306332
v 7.522867 5.581828 -17.217808
v -10.727087 5.581828 -17.205204
v -9.393509 5.581828 -17.124104
v 5.661099 5.581828 -22.323200
v 6.710666 5.581828 -22.816044
v 6.112364 5.581828 -24.703136
v 5.154099 5.581828 -23.861217
v 7.812370 5.581828 -20.206371
v 6.619254 5.581828 -19.905033
v 4.411613 5.581828 -24.862202
v 5.253546 5.581828 -25.783405
v 4.256514 5.581828 -27.019855
v 3.547732 5.581828 -25.781498
v 2.824447 5.581828 -26.371586
v 3.408063 5.581828 -27.656666
v 1.891502 5.581828 -28.635609
v 1.500295 5.581828 -27.278698
v 0.673960 5.581828 -27.561108
v 0.925561 5.581828 -28.940395
v -0.192811 5.581828 -29.266460
v -0.295055 5.581828 -27.863255
v -2.386341 5.581828 -27.655567
v -2.619017 5.581828 -29.042324
v -4.240232 5.581828 -28.503490
v -3.791507 5.581828 -27.156277
v -4.961154 5.581828 -26.243137
v -5.593207 5.581828 -27.518040
v -6.566803 5.581828 -26.774151
v -5.796361 5.581828 -25.553829
v -6.677330 5.581828 -24.173016
v -7.585104 5.581828 -25.056705
v -8.510983 5.581828 -23.733875
v -7.481299 5.581828 -22.947262
v -7.846852 5.581828 -21.793316
v -8.945555 5.581828 -22.244198
v -9.616495 5.581828 -20.206371
v -8.423378 5.581828 -19.905033
v -1.067633 5.581828 -29.551731
v -1.170026 5.581828 -28.127590
v -12.293064 5.581828 10.847950
v -10.741062 5.581828 10.887161
v 8.890209 5.581828 12.816540
v 10.442211 5.581828 12.816540
v 8.890209 5.329172 15.694763
v 10.442211 5.329172 15.694763
v 10.483297 6.335020 -7.750355
v 10.444157 6.335020 9.330383
v 8.931295 6.335020 -8.363087
v 8.892155 6.335020 9.330383
v -12.331896 6.335020 -7.750355
v -12.295176 6.335020 8.879871
v -10.743174 6.335020 8.919083
v -10.779894 6.335020 -8.363087
v 10.107620 6.335020 -11.110126
v 8.604099 6.335020 -11.476299
v -11.979218 6.335020 -11.015224
v -10.472925 6.335020 -11.388363
v 9.490492 6.335020 -14.555721
v 8.068447 6.335020 -14.669056
v -11.383385 6.335020 -14.380428
v -9.956158 6.335020 -14.506618
v 8.853422 6.335020 -17.306332
v 7.522867 6.335020 -17.217808
v -10.727087 6.335020 -17.205204
v -9.393509 6.335020 -17.124104
v 5.661099 6.335020 -22.323200
v 6.710666 6.335020 -22.816044
v 6.112364 6.335020 -24.703136
v 5.154099 6.335020 -23.861217
v 7.812370 6.335020 -20.206371
v 6.619254 6.335020 -19.905033
v 4.411613 6.335020 -24.862202
v 5.253546 6.335020 -25.783405
v 4.256514 6.335020 -27.019855
v 3.547732 6.335020 -25.781498
v 2.824447 6.335020 -26.371586
v 3.408063 6.335020 -27.656666
v 1.891502 6.335020 -28.635609
v 1.500295 6.335020 -27.278698
v 0.673960 6.335020 -27.561108
v 0.925561 6.335020 -28.940395
v -0.192811 6.335020 -29.266460
v -0.295055 6.335020 -27.863255
v -2.386341 6.335020 -27.655567
v -2.619017 6.335020 -29.042324
v -4.240232 6.335020 -28.503490
v -3.791507 6.335020 -27.156277
v -4.961154 6.335020 -26.243137
v -5.593207 6.335020 -27.518040
v -6.566803 6.335020 -26.774151
v -5.796361 6.335020 -25.553829
v -6.677330 6.335020 -24.173016
v -7.585104 6.335020 -25.056705
v -8.510983 6.335020 -23.733875
v -7.481299 6.335020 -22.947262
v -7.846852 6.335020 -21.793316
v -8.945555 6.335020 -22.244198
v -9.616495 6.335020 -20.206371
v -8.423378 6.335020 -19.905033
v -1.067633 6.335020 -29.551731
v -1.039208 6.335020 -28.127590
v -12.293064 6.335020 10.847950
v -10.741062 6.335020 10.887161
v 8.890209 6.335020 12.816540
v 10.442211 6.335020 12.816540
v 8.890209 6.082369 15.694763
v 10.442211 6.082369 15.694763
vt 0.628034 0.101991
vt 0.648346 0.111203
vt 0.629263 0.128113
vt 0.610607 0.119528
vt 0.460472 0.557249
vt 0.472014 0.561583
vt 0.466900 0.574301
vt 0.455445 0.569678
vt 0.198431 0.273734
vt 0.202458 0.293916
vt 0.138194 0.306301
vt 0.134167 0.285459
vt 0.113585 0.087161
vt 0.326960 0.080190
vt 0.312811 0.097780
vt 0.113838 0.103541
vt 0.897353 0.713682
vt 0.895651 0.490536
vt 0.914307 0.474808
vt 0.916245 0.713519
vt 0.653040 0.599924
vt 0.682652 0.606249
vt 0.669006 0.673422
vt 0.638911 0.667159
vt 0.494988 0.462853
vt 0.500822 0.445087
vt 0.512418 0.448808
vt 0.506559 0.466706
vt 0.853465 0.118353
vt 0.866176 0.142274
vt 0.850761 0.160421
vt 0.837905 0.136988
vt 0.830192 0.184910
vt 0.788215 0.253985
vt 0.775025 0.231637
vt 0.817645 0.162151
vt 0.520565 0.184829
vt 0.587472 0.142007
vt 0.604701 0.150399
vt 0.536780 0.193699
vt 0.115963 0.156253
vt 0.278492 0.141135
vt 0.259966 0.167083
vt 0.118457 0.180765
vt 0.417483 0.539580
vt 0.433214 0.545917
vt 0.428181 0.558272
vt 0.412539 0.551787
vt 0.457045 0.430856
vt 0.473025 0.436103
vt 0.467221 0.453547
vt 0.451233 0.448126
vt 0.815280 0.704540
vt 0.821289 0.549638
vt 0.848926 0.528702
vt 0.841926 0.705758
vt 0.747889 0.332356
vt 0.732192 0.310773
vt 0.461257 0.233900
vt 0.445867 0.223342
vt 0.120116 0.196355
vt 0.218517 0.186118
vt 0.185971 0.201348
vt 0.121565 0.209033
vt 0.366490 0.519595
vt 0.388905 0.528279
vt 0.386871 0.541375
vt 0.366745 0.533380
vt 0.405776 0.413382
vt 0.428296 0.421169
vt 0.418511 0.436799
vt 0.392879 0.427757
vt 0.774150 0.692813
vt 0.784005 0.626009
vt 0.800913 0.592459
vt 0.787154 0.694643
vt 0.494905 0.178664
vt 0.420126 0.213696
vt 0.397359 0.205092
vt 0.472298 0.173165
vt 0.537893 0.131112
vt 0.561012 0.136113
vt 0.574209 0.090790
vt 0.599238 0.095316
vt 0.582858 0.113085
vt 0.558946 0.108551
vt 0.450271 0.582117
vt 0.461708 0.586912
vt 0.456988 0.598125
vt 0.445535 0.593189
vt 0.407530 0.563819
vt 0.423063 0.570458
vt 0.418399 0.581206
vt 0.402986 0.574417
vt 0.369550 0.549927
vt 0.386255 0.555965
vt 0.385576 0.568876
vt 0.371895 0.564646
vt 0.189913 0.227551
vt 0.193810 0.249195
vt 0.129420 0.259938
vt 0.125579 0.237101
vt 0.701861 0.610302
vt 0.727233 0.615371
vt 0.714712 0.682522
vt 0.688670 0.677381
vt 0.426957 0.393676
vt 0.443447 0.399941
vt 0.434574 0.411000
vt 0.414093 0.404024
vt 0.464534 0.407708
vt 0.480469 0.412670
vt 0.476683 0.424750
vt 0.460723 0.419636
vt 0.504505 0.433507
vt 0.508319 0.421163
vt 0.519971 0.424704
vt 0.516120 0.437142
vt 0.874268 0.157691
vt 0.882119 0.180979
vt 0.866559 0.198600
vt 0.858830 0.175601
vt 0.845373 0.222162
vt 0.804011 0.291038
vt 0.796815 0.268381
vt 0.838282 0.199556
vt 0.769032 0.369328
vt 0.758142 0.346285
vt 0.446903 0.460654
vt 0.462889 0.466195
vt 0.458147 0.479714
vt 0.442173 0.474051
vt 0.385332 0.438819
vt 0.412378 0.448492
vt 0.405752 0.460992
vt 0.377197 0.450647
vt 0.595915 0.657960
vt 0.610526 0.590588
vt 0.632512 0.595440
vt 0.618121 0.662735
vt 0.763457 0.220330
vt 0.719478 0.300385
vt 0.705826 0.289185
vt 0.751009 0.208111
vt 0.806606 0.150243
vt 0.794528 0.137350
vt 0.814971 0.110450
vt 0.830866 0.090738
vt 0.842695 0.105127
vt 0.826989 0.124224
vt 0.502189 0.479673
vt 0.497401 0.493526
vt 0.485859 0.489476
vt 0.490631 0.475724
vt 0.207944 0.320724
vt 0.214387 0.350957
vt 0.150154 0.364427
vt 0.143740 0.333718
vt 0.368104 0.480555
vt 0.395861 0.490857
vt 0.391454 0.510860
vt 0.365993 0.501235
vt 0.431218 0.504030
vt 0.447132 0.509960
vt 0.439725 0.529413
vt 0.423886 0.523300
vt 0.474753 0.520197
vt 0.486243 0.524503
vt 0.478721 0.544422
vt 0.467329 0.539783
vt 0.674418 0.123727
vt 0.697353 0.141408
vt 0.676054 0.158216
vt 0.654178 0.140510
vt 0.558539 0.205590
vt 0.627903 0.162075
vt 0.647883 0.179357
vt 0.576782 0.222875
vt 0.498296 0.266548
vt 0.481825 0.247932
vt 0.762890 0.622250
vt 0.751780 0.689226
vt 0.737553 0.686753
vt 0.749293 0.619702
vt 0.445206 0.379470
vt 0.456206 0.383754
vt 0.451075 0.390248
vt 0.438033 0.384616
vt 0.470241 0.389155
vt 0.486119 0.393850
vt 0.483676 0.402119
vt 0.467769 0.397308
vt 0.514047 0.401823
vt 0.525798 0.405206
vt 0.523260 0.413798
vt 0.511565 0.410343
vt 0.888721 0.201346
vt 0.894071 0.228835
vt 0.877886 0.245955
vt 0.872913 0.218758
vt 0.855560 0.268753
vt 0.814129 0.344339
vt 0.810370 0.310781
vt 0.851544 0.241903
vt 0.788087 0.427898
vt 0.778629 0.389462
vt 0.396721 0.588474
vt 0.400370 0.580373
vt 0.415698 0.587255
vt 0.411932 0.595474
vt 0.375297 0.571509
vt 0.386339 0.575355
vt 0.387295 0.584213
vt 0.379851 0.580935
vt 0.188217 0.216443
vt 0.123777 0.225268
vt 0.401784 0.168248
vt 0.442568 0.171049
vt 0.363025 0.196560
vt 0.316071 0.185056
vt 0.483051 0.126739
vt 0.514740 0.129183
vt 0.518744 0.087073
vt 0.550700 0.089915
vt 0.535492 0.106471
vt 0.503569 0.103814
vt 0.438934 0.608058
vt 0.442786 0.599463
vt 0.454263 0.604491
vt 0.450461 0.613238
vt 0.376574 0.080237
vt 0.362053 0.097630
vt 0.327741 0.140278
vt 0.308520 0.165563
vt 0.804777 0.541673
vt 0.787189 0.595826
vt 0.793666 0.560477
vt 0.850233 0.475142
vt 0.823583 0.496757
vt 0.913355 0.421229
vt 0.895096 0.437154
vt 0.811656 0.468917
vt 0.802878 0.488758
vt 0.849059 0.421701
vt 0.822554 0.443848
vt 0.910885 0.366363
vt 0.893112 0.382805
vt 0.427570 0.081357
vt 0.412773 0.098482
vt 0.377741 0.140820
vt 0.357876 0.166129
vt 0.819913 0.397597
vt 0.846375 0.376207
vt 0.907356 0.321251
vt 0.890009 0.337861
vt 0.472000 0.083353
vt 0.457316 0.100316
vt 0.422193 0.142611
vt 0.334536 0.176641
vt 0.866223 0.360112
vt 0.861405 0.311496
vt 0.901338 0.272402
vt 0.884507 0.289127
vt 0.437475 0.123428
vt 0.310680 0.549995
vt 0.355934 0.427422
vt 0.374046 0.429177
vt 0.327155 0.556140
vt 0.598115 0.517770
vt 0.553261 0.636814
vt 0.536681 0.630949
vt 0.583279 0.507234
vt 0.368904 0.404831
vt 0.385843 0.408160
vt 0.603101 0.492975
vt 0.588109 0.484335
vt 0.384667 0.382580
vt 0.400066 0.387399
vt 0.605773 0.466497
vt 0.590961 0.459941
vt 0.398784 0.365390
vt 0.412671 0.371293
vt 0.606359 0.443654
vt 0.591986 0.438954
vt 0.446084 0.342075
vt 0.436261 0.334387
vt 0.447657 0.323231
vt 0.455578 0.333060
vt 0.417589 0.348728
vt 0.429448 0.355613
vt 0.466136 0.328827
vt 0.459662 0.318890
vt 0.473551 0.313977
vt 0.477764 0.325659
vt 0.487019 0.324294
vt 0.484260 0.312772
vt 0.502975 0.311762
vt 0.503500 0.323037
vt 0.513027 0.324285
vt 0.514044 0.313403
vt 0.526787 0.315495
vt 0.524121 0.325957
vt 0.545764 0.335726
vt 0.551942 0.326709
vt 0.567710 0.336991
vt 0.559345 0.344869
vt 0.569319 0.356045
vt 0.579437 0.349411
vt 0.587783 0.358598
vt 0.576342 0.364293
vt 0.582001 0.377678
vt 0.594000 0.374940
vt 0.600291 0.388086
vt 0.587258 0.389647
vt 0.588053 0.399365
vt 0.600922 0.400484
vt 0.602595 0.417746
vt 0.589124 0.415181
vt 0.972208 0.713030
vt 0.969636 0.435729
vt 0.991370 0.435425
vt 0.993912 0.712831
vt 0.086387 0.521285
vt 0.083684 0.676355
vt 0.059310 0.675930
vt 0.062013 0.520860
vt 0.988272 0.044490
vt 0.988272 0.064458
vt 0.970385 0.064458
vt 0.970385 0.043701
vt 0.361952 0.027717
vt 0.112740 0.031539
vt 0.112431 0.011517
vt 0.361608 0.007661
vt 0.104727 0.769663
vt 0.084540 0.769663
vt 0.083972 0.740902
vt 0.104727 0.740902
vt 0.079922 0.039606
vt 0.077285 0.190882
vt 0.052911 0.190457
vt 0.055551 0.038992
vt 0.967691 0.380668
vt 0.989630 0.379612
vt 0.086863 0.494000
vt 0.062488 0.493575
vt 0.411409 0.026546
vt 0.411025 0.006304
vt 0.076823 0.217396
vt 0.052449 0.216971
vt 0.963997 0.323705
vt 0.985940 0.321890
vt 0.087351 0.466017
vt 0.062976 0.465592
vt 0.463264 0.025924
vt 0.463193 0.005420
vt 0.076347 0.244725
vt 0.051972 0.244300
vt 0.959247 0.277698
vt 0.981143 0.274953
vt 0.087740 0.443680
vt 0.063366 0.443255
vt 0.507866 0.026440
vt 0.508372 0.005592
vt 0.075947 0.267666
vt 0.051573 0.267241
vt 0.964817 0.178218
vt 0.943081 0.182941
vt 0.936243 0.154623
vt 0.957638 0.148648
vt 0.088755 0.385455
vt 0.088520 0.398935
vt 0.064146 0.398510
vt 0.064381 0.385030
vt 0.951902 0.228137
vt 0.973712 0.224427
vt 0.088151 0.420129
vt 0.063776 0.419704
vt 0.950543 0.126249
vt 0.929387 0.133530
vt 0.920674 0.109751
vt 0.941142 0.101256
vt 0.089083 0.366641
vt 0.088908 0.376683
vt 0.064533 0.376258
vt 0.064709 0.366216
vt 0.933258 0.083974
vt 0.913106 0.093718
vt 0.900589 0.069212
vt 0.920056 0.058361
vt 0.120353 0.410199
vt 0.120686 0.393971
vt 0.145058 0.394471
vt 0.144726 0.410699
vt 0.910783 0.042750
vt 0.891322 0.054809
vt 0.880756 0.038884
vt 0.900317 0.026255
vt 0.144226 0.435066
vt 0.119853 0.434567
vt 0.120112 0.421972
vt 0.144484 0.422472
vt 0.767946 0.063476
vt 0.754344 0.086040
vt 0.727900 0.069836
vt 0.739775 0.047036
vt 0.118901 0.481029
vt 0.119274 0.462812
vt 0.143647 0.463311
vt 0.143273 0.481529
vt 0.709974 0.033095
vt 0.700079 0.057042
vt 0.678682 0.048581
vt 0.686239 0.024386
vt 0.118344 0.508160
vt 0.118584 0.496490
vt 0.142956 0.496989
vt 0.142717 0.508660
vt 0.652122 0.016036
vt 0.646810 0.040428
vt 0.618957 0.035062
vt 0.622363 0.011419
vt 0.075023 0.320685
vt 0.074835 0.331428
vt 0.050461 0.331003
vt 0.050648 0.320261
vt 0.594315 0.009204
vt 0.592271 0.031912
vt 0.557315 0.028867
vt 0.558502 0.007343
vt 0.075522 0.292038
vt 0.075233 0.308588
vt 0.050859 0.308163
vt 0.051148 0.291614
vt 0.534788 0.407831
vt 0.574456 0.419789
vt 0.571835 0.428492
vt 0.532214 0.416468
vt 0.525014 0.439927
vt 0.528883 0.427420
vt 0.568471 0.439608
vt 0.564549 0.452331
vt 0.515419 0.469651
vt 0.521288 0.451655
vt 0.560794 0.464295
vt 0.554874 0.482680
vt 0.545626 0.510298
vt 0.506238 0.496619
vt 0.511037 0.482687
vt 0.550463 0.496023
vt 0.534313 0.542262
vt 0.526680 0.562841
vt 0.487481 0.547876
vt 0.495042 0.527792
vt 0.480815 0.564985
vt 0.519983 0.580291
vt 0.514801 0.593419
vt 0.475680 0.577828
vt 0.470481 0.590547
vt 0.509561 0.606412
vt 0.504849 0.617897
vt 0.465780 0.601850
vt 0.459402 0.617091
vt 0.463100 0.608276
vt 0.502173 0.624386
vt 0.498501 0.633237
vt 0.112935 0.044272
vt 0.354458 0.039890
vt 0.349292 0.048276
vt 0.113069 0.053039
vt 0.403916 0.038829
vt 0.398755 0.047264
vt 0.455538 0.038236
vt 0.450236 0.046674
vt 0.500079 0.038742
vt 0.494757 0.047159
vt 0.543013 0.049559
vt 0.548791 0.041230
vt 0.582739 0.044618
vt 0.576250 0.053078
vt 0.608708 0.047998
vt 0.635774 0.053598
vt 0.628206 0.062382
vt 0.601649 0.056795
vt 0.667228 0.061380
vt 0.688434 0.070268
vt 0.680638 0.079184
vt 0.659301 0.070067
vt 0.715955 0.082697
vt 0.741758 0.099581
vt 0.732993 0.108629
vt 0.707702 0.091495
vt 0.868736 0.050220
vt 0.879643 0.065810
vt 0.871806 0.073528
vt 0.860656 0.058169
vt 0.889583 0.079991
vt 0.901987 0.104593
vt 0.894445 0.112081
vt 0.881984 0.087547
vt 0.909885 0.120515
vt 0.918214 0.144292
vt 0.910608 0.151615
vt 0.902392 0.127922
vt 0.925144 0.165207
vt 0.931524 0.193364
vt 0.923611 0.200417
vt 0.917460 0.172413
vt 0.940009 0.238107
vt 0.947086 0.287468
vt 0.938735 0.294113
vt 0.931859 0.244881
vt 0.951553 0.333222
vt 0.943011 0.339703
vt 0.954991 0.389646
vt 0.946267 0.395767
vt 0.956736 0.444229
vt 0.947864 0.450071
vt 0.950222 0.713226
vt 0.959190 0.713146
vt 0.259104 0.770511
vt 0.270436 0.796799
vt 0.254532 0.806625
vt 0.244509 0.782490
vt 0.048434 0.163424
vt 0.047930 0.203303
vt 0.029850 0.201084
vt 0.028045 0.165037
vt 0.156725 0.967995
vt 0.168415 0.985542
vt 0.160180 0.995405
vt 0.149831 0.979289
vt 0.321298 0.444824
vt 0.337413 0.466430
vt 0.320550 0.473348
vt 0.305865 0.454636
vt 0.284161 0.830447
vt 0.282889 0.849824
vt 0.260200 0.842038
vt 0.263329 0.823559
vt 0.071686 0.741081
vt 0.080334 0.767361
vt 0.065765 0.769678
vt 0.058116 0.745547
vt 0.129952 0.697620
vt 0.140747 0.708969
vt 0.122989 0.715652
vt 0.113206 0.705799
vt 0.541049 0.685662
vt 0.545269 0.668468
vt 0.564467 0.668071
vt 0.560733 0.683280
vt 0.335923 0.373666
vt 0.361104 0.368059
vt 0.363924 0.386435
vt 0.341650 0.391394
vt 0.601996 0.701324
vt 0.585153 0.692131
vt 0.589730 0.673482
vt 0.607744 0.677904
vt 0.949336 0.063627
vt 0.948463 0.045077
vt 0.966591 0.045077
vt 0.965370 0.063627
vt 0.143564 0.738482
vt 0.125694 0.732390
vt 0.127459 0.719961
vt 0.145126 0.727488
vt 0.901478 0.003778
vt 0.921665 0.002213
vt 0.926514 0.020239
vt 0.907464 0.022190
vt 0.957733 0.143010
vt 0.957733 0.124461
vt 0.974253 0.124461
vt 0.974253 0.143010
vt 0.267905 0.406768
vt 0.249799 0.410799
vt 0.243036 0.380422
vt 0.261142 0.376391
vt 0.152815 0.507006
vt 0.157442 0.485197
vt 0.260042 0.499889
vt 0.255408 0.518597
vt 0.907131 0.857509
vt 0.887096 0.858004
vt 0.889942 0.750320
vt 0.918052 0.749111
vt 0.143639 0.556816
vt 0.147816 0.533468
vt 0.250249 0.541266
vt 0.245368 0.560750
vt 0.866215 0.858757
vt 0.838832 0.859166
vt 0.847682 0.752192
vt 0.871673 0.751529
vt 0.958208 0.746581
vt 0.965746 0.854131
vt 0.941807 0.855505
vt 0.937428 0.747831
vt 0.163695 0.456224
vt 0.171541 0.423585
vt 0.272986 0.446727
vt 0.265827 0.474871
vt 0.815026 0.859445
vt 0.800335 0.859391
vt 0.814543 0.753909
vt 0.827054 0.753293
vt 0.777278 0.859143
vt 0.764582 0.856262
vt 0.785315 0.752047
vt 0.795691 0.755027
vt 0.748607 0.852558
vt 0.723203 0.846554
vt 0.749499 0.742164
vt 0.771768 0.748211
vt 0.710569 0.732263
vt 0.674638 0.843095
vt 0.659780 0.839538
vt 0.694454 0.728317
vt 0.245110 0.629865
vt 0.144737 0.638032
vt 0.142632 0.613266
vt 0.243582 0.607976
vt 0.242432 0.594488
vt 0.141421 0.597612
vt 0.140562 0.585117
vt 0.241459 0.584059
vt 0.142283 0.568814
vt 0.243727 0.570724
vt 0.247404 0.682433
vt 0.151244 0.701128
vt 0.149224 0.683183
vt 0.246887 0.667280
vt 0.646122 0.836269
vt 0.616683 0.829224
vt 0.646240 0.716732
vt 0.682189 0.725344
vt 0.248448 0.726610
vt 0.155903 0.737567
vt 0.152874 0.714601
vt 0.247742 0.693839
vt 0.293587 0.500523
vt 0.289699 0.517473
vt 0.895060 0.715681
vt 0.919556 0.715848
vt 0.285687 0.538697
vt 0.280831 0.557711
vt 0.856055 0.716247
vt 0.878457 0.715665
vt 0.953825 0.714043
vt 0.936213 0.714945
vt 0.304084 0.454187
vt 0.298010 0.478417
vt 0.824522 0.718155
vt 0.836648 0.717489
vt 0.795054 0.716173
vt 0.805381 0.720315
vt 0.761726 0.706083
vt 0.782020 0.711809
vt 0.727617 0.697784
vt 0.713849 0.694616
vt 0.281022 0.625608
vt 0.279826 0.605595
vt 0.278491 0.592448
vt 0.276769 0.581781
vt 0.279545 0.567909
vt 0.281313 0.671826
vt 0.281468 0.658716
vt 0.658220 0.681641
vt 0.703458 0.692234
vt 0.281281 0.723199
vt 0.281175 0.681575
vt 0.312454 0.437010
vt 0.322239 0.420865
vt 0.349745 0.431149
vt 0.343249 0.448523
vt 0.392785 0.121938
vt 0.342457 0.121509
vt 0.293147 0.121978
vt 0.114173 0.124281
vt 0.387696 0.381142
vt 0.369590 0.385173
vt 0.362680 0.354136
vt 0.380786 0.350106
vt 0.146473 0.656412
vt 0.246001 0.646262
vt 0.281413 0.640295
vt 0.423530 0.600961
vt 0.427378 0.592561
vt 0.434844 0.575521
vt 0.430121 0.586408
vt 0.445080 0.550758
vt 0.440009 0.563213
vt 0.459134 0.514416
vt 0.451691 0.533989
vt 0.474945 0.470348
vt 0.470192 0.483965
vt 0.485094 0.440021
vt 0.479286 0.457605
vt 0.492539 0.416368
vt 0.488755 0.428569
vt 0.498184 0.397307
vt 0.495745 0.405694
vt 0.732572 0.737773
vt 0.746692 0.702303
vt 0.704185 0.842028
vt 0.957927 0.094059
vt 0.957927 0.065869
vt 0.973870 0.070092
vt 0.973870 0.098157
vt 0.871433 0.706550
vt 0.870020 0.512017
vt 0.870007 0.458688
vt 0.868735 0.404918
vt 0.851384 0.706705
vt 0.992598 0.120980
vt 0.974049 0.119275
vt 0.974049 0.100147
vt 0.992598 0.104915
vt 0.171936 0.981526
vt 0.191146 0.981229
vt 0.192732 0.995965
vt 0.172165 0.996284
vt 0.115322 0.149477
vt 0.114295 0.131093
vt 0.119627 0.445586
vt 0.144000 0.446086
vt 0.536836 0.316914
vt 0.532727 0.327009
vt 0.780109 0.102479
vt 0.794196 0.079784
vt 0.766996 0.116473
vt 0.757713 0.125888
vt 0.719604 0.159655
vt 0.696614 0.176376
vt 0.666572 0.196503
vt 0.594146 0.239531
vt 0.513982 0.284314
vt 0.220607 0.379583
vt 0.156278 0.393363
vt 0.908679 0.029026
vt 0.926693 0.022160
vt 0.943930 0.058504
vt 0.924156 0.062459
vt 0.179006 0.392745
vt 0.279542 0.419968
vt 0.309583 0.431437
vt 0.370038 0.460980
vt 0.399886 0.471905
vt 0.453913 0.491527
vt 0.437956 0.485758
vt 0.465944 0.495861
vt 0.481592 0.501485
vt 0.493117 0.505627
vt 0.541288 0.522780
vt 0.501943 0.508792
vt 0.089744 0.950776
vt 0.105576 0.961077
vt 0.091566 0.977170
vt 0.077300 0.965147
vt 0.930612 0.713396
vt 0.928478 0.462801
vt 0.927226 0.408998
vt 0.924397 0.353676
vt 0.920535 0.308411
vt 0.914126 0.259447
vt 0.906413 0.215541
vt 0.900749 0.187892
vt 0.894083 0.167390
vt 0.886131 0.143981
vt 0.878158 0.128415
vt 0.865608 0.104264
vt 0.855125 0.090712
vt 0.843570 0.075868
vt 0.737147 0.145491
vt 0.713599 0.127636
vt 0.689746 0.110232
vt 0.665100 0.098713
vt 0.640428 0.087710
vt 0.612466 0.081435
vt 0.585547 0.075935
vt 0.562832 0.070109
vt 0.530698 0.067557
vt 0.483233 0.065472
vt 0.438706 0.065036
vt 0.387492 0.065691
vt 0.337809 0.066715
vt 0.113396 0.074693
vt 0.608163 0.827185
vt 0.635219 0.714105
vt 0.643648 0.678219
vt 0.587323 0.423616
vt 0.584737 0.432356
vt 0.581393 0.443528
vt 0.577485 0.456338
vt 0.573723 0.468393
vt 0.567804 0.486884
vt 0.563401 0.500335
vt 0.558562 0.514728
vt 0.547210 0.546956
vt 0.554208 0.527331
vt 0.539563 0.567692
vt 0.527625 0.598541
vt 0.532849 0.585285
vt 0.517553 0.623168
vt 0.522327 0.611621
vt 0.514828 0.629670
vt 0.511115 0.638521
vt 0.248556 0.736406
vt 0.281199 0.736476
vt 0.155754 0.737555
vt 0.958331 0.018306
vt 0.941023 0.019830
vt 0.941023 0.001060
vt 0.958030 0.001060
vt 0.978187 0.002171
vt 0.976920 0.019417
vt 0.960879 0.019417
vt 0.960879 0.000851
vt 0.055852 0.021743
vt 0.074136 0.022252
vt 0.547977 0.650910
vt 0.531398 0.645045
vt 0.195951 0.801589
vt 0.195951 0.772827
vt 0.223080 0.772827
vt 0.223080 0.801589
vt 0.087915 0.039910
vt 0.085969 0.022622
vt 0.223080 0.754535
vt 0.195951 0.754535
vt 0.195951 0.741939
vt 0.223080 0.741939
vt 0.047755 0.371132
vt 0.029206 0.371149
vt 0.029206 0.344020
vt 0.047755 0.344003
vt 0.093471 0.040007
vt 0.093771 0.022758
vt 0.074364 0.009187
vt 0.086197 0.009558
vt 0.949015 0.098525
vt 0.969202 0.098284
vt 0.969202 0.118832
vt 0.949015 0.119073
vt 0.243628 0.754535
vt 0.243628 0.741939
vt 0.029206 0.323471
vt 0.047755 0.323454
vt 0.093999 0.009693
vt 0.352264 0.634728
vt 0.352264 0.666220
vt 0.328702 0.666220
vt 0.328702 0.634728
vt 0.622088 0.318000
vt 0.603904 0.303014
vt 0.623933 0.278712
vt 0.642116 0.293698
vt 0.290465 0.401745
vt 0.272356 0.405759
vt 0.265512 0.375020
vt 0.283622 0.371007
vt 0.401311 0.666220
vt 0.370190 0.666220
vt 0.370190 0.634728
vt 0.401311 0.634728
vt 0.590071 0.291613
vt 0.566055 0.271821
vt 0.586083 0.247518
vt 0.610099 0.267311
vt 0.298838 0.666220
vt 0.297399 0.634728
vt 0.048888 0.253569
vt 0.030339 0.253586
vt 0.030339 0.222094
vt 0.048888 0.222078
vt 0.648814 0.340026
vt 0.667948 0.314987
vt 0.352264 0.614829
vt 0.328702 0.614829
vt 0.636589 0.263356
vt 0.654772 0.278341
vt 0.029142 0.373917
vt 0.047691 0.373935
vt 0.047691 0.393834
vt 0.029142 0.393817
vt 0.296904 0.618161
vt 0.030339 0.205528
vt 0.048888 0.205511
vt 0.677190 0.301137
vt 0.351504 0.543532
vt 0.334984 0.548124
vt 0.497869 0.661159
vt 0.494129 0.679326
vt 0.428807 0.665815
vt 0.432547 0.647647
vt 0.682519 0.208821
vt 0.692347 0.222870
vt 0.047691 0.469879
vt 0.029142 0.469861
vt 0.063871 0.988559
vt 0.028395 0.988559
vt 0.028395 0.846924
vt 0.063871 0.867001
vt 0.104002 0.776304
vt 0.135383 0.776304
vt 0.135383 0.897862
vt 0.104002 0.917939
vt 0.025757 0.674545
vt 0.025757 0.816128
vt 0.008052 0.816128
vt 0.008052 0.674545
vt 0.184139 0.957738
vt 0.165684 0.957779
vt 0.165684 0.816145
vt 0.184232 0.816128
vt 0.068611 0.776304
vt 0.084272 0.776304
vt 0.084272 0.917939
vt 0.068611 0.917939
vt 0.026904 0.435821
vt 0.005220 0.435821
vt 0.005220 0.336531
vt 0.024955 0.340352
vt 0.158850 0.776304
vt 0.161235 0.893184
vt 0.369468 0.865882
vt 0.388017 0.865899
vt 0.388017 0.982780
vt 0.369468 0.982763
vt 0.008384 0.440437
vt 0.026932 0.440453
vt 0.026932 0.455270
vt 0.008384 0.455253
vt 0.029407 0.836264
vt 0.060715 0.852184
vt 0.132227 0.912679
vt 0.105013 0.928599
vt 0.025757 0.659737
vt 0.008052 0.659737
vt 0.165684 0.801328
vt 0.184232 0.801311
vt 0.084272 0.932755
vt 0.068611 0.932755
vt 0.026932 0.531150
vt 0.008384 0.531134
vt 0.037069 0.776304
vt 0.055197 0.776304
vt 0.587966 0.833486
vt 0.569418 0.833503
vt 0.569418 0.773543
vt 0.587966 0.773526
vt 0.127544 0.988558
vt 0.111508 0.988558
vt 0.074624 0.343530
vt 0.050250 0.343105
vt 0.226487 0.798085
vt 0.238885 0.783690
vt 0.252933 0.808594
vt 0.238339 0.820571
vt 0.329752 0.418802
vt 0.326117 0.400464
vt 0.353832 0.398717
vt 0.354190 0.417680
vt 0.976385 0.745556
vt 0.969164 0.713264
vt 0.986691 0.852929
vt 0.256562 0.850300
vt 0.237619 0.843489
vt 0.239209 0.824113
vt 0.256120 0.830139
vt 0.591274 0.586304
vt 0.576511 0.653766
vt 0.693838 0.279323
vt 0.740052 0.197324
vt 0.783737 0.126032
vt 0.804102 0.098273
vt 0.820165 0.077913
vt 0.850589 0.044417
vt 0.833162 0.062551
vt 0.858922 0.036196
vt 0.871265 0.024644
vt 0.890971 0.011842
vt 0.120902 0.383418
vt 0.145275 0.383918
vt 0.116994 0.685581
vt 0.128198 0.671219
vt 0.145601 0.681427
vt 0.132640 0.694327
vt 0.928020 0.063276
vt 0.946157 0.061461
vt 0.956106 0.089969
vt 0.937494 0.089001
vt 0.279663 0.787852
vt 0.288774 0.804496
vt 0.271850 0.823949
vt 0.264845 0.805400
vt 0.464164 0.373478
vt 0.456404 0.371170
vt 0.489808 0.380884
vt 0.474001 0.376368
vt 0.501851 0.384094
vt 0.517815 0.388358
vt 0.529699 0.391607
vt 0.578545 0.406109
vt 0.538823 0.394201
vt 0.591388 0.409929
vt 0.803194 0.696822
vt 0.089336 0.977736
vt 0.087289 0.996827
vt 0.066480 0.988799
vt 0.070929 0.970634
vt 0.233981 0.827304
vt 0.233981 0.850620
vt 0.215433 0.845658
vt 0.215433 0.824916
vt 0.006091 0.846924
vt 0.006091 0.832108
vt 0.006091 0.988534
vt 0.266777 0.183323
vt 0.601437 0.703628
vt 0.597464 0.719813
vt 0.585231 0.716810
vt 0.589205 0.700624
vt 0.622756 0.251955
vt 0.675437 0.196830
vt 0.978535 0.124461
vt 0.987885 0.124461
vt 0.987885 0.143010
vt 0.978535 0.143010
vt 0.370190 0.614829
vt 0.364595 0.538784
vt 0.387234 0.066358
vt 0.376341 0.079769
vt 0.438491 0.066670
vt 0.427443 0.079932
vt 0.482925 0.067944
vt 0.471958 0.081080
vt 0.518820 0.083907
vt 0.530238 0.070922
vt 0.562179 0.073875
vt 0.550825 0.086199
vt 0.350909 0.512959
vt 0.360258 0.512959
vt 0.126913 0.771090
vt 0.108365 0.771106
vt 0.108365 0.740533
vt 0.126913 0.740516
vt 0.695209 0.179660
vt 0.702423 0.185606
vt 0.047691 0.495704
vt 0.029142 0.495687
vt 0.321625 0.995314
vt 0.304743 0.995382
vt 0.304743 0.897356
vt 0.321625 0.897289
vt 0.216940 0.857442
vt 0.241008 0.857501
vt 0.241008 0.955526
vt 0.216940 0.955469
vt 0.351473 0.995198
vt 0.334230 0.995265
vt 0.333711 0.899737
vt 0.350244 0.903088
vt 0.250522 0.963145
vt 0.250522 0.857534
vt 0.263538 0.857580
vt 0.263538 0.973568
vt 0.281994 0.857621
vt 0.282087 0.949731
vt 0.285725 0.995459
vt 0.285725 0.897433
vt 0.300321 0.995442
vt 0.300321 0.897416
vt 0.189828 0.857377
vt 0.189828 0.955403
vt 0.304743 0.872325
vt 0.321625 0.872257
vt 0.241008 0.980558
vt 0.216940 0.980500
vt 0.332076 0.897292
vt 0.332076 0.872260
vt 0.290696 0.872402
vt 0.305291 0.872385
vt 0.194455 0.980434
vt 0.306726 0.857435
vt 0.321074 0.857377
vt 0.317143 0.872319
vt 0.317265 0.857429
vt 0.240399 0.995439
vt 0.219945 0.995389
vt 0.257548 0.980562
vt 0.254457 0.995442
vt 0.383872 0.774814
vt 0.382850 0.748549
vt 0.426897 0.746841
vt 0.427919 0.773108
vt 0.825772 0.904617
vt 0.825733 0.880485
vt 0.869814 0.880403
vt 0.869851 0.904538
vt 0.825717 0.868507
vt 0.869797 0.868425
vt 0.381496 0.713755
vt 0.379901 0.672750
vt 0.404031 0.671848
vt 0.405626 0.712853
vt 0.705978 0.865294
vt 0.724913 0.865286
vt 0.724948 0.889432
vt 0.706012 0.889439
vt 0.825880 0.974266
vt 0.825822 0.936589
vt 0.849967 0.936511
vt 0.850027 0.974188
vt 0.429395 0.670818
vt 0.450101 0.711047
vt 0.724948 0.914817
vt 0.706012 0.914825
vt 0.894480 0.936511
vt 0.875412 0.974188
vt 0.211795 0.850302
vt 0.195892 0.850312
vt 0.192225 0.824927
vt 0.208129 0.824916
vt 0.451877 0.736345
vt 0.895237 0.914013
vt 0.464174 0.679093
vt 0.465187 0.705353
vt 0.723910 0.949234
vt 0.709342 0.949240
vt 0.909783 0.939080
vt 0.909829 0.963210
vt 0.565923 0.713068
vt 0.570124 0.695939
vt 0.584812 0.700304
vt 0.581579 0.713482
vt 0.455499 0.812899
vt 0.455547 0.841267
vt 0.435390 0.841267
vt 0.435343 0.812899
vt 0.407641 0.954446
vt 0.407682 0.928399
vt 0.427838 0.928399
vt 0.427797 0.954446
vt 0.982403 0.165060
vt 0.963468 0.165052
vt 0.963468 0.144895
vt 0.982403 0.144902
vt 0.455522 0.749285
vt 0.455457 0.788080
vt 0.435300 0.788080
vt 0.435366 0.749285
vt 0.407717 0.905612
vt 0.407661 0.869992
vt 0.427818 0.869992
vt 0.427874 0.905612
vt 0.455592 0.867783
vt 0.435435 0.867783
vt 0.977792 0.066849
vt 0.996000 0.066851
vt 0.994475 0.085991
vt 0.977792 0.084173
vt 0.407602 0.992211
vt 0.429871 0.978433
vt 0.418469 0.841267
vt 0.418421 0.812899
vt 0.444760 0.928399
vt 0.444719 0.954446
vt 0.418514 0.861324
vt 0.992950 0.098719
vt 0.977792 0.098716
vt 0.444681 0.972332
vt 0.420975 0.793956
vt 0.442199 0.911488
vt 0.979417 0.020427
vt 0.979433 0.001681
vt 0.992751 0.001681
vt 0.992736 0.020427
vt 0.958949 0.042090
vt 0.958959 0.022713
vt 0.976735 0.022713
vt 0.976724 0.042090
vt 0.400693 0.838268
vt 0.400645 0.815579
vt 0.566133 0.694658
vt 0.561733 0.712604
vt 0.544469 0.708367
vt 0.548870 0.690421
vt 0.462536 0.931397
vt 0.462494 0.952229
vt 0.268557 0.744480
vt 0.287106 0.744496
vt 0.287106 0.769504
vt 0.268557 0.769487
vt 0.011350 0.634743
vt 0.023903 0.634743
vt 0.165684 0.776321
vt 0.184232 0.776304
vt 0.080975 0.957762
vt 0.069870 0.957762
vt 0.876323 0.871803
vt 0.912813 0.869774
vt 0.914126 0.894120
vt 0.877636 0.896149
vt 0.459264 0.783196
vt 0.459317 0.763061
vt 0.481586 0.749284
vt 0.483646 0.783196
vt 0.626047 0.707480
vt 0.605471 0.702432
vt 0.611283 0.678753
vt 0.629632 0.685430
vt 0.936550 0.868454
vt 0.965273 0.866970
vt 0.966585 0.891317
vt 0.937863 0.892800
vt 0.459285 0.831430
vt 0.459229 0.805024
vt 0.483611 0.805024
vt 0.483667 0.831430
vt 0.990367 0.865674
vt 0.991680 0.890020
vt 0.459334 0.869932
vt 0.459334 0.854503
vt 0.483716 0.854503
vt 0.483716 0.869932
vt 0.969489 0.945167
vt 0.940766 0.946650
vt 0.483659 0.844804
vt 0.537596 0.831430
vt 0.537588 0.844804
vt 0.537540 0.805024
vt 0.045025 0.311004
vt 0.029231 0.311016
vt 0.031959 0.257086
vt 0.047753 0.257075
vt 0.922131 0.947695
vt 0.537574 0.788306
vt 0.966786 0.970659
vt 0.944155 0.971814
vt 0.562905 0.827359
vt 0.562897 0.840733
vt 0.562849 0.807053
vt 0.929763 0.947260
vt 0.933152 0.972424
vt 0.325539 0.668586
vt 0.337143 0.668631
vt 0.337143 0.713625
vt 0.327424 0.713580
vt 0.362172 0.854539
vt 0.351907 0.854577
vt 0.353794 0.809583
vt 0.362172 0.809545
vt 0.341456 0.854577
vt 0.343342 0.809583
vt 0.355387 0.668701
vt 0.373092 0.668701
vt 0.373092 0.713695
vt 0.355387 0.713695
vt 0.006485 0.181680
vt 0.025034 0.181664
vt 0.025034 0.226658
vt 0.006485 0.226674
vt 0.393972 0.854479
vt 0.378311 0.854479
vt 0.378311 0.809485
vt 0.393972 0.809485
vt 0.819740 0.954797
vt 0.803098 0.954790
vt 0.799260 0.865048
vt 0.815902 0.865054
vt 0.355387 0.803438
vt 0.338464 0.803367
vt 0.008768 0.537239
vt 0.027317 0.537222
vt 0.027317 0.626966
vt 0.008768 0.626981
vt 0.363493 0.719802
vt 0.378311 0.719743
vt 0.584816 0.840980
vt 0.620292 0.840980
vt 0.620292 0.860644
vt 0.584816 0.860644
vt 0.561370 0.986519
vt 0.529988 0.986519
vt 0.529988 0.966845
vt 0.561370 0.966845
vt 0.434977 0.637288
vt 0.422485 0.669750
vt 0.409259 0.667235
vt 0.417927 0.635498
vt 0.969032 0.188336
vt 0.969032 0.169787
vt 0.982478 0.169748
vt 0.982495 0.188297
vt 0.618917 0.980292
vt 0.584836 0.986519
vt 0.586263 0.969434
vt 0.618917 0.966845
vt 0.439932 0.611225
vt 0.420605 0.607550
vt 0.958127 0.041316
vt 0.939578 0.041299
vt 0.939617 0.021626
vt 0.958166 0.021643
vt 0.542920 0.662781
vt 0.537603 0.684442
vt 0.518497 0.679752
vt 0.523814 0.658091
vt 0.510259 0.986519
vt 0.510259 0.966845
vt 0.620292 0.905878
vt 0.584816 0.905878
vt 0.529988 0.921587
vt 0.561370 0.921587
vt 0.041643 0.159078
vt 0.023094 0.159061
vt 0.023094 0.113802
vt 0.041643 0.113819
vt 0.375107 0.618371
vt 0.376143 0.599098
vt 0.006488 0.229378
vt 0.025037 0.229361
vt 0.025037 0.274626
vt 0.006488 0.274644
vt 0.577435 0.924169
vt 0.613416 0.955940
vt 0.587618 0.955940
vt 0.487574 0.936448
vt 0.506123 0.936430
vt 0.506123 0.986517
vt 0.487574 0.986534
vt 0.532139 0.871500
vt 0.554958 0.871500
vt 0.023094 0.063715
vt 0.041643 0.063732
vt 0.580518 0.695752
vt 0.562504 0.691330
vt 0.568183 0.668192
vt 0.586197 0.672614
vt 0.493146 0.682220
vt 0.504821 0.704333
vt 0.478891 0.711460
vt 0.472077 0.693343
vt 0.739610 0.988381
vt 0.721358 0.986896
vt 0.723290 0.963149
vt 0.747523 0.962680
vt 0.131271 0.968389
vt 0.146028 0.968161
vt 0.146351 0.989051
vt 0.131595 0.989279
vt 0.792530 0.992686
vt 0.756383 0.989745
vt 0.765390 0.964133
vt 0.794659 0.966514
vt 0.513703 0.721156
vt 0.525830 0.744127
vt 0.502610 0.756387
vt 0.487260 0.727313
vt 0.146472 0.996825
vt 0.131715 0.997053
vt 0.766183 0.954394
vt 0.795451 0.956775
vt 0.493969 0.760949
vt 0.478619 0.731875
vt 0.054478 0.769623
vt 0.035930 0.769623
vt 0.035930 0.759851
vt 0.054478 0.759851
vt 0.470250 0.716022
vt 0.748315 0.952940
vt 0.036871 0.741080
vt 0.053536 0.741080
vt 0.460775 0.738282
vt 0.454895 0.727143
vt 0.978205 0.022715
vt 0.996755 0.022715
vt 0.995813 0.041486
vt 0.979147 0.041486
vt 0.752494 0.934447
vt 0.765048 0.935468
vt 0.766860 0.865285
vt 0.795622 0.865286
vt 0.795622 0.913341
vt 0.766860 0.913341
vt 0.317854 0.581134
vt 0.301380 0.574988
vt 0.077064 0.706802
vt 0.058777 0.706483
vt 0.091679 0.676494
vt 0.098352 0.676610
vt 0.097819 0.707164
vt 0.088900 0.707008
vt 0.023354 0.334577
vt 0.004805 0.334577
vt 0.004805 0.286522
vt 0.023354 0.286522
vt 0.737728 0.865285
vt 0.749607 0.865285
vt 0.749607 0.913341
vt 0.737728 0.913341
vt 0.996053 0.229261
vt 0.976085 0.229261
vt 0.976085 0.189586
vt 0.996053 0.189586
vt 0.790184 0.953015
vt 0.772298 0.953015
vt 0.310159 0.601762
vt 0.293684 0.595616
vt 0.073167 0.731968
vt 0.061795 0.731770
vt 0.031251 0.620270
vt 0.031251 0.498712
vt 0.046761 0.498807
vt 0.040559 0.620293
vt 0.171748 0.969378
vt 0.190955 0.968889
vt 0.397324 0.865875
vt 0.403288 0.982686
vt 0.287106 0.729680
vt 0.287012 0.588070
vt 0.293783 0.729653
vt 0.190910 0.816155
vt 0.294501 0.744461
vt 0.191628 0.801346
vt 0.192840 0.776352
vt 0.117172 0.731180
vt 0.118937 0.718751
vt 0.295713 0.769455
vt 0.573028 0.087272
vt 0.583355 0.076965
vt 0.243628 0.772827
vt 0.984465 0.168056
vt 0.996041 0.168056
vt 0.993143 0.186605
vt 0.983340 0.186605
vt 0.985239 0.164715
vt 0.984966 0.146166
vt 0.995552 0.146166
vt 0.995552 0.164715
vt 0.516570 0.700816
vt 0.521008 0.682806
vt 0.530534 0.685144
vt 0.526095 0.703154
vt 0.253437 0.742945
vt 0.253437 0.753529
vt 0.029206 0.313663
vt 0.047755 0.313646
vt 0.086912 0.003332
vt 0.093469 0.003446
vt 0.096846 0.713882
vt 0.089486 0.713753
vt 0.004805 0.275932
vt 0.023354 0.275932
vt 0.748263 0.923930
vt 0.738459 0.923930
vt 0.529952 0.704475
vt 0.534373 0.686461
vt 0.544657 0.688985
vt 0.540236 0.706999
vt 0.400358 0.400398
vt 0.434464 0.363383
vt 0.401836 0.401752
vt 0.439813 0.358517
vt 0.400358 0.400398
vt 0.398901 0.399022
vt 0.487535 0.871515
vt 0.487574 0.891189
vt 0.478874 0.891164
vt 0.479751 0.871500
vt 0.023055 0.178734
vt 0.015272 0.178750
vt 0.014395 0.159085
vt 0.476767 0.936398
vt 0.012287 0.113851
vt 0.474434 0.986460
vt 0.333068 0.360840
vt 0.358249 0.355233
vt 0.009955 0.063789
vt 0.936424 0.001069
vt 0.940440 0.018812
vt 0.247564 0.193842
vt 0.216749 0.198940
vt 0.760989 0.546221
vt 0.766997 0.505426
vt 0.738936 0.510699
vt 0.750136 0.484098
vt 0.631871 0.409903
vt 0.640657 0.385503
vt 0.654451 0.393844
vt 0.646304 0.417586
vt 0.412067 0.335187
vt 0.388655 0.343301
vt 0.376111 0.322115
vt 0.398901 0.314743
vt 0.362684 0.299955
vt 0.385816 0.293106
vt 0.331065 0.274550
vt 0.354043 0.263179
vt 0.364109 0.272349
vt 0.342931 0.282675
vt 0.311117 0.264324
vt 0.322054 0.244895
vt 0.274718 0.239192
vt 0.311751 0.235660
vt 0.712236 0.471186
vt 0.719566 0.440410
vt 0.737332 0.471424
vt 0.718276 0.485628
vt 0.698590 0.456615
vt 0.705368 0.430371
vt 0.677711 0.435736
vt 0.684783 0.411642
vt 0.662621 0.426684
vt 0.670069 0.403352
vt 0.262029 0.232552
vt 0.275307 0.214469
vt 0.446808 0.344016
vt 0.452785 0.344723
vt 0.452770 0.344849
vt 0.446797 0.344111
vt 0.507620 0.373134
vt 0.483341 0.367889
vt 0.483458 0.367349
vt 0.507719 0.372674
vt 0.513926 0.376339
vt 0.554703 0.367636
vt 0.554912 0.368616
vt 0.514164 0.377452
vt 0.492761 0.327026
vt 0.516475 0.332150
vt 0.516375 0.332615
vt 0.492645 0.327566
vt 0.455143 0.344723
vt 0.455117 0.344969
vt 0.512030 0.373417
vt 0.512135 0.372932
vt 0.505667 0.376861
vt 0.505885 0.377880
vt 0.520496 0.333650
vt 0.520391 0.334136
vt 0.458853 0.344342
vt 0.458822 0.344655
vt 0.516643 0.373288
vt 0.516751 0.372790
vt 0.496978 0.376568
vt 0.497172 0.377477
vt 0.524549 0.335619
vt 0.524443 0.336110
vt 0.463242 0.343764
vt 0.463164 0.344231
vt 0.520402 0.372836
vt 0.520488 0.372437
vt 0.489532 0.375614
vt 0.489737 0.376572
vt 0.527874 0.337631
vt 0.527788 0.338030
vt 0.476588 0.342858
vt 0.482451 0.344606
vt 0.482618 0.345653
vt 0.476405 0.343180
vt 0.530580 0.369890
vt 0.528209 0.370639
vt 0.528311 0.370167
vt 0.530644 0.369592
vt 0.469436 0.342941
vt 0.469303 0.343385
vt 0.524481 0.371818
vt 0.524572 0.371397
vt 0.487847 0.345286
vt 0.494693 0.346847
vt 0.494930 0.348016
vt 0.487981 0.346450
vt 0.534237 0.367232
vt 0.532285 0.368651
vt 0.532343 0.368380
vt 0.533984 0.366897
vt 0.500277 0.346707
vt 0.509432 0.346714
vt 0.510070 0.347782
vt 0.500291 0.348173
vt 0.537197 0.363483
vt 0.535404 0.365754
vt 0.535111 0.365602
vt 0.536938 0.363180
vt 0.514855 0.344804
vt 0.520710 0.342560
vt 0.521496 0.343563
vt 0.515390 0.345989
vt 0.538824 0.359841
vt 0.537983 0.361723
vt 0.537688 0.361584
vt 0.538528 0.359705
vt 0.454962 0.353096
vt 0.457481 0.358425
vt 0.457006 0.358927
vt 0.454428 0.353322
vt 0.539426 0.352356
vt 0.539494 0.355357
vt 0.539161 0.355393
vt 0.539093 0.352389
vt 0.460914 0.362671
vt 0.463505 0.365876
vt 0.463049 0.366471
vt 0.460471 0.363325
vt 0.538145 0.347633
vt 0.538696 0.349665
vt 0.538354 0.349741
vt 0.537775 0.347840
vt 0.467920 0.368663
vt 0.471839 0.371138
vt 0.472011 0.371941
vt 0.468050 0.369271
vt 0.535308 0.343438
vt 0.536642 0.345411
vt 0.536267 0.345640
vt 0.534938 0.343643
vt 0.475875 0.372151
vt 0.481395 0.373536
vt 0.481517 0.374110
vt 0.476000 0.372740
vt 0.531289 0.340310
vt 0.533611 0.342117
vt 0.533515 0.342558
vt 0.531177 0.340826
vt 0.452581 0.348057
vt 0.451976 0.347954
vt 0.539559 0.358194
vt 0.539275 0.358005
vt 0.559529 0.366606
vt 0.559736 0.367578
vt 0.490061 0.326443
vt 0.489943 0.326986
vt 0.525762 0.340518
vt 0.526296 0.341717
vt 0.478558 0.366855
vt 0.478675 0.366311
vt 0.734090 0.904960
vt 0.734090 0.953015
vt 0.728585 0.953015
vt 0.728625 0.904960
vt 0.474608 0.366002
vt 0.474726 0.365458
vt 0.335218 0.390051
vt 0.330708 0.369791
vt 0.329520 0.364457
vt 0.336406 0.395385
vt 0.734090 0.865285
vt 0.728625 0.865285
vt 0.117421 0.405557
vt 0.114811 0.555257
vt 0.104505 0.555078
vt 0.107115 0.405378
vt 0.058721 0.515539
vt 0.056018 0.670609
vt 0.045712 0.670429
vt 0.048415 0.515360
vt 0.100096 0.510386
vt 0.097555 0.656138
vt 0.087249 0.655958
vt 0.089789 0.510206
vt 0.091667 0.059739
vt 0.089027 0.211205
vt 0.078720 0.211025
vt 0.081361 0.059560
vt 0.114298 0.584703
vt 0.103992 0.584523
vt 0.059197 0.488254
vt 0.048891 0.488074
vt 0.100595 0.481772
vt 0.090288 0.481592
vt 0.088565 0.237719
vt 0.078258 0.237540
vt 0.113772 0.614902
vt 0.103465 0.614722
vt 0.059685 0.460271
vt 0.049378 0.460092
vt 0.101109 0.452279
vt 0.090802 0.452099
vt 0.088088 0.265048
vt 0.077782 0.264869
vt 0.113351 0.639009
vt 0.103045 0.638829
vt 0.060074 0.437935
vt 0.049768 0.437755
vt 0.101540 0.427522
vt 0.091234 0.427342
vt 0.087688 0.287989
vt 0.077382 0.287809
vt 0.112510 0.687297
vt 0.112221 0.703836
vt 0.101915 0.703656
vt 0.102203 0.687117
vt 0.061089 0.379709
vt 0.060854 0.393189
vt 0.050548 0.393009
vt 0.050783 0.379530
vt 0.112908 0.664425
vt 0.102602 0.664245
vt 0.060485 0.414383
vt 0.050178 0.414204
vt 0.112056 0.713304
vt 0.111867 0.724140
vt 0.101561 0.723961
vt 0.101750 0.713124
vt 0.061382 0.362879
vt 0.061242 0.370937
vt 0.050936 0.370757
vt 0.051076 0.362700
vt 0.128908 0.527436
vt 0.128630 0.547124
vt 0.118323 0.546978
vt 0.118601 0.527291
vt 0.091876 0.243488
vt 0.091665 0.226301
vt 0.101972 0.226174
vt 0.102184 0.243362
vt 0.128453 0.559663
vt 0.128248 0.574180
vt 0.117941 0.574035
vt 0.118146 0.559517
vt 0.092163 0.266796
vt 0.092008 0.254217
vt 0.102315 0.254090
vt 0.102470 0.266669
vt 0.127804 0.605677
vt 0.127507 0.626722
vt 0.117200 0.626576
vt 0.117497 0.605531
vt 0.092722 0.312184
vt 0.092497 0.293944
vt 0.102804 0.293817
vt 0.103029 0.312057
vt 0.127259 0.644286
vt 0.127081 0.656924
vt 0.116774 0.656779
vt 0.116953 0.644140
vt 0.093042 0.338212
vt 0.092908 0.327371
vt 0.103215 0.327244
vt 0.103349 0.338086
vt 0.102740 0.358709
vt 0.102538 0.370302
vt 0.092231 0.370123
vt 0.092433 0.358530
vt 0.086799 0.339025
vt 0.086611 0.349767
vt 0.076305 0.349588
vt 0.076492 0.338845
vt 0.102310 0.383358
vt 0.101999 0.401219
vt 0.091692 0.401039
vt 0.092004 0.383178
vt 0.087263 0.312362
vt 0.086975 0.328911
vt 0.076669 0.328731
vt 0.076957 0.312182
vt 0.128088 0.585537
vt 0.117781 0.585392
vt 0.092303 0.278155
vt 0.102589 0.276331
vt 0.097254 0.673386
vt 0.086948 0.673206
vt 0.315250 0.396227
vt 0.308365 0.365299
vt 0.324188 0.361776
vt 0.331074 0.392704
vt 0.091968 0.042491
vt 0.081661 0.042311
vt 0.103002 0.343656
vt 0.092696 0.343477
vt 0.086400 0.361869
vt 0.076094 0.361690
vt 0.129063 0.516423
vt 0.118756 0.516278
vt 0.091549 0.216909
vt 0.101857 0.216782
vt 0.055485 0.701162
vt 0.045179 0.700983
vt 0.117953 0.375004
vt 0.107647 0.374824
vt 0.058503 0.726449
vt 0.048197 0.726269
vt 0.294946 0.400747
vt 0.288060 0.369819
vt 0.303883 0.366297
vt 0.310769 0.397225
vt 0.121850 0.349838
vt 0.111544 0.349659
vn -0.651756 -0.484498 -0.583503
vn -0.500580 -0.553018 -0.666026
vn -0.500581 -0.553018 -0.666025
vn -0.650968 -0.484930 -0.584024
vn -0.002494 -0.000000 0.999997
vn -0.002494 0.000000 0.999997
vn 0.000931 0.000000 1.000000
vn 0.000931 -0.000000 1.000000
vn -0.463631 -0.885497 -0.030677
vn -0.380055 -0.924745 -0.020154
vn -0.378661 -0.925536 -0.000095
vn -0.472614 -0.881270 -0.000042
vn -0.999998 0.002069 -0.000723
vn -0.999766 -0.013087 -0.017234
vn -0.999601 -0.017172 -0.022409
vn -0.999999 -0.001228 -0.000760
vn 1.000000 -0.000020 0.000099
vn 0.999591 -0.018218 -0.022060
vn 0.999641 -0.017069 -0.020669
vn 1.000000 0.000001 0.000000
vn 0.358181 -0.933409 -0.021331
vn 0.415057 -0.909232 -0.032003
vn 0.382903 -0.923789 0.000000
vn 0.329962 -0.943994 0.000000
vn 0.002508 -0.000000 0.999997
vn 0.002511 -0.000000 0.999997
vn 0.002511 -0.000000 0.999997
vn 0.002508 -0.000001 0.999997
vn 0.381053 -0.590620 -0.711313
vn 0.480106 -0.560376 -0.674890
vn 0.480106 -0.560378 -0.674889
vn 0.380611 -0.590737 -0.711453
vn 0.397381 -0.727921 -0.558766
vn 0.373601 -0.802535 -0.465145
vn 0.296343 -0.816471 -0.495536
vn 0.310051 -0.742024 -0.594365
vn -0.516698 -0.743392 -0.424725
vn -0.553470 -0.652829 -0.517190
vn -0.417013 -0.719782 -0.554990
vn -0.388783 -0.795797 -0.464279
vn -0.999999 0.001504 -0.000259
vn -0.994403 -0.077546 -0.071761
vn -0.995817 -0.082260 -0.039763
vn -1.000000 0.000401 -0.000079
vn -0.002494 -0.000000 0.999997
vn -0.002494 0.000000 0.999997
vn 0.000931 0.000000 1.000000
vn 0.000767 -0.000023 1.000000
vn 0.002511 -0.000000 0.999997
vn 0.002511 -0.000000 0.999997
vn 0.002508 -0.000000 0.999997
vn 0.002508 -0.000000 0.999997
vn 0.990953 -0.129217 -0.036270
vn 0.993607 -0.091819 -0.065690
vn 0.998037 -0.043817 -0.044752
vn 0.991167 0.127196 -0.037549
vn 0.454354 -0.812799 -0.364582
vn 0.369549 -0.832610 -0.412545
vn -0.443740 -0.813727 -0.375423
vn -0.542636 -0.772528 -0.329767
vn -1.000000 -0.000770 0.000474
vn -0.994382 -0.099057 -0.037305
vn -0.918616 -0.392970 -0.041475
vn -0.865715 -0.500535 -0.001575
vn 0.190460 0.470742 0.861468
vn -0.002494 -0.000000 0.999997
vn 0.000588 -0.000036 1.000000
vn 0.248859 0.498141 0.830617
vn -0.193303 0.471572 0.860380
vn 0.002511 0.000000 0.999997
vn 0.002508 0.000000 0.999997
vn -0.166555 0.488010 0.856800
vn 0.856167 -0.516699 0.000000
vn 0.853099 -0.520774 -0.031885
vn 0.994373 -0.098979 -0.037750
vn 1.000000 0.000182 0.000112
vn -0.613735 -0.694536 -0.375433
vn -0.615844 -0.736092 -0.280902
vn -0.677901 -0.692427 -0.246972
vn -0.717680 -0.618912 -0.319192
vn -0.760217 -0.517157 -0.393215
vn -0.680555 -0.579418 -0.448464
vn -0.802052 -0.381537 -0.459502
vn -0.759416 -0.415618 -0.500548
vn -0.759416 -0.415619 -0.500548
vn -0.840764 -0.345857 -0.416532
vn 0.004381 0.000000 0.999990
vn 0.004381 0.000000 0.999990
vn 0.004377 0.000000 0.999991
vn 0.004377 0.000000 0.999991
vn 0.004271 -0.000095 0.999991
vn 0.004381 0.000000 0.999990
vn 0.004377 0.000000 0.999991
vn 0.004320 -0.000168 0.999991
vn 0.299687 0.485279 0.821397
vn 0.004060 -0.000156 0.999992
vn 0.004232 -0.000307 0.999991
vn 0.356351 0.486167 0.797907
vn -0.604474 -0.794682 -0.055608
vn -0.528231 -0.847980 -0.043611
vn -0.521330 -0.853355 0.000000
vn -0.605096 -0.796153 -0.000236
vn 0.478512 -0.877062 -0.042288
vn 0.536411 -0.842501 -0.049547
vn 0.534207 -0.845354 0.000000
vn 0.470743 -0.882270 0.000000
vn -0.310629 0.487152 0.816206
vn -0.003532 -0.000136 0.999994
vn -0.000441 -0.000033 1.000000
vn -0.260874 0.503211 0.823847
vn -0.003722 -0.000083 0.999993
vn -0.003821 0.000000 0.999993
vn -0.000752 -0.000000 1.000000
vn -0.000605 -0.000021 1.000000
vn -0.000752 -0.000000 1.000000
vn -0.003821 0.000000 0.999993
vn -0.003821 0.000000 0.999993
vn -0.000752 -0.000000 1.000000
vn 0.610665 -0.505872 -0.609247
vn 0.706724 -0.451956 -0.544313
vn 0.706724 -0.451957 -0.544313
vn 0.610011 -0.506195 -0.609634
vn 0.622164 -0.619196 -0.479070
vn 0.561721 -0.729671 -0.389936
vn 0.479385 -0.763206 -0.433251
vn 0.515679 -0.671248 -0.532448
vn 0.572296 -0.771897 -0.276860
vn 0.516113 -0.794166 -0.320823
vn 0.002507 0.000000 0.999997
vn 0.002507 -0.000000 0.999997
vn 0.002510 -0.000000 0.999997
vn 0.002510 0.000000 0.999997
vn -0.117171 0.458519 0.880926
vn 0.002507 0.000000 0.999997
vn 0.002509 0.000000 0.999997
vn -0.115429 0.451857 0.884591
vn 0.251960 -0.967738 0.000000
vn 0.272118 -0.962256 -0.003926
vn 0.272425 -0.962136 -0.008847
vn 0.251960 -0.967738 0.000000
vn 0.187479 -0.835330 -0.516794
vn 0.270183 -0.851741 -0.448930
vn 0.273471 -0.841388 -0.466134
vn 0.189370 -0.829786 -0.524970
vn 0.184080 -0.775867 -0.603444
vn 0.184455 -0.774816 -0.604679
vn 0.228626 -0.621898 -0.748982
vn 0.228625 -0.621899 -0.748981
vn 0.228627 -0.621898 -0.748981
vn 0.228626 -0.621898 -0.748982
vn 0.002507 -0.000001 0.999997
vn 0.002509 -0.000001 0.999997
vn 0.002510 -0.000000 0.999997
vn 0.002507 -0.000000 0.999997
vn -0.319539 -0.947441 -0.015820
vn -0.272181 -0.962208 -0.008538
vn -0.251572 -0.967839 0.000040
vn -0.315485 -0.948931 -0.000004
vn 0.115450 0.452610 0.884203
vn -0.002492 -0.000000 0.999997
vn -0.002492 -0.000000 0.999997
vn 0.151097 0.474678 0.867093
vn -0.002492 -0.000000 0.999997
vn -0.002492 0.000000 0.999997
vn -0.002492 0.000000 0.999997
vn -0.002492 -0.000000 0.999997
vn -0.002492 0.000000 0.999997
vn -0.002492 0.000000 0.999997
vn -0.002492 0.000000 0.999997
vn -0.002492 0.000000 0.999997
vn -0.376585 -0.591789 -0.712720
vn -0.259123 -0.616998 -0.743081
vn -0.259123 -0.616998 -0.743080
vn -0.376112 -0.591912 -0.712867
vn -0.293375 -0.816059 -0.497976
vn -0.303148 -0.748162 -0.590216
vn -0.209506 -0.771192 -0.601141
vn -0.209277 -0.828473 -0.519457
vn -0.287785 -0.842412 -0.455546
vn -0.358073 -0.833856 -0.420082
vn 0.589825 -0.805669 -0.054809
vn 0.596442 -0.802656 0.000000
vn 0.558496 -0.829508 0.000000
vn 0.564803 -0.823086 -0.059393
vn -0.382228 0.509790 0.770725
vn -0.004035 -0.000254 0.999992
vn -0.003695 -0.000275 0.999993
vn -0.337380 0.505090 0.794392
vn -0.003869 -0.000113 0.999993
vn -0.003817 0.000000 0.999993
vn -0.003820 0.000000 0.999993
vn -0.003772 -0.000149 0.999993
vn -0.003817 0.000000 0.999993
vn -0.003817 0.000000 0.999993
vn -0.003820 0.000000 0.999993
vn -0.003820 0.000000 0.999993
vn 0.812913 -0.372038 -0.448062
vn 0.890348 -0.290842 -0.350274
vn 0.890348 -0.290841 -0.350274
vn 0.812230 -0.372647 -0.448795
vn 0.845592 -0.419539 -0.330093
vn 0.766050 -0.571673 -0.293866
vn 0.684079 -0.648059 -0.334746
vn 0.728686 -0.541483 -0.419301
vn 0.663162 -0.712933 -0.227908
vn 0.631750 -0.733954 -0.249406
vn 0.589106 -0.000018 0.808056
vn 0.004455 -0.000131 0.999990
vn 0.004368 0.000000 0.999991
vn 0.594747 0.000000 0.803913
vn 0.470550 0.404087 0.784408
vn 0.004735 -0.000299 0.999989
vn 0.578305 -0.000047 0.815820
vn 0.573272 0.253587 0.779136
vn -0.732437 -0.677233 -0.069935
vn -0.752050 -0.659105 -0.001666
vn -0.814959 -0.519110 -0.257617
vn -0.812026 -0.517410 -0.270003
vn -0.719630 -0.657724 -0.222558
vn -0.747439 -0.633018 -0.201551
vn -0.882100 -0.366999 -0.295316
vn -0.879976 -0.374066 -0.292775
vn -0.918437 -0.252696 -0.304334
vn -0.918437 -0.252695 -0.304333
vn -0.918437 -0.252696 -0.304334
vn -0.918437 -0.252696 -0.304333
vn 0.004370 0.000000 0.999990
vn 0.004368 0.000000 0.999990
vn 0.004368 0.000000 0.999990
vn 0.004370 0.000000 0.999991
vn -0.982176 -0.118753 -0.145701
vn -0.985058 -0.109278 -0.133110
vn -0.963505 -0.212251 -0.163118
vn -0.937906 -0.299217 -0.175505
vn 0.893749 -0.417351 -0.164414
vn 0.722400 -0.680752 -0.121308
vn 0.727701 -0.666410 -0.162326
vn 0.962717 -0.215288 -0.163788
vn 0.938217 -0.297878 -0.176116
vn 0.984441 -0.111905 -0.135472
vn 0.984450 -0.111871 -0.135435
vn 0.832690 -0.510159 -0.215328
vn 0.674597 -0.711287 -0.197456
vn 0.920542 -0.324746 -0.217121
vn 0.897442 -0.379931 -0.224165
vn 0.967352 -0.161801 -0.195067
vn 0.967261 -0.162025 -0.195331
vn -0.963106 -0.171862 -0.207102
vn -0.967223 -0.162140 -0.195423
vn -0.920485 -0.325061 -0.216892
vn -0.897275 -0.380299 -0.224212
vn 0.773527 -0.574586 -0.267407
vn 0.874260 -0.407231 -0.264257
vn 0.934962 -0.226991 -0.272619
vn 0.934944 -0.227021 -0.272656
vn -0.928499 -0.236923 -0.285931
vn -0.935660 -0.225210 -0.271699
vn -0.874214 -0.407609 -0.263828
vn -0.832741 -0.510087 -0.215301
vn 0.912138 -0.313918 -0.263553
vn 0.854081 -0.412316 -0.317083
vn 0.915848 -0.256988 -0.308511
vn 0.903481 -0.274054 -0.329570
vn -0.916175 -0.255633 -0.308667
vn -0.916281 -0.255479 -0.308479
vn -0.912818 -0.312260 -0.263166
vn 0.000000 1.000000 0.000000
vn 0.000000 1.000000 0.000000
vn 0.000000 1.000000 0.000000
vn 0.000000 1.000000 0.000000
vn 0.000000 1.000000 0.000000
vn 0.000000 1.000000 0.000000
vn 0.000000 1.000000 0.000000
vn 0.000000 1.000000 0.000000
vn 0.000000 1.000000 0.000000
vn 0.000000 1.000000 0.000000
vn 0.000000 1.000000 0.000000
vn 0.000000 1.000000 0.000000
vn 0.000000 1.000000 0.000000
vn 0.000000 1.000000 0.000000
vn 0.000000 1.000000 0.000000
vn 0.000000 1.000000 0.000000
vn 0.000000 1.000000 0.000000
vn 0.000000 1.000000 0.000000
vn 0.000000 1.000000 0.000000
vn 0.000000 1.000000 0.000000
vn 0.000000 1.000000 -0.000000
vn 0.000000 1.000000 -0.000000
vn 0.000000 1.000000 -0.000000
vn 0.000000 1.000000 -0.000000
vn 0.000000 1.000000 0.000001
vn 0.000000 1.000000 0.000001
vn 0.000000 1.000000 0.000001
vn 0.000000 1.000000 0.000001
vn 0.000000 1.000000 0.000000
vn 0.000000 1.000000 0.000000
vn 0.000000 1.000000 0.000000
vn 0.000000 1.000000 0.000000
vn 0.000000 1.000000 -0.000000
vn 0.000000 1.000000 -0.000000
vn 0.000000 1.000000 0.000000
vn 0.000000 1.000000 0.000000
vn 0.000000 1.000000 -0.000000
vn 0.000000 1.000000 -0.000000
vn 0.000000 1.000000 -0.000000
vn 0.000000 1.000000 -0.000000
vn 0.000000 1.000000 -0.000000
vn 0.000000 1.000000 -0.000000
vn 0.000000 1.000000 0.000000
vn 0.000000 1.000000 0.000000
vn 0.000000 1.000000 0.000000
vn 0.000000 1.000000 0.000000
vn 0.000000 1.000000 0.000000
vn 0.000000 1.000000 0.000000
vn 0.000000 1.000000 0.000000
vn 0.000000 1.000000 0.000000
vn 0.000000 1.000000 0.000000
vn 0.000000 1.000000 0.000000
vn 0.000000 1.000000 0.000000
vn 0.000000 1.000000 0.000000
vn 0.000000 1.000000 0.000000
vn 0.000000 1.000000 0.000000
vn 0.000000 1.000000 -0.000000
vn 0.000000 1.000000 -0.000000
vn 0.000000 1.000000 0.000000
vn 0.000000 1.000000 0.000000
vn 0.000000 1.000000 -0.000001
vn 0.000000 1.000000 -0.000000
vn 0.000000 1.000000 -0.000001
vn 0.000000 1.000000 -0.000001
vn 0.000000 1.000000 -0.000000
vn 0.000000 1.000000 -0.000000
vn 0.000000 1.000000 -0.000001
vn 0.000000 1.000000 -0.000001
vn 0.000000 1.000000 0.000000
vn 0.000000 1.000000 0.000000
vn 0.000000 1.000000 0.000000
vn 0.000000 1.000000 0.000000
vn 1.000000 -0.000000 0.000000
vn 0.999756 -0.006060 -0.021241
vn 0.999856 -0.000000 -0.016962
vn 1.000000 -0.000000 0.000000
vn -0.999829 -0.009208 0.016064
vn -0.999941 -0.010829 0.001090
vn -0.999941 -0.010829 0.001090
vn -0.999829 -0.009208 0.016064
vn 0.000003 -0.000005 1.000000
vn 0.000003 -0.000005 1.000000
vn 0.000003 -0.000005 1.000000
vn 0.000003 -0.000005 1.000000
vn -0.999773 -0.005875 -0.020460
vn -1.000000 0.000000 0.000000
vn -1.000000 0.000000 0.000000
vn -0.999865 0.000000 -0.016431
vn -0.028274 -0.007820 0.999570
vn -0.028274 -0.007820 0.999570
vn -0.028274 -0.007820 0.999570
vn -0.028274 -0.007820 0.999570
vn 0.999969 -0.007816 0.000806
vn 0.999861 -0.006650 0.015316
vn 0.999861 -0.006650 0.015316
vn 0.999969 -0.007816 0.000806
vn 0.989595 -0.035044 -0.139546
vn 0.990801 0.000000 -0.135324
vn -0.991154 0.000000 0.132713
vn -0.991154 0.000000 0.132713
vn -0.989854 -0.034865 -0.137742
vn -0.991063 0.000000 -0.133396
vn 0.991406 0.000000 0.130821
vn 0.991406 0.000000 0.130821
vn 0.978595 -0.048549 -0.199986
vn 0.980647 0.000000 -0.195782
vn -0.981380 0.000000 0.192079
vn -0.981380 0.000000 0.192079
vn -0.978613 -0.048784 -0.199844
vn -0.980664 0.000000 -0.195698
vn 0.981396 0.000000 0.191996
vn 0.981396 0.000000 0.191996
vn 0.956353 -0.071074 -0.283437
vn 0.960493 0.000000 -0.278304
vn -0.961943 0.000000 0.273249
vn -0.961943 0.000000 0.273249
vn -0.957148 -0.069865 -0.281046
vn -0.961096 0.000000 -0.276216
vn 0.962525 0.000000 0.271192
vn 0.962525 0.000000 0.271192
vn 0.930576 0.000000 -0.366100
vn 0.927336 -0.083367 -0.364826
vn 0.865156 -0.117745 -0.487484
vn 0.879185 0.000000 -0.476480
vn -0.883094 0.000000 0.469197
vn -0.933012 0.000000 0.359846
vn -0.933012 0.000000 0.359846
vn -0.883094 0.000000 0.469197
vn 0.935184 -0.082976 -0.344305
vn 0.939459 0.000000 -0.342660
vn -0.941613 0.000000 0.336698
vn -0.941613 0.000000 0.336698
vn 0.792257 0.000000 -0.610188
vn 0.783701 -0.146566 -0.603598
vn 0.692983 -0.163507 -0.702168
vn 0.711991 0.000000 -0.702189
vn -0.718920 0.000000 0.695092
vn -0.798058 0.000000 0.602581
vn -0.798058 0.000000 0.602581
vn -0.718920 0.000000 0.695092
vn 0.579672 0.000000 -0.814850
vn 0.568336 -0.196795 -0.798916
vn 0.458384 -0.197921 -0.866436
vn 0.475565 0.000000 -0.879681
vn -0.482891 0.000000 0.875681
vn -0.587307 0.000000 0.809365
vn -0.587307 0.000000 0.809365
vn -0.482891 0.000000 0.875681
vn 0.291950 0.000000 -0.956434
vn 0.284520 -0.224175 -0.932091
vn 0.284609 -0.222831 -0.932386
vn 0.291950 0.000000 -0.956434
vn -0.297286 0.000000 0.954789
vn -0.297286 0.000000 0.954789
vn -0.297291 0.000000 0.954787
vn -0.297291 0.000000 0.954787
vn -0.329270 0.000000 -0.944236
vn -0.321158 -0.220592 -0.920976
vn -0.452598 -0.203739 -0.868128
vn -0.470804 0.000000 -0.882238
vn 0.478102 0.000000 0.878304
vn 0.335129 0.000000 0.942172
vn 0.335129 0.000000 0.942172
vn 0.478102 0.000000 0.878304
vn -0.600813 0.000000 -0.799390
vn -0.589669 -0.191710 -0.784562
vn -0.729713 -0.155474 -0.665843
vn -0.749717 0.000000 -0.661759
vn 0.756185 0.000000 0.654357
vn 0.608429 0.000000 0.793609
vn 0.608429 0.000000 0.793609
vn 0.756185 0.000000 0.654357
vn -0.834946 0.000000 -0.550331
vn -0.827601 -0.132356 -0.545490
vn -0.886885 -0.111917 -0.448230
vn -0.899577 0.000000 -0.436762
vn 0.902934 0.000000 0.429779
vn 0.839910 0.000000 0.542726
vn 0.839910 0.000000 0.542726
vn 0.902934 0.000000 0.429779
vn -0.949244 0.000000 -0.314542
vn -0.946729 -0.072738 -0.313709
vn -0.946244 -0.072302 -0.315271
vn -0.948674 0.000000 -0.316256
vn 0.950525 0.000000 0.310648
vn 0.951076 0.000000 0.308958
vn 0.951076 0.000000 0.308958
vn 0.950525 0.000000 0.310648
vn -0.003817 0.000000 0.999993
vn -0.003817 0.000000 0.999993
vn -0.003820 0.000000 0.999993
vn -0.003820 0.000000 0.999993
vn -0.000752 0.000000 1.000000
vn -0.003821 0.000000 0.999993
vn -0.003821 0.000000 0.999993
vn -0.000752 0.000000 1.000000
vn 0.002510 -0.000000 0.999997
vn 0.002511 0.000000 0.999997
vn 0.002511 0.000000 0.999997
vn 0.002510 0.000000 0.999997
vn 0.002507 0.000000 0.999997
vn 0.002508 -0.000000 0.999997
vn 0.002507 -0.000001 0.999997
vn 0.002507 0.000000 0.999997
vn -0.002492 0.000000 0.999997
vn -0.002492 0.000000 0.999997
vn -0.002492 0.000000 0.999997
vn -0.002492 0.000000 0.999997
vn -0.002494 0.000000 0.999997
vn -0.002494 0.000000 0.999997
vn 0.000931 0.000000 1.000000
vn 0.000931 0.000000 1.000000
vn 0.004381 0.000000 0.999990
vn 0.004381 0.000000 0.999990
vn 0.004377 -0.000000 0.999991
vn 0.004377 0.000000 0.999990
vn 0.004370 0.000000 0.999991
vn 0.004368 0.000000 0.999990
vn 0.004368 0.000000 0.999990
vn 0.004370 0.000000 0.999990
vn -1.000000 0.000000 0.000000
vn -0.999850 -0.009315 -0.014574
vn -0.999674 -0.015260 -0.020457
vn -0.999997 -0.002640 -0.000256
vn -0.987900 -0.083514 -0.130688
vn -0.986657 -0.088328 -0.136767
vn -0.973647 -0.122857 -0.192142
vn -0.971852 -0.126927 -0.198479
vn -0.947534 -0.172078 -0.269384
vn -0.944349 -0.177048 -0.277234
vn -0.929143 -0.198853 -0.311689
vn -0.929317 -0.198616 -0.311322
vn -0.930570 -0.197379 -0.308354
vn -0.930570 -0.197378 -0.308354
vn -0.930569 -0.197380 -0.308354
vn -0.930569 -0.197379 -0.308354
vn -0.870597 -0.265243 -0.414375
vn -0.787512 -0.332256 -0.519067
vn -0.787512 -0.332257 -0.519067
vn -0.857528 -0.277342 -0.433275
vn -0.695939 -0.387140 -0.604807
vn -0.534860 -0.455522 -0.711636
vn -0.534858 -0.455522 -0.711636
vn -0.678344 -0.396112 -0.618826
vn -0.413733 -0.490810 -0.766766
vn -0.281796 -0.517268 -0.808100
vn -0.281796 -0.517270 -0.808098
vn -0.402100 -0.493615 -0.771142
vn 0.248993 -0.522137 -0.815705
vn 0.248993 -0.522139 -0.815704
vn 0.248996 -0.522138 -0.815704
vn 0.248994 -0.522137 -0.815705
vn 0.417841 -0.489801 -0.765182
vn 0.513959 -0.462465 -0.722477
vn 0.513959 -0.462463 -0.722478
vn 0.407056 -0.492432 -0.769295
vn 0.654165 -0.407762 -0.637023
vn 0.737963 -0.363817 -0.568372
vn 0.737962 -0.363820 -0.568373
vn 0.639292 -0.414563 -0.647645
vn 0.845500 -0.287874 -0.449732
vn 0.906030 -0.228160 -0.356444
vn 0.906030 -0.228162 -0.356444
vn 0.831218 -0.299721 -0.468235
vn 0.927676 -0.201898 -0.314095
vn 0.946702 -0.174091 -0.271012
vn 0.943383 -0.179294 -0.279075
vn 0.927904 -0.201589 -0.313616
vn 0.973650 -0.122776 -0.192174
vn 0.971828 -0.126977 -0.198565
vn 0.987590 -0.084271 -0.132529
vn 0.986404 -0.088182 -0.138679
vn 0.999834 -0.009774 -0.015375
vn 0.999661 -0.013971 -0.021978
vn 1.000000 0.000000 0.000000
vn 1.000000 0.000000 0.000000
vn -0.002276 0.000306 0.999997
vn -0.002276 0.000306 0.999997
vn -0.002276 0.000306 0.999997
vn -0.002276 0.000306 0.999997
vn -0.065557 0.062247 0.995905
vn -0.065557 0.062247 0.995905
vn -0.065557 0.062247 0.995905
vn -0.065557 0.062247 0.995905
vn 0.001961 -0.002947 0.999994
vn 0.001961 -0.002947 0.999994
vn 0.001961 -0.002947 0.999994
vn 0.001961 -0.002947 0.999994
vn -0.002117 -0.003437 0.999992
vn -0.002117 -0.003437 0.999992
vn -0.002117 -0.003437 0.999992
vn -0.002117 -0.003437 0.999992
vn 0.002726 0.000946 0.999996
vn 0.002726 0.000946 0.999996
vn 0.002726 0.000946 0.999996
vn 0.002726 0.000946 0.999996
vn -0.002618 0.000896 0.999996
vn -0.002618 0.000896 0.999996
vn -0.002618 0.000896 0.999996
vn -0.002618 0.000896 0.999996
vn -0.002496 -0.003740 0.999990
vn -0.002496 -0.003740 0.999990
vn -0.002496 -0.003740 0.999990
vn -0.002496 -0.003740 0.999990
vn -0.001344 0.000000 0.999999
vn -0.001344 0.000000 0.999999
vn -0.001344 0.000000 0.999999
vn -0.001344 0.000000 0.999999
vn 0.002958 0.000000 0.999996
vn 0.002918 0.000000 0.999996
vn -0.001347 0.000000 0.999999
vn -0.001347 0.000000 0.999999
vn 0.021695 -0.172715 0.984733
vn 0.021695 -0.172715 0.984733
vn 0.021695 -0.172715 0.984733
vn 0.021695 -0.172715 0.984733
vn 0.001352 0.000000 0.999999
vn 0.001352 0.000000 0.999999
vn 0.001352 0.000000 0.999999
vn 0.001352 0.000000 0.999999
vn 0.001343 0.000000 0.999999
vn -0.001633 0.000000 0.999999
vn -0.002239 0.000000 0.999997
vn 0.001343 0.000000 0.999999
vn -0.495706 -0.637603 0.589693
vn -0.422310 -0.602580 0.677164
vn -0.415417 -0.599011 0.684554
vn -0.495706 -0.637603 0.589693
vn 0.001234 -0.398075 0.917352
vn 0.001234 -0.398075 0.917352
vn 0.001234 -0.398075 0.917352
vn 0.001234 -0.398075 0.917352
vn 0.001349 0.000000 0.999999
vn 0.001349 0.000000 0.999999
vn 0.001349 0.000000 0.999999
vn 0.001349 0.000000 0.999999
vn 0.434324 0.892741 0.119901
vn 0.368623 0.925013 0.092025
vn 0.362589 0.902272 0.233311
vn 0.437128 0.864189 0.249192
vn -0.328491 0.934704 0.135728
vn -0.389842 0.910102 0.140494
vn -0.380772 0.892316 0.242456
vn -0.310751 0.923126 0.226434
vn 0.599563 0.780357 0.177670
vn 0.507664 0.846625 0.159700
vn 0.498219 0.827370 0.259301
vn 0.576815 0.771399 0.268751
vn -0.462459 0.874459 0.146470
vn -0.520681 0.839635 0.154613
vn -0.511551 0.821548 0.251744
vn -0.449687 0.859496 0.243000
vn -0.241683 0.945654 0.217549
vn -0.245177 0.961691 0.122635
vn -0.244643 0.961589 0.124481
vn -0.241670 0.947465 0.209536
vn 0.307863 0.946577 0.095986
vn 0.244670 0.963505 0.108603
vn 0.241029 0.944643 0.222607
vn 0.298302 0.927264 0.226269
vn -0.546433 0.821765 0.161596
vn -0.580703 0.796115 0.170248
vn -0.567966 0.775110 0.276802
vn -0.533892 0.806600 0.253683
vn -0.812387 0.541794 0.215609
vn -0.979143 0.000000 0.203172
vn -0.938019 0.000000 0.346583
vn -0.779369 0.548700 0.302509
vn -0.982675 0.000000 0.185336
vn -0.982563 -0.000010 0.185931
vn -0.937802 0.000000 0.347170
vn -0.938003 0.000000 0.346627
vn -0.942666 -0.018111 0.333246
vn -0.981470 -0.016456 0.190910
vn -0.976550 0.000000 0.215293
vn -0.976550 0.000000 0.215293
vn 0.937802 0.000000 0.347170
vn 0.972952 0.000000 0.231009
vn 0.972952 0.000000 0.231009
vn 0.938003 0.000000 0.346627
vn 0.938019 0.000000 0.346583
vn 0.972952 0.000000 0.231009
vn 0.896482 0.379427 0.228813
vn 0.865026 0.380138 0.327453
vn 0.734446 0.648306 0.200720
vn 0.712667 0.626243 0.316108
vn 0.972952 0.000000 0.231009
vn 0.972952 -0.000000 0.231009
vn 0.972952 0.000001 0.231009
vn 0.972952 0.000000 0.231009
vn -0.976550 0.000000 0.215293
vn -0.976550 0.000000 0.215293
vn -0.976550 0.000000 0.215293
vn -0.976550 0.000000 0.215293
vn 0.972952 0.000000 0.231009
vn 0.972952 -0.000000 0.231009
vn 0.972952 0.000001 0.231009
vn 0.972952 0.000001 0.231009
vn -0.520021 -0.000058 0.854153
vn -0.508746 0.371425 0.776673
vn -0.544708 0.000000 0.838626
vn -0.535685 -0.000023 0.844418
vn -0.547077 0.000000 0.837082
vn -0.710411 0.000000 0.703787
vn -0.710411 0.000000 0.703787
vn 0.710411 0.000000 0.703787
vn 0.710411 0.000000 0.703787
vn 0.710411 0.000000 0.703787
vn 0.710411 0.000000 0.703787
vn -0.710411 0.000000 0.703787
vn -0.710411 -0.000000 0.703787
vn -0.710411 0.000000 0.703787
vn -0.710411 0.000000 0.703787
vn 0.710411 0.000000 0.703787
vn 0.710411 0.000000 0.703787
vn 0.710411 0.000000 0.703787
vn 0.710411 0.000000 0.703787
vn 0.000000 0.000000 1.000000
vn 0.000000 0.000000 1.000000
vn 0.000000 0.000000 1.000000
vn 0.000000 0.000000 1.000000
vn -0.953652 -0.229780 -0.194291
vn -0.978939 -0.154311 -0.133664
vn -0.999094 -0.033363 -0.026430
vn -0.999966 -0.008147 -0.000975
vn 0.001331 -0.161533 0.986866
vn 0.001331 -0.161533 0.986866
vn 0.001331 -0.161533 0.986866
vn 0.001331 -0.161533 0.986866
vn 0.972952 0.000000 0.231009
vn 0.972952 0.000000 0.231009
vn 0.710411 0.000000 0.703787
vn 0.710411 0.000000 0.703787
vn 0.004370 0.000000 0.999990
vn 0.004368 0.000000 0.999991
vn 0.004381 0.000000 0.999990
vn 0.004377 0.000000 0.999990
vn -0.002494 0.000000 0.999997
vn 0.000931 0.000000 1.000000
vn -0.002492 0.000000 0.999997
vn -0.002492 0.000000 0.999997
vn 0.002507 0.000000 0.999997
vn 0.002510 0.000000 0.999997
vn 0.002511 0.000000 0.999997
vn 0.002508 0.000000 0.999997
vn -0.003821 0.000000 0.999993
vn -0.000752 0.000000 1.000000
vn -0.003817 0.000000 0.999993
vn -0.003820 0.000000 0.999993
vn -0.939825 -0.016468 0.341258
vn -0.542818 0.000000 0.839850
vn -0.980869 -0.019248 0.193715
vn 0.028995 -0.122508 0.992044
vn 0.028995 -0.122508 0.992044
vn 0.028995 -0.122508 0.992044
vn 0.028995 -0.122508 0.992044
vn 0.999995 -0.003214 -0.000213
vn 0.999479 -0.024495 -0.021003
vn 0.978568 -0.154456 -0.136188
vn 0.953946 -0.228575 -0.194268
vn 0.988139 0.153557 -0.001464
vn -0.038261 0.223154 0.974032
vn -0.038261 0.223154 0.974032
vn -0.038261 0.223154 0.974032
vn -0.038261 0.223154 0.974032
vn 0.710411 0.000000 0.703787
vn 0.710411 0.000000 0.703787
vn 0.972952 0.000000 0.231009
vn 0.972952 0.000000 0.231009
vn 0.003626 0.284488 0.958673
vn 0.003925 0.284366 0.958708
vn 0.013534 0.280422 0.959781
vn 0.013534 0.280422 0.959781
vn -0.999110 -0.009887 -0.040999
vn -0.999110 -0.009887 -0.040999
vn -0.999110 -0.009887 -0.040999
vn -0.999110 -0.009887 -0.040999
vn 0.335129 0.000000 0.942172
vn 0.335129 0.000000 0.942172
vn 0.000000 1.000000 0.000000
vn 0.000000 1.000000 0.000000
vn -0.090187 -0.216792 -0.972043
vn -0.329269 0.000000 -0.944236
vn -0.078870 -0.537437 -0.839608
vn -0.077911 -0.537477 -0.839671
vn -0.071550 -0.637180 -0.767386
vn -0.071512 -0.637181 -0.767389
vn -0.058009 -0.775334 -0.628882
vn -0.054530 -0.841318 -0.537783
vn -0.070392 -0.866239 -0.494646
vn -0.061338 -0.998111 -0.003387
vn -0.056833 -0.998384 0.000000
vn -0.002099 0.001210 0.999997
vn -0.002099 0.001210 0.999997
vn -0.002099 0.001210 0.999997
vn -0.002099 0.001210 0.999997
vn 0.056073 0.990269 0.127369
vn 0.054289 0.974627 0.217154
vn 0.026996 0.506087 0.862060
vn -0.000528 -0.000000 1.000000
vn -0.000543 0.000000 1.000000
vn -0.000532 -0.000000 1.000000
vn -0.000543 0.000000 1.000000
vn -0.000543 0.000000 1.000000
vn -0.000543 0.000000 1.000000
vn -0.000543 0.000000 1.000000
vn -0.000543 0.000000 1.000000
vn 0.000000 1.000000 0.000000
vn 0.000000 1.000000 0.000000
vn 0.002931 0.000923 0.999995
vn 0.002931 0.000923 0.999995
vn 0.002931 0.000923 0.999995
vn 0.002931 0.000923 0.999995
vn 1.000000 0.000000 0.000000
vn 0.999764 -0.013076 -0.017348
vn 0.986343 -0.096703 -0.133326
vn 0.971248 -0.139309 -0.193057
vn 0.941973 -0.197878 -0.271167
vn 0.925273 -0.215206 -0.312340
vn 0.900413 -0.252539 -0.354233
vn 0.833168 -0.323579 -0.448473
vn 0.724940 -0.403380 -0.558343
vn 0.638022 -0.448155 -0.626167
vn 0.499105 -0.508584 -0.701596
vn 0.404261 -0.530950 -0.744758
vn 0.240363 -0.567622 -0.787420
vn 0.240470 -0.567076 -0.787781
vn -0.076210 -0.577017 -0.813169
vn -0.272277 -0.562330 -0.780801
vn -0.399376 -0.534186 -0.745080
vn -0.520089 -0.500662 -0.691986
vn -0.679668 -0.427073 -0.596373
vn -0.775889 -0.369406 -0.511405
vn -0.849478 -0.307476 -0.428773
vn -0.930569 -0.197380 -0.308354
vn -0.930570 -0.197379 -0.308354
vn -0.929067 -0.198954 -0.311852
vn -0.952186 -0.164518 -0.257440
vn -0.976059 -0.117152 -0.183258
vn -0.989613 -0.079470 -0.119792
vn -0.999941 -0.008224 -0.007078
vn -0.999991 -0.004127 -0.000617
vn -0.976550 0.000000 0.215293
vn -0.976550 0.000000 0.215293
vn -0.710411 -0.000001 0.703787
vn -0.710411 -0.000001 0.703787
vn -0.003817 -0.000000 0.999993
vn -0.003820 0.000000 0.999993
vn -0.003821 0.000000 0.999993
vn -0.000752 0.000000 1.000000
vn 0.002511 0.000000 0.999997
vn 0.002510 0.000000 0.999997
vn 0.002507 0.000000 0.999997
vn 0.002507 0.000000 0.999997
vn -0.002492 0.000000 0.999997
vn -0.000543 0.000000 1.000000
vn -0.002492 0.000000 0.999997
vn 0.000931 0.000000 1.000000
vn -0.002494 0.000000 0.999997
vn 0.004377 -0.000000 0.999991
vn 0.004381 0.000000 0.999990
vn 0.004368 -0.000000 0.999991
vn 0.004370 0.000000 0.999991
vn 0.710411 0.000000 0.703787
vn 0.710411 0.000000 0.703787
vn 0.972952 -0.000002 0.231009
vn 0.972952 -0.000002 0.231009
vn -0.008667 -0.010515 0.999907
vn -0.008667 -0.010515 0.999907
vn -0.008667 -0.010515 0.999907
vn -0.008667 -0.010515 0.999907
vn 0.000006 -0.000007 1.000000
vn 0.000006 -0.000007 1.000000
vn 0.000006 -0.000007 1.000000
vn 0.000006 -0.000007 1.000000
vn 0.999838 -0.017876 0.002020
vn 0.999838 -0.017876 0.002020
vn 0.999838 -0.017876 0.002020
vn 0.999838 -0.017876 0.002020
vn 0.000000 1.000000 -0.000000
vn 0.000000 1.000000 -0.000000
vn 0.000000 1.000000 -0.000000
vn 0.000000 1.000000 -0.000000
vn -1.000000 0.000000 0.000000
vn -1.000000 0.000000 0.000000
vn -1.000000 0.000000 0.000000
vn -1.000000 0.000000 0.000000
vn 0.993729 -0.110503 0.017098
vn 0.993729 -0.110503 0.017098
vn 0.993729 -0.110503 0.017098
vn 0.993729 -0.110503 0.017098
vn -1.000000 0.000000 0.000000
vn -1.000000 0.000000 0.000000
vn -1.000000 0.000000 0.000000
vn -1.000000 0.000000 0.000000
vn -0.000002 -1.000000 0.000000
vn -0.000002 -1.000000 0.000000
vn -0.000002 -1.000000 0.000000
vn -0.000002 -1.000000 0.000000
vn 1.000000 -0.000004 0.000000
vn 1.000000 -0.000004 0.000000
vn 1.000000 -0.000004 0.000000
vn 1.000000 -0.000004 0.000000
vn 0.995723 -0.092389 0.000000
vn 0.995723 -0.092389 0.000000
vn 0.995723 -0.092389 0.000000
vn 0.995723 -0.092389 0.000000
vn 0.000000 1.000000 0.000000
vn 0.000000 1.000000 0.000000
vn 0.000000 1.000000 0.000000
vn 0.000000 1.000000 0.000000
vn -1.000000 0.000000 0.000000
vn -1.000000 0.000000 0.000000
vn -1.000000 0.000000 0.000000
vn -1.000000 0.000000 0.000000
vn -0.000002 -1.000000 0.000000
vn -0.000002 -1.000000 0.000000
vn -0.000002 -1.000000 0.000000
vn -0.000002 -1.000000 0.000000
vn 1.000000 -0.000002 0.000000
vn 1.000000 -0.000002 0.000000
vn 1.000000 -0.000002 0.000000
vn 1.000000 -0.000002 0.000000
vn -1.000000 0.000000 0.000000
vn -1.000000 0.000000 0.000000
vn -1.000000 0.000000 0.000000
vn -1.000000 0.000000 0.000000
vn 1.000000 0.000002 0.000000
vn 1.000000 0.000000 0.000000
vn 1.000000 0.000000 0.000000
vn 1.000000 0.000002 0.000000
vn 0.000002 1.000000 0.000000
vn 0.000002 1.000000 0.000000
vn 0.000002 1.000000 0.000000
vn 0.000002 1.000000 0.000000
vn -1.000000 0.000000 0.000000
vn -1.000000 0.000000 0.000000
vn -1.000000 0.000000 0.000000
vn -1.000000 0.000000 0.000000
vn 1.000000 0.000001 0.000000
vn 1.000000 0.000001 0.000000
vn 1.000000 0.000001 0.000000
vn 1.000000 0.000001 0.000000
vn -1.000000 0.000000 0.000000
vn -1.000000 0.000000 0.000000
vn -1.000000 0.000000 0.000000
vn -1.000000 0.000000 0.000000
vn -0.174743 -0.984610 -0.002800
vn -0.174743 -0.984610 -0.002800
vn -0.174743 -0.984610 -0.002800
vn -0.174743 -0.984610 -0.002800
vn 1.000000 0.000000 0.000000
vn 1.000000 0.000000 0.000000
vn 1.000000 0.000000 0.000000
vn 1.000000 0.000000 0.000000
vn -1.000000 0.000000 0.000000
vn -1.000000 0.000000 0.000000
vn -1.000000 0.000000 0.000000
vn -1.000000 0.000000 0.000000
vn 1.000000 0.000002 0.000000
vn 1.000000 0.000000 0.000000
vn 1.000000 0.000000 0.000000
vn 1.000000 0.000002 0.000000
vn 0.000008 1.000000 0.000000
vn 0.000008 1.000000 0.000000
vn 0.000008 1.000000 0.000000
vn 0.000008 1.000000 0.000000
vn -1.000000 0.000000 0.000000
vn -1.000000 0.000000 0.000000
vn -1.000000 0.000000 0.000000
vn -1.000000 0.000000 0.000000
vn -0.055396 -0.998204 0.022801
vn -0.055396 -0.998204 0.022801
vn -0.055396 -0.998204 0.022801
vn -0.055396 -0.998204 0.022801
vn 1.000000 0.000000 0.000000
vn 1.000000 0.000000 0.000000
vn 1.000000 0.000000 0.000000
vn 1.000000 0.000000 0.000000
vn -1.000000 -0.000000 0.000000
vn -1.000000 -0.000000 0.000000
vn -1.000000 -0.000000 0.000000
vn -1.000000 -0.000000 0.000000
vn 0.000078 -0.998186 0.060214
vn 0.000078 -0.998186 0.060214
vn 0.000078 -0.998186 0.060214
vn 0.000078 -0.998186 0.060214
vn 1.000000 0.000002 -0.000000
vn 1.000000 -0.000000 -0.000000
vn 1.000000 -0.000001 -0.000000
vn 1.000000 0.000002 -0.000000
vn 0.000070 0.998891 0.047072
vn 0.000070 0.998892 0.047072
vn 0.000070 0.998892 0.047072
vn 0.000070 0.998892 0.047072
vn -1.000000 0.000000 0.000000
vn -1.000000 0.000000 0.000000
vn -1.000000 0.000000 0.000000
vn -1.000000 0.000000 0.000000
vn 1.000000 0.000000 0.000000
vn 1.000000 0.000000 0.000000
vn 1.000000 0.000000 0.000000
vn 1.000000 0.000000 0.000000
vn -0.999479 0.000000 -0.032272
vn -0.999479 0.000000 -0.032272
vn -0.999479 0.000000 -0.032272
vn -0.999479 0.000000 -0.032272
vn 0.336972 -0.941515 0.000075
vn 0.338061 -0.941124 0.000075
vn 0.338061 -0.941124 0.000075
vn 0.286916 -0.957956 0.000058
vn 1.000000 0.000000 0.000000
vn 1.000000 0.000000 0.000000
vn 1.000000 0.000000 0.000000
vn 1.000000 0.000000 0.000000
vn -0.999407 0.000000 -0.034447
vn -0.999407 0.000000 -0.034447
vn -0.999407 0.000000 -0.034447
vn -0.999407 0.000000 -0.034447
vn 1.000000 0.000000 0.000000
vn 1.000000 0.000000 0.000000
vn 1.000000 0.000000 0.000000
vn 1.000000 0.000000 0.000000
vn 0.121050 0.992646 0.000000
vn 0.060262 0.998173 0.004295
vn 0.073263 0.997299 0.005178
vn 0.121050 0.992646 0.000000
vn 0.086344 0.987122 0.134665
vn 0.086344 0.987122 0.134665
vn 0.086344 0.987122 0.134665
vn 0.086344 0.987122 0.134665
vn -1.000000 -0.000001 0.000000
vn -1.000000 -0.000001 0.000000
vn -1.000000 -0.000001 0.000000
vn -1.000000 -0.000001 0.000000
vn 1.000000 0.000000 0.000000
vn 1.000000 0.000000 0.000000
vn 1.000000 0.000000 0.000000
vn 1.000000 0.000000 0.000000
vn -0.999465 0.000000 -0.032723
vn -0.999465 0.000000 -0.032723
vn -0.999465 0.000000 -0.032723
vn -0.999465 0.000000 -0.032723
vn 0.337306 -0.941395 0.000000
vn 0.337306 -0.941395 0.000000
vn 0.223762 -0.973782 0.040985
vn 1.000000 0.000000 0.000000
vn 1.000000 -0.000000 0.000000
vn 1.000000 -0.000000 0.000000
vn 1.000000 0.000000 0.000000
vn 0.065799 0.996909 0.042920
vn 0.065799 0.996909 0.042920
vn 0.065799 0.996909 0.042920
vn 0.065799 0.996909 0.042920
vn -1.000000 0.000000 0.000000
vn -1.000000 0.000000 0.000000
vn -1.000000 0.000000 0.000000
vn -1.000000 0.000000 0.000000
vn 0.091719 -0.992950 0.075082
vn 0.091719 -0.992950 0.075082
vn 0.091719 -0.992950 0.075082
vn 0.091719 -0.992950 0.075082
vn 1.000000 0.000000 0.000000
vn 1.000000 0.000000 0.000000
vn 1.000000 0.000000 0.000000
vn 1.000000 0.000000 0.000000
vn 0.000000 1.000000 0.000000
vn 0.000000 1.000000 0.000000
vn 0.002462 -0.003855 0.999990
vn 0.002462 -0.003855 0.999990
vn 0.002462 -0.003855 0.999990
vn 0.002462 -0.003855 0.999990
vn 0.000000 1.000000 -0.000000
vn 0.000000 1.000000 -0.000000
vn 0.037970 -0.020651 0.999066
vn 0.037970 -0.020651 0.999065
vn 0.037970 -0.020651 0.999066
vn 0.037970 -0.020651 0.999065
vn -0.205028 -0.005196 0.978742
vn -0.205028 -0.005196 0.978742
vn -0.205028 -0.005196 0.978742
vn -0.205028 -0.005196 0.978742
vn 0.291950 0.000000 -0.956434
vn 0.000000 1.000000 0.000000
vn 0.000000 1.000000 0.000000
vn -0.297281 0.000000 0.954790
vn -0.297281 0.000000 0.954790
vn 0.000000 1.000000 0.000000
vn 0.000000 1.000000 0.000000
vn 0.002905 0.000579 0.999996
vn 0.002905 0.000579 0.999996
vn 0.002905 0.000579 0.999996
vn 0.002905 0.000579 0.999996
vn 0.000000 1.000000 -0.000001
vn 0.000000 1.000000 -0.000001
vn -0.001611 -0.002634 0.999995
vn -0.001611 -0.002634 0.999995
vn -0.001611 -0.002634 0.999995
vn -0.001611 -0.002634 0.999995
vn 0.000000 1.000000 -0.000000
vn 0.000000 1.000000 -0.000000
vn 0.906030 -0.228161 -0.356443
vn 0.906030 -0.228162 -0.356443
vn 0.896890 -0.266623 -0.352848
vn 0.890348 -0.290842 -0.350274
vn -0.002464 -0.003374 0.999991
vn -0.002464 -0.003374 0.999991
vn -0.002464 -0.003374 0.999991
vn -0.002464 -0.003374 0.999991
vn -0.003818 0.000000 0.999993
vn -0.003818 -0.000000 0.999993
vn -0.003818 0.000000 0.999993
vn -0.003818 -0.000000 0.999993
vn 0.970448 -0.241306 0.001441
vn -0.001344 0.000000 0.999999
vn -0.001344 0.000000 0.999999
vn -0.001344 0.000000 0.999999
vn -0.001344 0.000000 0.999999
vn 1.000000 0.000000 0.000000
vn 1.000000 0.000000 0.000000
vn 1.000000 -0.000000 0.000000
vn 1.000000 -0.000000 0.000000
vn -0.051754 0.282222 0.957952
vn -0.051754 0.282222 0.957952
vn -0.051754 0.282222 0.957952
vn -0.051754 0.282222 0.957952
vn -1.000000 0.000001 0.000000
vn -1.000000 0.000001 0.000000
vn -1.000000 0.000001 0.000000
vn -1.000000 0.000001 0.000000
vn -0.999998 -0.002211 -0.000223
vn -0.999998 -0.002211 -0.000223
vn -0.999998 -0.002211 -0.000223
vn -0.999998 -0.002211 -0.000223
vn -0.898807 -0.406927 -0.162963
vn 0.000000 0.000000 1.000000
vn 0.000000 0.000000 1.000000
vn 0.000000 0.000000 1.000000
vn 0.000000 0.000000 1.000000
vn -0.976550 0.000000 0.215293
vn -0.976550 0.000000 0.215293
vn -0.710411 0.000000 0.703787
vn -0.710411 0.000000 0.703787
vn 0.710411 0.000000 0.703787
vn 0.710411 0.000000 0.703787
vn 0.972952 -0.000002 0.231009
vn 0.972952 -0.000002 0.231009
vn 1.000000 -0.000002 0.000000
vn 1.000000 -0.000002 0.000000
vn 1.000000 -0.000003 0.000000
vn 1.000000 -0.000003 0.000000
vn 1.000000 -0.000003 -0.000000
vn 1.000000 -0.000003 -0.000000
vn 0.001348 -0.000000 0.999999
vn 0.001348 -0.000000 0.999999
vn 0.001348 -0.000000 0.999999
vn 0.001348 -0.000000 0.999999
vn -1.000000 0.000000 0.000000
vn -1.000000 0.000000 0.000000
vn -1.000000 0.000000 0.000000
vn -1.000000 0.000000 0.000000
vn -1.000000 0.000000 0.000000
vn -1.000000 0.000000 0.000000
vn -0.993121 -0.081709 -0.083870
vn -0.984309 -0.121244 -0.128203
vn -0.990010 -0.097632 -0.101722
vn -0.993121 -0.081709 -0.083870
vn -0.966992 -0.171870 -0.188118
vn -0.975545 -0.149526 -0.161103
vn -0.934074 -0.236711 -0.267344
vn -0.949743 -0.208849 -0.233175
vn -0.922450 -0.255062 -0.289877
vn -0.922450 -0.255062 -0.289877
vn -0.924249 -0.252695 -0.286198
vn -0.924249 -0.252694 -0.286198
vn -0.924249 -0.252695 -0.286198
vn -0.924249 -0.252695 -0.286198
vn -1.000000 0.000000 0.000000
vn -1.000000 0.000000 0.000000
vn -1.000000 0.000000 0.000000
vn -1.000000 0.000000 0.000000
vn -0.000019 -0.999922 -0.012469
vn -0.000019 -0.999922 -0.012469
vn -0.000019 -0.999922 -0.012469
vn -0.000019 -0.999922 -0.012469
vn 1.000000 -0.000004 -0.000000
vn 1.000000 -0.000004 -0.000000
vn 1.000000 -0.000004 -0.000000
vn 1.000000 -0.000004 -0.000000
vn 0.000148 0.994264 0.106958
vn 0.000148 0.994264 0.106958
vn 0.000148 0.994264 0.106958
vn 0.000148 0.994264 0.106958
vn -0.521331 -0.853355 0.000000
vn -0.521331 -0.853355 0.000000
vn 0.507241 0.861804 0.000000
vn 0.507241 0.861804 0.000000
vn 0.507241 0.861804 0.000000
vn 0.507241 0.861804 0.000000
vn -0.749316 -0.662207 -0.002763
vn -0.749195 -0.662335 -0.004312
vn 0.750311 0.661079 -0.002855
vn 0.750423 0.660954 -0.002428
vn 0.750183 0.661222 -0.003342
vn 0.750183 0.661222 -0.003342
vn -0.388892 0.921284 -0.000118
vn -0.388892 0.921284 -0.000118
vn -0.388892 0.921284 -0.000118
vn -0.388892 0.921283 -0.000118
vn -0.521330 -0.853355 0.000000
vn -0.521330 -0.853355 0.000000
vn 0.756264 -0.654267 0.000000
vn 0.756264 -0.654267 0.000000
vn 0.756264 -0.654267 0.000000
vn 0.756264 -0.654267 0.000000
vn 0.507241 0.861804 0.000000
vn 0.507241 0.861804 0.000000
vn 0.507241 0.861804 0.000000
vn 0.507241 0.861804 0.000000
vn -0.521332 -0.853354 0.000000
vn -0.521332 -0.853354 0.000000
vn -0.521195 -0.853245 0.018104
vn -0.521199 -0.853250 0.017768
vn 0.507241 0.861804 0.000000
vn 0.507241 0.861804 0.000000
vn 0.507174 0.861555 0.022316
vn 0.507179 0.861567 0.021711
vn -0.514119 0.857719 0.000000
vn -0.514119 0.857719 0.000000
vn -0.513858 0.857304 0.031312
vn -0.513838 0.857273 0.032462
vn -0.499051 -0.866242 0.023942
vn -0.499051 -0.866242 0.023942
vn -0.499051 -0.866242 0.023942
vn -0.499051 -0.866242 0.023942
vn 0.744454 -0.644367 0.174867
vn 0.744454 -0.644367 0.174867
vn 0.744454 -0.644367 0.174867
vn 0.744454 -0.644367 0.174867
vn 0.480621 0.876550 -0.025747
vn 0.480621 0.876550 -0.025747
vn 0.480621 0.876550 -0.025747
vn 0.480621 0.876550 -0.025747
vn -0.520457 -0.852255 0.052792
vn -0.520457 -0.852255 0.052792
vn 0.630168 -0.771237 0.089902
vn 0.630168 -0.771237 0.089902
vn 0.630168 -0.771237 0.089902
vn 0.630168 -0.771237 0.089902
vn 0.506355 0.859910 0.064488
vn 0.506355 0.859910 0.064488
vn -0.511908 0.854093 0.092060
vn -0.511908 0.854093 0.092060
vn -0.378618 -0.925553 -0.000254
vn -0.378608 -0.925557 -0.000279
vn 0.366642 0.930362 0.000263
vn 0.366650 0.930359 0.000237
vn -0.756263 0.654267 -0.001056
vn -0.756263 0.654267 -0.001056
vn -0.756263 0.654267 -0.001056
vn -0.756263 0.654267 -0.001056
vn -0.251517 -0.967853 0.000236
vn -0.333665 -0.942692 -0.000051
vn 0.980316 -0.197419 0.002314
vn 0.980316 -0.197419 0.002314
vn 0.980317 -0.197419 0.002314
vn 0.980317 -0.197419 0.002314
vn 0.323302 0.946296 0.000031
vn 0.242862 0.970061 -0.000258
vn -0.251449 -0.967871 0.000000
vn -0.251449 -0.967871 0.000000
vn -0.251449 -0.967871 0.000000
vn -0.251449 -0.967871 0.000000
vn 0.980319 -0.197421 0.000000
vn 0.980319 -0.197421 0.000000
vn 0.980319 -0.197421 0.000000
vn 0.980319 -0.197421 0.000000
vn 0.242787 0.970080 0.000000
vn 0.242787 0.970080 0.000000
vn 0.242787 0.970080 0.000000
vn 0.242787 0.970080 0.000000
vn -0.810765 0.527813 0.253128
vn -0.810765 0.527813 0.253128
vn -0.810765 0.527813 0.253128
vn -0.810765 0.527813 0.253128
vn -0.381932 -0.924182 0.003906
vn -0.381932 -0.924182 0.003906
vn -0.381932 -0.924182 0.003906
vn -0.381932 -0.924182 0.003906
vn 0.368956 0.929444 -0.002540
vn 0.368956 0.929444 -0.002540
vn 0.368956 0.929444 -0.002540
vn 0.368956 0.929444 -0.002540
vn -0.256214 -0.966000 0.034616
vn -0.256214 -0.966000 0.034616
vn -0.256214 -0.966000 0.034616
vn -0.256214 -0.966000 0.034616
vn 0.963369 -0.179745 0.199029
vn 0.963369 -0.179745 0.199029
vn 0.963369 -0.179745 0.199029
vn 0.963369 -0.179745 0.199029
vn 0.296547 0.951014 0.087364
vn 0.296547 0.951014 0.087364
vn 0.296547 0.951014 0.087364
vn 0.296547 0.951014 0.087364
vn -0.918484 0.355027 0.174194
vn -0.918484 0.355027 0.174194
vn -0.918484 0.355027 0.174194
vn -0.918484 0.355027 0.174194
vn 0.251961 -0.967738 0.000000
vn 0.251961 -0.967737 0.000000
vn 0.251961 -0.967738 0.000000
vn 0.251961 -0.967737 0.000000
vn -0.243300 0.969951 0.000000
vn -0.243300 0.969951 0.000000
vn -0.243300 0.969951 0.000000
vn -0.243300 0.969951 0.000000
vn -0.980319 0.197421 0.000000
vn -0.980319 0.197421 0.000000
vn -0.980319 0.197421 0.000000
vn -0.980319 0.197421 0.000000
vn -0.251583 -0.967836 0.000000
vn -0.251583 -0.967836 0.000000
vn -0.251583 -0.967836 0.000000
vn -0.251583 -0.967836 0.000000
vn 0.242935 0.970043 0.000000
vn 0.242935 0.970043 0.000000
vn 0.242935 0.970043 0.000000
vn 0.242935 0.970043 0.000000
vn 0.251959 -0.967738 0.000000
vn 0.251959 -0.967738 0.000000
vn 0.251959 -0.967738 0.000000
vn 0.251959 -0.967738 0.000000
vn 0.976234 -0.040104 0.212974
vn 0.976234 -0.040104 0.212974
vn 0.976234 -0.040104 0.212974
vn 0.976234 -0.040104 0.212974
vn -0.267580 0.962975 -0.032876
vn -0.267580 0.962975 -0.032876
vn -0.267580 0.962975 -0.032876
vn -0.267580 0.962975 -0.032876
vn 0.251960 -0.967738 0.000000
vn 0.251960 -0.967738 0.000000
vn 0.251960 -0.967738 0.000000
vn 0.251960 -0.967738 0.000000
vn -0.243310 0.969949 0.000000
vn -0.243310 0.969949 0.000000
vn -0.243310 0.969949 0.000000
vn -0.243310 0.969949 0.000000
vn 0.251961 -0.967737 0.000000
vn 0.251961 -0.967737 0.000000
vn 0.251961 -0.967737 0.000000
vn 0.251961 -0.967737 0.000000
vn -0.243300 0.969951 0.000000
vn -0.243300 0.969951 0.000000
vn -0.243300 0.969951 0.000000
vn -0.243300 0.969951 0.000000
vn 0.284144 -0.958082 0.036615
vn 0.284144 -0.958082 0.036615
vn 0.284144 -0.958082 0.036615
vn 0.284144 -0.958082 0.036615
vn 0.917575 0.304063 0.256128
vn 0.917575 0.304063 0.256128
vn 0.917575 0.304063 0.256128
vn 0.917575 0.304063 0.256128
vn -0.314511 0.949229 -0.006839
vn -0.314511 0.949229 -0.006839
vn -0.314511 0.949229 -0.006839
vn -0.314511 0.949229 -0.006839
vn 0.285877 -0.957579 -0.036297
vn 0.285877 -0.957579 -0.036297
vn 0.285877 -0.957579 -0.036297
vn 0.285877 -0.957579 -0.036297
vn -0.279643 0.959447 0.035506
vn -0.279643 0.959447 0.035506
vn -0.279643 0.959447 0.035506
vn -0.279643 0.959447 0.035506
vn -0.963478 0.022610 0.266833
vn -0.963478 0.022610 0.266833
vn -0.963478 0.022610 0.266833
vn -0.963477 0.022610 0.266833
vn -0.991278 -0.077050 0.106915
vn -0.991278 -0.077050 0.106915
vn -0.991278 -0.077050 0.106915
vn -0.991278 -0.077050 0.106915
vn 0.277926 -0.960601 0.001680
vn 0.277926 -0.960601 0.001680
vn 0.277926 -0.960601 0.001680
vn 0.277926 -0.960601 0.001680
vn 0.975831 0.195999 0.096634
vn 0.975831 0.195999 0.096634
vn 0.975831 0.195999 0.096634
vn 0.975831 0.195999 0.096634
vn -0.268491 0.963274 0.003993
vn -0.268491 0.963274 0.003993
vn -0.268491 0.963274 0.003993
vn -0.268491 0.963274 0.003993
vn -0.211427 0.975275 0.064328
vn -0.130063 0.990153 0.051774
vn -0.149555 0.986956 0.059599
vn -0.211427 0.975275 0.064328
vn -0.999464 0.000000 -0.032723
vn -0.999465 0.000000 -0.032723
vn -0.999464 0.000000 -0.032723
vn -0.999465 0.000000 -0.032723
vn 0.292384 -0.954677 0.055702
vn 0.292384 -0.954677 0.055702
vn 0.209676 -0.975641 0.064508
vn 1.000000 0.000000 0.000000
vn 1.000000 0.000000 0.000000
vn 1.000000 0.000000 0.000000
vn 1.000000 0.000000 0.000000
vn 0.382906 -0.923787 0.000000
vn 0.382906 -0.923787 0.000000
vn 0.382906 -0.923787 0.000000
vn 0.382906 -0.923787 0.000000
vn -0.370414 0.927451 -0.051269
vn -0.370413 0.927451 -0.051269
vn -0.370413 0.927451 -0.051269
vn -0.370413 0.927451 -0.051269
vn -0.980702 0.007029 -0.195382
vn -0.980702 0.007029 -0.195382
vn -0.980702 0.007029 -0.195382
vn -0.980702 0.007029 -0.195382
vn 0.534206 -0.845354 0.000000
vn 0.534206 -0.845354 0.000000
vn 0.534206 -0.845354 0.000000
vn 0.534206 -0.845354 0.000000
vn -0.520028 0.854149 0.000000
vn -0.520028 0.854149 0.000000
vn -0.520028 0.854149 0.000000
vn -0.520028 0.854149 0.000000
vn 0.382898 -0.923791 0.000000
vn 0.382898 -0.923791 0.000000
vn 0.382898 -0.923791 0.000000
vn 0.382898 -0.923791 0.000000
vn -0.370849 0.928693 0.000000
vn -0.370849 0.928693 0.000000
vn -0.370849 0.928693 0.000000
vn -0.370849 0.928693 0.000000
vn 0.534208 -0.845353 0.000000
vn 0.534208 -0.845353 0.000000
vn 0.534208 -0.845353 0.000000
vn 0.534208 -0.845353 0.000000
vn 0.540567 0.841301 0.000000
vn 0.540567 0.841301 0.000000
vn 0.540567 0.841301 0.000000
vn 0.540567 0.841301 0.000000
vn -0.520029 0.854149 0.000000
vn -0.520029 0.854149 0.000000
vn -0.520029 0.854149 0.000000
vn -0.520029 0.854149 0.000000
vn 0.534206 -0.845354 0.000000
vn 0.534206 -0.845354 0.000000
vn 0.534206 -0.845354 0.000000
vn 0.534206 -0.845354 0.000000
vn 0.659956 0.751305 0.000000
vn 0.659956 0.751305 0.000000
vn 0.659956 0.751305 0.000000
vn 0.659956 0.751305 0.000000
vn -0.520028 0.854149 0.000000
vn -0.520028 0.854149 0.000000
vn -0.520028 0.854149 0.000000
vn -0.520028 0.854149 0.000000
vn -0.853164 -0.516745 0.071318
vn -0.853164 -0.516745 0.071318
vn -0.853164 -0.516745 0.071318
vn -0.853164 -0.516745 0.071318
vn 0.374123 -0.927374 0.003056
vn 0.374123 -0.927374 0.003056
vn 0.374123 -0.927374 0.003056
vn 0.374123 -0.927374 0.003056
vn -0.359398 0.933177 -0.003621
vn -0.359398 0.933177 -0.003621
vn -0.359398 0.933177 -0.003621
vn -0.359398 0.933177 -0.003621
vn 0.528601 -0.848829 -0.008389
vn 0.528601 -0.848829 -0.008389
vn 0.528601 -0.848829 -0.008389
vn 0.528601 -0.848829 -0.008389
vn 0.654068 0.744469 0.134016
vn 0.654068 0.744469 0.134016
vn 0.654068 0.744469 0.134016
vn 0.654068 0.744469 0.134016
vn -0.511750 0.859086 0.009122
vn -0.511750 0.859086 0.009122
vn -0.511750 0.859086 0.009122
vn -0.511750 0.859086 0.009122
vn -0.780900 -0.621623 0.061479
vn -0.780900 -0.621623 0.061479
vn -0.780900 -0.621623 0.061479
vn -0.780900 -0.621623 0.061479
vn 0.598177 -0.801364 -0.000598
vn 0.598177 -0.801364 -0.000598
vn 0.598177 -0.801364 -0.000598
vn 0.598177 -0.801364 -0.000598
vn -0.582601 0.812758 0.000150
vn -0.582601 0.812758 0.000150
vn -0.582601 0.812758 0.000150
vn -0.582601 0.812758 0.000150
vn -0.540067 -0.840520 0.043063
vn -0.540067 -0.840520 0.043063
vn -0.540067 -0.840520 0.043063
vn -0.540067 -0.840520 0.043063
vn 1.000000 0.000000 0.000000
vn 1.000000 0.000000 0.000000
vn 1.000000 0.000000 0.000000
vn 1.000000 0.000000 0.000000
vn 0.245994 0.969271 0.000000
vn 0.245994 0.969271 0.000000
vn 0.245994 0.969271 0.000000
vn 0.245994 0.969271 0.000000
vn -1.000000 0.000000 0.000000
vn -1.000000 0.000000 0.000000
vn -1.000000 0.000000 0.000000
vn -1.000000 0.000000 0.000000
vn 0.596441 -0.802657 0.000000
vn 0.596441 -0.802657 0.000000
vn 0.596441 -0.802657 0.000000
vn 0.596441 -0.802657 0.000000
vn -0.582114 0.813107 0.000000
vn -0.582114 0.813107 0.000000
vn -0.582114 0.813107 0.000000
vn -0.582114 0.813107 0.000000
vn -0.460822 -0.887228 0.021670
vn -0.460822 -0.887228 0.021670
vn -0.460822 -0.887228 0.021670
vn -0.460822 -0.887228 0.021670
vn 0.615279 -0.788292 -0.005167
vn 0.615279 -0.788292 -0.005167
vn 0.615279 -0.788292 -0.005167
vn 0.615279 -0.788292 -0.005167
vn 0.337306 0.941395 0.000000
vn 0.337306 0.941395 0.000000
vn 0.337306 0.941395 0.000000
vn 0.337306 0.941395 0.000000
vn -0.602203 0.798328 0.004931
vn -0.602203 0.798328 0.004931
vn -0.602203 0.798328 0.004931
vn -0.602203 0.798328 0.004931
vn 0.999547 0.000000 -0.030099
vn 0.999547 0.000000 -0.030099
vn -0.999999 0.000000 -0.001346
vn -0.999999 -0.000047 -0.001382
vn 0.999998 -0.000357 0.001744
vn 0.999999 -0.000133 0.001596
vn -0.243648 0.969864 -0.000479
vn -0.243648 0.969864 -0.000479
vn -0.243648 0.969864 -0.000479
vn -0.243648 0.969864 -0.000479
vn -0.999999 0.000140 -0.001604
vn -0.999998 0.000360 -0.001745
vn 0.999999 0.000106 0.001438
vn -0.245993 -0.969272 -0.000331
vn -0.245993 -0.969271 -0.000331
vn -0.245993 -0.969272 -0.000331
vn -0.245993 -0.969271 -0.000331
vn 0.999999 0.000000 0.001346
vn 0.999999 0.000000 0.001346
vn -0.999999 0.000000 -0.001346
vn 0.999506 0.000000 -0.031444
vn 0.999506 0.000000 -0.031444
vn 0.999506 0.000000 -0.031444
vn 0.999506 0.000000 -0.031444
vn -1.000000 0.000000 0.000000
vn -1.000000 0.000000 0.000000
vn -1.000000 0.000000 0.000000
vn -1.000000 0.000000 0.000000
vn -0.121228 -0.992625 0.000000
vn -0.070872 -0.997486 0.000000
vn -0.071081 -0.997307 0.018093
vn -0.121228 -0.992625 0.000000
vn 1.000000 0.000000 0.000000
vn 1.000000 0.000000 0.000000
vn 1.000000 0.000000 0.000000
vn 1.000000 0.000000 0.000000
vn -0.235373 0.964410 0.120473
vn -0.235373 0.964410 0.120473
vn -0.235373 0.964410 0.120473
vn -0.235373 0.964410 0.120473
vn -1.000000 0.000000 0.000000
vn -1.000000 0.000000 0.000000
vn -1.000000 0.000000 0.000000
vn -1.000000 0.000000 0.000000
vn 0.999506 0.000000 -0.031444
vn 0.999506 0.000000 -0.031444
vn 0.999506 0.000000 -0.031444
vn 0.999506 0.000000 -0.031444
vn -0.035209 0.997152 0.066702
vn -0.075011 0.993603 0.084415
vn -0.075011 0.993603 0.084415
vn -0.045546 0.995278 0.085718
vn -1.000000 0.000000 0.000000
vn -1.000000 0.000000 0.000000
vn -1.000000 0.000000 0.000000
vn -1.000000 0.000000 0.000000
vn -0.104877 -0.993987 0.031472
vn -0.064014 -0.997396 0.033205
vn -0.104877 -0.993987 0.031472
vn 0.243648 -0.969864 0.000000
vn 0.243648 -0.969864 0.000000
vn 0.243648 -0.969864 0.000000
vn 0.243648 -0.969864 0.000000
vn 1.000000 0.000000 0.000000
vn 1.000000 0.000000 0.000000
vn 1.000000 0.000000 0.000000
vn 1.000000 0.000000 0.000000
vn -1.000000 0.000000 0.000000
vn -1.000000 0.000000 0.000000
vn -1.000000 0.000000 0.000000
vn -1.000000 0.000000 0.000000
vn -0.176783 0.984250 0.000000
vn -0.176783 0.984250 0.000000
vn -0.176783 0.984250 -0.000000
vn -0.176783 0.984250 -0.000000
vn -1.000000 0.000000 0.000000
vn -1.000000 0.000000 0.000000
vn -1.000000 -0.000000 -0.000001
vn -1.000000 0.000000 -0.000001
vn 1.000000 0.000000 0.000000
vn 1.000000 0.000000 0.000000
vn 1.000000 0.000000 0.000001
vn 1.000000 0.000000 0.000001
vn 1.000000 0.000000 0.000000
vn 1.000000 0.000000 0.000000
vn 1.000000 0.000000 0.000000
vn -1.000000 0.000000 0.000000
vn -1.000000 0.000000 0.000000
vn -1.000000 -0.000000 -0.000000
vn -0.176783 0.984250 -0.000001
vn -0.176783 0.984250 -0.000001
vn -1.000000 -0.000001 -0.000002
vn -1.000000 0.000000 -0.000003
vn 1.000000 0.000000 0.000003
vn 1.000000 0.000000 0.000002
vn 0.000006 -1.000000 0.000000
vn 0.000006 -1.000000 0.000000
vn 0.000006 -1.000000 0.000000
vn 0.000006 -1.000000 0.000000
vn 1.000000 0.000001 0.000001
vn -1.000000 -0.000002 -0.000001
vn 0.000007 -0.995890 0.090569
vn 0.000007 -0.995890 0.090569
vn 0.000007 -0.995890 0.090569
vn 0.000007 -0.995890 0.090569
vn 0.999427 0.000001 0.033859
vn 0.999427 0.000001 0.033859
vn 0.999427 0.000001 0.033859
vn 0.999427 0.000001 0.033859
vn -0.000009 0.995890 0.090569
vn -0.000009 0.995890 0.090569
vn -0.000009 0.995890 0.090569
vn -0.000009 0.995890 0.090569
vn -0.999427 -0.000002 0.033860
vn -0.999427 -0.000002 0.033860
vn -0.999427 -0.000002 0.033860
vn -0.999427 -0.000002 0.033860
vn 1.000000 0.000000 0.000000
vn 1.000000 0.000000 0.000000
vn 1.000000 0.000000 0.000000
vn 1.000000 0.000000 0.000000
vn 0.000000 1.000000 -0.000000
vn 0.000000 1.000000 -0.000000
vn 0.000000 1.000000 -0.000000
vn 0.000000 1.000000 -0.000000
vn -0.999693 -0.024742 0.001579
vn -0.999693 -0.024742 0.001579
vn -0.999693 -0.024742 0.001579
vn -0.999693 -0.024742 0.001579
vn -1.000000 0.000000 0.000000
vn -1.000000 0.000000 0.000000
vn -1.000000 0.000000 0.000000
vn -1.000000 0.000000 0.000000
vn 0.176783 -0.984250 0.000000
vn 0.176783 -0.984250 0.000000
vn 0.176783 -0.984250 0.000000
vn 0.176783 -0.984250 0.000000
vn 1.000000 0.000000 0.000000
vn 1.000000 0.000000 0.000000
vn 1.000000 0.000000 0.000000
vn 1.000000 0.000000 0.000000
vn -0.995397 -0.095474 0.008340
vn -0.995397 -0.095474 0.008340
vn -0.995397 -0.095474 0.008340
vn -0.995397 -0.095474 0.008340
vn 0.000001 -0.996169 0.087445
vn 0.000001 -0.996169 0.087445
vn 0.000001 -0.996169 0.087445
vn 0.000001 -0.996169 0.087445
vn 1.000000 0.000001 0.000000
vn 1.000000 0.000001 0.000000
vn 1.000000 0.000001 0.000000
vn 1.000000 0.000001 0.000000
vn 0.000000 0.996169 0.087444
vn 0.000000 0.996169 0.087444
vn 0.000000 0.996169 0.087444
vn 0.000000 0.996169 0.087444
vn -0.999367 -0.035577 -0.000000
vn -0.999367 -0.035577 -0.000000
vn -0.999367 -0.035577 -0.000000
vn -0.999367 -0.035577 -0.000000
vn 0.000000 -1.000000 0.000000
vn 0.000000 -1.000000 -0.000000
vn 0.000000 -1.000000 -0.000000
vn 0.000000 1.000000 0.000000
vn -0.000061 0.999963 0.008641
vn 0.000000 -1.000000 -0.000000
vn 0.000000 -1.000000 -0.000000
vn -0.008686 0.289495 0.957140
vn -0.008686 0.289495 0.957140
vn -0.000092 0.999915 0.013068
vn 0.000000 1.000000 -0.000000
vn 0.000000 1.000000 -0.000000
vn 0.000000 1.000000 -0.000000
vn 0.000000 -1.000000 0.000000
vn -0.000245 0.999502 0.031546
vn -0.000435 -0.998428 0.056057
vn -0.000653 -0.996452 0.084160
vn -0.008361 0.000000 0.999965
vn -0.008361 0.000000 0.999965
vn -0.000368 0.998875 0.047424
vn -0.320516 0.946787 -0.029404
vn -0.244732 0.968909 -0.036364
vn -0.259714 0.965051 -0.035017
vn 0.303375 -0.951799 0.045198
vn 0.455734 -0.889147 0.041536
vn 0.337296 -0.940346 0.044504
vn -0.198224 0.979317 -0.040554
vn -0.202112 0.978537 -0.040206
vn 0.227748 -0.972616 0.046355
vn 0.233283 -0.971307 0.046285
vn -0.163252 0.985443 -0.047456
vn -0.164679 0.985226 -0.047009
vn 0.177803 -0.982718 0.051499
vn 0.179297 -0.982463 0.051178
vn 0.151268 -0.987265 0.049260
vn 0.152191 -0.987105 0.049608
vn -0.141753 0.988826 -0.046145
vn -0.142802 0.988656 -0.046545
vn -0.121574 0.991818 -0.038938
vn -0.122194 0.991734 -0.039136
vn 0.273713 -0.613059 -0.741107
vn 0.273713 -0.613059 -0.741107
vn 0.273713 -0.613059 -0.741107
vn 0.273713 -0.613059 -0.741107
vn 0.128826 -0.990808 0.041262
vn 0.128314 -0.990882 0.041098
vn -1.000000 0.000000 0.000000
vn -1.000000 0.000000 0.000000
vn -1.000000 0.000000 0.000000
vn -1.000000 0.000000 0.000000
vn 1.000000 0.000000 0.000000
vn 1.000000 0.000000 0.000000
vn 0.000001 0.000000 1.000000
vn 0.000001 0.000000 1.000000
vn 0.000001 0.000000 1.000000
vn 0.000001 0.000000 1.000000
vn 0.001344 -0.000000 0.999999
vn 0.001344 -0.000000 0.999999
vn 0.001344 -0.000000 0.999999
vn 0.001344 -0.000000 0.999999
vn 0.015283 0.997842 0.063855
vn 0.015283 0.997842 0.063855
vn 0.015283 0.997842 0.063855
vn 0.015283 0.997842 0.063855
vn -1.000000 0.000000 0.000000
vn -1.000000 0.000000 0.000000
vn -1.000000 0.000000 0.000000
vn -1.000000 0.000000 0.000000
vn 0.000087 -0.997850 0.065540
vn 0.000087 -0.997850 0.065540
vn 0.000087 -0.997850 0.065540
vn 0.000087 -0.997850 0.065540
vn 1.000000 -0.000004 0.000000
vn 1.000000 -0.000004 0.000000
vn 1.000000 -0.000004 0.000000
vn 1.000000 -0.000004 0.000000
vn -1.000000 0.000000 0.000000
vn -1.000000 0.000000 0.000000
vn -1.000000 0.000000 0.000000
vn -1.000000 0.000000 0.000000
vn 0.161451 -0.984942 0.061834
vn 0.161451 -0.984942 0.061834
vn 0.161451 -0.984942 0.061834
vn 0.161451 -0.984942 0.061834
vn 1.000000 0.000000 0.000000
vn 1.000000 0.000000 0.000000
vn 1.000000 0.000000 0.000000
vn 1.000000 0.000000 0.000000
vn -0.063341 0.995261 0.073784
vn -0.063341 0.995261 0.073784
vn -0.063341 0.995261 0.073784
vn -0.063341 0.995261 0.073784
vn 0.000000 1.000000 0.000000
vn 0.000000 1.000000 0.000000
vn 0.000000 -1.000000 0.000000
vn 0.000392 0.998685 0.051264
vn 0.000160 -0.999781 0.020910
vn 0.000670 0.996155 0.087608
vn 0.008362 0.000000 0.999965
vn 0.008362 0.000000 0.999965
vn 0.000274 -0.999359 0.035810
vn 0.000000 1.000000 0.000000
vn 0.000000 1.000000 0.000000
vn -0.112724 0.992970 -0.036102
vn -0.112724 0.992970 -0.036102
vn -0.924249 -0.252694 -0.286198
vn -0.924249 -0.252694 -0.286198
vn 0.118435 -0.992237 0.037932
vn 0.118435 -0.992237 0.037932
vn -0.749433 -0.662079 -0.001241
vn -0.144758 -0.430392 0.890959
vn -0.144758 -0.430392 0.890959
vn 0.750776 0.660556 -0.001079
vn 0.750776 0.660556 -0.001079
vn -0.790732 -0.590780 -0.160378
vn -0.796543 -0.589189 -0.135555
vn 0.601652 -0.787924 -0.131110
vn 0.623726 -0.760063 -0.182402
vn 0.571216 -0.813509 -0.109159
vn 0.624491 -0.756202 -0.195370
vn -0.062422 -0.997319 -0.038198
vn -0.087141 -0.900174 -0.426724
vn 0.329005 -0.858773 -0.392765
vn 0.290681 -0.956370 -0.029357
vn -0.292336 -0.955668 -0.035184
vn -0.340567 -0.859638 -0.380837
vn -0.324944 -0.944411 -0.049997
vn -0.414217 -0.841348 -0.347213
vn -0.459731 -0.885464 -0.067827
vn -0.602815 -0.755566 -0.256387
vn -0.482268 -0.820668 -0.306467
vn -0.390438 -0.919201 -0.051269
vn -0.543079 -0.834989 -0.088642
vn -0.625813 -0.749191 -0.216957
vn -0.583390 -0.805019 -0.107703
vn -0.670058 -0.714600 -0.200921
vn 0.478759 -0.873605 -0.087204
vn 0.567246 -0.784714 -0.249912
vn 0.594340 -0.775163 -0.214202
vn 0.545420 -0.832469 -0.097534
vn 0.447939 -0.891834 -0.063114
vn 0.513385 -0.809102 -0.285990
vn 0.368854 -0.927912 -0.054097
vn 0.447089 -0.830090 -0.333260
vn 0.291697 -0.955856 -0.035381
vn 0.326747 -0.867611 -0.374816
vn -0.702536 -0.694319 -0.156091
vn -0.698673 -0.690755 -0.186317
vn 0.000000 -1.000000 0.000000
vn 0.000000 -1.000000 0.000000
vn 0.000000 -1.000000 0.000000
vn 0.000000 -1.000000 0.000000
vn 0.000000 -1.000000 -0.000000
vn 0.000000 -1.000000 0.000000
vn 0.000000 -1.000000 0.000000
vn 0.000000 -1.000000 -0.000000
vn 0.000000 -1.000000 0.000000
vn 0.000000 -1.000000 0.000000
vn 0.000000 -1.000000 0.000000
vn 0.000000 -1.000000 0.000000
vn 0.000000 -1.000000 -0.000000
vn 0.000000 -1.000000 -0.000000
vn 0.000000 -1.000000 -0.000000
vn 0.000000 -1.000000 -0.000000
vn 0.000000 -1.000000 0.000000
vn 0.000000 -1.000000 0.000000
vn 0.000000 -1.000000 -0.000000
vn 0.000000 -1.000000 -0.000000
vn 0.000000 -1.000000 -0.000000
vn 0.000000 -1.000000 -0.000000
vn 0.000000 -1.000000 -0.000001
vn 0.000000 -1.000000 -0.000001
vn 0.000000 -1.000000 -0.000000
vn 0.000000 -1.000000 0.000000
vn 0.000000 -1.000000 -0.000000
vn 0.000000 -1.000000 -0.000000
vn 0.000000 -1.000000 -0.000001
vn 0.000000 -1.000000 -0.000001
vn 0.000000 -1.000000 -0.000000
vn 0.000000 -1.000000 -0.000000
vn 0.000000 -1.000000 -0.000000
vn 0.000000 -1.000000 -0.000000
vn 0.000000 -1.000000 -0.000000
vn 0.000000 -1.000000 -0.000000
vn 0.000000 -1.000000 -0.000000
vn 0.000000 -1.000000 -0.000000
vn 0.000000 -1.000000 0.000000
vn 0.000000 -1.000000 0.000000
vn 0.000000 -1.000000 -0.000001
vn 0.000000 -1.000000 -0.000001
vn 0.000000 -1.000000 -0.000000
vn 0.000000 -1.000000 -0.000001
vn 0.000000 -1.000000 -0.000000
vn 0.000000 -1.000000 -0.000001
vn 0.000000 -1.000000 -0.000001
vn 0.000000 -1.000000 -0.000000
vn 0.000000 -1.000000 -0.000000
vn 0.000000 -1.000000 -0.000000
vn 0.000000 -1.000000 -0.000000
vn 0.000000 -1.000000 -0.000001
vn 0.000000 -1.000000 -0.000001
vn 0.000000 -1.000000 -0.000001
vn 0.000000 -1.000000 -0.000001
vn 0.000000 -1.000000 -0.000001
vn 0.000000 -1.000000 -0.000000
vn 0.000000 -1.000000 -0.000001
vn 0.000000 -1.000000 -0.000000
vn 0.000000 -1.000000 -0.000000
vn 0.000000 -1.000000 0.000001
vn 0.000000 -1.000000 0.000002
vn 0.000000 -1.000000 0.000002
vn 0.000000 -1.000000 0.000001
vn 0.000000 -1.000000 -0.000001
vn 0.000000 -1.000000 -0.000001
vn 0.000000 -1.000000 -0.000000
vn 0.000000 -1.000000 -0.000001
vn 0.000000 -1.000000 -0.000001
vn 0.000000 -1.000000 -0.000002
vn 0.000000 -1.000000 -0.000002
vn 0.000000 -1.000000 -0.000001
vn 0.000000 -1.000000 0.000000
vn 0.000000 -1.000000 -0.000001
vn 0.000000 -1.000000 -0.000001
vn 0.000000 -1.000000 0.000000
vn 0.000000 -1.000000 -0.000002
vn 0.000000 -1.000000 -0.000001
vn 0.000000 -1.000000 -0.000001
vn 0.000000 -1.000000 -0.000002
vn 0.000000 -1.000000 0.000001
vn 0.000000 -1.000000 0.000001
vn 0.000000 -1.000000 0.000001
vn 0.000000 -1.000000 0.000001
vn 0.000000 -1.000000 -0.000002
vn 0.000000 -1.000000 -0.000001
vn 0.000000 -1.000000 -0.000002
vn 0.000000 -1.000000 -0.000002
vn 0.000000 -1.000000 0.000001
vn 0.000000 -1.000000 0.000001
vn 0.000000 -1.000000 0.000001
vn 0.000000 -1.000000 0.000001
vn 0.000000 -1.000000 0.000001
vn 0.000000 -1.000000 0.000001
vn 0.000000 -1.000000 0.000001
vn 0.000000 -1.000000 0.000001
vn 0.000000 -1.000000 0.000001
vn 0.000000 -1.000000 0.000001
vn 0.000000 -1.000000 0.000001
vn 0.000000 -1.000000 0.000001
vn 0.000000 -1.000000 -0.000000
vn 0.000000 -1.000000 -0.000001
vn 0.000000 -1.000000 -0.000000
vn 0.000000 -1.000000 -0.000001
vn 0.000000 -1.000000 0.000000
vn 0.000000 -1.000000 0.000001
vn 0.000000 -1.000000 0.000001
vn 0.000000 -1.000000 0.000001
vn 0.000000 -1.000000 0.000001
vn 0.000000 -1.000000 0.000001
vn 0.000000 -1.000000 0.000001
vn 0.000000 -1.000000 0.000001
vn 0.000000 -1.000000 -0.000000
vn 0.000000 -1.000000 -0.000000
vn 0.000000 -1.000000 0.000000
vn 0.000000 -1.000000 0.000000
vn 0.000000 -0.041631 0.999133
vn 0.000000 -0.041631 0.999133
vn 0.000000 -1.000000 -0.000000
vn 0.000000 -1.000000 -0.000000
vn 0.000000 -1.000000 -0.000000
vn 0.000000 -1.000000 -0.000000
vn 0.000000 -1.000000 -0.000001
vn 0.000000 -1.000000 -0.000001
vn 0.000000 -1.000000 -0.000001
vn 0.000000 -1.000000 -0.000001
vn 0.000000 -0.999210 -0.039746
vn 0.000000 -0.999210 -0.039754
vn 0.000000 -0.999216 -0.039588
vn 0.000000 -0.999216 -0.039581
vn 0.000000 -0.996169 -0.087445
vn 0.000000 -0.996169 -0.087445
vn 0.000000 0.000000 0.000000
vn 0.000000 0.000000 0.000000
vn 0.000000 0.000000 0.000000
vn 0.000000 0.000000 0.000000
vn 0.000000 -0.996169 -0.087445
vn 0.000000 -0.996169 -0.087445
vn 0.999997 0.000000 0.002292
vn 0.999997 0.000000 0.002292
vn 0.999997 0.000000 0.002292
vn 0.999997 0.000000 0.002292
vn -0.999998 0.000000 -0.002212
vn -0.999998 0.000000 -0.002212
vn -0.999998 0.000000 -0.002212
vn -0.999998 0.000000 -0.002212
vn -0.999998 0.000000 0.002208
vn -0.999998 0.000000 0.002208
vn -0.999998 0.000000 0.002208
vn -0.999998 0.000000 0.002208
vn 0.999998 0.000000 -0.002125
vn 0.999998 0.000000 -0.002125
vn 0.999998 0.000000 -0.002125
vn 0.999998 0.000000 -0.002125
vn 0.993807 0.000000 -0.111124
vn 0.993807 0.000000 -0.111124
vn 0.993807 0.000000 -0.111124
vn 0.993807 0.000000 -0.111124
vn -0.994522 0.000000 0.104524
vn -0.994522 0.000000 0.104524
vn -0.994522 0.000000 0.104524
vn -0.994522 0.000000 0.104524
vn -0.994216 0.000000 -0.107397
vn -0.994216 0.000000 -0.107397
vn -0.994216 0.000000 -0.107397
vn -0.994216 0.000000 -0.107397
vn 0.994892 0.000000 0.100950
vn 0.994892 0.000000 0.100950
vn 0.994892 0.000000 0.100950
vn 0.994892 0.000000 0.100950
vn 0.984336 0.000000 -0.176301
vn 0.984336 0.000000 -0.176301
vn 0.984336 0.000000 -0.176301
vn 0.984336 0.000000 -0.176301
vn -0.986217 0.000000 0.165459
vn -0.986217 0.000000 0.165459
vn -0.986217 0.000000 0.165459
vn -0.986217 0.000000 0.165459
vn -0.984685 0.000000 -0.174345
vn -0.984685 0.000000 -0.174345
vn -0.984685 0.000000 -0.174345
vn -0.984685 0.000000 -0.174345
vn 0.986544 0.000000 0.163493
vn 0.986544 0.000000 0.163493
vn 0.986544 0.000000 0.163493
vn 0.986544 0.000000 0.163493
vn 0.974211 0.000000 -0.225637
vn 0.974211 0.000000 -0.225637
vn 0.974211 0.000000 -0.225637
vn 0.974211 0.000000 -0.225637
vn -0.977848 0.000000 0.209316
vn -0.977848 0.000000 0.209316
vn -0.977848 0.000000 0.209316
vn -0.977848 0.000000 0.209316
vn -0.974056 0.000000 -0.226309
vn -0.974056 0.000000 -0.226309
vn -0.974056 0.000000 -0.226309
vn -0.974056 0.000000 -0.226309
vn 0.977668 0.000000 0.210157
vn 0.977668 0.000000 0.210157
vn 0.977668 0.000000 0.210157
vn 0.977668 0.000000 0.210157
vn 0.953237 0.000000 -0.302223
vn 0.953237 0.000000 -0.302223
vn 0.953237 0.000000 -0.302223
vn 0.953237 0.000000 -0.302223
vn -0.949729 0.000000 0.313074
vn -0.949729 0.000000 0.313074
vn -0.949729 0.000000 0.313074
vn -0.949729 0.000000 0.313074
vn 0.941193 0.000000 -0.337868
vn 0.941193 0.000000 -0.337868
vn 0.941193 0.000000 -0.337868
vn 0.941193 0.000000 -0.337868
vn -0.947847 0.000000 0.318726
vn -0.947847 0.000000 0.318726
vn -0.947847 0.000000 0.318726
vn -0.947847 0.000000 0.318726
vn 0.778446 0.000000 -0.627712
vn 0.778446 0.000000 -0.627712
vn 0.778446 0.000000 -0.627712
vn 0.778446 0.000000 -0.627712
vn -0.728730 0.000000 0.684802
vn -0.728730 0.000000 0.684802
vn -0.728730 0.000000 0.684802
vn -0.728730 0.000000 0.684802
vn 0.542329 0.000000 -0.840166
vn 0.542329 0.000000 -0.840166
vn 0.542329 0.000000 -0.840166
vn 0.542329 0.000000 -0.840166
vn -0.565156 0.000000 0.824984
vn -0.565156 0.000000 0.824984
vn -0.565156 0.000000 0.824984
vn -0.565156 0.000000 0.824984
vn 0.279900 0.000000 -0.960029
vn 0.279900 0.000000 -0.960029
vn 0.279900 0.000000 -0.960029
vn 0.279900 0.000000 -0.960029
vn -0.297674 0.000000 0.954668
vn -0.297674 0.000000 0.954668
vn -0.297674 0.000000 0.954668
vn -0.297674 0.000000 0.954668
vn -0.315400 0.000000 -0.948959
vn -0.315400 0.000000 -0.948959
vn -0.315400 0.000000 -0.948959
vn -0.315400 0.000000 -0.948959
vn 0.334817 0.000000 0.942283
vn 0.334817 0.000000 0.942283
vn 0.334817 0.000000 0.942283
vn 0.334817 0.000000 0.942283
vn -0.607129 0.000000 -0.794604
vn -0.607129 0.000000 -0.794604
vn -0.607129 0.000000 -0.794604
vn -0.607129 0.000000 -0.794604
vn 0.636527 0.000000 0.771255
vn 0.636527 0.000000 0.771255
vn 0.636527 0.000000 0.771255
vn 0.636527 0.000000 0.771255
vn -0.819261 0.000000 -0.573420
vn -0.819261 0.000000 -0.573420
vn -0.819261 0.000000 -0.573420
vn -0.819261 0.000000 -0.573420
vn 0.836183 0.000000 0.548451
vn 0.836183 0.000000 0.548451
vn 0.836183 0.000000 0.548451
vn 0.836183 0.000000 0.548451
vn -0.949842 0.000000 -0.312729
vn -0.949842 0.000000 -0.312729
vn -0.949842 0.000000 -0.312729
vn -0.949842 0.000000 -0.312729
vn 0.956415 0.000000 0.292010
vn 0.956415 0.000000 0.292010
vn 0.956415 0.000000 0.292010
vn 0.956415 0.000000 0.292010
vn -0.937846 0.000000 -0.347053
vn -0.937846 0.000000 -0.347053
vn -0.937846 0.000000 -0.347053
vn -0.937846 0.000000 -0.347053
vn 0.944196 0.000000 0.329384
vn 0.944196 0.000000 0.329384
vn 0.944196 0.000000 0.329384
vn 0.944196 0.000000 0.329384
vn -0.311969 0.000000 -0.950092
vn -0.311969 0.000000 -0.950092
vn -0.311969 0.000000 -0.950092
vn -0.311969 0.000000 -0.950092
vn 0.345426 -0.029998 0.937966
vn 0.345426 -0.029998 0.937966
vn 0.345426 -0.029998 0.937966
vn 0.345426 -0.029998 0.937966
vn 0.300909 0.000000 -0.953653
vn 0.300909 0.000000 -0.953653
vn 0.300909 0.000000 -0.953653
vn 0.300909 0.000000 -0.953653
vn -0.323397 0.000000 0.946263
vn -0.323397 0.000000 0.946263
vn -0.323397 0.000000 0.946263
vn -0.323397 0.000000 0.946263
vn -0.999999 0.000000 0.001073
vn -0.999999 0.000000 0.001073
vn -0.999999 0.000000 0.001073
vn -0.999999 0.000000 0.001073
vn -0.025257 0.000000 0.999681
vn -0.025257 0.000000 0.999681
vn -0.025257 0.000000 0.999681
vn -0.025257 0.000000 0.999681
vn 0.999999 0.000000 -0.001073
vn 0.999999 0.000000 -0.001073
vn 0.999999 0.000000 -0.001073
vn 0.999999 0.000000 -0.001073
vn -0.860169 0.000000 -0.510009
vn -0.860169 0.000000 -0.510009
vn -0.860169 0.000000 -0.510009
vn -0.860169 0.000000 -0.510009
vn 0.843034 0.000000 0.537861
vn 0.843034 0.000000 0.537861
vn 0.843034 0.000000 0.537861
vn 0.843034 0.000000 0.537861
vn -0.588745 0.000000 -0.808319
vn -0.588745 0.000000 -0.808319
vn -0.588745 0.000000 -0.808319
vn -0.588745 0.000000 -0.808319
vn 0.615373 0.000000 0.788236
vn 0.615373 0.000000 0.788236
vn 0.615373 0.000000 0.788236
vn 0.615373 0.000000 0.788236
vn 0.310022 0.000000 -0.950729
vn 0.310022 0.000000 -0.950729
vn 0.310022 0.000000 -0.950729
vn 0.310022 0.000000 -0.950729
vn -0.310276 0.026945 0.950265
vn -0.310276 0.026945 0.950265
vn -0.310276 0.026945 0.950265
vn -0.310276 0.026945 0.950265
vn 0.600285 0.000000 -0.799786
vn 0.600285 0.000000 -0.799786
vn 0.600285 0.000000 -0.799786
vn 0.600285 0.000000 -0.799786
vn -0.632153 0.000000 0.774844
vn -0.632153 0.000000 0.774844
vn -0.632153 0.000000 0.774844
vn -0.632153 0.000000 0.774844
vn 0.782773 0.000000 -0.622308
vn 0.782773 0.000000 -0.622308
vn 0.782773 0.000000 -0.622308
vn 0.782773 0.000000 -0.622308
vn -0.803167 0.000000 0.595754
vn -0.803167 0.000000 0.595754
vn -0.803167 0.000000 0.595754
vn -0.803167 0.000000 0.595754
vn 0.921270 0.000000 -0.388925
vn 0.921270 0.000000 -0.388925
vn 0.921270 0.000000 -0.388925
vn 0.921270 0.000000 -0.388925
vn -0.929680 0.000000 0.368369
vn -0.929680 0.000000 0.368369
vn -0.929680 0.000000 0.368369
vn -0.929680 0.000000 0.368369
vn -1.000000 0.000000 -0.000558
vn -1.000000 0.000000 -0.000558
vn -1.000000 0.000000 -0.000558
vn -1.000000 0.000000 -0.000558
vn 1.000000 0.000000 0.000558
vn 1.000000 0.000000 0.000558
vn 1.000000 0.000000 0.000558
vn 1.000000 0.000000 0.000558
vn -1.000000 0.000000 0.000000
vn -1.000000 0.000000 0.000000
vn -1.000000 0.000000 0.000000
vn -1.000000 0.000000 0.000000
vn 0.000000 0.000000 1.000000
vn 0.000000 0.000000 1.000000
vn 0.000000 0.000000 1.000000
vn 0.000000 0.000000 1.000000
vn 1.000000 0.000000 0.000000
vn 1.000000 0.000000 0.000000
vn 1.000000 0.000000 0.000000
vn 1.000000 0.000000 0.000000
vn -0.959986 0.000000 -0.280048
vn -0.959986 0.000000 -0.280048
vn -0.959986 0.000000 -0.280048
vn -0.959986 0.000000 -0.280048
vn 0.953310 0.000000 0.301994
vn 0.953310 0.000000 0.301994
vn 0.953310 0.000000 0.301994
vn 0.953310 0.000000 0.301994
s 1
g polySurface60 group3 group2
usemtl lambert3SG
f 618/1/1 619/2/2 445/3/3 244/4/4
s 2
f 457/5/5 597/6/6 598/7/7 256/8/8
s 1
f 49/9/9 449/10/10 450/11/11 22/12/12
f 610/13/13 611/14/14 250/15/15 251/16/16
f 265/17/17 266/18/18 635/19/19 582/20/20
f 52/21/21 493/22/22 494/23/23 27/24/24
s 2
f 259/25/25 501/26/26 590/27/27 591/28/28
s 1
f 625/29/29 626/30/30 489/31/31 241/32/32
f 490/33/33 491/34/34 28/35/35 29/36/36
f 19/37/37 20/38/38 446/39/39 447/40/40
f 288/41/41 289/42/42 46/43/43 17/44/44
s 2
f 454/45/45 455/46/46 283/47/47 201/48/48
f 498/49/49 499/50/50 280/51/51 204/52/52
s 1
f 840/53/53 56/54/54 273/55/55 841/56/56
f 491/34/34 492/57/57 67/58/58 28/35/35
f 447/40/40 448/59/59 70/60/60 19/37/37
f 578/61/61 579/62/62 47/63/63 6/64/64
s 2
f 453/65/65 567/66/66 568/67/67 206/68/68
f 497/69/69 560/70/70 561/71/71 208/72/72
s 1
f 5/73/73 55/74/74 551/75/75 552/76/76
f 425/77/77 426/78/78 71/79/79 40/80/80
f 40/80/80 41/81/81 424/82/82 425/77/77
f 616/83/83 617/84/84 423/85/85 245/86/86
s 2
f 435/87/87 599/88/88 600/89/89 255/90/90
f 432/91/91 433/92/92 284/93/93 211/94/94
f 431/95/95 569/96/96 570/97/97 212/98/98
s 1
f 48/99/99 427/100/100 428/101/101 39/102/102
f 53/103/103 515/104/104 516/105/105 23/106/106
s 2
f 519/107/107 558/108/108 559/109/109 207/110/110
f 520/111/111 521/112/112 279/113/113 203/114/114
f 260/115/115 523/116/116 588/117/117 589/118/118
s 1
f 627/119/119 628/120/120 511/121/121 240/122/122
f 512/123/123 513/124/124 26/125/125 25/126/126
f 513/124/124 514/127/127 66/128/128 26/125/125
s 2
f 327/129/129 328/130/130 466/131/131 467/132/132
f 326/133/133 562/134/134 563/135/135 468/136/136
s 1
f 471/137/137 472/138/138 322/139/139 323/140/140
f 320/141/141 321/142/142 473/143/143 474/144/144
f 319/145/145 320/141/141 474/144/144 475/146/146
f 476/147/147 623/148/148 624/149/149 318/150/150
s 2
f 592/151/151 593/152/152 464/153/153 330/154/154
s 1
f 50/155/155 302/156/156 303/157/157 31/158/158
s 2
f 306/159/159 565/160/160 566/161/161 205/162/162
f 307/163/163 308/164/164 282/165/165 202/166/166
f 310/167/167 595/168/168 596/169/169 257/170/170
s 1
f 620/171/171 621/172/172 298/173/173 243/174/174
f 34/175/175 33/176/176 299/177/177 300/178/178
f 300/178/178 301/179/179 69/180/180 34/175/175
f 537/181/181 538/182/182 35/183/183 54/184/184
s 2
f 541/185/185 556/186/186 557/187/187 213/188/188
f 542/189/189 543/190/190 278/191/191 214/192/192
f 545/193/193 586/194/194 587/195/195 261/196/196
s 1
f 629/197/197 630/198/198 533/199/199 239/200/200
f 534/201/201 535/202/202 38/203/203 37/204/204
f 535/202/202 536/205/205 65/206/206 38/203/203
s 2
f 225/207/207 870/208/208 871/209/209 285/210/210
f 868/211/211 869/212/212 571/213/213 227/214/214
s 1
f 47/63/63 862/215/215 863/216/216 6/64/64
f 16/217/217 860/218/218 861/219/219 72/220/220
f 11/221/221 859/222/222 860/218/218 16/217/217
f 615/223/223 857/224/224 858/225/225 246/226/226
s 2
f 254/227/227 873/228/228 874/229/229 601/230/230
s 1
f 611/14/14 612/231/231 249/232/232 250/15/15
f 289/42/42 290/233/233 63/234/234 46/43/43
f 550/235/235 551/75/75 55/74/74 879/236/236 878/237/237
f 272/238/238 273/55/55 56/54/54 58/239/239
f 634/240/240 635/19/19 266/18/18 267/241/241
f 549/242/242 550/235/235 878/237/237 64/243/243
f 271/244/244 272/238/238 58/239/239 73/245/245
f 633/246/246 634/240/240 267/241/241 268/247/247
f 612/231/231 613/248/248 248/249/249 249/232/232
f 290/233/233 291/250/250 78/251/251 63/234/234
f 73/245/245 549/242/242 64/243/243 14/252/252
f 270/253/253 271/244/244 73/245/245 14/252/252
f 632/254/254 633/246/246 268/247/247 269/255/255
f 613/248/248 614/256/256 247/257/257 248/249/249
f 16/217/217 78/251/251 291/250/250 292/258/258
f 72/220/220 581/259/259 78/251/251 16/217/217
f 79/260/260 270/253/253 14/252/252 9/261/261
f 631/262/262 632/254/254 269/255/255 238/263/263
f 246/226/264 247/257/257 614/256/256 615/223/265
f 16/217/217 292/258/258 82/264/266 11/221/221
s off
f 977/265/267 976/266/268 978/267/269 979/268/270
f 980/269/271 981/270/272 982/271/273 983/272/274
f 976/266/275 984/273/276 985/274/277 978/267/278
f 986/275/279 980/269/280 983/272/281 987/276/282
f 984/273/283 988/277/284 989/278/285 985/274/286
f 990/279/287 986/275/288 987/276/289 991/280/290
f 988/277/291 992/281/292 993/282/293 989/278/294
f 994/283/295 990/279/296 991/280/297 995/284/298
s 42
f 996/285/299 997/286/300 998/287/301 999/288/302
s off
f 992/281/303 1000/289/304 1001/290/305 993/282/306
s 43
f 1002/291/307 1003/292/308 1004/293/309 1005/294/310
s 44
f 1006/295/311 1007/296/312 1008/297/313 1009/298/314
s 45
f 1010/299/315 1011/300/316 1012/301/317 1013/302/318
s 46
f 1014/303/319 1015/304/320 1016/305/321 1017/306/322
s 47
f 1018/307/323 1019/308/324 1020/309/325 1021/310/326
s 48
f 1022/311/327 1023/312/328 1024/313/329 1025/314/330
s 49
f 1026/315/331 1027/316/332 1028/317/333 1029/318/334
s off
f 1028/317/335 994/283/336 995/284/337 1029/318/338
s 1
f 3/319/339 43/320/340 102/321/341 103/322/342
s 51
f 83/323/343 84/324/344 105/325/345 104/326/346
s off
f 779/327/347 778/328/348 780/329/349 781/330/350
s 1
f 44/331/351 4/332/352 107/333/353 106/334/354
s 53
f 369/335/355 370/336/356 371/337/357 372/338/358
s 54
f 86/339/359 85/340/360 109/341/361 108/342/362
s 1
f 43/320/340 60/343/363 110/344/364 102/321/341
s 51
f 87/345/365 83/323/343 104/326/346 111/346/366
s 1
f 61/347/367 44/331/351 106/334/354 112/348/368
s 54
f 85/340/360 88/349/369 113/350/370 109/341/361
s 1
f 60/343/363 75/351/371 114/352/372 110/344/364
s 51
f 89/353/373 87/345/365 111/346/366 115/354/374
s 1
f 76/355/375 61/347/367 112/348/368 116/356/376
s 54
f 88/349/369 90/357/377 117/358/378 113/350/370
s 1
f 75/351/371 80/359/379 118/360/380 114/352/372
s 51
f 91/361/381 89/353/373 115/354/374 119/362/382
s 1
f 81/363/383 76/355/375 116/356/376 120/364/384
s 54
f 90/357/377 92/365/385 121/366/386 117/358/378
s 1
f 529/367/387 530/368/388 36/369/389 123/370/390
s 51
f 94/371/391 527/372/392 528/373/393 124/374/394
s 1
f 80/359/379 1/375/395 122/376/396 118/360/380
s 51
f 93/377/397 91/361/381 119/362/382 125/378/398
s 1
f 507/379/399 508/380/400 24/381/401 126/382/402
s 51
f 95/383/403 505/384/404 506/385/405 127/386/406
s 1
f 485/387/407 486/388/408 30/389/409 128/390/410
s 51
f 96/391/411 483/392/412 484/393/413 129/394/414
s 1
f 315/395/415 316/396/416 479/397/417 480/398/418
s 51
f 481/399/419 482/400/420 313/401/421 314/402/422
s 1
f 295/403/423 296/404/424 32/405/425 132/406/426
s 54
f 98/407/427 293/408/428 294/409/429 133/410/430
s 1
f 441/411/431 442/412/432 21/413/433 134/414/434
s 54
f 99/415/435 439/416/436 440/417/437 135/418/438
s 1
f 419/419/439 420/420/440 42/421/441 136/422/442
s 54
f 100/423/443 417/424/444 418/425/445 137/426/446
s 1
f 850/427/447 851/428/448 2/429/449 138/430/450
s 54
f 101/431/451 848/432/452 849/433/453 139/434/454
s 1
f 2/429/449 81/363/383 120/364/384 138/430/450
s 54
f 92/365/385 101/431/451 139/434/454 121/366/386
s 2
f 546/435/455 547/436/456 357/437/457 216/438/458
f 198/439/459 524/440/460 525/441/461 358/442/462
f 199/443/463 502/444/464 503/445/465 359/446/466
f 462/447/467 463/448/468 331/449/469 360/450/470
f 362/451/471 363/452/472 193/453/473 311/454/474
f 458/455/475 459/456/476 364/457/477 194/458/478
f 436/459/479 437/460/480 365/461/481 209/462/482
f 228/463/483 875/464/484 876/465/485 366/466/486
s 1
f 804/467/487 805/468/488 352/469/489 353/470/490
f 805/468/488 806/471/491 351/472/492 352/469/489
f 806/471/491 807/473/493 350/474/494 351/472/492
f 807/473/493 808/475/495 349/476/496 350/474/494
f 348/477/497 349/476/496 808/475/495 809/478/498
f 809/478/499 852/479/500 853/480/501 348/477/502
f 810/481/503 811/482/504 421/483/505 347/484/506
f 812/485/507 813/486/508 443/487/509 346/488/510
f 814/489/511 815/490/512 344/491/513 345/492/514
f 817/493/515 818/494/516 342/495/517 478/496/518
f 819/497/519 820/498/520 487/499/521 341/500/522
f 821/501/523 822/502/524 509/503/525 340/504/526
f 823/505/527 824/506/528 531/507/529 339/508/530
f 825/509/531 826/510/532 337/511/533 338/512/534
f 826/510/532 827/513/535 336/514/536 337/511/533
f 827/513/535 828/515/537 335/516/538 336/514/536
f 828/515/537 829/517/539 334/518/540 335/516/538
f 333/519/541 334/518/540 829/517/539 830/520/542
s off
f 659/521/543 658/522/544 660/523/545 661/524/546
f 703/525/547 702/526/548 704/527/549 685/528/550
f 655/529/551 654/530/552 656/531/553 657/532/554
f 718/533/555 717/534/556 719/535/557 720/536/558
f 694/537/559 695/538/560 696/539/561 697/540/562
f 673/541/563 672/542/564 674/543/565 675/544/566
f 722/545/567 721/546/568 723/547/569 724/548/570
f 726/549/571 725/550/572 727/551/573 728/552/574
s 63
f 750/553/575 749/554/576 751/555/577 752/556/578
s off
f 753/557/579 754/558/580 755/559/581 756/560/582
f 413/561/583 414/562/584 415/563/585 416/564/586
s 64
f 698/565/587 699/566/588 700/567/589 701/568/590
s 65
f 644/569/591 864/570/592 865/571/593 645/572/594
s off
f 606/573/595 607/574/596 396/575/597 397/576/598
f 385/577/599 386/578/600 381/579/601 384/580/602
s 2
f 160/581/603 451/582/604 452/583/605 177/584/606
f 162/585/607 495/586/608 496/587/609 179/588/610
f 163/589/611 429/590/612 430/591/613 180/592/614
f 161/593/615 517/594/616 518/595/617 178/596/618
f 469/597/619 470/598/620 324/599/621 325/600/622
f 159/601/623 304/602/624 305/603/625 176/604/626
f 164/605/627 539/606/628 540/607/629 181/608/630
f 167/609/631 553/610/632 554/611/633 184/612/634
f 166/613/635 275/614/636 276/615/637 183/616/638
f 263/617/639 264/618/640 583/619/641 584/620/642
f 286/621/643 287/622/644 170/623/645 187/624/646
f 572/625/647 573/626/648 172/627/649 189/628/650
f 172/627/649 866/629/651 867/630/652 189/628/650
s 76
f 602/631/653 603/632/654 252/633/655 253/634/656
s 77
f 169/635/657 354/636/658 355/637/659 186/638/660
s 78
f 367/639/661 368/640/662 173/641/663 190/642/664
s 2
f 177/584/606 452/583/605 453/643/65 206/644/68
f 179/588/610 496/587/609 497/645/69 208/646/72
f 180/592/614 430/591/613 431/647/95 212/648/98
f 178/596/618 518/595/617 519/649/107 207/650/110
f 468/651/136 469/597/619 325/600/622 326/652/133
f 176/604/626 305/603/625 306/653/159 205/654/162
f 181/608/630 540/607/629 541/655/185 213/656/188
f 184/612/634 554/611/633 555/657/665 222/658/666
f 183/616/638 276/615/637 277/659/667 221/660/668
f 262/661/669 263/617/639 584/620/670 585/662/671
f 285/663/210 286/621/643 187/624/646 225/664/207
f 571/665/213 572/625/647 189/628/650 227/666/214
f 189/628/650 867/630/652 868/667/211 227/666/214
s 80
f 601/668/672 602/631/673 253/634/674 254/669/675
s 81
f 186/638/676 355/637/677 356/670/678 224/671/679
s 82
f 366/672/680 367/639/681 190/642/682 228/673/683
s off
f 761/674/684 762/675/685 763/676/686 764/677/687
s 1
f 533/199/199 534/201/201 37/204/204 239/200/200
f 240/122/122 511/121/121 512/123/123 25/126/126
f 241/32/32 489/31/31 490/33/33 29/36/36
f 475/146/146 476/147/147 318/150/150 319/145/145
f 243/174/174 298/173/173 299/177/177 33/176/176
f 244/4/4 445/3/3 446/39/39 20/38/38
f 245/86/86 423/85/85 424/82/82 41/81/81
f 246/226/226 858/225/225 859/222/222 11/221/221
f 11/221/221 82/264/266 247/257/257 246/226/264
f 248/249/249 247/257/257 82/264/266 77/678/688
f 249/232/232 248/249/249 77/678/688 62/679/689
f 250/15/15 249/232/232 62/679/689 45/680/690
f 251/16/16 250/15/15 45/680/690 12/681/691
s off
f 391/682/692 390/683/693 393/684/694 394/685/695
s 76
f 253/634/656 252/633/655 171/686/696 188/687/697
s 80
f 254/669/675 253/634/674 188/687/698 226/688/699
s 2
f 226/689/700 872/690/701 873/228/228 254/227/227
f 434/691/702 435/87/87 255/90/90 210/692/703
f 456/693/704 457/5/5 256/8/8 195/694/705
f 309/695/706 310/167/167 257/170/170 196/696/707
f 329/697/708 330/154/154 464/153/153 465/698/709
f 500/699/710 501/26/26 259/25/25 200/700/711
f 522/701/712 523/116/116 260/115/115 197/702/713
f 544/703/714 545/193/193 261/196/196 215/704/715
f 185/705/716 263/617/639 262/661/669 223/706/717
f 168/707/718 264/618/640 263/617/639 185/705/716
s off
f 738/708/719 737/709/720 739/710/721 740/711/722
s 1
f 13/712/723 57/713/724 266/18/18 265/17/17
f 267/241/241 266/18/18 57/713/724 59/714/725
f 268/247/247 267/241/241 59/714/725 74/715/726
f 269/255/255 268/247/247 74/715/726 79/260/260
f 238/263/263 269/255/255 79/260/260 9/261/261
f 74/715/726 271/244/244 270/253/253 79/260/260
f 59/714/725 272/238/238 271/244/244 74/715/726
f 57/713/724 273/55/55 272/238/238 59/714/725
f 274/716/727 273/55/55 57/713/724 13/712/723
s off
f 745/717/728 743/718/729 747/719/730 748/720/731
s 2
f 276/615/637 275/614/636 168/707/718 185/705/716
f 277/659/667 276/615/637 185/705/716 223/706/717
f 543/190/190 544/703/714 215/704/715 278/191/191
f 279/113/113 521/112/112 522/701/712 197/702/713
f 280/51/51 499/50/50 500/699/710 200/700/711
f 465/698/709 466/131/131 328/130/130 329/697/708
f 196/696/707 282/165/165 308/164/164 309/695/706
f 195/694/705 283/47/47 455/46/46 456/693/704
f 210/692/703 284/93/93 433/92/92 434/691/702
f 285/210/210 871/209/209 872/690/701 226/689/700
f 188/687/732 286/621/643 285/663/210 226/688/733
f 171/686/734 287/622/644 286/621/643 188/687/735
s 83
f 405/721/736 400/722/737 399/723/738 406/724/739
s off
f 45/680/740 289/42/741 782/725/742 783/726/743
s 1
f 62/679/689 290/233/233 289/42/42 45/680/690
f 77/678/688 291/250/250 290/233/233 62/679/689
f 292/258/258 291/250/250 77/678/688 82/264/266
s 54
f 294/409/429 293/408/428 97/727/744 131/728/745
s 46
f 1030/729/746 1015/304/320 1014/303/319 1031/730/747
s 1
f 8/731/748 296/404/424 295/403/423 130/732/749
f 815/490/512 816/733/750 343/734/751 344/491/513
f 298/173/173 621/172/172 622/735/752 242/736/753
f 299/177/177 298/173/173 242/736/753 10/737/754
f 300/178/178 299/177/177 10/737/754 15/738/755
f 68/739/756 301/179/179 300/178/178 15/738/755
f 303/157/157 302/156/156 51/740/757 7/741/758
s off
f 681/742/759 680/743/760 682/744/761 683/745/762
s 2
f 305/603/625 304/602/624 165/746/763 182/747/764
f 306/653/159 305/603/625 182/747/764 219/748/765
f 219/749/765 564/750/766 565/160/160 306/159/159
f 281/751/767 308/164/164 307/163/163 218/752/768
f 309/695/706 308/164/164 281/751/767 217/753/769
f 258/754/770 310/167/167 309/695/706 217/753/769
f 594/755/771 595/168/168 310/167/167 258/754/770
f 361/756/772 362/451/471 311/454/474 220/757/773
s 51
f 314/402/422 313/401/421 96/391/411 129/394/414
s 45
f 1008/297/774 1011/300/316 1010/299/315 1009/298/775
s 1
f 30/389/409 316/396/416 315/395/415 128/390/410
f 818/494/516 819/497/519 341/500/522 342/495/517
f 318/150/150 624/149/149 625/29/29 241/32/32
f 319/145/145 318/150/150 241/32/32 29/36/36
f 29/36/36 28/35/35 320/141/141 319/145/145
f 28/35/35 67/58/58 321/142/142 320/141/141
f 323/140/140 322/139/139 52/21/21 27/24/24
s off
f 689/758/776 688/759/777 690/760/778 691/761/779
s 2
f 325/600/622 324/599/621 162/585/607 179/588/610
f 326/652/133 325/600/622 179/588/610 208/646/72
f 208/72/72 561/71/71 562/134/134 326/133/133
f 204/52/52 280/51/51 328/130/130 327/129/129
f 329/697/708 328/130/130 280/51/51 200/700/711
f 200/700/711 259/25/25 330/154/154 329/697/708
f 591/28/28 592/151/151 330/154/154 259/25/25
f 359/446/466 360/450/470 331/449/469 199/443/463
s 1
f 140/762/780 158/763/781 334/518/540 333/519/541
f 335/516/538 334/518/540 158/763/781 157/764/782
f 336/514/536 335/516/538 157/764/782 156/765/783
f 337/511/533 336/514/536 156/765/783 155/766/784
f 338/512/534 337/511/533 155/766/784 154/767/785
f 531/507/529 532/768/786 153/769/787 339/508/530
f 340/504/526 509/503/525 510/770/788 152/771/789
f 341/500/522 487/499/521 488/772/790 151/773/791
f 342/495/517 341/500/522 151/773/791 317/774/792
f 477/775/793 478/496/518 342/495/517 317/774/792
f 344/491/513 343/734/751 150/776/794 297/777/795
f 345/492/514 344/491/513 297/777/795 149/778/796
f 346/488/510 443/487/509 444/779/797 148/780/798
f 347/484/506 421/483/505 422/781/799 147/782/800
f 348/477/502 853/480/501 854/783/801 146/784/802
f 146/784/803 145/785/804 349/476/496 348/477/497
f 350/474/494 349/476/496 145/785/804 144/786/805
f 351/472/492 350/474/494 144/786/805 143/787/806
f 352/469/489 351/472/492 143/787/806 142/788/807
f 353/470/490 352/469/489 142/788/807 141/789/808
s 77
f 355/637/659 354/636/658 174/790/809 191/791/810
s 81
f 356/670/678 355/637/677 191/791/811 229/792/812
s 2
f 547/436/456 548/793/813 230/794/814 357/437/457
f 358/442/462 525/441/461 526/795/815 231/796/816
f 359/446/466 503/445/465 504/797/817 232/798/818
f 332/799/819 360/450/470 359/446/466 232/798/818
f 461/800/820 462/447/467 360/450/470 332/799/819
f 312/801/821 362/451/471 361/756/772 233/802/822
f 234/803/823 363/452/472 362/451/471 312/801/821
f 235/804/824 364/457/477 459/456/476 460/805/825
f 236/806/826 365/461/481 437/460/480 438/807/827
f 366/466/486 876/465/485 877/808/828 237/809/829
s 82
f 192/810/830 367/639/681 366/672/680 237/811/831
s 78
f 175/812/832 368/640/662 367/639/661 192/810/833
s off
f 376/813/834 377/814/835 378/815/836 802/816/837
f 775/817/838 831/818/839 771/819/840 772/820/841
f 86/339/842 108/342/843 371/821/844 370/822/845
f 982/271/846 981/270/847 1032/823/848 1033/824/849
f 107/825/850 4/826/851 369/827/852 372/828/853
f 175/829/854 86/339/855 370/822/856 373/830/857
s 84
f 803/831/858 804/832/859 353/833/860 374/834/861
s off
f 353/835/862 368/836/863 375/837/864 374/838/865
f 368/839/866 175/829/867 373/830/868 375/840/869
f 373/830/870 370/822/871 377/841/872 376/842/873
f 370/843/874 369/844/875 378/845/876 377/846/877
s 85
f 802/847/878 803/831/879 374/834/880 379/848/881
s off
f 374/838/882 375/837/883 380/849/884 379/850/885
f 375/840/886 373/830/887 376/842/888 380/851/889
s 86
f 609/852/890 610/853/891 251/854/892 382/855/893
s 87
f 252/856/894 603/857/895 604/858/896 383/859/897
s off
f 368/860/898 353/861/899 386/862/900 385/863/901
f 353/864/902 141/865/903 381/866/904 386/867/905
f 173/868/906 368/869/907 385/870/908 384/871/909
f 251/854/910 12/872/911 387/873/912 382/855/913
f 12/874/914 171/875/915 388/876/916 387/877/917
f 171/878/918 252/856/919 383/859/920 388/879/921
s 88
f 608/880/922 609/852/923 382/855/924 390/881/925
s 89
f 383/859/926 604/858/927 605/882/928 391/883/929
s off
f 384/884/930 381/885/931 389/886/932 392/887/933
f 382/855/934 387/873/935 393/888/936 390/881/937
f 387/877/938 388/876/939 394/889/940 393/890/941
f 388/879/942 383/859/943 391/883/944 394/891/945
s 90
f 607/892/946 608/880/947 390/881/948 396/893/949
s off
f 390/894/950 391/895/951 397/896/952 396/897/953
s 91
f 391/883/954 605/882/955 606/898/956 397/899/957
s off
f 392/887/958 389/886/959 395/900/960 398/901/961
f 288/902/962 17/903/963 401/904/964 400/905/965
f 170/906/966 287/907/967 399/908/968 402/909/969
f 786/910/970 578/911/971 6/912/972 787/913/973
s 92
f 6/914/974 172/915/975 404/916/976 403/917/977
s 93
f 172/918/978 573/919/979 574/920/980 404/921/981
s off
f 783/922/982 782/923/983 784/924/984 785/925/985
f 287/907/986 171/926/987 406/927/988 399/908/989
s 94
f 171/928/990 12/929/991 405/930/992 406/931/993
s off
f 399/932/994 400/933/995 408/934/996 407/935/997
f 400/905/998 401/904/999 409/936/1000 408/937/1001
f 402/909/1002 399/908/1003 407/938/1004 410/939/1005
f 788/940/1006 786/910/1007 787/913/1008 789/941/1009
s 92
f 403/917/977 404/916/1010 412/942/1011 411/943/1012
s 96
f 404/921/1013 574/920/1014 575/944/1015 412/945/1016
s off
f 407/935/1017 408/934/1018 414/946/1019 413/947/1020
f 408/937/1021 409/936/1022 415/948/1023 414/949/1024
f 409/950/1025 410/951/1026 416/952/1027 415/953/1028
f 410/939/1029 407/938/1030 413/954/1031 416/955/1032
s 54
f 418/425/445 417/424/444 99/956/435 135/957/438
s 48
f 1020/309/1033 1023/312/328 1022/311/327 1021/310/1034
s 1
f 21/413/433 420/420/440 419/419/439 134/414/434
f 811/482/504 812/485/507 346/488/510 421/483/505
f 422/781/799 421/483/505 346/488/510 148/780/798
f 423/85/85 617/84/84 618/1/1 244/4/4
f 424/82/82 423/85/85 244/4/4 20/38/38
f 425/77/77 424/82/82 20/38/38 19/37/37
f 70/60/60 426/78/78 425/77/77 19/37/37
f 428/101/101 427/100/100 49/9/9 22/12/12
s off
f 650/958/1035 648/959/1036 652/960/1037 653/961/1038
s 2
f 430/591/613 429/590/612 160/581/603 177/584/606
f 431/647/95 430/591/613 177/584/606 206/644/68
f 206/68/68 568/67/67 569/96/96 431/95/95
f 283/47/47 433/92/92 432/91/91 201/48/48
f 434/691/702 433/92/92 283/47/47 195/694/705
f 256/8/8 435/87/87 434/691/702 195/694/705
f 598/7/7 599/88/88 435/87/87 256/8/8
f 364/457/477 437/460/480 436/459/479 194/458/478
f 438/807/827 437/460/480 364/457/477 235/804/824
s 54
f 440/417/437 439/416/436 98/407/427 133/410/430
s 47
f 1016/305/1039 1019/308/324 1018/307/323 1017/306/1040
s 1
f 32/405/425 442/412/432 441/411/431 132/406/426
f 813/486/508 814/489/511 345/492/514 443/487/509
f 444/779/797 443/487/509 345/492/514 149/778/796
f 445/3/3 619/2/2 620/171/171 243/174/174
f 446/39/39 445/3/3 243/174/174 33/176/176
f 447/40/40 446/39/39 33/176/176 34/175/175
f 69/180/180 448/59/59 447/40/40 34/175/175
f 450/11/11 449/10/10 50/155/155 31/158/158
s off
f 671/962/1041 670/963/1042 667/964/1043 669/965/1044
s 2
f 452/583/605 451/582/604 159/601/623 176/604/626
f 453/643/65 452/583/605 176/604/626 205/654/162
f 205/162/162 566/161/161 567/66/66 453/65/65
f 282/165/165 455/46/46 454/45/45 202/166/166
f 456/693/704 455/46/46 282/165/165 196/696/707
f 257/170/170 457/5/5 456/693/704 196/696/707
f 596/169/169 597/6/6 457/5/5 257/170/170
f 363/452/472 459/456/476 458/455/475 193/453/473
f 460/805/825 459/456/476 363/452/472 234/803/823
f 361/756/772 462/447/467 461/800/820 233/802/822
f 220/757/773 463/448/468 462/447/467 361/756/772
f 258/754/770 464/153/153 593/152/152 594/755/771
f 465/698/709 464/153/153 258/754/770 217/753/769
f 281/751/767 466/131/131 465/698/709 217/753/769
f 467/132/132 466/131/131 281/751/767 218/752/768
f 468/136/136 563/135/135 564/750/766 219/749/765
f 182/966/764 469/597/619 468/651/136 219/967/765
f 165/968/763 470/598/620 469/597/619 182/966/764
s off
f 692/969/1045 687/970/1046 686/971/1047 693/972/1048
s 1
f 51/973/757 472/138/138 471/137/137 7/974/758
f 474/144/144 473/143/143 68/975/756 15/976/755
f 475/146/146 474/144/144 15/976/755 10/977/754
f 242/978/753 476/147/147 475/146/146 10/977/754
f 622/979/752 623/148/148 476/147/147 242/978/753
f 343/980/751 478/496/518 477/775/793 150/981/794
f 816/982/750 817/493/515 478/496/518 343/980/751
f 480/398/418 479/397/417 8/983/748 130/984/1049
s 45
f 1013/302/318 1012/301/317 1030/729/1050 1031/730/1051
s 51
f 97/727/1052 482/400/420 481/399/419 131/728/1053
f 484/393/413 483/392/412 95/985/403 127/986/406
s 44
f 1004/293/1054 1007/296/312 1006/295/311 1005/294/1055
s 1
f 24/381/401 486/388/408 485/387/407 126/382/402
f 820/498/520 821/501/523 340/504/526 487/499/521
f 488/772/790 487/499/521 340/504/526 152/771/789
f 489/31/31 626/30/30 627/119/119 240/122/122
f 490/33/33 489/31/31 240/122/122 25/126/126
f 25/126/126 26/125/125 491/34/34 490/33/33
f 26/125/125 66/128/128 492/57/57 491/34/34
f 494/23/23 493/22/22 53/103/103 23/106/106
s off
f 716/987/1056 715/988/1057 712/989/1058 714/990/1059
s 2
f 496/587/609 495/586/608 161/593/615 178/596/618
f 497/645/69 496/587/609 178/596/618 207/650/110
f 207/110/110 559/109/109 560/70/70 497/69/69
f 203/114/114 279/113/113 499/50/50 498/49/49
f 500/699/710 499/50/50 279/113/113 197/702/713
f 197/702/713 260/115/115 501/26/26 500/699/710
f 589/118/118 590/27/27 501/26/26 260/115/115
f 503/445/465 502/444/464 198/439/459 358/442/462
f 504/797/817 503/445/465 358/442/462 231/796/816
s 51
f 506/385/405 505/384/404 94/371/391 124/374/394
s 43
f 998/287/1060 1003/292/308 1002/291/307 999/288/1061
s 1
f 36/369/389 508/380/400 507/379/399 123/370/390
f 822/502/524 823/505/527 339/508/530 509/503/525
f 510/770/788 509/503/525 339/508/530 153/769/787
f 511/121/121 628/120/120 629/197/197 239/200/200
f 512/123/123 511/121/121 239/200/200 37/204/204
f 37/204/204 38/203/203 513/124/124 512/123/123
f 38/203/203 65/206/206 514/127/127 513/124/124
f 516/105/105 515/104/104 54/184/184 35/183/183
s off
f 707/991/1062 705/992/1063 709/993/1064 710/994/1065
s 2
f 518/595/617 517/594/616 164/605/627 181/608/630
f 519/649/107 518/595/617 181/608/630 213/656/188
f 213/188/188 557/187/187 558/108/108 519/107/107
f 214/192/192 278/191/191 521/112/112 520/111/111
f 522/701/712 521/112/112 278/191/191 215/704/715
f 215/704/715 261/196/196 523/116/116 522/701/712
f 587/195/195 588/117/117 523/116/116 261/196/196
f 525/441/461 524/440/460 216/438/458 357/437/457
f 526/795/815 525/441/461 357/437/457 230/794/814
s 51
f 528/373/393 527/372/392 93/377/397 125/378/398
s 42
f 1000/289/1066 997/286/300 996/285/299 1001/290/1067
s 1
f 1/375/395 530/368/388 529/367/387 122/376/396
f 338/512/1068 531/507/529 824/506/528 825/509/1069
f 154/767/1070 532/768/786 531/507/529 338/512/1068
f 238/263/263 533/199/199 630/198/198 631/262/1071
f 9/261/261 534/201/201 533/199/199 238/263/263
f 14/252/252 535/202/202 534/201/201 9/261/261
f 64/243/243 536/205/205 535/202/202 14/252/252
f 5/73/73 538/182/182 537/181/181 55/74/74
s off
f 730/995/1072 729/996/1073 731/997/1074 732/998/1075
s 2
f 540/607/629 539/606/628 167/609/631 184/612/634
f 541/655/185 540/607/629 184/612/634 222/658/666
f 555/999/665 556/186/186 541/185/185 222/1000/666
f 277/1001/667 543/190/190 542/189/189 221/1002/668
f 223/1003/717 544/703/714 543/190/190 277/1001/667
f 262/1004/669 545/193/193 544/703/714 223/1003/717
f 585/1005/1076 586/194/194 545/193/193 262/1004/669
f 356/1006/1077 547/436/456 546/435/455 224/1007/1078
f 229/1008/1079 548/793/813 547/436/456 356/1006/1077
s 1
f 58/239/239 550/235/235 549/242/242 73/245/245
f 56/54/54 551/75/75 550/235/235 58/239/239
f 552/76/76 551/75/75 56/54/54 18/1009/1080
s off
f 742/1010/1081 741/1011/1082 734/1012/1083 736/1013/1084
s 2
f 554/611/633 553/610/632 166/613/635 183/616/638
f 555/657/665 554/611/633 183/616/638 221/660/668
f 221/1002/668 542/189/189 556/186/186 555/999/665
f 557/187/187 556/186/186 542/189/189 214/192/192
f 558/108/108 557/187/187 214/192/192 520/111/111
f 559/109/109 558/108/108 520/111/111 203/114/114
f 560/70/70 559/109/109 203/114/114 498/49/49
f 561/71/71 560/70/70 498/49/49 204/52/52
f 562/134/134 561/71/71 204/52/52 327/129/129
f 563/135/135 562/134/134 327/129/129 467/132/132
f 564/750/766 563/135/135 467/132/132 218/752/768
f 565/160/160 564/750/766 218/752/768 307/163/163
f 566/161/161 565/160/160 307/163/163 202/166/166
f 567/66/66 566/161/161 202/166/166 454/45/45
f 568/67/67 567/66/66 454/45/45 201/48/48
f 569/96/96 568/67/67 201/48/48 432/91/91
f 570/97/97 569/96/96 432/91/91 211/94/94
f 571/213/213 869/212/212 870/208/208 225/207/207
f 187/624/646 572/625/647 571/665/213 225/664/207
f 170/623/645 573/626/648 572/625/647 187/624/646
s 93
f 574/920/980 573/919/979 170/906/1085 402/909/1086
s 96
f 575/944/1015 574/920/1014 402/909/1087 410/939/1088
s off
f 409/1014/1089 576/1015/1090 575/1016/1091 410/1017/1092
f 401/904/1093 577/1018/1094 576/1019/1095 409/936/1096
f 17/903/1097 578/1020/1098 577/1018/1099 401/904/1100
s 1
f 46/43/43 579/62/62 578/61/61 17/44/44
f 580/1021/1101 579/62/62 46/43/43 63/234/234
f 581/259/259 580/1021/1101 63/234/234 78/251/251
s off
f 768/1022/1102 767/1023/1103 769/1024/1104 770/1025/1105
s 2
f 584/620/642 583/619/641 169/635/1106 186/638/1107
f 585/662/671 584/620/670 186/638/1108 224/671/1109
f 224/1007/1078 546/435/455 586/194/194 585/1005/1076
f 587/195/195 586/194/194 546/435/455 216/438/458
f 524/440/460 588/117/117 587/195/195 216/438/458
f 589/118/118 588/117/117 524/440/460 198/439/459
f 502/444/464 590/27/27 589/118/118 198/439/459
f 591/28/28 590/27/27 502/444/464 199/443/463
f 331/449/469 592/151/151 591/28/28 199/443/463
f 463/448/468 593/152/152 592/151/151 331/449/469
f 594/755/771 593/152/152 463/448/468 220/757/773
f 220/757/773 311/454/474 595/168/168 594/755/771
f 596/169/169 595/168/168 311/454/474 193/453/473
f 193/453/473 458/455/475 597/6/6 596/169/169
f 598/7/7 597/6/6 458/455/475 194/458/478
f 194/458/478 436/459/479 599/88/88 598/7/7
f 600/89/89 599/88/88 436/459/479 209/462/482
f 601/230/230 874/229/229 875/464/484 228/463/483
s 80
f 190/642/1110 602/631/673 601/668/672 228/673/1111
s 76
f 173/641/1112 603/632/654 602/631/653 190/642/1113
s 87
f 604/858/896 603/857/895 173/868/1114 384/871/1115
s 89
f 605/882/928 604/858/927 384/871/1116 392/1026/1117
s 91
f 606/898/956 605/882/955 392/1026/1118 398/1027/1119
s off
f 636/1028/1120 637/1029/1121 638/1030/1122 639/1031/1123
s 90
f 389/1032/1124 608/880/947 607/892/946 395/1033/1125
s 88
f 381/866/1126 609/852/923 608/880/922 389/1032/1127
s 86
f 141/865/1128 610/853/891 609/852/890 381/866/1129
s 1
f 141/789/808 142/788/807 611/14/14 610/13/13
s 97
f 142/788/1130 792/1034/1131 793/1035/1132 611/14/1133
f 792/1034/1131 794/1036/1134 795/1037/1135 793/1035/1132
f 794/1036/1134 796/1038/1136 797/1039/1137 795/1037/1135
f 798/1040/1138 797/1039/1137 796/1038/1136 799/1041/1139
s 98
f 799/1041/1140 855/1042/1141 856/1043/1142 798/1040/1143
s 1
f 147/782/800 422/781/799 617/84/84 616/83/83
f 618/1/1 617/84/84 422/781/799 148/780/798
f 148/780/798 444/779/797 619/2/2 618/1/1
f 620/171/171 619/2/2 444/779/797 149/778/796
f 149/778/796 297/777/795 621/172/172 620/171/171
f 622/735/752 621/172/172 297/777/795 150/776/794
f 150/981/794 477/775/793 623/148/148 622/979/752
f 624/149/149 623/148/148 477/775/793 317/774/792
f 625/29/29 624/149/149 317/774/792 151/773/791
f 151/773/791 488/772/790 626/30/30 625/29/29
f 627/119/119 626/30/30 488/772/790 152/771/789
f 152/771/789 510/770/788 628/120/120 627/119/119
f 629/197/197 628/120/120 510/770/788 153/769/787
f 532/768/786 630/198/198 629/197/197 153/769/787
f 631/262/1071 630/198/198 532/768/786 154/767/1070
f 154/767/785 155/766/784 632/254/254 631/262/262
f 155/766/784 156/765/783 633/246/246 632/254/254
f 156/765/783 157/764/782 634/240/240 633/246/246
f 157/764/782 158/763/781 635/19/19 634/240/240
f 582/20/20 635/19/19 158/763/781 140/762/780
s off
f 395/1033/1144 607/892/1145 637/1044/1146 636/1045/1147
f 607/1046/1148 606/1047/1149 638/1048/1150 637/1049/1151
f 606/898/1152 398/1027/1153 639/1050/1154 638/1051/1155
f 398/901/1156 395/900/1157 636/1052/1158 639/1053/1159
s 1
f 39/1054/102 428/1055/101 640/1056/1160 641/1057/1161
s off
f 429/1058/1162 163/1059/1163 643/1060/1164 642/1061/1165
s 1
f 6/1062/64 863/1063/216 864/1064/1166 644/1065/1167
s 99
f 865/1066/1168 866/1067/1169 172/1068/1170 645/1069/1171
s off
f 172/1068/1172 6/1070/1173 644/1071/1174 645/1069/1175
s 1
f 428/1055/101 22/1072/12 646/1073/1176 640/1056/1177
s off
f 22/1072/1178 160/1074/1179 647/1075/1180 646/1073/1181
f 160/1076/1182 429/1058/1183 642/1061/1184 647/1077/1185
s 100
f 641/1057/1186 640/1056/1187 648/1078/1188 649/1079/1189
s 101
f 642/1061/1190 643/1060/1191 651/1080/1192 650/1081/1193
s 102
f 643/1082/1194 641/1057/1195 649/1079/1196 651/1083/1197
s off
f 640/1056/1198 646/1073/1199 652/1084/1200 648/1078/1201
f 646/1073/1202 647/1075/1203 653/1085/1204 652/1084/1205
f 647/1077/1206 642/1061/1207 650/1081/1208 653/1086/1209
s 100
f 649/1079/1189 648/1078/1188 654/1087/1210 655/1088/1211
s off
f 648/1078/1212 650/1089/1213 656/1090/1214 654/1087/1215
s 101
f 650/1081/1193 651/1080/1192 657/1091/1216 656/1092/1217
s 102
f 651/1080/1197 649/1093/1196 655/1094/1218 657/1091/1219
s 1
f 22/1095/12 450/1096/11 658/1097/1220 659/1098/1221
s 2
f 451/1099/604 160/1100/603 661/1101/1222 660/1102/1223
s off
f 160/1100/1224 22/1103/1225 659/1104/1226 661/1101/1227
s 1
f 31/1105/158 303/1106/157 662/1107/1228 663/1108/1229
s off
f 303/1109/1230 304/1110/1231 664/1111/1232 662/1112/1233
s 2
f 304/1113/624 159/1114/623 665/1115/1234 664/1116/1235
s 1
f 450/1096/11 31/1105/158 663/1108/1229 658/1097/1220
s 2
f 159/1114/623 451/1099/604 660/1102/1223 665/1115/1234
s off
f 663/1108/1236 662/1107/1237 666/1117/1238 667/1118/1239
f 662/1112/1240 664/1111/1241 668/1119/1242 666/1120/1243
f 664/1116/1244 665/1115/1245 669/1121/1246 668/1122/1247
f 660/1123/1248 658/1124/1249 670/1125/1250 671/1126/1251
f 658/1097/1252 663/1108/1253 667/1118/1254 670/1127/1255
f 665/1115/1256 660/1102/1257 671/1128/1258 669/1121/1259
f 667/1118/1260 666/1117/1261 672/1129/1262 673/1130/1263
f 666/1120/1264 668/1119/1265 674/1131/1266 672/1132/1267
f 668/1122/1268 669/1121/1269 675/1133/1270 674/1134/1271
f 669/1135/1272 667/1136/1273 673/1137/1274 675/1138/1275
f 471/1139/1276 323/1140/1277 678/1141/1278 677/1142/1279
f 324/1143/1280 470/1144/1281 676/1145/1282 679/1146/1283
f 304/1147/1284 303/1148/1285 680/1149/1286 681/1150/1287
f 303/1151/1288 7/1152/1289 682/1153/1290 680/1154/1291
f 165/1155/1292 304/1156/1293 681/1157/1294 683/1158/1295
f 323/1140/1296 27/1159/1297 684/1160/1298 678/1141/1299
f 27/1161/1300 162/1162/1301 685/1163/1302 684/1164/1303
f 162/1165/1304 324/1143/1305 679/1146/1306 685/1166/1307
f 7/1152/1308 471/1139/1309 677/1142/1310 682/1153/1311
f 470/1144/1312 165/1155/1313 683/1158/1314 676/1145/1315
f 677/1142/1316 678/1141/1317 688/1167/1318 687/1168/1319
f 679/1146/1320 676/1145/1321 686/1169/1322 689/1170/1323
f 678/1141/1324 684/1160/1325 690/1171/1326 688/1167/1327
f 684/1164/1328 685/1163/1329 691/1172/1330 690/1173/1331
f 685/1166/1332 679/1146/1333 689/1170/1334 691/1174/1335
f 682/1153/1336 677/1142/1337 687/1168/1338 692/1175/1339
f 676/1145/1340 683/1158/1341 693/1176/1342 686/1169/1343
f 683/1177/1344 682/1178/1345 692/1179/1346 693/1180/1347
f 686/1181/1348 687/1182/1349 695/1183/1350 694/1184/1351
f 687/1168/1352 688/1167/1353 696/1185/1354 695/1186/1355
f 688/1187/1356 689/1188/1357 697/1189/1358 696/1190/1359
f 689/1170/1360 686/1169/1361 694/1191/1362 697/1192/1363
s 103
f 575/1193/1364 576/1194/1365 699/1195/1366 698/1196/1367
s off
f 788/940/1368 789/941/1369 790/1197/1370 791/1198/1371
s 92
f 411/943/1012 412/942/1372 701/1199/1373 700/1200/1374
s off
f 412/945/1375 575/944/1376 698/1201/1377 701/1202/1378
f 27/1203/1379 494/1204/1380 702/1205/1381 703/1206/1382
f 495/1207/1383 162/1208/1384 685/1209/1385 704/1210/1386
f 162/1211/1387 27/1212/1388 703/1213/1389 685/1214/1390
f 23/1215/1391 516/1216/1392 705/1217/1393 706/1218/1394
f 517/1219/1395 161/1220/1396 708/1221/1397 707/1222/1398
f 494/1204/1399 23/1215/1400 706/1218/1401 702/1205/1402
f 161/1220/1403 495/1207/1404 704/1210/1405 708/1221/1406
f 516/1216/1407 35/1223/1408 709/1224/1409 705/1217/1410
f 35/1225/1411 164/1226/1412 710/1227/1413 709/1228/1414
f 164/1226/1415 517/1219/1416 707/1222/1417 710/1227/1418
f 706/1218/1419 705/1217/1420 711/1229/1421 712/1230/1422
f 705/1231/1423 707/1222/1424 713/1232/1425 711/1233/1426
f 707/1222/1427 708/1221/1428 714/1234/1429 713/1232/1430
f 704/1235/1431 702/1236/1432 715/1237/1433 716/1238/1434
f 702/1205/1435 706/1218/1436 712/1230/1437 715/1239/1438
f 708/1221/1439 704/1210/1440 716/1240/1441 714/1234/1442
f 712/1230/1443 711/1229/1444 717/1241/1445 718/1242/1446
f 711/1233/1447 713/1232/1448 719/1243/1449 717/1244/1450
f 713/1232/1451 714/1234/1452 720/1245/1453 719/1243/1454
f 714/1246/1455 712/1230/1456 718/1242/1457 720/1247/1458
f 35/1248/1459 538/1249/1460 721/1250/1461 722/1251/1462
f 539/1252/1463 164/1253/1464 724/1254/1465 723/1255/1466
f 164/1253/1467 35/1256/1468 722/1257/1469 724/1254/1470
f 5/1258/1471 552/1259/1472 725/1260/1473 726/1261/1474
f 552/1262/1475 553/1263/1476 727/1264/1477 725/1265/1478
f 553/1266/1479 167/1267/1480 728/1268/1481 727/1269/1482
f 538/1249/1483 5/1258/1484 726/1261/1485 721/1250/1486
f 167/1267/1487 539/1252/1488 723/1255/1489 728/1268/1490
f 723/1270/1491 721/1271/1492 729/1272/1493 730/1273/1494
f 721/1250/1495 726/1261/1496 731/1274/1497 729/1275/1498
f 726/1276/1499 728/1277/1500 732/1278/1501 731/1279/1502
f 728/1268/1503 723/1255/1504 730/1280/1505 732/1281/1506
s 1
f 840/1282/53 841/1283/56 842/1284/1507 843/1285/1508
s 2
f 275/1286/636 166/1287/635 736/1288/1509 735/1289/1510
s 1
f 13/1290/723 265/1291/17 737/1292/1511 738/1293/1512
s off
f 265/1294/1513 264/1295/1514 739/1296/1515 737/1297/1516
s 2
f 264/1298/640 168/1299/718 740/1300/1517 739/1301/1518
s 1
f 274/1302/727 13/1290/723 738/1293/1512 733/1303/1519
s 2
f 168/1299/718 275/1286/636 735/1289/1510 740/1300/1517
s off
f 553/1304/1520 552/1305/1521 741/1306/1522 742/1307/1523
s 1
f 552/1308/76 18/1309/1080 734/1310/1524 741/1311/1525
s 2
f 166/1287/635 553/1312/632 742/1313/1526 736/1288/1509
s off
f 843/1285/1527 842/1284/1528 844/1314/1529 845/1315/1530
f 735/1289/1531 736/1288/1532 746/1316/1533 745/1317/1534
s 1
f 736/1318/1535 734/1319/1536 744/1320/1537 746/1321/1538
s off
f 733/1303/1539 738/1293/1540 747/1322/1541 743/1323/1542
f 738/1324/1543 740/1325/1544 748/1326/1545 747/1327/1546
f 740/1300/1547 735/1289/1548 745/1317/1549 748/1328/1550
f 845/1315/1551 844/1314/1552 846/1329/1553 847/1330/1554
s 1
f 743/1331/1555 745/1332/1556 751/1333/1557 749/1334/1558
s off
f 745/1317/1559 746/1316/1560 752/1335/1561 751/1336/1562
s 1
f 746/1321/1563 744/1320/1537 750/1337/1564 752/1338/1565
s off
f 264/1339/1566 265/1340/1567 754/1341/1568 753/1342/1569
f 265/1343/1570 582/1344/1571 755/1345/1572 754/1346/1573
f 583/1347/1574 264/1348/1575 753/1349/1576 756/1350/1577
s 108
f 333/1351/1578 354/1352/1579 758/1353/1580 757/1354/1581
s 109
f 354/1355/1582 169/1356/1583 759/1357/1584 758/1358/1585
s 110
f 140/1359/1586 333/1360/1587 757/1361/1588 760/1362/1589
f 582/1344/1590 140/1359/1591 760/1362/1589 755/1345/1592
s 109
f 169/1356/1593 583/1347/1594 756/1350/1595 759/1357/1584
s 108
f 757/1354/1581 758/1353/1580 762/1363/1596 761/1364/1597
s 109
f 758/1358/1585 759/1357/1584 763/1365/1598 762/1366/1599
s 110
f 760/1362/1589 757/1361/1588 761/1367/1600 764/1368/1601
s off
f 756/1369/1602 755/1370/1603 765/1371/1604 766/1372/1605
s 110
f 755/1345/1592 760/1362/1589 764/1368/1601 765/1373/1606
s 109
f 759/1357/1584 756/1350/1595 766/1374/1607 763/1365/1598
s off
f 766/1372/1608 765/1371/1609 767/1375/1610 768/1376/1611
f 765/1373/1612 764/1368/1613 769/1377/1614 767/1378/1615
f 764/1379/1616 763/1380/1617 770/1381/1618 769/1382/1619
f 763/1365/1620 766/1374/1621 768/1383/1622 770/1384/1623
f 3/1385/1624 103/1386/1625 773/1387/1626 771/1388/1627
f 977/265/1628 979/268/1629 1034/1389/1630 1035/1390/1631
f 105/325/1632 84/324/1633 772/1391/1634 774/1392/1635
f 174/1393/1636 354/1394/1637 776/1395/1638 775/1396/1639
f 354/1397/1640 333/1398/1641 777/1399/1642 776/1400/1643
s 113
f 333/1401/1644 830/1402/1645 831/1403/1646 777/1404/1647
s off
f 84/324/1648 174/1393/1649 775/1396/1650 772/1391/1651
f 772/1405/1652 771/1406/1653 778/1407/1654 779/1408/1655
f 771/1388/1656 773/1387/1657 780/1409/1658 778/1410/1659
f 1035/1390/1660 1034/1389/1661 1036/1411/1662 1037/1412/1663
f 774/1392/1664 772/1391/1665 779/1413/1666 781/1414/1667
s 114
f 289/42/1668 288/41/1669 782/725/1670
s 94
f 12/681/991 45/680/1671 783/726/1672
s 114
f 288/1415/1669 400/1416/1673 784/1417/1674 782/1418/1670
s 83
f 400/722/737 405/721/736 785/1419/1675 784/1420/1676
s 94
f 405/930/992 12/929/991 783/1421/1672 785/1422/1677
s 103
f 577/1423/1678 578/1424/1679 786/1425/1680
s 92
f 6/914/974 403/917/977 787/1426/1681
s 103
f 576/1194/1365 577/1423/1678 786/1425/1680 788/1427/1682
s 92
f 403/917/977 411/943/1012 789/1428/1683 787/1426/1681
f 411/943/1012 700/1200/1374 790/1429/1684 789/1428/1683
s 64
f 700/567/589 699/566/588 791/1430/1685 790/1431/1686
s 103
f 699/1195/1366 576/1194/1365 788/1427/1682 791/1432/1687
s 116
f 142/788/1688 143/787/1689 792/1034/1690
s 117
f 612/231/1691 611/14/1692 793/1035/1693
s 116
f 143/787/1689 144/786/1694 794/1036/1695 792/1034/1690
s 117
f 613/248/1696 612/231/1691 793/1035/1693 795/1037/1697
s 116
f 144/786/1694 145/785/1698 796/1038/1699 794/1036/1695
s 117
f 614/256/1700 613/248/1696 795/1037/1697 797/1039/1701
f 615/223/1702 614/256/1700 797/1039/1701 798/1040/1703
s 116
f 145/785/1698 146/784/1704 799/1041/1705 796/1038/1699
f 146/784/1704 854/783/1706 855/1042/1707 799/1041/1705
s off
f 147/782/1708 616/83/1709 801/1433/1710 800/1434/1711
s 117
f 856/1043/1712 857/224/1713 615/223/1702 798/1040/1703
s 85
f 369/827/1714 803/831/879 802/847/878 378/1435/1715
s 84
f 4/826/1716 804/832/859 803/831/858 369/827/1717
s 1
f 44/331/351 805/468/488 804/467/487 4/332/352
f 61/347/367 806/471/491 805/468/488 44/331/351
f 76/355/375 807/473/493 806/471/491 61/347/367
f 81/363/383 808/475/495 807/473/493 76/355/375
f 809/478/498 808/475/495 81/363/383 2/429/449
f 851/428/448 852/479/500 809/478/499 2/429/449
f 420/420/440 811/482/504 810/481/503 42/421/441
f 21/413/433 812/485/507 811/482/504 420/420/440
f 442/412/432 813/486/508 812/485/507 21/413/433
f 32/405/425 814/489/511 813/486/508 442/412/432
f 296/404/424 815/490/512 814/489/511 32/405/425
f 8/731/748 816/733/750 815/490/512 296/404/424
f 479/397/417 817/493/515 816/982/750 8/983/748
f 316/396/416 818/494/516 817/493/515 479/397/417
f 30/389/409 819/497/519 818/494/516 316/396/416
f 486/388/408 820/498/520 819/497/519 30/389/409
f 24/381/401 821/501/523 820/498/520 486/388/408
f 508/380/400 822/502/524 821/501/523 24/381/401
f 36/369/389 823/505/527 822/502/524 508/380/400
f 530/368/388 824/506/528 823/505/527 36/369/389
f 825/509/1069 824/506/528 530/368/388 1/375/395
f 80/359/379 826/510/532 825/509/531 1/375/395
f 75/351/371 827/513/535 826/510/532 80/359/379
f 60/343/363 828/515/537 827/513/535 75/351/371
f 43/320/340 829/517/539 828/515/537 60/343/363
f 830/520/542 829/517/539 43/320/340 3/319/339
s 113
f 831/1403/1646 830/1402/1645 3/1385/1718 771/1388/1719
s off
f 836/1436/1720 837/1437/1721 838/1438/1722 839/1439/1723
f 833/1440/1724 832/1441/1725 834/1442/1726 835/1443/1727
f 376/1444/1728 802/1445/1729 832/1446/1730 833/1447/1731
f 802/847/1732 379/848/1733 834/1448/1734 832/1449/1735
f 379/850/1736 380/849/1737 835/1450/1738 834/1451/1739
f 380/851/1740 376/842/1741 833/1452/1742 835/1453/1743
f 775/1396/1744 776/1395/1745 837/1454/1746 836/1455/1747
f 776/1400/1748 777/1399/1749 838/1456/1750 837/1457/1751
f 777/1404/1752 831/1403/1753 839/1458/1754 838/1459/1755
f 831/1460/1756 775/1461/1757 836/1462/1758 839/1463/1759
s 1
f 18/1464/1080 56/1465/54 840/1466/53
f 273/1467/55 274/1468/727 841/1469/56
f 274/1470/727 733/1471/1760 842/1472/1761 841/1473/56
f 734/1319/1536 18/1474/1080 840/1475/53 843/1476/1762
f 733/1471/1760 743/1331/1555 844/1477/1763 842/1472/1761
f 744/1320/1537 734/1319/1536 843/1476/1762 845/1478/1764
f 743/1331/1555 749/1334/1558 846/1479/1765 844/1477/1763
s 63
f 749/554/576 750/553/575 847/1480/1766 846/1481/1767
s 1
f 750/1337/1564 744/1320/1537 845/1478/1764 847/1482/1768
s 54
f 849/433/453 848/432/452 100/423/443 137/426/446
s 49
f 1024/313/1769 1027/316/332 1026/315/331 1025/314/1770
s 1
f 42/421/441 851/428/448 850/427/447 136/422/442
f 42/421/441 810/481/503 852/479/500 851/428/448
f 853/480/501 852/479/500 810/481/503 347/484/506
f 854/783/801 853/480/501 347/484/506 147/782/800
s 116
f 855/1042/1707 854/783/1706 147/782/1771 800/1434/1772
s 98
f 856/1043/1142 855/1042/1141 800/1434/1773 801/1433/1774
s 117
f 616/83/1775 857/224/1713 856/1043/1712 801/1433/1776
s 1
f 858/225/225 857/224/224 616/83/83 245/86/86
f 859/222/222 858/225/225 245/86/86 41/81/81
f 860/218/218 859/222/222 41/81/81 40/80/80
f 861/219/219 860/218/218 40/80/80 71/79/79
f 863/216/216 862/215/215 48/99/99 39/102/102
f 864/1064/1166 863/1063/216 39/1054/102 641/1057/1777
s 65
f 865/571/593 864/570/592 641/1483/1778 643/1484/1779
s 99
f 163/1059/1780 866/1067/1169 865/1066/1168 643/1060/1781
s 2
f 867/630/652 866/629/651 163/589/611 180/592/614
f 868/667/211 867/630/652 180/592/614 212/648/98
f 212/98/98 570/97/97 869/212/212 868/211/211
f 870/208/208 869/212/212 570/97/97 211/94/94
f 871/209/209 870/208/208 211/94/94 284/93/93
f 872/690/701 871/209/209 284/93/93 210/692/703
f 873/228/228 872/690/701 210/692/703 255/90/90
f 874/229/229 873/228/228 255/90/90 600/89/89
f 875/464/484 874/229/229 600/89/89 209/462/482
f 876/465/485 875/464/484 209/462/482 365/461/481
f 877/808/828 876/465/485 365/461/481 236/806/826
s 1
f 913/1485/1782 912/1486/1783 47/63/63 579/62/62 580/1021/1101
f 913/1485/1782 580/1021/1101 581/259/259 72/220/220
f 878/237/237 879/236/236 881/1487/1784 880/1488/1785
f 880/1488/1785 881/1487/1784 902/1489/1786 903/1490/1787
f 882/1491/1788 883/1492/1789 911/1493/1790 910/1494/1791
f 883/1495/1789 882/1496/1788 885/1497/1792 884/1498/1793
f 884/1498/1793 885/1497/1792 898/1499/1794 899/1500/1795
f 886/1501/1796 887/1502/1797 900/1503/1798 901/1504/1799
f 887/1502/1797 886/1501/1796 889/1505/1800 888/1506/1801
f 888/1506/1801 889/1505/1800 906/1507/1802 907/1508/1803
f 890/1509/1804 891/1510/1805 904/1511/1806 905/1512/1807
f 891/1510/1805 890/1509/1804 893/1513/1808 892/1514/1809
f 892/1514/1809 893/1513/1808 894/1515/1810 895/1516/1811
f 895/1516/1811 894/1515/1810 897/1517/1812 896/1518/1813
f 896/1518/1813 897/1517/1812 910/1494/1791 911/1493/1790
f 899/1500/1795 898/1499/1794 901/1504/1799 900/1503/1798
f 903/1490/1787 902/1489/1786 905/1512/1807 904/1511/1806
f 907/1508/1803 906/1507/1802 909/1519/1814 908/1520/1815
f 908/1520/1815 909/1519/1814 912/1486/1783 913/1485/1782
f 909/1519/1814 862/215/215 47/63/63 912/1486/1783
f 889/1505/1800 427/100/100 48/99/99 906/1507/1802
f 901/1504/1799 449/10/10 49/9/9 886/1501/1796
f 885/1497/1792 302/156/156 50/155/155 898/1499/1794
f 897/1517/1812 322/139/139 472/138/138 910/1494/1791
f 893/1513/1808 493/22/22 52/21/21 894/1515/1810
f 905/1512/1807 515/104/104 53/103/103 890/1509/1804
f 881/1487/1784 537/181/181 54/184/184 902/1489/1786
f 536/205/205 880/1488/1785 903/1490/1787 65/206/206
f 66/128/128 514/127/127 904/1511/1806 891/1510/1805
f 67/58/58 492/57/57 892/1514/1809 895/1516/1811
f 911/1493/1790 473/143/143 321/142/142 896/1518/1813
f 899/1500/1795 69/180/180 301/179/179 884/1498/1793
f 887/1502/1797 70/60/60 448/59/59 900/1503/1798
f 907/1508/1803 71/79/79 426/78/78 888/1506/1801
f 72/220/220 861/219/219 908/1520/1815 913/1485/1782
f 884/1498/1793 301/179/179 68/739/756 883/1495/1789
f 882/1496/1788 51/740/757 302/156/156 885/1497/1792
f 896/1518/1813 321/142/142 67/58/58 895/1516/1811
f 894/1515/1810 52/21/21 322/139/139 897/1517/1812
f 888/1506/1801 426/78/78 70/60/60 887/1502/1797
f 886/1501/1796 49/9/9 427/100/100 889/1505/1800
f 900/1503/1798 448/59/59 69/180/180 899/1500/1795
f 898/1499/1794 50/155/155 449/10/10 901/1504/1799
f 910/1494/1791 472/138/138 51/973/757 882/1491/1788
f 68/975/756 473/143/143 911/1493/1790 883/1492/1789
f 892/1514/1809 492/57/57 66/128/128 891/1510/1805
f 890/1509/1804 53/103/103 493/22/22 893/1513/1808
f 904/1511/1806 514/127/127 65/206/206 903/1490/1787
f 902/1489/1786 54/184/184 515/104/104 905/1512/1807
f 878/237/237 880/1488/1785 536/205/205 64/243/243
f 55/74/74 537/181/181 881/1487/1784 879/236/236
f 908/1520/1815 861/219/219 71/79/79 907/1508/1803
f 906/1507/1802 48/99/99 862/215/215 909/1519/1814
s 121
f 103/1521/1816 102/1522/1817 914/1523/1818 915/1524/1819
s 122
f 104/1525/1820 105/1526/1821 917/1527/1822 916/1528/1823
s 123
f 106/1529/1824 107/1530/1825 919/1531/1826 918/1532/1827
s 124
f 108/1533/1828 109/1534/1829 921/1535/1830 920/1536/1831
s 121
f 102/1522/1817 110/1537/1832 922/1538/1833 914/1523/1818
s 122
f 111/1539/1834 104/1525/1820 916/1528/1823 923/1540/1835
s 123
f 112/1541/1836 106/1529/1824 918/1532/1827 924/1542/1837
s 124
f 109/1534/1829 113/1543/1838 925/1544/1839 921/1535/1830
s 121
f 110/1537/1832 114/1545/1840 926/1546/1841 922/1538/1833
s 122
f 115/1547/1842 111/1539/1834 923/1540/1835 927/1548/1843
s 123
f 116/1549/1844 112/1541/1836 924/1542/1837 928/1550/1845
s 124
f 113/1543/1838 117/1551/1846 929/1552/1847 925/1544/1839
s 121
f 114/1545/1840 118/1553/1848 930/1554/1849 926/1546/1841
s 122
f 119/1555/1850 115/1547/1842 927/1548/1843 931/1556/1851
s 123
f 120/1557/1852 116/1549/1844 928/1550/1845 932/1558/1853
s 124
f 117/1551/1846 121/1559/1854 933/1560/1855 929/1552/1847
s 121
f 529/1561/1856 123/1562/1857 936/1563/1858 935/1564/1859
s 122
f 124/1565/1860 528/1566/1861 934/1567/1862 937/1568/1863
s 121
f 118/1553/1848 122/1569/1864 938/1570/1865 930/1554/1849
s 122
f 125/1571/1866 119/1555/1850 931/1556/1851 939/1572/1867
s 121
f 507/1573/1868 126/1574/1869 942/1575/1870 941/1576/1871
s 122
f 127/1577/1872 506/1578/1873 940/1579/1874 943/1580/1875
s 121
f 485/1581/1876 128/1582/1877 946/1583/1878 945/1584/1879
s 122
f 129/1585/1880 484/1586/1881 944/1587/1882 947/1588/1883
s 121
f 315/1589/1884 480/1590/1885 950/1591/1886 949/1592/1887
s 122
f 481/1593/1888 314/1594/1889 948/1595/1890 951/1596/1891
s 123
f 295/1597/1892 132/1598/1893 954/1599/1894 953/1600/1895
s 124
f 133/1601/1896 294/1602/1897 952/1603/1898 955/1604/1899
s 123
f 441/1605/1900 134/1606/1901 958/1607/1902 957/1608/1903
s 124
f 135/1609/1904 440/1610/1905 956/1611/1906 959/1612/1907
s 123
f 419/1613/1908 136/1614/1909 962/1615/1910 961/1616/1911
s 124
f 137/1617/1912 418/1618/1913 960/1619/1914 963/1620/1915
s 123
f 850/1621/1916 138/1622/1917 966/1623/1918 965/1624/1919
s 124
f 139/1625/1920 849/1626/1921 964/1627/1922 967/1628/1923
s 123
f 138/1622/1917 120/1557/1852 932/1558/1853 966/1623/1918
s 124
f 121/1559/1854 139/1625/1920 967/1628/1923 933/1560/1855
s off
f 130/1629/1924 295/1597/1925 953/1600/1926 968/1630/1927
s 124
f 294/1602/1897 131/1631/1928 969/1632/1929 952/1603/1898
s 121
f 128/1582/1877 315/1589/1884 949/1592/1887 946/1583/1878
s 122
f 314/1594/1889 129/1585/1880 947/1588/1883 948/1595/1890
s 123
f 107/1530/1825 372/1633/1930 970/1634/1931 919/1531/1826
s 53
f 372//358 371//357 971//1932 970//1933
s 124
f 371/1635/1934 108/1533/1828 920/1536/1831 971/1636/1935
s 123
f 134/1606/1901 419/1613/1908 961/1616/1911 958/1607/1902
s 124
f 418/1618/1913 135/1609/1904 959/1612/1907 960/1619/1914
s 123
f 132/1598/1893 441/1605/1900 957/1608/1903 954/1599/1894
s 124
f 440/1610/1905 133/1601/1896 955/1604/1899 956/1611/1906
s 121
f 480/1590/1885 130/1637/1936 968/1638/1937 950/1591/1886
s off
f 131/1631/1938 481/1593/1939 951/1596/1940 969/1632/1941
s 121
f 126/1574/1869 485/1581/1876 945/1584/1879 942/1575/1870
s 122
f 484/1586/1881 127/1577/1872 943/1580/1875 944/1587/1882
s 121
f 123/1562/1857 507/1573/1868 941/1576/1871 936/1563/1858
s 122
f 506/1578/1873 124/1565/1860 937/1568/1863 940/1579/1874
s 121
f 122/1569/1864 529/1561/1856 935/1564/1859 938/1570/1865
s 122
f 528/1566/1861 125/1571/1866 939/1572/1867 934/1567/1862
f 105/1526/1821 774/1639/1942 972/1640/1943 917/1527/1822
s 121
f 773/1641/1944 103/1642/1816 915/1643/1819 973/1644/1945
s 122
f 774/1639/1942 781/1645/1946 974/1646/1947 972/1640/1943
s off
f 781/1647/1948 780/1648/1949 975/1649/1950 974/1650/1951
s 121
f 780/1651/1952 773/1641/1944 973/1644/1945 975/1652/1953
s 123
f 136/1614/1909 850/1621/1916 965/1624/1919 962/1615/1910
s 124
f 849/1626/1921 137/1617/1912 963/1620/1915 964/1627/1922
s off
f 915/1653/1954 914/1654/1955 976/1655/1956 977/1656/1957
f 916/1657/1958 917/1658/1959 979/1659/1960 978/1660/1961
f 918/1661/1962 919/1662/1963 981/1663/1964 980/1664/1965
f 920/1665/1966 921/1666/1967 983/1667/1968 982/1668/1969
f 914/1654/1970 922/1669/1971 984/1670/1972 976/1655/1973
f 923/1671/1974 916/1657/1975 978/1660/1976 985/1672/1977
f 924/1673/1978 918/1661/1979 980/1664/1980 986/1674/1981
f 921/1666/1982 925/1675/1983 987/1676/1984 983/1667/1985
f 922/1669/1986 926/1677/1987 988/1678/1988 984/1670/1989
f 927/1679/1990 923/1671/1991 985/1672/1992 989/1680/1993
f 928/1681/1994 924/1673/1995 986/1674/1996 990/1682/1997
f 925/1675/1998 929/1683/1999 991/1684/2000 987/1676/2001
f 926/1677/2002 930/1685/2003 992/1686/2004 988/1678/2005
f 931/1687/2006 927/1679/2007 989/1680/2008 993/1688/2009
f 932/1689/2010 928/1681/2011 990/1682/2012 994/1690/2013
f 929/1683/2014 933/1691/2015 995/1692/2016 991/1684/2017
f 935/1693/2018 936/1694/2019 998/1695/2020 997/1696/2021
f 937/1697/2022 934/1698/2023 996/1699/2024 999/1700/2025
f 930/1685/2026 938/1701/2027 1000/1702/2028 992/1686/2029
f 939/1703/2030 931/1687/2031 993/1688/2032 1001/1704/2033
f 941/1705/2034 942/1706/2035 1004/1707/2036 1003/1708/2037
f 943/1709/2038 940/1710/2039 1002/1711/2040 1005/1712/2041
f 945/1713/2042 946/1714/2043 1008/1715/2044 1007/1716/2045
f 947/1717/2046 944/1718/2047 1006/1719/2048 1009/1720/2049
f 949/1721/2050 950/1722/2051 1012/1723/2052 1011/1724/2053
f 951/1725/2054 948/1726/2055 1010/1727/2056 1013/1728/2057
f 953/1729/2058 954/1730/2059 1016/1731/2060 1015/1732/2061
f 955/1733/2062 952/1734/2063 1014/1735/2064 1017/1736/2065
f 957/1737/2066 958/1738/2067 1020/1739/2068 1019/1740/2069
f 959/1741/2070 956/1742/2071 1018/1743/2072 1021/1744/2073
f 961/1745/2074 962/1746/2075 1024/1747/2076 1023/1748/2077
f 963/1749/2078 960/1750/2079 1022/1751/2080 1025/1752/2081
f 965/1753/2082 966/1754/2083 1028/1755/2084 1027/1756/2085
f 967/1757/2086 964/1758/2087 1026/1759/2088 1029/1760/2089
f 966/1754/2090 932/1689/2091 994/1690/2092 1028/1755/2093
f 933/1691/2094 967/1757/2095 1029/1760/2096 995/1692/2097
f 968/1761/2098 953/1729/2099 1015/1732/2100 1030/1762/2101
f 952/1734/2102 969/1763/2103 1031/1764/2104 1014/1735/2105
f 946/1714/2106 949/1721/2107 1011/1724/2108 1008/1715/2109
f 948/1726/2110 947/1717/2111 1009/1720/2112 1010/1727/2113
f 919/1662/2114 970/1765/2115 1032/1766/2116 981/1663/2117
f 970/1767/2118 971/1768/2119 1033/1769/2120 1032/1770/2121
f 971/1771/2122 920/1665/2123 982/1668/2124 1033/1772/2125
f 958/1773/2126 961/1745/2127 1023/1748/2128 1020/1774/2129
f 960/1750/2130 959/1775/2131 1021/1776/2132 1022/1751/2133
f 954/1730/2134 957/1737/2135 1019/1740/2136 1016/1731/2137
f 956/1742/2138 955/1733/2139 1017/1736/2140 1018/1743/2141
f 950/1722/2142 968/1761/2143 1030/1762/2144 1012/1723/2145
f 969/1763/2146 951/1725/2147 1013/1728/2148 1031/1764/2149
f 942/1777/2150 945/1713/2151 1007/1716/2152 1004/1778/2153
f 944/1718/2154 943/1779/2155 1005/1780/2156 1006/1719/2157
f 936/1694/2158 941/1705/2159 1003/1708/2160 998/1695/2161
f 940/1710/2162 937/1697/2163 999/1700/2164 1002/1711/2165
f 938/1701/2166 935/1693/2167 997/1696/2168 1000/1702/2169
f 934/1698/2170 939/1703/2171 1001/1704/2172 996/1699/2173
f 917/1658/2174 972/1781/2175 1034/1782/2176 979/1659/2177
f 973/1783/2178 915/1653/2179 977/1656/2180 1035/1784/2181
f 972/1781/2182 974/1785/2183 1036/1786/2184 1034/1782/2185
f 974/1787/2186 975/1788/2187 1037/1789/2188 1036/1790/2189
f 975/1791/2190 973/1783/2191 1035/1784/2192 1037/1792/2193
f 962/1746/2194 965/1753/2195 1027/1756/2196 1024/1747/2197
f 964/1758/2198 963/1749/2199 1025/1752/2200 1026/1759/2201
g default
v -1.505301 0.226817 -26.788578
v -1.454487 0.069643 -27.553875
v -1.284150 1.761773 -27.000034
v -1.260271 1.810574 -29.012974
v -11.569962 1.761773 13.210049
v -12.382088 1.761773 13.210049
v -11.569962 0.226817 13.843166
v -12.569962 0.226817 13.843166
v -11.235971 1.761773 -7.494251
v -12.614689 1.761773 -7.494251
v -12.235971 0.226817 -6.861134
v -11.235971 0.226817 -6.861134
v -8.605017 1.761773 -21.112095
v -9.612471 1.854893 -21.119190
v -9.244963 0.254860 -20.500484
v -8.605018 0.226817 -20.478977
v -5.379220 1.761773 -25.345615
v -6.263633 1.970312 -26.463696
v -6.545576 0.199196 -25.056141
v -5.379221 0.226817 -24.712498
v -11.527435 0.226817 -11.989559
v -11.977768 1.761773 -12.622677
v -10.527433 1.761773 -12.622677
v -10.527433 0.226817 -11.989559
v -9.745914 1.761773 -16.722378
v -11.004410 1.761773 -16.722378
v -10.496826 0.226817 -16.089260
v -9.745916 0.226817 -16.089260
v -8.321169 0.271851 -22.842625
v -8.284225 1.876246 -23.991978
v -7.184055 1.761773 -23.452442
v -7.184056 0.226817 -22.819317
v -3.417199 1.761773 -26.649288
v -3.826330 1.938458 -28.260448
v -4.020547 0.197525 -26.801342
v -3.417200 0.226817 -26.016171
v -11.475210 0.226817 7.969460
v -12.475212 0.226817 7.969460
v -12.448076 1.761773 7.336346
v -11.475210 1.761773 7.336346
v -0.363869 0.226817 -26.788578
v -0.414684 0.069643 -27.553875
v -0.585021 1.761773 -27.000034
v -0.608900 1.810574 -29.012974
v 9.700792 1.761773 13.210049
v 10.512918 1.761773 13.210049
v 9.700792 0.226817 13.843166
v 10.700792 0.226817 13.843166
v 9.366800 1.761773 -7.494251
v 10.745520 1.761773 -7.494251
v 10.366800 0.226817 -6.861134
v 9.366800 0.226817 -6.861134
v 6.735846 1.761773 -21.112095
v 7.743301 1.854893 -21.119190
v 7.375792 0.254860 -20.500484
v 6.735847 0.226817 -20.478977
v 3.510050 1.761773 -25.345615
v 4.394462 1.970312 -26.463696
v 4.676405 0.199196 -25.056141
v 3.510051 0.226817 -24.712498
v 9.658264 0.226817 -11.989559
v 10.108597 1.761773 -12.622677
v 8.658264 1.761773 -12.622677
v 8.658264 0.226817 -11.989559
v 7.876745 1.761773 -16.722378
v 9.135239 1.761773 -16.722378
v 8.627657 0.226817 -16.089260
v 7.876746 0.226817 -16.089260
v 6.451998 0.271851 -22.842625
v 6.415054 1.876246 -23.991978
v 5.314884 1.761773 -23.452442
v 5.314885 0.226817 -22.819317
v 1.548028 1.761773 -26.649288
v 1.957160 1.938458 -28.260448
v 2.151376 0.197525 -26.801342
v 1.548029 0.226817 -26.016171
v 9.606041 0.226817 7.969460
v 10.606041 0.226817 7.969460
v 10.578905 1.761773 7.336346
v 9.606041 1.761773 7.336346
v -11.151648 5.490986 8.717857
v -9.898628 5.490986 8.717857
v -11.151648 6.374035 9.187141
v -9.898628 6.374035 9.187141
v -11.151648 13.426081 -3.678219
v -9.898628 13.426081 -3.678219
v -11.151648 12.459950 -3.936260
v -9.898628 12.459950 -3.936260
v -11.151648 10.809094 -0.595875
v -9.898628 10.809094 -0.595875
v -9.898628 10.340594 -1.479343
v -11.151648 10.340594 -1.479343
v -11.151648 8.665779 2.436909
v -9.898628 8.665779 2.436909
v -9.898628 7.782738 1.967625
v -11.151648 7.782738 1.967625
v -11.151648 7.261458 5.618484
v -9.898628 7.261458 5.618484
v -9.898628 6.378411 5.149204
v -11.151648 6.378411 5.149204
v -11.151648 13.468237 -13.569057
v -9.898628 13.468237 -13.569057
v -9.898628 12.468443 -13.548717
v -11.151648 12.468443 -13.548717
v -8.466869 13.317046 -21.565182
v -7.367718 13.317046 -20.963581
v -7.377483 12.317252 -20.945766
v -8.476631 12.317252 -21.547359
v -5.707493 13.317046 -26.095242
v -4.863259 13.317046 -25.169323
v -4.878280 12.317252 -25.155643
v -5.722514 12.317252 -26.081554
v -2.896226 13.317046 -28.466824
v -2.550153 13.317046 -27.010868
v -2.569682 12.317252 -27.004101
v -2.915759 12.317252 -28.460041
v 0.891703 13.317046 -28.299702
v 0.483688 13.317046 -26.963024
v 0.463733 12.317252 -26.967800
v 0.871737 12.317252 -28.304462
v 4.007382 13.317046 -25.887745
v 3.082339 13.317046 -24.840137
v 3.066156 12.317252 -24.852749
v 3.991182 12.317252 -25.900349
v -0.895684 13.317046 -28.754223
v -0.947872 13.317046 -27.361263
v -0.967626 12.317252 -27.360592
v -0.915446 12.317252 -28.753536
v 6.583092 13.317046 -21.342014
v 5.388430 13.317046 -20.876972
v 5.381178 12.317252 -20.895870
v 6.575822 12.317252 -21.360912
v 9.072876 13.317046 -13.151104
v 7.808517 13.317046 -12.939274
v 7.805268 12.317252 -12.959248
v 9.069611 12.317252 -13.171093
v 9.079960 13.274901 -3.023556
v 7.797992 13.277125 -3.028988
v 7.798181 12.359389 -3.426182
v 9.080135 12.357174 -3.420765
v 9.079960 10.271099 -0.168095
v 7.797992 10.275549 -0.171925
v 7.798181 9.638464 -0.942719
v 9.080135 9.634034 -0.938900
v 9.079960 8.702738 2.557537
v 7.797992 8.704571 2.551960
v 7.798181 7.760933 2.220978
v 9.080135 7.759112 2.226536
v 9.079960 7.643864 5.967361
v 7.797992 7.645697 5.961784
v 7.798181 6.702059 5.630802
v 9.080135 6.700238 5.636360
v 9.079960 7.006043 8.940159
v 7.797992 7.007876 8.934582
v 7.798181 6.064238 8.603600
v 9.080135 6.062416 8.609158
v 8.032389 10.175534 -3.409466
v 3.541424 10.211838 -3.409466
v 8.028759 9.726675 -3.409466
v 3.537796 9.762980 -3.409466
v 8.028759 9.726675 -2.155022
v 3.537796 9.762980 -2.155022
v 8.032389 10.175534 -2.155022
v 3.541424 10.211838 -2.155022
v 6.126841 10.190937 -3.409466
v 6.127439 10.264916 -2.155022
v 6.123810 9.816058 -2.155022
v 6.123810 9.816058 -3.409466
v 8.032389 9.305352 -0.885071
v 3.541424 9.341656 -0.885071
v 8.028759 8.856493 -0.885071
v 3.537796 8.892798 -0.885071
v 8.028759 8.856493 -2.139519
v 3.537796 8.892798 -2.139519
v 8.032389 9.305352 -2.139519
v 3.541424 9.341656 -2.139519
v 6.126841 9.320755 -0.885071
v 6.127439 9.394734 -2.139519
v 6.123810 8.945876 -2.139519
v 6.123810 8.945876 -0.885071
v 3.539537 8.147593 0.073204
v 8.030647 8.147593 0.073204
v 3.539537 8.596465 0.073204
v 8.030647 8.596465 0.073204
v 3.539537 8.596465 -1.181244
v 8.030647 8.596465 -1.181244
v 3.539537 8.147593 -1.181244
v 8.030647 8.147593 -1.181244
v 5.445148 8.147593 0.073204
v 5.445148 8.073611 -1.181244
v 5.445148 8.522486 -1.181244
v 5.445148 8.522486 0.073204
v 8.923309 3.642279 -3.309277
v 8.923309 3.642279 -13.377956
v 3.369611 3.642279 6.900002
v 3.656454 3.642279 -25.957485
v 0.768750 3.642279 -28.298420
v 6.137691 3.642279 6.900002
v 6.281567 3.642279 -21.555103
v 0.594967 10.556271 -27.094006
v 0.193440 10.556269 -3.309277
v 2.946404 10.556269 -3.309277
v 3.205742 10.556271 -24.977566
v 5.449028 10.556269 -3.309277
v 5.579106 10.556271 -20.997372
v 7.967508 10.556269 -3.309277
v 7.967508 10.556271 -13.604404
v 0.768753 12.601891 -28.298420
v 3.656456 12.601891 -25.957485
v 0.594967 12.601891 -27.094006
v 3.205742 12.601891 -24.977566
v 6.281564 12.601891 -21.555103
v 5.579108 12.601891 -20.997372
v 8.923309 12.601891 -3.309277
v 8.923309 12.601891 -13.377956
v 7.967508 12.601891 -13.604404
v 7.967508 12.601891 -3.309277
v 8.100887 3.642279 6.952629
v 8.923309 3.642279 1.466812
v 7.987636 7.023459 1.532856
v 8.923306 8.614128 1.466812
v 7.967508 8.614128 1.466812
v 8.041393 3.642273 8.265182
v 8.160381 3.642275 8.265182
v 8.923309 3.642275 8.265182
v 8.923309 6.190243 8.265182
v 7.967508 6.190243 8.265182
v 0.324635 3.642279 -0.044376
v 3.369611 3.642279 -0.044376
v 2.946404 10.556269 -0.044376
v 0.193440 10.556269 -0.044376
v 3.049382 8.867903 -1.106567
v 5.616599 8.867903 -1.106567
v 7.980999 8.922095 -1.125149
v 0.225363 9.172408 -0.044376
v 3.049382 9.172408 -0.044376
v 3.177008 6.787781 1.598896
v 5.824277 6.814261 1.598896
v 0.264928 7.457320 -0.044376
v 3.177008 7.457320 -0.044376
v 0.534161 9.130942 -0.042728
v 3.212347 8.826918 -0.042728
v 3.105515 10.901759 -0.042728
v 0.501043 11.205782 -0.042728
v 0.534161 9.130942 0.865288
v 3.212350 8.826918 0.865288
v 3.105517 10.901759 0.865288
v 0.501043 11.205782 0.865288
v 7.975546 9.710144 -2.192429
v 5.536335 9.676607 -2.161633
v 3.000057 9.676607 -2.161633
v 3.000057 9.835257 -0.044376
v 3.418705 9.820738 -0.042728
v 3.418705 9.820738 0.865288
v 0.518298 10.124762 0.865288
v 8.923309 3.642279 -1.173260
v 8.923309 10.818440 -1.173260
v 7.967508 10.818440 -1.173260
v 8.923309 3.642279 -2.247150
v 8.923306 11.715077 -2.247150
v 7.967506 11.715077 -2.247150
v 3.125294 8.085896 -0.065292
v 0.248760 8.158186 -0.044376
v 8.923309 3.642279 -0.177559
v 8.923309 9.987086 -0.177559
v 7.967508 9.987086 -0.177559
v 7.983504 8.206026 -0.122684
v 5.694925 8.093375 -0.086208
v -1.043424 3.642279 -28.462933
v -1.043424 10.556269 -3.309277
v -1.043424 10.556273 -27.239513
v -1.043424 12.601889 -28.462925
v -1.043424 12.601891 -27.239513
v -1.043424 3.642279 -0.044376
v -1.043424 10.556269 -0.044376
v -1.043424 8.994885 -0.044376
v -1.043424 7.457322 -0.044376
v -1.043424 9.285662 -0.042728
v -1.043424 11.359732 -0.042728
v -1.043424 9.285662 0.865292
v -1.043424 11.359730 0.865292
v -1.043424 10.279116 0.865292
v -1.043424 8.184002 -0.044376
v -11.010157 3.642279 -3.309277
v -11.010157 3.642279 -13.377956
v -5.456459 3.642279 6.900002
v -5.743302 3.642279 -25.957485
v -2.855598 3.642279 -28.298420
v -8.224539 3.642279 6.900002
v -8.368415 3.642279 -21.555103
v -2.681815 10.556271 -27.094006
v -2.280288 10.556269 -3.309277
v -5.033253 10.556269 -3.309277
v -5.292591 10.556271 -24.977566
v -7.535876 10.556269 -3.309277
v -7.665954 10.556271 -20.997372
v -10.054356 10.556269 -3.309277
v -10.054356 10.556271 -13.604404
v -2.855601 12.601891 -28.298420
v -5.743305 12.601891 -25.957485
v -2.681815 12.601891 -27.094006
v -5.292591 12.601891 -24.977566
v -8.368412 12.601891 -21.555103
v -7.665956 12.601891 -20.997372
v -11.010157 12.601891 -3.309277
v -11.010157 12.601891 -13.377956
v -10.054356 12.601891 -13.604404
v -10.054356 12.601891 -3.309277
v -10.187737 3.642279 6.952629
v -11.010157 3.642279 1.466812
v -10.074484 7.023459 1.532856
v -11.010155 8.614128 1.466812
v -10.054356 8.614128 1.466812
v -10.128242 3.642273 8.265182
v -10.247229 3.642275 8.265182
v -11.010157 3.642275 8.265182
v -11.010157 6.190243 8.265182
v -10.054356 6.190243 8.265182
v -2.411484 3.642279 -0.044376
v -5.456459 3.642279 -0.044376
v -5.033253 10.556269 -0.044376
v -2.280288 10.556269 -0.044376
v -5.136230 8.867903 -1.106567
v -7.703447 8.867903 -1.106567
v -10.067848 8.922095 -1.125149
v -2.312212 9.172408 -0.044376
v -5.136230 9.172408 -0.044376
v -5.263856 6.787781 1.598896
v -7.911126 6.814261 1.598896
v -2.351776 7.457320 -0.044376
v -5.263856 7.457320 -0.044376
v -2.621009 9.130942 -0.042728
v -5.299195 8.826918 -0.042728
v -5.192363 10.901759 -0.042728
v -2.587891 11.205782 -0.042728
v -2.621009 9.130942 0.865288
v -5.299198 8.826918 0.865288
v -5.192366 10.901759 0.865288
v -2.587891 11.205782 0.865288
v -10.062395 9.710144 -2.192429
v -7.623184 9.676607 -2.161633
v -5.086905 9.676607 -2.161633
v -5.086905 9.835257 -0.044376
v -5.505553 9.820738 -0.042728
v -5.505553 9.820738 0.865288
v -2.605146 10.124762 0.865288
v -11.010157 3.642279 -1.173260
v -11.010157 10.818440 -1.173260
v -10.054356 10.818440 -1.173260
v -11.010157 3.642279 -2.247150
v -11.010155 11.715077 -2.247150
v -10.054354 11.715077 -2.247150
v -5.212142 8.085896 -0.065292
v -2.335608 8.158186 -0.044376
v -11.010157 3.642279 -0.177559
v -11.010157 9.987086 -0.177559
v -10.054356 9.987086 -0.177559
v -10.070353 8.206026 -0.122684
v -7.781773 8.093375 -0.086208
v -1.043424 12.601891 -27.239513
v 8.028759 7.521004 -0.102173
v 3.537796 7.557309 -0.102173
v 8.032389 7.969862 -0.102173
v 3.541424 8.006167 -0.102173
v 8.032389 7.969862 1.152275
v 3.541424 8.006167 1.152275
v 8.028759 7.521004 1.152275
v 3.537796 7.557309 1.152275
v 6.123212 7.536408 -0.102173
v 6.122614 7.462429 1.152275
v 6.126243 7.911288 1.152275
v 6.126243 7.911288 -0.102173
v 8.032389 6.538632 1.732536
v 3.541424 6.574936 1.732536
v 8.028759 6.089774 1.732536
v 3.537796 6.126078 1.732536
v 8.028759 6.089774 2.986984
v 3.537796 6.126078 2.986984
v 8.032389 6.538632 2.986984
v 3.541424 6.574936 2.986984
v 6.126841 6.554036 1.732536
v 6.127439 6.628014 2.986984
v 6.123810 6.179156 2.986984
v 6.123810 6.179156 1.732536
v 3.539537 6.790718 1.853798
v 8.030647 6.790718 1.853798
v 3.539537 7.239592 1.853798
v 8.030647 7.239592 1.853798
v 3.539537 7.239592 0.599350
v 8.030647 7.239592 0.599350
v 3.539537 6.790718 0.599350
v 8.030647 6.790718 0.599350
v 5.445148 6.790718 1.853798
v 5.445148 6.716738 0.599350
v 5.445148 7.165612 0.599350
v 5.445148 7.165612 1.853798
v 8.028759 5.486918 2.836983
v 3.537796 5.523222 2.836983
v 8.032389 5.935776 2.836983
v 3.541424 5.972081 2.836983
v 8.032389 5.935776 4.091431
v 3.541424 5.972081 4.091431
v 8.028759 5.486918 4.091431
v 3.537796 5.523222 4.091431
v 6.123212 5.502322 2.836983
v 6.122614 5.428343 4.091431
v 6.126243 5.877201 4.091431
v 6.126243 5.877201 2.836983
v 8.032389 5.189148 5.021629
v 3.541424 5.225453 5.021629
v 8.028759 4.740290 5.021629
v 3.537796 4.776595 5.021629
v 8.028759 4.740290 3.767181
v 3.537796 4.776595 3.767181
v 8.032389 5.189148 3.767181
v 3.541424 5.225453 3.767181
v 6.126841 5.204552 5.021629
v 6.127439 5.278530 3.767181
v 6.123810 4.829672 3.767181
v 6.123810 4.829672 5.021629
v 8.028759 4.170050 4.967209
v 3.537796 4.206355 4.967209
v 8.032389 4.618908 4.967209
v 3.541424 4.655213 4.967209
v 8.032389 4.618908 6.221657
v 3.541424 4.655213 6.221657
v 8.028759 4.170050 6.221657
v 3.537796 4.206355 6.221657
v 6.123212 4.185454 4.967209
v 6.122614 4.111475 6.221657
v 6.126243 4.560334 6.221657
v 6.126243 4.560334 4.967209
v -3.851780 3.568823 0.294750
v 0.895736 3.568823 0.294750
v -3.851780 7.517933 0.294750
v 0.895736 7.517933 0.294750
v -3.851780 7.517933 -0.934414
v 0.895736 7.413292 -0.934414
v -3.851780 3.568823 -0.934414
v 0.895736 3.568823 -0.934414
v -1.475686 3.568823 0.294750
v -1.475686 8.667719 -0.934414
v -1.475686 8.667719 0.294750
v -2.648854 3.568823 0.294750
v -2.818693 8.335600 -0.934414
v -2.818693 8.335600 0.294750
v -0.291118 3.568823 0.294750
v -0.121278 8.333474 0.294750
v -0.121278 8.333474 -0.934414
v -2.026687 3.568823 0.294750
v -2.106455 8.608487 0.294750
v -2.106455 8.608487 -0.934414
v -3.298546 3.568823 0.294750
v -3.376656 7.990738 -0.934414
v -3.376656 7.990738 0.294750
v -0.831138 3.568823 0.294750
v -0.738724 8.485850 -0.934414
v -0.738724 8.582604 0.294750
v 0.336249 3.568823 0.294750
v 0.416312 7.999136 0.294750
v 0.416312 7.902382 -0.934414
v -0.493815 6.283560 0.265232
v -0.616411 6.334341 0.265232
v -0.739007 6.283560 0.265232
v -0.789788 6.160963 0.265236
v -0.739007 6.038369 0.265236
v -0.616411 5.987587 0.265236
v -0.493815 6.038369 0.265236
v -0.443034 6.160963 0.265236
v -0.503147 6.274228 0.331581
v -0.616411 6.321143 0.331585
v -0.729675 6.274228 0.331581
v -0.776590 6.160963 0.331581
v -0.729675 6.047699 0.331585
v -0.616411 6.000784 0.331581
v -0.503147 6.047699 0.331585
v -0.456232 6.160963 0.331581
v -0.529723 6.247654 0.387829
v -0.616411 6.283560 0.387829
v -0.703099 6.247654 0.387829
v -0.739007 6.160965 0.387829
v -0.703099 6.074276 0.387829
v -0.616411 6.038369 0.387833
v -0.529723 6.074276 0.387829
v -0.493815 6.160965 0.387829
v -0.569496 6.207880 0.425411
v -0.616411 6.227312 0.425415
v -0.663327 6.207880 0.425411
v -0.682759 6.160963 0.425415
v -0.663327 6.114048 0.425415
v -0.616411 6.094616 0.425411
v -0.569496 6.114048 0.425415
v -0.550063 6.160963 0.425415
v -0.616411 6.160963 0.438610
v -2.133986 6.283560 0.265232
v -2.256582 6.334341 0.265232
v -2.379179 6.283560 0.265232
v -2.429959 6.160963 0.265236
v -2.379179 6.038369 0.265236
v -2.256582 5.987587 0.265236
v -2.133986 6.038369 0.265236
v -2.083206 6.160963 0.265236
v -2.143319 6.274228 0.331581
v -2.256582 6.321143 0.331585
v -2.369846 6.274228 0.331581
v -2.416762 6.160963 0.331581
v -2.369846 6.047699 0.331585
v -2.256582 6.000784 0.331581
v -2.143319 6.047699 0.331585
v -2.096403 6.160963 0.331581
v -2.169894 6.247654 0.387829
v -2.256582 6.283560 0.387829
v -2.343271 6.247654 0.387829
v -2.379179 6.160965 0.387829
v -2.343271 6.074276 0.387829
v -2.256582 6.038369 0.387833
v -2.169894 6.074276 0.387829
v -2.133986 6.160965 0.387829
v -2.209667 6.207880 0.425411
v -2.256582 6.227312 0.425415
v -2.303498 6.207880 0.425411
v -2.322931 6.160963 0.425415
v -2.303498 6.114048 0.425415
v -2.256582 6.094616 0.425411
v -2.209667 6.114048 0.425415
v -2.190234 6.160963 0.425415
v -2.256582 6.160963 0.438610
v -5.613476 4.170050 4.967209
v -10.104441 4.206355 4.967209
v -5.609847 4.618908 4.967209
v -10.100811 4.655213 4.967209
v -5.609847 4.618908 6.221657
v -10.100811 4.655213 6.221657
v -5.613476 4.170050 6.221657
v -10.104441 4.206355 6.221657
v -7.519023 4.185454 4.967209
v -7.519621 4.111475 6.221657
v -7.515993 4.560334 6.221657
v -7.515993 4.560334 4.967209
v -5.609847 5.189148 5.021629
v -10.100811 5.225453 5.021629
v -5.613476 4.740290 5.021629
v -10.104441 4.776595 5.021629
v -5.613476 4.740290 3.767181
v -10.104441 4.776595 3.767181
v -5.609847 5.189148 3.767181
v -10.100811 5.225453 3.767181
v -7.515395 5.204552 5.021629
v -7.514797 5.278530 3.767181
v -7.518425 4.829672 3.767181
v -7.518425 4.829672 5.021629
v -5.613476 5.486918 2.836983
v -10.104441 5.523222 2.836983
v -5.609847 5.935776 2.836983
v -10.100811 5.972081 2.836983
v -5.609847 5.935776 4.091431
v -10.100811 5.972081 4.091431
v -5.613476 5.486918 4.091431
v -10.104441 5.523222 4.091431
v -7.519023 5.502322 2.836983
v -7.519621 5.428343 4.091431
v -7.515993 5.877201 4.091431
v -7.515993 5.877201 2.836983
v -5.609847 6.538632 1.732536
v -10.100811 6.574936 1.732536
v -5.613476 6.089774 1.732536
v -10.104441 6.126078 1.732536
v -5.613476 6.089774 2.986984
v -10.104441 6.126078 2.986984
v -5.609847 6.538632 2.986984
v -10.100811 6.574936 2.986984
v -7.515395 6.554036 1.732536
v -7.514797 6.628014 2.986984
v -7.518425 6.179156 2.986984
v -7.518425 6.179156 1.732536
v -10.102699 6.790718 1.853798
v -5.611588 6.790718 1.853798
v -10.102699 7.239592 1.853798
v -5.611588 7.239592 1.853798
v -10.102699 7.239592 0.599350
v -5.611588 7.239592 0.599350
v -10.102699 6.790718 0.599350
v -5.611588 6.790718 0.599350
v -8.197088 6.790718 1.853798
v -8.197088 6.716738 0.599350
v -8.197088 7.165612 0.599350
v -8.197088 7.165612 1.853798
v -5.613476 7.521004 -0.102173
v -10.104441 7.557309 -0.102173
v -5.609847 7.969862 -0.102173
v -10.100811 8.006167 -0.102173
v -5.609847 7.969862 1.152275
v -10.100811 8.006167 1.152275
v -5.613476 7.521004 1.152275
v -10.104441 7.557309 1.152275
v -7.519023 7.536408 -0.102173
v -7.519621 7.462429 1.152275
v -7.515993 7.911288 1.152275
v -7.515993 7.911288 -0.102173
v -10.102699 8.147593 0.073204
v -5.611588 8.147593 0.073204
v -10.102699 8.596465 0.073204
v -5.611588 8.596465 0.073204
v -10.102699 8.596465 -1.181244
v -5.611588 8.596465 -1.181244
v -10.102699 8.147593 -1.181244
v -5.611588 8.147593 -1.181244
v -8.197088 8.147593 0.073204
v -8.197088 8.073611 -1.181244
v -8.197088 8.522486 -1.181244
v -8.197088 8.522486 0.073204
v -5.609847 9.305352 -0.885071
v -10.100811 9.341656 -0.885071
v -5.613476 8.856493 -0.885071
v -10.104441 8.892798 -0.885071
v -5.613476 8.856493 -2.139519
v -10.104441 8.892798 -2.139519
v -5.609847 9.305352 -2.139519
v -10.100811 9.341656 -2.139519
v -7.515395 9.320755 -0.885071
v -7.514797 9.394734 -2.139519
v -7.518425 8.945876 -2.139519
v -7.518425 8.945876 -0.885071
v -5.609847 10.175534 -3.409466
v -10.100811 10.211838 -3.409466
v -5.613476 9.726675 -3.409466
v -10.104441 9.762980 -3.409466
v -5.613476 9.726675 -2.155022
v -10.104441 9.762980 -2.155022
v -5.609847 10.175534 -2.155022
v -10.100811 10.211838 -2.155022
v -7.515395 10.190937 -3.409466
v -7.514797 10.264916 -2.155022
v -7.518425 9.816058 -2.155022
v -7.518425 9.816058 -3.409466
vt 0.900420 0.099481
vt 0.891676 0.122032
vt 0.675687 0.126635
vt 0.684431 0.104084
vt 0.977219 0.120209
vt 0.985962 0.097658
vt 0.600999 0.128227
vt 0.609743 0.105676
vt 0.541292 0.129499
vt 0.550036 0.106948
vt 0.477287 0.132220
vt 0.485801 0.108725
vt 0.435455 0.133422
vt 0.451696 0.109700
vt 0.399487 0.135560
vt 0.419437 0.109329
vt 0.373310 0.135653
vt 0.394019 0.109846
vt 0.905816 0.250700
vt 0.905816 0.156396
vt 0.930461 0.146231
vt 0.930461 0.240536
vt 0.545165 0.404210
vt 0.542333 0.421275
vt 0.359116 0.388745
vt 0.361114 0.376704
vt 0.610095 0.405977
vt 0.607116 0.423927
vt 0.286552 0.375861
vt 0.288220 0.365810
vt 0.662443 0.404726
vt 0.659858 0.420303
vt 0.719119 0.399623
vt 0.717137 0.412107
vt 0.751004 0.386844
vt 0.755422 0.401569
vt 0.778144 0.368395
vt 0.790166 0.381638
vt 0.798310 0.346789
vt 0.817411 0.355163
vt 0.807034 0.321109
vt 0.831997 0.324948
vt 0.100977 0.390901
vt 0.097115 0.377418
vt 0.297990 0.323365
vt 0.301852 0.336847
vt 0.021420 0.412309
vt 0.017558 0.398826
vt 0.369869 0.313111
vt 0.373732 0.326593
vt 0.429123 0.311172
vt 0.432023 0.321296
vt 0.493432 0.311013
vt 0.495613 0.319724
vt 0.528577 0.314422
vt 0.532655 0.329843
vt 0.565278 0.329812
vt 0.565150 0.346864
vt 0.598560 0.357115
vt 0.590304 0.368282
vt 0.618616 0.388805
vt 0.608102 0.391075
vt 0.618982 0.354098
vt 0.639039 0.385788
vt 0.934712 0.146231
vt 0.947751 0.146231
vt 0.950767 0.170876
vt 0.934712 0.170876
vt 0.545165 0.404210
vt 0.542333 0.421275
vt 0.359116 0.388745
vt 0.361114 0.376704
vt 0.934712 0.146231
vt 0.947751 0.146231
vt 0.950767 0.170876
vt 0.934712 0.170876
vt 0.100977 0.390901
vt 0.097115 0.377418
vt 0.297990 0.323365
vt 0.301852 0.336847
vt 0.900420 0.099481
vt 0.891676 0.122032
vt 0.675687 0.126635
vt 0.684431 0.104084
vt 0.662443 0.404726
vt 0.659858 0.420303
vt 0.607116 0.423927
vt 0.610095 0.405977
vt 0.609743 0.105676
vt 0.600999 0.128227
vt 0.541292 0.129499
vt 0.550036 0.106948
vt 0.373732 0.326593
vt 0.369869 0.313111
vt 0.429123 0.311172
vt 0.432023 0.321296
vt 0.778144 0.368395
vt 0.790166 0.381638
vt 0.755422 0.401569
vt 0.751004 0.386844
vt 0.451696 0.109700
vt 0.435455 0.133422
vt 0.399487 0.135560
vt 0.419437 0.109329
vt 0.532655 0.329843
vt 0.528577 0.314422
vt 0.565278 0.329812
vt 0.565150 0.346864
vt 0.798310 0.346789
vt 0.817411 0.355163
vt 0.373310 0.135653
vt 0.394019 0.109846
vt 0.598560 0.357115
vt 0.590304 0.368282
vt 0.719119 0.399623
vt 0.717137 0.412107
vt 0.477287 0.132220
vt 0.485801 0.108725
vt 0.493432 0.311013
vt 0.495613 0.319724
vt 0.807034 0.321109
vt 0.831997 0.324948
vt 0.618982 0.354098
vt 0.639039 0.385788
vt 0.618616 0.388805
vt 0.608102 0.391075
vt 0.021420 0.412309
vt 0.017558 0.398826
vt 0.977219 0.120209
vt 0.985962 0.097658
vt 0.286552 0.375861
vt 0.288220 0.365810
vt 0.905816 0.250700
vt 0.905816 0.156396
vt 0.930461 0.146231
vt 0.930461 0.240536
vt 0.913513 0.973258
vt 0.913513 0.958679
vt 0.923787 0.958679
vt 0.923787 0.973258
vt 0.331384 0.007164
vt 0.331277 0.021742
vt 0.295415 0.021479
vt 0.295522 0.006901
vt 0.939618 0.958681
vt 0.939639 0.973597
vt 0.928660 0.973594
vt 0.928639 0.958679
vt 0.639845 0.246297
vt 0.639920 0.231718
vt 0.668506 0.231866
vt 0.668431 0.246445
vt 0.834637 0.689849
vt 0.839863 0.700244
vt 0.814590 0.728288
vt 0.803416 0.725042
vt 0.282414 0.309736
vt 0.317237 0.295156
vt 0.325319 0.303526
vt 0.281783 0.321354
vt 0.366669 0.007422
vt 0.366562 0.022001
vt 0.860334 0.655112
vt 0.870488 0.660794
vt 0.708611 0.232074
vt 0.708535 0.246653
vt 0.364594 0.279298
vt 0.366599 0.290759
vt 0.403686 0.007694
vt 0.403579 0.022272
vt 0.877474 0.618458
vt 0.887627 0.624140
vt 0.745628 0.232266
vt 0.745553 0.246845
vt 0.404853 0.275242
vt 0.406858 0.286703
vt 0.445206 0.007998
vt 0.445099 0.022576
vt 0.898851 0.582853
vt 0.888698 0.577171
vt 0.787149 0.232481
vt 0.787073 0.247060
vt 0.447529 0.278300
vt 0.449535 0.289761
vt 0.180338 0.020636
vt 0.180445 0.006058
vt 0.812062 0.840100
vt 0.800428 0.840084
vt 0.528006 0.245718
vt 0.528081 0.231139
vt 0.172223 0.286137
vt 0.176055 0.275151
vt 0.094090 0.049452
vt 0.087184 0.036612
vt 0.811952 0.926182
vt 0.800318 0.926137
vt 0.435104 0.214113
vt 0.442170 0.201361
vt 0.084319 0.255617
vt 0.088123 0.244622
vt 0.044944 0.078232
vt 0.034243 0.068331
vt 0.810889 0.975152
vt 0.799256 0.975059
vt 0.382516 0.181796
vt 0.393339 0.172029
vt 0.034210 0.239274
vt 0.037968 0.228265
vt 0.023321 0.104987
vt 0.006411 0.100837
vt 0.810422 0.996654
vt 0.798790 0.996480
vt 0.355011 0.148997
vt 0.371972 0.145058
vt 0.007976 0.230718
vt 0.011658 0.219684
vt 0.002897 0.124088
vt 0.019107 0.123599
vt 0.023619 0.140289
vt 0.008032 0.144922
vt 0.956124 0.963158
vt 0.944491 0.963388
vt 0.944491 0.946734
vt 0.956124 0.946502
vt 0.367921 0.126397
vt 0.351717 0.125705
vt 0.357050 0.104939
vt 0.372577 0.109767
vt 0.972608 0.967528
vt 0.960976 0.967298
vt 0.960976 0.946502
vt 0.972608 0.946734
vt 0.048096 0.170704
vt 0.035829 0.181378
vt 0.789199 0.997087
vt 0.777567 0.997142
vt 0.777567 0.972534
vt 0.789199 0.972387
vt 0.385209 0.068790
vt 0.397342 0.079615
vt 0.972097 0.016937
vt 0.974427 0.028334
vt 0.946960 0.034087
vt 0.944719 0.022672
vt 0.956124 0.981800
vt 0.944491 0.982027
vt 0.972608 0.990801
vt 0.960976 0.990574
vt 0.094010 0.197873
vt 0.088497 0.211733
vt 0.777567 0.926496
vt 0.789199 0.926276
vt 0.438180 0.038991
vt 0.443519 0.052919
vt 0.895194 0.044930
vt 0.893025 0.033499
vt 0.186156 0.226706
vt 0.183584 0.241399
vt 0.777567 0.834153
vt 0.789199 0.833921
vt 0.533618 0.010470
vt 0.536006 0.025193
vt 0.801917 0.064467
vt 0.799760 0.053034
vt 0.301460 0.227429
vt 0.301414 0.242345
vt 0.778057 0.723236
vt 0.788735 0.718615
vt 0.647061 0.010935
vt 0.646921 0.025850
vt 0.686486 0.088143
vt 0.688820 0.076745
vt 0.334701 0.227672
vt 0.334636 0.242588
vt 0.746399 0.694341
vt 0.753812 0.685373
vt 0.675938 0.011085
vt 0.675816 0.026000
vt 0.646803 0.060748
vt 0.654061 0.051654
vt 0.366392 0.227905
vt 0.366348 0.242820
vt 0.724554 0.657532
vt 0.735533 0.653681
vt 0.712767 0.011275
vt 0.712625 0.026190
vt 0.612023 0.049388
vt 0.613542 0.037853
vt 0.406064 0.228195
vt 0.406020 0.243111
vt 0.712234 0.617859
vt 0.723213 0.614008
vt 0.752439 0.011481
vt 0.752298 0.026396
vt 0.570667 0.045463
vt 0.572186 0.033928
vt 0.440652 0.228449
vt 0.440607 0.243365
vt 0.704813 0.583270
vt 0.715792 0.579419
vt 0.787027 0.011660
vt 0.786885 0.026575
vt 0.535292 0.045291
vt 0.536810 0.033755
vt 0.200757 0.493442
vt 0.200757 0.438142
vt 0.193346 0.438142
vt 0.193346 0.493442
vt 0.221467 0.493442
vt 0.221467 0.438142
vt 0.228878 0.493442
vt 0.228878 0.438142
vt 0.249588 0.493442
vt 0.249588 0.438142
vt 0.249588 0.430731
vt 0.228878 0.430731
vt 0.228878 0.534199
vt 0.228878 0.541610
vt 0.249588 0.541610
vt 0.249588 0.534199
vt 0.221467 0.534199
vt 0.200757 0.534199
vt 0.193346 0.534199
vt 0.200757 0.493442
vt 0.193346 0.493442
vt 0.193346 0.438142
vt 0.200757 0.438142
vt 0.221467 0.493442
vt 0.221467 0.438142
vt 0.228878 0.493442
vt 0.228878 0.438142
vt 0.249588 0.493442
vt 0.249588 0.438142
vt 0.228878 0.430731
vt 0.249588 0.430731
vt 0.228878 0.534199
vt 0.249588 0.534199
vt 0.249588 0.541610
vt 0.228878 0.541610
vt 0.221467 0.534199
vt 0.200757 0.534199
vt 0.193346 0.534199
vt 0.200757 0.493442
vt 0.193346 0.493442
vt 0.193346 0.438142
vt 0.200757 0.438142
vt 0.221467 0.493442
vt 0.221467 0.438142
vt 0.228878 0.493442
vt 0.228878 0.438142
vt 0.249588 0.493442
vt 0.249588 0.438142
vt 0.228878 0.430731
vt 0.249588 0.430731
vt 0.228878 0.534199
vt 0.249588 0.534199
vt 0.249588 0.541610
vt 0.228878 0.541610
vt 0.221467 0.534199
vt 0.200757 0.534199
vt 0.193346 0.534199
vt 0.151984 0.988618
vt 0.146601 0.681043
vt 0.183507 0.681043
vt 0.186984 0.961249
vt 0.217057 0.681043
vt 0.218801 0.909779
vt 0.250820 0.681043
vt 0.250820 0.814176
vt 0.544396 0.870604
vt 0.539759 0.829753
vt 0.554918 0.826605
vt 0.559555 0.870846
vt 0.588491 0.493923
vt 0.607996 0.444946
vt 0.618493 0.458644
vt 0.600859 0.502923
vt 0.184888 0.652558
vt 0.219304 0.652558
vt 0.218228 0.666202
vt 0.184226 0.666202
vt 0.586522 0.566585
vt 0.599079 0.568618
vt 0.629277 0.430352
vt 0.637756 0.445488
vt 0.636515 0.969920
vt 0.621936 0.969920
vt 0.623063 0.931055
vt 0.624878 0.931055
vt 0.636515 0.931055
vt 0.680290 0.810643
vt 0.610509 0.686067
vt 0.620765 0.676641
vt 0.692115 0.804019
vt 0.260213 0.918242
vt 0.260442 0.885045
vt 0.387499 0.885919
vt 0.387271 0.919116
vt 0.906395 0.782185
vt 0.906395 0.746151
vt 0.941224 0.746151
vt 0.941224 0.782185
vt 0.260871 0.822614
vt 0.387929 0.823488
vt 0.906395 0.678384
vt 0.941224 0.678384
vt 0.261669 0.706653
vt 0.262652 0.563868
vt 0.389710 0.564742
vt 0.388727 0.707527
vt 0.906395 0.552511
vt 0.906395 0.377227
vt 0.941224 0.377227
vt 0.941224 0.552511
vt 0.251001 0.652799
vt 0.250928 0.666601
vt 0.701994 0.849391
vt 0.713820 0.842766
vt 0.725216 0.863112
vt 0.713390 0.869736
vt 0.896704 0.323906
vt 0.866380 0.322972
vt 0.846246 0.294785
vt 0.873328 0.295909
vt 0.319669 0.496527
vt 0.390176 0.497012
vt 0.390015 0.520331
vt 0.300039 0.519712
vt 0.772332 0.947225
vt 0.760506 0.953849
vt 0.832059 0.180160
vt 0.788677 0.202508
vt 0.788677 0.180160
vt 0.354706 0.400355
vt 0.390839 0.400603
vt 0.639105 0.996284
vt 0.634460 0.980082
vt 0.646795 0.963989
vt 0.649215 0.996284
vt 0.146601 0.638823
vt 0.183507 0.638823
vt 0.130019 0.681043
vt 0.130019 0.638823
vt 0.186598 0.617573
vt 0.222088 0.617573
vt 0.220354 0.639364
vt 0.185905 0.639093
vt 0.251090 0.618427
vt 0.251034 0.639836
vt 0.145096 0.531018
vt 0.145096 0.486599
vt 0.154684 0.487388
vt 0.155787 0.531264
vt 0.189181 0.549021
vt 0.226289 0.549021
vt 0.252608 0.548340
vt 0.145096 0.550974
vt 0.086904 0.550974
vt 0.086904 0.530107
vt 0.086904 0.483661
vt 0.534725 0.555548
vt 0.485157 0.475653
vt 0.474450 0.450795
vt 0.532631 0.449644
vt 0.630832 0.795201
vt 0.614497 0.755343
vt 0.618431 0.751045
vt 0.629631 0.790603
vt 0.605427 0.759874
vt 0.603210 0.753881
vt 0.595561 0.764801
vt 0.611485 0.803657
vt 0.600538 0.803073
vt 0.589764 0.764554
vt 0.618639 0.821114
vt 0.607299 0.825761
vt 0.698333 0.898901
vt 0.676659 0.864273
vt 0.688399 0.856925
vt 0.710073 0.891552
vt 0.596364 0.931055
vt 0.596364 0.946214
vt 0.582514 0.946214
vt 0.582514 0.931055
vt 0.546620 0.657598
vt 0.546620 0.697325
vt 0.532770 0.697325
vt 0.532770 0.657598
vt 0.546620 0.720883
vt 0.532770 0.720883
vt 0.660213 0.946484
vt 0.660213 0.996284
vt 0.596364 0.962703
vt 0.582514 0.962703
vt 0.571407 0.831382
vt 0.576044 0.871109
vt 0.288152 0.533751
vt 0.389918 0.534451
vt 0.389813 0.549680
vt 0.275332 0.548892
vt 0.687651 0.823784
vt 0.699476 0.817160
vt 0.706919 0.830447
vt 0.695093 0.837071
vt 0.926125 0.359143
vt 0.891989 0.358211
vt 0.878572 0.340040
vt 0.910859 0.340859
vt 0.464858 0.450666
vt 0.171257 0.488545
vt 0.171257 0.531621
vt 0.622532 0.995965
vt 0.130019 0.990499
vt 0.561909 0.894667
vt 0.546756 0.894667
vt 0.387094 0.944815
vt 0.260036 0.943940
vt 0.669198 0.992460
vt 0.669198 0.961257
vt 0.694188 0.961257
vt 0.694188 0.992460
vt 0.156181 0.550974
vt 0.257005 0.797088
vt 0.252570 0.797088
vt 0.255278 0.777735
vt 0.254645 0.773025
vt 0.722840 0.911949
vt 0.711100 0.919297
vt 0.578392 0.894667
vt 0.168549 0.550974
vt 0.108055 0.988618
vt 0.073055 0.961249
vt 0.076532 0.681043
vt 0.113438 0.681043
vt 0.041238 0.909779
vt 0.042981 0.681043
vt 0.009218 0.814176
vt 0.009218 0.681043
vt 0.544396 0.918731
vt 0.559555 0.918489
vt 0.554918 0.962729
vt 0.539759 0.959582
vt 0.626148 0.913135
vt 0.632540 0.899239
vt 0.669565 0.929253
vt 0.667100 0.946333
vt 0.075151 0.652558
vt 0.075812 0.666202
vt 0.041811 0.666202
vt 0.040735 0.652558
vt 0.588920 0.850703
vt 0.598882 0.842793
vt 0.692799 0.931316
vt 0.692799 0.948666
vt 0.601860 0.969920
vt 0.601860 0.931055
vt 0.613497 0.931055
vt 0.615312 0.931055
vt 0.616439 0.969920
vt 0.551457 0.591951
vt 0.565011 0.591951
vt 0.565011 0.737951
vt 0.551457 0.734739
vt 0.529838 0.957298
vt 0.402778 0.957298
vt 0.402778 0.924100
vt 0.529838 0.924100
vt 0.958364 0.395850
vt 0.993193 0.395850
vt 0.993193 0.431884
vt 0.958364 0.431884
vt 0.402778 0.861667
vt 0.529838 0.861667
vt 0.993193 0.499651
vt 0.958364 0.499651
vt 0.529838 0.745704
vt 0.402778 0.745704
vt 0.402778 0.602915
vt 0.529838 0.602915
vt 0.958364 0.625524
vt 0.993193 0.625524
vt 0.993193 0.800809
vt 0.958364 0.800809
vt 0.009111 0.666601
vt 0.009038 0.652799
vt 0.551457 0.547538
vt 0.551457 0.524219
vt 0.565011 0.524219
vt 0.565011 0.547538
vt 0.948673 0.854129
vt 0.925297 0.882126
vt 0.898215 0.883251
vt 0.918349 0.855063
vt 0.473286 0.535183
vt 0.492756 0.558503
vt 0.402778 0.558503
vt 0.402778 0.535183
vt 0.551457 0.427808
vt 0.565011 0.427808
vt 0.884028 0.997875
vt 0.840647 0.997875
vt 0.840647 0.975528
vt 0.438912 0.438773
vt 0.402778 0.438773
vt 0.600311 0.697355
vt 0.608383 0.703443
vt 0.587004 0.727769
vt 0.586846 0.707493
vt 0.076532 0.638823
vt 0.113438 0.638823
vt 0.073440 0.617573
vt 0.074133 0.639093
vt 0.039685 0.639364
vt 0.037951 0.617573
vt 0.009004 0.639836
vt 0.008949 0.618427
vt 0.145096 0.570931
vt 0.155787 0.570684
vt 0.154684 0.614561
vt 0.145096 0.615350
vt 0.033749 0.549021
vt 0.070858 0.549021
vt 0.007430 0.548340
vt 0.086904 0.571842
vt 0.086904 0.618288
vt 0.260238 0.538247
vt 0.260238 0.432322
vt 0.318430 0.432322
vt 0.308217 0.457387
vt 0.645510 0.831017
vt 0.647882 0.835135
vt 0.667664 0.871176
vt 0.661845 0.870875
vt 0.654831 0.879838
vt 0.652205 0.874013
vt 0.641718 0.877426
vt 0.637762 0.881670
vt 0.618406 0.846669
vt 0.625794 0.838571
vt 0.723868 0.939694
vt 0.735608 0.932346
vt 0.757282 0.966973
vt 0.745542 0.974322
vt 0.699685 0.961257
vt 0.713535 0.961257
vt 0.713535 0.976416
vt 0.699685 0.976416
vt 0.546620 0.784168
vt 0.532770 0.784168
vt 0.532770 0.744441
vt 0.546620 0.744441
vt 0.617163 0.710065
vt 0.587176 0.749825
vt 0.713535 0.992905
vt 0.699685 0.992905
vt 0.576044 0.918225
vt 0.571407 0.957952
vt 0.504547 0.572623
vt 0.517262 0.587852
vt 0.402778 0.587852
vt 0.402778 0.572623
vt 0.551457 0.576888
vt 0.551457 0.561659
vt 0.565011 0.561659
vt 0.565011 0.576888
vt 0.978094 0.818892
vt 0.962828 0.837176
vt 0.930541 0.837995
vt 0.943958 0.819824
vt 0.328018 0.432003
vt 0.171257 0.570327
vt 0.171257 0.613403
vt 0.586887 0.687630
vt 0.386917 0.970514
vt 0.259859 0.969639
vt 0.681402 0.915034
vt 0.656411 0.915034
vt 0.656411 0.883831
vt 0.681402 0.883832
vt 0.254645 0.821151
vt 0.255278 0.816441
vt 0.200757 0.493442
vt 0.193346 0.493442
vt 0.193346 0.438142
vt 0.200757 0.438142
vt 0.221467 0.493442
vt 0.221467 0.438142
vt 0.228878 0.493442
vt 0.228878 0.438142
vt 0.249588 0.493442
vt 0.249588 0.438142
vt 0.228878 0.430731
vt 0.249588 0.430731
vt 0.228878 0.534199
vt 0.249588 0.534199
vt 0.249588 0.541610
vt 0.228878 0.541610
vt 0.221467 0.534199
vt 0.200757 0.534199
vt 0.193346 0.534199
vt 0.200757 0.493442
vt 0.200757 0.438142
vt 0.193346 0.438142
vt 0.193346 0.493442
vt 0.221467 0.493442
vt 0.221467 0.438142
vt 0.228878 0.493442
vt 0.228878 0.438142
vt 0.249588 0.493442
vt 0.249588 0.438142
vt 0.249588 0.430731
vt 0.228878 0.430731
vt 0.228878 0.534199
vt 0.228878 0.541610
vt 0.249588 0.541610
vt 0.249588 0.534199
vt 0.221467 0.534199
vt 0.200757 0.534199
vt 0.193346 0.534199
vt 0.200757 0.493442
vt 0.193346 0.493442
vt 0.193346 0.438142
vt 0.200757 0.438142
vt 0.221467 0.493442
vt 0.221467 0.438142
vt 0.228878 0.493442
vt 0.228878 0.438142
vt 0.249588 0.493442
vt 0.249588 0.438142
vt 0.228878 0.430731
vt 0.249588 0.430731
vt 0.228878 0.534199
vt 0.249588 0.534199
vt 0.249588 0.541610
vt 0.228878 0.541610
vt 0.221467 0.534199
vt 0.200757 0.534199
vt 0.193346 0.534199
vt 0.200757 0.493442
vt 0.193346 0.493442
vt 0.193346 0.438142
vt 0.200757 0.438142
vt 0.221467 0.493442
vt 0.221467 0.438142
vt 0.228878 0.493442
vt 0.228878 0.438142
vt 0.249588 0.493442
vt 0.249588 0.438142
vt 0.228878 0.430731
vt 0.249588 0.430731
vt 0.228878 0.534199
vt 0.249588 0.534199
vt 0.249588 0.541610
vt 0.228878 0.541610
vt 0.221467 0.534199
vt 0.200757 0.534199
vt 0.193346 0.534199
vt 0.200757 0.493442
vt 0.193346 0.493442
vt 0.193346 0.438142
vt 0.200757 0.438142
vt 0.221467 0.493442
vt 0.221467 0.438142
vt 0.228878 0.493442
vt 0.228878 0.438142
vt 0.249588 0.493442
vt 0.249588 0.438142
vt 0.228878 0.430731
vt 0.249588 0.430731
vt 0.228878 0.534199
vt 0.249588 0.534199
vt 0.249588 0.541610
vt 0.228878 0.541610
vt 0.221467 0.534199
vt 0.200757 0.534199
vt 0.193346 0.534199
vt 0.200757 0.493442
vt 0.193346 0.493442
vt 0.193346 0.438142
vt 0.200757 0.438142
vt 0.221467 0.493442
vt 0.221467 0.438142
vt 0.228878 0.493442
vt 0.228878 0.438142
vt 0.249588 0.493442
vt 0.249588 0.438142
vt 0.228878 0.430731
vt 0.249588 0.430731
vt 0.228878 0.534199
vt 0.249588 0.534199
vt 0.249588 0.541610
vt 0.228878 0.541610
vt 0.221467 0.534199
vt 0.200757 0.534199
vt 0.193346 0.534199
vt 0.704670 0.570452
vt 0.702768 0.467265
vt 0.713882 0.467265
vt 0.717377 0.565325
vt 0.799749 0.578670
vt 0.774452 0.578670
vt 0.774452 0.565963
vt 0.799749 0.565963
vt 0.765820 0.467265
vt 0.791117 0.467265
vt 0.791117 0.546387
vt 0.765820 0.548541
vt 0.739350 0.467265
vt 0.764647 0.467265
vt 0.764647 0.548541
vt 0.739350 0.548541
vt 0.799749 0.621478
vt 0.774452 0.621478
vt 0.774452 0.606819
vt 0.799749 0.606819
vt 0.661862 0.565369
vt 0.665358 0.467265
vt 0.678163 0.467265
vt 0.676521 0.570985
vt 0.739350 0.558271
vt 0.764647 0.558271
vt 0.764647 0.565369
vt 0.739350 0.565369
vt 0.650379 0.558271
vt 0.651987 0.467265
vt 0.726794 0.467265
vt 0.728441 0.558444
vt 0.791117 0.565325
vt 0.765820 0.565325
vt 0.765820 0.558444
vt 0.791117 0.556453
vt 0.689502 0.467265
vt 0.689502 0.572204
vt 0.774452 0.593838
vt 0.799749 0.593838
vt 0.640601 0.467265
vt 0.640601 0.548541
vt 0.738308 0.467265
vt 0.738308 0.548541
vt 0.881062 0.755521
vt 0.864120 0.762603
vt 0.864120 0.760762
vt 0.879773 0.754219
vt 0.847178 0.755521
vt 0.848468 0.754219
vt 0.840160 0.738422
vt 0.841984 0.738422
vt 0.847178 0.721324
vt 0.848468 0.722625
vt 0.864120 0.714241
vt 0.864120 0.716082
vt 0.881062 0.721324
vt 0.879773 0.722625
vt 0.888080 0.738422
vt 0.886256 0.738422
vt 0.864120 0.755521
vt 0.876100 0.750513
vt 0.852140 0.750513
vt 0.847178 0.738422
vt 0.852140 0.726332
vt 0.864120 0.721324
vt 0.876100 0.726332
vt 0.881062 0.738422
vt 0.864120 0.747676
vt 0.870604 0.744966
vt 0.857637 0.744966
vt 0.854951 0.738422
vt 0.857637 0.731879
vt 0.864120 0.729169
vt 0.870604 0.731879
vt 0.873289 0.738422
vt 0.864120 0.738422
vt 0.881062 0.755521
vt 0.864120 0.762603
vt 0.864120 0.760762
vt 0.879773 0.754219
vt 0.847178 0.755521
vt 0.848468 0.754219
vt 0.840160 0.738422
vt 0.841984 0.738422
vt 0.847178 0.721324
vt 0.848468 0.722625
vt 0.864120 0.714241
vt 0.864120 0.716082
vt 0.881062 0.721324
vt 0.879773 0.722625
vt 0.888080 0.738422
vt 0.886256 0.738422
vt 0.864120 0.755521
vt 0.876100 0.750513
vt 0.852140 0.750513
vt 0.847178 0.738422
vt 0.852140 0.726332
vt 0.864120 0.721324
vt 0.876100 0.726332
vt 0.881062 0.738422
vt 0.864120 0.747676
vt 0.870604 0.744966
vt 0.857637 0.744966
vt 0.854951 0.738422
vt 0.857637 0.731879
vt 0.864120 0.729169
vt 0.870604 0.731879
vt 0.873289 0.738422
vt 0.864120 0.738422
vt 0.200757 0.493442
vt 0.193346 0.493442
vt 0.193346 0.438142
vt 0.200757 0.438142
vt 0.221467 0.493442
vt 0.221467 0.438142
vt 0.228878 0.493442
vt 0.228878 0.438142
vt 0.249588 0.493442
vt 0.249588 0.438142
vt 0.228878 0.430731
vt 0.249588 0.430731
vt 0.228878 0.534199
vt 0.249588 0.534199
vt 0.249588 0.541610
vt 0.228878 0.541610
vt 0.221467 0.534199
vt 0.200757 0.534199
vt 0.193346 0.534199
vt 0.200757 0.493442
vt 0.193346 0.493442
vt 0.193346 0.438142
vt 0.200757 0.438142
vt 0.221467 0.493442
vt 0.221467 0.438142
vt 0.228878 0.493442
vt 0.228878 0.438142
vt 0.249588 0.493442
vt 0.249588 0.438142
vt 0.228878 0.430731
vt 0.249588 0.430731
vt 0.228878 0.534199
vt 0.249588 0.534199
vt 0.249588 0.541610
vt 0.228878 0.541610
vt 0.221467 0.534199
vt 0.200757 0.534199
vt 0.193346 0.534199
vt 0.200757 0.493442
vt 0.193346 0.493442
vt 0.193346 0.438142
vt 0.200757 0.438142
vt 0.221467 0.493442
vt 0.221467 0.438142
vt 0.228878 0.493442
vt 0.228878 0.438142
vt 0.249588 0.493442
vt 0.249588 0.438142
vt 0.228878 0.430731
vt 0.249588 0.430731
vt 0.228878 0.534199
vt 0.249588 0.534199
vt 0.249588 0.541610
vt 0.228878 0.541610
vt 0.221467 0.534199
vt 0.200757 0.534199
vt 0.193346 0.534199
vt 0.200757 0.493442
vt 0.200757 0.438142
vt 0.193346 0.438142
vt 0.193346 0.493442
vt 0.221467 0.493442
vt 0.221467 0.438142
vt 0.228878 0.493442
vt 0.228878 0.438142
vt 0.249588 0.493442
vt 0.249588 0.438142
vt 0.249588 0.430731
vt 0.228878 0.430731
vt 0.228878 0.534199
vt 0.228878 0.541610
vt 0.249588 0.541610
vt 0.249588 0.534199
vt 0.221467 0.534199
vt 0.200757 0.534199
vt 0.193346 0.534199
vt 0.200757 0.493442
vt 0.193346 0.493442
vt 0.193346 0.438142
vt 0.200757 0.438142
vt 0.221467 0.493442
vt 0.221467 0.438142
vt 0.228878 0.493442
vt 0.228878 0.438142
vt 0.249588 0.493442
vt 0.249588 0.438142
vt 0.228878 0.430731
vt 0.249588 0.430731
vt 0.228878 0.534199
vt 0.249588 0.534199
vt 0.249588 0.541610
vt 0.228878 0.541610
vt 0.221467 0.534199
vt 0.200757 0.534199
vt 0.193346 0.534199
vt 0.200757 0.493442
vt 0.193346 0.493442
vt 0.193346 0.438142
vt 0.200757 0.438142
vt 0.221467 0.493442
vt 0.221467 0.438142
vt 0.228878 0.493442
vt 0.228878 0.438142
vt 0.249588 0.493442
vt 0.249588 0.438142
vt 0.228878 0.430731
vt 0.249588 0.430731
vt 0.228878 0.534199
vt 0.249588 0.534199
vt 0.249588 0.541610
vt 0.228878 0.541610
vt 0.221467 0.534199
vt 0.200757 0.534199
vt 0.193346 0.534199
vt 0.200757 0.493442
vt 0.193346 0.493442
vt 0.193346 0.438142
vt 0.200757 0.438142
vt 0.221467 0.493442
vt 0.221467 0.438142
vt 0.228878 0.493442
vt 0.228878 0.438142
vt 0.249588 0.493442
vt 0.249588 0.438142
vt 0.228878 0.430731
vt 0.249588 0.430731
vt 0.228878 0.534199
vt 0.249588 0.534199
vt 0.249588 0.541610
vt 0.228878 0.541610
vt 0.221467 0.534199
vt 0.200757 0.534199
vt 0.193346 0.534199
vt 0.200757 0.493442
vt 0.193346 0.493442
vt 0.193346 0.438142
vt 0.200757 0.438142
vt 0.221467 0.493442
vt 0.221467 0.438142
vt 0.228878 0.493442
vt 0.228878 0.438142
vt 0.249588 0.493442
vt 0.249588 0.438142
vt 0.228878 0.430731
vt 0.249588 0.430731
vt 0.228878 0.534199
vt 0.249588 0.534199
vt 0.249588 0.541610
vt 0.228878 0.541610
vt 0.221467 0.534199
vt 0.200757 0.534199
vt 0.193346 0.534199
vt 0.200757 0.493442
vt 0.200757 0.438142
vt 0.193346 0.438142
vt 0.193346 0.493442
vt 0.221467 0.493442
vt 0.221467 0.438142
vt 0.228878 0.493442
vt 0.228878 0.438142
vt 0.249588 0.493442
vt 0.249588 0.438142
vt 0.249588 0.430731
vt 0.228878 0.430731
vt 0.228878 0.534199
vt 0.228878 0.541610
vt 0.249588 0.541610
vt 0.249588 0.534199
vt 0.221467 0.534199
vt 0.200757 0.534199
vt 0.193346 0.534199
vn 0.000000 1.000000 0.000000
vn 0.000000 1.000000 0.000000
vn 0.000000 1.000000 -0.000000
vn 0.000000 1.000000 -0.000000
vn 0.000000 0.381304 0.924450
vn 0.000000 0.381304 0.924450
vn 0.000000 0.381304 0.924450
vn 0.000000 0.381304 0.924450
vn 0.000000 -1.000000 -0.000000
vn 0.000000 -1.000000 -0.000000
vn 0.000000 -1.000000 0.000000
vn 0.000000 -1.000000 0.000000
vn -0.999107 -0.042190 -0.002446
vn -0.996810 -0.079773 -0.002441
vn -0.981244 -0.186774 -0.047696
vn -0.988209 -0.151030 -0.025162
vn 0.022238 0.999679 0.012155
vn 0.015835 0.999837 0.008656
vn 0.000000 1.000000 0.000000
vn 0.000000 1.000000 0.000000
vn -0.930422 -0.330334 -0.158728
vn -0.921996 -0.343741 -0.178228
vn -0.896553 -0.363742 -0.252754
vn -0.898148 -0.366282 -0.243244
vn 0.000000 -1.000000 -0.000000
vn 0.000000 -1.000000 0.000000
vn -0.007588 -0.999966 -0.003270
vn -0.010627 -0.999933 -0.004580
vn 0.081092 0.991850 0.098276
vn 0.080948 0.991829 0.098609
vn 0.084101 0.993846 0.072096
vn 0.083881 0.993554 0.076251
vn -0.824060 -0.330612 -0.460023
vn -0.770983 -0.355503 -0.528396
vn -0.571224 -0.470258 -0.672726
vn -0.645782 -0.426388 -0.633372
vn -0.017322 -0.999850 0.000945
vn -0.028637 -0.999527 -0.011191
vn -0.001293 -0.999897 0.014326
vn 0.007926 -0.999774 0.019724
vn 0.060626 0.994888 0.080765
vn 0.056417 0.995518 0.075901
vn -0.354187 -0.570581 -0.740938
vn -0.409614 -0.548387 -0.729032
vn 0.014478 -0.998258 0.057195
vn 0.013820 -0.997573 0.068250
vn 0.063167 0.997363 0.035745
vn 0.053351 0.998130 0.029841
vn -0.886172 -0.331596 -0.323641
vn -0.888863 -0.341097 -0.305900
vn -0.026519 -0.999558 -0.013476
vn -0.030541 -0.999398 -0.016477
vn 0.040702 0.997502 0.057737
vn 0.040702 0.997502 0.057737
vn -0.251678 -0.605023 -0.755384
vn -0.251678 -0.605023 -0.755384
vn 0.010980 -0.993243 0.115537
vn 0.010980 -0.993243 0.115537
vn 0.000000 -1.000000 0.000000
vn 0.000000 -1.000000 0.000000
vn -0.997623 0.068864 -0.002442
vn -0.997623 0.068864 -0.002442
vn 0.000000 1.000000 0.000000
vn 0.000000 1.000000 0.000000
vn 0.999848 0.006653 0.016129
vn 0.999848 0.006653 0.016129
vn 0.999848 0.006653 0.016129
vn 0.999848 0.006653 0.016129
vn 0.000000 1.000000 0.000000
vn 0.000000 1.000000 0.000000
vn 0.000000 1.000000 0.000000
vn 0.000000 1.000000 0.000000
vn 0.000000 0.381304 0.924450
vn 0.000000 0.381304 0.924450
vn 0.000000 0.381304 0.924450
vn 0.000000 0.381304 0.924450
vn 0.000000 -1.000000 0.000000
vn 0.000000 -1.000000 0.000000
vn 0.000000 -1.000000 0.000000
vn 0.000000 -1.000000 0.000000
vn 0.999107 -0.042190 -0.002446
vn 0.988209 -0.151031 -0.025162
vn 0.981244 -0.186775 -0.047696
vn 0.996810 -0.079774 -0.002441
vn -0.022238 0.999679 0.012155
vn 0.000000 1.000000 -0.000000
vn 0.000000 1.000000 -0.000000
vn -0.015836 0.999837 0.008655
vn 0.930421 -0.330335 -0.158728
vn 0.898148 -0.366282 -0.243244
vn 0.896553 -0.363742 -0.252754
vn 0.921996 -0.343741 -0.178228
vn 0.000000 -1.000000 0.000000
vn 0.010627 -0.999933 -0.004580
vn 0.007588 -0.999966 -0.003270
vn 0.000000 -1.000000 0.000000
vn -0.081092 0.991850 0.098276
vn -0.083881 0.993554 0.076251
vn -0.084101 0.993846 0.072096
vn -0.080948 0.991828 0.098609
vn 0.824059 -0.330613 -0.460023
vn 0.645782 -0.426388 -0.633372
vn 0.571224 -0.470258 -0.672726
vn 0.770983 -0.355504 -0.528396
vn 0.017322 -0.999850 0.000945
vn -0.007926 -0.999774 0.019724
vn 0.001293 -0.999897 0.014325
vn 0.028637 -0.999527 -0.011191
vn -0.060626 0.994888 0.080765
vn -0.056417 0.995518 0.075901
vn 0.409614 -0.548387 -0.729032
vn 0.354187 -0.570581 -0.740938
vn -0.013820 -0.997573 0.068250
vn -0.014478 -0.998258 0.057195
vn -0.063167 0.997363 0.035745
vn -0.053351 0.998130 0.029841
vn 0.888863 -0.341097 -0.305900
vn 0.886172 -0.331597 -0.323641
vn 0.030541 -0.999398 -0.016478
vn 0.026519 -0.999557 -0.013476
vn -0.040702 0.997502 0.057737
vn -0.040702 0.997502 0.057737
vn 0.251678 -0.605023 -0.755384
vn 0.251678 -0.605023 -0.755384
vn -0.010980 -0.993242 0.115537
vn -0.010980 -0.993243 0.115537
vn 0.000000 -1.000000 0.000000
vn 0.000000 -1.000000 0.000000
vn 0.997623 0.068864 -0.002443
vn 0.997623 0.068864 -0.002443
vn 0.000000 1.000000 0.000000
vn 0.000000 1.000000 0.000000
vn -0.999848 0.006652 0.016129
vn -0.999848 0.006652 0.016129
vn -0.999848 0.006652 0.016129
vn -0.999848 0.006652 0.016129
vn 0.000000 -0.469283 0.883048
vn 0.000000 -0.469283 0.883048
vn 0.000000 -0.469283 0.883048
vn 0.000000 -0.469283 0.883048
vn 0.000000 0.789096 0.614269
vn 0.000000 0.789096 0.614269
vn 0.000000 0.762306 0.647217
vn 0.000000 0.762306 0.647217
vn -0.004570 -0.330990 0.943623
vn -0.004570 -0.330990 0.943623
vn -0.004570 -0.330990 0.943623
vn -0.004570 -0.330990 0.943623
vn 0.000000 -0.757208 -0.653174
vn 0.000000 -0.757208 -0.653174
vn 0.000000 -0.783832 -0.620973
vn 0.000000 -0.783832 -0.620973
vn 1.000000 0.000001 0.000000
vn 1.000000 0.000000 0.000000
vn 1.000000 0.000000 0.000000
vn 1.000000 0.000000 0.000000
vn -1.000000 -0.000000 0.000000
vn -1.000000 -0.000000 0.000000
vn -1.000000 -0.000000 0.000000
vn -1.000000 -0.000000 0.000000
vn 0.000000 0.868449 0.495778
vn 0.000000 0.868449 0.495778
vn 1.000000 0.000001 0.000000
vn 1.000000 0.000001 0.000000
vn 0.000000 -0.858346 -0.513072
vn 0.000000 -0.858346 -0.513072
vn -1.000000 0.000000 0.000000
vn -1.000000 0.000000 0.000000
vn 0.000000 0.946915 0.321483
vn 0.000000 0.946915 0.321483
vn 1.000000 0.000000 0.000000
vn 1.000000 0.000000 0.000000
vn 0.000000 -0.946915 -0.321484
vn 0.000000 -0.946915 -0.321484
vn -1.000000 -0.000000 0.000000
vn -1.000000 -0.000001 0.000000
vn 0.000000 0.970445 0.241322
vn 0.000000 0.970445 0.241322
vn 1.000000 0.000000 0.000000
vn 1.000000 0.000000 0.000000
vn 0.000000 -0.970445 -0.241323
vn 0.000000 -0.970445 -0.241323
vn -1.000000 -0.000001 0.000000
vn -1.000000 -0.000001 0.000000
vn 0.000000 0.999991 0.004262
vn 0.000000 0.999991 0.004262
vn 0.002265 0.999975 -0.006682
vn 0.001787 0.999989 -0.004373
vn 1.000000 0.000000 0.000000
vn 1.000000 0.000000 0.000000
vn 0.989281 0.000698 0.146025
vn 0.988929 0.000709 0.148388
vn 0.000000 -1.000000 -0.000884
vn 0.000000 -1.000000 -0.000884
vn -0.001820 -0.999977 0.006579
vn -0.002297 -0.999961 0.008537
vn -1.000000 -0.000001 0.000000
vn -1.000000 -0.000001 0.000000
vn -0.988382 -0.000687 -0.151987
vn -0.988761 -0.000675 -0.149503
vn 0.004623 0.999826 -0.018077
vn 0.004623 0.999826 -0.018077
vn 0.946333 0.001545 0.323188
vn 0.946333 0.001545 0.323188
vn -0.004623 -0.999826 0.018077
vn -0.004623 -0.999826 0.018077
vn -0.917077 0.000059 -0.398710
vn -0.917679 0.000033 -0.397322
vn 0.000000 1.000000 0.000000
vn 0.000000 1.000000 0.000000
vn 0.000000 1.000000 0.000000
vn 0.000000 1.000000 0.000000
vn 0.859542 -0.002604 0.511058
vn 0.859542 -0.002604 0.511058
vn 0.859542 -0.002604 0.511058
vn 0.859542 -0.002604 0.511058
vn 0.000000 -1.000000 -0.000001
vn 0.000000 -1.000000 -0.000001
vn 0.000000 -1.000000 -0.000001
vn 0.000000 -1.000000 -0.000001
vn -0.777406 0.002826 -0.628993
vn -0.779905 0.002814 -0.625892
vn 0.000000 1.000000 0.000000
vn 0.000000 1.000000 0.000000
vn 0.000000 1.000000 0.000000
vn 0.000000 1.000000 0.000000
vn 0.623934 -0.002789 0.781472
vn 0.623934 -0.002789 0.781472
vn 0.623934 -0.002789 0.781472
vn 0.623934 -0.002789 0.781472
vn 0.000000 -1.000000 0.000001
vn 0.000000 -1.000000 0.000001
vn 0.000000 -1.000000 0.000001
vn 0.000000 -1.000000 0.000001
vn -0.481865 0.001888 -0.876243
vn -0.487605 0.001938 -0.873062
vn 0.000000 1.000000 0.000000
vn 0.000000 1.000000 0.000000
vn 0.000000 1.000000 0.000001
vn 0.000000 1.000000 0.000001
vn -0.016887 0.001321 0.999857
vn -0.010851 0.001272 0.999940
vn -0.266321 0.003310 0.963879
vn -0.266321 0.003310 0.963879
vn 0.000000 -1.000000 0.000000
vn 0.000000 -1.000000 0.000000
vn 0.000000 -1.000000 0.000000
vn 0.000000 -1.000000 0.000000
vn 0.040128 -0.001860 -0.999193
vn 0.044995 -0.001885 -0.998986
vn 0.505621 -0.003849 -0.862747
vn 0.501745 -0.003836 -0.865007
vn 0.000000 1.000000 -0.000001
vn 0.000000 1.000000 -0.000001
vn 0.000000 1.000000 -0.000001
vn 0.000000 1.000000 -0.000001
vn -0.631668 0.004675 0.775225
vn -0.631668 0.004675 0.775225
vn -0.631668 0.004675 0.775225
vn -0.631668 0.004675 0.775225
vn 0.000000 -1.000000 0.000000
vn 0.000000 -1.000000 0.000000
vn 0.000000 -1.000000 0.000000
vn 0.000000 -1.000000 0.000000
vn 0.774924 -0.003232 -0.632046
vn 0.771787 -0.003255 -0.635873
vn 0.000000 1.000000 0.000000
vn 0.000000 1.000000 0.000000
vn 0.215424 -0.000599 0.976520
vn 0.215424 -0.000599 0.976521
vn 0.000000 -1.000000 0.000000
vn 0.000000 -1.000000 0.000000
vn 0.000000 1.000000 0.000000
vn 0.000000 1.000000 0.000000
vn 0.000000 1.000000 0.000000
vn 0.000000 1.000000 0.000000
vn -0.863725 0.002181 0.503959
vn -0.863725 0.002181 0.503959
vn -0.863725 0.002181 0.503959
vn -0.863725 0.002181 0.503959
vn 0.000000 -1.000000 -0.000001
vn 0.000000 -1.000000 -0.000001
vn 0.000000 -1.000000 -0.000001
vn 0.000000 -1.000000 -0.000001
vn 0.929502 -0.000518 -0.368816
vn 0.928512 -0.000555 -0.371302
vn 0.000000 1.000000 0.000000
vn 0.000000 1.000000 0.000000
vn 0.000000 1.000000 0.000000
vn 0.000000 1.000000 0.000000
vn -0.956458 -0.000651 0.291871
vn -0.956458 -0.000651 0.291871
vn -0.956458 -0.000651 0.291871
vn -0.956458 -0.000651 0.291871
vn 0.000000 -1.000000 0.000000
vn 0.000000 -1.000000 0.000000
vn 0.000000 -1.000000 0.000000
vn 0.000000 -1.000000 0.000000
vn 0.990429 -0.000471 -0.138025
vn 0.989901 -0.000444 -0.141762
vn 0.001205 0.999991 0.004096
vn 0.001205 0.999991 0.004096
vn 0.001205 0.999991 0.004096
vn 0.001205 0.999991 0.004096
vn -0.999998 0.001793 -0.000906
vn -0.999998 0.001793 -0.000906
vn -0.999998 0.001793 -0.000906
vn -0.999998 0.001793 -0.000906
vn -0.000525 -0.999991 0.004255
vn -0.000525 -0.999991 0.004255
vn -0.000525 -0.999991 0.004255
vn -0.000525 -0.999991 0.004255
vn 0.999999 -0.001419 -0.000886
vn 0.999999 -0.001419 -0.000886
vn -0.000823 0.689220 0.724552
vn -0.000823 0.689220 0.724552
vn -0.000347 0.773290 0.634053
vn -0.000344 0.773800 0.633430
vn -1.000000 -0.000134 -0.000144
vn -1.000000 -0.000134 -0.000144
vn -1.000000 -0.000134 -0.000144
vn -1.000000 -0.000134 -0.000144
vn 0.000915 -0.673874 -0.738846
vn 0.000915 -0.673874 -0.738846
vn 0.000915 -0.673874 -0.738846
vn 0.000915 -0.673874 -0.738846
vn 1.000000 0.000125 0.000134
vn 1.000000 0.000125 0.000134
vn 1.000000 0.000125 0.000134
vn 1.000000 0.000125 0.000134
vn 0.000178 0.919050 0.394142
vn 0.000178 0.919301 0.393555
vn -1.000000 -0.000169 -0.000099
vn -1.000000 -0.000169 -0.000099
vn -1.000000 -0.000169 -0.000099
vn -1.000000 -0.000169 -0.000099
vn -0.000233 -0.860181 -0.509989
vn -0.000233 -0.860181 -0.509989
vn -0.000233 -0.860181 -0.509989
vn -0.000233 -0.860181 -0.509989
vn 1.000000 0.000158 0.000092
vn 1.000000 0.000158 0.000092
vn 1.000000 0.000158 0.000092
vn 1.000000 0.000158 0.000092
vn 0.000264 0.966403 0.257033
vn 0.000265 0.966469 0.256783
vn -1.000000 -0.000180 -0.000056
vn -1.000000 -0.000180 -0.000056
vn -1.000000 -0.000180 -0.000056
vn -1.000000 -0.000180 -0.000056
vn -0.000071 -0.955012 -0.296566
vn -0.000071 -0.955012 -0.296566
vn -0.000071 -0.955012 -0.296566
vn -0.000071 -0.955012 -0.296566
vn 1.000000 0.000168 0.000052
vn 1.000000 0.000168 0.000052
vn 1.000000 0.000168 0.000052
vn 1.000000 0.000168 0.000052
vn 0.000485 0.977749 0.209778
vn 0.000485 0.977749 0.209778
vn -1.000000 -0.000187 -0.000040
vn -1.000000 -0.000187 -0.000040
vn -1.000000 -0.000187 -0.000040
vn -1.000000 -0.000187 -0.000040
vn -0.000480 -0.977749 -0.209778
vn -0.000480 -0.977749 -0.209778
vn -0.000480 -0.977749 -0.209778
vn -0.000480 -0.977749 -0.209778
vn 1.000000 0.000173 0.000037
vn 1.000000 0.000173 0.000037
vn 1.000000 0.000173 0.000037
vn 1.000000 0.000173 0.000037
vn -0.000000 0.000000 -1.000000
vn 0.000000 0.000000 -1.000000
vn 0.000000 0.000000 -1.000000
vn -0.000000 0.000000 -1.000000
vn -0.008084 -0.999967 0.000000
vn 0.020521 -0.999789 0.000000
vn 0.020521 -0.999789 0.000000
vn -0.008084 -0.999967 0.000000
vn -0.000000 0.000000 1.000000
vn -0.000000 0.000000 1.000000
vn -0.000000 0.000000 1.000000
vn -0.000000 0.000000 1.000000
vn 0.008080 0.999533 -0.029475
vn -0.006219 0.999546 -0.029473
vn -0.006219 0.999546 -0.029473
vn 0.008077 0.999533 -0.029475
vn -0.999967 0.008084 0.000000
vn -0.999967 0.008084 0.000000
vn -0.999967 0.008084 0.000000
vn -0.999967 0.008084 0.000000
vn 0.999967 -0.008086 0.000000
vn 0.999967 -0.008086 0.000000
vn 0.999967 -0.008086 0.000000
vn 0.999967 -0.008086 0.000000
vn 0.027477 0.999188 -0.029469
vn 0.027477 0.999188 -0.029469
vn -0.000000 0.000000 1.000000
vn -0.000000 0.000000 1.000000
vn -0.046869 -0.998901 0.000000
vn -0.046869 -0.998901 0.000000
vn -0.000000 0.000000 -1.000000
vn -0.000000 0.000000 -1.000000
vn 0.000000 0.000000 1.000000
vn 0.000000 0.000000 1.000000
vn 0.000000 0.000000 1.000000
vn 0.000000 0.000000 1.000000
vn -0.008084 -0.999967 0.000000
vn -0.008084 -0.999967 0.000000
vn 0.020521 -0.999789 0.000000
vn 0.020521 -0.999789 0.000000
vn 0.000000 0.000000 -1.000000
vn 0.000000 0.000000 -1.000000
vn -0.000000 0.000000 -1.000000
vn -0.000000 0.000000 -1.000000
vn 0.008080 0.999533 0.029474
vn 0.008077 0.999533 0.029474
vn -0.006219 0.999546 0.029471
vn -0.006219 0.999546 0.029471
vn -0.999967 0.008085 0.000000
vn -0.999967 0.008085 0.000000
vn -0.999967 0.008085 0.000000
vn -0.999967 0.008085 0.000000
vn 0.999967 -0.008087 0.000000
vn 0.999967 -0.008087 0.000000
vn 0.999967 -0.008087 0.000000
vn 0.999967 -0.008087 0.000000
vn 0.027477 0.999188 0.029468
vn 0.027477 0.999188 0.029468
vn 0.000000 0.000000 -1.000000
vn 0.000000 0.000000 -1.000000
vn -0.046869 -0.998901 0.000000
vn -0.046869 -0.998901 0.000000
vn 0.000000 0.000000 1.000000
vn 0.000000 0.000000 1.000000
vn 0.000000 0.000000 1.000000
vn 0.000000 0.000000 1.000000
vn -0.000000 0.000000 1.000000
vn -0.000000 0.000000 1.000000
vn 0.000000 1.000000 0.000000
vn 0.000000 1.000000 0.000000
vn -0.028601 0.999591 0.000000
vn -0.028601 0.999591 0.000000
vn 0.000000 0.000000 -1.000000
vn 0.000000 0.000000 -1.000000
vn 0.000000 0.000000 -1.000000
vn 0.000000 0.000000 -1.000000
vn -0.000000 -0.999566 0.029475
vn 0.000003 -0.999566 0.029475
vn 0.014299 -0.999463 0.029473
vn 0.014299 -0.999463 0.029473
vn 1.000000 0.000000 0.000000
vn 1.000000 0.000000 0.000000
vn 1.000000 0.000000 0.000000
vn 1.000000 0.000000 0.000000
vn -1.000000 0.000000 0.000000
vn -1.000000 0.000000 0.000000
vn -1.000000 0.000000 0.000000
vn -1.000000 0.000000 0.000000
vn -0.019400 -0.999377 0.029469
vn -0.019400 -0.999377 0.029469
vn 0.000000 0.000000 -1.000000
vn 0.000000 0.000000 -1.000000
vn 0.038792 0.999247 0.000000
vn 0.038792 0.999247 0.000000
vn 0.000000 0.000000 1.000000
vn 0.000000 0.000000 1.000000
vn 0.000000 1.000000 0.000000
vn 0.000000 1.000000 0.000000
vn -0.000000 1.000000 0.000000
vn -0.000000 1.000000 0.000000
vn -0.000000 1.000000 0.000000
vn -0.000000 1.000000 0.000000
vn -0.000000 1.000000 0.000000
vn -0.000000 1.000000 0.000000
vn 0.000000 0.000000 1.000000
vn 0.000000 0.000000 1.000000
vn 0.000000 0.000000 1.000000
vn 0.000000 0.000000 1.000000
vn 0.000000 1.000000 0.000000
vn 0.000000 1.000000 0.000000
vn 0.000000 1.000000 0.000000
vn 0.000000 1.000000 0.000000
vn 0.000619 0.795812 0.605544
vn 0.000663 0.795966 0.605341
vn 0.000000 0.793672 0.608346
vn 0.000000 0.793672 0.608346
vn 0.000000 1.000000 0.000000
vn 0.000000 1.000000 0.000000
vn 0.000000 1.000000 0.000000
vn 0.000000 1.000000 0.000000
vn -0.000000 1.000000 0.000000
vn -0.000000 1.000000 0.000000
vn -0.000000 1.000000 0.000000
vn -0.000000 1.000000 0.000000
vn 0.000000 0.000000 1.000000
vn 0.000000 0.000000 1.000000
vn 0.000000 0.000000 1.000000
vn 0.000000 0.000000 1.000000
vn 0.000000 0.000000 1.000000
vn 0.000000 1.000000 0.000000
vn 0.000000 1.000000 0.000000
vn 0.000000 1.000000 0.000000
vn 0.000000 1.000000 0.000000
vn 0.000000 1.000000 0.000000
vn 0.000000 1.000000 0.000000
vn 0.000000 1.000000 0.000000
vn 0.000000 1.000000 0.000000
vn 0.470419 0.000000 -0.882443
vn 0.774207 -0.000000 -0.632932
vn 0.774207 -0.000000 -0.632932
vn 0.470419 0.000000 -0.882443
vn -0.469897 0.000000 0.882721
vn -0.774207 0.000000 0.632932
vn -0.774207 0.000000 0.632932
vn -0.469897 0.000000 0.882721
vn 0.922415 0.000000 -0.386201
vn 0.922415 0.000000 -0.386201
vn -0.922415 0.000000 0.386201
vn -0.922415 0.000000 0.386201
vn 0.989680 0.000000 -0.143292
vn 1.000000 0.000000 0.000000
vn 1.000000 0.000000 0.000000
vn 0.989680 0.000000 -0.143292
vn -0.991006 0.000000 0.133814
vn -1.000000 0.000000 0.000000
vn -1.000000 0.000000 0.000000
vn -0.991006 0.000000 0.133814
vn -0.014652 0.801503 0.597811
vn -0.014753 0.801545 0.597752
vn -0.004812 0.797015 0.603940
vn -0.004750 0.796983 0.603984
vn 0.000000 0.767613 0.640914
vn 0.000000 0.767613 0.640914
vn 0.000000 0.912018 0.410150
vn 0.000000 0.912018 0.410150
vn -0.999941 -0.009162 -0.005842
vn -0.999923 -0.010366 -0.006775
vn -0.999404 -0.032730 -0.010982
vn -0.999540 -0.028534 -0.010261
vn 1.000000 0.000000 0.000000
vn 1.000000 0.000001 0.000000
vn 1.000000 0.000000 0.000001
vn 1.000000 0.000000 0.000000
vn 0.000000 0.941922 0.335832
vn 0.000000 0.941922 0.335832
vn -0.999350 -0.034257 -0.011244
vn -0.999350 -0.034257 -0.011244
vn -0.999350 -0.034257 -0.011244
vn 1.000000 0.000001 -0.000000
vn 1.000000 0.000001 -0.000000
vn 0.998124 0.060585 -0.008825
vn 0.998124 0.060585 -0.008825
vn 0.997896 0.064767 -0.002971
vn 0.997954 0.063795 -0.004331
vn 0.000000 1.000000 0.000000
vn 0.000000 1.000000 0.000000
vn 0.000000 1.000000 0.000000
vn 0.000000 1.000000 0.000000
vn 0.000000 1.000000 0.000000
vn 0.000000 1.000000 0.000000
vn 0.000000 1.000000 0.000000
vn 0.000000 1.000000 0.000000
vn -0.003828 0.843224 0.537548
vn -0.003854 0.844313 0.535837
vn -0.001271 0.794505 0.607256
vn -0.001169 0.794650 0.607067
vn -0.042265 0.839917 0.541067
vn -0.042334 0.838840 0.542729
vn -0.035394 0.803858 0.593768
vn -0.035537 0.803851 0.593768
vn 0.000563 0.002354 0.999997
vn 0.000513 0.002142 0.999998
vn 0.003658 0.001067 0.999993
vn 0.003646 -0.000102 0.999993
vn -0.004200 0.858960 0.512025
vn -0.004200 0.858961 0.512025
vn -0.041483 0.851758 0.522290
vn -0.041483 0.851758 0.522290
vn -0.000000 0.000000 1.000000
vn -0.000000 0.000000 1.000000
vn 0.000000 0.000000 1.000000
vn 0.000000 0.000000 1.000000
vn 0.000000 0.000000 1.000000
vn 0.000000 0.000000 1.000000
vn -0.998263 -0.058733 -0.004579
vn -0.998263 -0.058733 -0.004579
vn -0.998263 -0.058733 -0.004579
vn -0.998263 -0.058733 -0.004579
vn -0.000505 -0.009132 -0.999958
vn -0.000505 -0.009132 -0.999958
vn -0.000505 -0.009132 -0.999958
vn -0.000505 -0.009132 -0.999958
vn 0.005353 -0.000507 -0.999986
vn 0.005214 0.000370 -0.999986
vn 0.005230 0.000274 -0.999986
vn 0.005353 -0.000507 -0.999986
vn 0.000183 0.003227 -0.999995
vn 0.000183 0.003227 -0.999995
vn 0.000183 0.003227 -0.999995
vn 0.000183 0.003227 -0.999995
vn 0.000124 0.002242 -0.999998
vn 0.000124 0.002242 -0.999998
vn 0.000124 0.002242 -0.999997
vn 0.000124 0.002242 -0.999998
vn -0.112794 -0.993618 0.000000
vn -0.112794 -0.993618 0.000000
vn -0.112794 -0.993618 0.000000
vn -0.112794 -0.993618 0.000000
vn 0.979116 -0.203303 -0.000002
vn 0.998677 0.051421 -0.000002
vn 0.998677 0.051421 -0.000002
vn 0.979116 -0.203303 -0.000002
vn 0.115944 0.993256 0.000001
vn 0.115944 0.993256 0.000001
vn 0.115944 0.993256 0.000001
vn 0.115944 0.993256 0.000001
vn 0.099186 0.995069 0.000000
vn 0.099186 0.995069 0.000000
vn 0.099186 0.995069 0.000000
vn 0.099186 0.995069 0.000000
vn -0.001615 0.795320 0.606188
vn -0.001615 0.795320 0.606188
vn 0.000000 0.793673 0.608345
vn 0.000000 0.793673 0.608345
vn 0.997850 0.065509 -0.001931
vn 0.997850 0.065509 -0.001931
vn 0.005109 0.001040 -0.999986
vn 0.005109 0.001040 -0.999986
vn 0.960502 0.278273 -0.000002
vn 0.960502 0.278273 -0.000002
vn 0.000000 0.000000 1.000000
vn 0.000000 0.000000 1.000000
vn 1.000000 0.000000 -0.000001
vn 1.000000 0.000000 -0.000001
vn 1.000000 0.000000 0.000000
vn 1.000000 0.000000 0.000001
vn 0.000000 0.767613 0.640913
vn 0.000000 0.767613 0.640913
vn 0.000000 0.767613 0.640913
vn 0.000000 0.767613 0.640913
vn -0.999995 -0.002885 0.001113
vn -0.999990 -0.004486 -0.000645
vn -0.999965 -0.007335 -0.004037
vn -0.999977 -0.006205 -0.002628
vn 1.000000 0.000000 0.000002
vn 1.000000 0.000000 0.000002
vn 0.000000 0.767613 0.640913
vn 0.000000 0.767613 0.640913
vn -0.999996 -0.001956 0.002132
vn -0.999996 -0.001956 0.002132
vn -0.995969 -0.083065 -0.033844
vn -0.995969 -0.083065 -0.033844
vn -0.995969 -0.083065 -0.033844
vn 0.003545 -0.009788 0.999946
vn 0.003545 -0.009788 0.999946
vn 0.997340 0.070069 -0.020087
vn 0.997340 0.070069 -0.020087
vn 0.997340 0.070069 -0.020087
vn 0.000001 1.000000 0.000000
vn 0.000001 1.000000 0.000000
vn 0.000002 0.000000 1.000000
vn 0.000002 0.000000 1.000000
vn 0.000002 0.000000 1.000000
vn 0.000002 0.000000 1.000000
vn 0.090408 0.000000 -0.995905
vn 0.090408 0.000000 -0.995905
vn -0.088464 0.000000 0.996079
vn -0.088464 0.000000 0.996079
vn -0.000000 0.000000 1.000000
vn -0.000000 0.000000 1.000000
vn 0.000107 -0.013351 0.999911
vn 0.000107 -0.013351 0.999911
vn 0.000107 -0.013351 0.999911
vn 0.000107 -0.013351 0.999911
vn -0.097606 -0.995225 0.000000
vn -0.097606 -0.995225 0.000000
vn -0.097606 -0.995225 0.000000
vn -0.097606 -0.995225 0.000000
vn 0.000002 0.000000 1.000000
vn 0.000002 0.000000 1.000000
vn 0.000000 0.000000 1.000000
vn 0.000000 0.000000 1.000000
vn -0.000000 1.000000 0.000000
vn 0.000000 1.000000 0.000000
vn 0.000000 1.000000 0.000000
vn -0.000000 1.000000 0.000000
vn 0.000000 1.000000 0.000000
vn 0.000000 1.000000 0.000000
vn 0.000000 1.000000 0.000000
vn 0.000000 1.000000 0.000000
vn 0.000000 0.000000 1.000000
vn 0.000000 0.000000 1.000000
vn 0.000000 0.000000 1.000000
vn 0.000000 0.000000 1.000000
vn 0.000000 1.000000 0.000000
vn 0.000000 1.000000 0.000000
vn 0.000000 1.000000 0.000000
vn 0.000000 1.000000 0.000000
vn -0.000619 0.795811 0.605544
vn 0.000000 0.793672 0.608346
vn 0.000000 0.793672 0.608346
vn -0.000663 0.795965 0.605342
vn 0.000000 1.000000 0.000000
vn 0.000000 1.000000 0.000000
vn 0.000000 1.000000 0.000000
vn 0.000000 1.000000 0.000000
vn 0.000000 1.000000 0.000000
vn 0.000000 1.000000 0.000000
vn 0.000000 1.000000 0.000000
vn 0.000000 1.000000 0.000000
vn 0.000000 0.000000 1.000000
vn 0.000000 0.000000 1.000000
vn 0.000000 0.000000 1.000000
vn 0.000000 0.000000 1.000000
vn 0.000000 0.000000 1.000000
vn 0.000000 1.000000 0.000000
vn 0.000000 1.000000 0.000000
vn 0.000000 1.000000 0.000000
vn 0.000000 1.000000 0.000000
vn 0.000000 1.000000 0.000000
vn 0.000000 1.000000 0.000000
vn 0.000000 1.000000 0.000000
vn 0.000000 1.000000 0.000000
vn -0.470419 -0.000000 -0.882443
vn -0.470419 -0.000000 -0.882443
vn -0.774207 -0.000000 -0.632932
vn -0.774207 -0.000000 -0.632932
vn 0.469897 0.000000 0.882721
vn 0.469897 0.000000 0.882721
vn 0.774207 0.000000 0.632932
vn 0.774207 0.000000 0.632932
vn -0.922415 0.000000 -0.386201
vn -0.922415 0.000000 -0.386201
vn 0.922415 0.000000 0.386201
vn 0.922415 0.000000 0.386201
vn -0.989680 0.000000 -0.143292
vn -0.989680 0.000000 -0.143292
vn -1.000000 0.000000 0.000000
vn -1.000000 0.000000 0.000000
vn 0.991006 0.000000 0.133814
vn 0.991006 0.000000 0.133814
vn 1.000000 0.000000 0.000000
vn 1.000000 0.000000 0.000000
vn 0.014652 0.801503 0.597811
vn 0.004750 0.796983 0.603983
vn 0.004812 0.797015 0.603940
vn 0.014753 0.801545 0.597752
vn 0.000000 0.767613 0.640914
vn 0.000000 0.912018 0.410150
vn 0.000000 0.912018 0.410150
vn 0.000000 0.767613 0.640914
vn 0.999941 -0.009162 -0.005843
vn 0.999540 -0.028534 -0.010261
vn 0.999404 -0.032730 -0.010982
vn 0.999923 -0.010367 -0.006776
vn -1.000000 0.000000 0.000000
vn -1.000000 0.000000 0.000000
vn -1.000000 0.000000 0.000000
vn -1.000000 0.000000 0.000000
vn 0.000000 0.941922 0.335832
vn 0.000000 0.941922 0.335832
vn 0.999350 -0.034257 -0.011244
vn 0.999350 -0.034257 -0.011244
vn 0.999350 -0.034257 -0.011244
vn -1.000000 0.000000 -0.000000
vn -1.000000 0.000000 -0.000000
vn -0.998124 0.060585 -0.008825
vn -0.997954 0.063795 -0.004331
vn -0.997896 0.064767 -0.002971
vn -0.998124 0.060585 -0.008825
vn 0.000000 1.000000 0.000000
vn 0.000000 1.000000 0.000000
vn 0.000000 1.000000 0.000000
vn 0.000000 1.000000 0.000000
vn 0.000000 1.000000 0.000000
vn 0.000000 1.000000 0.000000
vn 0.000000 1.000000 0.000000
vn 0.000000 1.000000 0.000000
vn 0.003828 0.843224 0.537548
vn 0.001169 0.794650 0.607067
vn 0.001271 0.794505 0.607257
vn 0.003854 0.844313 0.535837
vn 0.042265 0.839917 0.541067
vn 0.035537 0.803851 0.593768
vn 0.035394 0.803858 0.593768
vn 0.042334 0.838840 0.542729
vn -0.000563 0.002354 0.999997
vn -0.003646 -0.000102 0.999993
vn -0.003658 0.001067 0.999993
vn -0.000513 0.002142 0.999998
vn 0.004200 0.858961 0.512025
vn 0.004200 0.858960 0.512025
vn 0.041483 0.851758 0.522290
vn 0.041483 0.851758 0.522290
vn 0.000000 0.000000 1.000000
vn 0.000000 0.000000 1.000000
vn 0.000000 0.000000 1.000000
vn 0.000000 0.000000 1.000000
vn 0.000000 0.000000 1.000000
vn 0.000000 0.000000 1.000000
vn 0.998263 -0.058733 -0.004579
vn 0.998263 -0.058733 -0.004579
vn 0.998263 -0.058733 -0.004579
vn 0.998263 -0.058733 -0.004579
vn 0.000505 -0.009132 -0.999958
vn 0.000505 -0.009132 -0.999958
vn 0.000505 -0.009132 -0.999958
vn 0.000505 -0.009132 -0.999958
vn -0.005353 -0.000507 -0.999986
vn -0.005353 -0.000507 -0.999986
vn -0.005230 0.000274 -0.999986
vn -0.005214 0.000370 -0.999986
vn -0.000183 0.003227 -0.999995
vn -0.000183 0.003227 -0.999995
vn -0.000183 0.003227 -0.999995
vn -0.000183 0.003227 -0.999995
vn -0.000124 0.002242 -0.999997
vn -0.000124 0.002242 -0.999997
vn -0.000124 0.002242 -0.999997
vn -0.000124 0.002242 -0.999998
vn 0.112794 -0.993618 0.000000
vn 0.112794 -0.993618 0.000000
vn 0.112794 -0.993618 0.000000
vn 0.112794 -0.993618 0.000000
vn -0.979116 -0.203303 -0.000002
vn -0.979116 -0.203303 -0.000002
vn -0.998677 0.051421 -0.000002
vn -0.998677 0.051421 -0.000002
vn -0.115944 0.993256 0.000000
vn -0.115944 0.993256 0.000000
vn -0.115944 0.993256 0.000000
vn -0.115944 0.993256 0.000000
vn -0.099186 0.995069 0.000000
vn -0.099186 0.995069 0.000000
vn -0.099186 0.995069 0.000000
vn -0.099186 0.995069 0.000000
vn 0.001615 0.795320 0.606187
vn 0.001615 0.795320 0.606187
vn 0.000000 0.793673 0.608345
vn 0.000000 0.793673 0.608345
vn -0.997850 0.065509 -0.001931
vn -0.997850 0.065509 -0.001931
vn -0.005109 0.001040 -0.999986
vn -0.005109 0.001040 -0.999986
vn -0.960502 0.278273 -0.000002
vn -0.960502 0.278273 -0.000002
vn 0.000000 0.000000 1.000000
vn 0.000000 0.000000 1.000000
vn -1.000000 0.000000 -0.000001
vn -1.000000 0.000000 0.000000
vn -1.000000 0.000000 0.000000
vn -1.000000 0.000000 -0.000000
vn 0.000000 0.767614 0.640913
vn 0.000000 0.767613 0.640913
vn 0.000000 0.767613 0.640913
vn 0.000000 0.767614 0.640913
vn 0.999995 -0.002885 0.001113
vn 0.999977 -0.006205 -0.002628
vn 0.999965 -0.007336 -0.004037
vn 0.999990 -0.004486 -0.000645
vn -1.000000 0.000000 0.000001
vn -1.000000 0.000000 0.000001
vn 0.000000 0.767614 0.640913
vn 0.000000 0.767613 0.640913
vn 0.999996 -0.001956 0.002133
vn 0.999996 -0.001956 0.002133
vn 0.995969 -0.083066 -0.033844
vn 0.995969 -0.083066 -0.033844
vn 0.995969 -0.083066 -0.033844
vn -0.003545 -0.009788 0.999946
vn -0.003545 -0.009788 0.999946
vn -0.997340 0.070069 -0.020087
vn -0.997340 0.070069 -0.020087
vn -0.997340 0.070069 -0.020087
vn -0.000001 1.000000 0.000000
vn -0.000001 1.000000 0.000000
vn -0.000002 0.000000 1.000000
vn -0.000002 0.000000 1.000000
vn -0.000002 0.000000 1.000000
vn -0.000002 0.000000 1.000000
vn -0.090408 0.000000 -0.995905
vn -0.090408 0.000000 -0.995905
vn 0.088464 0.000000 0.996079
vn 0.088464 0.000000 0.996079
vn 0.000000 0.000000 1.000000
vn 0.000000 0.000000 1.000000
vn -0.000107 -0.013351 0.999911
vn -0.000107 -0.013351 0.999911
vn -0.000107 -0.013351 0.999911
vn -0.000107 -0.013351 0.999911
vn 0.097606 -0.995225 0.000000
vn 0.097606 -0.995225 0.000000
vn 0.097606 -0.995225 0.000000
vn 0.097606 -0.995225 0.000000
vn -0.000002 0.000000 1.000000
vn -0.000002 0.000000 1.000000
vn 0.000000 0.000000 1.000000
vn 0.000000 0.000000 1.000000
vn 0.000000 0.000000 -1.000000
vn 0.000000 0.000000 -1.000000
vn 0.000000 0.000000 -1.000000
vn 0.000000 0.000000 -1.000000
vn 0.008084 0.999967 0.000000
vn 0.008084 0.999967 0.000000
vn 0.036682 0.999327 0.000000
vn 0.036682 0.999327 0.000000
vn -0.000000 0.000000 1.000000
vn -0.000000 0.000000 1.000000
vn -0.000000 0.000000 1.000000
vn -0.000000 0.000000 1.000000
vn -0.008080 -0.999533 -0.029474
vn -0.008083 -0.999533 -0.029474
vn -0.022378 -0.999315 -0.029471
vn -0.022378 -0.999315 -0.029471
vn -0.999967 0.008085 0.000000
vn -0.999967 0.008085 0.000000
vn -0.999967 0.008085 0.000000
vn -0.999967 0.008085 0.000000
vn 0.999967 -0.008087 0.000000
vn 0.999967 -0.008087 0.000000
vn 0.999967 -0.008087 0.000000
vn 0.999967 -0.008087 0.000000
vn 0.011320 -0.999502 -0.029469
vn 0.011320 -0.999502 -0.029469
vn 0.000000 0.000000 1.000000
vn 0.000000 0.000000 1.000000
vn -0.030715 0.999528 0.000000
vn -0.030715 0.999528 0.000000
vn 0.000000 0.000000 -1.000000
vn 0.000000 0.000000 -1.000000
vn -0.000000 0.000000 -1.000000
vn 0.000000 0.000000 -1.000000
vn 0.000000 0.000000 -1.000000
vn -0.000000 0.000000 -1.000000
vn -0.008084 -0.999967 0.000000
vn 0.020521 -0.999789 0.000000
vn 0.020521 -0.999789 0.000000
vn -0.008084 -0.999967 0.000000
vn 0.000000 0.000000 1.000000
vn 0.000000 0.000000 1.000000
vn 0.000000 0.000000 1.000000
vn 0.000000 0.000000 1.000000
vn 0.008080 0.999533 -0.029475
vn -0.006219 0.999546 -0.029472
vn -0.006219 0.999546 -0.029472
vn 0.008077 0.999533 -0.029475
vn -0.999967 0.008085 0.000000
vn -0.999967 0.008085 0.000000
vn -0.999967 0.008085 0.000000
vn -0.999967 0.008085 0.000000
vn 0.999967 -0.008087 0.000000
vn 0.999967 -0.008087 0.000000
vn 0.999967 -0.008087 0.000000
vn 0.999967 -0.008087 0.000000
vn 0.027477 0.999188 -0.029468
vn 0.027477 0.999188 -0.029468
vn 0.000000 0.000000 1.000000
vn 0.000000 0.000000 1.000000
vn -0.046869 -0.998901 0.000000
vn -0.046869 -0.998901 0.000000
vn -0.000000 0.000000 -1.000000
vn -0.000000 0.000000 -1.000000
vn 0.000000 0.000000 1.000000
vn 0.000000 0.000000 1.000000
vn 0.000000 0.000000 1.000000
vn 0.000000 0.000000 1.000000
vn 0.000000 1.000000 0.000000
vn 0.000000 1.000000 0.000000
vn -0.028602 0.999591 0.000000
vn -0.028602 0.999591 0.000000
vn 0.000000 0.000000 -1.000000
vn 0.000000 0.000000 -1.000000
vn 0.000000 0.000000 -1.000000
vn 0.000000 0.000000 -1.000000
vn -0.000000 -0.999566 0.029475
vn 0.000003 -0.999566 0.029475
vn 0.014299 -0.999463 0.029471
vn 0.014299 -0.999463 0.029471
vn 1.000000 0.000000 0.000000
vn 1.000000 0.000000 0.000000
vn 1.000000 0.000000 0.000000
vn 1.000000 0.000000 0.000000
vn -1.000000 0.000000 0.000000
vn -1.000000 0.000000 0.000000
vn -1.000000 0.000000 0.000000
vn -1.000000 0.000000 0.000000
vn -0.019399 -0.999377 0.029469
vn -0.019399 -0.999377 0.029469
vn 0.000000 0.000000 -1.000000
vn 0.000000 0.000000 -1.000000
vn 0.038793 0.999247 0.000000
vn 0.038793 0.999247 0.000000
vn 0.000000 0.000000 1.000000
vn 0.000000 0.000000 1.000000
vn 0.000000 0.000000 -1.000000
vn 0.000000 0.000000 -1.000000
vn 0.000000 0.000000 -1.000000
vn 0.000000 0.000000 -1.000000
vn 0.008084 0.999967 0.000000
vn 0.008084 0.999967 0.000000
vn 0.036682 0.999327 0.000000
vn 0.036682 0.999327 0.000000
vn 0.000000 0.000000 1.000000
vn 0.000000 0.000000 1.000000
vn 0.000000 0.000000 1.000000
vn 0.000000 0.000000 1.000000
vn -0.008080 -0.999533 -0.029475
vn -0.008083 -0.999533 -0.029475
vn -0.022378 -0.999315 -0.029472
vn -0.022378 -0.999315 -0.029472
vn -0.999967 0.008085 0.000000
vn -0.999967 0.008085 0.000000
vn -0.999967 0.008085 0.000000
vn -0.999967 0.008085 0.000000
vn 0.999967 -0.008087 0.000000
vn 0.999967 -0.008087 0.000000
vn 0.999967 -0.008087 0.000000
vn 0.999967 -0.008087 0.000000
vn 0.011320 -0.999502 -0.029469
vn 0.011320 -0.999502 -0.029469
vn 0.000000 0.000000 1.000000
vn 0.000000 0.000000 1.000000
vn -0.030715 0.999528 0.000000
vn -0.030715 0.999528 0.000000
vn 0.000000 0.000000 -1.000000
vn 0.000000 0.000000 -1.000000
vn -0.000000 0.000000 1.000000
vn -0.000000 0.000000 1.000000
vn -0.000000 0.000000 1.000000
vn -0.000000 0.000000 1.000000
vn -0.008084 -0.999967 0.000000
vn -0.008084 -0.999967 0.000000
vn 0.020521 -0.999789 0.000000
vn 0.020521 -0.999789 0.000000
vn -0.000000 0.000000 -1.000000
vn -0.000000 0.000000 -1.000000
vn 0.000000 0.000000 -1.000000
vn 0.000000 0.000000 -1.000000
vn 0.008080 0.999533 0.029475
vn 0.008077 0.999533 0.029475
vn -0.006219 0.999546 0.029472
vn -0.006219 0.999546 0.029472
vn -0.999967 0.008085 0.000000
vn -0.999967 0.008085 0.000000
vn -0.999967 0.008085 0.000000
vn -0.999967 0.008085 0.000000
vn 0.999967 -0.008087 0.000000
vn 0.999967 -0.008087 0.000000
vn 0.999967 -0.008087 0.000000
vn 0.999967 -0.008087 0.000000
vn 0.027477 0.999188 0.029469
vn 0.027477 0.999188 0.029469
vn -0.000000 0.000000 -1.000000
vn -0.000000 0.000000 -1.000000
vn -0.046869 -0.998901 0.000000
vn -0.046869 -0.998901 0.000000
vn 0.000000 0.000000 1.000000
vn 0.000000 0.000000 1.000000
vn -0.000000 0.000000 -1.000000
vn -0.000000 0.000000 -1.000000
vn -0.000000 0.000000 -1.000000
vn -0.000000 0.000000 -1.000000
vn 0.008084 0.999967 0.000000
vn 0.008084 0.999967 0.000000
vn 0.036682 0.999327 0.000000
vn 0.036682 0.999327 0.000000
vn -0.000000 0.000000 1.000000
vn -0.000000 0.000000 1.000000
vn -0.000000 0.000000 1.000000
vn -0.000000 0.000000 1.000000
vn -0.008080 -0.999533 -0.029475
vn -0.008083 -0.999533 -0.029475
vn -0.022378 -0.999315 -0.029472
vn -0.022378 -0.999315 -0.029472
vn -0.999967 0.008085 0.000000
vn -0.999967 0.008085 0.000000
vn -0.999967 0.008085 0.000000
vn -0.999967 0.008085 0.000000
vn 0.999967 -0.008087 0.000000
vn 0.999967 -0.008087 0.000000
vn 0.999967 -0.008087 0.000000
vn 0.999967 -0.008087 0.000000
vn 0.011320 -0.999502 -0.029469
vn 0.011320 -0.999502 -0.029469
vn 0.000000 0.000000 1.000000
vn 0.000000 0.000000 1.000000
vn -0.030715 0.999528 0.000000
vn -0.030715 0.999528 0.000000
vn 0.000000 0.000000 -1.000000
vn 0.000000 0.000000 -1.000000
vn -0.000000 0.000000 1.000000
vn -0.000000 0.000000 1.000000
vn -0.000000 0.000000 1.000000
vn -0.000000 0.000000 1.000000
vn 0.240203 0.969972 -0.038176
vn 0.238618 0.970362 -0.038191
vn 0.450610 0.892030 -0.035108
vn 0.450610 0.892030 -0.035108
vn 1.000000 0.000000 0.000000
vn 1.000000 0.000000 0.000000
vn 1.000000 0.000000 0.000000
vn 1.000000 0.000000 0.000000
vn -1.000000 0.000000 0.000000
vn -1.000000 0.000000 0.000000
vn -1.000000 0.000000 0.000000
vn -1.000000 0.000000 0.000000
vn -0.437358 0.899287 0.000000
vn -0.437358 0.899287 0.000000
vn -0.240063 0.970757 0.000000
vn -0.240063 0.970757 0.000000
vn 0.000000 0.000000 1.000000
vn 0.000000 0.000000 1.000000
vn -0.000000 0.000000 1.000000
vn -0.000000 0.000000 1.000000
vn -0.620613 0.784117 0.000000
vn -0.620613 0.784117 0.000000
vn 0.000000 0.000000 1.000000
vn -0.000000 0.000000 1.000000
vn 0.000000 0.000000 1.000000
vn 0.000000 0.000000 1.000000
vn 0.646428 0.761661 -0.044760
vn 0.650641 0.758017 -0.045582
vn -0.000000 0.000000 1.000000
vn -0.000000 0.000000 1.000000
vn 0.054202 0.998306 -0.021171
vn 0.054202 0.998306 -0.021171
vn -0.705375 0.708834 0.000000
vn -0.705375 0.708834 0.000000
vn -0.000000 0.000000 1.000000
vn -0.000000 0.000000 1.000000
vn 0.000000 0.000000 1.000000
vn 0.000000 0.000000 1.000000
vn 0.710112 0.701737 -0.057489
vn 0.710112 0.701737 -0.057489
vn 0.693508 0.693530 0.195096
vn -0.000000 0.980785 0.195092
vn -0.000000 0.936792 0.349888
vn 0.662412 0.662411 0.349889
vn -0.693509 0.693531 0.195091
vn -0.662412 0.662412 0.349886
vn -0.980784 0.000007 0.195096
vn -0.936788 0.000002 0.349898
vn -0.693521 -0.693518 0.195092
vn -0.662404 -0.662411 0.349905
vn -0.000000 -0.980786 0.195085
vn 0.000000 -0.936790 0.349892
vn 0.693522 -0.693519 0.195086
vn 0.662405 -0.662411 0.349901
vn 0.980785 0.000007 0.195092
vn 0.936789 0.000002 0.349896
vn -0.000000 0.756265 0.654266
vn 0.534764 0.534761 0.654262
vn -0.534764 0.534762 0.654261
vn -0.756265 0.000014 0.654265
vn -0.534761 -0.534755 0.654269
vn 0.000000 -0.756260 0.654271
vn 0.534762 -0.534755 0.654268
vn 0.756265 0.000014 0.654266
vn 0.000000 0.496212 0.868202
vn 0.350887 0.350888 0.868191
vn -0.350890 0.350888 0.868190
vn -0.496228 0.000006 0.868192
vn -0.350886 -0.350884 0.868193
vn 0.000000 -0.496219 0.868198
vn 0.350887 -0.350884 0.868193
vn 0.496227 0.000005 0.868193
vn -0.000001 0.000005 1.000000
vn 0.693508 0.693529 0.195099
vn -0.000000 0.980783 0.195102
vn -0.000000 0.936790 0.349893
vn 0.662411 0.662411 0.349891
vn -0.693508 0.693530 0.195098
vn -0.662411 0.662412 0.349890
vn -0.980784 0.000007 0.195096
vn -0.936788 0.000002 0.349898
vn -0.693521 -0.693518 0.195092
vn -0.662404 -0.662410 0.349907
vn -0.000000 -0.980785 0.195092
vn -0.000000 -0.936787 0.349901
vn 0.693521 -0.693518 0.195094
vn 0.662403 -0.662410 0.349908
vn 0.980785 0.000007 0.195092
vn 0.936789 0.000002 0.349896
vn -0.000000 0.756266 0.654265
vn 0.534765 0.534762 0.654260
vn -0.534764 0.534763 0.654260
vn -0.756265 0.000014 0.654265
vn -0.534760 -0.534754 0.654270
vn -0.000000 -0.756256 0.654275
vn 0.534759 -0.534754 0.654271
vn 0.756265 0.000014 0.654265
vn 0.000000 0.496214 0.868200
vn 0.350890 0.350890 0.868189
vn -0.350890 0.350889 0.868189
vn -0.496228 0.000006 0.868192
vn -0.350886 -0.350884 0.868193
vn 0.000000 -0.496220 0.868197
vn 0.350886 -0.350883 0.868193
vn 0.496228 0.000005 0.868192
vn 0.000000 0.000005 1.000000
vn -0.000000 0.000000 -1.000000
vn -0.000000 0.000000 -1.000000
vn -0.000000 0.000000 -1.000000
vn -0.000000 0.000000 -1.000000
vn 0.008084 0.999967 0.000000
vn 0.008084 0.999967 0.000000
vn 0.036682 0.999327 0.000000
vn 0.036682 0.999327 0.000000
vn -0.000000 0.000000 1.000000
vn -0.000000 0.000000 1.000000
vn -0.000000 0.000000 1.000000
vn -0.000000 0.000000 1.000000
vn -0.008080 -0.999533 -0.029475
vn -0.008083 -0.999533 -0.029475
vn -0.022378 -0.999315 -0.029472
vn -0.022378 -0.999315 -0.029472
vn -0.999967 0.008087 0.000000
vn -0.999967 0.008087 0.000000
vn -0.999967 0.008087 0.000000
vn -0.999967 0.008087 0.000000
vn 0.999967 -0.008085 0.000000
vn 0.999967 -0.008085 0.000000
vn 0.999967 -0.008085 0.000000
vn 0.999967 -0.008085 0.000000
vn 0.011320 -0.999502 -0.029469
vn 0.011320 -0.999502 -0.029469
vn 0.000000 0.000000 1.000000
vn 0.000000 0.000000 1.000000
vn -0.030715 0.999528 0.000000
vn -0.030715 0.999528 0.000000
vn 0.000000 0.000000 -1.000000
vn 0.000000 0.000000 -1.000000
vn -0.000000 0.000000 1.000000
vn -0.000000 0.000000 1.000000
vn -0.000000 0.000000 1.000000
vn -0.000000 0.000000 1.000000
vn -0.008084 -0.999967 0.000000
vn -0.008084 -0.999967 0.000000
vn 0.020521 -0.999789 0.000000
vn 0.020521 -0.999789 0.000000
vn -0.000000 0.000000 -1.000000
vn -0.000000 0.000000 -1.000000
vn 0.000000 0.000000 -1.000000
vn 0.000000 0.000000 -1.000000
vn 0.008080 0.999533 0.029475
vn 0.008077 0.999533 0.029475
vn -0.006219 0.999546 0.029471
vn -0.006219 0.999546 0.029471
vn -0.999967 0.008087 0.000000
vn -0.999967 0.008087 0.000000
vn -0.999967 0.008087 0.000000
vn -0.999967 0.008087 0.000000
vn 0.999967 -0.008085 0.000000
vn 0.999967 -0.008085 0.000000
vn 0.999967 -0.008085 0.000000
vn 0.999967 -0.008085 0.000000
vn 0.027477 0.999188 0.029469
vn 0.027477 0.999188 0.029469
vn -0.000000 0.000000 -1.000000
vn -0.000000 0.000000 -1.000000
vn -0.046869 -0.998901 0.000000
vn -0.046869 -0.998901 0.000000
vn 0.000000 0.000000 1.000000
vn 0.000000 0.000000 1.000000
vn 0.000000 0.000000 -1.000000
vn 0.000000 0.000000 -1.000000
vn 0.000000 0.000000 -1.000000
vn 0.000000 0.000000 -1.000000
vn 0.008084 0.999967 0.000000
vn 0.008084 0.999967 0.000000
vn 0.036682 0.999327 0.000000
vn 0.036682 0.999327 0.000000
vn 0.000000 0.000000 1.000000
vn 0.000000 0.000000 1.000000
vn 0.000000 0.000000 1.000000
vn 0.000000 0.000000 1.000000
vn -0.008080 -0.999533 -0.029475
vn -0.008083 -0.999533 -0.029475
vn -0.022378 -0.999315 -0.029471
vn -0.022378 -0.999315 -0.029471
vn -0.999967 0.008087 0.000000
vn -0.999967 0.008087 0.000000
vn -0.999967 0.008087 0.000000
vn -0.999967 0.008087 0.000000
vn 0.999967 -0.008085 0.000000
vn 0.999967 -0.008085 0.000000
vn 0.999967 -0.008085 0.000000
vn 0.999967 -0.008085 0.000000
vn 0.011320 -0.999502 -0.029469
vn 0.011320 -0.999502 -0.029469
vn 0.000000 0.000000 1.000000
vn 0.000000 0.000000 1.000000
vn -0.030715 0.999528 0.000000
vn -0.030715 0.999528 0.000000
vn 0.000000 0.000000 -1.000000
vn 0.000000 0.000000 -1.000000
vn -0.000000 0.000000 -1.000000
vn 0.000000 0.000000 -1.000000
vn 0.000000 0.000000 -1.000000
vn -0.000000 0.000000 -1.000000
vn -0.008084 -0.999967 0.000000
vn 0.020521 -0.999789 0.000000
vn 0.020521 -0.999789 0.000000
vn -0.008084 -0.999967 0.000000
vn 0.000000 0.000000 1.000000
vn 0.000000 0.000000 1.000000
vn 0.000000 0.000000 1.000000
vn 0.000000 0.000000 1.000000
vn 0.008080 0.999533 -0.029474
vn -0.006219 0.999546 -0.029471
vn -0.006219 0.999546 -0.029471
vn 0.008077 0.999533 -0.029474
vn -0.999967 0.008087 0.000000
vn -0.999967 0.008087 0.000000
vn -0.999967 0.008087 0.000000
vn -0.999967 0.008087 0.000000
vn 0.999967 -0.008085 0.000000
vn 0.999967 -0.008085 0.000000
vn 0.999967 -0.008085 0.000000
vn 0.999967 -0.008085 0.000000
vn 0.027477 0.999188 -0.029468
vn 0.027477 0.999188 -0.029468
vn 0.000000 0.000000 1.000000
vn 0.000000 0.000000 1.000000
vn -0.046869 -0.998901 0.000000
vn -0.046869 -0.998901 0.000000
vn -0.000000 0.000000 -1.000000
vn -0.000000 0.000000 -1.000000
vn 0.000000 0.000000 1.000000
vn 0.000000 0.000000 1.000000
vn 0.000000 0.000000 1.000000
vn 0.000000 0.000000 1.000000
vn 0.000000 1.000000 0.000000
vn 0.000000 1.000000 0.000000
vn -0.028602 0.999591 0.000000
vn -0.028602 0.999591 0.000000
vn 0.000000 0.000000 -1.000000
vn 0.000000 0.000000 -1.000000
vn 0.000000 0.000000 -1.000000
vn 0.000000 0.000000 -1.000000
vn 0.000000 -0.999566 0.029474
vn 0.000003 -0.999566 0.029474
vn 0.014299 -0.999463 0.029471
vn 0.014299 -0.999463 0.029471
vn 1.000000 0.000000 0.000000
vn 1.000000 0.000000 0.000000
vn 1.000000 0.000000 0.000000
vn 1.000000 0.000000 0.000000
vn -1.000000 0.000000 0.000000
vn -1.000000 0.000000 0.000000
vn -1.000000 0.000000 0.000000
vn -1.000000 0.000000 0.000000
vn -0.019399 -0.999377 0.029468
vn -0.019399 -0.999377 0.029468
vn 0.000000 0.000000 -1.000000
vn 0.000000 0.000000 -1.000000
vn 0.038793 0.999247 0.000000
vn 0.038793 0.999247 0.000000
vn 0.000000 0.000000 1.000000
vn 0.000000 0.000000 1.000000
vn 0.000000 0.000000 -1.000000
vn 0.000000 0.000000 -1.000000
vn 0.000000 0.000000 -1.000000
vn 0.000000 0.000000 -1.000000
vn 0.008084 0.999967 0.000000
vn 0.008084 0.999967 0.000000
vn 0.036682 0.999327 0.000000
vn 0.036682 0.999327 0.000000
vn -0.000000 0.000000 1.000000
vn -0.000000 0.000000 1.000000
vn -0.000000 0.000000 1.000000
vn -0.000000 0.000000 1.000000
vn -0.008080 -0.999533 -0.029474
vn -0.008083 -0.999533 -0.029474
vn -0.022378 -0.999315 -0.029471
vn -0.022378 -0.999315 -0.029471
vn -0.999967 0.008087 0.000000
vn -0.999967 0.008087 0.000000
vn -0.999967 0.008087 0.000000
vn -0.999967 0.008087 0.000000
vn 0.999967 -0.008085 0.000000
vn 0.999967 -0.008085 0.000000
vn 0.999967 -0.008085 0.000000
vn 0.999967 -0.008085 0.000000
vn 0.011320 -0.999502 -0.029469
vn 0.011320 -0.999502 -0.029469
vn 0.000000 0.000000 1.000000
vn 0.000000 0.000000 1.000000
vn -0.030715 0.999528 0.000000
vn -0.030715 0.999528 0.000000
vn 0.000000 0.000000 -1.000000
vn 0.000000 0.000000 -1.000000
vn 0.000000 0.000000 1.000000
vn 0.000000 0.000000 1.000000
vn -0.000000 0.000000 1.000000
vn -0.000000 0.000000 1.000000
vn 0.000000 1.000000 0.000000
vn 0.000000 1.000000 0.000000
vn -0.028601 0.999591 0.000000
vn -0.028601 0.999591 0.000000
vn 0.000000 0.000000 -1.000000
vn 0.000000 0.000000 -1.000000
vn 0.000000 0.000000 -1.000000
vn 0.000000 0.000000 -1.000000
vn 0.000000 -0.999566 0.029475
vn 0.000003 -0.999566 0.029475
vn 0.014299 -0.999463 0.029471
vn 0.014299 -0.999463 0.029471
vn 1.000000 0.000000 0.000000
vn 1.000000 0.000000 0.000000
vn 1.000000 0.000000 0.000000
vn 1.000000 0.000000 0.000000
vn -1.000000 0.000000 0.000000
vn -1.000000 0.000000 0.000000
vn -1.000000 0.000000 0.000000
vn -1.000000 0.000000 0.000000
vn -0.019400 -0.999377 0.029469
vn -0.019400 -0.999377 0.029469
vn 0.000000 0.000000 -1.000000
vn 0.000000 0.000000 -1.000000
vn 0.038792 0.999247 0.000000
vn 0.038792 0.999247 0.000000
vn 0.000000 0.000000 1.000000
vn 0.000000 0.000000 1.000000
vn 0.000000 0.000000 1.000000
vn 0.000000 0.000000 1.000000
vn 0.000000 0.000000 1.000000
vn 0.000000 0.000000 1.000000
vn -0.008084 -0.999967 0.000000
vn -0.008084 -0.999967 0.000000
vn 0.020521 -0.999789 0.000000
vn 0.020521 -0.999789 0.000000
vn 0.000000 0.000000 -1.000000
vn 0.000000 0.000000 -1.000000
vn -0.000000 0.000000 -1.000000
vn -0.000000 0.000000 -1.000000
vn 0.008080 0.999533 0.029474
vn 0.008077 0.999533 0.029474
vn -0.006219 0.999546 0.029471
vn -0.006219 0.999546 0.029471
vn -0.999967 0.008087 0.000000
vn -0.999967 0.008087 0.000000
vn -0.999967 0.008087 0.000000
vn -0.999967 0.008087 0.000000
vn 0.999967 -0.008085 0.000000
vn 0.999967 -0.008085 0.000000
vn 0.999967 -0.008085 0.000000
vn 0.999967 -0.008085 0.000000
vn 0.027477 0.999188 0.029468
vn 0.027477 0.999188 0.029468
vn 0.000000 0.000000 -1.000000
vn 0.000000 0.000000 -1.000000
vn -0.046869 -0.998901 0.000000
vn -0.046869 -0.998901 0.000000
vn 0.000000 0.000000 1.000000
vn 0.000000 0.000000 1.000000
vn -0.000000 0.000000 -1.000000
vn 0.000000 0.000000 -1.000000
vn 0.000000 0.000000 -1.000000
vn -0.000000 0.000000 -1.000000
vn -0.008084 -0.999967 0.000000
vn 0.020521 -0.999789 0.000000
vn 0.020521 -0.999789 0.000000
vn -0.008084 -0.999967 0.000000
vn -0.000000 0.000000 1.000000
vn -0.000000 0.000000 1.000000
vn -0.000000 0.000000 1.000000
vn -0.000000 0.000000 1.000000
vn 0.008080 0.999533 -0.029475
vn -0.006219 0.999546 -0.029471
vn -0.006219 0.999546 -0.029471
vn 0.008077 0.999533 -0.029475
vn -0.999967 0.008086 0.000000
vn -0.999967 0.008086 0.000000
vn -0.999967 0.008086 0.000000
vn -0.999967 0.008086 0.000000
vn 0.999967 -0.008085 0.000000
vn 0.999967 -0.008085 0.000000
vn 0.999967 -0.008085 0.000000
vn 0.999967 -0.008085 0.000000
vn 0.027477 0.999188 -0.029469
vn 0.027477 0.999188 -0.029469
vn -0.000000 0.000000 1.000000
vn -0.000000 0.000000 1.000000
vn -0.046869 -0.998901 0.000000
vn -0.046869 -0.998901 0.000000
vn -0.000000 0.000000 -1.000000
vn -0.000000 0.000000 -1.000000
s 1
g group3 group2 pCube85
usemtl lambert2SG
f 1046/1815/2202 1047/1816/2203 1076/1817/2204 1077/1818/2205
s off
f 1042/1857/2206 1043/1858/2207 1045/1859/2208 1044/1860/2209
s 2
f 1074/1835/2210 1075/1836/2211 1048/1837/2212 1049/1838/2213
s 3
f 1075/1793/2214 1076/1794/2215 1047/1795/2216 1048/1796/2217
s 1
f 1062/1823/2218 1063/1824/2219 1059/1820/2220 1060/1819/2221
s 3
f 1058/1800/2222 1059/1799/2223 1063/1801/2224 1064/1802/2225
s 2
f 1061/1842/2226 1058/1841/2227 1064/1843/2228 1065/1844/2229
s 1
f 1054/1829/2230 1055/1830/2231 1067/1828/2232 1068/1827/2233
s 3
f 1066/1806/2234 1067/1805/2235 1055/1807/2236 1056/1808/2237
s 2
f 1069/1848/2238 1066/1847/2239 1056/1849/2240 1057/1850/2241
s 1
f 1070/1831/2242 1071/1832/2243 1055/1830/2231 1054/1829/2230
s 3
f 1056/1808/2237 1055/1807/2236 1071/1809/2244 1072/1810/2245
s 2
f 1057/1850/2241 1056/1849/2240 1072/1851/2246 1073/1852/2247
s 3
f 1048/1796/2217 1047/1795/2216 1059/1799/2223 1058/1800/2222
s 1
f 1060/1819/2221 1059/1820/2220 1047/1816/2203 1046/1815/2202
s 2
f 1049/1838/2213 1048/1837/2212 1058/1841/2227 1061/1842/2226
s 1
f 1050/1825/2248 1051/1826/2249 1063/1824/2219 1062/1823/2218
s 3
f 1063/1801/2224 1051/1803/2250 1052/1804/2251 1064/1802/2225
s 2
f 1065/1844/2229 1064/1843/2228 1052/1845/2252 1053/1846/2253
s 3
f 1052/1804/2251 1051/1803/2250 1067/1805/2235 1066/1806/2234
s 1
f 1068/1827/2233 1067/1828/2232 1051/1826/2249 1050/1825/2248
s 2
f 1053/1846/2253 1052/1845/2252 1066/1847/2239 1069/1848/2238
s 1
f 1040/1833/2254 1041/1834/2255 1071/1832/2243 1070/1831/2242
s 3
f 1071/1855/2244 1041/1856/2256 1039/1853/2257 1072/1851/2245
s 2
f 1073/1852/2247 1072/1851/2246 1039/1853/2258 1038/1854/2259
f 1044/1839/2260 1045/1840/2261 1075/1836/2211 1074/1835/2210
s 3
f 1043/1797/2262 1076/1794/2215 1075/1793/2214 1045/1798/2263
s 1
f 1077/1818/2205 1076/1817/2204 1043/1821/2264 1042/1822/2265
s off
f 1044/1811/2266 1074/1812/2267 1077/1813/2268 1042/1814/2269
s 8
f 1086/1861/2270 1117/1864/2271 1116/1863/2272 1087/1862/2273
s off
f 1082/1865/2274 1084/1868/2275 1085/1867/2276 1083/1866/2277
s 9
f 1114/1869/2278 1089/1872/2279 1088/1871/2280 1115/1870/2281
s 10
f 1115/1873/2282 1088/1876/2283 1087/1875/2284 1116/1874/2285
s 8
f 1102/1877/2286 1100/1880/2287 1099/1879/2288 1103/1878/2289
s 10
f 1098/1881/2290 1104/1884/2291 1103/1883/2292 1099/1882/2293
s 9
f 1101/1885/2294 1105/1888/2295 1104/1887/2296 1098/1886/2297
s 8
f 1094/1889/2298 1108/1892/2299 1107/1891/2300 1095/1890/2301
s 10
f 1106/1893/2302 1096/1896/2303 1095/1895/2304 1107/1894/2305
s 9
f 1109/1897/2306 1097/1900/2307 1096/1899/2308 1106/1898/2309
s 8
f 1110/1901/2310 1094/1889/2298 1095/1890/2301 1111/1902/2311
s 10
f 1096/1896/2303 1112/1904/2312 1111/1903/2313 1095/1895/2304
s 9
f 1097/1900/2307 1113/1906/2314 1112/1905/2315 1096/1899/2308
s 10
f 1088/1876/2283 1098/1881/2290 1099/1882/2293 1087/1875/2284
s 8
f 1100/1880/2287 1086/1861/2270 1087/1862/2273 1099/1879/2288
s 9
f 1089/1872/2279 1101/1885/2294 1098/1886/2297 1088/1871/2280
s 8
f 1090/1907/2316 1102/1877/2286 1103/1878/2289 1091/1908/2317
s 10
f 1103/1883/2292 1104/1884/2291 1092/1910/2318 1091/1909/2319
s 9
f 1105/1888/2295 1093/1912/2320 1092/1911/2321 1104/1887/2296
s 10
f 1092/1910/2318 1106/1893/2302 1107/1894/2305 1091/1909/2319
s 8
f 1108/1892/2299 1090/1907/2316 1091/1908/2317 1107/1891/2300
s 9
f 1093/1912/2320 1109/1897/2306 1106/1898/2309 1092/1911/2321
s 8
f 1080/1913/2322 1110/1901/2310 1111/1902/2311 1081/1914/2323
s 10
f 1111/1915/2313 1112/1905/2312 1079/1917/2324 1081/1916/2325
s 9
f 1113/1906/2314 1078/1918/2326 1079/1917/2327 1112/1905/2315
f 1084/1919/2328 1114/1869/2278 1115/1870/2281 1085/1920/2329
s 10
f 1083/1921/2330 1085/1922/2331 1115/1873/2282 1116/1874/2285
s 8
f 1117/1864/2271 1082/1924/2332 1083/1923/2333 1116/1863/2272
s off
f 1084/1925/2334 1082/1928/2335 1117/1927/2336 1114/1926/2337
f 1118/1929/2338 1119/1930/2339 1121/1931/2340 1120/1932/2341
s 16
f 1126/1933/2342 1127/1934/2343 1123/1935/2344 1122/1936/2345
s off
f 1190/1937/2346 1191/1938/2347 1192/1939/2348 1193/1940/2349
s 17
f 1124/1941/2350 1125/1942/2351 1128/1943/2352 1129/1944/2353
s 18
f 1127/1945/2354 1128/1946/2355 1125/1947/2356 1123/1948/2357
s 19
f 1124/1949/2358 1129/1950/2359 1126/1951/2360 1122/1952/2361
s 16
f 1130/1953/2362 1131/1954/2363 1127/1934/2343 1126/1933/2342
s 18
f 1131/1955/2364 1132/1956/2365 1128/1946/2355 1127/1945/2354
s 17
f 1129/1944/2353 1128/1943/2352 1132/1957/2366 1133/1958/2367
s 19
f 1126/1951/2360 1129/1950/2359 1133/1959/2368 1130/1960/2369
s 16
f 1134/1961/2370 1135/1962/2371 1131/1954/2363 1130/1953/2362
s 18
f 1135/1963/2372 1136/1964/2373 1132/1956/2365 1131/1955/2364
s 17
f 1133/1958/2367 1132/1957/2366 1136/1965/2374 1137/1966/2375
s 19
f 1130/1960/2369 1133/1959/2368 1137/1967/2376 1134/1968/2377
s 16
f 1120/1969/2378 1121/1970/2379 1135/1962/2371 1134/1961/2370
s 18
f 1119/1971/2380 1136/1964/2373 1135/1963/2372 1121/1972/2381
s 17
f 1137/1966/2375 1136/1965/2374 1119/1973/2382 1118/1974/2383
s 19
f 1134/1968/2377 1137/1967/2376 1118/1975/2384 1120/1976/2385
s 20
f 1122/1936/2386 1123/1935/2387 1139/1977/2388 1138/1978/2389
s 21
f 1123/1948/2390 1125/1947/2391 1140/1979/2392 1139/1980/2393
s 22
f 1125/1942/2394 1124/1941/2395 1141/1981/2396 1140/1982/2397
s 23
f 1124/1949/2398 1122/1952/2399 1138/1983/2400 1141/1984/2401
s 20
f 1138/1978/2389 1139/1977/2388 1143/1985/2402 1142/1986/2403
s 21
f 1139/1980/2393 1140/1979/2392 1144/1987/2404 1143/1988/2405
s 22
f 1140/1982/2397 1141/1981/2396 1145/1989/2406 1144/1990/2407
s 23
f 1141/1984/2401 1138/1983/2400 1142/1991/2408 1145/1992/2409
s off
f 1142/1986/2410 1143/1985/2411 1147/1993/2412 1146/1994/2413
f 1143/1988/2414 1144/1987/2415 1148/1995/2416 1147/1996/2417
f 1144/1990/2418 1145/1989/2419 1149/1997/2420 1148/1998/2421
s 23
f 1145/1992/2409 1142/1991/2408 1146/1999/2422 1149/2000/2423
s off
f 1146/1994/2424 1147/1993/2425 1151/2001/2426 1150/2002/2427
f 1147/1996/2428 1148/1995/2429 1152/2003/2430 1151/2004/2431
f 1148/1998/2432 1149/1997/2433 1153/2005/2434 1152/2006/2435
s 23
f 1149/2000/2423 1146/1999/2422 1150/2007/2436 1153/2008/2437
s 24
f 1162/2009/2438 1163/2010/2439 1155/2011/2440 1154/2012/2441
s 25
f 1163/2013/2442 1164/2014/2443 1156/2015/2444 1155/2016/2445
s 26
f 1164/2017/2446 1165/2018/2447 1157/2019/2448 1156/2020/2449
s 23
f 1165/2021/2450 1162/2022/2451 1154/2023/2452 1157/2024/2453
s off
f 1154/2012/2454 1155/2011/2455 1159/2025/2456 1158/2026/2457
f 1155/2027/2458 1156/2028/2459 1160/2029/2460 1159/2030/2461
f 1156/2020/2462 1157/2019/2463 1161/2031/2464 1160/2032/2465
s 23
f 1157/2033/2453 1154/2034/2452 1158/2035/2466 1161/2036/2467
s 24
f 1150/2002/2468 1151/2001/2469 1163/2010/2439 1162/2009/2438
s 25
f 1151/2037/2470 1152/2038/2471 1164/2014/2443 1163/2013/2442
s 26
f 1152/2006/2472 1153/2005/2473 1165/2018/2447 1164/2017/2446
s 23
f 1153/2039/2437 1150/2040/2436 1162/2022/2451 1165/2021/2450
s off
f 1158/2026/2474 1159/2025/2475 1167/2041/2476 1166/2042/2477
f 1159/2030/2478 1160/2029/2479 1168/2043/2480 1167/2044/2481
f 1160/2032/2482 1161/2031/2483 1169/2045/2484 1168/2046/2485
s 23
f 1161/2036/2467 1158/2035/2466 1166/2047/2486 1169/2048/2487
s off
f 1166/2042/2488 1167/2041/2489 1171/2049/2490 1170/2050/2491
f 1167/2044/2492 1168/2043/2493 1172/2051/2494 1171/2052/2495
f 1168/2046/2496 1169/2045/2497 1173/2053/2498 1172/2054/2499
s 23
f 1169/2048/2487 1166/2047/2486 1170/2055/2500 1173/2056/2501
s off
f 1170/2050/2502 1171/2049/2503 1175/2057/2504 1174/2058/2505
f 1171/2052/2506 1172/2051/2507 1176/2059/2508 1175/2060/2509
f 1172/2054/2510 1173/2053/2511 1177/2061/2512 1176/2062/2513
s 23
f 1173/2056/2501 1170/2055/2500 1174/2063/2514 1177/2064/2515
s 27
f 1174/2058/2516 1175/2057/2517 1179/2065/2518 1178/2066/2519
s off
f 1175/2060/2520 1176/2059/2521 1180/2067/2522 1179/2068/2523
f 1176/2062/2524 1177/2061/2525 1181/2069/2526 1180/2070/2527
f 1177/2064/2528 1174/2063/2529 1178/2071/2530 1181/2072/2531
s 27
f 1178/2066/2519 1179/2065/2518 1183/2073/2532 1182/2074/2533
s off
f 1179/2068/2534 1180/2067/2535 1184/2075/2536 1183/2076/2537
f 1180/2070/2538 1181/2069/2539 1185/2077/2540 1184/2078/2541
f 1181/2072/2542 1178/2071/2543 1182/2079/2544 1185/2080/2545
s 27
f 1182/2074/2533 1183/2073/2532 1187/2081/2546 1186/2082/2547
s off
f 1183/2076/2548 1184/2075/2549 1188/2083/2550 1187/2084/2551
f 1184/2078/2552 1185/2077/2553 1189/2085/2554 1188/2086/2555
f 1185/2080/2556 1182/2079/2557 1186/2087/2558 1189/2088/2559
s 27
f 1186/2082/2547 1187/2081/2546 1191/2089/2560 1190/2090/2561
s off
f 1187/2084/2562 1188/2083/2563 1192/2091/2564 1191/2092/2565
f 1188/2086/2566 1189/2085/2567 1193/2093/2568 1192/2094/2569
f 1189/2088/2570 1186/2087/2571 1190/2095/2572 1193/2096/2573
s 28
f 1205/2097/2574 1197/2098/2575 1195/2099/2576 1202/2100/2577
s 29
f 1204/2101/2578 1199/2102/2579 1197/2098/2580 1205/2097/2581
s 30
f 1203/2103/2582 1201/2104/2583 1199/2102/2584 1204/2101/2585
s 31
f 1202/2105/2586 1195/2106/2587 1201/2104/2588 1203/2103/2589
s off
f 1195/2106/2590 1197/2107/2591 1199/2108/2592 1201/2104/2593
f 1200/2109/2594 1198/2110/2595 1196/2111/2596 1194/2112/2597
s 31
f 1200/2109/2598 1194/2112/2599 1202/2105/2586 1203/2103/2589
s 30
f 1198/2113/2600 1200/2109/2601 1203/2103/2582 1204/2101/2585
s 29
f 1196/2114/2602 1198/2113/2603 1204/2101/2578 1205/2097/2581
s 28
f 1194/2115/2604 1196/2114/2605 1205/2097/2574 1202/2100/2577
s 32
f 1217/2116/2606 1214/2117/2607 1207/2118/2608 1209/2119/2609
s 33
f 1216/2120/2610 1217/2116/2611 1209/2119/2612 1211/2121/2613
s 34
f 1215/2122/2614 1216/2120/2615 1211/2121/2616 1213/2123/2617
s 35
f 1214/2124/2618 1215/2122/2619 1213/2123/2620 1207/2125/2621
s off
f 1207/2125/2622 1213/2123/2623 1211/2126/2624 1209/2127/2625
f 1212/2128/2626 1206/2129/2627 1208/2130/2628 1210/2131/2629
s 35
f 1212/2128/2630 1215/2122/2619 1214/2124/2618 1206/2129/2631
s 34
f 1210/2132/2632 1216/2120/2615 1215/2122/2614 1212/2128/2633
s 33
f 1208/2133/2634 1217/2116/2611 1216/2120/2610 1210/2132/2635
s 32
f 1206/2134/2636 1214/2117/2607 1217/2116/2606 1208/2133/2637
s 36
f 1229/2135/2638 1226/2136/2639 1219/2137/2640 1221/2138/2641
s 37
f 1228/2139/2642 1229/2135/2643 1221/2138/2644 1223/2140/2645
s 38
f 1227/2141/2646 1228/2139/2647 1223/2140/2648 1225/2142/2649
s 39
f 1226/2143/2650 1227/2141/2651 1225/2142/2652 1219/2144/2653
s off
f 1219/2144/2654 1225/2142/2655 1223/2145/2656 1221/2146/2657
f 1224/2147/2658 1218/2148/2659 1220/2149/2660 1222/2150/2661
s 39
f 1224/2147/2662 1227/2141/2651 1226/2143/2650 1218/2148/2663
s 38
f 1222/2151/2664 1228/2139/2647 1227/2141/2646 1224/2147/2665
s 37
f 1220/2152/2666 1229/2135/2643 1228/2139/2642 1222/2151/2667
s 36
f 1218/2153/2668 1226/2136/2639 1229/2135/2638 1220/2152/2669
s 40
f 1237/2154/2670 1238/2155/2671 1239/2156/2672 1240/2157/2673
f 1240/2157/2673 1239/2156/2672 1241/2158/2674 1242/2159/2675
f 1242/2159/2675 1241/2158/2674 1243/2160/2676 1244/2161/2677
s 41
f 1282/2162/2678 1283/2163/2679 1291/2164/2680 1292/2165/2681
s off
f 1246/2166/2682 1245/2167/2683 1247/2168/2684 1248/2169/2685
s 42
f 1269/2170/2686 1270/2171/2687 1287/2172/2688 1288/2173/2689
s off
f 1249/2174/2690 1246/2166/2691 1248/2169/2692 1250/2175/2693
f 1245/2167/2694 1309/2176/2695 1310/2177/2696 1247/2168/2697
f 1263/2178/2698 1264/2179/2699 1260/2180/2700 1261/2181/2701 1262/2182/2702
f 1251/2183/2703 1252/2184/2704 1253/2185/2705 1254/2186/2706
f 1252/2184/2707 1249/2174/2708 1250/2175/2709 1253/2185/2710
s 43
f 1245/2187/2711 1246/2188/2712 1233/2189/2713 1234/2190/2714
s 44
f 1237/2191/2715 1240/2192/2716 1248/2193/2717 1247/2194/2718
s 43
f 1246/2188/2712 1249/2195/2719 1236/2196/2720 1233/2189/2713
s 44
f 1240/2192/2716 1242/2197/2721 1250/2198/2722 1248/2193/2717
s 43
f 1252/2199/2723 1251/2200/2724 1230/2201/2725 1231/2202/2726
s 44
f 1244/2203/2727 1243/2204/2728 1254/2205/2729 1253/2206/2730
s 43
f 1249/2195/2719 1252/2199/2723 1231/2202/2726 1236/2196/2720
s 44
f 1242/2197/2721 1244/2203/2727 1253/2206/2730 1250/2198/2722
s 45
f 1270/2171/2731 1271/2207/2732 1286/2208/2733 1287/2172/2734
s 46
f 1302/2209/2735 1303/2210/2736 1259/2211/2737 1258/2212/2738
s 47
f 1303/2213/2739 1304/2214/2740 1257/2215/2741 1259/2216/2742
s 48
f 1258/2217/2743 1256/2218/2744 1301/2219/2745 1302/2220/2746
s 46
f 1258/2212/2738 1259/2211/2737 1264/2221/2747 1263/2222/2748
s 47
f 1264/2223/2749 1259/2216/2742 1257/2215/2741 1255/2224/2750 1260/2225/2751
s 48
f 1263/2226/2752 1262/2227/2753 1256/2218/2744 1258/2217/2743
s 49
f 1273/2228/2754 1269/2229/2755 1288/2230/2756 1289/2231/2757
s off
f 1239/2156/2758 1238/2155/2759 1268/2232/2760 1267/2233/2761
f 1238/2155/2762 1307/2234/2763 1312/2235/2764 1268/2232/2765
s 42
f 1274/2236/2766 1275/2237/2767 1305/2238/2768 1299/2239/2769
s 45
f 1275/2237/2770 1257/2240/2771 1304/2241/2772 1305/2238/2773
s 52
f 1276/2242/2774 1277/2243/2775 1299/2244/2776 1300/2245/2777
s 42
f 1275/2237/2767 1274/2236/2766 1232/2246/2778 1235/2247/2779
s 45
f 1255/2248/2780 1257/2240/2771 1275/2237/2770 1235/2247/2781
s 53
f 1276/2242/2782 1314/2249/2783 1311/2250/2784 1265/2251/2785
s 52
f 1277/2243/2775 1276/2242/2774 1265/2251/2786 1266/2252/2787
s off
f 1232/2253/2788 1274/2254/2789 1277/2255/2790 1266/2256/2791
f 1272/2257/2792 1273/2258/2793 1279/2259/2794 1278/2260/2795
s 54
f 1273/2258/2796 1289/2261/2797 1290/2262/2798 1279/2259/2799
s off
f 1267/2263/2800 1268/2264/2801 1281/2265/2802 1280/2266/2803
f 1268/2264/2804 1312/2267/2805 1316/2268/2806 1281/2265/2807
f 1278/2269/2808 1279/2270/2809 1283/2271/2810 1282/2272/2811
s 55
f 1279/2273/2812 1290/2274/2813 1291/2275/2814 1283/2276/2815
s off
f 1280/2277/2816 1281/2278/2817 1285/2279/2818 1284/2280/2819
f 1281/2278/2820 1316/2281/2821 1318/2282/2822 1285/2279/2823
s 45
f 1287/2172/2734 1286/2208/2733 1243/2160/2824 1241/2158/2825
s 42
f 1288/2173/2689 1287/2172/2688 1241/2158/2826 1239/2156/2827
s 49
f 1289/2231/2757 1288/2230/2756 1239/2283/2828 1267/2284/2829
s 54
f 1290/2262/2798 1289/2261/2797 1267/2263/2830 1280/2266/2831
s 55
f 1291/2275/2814 1290/2274/2813 1280/2285/2832 1284/2286/2833
s 41
f 1292/2165/2681 1291/2164/2680 1284/2287/2834 1285/2288/2835
s 48
f 1294/2289/2836 1293/2290/2837 1296/2291/2838 1297/2292/2839
s 46
f 1297/2293/2840 1298/2294/2841 1295/2295/2842 1294/2296/2843
s 47
f 1298/2297/2844 1286/2298/2845 1271/2299/2846 1295/2300/2847
s 48
f 1296/2291/2838 1230/2201/2848 1251/2200/2849 1297/2292/2839
s 46
f 1251/2183/2850 1254/2186/2851 1298/2294/2841 1297/2293/2840
s 47
f 1254/2205/2852 1243/2204/2853 1286/2298/2845 1298/2297/2844
s off
f 1277/2255/2854 1274/2254/2855 1299/2301/2856
s 52
f 1300/2245/2777 1299/2244/2776 1273/2302/2857 1272/2303/2858
s 48
f 1301/2219/2745 1293/2290/2837 1294/2289/2836 1302/2220/2746
s 46
f 1294/2296/2843 1295/2295/2842 1303/2210/2736 1302/2209/2735
s 47
f 1295/2300/2847 1271/2299/2846 1304/2214/2740 1303/2213/2739
s 45
f 1305/2238/2773 1304/2241/2772 1271/2207/2732 1270/2171/2731
s 42
f 1299/2239/2769 1305/2238/2768 1270/2171/2687 1269/2170/2686
s off
f 1269/2229/2859 1273/2228/2860 1299/2304/2861
s 40
f 1308/2305/2862 1307/2234/2863 1238/2155/2671 1237/2154/2670
s 58
f 1319/2306/2864 1317/2307/2865 1282/2162/2866 1292/2165/2867
s 43
f 1306/2308/2868 1309/2309/2869 1245/2187/2711 1234/2190/2714
s 44
f 1310/2310/2870 1308/2311/2871 1237/2312/2715 1247/2313/2718
s 53
f 1320/2314/2872 1314/2249/2783 1276/2242/2782 1300/2245/2873
s off
f 1315/2315/2874 1313/2316/2875 1272/2317/2876 1278/2318/2877
f 1317/2319/2878 1315/2320/2879 1278/2269/2880 1282/2272/2881
s 58
f 1318/2321/2882 1319/2306/2864 1292/2165/2867 1285/2288/2883
s 53
f 1313/2322/2884 1320/2314/2872 1300/2245/2873 1272/2303/2885
s 59
f 1328/2323/2886 1331/2324/2887 1330/2325/2888 1329/2326/2889
f 1331/2324/2887 1333/2327/2890 1332/2328/2891 1330/2325/2888
f 1333/2327/2890 1335/2329/2892 1334/2330/2893 1332/2328/2891
s 60
f 1373/2331/2894 1383/2332/2895 1382/2333/2896 1374/2334/2897
s off
f 1337/2335/2898 1339/2336/2899 1338/2337/2900 1336/2338/2901
s 61
f 1360/2339/2902 1379/2340/2903 1378/2341/2904 1361/2342/2905
s off
f 1340/2343/2906 1341/2344/2907 1339/2336/2908 1337/2335/2909
f 1336/2338/2910 1338/2337/2911 1397/2345/2912 1309/2346/2913
f 1354/2347/2914 1353/2348/2915 1352/2349/2916 1351/2350/2917 1355/2351/2918
f 1342/2352/2919 1345/2353/2920 1344/2354/2921 1343/2355/2922
f 1343/2355/2923 1344/2354/2924 1341/2344/2925 1340/2343/2926
s 62
f 1336/2356/2927 1325/2357/2928 1324/2358/2929 1337/2359/2930
s 63
f 1328/2360/2931 1338/2361/2932 1339/2362/2933 1331/2363/2934
s 62
f 1337/2359/2930 1324/2358/2929 1327/2364/2935 1340/2365/2936
s 63
f 1331/2363/2934 1339/2362/2933 1341/2366/2937 1333/2367/2938
s 62
f 1343/2368/2939 1322/2369/2940 1321/2370/2941 1342/2371/2942
s 63
f 1335/2372/2943 1344/2373/2944 1345/2374/2945 1334/2375/2946
s 62
f 1340/2365/2936 1327/2364/2935 1322/2369/2940 1343/2368/2939
s 63
f 1333/2367/2938 1341/2366/2937 1344/2373/2944 1335/2372/2943
s 64
f 1361/2342/2947 1378/2341/2948 1377/2376/2949 1362/2377/2950
s 65
f 1393/2378/2951 1349/2379/2952 1350/2380/2953 1394/2381/2954
s 66
f 1394/2382/2955 1350/2383/2956 1348/2384/2957 1395/2385/2958
s 67
f 1349/2386/2959 1393/2387/2960 1392/2388/2961 1347/2389/2962
s 65
f 1349/2379/2952 1354/2390/2963 1355/2391/2964 1350/2380/2953
s 66
f 1355/2392/2965 1351/2393/2966 1346/2394/2967 1348/2384/2957 1350/2383/2956
s 67
f 1354/2395/2968 1349/2386/2959 1347/2389/2962 1353/2396/2969
s 68
f 1364/2397/2970 1380/2398/2971 1379/2399/2972 1360/2400/2973
s off
f 1330/2325/2974 1358/2401/2975 1359/2402/2976 1329/2326/2977
f 1329/2326/2978 1359/2402/2979 1312/2235/2980 1307/2234/2981
s 61
f 1365/2403/2982 1390/2404/2983 1396/2405/2984 1366/2406/2985
s 64
f 1366/2406/2986 1396/2405/2987 1395/2407/2988 1348/2408/2989
s 69
f 1367/2409/2990 1391/2410/2991 1390/2411/2992 1368/2412/2993
s 61
f 1366/2406/2985 1326/2413/2994 1323/2414/2995 1365/2403/2982
s 64
f 1346/2415/2996 1326/2413/2997 1366/2406/2986 1348/2408/2989
s 70
f 1367/2409/2998 1356/2416/2999 1311/2250/3000 1314/2249/3001
s 69
f 1368/2412/2993 1357/2417/3002 1356/2416/3003 1367/2409/2990
s off
f 1323/2418/3004 1357/2419/3005 1368/2420/3006 1365/2421/3007
f 1363/2422/3008 1369/2423/3009 1370/2424/3010 1364/2425/3011
s 71
f 1364/2425/3012 1370/2424/3013 1381/2426/3014 1380/2427/3015
s off
f 1358/2428/3016 1371/2429/3017 1372/2430/3018 1359/2431/3019
f 1359/2431/3020 1372/2430/3021 1316/2268/3022 1312/2267/3023
f 1369/2432/3024 1373/2433/3025 1374/2434/3026 1370/2435/3027
s 72
f 1370/2436/3028 1374/2437/3029 1382/2438/3030 1381/2439/3031
s off
f 1371/2440/3032 1375/2441/3033 1376/2442/3034 1372/2443/3035
f 1372/2443/3036 1376/2442/3037 1318/2282/3038 1316/2281/3039
s 64
f 1378/2341/2948 1332/2328/3040 1334/2330/3041 1377/2376/2949
s 61
f 1379/2340/2903 1330/2325/3042 1332/2328/3043 1378/2341/2904
s 68
f 1380/2398/2971 1358/2444/3044 1330/2445/3045 1379/2399/2972
s 71
f 1381/2426/3014 1371/2429/3046 1358/2428/3047 1380/2427/3015
s 72
f 1382/2438/3030 1375/2446/3048 1371/2447/3049 1381/2439/3031
s 60
f 1383/2332/2895 1376/2448/3050 1375/2449/3051 1382/2333/2896
s 67
f 1385/2450/3052 1388/2451/3053 1387/2452/3054 1384/2453/3055
s 65
f 1388/2454/3056 1385/2455/3057 1386/2456/3058 1389/2457/3059
s 66
f 1389/2458/3060 1386/2459/3061 1362/2460/3062 1377/2461/3063
s 67
f 1387/2452/3054 1388/2451/3053 1342/2371/3064 1321/2370/3065
s 65
f 1342/2352/3066 1388/2454/3056 1389/2457/3059 1345/2353/3067
s 66
f 1345/2374/3068 1389/2458/3060 1377/2461/3063 1334/2375/3069
s off
f 1368/2420/3070 1390/2462/3071 1365/2421/3072
s 69
f 1391/2410/2991 1363/2463/3073 1364/2464/3074 1390/2411/2992
s 67
f 1392/2388/2961 1393/2387/2960 1385/2450/3052 1384/2453/3055
s 65
f 1385/2455/3057 1393/2378/2951 1394/2381/2954 1386/2456/3058
s 66
f 1386/2459/3061 1394/2382/2955 1395/2385/2958 1362/2460/3062
s 64
f 1396/2405/2987 1361/2342/2947 1362/2377/2950 1395/2407/2988
s 61
f 1390/2404/2983 1360/2339/2902 1361/2342/2905 1396/2405/2984
s off
f 1360/2400/3075 1390/2465/3076 1364/2397/3077
s 59
f 1308/2305/3078 1328/2323/2886 1329/2326/2889 1307/2234/3079
s 74
f 1319/2306/3080 1383/2332/3081 1373/2331/3082 1317/2307/3083
s 62
f 1306/2308/3084 1325/2466/2928 1336/2467/2927 1309/2309/3085
s 63
f 1397/2468/3086 1338/2469/2932 1328/2470/2931 1308/2471/3087
s 70
f 1320/2314/3088 1391/2410/3089 1367/2409/2998 1314/2249/3001
s off
f 1315/2315/3090 1369/2472/3091 1363/2473/3092 1313/2316/3093
f 1317/2319/3094 1373/2433/3095 1369/2432/3096 1315/2320/3097
s 74
f 1318/2321/3098 1376/2448/3099 1383/2332/3081 1319/2306/3080
s 70
f 1313/2322/3100 1363/2463/3101 1391/2410/3089 1320/2314/3088
s 75
f 1409/2474/3102 1406/2475/3103 1399/2476/3104 1401/2477/3105
s 76
f 1408/2478/3106 1409/2474/3107 1401/2477/3108 1403/2479/3109
s 77
f 1407/2480/3110 1408/2478/3111 1403/2479/3112 1405/2481/3113
s 78
f 1406/2482/3114 1407/2480/3115 1405/2481/3116 1399/2483/3117
s off
f 1399/2483/3118 1405/2481/3119 1403/2484/3120 1401/2485/3121
f 1404/2486/3122 1398/2487/3123 1400/2488/3124 1402/2489/3125
s 78
f 1404/2486/3126 1407/2480/3115 1406/2482/3114 1398/2487/3127
s 77
f 1402/2490/3128 1408/2478/3111 1407/2480/3110 1404/2486/3129
s 76
f 1400/2491/3130 1409/2474/3107 1408/2478/3106 1402/2490/3131
s 75
f 1398/2492/3132 1406/2475/3103 1409/2474/3102 1400/2491/3133
s 79
f 1421/2493/3134 1413/2494/3135 1411/2495/3136 1418/2496/3137
s 80
f 1420/2497/3138 1415/2498/3139 1413/2494/3140 1421/2493/3141
s 81
f 1419/2499/3142 1417/2500/3143 1415/2498/3144 1420/2497/3145
s 82
f 1418/2501/3146 1411/2502/3147 1417/2500/3148 1419/2499/3149
s off
f 1411/2502/3150 1413/2503/3151 1415/2504/3152 1417/2500/3153
f 1416/2505/3154 1414/2506/3155 1412/2507/3156 1410/2508/3157
s 82
f 1416/2505/3158 1410/2508/3159 1418/2501/3146 1419/2499/3149
s 81
f 1414/2509/3160 1416/2505/3161 1419/2499/3142 1420/2497/3145
s 80
f 1412/2510/3162 1414/2509/3163 1420/2497/3138 1421/2493/3141
s 79
f 1410/2511/3164 1412/2510/3165 1421/2493/3134 1418/2496/3137
s 83
f 1433/2512/3166 1430/2513/3167 1423/2514/3168 1425/2515/3169
s 84
f 1432/2516/3170 1433/2512/3171 1425/2515/3172 1427/2517/3173
s 85
f 1431/2518/3174 1432/2516/3175 1427/2517/3176 1429/2519/3177
s 86
f 1430/2520/3178 1431/2518/3179 1429/2519/3180 1423/2521/3181
s off
f 1423/2521/3182 1429/2519/3183 1427/2522/3184 1425/2523/3185
f 1428/2524/3186 1422/2525/3187 1424/2526/3188 1426/2527/3189
s 86
f 1428/2524/3190 1431/2518/3179 1430/2520/3178 1422/2525/3191
s 85
f 1426/2528/3192 1432/2516/3175 1431/2518/3174 1428/2524/3193
s 84
f 1424/2529/3194 1433/2512/3171 1432/2516/3170 1426/2528/3195
s 83
f 1422/2530/3196 1430/2513/3167 1433/2512/3166 1424/2529/3197
s 87
f 1445/2531/3198 1442/2532/3199 1435/2533/3200 1437/2534/3201
s 88
f 1444/2535/3202 1445/2531/3203 1437/2534/3204 1439/2536/3205
s 89
f 1443/2537/3206 1444/2535/3207 1439/2536/3208 1441/2538/3209
s 90
f 1442/2539/3210 1443/2537/3211 1441/2538/3212 1435/2540/3213
s off
f 1435/2540/3214 1441/2538/3215 1439/2541/3216 1437/2542/3217
f 1440/2543/3218 1434/2544/3219 1436/2545/3220 1438/2546/3221
s 90
f 1440/2543/3222 1443/2537/3211 1442/2539/3210 1434/2544/3223
s 89
f 1438/2547/3224 1444/2535/3207 1443/2537/3206 1440/2543/3225
s 88
f 1436/2548/3226 1445/2531/3203 1444/2535/3202 1438/2547/3227
s 87
f 1434/2549/3228 1442/2532/3199 1445/2531/3198 1436/2548/3229
s 91
f 1457/2550/3230 1454/2551/3231 1447/2552/3232 1449/2553/3233
s 92
f 1456/2554/3234 1457/2550/3235 1449/2553/3236 1451/2555/3237
s 93
f 1455/2556/3238 1456/2554/3239 1451/2555/3240 1453/2557/3241
s 94
f 1454/2558/3242 1455/2556/3243 1453/2557/3244 1447/2559/3245
s off
f 1447/2559/3246 1453/2557/3247 1451/2560/3248 1449/2561/3249
f 1452/2562/3250 1446/2563/3251 1448/2564/3252 1450/2565/3253
s 94
f 1452/2562/3254 1455/2556/3243 1454/2558/3242 1446/2563/3255
s 93
f 1450/2566/3256 1456/2554/3239 1455/2556/3238 1452/2562/3257
s 92
f 1448/2567/3258 1457/2550/3235 1456/2554/3234 1450/2566/3259
s 91
f 1446/2568/3260 1454/2551/3231 1457/2550/3230 1448/2567/3261
s 95
f 1469/2569/3262 1466/2570/3263 1459/2571/3264 1461/2572/3265
s 96
f 1468/2573/3266 1469/2569/3267 1461/2572/3268 1463/2574/3269
s 97
f 1467/2575/3270 1468/2573/3271 1463/2574/3272 1465/2576/3273
s 98
f 1466/2577/3274 1467/2575/3275 1465/2576/3276 1459/2578/3277
s off
f 1459/2578/3278 1465/2576/3279 1463/2579/3280 1461/2580/3281
f 1464/2581/3282 1458/2582/3283 1460/2583/3284 1462/2584/3285
s 98
f 1464/2581/3286 1467/2575/3275 1466/2577/3274 1458/2582/3287
s 97
f 1462/2585/3288 1468/2573/3271 1467/2575/3270 1464/2581/3289
s 96
f 1460/2586/3290 1469/2569/3267 1468/2573/3266 1462/2585/3291
s 95
f 1458/2587/3292 1466/2570/3263 1469/2569/3262 1460/2586/3293
s 99
f 1495/2588/3294 1493/2589/3295 1484/2590/3296 1485/2591/3297
s 100
f 1494/2592/3298 1495/2593/3299 1485/2594/3300 1486/2595/3301
s off
f 1471/2596/3302 1477/2597/3303 1475/2598/3304 1473/2599/3305
f 1476/2600/3306 1470/2601/3307 1472/2602/3308 1474/2603/3309
s 100
f 1482/2604/3310 1483/2605/3311 1488/2606/3312 1489/2607/3313
s 99
f 1483/2608/3314 1481/2609/3315 1487/2610/3316 1488/2611/3317
s 100
f 1491/2612/3318 1492/2613/3319 1483/2614/3311 1482/2615/3310
s 99
f 1492/2616/3320 1490/2617/3321 1481/2609/3315 1483/2608/3314
f 1485/2591/3297 1484/2590/3296 1496/2618/3322 1497/2619/3323
s 100
f 1486/2620/3301 1485/2621/3300 1497/2622/3324 1498/2623/3325
s 99
f 1488/2611/3317 1487/2610/3316 1478/2624/3326 1480/2625/3327
s 100
f 1489/2607/3313 1488/2606/3312 1480/2626/3328 1479/2627/3329
f 1472/2602/3330 1492/2613/3319 1491/2612/3318 1474/2603/3331
s 99
f 1470/2628/3332 1490/2617/3321 1492/2616/3320 1472/2629/3333
s 100
f 1479/2627/3329 1480/2626/3328 1495/2593/3299 1494/2592/3298
s 99
f 1480/2625/3327 1478/2624/3326 1493/2589/3295 1495/2588/3294
f 1497/2619/3323 1496/2618/3322 1471/2630/3334 1473/2631/3335
s 100
f 1498/2623/3325 1497/2622/3324 1473/2599/3336 1475/2598/3337
s 103
f 1499/2632/3338 1500/2633/3339 1508/2634/3340 1507/2635/3341
f 1500/2633/3339 1501/2636/3342 1509/2637/3343 1508/2634/3340
f 1501/2636/3342 1502/2638/3344 1510/2639/3345 1509/2637/3343
f 1502/2638/3344 1503/2640/3346 1511/2641/3347 1510/2639/3345
f 1503/2640/3346 1504/2642/3348 1512/2643/3349 1511/2641/3347
f 1504/2642/3348 1505/2644/3350 1513/2645/3351 1512/2643/3349
f 1505/2644/3350 1506/2646/3352 1514/2647/3353 1513/2645/3351
f 1506/2646/3352 1499/2632/3338 1507/2635/3341 1514/2647/3353
f 1507/2635/3341 1508/2634/3340 1516/2648/3354 1515/2649/3355
f 1508/2634/3340 1509/2637/3343 1517/2650/3356 1516/2648/3354
f 1509/2637/3343 1510/2639/3345 1518/2651/3357 1517/2650/3356
f 1510/2639/3345 1511/2641/3347 1519/2652/3358 1518/2651/3357
f 1511/2641/3347 1512/2643/3349 1520/2653/3359 1519/2652/3358
f 1512/2643/3349 1513/2645/3351 1521/2654/3360 1520/2653/3359
f 1513/2645/3351 1514/2647/3353 1522/2655/3361 1521/2654/3360
f 1514/2647/3353 1507/2635/3341 1515/2649/3355 1522/2655/3361
f 1515/2649/3355 1516/2648/3354 1524/2656/3362 1523/2657/3363
f 1516/2648/3354 1517/2650/3356 1525/2658/3364 1524/2656/3362
f 1517/2650/3356 1518/2651/3357 1526/2659/3365 1525/2658/3364
f 1518/2651/3357 1519/2652/3358 1527/2660/3366 1526/2659/3365
f 1519/2652/3358 1520/2653/3359 1528/2661/3367 1527/2660/3366
f 1520/2653/3359 1521/2654/3360 1529/2662/3368 1528/2661/3367
f 1521/2654/3360 1522/2655/3361 1530/2663/3369 1529/2662/3368
f 1522/2655/3361 1515/2649/3355 1523/2657/3363 1530/2663/3369
f 1523/2657/3363 1524/2656/3362 1531/2664/3370
f 1524/2656/3362 1525/2658/3364 1531/2664/3370
f 1525/2658/3364 1526/2659/3365 1531/2664/3370
f 1526/2659/3365 1527/2660/3366 1531/2664/3370
f 1527/2660/3366 1528/2661/3367 1531/2664/3370
f 1528/2661/3367 1529/2662/3368 1531/2664/3370
f 1529/2662/3368 1530/2663/3369 1531/2664/3370
f 1530/2663/3369 1523/2657/3363 1531/2664/3370
s 104
f 1532/2665/3371 1533/2666/3372 1541/2667/3373 1540/2668/3374
f 1533/2666/3372 1534/2669/3375 1542/2670/3376 1541/2667/3373
f 1534/2669/3375 1535/2671/3377 1543/2672/3378 1542/2670/3376
f 1535/2671/3377 1536/2673/3379 1544/2674/3380 1543/2672/3378
f 1536/2673/3379 1537/2675/3381 1545/2676/3382 1544/2674/3380
f 1537/2675/3381 1538/2677/3383 1546/2678/3384 1545/2676/3382
f 1538/2677/3383 1539/2679/3385 1547/2680/3386 1546/2678/3384
f 1539/2679/3385 1532/2665/3371 1540/2668/3374 1547/2680/3386
f 1540/2668/3374 1541/2667/3373 1549/2681/3387 1548/2682/3388
f 1541/2667/3373 1542/2670/3376 1550/2683/3389 1549/2681/3387
f 1542/2670/3376 1543/2672/3378 1551/2684/3390 1550/2683/3389
f 1543/2672/3378 1544/2674/3380 1552/2685/3391 1551/2684/3390
f 1544/2674/3380 1545/2676/3382 1553/2686/3392 1552/2685/3391
f 1545/2676/3382 1546/2678/3384 1554/2687/3393 1553/2686/3392
f 1546/2678/3384 1547/2680/3386 1555/2688/3394 1554/2687/3393
f 1547/2680/3386 1540/2668/3374 1548/2682/3388 1555/2688/3394
f 1548/2682/3388 1549/2681/3387 1557/2689/3395 1556/2690/3396
f 1549/2681/3387 1550/2683/3389 1558/2691/3397 1557/2689/3395
f 1550/2683/3389 1551/2684/3390 1559/2692/3398 1558/2691/3397
f 1551/2684/3390 1552/2685/3391 1560/2693/3399 1559/2692/3398
f 1552/2685/3391 1553/2686/3392 1561/2694/3400 1560/2693/3399
f 1553/2686/3392 1554/2687/3393 1562/2695/3401 1561/2694/3400
f 1554/2687/3393 1555/2688/3394 1563/2696/3402 1562/2695/3401
f 1555/2688/3394 1548/2682/3388 1556/2690/3396 1563/2696/3402
f 1556/2690/3396 1557/2689/3395 1564/2697/3403
f 1557/2689/3395 1558/2691/3397 1564/2697/3403
f 1558/2691/3397 1559/2692/3398 1564/2697/3403
f 1559/2692/3398 1560/2693/3399 1564/2697/3403
f 1560/2693/3399 1561/2694/3400 1564/2697/3403
f 1561/2694/3400 1562/2695/3401 1564/2697/3403
f 1562/2695/3401 1563/2696/3402 1564/2697/3403
f 1563/2696/3402 1556/2690/3396 1564/2697/3403
s 105
f 1576/2698/3404 1573/2699/3405 1566/2700/3406 1568/2701/3407
s 106
f 1575/2702/3408 1576/2698/3409 1568/2701/3410 1570/2703/3411
s 107
f 1574/2704/3412 1575/2702/3413 1570/2703/3414 1572/2705/3415
s 108
f 1573/2706/3416 1574/2704/3417 1572/2705/3418 1566/2707/3419
s off
f 1566/2707/3420 1572/2705/3421 1570/2708/3422 1568/2709/3423
f 1571/2710/3424 1565/2711/3425 1567/2712/3426 1569/2713/3427
s 108
f 1571/2710/3428 1574/2704/3417 1573/2706/3416 1565/2711/3429
s 107
f 1569/2714/3430 1575/2702/3413 1574/2704/3412 1571/2710/3431
s 106
f 1567/2715/3432 1576/2698/3409 1575/2702/3408 1569/2714/3433
s 105
f 1565/2716/3434 1573/2699/3405 1576/2698/3404 1567/2715/3435
s 109
f 1588/2717/3436 1585/2718/3437 1578/2719/3438 1580/2720/3439
s 110
f 1587/2721/3440 1588/2717/3441 1580/2720/3442 1582/2722/3443
s 111
f 1586/2723/3444 1587/2721/3445 1582/2722/3446 1584/2724/3447
s 112
f 1585/2725/3448 1586/2723/3449 1584/2724/3450 1578/2726/3451
s off
f 1578/2726/3452 1584/2724/3453 1582/2727/3454 1580/2728/3455
f 1583/2729/3456 1577/2730/3457 1579/2731/3458 1581/2732/3459
s 112
f 1583/2729/3460 1586/2723/3449 1585/2725/3448 1577/2730/3461
s 111
f 1581/2733/3462 1587/2721/3445 1586/2723/3444 1583/2729/3463
s 110
f 1579/2734/3464 1588/2717/3441 1587/2721/3440 1581/2733/3465
s 109
f 1577/2735/3466 1585/2718/3437 1588/2717/3436 1579/2734/3467
s 113
f 1600/2736/3468 1597/2737/3469 1590/2738/3470 1592/2739/3471
s 114
f 1599/2740/3472 1600/2736/3473 1592/2739/3474 1594/2741/3475
s 115
f 1598/2742/3476 1599/2740/3477 1594/2741/3478 1596/2743/3479
s 116
f 1597/2744/3480 1598/2742/3481 1596/2743/3482 1590/2745/3483
s off
f 1590/2745/3484 1596/2743/3485 1594/2746/3486 1592/2747/3487
f 1595/2748/3488 1589/2749/3489 1591/2750/3490 1593/2751/3491
s 116
f 1595/2748/3492 1598/2742/3481 1597/2744/3480 1589/2749/3493
s 115
f 1593/2752/3494 1599/2740/3477 1598/2742/3476 1595/2748/3495
s 114
f 1591/2753/3496 1600/2736/3473 1599/2740/3472 1593/2752/3497
s 113
f 1589/2754/3498 1597/2737/3469 1600/2736/3468 1591/2753/3499
s 117
f 1612/2755/3500 1604/2756/3501 1602/2757/3502 1609/2758/3503
s 118
f 1611/2759/3504 1606/2760/3505 1604/2756/3506 1612/2755/3507
s 119
f 1610/2761/3508 1608/2762/3509 1606/2760/3510 1611/2759/3511
s 120
f 1609/2763/3512 1602/2764/3513 1608/2762/3514 1610/2761/3515
s off
f 1602/2764/3516 1604/2765/3517 1606/2766/3518 1608/2762/3519
f 1607/2767/3520 1605/2768/3521 1603/2769/3522 1601/2770/3523
s 120
f 1607/2767/3524 1601/2770/3525 1609/2763/3512 1610/2761/3515
s 119
f 1605/2771/3526 1607/2767/3527 1610/2761/3508 1611/2759/3511
s 118
f 1603/2772/3528 1605/2771/3529 1611/2759/3504 1612/2755/3507
s 117
f 1601/2773/3530 1603/2772/3531 1612/2755/3500 1609/2758/3503
s 121
f 1624/2774/3532 1621/2775/3533 1614/2776/3534 1616/2777/3535
s 122
f 1623/2778/3536 1624/2774/3537 1616/2777/3538 1618/2779/3539
s 123
f 1622/2780/3540 1623/2778/3541 1618/2779/3542 1620/2781/3543
s 124
f 1621/2782/3544 1622/2780/3545 1620/2781/3546 1614/2783/3547
s off
f 1614/2783/3548 1620/2781/3549 1618/2784/3550 1616/2785/3551
f 1619/2786/3552 1613/2787/3553 1615/2788/3554 1617/2789/3555
s 124
f 1619/2786/3556 1622/2780/3545 1621/2782/3544 1613/2787/3557
s 123
f 1617/2790/3558 1623/2778/3541 1622/2780/3540 1619/2786/3559
s 122
f 1615/2791/3560 1624/2774/3537 1623/2778/3536 1617/2790/3561
s 121
f 1613/2792/3562 1621/2775/3533 1624/2774/3532 1615/2791/3563
s 125
f 1636/2793/3564 1633/2794/3565 1626/2795/3566 1628/2796/3567
s 126
f 1635/2797/3568 1636/2793/3569 1628/2796/3570 1630/2798/3571
s 127
f 1634/2799/3572 1635/2797/3573 1630/2798/3574 1632/2800/3575
s 128
f 1633/2801/3576 1634/2799/3577 1632/2800/3578 1626/2802/3579
s off
f 1626/2802/3580 1632/2800/3581 1630/2803/3582 1628/2804/3583
f 1631/2805/3584 1625/2806/3585 1627/2807/3586 1629/2808/3587
s 128
f 1631/2805/3588 1634/2799/3577 1633/2801/3576 1625/2806/3589
s 127
f 1629/2809/3590 1635/2797/3573 1634/2799/3572 1631/2805/3591
s 126
f 1627/2810/3592 1636/2793/3569 1635/2797/3568 1629/2809/3593
s 125
f 1625/2811/3594 1633/2794/3565 1636/2793/3564 1627/2810/3595
s 129
f 1648/2812/3596 1645/2813/3597 1638/2814/3598 1640/2815/3599
s 130
f 1647/2816/3600 1648/2812/3601 1640/2815/3602 1642/2817/3603
s 131
f 1646/2818/3604 1647/2816/3605 1642/2817/3606 1644/2819/3607
s 132
f 1645/2820/3608 1646/2818/3609 1644/2819/3610 1638/2821/3611
s off
f 1638/2821/3612 1644/2819/3613 1642/2822/3614 1640/2823/3615
f 1643/2824/3616 1637/2825/3617 1639/2826/3618 1641/2827/3619
s 132
f 1643/2824/3620 1646/2818/3609 1645/2820/3608 1637/2825/3621
s 131
f 1641/2828/3622 1647/2816/3605 1646/2818/3604 1643/2824/3623
s 130
f 1639/2829/3624 1648/2812/3601 1647/2816/3600 1641/2828/3625
s 129
f 1637/2830/3626 1645/2813/3597 1648/2812/3596 1639/2829/3627
s 133
f 1660/2831/3628 1657/2832/3629 1650/2833/3630 1652/2834/3631
s 134
f 1659/2835/3632 1660/2831/3633 1652/2834/3634 1654/2836/3635
s 135
f 1658/2837/3636 1659/2835/3637 1654/2836/3638 1656/2838/3639
s 136
f 1657/2839/3640 1658/2837/3641 1656/2838/3642 1650/2840/3643
s off
f 1650/2840/3644 1656/2838/3645 1654/2841/3646 1652/2842/3647
f 1655/2843/3648 1649/2844/3649 1651/2845/3650 1653/2846/3651
s 136
f 1655/2843/3652 1658/2837/3641 1657/2839/3640 1649/2844/3653
s 135
f 1653/2847/3654 1659/2835/3637 1658/2837/3636 1655/2843/3655
s 134
f 1651/2848/3656 1660/2831/3633 1659/2835/3632 1653/2847/3657
s 133
f 1649/2849/3658 1657/2832/3629 1660/2831/3628 1651/2848/3659
s 137
f 1672/2850/3660 1664/2851/3661 1662/2852/3662 1669/2853/3663
s 138
f 1671/2854/3664 1666/2855/3665 1664/2851/3666 1672/2850/3667
s 139
f 1670/2856/3668 1668/2857/3669 1666/2855/3670 1671/2854/3671
s 140
f 1669/2858/3672 1662/2859/3673 1668/2857/3674 1670/2856/3675
s off
f 1662/2859/3676 1664/2860/3677 1666/2861/3678 1668/2857/3679
f 1667/2862/3680 1665/2863/3681 1663/2864/3682 1661/2865/3683
s 140
f 1667/2862/3684 1661/2865/3685 1669/2858/3672 1670/2856/3675
s 139
f 1665/2866/3686 1667/2862/3687 1670/2856/3668 1671/2854/3671
s 138
f 1663/2867/3688 1665/2866/3689 1671/2854/3664 1672/2850/3667
s 137
f 1661/2868/3690 1663/2867/3691 1672/2850/3660 1669/2853/3663
g default
v -1.816899 -7.720193 -16.804722
v -0.269949 -7.720193 -16.804722
v -1.816899 3.770201 -29.487904
v -0.269949 3.770201 -29.487904
v -1.816899 4.319659 -28.446560
v -0.269949 4.319659 -28.446560
v -1.816899 -6.235509 -16.370251
v -0.269949 -6.235509 -16.370251
v -1.816899 -1.999130 -25.089108
v -0.269949 -1.999130 -25.089108
v -0.269949 -0.623834 -24.540813
v -1.816899 -0.623834 -24.540813
v -1.816899 -10.145159 -9.035412
v -0.269949 -10.145159 -9.035412
v -0.269949 -11.629844 -9.469883
v -1.816899 -11.629844 -9.469883
v -1.816899 -11.224456 -5.406567
v -0.269949 -11.224456 -5.406567
v -0.269949 -12.760309 -5.221569
v -1.816899 -12.760309 -5.221569
v -1.816899 -11.224463 8.339855
v -0.269949 -11.224463 8.339855
v -0.269949 -12.760313 8.524853
v -1.816899 -12.760313 8.524853
v -1.816899 -11.224462 10.581936
v -0.269949 -11.224462 10.581936
v -0.269949 -12.760312 10.766930
v -1.816899 -12.760312 10.766930
v -1.816899 5.793293 -29.286831
v -0.269949 5.793293 -29.286831
v -0.269949 6.204461 -28.129986
v -1.816899 6.204461 -28.129986
v -1.816899 2.589907 -27.692165
v -0.269949 3.364823 -27.692165
v -0.269949 2.123190 -28.593121
v -1.816899 2.123190 -28.593121
v -1.816899 0.717770 -27.431507
v -0.269949 0.717770 -27.431507
v -0.269949 1.773348 -26.732830
v -1.816899 2.150597 -26.732830
v -1.816899 -5.113309 -20.871876
v -0.269949 -5.113309 -20.871876
v -0.269949 -3.682328 -20.381527
v -1.816899 -3.682328 -20.381527
v -1.816899 -8.175923 -12.957561
v -0.269949 -8.175923 -12.957561
v -0.269949 -9.660607 -13.392025
v -1.816899 -9.660607 -13.392025
v -0.383679 -9.772940 2.719463
v -0.299305 -10.691405 2.719463
v 7.335050 2.854189 2.719463
v 8.183979 2.854189 2.719463
v 7.335050 2.854189 3.719463
v 8.183979 2.854189 3.719463
v -0.383679 -9.772940 3.719463
v -0.299305 -10.691405 3.719463
v 7.436469 -3.743225 2.719463
v 8.182016 -3.743225 2.719463
v 8.182016 -3.743225 3.719463
v 7.436469 -3.743225 3.719463
v 6.903249 -6.374616 2.719463
v 7.762184 -6.920273 2.719463
v 7.762185 -6.920272 3.719463
v 6.903249 -6.374615 3.719463
v 3.914015 -8.390831 2.719463
v 4.451703 -9.105120 2.719463
v 4.451703 -9.105120 3.719463
v 3.914015 -8.390830 3.719463
v 7.399862 -0.606656 3.719463
v 8.155380 -0.606656 3.719463
v 8.155380 -0.606657 2.719463
v 7.399862 -0.606657 2.719463
v 8.231058 -4.905702 3.719463
v 8.231058 -4.905703 2.719463
v 7.343988 -4.869063 2.719463
v 7.343988 -4.869063 3.719463
v 7.416318 -2.193594 2.719463
v 8.069717 -2.193594 2.719463
v 8.069719 -2.193593 3.719463
v 7.416318 -2.193593 3.719463
v 7.362547 1.095961 3.719463
v 8.169451 1.095961 3.719463
v 8.169451 1.095961 2.719463
v 7.362547 1.095961 2.719463
v 5.975642 -8.143641 3.719463
v 5.975641 -8.143641 2.719463
v 5.399026 -7.543537 2.719463
v 5.399026 -7.543536 3.719463
v 1.713089 -9.312819 2.719463
v 2.018625 -10.131670 2.719463
v 2.018626 -10.131670 3.719463
v 1.713089 -9.312818 3.719463
v -1.344070 -10.261083 5.473423
v -1.245429 -11.256132 5.473423
v 7.679906 3.418915 5.473423
v 8.672392 3.418915 5.473423
v 7.679906 3.418915 6.473423
v 8.672392 3.418915 6.473423
v -1.344070 -10.261083 6.473423
v -1.245429 -11.256132 6.473423
v 7.798475 -3.728601 5.473423
v 8.670095 -3.728601 5.473423
v 8.670095 -3.728601 6.473423
v 7.798475 -3.728601 6.473423
v 7.175086 -6.579403 5.473423
v 8.179268 -7.170558 5.473423
v 8.179270 -7.170557 6.473423
v 7.175086 -6.579402 6.473423
v 3.680369 -8.763732 5.473423
v 4.308980 -9.537580 5.473423
v 4.308980 -9.537580 6.473423
v 3.680369 -8.763731 6.473423
v 7.755678 -0.330500 6.473423
v 8.638956 -0.330500 6.473423
v 8.638956 -0.330501 5.473423
v 7.755678 -0.330501 5.473423
v 8.727430 -4.988008 6.473423
v 8.727430 -4.988009 5.473423
v 7.690355 -4.948314 5.473423
v 7.690355 -4.948314 6.473423
v 7.774917 -2.049760 5.473423
v 8.538807 -2.049760 5.473423
v 8.538809 -2.049759 6.473423
v 7.774917 -2.049759 6.473423
v 7.712054 1.514084 6.473423
v 8.655405 1.514084 6.473423
v 8.655405 1.514084 5.473423
v 7.712054 1.514084 5.473423
v 6.090621 -8.495931 6.473423
v 6.090620 -8.495931 5.473423
v 5.416498 -7.845789 5.473423
v 5.416498 -7.845789 6.473423
v 1.107264 -9.762596 5.473423
v 1.464467 -10.649725 5.473423
v 1.464468 -10.649725 6.473423
v 1.107264 -9.762596 6.473423
v -1.846240 -10.457723 8.760624
v -1.737763 -11.452772 8.760624
v 8.077616 3.222275 8.760624
v 9.169073 3.222275 8.760624
v 8.077616 3.222275 9.760624
v 9.169073 3.222275 9.760624
v -1.846240 -10.457723 9.760624
v -1.737763 -11.452772 9.760624
v 8.208008 -3.925241 8.760624
v 9.166548 -3.925241 8.760624
v 9.166548 -3.925241 9.760624
v 8.208008 -3.925241 9.760624
v 7.522456 -6.776043 8.760624
v 8.626776 -7.367198 8.760624
v 8.626776 -7.367197 9.760624
v 7.522456 -6.776042 9.760624
v 3.679242 -8.960372 8.760624
v 4.370539 -9.734220 8.760624
v 4.370539 -9.734220 9.760624
v 3.679242 -8.960371 9.760624
v 8.160944 -0.527140 9.760624
v 9.132303 -0.527140 9.760624
v 9.132303 -0.527141 8.760624
v 8.160944 -0.527141 8.760624
v 9.229601 -5.184648 9.760624
v 9.229601 -5.184649 8.760624
v 8.089108 -5.144954 8.760624
v 8.089108 -5.144954 9.760624
v 8.182102 -2.246400 8.760624
v 9.022167 -2.246400 8.760624
v 9.022169 -2.246399 9.760624
v 8.182102 -2.246399 9.760624
v 8.112968 1.317444 9.760624
v 9.150393 1.317444 9.760624
v 9.150393 1.317444 8.760624
v 8.112968 1.317444 8.760624
v 6.329845 -8.692571 9.760624
v 6.329844 -8.692571 8.760624
v 5.588499 -8.042429 8.760624
v 5.588499 -8.042429 9.760624
v 0.849543 -9.959236 8.760624
v 1.242367 -10.846365 8.760624
v 1.242368 -10.846365 9.760624
v 0.849543 -9.959236 9.760624
v -1.323703 -9.772940 2.719463
v -1.408076 -10.691405 2.719463
v -9.042431 2.854189 2.719463
v -9.891361 2.854189 2.719463
v -9.042431 2.854189 3.719463
v -9.891361 2.854189 3.719463
v -1.323703 -9.772940 3.719463
v -1.408076 -10.691405 3.719463
v -9.143850 -3.743225 2.719463
v -9.889397 -3.743225 2.719463
v -9.889397 -3.743225 3.719463
v -9.143850 -3.743225 3.719463
v -8.610630 -6.374616 2.719463
v -9.469564 -6.920273 2.719463
v -9.469566 -6.920272 3.719463
v -8.610630 -6.374615 3.719463
v -5.621396 -8.390831 2.719463
v -6.159084 -9.105120 2.719463
v -6.159084 -9.105120 3.719463
v -5.621396 -8.390830 3.719463
v -9.107243 -0.606656 3.719463
v -9.862762 -0.606656 3.719463
v -9.862762 -0.606657 2.719463
v -9.107243 -0.606657 2.719463
v -9.938438 -4.905702 3.719463
v -9.938438 -4.905703 2.719463
v -9.051369 -4.869063 2.719463
v -9.051369 -4.869063 3.719463
v -9.123699 -2.193594 2.719463
v -9.777100 -2.193594 2.719463
v -9.777100 -2.193593 3.719463
v -9.123699 -2.193593 3.719463
v -9.069929 1.095961 3.719463
v -9.876833 1.095961 3.719463
v -9.876831 1.095961 2.719463
v -9.069929 1.095961 2.719463
v -7.683023 -8.143641 3.719463
v -7.683022 -8.143641 2.719463
v -7.106407 -7.543537 2.719463
v -7.106407 -7.543536 3.719463
v -3.420470 -9.312819 2.719463
v -3.726007 -10.131670 2.719463
v -3.726007 -10.131670 3.719463
v -3.420470 -9.312818 3.719463
v -0.812521 -10.261083 5.473423
v -0.911162 -11.256132 5.473423
v -9.836498 3.418915 5.473423
v -10.828983 3.418915 5.473423
v -9.836498 3.418915 6.473423
v -10.828983 3.418915 6.473423
v -0.812521 -10.261083 6.473423
v -0.911162 -11.256132 6.473423
v -9.955067 -3.728601 5.473423
v -10.826687 -3.728601 5.473423
v -10.826687 -3.728601 6.473423
v -9.955067 -3.728601 6.473423
v -9.331678 -6.579403 5.473423
v -10.335859 -7.170558 5.473423
v -10.335861 -7.170557 6.473423
v -9.331678 -6.579402 6.473423
v -5.836960 -8.763732 5.473423
v -6.465571 -9.537580 5.473423
v -6.465571 -9.537580 6.473423
v -5.836960 -8.763731 6.473423
v -9.912270 -0.330500 6.473423
v -10.795547 -0.330500 6.473423
v -10.795547 -0.330501 5.473423
v -9.912270 -0.330501 5.473423
v -10.884022 -4.988008 6.473423
v -10.884022 -4.988009 5.473423
v -9.846947 -4.948314 5.473423
v -9.846947 -4.948314 6.473423
v -9.931509 -2.049760 5.473423
v -10.695398 -2.049760 5.473423
v -10.695400 -2.049759 6.473423
v -9.931509 -2.049759 6.473423
v -9.868645 1.514084 6.473423
v -10.811996 1.514084 6.473423
v -10.811996 1.514084 5.473423
v -9.868645 1.514084 5.473423
v -8.247211 -8.495931 6.473423
v -8.247211 -8.495931 5.473423
v -7.573089 -7.845789 5.473423
v -7.573089 -7.845789 6.473423
v -3.263855 -9.762596 5.473423
v -3.621058 -10.649725 5.473423
v -3.621059 -10.649725 6.473423
v -3.263855 -9.762596 6.473423
v -0.409928 -10.457723 8.760624
v -0.518405 -11.452772 8.760624
v -10.333784 3.222275 8.760624
v -11.425241 3.222275 8.760624
v -10.333784 3.222275 9.760624
v -11.425241 3.222275 9.760624
v -0.409928 -10.457723 9.760624
v -0.518405 -11.452772 9.760624
v -10.464176 -3.925241 8.760624
v -11.422716 -3.925241 8.760624
v -11.422716 -3.925241 9.760624
v -10.464176 -3.925241 9.760624
v -9.778624 -6.776043 8.760624
v -10.882944 -7.367198 8.760624
v -10.882944 -7.367197 9.760624
v -9.778624 -6.776042 9.760624
v -5.935410 -8.960372 8.760624
v -6.626707 -9.734220 8.760624
v -6.626707 -9.734220 9.760624
v -5.935410 -8.960371 9.760624
v -10.417112 -0.527140 9.760624
v -11.388472 -0.527140 9.760624
v -11.388472 -0.527141 8.760624
v -10.417112 -0.527141 8.760624
v -11.485769 -5.184648 9.760624
v -11.485769 -5.184649 8.760624
v -10.345276 -5.144954 8.760624
v -10.345276 -5.144954 9.760624
v -10.438271 -2.246400 8.760624
v -11.278336 -2.246400 8.760624
v -11.278337 -2.246399 9.760624
v -10.438271 -2.246399 9.760624
v -10.369137 1.317444 9.760624
v -11.406561 1.317444 9.760624
v -11.406561 1.317444 8.760624
v -10.369137 1.317444 8.760624
v -8.586014 -8.692571 9.760624
v -8.586013 -8.692571 8.760624
v -7.844667 -8.042429 8.760624
v -7.844667 -8.042429 9.760624
v -3.105711 -9.959236 8.760624
v -3.498536 -10.846365 8.760624
v -3.498536 -10.846365 9.760624
v -3.105711 -9.959236 9.760624
v 8.821819 2.634316 9.134762
v -10.672670 2.634316 9.134762
v 8.821819 3.634316 9.134762
v -10.672670 3.634316 9.134762
v 8.821819 3.634316 10.134762
v -10.672670 3.634316 10.134762
v 8.821819 2.634316 10.134762
v -10.672670 2.634316 10.134762
v -0.850723 2.853768 9.134762
v -0.850723 2.853768 10.134762
v -0.850723 3.853768 10.134762
v -0.850723 3.853768 9.134762
v 8.821819 2.634316 2.714912
v -10.672670 2.634316 2.714912
v 8.821819 3.634316 2.714912
v -10.672670 3.634316 2.714912
v 8.821819 3.634316 3.714912
v -10.672670 3.634316 3.714912
v 8.821819 2.634316 3.714912
v -10.672670 2.634316 3.714912
v -0.850723 2.853768 2.714912
v -0.850723 2.853768 3.714912
v -0.850723 3.853768 3.714912
v -0.850723 3.853768 2.714912
v 8.821819 2.634316 5.567699
v -10.672670 2.634316 5.567699
v 8.821819 3.634316 5.567699
v -10.672670 3.634316 5.567699
v 8.821819 3.634316 6.567699
v -10.672670 3.634316 6.567699
v 8.821819 2.634316 6.567699
v -10.672670 2.634316 6.567699
v -0.850723 2.853768 5.567699
v -0.850723 2.853768 6.567699
v -0.850723 3.853768 6.567699
v -0.850723 3.853768 5.567699
v -1.189871 3.945382 8.463043
v -7.799751 3.945382 8.445881
v 5.398688 3.916426 8.456558
v 2.565142 3.945382 8.453274
v -4.929219 3.945382 8.453320
v 7.624767 3.945382 8.454720
v -10.112864 3.945382 8.456406
v -4.717718 3.945382 3.180134
v -4.717718 3.945382 -8.690876
v -7.436613 3.945382 -8.690868
v -7.436613 3.945382 3.173237
v 5.064656 3.945382 3.173237
v 5.064656 3.945382 -8.690876
v 2.380752 3.945382 -8.690876
v 2.380752 3.945382 3.180088
v -9.627537 3.945382 -8.690861
v -9.627537 3.945382 3.182987
v 7.173101 3.945382 3.181431
v 7.173101 3.945382 -8.690861
v -1.165651 3.945382 -8.690884
v -1.165651 3.945382 3.189144
v 6.797890 3.945382 -11.796017
v 4.821616 3.945382 -11.786831
v 2.257577 3.945382 -11.774921
v -1.157125 3.945382 -11.759068
v -4.576986 3.945382 -11.743176
v -7.173797 3.945382 -11.731106
v -9.215752 3.945382 -11.721622
v 6.412758 3.945382 -14.983280
v 4.572020 3.945382 -14.966335
v 2.131010 3.945382 -14.943874
v -1.148359 3.945382 -14.913692
v -4.432197 3.945382 -14.883472
v -6.903250 3.945382 -14.860737
v -8.791607 3.945382 -14.843365
v 6.104007 3.945382 -17.538425
v 4.370872 3.945382 -17.528652
v 2.028303 3.945382 -17.515438
v -1.141179 3.945382 -17.497540
v -4.312495 3.945382 -17.479656
v -6.678005 3.945382 -17.466312
v -8.436581 3.945382 -17.456394
v 7.624760 3.162924 8.454689
v 5.398725 3.179320 8.448292
v 2.565139 3.162924 8.453449
v -1.168226 3.162924 8.461819
v -4.929215 3.162924 8.453480
v -7.799745 3.162924 8.447105
v -10.112856 3.162924 8.456127
v 6.140728 3.162918 2.675346
v 4.301060 3.162918 2.668331
v 1.959292 3.162918 2.674191
v -1.135028 3.162918 2.681934
v -4.234288 3.162918 2.674221
v -6.606589 3.162918 2.668331
v -8.518221 3.162918 2.676678
v 9.196478 3.945382 8.450821
v 9.157898 3.945382 -8.690845
v -11.008749 3.945382 -8.690845
v -11.036575 3.945382 8.480549
v 8.842888 3.945382 -11.804066
v -10.711758 3.945382 -11.716129
v 8.313545 3.945382 -14.996807
v -10.198080 3.945382 -14.834377
v 7.719140 3.945382 -17.545574
v -9.589643 3.945382 -17.451870
v 6.826220 3.945382 -20.232800
v 5.300389 3.945382 -24.188976
v 3.679503 3.945382 -26.335674
v 1.616228 3.945382 -27.832874
v -1.110101 3.945382 -28.681759
v -3.840785 3.945382 -27.710453
v -5.930959 3.945382 -26.108006
v -7.615252 3.945382 -23.501438
v -8.677072 3.945382 -20.232800
v 9.265982 3.162924 8.461819
v 7.872509 3.162918 2.681934
v -11.116833 3.162924 8.461819
v -9.723360 3.162918 2.681934
v 4.983552 3.162911 -11.324024
v 6.431731 3.162911 -11.318508
v 3.445154 3.162911 -11.329906
v 1.486881 3.162911 -11.324986
v -1.100703 3.162911 -11.318508
v -3.692419 3.162911 -11.324963
v -5.676224 3.162911 -11.329906
v -7.274801 3.162911 -11.322903
v -8.282583 3.162911 -11.318508
v -4.537756 3.162911 -11.327068
v -5.245171 3.162918 2.671711
v -6.152402 3.162924 8.450764
v -6.152408 3.945382 8.450150
v -5.876291 3.945382 3.177193
v -5.876291 3.945382 -8.690876
v -5.683537 3.945382 -11.738033
v -5.485160 3.945382 -14.873783
v -5.320484 3.945382 -17.473965
v -4.731448 3.945382 -27.027622
v -2.119620 3.162911 -11.321041
v -2.353484 3.162918 2.678902
v -2.653404 3.162924 8.458542
v -2.653406 3.945382 8.459221
v -2.562125 3.945382 3.185600
v -2.562125 3.945382 -8.690884
v -2.501623 3.945382 -11.752819
v -2.439380 3.945382 -14.901814
v -2.387963 3.945382 -17.490513
v -2.183653 3.945382 -28.299900
v 0.484767 3.162911 -11.322483
v 0.760930 3.162918 2.677189
v 1.115098 3.162924 8.456692
v 1.115100 3.945382 8.457058
v 1.007308 3.945382 3.183598
v 1.007308 3.945382 -8.690884
v 0.935138 3.945382 -11.768780
v 0.860982 3.945382 -14.932194
v 0.800832 3.945382 -17.508511
v 0.560381 3.945382 -28.161625
v 2.525379 3.162911 -11.327602
v 3.201162 3.162918 2.671082
v 4.067827 3.162924 8.450085
v 4.067831 3.945382 8.449352
v 3.804061 3.945382 3.176456
v 3.804061 3.945382 -8.690876
v 3.617321 3.945382 -11.781239
v 3.425509 3.945382 -14.955784
v 3.270597 3.945382 -17.522442
v 2.710410 3.945382 -27.038891
v 4.291391 3.162911 -11.326672
v 5.313017 3.162918 2.672192
v 6.623214 3.179240 8.452461
v 6.623177 3.916426 8.461422
v 6.224461 3.945382 3.177742
v 6.224461 3.945382 -8.690868
v 5.908717 3.945382 -11.791882
v 5.584566 3.945382 -14.975658
v 5.324228 3.945382 -17.534031
v 4.571114 3.945382 -25.154819
v -6.443619 3.162911 -11.326550
v -7.524267 3.162918 2.672337
v -8.910152 3.162924 8.451435
v -8.910158 3.945382 8.450932
v -8.488363 3.945382 3.177917
v -8.488363 3.945382 -8.690868
v -8.154036 3.945382 -11.726551
v -7.809753 3.945382 -14.852398
v -7.522207 3.945382 -17.461544
v -6.739502 3.945382 -24.856731
v -2.905071 3.162911 -11.322994
v -3.292752 3.162918 2.676563
v -3.789937 3.162924 8.456013
v -3.789940 3.945382 8.456272
v -3.638621 3.945382 3.182869
v -3.638621 3.945382 -8.690884
v -3.538053 3.945382 -11.748005
v -3.434587 3.945382 -14.892651
v -3.349068 3.945382 -17.485096
v -3.011219 3.945382 -28.005527
v -0.226378 3.162911 -11.320690
v -0.089481 3.162918 2.679317
v 0.090938 3.162924 8.458992
v 0.081230 3.945382 8.459743
v 0.032651 3.945382 3.186085
v 0.032651 3.945382 -8.690884
v -0.003324 3.945382 -11.764423
v -0.040286 3.945382 -14.923893
v -0.070236 3.945382 -17.503590
v -0.188895 3.945382 -28.394924
v -8.902693 3.164029 10.217163
v -8.902699 3.946486 10.216660
v -10.095472 3.934088 10.221962
v -10.095463 3.151629 10.221687
v -11.089508 3.140080 10.227203
v -11.009251 3.922537 10.245934
v -7.928973 3.947335 10.211613
v -7.928967 3.164877 10.212837
v -8.902693 3.164029 11.857368
v -8.902699 3.946486 11.856865
v -10.095472 3.934088 11.862164
v -10.095463 3.151629 11.861889
v -11.089508 3.140080 11.867409
v -11.009251 3.922537 11.886139
v -9.059635 3.243794 14.089645
v -9.059641 3.864815 14.089142
v -9.920155 3.854975 14.094440
v -9.920147 3.233954 14.094166
v -3.792229 3.162608 9.407536
v -3.792231 3.945063 9.407795
v -4.931509 3.945586 9.404842
v -4.931506 3.163126 9.405003
v -6.154692 3.163716 9.402287
v -6.154697 3.946173 9.401672
v -7.864255 3.946497 9.397404
v -7.864249 3.164042 9.398628
v -2.655696 3.162352 9.410065
v -2.655697 3.944807 9.410740
v -3.792229 3.162608 11.219536
v -3.792231 3.945063 11.219795
v -4.931509 3.945586 11.216843
v -4.931506 3.163126 11.216999
v -5.838750 3.946173 11.213673
v -5.838745 3.163716 11.214287
v -2.749393 3.162352 11.222061
v -2.749395 3.944807 11.222740
v -3.792229 3.162608 12.765377
v -3.792231 3.945063 12.765636
v -4.931509 3.945586 12.762684
v -4.931506 3.163126 12.762844
v -2.878249 3.162352 12.767906
v -2.878251 3.944807 12.768585
v -3.967172 3.264887 16.245377
v -3.967175 3.842921 16.245636
v -4.756565 3.843306 16.242683
v -4.756563 3.265271 16.242844
v 0.094290 3.161597 9.842995
v 0.084582 3.944054 9.843750
v -1.189862 3.943674 9.847050
v -1.168217 3.161219 9.845825
v -2.656738 3.943655 9.843224
v -2.656737 3.161196 9.842548
v 2.568496 3.945210 9.837284
v 1.118453 3.944807 9.841068
v 1.118451 3.162352 9.840698
v 2.568493 3.162753 9.837456
v 0.094290 3.161597 11.047886
v 0.084582 3.944054 11.048637
v -0.937384 3.943674 11.051937
v -0.915739 3.161219 11.050713
v 2.568496 3.945210 11.042171
v 1.118453 3.944807 11.045956
v 1.118451 3.162352 11.045586
v 2.568493 3.162753 11.042343
v 2.568496 3.945210 11.478813
v 1.118453 3.944807 11.482605
v 1.118451 3.162352 11.482235
v 2.568493 3.162753 11.478992
v 0.269369 3.944054 11.485283
v 0.279077 3.161597 11.484531
v 2.430879 3.848696 13.340332
v 1.256069 3.848391 13.344120
v 1.256068 3.258868 13.343750
v 2.430877 3.259169 13.340508
v 6.623214 3.162924 10.656635
v 6.623219 3.632777 10.656105
v 5.398730 3.765763 10.651237
v 5.398725 3.162924 10.652466
v 4.067827 3.162924 10.655445
v 4.067831 3.795187 10.654716
v 2.565142 3.945382 10.658638
v 2.565139 3.162924 10.658810
v 6.623214 3.162924 14.070023
v 6.623219 3.632777 14.069492
v 5.407207 3.632777 15.491055
v 5.407202 3.162924 15.492279
v 4.230536 3.662199 15.494530
v 4.230533 3.162924 15.495258
v 6.533686 3.021954 19.991581
v 6.533691 3.227263 19.991051
v 5.488259 3.227263 19.986187
v 5.488254 3.021954 19.987411
v 9.262632 3.186121 11.793045
v 9.193129 3.968579 11.782047
v 7.616947 3.957514 12.821201
v 7.616940 3.175059 12.821175
v 6.610928 3.946448 12.817257
v 6.610922 3.163992 12.817791
v 9.123709 3.252808 15.129662
v 9.065941 3.899981 15.118664
v 7.755868 3.890829 15.122593
v 7.755864 3.243658 15.122562
v 6.623214 3.108933 10.657303
v 5.398725 3.109097 10.653137
v 6.623214 2.974863 14.068058
v 5.407202 2.919005 15.489216
v 6.533686 2.848240 19.989212
v 5.488254 2.848402 19.985043
v 5.398688 3.887469 10.661919
v 6.623177 3.887469 10.666782
v 5.408178 3.739802 15.492603
v 6.624190 3.739802 14.071041
v 5.490201 3.536160 19.989285
v 6.535633 3.536160 19.994148
v -0.660981 -5.683608 8.463043
v 5.948899 -5.683608 8.445881
v -7.249540 -5.712563 8.456558
v -4.415995 -5.683608 8.453274
v 3.078367 -5.683608 8.453320
v -9.475618 -5.683608 8.454720
v 8.262012 -5.683608 8.456406
v 2.866866 -5.683608 3.180134
v 2.866866 -5.683608 -8.690876
v 5.585761 -5.683608 -8.690868
v 5.585761 -5.683608 3.173237
v -6.915508 -5.683608 3.173237
v -6.915508 -5.683608 -8.690876
v -4.231605 -5.683608 -8.690876
v -4.231605 -5.683608 3.180088
v 7.289444 -5.683608 -8.253757
v 7.776684 -5.683608 3.182987
v -9.023952 -5.683608 3.181431
v -9.023952 -5.683608 -8.690861
v -0.685201 -5.683608 -8.690884
v -0.685201 -5.683608 3.189144
v -6.991533 -5.683608 -11.796017
v -5.015259 -5.683608 -11.786831
v -4.108429 -5.683608 -11.774921
v -0.693727 -5.683608 -11.759068
v 2.726134 -5.683608 -11.743176
v 5.322945 -5.683608 -11.731106
v 2.581345 -5.683608 -14.883472
v -9.475613 -6.466065 8.454689
v -7.249577 -6.449669 8.448292
v -4.415991 -6.466065 8.453449
v -0.682626 -6.466065 8.461819
v 3.078363 -6.466065 8.453480
v 5.948893 -6.466065 8.447105
v 8.262003 -6.466065 8.456127
v -7.991580 -6.466071 2.675346
v -6.151912 -6.466071 2.668331
v -3.810144 -6.466071 2.674191
v -0.715824 -6.466071 2.681934
v 2.383436 -6.466071 2.674221
v 4.755737 -6.466071 2.668331
v 6.667369 -6.466071 2.676678
v -11.047331 -5.683608 8.450821
v -9.351540 -5.683608 -8.690845
v 7.412215 -5.683608 -8.690845
v 9.185722 -5.683608 8.480549
v -11.116833 -6.466065 8.461819
v -9.723360 -6.466071 2.681934
v 9.265982 -6.466065 8.461819
v 7.872509 -6.466071 2.681934
v -5.177195 -6.466078 -11.324024
v -6.625374 -6.466078 -11.318508
v -5.296006 -6.466078 -11.329906
v -3.337733 -6.466078 -11.324986
v -0.750149 -6.466078 -11.318508
v 1.841567 -6.466078 -11.324963
v 3.825372 -6.466078 -11.329906
v 5.423949 -6.466078 -11.322903
v 5.552208 -6.466078 -10.938107
v 2.686904 -6.466078 -11.327068
v 3.394319 -6.466071 2.671711
v 4.301550 -6.466065 8.450764
v 4.301556 -5.683608 8.450150
v 4.025439 -5.683608 3.177193
v 4.025439 -5.683608 -8.690876
v 3.832685 -5.683608 -11.738033
v 3.634308 -5.683608 -14.873783
v 0.268768 -6.466078 -11.321041
v 0.502632 -6.466071 2.678902
v 0.802552 -6.466065 8.458542
v 0.802554 -5.683608 8.459221
v 0.711273 -5.683608 3.185600
v 0.711273 -5.683608 -8.690884
v 0.650771 -5.683608 -11.752819
v -2.335619 -6.466078 -11.322483
v -2.611782 -6.466071 2.677189
v -2.965950 -6.466065 8.456692
v -2.965952 -5.683608 8.457058
v -2.858160 -5.683608 3.183598
v -2.858160 -5.683608 -8.690884
v -2.785990 -5.683608 -11.768780
v -4.376231 -6.466078 -11.327602
v -5.052014 -6.466071 2.671082
v -5.918679 -6.466065 8.450085
v -5.918683 -5.683608 8.449352
v -5.654913 -5.683608 3.176456
v -5.654913 -5.683608 -8.690876
v -3.810963 -5.683608 -11.781239
v -4.485034 -6.466078 -11.326672
v -7.163869 -6.466071 2.672192
v -8.474066 -6.449750 8.452461
v -8.474030 -5.712563 8.461422
v -8.075313 -5.683608 3.177742
v -8.075313 -5.683608 -8.690868
v -6.102359 -5.683608 -11.791882
v 4.592767 -6.466078 -11.326550
v 5.673415 -6.466071 2.672337
v 7.059300 -6.466065 8.451435
v 7.059308 -5.683608 8.450932
v 6.637511 -5.683608 3.177917
v 6.637511 -5.683608 -8.690868
v 6.303183 -5.683608 -11.726551
v 1.054219 -6.466078 -11.322994
v 1.441900 -6.466071 2.676563
v 1.939085 -6.466065 8.456013
v 1.939088 -5.683608 8.456272
v 1.787769 -5.683608 3.182869
v 1.787769 -5.683608 -8.690884
v 1.687201 -5.683608 -11.748005
v 1.583735 -5.683608 -14.892651
v -1.624474 -6.466078 -11.320690
v -1.761371 -6.466071 2.679317
v -1.941790 -6.466065 8.458992
v -1.932082 -5.683608 8.459743
v -1.883503 -5.683608 3.186085
v -1.883503 -5.683608 -8.690884
v -1.847528 -5.683608 -11.764423
v 7.051840 -6.464961 10.217163
v 7.051848 -5.682503 10.216660
v 8.244619 -5.694901 10.221962
v 8.244612 -6.477360 10.221687
v 9.238657 -6.488909 10.227203
v 9.158398 -5.706452 10.245934
v 6.078121 -5.681655 10.211613
v 6.078115 -6.464112 10.212837
v 7.051840 -6.464961 11.857368
v 7.051848 -5.682503 11.856865
v 8.244619 -5.694901 11.862164
v 8.244612 -6.477360 11.861889
v 9.238657 -6.488909 11.867409
v 9.158398 -5.706452 11.886139
v 7.208784 -6.385195 14.089645
v 7.208788 -5.764174 14.089142
v 8.069304 -5.774014 14.094440
v 8.069296 -6.395035 14.094166
v 1.941377 -6.466382 9.407536
v 1.941379 -5.683926 9.407795
v 3.080657 -5.683404 9.404842
v 3.080654 -6.465863 9.405003
v 4.303840 -6.465273 9.402287
v 4.303845 -5.682816 9.401672
v 6.013403 -5.682492 9.397404
v 6.013397 -6.464947 9.398628
v 0.804844 -6.466637 9.410065
v 0.804845 -5.684182 9.410740
v 1.941377 -6.466382 11.219536
v 1.941379 -5.683926 11.219795
v 3.080657 -5.683404 11.216843
v 3.080654 -6.465863 11.216999
v 3.987898 -5.682816 11.213673
v 3.987893 -6.465273 11.214287
v 0.898541 -6.466637 11.222061
v 0.898543 -5.684182 11.222740
v 1.941377 -6.466382 12.765377
v 1.941379 -5.683926 12.765636
v 3.080657 -5.683404 12.762684
v 3.080654 -6.465863 12.762844
v 1.027397 -6.466637 12.767906
v 1.027399 -5.684182 12.768585
v 2.116320 -6.364102 16.245377
v 2.116323 -5.786069 16.245636
v 2.905713 -5.785683 16.242683
v 2.905711 -6.363719 16.242844
v -1.945142 -6.467393 9.842995
v -1.935434 -5.684935 9.843750
v -0.660990 -5.685315 9.847050
v -0.682635 -6.467770 9.845825
v 0.805886 -5.685334 9.843224
v 0.805885 -6.467793 9.842548
v -4.419348 -5.683779 9.837284
v -2.969305 -5.684182 9.841068
v -2.969303 -6.466637 9.840698
v -4.419345 -6.466237 9.837456
v -1.945142 -6.467393 11.047886
v -1.935434 -5.684935 11.048637
v -0.913468 -5.685315 11.051937
v -0.935113 -6.467770 11.050713
v -4.419348 -5.683779 11.042171
v -2.969305 -5.684182 11.045956
v -2.969303 -6.466637 11.045586
v -4.419345 -6.466237 11.042343
v -4.419348 -5.683779 11.478813
v -2.969305 -5.684182 11.482605
v -2.969303 -6.466637 11.482235
v -4.419345 -6.466237 11.478992
v -2.120221 -5.684935 11.485283
v -2.129929 -6.467393 11.484531
v -4.281732 -5.780293 13.340332
v -3.106921 -5.780598 13.344120
v -3.106920 -6.370122 13.343750
v -4.281729 -6.369820 13.340508
v -8.474066 -6.466065 10.656635
v -8.474072 -5.996213 10.656105
v -7.249582 -5.863227 10.651237
v -7.249577 -6.466065 10.652466
v -5.918679 -6.466065 10.655445
v -5.918683 -5.833802 10.654716
v -4.415995 -5.683608 10.658638
v -4.415991 -6.466065 10.658810
v -8.474066 -6.466065 14.070023
v -8.474072 -5.996213 14.069492
v -7.258059 -5.996213 15.491055
v -7.258054 -6.466065 15.492279
v -6.081388 -5.966790 15.494530
v -6.081385 -6.466065 15.495258
v -8.384538 -6.607035 19.991581
v -8.384542 -6.401726 19.991051
v -7.339111 -6.401726 19.986187
v -7.339106 -6.607035 19.987411
v -11.113483 -6.442868 11.793045
v -11.043982 -5.660411 11.782047
v -9.467798 -5.671475 12.821201
v -9.467793 -6.453930 12.821175
v -8.461780 -5.682541 12.817257
v -8.461774 -6.464997 12.817791
v -10.974562 -6.376181 15.129662
v -10.916792 -5.729008 15.118664
v -9.606720 -5.738160 15.122593
v -9.606716 -6.385331 15.122562
v -8.474066 -6.520056 10.657303
v -7.249577 -6.519892 10.653137
v -8.474066 -6.654126 14.068058
v -7.258054 -6.709984 15.489216
v -8.384538 -6.780749 19.989212
v -7.339106 -6.780587 19.985043
v -7.249540 -5.741521 10.661919
v -8.474030 -5.741521 10.666782
v -7.259030 -5.889187 15.492603
v -8.475042 -5.889187 14.071041
v -7.341053 -6.092829 19.989285
v -8.386484 -6.092829 19.994148
v 0.455690 -11.013726 6.308208
v 0.041039 -11.011475 5.904331
v -0.519926 -11.018626 5.761761
v -1.076895 -11.033264 5.918697
v -1.480629 -11.051466 6.333099
v -1.622947 -11.068355 6.893921
v -1.465716 -11.079405 7.450893
v -1.051065 -11.081656 7.854771
v -0.490100 -11.074504 7.997341
v 0.066869 -11.059867 7.840401
v 0.470603 -11.041665 7.425999
v 0.612921 -11.024777 6.865177
v -1.271456 42.342469 8.053490
v -1.369493 42.342995 7.958000
v -1.502165 42.341309 7.924252
v -1.633891 42.337838 7.961399
v -1.729347 42.333550 8.059376
v -1.763036 42.329537 8.192013
v -1.725820 42.326928 8.323738
v -1.627783 42.326409 8.419231
v -1.495111 42.328080 8.452980
v -1.363385 42.331559 8.415833
v -1.267929 42.335862 8.317852
v -1.234239 42.339852 8.185219
v 0.121346 7.423663 6.741146
v -0.288796 7.425890 6.341656
v -0.843661 7.418814 6.200634
v -1.394573 7.404337 6.355869
v -1.793917 7.386336 6.765766
v -1.934687 7.369625 7.320488
v -1.779166 7.358698 7.871399
v -1.369024 7.356470 8.270889
v -0.814159 7.363547 8.411907
v -0.263246 7.378024 8.256672
v 0.136097 7.396027 7.846779
v 0.276868 7.412732 7.292057
v -1.498638 42.569977 8.188614
v -7.570024 32.692292 7.932873
v -7.524488 33.056122 7.862267
v -7.486900 33.337456 8.104916
v -7.485566 33.324425 8.478100
v -7.521490 33.026856 8.700806
v -7.567620 32.668816 8.605328
v -7.589220 32.519913 8.263569
v -7.445344 32.594185 7.821911
v -7.385321 33.073777 7.728840
v -7.335775 33.444603 8.048683
v -7.334016 33.427437 8.540588
v -7.381369 33.035195 8.834145
v -7.442174 32.563248 8.708294
v -7.470646 32.366982 8.257805
v -7.592281 32.530503 7.713112
v -7.517771 33.125840 7.597580
v -7.456268 33.586174 7.994617
v -7.454084 33.564865 8.605247
v -7.512865 33.077950 8.969654
v -7.588347 32.492096 8.813427
v -7.623691 32.248459 8.254215
v -7.716961 32.628601 7.824081
v -7.656939 33.108193 7.731010
v -7.607393 33.479020 8.050854
v -7.605634 33.461853 8.542759
v -7.652986 33.069611 8.836315
v -7.713792 32.597664 8.710464
v -7.742264 32.401398 8.259979
v 12.297083 33.780640 8.923855
v -14.383930 32.630600 8.131233
v -0.949926 33.703125 8.253525
v -0.931833 33.446511 8.016800
v -0.915680 33.099633 7.976368
v -0.907638 32.794999 8.147678
v -0.910779 32.648957 8.465294
v -0.923902 32.717286 8.807892
v -0.941996 32.973908 9.044617
v -0.958148 33.320786 9.085049
v -0.966190 33.625420 8.913738
v -0.963049 33.771462 8.596123
v -7.525890 33.283532 8.134537
v -7.535393 33.333016 8.382614
v -7.537667 33.227265 8.612598
v -7.531844 33.006676 8.736645
v -7.520148 32.755501 8.707371
v -7.507046 32.569687 8.535957
v -7.497544 32.520203 8.287880
v -7.495269 32.625954 8.057899
v -7.501093 32.846543 7.933849
v -7.512789 33.097718 7.963127
v 6.090796 33.870453 8.539055
v 6.103899 33.684639 8.367641
v 6.115595 33.433464 8.338364
v 6.121418 33.212876 8.462414
v 6.119143 33.107125 8.692398
v 6.109641 33.156617 8.940472
v 6.096539 33.342430 9.111885
v 6.084844 33.593598 9.141159
v 6.079020 33.814186 9.017113
v 6.081295 33.919937 8.787128
v 3.855785 33.205803 8.361130
v 3.901321 33.569649 8.290524
v 3.938909 33.850975 8.533169
v 3.940243 33.837952 8.906353
v 3.904320 33.540375 9.129059
v 3.858189 33.182335 9.033581
v 3.836589 33.033440 8.691822
v 3.980464 33.107705 8.250164
v 4.040488 33.587296 8.157093
v 4.090034 33.958130 8.476936
v 4.091793 33.940956 8.968842
v 4.044440 33.548714 9.262398
v 3.983634 33.076767 9.136547
v 3.955163 32.880501 8.686058
v 3.833528 33.044022 8.141365
v 3.908038 33.639359 8.025833
v 3.969542 34.099694 8.422871
v 3.971725 34.078377 9.033504
v 3.912944 33.591469 9.397907
v 3.837462 33.005616 9.241684
v 3.802118 32.761979 8.682468
v 3.708848 33.142121 8.252335
v 3.768871 33.621712 8.159267
v 3.818416 33.992539 8.479107
v 3.820175 33.975373 8.971012
v 3.772823 33.583130 9.264568
v 3.712017 33.111184 9.138718
v 3.683545 32.914917 8.688232
v -12.783186 17.199587 8.072994
v -9.261465 18.100081 9.603355
v -6.518960 18.429659 9.536701
v -3.767346 18.516806 9.508778
v -1.010749 18.577624 9.552650
v 1.746433 18.650977 9.550938
v 4.490135 18.770449 9.372326
v 7.240843 18.643401 9.202049
v 10.670383 18.134405 8.617191
v -12.318375 19.974108 9.709400
v -9.324507 20.071818 9.681641
v -6.564414 20.154219 9.999027
v -3.797350 20.206869 10.450127
v -1.016935 20.207652 10.822102
v 1.753278 20.277102 10.819744
v 4.478602 20.442114 10.248676
v 7.185784 20.607020 9.442631
v 10.169273 20.714907 9.160206
v -12.129654 21.713675 9.842407
v -9.365160 21.793383 10.338806
v -6.599388 21.868838 10.934849
v -3.843191 21.915934 11.306488
v -1.059527 21.928244 11.737862
v 1.720608 21.998831 11.656910
v 4.444458 22.170245 10.993671
v 7.144268 22.329947 9.999153
v 9.871408 22.439932 9.231415
v -12.178951 23.441897 10.154915
v -9.408318 23.516875 10.896141
v -6.658411 23.597281 11.244812
v -3.912908 23.657828 11.891666
v -1.136222 23.714526 12.445881
v 1.643707 23.809840 12.170078
v 4.378016 23.941702 11.302689
v 7.093595 24.060950 10.422310
v 9.818752 24.170744 9.409885
v -12.235533 25.175742 10.176807
v -9.464054 25.250067 10.951813
v -6.713789 25.330649 11.299416
v -3.967454 25.400401 11.971615
v -1.193436 25.479102 12.474537
v 1.588223 25.584216 12.238865
v 4.328115 25.694567 11.454338
v 7.043044 25.793574 10.625732
v 9.766159 25.901514 9.590919
v -11.931993 26.926951 9.916992
v -9.255310 27.000605 10.572330
v -6.581028 27.075068 11.181599
v -3.921724 27.161547 11.442268
v -1.239484 27.254095 11.866055
v 1.444140 27.350855 11.761982
v 4.088995 27.439028 11.233055
v 6.712735 27.523398 10.580521
v 9.340132 27.625185 9.374435
v -11.635609 28.673828 9.860363
v -9.060175 28.754258 10.294910
v -6.463534 28.819054 11.016754
v -3.883421 28.918229 11.278431
v -1.301823 29.025902 11.392178
v 1.280079 29.107735 11.339188
v 3.838860 29.169579 10.989262
v 6.372269 29.256943 10.036472
v 8.924368 29.350785 9.233826
v -11.406590 30.422493 9.884106
v -8.778604 30.503220 10.181442
v -6.312376 30.576798 10.193092
v -3.833567 30.668869 10.931473
v -1.367405 30.768715 11.178825
v 1.082744 30.841935 10.886692
v 3.514071 30.903412 10.043026
v 5.955321 30.988205 9.491802
v 8.410200 31.069641 9.181297
v -11.342190 32.474671 8.535984
v -8.839775 32.378807 9.374149
v -6.379430 32.317925 9.801193
v -3.919881 32.408677 9.836391
v -1.458918 32.504189 9.900398
v 0.992775 32.577004 9.738914
v 3.443182 32.642853 9.565990
v 5.893667 32.864167 9.497742
v 8.705612 33.409294 8.680149
v -12.783186 17.199587 7.963722
v -9.261465 18.100081 9.494080
v -6.518960 18.429659 9.427429
v -3.767346 18.516806 9.399506
v -1.010749 18.577624 9.443378
v 1.746433 18.650977 9.441666
v 4.490135 18.770449 9.263054
v 7.240843 18.643401 9.092777
v 10.670383 18.134405 8.507919
v -12.318375 19.974108 9.600128
v -9.324507 20.071818 9.572365
v -6.564414 20.154219 9.889759
v -3.797350 20.206869 10.340858
v -1.016935 20.207652 10.712830
v 1.753278 20.277102 10.710476
v 4.478602 20.442114 10.139404
v 7.185784 20.607020 9.333359
v 10.169273 20.714907 9.050938
v -12.129654 21.713675 9.733135
v -9.365160 21.793383 10.229530
v -6.599388 21.868838 10.825581
v -3.843191 21.915934 11.197220
v -1.059527 21.928244 11.628593
v 1.720608 21.998831 11.547642
v 4.444458 22.170245 10.884399
v 7.144268 22.329947 9.889881
v 9.871408 22.439932 9.122143
v -12.178951 23.441897 10.045643
v -9.408318 23.516875 10.786869
v -6.658411 23.597281 11.135540
v -3.912908 23.657828 11.782391
v -1.136222 23.714526 12.336613
v 1.643707 23.809840 12.060806
v 4.378016 23.941702 11.193417
v 7.093595 24.060950 10.313038
v 9.818752 24.170744 9.300617
v -12.235533 25.175742 10.067539
v -9.464054 25.250067 10.842545
v -6.713790 25.330649 10.921951
v -3.967454 25.400401 11.594158
v -1.193436 25.479102 12.097080
v 1.588224 25.584216 11.861401
v 4.328114 25.694567 11.076874
v 7.043044 25.793574 10.516464
v 9.766159 25.901514 9.481651
v -11.931993 26.926947 9.794518
v -9.255312 27.000605 10.194870
v -6.581028 27.075068 10.804134
v -3.921724 27.161547 11.064812
v -1.239484 27.254095 11.488594
v 1.444140 27.350855 11.384518
v 4.088995 27.439028 10.855591
v 6.712736 27.523398 10.203060
v 9.340132 27.625185 9.145184
v -11.635609 28.673828 9.737885
v -9.060175 28.754258 9.639118
v -6.463534 28.819054 10.639294
v -3.883421 28.918229 10.900970
v -1.301823 29.025902 11.014717
v 1.280080 29.107735 10.961731
v 3.838860 29.169579 10.611801
v 6.372268 29.256943 9.659012
v 8.924368 29.350785 8.997856
v -11.406590 30.422493 9.761627
v -8.778604 30.503220 9.178356
v -6.312376 30.576798 9.815632
v -3.833567 30.668869 10.822205
v -1.367405 30.768715 11.069553
v 1.082744 30.841935 10.777424
v 3.514072 30.903412 9.665565
v 5.955321 30.988205 9.114342
v 8.410200 31.069641 9.026600
v -11.342190 32.474671 8.272461
v -8.839775 32.378807 8.996689
v -6.379430 32.317925 9.691921
v -3.919881 32.408677 9.727119
v -1.458918 32.504189 9.791130
v 0.992775 32.577004 9.629646
v 3.443182 32.642853 9.456722
v 5.893667 32.864167 9.388470
v 8.705612 33.409294 8.570881
v -7.739386 17.096953 7.959263
v -7.692668 17.470232 7.886826
v -7.654105 17.758864 8.135769
v -7.652735 17.745497 8.518635
v -7.689591 17.440203 8.747116
v -7.736919 17.072871 8.649166
v -7.759079 16.920111 8.298538
v -7.611471 16.996306 7.845413
v -7.549890 17.488341 7.749931
v -7.499058 17.868796 8.078075
v -7.497253 17.851179 8.582745
v -7.545835 17.448759 8.883919
v -7.608218 16.964564 8.754799
v -7.637429 16.763205 8.292625
v -7.762220 16.930968 7.733799
v -7.685777 17.541758 7.615265
v -7.622677 18.014037 8.022610
v -7.620437 17.992171 8.649082
v -7.680743 17.492625 9.022942
v -7.758183 16.891570 8.862667
v -7.794445 16.641608 8.288944
v -7.890136 17.031615 7.847645
v -7.828555 17.523650 7.752159
v -7.777724 17.904105 8.080303
v -7.775919 17.886488 8.584972
v -7.824500 17.484068 8.886147
v -7.886884 16.999876 8.757030
v -7.916095 16.798514 8.294857
v 12.643261 18.213545 8.975956
v -14.730108 17.033667 8.162769
v -0.947500 18.134020 8.288227
v -0.928937 17.870749 8.045364
v -0.912365 17.514872 8.003887
v -0.904115 17.202330 8.179642
v -0.907337 17.052496 8.505497
v -0.920801 17.122607 8.856987
v -0.939364 17.385882 9.099854
v -0.955935 17.741755 9.141331
v -0.964186 18.054301 8.965576
v -0.960964 18.204131 8.639721
v -7.694107 17.703539 8.166157
v -7.703856 17.754309 8.420673
v -7.706188 17.645815 8.656624
v -7.700214 17.419501 8.783886
v -7.688215 17.161810 8.753857
v -7.674774 16.971171 8.577995
v -7.665024 16.920405 8.323479
v -7.662691 17.028899 8.087528
v -7.668665 17.255213 7.960262
v -7.680665 17.512904 7.990299
v 6.275925 18.305693 8.581165
v 6.289367 18.115057 8.405308
v 6.301367 17.857367 8.375275
v 6.307341 17.631052 8.502541
v 6.305008 17.522559 8.738491
v 6.295258 17.573328 8.993008
v 6.281817 17.763964 9.168865
v 6.269818 18.021654 9.198902
v 6.263844 18.247965 9.071632
v 6.266177 18.356459 8.835682
v 3.982916 17.623797 8.398628
v 4.029634 17.997076 8.326191
v 4.068197 18.285708 8.575134
v 4.069567 18.272345 8.958000
v 4.032711 17.967051 9.186485
v 3.985383 17.599718 9.088531
v 3.963223 17.446955 8.737904
v 4.110831 17.523150 8.284782
v 4.172412 18.015185 8.189301
v 4.223244 18.395640 8.517437
v 4.225049 18.378024 9.022110
v 4.176467 17.975607 9.323284
v 4.114084 17.491412 9.194168
v 4.084873 17.290049 8.731991
v 3.960082 17.457816 8.173164
v 4.036525 18.068602 8.054634
v 4.099625 18.540881 8.461975
v 4.101865 18.519015 9.088451
v 4.041559 18.019469 9.462311
v 3.964118 17.418414 9.302032
v 3.927857 17.168452 8.728310
v 3.832166 17.558459 8.287014
v 3.893747 18.050494 8.191528
v 3.944578 18.430949 8.519669
v 3.946383 18.413332 9.024342
v 3.897802 18.010916 9.325516
v 3.835418 17.526720 9.196400
v 3.806207 17.325358 8.734219
vt 0.226738 0.910538
vt 0.226565 0.927686
vt 0.201621 0.927469
vt 0.201794 0.910321
vt 0.006767 0.986266
vt 0.006912 0.969118
vt 0.056971 0.969543
vt 0.056825 0.986690
vt 0.361350 0.341625
vt 0.361049 0.352731
vt 0.349367 0.358299
vt 0.349281 0.344796
vt 0.230484 0.453010
vt 0.229181 0.466670
vt 0.219222 0.461568
vt 0.223743 0.454094
vt 0.915833 0.993977
vt 0.915979 0.976829
vt 0.953095 0.977144
vt 0.952949 0.994291
vt 0.421132 0.338131
vt 0.418176 0.350650
vt 0.382810 0.348492
vt 0.385224 0.336033
vt 0.281126 0.467314
vt 0.281087 0.480024
vt 0.249022 0.476099
vt 0.249528 0.463537
vt 0.477457 0.361111
vt 0.480940 0.348535
vt 0.510649 0.356833
vt 0.507166 0.369409
vt 0.814090 0.975965
vt 0.813945 0.993112
vt 0.745182 0.992529
vt 0.745328 0.975382
vt 0.335951 0.479818
vt 0.335539 0.466964
vt 0.363453 0.463807
vt 0.363864 0.476661
vt 0.538841 0.372683
vt 0.531699 0.382170
vt 0.633667 0.991583
vt 0.633813 0.974436
vt 0.387751 0.455433
vt 0.392037 0.465880
vt 0.615511 0.449013
vt 0.608370 0.458499
vt 0.137716 0.987376
vt 0.137862 0.970229
vt 0.471383 0.393687
vt 0.475670 0.404134
vt 0.628016 0.461462
vt 0.620875 0.470949
vt 0.485024 0.383616
vt 0.489310 0.394063
vt 0.170561 0.910050
vt 0.170387 0.927197
vt 0.139036 0.926925
vt 0.139209 0.909777
vt 0.334002 0.347383
vt 0.341362 0.360647
vt 0.335630 0.375307
vt 0.318368 0.347487
vt 0.215594 0.444780
vt 0.206314 0.456501
vt 0.192567 0.453799
vt 0.213642 0.429518
vt 0.275911 0.910966
vt 0.275737 0.928113
vt 0.865392 0.993549
vt 0.865538 0.976401
vt 0.454187 0.342869
vt 0.450704 0.355445
vt 0.310784 0.468044
vt 0.311195 0.480898
vt 0.719804 0.611870
vt 0.679903 0.610520
vt 0.679437 0.631179
vt 0.719400 0.629737
vt 0.906171 0.515281
vt 0.890129 0.551840
vt 0.906412 0.559205
vt 0.924999 0.523797
vt 0.960907 0.509857
vt 0.937688 0.509642
vt 0.937474 0.532746
vt 0.960693 0.532961
vt 0.884250 0.753968
vt 0.883418 0.793880
vt 0.906633 0.794364
vt 0.907465 0.754452
vt 0.825271 0.600213
vt 0.787135 0.611411
vt 0.787509 0.635688
vt 0.838464 0.624011
vt 0.860590 0.612348
vt 0.833998 0.641887
vt 0.849747 0.664076
vt 0.882317 0.623186
vt 0.886442 0.648813
vt 0.885653 0.686678
vt 0.908868 0.687162
vt 0.909657 0.649297
vt 0.877823 0.519617
vt 0.855598 0.559744
vt 0.870334 0.575852
vt 0.895455 0.534725
vt 0.784392 0.651724
vt 0.738600 0.654405
vt 0.744595 0.676838
vt 0.792541 0.671978
vt 0.936435 0.661070
vt 0.937282 0.620461
vt 0.914067 0.619977
vt 0.913220 0.660586
vt 0.902369 0.459956
vt 0.922774 0.468775
vt 0.674192 0.650729
vt 0.673317 0.672942
vt 0.935181 0.721257
vt 0.911966 0.720773
vt 0.922892 0.475835
vt 0.943001 0.484931
vt 0.637106 0.608533
vt 0.636608 0.630598
vt 0.882525 0.836702
vt 0.905740 0.837186
vt 0.758764 0.613301
vt 0.758304 0.633688
vt 0.885063 0.714994
vt 0.908277 0.715478
vt 0.874566 0.587585
vt 0.893146 0.595989
vt 0.940434 0.435226
vt 0.961591 0.444795
vt 0.592904 0.606783
vt 0.592380 0.629997
vt 0.881603 0.880922
vt 0.904818 0.881406
vt 0.887055 0.619414
vt 0.910270 0.619898
vt 0.915235 0.402881
vt 0.938282 0.405709
vt 0.617167 0.637641
vt 0.609748 0.659643
vt 0.933985 0.778595
vt 0.910770 0.778111
vt 0.719804 0.611870
vt 0.679903 0.610520
vt 0.679437 0.631179
vt 0.719400 0.629737
vt 0.906171 0.515281
vt 0.890129 0.551840
vt 0.906412 0.559205
vt 0.924999 0.523797
vt 0.960907 0.509857
vt 0.937688 0.509642
vt 0.937474 0.532746
vt 0.960693 0.532961
vt 0.884250 0.753968
vt 0.883418 0.793880
vt 0.906633 0.794364
vt 0.907465 0.754452
vt 0.825271 0.600213
vt 0.787135 0.611411
vt 0.787509 0.635688
vt 0.838464 0.624011
vt 0.860590 0.612348
vt 0.833998 0.641887
vt 0.849747 0.664076
vt 0.882317 0.623186
vt 0.886442 0.648813
vt 0.885653 0.686678
vt 0.908868 0.687162
vt 0.909657 0.649297
vt 0.877823 0.519617
vt 0.855598 0.559744
vt 0.870334 0.575852
vt 0.895455 0.534725
vt 0.784392 0.651724
vt 0.738600 0.654405
vt 0.744595 0.676838
vt 0.792541 0.671978
vt 0.936435 0.661070
vt 0.937282 0.620461
vt 0.914067 0.619977
vt 0.913220 0.660586
vt 0.902369 0.459956
vt 0.922774 0.468775
vt 0.674192 0.650729
vt 0.673317 0.672942
vt 0.935181 0.721257
vt 0.911966 0.720773
vt 0.922892 0.475835
vt 0.943001 0.484931
vt 0.637106 0.608533
vt 0.636608 0.630598
vt 0.882525 0.836702
vt 0.905740 0.837186
vt 0.758764 0.613301
vt 0.758304 0.633688
vt 0.885063 0.714994
vt 0.908277 0.715478
vt 0.874566 0.587585
vt 0.893146 0.595989
vt 0.940434 0.435226
vt 0.961591 0.444795
vt 0.592904 0.606783
vt 0.592380 0.629997
vt 0.881603 0.880922
vt 0.904818 0.881406
vt 0.887055 0.619414
vt 0.910270 0.619898
vt 0.915235 0.402881
vt 0.938282 0.405709
vt 0.617167 0.637641
vt 0.609748 0.659643
vt 0.933985 0.778595
vt 0.910770 0.778111
vt 0.719804 0.611870
vt 0.679903 0.610520
vt 0.679437 0.631179
vt 0.719400 0.629737
vt 0.906171 0.515281
vt 0.890129 0.551840
vt 0.906412 0.559205
vt 0.924999 0.523797
vt 0.960907 0.509857
vt 0.937688 0.509642
vt 0.937474 0.532746
vt 0.960693 0.532961
vt 0.884250 0.753968
vt 0.883418 0.793880
vt 0.906633 0.794364
vt 0.907465 0.754452
vt 0.825271 0.600213
vt 0.787135 0.611411
vt 0.787509 0.635688
vt 0.838464 0.624011
vt 0.860590 0.612348
vt 0.833998 0.641887
vt 0.849747 0.664076
vt 0.882317 0.623186
vt 0.886442 0.648813
vt 0.885653 0.686678
vt 0.908868 0.687162
vt 0.909657 0.649297
vt 0.877823 0.519617
vt 0.855598 0.559744
vt 0.870334 0.575852
vt 0.895455 0.534725
vt 0.784392 0.651724
vt 0.738600 0.654405
vt 0.744595 0.676838
vt 0.792541 0.671978
vt 0.936435 0.661070
vt 0.937282 0.620461
vt 0.914067 0.619977
vt 0.913220 0.660586
vt 0.902369 0.459956
vt 0.922774 0.468775
vt 0.674192 0.650729
vt 0.673317 0.672942
vt 0.935181 0.721257
vt 0.911966 0.720773
vt 0.922892 0.475835
vt 0.943001 0.484931
vt 0.637106 0.608533
vt 0.636608 0.630598
vt 0.882525 0.836702
vt 0.905740 0.837186
vt 0.758764 0.613301
vt 0.758304 0.633688
vt 0.885063 0.714994
vt 0.908277 0.715478
vt 0.874566 0.587585
vt 0.893146 0.595989
vt 0.940434 0.435226
vt 0.961591 0.444795
vt 0.592904 0.606783
vt 0.592380 0.629997
vt 0.881603 0.880922
vt 0.904818 0.881406
vt 0.887055 0.619414
vt 0.910270 0.619898
vt 0.915235 0.402881
vt 0.938282 0.405709
vt 0.617167 0.637641
vt 0.609748 0.659643
vt 0.933985 0.778595
vt 0.910770 0.778111
vt 0.719804 0.611870
vt 0.719400 0.629737
vt 0.679437 0.631179
vt 0.679903 0.610520
vt 0.906171 0.515281
vt 0.924999 0.523797
vt 0.906412 0.559205
vt 0.890129 0.551840
vt 0.960907 0.509857
vt 0.960693 0.532961
vt 0.937474 0.532746
vt 0.937688 0.509642
vt 0.884250 0.753968
vt 0.907465 0.754452
vt 0.906633 0.794364
vt 0.883418 0.793880
vt 0.825271 0.600213
vt 0.838464 0.624011
vt 0.787509 0.635688
vt 0.787135 0.611411
vt 0.860590 0.612348
vt 0.882317 0.623186
vt 0.849747 0.664076
vt 0.833998 0.641887
vt 0.886442 0.648813
vt 0.909657 0.649297
vt 0.908868 0.687162
vt 0.885653 0.686678
vt 0.877823 0.519617
vt 0.895455 0.534725
vt 0.870334 0.575852
vt 0.855598 0.559744
vt 0.784392 0.651724
vt 0.792541 0.671978
vt 0.744595 0.676838
vt 0.738600 0.654405
vt 0.936435 0.661070
vt 0.913220 0.660586
vt 0.914067 0.619977
vt 0.937282 0.620461
vt 0.902369 0.459956
vt 0.922774 0.468775
vt 0.673317 0.672942
vt 0.674192 0.650729
vt 0.935181 0.721257
vt 0.911966 0.720773
vt 0.922892 0.475835
vt 0.943001 0.484931
vt 0.636608 0.630598
vt 0.637106 0.608533
vt 0.905740 0.837186
vt 0.882525 0.836702
vt 0.758304 0.633688
vt 0.758764 0.613301
vt 0.908277 0.715478
vt 0.885063 0.714994
vt 0.874566 0.587585
vt 0.893146 0.595989
vt 0.940434 0.435226
vt 0.961591 0.444795
vt 0.592380 0.629997
vt 0.592904 0.606783
vt 0.904818 0.881406
vt 0.881603 0.880922
vt 0.887055 0.619414
vt 0.910270 0.619898
vt 0.915235 0.402881
vt 0.938282 0.405709
vt 0.609748 0.659643
vt 0.617167 0.637641
vt 0.933985 0.778595
vt 0.910770 0.778111
vt 0.719804 0.611870
vt 0.719400 0.629737
vt 0.679437 0.631179
vt 0.679903 0.610520
vt 0.906171 0.515281
vt 0.924999 0.523797
vt 0.906412 0.559205
vt 0.890129 0.551840
vt 0.960907 0.509857
vt 0.960693 0.532961
vt 0.937474 0.532746
vt 0.937688 0.509642
vt 0.884250 0.753968
vt 0.907465 0.754452
vt 0.906633 0.794364
vt 0.883418 0.793880
vt 0.825271 0.600213
vt 0.838464 0.624011
vt 0.787509 0.635688
vt 0.787135 0.611411
vt 0.860590 0.612348
vt 0.882317 0.623186
vt 0.849747 0.664076
vt 0.833998 0.641887
vt 0.886442 0.648813
vt 0.909657 0.649297
vt 0.908868 0.687162
vt 0.885653 0.686678
vt 0.877823 0.519617
vt 0.895455 0.534725
vt 0.870334 0.575852
vt 0.855598 0.559744
vt 0.784392 0.651724
vt 0.792541 0.671978
vt 0.744595 0.676838
vt 0.738600 0.654405
vt 0.936435 0.661070
vt 0.913220 0.660586
vt 0.914067 0.619977
vt 0.937282 0.620461
vt 0.902369 0.459956
vt 0.922774 0.468775
vt 0.673317 0.672942
vt 0.674192 0.650729
vt 0.935181 0.721257
vt 0.911966 0.720773
vt 0.922892 0.475835
vt 0.943001 0.484931
vt 0.636608 0.630598
vt 0.637106 0.608533
vt 0.905740 0.837186
vt 0.882525 0.836702
vt 0.758304 0.633688
vt 0.758764 0.613301
vt 0.908277 0.715478
vt 0.885063 0.714994
vt 0.874566 0.587585
vt 0.893146 0.595989
vt 0.940434 0.435226
vt 0.961591 0.444795
vt 0.592380 0.629997
vt 0.592904 0.606783
vt 0.904818 0.881406
vt 0.881603 0.880922
vt 0.887055 0.619414
vt 0.910270 0.619898
vt 0.915235 0.402881
vt 0.938282 0.405709
vt 0.609748 0.659643
vt 0.617167 0.637641
vt 0.933985 0.778595
vt 0.910770 0.778111
vt 0.719804 0.611870
vt 0.719400 0.629737
vt 0.679437 0.631179
vt 0.679903 0.610520
vt 0.906171 0.515281
vt 0.924999 0.523797
vt 0.906412 0.559205
vt 0.890129 0.551840
vt 0.960907 0.509857
vt 0.960693 0.532961
vt 0.937474 0.532746
vt 0.937688 0.509642
vt 0.884250 0.753968
vt 0.907465 0.754452
vt 0.906633 0.794364
vt 0.883418 0.793880
vt 0.825271 0.600213
vt 0.838464 0.624011
vt 0.787509 0.635688
vt 0.787135 0.611411
vt 0.860590 0.612348
vt 0.882317 0.623186
vt 0.849747 0.664076
vt 0.833998 0.641887
vt 0.886442 0.648813
vt 0.909657 0.649297
vt 0.908868 0.687162
vt 0.885653 0.686678
vt 0.877823 0.519617
vt 0.895455 0.534725
vt 0.870334 0.575852
vt 0.855598 0.559744
vt 0.784392 0.651724
vt 0.792541 0.671978
vt 0.744595 0.676838
vt 0.738600 0.654405
vt 0.936435 0.661070
vt 0.913220 0.660586
vt 0.914067 0.619977
vt 0.937282 0.620461
vt 0.902369 0.459956
vt 0.922774 0.468775
vt 0.673317 0.672942
vt 0.674192 0.650729
vt 0.935181 0.721257
vt 0.911966 0.720773
vt 0.922892 0.475835
vt 0.943001 0.484931
vt 0.636608 0.630598
vt 0.637106 0.608533
vt 0.905740 0.837186
vt 0.882525 0.836702
vt 0.758304 0.633688
vt 0.758764 0.613301
vt 0.908277 0.715478
vt 0.885063 0.714994
vt 0.874566 0.587585
vt 0.893146 0.595989
vt 0.940434 0.435226
vt 0.961591 0.444795
vt 0.592380 0.629997
vt 0.592904 0.606783
vt 0.904818 0.881406
vt 0.881603 0.880922
vt 0.887055 0.619414
vt 0.910270 0.619898
vt 0.915235 0.402881
vt 0.938282 0.405709
vt 0.609748 0.659643
vt 0.617167 0.637641
vt 0.933985 0.778595
vt 0.910770 0.778111
vt 0.370730 0.554841
vt 0.370730 0.524531
vt 0.620853 0.517879
vt 0.620853 0.548189
vt 0.374810 0.488503
vt 0.374852 0.518813
vt 0.124720 0.512507
vt 0.124678 0.482197
vt 0.374662 0.589421
vt 0.374662 0.558770
vt 0.628647 0.558770
vt 0.628647 0.589421
vt 0.124540 0.558770
vt 0.124540 0.589421
vt 0.621160 0.511820
vt 0.621118 0.481510
vt 0.124412 0.517879
vt 0.124412 0.548189
vt 0.370730 0.554841
vt 0.370730 0.524531
vt 0.620853 0.517879
vt 0.620853 0.548189
vt 0.374810 0.488503
vt 0.374852 0.518813
vt 0.124720 0.512507
vt 0.124678 0.482197
vt 0.374662 0.589421
vt 0.374662 0.558770
vt 0.628647 0.558770
vt 0.628647 0.589421
vt 0.124540 0.558770
vt 0.124540 0.589421
vt 0.621160 0.511820
vt 0.621118 0.481510
vt 0.124412 0.517879
vt 0.124412 0.548189
vt 0.370730 0.554841
vt 0.370730 0.524531
vt 0.620853 0.517879
vt 0.620853 0.548189
vt 0.374810 0.488503
vt 0.374852 0.518813
vt 0.124720 0.512507
vt 0.124678 0.482197
vt 0.374662 0.589421
vt 0.374662 0.558770
vt 0.628647 0.558770
vt 0.628647 0.589421
vt 0.124540 0.558770
vt 0.124540 0.589421
vt 0.621160 0.511820
vt 0.621118 0.481510
vt 0.124412 0.517879
vt 0.124412 0.548189
vt 0.685586 0.088692
vt 0.685873 0.280745
vt 0.660617 0.280771
vt 0.660339 0.088793
vt 0.842241 0.088470
vt 0.842520 0.280505
vt 0.819487 0.280539
vt 0.819201 0.088450
vt 0.643320 0.088745
vt 0.643595 0.280791
vt 0.625157 0.280811
vt 0.624886 0.088691
vt 0.881415 0.088393
vt 0.881689 0.280446
vt 0.862919 0.280472
vt 0.862651 0.088489
vt 0.781201 0.088408
vt 0.781488 0.280592
vt 0.762100 0.280625
vt 0.761817 0.088385
vt 0.721797 0.088548
vt 0.722084 0.280692
vt 0.704626 0.280726
vt 0.704335 0.088618
vt 0.929161 0.280372
vt 0.897042 0.280426
vt 0.896777 0.088310
vt 0.929409 0.003000
vt 0.602803 0.280839
vt 0.601967 0.003014
vt 0.924170 0.330800
vt 0.891069 0.330712
vt 0.876683 0.330665
vt 0.859087 0.330610
vt 0.839588 0.330540
vt 0.817572 0.330461
vt 0.780974 0.330336
vt 0.762307 0.330276
vt 0.723782 0.330153
vt 0.706975 0.330105
vt 0.689072 0.330053
vt 0.664960 0.329986
vt 0.649095 0.329941
vt 0.631914 0.329890
vt 0.607693 0.329845
vt 0.915627 0.382476
vt 0.884895 0.382293
vt 0.871502 0.382188
vt 0.855118 0.382059
vt 0.836565 0.381917
vt 0.815615 0.381757
vt 0.780472 0.381492
vt 0.762542 0.381359
vt 0.725549 0.381070
vt 0.709408 0.380939
vt 0.692370 0.380804
vt 0.669429 0.380627
vt 0.654766 0.380516
vt 0.638886 0.380403
vt 0.616138 0.380296
vt 0.906089 0.423689
vt 0.879973 0.423621
vt 0.867357 0.423570
vt 0.851930 0.423510
vt 0.834119 0.423443
vt 0.814013 0.423365
vt 0.780051 0.423234
vt 0.762721 0.423166
vt 0.726994 0.423019
vt 0.711403 0.422949
vt 0.695085 0.422880
vt 0.673113 0.422782
vt 0.659452 0.422723
vt 0.644647 0.422659
vt 0.625991 0.422603
vt 0.891729 0.467202
vt 0.867118 0.531269
vt 0.855333 0.546918
vt 0.840931 0.566046
vt 0.825266 0.577447
vt 0.807580 0.590318
vt 0.778393 0.599453
vt 0.763491 0.604116
vt 0.732720 0.593225
vt 0.719288 0.588479
vt 0.704859 0.577456
vt 0.685430 0.562613
vt 0.672305 0.542388
vt 0.658099 0.520477
vt 0.640825 0.467601
vt 0.654311 0.003462
vt 0.680973 0.003340
vt 0.822037 0.003118
vt 0.846365 0.003128
vt 0.616900 0.003378
vt 0.636350 0.003425
vt 0.867926 0.002971
vt 0.887759 0.002868
vt 0.761295 0.003048
vt 0.781854 0.003081
vt 0.700773 0.003254
vt 0.719217 0.003188
vt 0.903979 0.002962
vt 0.952453 0.187619
vt 0.940798 0.186458
vt 0.940963 0.160146
vt 0.952618 0.160146
vt 0.960051 0.250151
vt 0.956354 0.250151
vt 0.956354 0.229154
vt 0.960051 0.229154
vt 0.951409 0.087919
vt 0.940024 0.087919
vt 0.937319 0.057738
vt 0.951409 0.057738
vt 0.987737 0.024453
vt 0.973646 0.024258
vt 0.973653 0.003732
vt 0.987744 0.004167
vt 0.964885 0.225047
vt 0.954475 0.225047
vt 0.954468 0.209192
vt 0.964878 0.209192
vt 0.285965 0.199911
vt 0.271880 0.200321
vt 0.270874 0.166001
vt 0.284958 0.165590
vt 0.947940 0.206634
vt 0.936756 0.206634
vt 0.936934 0.189350
vt 0.948118 0.189350
vt 0.259606 0.005591
vt 0.286355 0.005591
vt 0.310870 0.099746
vt 0.282640 0.099760
vt 0.324363 0.099736
vt 0.302666 0.005589
vt 0.322604 0.005600
vt 0.340860 0.099728
vt 0.358792 0.099600
vt 0.344278 0.005493
vt 0.368754 0.005336
vt 0.379039 0.099457
vt 0.412442 0.099221
vt 0.409067 0.005048
vt 0.429590 0.004892
vt 0.429490 0.099100
vt 0.464675 0.099034
vt 0.472345 0.004768
vt 0.490928 0.004723
vt 0.480028 0.099007
vt 0.496514 0.098978
vt 0.510880 0.004676
vt 0.537756 0.004608
vt 0.518715 0.098943
vt 0.533679 0.098815
vt 0.555878 0.004448
vt 0.575512 0.004276
vt 0.549884 0.098677
vt 0.591902 0.004111
vt 0.569531 0.098511
vt 0.330796 0.327807
vt 0.307192 0.327822
vt 0.342080 0.327803
vt 0.355876 0.327800
vt 0.370871 0.327703
vt 0.387804 0.327593
vt 0.415734 0.327408
vt 0.429987 0.327306
vt 0.459399 0.327241
vt 0.472233 0.327210
vt 0.486014 0.327170
vt 0.504570 0.327118
vt 0.517077 0.326996
vt 0.530622 0.326869
vt 0.547042 0.326719
vt 0.984481 0.256927
vt 0.984273 0.276891
vt 0.970181 0.276891
vt 0.970389 0.258538
vt 0.950070 0.207572
vt 0.950061 0.189350
vt 0.964151 0.189350
vt 0.964162 0.207572
vt 0.449358 0.099063
vt 0.446596 0.327273
vt 0.453808 0.004818
vt 0.954560 0.183165
vt 0.954560 0.153703
vt 0.968650 0.153703
vt 0.968650 0.183599
vt 0.739214 0.088479
vt 0.737616 0.003126
vt 0.739502 0.280667
vt 0.740553 0.330208
vt 0.741655 0.381200
vt 0.742548 0.423084
vt 0.746116 0.597966
vt 0.398577 0.099318
vt 0.404142 0.327484
vt 0.392378 0.005171
vt 0.965121 0.252749
vt 0.965127 0.229154
vt 0.975743 0.229154
vt 0.975738 0.252749
vt 0.796977 0.088425
vt 0.798576 0.003101
vt 0.797259 0.280571
vt 0.796163 0.330387
vt 0.795059 0.381601
vt 0.794147 0.423290
vt 0.790506 0.595658
vt 0.978215 0.252786
vt 0.977686 0.229154
vt 0.986677 0.229154
vt 0.986677 0.252786
vt 0.934558 0.249359
vt 0.934756 0.229154
vt 0.948848 0.229154
vt 0.948648 0.249359
vt 0.954132 0.276485
vt 0.954148 0.256927
vt 0.968238 0.256927
vt 0.968224 0.276485
vt 0.980201 0.207707
vt 0.966109 0.207707
vt 0.966105 0.189350
vt 0.980196 0.189350
vt 0.987724 0.045023
vt 0.973632 0.045023
vt 0.973646 0.027969
vt 0.987737 0.028164
vt 0.199246 0.340365
vt 0.219793 0.340439
vt 0.219496 0.364382
vt 0.199119 0.364309
vt 0.198812 0.297619
vt 0.178266 0.297682
vt 0.178138 0.273738
vt 0.198515 0.273677
vt 0.215964 0.297542
vt 0.215497 0.273602
vt 0.235573 0.340766
vt 0.235106 0.364707
vt 0.971476 0.049915
vt 0.957385 0.050169
vt 0.956973 0.026229
vt 0.971065 0.025975
vt 0.180276 0.340297
vt 0.182484 0.364241
vt 0.159296 0.297741
vt 0.161504 0.273797
vt 0.952439 0.287143
vt 0.966530 0.287127
vt 0.966565 0.311071
vt 0.952474 0.311088
vt 0.974197 0.093025
vt 0.988289 0.093019
vt 0.988289 0.115261
vt 0.974197 0.115268
vt 0.219496 0.386624
vt 0.199119 0.386552
vt 0.178138 0.251496
vt 0.198515 0.251434
vt 0.215497 0.251360
vt 0.235106 0.386949
vt 0.956973 0.003986
vt 0.971065 0.003732
vt 0.986818 0.145532
vt 0.975634 0.145539
vt 0.216500 0.416895
vt 0.201800 0.416823
vt 0.967443 0.082685
vt 0.953352 0.082688
vt 0.954834 0.052417
vt 0.966018 0.052413
vt 0.180819 0.221225
vt 0.195520 0.221163
vt 0.154260 0.006600
vt 0.173723 0.006560
vt 0.173762 0.019463
vt 0.154299 0.019503
vt 0.193634 0.173530
vt 0.174171 0.173496
vt 0.174210 0.160592
vt 0.193673 0.160627
vt 0.194619 0.006516
vt 0.222762 0.006459
vt 0.223864 0.019362
vt 0.194659 0.019420
vt 0.986159 0.178196
vt 0.986174 0.161629
vt 0.997148 0.161653
vt 0.997134 0.178220
vt 0.242673 0.173617
vt 0.214530 0.173567
vt 0.214569 0.160664
vt 0.243775 0.160713
vt 0.957549 0.093019
vt 0.971640 0.093028
vt 0.971630 0.105931
vt 0.957538 0.105922
vt 0.134844 0.006640
vt 0.134883 0.019543
vt 0.154755 0.173462
vt 0.154794 0.160558
vt 0.173762 0.044035
vt 0.154299 0.044075
vt 0.174210 0.136021
vt 0.193673 0.136055
vt 0.189261 0.043992
vt 0.982599 0.303286
vt 0.968508 0.303277
vt 0.968508 0.278705
vt 0.982599 0.278713
vt 0.209172 0.136092
vt 0.971630 0.130503
vt 0.957538 0.130494
vt 0.136484 0.044115
vt 0.156395 0.135987
vt 0.173762 0.064997
vt 0.154299 0.065037
vt 0.231202 0.326202
vt 0.217111 0.326199
vt 0.217111 0.305237
vt 0.231202 0.305239
vt 0.174210 0.115058
vt 0.193673 0.115092
vt 0.971630 0.151466
vt 0.957538 0.151457
vt 0.138685 0.065077
vt 0.158596 0.115024
vt 0.940932 0.003732
vt 0.955023 0.003736
vt 0.953183 0.050927
vt 0.942774 0.050924
vt 0.170773 0.112189
vt 0.157288 0.112229
vt 0.218951 0.258045
vt 0.229360 0.258048
vt 0.177199 0.067867
vt 0.190684 0.067901
vt 0.228346 0.083709
vt 0.228330 0.104121
vt 0.215567 0.104129
vt 0.215583 0.083665
vt 0.292244 0.231639
vt 0.294571 0.256821
vt 0.278680 0.258336
vt 0.276347 0.233087
vt 0.228382 0.127622
vt 0.215619 0.127685
vt 0.952190 0.275695
vt 0.938098 0.275704
vt 0.938067 0.256936
vt 0.952158 0.256927
vt 0.289576 0.201929
vt 0.273672 0.203311
vt 0.228378 0.043823
vt 0.228359 0.067108
vt 0.215596 0.067063
vt 0.215615 0.043778
vt 0.296464 0.277304
vt 0.299144 0.306304
vt 0.283252 0.307819
vt 0.280572 0.278819
vt 0.209252 0.181269
vt 0.223343 0.181266
vt 0.223340 0.200034
vt 0.209249 0.200037
vt 0.204453 0.100083
vt 0.204471 0.083673
vt 0.938440 0.225624
vt 0.938426 0.209058
vt 0.952323 0.209058
vt 0.952337 0.225624
vt 0.264839 0.259597
vt 0.262966 0.239398
vt 0.204485 0.067071
vt 0.204503 0.043786
vt 0.269412 0.309080
vt 0.266732 0.280080
vt 0.223340 0.216373
vt 0.209249 0.216376
vt 0.200458 0.067073
vt 0.200476 0.043788
vt 0.264396 0.309537
vt 0.261716 0.280537
vt 0.223340 0.222295
vt 0.209249 0.222297
vt 0.200443 0.080708
vt 0.260161 0.263751
vt 0.183290 0.064875
vt 0.183311 0.046011
vt 0.998633 0.310798
vt 0.984541 0.310803
vt 0.986280 0.285559
vt 0.996896 0.285554
vt 0.242762 0.308733
vt 0.240584 0.285237
vt 0.221602 0.247538
vt 0.210985 0.247541
vt 0.258584 0.077575
vt 0.271860 0.077696
vt 0.266752 0.107458
vt 0.258290 0.107465
vt 0.231475 0.002128
vt 0.252393 0.002062
vt 0.252393 0.031968
vt 0.231475 0.032034
vt 0.594649 0.242872
vt 0.573730 0.242815
vt 0.573730 0.212916
vt 0.594649 0.212972
vt 0.178575 0.176087
vt 0.204246 0.176141
vt 0.204246 0.206047
vt 0.178575 0.205994
vt 0.984685 0.182860
vt 0.970593 0.182858
vt 0.970593 0.152952
vt 0.984685 0.152953
vt 0.180803 0.331490
vt 0.155132 0.331535
vt 0.155132 0.301630
vt 0.180803 0.301584
vt 0.155839 0.176186
vt 0.155838 0.205947
vt 0.132396 0.331560
vt 0.132396 0.301670
vt 0.266752 0.153745
vt 0.258290 0.153752
vt 0.252231 0.097475
vt 0.231457 0.078198
vt 0.573730 0.166664
vt 0.594504 0.147392
vt 0.175795 0.271625
vt 0.155693 0.271578
vt 0.999087 0.284068
vt 0.987700 0.284058
vt 0.987700 0.218427
vt 0.996692 0.218437
vt 0.132251 0.236039
vt 0.152353 0.235998
vt 0.259449 0.234045
vt 0.255752 0.234053
vt 0.250830 0.158453
vt 0.232970 0.158520
vt 0.148634 0.136119
vt 0.140177 0.135848
vt 0.139470 0.074842
vt 0.143166 0.074970
vt 0.575260 0.086369
vt 0.593119 0.086425
vt 0.232573 0.179019
vt 0.246665 0.178870
vt 0.247082 0.224044
vt 0.232991 0.224193
vt 0.133940 0.340297
vt 0.160791 0.340350
vt 0.160924 0.399562
vt 0.133997 0.385471
vt 0.584367 0.353810
vt 0.556329 0.353713
vt 0.556386 0.308539
vt 0.584501 0.294598
vt 0.177901 0.340441
vt 0.178110 0.399509
vt 0.955047 0.152094
vt 0.941771 0.152216
vt 0.941496 0.093019
vt 0.955587 0.093026
vt 0.601477 0.353840
vt 0.601687 0.294643
vt 0.245847 0.269291
vt 0.234192 0.269440
vt 0.158551 0.430771
vt 0.136170 0.430718
vt 0.983477 0.082864
vt 0.969385 0.082864
vt 0.970621 0.051656
vt 0.982276 0.051655
vt 0.558760 0.263293
vt 0.582127 0.263389
vt 0.257318 0.107474
vt 0.138205 0.201450
vt 0.137603 0.231335
vt 0.137237 0.201412
vt 0.254904 0.153726
vt 0.135785 0.135758
vt 0.252623 0.234021
vt 0.963176 0.229154
vt 0.963179 0.250151
vt 0.136345 0.074781
vt 0.150875 0.231622
vt 0.149057 0.201793
vt 0.151252 0.201714
vt 0.271339 0.107603
vt 0.150561 0.136156
vt 0.268679 0.153767
vt 0.148727 0.075096
vt 0.950790 0.250189
vt 0.950790 0.229192
vt 0.265012 0.234088
vt 0.685586 0.088692
vt 0.660339 0.088793
vt 0.660617 0.280771
vt 0.685873 0.280745
vt 0.842241 0.088470
vt 0.819201 0.088450
vt 0.819487 0.280539
vt 0.842520 0.280505
vt 0.643320 0.088745
vt 0.624886 0.088691
vt 0.625157 0.280811
vt 0.643595 0.280791
vt 0.881415 0.088393
vt 0.862651 0.088489
vt 0.862919 0.280472
vt 0.881689 0.280446
vt 0.781201 0.088408
vt 0.761817 0.088385
vt 0.762100 0.280625
vt 0.781488 0.280592
vt 0.721797 0.088548
vt 0.704335 0.088618
vt 0.704626 0.280726
vt 0.722084 0.280692
vt 0.929161 0.280372
vt 0.929409 0.003000
vt 0.896777 0.088310
vt 0.897042 0.280426
vt 0.601967 0.003014
vt 0.602803 0.280839
vt 0.859087 0.330610
vt 0.876683 0.330665
vt 0.817572 0.330461
vt 0.839588 0.330540
vt 0.762307 0.330276
vt 0.780974 0.330336
vt 0.706975 0.330105
vt 0.723782 0.330153
vt 0.664960 0.329986
vt 0.689072 0.330053
vt 0.709408 0.380939
vt 0.725549 0.381070
vt 0.654311 0.003462
vt 0.680973 0.003340
vt 0.822037 0.003118
vt 0.846365 0.003128
vt 0.616900 0.003378
vt 0.636350 0.003425
vt 0.867926 0.002971
vt 0.887759 0.002868
vt 0.761295 0.003048
vt 0.781854 0.003081
vt 0.700773 0.003254
vt 0.719217 0.003188
vt 0.903979 0.002962
vt 0.952453 0.187619
vt 0.952618 0.160146
vt 0.940963 0.160146
vt 0.940798 0.186458
vt 0.960051 0.250151
vt 0.960051 0.229154
vt 0.956354 0.229154
vt 0.956354 0.250151
vt 0.951409 0.087919
vt 0.951409 0.057738
vt 0.937319 0.057738
vt 0.940024 0.087919
vt 0.987737 0.024453
vt 0.987744 0.004167
vt 0.973653 0.003732
vt 0.973646 0.024258
vt 0.964885 0.225047
vt 0.964878 0.209192
vt 0.954468 0.209192
vt 0.954475 0.225047
vt 0.285965 0.199911
vt 0.284958 0.165590
vt 0.270874 0.166001
vt 0.271880 0.200321
vt 0.947940 0.206634
vt 0.948118 0.189350
vt 0.936934 0.189350
vt 0.936756 0.206634
vt 0.259606 0.005591
vt 0.282640 0.099760
vt 0.310870 0.099746
vt 0.286355 0.005591
vt 0.324363 0.099736
vt 0.340860 0.099728
vt 0.322604 0.005600
vt 0.302666 0.005589
vt 0.358792 0.099600
vt 0.379039 0.099457
vt 0.368754 0.005336
vt 0.344278 0.005493
vt 0.412442 0.099221
vt 0.429490 0.099100
vt 0.429590 0.004892
vt 0.409067 0.005048
vt 0.464675 0.099034
vt 0.480028 0.099007
vt 0.490928 0.004723
vt 0.472345 0.004768
vt 0.496514 0.098978
vt 0.518715 0.098943
vt 0.537756 0.004608
vt 0.510880 0.004676
vt 0.533679 0.098815
vt 0.549884 0.098677
vt 0.575512 0.004276
vt 0.555878 0.004448
vt 0.569531 0.098511
vt 0.591902 0.004111
vt 0.307192 0.327822
vt 0.330796 0.327807
vt 0.342080 0.327803
vt 0.355876 0.327800
vt 0.370871 0.327703
vt 0.387804 0.327593
vt 0.415734 0.327408
vt 0.429987 0.327306
vt 0.459399 0.327241
vt 0.472233 0.327210
vt 0.486014 0.327170
vt 0.504570 0.327118
vt 0.517077 0.326996
vt 0.530622 0.326869
vt 0.547042 0.326719
vt 0.984481 0.256927
vt 0.970389 0.258538
vt 0.970181 0.276891
vt 0.984273 0.276891
vt 0.950070 0.207572
vt 0.964162 0.207572
vt 0.964151 0.189350
vt 0.950061 0.189350
vt 0.692370 0.380804
vt 0.446596 0.327273
vt 0.449358 0.099063
vt 0.453808 0.004818
vt 0.954560 0.183165
vt 0.968650 0.183599
vt 0.968650 0.153703
vt 0.954560 0.153703
vt 0.739214 0.088479
vt 0.737616 0.003126
vt 0.739502 0.280667
vt 0.740553 0.330208
vt 0.404142 0.327484
vt 0.398577 0.099318
vt 0.392378 0.005171
vt 0.965121 0.252749
vt 0.975738 0.252749
vt 0.975743 0.229154
vt 0.965127 0.229154
vt 0.796977 0.088425
vt 0.798576 0.003101
vt 0.797259 0.280571
vt 0.796163 0.330387
vt 0.978215 0.252786
vt 0.986677 0.252786
vt 0.986677 0.229154
vt 0.977686 0.229154
vt 0.934558 0.249359
vt 0.948648 0.249359
vt 0.948848 0.229154
vt 0.934756 0.229154
vt 0.891069 0.330712
vt 0.954132 0.276485
vt 0.968224 0.276485
vt 0.968238 0.256927
vt 0.954148 0.256927
vt 0.649095 0.329941
vt 0.980201 0.207707
vt 0.980196 0.189350
vt 0.966105 0.189350
vt 0.966109 0.207707
vt 0.987724 0.045023
vt 0.987737 0.028164
vt 0.973646 0.027969
vt 0.973632 0.045023
vt 0.199246 0.340365
vt 0.199119 0.364309
vt 0.219496 0.364382
vt 0.219793 0.340439
vt 0.198812 0.297619
vt 0.198515 0.273677
vt 0.178138 0.273738
vt 0.178266 0.297682
vt 0.215964 0.297542
vt 0.215497 0.273602
vt 0.235106 0.364707
vt 0.235573 0.340766
vt 0.971476 0.049915
vt 0.971065 0.025975
vt 0.956973 0.026229
vt 0.957385 0.050169
vt 0.180276 0.340297
vt 0.182484 0.364241
vt 0.161504 0.273797
vt 0.159296 0.297741
vt 0.952439 0.287143
vt 0.952474 0.311088
vt 0.966565 0.311071
vt 0.966530 0.287127
vt 0.974197 0.093025
vt 0.974197 0.115268
vt 0.988289 0.115261
vt 0.988289 0.093019
vt 0.199119 0.386552
vt 0.219496 0.386624
vt 0.198515 0.251434
vt 0.178138 0.251496
vt 0.215497 0.251360
vt 0.235106 0.386949
vt 0.971065 0.003732
vt 0.956973 0.003986
vt 0.975634 0.145539
vt 0.986818 0.145532
vt 0.201800 0.416823
vt 0.216500 0.416895
vt 0.967443 0.082685
vt 0.966018 0.052413
vt 0.954834 0.052417
vt 0.953352 0.082688
vt 0.195520 0.221163
vt 0.180819 0.221225
vt 0.154260 0.006600
vt 0.154299 0.019503
vt 0.173762 0.019463
vt 0.173723 0.006560
vt 0.193634 0.173530
vt 0.193673 0.160627
vt 0.174210 0.160592
vt 0.174171 0.173496
vt 0.194619 0.006516
vt 0.194659 0.019420
vt 0.223864 0.019362
vt 0.222762 0.006459
vt 0.986159 0.178196
vt 0.997134 0.178220
vt 0.997148 0.161653
vt 0.986174 0.161629
vt 0.242673 0.173617
vt 0.243775 0.160713
vt 0.214569 0.160664
vt 0.214530 0.173567
vt 0.957549 0.093019
vt 0.957538 0.105922
vt 0.971630 0.105931
vt 0.971640 0.093028
vt 0.134844 0.006640
vt 0.134883 0.019543
vt 0.154794 0.160558
vt 0.154755 0.173462
vt 0.154299 0.044075
vt 0.173762 0.044035
vt 0.193673 0.136055
vt 0.174210 0.136021
vt 0.189261 0.043992
vt 0.982599 0.303286
vt 0.982599 0.278713
vt 0.968508 0.278705
vt 0.968508 0.303277
vt 0.209172 0.136092
vt 0.957538 0.130494
vt 0.971630 0.130503
vt 0.136484 0.044115
vt 0.156395 0.135987
vt 0.154299 0.065037
vt 0.173762 0.064997
vt 0.231202 0.326202
vt 0.231202 0.305239
vt 0.217111 0.305237
vt 0.217111 0.326199
vt 0.193673 0.115092
vt 0.174210 0.115058
vt 0.957538 0.151457
vt 0.971630 0.151466
vt 0.138685 0.065077
vt 0.158596 0.115024
vt 0.940932 0.003732
vt 0.942774 0.050924
vt 0.953183 0.050927
vt 0.955023 0.003736
vt 0.157288 0.112229
vt 0.170773 0.112189
vt 0.229360 0.258048
vt 0.218951 0.258045
vt 0.190684 0.067901
vt 0.177199 0.067867
vt 0.228346 0.083709
vt 0.215583 0.083665
vt 0.215567 0.104129
vt 0.228330 0.104121
vt 0.292244 0.231639
vt 0.276347 0.233087
vt 0.278680 0.258336
vt 0.294571 0.256821
vt 0.215619 0.127685
vt 0.228382 0.127622
vt 0.952190 0.275695
vt 0.952158 0.256927
vt 0.938067 0.256936
vt 0.938098 0.275704
vt 0.289576 0.201929
vt 0.273672 0.203311
vt 0.228378 0.043823
vt 0.215615 0.043778
vt 0.215596 0.067063
vt 0.228359 0.067108
vt 0.296464 0.277304
vt 0.280572 0.278819
vt 0.283252 0.307819
vt 0.299144 0.306304
vt 0.209252 0.181269
vt 0.209249 0.200037
vt 0.223340 0.200034
vt 0.223343 0.181266
vt 0.204471 0.083673
vt 0.204453 0.100083
vt 0.938440 0.225624
vt 0.952337 0.225624
vt 0.952323 0.209058
vt 0.938426 0.209058
vt 0.262966 0.239398
vt 0.264839 0.259597
vt 0.204503 0.043786
vt 0.204485 0.067071
vt 0.266732 0.280080
vt 0.269412 0.309080
vt 0.209249 0.216376
vt 0.223340 0.216373
vt 0.200476 0.043788
vt 0.200458 0.067073
vt 0.261716 0.280537
vt 0.264396 0.309537
vt 0.209249 0.222297
vt 0.223340 0.222295
vt 0.200443 0.080708
vt 0.260161 0.263751
vt 0.183311 0.046011
vt 0.183290 0.064875
vt 0.998633 0.310798
vt 0.996896 0.285554
vt 0.986280 0.285559
vt 0.984541 0.310803
vt 0.240584 0.285237
vt 0.242762 0.308733
vt 0.210985 0.247541
vt 0.221602 0.247538
vt 0.258584 0.077575
vt 0.258290 0.107465
vt 0.266752 0.107458
vt 0.271860 0.077696
vt 0.231475 0.002128
vt 0.231475 0.032034
vt 0.252393 0.031968
vt 0.252393 0.002062
vt 0.594649 0.242872
vt 0.594649 0.212972
vt 0.573730 0.212916
vt 0.573730 0.242815
vt 0.178575 0.176087
vt 0.178575 0.205994
vt 0.204246 0.206047
vt 0.204246 0.176141
vt 0.984685 0.182860
vt 0.984685 0.152953
vt 0.970593 0.152952
vt 0.970593 0.182858
vt 0.180803 0.331490
vt 0.180803 0.301584
vt 0.155132 0.301630
vt 0.155132 0.331535
vt 0.155839 0.176186
vt 0.155838 0.205947
vt 0.132396 0.301670
vt 0.132396 0.331560
vt 0.258290 0.153752
vt 0.266752 0.153745
vt 0.231457 0.078198
vt 0.252231 0.097475
vt 0.594504 0.147392
vt 0.573730 0.166664
vt 0.155693 0.271578
vt 0.175795 0.271625
vt 0.999087 0.284068
vt 0.996692 0.218437
vt 0.987700 0.218427
vt 0.987700 0.284058
vt 0.152353 0.235998
vt 0.132251 0.236039
vt 0.255752 0.234053
vt 0.259449 0.234045
vt 0.232970 0.158520
vt 0.250830 0.158453
vt 0.148634 0.136119
vt 0.143166 0.074970
vt 0.139470 0.074842
vt 0.140177 0.135848
vt 0.593119 0.086425
vt 0.575260 0.086369
vt 0.232573 0.179019
vt 0.232991 0.224193
vt 0.247082 0.224044
vt 0.246665 0.178870
vt 0.133940 0.340297
vt 0.133997 0.385471
vt 0.160924 0.399562
vt 0.160791 0.340350
vt 0.584367 0.353810
vt 0.584501 0.294598
vt 0.556386 0.308539
vt 0.556329 0.353713
vt 0.178110 0.399509
vt 0.177901 0.340441
vt 0.955047 0.152094
vt 0.955587 0.093026
vt 0.941496 0.093019
vt 0.941771 0.152216
vt 0.601477 0.353840
vt 0.601687 0.294643
vt 0.234192 0.269440
vt 0.245847 0.269291
vt 0.136170 0.430718
vt 0.158551 0.430771
vt 0.983477 0.082864
vt 0.982276 0.051655
vt 0.970621 0.051656
vt 0.969385 0.082864
vt 0.582127 0.263389
vt 0.558760 0.263293
vt 0.257318 0.107474
vt 0.138205 0.201450
vt 0.137237 0.201412
vt 0.137603 0.231335
vt 0.254904 0.153726
vt 0.135785 0.135758
vt 0.252623 0.234021
vt 0.963179 0.250151
vt 0.963176 0.229154
vt 0.136345 0.074781
vt 0.150875 0.231622
vt 0.151252 0.201714
vt 0.149057 0.201793
vt 0.271339 0.107603
vt 0.150561 0.136156
vt 0.268679 0.153767
vt 0.148727 0.075096
vt 0.950790 0.229192
vt 0.950790 0.250189
vt 0.265012 0.234088
vt 0.006489 0.312360
vt 0.016791 0.311907
vt 0.053830 0.939259
vt 0.051380 0.939437
vt 0.027085 0.311543
vt 0.056278 0.939120
vt 0.037372 0.311269
vt 0.058726 0.939021
vt 0.047654 0.311084
vt 0.061177 0.938963
vt 0.057932 0.310988
vt 0.063634 0.938943
vt 0.068208 0.310980
vt 0.066089 0.938908
vt 0.078483 0.311062
vt 0.068535 0.938913
vt 0.088759 0.311232
vt 0.070975 0.938958
vt 0.099038 0.311492
vt 0.073412 0.939043
vt 0.109321 0.311840
vt 0.075848 0.939167
vt 0.119610 0.312278
vt 0.078289 0.939332
vt 0.129907 0.312806
vt 0.080737 0.939536
vt 0.006250 0.005547
vt 0.017129 0.005547
vt 0.027633 0.005574
vt 0.038137 0.005607
vt 0.048640 0.005647
vt 0.059144 0.005693
vt 0.069646 0.005746
vt 0.080148 0.005807
vt 0.090648 0.005875
vt 0.101148 0.005949
vt 0.111646 0.006031
vt 0.122141 0.006118
vt 0.132636 0.006209
vt 0.057642 0.945290
vt 0.072064 0.945320
vt 0.972114 0.333242
vt 0.962907 0.324419
vt 0.964079 0.319459
vt 0.976214 0.331090
vt 0.970879 0.345965
vt 0.974586 0.347860
vt 0.960132 0.353007
vt 0.960421 0.357142
vt 0.947967 0.349064
vt 0.944385 0.351945
vt 0.943543 0.337107
vt 0.938554 0.336184
vt 0.950192 0.326139
vt 0.947319 0.321726
vt 0.965872 0.315510
vt 0.980936 0.329948
vt 0.978915 0.350766
vt 0.961332 0.362287
vt 0.941426 0.355837
vt 0.934187 0.336271
vt 0.945067 0.318324
vt 0.950146 0.402867
vt 0.941576 0.383843
vt 0.946641 0.384397
vt 0.953545 0.399722
vt 0.970441 0.407923
vt 0.969895 0.403796
vt 0.987179 0.395203
vt 0.983378 0.393549
vt 0.987755 0.374286
vt 0.983842 0.376699
vt 0.971736 0.360923
vt 0.970938 0.365934
vt 0.939176 0.337194
vt 0.947941 0.322737
vt 0.964701 0.320470
vt 0.950963 0.384027
vt 0.956201 0.395654
vt 0.968604 0.398744
vt 0.978833 0.390970
vt 0.979185 0.378187
vt 0.969395 0.370020
vt 0.954382 0.369360
vt 0.956835 0.372619
vt 0.605494 0.942476
vt 0.605429 0.946905
vt 0.445423 0.941318
vt 0.446009 0.938156
vt 0.605362 0.951358
vt 0.444676 0.944480
vt 0.605936 0.907191
vt 0.605890 0.911642
vt 0.445710 0.916009
vt 0.445036 0.912841
vt 0.605841 0.916070
vt 0.446225 0.919178
vt 0.605788 0.920479
vt 0.446581 0.922345
vt 0.605732 0.924878
vt 0.446781 0.925512
vt 0.605675 0.929271
vt 0.446823 0.928676
vt 0.605618 0.933664
vt 0.446709 0.931838
vt 0.605557 0.938063
vt 0.446437 0.934997
vt 0.775669 0.939463
vt 0.776196 0.942692
vt 0.776882 0.945924
vt 0.777285 0.913688
vt 0.776526 0.916914
vt 0.775928 0.920138
vt 0.775490 0.923364
vt 0.775213 0.926587
vt 0.775089 0.929807
vt 0.775124 0.933025
vt 0.775316 0.936243
vt 0.284214 0.928255
vt 0.928292 0.930255
vt 0.972114 0.333242
vt 0.962907 0.324419
vt 0.964079 0.319459
vt 0.976214 0.331090
vt 0.970879 0.345965
vt 0.974586 0.347860
vt 0.960132 0.353007
vt 0.960421 0.357142
vt 0.947967 0.349064
vt 0.944385 0.351945
vt 0.943543 0.337107
vt 0.938554 0.336184
vt 0.950192 0.326139
vt 0.947319 0.321726
vt 0.965872 0.315510
vt 0.980936 0.329948
vt 0.978915 0.350766
vt 0.961332 0.362287
vt 0.941426 0.355837
vt 0.934187 0.336271
vt 0.945067 0.318324
vt 0.950146 0.402867
vt 0.941576 0.383843
vt 0.946641 0.384397
vt 0.953545 0.399722
vt 0.970441 0.407923
vt 0.969895 0.403796
vt 0.987179 0.395203
vt 0.983378 0.393549
vt 0.987755 0.374286
vt 0.983842 0.376699
vt 0.971736 0.360923
vt 0.970938 0.365934
vt 0.939176 0.337194
vt 0.947941 0.322737
vt 0.964701 0.320470
vt 0.950963 0.384027
vt 0.956201 0.395654
vt 0.968604 0.398744
vt 0.978833 0.390970
vt 0.979185 0.378187
vt 0.969395 0.370020
vt 0.954382 0.369360
vt 0.956835 0.372619
vt 0.138320 0.593803
vt 0.186025 0.593803
vt 0.186025 0.628099
vt 0.138320 0.628099
vt 0.233731 0.593803
vt 0.233731 0.628099
vt 0.281436 0.593803
vt 0.281436 0.628099
vt 0.329141 0.593803
vt 0.329141 0.628099
vt 0.376846 0.593803
vt 0.376846 0.628099
vt 0.424552 0.593803
vt 0.424552 0.628099
vt 0.472257 0.593803
vt 0.472257 0.628099
vt 0.519962 0.593803
vt 0.519962 0.628099
vt 0.186025 0.662396
vt 0.138320 0.662396
vt 0.233731 0.662396
vt 0.281436 0.662396
vt 0.329141 0.662396
vt 0.376846 0.662396
vt 0.424552 0.662396
vt 0.472257 0.662396
vt 0.519962 0.662396
vt 0.186025 0.696693
vt 0.138320 0.696693
vt 0.233731 0.696693
vt 0.281436 0.696693
vt 0.329141 0.696693
vt 0.376846 0.696693
vt 0.424552 0.696693
vt 0.472257 0.696693
vt 0.519962 0.696693
vt 0.186025 0.730990
vt 0.138320 0.730990
vt 0.233731 0.730990
vt 0.281436 0.730990
vt 0.329141 0.730990
vt 0.376846 0.730990
vt 0.424552 0.730990
vt 0.472257 0.730990
vt 0.519962 0.730990
vt 0.186025 0.765286
vt 0.138320 0.765286
vt 0.233731 0.765286
vt 0.281436 0.765286
vt 0.329141 0.765286
vt 0.376846 0.765286
vt 0.424552 0.765286
vt 0.472257 0.765286
vt 0.519962 0.765286
vt 0.186025 0.799583
vt 0.138320 0.799583
vt 0.233731 0.799583
vt 0.281436 0.799583
vt 0.329141 0.799583
vt 0.376846 0.799583
vt 0.424552 0.799583
vt 0.472257 0.799583
vt 0.519962 0.799583
vt 0.186025 0.833880
vt 0.138320 0.833880
vt 0.233731 0.833880
vt 0.281436 0.833880
vt 0.329141 0.833880
vt 0.376846 0.833880
vt 0.424552 0.833880
vt 0.472257 0.833880
vt 0.519962 0.833880
vt 0.186025 0.868176
vt 0.138320 0.868176
vt 0.233731 0.868176
vt 0.281436 0.868176
vt 0.329141 0.868176
vt 0.376846 0.868176
vt 0.424552 0.868176
vt 0.472257 0.868176
vt 0.519962 0.868176
vt 0.138320 0.593803
vt 0.138320 0.628099
vt 0.186025 0.628099
vt 0.186025 0.593803
vt 0.233731 0.628099
vt 0.233731 0.593803
vt 0.281436 0.628099
vt 0.281436 0.593803
vt 0.329141 0.628099
vt 0.329141 0.593803
vt 0.376846 0.628099
vt 0.376846 0.593803
vt 0.424552 0.628099
vt 0.424552 0.593803
vt 0.472257 0.628099
vt 0.472257 0.593803
vt 0.519962 0.628099
vt 0.519962 0.593803
vt 0.138320 0.662396
vt 0.186025 0.662396
vt 0.233731 0.662396
vt 0.281436 0.662396
vt 0.329141 0.662396
vt 0.376846 0.662396
vt 0.424552 0.662396
vt 0.472257 0.662396
vt 0.519962 0.662396
vt 0.138320 0.696693
vt 0.186025 0.696693
vt 0.233731 0.696693
vt 0.281436 0.696693
vt 0.329141 0.696693
vt 0.376846 0.696693
vt 0.424552 0.696693
vt 0.472257 0.696693
vt 0.519962 0.696693
vt 0.138320 0.730990
vt 0.186025 0.730990
vt 0.233731 0.730990
vt 0.281436 0.730990
vt 0.329141 0.730990
vt 0.376846 0.730990
vt 0.424552 0.730990
vt 0.472257 0.730990
vt 0.519962 0.730990
vt 0.138320 0.765286
vt 0.186025 0.765286
vt 0.233731 0.765286
vt 0.281436 0.765286
vt 0.329141 0.765286
vt 0.376846 0.765286
vt 0.424552 0.765286
vt 0.472257 0.765286
vt 0.519962 0.765286
vt 0.138320 0.799583
vt 0.186025 0.799583
vt 0.233731 0.799583
vt 0.281436 0.799583
vt 0.329141 0.799583
vt 0.376846 0.799583
vt 0.424552 0.799583
vt 0.472257 0.799583
vt 0.519962 0.799583
vt 0.138320 0.833880
vt 0.186025 0.833880
vt 0.233731 0.833880
vt 0.281436 0.833880
vt 0.329141 0.833880
vt 0.376846 0.833880
vt 0.424552 0.833880
vt 0.472257 0.833880
vt 0.519962 0.833880
vt 0.138320 0.868176
vt 0.186025 0.868176
vt 0.233731 0.868176
vt 0.281436 0.868176
vt 0.329141 0.868176
vt 0.376846 0.868176
vt 0.424552 0.868176
vt 0.472257 0.868176
vt 0.519962 0.868176
vt 0.972114 0.333242
vt 0.962907 0.324419
vt 0.964079 0.319459
vt 0.976214 0.331090
vt 0.970879 0.345965
vt 0.974586 0.347860
vt 0.960132 0.353007
vt 0.960421 0.357142
vt 0.947967 0.349064
vt 0.944385 0.351945
vt 0.943543 0.337107
vt 0.938554 0.336184
vt 0.950192 0.326139
vt 0.947319 0.321726
vt 0.965872 0.315510
vt 0.980936 0.329948
vt 0.978915 0.350766
vt 0.961332 0.362287
vt 0.941426 0.355837
vt 0.934187 0.336271
vt 0.945067 0.318324
vt 0.950146 0.402867
vt 0.941576 0.383843
vt 0.946641 0.384397
vt 0.953545 0.399722
vt 0.970441 0.407923
vt 0.969895 0.403796
vt 0.987179 0.395203
vt 0.983378 0.393549
vt 0.987755 0.374286
vt 0.983842 0.376699
vt 0.971736 0.360923
vt 0.970938 0.365934
vt 0.939176 0.337194
vt 0.947941 0.322737
vt 0.964701 0.320470
vt 0.950963 0.384027
vt 0.956201 0.395654
vt 0.968604 0.398744
vt 0.978833 0.390970
vt 0.979185 0.378187
vt 0.969395 0.370020
vt 0.954382 0.369360
vt 0.956835 0.372619
vt 0.605494 0.942476
vt 0.605429 0.946905
vt 0.445423 0.941318
vt 0.446009 0.938156
vt 0.605362 0.951358
vt 0.444676 0.944480
vt 0.605936 0.907191
vt 0.605890 0.911642
vt 0.445710 0.916009
vt 0.445036 0.912841
vt 0.605841 0.916070
vt 0.446225 0.919178
vt 0.605788 0.920479
vt 0.446581 0.922345
vt 0.605732 0.924878
vt 0.446781 0.925512
vt 0.605675 0.929271
vt 0.446823 0.928676
vt 0.605618 0.933664
vt 0.446709 0.931838
vt 0.605557 0.938063
vt 0.446437 0.934997
vt 0.775669 0.939463
vt 0.776196 0.942692
vt 0.776882 0.945924
vt 0.777285 0.913688
vt 0.776526 0.916914
vt 0.775928 0.920138
vt 0.775490 0.923364
vt 0.775213 0.926587
vt 0.775089 0.929807
vt 0.775124 0.933025
vt 0.775316 0.936243
vt 0.284214 0.928255
vt 0.928292 0.930255
vt 0.972114 0.333242
vt 0.962907 0.324419
vt 0.964079 0.319459
vt 0.976214 0.331090
vt 0.970879 0.345965
vt 0.974586 0.347860
vt 0.960132 0.353007
vt 0.960421 0.357142
vt 0.947967 0.349064
vt 0.944385 0.351945
vt 0.943543 0.337107
vt 0.938554 0.336184
vt 0.950192 0.326139
vt 0.947319 0.321726
vt 0.965872 0.315510
vt 0.980936 0.329948
vt 0.978915 0.350766
vt 0.961332 0.362287
vt 0.941426 0.355837
vt 0.934187 0.336271
vt 0.945067 0.318324
vt 0.950146 0.402867
vt 0.941576 0.383843
vt 0.946641 0.384397
vt 0.953545 0.399722
vt 0.970441 0.407923
vt 0.969895 0.403796
vt 0.987179 0.395203
vt 0.983378 0.393549
vt 0.987755 0.374286
vt 0.983842 0.376699
vt 0.971736 0.360923
vt 0.970938 0.365934
vt 0.939176 0.337194
vt 0.947941 0.322737
vt 0.964701 0.320470
vt 0.950963 0.384027
vt 0.956201 0.395654
vt 0.968604 0.398744
vt 0.978833 0.390970
vt 0.979185 0.378187
vt 0.969395 0.370020
vt 0.954382 0.369360
vt 0.956835 0.372619
vn 0.000000 -0.647653 -0.761936
vn 0.000000 -0.558727 -0.829352
vn 0.000000 -0.558727 -0.829352
vn 0.000000 -0.647653 -0.761936
vn 0.000000 0.119586 0.992824
vn 0.000000 0.119586 0.992824
vn 0.000000 0.119586 0.992824
vn 0.000000 0.119586 0.992824
vn 1.000000 0.000000 0.000000
vn 1.000000 0.000000 0.000000
vn 1.000000 0.000000 0.000000
vn 1.000000 0.000000 0.000000
vn -1.000000 0.000000 0.000000
vn -1.000000 0.000000 0.000000
vn -1.000000 0.000000 0.000000
vn -1.000000 0.000000 0.000000
vn 0.000000 -0.822856 -0.568251
vn 0.000000 -0.747393 -0.664383
vn 0.000000 -0.747393 -0.664383
vn 0.000000 -0.822856 -0.568251
vn 1.000000 -0.000000 -0.000000
vn 1.000000 -0.000000 0.000000
vn 1.000000 0.000000 0.000000
vn 1.000000 -0.000000 0.000000
vn -1.000000 -0.000000 0.000000
vn -1.000000 -0.000000 0.000000
vn -1.000000 -0.000000 0.000000
vn -1.000000 -0.000000 -0.000000
vn 1.000000 -0.000000 0.000000
vn 1.000000 -0.000000 -0.000000
vn 1.000000 -0.000000 -0.000000
vn 1.000000 -0.000000 -0.000000
vn 0.000000 -0.882466 -0.470376
vn 0.000000 -0.893682 -0.448702
vn 0.000000 -0.893682 -0.448702
vn 0.000000 -0.882466 -0.470376
vn -1.000000 0.000000 -0.000000
vn -1.000000 0.000000 -0.000000
vn -1.000000 0.000000 -0.000000
vn -1.000000 -0.000000 0.000000
vn 1.000000 -0.000000 0.000000
vn 1.000000 -0.000000 0.000000
vn 1.000000 -0.000000 0.000000
vn 1.000000 -0.000000 0.000000
vn 0.000000 -0.966372 -0.257149
vn 0.000000 -0.966372 -0.257149
vn 0.000000 -0.966372 -0.257149
vn 0.000000 -0.966372 -0.257149
vn -1.000000 -0.000000 0.000000
vn -1.000000 -0.000000 0.000000
vn -1.000000 -0.000000 0.000000
vn -1.000000 -0.000000 0.000000
vn 1.000000 -0.000000 0.000000
vn 1.000000 -0.000000 0.000000
vn 1.000000 -0.000000 0.000000
vn 1.000000 -0.000000 0.000000
vn 0.000000 -1.000000 -0.000000
vn 0.000000 -1.000000 -0.000000
vn 0.000000 -1.000000 -0.000000
vn 0.000000 -1.000000 -0.000000
vn -1.000000 -0.000000 0.000000
vn -1.000000 -0.000000 0.000000
vn -1.000000 -0.000000 0.000000
vn -1.000000 -0.000000 0.000000
vn 1.000000 -0.000000 0.000000
vn 1.000000 -0.000000 0.000000
vn 1.000000 -0.000000 0.000000
vn 1.000000 -0.000000 0.000000
vn 0.000000 -1.000000 0.000001
vn 0.000000 -1.000000 0.000001
vn 0.000000 -1.000000 0.000001
vn 0.000000 -1.000000 0.000001
vn -1.000000 -0.000000 0.000000
vn -1.000000 -0.000000 0.000000
vn -1.000000 -0.000000 0.000000
vn -1.000000 -0.000000 0.000000
vn 0.000000 -0.185728 -0.982601
vn 0.000000 0.098902 -0.995097
vn 0.000000 0.098902 -0.995097
vn 0.000000 -0.185728 -0.982601
vn 1.000000 0.000000 0.000000
vn 1.000000 0.000000 0.000000
vn 1.000000 0.000000 0.000000
vn 1.000000 0.000000 0.000000
vn -1.000000 0.000000 0.000000
vn -1.000000 0.000000 0.000000
vn -1.000000 0.000000 0.000000
vn -1.000000 0.000000 0.000000
vn 0.000000 -0.854485 -0.519476
vn 0.000000 -0.854485 -0.519476
vn 1.000000 -0.000000 0.000000
vn 1.000000 -0.000000 -0.000000
vn -1.000000 0.000000 -0.000000
vn -1.000000 -0.000000 0.000000
vn 0.000000 0.000000 -1.000000
vn 0.000000 0.000000 -1.000000
vn 0.000000 0.000000 -1.000000
vn 0.000000 0.000000 -1.000000
vn 0.000000 0.000000 1.000000
vn 0.000000 0.000000 1.000000
vn 0.000000 0.000000 1.000000
vn 0.000000 0.000000 1.000000
vn -0.995807 -0.091478 0.000000
vn -0.995807 -0.091478 0.000000
vn -0.995807 -0.091478 0.000000
vn -0.995807 -0.091478 0.000000
vn -0.999932 -0.011670 0.000000
vn -0.999866 -0.016344 0.000000
vn -0.999866 -0.016344 0.000000
vn -0.999932 -0.011670 0.000000
vn -0.000000 0.000000 -1.000000
vn -0.000000 0.000000 -1.000000
vn -0.000000 0.000000 -1.000000
vn -0.000000 0.000000 -1.000000
vn -0.000000 0.000000 1.000000
vn -0.000000 0.000000 1.000000
vn -0.000000 0.000000 1.000000
vn -0.000000 0.000000 1.000000
vn -0.808752 0.588150 -0.000000
vn -0.980080 0.198601 -0.000000
vn -0.980080 0.198601 -0.000000
vn -0.808752 0.588150 -0.000000
vn -0.000000 0.000000 -1.000000
vn -0.000000 0.000000 -1.000000
vn -0.000000 0.000000 -1.000000
vn -0.000000 0.000000 -1.000000
vn -0.000000 0.000000 1.000000
vn -0.000000 0.000000 1.000000
vn -0.000000 0.000000 1.000000
vn -0.000000 0.000000 1.000000
vn -0.432737 0.901520 -0.000000
vn -0.559184 0.829044 -0.000001
vn -0.559184 0.829044 -0.000001
vn -0.432737 0.901520 -0.000000
vn 0.000000 0.000000 -1.000000
vn 0.000000 0.000000 -1.000000
vn -0.000000 0.000000 1.000000
vn -0.000000 0.000000 1.000000
vn -0.306151 0.951983 -0.000000
vn -0.306151 0.951983 -0.000000
vn 0.000000 0.000000 1.000000
vn 0.000000 0.000000 1.000000
vn 0.000000 0.000000 -1.000000
vn 0.000000 0.000000 -1.000000
vn -0.999825 -0.018724 0.000000
vn -0.999825 -0.018724 0.000000
vn -0.000000 0.000000 -1.000000
vn -0.000000 0.000000 -1.000000
vn -0.999635 0.027025 0.000000
vn -0.999635 0.027025 0.000000
vn 0.000000 0.000000 1.000000
vn 0.000000 0.000000 1.000000
vn 0.000000 0.000000 1.000000
vn 0.000000 0.000000 1.000000
vn 0.000000 0.000000 -1.000000
vn 0.000000 0.000000 -1.000000
vn -0.999878 -0.015637 0.000000
vn -0.999878 -0.015637 0.000000
vn 0.000000 0.000000 -1.000000
vn 0.000000 0.000000 -1.000000
vn -0.000000 0.000000 1.000000
vn -0.000000 0.000000 1.000000
vn -0.214343 0.976758 -0.000000
vn -0.214343 0.976758 -0.000000
vn 0.000000 0.000000 -1.000000
vn 0.000000 0.000000 -1.000000
vn 0.000000 0.000000 -1.000000
vn 0.000000 0.000000 -1.000000
vn 0.000000 0.000000 1.000000
vn 0.000000 0.000000 1.000000
vn 0.000000 0.000000 1.000000
vn 0.000000 0.000000 1.000000
vn -0.995122 -0.098648 0.000000
vn -0.995122 -0.098648 0.000000
vn -0.995122 -0.098648 0.000000
vn -0.995122 -0.098648 0.000000
vn -0.999921 -0.012593 0.000000
vn -0.999845 -0.017636 0.000000
vn -0.999845 -0.017636 0.000000
vn -0.999921 -0.012593 0.000000
vn 0.000000 0.000000 -1.000000
vn -0.000000 0.000000 -1.000000
vn -0.000000 0.000000 -1.000000
vn 0.000000 0.000000 -1.000000
vn -0.000000 0.000000 1.000000
vn -0.000000 0.000000 1.000000
vn -0.000000 0.000000 1.000000
vn -0.000000 0.000000 1.000000
vn -0.786678 0.617363 -0.000000
vn -0.976916 0.213624 -0.000000
vn -0.976916 0.213624 -0.000000
vn -0.786678 0.617363 -0.000000
vn -0.000000 0.000000 -1.000000
vn 0.000000 0.000000 -1.000000
vn 0.000000 0.000000 -1.000000
vn -0.000000 0.000000 -1.000000
vn -0.000000 0.000000 1.000000
vn 0.000000 0.000000 1.000000
vn 0.000000 0.000000 1.000000
vn -0.000000 0.000000 1.000000
vn -0.406420 0.913686 -0.000001
vn -0.530022 0.847984 -0.000000
vn -0.530022 0.847984 -0.000000
vn -0.406420 0.913686 -0.000001
vn 0.000000 0.000000 -1.000000
vn -0.000000 0.000000 -1.000000
vn -0.000000 0.000000 1.000000
vn -0.000000 0.000000 1.000000
vn -0.285601 0.958349 -0.000001
vn -0.285601 0.958349 -0.000001
vn 0.000000 0.000000 1.000000
vn 0.000000 0.000000 1.000000
vn 0.000000 0.000000 -1.000000
vn 0.000000 0.000000 -1.000000
vn -0.999796 -0.020205 0.000000
vn -0.999796 -0.020205 0.000000
vn 0.000000 0.000000 -1.000000
vn 0.000000 0.000000 -1.000000
vn -0.999575 0.029162 0.000000
vn -0.999575 0.029162 0.000000
vn 0.000000 0.000000 1.000000
vn 0.000000 0.000000 1.000000
vn 0.000000 0.000000 1.000000
vn 0.000000 0.000000 1.000000
vn 0.000000 0.000000 -1.000000
vn 0.000000 0.000000 -1.000000
vn -0.999858 -0.016874 0.000000
vn -0.999858 -0.016874 0.000000
vn 0.000000 0.000000 -1.000000
vn 0.000000 0.000000 -1.000000
vn -0.000000 0.000000 1.000000
vn -0.000000 0.000000 1.000000
vn -0.199275 0.979944 -0.000000
vn -0.199275 0.979944 -0.000000
vn 0.000000 0.000000 -1.000000
vn 0.000000 0.000000 -1.000000
vn 0.000000 0.000000 -1.000000
vn 0.000000 0.000000 -1.000000
vn 0.000000 0.000000 1.000000
vn 0.000000 0.000000 1.000000
vn 0.000000 0.000000 1.000000
vn 0.000000 0.000000 1.000000
vn -0.994110 -0.108375 0.000000
vn -0.994110 -0.108375 0.000000
vn -0.994110 -0.108375 0.000000
vn -0.994110 -0.108375 0.000000
vn -0.999904 -0.013849 0.000000
vn -0.999812 -0.019395 0.000000
vn -0.999812 -0.019395 0.000000
vn -0.999904 -0.013849 0.000000
vn 0.000000 0.000000 -1.000000
vn 0.000000 0.000000 -1.000000
vn 0.000000 0.000000 -1.000000
vn 0.000000 0.000000 -1.000000
vn -0.000000 0.000000 1.000000
vn -0.000000 0.000000 1.000000
vn -0.000000 0.000000 1.000000
vn -0.000000 0.000000 1.000000
vn -0.757050 0.653357 -0.000000
vn -0.972282 0.233811 -0.000000
vn -0.972282 0.233811 -0.000000
vn -0.757050 0.653357 -0.000000
vn 0.000000 0.000000 -1.000000
vn 0.000000 0.000000 -1.000000
vn 0.000000 0.000000 -1.000000
vn 0.000000 0.000000 -1.000000
vn -0.000000 0.000000 1.000000
vn -0.000000 0.000000 1.000000
vn -0.000000 0.000000 1.000000
vn -0.000000 0.000000 1.000000
vn -0.374967 0.927038 -0.000001
vn -0.494127 0.869390 -0.000001
vn -0.494127 0.869390 -0.000001
vn -0.374967 0.927038 -0.000001
vn 0.000000 0.000000 -1.000000
vn 0.000000 0.000000 -1.000000
vn 0.000000 0.000000 1.000000
vn 0.000000 0.000000 1.000000
vn -0.261557 0.965188 -0.000000
vn -0.261557 0.965188 -0.000000
vn 0.000000 0.000000 1.000000
vn 0.000000 0.000000 1.000000
vn 0.000000 0.000000 -1.000000
vn 0.000000 0.000000 -1.000000
vn -0.999753 -0.022219 0.000000
vn -0.999753 -0.022219 0.000000
vn 0.000000 0.000000 -1.000000
vn 0.000000 0.000000 -1.000000
vn -0.999486 0.032067 0.000000
vn -0.999486 0.032067 0.000000
vn 0.000000 0.000000 1.000000
vn 0.000000 0.000000 1.000000
vn 0.000000 0.000000 1.000000
vn 0.000000 0.000000 1.000000
vn 0.000000 0.000000 -1.000000
vn 0.000000 0.000000 -1.000000
vn -0.999828 -0.018556 0.000000
vn -0.999828 -0.018556 0.000000
vn 0.000000 0.000000 -1.000000
vn 0.000000 0.000000 -1.000000
vn 0.000000 0.000000 1.000000
vn 0.000000 0.000000 1.000000
vn -0.181831 0.983330 0.000000
vn -0.181831 0.983330 0.000000
vn 0.000000 0.000000 -1.000000
vn 0.000000 0.000000 -1.000000
vn 0.000000 0.000000 -1.000000
vn 0.000000 0.000000 -1.000000
vn 0.000000 0.000000 1.000000
vn 0.000000 0.000000 1.000000
vn 0.000000 0.000000 1.000000
vn 0.000000 0.000000 1.000000
vn 0.995807 -0.091478 0.000000
vn 0.995807 -0.091478 0.000000
vn 0.995807 -0.091478 0.000000
vn 0.995807 -0.091478 0.000000
vn 0.999932 -0.011670 0.000000
vn 0.999932 -0.011670 0.000000
vn 0.999866 -0.016344 0.000000
vn 0.999866 -0.016344 0.000000
vn 0.000000 0.000000 -1.000000
vn 0.000000 0.000000 -1.000000
vn 0.000000 0.000000 -1.000000
vn 0.000000 0.000000 -1.000000
vn 0.000000 0.000000 1.000000
vn 0.000000 0.000000 1.000000
vn 0.000000 0.000000 1.000000
vn -0.000000 0.000000 1.000000
vn 0.808752 0.588150 -0.000000
vn 0.808752 0.588150 -0.000000
vn 0.980080 0.198602 -0.000000
vn 0.980080 0.198602 -0.000000
vn 0.000000 0.000000 -1.000000
vn 0.000000 0.000000 -1.000000
vn 0.000000 0.000000 -1.000000
vn 0.000000 0.000000 -1.000000
vn -0.000000 0.000000 1.000000
vn -0.000000 0.000000 1.000000
vn -0.000000 0.000000 1.000000
vn -0.000000 0.000000 1.000000
vn 0.432737 0.901520 -0.000000
vn 0.432737 0.901520 -0.000000
vn 0.559183 0.829044 -0.000001
vn 0.559184 0.829044 -0.000001
vn -0.000000 0.000000 -1.000000
vn -0.000000 0.000000 -1.000000
vn -0.000000 0.000000 1.000000
vn -0.000000 0.000000 1.000000
vn 0.306151 0.951983 -0.000000
vn 0.306151 0.951983 -0.000000
vn 0.000000 0.000000 1.000000
vn 0.000000 0.000000 1.000000
vn 0.000000 0.000000 -1.000000
vn 0.000000 0.000000 -1.000000
vn 0.999825 -0.018724 0.000000
vn 0.999825 -0.018724 0.000000
vn 0.000000 0.000000 -1.000000
vn 0.000000 0.000000 -1.000000
vn 0.999635 0.027025 0.000000
vn 0.999635 0.027025 0.000000
vn 0.000000 0.000000 1.000000
vn 0.000000 0.000000 1.000000
vn 0.000000 0.000000 1.000000
vn 0.000000 0.000000 1.000000
vn 0.000000 0.000000 -1.000000
vn 0.000000 0.000000 -1.000000
vn 0.999878 -0.015638 0.000000
vn 0.999878 -0.015638 0.000000
vn -0.000000 0.000000 -1.000000
vn -0.000000 0.000000 -1.000000
vn -0.000000 0.000000 1.000000
vn -0.000000 0.000000 1.000000
vn 0.214343 0.976758 -0.000000
vn 0.214343 0.976758 -0.000000
vn 0.000000 0.000000 -1.000000
vn 0.000000 0.000000 -1.000000
vn 0.000000 0.000000 -1.000000
vn 0.000000 0.000000 -1.000000
vn 0.000000 0.000000 1.000000
vn 0.000000 0.000000 1.000000
vn 0.000000 0.000000 1.000000
vn 0.000000 0.000000 1.000000
vn 0.995122 -0.098648 0.000000
vn 0.995122 -0.098648 0.000000
vn 0.995122 -0.098648 0.000000
vn 0.995122 -0.098648 0.000000
vn 0.999921 -0.012593 0.000000
vn 0.999921 -0.012593 0.000000
vn 0.999845 -0.017637 0.000000
vn 0.999845 -0.017637 0.000000
vn -0.000000 0.000000 -1.000000
vn -0.000000 0.000000 -1.000000
vn 0.000000 0.000000 -1.000000
vn 0.000000 0.000000 -1.000000
vn 0.000000 0.000000 1.000000
vn 0.000000 0.000000 1.000000
vn 0.000000 0.000000 1.000000
vn 0.000000 0.000000 1.000000
vn 0.786678 0.617363 -0.000000
vn 0.786678 0.617363 -0.000000
vn 0.976916 0.213624 -0.000000
vn 0.976916 0.213624 -0.000000
vn 0.000000 0.000000 -1.000000
vn -0.000000 0.000000 -1.000000
vn -0.000000 0.000000 -1.000000
vn -0.000000 0.000000 -1.000000
vn 0.000000 0.000000 1.000000
vn 0.000000 0.000000 1.000000
vn 0.000000 0.000000 1.000000
vn 0.000000 0.000000 1.000000
vn 0.406420 0.913686 -0.000001
vn 0.406420 0.913686 -0.000001
vn 0.530022 0.847984 -0.000000
vn 0.530022 0.847984 -0.000000
vn 0.000000 0.000000 -1.000000
vn 0.000000 0.000000 -1.000000
vn -0.000000 0.000000 1.000000
vn -0.000000 0.000000 1.000000
vn 0.285601 0.958349 -0.000001
vn 0.285601 0.958349 -0.000001
vn 0.000000 0.000000 1.000000
vn 0.000000 0.000000 1.000000
vn 0.000000 0.000000 -1.000000
vn 0.000000 0.000000 -1.000000
vn 0.999796 -0.020205 0.000000
vn 0.999796 -0.020205 0.000000
vn 0.000000 0.000000 -1.000000
vn 0.000000 0.000000 -1.000000
vn 0.999575 0.029162 0.000000
vn 0.999575 0.029162 0.000000
vn 0.000000 0.000000 1.000000
vn 0.000000 0.000000 1.000000
vn 0.000000 0.000000 1.000000
vn 0.000000 0.000000 1.000000
vn 0.000000 0.000000 -1.000000
vn 0.000000 0.000000 -1.000000
vn 0.999858 -0.016874 0.000000
vn 0.999858 -0.016874 0.000000
vn -0.000000 0.000000 -1.000000
vn -0.000000 0.000000 -1.000000
vn -0.000000 0.000000 1.000000
vn -0.000000 0.000000 1.000000
vn 0.199275 0.979944 0.000000
vn 0.199275 0.979944 0.000000
vn 0.000000 0.000000 -1.000000
vn 0.000000 0.000000 -1.000000
vn 0.000000 0.000000 -1.000000
vn 0.000000 0.000000 -1.000000
vn 0.000000 0.000000 1.000000
vn 0.000000 0.000000 1.000000
vn 0.000000 0.000000 1.000000
vn 0.000000 0.000000 1.000000
vn 0.994110 -0.108375 0.000000
vn 0.994110 -0.108375 0.000000
vn 0.994110 -0.108375 0.000000
vn 0.994110 -0.108375 0.000000
vn 0.999904 -0.013849 0.000000
vn 0.999904 -0.013849 0.000000
vn 0.999812 -0.019395 0.000000
vn 0.999812 -0.019395 0.000000
vn -0.000000 0.000000 -1.000000
vn -0.000000 0.000000 -1.000000
vn -0.000001 0.000000 -1.000000
vn -0.000001 0.000000 -1.000000
vn -0.000000 0.000000 1.000000
vn -0.000000 0.000000 1.000000
vn -0.000000 0.000000 1.000000
vn -0.000000 0.000000 1.000000
vn 0.757050 0.653357 -0.000000
vn 0.757050 0.653357 -0.000000
vn 0.972282 0.233812 -0.000000
vn 0.972282 0.233812 -0.000000
vn -0.000000 0.000000 -1.000000
vn -0.000000 0.000000 -1.000000
vn -0.000000 0.000000 -1.000000
vn -0.000000 0.000000 -1.000000
vn -0.000000 0.000000 1.000000
vn -0.000000 0.000000 1.000000
vn -0.000000 0.000000 1.000000
vn -0.000000 0.000000 1.000000
vn 0.374967 0.927038 -0.000001
vn 0.374967 0.927038 -0.000001
vn 0.494127 0.869390 -0.000001
vn 0.494127 0.869390 -0.000001
vn 0.000000 0.000000 -1.000000
vn 0.000000 0.000000 -1.000000
vn 0.000000 0.000000 1.000000
vn 0.000000 0.000000 1.000000
vn 0.261557 0.965188 -0.000000
vn 0.261557 0.965188 -0.000000
vn 0.000000 0.000000 1.000000
vn 0.000000 0.000000 1.000000
vn 0.000000 0.000000 -1.000000
vn 0.000000 0.000000 -1.000000
vn 0.999753 -0.022219 0.000000
vn 0.999753 -0.022219 0.000000
vn -0.000000 0.000000 -1.000000
vn -0.000000 0.000000 -1.000000
vn 0.999486 0.032067 0.000000
vn 0.999486 0.032067 0.000000
vn 0.000000 0.000000 1.000000
vn 0.000000 0.000000 1.000000
vn 0.000000 0.000000 1.000000
vn 0.000000 0.000000 1.000000
vn 0.000000 0.000000 -1.000000
vn 0.000000 0.000000 -1.000000
vn 0.999828 -0.018556 0.000000
vn 0.999828 -0.018556 0.000000
vn 0.000000 0.000000 -1.000000
vn 0.000000 0.000000 -1.000000
vn 0.000000 0.000000 1.000000
vn 0.000000 0.000000 1.000000
vn 0.181831 0.983330 0.000000
vn 0.181831 0.983330 0.000000
vn -0.000000 0.000000 -1.000000
vn -0.000000 0.000000 -1.000000
vn -0.000000 0.000000 -1.000000
vn -0.000000 0.000000 -1.000000
vn -0.000000 0.000000 1.000000
vn -0.000000 0.000000 1.000000
vn -0.000000 0.000000 1.000000
vn -0.000000 0.000000 1.000000
vn 0.000000 -1.000000 0.000000
vn 0.000000 -1.000000 0.000000
vn 0.022337 -0.999750 0.000000
vn 0.022337 -0.999750 0.000000
vn -0.022682 -0.999743 0.000000
vn -0.022682 -0.999743 0.000000
vn 0.000000 0.000000 1.000000
vn 0.000000 0.000000 1.000000
vn 0.000000 0.000000 -1.000000
vn 0.000000 0.000000 -1.000000
vn 0.000000 0.000000 -1.000000
vn 0.000000 0.000000 -1.000000
vn 0.000000 0.000000 -1.000000
vn 0.000000 0.000000 -1.000000
vn 0.000000 0.000000 1.000000
vn 0.000000 0.000000 1.000000
vn 0.000000 0.000000 1.000000
vn 0.000000 0.000000 1.000000
vn 0.000000 -1.000000 0.000000
vn 0.000000 -1.000000 0.000000
vn 0.022337 -0.999750 0.000000
vn 0.022337 -0.999750 0.000000
vn -0.022682 -0.999743 0.000000
vn -0.022682 -0.999743 0.000000
vn 0.000000 0.000000 1.000000
vn 0.000000 0.000000 1.000000
vn 0.000000 0.000000 -1.000000
vn 0.000000 0.000000 -1.000000
vn 0.000000 0.000000 -1.000000
vn 0.000000 0.000000 -1.000000
vn 0.000000 0.000000 -1.000000
vn 0.000000 0.000000 -1.000000
vn 0.000000 0.000000 1.000000
vn 0.000000 0.000000 1.000000
vn 0.000000 0.000000 1.000000
vn 0.000000 0.000000 1.000000
vn 0.000000 -1.000000 0.000000
vn 0.000000 -1.000000 0.000000
vn 0.022337 -0.999750 0.000000
vn 0.022337 -0.999750 0.000000
vn -0.022682 -0.999743 0.000000
vn -0.022682 -0.999743 0.000000
vn 0.000000 0.000000 1.000000
vn 0.000000 0.000000 1.000000
vn 0.000000 0.000000 -1.000000
vn 0.000000 0.000000 -1.000000
vn 0.000000 1.000000 0.000000
vn 0.000000 1.000000 -0.000000
vn 0.000000 1.000000 -0.000000
vn 0.000000 1.000000 0.000000
vn 0.000000 1.000000 0.000000
vn 0.000000 1.000000 -0.000000
vn 0.000000 1.000000 0.000000
vn 0.000000 1.000000 0.000000
vn 0.000000 1.000000 0.000000
vn 0.000000 1.000000 -0.000000
vn 0.000000 1.000000 -0.000000
vn 0.000000 1.000000 0.000000
vn 0.000000 1.000000 0.000000
vn 0.000000 1.000000 -0.000000
vn 0.000000 1.000000 -0.000000
vn 0.000000 1.000000 0.000000
vn 0.000000 1.000000 0.000000
vn 0.000000 1.000000 -0.000000
vn 0.000000 1.000000 -0.000000
vn 0.000000 1.000000 0.000000
vn 0.000000 1.000000 0.000000
vn 0.000000 1.000000 0.000000
vn 0.000000 1.000000 0.000000
vn 0.000000 1.000000 0.000000
vn 0.000000 1.000000 0.000000
vn 0.000000 1.000000 0.000000
vn 0.000000 1.000000 0.000000
vn 0.000000 1.000000 0.000000
vn 0.000000 1.000000 -0.000000
vn 0.000000 1.000000 0.000000
vn 0.000000 1.000000 0.000000
vn 0.000000 1.000000 -0.000000
vn 0.000000 1.000000 -0.000000
vn 0.000000 1.000000 -0.000000
vn 0.000000 1.000000 -0.000000
vn 0.000000 1.000000 0.000000
vn 0.000000 1.000000 -0.000000
vn 0.000000 1.000000 -0.000000
vn 0.000000 1.000000 -0.000000
vn 0.000000 1.000000 -0.000000
vn 0.000000 1.000000 0.000000
vn 0.000000 1.000000 -0.000000
vn 0.000000 1.000000 -0.000000
vn 0.000000 1.000000 -0.000000
vn 0.000000 1.000000 -0.000000
vn 0.000000 1.000000 -0.000000
vn 0.000000 1.000000 -0.000000
vn 0.000000 1.000000 -0.000000
vn 0.000000 1.000000 -0.000000
vn 0.000000 1.000000 -0.000000
vn 0.000000 1.000000 -0.000000
vn 0.000000 1.000000 0.000000
vn 0.000000 1.000000 -0.000000
vn 0.000000 1.000000 -0.000000
vn 0.000000 1.000000 -0.000000
vn 0.000000 1.000000 -0.000000
vn 0.000000 1.000000 0.000000
vn 0.000000 1.000000 0.000000
vn 0.000000 1.000000 0.000000
vn 0.000000 1.000000 0.000000
vn 0.000000 1.000000 -0.000000
vn 0.000000 1.000000 -0.000000
vn 0.000000 1.000000 0.000000
vn 0.000000 1.000000 -0.000000
vn 0.000000 1.000000 -0.000000
vn 0.000000 1.000000 -0.000000
vn 0.000000 1.000000 0.000000
vn 0.000000 1.000000 0.000000
vn 0.000000 1.000000 0.000000
vn 0.000000 1.000000 0.000000
vn 0.000000 1.000000 -0.000000
vn 0.000000 1.000000 -0.000000
vn 0.000000 1.000000 -0.000000
vn 0.000000 1.000000 0.000000
vn 0.000000 1.000000 0.000000
vn 0.000000 1.000000 -0.000000
vn 0.000000 1.000000 -0.000000
vn 0.000000 1.000000 0.000000
vn 0.000000 1.000000 -0.000000
vn 0.000000 1.000000 -0.000000
vn 0.000000 1.000000 -0.000000
vn 0.000000 1.000000 0.000000
vn 0.000000 1.000000 0.000000
vn 0.000000 1.000000 0.000000
vn 0.000000 1.000000 0.000000
vn 0.000000 1.000000 0.000000
vn 0.000000 1.000000 -0.000000
vn 0.000000 1.000000 -0.000000
vn 0.000000 1.000000 0.000000
vn 0.000000 1.000000 0.000000
vn 0.000017 1.000000 -0.000170
vn 0.000025 1.000000 -0.000125
vn 0.000000 1.000000 -0.000000
vn 0.000000 1.000000 -0.000000
vn 0.000000 1.000000 -0.000000
vn 0.005430 0.999985 0.001026
vn 0.005081 0.999987 0.000960
vn 0.000000 1.000000 -0.000000
vn -0.001697 0.999997 0.001799
vn -0.000736 1.000000 0.000288
vn 0.000000 1.000000 0.000000
vn 0.000000 1.000000 0.000000
vn -0.000022 0.999985 0.005482
vn -0.010642 0.999941 0.002059
vn -0.006319 0.999968 0.004826
vn -0.000022 0.999985 0.005482
vn -0.000016 1.000000 0.000250
vn -0.000052 1.000000 0.000194
vn 0.000000 1.000000 0.000000
vn 0.000000 1.000000 0.000000
vn 0.000037 1.000000 -0.000038
vn 0.000027 1.000000 0.000041
vn 0.000000 1.000000 0.000000
vn 0.000000 1.000000 0.000000
vn -0.009654 0.999952 -0.001519
vn -0.003299 0.999990 -0.003010
vn 0.000000 1.000000 0.000000
vn -0.002721 0.999987 0.004397
vn 0.000000 1.000000 0.000000
vn -0.001241 0.008417 0.999964
vn -0.001241 0.008417 0.999964
vn -0.001241 0.008417 0.999964
vn -0.001241 0.008417 0.999964
vn -0.004321 0.004273 0.999982
vn -0.004521 -0.004314 0.999981
vn -0.004520 -0.004286 0.999981
vn -0.004321 0.004273 0.999982
vn 0.002457 0.000636 0.999997
vn 0.002457 0.000636 0.999997
vn 0.002457 0.000636 0.999997
vn 0.002457 0.000636 0.999997
vn 0.003015 -0.001202 0.999995
vn 0.003015 -0.001202 0.999995
vn 0.003015 -0.001202 0.999995
vn 0.003015 -0.001202 0.999995
vn -0.003475 -0.000086 0.999994
vn -0.003475 -0.000086 0.999994
vn -0.003475 -0.000086 0.999994
vn -0.003475 -0.000086 0.999994
vn -0.002318 0.001175 0.999997
vn -0.002318 0.001175 0.999997
vn -0.002318 0.001175 0.999997
vn -0.002318 0.001175 0.999997
vn 0.005703 0.000184 0.999984
vn 0.005703 0.000184 0.999984
vn 0.005703 0.000184 0.999984
vn 0.005703 0.000184 0.999984
vn 0.002083 -0.999996 0.001998
vn -0.000785 -0.999998 0.001636
vn -0.000000 -1.000000 0.000001
vn -0.000000 -1.000000 0.000001
vn -0.003417 -0.999989 0.003118
vn -0.004115 -0.999989 0.002237
vn -0.000046 -0.999996 0.002840
vn -0.000046 -0.999996 0.002840
vn 0.002857 -0.999996 0.000116
vn 0.003485 -0.999994 0.000142
vn 0.000000 -1.000000 0.000001
vn 0.000000 -1.000000 0.000001
vn 0.000000 -1.000000 0.000001
vn 0.000051 -1.000000 -0.000189
vn 0.000015 -1.000000 -0.000244
vn 0.000000 -1.000000 0.000001
vn -0.000000 -1.000000 0.000001
vn -0.000026 -1.000000 -0.000039
vn -0.000036 -1.000000 0.000037
vn -0.000000 -1.000000 0.000001
vn -0.000000 -1.000000 0.000001
vn -0.000024 -1.000000 0.000122
vn -0.000018 -1.000000 0.000181
vn -0.000000 -1.000000 0.000001
vn 0.000000 -1.000000 0.000001
vn 0.000720 -1.000000 -0.000281
vn 0.001265 -0.999998 -0.001407
vn 0.000000 -1.000000 0.000001
vn 0.001405 -0.999996 -0.002389
vn 0.000000 -1.000000 0.000001
vn 0.000000 -1.000000 0.000001
vn -0.000000 -1.000000 0.000000
vn -0.000000 -1.000000 0.000000
vn -0.000000 -1.000000 0.000000
vn -0.000000 -1.000000 0.000000
vn -0.000000 -1.000000 0.000001
vn -0.000000 -1.000000 0.000001
vn -0.000000 -1.000000 0.000001
vn -0.000000 -1.000000 0.000001
vn 0.000000 -1.000000 0.000001
vn 0.000000 -1.000000 0.000001
vn 0.000000 -1.000000 0.000001
vn 0.000000 -1.000000 0.000001
vn 0.000000 -1.000000 0.000001
vn 0.000000 -1.000000 0.000001
vn 0.000000 -1.000000 0.000001
vn 0.000000 -1.000000 0.000001
vn -0.000000 -1.000000 0.000001
vn -0.000000 -1.000000 0.000001
vn -0.000000 -1.000000 0.000001
vn -0.000000 -1.000000 0.000001
vn -0.000000 -1.000000 0.000001
vn -0.000000 -1.000000 0.000001
vn -0.000000 -1.000000 0.000001
vn -0.000000 -1.000000 0.000001
vn 0.000000 -1.000000 0.000001
vn 0.000000 -1.000000 0.000001
vn 0.000000 -1.000000 0.000001
vn 0.000000 -1.000000 0.000001
vn 0.000000 -1.000000 0.000001
vn 0.000000 -1.000000 0.000001
vn 0.000000 -1.000000 0.000001
vn 0.000000 -1.000000 0.000001
vn 0.015614 -0.012942 0.999794
vn 0.015614 -0.012942 0.999794
vn 0.015614 -0.012942 0.999794
vn 0.015614 -0.012942 0.999794
vn -0.000000 -1.000000 0.000001
vn -0.000000 -1.000000 0.000001
vn -0.000000 -1.000000 0.000001
vn -0.003243 0.000492 0.999995
vn -0.003243 0.000492 0.999995
vn -0.003243 0.000492 0.999995
vn -0.003243 0.000492 0.999995
vn 0.000000 1.000000 0.000000
vn -0.000000 -1.000000 0.000001
vn -0.000000 -1.000000 0.000001
vn -0.000000 -1.000000 0.000001
vn -0.000000 -1.000000 0.000001
vn -0.000006 -1.000000 -0.000180
vn -0.000000 -1.000000 0.000001
vn -0.000000 -1.000000 0.000001
vn -0.002403 -0.001247 0.999996
vn -0.002403 -0.001247 0.999996
vn -0.002403 -0.001247 0.999996
vn -0.002403 -0.001247 0.999996
vn 0.000000 1.000000 0.000000
vn 0.000006 1.000000 0.000184
vn 0.000000 1.000000 0.000000
vn 0.000000 1.000000 0.000000
vn 0.000000 1.000000 0.000000
vn 0.000000 1.000000 0.000000
vn 0.000000 1.000000 -0.000000
vn 0.000000 1.000000 0.000000
vn 0.000000 1.000000 0.000000
vn 0.000000 -1.000000 0.000001
vn 0.000000 -1.000000 0.000001
vn 0.000000 -1.000000 0.000001
vn 0.000000 -1.000000 0.000001
vn 0.000030 -1.000000 -0.000058
vn 0.000048 -1.000000 -0.000091
vn 0.000000 -1.000000 0.000001
vn 0.000000 -1.000000 0.000001
vn 0.002993 -0.000165 0.999996
vn 0.002993 -0.000165 0.999996
vn 0.002993 -0.000165 0.999996
vn 0.002993 -0.000165 0.999996
vn 0.000000 1.000000 0.000000
vn -0.000049 1.000000 0.000094
vn -0.000030 1.000000 0.000058
vn 0.000000 1.000000 0.000000
vn 0.000000 1.000000 0.000000
vn 0.000000 1.000000 0.000000
vn 0.000000 1.000000 0.000000
vn 0.000000 1.000000 0.000000
vn 0.000000 1.000000 -0.000000
vn 0.000000 1.000000 -0.000000
vn 0.000000 -1.000000 0.000001
vn 0.000000 -1.000000 0.000001
vn 0.006745 -0.999977 0.000273
vn 0.006745 -0.999977 0.000273
vn 0.002768 0.002015 0.999994
vn 0.002768 0.002015 0.999994
vn 0.002768 0.002015 0.999994
vn 0.002768 0.002015 0.999994
vn 0.011169 0.999935 0.002110
vn 0.011169 0.999935 0.002110
vn -0.000000 -1.000000 0.000000
vn -0.000000 -1.000000 0.000000
vn -0.008929 -0.999954 0.003571
vn -0.003645 0.000324 0.999993
vn -0.003645 0.000324 0.999993
vn -0.003645 0.000324 0.999993
vn -0.003645 0.000324 0.999993
vn -0.014839 0.999882 0.003938
vn 0.000000 -1.000000 0.000001
vn 0.000000 -1.000000 0.000001
vn 0.000086 -1.000000 0.000184
vn 0.000000 -1.000000 0.000001
vn 0.004812 0.001104 0.999988
vn 0.004812 0.001104 0.999988
vn 0.004812 0.001104 0.999988
vn 0.004812 0.001104 0.999988
vn -0.000093 1.000000 -0.000199
vn 0.000000 1.000000 0.000000
vn -0.002997 -0.000600 0.999995
vn -0.002997 -0.000600 0.999995
vn -0.002997 -0.000600 0.999995
vn -0.002997 -0.000600 0.999995
vn 0.002947 -0.000698 0.999995
vn 0.002947 -0.000698 0.999995
vn 0.002947 -0.000698 0.999995
vn 0.002947 -0.000698 0.999995
vn -0.005541 0.999967 0.005895
vn -0.002953 0.999995 0.001154
vn 0.002953 -0.999995 -0.001153
vn 0.005419 -0.999967 -0.006012
vn 0.005725 -0.999936 -0.009741
vn -0.006031 0.999934 0.009744
vn -0.994682 0.101625 0.016711
vn -0.994682 0.101625 0.016711
vn -0.994682 0.101625 0.016711
vn -0.994682 0.101625 0.016711
vn -0.000412 1.000000 -0.000880
vn 0.000411 -1.000000 0.000880
vn 0.997333 0.000122 0.072988
vn 0.997333 0.000122 0.072988
vn 0.997333 0.000122 0.072988
vn 0.997333 0.000122 0.072988
vn 1.000000 0.000007 0.000000
vn 1.000000 0.000007 0.000000
vn 0.999270 0.000036 0.038193
vn 0.999269 0.000036 0.038232
vn -0.010394 0.999946 0.000000
vn -0.010394 0.999946 0.000000
vn -0.010524 0.999763 0.019043
vn -0.010523 0.999764 0.018983
vn 0.010395 -0.999946 0.000000
vn 0.010395 -0.999946 0.000000
vn 0.010707 -0.999760 0.019103
vn 0.010707 -0.999760 0.019138
vn 0.011617 -0.999933 0.000000
vn 0.011617 -0.999933 0.000000
vn 0.011617 -0.999933 0.000000
vn 0.011617 -0.999933 0.000000
vn -0.012640 0.999920 0.000000
vn -0.012640 0.999920 0.000000
vn -0.012640 0.999920 0.000000
vn -0.012640 0.999920 0.000000
vn -0.994781 0.102036 0.000000
vn -0.994781 0.102036 0.000000
vn -0.994781 0.102036 0.000000
vn -0.994781 0.102036 0.000000
vn 0.997538 0.000060 0.070133
vn 0.997538 0.000060 0.070133
vn -0.010637 0.999294 0.036032
vn -0.010637 0.999294 0.036032
vn -0.996930 -0.000044 0.078296
vn -0.996930 -0.000044 0.078296
vn -0.996930 -0.000044 0.078296
vn -0.996930 -0.000044 0.078296
vn 0.010983 -0.999283 0.036235
vn 0.010983 -0.999283 0.036235
vn 0.000236 1.000000 -0.000241
vn 0.000170 1.000000 0.000265
vn -0.000170 -1.000000 -0.000264
vn -0.000235 -1.000000 0.000241
vn 0.000099 1.000000 -0.000998
vn 0.000159 1.000000 -0.000798
vn -0.997710 -0.000113 -0.067635
vn -0.997710 -0.000113 -0.067635
vn -0.997710 -0.000113 -0.067635
vn -0.997710 -0.000113 -0.067635
vn -0.000159 -1.000000 0.000798
vn -0.000099 -1.000000 0.001000
vn 0.999997 -0.000000 0.002408
vn 0.999997 -0.000000 0.002408
vn 0.999997 -0.000000 0.002408
vn 0.999997 -0.000000 0.002408
vn 0.000111 1.000000 0.000469
vn -0.000111 -1.000000 -0.000467
vn 0.000459 1.000000 0.000000
vn 0.000459 1.000000 0.000000
vn 0.000459 1.000000 0.000000
vn 0.000459 1.000000 0.000000
vn -0.000455 -1.000000 0.000000
vn -0.000455 -1.000000 0.000000
vn -0.000455 -1.000000 0.000000
vn -0.000455 -1.000000 0.000000
vn 0.000552 1.000000 -0.000048
vn 0.000552 1.000000 -0.000048
vn 0.000552 1.000000 -0.000048
vn 0.000552 1.000000 -0.000048
vn -0.985137 0.000129 0.171772
vn -0.985137 0.000129 0.171772
vn -0.985137 0.000129 0.171772
vn -0.985137 0.000129 0.171772
vn -0.000553 -1.000000 0.000048
vn -0.000553 -1.000000 0.000048
vn -0.000553 -1.000000 0.000048
vn -0.000553 -1.000000 0.000048
vn 0.998666 -0.000043 0.051640
vn 0.998666 -0.000043 0.051640
vn 0.998666 -0.000043 0.051640
vn 0.998666 -0.000043 0.051640
vn 0.000235 1.000000 0.000006
vn 0.000235 1.000000 0.000006
vn 0.000235 1.000000 0.000006
vn 0.000235 1.000000 0.000006
vn -0.000235 -1.000000 -0.000006
vn -0.000235 -1.000000 -0.000006
vn -0.000235 -1.000000 -0.000006
vn -0.000235 -1.000000 -0.000006
vn 0.000459 1.000000 0.000000
vn 0.000459 1.000000 0.000000
vn 0.000459 1.000000 0.000000
vn 0.000459 1.000000 0.000000
vn -1.000000 -0.000004 0.000000
vn -1.000000 -0.000004 0.000000
vn -1.000000 -0.000004 0.000000
vn -1.000000 -0.000004 0.000000
vn -0.000455 -1.000000 0.000000
vn -0.000455 -1.000000 0.000000
vn -0.000455 -1.000000 0.000000
vn -0.000455 -1.000000 0.000000
vn 0.996544 -0.000071 0.083068
vn 0.996544 -0.000071 0.083068
vn 0.996544 -0.000071 0.083068
vn 0.996544 -0.000071 0.083068
vn 0.000261 1.000000 0.000011
vn 0.000261 1.000000 0.000011
vn 0.000261 1.000000 0.000011
vn 0.000261 1.000000 0.000011
vn -0.000261 -1.000000 -0.000011
vn -0.000261 -1.000000 -0.000011
vn -0.000261 -1.000000 -0.000011
vn -0.000261 -1.000000 -0.000011
vn 0.998739 -0.000016 0.050208
vn 0.998739 -0.000016 0.050208
vn 0.998739 -0.000016 0.050208
vn 0.998739 -0.000016 0.050208
vn 0.000381 0.999569 0.029358
vn 0.000381 0.999569 0.029358
vn 0.000381 0.999569 0.029358
vn 0.000381 0.999569 0.029358
vn -0.998739 0.000007 0.050208
vn -0.998739 0.000007 0.050208
vn -0.998739 0.000007 0.050208
vn -0.998739 0.000007 0.050208
vn -0.000545 -0.999569 0.029359
vn -0.000545 -0.999569 0.029359
vn -0.000545 -0.999569 0.029359
vn -0.000545 -0.999569 0.029359
vn -0.000073 0.999999 0.001174
vn -0.000243 1.000000 0.000913
vn 0.000246 -1.000000 -0.000913
vn 0.000073 -0.999999 -0.001174
vn -0.000010 0.999999 0.001241
vn -0.999997 0.000000 -0.002408
vn -0.999997 0.000000 -0.002408
vn -0.999997 0.000000 -0.002408
vn -0.999997 0.000000 -0.002408
vn 0.000010 -0.999999 -0.001240
vn -0.000232 1.000000 0.000443
vn -0.000138 1.000000 0.000269
vn 0.000138 -1.000000 -0.000269
vn 0.000233 -1.000000 -0.000442
vn 0.999997 -0.000005 -0.002423
vn 0.999997 -0.000005 -0.002423
vn 0.999997 -0.000005 -0.002423
vn 0.999997 -0.000005 -0.002423
vn -0.000330 1.000000 0.000034
vn -0.000330 1.000000 0.000034
vn -0.000330 1.000000 0.000034
vn -0.000330 1.000000 0.000034
vn -0.978376 -0.027386 0.205014
vn -0.978376 -0.027386 0.205014
vn -0.978376 -0.027386 0.205014
vn -0.978376 -0.027386 0.205014
vn 0.000332 -1.000000 -0.000035
vn 0.000332 -1.000000 -0.000035
vn 0.000332 -1.000000 -0.000035
vn 0.000332 -1.000000 -0.000035
vn -0.000278 1.000000 0.000000
vn -0.000278 1.000000 0.000000
vn -0.000278 1.000000 0.000000
vn -0.000278 1.000000 0.000000
vn 0.000276 -1.000000 0.000000
vn 0.000276 -1.000000 0.000000
vn 0.000276 -1.000000 0.000000
vn 0.000276 -1.000000 0.000000
vn 1.000000 -0.000004 0.000000
vn 1.000000 -0.000004 0.000000
vn 1.000000 -0.000004 0.000000
vn 1.000000 -0.000004 0.000000
vn -0.000729 1.000000 0.000000
vn -0.000729 1.000000 0.000000
vn -0.000729 1.000000 0.000000
vn -0.000729 1.000000 0.000000
vn 0.000737 -1.000000 0.000000
vn 0.000737 -1.000000 0.000000
vn 0.000737 -1.000000 0.000000
vn 0.000737 -1.000000 0.000000
vn -0.000278 1.000000 0.000000
vn -0.000278 1.000000 0.000000
vn -0.000278 1.000000 0.000000
vn -0.000278 1.000000 0.000000
vn 0.000276 -1.000000 0.000000
vn 0.000276 -1.000000 0.000000
vn 0.000276 -1.000000 0.000000
vn 0.000276 -1.000000 0.000000
vn 1.000000 -0.000004 0.000000
vn 1.000000 -0.000004 0.000000
vn 1.000000 -0.000004 0.000000
vn 1.000000 -0.000004 0.000000
vn -0.000800 1.000000 0.000169
vn -0.000800 1.000000 0.000169
vn -0.000800 1.000000 0.000169
vn -0.000800 1.000000 0.000169
vn -0.920863 -0.011799 0.389707
vn -0.920863 -0.011799 0.389707
vn -0.920863 -0.011799 0.389707
vn -0.920863 -0.011799 0.389707
vn 0.000810 -1.000000 -0.000170
vn 0.000810 -1.000000 -0.000170
vn 0.000810 -1.000000 -0.000170
vn 0.000810 -1.000000 -0.000170
vn -0.000120 0.998660 0.051752
vn -0.000120 0.998660 0.051752
vn -0.000120 0.998660 0.051752
vn -0.000120 0.998660 0.051752
vn -0.997279 -0.000037 0.073726
vn -0.997279 -0.000037 0.073726
vn -0.997279 -0.000037 0.073726
vn -0.997279 -0.000037 0.073726
vn 0.000395 -0.998660 0.051752
vn 0.000395 -0.998660 0.051752
vn 0.000395 -0.998660 0.051752
vn 0.000395 -0.998660 0.051752
vn 0.997279 0.000015 0.073726
vn 0.997279 0.000015 0.073726
vn 0.997279 0.000015 0.073726
vn 0.997279 0.000015 0.073726
vn 1.000000 0.000024 -0.000008
vn 1.000000 0.000027 -0.000008
vn 1.000000 -0.000379 -0.000034
vn 1.000000 0.000024 -0.000008
vn -0.000052 0.999914 0.013129
vn -0.000052 0.999914 0.013129
vn -0.000052 0.999914 0.013129
vn -0.000052 0.999914 0.013129
vn 0.000009 -0.999493 -0.031852
vn 0.000009 -0.999493 -0.031852
vn 0.000009 -0.999493 -0.031852
vn 0.000009 -0.999493 -0.031852
vn 0.049973 0.998172 0.033990
vn 0.049973 0.998172 0.033990
vn 0.049973 0.998172 0.033990
vn 0.049973 0.998172 0.033990
vn -1.000000 0.000004 0.000000
vn -1.000000 0.000004 0.000000
vn -1.000000 0.000004 0.000000
vn -1.000000 0.000004 0.000000
vn 0.000000 -1.000000 0.000000
vn 0.000000 -1.000000 0.000000
vn 0.000000 -1.000000 0.000000
vn 0.000000 -1.000000 0.000000
vn 0.021781 0.997434 0.068200
vn 0.021781 0.997434 0.068200
vn 0.021781 0.997434 0.068200
vn 0.021781 0.997434 0.068200
vn 0.006153 -0.999974 -0.003718
vn 0.006153 -0.999974 -0.003718
vn 0.006153 -0.999974 -0.003718
vn 0.006153 -0.999974 -0.003718
vn 1.000000 -0.000012 0.000000
vn 0.999960 -0.001983 0.008767
vn 1.000000 -0.000012 0.000000
vn 0.020785 0.999143 0.035806
vn 0.020785 0.999143 0.035806
vn 0.020785 0.999143 0.035806
vn 0.020785 0.999143 0.035806
vn -0.000001 -0.999228 -0.039277
vn -0.000001 -0.999228 -0.039277
vn -0.000001 -0.999228 -0.039277
vn -0.000001 -0.999228 -0.039277
vn 0.023528 0.999357 0.027044
vn 0.023528 0.999357 0.027044
vn 0.023528 0.999357 0.027044
vn 0.023528 0.999357 0.027044
vn -0.999435 0.000050 0.033600
vn -0.999435 0.000050 0.033600
vn -0.999435 0.000050 0.033600
vn -0.999435 0.000050 0.033600
vn 0.000000 -1.000000 -0.000000
vn 0.000000 -1.000000 -0.000000
vn 0.000000 -1.000000 -0.000000
vn 0.000000 -1.000000 -0.000000
vn 0.999886 0.000010 0.015118
vn 0.999885 -0.002589 0.014954
vn 0.999886 0.000010 0.015118
vn 0.024470 0.998937 0.039061
vn 0.024470 0.998937 0.039061
vn 0.024470 0.998937 0.039061
vn 0.024470 0.998937 0.039061
vn -0.999879 0.003025 0.015237
vn -0.999837 0.000079 0.018033
vn -0.999837 0.000079 0.018033
vn -0.999831 0.002466 0.018232
vn 0.012769 -0.999740 -0.018918
vn 0.012769 -0.999740 -0.018918
vn 0.012769 -0.999740 -0.018918
vn 0.012769 -0.999740 -0.018918
vn 0.996078 0.088484 0.000385
vn 0.996078 0.088484 0.000385
vn 0.996078 0.088484 0.000385
vn 0.996078 0.088484 0.000385
vn -0.013009 0.999904 -0.004747
vn -0.005038 0.999977 -0.004597
vn 0.004793 -0.999978 0.004597
vn 0.000954 -0.999998 0.002026
vn -0.019938 0.999789 -0.004878
vn -0.999996 -0.000005 -0.002814
vn -0.999996 -0.000005 -0.002814
vn -0.999996 -0.000005 -0.002814
vn -0.999996 -0.000005 -0.002814
vn -0.002614 -0.999997 -0.000362
vn 0.995221 0.089210 0.039712
vn 0.995221 0.089210 0.039712
vn 0.995221 0.089210 0.039712
vn 0.995221 0.089210 0.039712
vn 0.001666 0.999711 0.023984
vn 0.001666 0.999711 0.023984
vn 0.001666 0.999711 0.023984
vn 0.001666 0.999711 0.023984
vn -0.998183 0.000006 0.060255
vn -0.998183 0.000006 0.060255
vn -0.998183 0.000006 0.060255
vn -0.998183 0.000006 0.060255
vn 0.014831 -0.999602 0.023986
vn 0.014831 -0.999602 0.023986
vn 0.014831 -0.999602 0.023986
vn 0.014831 -0.999602 0.023986
vn 1.000000 0.000000 0.000000
vn 1.000000 0.000000 0.000000
vn 1.000000 0.000000 0.000000
vn -1.000000 -0.000005 0.000000
vn -1.000000 -0.000005 0.000000
vn -1.000000 -0.000005 0.000000
vn 1.000000 0.000001 0.000000
vn 1.000000 0.000001 0.000000
vn 1.000000 0.000001 0.000000
vn 1.000000 0.000001 0.000000
vn -0.999999 -0.000011 0.001752
vn -0.999998 -0.000011 0.001752
vn -0.999999 -0.000011 0.001752
vn -0.999999 -0.000011 0.001752
vn 0.999886 -0.000181 0.015114
vn 0.999886 -0.000181 0.015114
vn 0.999886 -0.000181 0.015114
vn 0.999886 -0.000181 0.015114
vn -0.003990 -0.013642 0.999899
vn -0.003990 -0.013642 0.999899
vn -0.003990 -0.013642 0.999899
vn -0.003990 -0.013642 0.999899
vn -0.999838 -0.000234 0.018021
vn -0.999838 -0.000234 0.018021
vn -0.999838 -0.000234 0.018021
vn -0.999838 -0.000234 0.018021
vn -1.000000 -0.000348 -0.000005
vn -0.999994 0.003081 0.001570
vn -0.999994 0.003171 0.001612
vn 0.999999 -0.001719 -0.000140
vn -0.999908 0.005719 0.012298
vn 0.999938 -0.005598 0.009602
vn -0.999804 0.006793 0.018593
vn -0.004652 -0.009998 0.999939
vn -0.004652 -0.009998 0.999939
vn 0.999867 -0.007165 0.014665
vn 0.000000 1.000000 0.000000
vn 0.000000 1.000000 0.000000
vn 0.000000 1.000000 0.000000
vn 0.000000 1.000000 0.000000
vn 0.000000 1.000000 0.000000
vn 0.000000 1.000000 0.000000
vn 0.000000 1.000000 -0.000000
vn 0.000000 1.000000 0.000000
vn 0.000000 1.000000 0.000000
vn 0.000000 1.000000 -0.000000
vn 0.000000 1.000000 -0.000000
vn 0.000000 1.000000 0.000000
vn 0.000000 1.000000 0.000000
vn 0.000000 1.000000 0.000000
vn 0.000000 1.000000 -0.000000
vn 0.000000 1.000000 -0.000000
vn 0.000000 1.000000 0.000000
vn 0.000000 1.000000 0.000000
vn 0.000000 1.000000 -0.000000
vn 0.000000 1.000000 0.000000
vn 0.000000 1.000000 0.000000
vn 0.000000 1.000000 0.000000
vn 0.000000 1.000000 -0.000000
vn 0.000000 1.000000 -0.000000
vn 0.000000 1.000000 0.000000
vn 0.000000 1.000000 0.000000
vn 0.000000 1.000000 0.000000
vn 0.000000 1.000000 -0.000000
vn 0.000000 1.000000 -0.000000
vn 0.000000 1.000000 -0.000000
vn 0.000000 1.000000 0.000000
vn 0.000000 1.000000 -0.000000
vn 0.000000 1.000000 -0.000000
vn 0.000000 1.000000 0.000000
vn 0.000000 1.000000 -0.000000
vn 0.000000 1.000000 0.000000
vn 0.000000 1.000000 -0.000000
vn 0.000000 1.000000 -0.000000
vn 0.000000 1.000000 0.000000
vn 0.000000 1.000000 0.000000
vn 0.000000 1.000000 -0.000000
vn 0.000000 1.000000 0.000000
vn -0.000017 1.000000 -0.000170
vn 0.000000 1.000000 0.000000
vn 0.000000 1.000000 0.000000
vn -0.000025 1.000000 -0.000125
vn 0.000000 1.000000 -0.000000
vn 0.000000 1.000000 -0.000000
vn -0.005081 0.999987 0.000960
vn -0.005430 0.999985 0.001026
vn 0.001697 0.999997 0.001799
vn 0.000000 1.000000 0.000000
vn 0.000000 1.000000 -0.000000
vn 0.000736 1.000000 0.000288
vn 0.000022 0.999985 0.005482
vn 0.000022 0.999985 0.005482
vn 0.006319 0.999968 0.004826
vn 0.010642 0.999941 0.002059
vn 0.000016 1.000000 0.000250
vn 0.000000 1.000000 0.000000
vn 0.000000 1.000000 -0.000000
vn 0.000052 1.000000 0.000194
vn -0.000037 1.000000 -0.000038
vn 0.000000 1.000000 0.000000
vn 0.000000 1.000000 -0.000000
vn -0.000027 1.000000 0.000041
vn 0.009654 0.999952 -0.001519
vn 0.000000 1.000000 0.000000
vn 0.003299 0.999990 -0.003010
vn 0.002721 0.999987 0.004396
vn 0.000000 1.000000 0.000000
vn 0.001241 0.008418 0.999964
vn 0.001241 0.008418 0.999964
vn 0.001241 0.008418 0.999964
vn 0.001241 0.008418 0.999964
vn 0.004321 0.004274 0.999982
vn 0.004321 0.004274 0.999982
vn 0.004520 -0.004286 0.999981
vn 0.004521 -0.004314 0.999981
vn -0.002457 0.000636 0.999997
vn -0.002457 0.000636 0.999997
vn -0.002457 0.000636 0.999997
vn -0.002457 0.000636 0.999997
vn -0.003015 -0.001202 0.999995
vn -0.003015 -0.001202 0.999995
vn -0.003015 -0.001202 0.999995
vn -0.003015 -0.001202 0.999995
vn 0.003476 -0.000086 0.999994
vn 0.003476 -0.000086 0.999994
vn 0.003476 -0.000086 0.999994
vn 0.003476 -0.000086 0.999994
vn 0.002318 0.001175 0.999997
vn 0.002318 0.001175 0.999997
vn 0.002318 0.001175 0.999997
vn 0.002318 0.001175 0.999997
vn -0.005703 0.000184 0.999984
vn -0.005703 0.000184 0.999984
vn -0.005703 0.000184 0.999984
vn -0.005703 0.000184 0.999984
vn -0.002083 -0.999996 0.001998
vn 0.000000 -1.000000 0.000001
vn 0.000000 -1.000000 0.000001
vn 0.000785 -0.999998 0.001636
vn 0.003417 -0.999989 0.003117
vn 0.000046 -0.999996 0.002840
vn 0.000046 -0.999996 0.002840
vn 0.004115 -0.999989 0.002237
vn -0.002857 -0.999996 0.000116
vn -0.000000 -1.000000 0.000001
vn -0.000000 -1.000000 0.000001
vn -0.003485 -0.999994 0.000142
vn -0.000000 -1.000000 0.000001
vn -0.000000 -1.000000 0.000001
vn -0.000015 -1.000000 -0.000244
vn -0.000051 -1.000000 -0.000189
vn 0.000000 -1.000000 0.000001
vn 0.000000 -1.000000 0.000001
vn 0.000036 -1.000000 0.000038
vn 0.000026 -1.000000 -0.000039
vn 0.000000 -1.000000 0.000001
vn 0.000000 -1.000000 0.000001
vn 0.000018 -1.000000 0.000181
vn 0.000024 -1.000000 0.000122
vn -0.000000 -1.000000 0.000001
vn -0.000000 -1.000000 0.000001
vn -0.001265 -0.999998 -0.001408
vn -0.000720 -1.000000 -0.000280
vn -0.000000 -1.000000 0.000001
vn -0.000000 -1.000000 0.000001
vn -0.001405 -0.999996 -0.002389
vn 0.000000 -1.000000 0.000001
vn 0.000000 -1.000000 0.000001
vn 0.000000 -1.000000 0.000001
vn 0.000000 -1.000000 0.000001
vn 0.000000 -1.000000 0.000000
vn 0.000000 -1.000000 0.000000
vn 0.000000 -1.000000 0.000000
vn 0.000000 -1.000000 0.000000
vn -0.000000 -1.000000 0.000001
vn -0.000000 -1.000000 0.000001
vn -0.000000 -1.000000 0.000001
vn -0.000000 -1.000000 0.000001
vn -0.000000 -1.000000 0.000001
vn -0.000000 -1.000000 0.000001
vn -0.000000 -1.000000 0.000001
vn -0.000000 -1.000000 0.000001
vn 0.000000 -1.000000 0.000001
vn 0.000000 -1.000000 0.000001
vn 0.000000 -1.000000 0.000001
vn 0.000000 -1.000000 0.000001
vn 0.000000 -1.000000 0.000001
vn 0.000000 -1.000000 0.000001
vn 0.000000 -1.000000 0.000001
vn 0.000000 -1.000000 0.000001
vn -0.000000 -1.000000 0.000001
vn -0.000000 -1.000000 0.000001
vn -0.000000 -1.000000 0.000001
vn -0.000000 -1.000000 0.000001
vn -0.000000 -1.000000 0.000001
vn -0.000000 -1.000000 0.000001
vn -0.000000 -1.000000 0.000001
vn -0.000000 -1.000000 0.000001
vn -0.015614 -0.012943 0.999794
vn -0.015614 -0.012943 0.999794
vn -0.015614 -0.012943 0.999794
vn -0.015614 -0.012943 0.999794
vn 0.000000 -1.000000 0.000001
vn 0.000000 -1.000000 0.000001
vn 0.000000 -1.000000 0.000001
vn 0.003242 0.000492 0.999995
vn 0.003242 0.000492 0.999995
vn 0.003242 0.000492 0.999995
vn 0.003242 0.000492 0.999995
vn 0.000000 1.000000 -0.000000
vn 0.000000 1.000000 -0.000000
vn 0.000000 -1.000000 0.000001
vn 0.000000 -1.000000 0.000001
vn 0.000000 -1.000000 0.000001
vn 0.000000 -1.000000 0.000001
vn 0.000000 -1.000000 0.000001
vn 0.000000 -1.000000 0.000001
vn 0.000006 -1.000000 -0.000180
vn 0.002404 -0.001247 0.999996
vn 0.002404 -0.001247 0.999996
vn 0.002404 -0.001247 0.999996
vn 0.002404 -0.001247 0.999996
vn 0.000000 1.000000 -0.000000
vn 0.000000 1.000000 -0.000000
vn -0.000006 1.000000 0.000184
vn 0.000000 1.000000 0.000000
vn 0.000000 1.000000 0.000000
vn 0.000000 1.000000 0.000000
vn -0.000000 -1.000000 0.000001
vn -0.000000 -1.000000 0.000001
vn -0.000000 -1.000000 0.000001
vn -0.000000 -1.000000 0.000001
vn -0.000030 -1.000000 -0.000058
vn -0.000000 -1.000000 0.000001
vn -0.000000 -1.000000 0.000001
vn -0.000048 -1.000000 -0.000091
vn -0.002993 -0.000165 0.999996
vn -0.002993 -0.000165 0.999996
vn -0.002993 -0.000165 0.999996
vn -0.002993 -0.000165 0.999996
vn 0.000000 1.000000 -0.000000
vn 0.000000 1.000000 -0.000000
vn 0.000030 1.000000 0.000058
vn 0.000049 1.000000 0.000094
vn 0.000000 1.000000 0.000000
vn 0.000000 1.000000 0.000000
vn 0.000000 1.000000 0.000000
vn -0.000000 -1.000000 0.000001
vn -0.000000 -1.000000 0.000001
vn -0.006745 -0.999977 0.000273
vn -0.006745 -0.999977 0.000273
vn -0.002768 0.002015 0.999994
vn -0.002768 0.002015 0.999994
vn -0.002768 0.002015 0.999994
vn -0.002768 0.002015 0.999994
vn -0.011169 0.999935 0.002110
vn -0.011169 0.999935 0.002110
vn 0.000000 -1.000000 0.000001
vn 0.000000 -1.000000 0.000001
vn 0.008929 -0.999954 0.003571
vn 0.003645 0.000324 0.999993
vn 0.003645 0.000324 0.999993
vn 0.003645 0.000324 0.999993
vn 0.003645 0.000324 0.999993
vn 0.014839 0.999882 0.003938
vn 0.000000 1.000000 -0.000000
vn -0.000000 -1.000000 0.000001
vn -0.000000 -1.000000 0.000001
vn -0.000086 -1.000000 0.000185
vn -0.000000 -1.000000 0.000001
vn -0.004812 0.001104 0.999988
vn -0.004812 0.001104 0.999988
vn -0.004812 0.001104 0.999988
vn -0.004812 0.001104 0.999988
vn 0.000000 1.000000 -0.000000
vn 0.000093 1.000000 -0.000200
vn 0.000000 1.000000 0.000000
vn 0.002998 -0.000600 0.999995
vn 0.002998 -0.000600 0.999995
vn 0.002998 -0.000600 0.999995
vn 0.002998 -0.000600 0.999995
vn -0.002947 -0.000698 0.999995
vn -0.002947 -0.000698 0.999995
vn -0.002947 -0.000698 0.999995
vn -0.002947 -0.000698 0.999995
vn 0.002953 0.999995 0.001154
vn 0.005541 0.999967 0.005895
vn -0.005419 -0.999967 -0.006012
vn -0.002953 -0.999995 -0.001153
vn -0.005725 -0.999936 -0.009741
vn 0.006031 0.999934 0.009744
vn 0.994682 0.101628 0.016711
vn 0.994682 0.101628 0.016711
vn 0.994682 0.101628 0.016711
vn 0.994682 0.101628 0.016711
vn 0.000412 1.000000 -0.000880
vn -0.000411 -1.000000 0.000880
vn -0.997333 0.000122 0.072988
vn -0.997333 0.000122 0.072988
vn -0.997333 0.000122 0.072988
vn -0.997333 0.000122 0.072988
vn -1.000000 0.000009 0.000000
vn -0.999269 0.000036 0.038231
vn -0.999270 0.000036 0.038193
vn -1.000000 0.000009 0.000000
vn 0.010394 0.999946 0.000000
vn 0.010523 0.999764 0.018983
vn 0.010524 0.999763 0.019043
vn 0.010394 0.999946 0.000000
vn -0.010395 -0.999946 0.000000
vn -0.010707 -0.999760 0.019138
vn -0.010707 -0.999760 0.019103
vn -0.010395 -0.999946 0.000000
vn -0.011617 -0.999933 0.000000
vn -0.011617 -0.999933 0.000000
vn -0.011617 -0.999933 0.000000
vn -0.011617 -0.999933 0.000000
vn 0.012640 0.999920 0.000000
vn 0.012640 0.999920 0.000000
vn 0.012640 0.999920 0.000000
vn 0.012640 0.999920 0.000000
vn 0.994781 0.102038 0.000000
vn 0.994781 0.102038 0.000000
vn 0.994781 0.102038 0.000000
vn 0.994781 0.102038 0.000000
vn -0.997538 0.000059 0.070133
vn -0.997538 0.000059 0.070133
vn 0.010637 0.999294 0.036032
vn 0.010637 0.999294 0.036032
vn 0.996930 -0.000042 0.078296
vn 0.996930 -0.000042 0.078296
vn 0.996930 -0.000042 0.078296
vn 0.996930 -0.000042 0.078296
vn -0.010983 -0.999283 0.036235
vn -0.010983 -0.999283 0.036235
vn -0.000170 1.000000 0.000265
vn -0.000236 1.000000 -0.000241
vn 0.000235 -1.000000 0.000241
vn 0.000170 -1.000000 -0.000264
vn -0.000159 1.000000 -0.000798
vn -0.000099 1.000000 -0.000999
vn 0.997710 -0.000113 -0.067635
vn 0.997710 -0.000113 -0.067635
vn 0.997710 -0.000113 -0.067635
vn 0.997710 -0.000113 -0.067635
vn 0.000099 -1.000000 0.001000
vn 0.000159 -1.000000 0.000798
vn -0.999997 -0.000000 0.002409
vn -0.999997 -0.000000 0.002409
vn -0.999997 -0.000000 0.002409
vn -0.999997 -0.000000 0.002409
vn -0.000111 1.000000 0.000469
vn 0.000111 -1.000000 -0.000468
vn -0.000459 1.000000 0.000000
vn -0.000459 1.000000 0.000000
vn -0.000459 1.000000 0.000000
vn -0.000459 1.000000 0.000000
vn 0.000455 -1.000000 0.000000
vn 0.000455 -1.000000 0.000000
vn 0.000455 -1.000000 0.000000
vn 0.000455 -1.000000 0.000000
vn -0.000552 1.000000 -0.000048
vn -0.000552 1.000000 -0.000048
vn -0.000552 1.000000 -0.000048
vn -0.000552 1.000000 -0.000048
vn 0.985137 0.000129 0.171772
vn 0.985137 0.000129 0.171772
vn 0.985137 0.000129 0.171772
vn 0.985137 0.000129 0.171772
vn 0.000553 -1.000000 0.000048
vn 0.000553 -1.000000 0.000048
vn 0.000553 -1.000000 0.000048
vn 0.000553 -1.000000 0.000048
vn -0.998666 -0.000043 0.051640
vn -0.998666 -0.000043 0.051640
vn -0.998666 -0.000043 0.051640
vn -0.998666 -0.000043 0.051640
vn -0.000235 1.000000 0.000006
vn -0.000235 1.000000 0.000006
vn -0.000235 1.000000 0.000006
vn -0.000235 1.000000 0.000006
vn 0.000235 -1.000000 -0.000006
vn 0.000235 -1.000000 -0.000006
vn 0.000235 -1.000000 -0.000006
vn 0.000235 -1.000000 -0.000006
vn -0.000459 1.000000 0.000000
vn -0.000459 1.000000 0.000000
vn -0.000459 1.000000 0.000000
vn -0.000459 1.000000 0.000000
vn 1.000000 -0.000004 0.000000
vn 1.000000 -0.000004 0.000000
vn 1.000000 -0.000004 0.000000
vn 1.000000 -0.000004 0.000000
vn 0.000455 -1.000000 0.000000
vn 0.000455 -1.000000 0.000000
vn 0.000455 -1.000000 0.000000
vn 0.000455 -1.000000 0.000000
vn -0.996544 -0.000070 0.083068
vn -0.996544 -0.000070 0.083068
vn -0.996544 -0.000070 0.083068
vn -0.996544 -0.000070 0.083068
vn -0.000261 1.000000 0.000011
vn -0.000261 1.000000 0.000011
vn -0.000261 1.000000 0.000011
vn -0.000261 1.000000 0.000011
vn 0.000261 -1.000000 -0.000011
vn 0.000261 -1.000000 -0.000011
vn 0.000261 -1.000000 -0.000011
vn 0.000261 -1.000000 -0.000011
vn -0.998739 -0.000016 0.050208
vn -0.998739 -0.000016 0.050208
vn -0.998739 -0.000016 0.050208
vn -0.998739 -0.000016 0.050208
vn -0.000381 0.999569 0.029358
vn -0.000381 0.999569 0.029358
vn -0.000381 0.999569 0.029358
vn -0.000381 0.999569 0.029358
vn 0.998739 0.000007 0.050208
vn 0.998739 0.000007 0.050208
vn 0.998739 0.000007 0.050208
vn 0.998739 0.000007 0.050208
vn 0.000545 -0.999569 0.029359
vn 0.000545 -0.999569 0.029359
vn 0.000545 -0.999569 0.029359
vn 0.000545 -0.999569 0.029359
vn 0.000243 1.000000 0.000913
vn 0.000073 0.999999 0.001173
vn -0.000073 -0.999999 -0.001174
vn -0.000246 -1.000000 -0.000913
vn 0.000010 0.999999 0.001240
vn 0.999997 0.000000 -0.002408
vn 0.999997 0.000000 -0.002408
vn 0.999997 0.000000 -0.002408
vn 0.999997 0.000000 -0.002408
vn -0.000010 -0.999999 -0.001240
vn 0.000138 1.000000 0.000270
vn 0.000232 1.000000 0.000444
vn -0.000233 -1.000000 -0.000442
vn -0.000138 -1.000000 -0.000269
vn -0.999997 -0.000005 -0.002423
vn -0.999997 -0.000005 -0.002423
vn -0.999997 -0.000005 -0.002423
vn -0.999997 -0.000005 -0.002423
vn 0.000330 1.000000 0.000035
vn 0.000330 1.000000 0.000035
vn 0.000330 1.000000 0.000035
vn 0.000330 1.000000 0.000035
vn 0.978376 -0.027386 0.205013
vn 0.978376 -0.027386 0.205013
vn 0.978376 -0.027386 0.205013
vn 0.978376 -0.027386 0.205013
vn -0.000332 -1.000000 -0.000035
vn -0.000332 -1.000000 -0.000035
vn -0.000332 -1.000000 -0.000035
vn -0.000332 -1.000000 -0.000035
vn 0.000278 1.000000 0.000000
vn 0.000278 1.000000 0.000000
vn 0.000278 1.000000 0.000000
vn 0.000278 1.000000 0.000000
vn -0.000276 -1.000000 0.000000
vn -0.000276 -1.000000 0.000000
vn -0.000276 -1.000000 0.000000
vn -0.000276 -1.000000 0.000000
vn -1.000000 -0.000004 0.000000
vn -1.000000 -0.000004 0.000000
vn -1.000000 -0.000004 0.000000
vn -1.000000 -0.000004 0.000000
vn 0.000729 1.000000 0.000000
vn 0.000729 1.000000 0.000000
vn 0.000729 1.000000 0.000000
vn 0.000729 1.000000 0.000000
vn -0.000737 -1.000000 0.000000
vn -0.000737 -1.000000 0.000000
vn -0.000737 -1.000000 0.000000
vn -0.000737 -1.000000 0.000000
vn 0.000278 1.000000 0.000000
vn 0.000278 1.000000 0.000000
vn 0.000278 1.000000 0.000000
vn 0.000278 1.000000 0.000000
vn -0.000276 -1.000000 0.000000
vn -0.000276 -1.000000 0.000000
vn -0.000276 -1.000000 0.000000
vn -0.000276 -1.000000 0.000000
vn -1.000000 -0.000004 0.000000
vn -1.000000 -0.000004 0.000000
vn -1.000000 -0.000004 0.000000
vn -1.000000 -0.000004 0.000000
vn 0.000800 1.000000 0.000169
vn 0.000800 1.000000 0.000169
vn 0.000800 1.000000 0.000169
vn 0.000800 1.000000 0.000169
vn 0.920863 -0.011799 0.389707
vn 0.920863 -0.011799 0.389707
vn 0.920863 -0.011799 0.389707
vn 0.920863 -0.011799 0.389707
vn -0.000810 -1.000000 -0.000171
vn -0.000810 -1.000000 -0.000171
vn -0.000810 -1.000000 -0.000171
vn -0.000810 -1.000000 -0.000171
vn 0.000120 0.998660 0.051751
vn 0.000120 0.998660 0.051751
vn 0.000120 0.998660 0.051751
vn 0.000120 0.998660 0.051751
vn 0.997279 -0.000038 0.073726
vn 0.997279 -0.000038 0.073726
vn 0.997279 -0.000038 0.073726
vn 0.997279 -0.000038 0.073726
vn -0.000395 -0.998660 0.051752
vn -0.000395 -0.998660 0.051752
vn -0.000395 -0.998660 0.051752
vn -0.000395 -0.998660 0.051752
vn -0.997279 0.000015 0.073726
vn -0.997279 0.000015 0.073726
vn -0.997279 0.000015 0.073726
vn -0.997279 0.000015 0.073726
vn -1.000000 0.000026 -0.000008
vn -1.000000 0.000026 -0.000008
vn -1.000000 -0.000378 -0.000034
vn -1.000000 0.000028 -0.000008
vn 0.000052 0.999914 0.013129
vn 0.000052 0.999914 0.013129
vn 0.000052 0.999914 0.013129
vn 0.000052 0.999914 0.013129
vn -0.000009 -0.999493 -0.031852
vn -0.000009 -0.999493 -0.031852
vn -0.000009 -0.999493 -0.031852
vn -0.000009 -0.999493 -0.031852
vn -0.049973 0.998172 0.033990
vn -0.049973 0.998172 0.033990
vn -0.049973 0.998172 0.033990
vn -0.049973 0.998172 0.033990
vn 1.000000 0.000005 0.000000
vn 1.000000 0.000005 0.000000
vn 1.000000 0.000005 0.000000
vn 1.000000 0.000005 0.000000
vn 0.000000 -1.000000 0.000000
vn 0.000000 -1.000000 0.000000
vn 0.000000 -1.000000 0.000000
vn 0.000000 -1.000000 0.000000
vn -0.021781 0.997434 0.068200
vn -0.021781 0.997434 0.068200
vn -0.021781 0.997434 0.068200
vn -0.021781 0.997434 0.068200
vn -0.006153 -0.999974 -0.003718
vn -0.006153 -0.999974 -0.003718
vn -0.006153 -0.999974 -0.003718
vn -0.006153 -0.999974 -0.003718
vn -1.000000 -0.000012 0.000000
vn -1.000000 -0.000012 0.000000
vn -0.999960 -0.001983 0.008767
vn -0.020785 0.999143 0.035806
vn -0.020785 0.999143 0.035806
vn -0.020785 0.999143 0.035806
vn -0.020785 0.999143 0.035806
vn 0.000002 -0.999228 -0.039277
vn 0.000002 -0.999228 -0.039277
vn 0.000002 -0.999228 -0.039277
vn 0.000002 -0.999228 -0.039277
vn -0.023528 0.999357 0.027044
vn -0.023528 0.999357 0.027044
vn -0.023528 0.999357 0.027044
vn -0.023528 0.999357 0.027044
vn 0.999435 0.000050 0.033600
vn 0.999435 0.000050 0.033600
vn 0.999435 0.000050 0.033600
vn 0.999435 0.000050 0.033600
vn 0.000000 -1.000000 0.000000
vn 0.000000 -1.000000 0.000000
vn 0.000000 -1.000000 0.000000
vn 0.000000 -1.000000 0.000000
vn -0.999886 0.000009 0.015118
vn -0.999886 0.000009 0.015118
vn -0.999885 -0.002589 0.014954
vn -0.024470 0.998937 0.039061
vn -0.024470 0.998937 0.039061
vn -0.024470 0.998937 0.039061
vn -0.024470 0.998937 0.039061
vn 0.999879 0.003026 0.015237
vn 0.999831 0.002466 0.018232
vn 0.999837 0.000078 0.018033
vn 0.999837 0.000078 0.018033
vn -0.012769 -0.999740 -0.018918
vn -0.012769 -0.999740 -0.018918
vn -0.012769 -0.999740 -0.018918
vn -0.012769 -0.999740 -0.018918
vn -0.996078 0.088482 0.000385
vn -0.996078 0.088482 0.000385
vn -0.996078 0.088482 0.000385
vn -0.996078 0.088482 0.000385
vn 0.005038 0.999977 -0.004597
vn 0.013009 0.999904 -0.004747
vn -0.000954 -0.999997 0.002026
vn -0.004793 -0.999978 0.004597
vn 0.019938 0.999789 -0.004878
vn 0.999996 -0.000004 -0.002814
vn 0.999996 -0.000004 -0.002814
vn 0.999996 -0.000004 -0.002814
vn 0.999996 -0.000004 -0.002814
vn 0.002614 -0.999997 -0.000362
vn -0.995221 0.089209 0.039712
vn -0.995221 0.089209 0.039712
vn -0.995221 0.089209 0.039712
vn -0.995221 0.089209 0.039712
vn -0.001666 0.999711 0.023984
vn -0.001666 0.999711 0.023984
vn -0.001666 0.999711 0.023984
vn -0.001666 0.999711 0.023984
vn 0.998183 0.000004 0.060255
vn 0.998183 0.000004 0.060255
vn 0.998183 0.000004 0.060255
vn 0.998183 0.000004 0.060255
vn -0.014831 -0.999602 0.023986
vn -0.014831 -0.999602 0.023986
vn -0.014831 -0.999602 0.023986
vn -0.014831 -0.999602 0.023986
vn -1.000000 0.000000 0.000000
vn -1.000000 0.000000 0.000000
vn -1.000000 0.000000 0.000000
vn 1.000000 0.000000 0.000000
vn 1.000000 0.000000 0.000000
vn 1.000000 0.000000 0.000000
vn -1.000000 0.000000 0.000000
vn -1.000000 0.000000 0.000000
vn -1.000000 0.000000 0.000000
vn -1.000000 0.000000 0.000000
vn 0.999999 -0.000016 0.001752
vn 0.999999 -0.000016 0.001752
vn 0.999999 -0.000016 0.001752
vn 0.999999 -0.000016 0.001752
vn -0.999886 -0.000178 0.015114
vn -0.999886 -0.000178 0.015114
vn -0.999886 -0.000178 0.015114
vn -0.999886 -0.000178 0.015114
vn 0.003990 -0.013642 0.999899
vn 0.003990 -0.013642 0.999899
vn 0.003990 -0.013642 0.999899
vn 0.003990 -0.013642 0.999899
vn 0.999838 -0.000236 0.018021
vn 0.999838 -0.000236 0.018021
vn 0.999838 -0.000236 0.018021
vn 0.999838 -0.000236 0.018021
vn 1.000000 -0.000341 -0.000005
vn 0.999994 0.003176 0.001612
vn 0.999994 0.003086 0.001570
vn -0.999999 -0.001720 -0.000140
vn 0.999908 0.005721 0.012298
vn -0.999938 -0.005598 0.009602
vn 0.999804 0.006795 0.018593
vn 0.004652 -0.009998 0.999939
vn 0.004652 -0.009998 0.999939
vn -0.999867 -0.007165 0.014665
vn 0.858784 0.041478 -0.510656
vn 0.488079 0.043413 -0.871719
vn 0.487725 0.055425 -0.871236
vn 0.858406 0.053413 -0.510182
vn -0.013446 0.037266 -0.999215
vn -0.013791 0.049032 -0.998702
vn -0.511462 0.024682 -0.858951
vn -0.511741 0.035945 -0.858387
vn -0.872536 0.009033 -0.488466
vn -0.872660 0.019673 -0.487933
vn -0.999900 -0.005489 0.013044
vn -0.999899 0.004575 0.013446
vn -0.859344 -0.014993 0.511179
vn -0.859323 -0.005305 0.511406
vn -0.488521 -0.016929 0.872388
vn -0.488647 -0.007317 0.872451
vn 0.013188 -0.010778 0.999855
vn 0.012872 -0.000923 0.999917
vn 0.511269 0.001810 0.859419
vn 0.510824 0.012163 0.859599
vn 0.872227 0.017460 0.488790
vn 0.871737 0.028435 0.489149
vn 0.999408 0.031980 -0.012693
vn 0.998977 0.043534 -0.012240
vn 0.859237 0.027577 -0.510833
vn 0.488299 0.029423 -0.872180
vn -0.013574 0.023556 -0.999630
vn -0.511754 0.011551 -0.859054
vn -0.872688 -0.003371 -0.488267
vn -0.999764 -0.017210 0.013252
vn -0.859093 -0.026262 0.511145
vn -0.488426 -0.028106 0.872152
vn 0.013016 -0.022248 0.999668
vn 0.511035 -0.010255 0.859499
vn 0.872242 0.004664 0.489053
vn 0.999750 0.018512 -0.012532
vn 0.465949 0.746952 -0.474293
vn 0.465949 0.746952 -0.474293
vn 0.465949 0.746952 -0.474293
vn 0.155212 0.746132 -0.647454
vn 0.155212 0.746132 -0.647454
vn 0.155212 0.746132 -0.647454
vn -0.199894 0.742368 -0.639478
vn -0.199894 0.742368 -0.639478
vn -0.199894 0.742368 -0.639478
vn -0.500132 0.736768 -0.455017
vn -0.500133 0.736768 -0.455017
vn -0.500133 0.736768 -0.455017
vn -0.666500 0.730829 -0.147193
vn -0.666500 0.730829 -0.147193
vn -0.666500 0.730829 -0.147193
vn -0.657763 0.726129 0.200212
vn -0.657763 0.726129 0.200212
vn -0.657763 0.726129 0.200212
vn -0.479397 0.723907 0.496122
vn -0.479397 0.723907 0.496122
vn -0.479397 0.723907 0.496122
vn -0.178422 0.724739 0.665521
vn -0.178422 0.724739 0.665521
vn -0.178422 0.724739 0.665521
vn 0.168082 0.728387 0.664229
vn 0.168082 0.728388 0.664229
vn 0.168082 0.728387 0.664229
vn 0.470129 0.733920 0.490245
vn 0.470129 0.733920 0.490245
vn 0.470129 0.733920 0.490245
vn 0.646376 0.739888 0.186448
vn 0.646376 0.739888 0.186448
vn 0.646376 0.739888 0.186448
vn 0.645997 0.744683 -0.167737
vn 0.645997 0.744683 -0.167737
vn 0.645997 0.744683 -0.167737
vn -0.024538 -0.254624 0.966729
vn 0.081282 0.590883 0.802652
vn 0.922896 -0.295850 -0.246445
vn 0.954388 -0.044225 -0.295277
vn -0.111885 -0.908406 0.402840
vn 0.980384 0.150336 -0.127462
vn -0.114978 -0.878135 -0.464392
vn 0.981305 0.141333 0.130632
vn -0.031493 -0.186612 -0.981929
vn 0.956460 -0.064467 0.284654
vn 0.075708 0.645436 -0.760054
vn 0.924557 -0.312087 0.218621
vn 0.125902 0.991455 0.034152
vn 0.909621 -0.415060 -0.017739
vn -0.081286 -0.590885 -0.802651
vn 0.024537 0.254621 -0.966729
vn 0.111883 0.908404 -0.402846
vn 0.114978 0.878137 0.464387
vn 0.031492 0.186612 0.981929
vn -0.075707 -0.645439 0.760050
vn -0.125899 -0.991455 -0.034158
vn -0.971279 -0.055844 -0.231296
vn -0.939786 0.195781 -0.280128
vn -0.913795 0.390340 -0.112312
vn -0.912871 0.381333 0.145782
vn -0.937713 0.175537 0.299801
vn -0.969617 -0.072079 0.233769
vn -0.984556 -0.175051 -0.002590
vn -0.023000 0.871406 -0.490023
vn 0.008987 0.417752 -0.908517
vn -0.025450 0.416016 -0.909001
vn -0.057417 0.869403 -0.490757
vn 0.037542 -0.195472 -0.979990
vn 0.003088 -0.196841 -0.980431
vn 0.051758 -0.734035 -0.677136
vn 0.017296 -0.735083 -0.677757
vn 0.046207 -0.992215 -0.115645
vn 0.011747 -0.993109 -0.116600
vn 0.023007 -0.871402 0.490029
vn -0.011439 -0.872371 0.488710
vn -0.008980 -0.417748 0.908519
vn -0.043406 -0.418982 0.906956
vn -0.037535 0.195473 0.979991
vn -0.071945 0.193873 0.978385
vn -0.051752 0.734035 0.677137
vn -0.086153 0.732116 0.675710
vn -0.046200 0.992215 0.115649
vn -0.080604 0.990142 0.114556
vn 0.010783 0.872363 -0.488740
vn 0.042751 0.418970 -0.906993
vn 0.071290 -0.193906 -0.978426
vn 0.085499 -0.732161 -0.675744
vn 0.079950 -0.990193 -0.114569
vn 0.056763 -0.869443 0.490761
vn 0.024795 -0.416055 0.909001
vn -0.003744 0.196819 0.980433
vn -0.017952 0.735070 0.677754
vn -0.012404 0.993103 0.116585
vn -0.998647 -0.043071 -0.029141
vn 0.998632 0.042985 0.029771
vn -0.024525 -0.254630 0.966727
vn 0.081290 0.590891 0.802646
vn 0.922897 -0.295854 -0.246439
vn 0.954390 -0.044224 -0.295268
vn -0.111863 -0.908407 0.402845
vn 0.980383 0.150344 -0.127461
vn -0.114972 -0.878136 -0.464392
vn 0.981307 0.141331 0.130622
vn -0.031491 -0.186610 -0.981929
vn 0.956462 -0.064469 0.284647
vn 0.075709 0.645437 -0.760052
vn 0.924559 -0.312087 0.218616
vn 0.125899 0.991455 0.034149
vn 0.909620 -0.415062 -0.017743
vn -0.081292 -0.590885 -0.802650
vn 0.024525 0.254621 -0.966730
vn 0.111870 0.908405 -0.402847
vn 0.114970 0.878133 0.464397
vn 0.031493 0.186613 0.981929
vn -0.075706 -0.645435 0.760054
vn -0.125900 -0.991455 -0.034158
vn -0.971280 -0.055848 -0.231292
vn -0.939787 0.195787 -0.280121
vn -0.913791 0.390349 -0.112314
vn -0.912867 0.381343 0.145777
vn -0.937713 0.175540 0.299801
vn -0.969616 -0.072080 0.233771
vn -0.984555 -0.175056 -0.002589
vn -0.165484 -0.322673 0.931932
vn -0.121113 -0.263440 0.957043
vn -0.110989 -0.284356 0.952273
vn -0.134194 -0.288151 0.948135
vn -0.047570 -0.261445 0.964045
vn -0.090300 -0.357380 0.929584
vn -0.058871 -0.472434 0.879398
vn -0.092123 -0.468538 0.878627
vn -0.019834 -0.585111 0.810711
vn -0.035188 -0.523595 0.851241
vn 0.077411 -0.580014 0.810920
vn 0.102291 -0.507063 0.855817
vn 0.157865 -0.416280 0.895427
vn 0.215822 -0.395475 0.892760
vn 0.141240 -0.204373 0.968650
vn 0.191818 -0.225716 0.955122
vn 0.122953 -0.154011 0.980389
vn 0.145291 -0.155688 0.977063
vn -0.144158 -0.287351 0.946915
vn -0.134965 -0.231446 0.963440
vn -0.146977 -0.349462 0.925351
vn -0.145038 -0.383348 0.912145
vn -0.047622 -0.395849 0.917080
vn 0.149866 -0.347716 0.925545
vn 0.287084 -0.281971 0.915465
vn 0.288630 -0.209631 0.934209
vn 0.245502 -0.156492 0.956681
vn -0.188957 -0.140222 0.971923
vn -0.234955 -0.140126 0.961853
vn -0.172624 -0.146916 0.973970
vn -0.188519 -0.175446 0.966271
vn -0.046525 -0.187816 0.981102
vn 0.182336 -0.154903 0.970958
vn 0.299645 -0.132862 0.944754
vn 0.325391 -0.129847 0.936622
vn 0.332824 -0.123700 0.934840
vn -0.208024 0.076541 0.975124
vn -0.260412 0.084956 0.961753
vn -0.177739 0.065916 0.981868
vn -0.191914 0.104782 0.975802
vn -0.054749 0.136942 0.989065
vn 0.166699 0.109585 0.979899
vn 0.272255 0.046623 0.961095
vn 0.329074 0.022488 0.944036
vn 0.367271 0.022971 0.929830
vn -0.218918 0.157269 0.962986
vn -0.233078 0.171912 0.957142
vn -0.176780 0.148001 0.973059
vn -0.138954 0.193915 0.971128
vn -0.052590 0.259110 0.964415
vn 0.113469 0.241715 0.963690
vn 0.232775 0.200081 0.951727
vn 0.314752 0.193852 0.929168
vn 0.361368 0.197974 0.911164
vn -0.185992 0.141003 0.972381
vn -0.177080 0.088528 0.980207
vn -0.172004 0.207533 0.962988
vn -0.122681 0.191949 0.973707
vn -0.025891 0.194628 0.980536
vn 0.112818 0.264418 0.957787
vn 0.222979 0.320907 0.920489
vn 0.269690 0.290397 0.918116
vn 0.285467 0.240547 0.927710
vn -0.144388 0.296563 0.944035
vn -0.171014 0.282730 0.943832
vn -0.146173 0.323603 0.934834
vn -0.125402 0.367824 0.921401
vn -0.007859 0.391170 0.920285
vn 0.123819 0.407614 0.904721
vn 0.189423 0.353476 0.916064
vn 0.196051 0.225738 0.954257
vn 0.200436 0.157180 0.967016
vn -0.148428 0.410238 0.899819
vn -0.189122 0.472524 0.860787
vn -0.120059 0.345933 0.930546
vn -0.114819 0.476754 0.871506
vn -0.007967 0.568201 0.822851
vn 0.114978 0.503930 0.856058
vn 0.147317 0.283153 0.947693
vn 0.163662 0.115632 0.979716
vn 0.196508 0.103638 0.975010
vn 0.165484 0.322673 -0.931932
vn 0.134193 0.288151 -0.948136
vn 0.110989 0.284356 -0.952273
vn 0.121113 0.263440 -0.957043
vn 0.090302 0.357380 -0.929583
vn 0.047571 0.261446 -0.964045
vn 0.092123 0.468539 -0.878627
vn 0.058871 0.472435 -0.879397
vn 0.035188 0.523596 -0.851240
vn 0.019834 0.585112 -0.810710
vn -0.102292 0.507064 -0.855817
vn -0.077411 0.580015 -0.810920
vn -0.215822 0.395475 -0.892760
vn -0.157865 0.416280 -0.895427
vn -0.191818 0.225716 -0.955122
vn -0.141240 0.204373 -0.968650
vn -0.145290 0.155688 -0.977063
vn -0.122952 0.154012 -0.980389
vn 0.134964 0.231446 -0.963440
vn 0.144159 0.287352 -0.946915
vn 0.146978 0.349461 -0.925351
vn 0.145038 0.383347 -0.912145
vn 0.047622 0.395849 -0.917080
vn -0.149867 0.347715 -0.925545
vn -0.287084 0.281971 -0.915464
vn -0.288630 0.209631 -0.934210
vn -0.245502 0.156493 -0.956681
vn 0.234955 0.140127 -0.961853
vn 0.178455 0.121562 -0.976410
vn 0.164287 0.090284 -0.982272
vn 0.191966 0.102395 -0.976045
vn 0.049001 0.115519 -0.992096
vn -0.180066 0.082973 -0.980149
vn -0.288808 0.079223 -0.954104
vn -0.315161 0.113084 -0.942277
vn -0.332824 0.123701 -0.934840
vn 0.240445 -0.118803 -0.963365
vn 0.174420 -0.130070 -0.976043
vn 0.153746 -0.141554 -0.977919
vn 0.191877 -0.178170 -0.965111
vn 0.056596 -0.210414 -0.975973
vn -0.162941 -0.182679 -0.969577
vn -0.245262 -0.118432 -0.962196
vn -0.298315 -0.081914 -0.950946
vn -0.354405 -0.070562 -0.932426
vn 0.147893 -0.237323 -0.960107
vn 0.171818 -0.225661 -0.958935
vn 0.178327 -0.184788 -0.966464
vn 0.138954 -0.193915 -0.971128
vn 0.052589 -0.259110 -0.964415
vn -0.113469 -0.241714 -0.963691
vn -0.220571 -0.215722 -0.951216
vn -0.282733 -0.233278 -0.930400
vn -0.323377 -0.247440 -0.913346
vn -0.020934 -0.147945 -0.988774
vn 0.131660 -0.219363 -0.966719
vn 0.234189 -0.233664 -0.943693
vn 0.134956 -0.140253 -0.980875
vn 0.023540 -0.122715 -0.992163
vn -0.129028 -0.216387 -0.967744
vn -0.235464 -0.306535 -0.922276
vn -0.242383 -0.280829 -0.928647
vn -0.233014 -0.222931 -0.946576
vn -0.053084 -0.248866 -0.967082
vn 0.129098 -0.255072 -0.958265
vn 0.254357 -0.255699 -0.932695
vn 0.148162 -0.302803 -0.941466
vn 0.005409 -0.327965 -0.944674
vn -0.151076 -0.346514 -0.925799
vn -0.220254 -0.289037 -0.931636
vn -0.177503 -0.166121 -0.969998
vn -0.153863 -0.102175 -0.982795
vn 0.024120 -0.391348 -0.919927
vn 0.128446 -0.259030 -0.957291
vn 0.236323 -0.192282 -0.952460
vn 0.139396 -0.447646 -0.883279
vn 0.007967 -0.568201 -0.822851
vn -0.141354 -0.477761 -0.867043
vn -0.181559 -0.180650 -0.966645
vn -0.149185 -0.013784 -0.988713
vn -0.165468 -0.033283 -0.985654
vn -0.024532 -0.254629 0.966728
vn 0.081294 0.590890 0.802646
vn 0.922894 -0.295854 -0.246448
vn 0.954388 -0.044225 -0.295275
vn -0.111881 -0.908405 0.402844
vn 0.980383 0.150340 -0.127463
vn -0.114977 -0.878132 -0.464397
vn 0.981306 0.141332 0.130629
vn -0.031498 -0.186611 -0.981929
vn 0.956460 -0.064468 0.284653
vn 0.075701 0.645434 -0.760055
vn 0.924558 -0.312086 0.218619
vn 0.125900 0.991455 0.034156
vn 0.909621 -0.415061 -0.017738
vn -0.081293 -0.590894 -0.802643
vn 0.024529 0.254627 -0.966728
vn 0.111880 0.908405 -0.402845
vn 0.114979 0.878136 0.464390
vn 0.031501 0.186615 0.981928
vn -0.075700 -0.645430 0.760059
vn -0.125900 -0.991455 -0.034153
vn -0.971280 -0.055845 -0.231295
vn -0.939786 0.195782 -0.280126
vn -0.913792 0.390347 -0.112312
vn -0.912870 0.381336 0.145779
vn -0.937713 0.175539 0.299801
vn -0.969617 -0.072080 0.233770
vn -0.984555 -0.175056 -0.002587
vn -0.023000 0.871406 -0.490023
vn 0.008987 0.417743 -0.908521
vn -0.025450 0.416014 -0.909002
vn -0.057418 0.869403 -0.490756
vn 0.037542 -0.195474 -0.979990
vn 0.003088 -0.196840 -0.980431
vn 0.051759 -0.734031 -0.677140
vn 0.017296 -0.735078 -0.677762
vn 0.046207 -0.992215 -0.115644
vn 0.011747 -0.993109 -0.116601
vn 0.023007 -0.871404 0.490027
vn -0.011439 -0.872370 0.488712
vn -0.008980 -0.417745 0.908520
vn -0.043406 -0.418976 0.906959
vn -0.037535 0.195476 0.979990
vn -0.071944 0.193876 0.978384
vn -0.051751 0.734034 0.677138
vn -0.086153 0.732111 0.675715
vn -0.046199 0.992216 0.115639
vn -0.080603 0.990143 0.114546
vn 0.010783 0.872364 -0.488737
vn 0.042751 0.418959 -0.906998
vn 0.071290 -0.193908 -0.978426
vn 0.085499 -0.732158 -0.675747
vn 0.079950 -0.990193 -0.114570
vn 0.056763 -0.869450 0.490748
vn 0.024795 -0.416053 0.909002
vn -0.003744 0.196822 0.980432
vn -0.017953 0.735072 0.677751
vn -0.012404 0.993104 0.116577
vn -0.998637 -0.042920 -0.029691
vn 0.998621 0.043208 0.029809
vn -0.024530 -0.254626 0.966728
vn 0.081292 0.590886 0.802649
vn 0.922895 -0.295854 -0.246446
vn 0.954389 -0.044228 -0.295271
vn -0.111878 -0.908405 0.402844
vn 0.980383 0.150341 -0.127464
vn -0.114985 -0.878137 -0.464385
vn 0.981307 0.141332 0.130625
vn -0.031509 -0.186612 -0.981928
vn 0.956461 -0.064465 0.284651
vn 0.075694 0.645437 -0.760054
vn 0.924558 -0.312085 0.218620
vn 0.125898 0.991455 0.034148
vn 0.909620 -0.415063 -0.017740
vn -0.081289 -0.590885 -0.802650
vn 0.024528 0.254626 -0.966729
vn 0.111880 0.908406 -0.402841
vn 0.114983 0.878135 0.464389
vn 0.031505 0.186607 0.981929
vn -0.075699 -0.645437 0.760053
vn -0.125897 -0.991455 -0.034150
vn -0.971279 -0.055846 -0.231295
vn -0.939787 0.195780 -0.280126
vn -0.913791 0.390349 -0.112313
vn -0.912869 0.381338 0.145777
vn -0.937712 0.175540 0.299802
vn -0.969616 -0.072080 0.233771
vn -0.984555 -0.175056 -0.002592
s 1
g group3 group2 polySurface68
usemtl lambert2SG
f 1709/2869/3692 1708/2872/3693 1707/2871/3694 1710/2870/3695
s off
f 1697/2873/3696 1700/2876/3697 1699/2875/3698 1698/2874/3699
s 2
f 1710/2877/3700 1707/2880/3701 1706/2879/3702 1711/2878/3703
s 3
f 1712/2881/3704 1705/2884/3705 1708/2883/3706 1709/2882/3707
s 1
f 1713/2885/3708 1681/2888/3709 1682/2887/3710 1714/2886/3711
s 2
f 1714/2889/3712 1682/2892/3713 1683/2891/3714 1715/2890/3715
s 3
f 1716/2893/3716 1684/2896/3717 1681/2895/3718 1713/2894/3719
s 2
f 1718/2897/3720 1686/2900/3721 1687/2899/3722 1719/2898/3723
s 1
f 1719/2901/3724 1687/2904/3725 1688/2903/3726 1720/2902/3727
s 3
f 1720/2905/3728 1688/2908/3729 1685/2907/3730 1717/2906/3731
s off
f 1686/2900/3732 1690/2910/3733 1691/2909/3734 1687/2899/3735
f 1687/2904/3736 1691/2912/3737 1692/2911/3738 1688/2903/3739
f 1688/2908/3740 1692/2914/3741 1689/2913/3742 1685/2907/3743
f 1690/2910/3744 1694/2916/3745 1695/2915/3746 1691/2909/3747
f 1691/2912/3748 1695/2918/3749 1696/2917/3750 1692/2911/3751
f 1692/2914/3752 1696/2920/3753 1693/2919/3754 1689/2913/3755
f 1694/2916/3756 1698/2922/3757 1699/2921/3758 1695/2915/3759
f 1695/2918/3760 1699/2875/3761 1700/2876/3762 1696/2917/3763
f 1696/2920/3764 1700/2924/3765 1697/2923/3766 1693/2919/3767
s 1
f 1675/2925/3768 1701/2928/3769 1702/2927/3770 1676/2926/3771
s 2
f 1676/2929/3772 1702/2932/3773 1703/2931/3774 1678/2930/3775
s 3
f 1677/2933/3776 1704/2936/3777 1701/2935/3778 1675/2934/3779
s 2
f 1707/2880/3701 1676/2929/3772 1678/2930/3775 1706/2879/3702
s 1
f 1708/2872/3693 1675/2925/3768 1676/2926/3771 1707/2871/3694
s 3
f 1705/2884/3705 1677/2933/3776 1675/2934/3779 1708/2883/3706
s 1
f 1681/2937/3709 1709/2869/3692 1710/2870/3695 1682/2938/3710
s 2
f 1682/2892/3713 1710/2877/3700 1711/2878/3703 1683/2891/3714
s 3
f 1684/2896/3717 1712/2881/3704 1709/2882/3707 1681/2895/3718
s 1
f 1673/2939/3780 1713/2885/3708 1714/2886/3711 1674/2940/3781
s 2
f 1674/2941/3782 1714/2889/3712 1715/2890/3715 1680/2942/3783
s 3
f 1679/2943/3784 1716/2893/3716 1713/2894/3719 1673/2944/3785
s 2
f 1680/2942/3783 1718/2897/3720 1719/2898/3723 1674/2941/3782
s 1
f 1674/2940/3781 1719/2901/3724 1720/2902/3727 1673/2939/3780
s 3
f 1673/2944/3785 1720/2905/3728 1717/2906/3731 1679/2943/3784
s 7
f 1749/2945/3786 1744/2946/3787 1743/2947/3788 1750/2948/3789
s 8
f 1741/2949/3790 1752/2950/3791 1751/2951/3792 1742/2952/3793
s off
f 1727/2953/3794 1721/2954/3795 1722/2955/3796 1728/2956/3797
s 9
f 1752/2957/3798 1741/2958/3799 1744/2959/3800 1749/2960/3801
s 7
f 1733/2961/3802 1747/2962/3803 1746/2963/3804 1734/2964/3805
s 8
f 1748/2965/3806 1736/2966/3807 1735/2967/3808 1745/2968/3809
s 9
f 1736/2969/3810 1748/2970/3811 1747/2971/3812 1733/2972/3813
s 7
f 1737/2973/3814 1759/2974/3815 1758/2975/3816 1738/2976/3817
s 8
f 1760/2977/3818 1740/2978/3819 1739/2979/3820 1757/2980/3821
s 9
f 1740/2981/3822 1760/2982/3823 1759/2983/3824 1737/2984/3825
s 7
f 1761/2985/3826 1737/2973/3814 1738/2976/3817 1762/2986/3827
s 8
f 1740/2978/3819 1764/2987/3828 1763/2988/3829 1739/2979/3820
s 9
f 1764/2989/3830 1740/2981/3822 1737/2984/3825 1761/2990/3831
s 8
f 1753/2991/3832 1741/2949/3790 1742/2952/3793 1754/2992/3833
s 7
f 1744/2946/3787 1756/2993/3834 1755/2994/3835 1743/2947/3788
s 9
f 1741/2958/3799 1753/2995/3836 1756/2996/3837 1744/2959/3800
s 7
f 1747/2962/3803 1729/2997/3838 1730/2998/3839 1746/2963/3804
s 9
f 1748/2970/3811 1732/2999/3840 1729/3000/3841 1747/2971/3812
s 8
f 1732/3001/3842 1748/2965/3806 1745/2968/3809 1731/3002/3843
s 7
f 1729/2997/3838 1749/2945/3786 1750/2948/3789 1730/2998/3839
s 8
f 1752/2950/3791 1732/3001/3842 1731/3002/3843 1751/2951/3792
s 9
f 1732/2999/3840 1752/2957/3798 1749/2960/3801 1729/3000/3841
s 8
f 1725/3003/3844 1753/2991/3832 1754/2992/3833 1726/3004/3845
s 7
f 1756/2993/3834 1723/3005/3846 1724/3006/3847 1755/2994/3835
s 9
f 1753/2995/3836 1725/3007/3848 1723/3008/3849 1756/2996/3837
s 7
f 1759/2974/3815 1733/2961/3802 1734/2964/3805 1758/2975/3816
s 9
f 1760/3009/3823 1736/2969/3810 1733/2972/3813 1759/3010/3824
s 8
f 1736/2966/3807 1760/2977/3818 1757/2980/3821 1735/2967/3808
s 7
f 1721/3011/3850 1761/2985/3826 1762/2986/3827 1722/3012/3851
s 8
f 1764/2987/3828 1727/3013/3852 1728/3014/3853 1763/2988/3829
s 9
f 1727/3015/3854 1764/2989/3830 1761/2990/3831 1721/3016/3855
s 14
f 1793/3017/3856 1788/3018/3857 1787/3019/3858 1794/3020/3859
s 15
f 1785/3021/3860 1796/3022/3861 1795/3023/3862 1786/3024/3863
s off
f 1771/3025/3864 1765/3026/3865 1766/3027/3866 1772/3028/3867
s 16
f 1796/3029/3868 1785/3030/3869 1788/3031/3870 1793/3032/3871
s 14
f 1777/3033/3872 1791/3034/3873 1790/3035/3874 1778/3036/3875
s 15
f 1792/3037/3876 1780/3038/3877 1779/3039/3878 1789/3040/3879
s 16
f 1780/3041/3880 1792/3042/3881 1791/3043/3882 1777/3044/3883
s 14
f 1781/3045/3884 1803/3046/3885 1802/3047/3886 1782/3048/3887
s 15
f 1804/3049/3888 1784/3050/3889 1783/3051/3890 1801/3052/3891
s 16
f 1784/3053/3892 1804/3054/3893 1803/3055/3894 1781/3056/3895
s 14
f 1805/3057/3896 1781/3045/3884 1782/3048/3887 1806/3058/3897
s 15
f 1784/3050/3889 1808/3059/3898 1807/3060/3899 1783/3051/3890
s 16
f 1808/3061/3900 1784/3053/3892 1781/3056/3895 1805/3062/3901
s 15
f 1797/3063/3902 1785/3021/3860 1786/3024/3863 1798/3064/3903
s 14
f 1788/3018/3857 1800/3065/3904 1799/3066/3905 1787/3019/3858
s 16
f 1785/3030/3869 1797/3067/3906 1800/3068/3907 1788/3031/3870
s 14
f 1791/3034/3873 1773/3069/3908 1774/3070/3909 1790/3035/3874
s 16
f 1792/3042/3881 1776/3071/3910 1773/3072/3911 1791/3043/3882
s 15
f 1776/3073/3912 1792/3037/3876 1789/3040/3879 1775/3074/3913
s 14
f 1773/3069/3908 1793/3017/3856 1794/3020/3859 1774/3070/3909
s 15
f 1796/3022/3861 1776/3073/3912 1775/3074/3913 1795/3023/3862
s 16
f 1776/3071/3910 1796/3029/3868 1793/3032/3871 1773/3072/3911
s 15
f 1769/3075/3914 1797/3063/3902 1798/3064/3903 1770/3076/3915
s 14
f 1800/3065/3904 1767/3077/3916 1768/3078/3917 1799/3066/3905
s 16
f 1797/3067/3906 1769/3079/3918 1767/3080/3919 1800/3068/3907
s 14
f 1803/3046/3885 1777/3033/3872 1778/3036/3875 1802/3047/3886
s 16
f 1804/3081/3893 1780/3041/3880 1777/3044/3883 1803/3082/3894
s 15
f 1780/3038/3877 1804/3049/3888 1801/3052/3891 1779/3039/3878
s 14
f 1765/3083/3920 1805/3057/3896 1806/3058/3897 1766/3084/3921
s 15
f 1808/3059/3898 1771/3085/3922 1772/3086/3923 1807/3060/3899
s 16
f 1771/3087/3924 1808/3061/3900 1805/3062/3901 1765/3088/3925
s 21
f 1837/3089/3926 1832/3090/3927 1831/3091/3928 1838/3092/3929
s 22
f 1829/3093/3930 1840/3094/3931 1839/3095/3932 1830/3096/3933
s off
f 1815/3097/3934 1809/3098/3935 1810/3099/3936 1816/3100/3937
s 23
f 1840/3101/3938 1829/3102/3939 1832/3103/3940 1837/3104/3941
s 21
f 1821/3105/3942 1835/3106/3943 1834/3107/3944 1822/3108/3945
s 22
f 1836/3109/3946 1824/3110/3947 1823/3111/3948 1833/3112/3949
s 23
f 1824/3113/3950 1836/3114/3951 1835/3115/3952 1821/3116/3953
s 21
f 1825/3117/3954 1847/3118/3955 1846/3119/3956 1826/3120/3957
s 22
f 1848/3121/3958 1828/3122/3959 1827/3123/3960 1845/3124/3961
s 23
f 1828/3125/3962 1848/3126/3963 1847/3127/3964 1825/3128/3965
s 21
f 1849/3129/3966 1825/3117/3954 1826/3120/3957 1850/3130/3967
s 22
f 1828/3122/3959 1852/3131/3968 1851/3132/3969 1827/3123/3960
s 23
f 1852/3133/3970 1828/3125/3962 1825/3128/3965 1849/3134/3971
s 22
f 1841/3135/3972 1829/3093/3930 1830/3096/3933 1842/3136/3973
s 21
f 1832/3090/3927 1844/3137/3974 1843/3138/3975 1831/3091/3928
s 23
f 1829/3102/3939 1841/3139/3976 1844/3140/3977 1832/3103/3940
s 21
f 1835/3106/3943 1817/3141/3978 1818/3142/3979 1834/3107/3944
s 23
f 1836/3114/3951 1820/3143/3980 1817/3144/3981 1835/3115/3952
s 22
f 1820/3145/3982 1836/3109/3946 1833/3112/3949 1819/3146/3983
s 21
f 1817/3141/3978 1837/3089/3926 1838/3092/3929 1818/3142/3979
s 22
f 1840/3094/3931 1820/3145/3982 1819/3146/3983 1839/3095/3932
s 23
f 1820/3143/3980 1840/3101/3938 1837/3104/3941 1817/3144/3981
s 22
f 1813/3147/3984 1841/3135/3972 1842/3136/3973 1814/3148/3985
s 21
f 1844/3137/3974 1811/3149/3986 1812/3150/3987 1843/3138/3975
s 23
f 1841/3139/3976 1813/3151/3988 1811/3152/3989 1844/3140/3977
s 21
f 1847/3118/3955 1821/3105/3942 1822/3108/3945 1846/3119/3956
s 23
f 1848/3153/3963 1824/3113/3950 1821/3116/3953 1847/3154/3964
s 22
f 1824/3110/3947 1848/3121/3958 1845/3124/3961 1823/3111/3948
s 21
f 1809/3155/3990 1849/3129/3966 1850/3130/3967 1810/3156/3991
s 22
f 1852/3131/3968 1815/3157/3992 1816/3158/3993 1851/3132/3969
s 23
f 1815/3159/3994 1852/3133/3970 1849/3134/3971 1809/3160/3995
s 28
f 1881/3161/3996 1882/3162/3997 1875/3163/3998 1876/3164/3999
s 29
f 1873/3165/4000 1874/3166/4001 1883/3167/4002 1884/3168/4003
s off
f 1859/3169/4004 1860/3170/4005 1854/3171/4006 1853/3172/4007
s 30
f 1884/3173/4008 1881/3174/4009 1876/3175/4010 1873/3176/4011
s 28
f 1865/3177/4012 1866/3178/4013 1878/3179/4014 1879/3180/4015
s 29
f 1880/3181/4016 1877/3182/4017 1867/3183/4018 1868/3184/4019
s 30
f 1868/3185/4020 1865/3186/4021 1879/3187/4022 1880/3188/4023
s 28
f 1869/3189/4024 1870/3190/4025 1890/3191/4026 1891/3192/4027
s 29
f 1892/3193/4028 1889/3194/4029 1871/3195/4030 1872/3196/4031
s 30
f 1872/3197/4032 1869/3198/4033 1891/3199/4034 1892/3200/4035
s 28
f 1893/3201/4036 1894/3202/4037 1870/3190/4025 1869/3189/4024
s 29
f 1872/3196/4031 1871/3195/4030 1895/3203/4038 1896/3204/4039
s 30
f 1896/3205/4040 1893/3206/4041 1869/3198/4033 1872/3197/4032
s 29
f 1885/3207/4042 1886/3208/4043 1874/3166/4001 1873/3165/4000
s 28
f 1876/3164/3999 1875/3163/3998 1887/3209/4044 1888/3210/4045
s 30
f 1873/3176/4011 1876/3175/4010 1888/3211/4046 1885/3212/4047
s 28
f 1879/3180/4015 1878/3179/4014 1862/3213/4048 1861/3214/4049
s 30
f 1880/3188/4023 1879/3187/4022 1861/3215/4050 1864/3216/4051
s 29
f 1864/3217/4052 1863/3218/4053 1877/3182/4017 1880/3181/4016
s 28
f 1861/3214/4049 1862/3213/4048 1882/3162/3997 1881/3161/3996
s 29
f 1884/3168/4003 1883/3167/4002 1863/3218/4053 1864/3217/4052
s 30
f 1864/3216/4051 1861/3215/4050 1881/3174/4009 1884/3173/4008
s 29
f 1857/3219/4054 1858/3220/4055 1886/3208/4043 1885/3207/4042
s 28
f 1888/3210/4045 1887/3209/4044 1856/3221/4056 1855/3222/4057
s 30
f 1885/3212/4047 1888/3211/4046 1855/3223/4058 1857/3224/4059
s 28
f 1891/3192/4027 1890/3191/4026 1866/3178/4013 1865/3177/4012
s 30
f 1892/3225/4035 1891/3226/4034 1865/3186/4021 1868/3185/4020
s 29
f 1868/3184/4019 1867/3183/4018 1889/3194/4029 1892/3193/4028
s 28
f 1853/3227/4060 1854/3228/4061 1894/3202/4037 1893/3201/4036
s 29
f 1896/3204/4039 1895/3203/4038 1860/3229/4062 1859/3230/4063
s 30
f 1859/3231/4064 1853/3232/4065 1893/3206/4041 1896/3205/4040
s 36
f 1925/3233/4066 1926/3234/4067 1919/3235/4068 1920/3236/4069
s 37
f 1917/3237/4070 1918/3238/4071 1927/3239/4072 1928/3240/4073
s off
f 1903/3241/4074 1904/3242/4075 1898/3243/4076 1897/3244/4077
s 38
f 1928/3245/4078 1925/3246/4079 1920/3247/4080 1917/3248/4081
s 36
f 1909/3249/4082 1910/3250/4083 1922/3251/4084 1923/3252/4085
s 37
f 1924/3253/4086 1921/3254/4087 1911/3255/4088 1912/3256/4089
s 38
f 1912/3257/4090 1909/3258/4091 1923/3259/4092 1924/3260/4093
s 36
f 1913/3261/4094 1914/3262/4095 1934/3263/4096 1935/3264/4097
s 37
f 1936/3265/4098 1933/3266/4099 1915/3267/4100 1916/3268/4101
s 38
f 1916/3269/4102 1913/3270/4103 1935/3271/4104 1936/3272/4105
s 36
f 1937/3273/4106 1938/3274/4107 1914/3262/4095 1913/3261/4094
s 37
f 1916/3268/4101 1915/3267/4100 1939/3275/4108 1940/3276/4109
s 38
f 1940/3277/4110 1937/3278/4111 1913/3270/4103 1916/3269/4102
s 37
f 1929/3279/4112 1930/3280/4113 1918/3238/4071 1917/3237/4070
s 36
f 1920/3236/4069 1919/3235/4068 1931/3281/4114 1932/3282/4115
s 38
f 1917/3248/4081 1920/3247/4080 1932/3283/4116 1929/3284/4117
s 36
f 1923/3252/4085 1922/3251/4084 1906/3285/4118 1905/3286/4119
s 38
f 1924/3260/4093 1923/3259/4092 1905/3287/4120 1908/3288/4121
s 37
f 1908/3289/4122 1907/3290/4123 1921/3254/4087 1924/3253/4086
s 36
f 1905/3286/4119 1906/3285/4118 1926/3234/4067 1925/3233/4066
s 37
f 1928/3240/4073 1927/3239/4072 1907/3290/4123 1908/3289/4122
s 38
f 1908/3288/4121 1905/3287/4120 1925/3246/4079 1928/3245/4078
s 37
f 1901/3291/4124 1902/3292/4125 1930/3280/4113 1929/3279/4112
s 36
f 1932/3282/4115 1931/3281/4114 1900/3293/4126 1899/3294/4127
s 38
f 1929/3284/4117 1932/3283/4116 1899/3295/4128 1901/3296/4129
s 36
f 1935/3264/4097 1934/3263/4096 1910/3250/4083 1909/3249/4082
s 38
f 1936/3297/4105 1935/3298/4104 1909/3258/4091 1912/3257/4090
s 37
f 1912/3256/4089 1911/3255/4088 1933/3266/4099 1936/3265/4098
s 36
f 1897/3299/4130 1898/3300/4131 1938/3274/4107 1937/3273/4106
s 37
f 1940/3276/4109 1939/3275/4108 1904/3301/4132 1903/3302/4133
s 38
f 1903/3303/4134 1897/3304/4135 1937/3278/4111 1940/3277/4110
s 44
f 1969/3305/4136 1970/3306/4137 1963/3307/4138 1964/3308/4139
s 45
f 1961/3309/4140 1962/3310/4141 1971/3311/4142 1972/3312/4143
s off
f 1947/3313/4144 1948/3314/4145 1942/3315/4146 1941/3316/4147
s 46
f 1972/3317/4148 1969/3318/4149 1964/3319/4150 1961/3320/4151
s 44
f 1953/3321/4152 1954/3322/4153 1966/3323/4154 1967/3324/4155
s 45
f 1968/3325/4156 1965/3326/4157 1955/3327/4158 1956/3328/4159
s 46
f 1956/3329/4160 1953/3330/4161 1967/3331/4162 1968/3332/4163
s 44
f 1957/3333/4164 1958/3334/4165 1978/3335/4166 1979/3336/4167
s 45
f 1980/3337/4168 1977/3338/4169 1959/3339/4170 1960/3340/4171
s 46
f 1960/3341/4172 1957/3342/4173 1979/3343/4174 1980/3344/4175
s 44
f 1981/3345/4176 1982/3346/4177 1958/3334/4165 1957/3333/4164
s 45
f 1960/3340/4171 1959/3339/4170 1983/3347/4178 1984/3348/4179
s 46
f 1984/3349/4180 1981/3350/4181 1957/3342/4173 1960/3341/4172
s 45
f 1973/3351/4182 1974/3352/4183 1962/3310/4141 1961/3309/4140
s 44
f 1964/3308/4139 1963/3307/4138 1975/3353/4184 1976/3354/4185
s 46
f 1961/3320/4151 1964/3319/4150 1976/3355/4186 1973/3356/4187
s 44
f 1967/3324/4155 1966/3323/4154 1950/3357/4188 1949/3358/4189
s 46
f 1968/3332/4163 1967/3331/4162 1949/3359/4190 1952/3360/4191
s 45
f 1952/3361/4192 1951/3362/4193 1965/3326/4157 1968/3325/4156
s 44
f 1949/3358/4189 1950/3357/4188 1970/3306/4137 1969/3305/4136
s 45
f 1972/3312/4143 1971/3311/4142 1951/3362/4193 1952/3361/4192
s 46
f 1952/3360/4191 1949/3359/4190 1969/3318/4149 1972/3317/4148
s 45
f 1945/3363/4194 1946/3364/4195 1974/3352/4183 1973/3351/4182
s 44
f 1976/3354/4185 1975/3353/4184 1944/3365/4196 1943/3366/4197
s 46
f 1973/3356/4187 1976/3355/4186 1943/3367/4198 1945/3368/4199
s 44
f 1979/3336/4167 1978/3335/4166 1954/3322/4153 1953/3321/4152
s 46
f 1980/3369/4175 1979/3370/4174 1953/3330/4161 1956/3329/4160
s 45
f 1956/3328/4159 1955/3327/4158 1977/3338/4169 1980/3337/4168
s 44
f 1941/3371/4200 1942/3372/4201 1982/3346/4177 1981/3345/4176
s 45
f 1984/3348/4179 1983/3347/4178 1948/3373/4202 1947/3374/4203
s 46
f 1947/3375/4204 1941/3376/4205 1981/3350/4181 1984/3349/4180
s 52
f 1996/3377/4206 1993/3378/4207 1986/3379/4208 1988/3380/4209
s 53
f 1994/3381/4210 1995/3382/4211 1990/3383/4212 1992/3384/4213
s 54
f 1993/3385/4214 1994/3386/4215 1992/3387/4216 1986/3388/4217
f 1991/3389/4218 1994/3386/4215 1993/3385/4214 1985/3390/4219
s 53
f 1989/3391/4220 1995/3382/4211 1994/3381/4210 1991/3392/4221
s 52
f 1985/3393/4222 1993/3378/4207 1996/3377/4206 1987/3394/4223
s 55
f 2008/3395/4224 2005/3396/4225 1998/3397/4226 2000/3398/4227
s 56
f 2006/3399/4228 2007/3400/4229 2002/3401/4230 2004/3402/4231
s 57
f 2005/3403/4232 2006/3404/4233 2004/3405/4234 1998/3406/4235
f 2003/3407/4236 2006/3404/4233 2005/3403/4232 1997/3408/4237
s 56
f 2001/3409/4238 2007/3400/4229 2006/3399/4228 2003/3410/4239
s 55
f 1997/3411/4240 2005/3396/4225 2008/3395/4224 1999/3412/4241
s 58
f 2020/3413/4242 2017/3414/4243 2010/3415/4244 2012/3416/4245
s 59
f 2018/3417/4246 2019/3418/4247 2014/3419/4248 2016/3420/4249
s 60
f 2017/3421/4250 2018/3422/4251 2016/3423/4252 2010/3424/4253
f 2015/3425/4254 2018/3422/4251 2017/3421/4250 2009/3426/4255
s 59
f 2013/3427/4256 2019/3418/4247 2018/3417/4246 2015/3428/4257
s 58
f 2009/3429/4258 2017/3414/4243 2020/3413/4242 2011/3430/4259
s 61
f 2113/3431/4260 2114/3432/4261 2030/3433/4262 2031/3434/4263
f 2143/3435/4264 2144/3436/4265 2034/3437/4266 2035/3438/4267
f 2163/3439/4268 2164/3440/4269 2036/3441/4270 2037/3442/4271
f 2153/3443/4272 2154/3444/4273 2033/3445/4274 2032/3446/4275
f 2183/3447/4276 2184/3448/4277 2040/3449/4278 2041/3450/4279
f 2173/3451/4280 2174/3452/4281 2029/3453/4282 2028/3454/4283
f 2078/3455/4284 2039/3456/4285 2038/3457/4286 2077/3458/4287
f 2037/3442/4271 2036/3441/4270 2079/3459/4288 2080/3460/4289
f 2081/3461/4290 2042/3462/4291 2039/3456/4285 2078/3455/4284
f 2033/3445/4274 2154/3444/4273 2155/3463/4292 2043/3464/4293
f 2034/3437/4266 2144/3436/4265 2145/3465/4294 2044/3466/4295
f 2040/3449/4278 2184/3448/4277 2185/3467/4296 2045/3468/4297
f 2029/3453/4282 2174/3452/4281 2175/3469/4298 2046/3470/4299
f 2030/3433/4262 2114/3432/4261 2115/3471/4300 2047/3472/4301
f 2036/3441/4270 2164/3440/4269 2165/3473/4302 2048/3474/4303
f 2079/3459/4288 2036/3441/4270 2048/3474/4303 2082/3475/4304
f 2083/3476/4305 2049/3477/4306 2042/3462/4291 2081/3461/4290
f 2043/3464/4293 2155/3463/4292 2156/3478/4307 2050/3479/4308
f 2044/3466/4295 2145/3465/4294 2146/3480/4309 2051/3481/4310
f 2045/3468/4297 2185/3467/4296 2186/3482/4311 2052/3483/4312
f 2046/3470/4299 2175/3469/4298 2176/3484/4313 2053/3485/4314
f 2047/3472/4301 2115/3471/4300 2116/3486/4315 2054/3487/4316
f 2048/3474/4303 2165/3473/4302 2166/3488/4317 2055/3489/4318
f 2082/3475/4304 2048/3474/4303 2055/3489/4318 2084/3490/4319
f 2085/3491/4320 2056/3492/4321 2049/3477/4306 2083/3476/4305
f 2050/3479/4308 2156/3478/4307 2157/3493/4322 2057/3494/4323
f 2051/3481/4310 2146/3480/4309 2147/3495/4324 2058/3496/4325
f 2052/3483/4312 2186/3482/4311 2187/3497/4326 2059/3498/4327
f 2053/3485/4314 2176/3484/4313 2177/3499/4328 2060/3500/4329
f 2054/3487/4316 2116/3486/4315 2117/3501/4330 2061/3502/4331
f 2055/3489/4318 2166/3488/4317 2167/3503/4332 2062/3504/4333
f 2084/3490/4319 2055/3489/4318 2062/3504/4333 2086/3505/4334
f 2087/3506/4335 2088/3507/4336 2056/3492/4321 2085/3491/4320
f 2057/3494/4323 2157/3493/4322 2158/3508/4337 2089/3509/4338
f 2058/3496/4325 2147/3495/4324 2148/3510/4339 2090/3511/4340
f 2059/3498/4327 2187/3497/4326 2188/3512/4341 2091/3513/4342
f 2060/3500/4329 2177/3499/4328 2178/3514/4343 2092/3515/4344
f 2061/3502/4331 2117/3501/4330 2118/3516/4345 2093/3517/4346
f 2062/3504/4333 2167/3503/4332 2168/3518/4347 2094/3519/4348
f 2086/3505/4334 2062/3504/4333 2094/3519/4348 2095/3520/4349
s 67
f 2022/3521/4350 2112/3522/4351 2113/3431/4352 2031/3434/4353
s 68
f 2024/3523/4354 2142/3524/4355 2143/3435/4356 2035/3438/4357
s 69
f 2027/3525/4358 2162/3526/4359 2163/3439/4360 2037/3442/4361
s 70
f 2023/3527/4362 2152/3528/4363 2153/3443/4364 2032/3446/4365
s 67
f 2021/3529/4366 2182/3530/4367 2183/3447/4368 2041/3450/4369
f 2025/3531/4370 2172/3532/4371 2173/3451/4372 2028/3454/4373
s 70
f 2026/3533/4374 2077/3458/4375 2038/3457/4376
s 69
f 2080/3460/4377 2027/3525/4358 2037/3442/4378
s off
f 2287/3534/4379 2288/3535/4380 2289/3536/4381 2290/3537/4382
s 75
f 2277/3538/4383 2278/3539/4384 2279/3540/4385 2280/3541/4386
s off
f 2267/3542/4387 2268/3543/4388 2269/3544/4389 2270/3545/4390
f 2245/3546/4391 2246/3547/4392 2247/3548/4393 2248/3549/4394
f 2231/3550/4395 2232/3551/4396 2233/3552/4397 2234/3553/4398
f 2211/3554/4399 2212/3555/4400 2213/3556/4401 2214/3557/4402
f 2203/3558/4403 2204/3559/4404 2205/3560/4405 2206/3561/4406
s 76
f 2096/3562/4407 2063/3563/4408 2070/3564/4409 2097/3565/4410
f 2150/3566/4411 2151/3567/4412 2064/3568/4413 2071/3569/4414
s 78
f 2140/3570/4415 2141/3571/4416 2065/3572/4417 2072/3573/4418
s 79
f 2180/3574/4419 2181/3575/4420 2066/3576/4421 2073/3577/4422
f 2170/3578/4423 2171/3579/4424 2067/3580/4425 2074/3581/4426
f 2110/3582/4427 2111/3583/4428 2068/3584/4429 2075/3585/4430
s 82
f 2160/3586/4431 2161/3587/4432 2069/3588/4433 2076/3589/4434
f 2069/3588/4433 2098/3590/4435 2099/3591/4436 2076/3589/4437
s off
f 2097/3565/4438 2070/3564/4439 2100/3592/4440 2101/3593/4441
s 84
f 2149/3594/4442 2150/3566/4443 2071/3569/4444 2102/3595/4445
s 85
f 2139/3596/4446 2140/3570/4447 2072/3573/4448 2103/3597/4449
s 86
f 2179/3598/4450 2180/3574/4451 2073/3577/4452 2104/3599/4453
s 87
f 2169/3600/4454 2170/3578/4455 2074/3581/4456 2105/3601/4457
s 88
f 2109/3602/4458 2110/3582/4459 2075/3585/4460 2106/3603/4461
s 89
f 2159/3604/4462 2160/3586/4463 2076/3589/4464 2107/3605/4465
s off
f 2076/3589/4466 2099/3591/4467 2108/3606/4468 2107/3605/4469
f 2201/3607/4470 2200/3608/4471 2199/3609/4472 2202/3610/4473
s 88
f 2074/3581/4474 2110/3582/4459 2109/3602/4458 2105/3601/4475
s 79
f 2067/3580/4425 2111/3583/4428 2110/3582/4427 2074/3581/4476
s off
f 2219/3611/4477 2221/3612/4478 2222/3613/4479 2220/3614/4480
s 67
f 2113/3431/4352 2112/3522/4351 2025/3531/4370 2028/3454/4481
s 61
f 2028/3454/4283 2029/3453/4282 2114/3432/4261 2113/3431/4260
f 2115/3471/4300 2114/3432/4261 2029/3453/4282 2046/3470/4299
f 2116/3486/4315 2115/3471/4300 2046/3470/4299 2053/3485/4314
f 2117/3501/4330 2116/3486/4315 2053/3485/4314 2060/3500/4329
f 2118/3516/4345 2117/3501/4330 2060/3500/4329 2092/3515/4344
s 87
f 2073/3577/4482 2120/3615/4483 2119/3616/4484 2104/3599/4485
s 79
f 2066/3576/4421 2121/3617/4486 2120/3615/4487 2073/3577/4488
s off
f 2237/3618/4489 2239/3619/4490 2240/3620/4491 2238/3621/4492
s 67
f 2123/3622/4493 2122/3623/4494 2021/3529/4366 2041/3450/4495
s 61
f 2041/3450/4279 2040/3449/4278 2124/3624/4496 2123/3622/4497
f 2125/3625/4498 2124/3624/4496 2040/3449/4278 2045/3468/4297
f 2126/3626/4499 2125/3625/4498 2045/3468/4297 2052/3483/4312
f 2127/3627/4500 2126/3626/4499 2052/3483/4312 2059/3498/4327
f 2128/3628/4501 2127/3627/4500 2059/3498/4327 2091/3513/4342
s 86
f 2072/3573/4502 2130/3629/4503 2129/3630/4504 2103/3597/4505
s 79
f 2065/3572/4506 2131/3631/4507 2130/3629/4508 2072/3573/4509
s off
f 2259/3632/4510 2260/3633/4511 2261/3634/4512 2262/3635/4513
s 67
f 2133/3636/4514 2132/3637/4515 2024/3523/4516 2035/3438/4517
s 61
f 2035/3438/4267 2034/3437/4266 2134/3638/4518 2133/3636/4519
f 2135/3639/4520 2134/3638/4518 2034/3437/4266 2044/3466/4295
f 2136/3640/4521 2135/3639/4520 2044/3466/4295 2051/3481/4310
f 2137/3641/4522 2136/3640/4521 2051/3481/4310 2058/3496/4325
f 2138/3642/4523 2137/3641/4522 2058/3496/4325 2090/3511/4340
s 85
f 2071/3569/4524 2140/3570/4447 2139/3596/4446 2102/3595/4525
s 78
f 2064/3568/4526 2141/3571/4416 2140/3570/4415 2071/3569/4527
s off
f 2273/3643/4528 2275/3644/4529 2276/3645/4530 2274/3646/4531
s 68
f 2143/3435/4356 2142/3524/4355 2023/3527/4532 2032/3446/4533
s 61
f 2032/3446/4275 2033/3445/4274 2144/3436/4265 2143/3435/4264
f 2145/3465/4294 2144/3436/4265 2033/3445/4274 2043/3464/4293
f 2146/3480/4309 2145/3465/4294 2043/3464/4293 2050/3479/4308
f 2147/3495/4324 2146/3480/4309 2050/3479/4308 2057/3494/4323
f 2148/3510/4339 2147/3495/4324 2057/3494/4323 2089/3509/4338
s 84
f 2070/3564/4534 2150/3566/4443 2149/3594/4442 2100/3592/4535
s 76
f 2063/3563/4408 2151/3567/4412 2150/3566/4411 2070/3564/4536
s off
f 2283/3647/4537 2285/3648/4538 2286/3649/4539 2284/3650/4540
s 70
f 2153/3443/4364 2152/3528/4363 2026/3533/4374 2038/3457/4541
s 61
f 2038/3457/4286 2039/3456/4285 2154/3444/4273 2153/3443/4272
f 2155/3463/4292 2154/3444/4273 2039/3456/4285 2042/3462/4291
f 2156/3478/4307 2155/3463/4292 2042/3462/4291 2049/3477/4306
f 2157/3493/4322 2156/3478/4307 2049/3477/4306 2056/3492/4321
f 2158/3508/4337 2157/3493/4322 2056/3492/4321 2088/3507/4336
s 89
f 2075/3585/4542 2160/3586/4463 2159/3604/4462 2106/3603/4543
s 82
f 2068/3584/4544 2161/3587/4432 2160/3586/4431 2075/3585/4545
s off
f 2195/3651/4546 2190/3652/4547 2189/3653/4548 2196/3654/4549
s 69
f 2163/3439/4360 2162/3526/4359 2022/3521/4550 2031/3434/4551
s 61
f 2031/3434/4263 2030/3433/4262 2164/3440/4269 2163/3439/4268
f 2165/3473/4302 2164/3440/4269 2030/3433/4262 2047/3472/4301
f 2166/3488/4317 2165/3473/4302 2047/3472/4301 2054/3487/4316
f 2167/3503/4332 2166/3488/4317 2054/3487/4316 2061/3502/4331
f 2168/3518/4347 2167/3503/4332 2061/3502/4331 2093/3517/4346
s 87
f 2119/3616/4484 2120/3615/4483 2170/3578/4455 2169/3600/4454
s 79
f 2120/3615/4487 2121/3617/4486 2171/3579/4424 2170/3578/4423
s off
f 2229/3655/4552 2230/3656/4553 2226/3657/4554 2225/3658/4555
s 67
f 2173/3451/4372 2172/3532/4371 2122/3623/4494 2123/3622/4493
s 61
f 2123/3622/4497 2124/3624/4496 2174/3452/4281 2173/3451/4280
f 2175/3469/4298 2174/3452/4281 2124/3624/4496 2125/3625/4498
f 2176/3484/4313 2175/3469/4298 2125/3625/4498 2126/3626/4499
f 2177/3499/4328 2176/3484/4313 2126/3626/4499 2127/3627/4500
f 2178/3514/4343 2177/3499/4328 2127/3627/4500 2128/3628/4501
s 86
f 2129/3630/4504 2130/3629/4503 2180/3574/4451 2179/3598/4450
s 79
f 2130/3629/4508 2131/3631/4507 2181/3575/4420 2180/3574/4419
s off
f 2255/3659/4556 2254/3660/4557 2257/3661/4558 2258/3662/4559
s 67
f 2183/3447/4368 2182/3530/4367 2132/3637/4515 2133/3636/4514
s 61
f 2133/3636/4519 2134/3638/4518 2184/3448/4277 2183/3447/4276
f 2185/3467/4296 2184/3448/4277 2134/3638/4518 2135/3639/4520
f 2186/3482/4311 2185/3467/4296 2135/3639/4520 2136/3640/4521
f 2187/3497/4326 2186/3482/4311 2136/3640/4521 2137/3641/4522
f 2188/3512/4341 2187/3497/4326 2137/3641/4522 2138/3642/4523
s 69
f 2162/3663/4359 2027/3664/4358 2191/3665/4560 2190/3666/4561
s 82
f 2069/3667/4433 2161/3668/4432 2189/3669/4562 2192/3670/4563
f 2098/3671/4435 2069/3667/4433 2192/3670/4563 2193/3672/4564
s 69
f 2027/3664/4358 2080/3673/4377 2194/3674/4565 2191/3665/4560
s off
f 2080/3675/4566 2098/3676/4567 2193/3677/4568 2194/3678/4569
s 69
f 2022/3679/4550 2162/3663/4359 2190/3666/4561 2195/3680/4570
s 82
f 2161/3668/4432 2068/3681/4544 2196/3682/4571 2189/3669/4562
s off
f 2068/3683/4572 2022/3684/4573 2195/3685/4574 2196/3686/4575
s 92
f 2189/3687/4576 2190/3688/4577 2198/3689/4578 2197/3690/4579
s 93
f 2190/3666/4580 2191/3665/4581 2199/3691/4582 2198/3692/4583
s 94
f 2192/3670/4584 2189/3669/4585 2197/3693/4586 2200/3694/4587
s off
f 2193/3672/4588 2192/3670/4589 2200/3694/4590 2201/3695/4591
f 2191/3665/4592 2194/3674/4593 2202/3696/4594 2199/3691/4595
f 2194/3678/4596 2193/3677/4597 2201/3697/4598 2202/3698/4599
s 92
f 2197/3690/4579 2198/3689/4578 2204/3699/4600 2203/3700/4601
s 93
f 2198/3692/4583 2199/3691/4582 2205/3701/4602 2204/3702/4603
s off
f 2199/3703/4604 2200/3704/4605 2206/3705/4606 2205/3706/4607
s 94
f 2200/3694/4587 2197/3693/4586 2203/3707/4608 2206/3708/4609
s 67
f 2172/3709/4371 2025/3710/4370 2209/3711/4610 2208/3712/4611
s 79
f 2067/3713/4425 2171/3714/4424 2207/3715/4612 2210/3716/4613
s 67
f 2112/3717/4351 2022/3718/4350 2213/3719/4614 2212/3720/4615
s off
f 2022/3721/4616 2068/3722/4617 2214/3723/4618 2213/3724/4619
s 79
f 2068/3725/4429 2111/3726/4428 2211/3727/4620 2214/3728/4621
s 67
f 2025/3710/4370 2112/3717/4351 2212/3720/4615 2209/3711/4610
s 79
f 2111/3726/4428 2067/3713/4425 2210/3716/4613 2211/3727/4620
s off
f 2121/3729/4622 2122/3730/4623 2216/3731/4624 2215/3732/4625
s 67
f 2122/3733/4494 2172/3709/4371 2208/3712/4611 2216/3734/4626
s 79
f 2171/3714/4424 2121/3735/4486 2215/3736/4627 2207/3715/4612
s off
f 2208/3712/4628 2209/3711/4629 2219/3737/4630 2218/3738/4631
f 2210/3716/4632 2207/3715/4633 2217/3739/4634 2220/3740/4635
f 2209/3711/4636 2212/3720/4637 2221/3741/4638 2219/3737/4639
f 2212/3742/4640 2211/3743/4641 2222/3744/4642 2221/3745/4643
f 2211/3727/4644 2210/3716/4645 2220/3740/4646 2222/3746/4647
f 2215/3732/4648 2216/3731/4649 2224/3747/4650 2223/3748/4651
f 2216/3734/4652 2208/3712/4653 2218/3738/4654 2224/3749/4655
f 2207/3715/4656 2215/3736/4657 2223/3750/4658 2217/3739/4659
f 2218/3738/4660 2219/3737/4661 2227/3751/4662 2226/3752/4663
f 2219/3753/4664 2220/3754/4665 2228/3755/4666 2227/3756/4667
f 2220/3740/4668 2217/3739/4669 2225/3757/4670 2228/3758/4671
f 2223/3748/4672 2224/3747/4673 2230/3759/4674 2229/3760/4675
f 2224/3749/4676 2218/3738/4677 2226/3752/4678 2230/3761/4679
f 2217/3739/4680 2223/3750/4681 2229/3762/4682 2225/3757/4683
f 2225/3763/4684 2226/3764/4685 2232/3765/4686 2231/3766/4687
f 2226/3752/4688 2227/3751/4689 2233/3767/4690 2232/3768/4691
f 2227/3756/4692 2228/3755/4693 2234/3769/4694 2233/3770/4695
f 2228/3758/4696 2225/3757/4697 2231/3771/4698 2234/3772/4699
s 67
f 2182/3773/4367 2021/3774/4366 2237/3775/4700 2236/3776/4701
s 79
f 2066/3777/4421 2181/3778/4420 2235/3779/4702 2238/3780/4703
s 67
f 2021/3774/4366 2122/3781/4494 2239/3782/4704 2237/3775/4700
s off
f 2122/3783/4705 2121/3784/4706 2240/3785/4707 2239/3786/4708
s 79
f 2121/3787/4486 2066/3777/4421 2238/3780/4703 2240/3788/4709
s 67
f 2024/3789/4516 2132/3790/4515 2242/3791/4710 2241/3792/4711
s 79
f 2131/3793/4507 2065/3794/4506 2244/3795/4712 2243/3796/4713
s off
f 2065/3797/4714 2024/3798/4715 2241/3799/4716 2244/3800/4717
s 67
f 2132/3790/4515 2182/3773/4367 2236/3776/4701 2242/3791/4710
s 79
f 2181/3778/4420 2131/3793/4507 2243/3796/4713 2235/3779/4702
s off
f 2236/3776/4718 2237/3775/4719 2247/3801/4720 2246/3802/4721
f 2237/3803/4722 2238/3804/4723 2248/3805/4724 2247/3806/4725
f 2238/3780/4726 2235/3779/4727 2245/3807/4728 2248/3808/4729
f 2241/3792/4730 2242/3791/4731 2250/3809/4732 2249/3810/4733
f 2243/3796/4734 2244/3795/4735 2252/3811/4736 2251/3812/4737
f 2244/3800/4738 2241/3799/4739 2249/3813/4740 2252/3814/4741
f 2242/3791/4742 2236/3776/4743 2246/3802/4744 2250/3809/4745
f 2235/3779/4746 2243/3796/4747 2251/3812/4748 2245/3807/4749
f 2249/3810/4750 2250/3809/4751 2254/3815/4752 2253/3816/4753
f 2251/3812/4754 2252/3811/4755 2256/3817/4756 2255/3818/4757
f 2252/3814/4758 2249/3813/4759 2253/3819/4760 2256/3820/4761
f 2250/3809/4762 2246/3802/4763 2257/3821/4764 2254/3815/4765
f 2246/3547/4766 2245/3546/4767 2258/3662/4768 2257/3661/4769
f 2245/3807/4770 2251/3812/4771 2255/3818/4772 2258/3822/4773
f 2253/3816/4774 2254/3815/4775 2260/3823/4776 2259/3824/4777
f 2254/3825/4778 2255/3826/4779 2261/3827/4780 2260/3828/4781
f 2255/3818/4782 2256/3817/4783 2262/3829/4784 2261/3830/4785
f 2256/3820/4786 2253/3819/4787 2259/3831/4788 2262/3832/4789
s 95
f 2151/3833/4790 2152/3834/4791 2264/3835/4792 2263/3836/4793
s off
f 2152/3837/4794 2023/3838/4795 2297/3839/4796 2298/3840/4797
f 2064/3841/4798 2151/3842/4799 2291/3843/4800 2292/3844/4801
f 2142/3845/4802 2024/3846/4803 2269/3847/4804 2268/3848/4805
f 2024/3849/4806 2065/3850/4807 2270/3851/4808 2269/3852/4809
f 2065/3853/4810 2141/3854/4811 2267/3855/4812 2270/3856/4813
f 2023/3857/4814 2142/3845/4815 2268/3848/4816 2265/3858/4817
f 2141/3854/4818 2064/3859/4819 2266/3860/4820 2267/3855/4821
s 95
f 2263/3836/4822 2264/3835/4792 2272/3861/4823 2271/3862/4824
s off
f 2298/3840/4825 2297/3839/4826 2299/3863/4827 2300/3864/4828
f 2292/3844/4829 2291/3843/4830 2293/3865/4831 2294/3866/4832
f 2265/3858/4833 2268/3848/4834 2275/3867/4835 2273/3868/4836
f 2268/3869/4837 2267/3870/4838 2276/3871/4839 2275/3872/4840
f 2267/3855/4841 2266/3860/4842 2274/3873/4843 2276/3874/4844
s 95
f 2271/3862/4845 2272/3861/4823 2278/3875/4846 2277/3876/4847
s off
f 2300/3864/4848 2299/3863/4849 2301/3877/4850 2302/3878/4851
s 98
f 2273/3879/4852 2274/3880/4853 2280/3881/4854 2279/3882/4855
s off
f 2294/3866/4856 2293/3865/4857 2295/3883/4858 2296/3884/4859
f 2096/3885/4860 2077/3886/4861 2282/3887/4862 2281/3888/4863
s 70
f 2077/3889/4375 2026/3890/4374 2283/3891/4864 2282/3892/4865
s 76
f 2063/3893/4408 2096/3894/4407 2281/3895/4866 2284/3896/4867
s 70
f 2026/3890/4374 2152/3897/4363 2285/3898/4868 2283/3891/4864
s off
f 2152/3899/4869 2151/3900/4870 2286/3901/4871 2285/3902/4872
s 76
f 2151/3903/4412 2063/3893/4408 2284/3896/4867 2286/3904/4873
s off
f 2281/3888/4874 2282/3887/4875 2288/3905/4876 2287/3906/4877
f 2282/3892/4878 2283/3891/4879 2289/3907/4880 2288/3908/4881
f 2283/3909/4882 2284/3910/4883 2290/3911/4884 2289/3912/4885
f 2284/3896/4886 2281/3895/4887 2287/3913/4888 2290/3914/4889
f 2151/3833/4890 2263/3836/4891 2291/3915/4892
f 2266/3916/4893 2064/3917/4894 2292/3918/4895
f 2263/3836/4896 2271/3862/4897 2293/3919/4898 2291/3915/4899
f 2274/3880/4900 2266/3916/4901 2292/3918/4902 2294/3920/4903
f 2271/3862/4904 2277/3876/4905 2295/3921/4906 2293/3919/4907
f 2277/3538/4908 2280/3541/4909 2296/3922/4910 2295/3923/4911
f 2280/3881/4912 2274/3880/4913 2294/3920/4914 2296/3924/4915
s 98
f 2023/3925/4916 2265/3926/4917 2297/3927/4918
s 95
f 2264/3835/4792 2152/3834/4791 2298/3928/4919
s 98
f 2265/3926/4917 2273/3879/4852 2299/3929/4920 2297/3927/4918
s 95
f 2272/3861/4823 2264/3835/4792 2298/3928/4919 2300/3930/4921
s 98
f 2273/3879/4852 2279/3882/4855 2301/3931/4922 2299/3929/4920
s 75
f 2279/3540/4385 2278/3539/4384 2302/3932/4923 2301/3933/4924
s 95
f 2278/3875/4846 2272/3861/4823 2300/3930/4921 2302/3934/4925
s 100
f 2366/3935/4926 2313/3936/4927 2312/3937/4928 2367/3938/4929
f 2388/3939/4930 2317/3940/4931 2316/3941/4932 2389/3942/4933
f 2402/3943/4934 2319/3944/4935 2318/3945/4936 2403/3946/4937
f 2395/3947/4938 2314/3948/4939 2315/3949/4940 2396/3950/4941
f 2417/3951/4942 2323/3952/4943 2322/3953/4944 2418/3954/4945
f 2409/3955/4946 2310/3956/4947 2311/3957/4948 2410/3958/4949
f 2346/3959/4950 2345/3960/4951 2320/3961/4952 2321/3962/4953
f 2319/3944/4935 2348/3963/4954 2347/3964/4955 2318/3945/4936
f 2315/3949/4940 2325/3965/4956 2397/3966/4957 2396/3950/4941
f 2316/3941/4932 2326/3967/4958 2390/3968/4959 2389/3942/4933
f 2322/3953/4944 2327/3969/4960 2419/3970/4961 2418/3954/4945
f 2311/3957/4948 2328/3971/4962 2411/3972/4963 2410/3958/4949
f 2312/3937/4928 2329/3973/4964 2368/3974/4965 2367/3938/4929
f 2328/3971/4962 2330/3975/4966 2412/3976/4967 2411/3972/4963
s 104
f 2304/3977/4968 2313/3936/4969 2366/3935/4970 2365/3978/4971
s 105
f 2306/3979/4972 2317/3940/4973 2388/3939/4974 2387/3980/4975
s 106
f 2309/3981/4976 2319/3944/4977 2402/3943/4978 2401/3982/4979
s 107
f 2305/3983/4980 2314/3948/4981 2395/3947/4982 2394/3984/4983
s 104
f 2303/3985/4984 2323/3952/4985 2417/3951/4986 2416/3986/4987
f 2307/3987/4988 2310/3956/4989 2409/3955/4990 2408/3988/4991
s 107
f 2308/3989/4992 2320/3961/4993 2345/3960/4994
s 106
f 2348/3963/4995 2319/3944/4996 2309/3981/4976
s off
f 2518/3990/4997 2521/3991/4998 2520/3992/4999 2519/3993/5000
s 112
f 2508/3994/5001 2511/3995/5002 2510/3996/5003 2509/3997/5004
s off
f 2498/3998/5005 2501/3999/5006 2500/4000/5007 2499/4001/5008
f 2476/4002/5009 2479/4003/5010 2478/4004/5011 2477/4005/5012
f 2462/4006/5013 2465/4007/5014 2464/4008/5015 2463/4009/5016
f 2442/4010/5017 2445/4011/5018 2444/4012/5019 2443/4013/5020
f 2434/4014/5021 2437/4015/5022 2436/4016/5023 2435/4017/5024
s 113
f 2349/4018/5025 2350/4019/5026 2338/4020/5027 2331/4021/5028
f 2392/4022/5029 2339/4023/5030 2332/4024/5031 2393/4025/5032
s 115
f 2385/4026/5033 2340/4027/5034 2333/4028/5035 2386/4029/5036
s 116
f 2414/4030/5037 2341/4031/5038 2334/4032/5039 2415/4033/5040
f 2406/4034/5041 2342/4035/5042 2335/4036/5043 2407/4037/5044
f 2363/4038/5045 2343/4039/5046 2336/4040/5047 2364/4041/5048
s 119
f 2399/4042/5049 2344/4043/5050 2337/4044/5051 2400/4045/5052
f 2337/4044/5051 2344/4043/5053 2352/4046/5054 2351/4047/5055
s off
f 2350/4019/5056 2354/4048/5057 2353/4049/5058 2338/4020/5059
s 121
f 2391/4050/5060 2355/4051/5061 2339/4023/5062 2392/4022/5063
s 122
f 2384/4052/5064 2356/4053/5065 2340/4027/5066 2385/4026/5067
s 123
f 2413/4054/5068 2357/4055/5069 2341/4031/5070 2414/4030/5071
s 124
f 2405/4056/5072 2358/4057/5073 2342/4035/5074 2406/4034/5075
s 125
f 2362/4058/5076 2359/4059/5077 2343/4039/5078 2363/4038/5079
s 126
f 2398/4060/5080 2360/4061/5081 2344/4043/5082 2399/4042/5083
s off
f 2344/4043/5084 2360/4061/5085 2361/4062/5086 2352/4046/5087
f 2432/4063/5088 2433/4064/5089 2430/4065/5090 2431/4066/5091
s 125
f 2342/4035/5092 2358/4057/5093 2362/4058/5076 2363/4038/5079
s 116
f 2335/4036/5043 2342/4035/5094 2363/4038/5045 2364/4041/5048
s off
f 2450/4067/5095 2451/4068/5096 2453/4069/5097 2452/4070/5098
s 104
f 2366/3935/4970 2310/3956/5099 2307/3987/4988 2365/3978/4971
s 100
f 2310/3956/4947 2366/3935/4926 2367/3938/4929 2311/3957/4948
f 2368/3974/4965 2328/3971/4962 2311/3957/4948 2367/3938/4929
f 2369/4071/5100 2330/3975/4966 2328/3971/4962 2368/3974/4965
s 124
f 2341/4031/5101 2357/4055/5102 2370/4072/5103 2371/4073/5104
s 116
f 2334/4032/5039 2341/4031/5105 2371/4073/5106 2372/4074/5107
s off
f 2468/4075/5108 2469/4076/5109 2471/4077/5110 2470/4078/5111
s 104
f 2374/4079/5112 2323/3952/5113 2303/3985/4984 2373/4080/5114
s 100
f 2323/3952/4943 2374/4079/5115 2375/4081/5116 2322/3953/4944
f 2376/4082/5117 2327/3969/4960 2322/3953/4944 2375/4081/5116
s 123
f 2340/4027/5118 2356/4053/5119 2377/4083/5120 2378/4084/5121
s 116
f 2333/4028/5122 2340/4027/5123 2378/4084/5124 2379/4085/5125
s off
f 2490/4086/5126 2493/4087/5127 2492/4088/5128 2491/4089/5129
s 104
f 2381/4090/5130 2317/3940/5131 2306/3979/5132 2380/4091/5133
s 100
f 2317/3940/4931 2381/4090/5134 2382/4092/5135 2316/3941/4932
f 2383/4093/5136 2326/3967/4958 2316/3941/4932 2382/4092/5135
s 122
f 2339/4023/5137 2355/4051/5138 2384/4052/5064 2385/4026/5067
s 115
f 2332/4024/5139 2339/4023/5140 2385/4026/5033 2386/4029/5036
s off
f 2504/4094/5141 2505/4095/5142 2507/4096/5143 2506/4097/5144
s 105
f 2388/3939/4974 2314/3948/5145 2305/3983/5146 2387/3980/4975
s 100
f 2314/3948/4939 2388/3939/4930 2389/3942/4933 2315/3949/4940
f 2390/3968/4959 2325/3965/4956 2315/3949/4940 2389/3942/4933
s 121
f 2338/4020/5147 2353/4049/5148 2391/4050/5060 2392/4022/5063
s 113
f 2331/4021/5028 2338/4020/5149 2392/4022/5029 2393/4025/5032
s off
f 2514/4098/5150 2515/4099/5151 2517/4100/5152 2516/4101/5153
s 107
f 2395/3947/4982 2320/3961/5154 2308/3989/4992 2394/3984/4983
s 100
f 2320/3961/4952 2395/3947/4938 2396/3950/4941 2321/3962/4953
f 2397/3966/4957 2324/4102/5155 2321/3962/4953 2396/3950/4941
s 126
f 2343/4039/5156 2359/4059/5157 2398/4060/5080 2399/4042/5083
s 119
f 2336/4040/5158 2343/4039/5159 2399/4042/5049 2400/4045/5052
s off
f 2426/4103/5160 2427/4104/5161 2420/4105/5162 2421/4106/5163
s 106
f 2402/3943/4978 2313/3936/5164 2304/3977/5165 2401/3982/4979
s 100
f 2313/3936/4927 2402/3943/4934 2403/3946/4937 2312/3937/4928
f 2404/4107/5166 2329/3973/4964 2312/3937/4928 2403/3946/4937
s 124
f 2370/4072/5103 2405/4056/5072 2406/4034/5075 2371/4073/5104
s 116
f 2371/4073/5106 2406/4034/5041 2407/4037/5044 2372/4074/5107
s off
f 2460/4108/5167 2456/4109/5168 2457/4110/5169 2461/4111/5170
s 104
f 2409/3955/4990 2374/4079/5112 2373/4080/5114 2408/3988/4991
s 100
f 2374/4079/5115 2409/3955/4946 2410/3958/4949 2375/4081/5116
f 2411/3972/4963 2376/4082/5117 2375/4081/5116 2410/3958/4949
s 123
f 2377/4083/5120 2413/4054/5068 2414/4030/5071 2378/4084/5121
s 116
f 2378/4084/5124 2414/4030/5037 2415/4033/5040 2379/4085/5125
s off
f 2486/4112/5171 2489/4113/5172 2488/4114/5173 2485/4115/5174
s 104
f 2417/3951/4986 2381/4090/5130 2380/4091/5133 2416/3986/4987
s 100
f 2381/4090/5134 2417/3951/4942 2418/3954/4945 2382/4092/5135
f 2419/3970/4961 2383/4093/5136 2382/4092/5135 2418/3954/4945
s 106
f 2401/4116/4979 2421/4117/5175 2422/4118/5176 2309/4119/4976
s 119
f 2337/4120/5051 2423/4121/5177 2420/4122/5178 2400/4123/5052
f 2351/4124/5055 2424/4125/5179 2423/4121/5177 2337/4120/5051
s 106
f 2309/4119/4976 2422/4118/5176 2425/4126/5180 2348/4127/4995
s off
f 2348/4128/5181 2425/4129/5182 2424/4130/5183 2351/4131/5184
s 106
f 2304/4132/5165 2426/4133/5185 2421/4117/5175 2401/4116/4979
s 119
f 2400/4123/5052 2420/4122/5178 2427/4134/5186 2336/4135/5158
s off
f 2336/4136/5187 2427/4137/5188 2426/4138/5189 2304/4139/5190
s 129
f 2420/4140/5191 2428/4141/5192 2429/4142/5193 2421/4143/5194
s 130
f 2421/4117/5195 2429/4144/5196 2430/4145/5197 2422/4118/5198
s 131
f 2423/4121/5199 2431/4146/5200 2428/4147/5201 2420/4122/5202
s off
f 2424/4125/5203 2432/4148/5204 2431/4146/5205 2423/4121/5206
f 2422/4118/5207 2430/4145/5208 2433/4149/5209 2425/4126/5210
f 2425/4129/5211 2433/4150/5212 2432/4151/5213 2424/4130/5214
s 129
f 2428/4141/5192 2434/4152/5215 2435/4153/5216 2429/4142/5193
s 130
f 2429/4144/5196 2435/4154/5217 2436/4155/5218 2430/4145/5197
s off
f 2430/4156/5219 2436/4157/5220 2437/4158/5221 2431/4159/5222
s 131
f 2431/4146/5200 2437/4160/5223 2434/4161/5224 2428/4147/5201
s 104
f 2408/4162/4991 2439/4163/5225 2440/4164/5226 2307/4165/4988
s 116
f 2335/4166/5043 2441/4167/5227 2438/4168/5228 2407/4169/5044
s 104
f 2365/4170/4971 2443/4171/5229 2444/4172/5230 2304/4173/4968
s off
f 2304/4174/5231 2444/4175/5232 2445/4176/5233 2336/4177/5234
s 116
f 2336/4178/5047 2445/4179/5235 2442/4180/5236 2364/4181/5048
s 104
f 2307/4165/4988 2440/4164/5226 2443/4171/5229 2365/4170/4971
s 116
f 2364/4181/5048 2442/4180/5236 2441/4167/5227 2335/4166/5043
s off
f 2372/4182/5237 2446/4183/5238 2447/4184/5239 2373/4185/5240
s 104
f 2373/4186/5114 2447/4187/5241 2439/4163/5225 2408/4162/4991
s 116
f 2407/4169/5044 2438/4168/5228 2446/4188/5242 2372/4189/5107
s off
f 2439/4163/5243 2449/4190/5244 2450/4191/5245 2440/4164/5246
f 2441/4167/5247 2451/4192/5248 2448/4193/5249 2438/4168/5250
f 2440/4164/5251 2450/4191/5252 2452/4194/5253 2443/4171/5254
f 2443/4195/5255 2452/4196/5256 2453/4197/5257 2442/4198/5258
f 2442/4180/5259 2453/4199/5260 2451/4192/5261 2441/4167/5262
f 2446/4183/5263 2454/4200/5264 2455/4201/5265 2447/4184/5266
f 2447/4187/5267 2455/4202/5268 2449/4190/5269 2439/4163/5270
f 2438/4168/5271 2448/4193/5272 2454/4203/5273 2446/4188/5274
f 2449/4190/5275 2457/4204/5276 2458/4205/5277 2450/4191/5278
f 2450/4206/5279 2458/4207/5280 2459/4208/5281 2451/4209/5282
f 2451/4192/5283 2459/4210/5284 2456/4211/5285 2448/4193/5286
f 2454/4200/5287 2460/4212/5288 2461/4213/5289 2455/4201/5290
f 2455/4202/5291 2461/4214/5292 2457/4204/5293 2449/4190/5294
f 2448/4193/5295 2456/4211/5296 2460/4215/5297 2454/4203/5298
f 2456/4216/5299 2462/4217/5300 2463/4218/5301 2457/4219/5302
f 2457/4204/5303 2463/4220/5304 2464/4221/5305 2458/4205/5306
f 2458/4207/5307 2464/4222/5308 2465/4223/5309 2459/4208/5310
f 2459/4210/5311 2465/4224/5312 2462/4225/5313 2456/4211/5314
s 104
f 2416/4226/4987 2467/4227/5315 2468/4228/5316 2303/4229/4984
s 116
f 2334/4230/5039 2469/4231/5317 2466/4232/5318 2415/4233/5040
s 104
f 2303/4229/4984 2468/4228/5316 2470/4234/5319 2373/4235/5114
s off
f 2373/4236/5320 2470/4237/5321 2471/4238/5322 2372/4239/5323
s 116
f 2372/4240/5107 2471/4241/5324 2469/4231/5317 2334/4230/5039
s 104
f 2306/4242/5132 2472/4243/5325 2473/4244/5326 2380/4245/5133
s 116
f 2379/4246/5125 2474/4247/5327 2475/4248/5328 2333/4249/5122
s off
f 2333/4250/5329 2475/4251/5330 2472/4252/5331 2306/4253/5332
s 104
f 2380/4245/5133 2473/4244/5326 2467/4227/5315 2416/4226/4987
s 116
f 2415/4233/5040 2466/4232/5318 2474/4247/5327 2379/4246/5125
s off
f 2467/4227/5333 2477/4254/5334 2478/4255/5335 2468/4228/5336
f 2468/4256/5337 2478/4257/5338 2479/4258/5339 2469/4259/5340
f 2469/4231/5341 2479/4260/5342 2476/4261/5343 2466/4232/5344
f 2472/4243/5345 2480/4262/5346 2481/4263/5347 2473/4244/5348
f 2474/4247/5349 2482/4264/5350 2483/4265/5351 2475/4248/5352
f 2475/4251/5353 2483/4266/5354 2480/4267/5355 2472/4252/5356
f 2473/4244/5357 2481/4263/5358 2477/4254/5359 2467/4227/5360
f 2466/4232/5361 2476/4261/5362 2482/4264/5363 2474/4247/5364
f 2480/4262/5365 2484/4268/5366 2485/4269/5367 2481/4263/5368
f 2482/4264/5369 2486/4270/5370 2487/4271/5371 2483/4265/5372
f 2483/4266/5373 2487/4272/5374 2484/4273/5375 2480/4267/5376
f 2481/4263/5377 2485/4269/5378 2488/4274/5379 2477/4254/5380
f 2477/4005/5381 2488/4114/5382 2489/4113/5383 2476/4002/5384
f 2476/4261/5385 2489/4275/5386 2486/4270/5387 2482/4264/5388
f 2484/4268/5389 2490/4276/5390 2491/4277/5391 2485/4269/5392
f 2485/4278/5393 2491/4279/5394 2492/4280/5395 2486/4281/5396
f 2486/4270/5397 2492/4282/5398 2493/4283/5399 2487/4271/5400
f 2487/4272/5401 2493/4284/5402 2490/4285/5403 2484/4273/5404
s 132
f 2393/4286/5405 2494/4287/5406 2495/4288/5407 2394/4289/5408
s off
f 2394/4290/5409 2529/4291/5410 2528/4292/5411 2305/4293/5412
f 2332/4294/5413 2523/4295/5414 2522/4296/5415 2393/4297/5416
f 2387/4298/5417 2499/4299/5418 2500/4300/5419 2306/4301/5420
f 2306/4302/5421 2500/4303/5422 2501/4304/5423 2333/4305/5424
f 2333/4306/5425 2501/4307/5426 2498/4308/5427 2386/4309/5428
f 2305/4310/5429 2496/4311/5430 2499/4299/5431 2387/4298/5432
f 2386/4309/5433 2498/4308/5434 2497/4312/5435 2332/4313/5436
s 132
f 2494/4287/5437 2502/4314/5438 2503/4315/5439 2495/4288/5407
s off
f 2529/4291/5440 2531/4316/5441 2530/4317/5442 2528/4292/5443
f 2523/4295/5444 2525/4318/5445 2524/4319/5446 2522/4296/5447
f 2496/4311/5448 2504/4320/5449 2506/4321/5450 2499/4299/5451
f 2499/4322/5452 2506/4323/5453 2507/4324/5454 2498/4325/5455
f 2498/4308/5456 2507/4326/5457 2505/4327/5458 2497/4312/5459
s 132
f 2502/4314/5460 2508/4328/5461 2509/4329/5462 2503/4315/5439
s off
f 2531/4316/5463 2533/4330/5464 2532/4331/5465 2530/4317/5466
s 135
f 2504/4332/5467 2510/4333/5468 2511/4334/5469 2505/4335/5470
s off
f 2525/4318/5471 2527/4336/5472 2526/4337/5473 2524/4319/5474
f 2349/4338/5475 2512/4339/5476 2513/4340/5477 2345/4341/5478
s 107
f 2345/4342/4994 2513/4343/5479 2514/4344/5480 2308/4345/4992
s 113
f 2331/4346/5028 2515/4347/5481 2512/4348/5482 2349/4349/5025
s 107
f 2308/4345/4992 2514/4344/5480 2516/4350/5483 2394/4351/4983
s off
f 2394/4352/5484 2516/4353/5485 2517/4354/5486 2393/4355/5487
s 113
f 2393/4356/5032 2517/4357/5488 2515/4347/5481 2331/4346/5028
s off
f 2512/4339/5489 2518/4358/5490 2519/4359/5491 2513/4340/5492
f 2513/4343/5493 2519/4360/5494 2520/4361/5495 2514/4344/5496
f 2514/4362/5497 2520/4363/5498 2521/4364/5499 2515/4365/5500
f 2515/4347/5501 2521/4366/5502 2518/4367/5503 2512/4348/5504
f 2393/4286/5505 2522/4368/5506 2494/4287/5507
f 2497/4369/5508 2523/4370/5509 2332/4371/5510
f 2494/4287/5511 2522/4368/5512 2524/4372/5513 2502/4314/5514
f 2505/4335/5515 2525/4373/5516 2523/4370/5517 2497/4369/5518
f 2502/4314/5519 2524/4372/5520 2526/4374/5521 2508/4328/5522
f 2508/3994/5523 2526/4375/5524 2527/4376/5525 2511/3995/5526
f 2511/4334/5527 2527/4377/5528 2525/4373/5529 2505/4335/5530
s 135
f 2305/4378/5531 2528/4379/5532 2496/4380/5533
s 132
f 2495/4288/5407 2529/4381/5534 2394/4289/5408
s 135
f 2496/4380/5533 2528/4379/5532 2530/4382/5535 2504/4332/5467
s 132
f 2503/4315/5439 2531/4383/5536 2529/4381/5534 2495/4288/5407
s 135
f 2504/4332/5467 2530/4382/5535 2532/4384/5537 2510/4333/5468
s 112
f 2510/3996/5003 2532/4385/5538 2533/4386/5539 2509/3997/5004
s 132
f 2509/4329/5462 2533/4387/5540 2531/4383/5536 2503/4315/5439
s 137
f 2558/4388/5541 2559/4389/5542 2547/4390/5543 2546/4391/5544
f 2559/4389/5542 2560/4392/5545 2548/4393/5546 2547/4390/5543
f 2560/4392/5545 2561/4394/5547 2549/4395/5548 2548/4393/5546
f 2561/4394/5547 2562/4396/5549 2550/4397/5550 2549/4395/5548
f 2562/4396/5549 2563/4398/5551 2551/4399/5552 2550/4397/5550
f 2563/4398/5551 2564/4400/5553 2552/4401/5554 2551/4399/5552
f 2564/4400/5553 2565/4402/5555 2553/4403/5556 2552/4401/5554
f 2565/4402/5555 2566/4404/5557 2554/4405/5558 2553/4403/5556
f 2566/4404/5557 2567/4406/5559 2555/4407/5560 2554/4405/5558
f 2567/4406/5559 2568/4408/5561 2556/4409/5562 2555/4407/5560
f 2568/4408/5561 2569/4410/5563 2557/4411/5564 2556/4409/5562
f 2569/4410/5563 2558/4412/5541 2546/4413/5544 2557/4411/5564
f 2534/4414/5565 2535/4415/5566 2559/4389/5542 2558/4388/5541
f 2535/4415/5566 2536/4416/5567 2560/4392/5545 2559/4389/5542
f 2536/4416/5567 2537/4417/5568 2561/4394/5547 2560/4392/5545
f 2537/4417/5568 2538/4418/5569 2562/4396/5549 2561/4394/5547
f 2538/4418/5569 2539/4419/5570 2563/4398/5551 2562/4396/5549
f 2539/4419/5570 2540/4420/5571 2564/4400/5553 2563/4398/5551
f 2540/4420/5571 2541/4421/5572 2565/4402/5555 2564/4400/5553
f 2541/4421/5572 2542/4422/5573 2566/4404/5557 2565/4402/5555
f 2542/4422/5573 2543/4423/5574 2567/4406/5559 2566/4404/5557
f 2543/4423/5574 2544/4424/5575 2568/4408/5561 2567/4406/5559
f 2544/4424/5575 2545/4425/5576 2569/4410/5563 2568/4408/5561
f 2545/4425/5576 2534/4426/5565 2558/4412/5541 2569/4410/5563
s off
f 2546/4391/5577 2547/4390/5578 2570/4427/5579
f 2547/4390/5580 2548/4393/5581 2570/4427/5582
f 2548/4393/5583 2549/4395/5584 2570/4427/5585
f 2549/4395/5586 2550/4397/5587 2570/4427/5588
f 2550/4397/5589 2551/4399/5590 2570/4427/5591
f 2551/4399/5592 2552/4401/5593 2570/4428/5594
f 2552/4401/5595 2553/4403/5596 2570/4428/5597
f 2553/4403/5598 2554/4405/5599 2570/4428/5600
f 2554/4405/5601 2555/4407/5602 2570/4428/5603
f 2555/4407/5604 2556/4409/5605 2570/4428/5606
f 2556/4409/5607 2557/4411/5608 2570/4428/5609
f 2557/4411/5610 2546/4413/5611 2570/4428/5612
s 138
f 2572/4429/5613 2571/4430/5614 2578/4431/5615 2579/4432/5616
f 2573/4433/5617 2572/4429/5613 2579/4432/5616 2580/4434/5618
f 2574/4435/5619 2573/4433/5617 2580/4434/5618 2581/4436/5620
f 2575/4437/5621 2574/4435/5619 2581/4436/5620 2582/4438/5622
f 2576/4439/5623 2575/4437/5621 2582/4438/5622 2583/4440/5624
f 2577/4441/5625 2576/4439/5623 2583/4440/5624 2584/4442/5626
f 2571/4430/5614 2577/4441/5625 2584/4442/5626 2578/4431/5615
f 2579/4432/5616 2578/4431/5615 2585/4443/5627 2586/4444/5628
f 2580/4434/5618 2579/4432/5616 2586/4444/5628 2587/4445/5629
f 2581/4436/5620 2580/4434/5618 2587/4445/5629 2588/4446/5630
f 2582/4438/5622 2581/4436/5620 2588/4446/5630 2589/4447/5631
f 2583/4440/5624 2582/4438/5622 2589/4447/5631 2590/4448/5632
f 2584/4442/5626 2583/4440/5624 2590/4448/5632 2591/4449/5633
f 2578/4431/5615 2584/4442/5626 2591/4449/5633 2585/4443/5627
f 2586/4450/5628 2585/4451/5627 2592/4452/5634 2593/4453/5635
f 2587/4454/5629 2586/4450/5628 2593/4453/5635 2594/4455/5636
f 2588/4456/5630 2587/4454/5629 2594/4455/5636 2595/4457/5637
f 2589/4458/5631 2588/4456/5630 2595/4457/5637 2596/4459/5638
f 2590/4460/5632 2589/4458/5631 2596/4459/5638 2597/4461/5639
f 2591/4449/5633 2590/4448/5632 2597/4462/5639 2598/4463/5640
f 2585/4443/5627 2591/4449/5633 2598/4463/5640 2592/4464/5634
f 2593/4453/5635 2592/4452/5634 2571/4465/5614 2572/4466/5613
f 2594/4455/5636 2593/4453/5635 2572/4466/5613 2573/4467/5617
f 2595/4457/5637 2594/4455/5636 2573/4467/5617 2574/4468/5619
f 2596/4459/5638 2595/4457/5637 2574/4468/5619 2575/4469/5621
f 2597/4461/5639 2596/4459/5638 2575/4469/5621 2576/4470/5623
f 2598/4471/5640 2597/4461/5639 2576/4470/5623 2577/4472/5625
f 2592/4452/5634 2598/4471/5640 2577/4472/5625 2571/4465/5614
s 139
f 2601/4473/5641 2602/4474/5642 2620/4475/5643 2611/4476/5644
f 2602/4474/5642 2603/4477/5645 2619/4478/5646 2620/4475/5643
f 2603/4479/5645 2604/4480/5647 2618/4481/5648 2619/4482/5646
f 2604/4480/5647 2605/4483/5649 2617/4484/5650 2618/4481/5648
f 2605/4483/5649 2606/4485/5651 2616/4486/5652 2617/4484/5650
f 2606/4485/5651 2607/4487/5653 2615/4488/5654 2616/4486/5652
f 2607/4487/5653 2608/4489/5655 2614/4490/5656 2615/4488/5654
f 2608/4489/5655 2609/4491/5657 2613/4492/5658 2614/4490/5656
f 2609/4491/5657 2610/4493/5659 2612/4494/5660 2613/4492/5658
f 2610/4493/5659 2601/4473/5641 2611/4476/5644 2612/4494/5660
f 2621/4495/5661 2622/4496/5662 2602/4474/5642 2601/4473/5641
f 2622/4496/5662 2623/4497/5663 2603/4477/5645 2602/4474/5642
f 2623/4498/5663 2624/4499/5664 2604/4480/5647 2603/4479/5645
f 2624/4499/5664 2625/4500/5665 2605/4483/5649 2604/4480/5647
f 2625/4500/5665 2626/4501/5666 2606/4485/5651 2605/4483/5649
f 2626/4501/5666 2627/4502/5667 2607/4487/5653 2606/4485/5651
f 2627/4502/5667 2628/4503/5668 2608/4489/5655 2607/4487/5653
f 2628/4503/5668 2629/4504/5669 2609/4491/5657 2608/4489/5655
f 2629/4504/5669 2630/4505/5670 2610/4493/5659 2609/4491/5657
f 2630/4505/5670 2621/4495/5661 2601/4473/5641 2610/4493/5659
f 2612/4494/5660 2611/4476/5644 2600/4506/5671
f 2613/4492/5658 2612/4494/5660 2600/4506/5671
f 2614/4490/5656 2613/4492/5658 2600/4506/5671
f 2615/4488/5654 2614/4490/5656 2600/4506/5671
f 2616/4486/5652 2615/4488/5654 2600/4506/5671
f 2617/4484/5650 2616/4486/5652 2600/4506/5671
f 2618/4481/5648 2617/4484/5650 2600/4506/5671
f 2619/4482/5646 2618/4481/5648 2600/4506/5671
f 2620/4475/5643 2619/4478/5646 2600/4506/5671
f 2611/4476/5644 2620/4475/5643 2600/4506/5671
f 2599/4507/5672 2622/4496/5662 2621/4495/5661
f 2599/4507/5672 2623/4497/5663 2622/4496/5662
f 2599/4507/5672 2624/4499/5664 2623/4498/5663
f 2599/4507/5672 2625/4500/5665 2624/4499/5664
f 2599/4507/5672 2626/4501/5666 2625/4500/5665
f 2599/4507/5672 2627/4502/5667 2626/4501/5666
f 2599/4507/5672 2628/4503/5668 2627/4502/5667
f 2599/4507/5672 2629/4504/5669 2628/4503/5668
f 2599/4507/5672 2630/4505/5670 2629/4504/5669
f 2599/4507/5672 2621/4495/5661 2630/4505/5670
s 140
f 2632/4508/5673 2631/4509/5674 2638/4510/5675 2639/4511/5676
f 2633/4512/5677 2632/4508/5673 2639/4511/5676 2640/4513/5678
f 2634/4514/5679 2633/4512/5677 2640/4513/5678 2641/4515/5680
f 2635/4516/5681 2634/4514/5679 2641/4515/5680 2642/4517/5682
f 2636/4518/5683 2635/4516/5681 2642/4517/5682 2643/4519/5684
f 2637/4520/5685 2636/4518/5683 2643/4519/5684 2644/4521/5686
f 2631/4509/5674 2637/4520/5685 2644/4521/5686 2638/4510/5675
f 2639/4511/5676 2638/4510/5675 2645/4522/5687 2646/4523/5688
f 2640/4513/5678 2639/4511/5676 2646/4523/5688 2647/4524/5689
f 2641/4515/5680 2640/4513/5678 2647/4524/5689 2648/4525/5690
f 2642/4517/5682 2641/4515/5680 2648/4525/5690 2649/4526/5691
f 2643/4519/5684 2642/4517/5682 2649/4526/5691 2650/4527/5692
f 2644/4521/5686 2643/4519/5684 2650/4527/5692 2651/4528/5693
f 2638/4510/5675 2644/4521/5686 2651/4528/5693 2645/4522/5687
f 2646/4529/5688 2645/4530/5687 2652/4531/5694 2653/4532/5695
f 2647/4533/5689 2646/4529/5688 2653/4532/5695 2654/4534/5696
f 2648/4535/5690 2647/4533/5689 2654/4534/5696 2655/4536/5697
f 2649/4537/5691 2648/4535/5690 2655/4536/5697 2656/4538/5698
f 2650/4539/5692 2649/4537/5691 2656/4538/5698 2657/4540/5699
f 2651/4528/5693 2650/4527/5692 2657/4541/5699 2658/4542/5700
f 2645/4522/5687 2651/4528/5693 2658/4542/5700 2652/4543/5694
f 2653/4532/5695 2652/4531/5694 2631/4544/5674 2632/4545/5673
f 2654/4534/5696 2653/4532/5695 2632/4545/5673 2633/4546/5677
f 2655/4536/5697 2654/4534/5696 2633/4546/5677 2634/4547/5679
f 2656/4538/5698 2655/4536/5697 2634/4547/5679 2635/4548/5681
f 2657/4540/5699 2656/4538/5698 2635/4548/5681 2636/4549/5683
f 2658/4550/5700 2657/4540/5699 2636/4549/5683 2637/4551/5685
f 2652/4531/5694 2658/4550/5700 2637/4551/5685 2631/4544/5674
s 141
f 2659/4552/5701 2660/4553/5702 2669/4554/5703 2668/4555/5704
f 2660/4553/5702 2661/4556/5705 2670/4557/5706 2669/4554/5703
f 2661/4556/5705 2662/4558/5707 2671/4559/5708 2670/4557/5706
f 2662/4558/5707 2663/4560/5709 2672/4561/5710 2671/4559/5708
f 2663/4560/5709 2664/4562/5711 2673/4563/5712 2672/4561/5710
f 2664/4562/5711 2665/4564/5713 2674/4565/5714 2673/4563/5712
f 2665/4564/5713 2666/4566/5715 2675/4567/5716 2674/4565/5714
f 2666/4566/5715 2667/4568/5717 2676/4569/5718 2675/4567/5716
f 2668/4555/5704 2669/4554/5703 2678/4570/5719 2677/4571/5720
f 2669/4554/5703 2670/4557/5706 2679/4572/5721 2678/4570/5719
f 2670/4557/5706 2671/4559/5708 2680/4573/5722 2679/4572/5721
f 2671/4559/5708 2672/4561/5710 2681/4574/5723 2680/4573/5722
f 2672/4561/5710 2673/4563/5712 2682/4575/5724 2681/4574/5723
f 2673/4563/5712 2674/4565/5714 2683/4576/5725 2682/4575/5724
f 2674/4565/5714 2675/4567/5716 2684/4577/5726 2683/4576/5725
f 2675/4567/5716 2676/4569/5718 2685/4578/5727 2684/4577/5726
f 2677/4571/5720 2678/4570/5719 2687/4579/5728 2686/4580/5729
f 2678/4570/5719 2679/4572/5721 2688/4581/5730 2687/4579/5728
f 2679/4572/5721 2680/4573/5722 2689/4582/5731 2688/4581/5730
f 2680/4573/5722 2681/4574/5723 2690/4583/5732 2689/4582/5731
f 2681/4574/5723 2682/4575/5724 2691/4584/5733 2690/4583/5732
f 2682/4575/5724 2683/4576/5725 2692/4585/5734 2691/4584/5733
f 2683/4576/5725 2684/4577/5726 2693/4586/5735 2692/4585/5734
f 2684/4577/5726 2685/4578/5727 2694/4587/5736 2693/4586/5735
f 2686/4580/5729 2687/4579/5728 2696/4588/5737 2695/4589/5738
f 2687/4579/5728 2688/4581/5730 2697/4590/5739 2696/4588/5737
f 2688/4581/5730 2689/4582/5731 2698/4591/5740 2697/4590/5739
f 2689/4582/5731 2690/4583/5732 2699/4592/5741 2698/4591/5740
f 2690/4583/5732 2691/4584/5733 2700/4593/5742 2699/4592/5741
f 2691/4584/5733 2692/4585/5734 2701/4594/5743 2700/4593/5742
f 2692/4585/5734 2693/4586/5735 2702/4595/5744 2701/4594/5743
f 2693/4586/5735 2694/4587/5736 2703/4596/5745 2702/4595/5744
f 2695/4589/5738 2696/4588/5737 2705/4597/5746 2704/4598/5747
f 2696/4588/5737 2697/4590/5739 2706/4599/5748 2705/4597/5746
f 2697/4590/5739 2698/4591/5740 2707/4600/5749 2706/4599/5748
f 2698/4591/5740 2699/4592/5741 2708/4601/5750 2707/4600/5749
f 2699/4592/5741 2700/4593/5742 2709/4602/5751 2708/4601/5750
f 2700/4593/5742 2701/4594/5743 2710/4603/5752 2709/4602/5751
f 2701/4594/5743 2702/4595/5744 2711/4604/5753 2710/4603/5752
f 2702/4595/5744 2703/4596/5745 2712/4605/5754 2711/4604/5753
f 2704/4598/5747 2705/4597/5746 2714/4606/5755 2713/4607/5756
f 2705/4597/5746 2706/4599/5748 2715/4608/5757 2714/4606/5755
f 2706/4599/5748 2707/4600/5749 2716/4609/5758 2715/4608/5757
f 2707/4600/5749 2708/4601/5750 2717/4610/5759 2716/4609/5758
f 2708/4601/5750 2709/4602/5751 2718/4611/5760 2717/4610/5759
f 2709/4602/5751 2710/4603/5752 2719/4612/5761 2718/4611/5760
f 2710/4603/5752 2711/4604/5753 2720/4613/5762 2719/4612/5761
f 2711/4604/5753 2712/4605/5754 2721/4614/5763 2720/4613/5762
f 2713/4607/5756 2714/4606/5755 2723/4615/5764 2722/4616/5765
f 2714/4606/5755 2715/4608/5757 2724/4617/5766 2723/4615/5764
f 2715/4608/5757 2716/4609/5758 2725/4618/5767 2724/4617/5766
f 2716/4609/5758 2717/4610/5759 2726/4619/5768 2725/4618/5767
f 2717/4610/5759 2718/4611/5760 2727/4620/5769 2726/4619/5768
f 2718/4611/5760 2719/4612/5761 2728/4621/5770 2727/4620/5769
f 2719/4612/5761 2720/4613/5762 2729/4622/5771 2728/4621/5770
f 2720/4613/5762 2721/4614/5763 2730/4623/5772 2729/4622/5771
f 2722/4616/5765 2723/4615/5764 2732/4624/5773 2731/4625/5774
f 2723/4615/5764 2724/4617/5766 2733/4626/5775 2732/4624/5773
f 2724/4617/5766 2725/4618/5767 2734/4627/5776 2733/4626/5775
f 2725/4618/5767 2726/4619/5768 2735/4628/5777 2734/4627/5776
f 2726/4619/5768 2727/4620/5769 2736/4629/5778 2735/4628/5777
f 2727/4620/5769 2728/4621/5770 2737/4630/5779 2736/4629/5778
f 2728/4621/5770 2729/4622/5771 2738/4631/5780 2737/4630/5779
f 2729/4622/5771 2730/4623/5772 2739/4632/5781 2738/4631/5780
s 142
f 2740/4633/5782 2749/4634/5783 2750/4635/5784 2741/4636/5785
f 2741/4636/5785 2750/4635/5784 2751/4637/5786 2742/4638/5787
f 2742/4638/5787 2751/4637/5786 2752/4639/5788 2743/4640/5789
f 2743/4640/5789 2752/4639/5788 2753/4641/5790 2744/4642/5791
f 2744/4642/5791 2753/4641/5790 2754/4643/5792 2745/4644/5793
f 2745/4644/5793 2754/4643/5792 2755/4645/5794 2746/4646/5795
f 2746/4646/5795 2755/4645/5794 2756/4647/5796 2747/4648/5797
f 2747/4648/5797 2756/4647/5796 2757/4649/5798 2748/4650/5799
f 2749/4634/5783 2758/4651/5800 2759/4652/5801 2750/4635/5784
f 2750/4635/5784 2759/4652/5801 2760/4653/5802 2751/4637/5786
f 2751/4637/5786 2760/4653/5802 2761/4654/5803 2752/4639/5788
f 2752/4639/5788 2761/4654/5803 2762/4655/5804 2753/4641/5790
f 2753/4641/5790 2762/4655/5804 2763/4656/5805 2754/4643/5792
f 2754/4643/5792 2763/4656/5805 2764/4657/5806 2755/4645/5794
f 2755/4645/5794 2764/4657/5806 2765/4658/5807 2756/4647/5796
f 2756/4647/5796 2765/4658/5807 2766/4659/5808 2757/4649/5798
f 2758/4651/5800 2767/4660/5809 2768/4661/5810 2759/4652/5801
f 2759/4652/5801 2768/4661/5810 2769/4662/5811 2760/4653/5802
f 2760/4653/5802 2769/4662/5811 2770/4663/5812 2761/4654/5803
f 2761/4654/5803 2770/4663/5812 2771/4664/5813 2762/4655/5804
f 2762/4655/5804 2771/4664/5813 2772/4665/5814 2763/4656/5805
f 2763/4656/5805 2772/4665/5814 2773/4666/5815 2764/4657/5806
f 2764/4657/5806 2773/4666/5815 2774/4667/5816 2765/4658/5807
f 2765/4658/5807 2774/4667/5816 2775/4668/5817 2766/4659/5808
f 2767/4660/5809 2776/4669/5818 2777/4670/5819 2768/4661/5810
f 2768/4661/5810 2777/4670/5819 2778/4671/5820 2769/4662/5811
f 2769/4662/5811 2778/4671/5820 2779/4672/5821 2770/4663/5812
f 2770/4663/5812 2779/4672/5821 2780/4673/5822 2771/4664/5813
f 2771/4664/5813 2780/4673/5822 2781/4674/5823 2772/4665/5814
f 2772/4665/5814 2781/4674/5823 2782/4675/5824 2773/4666/5815
f 2773/4666/5815 2782/4675/5824 2783/4676/5825 2774/4667/5816
f 2774/4667/5816 2783/4676/5825 2784/4677/5826 2775/4668/5817
f 2776/4669/5818 2785/4678/5827 2786/4679/5828 2777/4670/5819
f 2777/4670/5819 2786/4679/5828 2787/4680/5829 2778/4671/5820
f 2778/4671/5820 2787/4680/5829 2788/4681/5830 2779/4672/5821
f 2779/4672/5821 2788/4681/5830 2789/4682/5831 2780/4673/5822
f 2780/4673/5822 2789/4682/5831 2790/4683/5832 2781/4674/5823
f 2781/4674/5823 2790/4683/5832 2791/4684/5833 2782/4675/5824
f 2782/4675/5824 2791/4684/5833 2792/4685/5834 2783/4676/5825
f 2783/4676/5825 2792/4685/5834 2793/4686/5835 2784/4677/5826
f 2785/4678/5827 2794/4687/5836 2795/4688/5837 2786/4679/5828
f 2786/4679/5828 2795/4688/5837 2796/4689/5838 2787/4680/5829
f 2787/4680/5829 2796/4689/5838 2797/4690/5839 2788/4681/5830
f 2788/4681/5830 2797/4690/5839 2798/4691/5840 2789/4682/5831
f 2789/4682/5831 2798/4691/5840 2799/4692/5841 2790/4683/5832
f 2790/4683/5832 2799/4692/5841 2800/4693/5842 2791/4684/5833
f 2791/4684/5833 2800/4693/5842 2801/4694/5843 2792/4685/5834
f 2792/4685/5834 2801/4694/5843 2802/4695/5844 2793/4686/5835
f 2794/4687/5836 2803/4696/5845 2804/4697/5846 2795/4688/5837
f 2795/4688/5837 2804/4697/5846 2805/4698/5847 2796/4689/5838
f 2796/4689/5838 2805/4698/5847 2806/4699/5848 2797/4690/5839
f 2797/4690/5839 2806/4699/5848 2807/4700/5849 2798/4691/5840
f 2798/4691/5840 2807/4700/5849 2808/4701/5850 2799/4692/5841
f 2799/4692/5841 2808/4701/5850 2809/4702/5851 2800/4693/5842
f 2800/4693/5842 2809/4702/5851 2810/4703/5852 2801/4694/5843
f 2801/4694/5843 2810/4703/5852 2811/4704/5853 2802/4695/5844
f 2803/4696/5845 2812/4705/5854 2813/4706/5855 2804/4697/5846
f 2804/4697/5846 2813/4706/5855 2814/4707/5856 2805/4698/5847
f 2805/4698/5847 2814/4707/5856 2815/4708/5857 2806/4699/5848
f 2806/4699/5848 2815/4708/5857 2816/4709/5858 2807/4700/5849
f 2807/4700/5849 2816/4709/5858 2817/4710/5859 2808/4701/5850
f 2808/4701/5850 2817/4710/5859 2818/4711/5860 2809/4702/5851
f 2809/4702/5851 2818/4711/5860 2819/4712/5861 2810/4703/5852
f 2810/4703/5852 2819/4712/5861 2820/4713/5862 2811/4704/5853
s 143
f 2822/4714/5863 2821/4715/5864 2828/4716/5865 2829/4717/5866
f 2823/4718/5867 2822/4714/5863 2829/4717/5866 2830/4719/5868
f 2824/4720/5869 2823/4718/5867 2830/4719/5868 2831/4721/5870
f 2825/4722/5871 2824/4720/5869 2831/4721/5870 2832/4723/5872
f 2826/4724/5873 2825/4722/5871 2832/4723/5872 2833/4725/5874
f 2827/4726/5875 2826/4724/5873 2833/4725/5874 2834/4727/5876
f 2821/4715/5864 2827/4726/5875 2834/4727/5876 2828/4716/5865
f 2829/4717/5866 2828/4716/5865 2835/4728/5877 2836/4729/5878
f 2830/4719/5868 2829/4717/5866 2836/4729/5878 2837/4730/5879
f 2831/4721/5870 2830/4719/5868 2837/4730/5879 2838/4731/5880
f 2832/4723/5872 2831/4721/5870 2838/4731/5880 2839/4732/5881
f 2833/4725/5874 2832/4723/5872 2839/4732/5881 2840/4733/5882
f 2834/4727/5876 2833/4725/5874 2840/4733/5882 2841/4734/5883
f 2828/4716/5865 2834/4727/5876 2841/4734/5883 2835/4728/5877
f 2836/4735/5878 2835/4736/5877 2842/4737/5884 2843/4738/5885
f 2837/4739/5879 2836/4735/5878 2843/4738/5885 2844/4740/5886
f 2838/4741/5880 2837/4739/5879 2844/4740/5886 2845/4742/5887
f 2839/4743/5881 2838/4741/5880 2845/4742/5887 2846/4744/5888
f 2840/4745/5882 2839/4743/5881 2846/4744/5888 2847/4746/5889
f 2841/4734/5883 2840/4733/5882 2847/4747/5889 2848/4748/5890
f 2835/4728/5877 2841/4734/5883 2848/4748/5890 2842/4749/5884
f 2843/4738/5885 2842/4737/5884 2821/4750/5864 2822/4751/5863
f 2844/4740/5886 2843/4738/5885 2822/4751/5863 2823/4752/5867
f 2845/4742/5887 2844/4740/5886 2823/4752/5867 2824/4753/5869
f 2846/4744/5888 2845/4742/5887 2824/4753/5869 2825/4754/5871
f 2847/4746/5889 2846/4744/5888 2825/4754/5871 2826/4755/5873
f 2848/4756/5890 2847/4746/5889 2826/4755/5873 2827/4757/5875
f 2842/4737/5884 2848/4756/5890 2827/4757/5875 2821/4750/5864
s 144
f 2851/4758/5891 2852/4759/5892 2870/4760/5893 2861/4761/5894
f 2852/4759/5892 2853/4762/5895 2869/4763/5896 2870/4760/5893
f 2853/4764/5895 2854/4765/5897 2868/4766/5898 2869/4767/5896
f 2854/4765/5897 2855/4768/5899 2867/4769/5900 2868/4766/5898
f 2855/4768/5899 2856/4770/5901 2866/4771/5902 2867/4769/5900
f 2856/4770/5901 2857/4772/5903 2865/4773/5904 2866/4771/5902
f 2857/4772/5903 2858/4774/5905 2864/4775/5906 2865/4773/5904
f 2858/4774/5905 2859/4776/5907 2863/4777/5908 2864/4775/5906
f 2859/4776/5907 2860/4778/5909 2862/4779/5910 2863/4777/5908
f 2860/4778/5909 2851/4758/5891 2861/4761/5894 2862/4779/5910
f 2871/4780/5911 2872/4781/5912 2852/4759/5892 2851/4758/5891
f 2872/4781/5912 2873/4782/5913 2853/4762/5895 2852/4759/5892
f 2873/4783/5913 2874/4784/5914 2854/4765/5897 2853/4764/5895
f 2874/4784/5914 2875/4785/5915 2855/4768/5899 2854/4765/5897
f 2875/4785/5915 2876/4786/5916 2856/4770/5901 2855/4768/5899
f 2876/4786/5916 2877/4787/5917 2857/4772/5903 2856/4770/5901
f 2877/4787/5917 2878/4788/5918 2858/4774/5905 2857/4772/5903
f 2878/4788/5918 2879/4789/5919 2859/4776/5907 2858/4774/5905
f 2879/4789/5919 2880/4790/5920 2860/4778/5909 2859/4776/5907
f 2880/4790/5920 2871/4780/5911 2851/4758/5891 2860/4778/5909
f 2862/4779/5910 2861/4761/5894 2850/4791/5921
f 2863/4777/5908 2862/4779/5910 2850/4791/5921
f 2864/4775/5906 2863/4777/5908 2850/4791/5921
f 2865/4773/5904 2864/4775/5906 2850/4791/5921
f 2866/4771/5902 2865/4773/5904 2850/4791/5921
f 2867/4769/5900 2866/4771/5902 2850/4791/5921
f 2868/4766/5898 2867/4769/5900 2850/4791/5921
f 2869/4767/5896 2868/4766/5898 2850/4791/5921
f 2870/4760/5893 2869/4763/5896 2850/4791/5921
f 2861/4761/5894 2870/4760/5893 2850/4791/5921
f 2849/4792/5922 2872/4781/5912 2871/4780/5911
f 2849/4792/5922 2873/4782/5913 2872/4781/5912
f 2849/4792/5922 2874/4784/5914 2873/4783/5913
f 2849/4792/5922 2875/4785/5915 2874/4784/5914
f 2849/4792/5922 2876/4786/5916 2875/4785/5915
f 2849/4792/5922 2877/4787/5917 2876/4786/5916
f 2849/4792/5922 2878/4788/5918 2877/4787/5917
f 2849/4792/5922 2879/4789/5919 2878/4788/5918
f 2849/4792/5922 2880/4790/5920 2879/4789/5919
f 2849/4792/5922 2871/4780/5911 2880/4790/5920
s 145
f 2882/4793/5923 2881/4794/5924 2888/4795/5925 2889/4796/5926
f 2883/4797/5927 2882/4793/5923 2889/4796/5926 2890/4798/5928
f 2884/4799/5929 2883/4797/5927 2890/4798/5928 2891/4800/5930
f 2885/4801/5931 2884/4799/5929 2891/4800/5930 2892/4802/5932
f 2886/4803/5933 2885/4801/5931 2892/4802/5932 2893/4804/5934
f 2887/4805/5935 2886/4803/5933 2893/4804/5934 2894/4806/5936
f 2881/4794/5924 2887/4805/5935 2894/4806/5936 2888/4795/5925
f 2889/4796/5926 2888/4795/5925 2895/4807/5937 2896/4808/5938
f 2890/4798/5928 2889/4796/5926 2896/4808/5938 2897/4809/5939
f 2891/4800/5930 2890/4798/5928 2897/4809/5939 2898/4810/5940
f 2892/4802/5932 2891/4800/5930 2898/4810/5940 2899/4811/5941
f 2893/4804/5934 2892/4802/5932 2899/4811/5941 2900/4812/5942
f 2894/4806/5936 2893/4804/5934 2900/4812/5942 2901/4813/5943
f 2888/4795/5925 2894/4806/5936 2901/4813/5943 2895/4807/5937
f 2896/4814/5938 2895/4815/5937 2902/4816/5944 2903/4817/5945
f 2897/4818/5939 2896/4814/5938 2903/4817/5945 2904/4819/5946
f 2898/4820/5940 2897/4818/5939 2904/4819/5946 2905/4821/5947
f 2899/4822/5941 2898/4820/5940 2905/4821/5947 2906/4823/5948
f 2900/4824/5942 2899/4822/5941 2906/4823/5948 2907/4825/5949
f 2901/4813/5943 2900/4812/5942 2907/4826/5949 2908/4827/5950
f 2895/4807/5937 2901/4813/5943 2908/4827/5950 2902/4828/5944
f 2903/4817/5945 2902/4816/5944 2881/4829/5924 2882/4830/5923
f 2904/4819/5946 2903/4817/5945 2882/4830/5923 2883/4831/5927
f 2905/4821/5947 2904/4819/5946 2883/4831/5927 2884/4832/5929
f 2906/4823/5948 2905/4821/5947 2884/4832/5929 2885/4833/5931
f 2907/4825/5949 2906/4823/5948 2885/4833/5931 2886/4834/5933
f 2908/4835/5950 2907/4825/5949 2886/4834/5933 2887/4836/5935
f 2902/4816/5944 2908/4835/5950 2887/4836/5935 2881/4829/5924
