# This file uses centimeters as units for non-parametric coordinates.

mtllib M_WatchTower.mtl
g default
v -10.074236 3.069594 -3.028780
v -9.999470 2.985202 -3.007799
v -10.076900 2.967716 -3.090134
v -10.108496 2.000241 -2.849636
v -10.031066 2.017726 -2.767303
v -10.111160 1.938949 -2.747721
v -11.007092 3.103417 -3.037188
v -11.009756 3.001539 -3.098541
v -11.087185 3.024639 -3.017603
v -11.118782 2.057164 -2.777107
v -11.041352 2.034063 -2.858046
v -11.044017 1.972771 -2.756128
v -10.056231 4.641427 3.855930
v -10.084623 3.772074 4.072033
v -10.156593 3.701286 4.089632
v -10.994838 3.731678 4.082075
v -11.062021 3.807512 4.063227
v -11.033629 4.676865 3.847120
v -10.961658 4.747652 3.829523
v -10.123414 4.717260 3.837080
v -10.074236 11.833620 -3.140650
v -9.999470 11.746989 -3.133078
v -10.076900 11.742546 -3.217131
v -10.108496 10.749414 -3.130329
v -10.031066 10.753857 -3.046276
v -10.111160 10.672989 -3.039209
v -11.007092 11.868340 -3.143684
v -11.009756 11.777267 -3.220165
v -11.087185 11.787472 -3.136616
v -11.118782 10.794340 -3.049816
v -11.041352 10.784134 -3.133364
v -11.044017 10.707708 -3.042244
v -10.056231 12.313435 3.904892
v -10.084623 11.421026 3.982887
v -10.156593 11.348360 3.989241
v -10.994838 11.379559 3.986513
v -11.062021 11.457404 3.979710
v -11.033629 12.349812 3.901712
v -10.961658 12.422477 3.895361
v -10.123414 12.391279 3.898088
v 0.034769 15.698930 2.043312
v 0.105696 15.698823 2.226718
v 0.110739 15.698462 1.897279
v 0.087673 16.062584 2.041551
v 0.144522 15.981248 2.225336
v 0.145609 15.958049 1.896002
v 0.242432 16.150826 2.038090
v 0.246582 16.021030 2.223069
v 0.232853 15.984210 1.894068
v 0.618083 16.147949 2.036732
v 0.622233 16.018154 2.221710
v 0.608504 15.981334 1.892713
v 0.749456 16.029924 2.033958
v 0.722115 15.920748 2.219608
v 0.699533 15.889727 1.890799
v 0.795021 15.518350 2.033398
v 0.742636 15.564295 2.219466
v 0.713013 15.576880 1.890771
v 0.707456 15.320912 2.035484
v 0.672985 15.419370 2.221115
v 0.648399 15.446717 1.892296
v 0.608865 15.290978 2.037667
v 0.598142 15.415942 2.222756
v 0.580231 15.450744 1.893786
v 0.230321 15.287814 2.039094
v 0.239772 15.418000 2.223735
v 0.227532 15.454269 1.894640
v 0.127813 15.325106 2.041303
v 0.170222 15.433778 2.225244
v 0.167248 15.464000 1.895951
v 0.161642 15.966924 2.473596
v 0.685973 15.971745 2.473858
v 0.161642 16.161005 -1.099931
v 0.685973 16.165827 -1.099669
v 0.166535 15.630301 -1.128754
v 0.690867 15.635119 -1.128492
v 0.166535 15.436218 2.444773
v 0.690867 15.441038 2.445035
v 0.034663 15.871902 -0.728091
v 0.105515 15.846929 -0.546364
v 0.110687 15.890468 -0.872912
v 0.089686 16.232229 -0.681369
v 0.145987 16.126785 -0.510093
v 0.147069 16.147697 -0.839579
v 0.244958 16.319241 -0.673093
v 0.248279 16.165918 -0.507074
v 0.234465 16.173374 -0.838041
v 0.620587 16.314381 -0.674968
v 0.623907 16.161060 -0.508949
v 0.610094 16.168514 -0.839913
v 0.751270 16.197018 -0.693504
v 0.723220 16.064222 -0.524059
v 0.700587 16.077452 -0.854059
v 0.793853 15.689827 -0.762287
v 0.741663 15.710857 -0.571734
v 0.712244 15.767329 -0.895805
v 0.705138 15.494389 -0.786511
v 0.671168 15.567415 -0.589396
v 0.646871 15.638504 -0.911623
v 0.606374 15.465006 -0.788301
v 0.596306 15.564236 -0.588198
v 0.578728 15.642694 -0.909584
v 0.227816 15.463887 -0.787162
v 0.237953 15.568234 -0.586815
v 0.226055 15.648129 -0.908131
v 0.125527 15.501147 -0.779960
v 0.168496 15.584075 -0.583190
v 0.165828 15.657949 -0.905512
v -1.288054 19.624346 -3.003593
v -1.285721 19.537392 -2.928848
v -1.170272 19.541321 -3.007599
v -1.153653 18.544477 -3.039387
v -1.269102 18.540548 -2.960636
v -1.268631 18.459379 -3.040741
v -1.299278 19.659195 -3.936380
v -1.181497 19.576170 -3.940386
v -1.298811 19.578026 -4.016485
v -1.282188 18.581184 -4.048273
v -1.164875 18.579327 -3.972174
v -1.279856 18.494228 -3.973532
v -11.053873 19.401981 -2.874287
v -11.038937 18.506237 -2.902851
v -11.038515 18.433300 -2.974829
v -11.048600 18.464615 -3.813013
v -11.050698 18.542751 -3.880178
v -11.065634 19.438492 -3.851614
v -11.066054 19.511429 -3.779633
v -11.055968 19.480114 -2.941450
v 0.034769 12.034855 2.040032
v 0.105696 12.029854 2.223370
v 0.110739 12.038287 1.894038
v 0.087673 12.398428 2.047979
v 0.144522 12.312215 2.229527
v 0.145609 12.297814 1.899691
v 0.242432 12.486729 2.046875
v 0.246582 12.352043 2.228323
v 0.232853 12.324018 1.898456
v 0.618083 12.483891 2.045440
v 0.622233 12.349205 2.226888
v 0.608504 12.321179 1.897025
v 0.749456 12.365982 2.039517
v 0.722115 12.251889 2.222186
v 0.699533 12.229655 1.892666
v 0.795021 11.854605 2.025301
v 0.742636 11.895567 2.212529
v 0.713013 11.916922 1.884287
v 0.707456 11.657182 2.022116
v 0.672985 11.750649 2.210309
v 0.648399 11.786764 1.882337
v 0.608865 11.627201 2.023499
v 0.598142 11.747179 2.211858
v 0.580231 11.790750 1.883934
v 0.230321 11.624000 2.024841
v 0.239772 11.749210 2.212891
v 0.227532 11.794251 1.884882
v 0.127813 11.661218 2.028045
v 0.170222 11.764942 2.214821
v 0.167248 11.803943 1.886453
v 0.161642 12.291268 2.477316
v 0.685973 12.296082 2.477707
v 0.161642 12.580669 -1.089757
v 0.685973 12.585483 -1.089366
v 0.166535 12.050923 -1.132736
v 0.690867 12.055734 -1.132346
v 0.166535 11.761522 2.434337
v 0.690867 11.766333 2.434727
v 0.034663 12.281744 -0.725767
v 0.105515 12.251928 -0.544770
v 0.110687 12.304169 -0.870040
v 0.089686 12.640697 -0.669443
v 0.145987 12.530717 -0.501042
v 0.147069 12.560417 -0.829853
v 0.244958 12.727454 -0.658848
v 0.248279 12.569757 -0.496980
v 0.234465 12.586043 -0.827630
v 0.620587 12.722648 -0.660851
v 0.623907 12.564949 -0.498984
v 0.610094 12.581236 -0.829631
v 0.751270 12.605820 -0.682513
v 0.723220 12.468550 -0.516674
v 0.700587 12.490582 -0.846203
v 0.793853 12.100646 -0.764810
v 0.741663 12.116583 -0.573764
v 0.712244 12.181684 -0.896212
v 0.705138 11.905924 -0.794243
v 0.671168 11.973663 -0.595249
v 0.646871 12.053329 -0.915464
v 0.606374 11.876600 -0.796816
v 0.596306 11.970453 -0.594136
v 0.578728 12.057462 -0.913313
v 0.227816 11.875451 -0.795708
v 0.237953 11.974413 -0.592647
v 0.226055 12.062857 -0.911715
v 0.125527 11.912505 -0.787514
v 0.168496 11.990151 -0.588600
v 0.165828 12.072603 -0.908835
v 0.034769 14.027166 2.047098
v 0.105696 14.037903 2.230189
v 0.110739 14.018068 1.901347
v 0.087673 14.390081 2.023842
v 0.144522 14.319752 2.212113
v 0.145609 14.277124 1.884727
v 0.242432 14.477962 2.015171
v 0.246582 14.359331 2.207499
v 0.232853 14.303125 1.881250
v 0.618083 14.475012 2.013985
v 0.622233 14.356380 2.206313
v 0.608504 14.300175 1.880068
v 0.749456 14.357030 2.018193
v 0.722115 14.259019 2.209972
v 0.699533 14.208613 1.883572
v 0.795021 13.846316 2.047876
v 0.742636 13.903181 2.230903
v 0.713013 13.896313 1.902038
v 0.707456 13.649347 2.061630
v 0.672985 13.758607 2.241116
v 0.648399 13.766468 1.911255
v 0.608865 13.619596 2.065579
v 0.598142 13.755282 2.242956
v 0.580231 13.770576 1.912505
v 0.230321 13.616521 2.067190
v 0.239772 13.757395 2.243812
v 0.227532 13.774146 1.913149
v 0.127813 13.653877 2.067191
v 0.170222 13.773233 2.244386
v 0.167248 13.783937 1.913883
v 0.161642 14.320128 2.460786
v 0.685973 14.324957 2.460763
v 0.161642 14.302618 -1.117964
v 0.685973 14.307447 -1.117988
v 0.166535 13.771137 -1.115364
v 0.690867 13.775964 -1.115387
v 0.166535 13.788648 2.463387
v 0.690867 13.793474 2.463363
v 0.034663 14.036002 -0.729684
v 0.105515 14.021816 -0.546798
v 0.110687 14.045974 -0.875349
v 0.089686 14.398462 -0.704345
v 0.145987 14.303328 -0.527134
v 0.147069 14.304726 -0.857281
v 0.244958 14.485809 -0.701227
v 0.248279 14.342570 -0.526434
v 0.234465 14.330448 -0.857264
v 0.620587 14.480848 -0.702812
v 0.623907 14.337609 -0.528019
v 0.610094 14.325486 -0.858845
v 0.751270 14.362594 -0.714377
v 0.723220 14.240048 -0.537378
v 0.700587 14.233746 -0.867583
v 0.793853 13.852224 -0.753056
v 0.741663 13.884483 -0.564080
v 0.712244 13.921698 -0.890923
v 0.705138 13.655695 -0.765684
v 0.671168 13.740248 -0.573232
v 0.646871 13.792163 -0.899098
v 0.606374 13.626259 -0.765734
v 0.596306 13.737144 -0.571848
v 0.578728 13.796465 -0.897310
v 0.227816 13.625209 -0.764532
v 0.237953 13.741218 -0.570704
v 0.226055 13.801978 -0.896180
v 0.125527 13.662829 -0.759545
v 0.168496 13.757244 -0.568021
v 0.165828 13.811935 -0.894146
v -0.545759 16.003334 4.976021
v -0.440717 16.003334 4.863494
v -0.549503 16.112185 4.867236
v -0.593893 16.112185 3.577222
v -0.485108 16.003334 3.573478
v -0.597636 16.003334 3.468438
v -1.856358 16.003334 5.021119
v -1.860101 16.112185 4.912335
v -1.968883 16.003334 4.916079
v -2.013274 16.003334 3.626063
v -1.904491 16.112185 3.622321
v -1.908234 16.003334 3.513537
v -0.520464 6.866950 4.800743
v -0.560352 6.866950 3.641562
v -0.661466 6.866950 3.547176
v -1.839140 6.866950 3.587699
v -1.933528 6.866950 3.688816
v -1.893641 6.866950 4.847995
v -1.792527 6.866950 4.942382
v -0.614851 6.866950 4.901858
v -0.655315 4.102882 4.805229
v -0.563333 4.194920 4.802064
v -0.652149 4.194920 4.897210
v -0.696014 4.194920 3.622472
v -0.600866 4.194920 3.711288
v -0.692849 4.102882 3.714453
v -0.652149 21.114494 4.897210
v -0.563333 21.114494 4.802064
v -0.655315 21.206532 4.805229
v -0.692849 21.206532 3.714453
v -0.600866 21.114494 3.711288
v -0.696014 21.114494 3.622472
v -1.760329 21.114494 4.935346
v -1.763492 21.206532 4.843362
v -1.855474 21.114494 4.846527
v -1.893008 21.114494 3.755751
v -1.801027 21.206532 3.752588
v -1.804193 21.114494 3.660604
v -1.760329 4.194920 4.935346
v -1.855474 4.194920 4.846527
v -1.763492 4.102882 4.843362
v -1.801027 4.102882 3.752588
v -1.893008 4.194920 3.755751
v -1.804193 4.194920 3.660604
v -0.630761 13.389211 4.749004
v -0.664488 13.389211 3.768859
v -0.749986 13.389211 3.689047
v -1.745771 13.389211 3.723312
v -1.825581 13.389211 3.808810
v -1.791853 13.389211 4.788958
v -1.706355 13.389211 4.868768
v -0.710569 13.389211 4.834503
v 0.034769 6.537662 2.043798
v 0.105696 6.564513 2.225228
v 0.110739 6.515737 1.899419
v 0.087673 6.897109 1.988607
v 0.144522 6.843668 2.182351
v 0.145609 6.772316 1.860003
v 0.242432 6.983882 1.972215
v 0.246582 6.882685 2.174262
v 0.232853 6.797909 1.854245
v 0.618083 6.980838 1.971294
v 0.622233 6.879641 2.173340
v 0.608504 6.794865 1.853328
v 0.749456 6.863688 1.985897
v 0.722115 6.782983 2.185577
v 0.699533 6.703971 1.864898
v 0.795021 6.357586 2.060533
v 0.742636 6.430380 2.237827
v 0.713013 6.394518 1.910852
v 0.707456 6.162600 2.091614
v 0.672985 6.287271 2.260758
v 0.648399 6.265993 1.931491
v 0.608865 6.133312 2.098173
v 0.598142 6.284122 2.262885
v 0.580231 6.270195 1.932373
v 0.230321 6.130392 2.100049
v 0.239772 6.286302 2.263551
v 0.227532 6.273808 1.932700
v 0.127813 6.167603 2.096754
v 0.170222 6.302130 2.262725
v 0.167248 6.283625 1.932567
v 0.161642 6.865987 2.430020
v 0.685973 6.870795 2.429571
v 0.161642 6.532737 -1.133224
v 0.685973 6.537545 -1.133674
v 0.166535 6.003559 -1.083733
v 0.690867 6.008365 -1.084182
v 0.166535 6.336810 2.479511
v 0.690867 6.341615 2.479062
v 0.034663 6.301425 -0.722931
v 0.105515 6.303433 -0.539506
v 0.110687 6.298504 -0.868907
v 0.089686 6.664707 -0.729676
v 0.145987 6.585581 -0.544762
v 0.147069 6.557840 -0.873744
v 0.244958 6.751988 -0.734279
v 0.248279 6.624733 -0.547527
v 0.234465 6.583464 -0.875996
v 0.620587 6.746907 -0.735419
v 0.623907 6.619652 -0.548668
v 0.610094 6.578382 -0.877133
v 0.751270 6.628093 -0.736504
v 0.723220 6.521646 -0.549381
v 0.700587 6.486228 -0.877742
v 0.793853 6.116302 -0.729994
v 0.741663 6.165111 -0.544602
v 0.712244 6.173338 -0.873453
v 0.705138 5.919425 -0.725230
v 0.671168 6.020630 -0.540990
v 0.646871 6.043587 -0.870166
v 0.606374 5.890099 -0.722682
v 0.596306 6.017662 -0.539338
v 0.578728 6.048030 -0.868765
v 0.227816 5.889159 -0.721392
v 0.237953 6.021819 -0.538557
v 0.226055 6.053621 -0.868126
v 0.125527 5.927073 -0.719744
v 0.168496 6.038021 -0.537299
v 0.165828 6.063719 -0.866979
v -0.686801 4.481822 -2.686264
v -0.612035 4.398045 -2.709578
v -0.689466 4.423384 -2.789843
v -0.721062 3.462960 -3.057112
v -0.643632 3.437621 -2.976847
v -0.723726 3.359417 -2.998610
v -1.619658 4.515399 -2.676920
v -1.622322 4.456960 -2.780500
v -1.699751 4.437195 -2.698683
v -1.731348 3.476771 -2.965952
v -1.653918 3.496536 -3.047770
v -1.656583 3.392993 -2.989265
v -0.668797 2.458424 4.079512
v -0.697188 1.595407 3.839350
v -0.769159 1.525134 3.819796
v -1.607403 1.555305 3.828190
v -1.674586 1.630587 3.849140
v -1.646195 2.493603 4.089302
v -1.574224 2.563875 4.108856
v -0.735980 2.533705 4.100462
v 0.034769 10.232754 2.047217
v 0.105696 10.244632 2.230238
v 0.110739 10.222745 1.901526
v 0.087673 10.595516 2.021696
v 0.144522 10.526363 2.210403
v 0.145609 10.481692 1.883289
v 0.242432 10.683342 2.012477
v 0.246582 10.565912 2.205542
v 0.232853 10.507671 1.879650
v 0.618083 10.680384 2.011309
v 0.622233 10.562954 2.204374
v 0.608504 10.504713 1.878486
v 0.749456 10.562430 2.016254
v 0.722115 10.465618 2.208641
v 0.699533 10.413176 1.882562
v 0.795021 10.051911 2.049124
v 0.742636 10.109918 2.231792
v 0.713013 10.100997 1.902977
v 0.707456 9.855032 2.064108
v 0.672985 9.965410 2.242907
v 0.648399 9.971212 1.913004
v 0.608865 9.825306 2.068242
v 0.598142 9.962097 2.244769
v 0.580231 9.975327 1.914228
v 0.230321 9.822241 2.069872
v 0.239772 9.964214 2.245611
v 0.227532 9.978901 1.914850
v 0.127813 9.859596 2.069641
v 0.170222 9.980057 2.246087
v 0.167248 9.988696 1.915523
v 0.161642 10.528292 2.459069
v 0.685973 10.533120 2.459015
v 0.161642 10.488442 -1.119503
v 0.685973 10.493271 -1.119557
v 0.166535 9.956988 -1.113585
v 0.690867 9.961815 -1.113639
v 0.166535 9.996838 2.464987
v 0.690867 10.001664 2.464933
v 0.034663 10.224256 -0.729566
v 0.105515 10.211211 -0.546595
v 0.110687 10.233318 -0.875290
v 0.089686 10.586866 -0.706490
v 0.145987 10.492840 -0.528689
v 0.147069 10.492177 -0.858838
v 0.244958 10.674232 -0.703918
v 0.248279 10.532086 -0.528234
v 0.234465 10.517899 -0.858981
v 0.620587 10.669260 -0.705471
v 0.623907 10.527116 -0.529788
v 0.610094 10.512928 -0.860531
v 0.751270 10.550936 -0.716298
v 0.723220 10.429499 -0.538537
v 0.700587 10.421134 -0.868697
v 0.793853 10.040335 -0.751791
v 0.741663 10.073773 -0.563019
v 0.712244 10.108947 -0.890088
v 0.705138 9.843731 -0.763192
v 0.671168 9.929483 -0.571271
v 0.646871 9.979363 -0.897455
v 0.606374 9.814295 -0.763058
v 0.596306 9.926389 -0.569867
v 0.578728 9.983677 -0.895693
v 0.227816 9.813252 -0.761849
v 0.237953 9.930469 -0.568749
v 0.226055 9.989197 -0.894598
v 0.125527 9.850904 -0.757097
v 0.168496 9.946512 -0.566166
v 0.165828 9.999166 -0.892626
v -0.686801 13.768068 -3.024748
v -0.612035 13.681549 -3.033495
v -0.689466 13.692888 -3.116898
v -0.721062 12.701027 -3.217178
v -0.643632 12.689687 -3.133776
v -0.723726 12.608923 -3.141941
v -1.619658 13.802744 -3.021242
v -1.622322 13.727564 -3.113392
v -1.699751 13.721981 -3.029408
v -1.731348 12.730118 -3.129690
v -1.653918 12.735703 -3.213675
v -1.656583 12.643599 -3.138435
v -0.668797 12.923065 3.986376
v -0.697188 12.031798 3.896263
v -0.769159 11.959226 3.888926
v -1.607403 11.990384 3.892076
v -1.674586 12.068130 3.899939
v -1.646195 12.959395 3.990047
v -1.574224 13.031968 3.997385
v -0.735980 13.000810 3.994236
v 0.495535 12.262428 -0.604430
v 0.642937 12.222845 -0.696945
v 0.404184 12.211056 -0.739096
v 0.551586 12.171474 -0.831612
v 0.494323 10.497162 -0.593397
v 0.641724 10.457580 -0.685911
v 0.550373 10.406211 -0.820578
v 0.402972 10.445794 -0.728064
v 0.496283 14.122150 -0.599787
v 0.639666 14.081329 -0.688753
v 0.407422 14.068805 -0.729445
v 0.550805 14.027987 -0.818411
v 0.495103 12.405861 -0.544611
v 0.638486 12.365041 -0.633576
v 0.549626 12.311698 -0.763234
v 0.406243 12.352519 -0.674268
v 0.495535 8.012167 -0.602292
v 0.642937 7.980365 -0.694896
v 0.404184 7.970861 -0.737073
v 0.551586 7.939062 -0.829677
v 0.494323 6.603501 -0.595332
v 0.641724 6.571701 -0.687935
v 0.550373 6.530398 -0.822716
v 0.402972 6.562199 -0.730113
v -0.686801 8.293671 -3.133917
v -0.612035 8.207305 -3.123764
v -0.689466 8.200358 -3.207647
v -0.721062 7.210255 -3.091274
v -0.643632 7.217201 -3.007391
v -0.723726 7.136581 -2.997915
v -1.619658 8.328284 -3.137985
v -1.622322 8.234972 -3.211716
v -1.699751 8.247664 -3.128508
v -1.731348 7.257561 -3.012136
v -1.653918 7.244868 -3.095343
v -1.656583 7.171195 -3.001984
v -0.668797 8.983338 3.894186
v -0.697188 8.093653 3.998756
v -0.769159 8.021208 4.007273
v -1.607403 8.052311 4.003616
v -1.674586 8.129919 3.994495
v -1.646195 9.019605 3.889925
v -1.574224 9.092048 3.881409
v -0.735980 9.060946 3.885065
v 0.034769 17.215637 2.043312
v 0.105696 17.215530 2.226718
v 0.110739 17.215170 1.897279
v 0.087673 17.579292 2.041551
v 0.144522 17.497955 2.225336
v 0.145609 17.474756 1.896002
v 0.242432 17.667532 2.038090
v 0.246582 17.537739 2.223069
v 0.232853 17.500917 1.894068
v 0.618083 17.664656 2.036732
v 0.622233 17.534863 2.221710
v 0.608504 17.498041 1.892713
v 0.749456 17.546633 2.033958
v 0.722115 17.437456 2.219608
v 0.699533 17.406433 1.890799
v 0.795021 17.035057 2.033398
v 0.742636 17.081001 2.219466
v 0.713013 17.093588 1.890771
v 0.707456 16.837620 2.035484
v 0.672985 16.936077 2.221115
v 0.648399 16.963425 1.892296
v 0.608865 16.807686 2.037667
v 0.598142 16.932650 2.222756
v 0.580231 16.967451 1.893786
v 0.230321 16.804522 2.039094
v 0.239772 16.934708 2.223735
v 0.227532 16.970978 1.894640
v 0.127813 16.841812 2.041303
v 0.170222 16.950485 2.225244
v 0.167248 16.980707 1.895951
v 0.161642 17.483631 2.473596
v 0.685973 17.488453 2.473858
v 0.161642 17.677711 -1.099931
v 0.685973 17.682533 -1.099669
v 0.166535 17.147007 -1.128754
v 0.690867 17.151827 -1.128492
v 0.166535 16.952927 2.444773
v 0.690867 16.957745 2.445035
v 0.034663 17.388609 -0.728091
v 0.105515 17.363636 -0.546364
v 0.110687 17.407175 -0.872912
v 0.089686 17.748938 -0.681369
v 0.145987 17.643492 -0.510093
v 0.147069 17.664406 -0.839579
v 0.244958 17.835947 -0.673093
v 0.248279 17.682627 -0.507074
v 0.234465 17.690083 -0.838041
v 0.620587 17.831089 -0.674968
v 0.623907 17.677767 -0.508949
v 0.610094 17.685223 -0.839913
v 0.751270 17.713724 -0.693504
v 0.723220 17.580931 -0.524059
v 0.700587 17.594158 -0.854059
v 0.793853 17.206533 -0.762287
v 0.741663 17.227566 -0.571734
v 0.712244 17.284037 -0.895805
v 0.705138 17.011095 -0.786511
v 0.671168 17.084124 -0.589396
v 0.646871 17.155212 -0.911623
v 0.606374 16.981714 -0.788301
v 0.596306 17.080944 -0.588198
v 0.578728 17.159401 -0.909584
v 0.227816 16.980595 -0.787162
v 0.237953 17.084942 -0.586815
v 0.226055 17.164837 -0.908131
v 0.125527 17.017855 -0.779960
v 0.168496 17.100782 -0.583190
v 0.165828 17.174656 -0.905512
v 0.034769 8.016582 2.047217
v 0.105696 8.028461 2.230238
v 0.110739 8.006574 1.901526
v 0.087673 8.379345 2.021696
v 0.144522 8.310192 2.210403
v 0.145609 8.265521 1.883289
v 0.242432 8.467171 2.012477
v 0.246582 8.349741 2.205542
v 0.232853 8.291500 1.879650
v 0.618083 8.464212 2.011309
v 0.622233 8.346783 2.204374
v 0.608504 8.288542 1.878486
v 0.749456 8.346259 2.016254
v 0.722115 8.249447 2.208641
v 0.699533 8.197004 1.882562
v 0.795021 7.835740 2.049124
v 0.742636 7.893746 2.231792
v 0.713013 7.884826 1.902977
v 0.707456 7.638861 2.064108
v 0.672985 7.749239 2.242907
v 0.648399 7.755041 1.913004
v 0.608865 7.609134 2.068242
v 0.598142 7.745926 2.244769
v 0.580231 7.759156 1.914228
v 0.230321 7.606070 2.069872
v 0.239772 7.748043 2.245611
v 0.227532 7.762730 1.914850
v 0.127813 7.643425 2.069641
v 0.170222 7.763885 2.246087
v 0.167248 7.772525 1.915523
v 0.161642 8.312120 2.459069
v 0.685973 8.316949 2.459015
v 0.161642 8.272271 -1.119503
v 0.685973 8.277100 -1.119557
v 0.166535 7.740817 -1.113585
v 0.690867 7.745643 -1.113639
v 0.166535 7.780666 2.464987
v 0.690867 7.785493 2.464933
v 0.034663 8.008084 -0.729566
v 0.105515 7.995040 -0.546595
v 0.110687 8.017147 -0.875290
v 0.089686 8.370695 -0.706490
v 0.145987 8.276669 -0.528689
v 0.147069 8.276006 -0.858838
v 0.244958 8.458060 -0.703918
v 0.248279 8.315915 -0.528234
v 0.234465 8.301727 -0.858981
v 0.620587 8.453089 -0.705471
v 0.623907 8.310945 -0.529788
v 0.610094 8.296757 -0.860531
v 0.751270 8.334764 -0.716298
v 0.723220 8.213327 -0.538537
v 0.700587 8.204963 -0.868697
v 0.793853 7.824164 -0.751791
v 0.741663 7.857602 -0.563019
v 0.712244 7.892776 -0.890088
v 0.705138 7.627560 -0.763192
v 0.671168 7.713312 -0.571271
v 0.646871 7.763192 -0.897455
v 0.606374 7.598124 -0.763058
v 0.596306 7.710217 -0.569867
v 0.578728 7.767506 -0.895693
v 0.227816 7.597081 -0.761849
v 0.237953 7.714297 -0.568749
v 0.226055 7.773026 -0.894598
v 0.125527 7.634732 -0.757097
v 0.168496 7.730341 -0.566166
v 0.165828 7.782995 -0.892626
v 0.034769 4.778682 2.043443
v 0.105696 4.778808 2.226849
v 0.110739 4.778031 1.897411
v 0.087673 5.142335 2.041222
v 0.144522 5.061231 2.225110
v 0.145609 5.037615 1.895805
v 0.242432 5.230571 2.037650
v 0.246582 5.101010 2.222793
v 0.232853 5.063774 1.893839
v 0.618083 5.227693 2.036295
v 0.622233 5.098133 2.221437
v 0.608504 5.060896 1.892487
v 0.749456 5.109666 2.033671
v 0.722115 5.000724 2.219458
v 0.699533 4.969286 1.890689
v 0.795021 4.598090 2.033758
v 0.742636 4.644270 2.219768
v 0.713013 4.656440 1.891057
v 0.707456 4.400655 2.036094
v 0.672985 4.499348 2.221600
v 0.648399 4.526279 1.892746
v 0.608865 4.370725 2.038314
v 0.598142 4.495923 2.223245
v 0.580231 4.530308 1.894231
v 0.230321 4.367562 2.039745
v 0.239772 4.497982 2.224221
v 0.227532 4.533834 1.895081
v 0.127813 4.404856 2.041908
v 0.170222 4.513761 2.225711
v 0.167248 4.543566 1.896380
v 0.161642 5.047221 2.473388
v 0.685973 5.052042 2.473644
v 0.161642 5.236780 -1.100382
v 0.685973 5.241602 -1.100126
v 0.166535 4.706038 -1.128534
v 0.690867 4.710858 -1.128278
v 0.166535 4.516479 2.445237
v 0.690867 4.521299 2.445492
v 0.034663 4.948147 -0.728176
v 0.105515 4.923404 -0.546417
v 0.110687 4.966530 -0.873020
v 0.089686 5.308534 -0.681911
v 0.145987 5.203306 -0.510501
v 0.147069 5.223802 -0.840014
v 0.244958 5.395555 -0.673745
v 0.248279 5.242444 -0.507531
v 0.234465 5.249480 -0.838508
v 0.620587 5.390694 -0.675614
v 0.623907 5.237583 -0.509401
v 0.610094 5.244619 -0.840373
v 0.751270 5.273306 -0.694001
v 0.723220 5.140727 -0.524388
v 0.700587 5.153537 -0.854405
v 0.793853 4.766029 -0.762142
v 0.741663 4.787301 -0.571616
v 0.712244 4.843362 -0.895758
v 0.705138 4.570560 -0.786118
v 0.671168 4.643837 -0.589097
v 0.646871 4.714518 -0.911413
v 0.606374 4.541176 -0.787871
v 0.596306 4.640659 -0.587894
v 0.578728 4.718709 -0.909379
v 0.227816 4.540058 -0.786731
v 0.237953 4.644659 -0.586517
v 0.226055 4.724147 -0.907933
v 0.125527 4.577327 -0.779576
v 0.168496 4.660504 -0.582911
v 0.165828 4.733970 -0.905326
v 0.495535 9.990482 -0.604430
v 0.642937 9.950898 -0.696945
v 0.404184 9.939110 -0.739096
v 0.551586 9.899529 -0.831612
v 0.494323 8.225216 -0.593397
v 0.641724 8.185634 -0.685911
v 0.550373 8.134264 -0.820578
v 0.402972 8.173848 -0.728064
v -1.191083 25.402042 -3.125616
v -1.116317 25.315086 -3.124826
v -1.193748 25.317217 -3.208971
v -1.225343 24.320339 -3.199930
v -1.147913 24.318209 -3.115788
v -1.228008 24.237036 -3.115051
v -2.123940 25.436893 -3.125933
v -2.126604 25.352068 -3.209286
v -2.204033 25.355722 -3.125195
v -2.235629 24.358845 -3.116158
v -2.158199 24.355188 -3.200247
v -2.160864 24.271887 -3.115368
v -1.173079 25.330608 3.935883
v -1.201470 24.434835 3.944004
v -1.273441 24.361897 3.944666
v -2.111685 24.393211 3.944382
v -2.178868 24.471350 3.943674
v -2.150476 25.367123 3.935553
v -2.078506 25.440063 3.934891
v -1.240262 25.408747 3.935175
v -1.292690 13.283634 4.830585
v -1.309204 13.200121 4.907434
v -1.190274 13.182333 4.836128
v -1.337298 12.195759 4.829912
v -1.456230 12.213547 4.901218
v -1.464511 12.130669 4.823320
v -1.243104 13.287466 3.898403
v -1.140688 13.186165 3.903948
v -1.251390 13.204590 3.820507
v -1.398411 12.218015 3.814289
v -1.287710 12.199591 3.897734
v -1.414926 12.134501 3.891138
v -10.950708 14.669994 4.342657
v -11.082819 13.783480 4.337069
v -11.090262 13.709007 4.267073
v -11.045705 13.712450 3.429436
v -11.030867 13.787495 3.360378
v -10.898756 14.674007 3.365965
v -10.891312 14.748480 3.435963
v -10.935869 14.745037 4.273602
v -1.288054 25.636751 -3.003593
v -1.285721 25.549797 -2.928848
v -1.170272 25.553726 -3.007599
v -1.153653 24.556883 -3.039387
v -1.269102 24.552954 -2.960636
v -1.268631 24.471785 -3.040741
v -1.299278 25.671600 -3.936380
v -1.181497 25.588575 -3.940386
v -1.298811 25.590433 -4.016485
v -1.282188 24.593588 -4.048273
v -1.164875 24.591732 -3.972174
v -1.279856 24.506634 -3.973532
v -11.053873 25.414387 -2.874287
v -11.038937 24.518642 -2.902851
v -11.038515 24.445705 -2.974829
v -11.048600 24.477020 -3.813013
v -11.050698 24.555157 -3.880178
v -11.065634 25.450897 -3.851614
v -11.066054 25.523834 -3.779633
v -11.055968 25.492519 -2.941450
v -10.074236 25.636751 -3.113268
v -9.999470 25.549797 -3.114338
v -10.076900 25.553726 -3.198416
v -10.108496 24.556883 -3.210688
v -10.031066 24.552954 -3.126610
v -10.111160 24.471785 -3.127609
v -11.007092 25.671600 -3.112839
v -11.009756 25.588575 -3.197987
v -11.087185 25.590433 -3.113836
v -11.118782 24.593588 -3.126110
v -11.041352 24.591732 -3.210260
v -11.044017 24.506634 -3.127180
v -10.056231 25.414387 3.945091
v -10.084623 24.518642 3.934063
v -10.156593 24.445705 3.933165
v -10.994838 24.477020 3.933550
v -11.062021 24.555157 3.934513
v -11.033629 25.450897 3.945541
v -10.961658 25.523834 3.946438
v -10.123414 25.492519 3.946053
v -1.309859 25.636751 4.736729
v -1.310608 25.549797 4.811506
v -1.192013 25.553726 4.737577
v -1.174098 24.556883 4.706503
v -1.292694 24.552954 4.780430
v -1.288924 24.471785 4.700413
v -1.282648 25.671600 3.804270
v -1.164802 25.588575 3.805119
v -1.278882 25.590433 3.724253
v -1.260963 24.593588 3.693176
v -1.146884 24.591732 3.774042
v -1.261712 24.506634 3.767952
v -11.072716 25.414387 4.463615
v -11.056616 24.518642 4.435692
v -11.053228 24.445705 4.363791
v -11.028776 24.477020 3.525902
v -11.028105 24.555157 3.458710
v -11.044205 25.450897 3.486633
v -11.047590 25.523834 3.558535
v -11.072042 25.492519 4.396423
v 0.495535 12.262428 2.135357
v 0.642937 12.222845 2.042842
v 0.404184 12.211056 2.000690
v 0.551586 12.171474 1.908175
v 0.494323 10.497162 2.146389
v 0.641724 10.457580 2.053875
v 0.550373 10.406211 1.919209
v 0.402972 10.445794 2.011723
v 0.495535 9.990482 2.135357
v 0.642937 9.950898 2.042842
v 0.404184 9.939110 2.000690
v 0.551586 9.899529 1.908175
v 0.494323 8.225216 2.146389
v 0.641724 8.185634 2.053875
v 0.550373 8.134264 1.919209
v 0.402972 8.173848 2.011723
v -9.854294 9.192774 5.024088
v -9.737276 9.192774 4.898727
v -9.858465 9.328510 4.902899
v -9.907917 9.328510 3.465784
v -9.786728 9.192774 3.461612
v -9.912087 9.192774 3.344595
v -11.314342 9.192774 5.074327
v -11.318511 9.328510 4.953138
v -11.439698 9.192774 4.957310
v -11.489150 9.192774 3.520193
v -11.367964 9.328510 3.516023
v -11.372133 9.192774 3.394834
v -9.826117 -2.200197 4.828823
v -9.870552 -2.200197 3.537460
v -9.983196 -2.200197 3.432310
v -11.295162 -2.200197 3.477455
v -11.400311 -2.200197 3.590101
v -11.355876 -2.200197 4.881462
v -11.243232 -2.200197 4.986612
v -9.931267 -2.200197 4.941467
v -10.118453 10.722965 4.752748
v -10.038535 10.802931 4.749999
v -10.115703 10.802931 4.832668
v -10.153815 10.802931 3.725120
v -10.071146 10.802931 3.802289
v -10.151064 10.722965 3.805038
v -10.115703 25.503357 4.832668
v -10.038535 25.503357 4.749999
v -10.118453 25.583323 4.752748
v -10.151064 25.583323 3.805038
v -10.071146 25.503357 3.802289
v -10.153815 25.503357 3.725120
v -11.078535 25.503357 4.865799
v -11.081285 25.583323 4.785881
v -11.161202 25.503357 4.788630
v -11.193813 25.503357 3.840921
v -11.113896 25.583323 3.838169
v -11.116647 25.503357 3.758251
v -11.078535 10.802931 4.865799
v -11.161202 10.802931 4.788630
v -11.081285 10.722965 4.785881
v -11.113896 10.722965 3.838169
v -11.193813 10.802931 3.840921
v -11.116647 10.802931 3.758251
v -10.097121 18.791311 4.703900
v -10.126425 18.791311 3.852307
v -10.200708 18.791311 3.782966
v -11.065887 18.791311 3.812736
v -11.135229 18.791311 3.887021
v -11.105926 18.791311 4.738612
v -11.031641 18.791311 4.807953
v -10.166461 18.791311 4.778183
v 0.495535 8.012167 2.137495
v 0.642937 7.980365 2.044891
v 0.404184 7.970861 2.002714
v 0.551586 7.939062 1.910110
v 0.494323 6.603501 2.144455
v 0.641724 6.571701 2.051852
v 0.550373 6.530398 1.917071
v 0.402972 6.562199 2.009674
v -1.311546 9.815980 -2.779627
v -1.315302 9.731514 -2.702137
v -1.195357 9.730835 -2.773958
v -1.196122 8.733348 -2.772844
v -1.316067 8.734027 -2.701025
v -1.312439 8.650261 -2.778326
v -1.267074 9.820193 -3.712065
v -1.150885 9.735048 -3.706396
v -1.263450 9.736427 -3.789366
v -1.264211 8.738940 -3.788252
v -1.151647 8.737560 -3.705282
v -1.267967 8.654474 -3.710764
v -11.070466 9.767569 -3.225189
v -11.071151 8.871248 -3.224188
v -11.067892 8.795977 -3.293646
v -11.027929 8.799763 -4.131514
v -11.024556 8.875664 -4.201147
v -11.023871 9.771982 -4.202147
v -11.027128 9.847254 -4.132685
v -11.067091 9.843468 -3.294817
v -10.074236 19.624346 -3.113268
v -9.999470 19.537392 -3.114338
v -10.076900 19.541321 -3.198416
v -10.108496 18.544477 -3.210688
v -10.031066 18.540548 -3.126610
v -10.111160 18.459379 -3.127609
v -11.007092 19.659195 -3.112839
v -11.009756 19.576170 -3.197987
v -11.087185 19.578026 -3.113836
v -11.118782 18.581184 -3.126110
v -11.041352 18.579327 -3.210260
v -11.044017 18.494228 -3.127180
v -10.056231 19.401981 3.945091
v -10.084623 18.506237 3.934063
v -10.156593 18.433300 3.933165
v -10.994838 18.464615 3.933550
v -11.062021 18.542751 3.934513
v -11.033629 19.438492 3.945541
v -10.961658 19.511429 3.946438
v -10.123414 19.480114 3.946053
v -1.309859 19.624346 4.736729
v -1.310608 19.537392 4.811506
v -1.192013 19.541321 4.737577
v -1.174098 18.544477 4.706503
v -1.292694 18.540548 4.780430
v -1.288924 18.459379 4.700413
v -1.282648 19.659195 3.804270
v -1.164802 19.576170 3.805119
v -1.278882 19.578026 3.724253
v -1.260963 18.581184 3.693176
v -1.146884 18.579327 3.774042
v -1.261712 18.494228 3.767952
v -11.072716 19.401981 4.463615
v -11.056616 18.506237 4.435692
v -11.053228 18.433300 4.363791
v -11.028776 18.464615 3.525902
v -11.028105 18.542751 3.458710
v -11.044205 19.438492 3.486633
v -11.047590 19.511429 3.558535
v -11.072042 19.480114 4.396423
v -1.427495 14.670648 -2.807287
v -1.419041 14.587036 -2.729242
v -1.300485 14.602688 -2.801666
v -1.161259 13.614992 -2.794201
v -1.279814 13.599339 -2.721779
v -1.264788 13.516371 -2.798563
v -1.387918 14.674519 -3.739946
v -1.260907 14.606560 -3.734325
v -1.372895 14.591550 -3.816729
v -1.233665 13.603854 -3.809265
v -1.121677 13.618864 -3.726862
v -1.225210 13.520242 -3.731222
v -11.084815 13.250418 -3.202896
v -10.959707 12.362895 -3.196190
v -10.946206 12.288341 -3.265184
v -10.910641 12.291819 -4.103251
v -10.918241 12.366951 -4.173384
v -11.043348 13.254473 -4.180090
v -11.056849 13.329027 -4.111090
v -11.092413 13.325548 -3.273024
v -1.492754 10.727974 4.767586
v -1.479920 10.645096 4.845814
v -1.362435 10.666594 4.773148
v -1.173008 9.687304 4.782730
v -1.290494 9.665806 4.855396
v -1.271381 9.583521 4.778784
v -1.454931 10.731550 3.834852
v -1.324612 10.670171 3.840414
v -1.435821 10.649267 3.758242
v -1.246391 9.669977 3.767822
v -1.135182 9.690882 3.849997
v -1.233558 9.587098 3.846050
v -11.065706 8.816159 4.392160
v -10.895490 7.936191 4.400770
v -10.878315 7.862251 4.331930
v -10.844327 7.865465 3.493795
v -10.855862 7.939939 3.423500
v -11.026078 8.819906 3.414892
v -11.043251 8.893847 3.483734
v -11.077239 8.890632 4.321867
v -1.345580 5.003569 -2.789968
v -1.344548 4.919231 -2.712255
v -1.224872 4.924962 -2.784298
v -1.170739 3.928951 -2.780617
v -1.290414 3.923220 -2.708572
v -1.282318 3.839574 -2.785666
v -1.303028 5.007730 -3.722496
v -1.182319 4.929123 -3.716825
v -1.294934 4.924085 -3.799587
v -1.240796 3.928073 -3.795906
v -1.128182 3.933112 -3.713144
v -1.239764 3.843735 -3.718193
v -11.087807 4.417019 -3.217039
v -11.039161 3.522024 -3.213730
v -11.031885 3.446861 -3.283003
v -10.993647 3.450600 -4.120951
v -10.994576 3.526385 -4.190786
v -11.043222 4.421378 -4.194094
v -11.050496 4.496541 -4.124819
v -11.088734 4.492802 -3.286869
v 0.496283 15.948853 2.144887
v 0.639666 15.908514 2.055703
v 0.407422 15.896210 2.014944
v 0.550805 15.855871 1.925758
v 0.495103 14.232290 2.190794
v 0.638486 14.191952 2.101609
v 0.549626 14.139310 1.971665
v 0.406243 14.179650 2.060850
v 0.496283 17.513191 2.148674
v 0.639666 17.477783 2.059332
v 0.407422 17.466927 2.018527
v 0.550805 17.431520 1.929184
v 0.495103 16.022617 2.187368
v 0.638486 15.987210 2.098026
v 0.549626 15.940948 1.967878
v 0.406243 15.976357 2.057220
v 0.496283 14.122150 2.140000
v 0.639666 14.081329 2.051034
v 0.407422 14.068805 2.010342
v 0.550805 14.027987 1.921376
v 0.495103 12.405861 2.195176
v 0.638486 12.365041 2.106211
v 0.549626 12.311698 1.976553
v 0.406243 12.352519 2.065518
v -6.060877 25.601068 5.565629
v -6.075210 25.086771 5.564422
v -5.611135 25.613779 -5.210539
v -5.625470 25.099478 -5.211743
v -7.646694 25.670706 -5.295428
v -7.661026 25.156408 -5.296631
v -8.096433 25.657997 5.480742
v -8.110765 25.143696 5.479538
v -10.371249 25.621037 -4.769857
v -10.357471 25.126921 -4.773270
v -9.598132 25.571175 5.563667
v -9.584352 25.077057 5.560253
v -7.646169 25.626610 5.417894
v -7.632391 25.132492 5.414479
v -8.419288 25.676474 -4.915628
v -8.405511 25.182354 -4.919044
v -11.686563 25.304802 5.805829
v -11.672972 25.798897 5.799701
v -12.142000 25.188976 -4.546035
v -12.128406 25.683075 -4.552161
v -10.186450 25.134127 -4.631457
v -10.172859 25.628220 -4.637584
v -9.731013 25.249947 5.720405
v -9.717422 25.744045 5.714279
v -3.474540 25.245880 -4.692325
v -3.488446 25.740004 -4.693907
v -3.988044 25.264618 5.657451
v -4.001953 25.758739 5.655865
v -5.943047 25.209295 5.560554
v -5.956952 25.703415 5.558970
v -5.429539 25.190554 -4.789222
v -5.443446 25.684677 -4.790805
v -1.453775 25.310730 5.350918
v -1.440273 25.784355 5.345369
v -1.642269 25.199757 -4.580145
v -1.628764 25.673386 -4.585693
v 0.233738 25.145870 -4.615150
v 0.247239 25.619501 -4.620700
v 0.422230 25.256842 5.315911
v 0.435731 25.730473 5.310364
v -3.657443 25.621037 -4.807085
v -3.643462 25.126921 -4.809533
v -3.602808 25.571175 5.555172
v -3.588826 25.077057 5.552723
v -1.645437 25.626610 5.545119
v -1.631456 25.132492 5.542672
v -1.700074 25.676474 -4.817140
v -1.686091 25.182354 -4.819591
v -1.984698 9.192774 -4.296185
v -2.101716 9.192774 -4.170824
v -1.980527 9.328510 -4.174995
v -1.931075 9.328510 -2.737880
v -2.052264 9.192774 -2.733709
v -1.926905 9.192774 -2.616691
v -0.524651 9.192774 -4.346424
v -0.520482 9.328510 -4.225235
v -0.399294 9.192774 -4.229406
v -0.349843 9.192774 -2.792289
v -0.471029 9.328510 -2.788120
v -0.466859 9.192774 -2.666931
v -2.012877 -2.200197 -4.100920
v -1.968440 -2.200197 -2.809557
v -1.855796 -2.200197 -2.704406
v -0.543830 -2.200197 -2.749552
v -0.438681 -2.200197 -2.862198
v -0.483117 -2.200197 -4.153559
v -0.595761 -2.200197 -4.258709
v -1.907726 -2.200197 -4.213564
v -1.905800 16.003334 -4.248117
v -2.010841 16.003334 -4.135591
v -1.902056 16.112185 -4.139333
v -1.857666 16.112185 -2.849319
v -1.966451 16.003334 -2.845575
v -1.853923 16.003334 -2.740535
v -0.595201 16.003334 -4.293216
v -0.591457 16.112185 -4.184432
v -0.482676 16.003334 -4.188175
v -0.438285 16.003334 -2.898159
v -0.547068 16.112185 -2.894418
v -0.543324 16.003334 -2.785633
v -1.931094 6.866950 -4.072840
v -1.891207 6.866950 -2.913659
v -1.790092 6.866950 -2.819272
v -0.612418 6.866950 -2.859795
v -0.518030 6.866950 -2.960912
v -0.557918 6.866950 -4.120091
v -0.659032 6.866950 -4.214478
v -1.836707 6.866950 -4.173955
v 0.495535 6.392876 2.154764
v 0.642937 6.356820 2.063732
v 0.404184 6.345372 2.022040
v 0.551586 6.309319 1.931008
v 0.494323 4.986043 2.226947
v 0.641724 4.949989 2.135916
v 0.550373 4.902489 2.003192
v 0.402972 4.938544 2.094223
v 0.493334 4.829365 2.177281
v 0.652568 4.796156 2.076859
v 0.394650 4.786409 2.031181
v 0.553884 4.753202 1.930757
v 0.492024 3.307634 2.167423
v 0.651258 3.274426 2.067001
v 0.552574 3.231472 1.920900
v 0.393340 3.264682 2.021322
v -10.074236 9.462370 -3.063274
v -9.999470 9.375618 -3.069283
v -10.076900 9.384316 -3.153002
v -10.108496 8.389781 -3.221893
v -10.031066 8.381082 -3.138176
v -10.111160 8.300100 -3.143785
v -11.007092 9.497139 -3.060865
v -11.009756 9.419086 -3.150593
v -11.087185 9.416158 -3.066475
v -11.118782 8.421622 -3.135368
v -11.041352 8.424549 -3.219488
v -11.044017 8.334869 -3.141376
v -10.056231 8.839311 3.971048
v -10.084623 7.945642 3.909140
v -10.156593 7.872873 3.904100
v -10.994838 7.904116 3.906263
v -11.062021 7.982071 3.911665
v -11.033629 8.875739 3.973570
v -10.961658 8.948507 3.978611
v -10.123414 8.917265 3.976448
v -10.074236 17.578270 -3.113268
v -9.999470 17.491318 -3.114338
v -10.076900 17.495245 -3.198416
v -10.108496 16.498402 -3.210688
v -10.031066 16.494473 -3.126610
v -10.111160 16.413303 -3.127609
v -11.007092 17.613121 -3.112839
v -11.009756 17.530094 -3.197987
v -11.087185 17.531952 -3.113836
v -11.118782 16.535109 -3.126110
v -11.041352 16.533251 -3.210260
v -11.044017 16.448154 -3.127180
v -10.056231 17.355906 3.945091
v -10.084623 16.460163 3.934063
v -10.156593 16.387226 3.933165
v -10.994838 16.418541 3.933550
v -11.062021 16.496677 3.934513
v -11.033629 17.392418 3.945541
v -10.961658 17.465355 3.946438
v -10.123414 17.434040 3.946053
v -1.191083 17.343563 -3.125616
v -1.116317 17.256607 -3.124826
v -1.193748 17.258736 -3.208971
v -1.225343 16.261858 -3.199930
v -1.147913 16.259727 -3.115788
v -1.228008 16.178556 -3.115051
v -2.123940 17.378414 -3.125933
v -2.126604 17.293587 -3.209286
v -2.204033 17.297241 -3.125195
v -2.235629 16.300364 -3.116158
v -2.158199 16.296709 -3.200247
v -2.160864 16.213406 -3.115368
v -1.173079 17.272129 3.935883
v -1.201470 16.376356 3.944004
v -1.273441 16.303415 3.944666
v -2.111685 16.334732 3.944382
v -2.178868 16.412870 3.943674
v -2.150476 17.308643 3.935553
v -2.078506 17.381582 3.934891
v -1.240262 17.350267 3.935175
v -1.288054 17.578270 -3.003593
v -1.285721 17.491318 -2.928848
v -1.170272 17.495245 -3.007599
v -1.153653 16.498402 -3.039387
v -1.269102 16.494473 -2.960636
v -1.268631 16.413303 -3.040741
v -1.299278 17.613121 -3.936380
v -1.181497 17.530094 -3.940386
v -1.298811 17.531952 -4.016485
v -1.282188 16.535109 -4.048273
v -1.164875 16.533251 -3.972174
v -1.279856 16.448154 -3.973532
v -11.053873 17.355906 -2.874287
v -11.038937 16.460163 -2.902851
v -11.038515 16.387226 -2.974829
v -11.048600 16.418541 -3.813013
v -11.050698 16.496677 -3.880178
v -11.065634 17.392418 -3.851614
v -11.066054 17.465355 -3.779633
v -11.055968 17.434040 -2.941450
v -6.060877 17.637165 5.565629
v -6.075210 17.122866 5.564422
v -5.611135 17.649876 -5.210539
v -5.625470 17.135574 -5.211743
v -7.646694 17.706802 -5.295428
v -7.661026 17.192505 -5.296631
v -8.096433 17.694092 5.480742
v -8.110765 17.179792 5.479538
v -10.371249 17.657131 -4.769857
v -10.357471 17.163017 -4.773270
v -9.598132 17.607271 5.563667
v -9.584352 17.113153 5.560253
v -7.646169 17.662706 5.417894
v -7.632391 17.168589 5.414479
v -8.419288 17.712570 -4.915628
v -8.405511 17.218451 -4.919044
v -11.686563 17.340897 5.805829
v -11.672972 17.834993 5.799701
v -12.142000 17.225073 -4.546035
v -12.128406 17.719172 -4.552161
v -10.186450 17.170223 -4.631457
v -10.172859 17.664314 -4.637584
v -9.731013 17.286043 5.720405
v -9.717422 17.780142 5.714279
v -3.474540 17.281977 -4.692325
v -3.488446 17.776100 -4.693907
v -3.988044 17.300713 5.657451
v -4.001953 17.794836 5.655865
v -5.943047 17.245390 5.560554
v -5.956952 17.739511 5.558970
v -5.429539 17.226650 -4.789222
v -5.443446 17.720772 -4.790805
v -1.453775 17.346825 5.350918
v -1.440273 17.820452 5.345369
v -1.642269 17.235853 -4.580145
v -1.628764 17.709480 -4.585693
v 0.233738 17.181967 -4.615150
v 0.247239 17.655598 -4.620700
v 0.422230 17.292938 5.315911
v 0.435731 17.766567 5.310364
v -3.657443 17.657131 -4.807085
v -3.643462 17.163017 -4.809533
v -3.602808 17.607271 5.555172
v -3.588826 17.113153 5.552723
v -1.645437 17.662706 5.545119
v -1.631456 17.168589 5.542672
v -1.700074 17.712570 -4.817140
v -1.686091 17.218451 -4.819591
v -11.293234 16.003334 -4.248117
v -11.398275 16.003334 -4.135591
v -11.289490 16.112185 -4.139333
v -11.245100 16.112185 -2.849319
v -11.353886 16.003334 -2.845575
v -11.241358 16.003334 -2.740535
v -9.982635 16.003334 -4.293216
v -9.978891 16.112185 -4.184432
v -9.870110 16.003334 -4.188175
v -9.825720 16.003334 -2.898159
v -9.934502 16.112185 -2.894418
v -9.930759 16.003334 -2.785633
v -11.318529 6.866950 -4.072840
v -11.278641 6.866950 -2.913659
v -11.177526 6.866950 -2.819272
v -9.999853 6.866950 -2.859795
v -9.905464 6.866950 -2.960912
v -9.945353 6.866950 -4.120091
v -10.046467 6.866950 -4.214478
v -11.224142 6.866950 -4.173955
v 0.496283 15.948853 -0.594899
v 0.639666 15.908514 -0.684084
v 0.407422 15.896210 -0.724843
v 0.550805 15.855871 -0.814029
v 0.495103 14.232290 -0.548993
v 0.638486 14.191952 -0.638177
v 0.549626 14.139310 -0.768122
v 0.406243 14.179650 -0.678937
v 0.496283 17.513191 -0.591112
v 0.639666 17.477783 -0.680455
v 0.407422 17.466927 -0.721260
v 0.550805 17.431520 -0.810603
v 0.495103 16.022617 -0.552419
v 0.638486 15.987210 -0.641761
v 0.549626 15.940948 -0.771909
v 0.406243 15.976357 -0.682567
v 0.495535 6.392876 -0.585023
v 0.642937 6.356820 -0.676054
v 0.404184 6.345372 -0.717747
v 0.551586 6.309319 -0.808779
v 0.494323 4.986043 -0.512840
v 0.641724 4.949989 -0.603870
v 0.550373 4.902489 -0.736595
v 0.402972 4.938544 -0.645563
v -0.466860 9.192774 5.024088
v -0.349843 9.192774 4.898727
v -0.471031 9.328510 4.902899
v -0.520483 9.328510 3.465784
v -0.399294 9.192774 3.461612
v -0.524653 9.192774 3.344595
v -1.926908 9.192774 5.074327
v -1.931077 9.328510 4.953138
v -2.052264 9.192774 4.957310
v -2.101716 9.192774 3.520193
v -1.980530 9.328510 3.516023
v -1.984699 9.192774 3.394834
v -0.438682 -2.200197 4.828823
v -0.483119 -2.200197 3.537460
v -0.595762 -2.200197 3.432310
v -1.907728 -2.200197 3.477455
v -2.012877 -2.200197 3.590101
v -1.968442 -2.200197 4.881462
v -1.855798 -2.200197 4.986612
v -0.543832 -2.200197 4.941467
v -0.731019 10.722965 4.752748
v -0.651101 10.802931 4.749999
v -0.728269 10.802931 4.832668
v -0.766381 10.802931 3.725120
v -0.683712 10.802931 3.802289
v -0.763630 10.722965 3.805038
v -0.728269 25.503357 4.832668
v -0.651101 25.503357 4.749999
v -0.731019 25.583323 4.752748
v -0.763630 25.583323 3.805038
v -0.683712 25.503357 3.802289
v -0.766381 25.503357 3.725120
v -1.691101 25.503357 4.865799
v -1.693851 25.583323 4.785881
v -1.773768 25.503357 4.788630
v -1.806379 25.503357 3.840921
v -1.726462 25.583323 3.838169
v -1.729213 25.503357 3.758251
v -1.691101 10.802931 4.865799
v -1.773768 10.802931 4.788630
v -1.693851 10.722965 4.785881
v -1.726462 10.722965 3.838169
v -1.806379 10.802931 3.840921
v -1.729213 10.802931 3.758251
v -0.709687 18.791311 4.703900
v -0.738991 18.791311 3.852307
v -0.813274 18.791311 3.782966
v -1.678453 18.791311 3.812736
v -1.747795 18.791311 3.887021
v -1.718492 18.791311 4.738612
v -1.644207 18.791311 4.807953
v -0.779027 18.791311 4.778183
v -1.720540 10.722965 -4.024844
v -1.800457 10.802931 -4.022095
v -1.723290 10.802931 -4.104764
v -1.685177 10.802931 -2.997217
v -1.767847 10.802931 -3.074386
v -1.687929 10.722965 -3.077135
v -1.723290 25.503357 -4.104764
v -1.800457 25.503357 -4.022095
v -1.720540 25.583323 -4.024844
v -1.687929 25.583323 -3.077135
v -1.767847 25.503357 -3.074386
v -1.685177 25.503357 -2.997217
v -0.760458 25.503357 -4.137896
v -0.757707 25.583323 -4.057977
v -0.677790 25.503357 -4.060726
v -0.645179 25.503357 -3.113017
v -0.725096 25.583323 -3.110266
v -0.722346 25.503357 -3.030348
v -0.760458 10.802931 -4.137896
v -0.677790 10.802931 -4.060726
v -0.757707 10.722965 -4.057977
v -0.725096 10.722965 -3.110266
v -0.645179 10.802931 -3.113017
v -0.722346 10.802931 -3.030348
v -1.741871 18.791311 -3.975997
v -1.712568 18.791311 -3.124404
v -1.638284 18.791311 -3.055062
v -0.773105 18.791311 -3.084832
v -0.703763 18.791311 -3.159118
v -0.733067 18.791311 -4.010708
v -0.807352 18.791311 -4.080050
v -1.672532 18.791311 -4.050280
v -11.183678 4.102882 -4.077326
v -11.275661 4.194920 -4.074161
v -11.186844 4.194920 -4.169307
v -11.142979 4.194920 -2.894568
v -11.238127 4.194920 -2.983384
v -11.146144 4.102882 -2.986550
v -11.186844 21.114494 -4.169307
v -11.275661 21.114494 -4.074161
v -11.183678 21.206532 -4.077326
v -11.146144 21.206532 -2.986550
v -11.238127 21.114494 -2.983384
v -11.142979 21.114494 -2.894568
v -10.078664 21.114494 -4.207442
v -10.075501 21.206532 -4.115458
v -9.983519 21.114494 -4.118624
v -9.945985 21.114494 -3.027848
v -10.037966 21.206532 -3.024684
v -10.034800 21.114494 -2.932700
v -10.078664 4.194920 -4.207442
v -9.983519 4.194920 -4.118624
v -10.075501 4.102882 -4.115458
v -10.037966 4.102882 -3.024684
v -9.945985 4.194920 -3.027848
v -10.034800 4.194920 -2.932700
v -11.208232 13.389211 -4.021101
v -11.174505 13.389211 -3.040956
v -11.089007 13.389211 -2.961143
v -10.093222 13.389211 -2.995408
v -10.013412 13.389211 -3.080907
v -10.047140 13.389211 -4.061054
v -10.132638 13.389211 -4.140864
v -11.128424 13.389211 -4.106600
v -11.372133 9.192774 -4.296185
v -11.489151 9.192774 -4.170824
v -11.367962 9.328510 -4.174995
v -11.318510 9.328510 -2.737880
v -11.439699 9.192774 -2.733709
v -11.314340 9.192774 -2.616691
v -9.912086 9.192774 -4.346424
v -9.907916 9.328510 -4.225235
v -9.786729 9.192774 -4.229406
v -9.737277 9.192774 -2.792289
v -9.858463 9.328510 -2.788120
v -9.854294 9.192774 -2.666931
v -11.400311 -2.200197 -4.100920
v -11.355875 -2.200197 -2.809557
v -11.243231 -2.200197 -2.704406
v -9.931265 -2.200197 -2.749552
v -9.826116 -2.200197 -2.862198
v -9.870551 -2.200197 -4.153559
v -9.983195 -2.200197 -4.258709
v -11.295160 -2.200197 -4.213564
v -11.107974 10.722965 -4.024844
v -11.187892 10.802931 -4.022095
v -11.110724 10.802931 -4.104764
v -11.072612 10.802931 -2.997217
v -11.155281 10.802931 -3.074386
v -11.075363 10.722965 -3.077135
v -11.110724 25.503357 -4.104764
v -11.187892 25.503357 -4.022095
v -11.107974 25.583323 -4.024844
v -11.075363 25.583323 -3.077135
v -11.155281 25.503357 -3.074386
v -11.072612 25.503357 -2.997217
v -10.147892 25.503357 -4.137896
v -10.145142 25.583323 -4.057977
v -10.065225 25.503357 -4.060726
v -10.032614 25.503357 -3.113017
v -10.112531 25.583323 -3.110266
v -10.109780 25.503357 -3.030348
v -10.147892 10.802931 -4.137896
v -10.065225 10.802931 -4.060726
v -10.145142 10.722965 -4.057977
v -10.112531 10.722965 -3.110266
v -10.032614 10.802931 -3.113017
v -10.109780 10.802931 -3.030348
v -11.129306 18.791311 -3.975997
v -11.100002 18.791311 -3.124404
v -11.025719 18.791311 -3.055062
v -10.160540 18.791311 -3.084832
v -10.091198 18.791311 -3.159118
v -10.120502 18.791311 -4.010708
v -10.194786 18.791311 -4.080050
v -11.059966 18.791311 -4.050280
v -1.294138 4.511751 4.814493
v -1.301966 4.427383 4.891787
v -1.182070 4.421250 4.820143
v -1.229515 3.424891 4.818996
v -1.349411 3.431025 4.890636
v -1.349585 3.347350 4.813152
v -1.248034 4.515924 3.882135
v -1.135966 4.425423 3.887785
v -1.248210 4.432251 3.804651
v -1.295652 3.435892 3.803501
v -1.183408 3.429064 3.886637
v -1.303480 3.351524 3.880793
v -11.043911 4.921091 4.354319
v -11.086541 4.025784 4.353285
v -11.086698 3.950596 4.283659
v -11.045269 3.954346 3.445862
v -11.038237 4.030158 3.376410
v -10.995605 4.925464 3.377441
v -10.995448 5.000651 3.447067
v -11.036877 4.996902 4.284864
v -1.309859 17.578270 4.736729
v -1.310608 17.491318 4.811506
v -1.192013 17.495245 4.737577
v -1.174098 16.498402 4.706503
v -1.292694 16.494473 4.780430
v -1.288924 16.413303 4.700413
v -1.282648 17.613121 3.804270
v -1.164802 17.530094 3.805119
v -1.278882 17.531952 3.724253
v -1.260963 16.535109 3.693176
v -1.146884 16.533251 3.774042
v -1.261712 16.448154 3.767952
v -11.072716 17.355906 4.463615
v -11.056616 16.460163 4.435692
v -11.053228 16.387226 4.363791
v -11.028776 16.418541 3.525902
v -11.028105 16.496677 3.458710
v -11.044205 17.392418 3.486633
v -11.047590 17.465355 3.558535
v -11.072042 17.434040 4.396423
v -1.796243 4.102882 -4.077326
v -1.888226 4.194920 -4.074161
v -1.799409 4.194920 -4.169307
v -1.755544 4.194920 -2.894568
v -1.850692 4.194920 -2.983384
v -1.758709 4.102882 -2.986550
v -1.799409 21.114494 -4.169307
v -1.888226 21.114494 -4.074161
v -1.796243 21.206532 -4.077326
v -1.758709 21.206532 -2.986550
v -1.850692 21.114494 -2.983384
v -1.755544 21.114494 -2.894568
v -0.691229 21.114494 -4.207442
v -0.688067 21.206532 -4.115458
v -0.596084 21.114494 -4.118624
v -0.558550 21.114494 -3.027848
v -0.650531 21.206532 -3.024684
v -0.647365 21.114494 -2.932700
v -0.691229 4.194920 -4.207442
v -0.596084 4.194920 -4.118624
v -0.688067 4.102882 -4.115458
v -0.650531 4.102882 -3.024684
v -0.558550 4.194920 -3.027848
v -0.647365 4.194920 -2.932700
v -1.820797 13.389211 -4.021101
v -1.787071 13.389211 -3.040956
v -1.701573 13.389211 -2.961143
v -0.705787 13.389211 -2.995408
v -0.625978 13.389211 -3.080907
v -0.659706 13.389211 -4.061054
v -0.745203 13.389211 -4.140864
v -1.740989 13.389211 -4.106600
v -9.933193 16.003334 4.976021
v -9.828152 16.003334 4.863494
v -9.936937 16.112185 4.867236
v -9.981327 16.112185 3.577222
v -9.872541 16.003334 3.573478
v -9.985069 16.003334 3.468438
v -11.243792 16.003334 5.021119
v -11.247536 16.112185 4.912335
v -11.356318 16.003334 4.916079
v -11.400707 16.003334 3.626063
v -11.291925 16.112185 3.622321
v -11.295668 16.003334 3.513537
v -9.907898 6.866950 4.800743
v -9.947786 6.866950 3.641562
v -10.048901 6.866950 3.547176
v -11.226574 6.866950 3.587699
v -11.320963 6.866950 3.688816
v -11.281075 6.866950 4.847995
v -11.179960 6.866950 4.942382
v -10.002285 6.866950 4.901858
v -10.042749 4.102882 4.805229
v -9.950767 4.194920 4.802064
v -10.039583 4.194920 4.897210
v -10.083448 4.194920 3.622472
v -9.988300 4.194920 3.711288
v -10.080283 4.102882 3.714453
v -10.039583 21.114494 4.897210
v -9.950767 21.114494 4.802064
v -10.042749 21.206532 4.805229
v -10.080283 21.206532 3.714453
v -9.988300 21.114494 3.711288
v -10.083448 21.114494 3.622472
v -11.147763 21.114494 4.935346
v -11.150926 21.206532 4.843362
v -11.242908 21.114494 4.846527
v -11.280442 21.114494 3.755751
v -11.188461 21.206532 3.752588
v -11.191628 21.114494 3.660604
v -11.147763 4.194920 4.935346
v -11.242908 4.194920 4.846527
v -11.150926 4.102882 4.843362
v -11.188461 4.102882 3.752588
v -11.280442 4.194920 3.755751
v -11.191628 4.194920 3.660604
v -10.018195 13.389211 4.749004
v -10.051922 13.389211 3.768859
v -10.137420 13.389211 3.689047
v -11.133205 13.389211 3.723312
v -11.213015 13.389211 3.808810
v -11.179287 13.389211 4.788958
v -11.093789 13.389211 4.868768
v -10.098003 13.389211 4.834503
vt 0.079504 0.568681
vt 0.088923 0.568681
vt 0.088923 0.896157
vt 0.079504 0.896157
vt 0.145149 0.568681
vt 0.154568 0.568681
vt 0.154568 0.896157
vt 0.145149 0.896157
vt 0.281309 0.960551
vt 0.276567 0.960551
vt 0.276567 0.904197
vt 0.281309 0.904197
vt 0.088923 0.899520
vt 0.145149 0.899520
vt 0.220341 0.960552
vt 0.215600 0.960552
vt 0.215599 0.904198
vt 0.220341 0.904198
vt 0.281308 0.896157
vt 0.276567 0.896157
vt 0.276567 0.568681
vt 0.281309 0.568681
vt 0.220341 0.896157
vt 0.210922 0.896157
vt 0.210922 0.568681
vt 0.220341 0.568681
vt 0.023149 0.568682
vt 0.023150 0.896158
vt 0.079504 0.568681
vt 0.088923 0.568681
vt 0.088923 0.896157
vt 0.079504 0.896157
vt 0.145149 0.568681
vt 0.154568 0.568681
vt 0.154568 0.896157
vt 0.145149 0.896157
vt 0.281309 0.960551
vt 0.276567 0.960551
vt 0.276567 0.904197
vt 0.281309 0.904197
vt 0.088923 0.899520
vt 0.145149 0.899520
vt 0.220341 0.960552
vt 0.215600 0.960552
vt 0.215599 0.904198
vt 0.220341 0.904198
vt 0.281308 0.896157
vt 0.276567 0.896157
vt 0.276567 0.568681
vt 0.281309 0.568681
vt 0.220341 0.896157
vt 0.210922 0.896157
vt 0.210922 0.568681
vt 0.220341 0.568681
vt 0.023149 0.568682
vt 0.023150 0.896158
vt 0.193174 0.110632
vt 0.176275 0.113380
vt 0.196980 0.037203
vt 0.204685 0.049602
vt 0.174923 0.026315
vt 0.188382 0.015734
vt 0.203011 0.025426
vt 0.365799 0.097373
vt 0.357325 0.112250
vt 0.353221 0.112849
vt 0.359410 0.098306
vt 0.174108 0.017044
vt 0.188358 0.011241
vt 0.336529 0.115287
vt 0.334105 0.102002
vt 0.347461 0.089405
vt 0.333190 0.091489
vt 0.223641 0.131772
vt 0.221217 0.118487
vt 0.220302 0.107974
vt 0.207275 0.134162
vt 0.199692 0.121630
vt 0.205385 0.110152
vt 0.369970 0.029085
vt 0.358937 0.036946
vt 0.348663 0.026317
vt 0.357080 0.013223
vt 0.184421 0.068560
vt 0.196712 0.079520
vt 0.160142 0.090236
vt 0.161819 0.073669
vt 0.338532 0.030484
vt 0.343354 0.016548
vt 0.343724 0.005668
vt 0.333172 0.007160
vt 0.326209 0.032415
vt 0.327286 0.018632
vt 0.322009 0.008739
vt 0.216077 0.047990
vt 0.213852 0.034675
vt 0.212806 0.024183
vt 0.060113 0.045971
vt 0.088497 0.045971
vt 0.088497 0.200366
vt 0.060113 0.200366
vt 0.145264 0.228749
vt 0.116880 0.228749
vt 0.116880 0.200366
vt 0.145264 0.200366
vt 0.116880 0.045971
vt 0.145264 0.045971
vt 0.116880 0.017587
vt 0.145264 0.017587
vt 0.031730 0.045971
vt 0.031730 0.200366
vt 0.193174 0.110632
vt 0.176275 0.113380
vt 0.196980 0.037203
vt 0.204685 0.049602
vt 0.174923 0.026315
vt 0.188382 0.015734
vt 0.203011 0.025426
vt 0.365799 0.097373
vt 0.357325 0.112250
vt 0.353221 0.112849
vt 0.359410 0.098306
vt 0.174108 0.017044
vt 0.188358 0.011241
vt 0.336529 0.115287
vt 0.334105 0.102002
vt 0.347461 0.089405
vt 0.333190 0.091489
vt 0.223641 0.131772
vt 0.221217 0.118487
vt 0.220302 0.107974
vt 0.207275 0.134162
vt 0.199692 0.121630
vt 0.205385 0.110152
vt 0.369970 0.029085
vt 0.358937 0.036946
vt 0.348663 0.026317
vt 0.357080 0.013223
vt 0.184421 0.068560
vt 0.196712 0.079520
vt 0.160142 0.090236
vt 0.161819 0.073669
vt 0.338532 0.030484
vt 0.343354 0.016548
vt 0.343724 0.005668
vt 0.333172 0.007160
vt 0.326209 0.032415
vt 0.327286 0.018632
vt 0.322009 0.008739
vt 0.216077 0.047990
vt 0.213852 0.034675
vt 0.212806 0.024183
vt 0.079504 0.568681
vt 0.088923 0.568681
vt 0.088923 0.896157
vt 0.079504 0.896157
vt 0.145149 0.568681
vt 0.154568 0.568681
vt 0.154568 0.896157
vt 0.145149 0.896157
vt 0.281309 0.960551
vt 0.276567 0.960551
vt 0.276567 0.904197
vt 0.281309 0.904197
vt 0.088923 0.899520
vt 0.145149 0.899520
vt 0.220341 0.960552
vt 0.215600 0.960552
vt 0.215599 0.904198
vt 0.220341 0.904198
vt 0.281308 0.896157
vt 0.276567 0.896157
vt 0.276567 0.568681
vt 0.281309 0.568681
vt 0.220341 0.896157
vt 0.210922 0.896157
vt 0.210922 0.568681
vt 0.220341 0.568681
vt 0.023149 0.568682
vt 0.023150 0.896158
vt 0.193174 0.110632
vt 0.176275 0.113380
vt 0.196980 0.037203
vt 0.204685 0.049602
vt 0.174923 0.026315
vt 0.188382 0.015734
vt 0.203011 0.025426
vt 0.365799 0.097373
vt 0.357325 0.112250
vt 0.353221 0.112849
vt 0.359410 0.098306
vt 0.174108 0.017044
vt 0.188358 0.011241
vt 0.336529 0.115287
vt 0.334105 0.102002
vt 0.347461 0.089405
vt 0.333190 0.091489
vt 0.223641 0.131772
vt 0.221217 0.118487
vt 0.220302 0.107974
vt 0.207275 0.134162
vt 0.199692 0.121630
vt 0.205385 0.110152
vt 0.369970 0.029085
vt 0.358937 0.036946
vt 0.348663 0.026317
vt 0.357080 0.013223
vt 0.184421 0.068560
vt 0.196712 0.079520
vt 0.160142 0.090236
vt 0.161819 0.073669
vt 0.338532 0.030484
vt 0.343354 0.016548
vt 0.343724 0.005668
vt 0.333172 0.007160
vt 0.326209 0.032415
vt 0.327286 0.018632
vt 0.322009 0.008739
vt 0.216077 0.047990
vt 0.213852 0.034675
vt 0.212806 0.024183
vt 0.060113 0.045971
vt 0.088497 0.045971
vt 0.088497 0.200366
vt 0.060113 0.200366
vt 0.145264 0.228749
vt 0.116880 0.228749
vt 0.116880 0.200366
vt 0.145264 0.200366
vt 0.116880 0.045971
vt 0.145264 0.045971
vt 0.116880 0.017587
vt 0.145264 0.017587
vt 0.031730 0.045971
vt 0.031730 0.200366
vt 0.193174 0.110632
vt 0.176275 0.113380
vt 0.196980 0.037203
vt 0.204685 0.049602
vt 0.174923 0.026315
vt 0.188382 0.015734
vt 0.203011 0.025426
vt 0.365799 0.097373
vt 0.357325 0.112250
vt 0.353221 0.112849
vt 0.359410 0.098306
vt 0.174108 0.017044
vt 0.188358 0.011241
vt 0.336529 0.115287
vt 0.334105 0.102002
vt 0.347461 0.089405
vt 0.333190 0.091489
vt 0.223641 0.131772
vt 0.221217 0.118487
vt 0.220302 0.107974
vt 0.207275 0.134162
vt 0.199692 0.121630
vt 0.205385 0.110152
vt 0.369970 0.029085
vt 0.358937 0.036946
vt 0.348663 0.026317
vt 0.357080 0.013223
vt 0.184421 0.068560
vt 0.196712 0.079520
vt 0.160142 0.090236
vt 0.161819 0.073669
vt 0.338532 0.030484
vt 0.343354 0.016548
vt 0.343724 0.005668
vt 0.333172 0.007160
vt 0.326209 0.032415
vt 0.327286 0.018632
vt 0.322009 0.008739
vt 0.216077 0.047990
vt 0.213852 0.034675
vt 0.212806 0.024183
vt 0.193174 0.110632
vt 0.176275 0.113380
vt 0.196980 0.037203
vt 0.204685 0.049602
vt 0.174923 0.026315
vt 0.188382 0.015734
vt 0.203011 0.025426
vt 0.365799 0.097373
vt 0.357325 0.112250
vt 0.353221 0.112849
vt 0.359410 0.098306
vt 0.174108 0.017044
vt 0.188358 0.011241
vt 0.336529 0.115287
vt 0.334105 0.102002
vt 0.347461 0.089405
vt 0.333190 0.091489
vt 0.223641 0.131772
vt 0.221217 0.118487
vt 0.220302 0.107974
vt 0.207275 0.134162
vt 0.199692 0.121630
vt 0.205385 0.110152
vt 0.369970 0.029085
vt 0.358937 0.036946
vt 0.348663 0.026317
vt 0.357080 0.013223
vt 0.184421 0.068560
vt 0.196712 0.079520
vt 0.160142 0.090236
vt 0.161819 0.073669
vt 0.338532 0.030484
vt 0.343354 0.016548
vt 0.343724 0.005668
vt 0.333172 0.007160
vt 0.326209 0.032415
vt 0.327286 0.018632
vt 0.322009 0.008739
vt 0.216077 0.047990
vt 0.213852 0.034675
vt 0.212806 0.024183
vt 0.060113 0.045971
vt 0.088497 0.045971
vt 0.088497 0.200366
vt 0.060113 0.200366
vt 0.145264 0.228749
vt 0.116880 0.228749
vt 0.116880 0.200366
vt 0.145264 0.200366
vt 0.116880 0.045971
vt 0.145264 0.045971
vt 0.116880 0.017587
vt 0.145264 0.017587
vt 0.031730 0.045971
vt 0.031730 0.200366
vt 0.193174 0.110632
vt 0.176275 0.113380
vt 0.196980 0.037203
vt 0.204685 0.049602
vt 0.174923 0.026315
vt 0.188382 0.015734
vt 0.203011 0.025426
vt 0.365799 0.097373
vt 0.357325 0.112250
vt 0.353221 0.112849
vt 0.359410 0.098306
vt 0.174108 0.017044
vt 0.188358 0.011241
vt 0.336529 0.115287
vt 0.334105 0.102002
vt 0.347461 0.089405
vt 0.333190 0.091489
vt 0.223641 0.131772
vt 0.221217 0.118487
vt 0.220302 0.107974
vt 0.207275 0.134162
vt 0.199692 0.121630
vt 0.205385 0.110152
vt 0.369970 0.029085
vt 0.358937 0.036946
vt 0.348663 0.026317
vt 0.357080 0.013223
vt 0.184421 0.068560
vt 0.196712 0.079520
vt 0.160142 0.090236
vt 0.161819 0.073669
vt 0.338532 0.030484
vt 0.343354 0.016548
vt 0.343724 0.005668
vt 0.333172 0.007160
vt 0.326209 0.032415
vt 0.327286 0.018632
vt 0.322009 0.008739
vt 0.216077 0.047990
vt 0.213852 0.034675
vt 0.212806 0.024183
vt 0.079504 0.568681
vt 0.088923 0.568681
vt 0.088923 0.896157
vt 0.079504 0.896157
vt 0.145149 0.568681
vt 0.154568 0.568681
vt 0.154568 0.896157
vt 0.145149 0.896157
vt 0.281309 0.960551
vt 0.276567 0.960551
vt 0.276567 0.904197
vt 0.281309 0.904197
vt 0.088923 0.899520
vt 0.145149 0.899520
vt 0.220341 0.960552
vt 0.215600 0.960552
vt 0.215599 0.904198
vt 0.220341 0.904198
vt 0.281308 0.896157
vt 0.276567 0.896157
vt 0.276567 0.568681
vt 0.281309 0.568681
vt 0.220341 0.896157
vt 0.210922 0.896157
vt 0.210922 0.568681
vt 0.220341 0.568681
vt 0.023149 0.568682
vt 0.023150 0.896158
vt 0.276567 0.213521
vt 0.281308 0.213521
vt 0.281308 0.269875
vt 0.276567 0.269875
vt 0.088923 0.277916
vt 0.088923 0.274553
vt 0.145149 0.274553
vt 0.145149 0.277916
vt 0.079504 0.568681
vt 0.088923 0.568681
vt 0.088923 0.896157
vt 0.079504 0.896157
vt 0.215599 0.213522
vt 0.220340 0.213522
vt 0.220341 0.269875
vt 0.215599 0.269875
vt 0.145149 0.568681
vt 0.154568 0.568681
vt 0.154568 0.896157
vt 0.145149 0.896157
vt 0.281309 0.960551
vt 0.276567 0.960551
vt 0.276567 0.904197
vt 0.281309 0.904197
vt 0.088923 0.899520
vt 0.145149 0.899520
vt 0.220341 0.960552
vt 0.215600 0.960552
vt 0.215599 0.904198
vt 0.220341 0.904198
vt 0.281308 0.896157
vt 0.276567 0.896157
vt 0.276567 0.568681
vt 0.281309 0.568681
vt 0.220341 0.896157
vt 0.210922 0.896157
vt 0.210922 0.568681
vt 0.220341 0.568681
vt 0.276567 0.277916
vt 0.220341 0.277916
vt 0.023149 0.568682
vt 0.023150 0.896158
vt 0.079504 0.277916
vt 0.154568 0.277916
vt 0.281309 0.277916
vt 0.210922 0.277916
vt 0.023149 0.277917
vt 0.193174 0.110632
vt 0.176275 0.113380
vt 0.196980 0.037203
vt 0.204685 0.049602
vt 0.174923 0.026315
vt 0.188382 0.015734
vt 0.203011 0.025426
vt 0.365799 0.097373
vt 0.357325 0.112250
vt 0.353221 0.112849
vt 0.359410 0.098306
vt 0.174108 0.017044
vt 0.188358 0.011241
vt 0.336529 0.115287
vt 0.334105 0.102002
vt 0.347461 0.089405
vt 0.333190 0.091489
vt 0.223641 0.131772
vt 0.221217 0.118487
vt 0.220302 0.107974
vt 0.207275 0.134162
vt 0.199692 0.121630
vt 0.205385 0.110152
vt 0.369970 0.029085
vt 0.358937 0.036946
vt 0.348663 0.026317
vt 0.357080 0.013223
vt 0.184421 0.068560
vt 0.196712 0.079520
vt 0.160142 0.090236
vt 0.161819 0.073669
vt 0.338532 0.030484
vt 0.343354 0.016548
vt 0.343724 0.005668
vt 0.333172 0.007160
vt 0.326209 0.032415
vt 0.327286 0.018632
vt 0.322009 0.008739
vt 0.216077 0.047990
vt 0.213852 0.034675
vt 0.212806 0.024183
vt 0.060113 0.045971
vt 0.088497 0.045971
vt 0.088497 0.200366
vt 0.060113 0.200366
vt 0.145264 0.228749
vt 0.116880 0.228749
vt 0.116880 0.200366
vt 0.145264 0.200366
vt 0.116880 0.045971
vt 0.145264 0.045971
vt 0.116880 0.017587
vt 0.145264 0.017587
vt 0.031730 0.045971
vt 0.031730 0.200366
vt 0.193174 0.110632
vt 0.176275 0.113380
vt 0.196980 0.037203
vt 0.204685 0.049602
vt 0.174923 0.026315
vt 0.188382 0.015734
vt 0.203011 0.025426
vt 0.365799 0.097373
vt 0.357325 0.112250
vt 0.353221 0.112849
vt 0.359410 0.098306
vt 0.174108 0.017044
vt 0.188358 0.011241
vt 0.336529 0.115287
vt 0.334105 0.102002
vt 0.347461 0.089405
vt 0.333190 0.091489
vt 0.223641 0.131772
vt 0.221217 0.118487
vt 0.220302 0.107974
vt 0.207275 0.134162
vt 0.199692 0.121630
vt 0.205385 0.110152
vt 0.369970 0.029085
vt 0.358937 0.036946
vt 0.348663 0.026317
vt 0.357080 0.013223
vt 0.184421 0.068560
vt 0.196712 0.079520
vt 0.160142 0.090236
vt 0.161819 0.073669
vt 0.338532 0.030484
vt 0.343354 0.016548
vt 0.343724 0.005668
vt 0.333172 0.007160
vt 0.326209 0.032415
vt 0.327286 0.018632
vt 0.322009 0.008739
vt 0.216077 0.047990
vt 0.213852 0.034675
vt 0.212806 0.024183
vt 0.079504 0.568681
vt 0.088923 0.568681
vt 0.088923 0.896157
vt 0.079504 0.896157
vt 0.145149 0.568681
vt 0.154568 0.568681
vt 0.154568 0.896157
vt 0.145149 0.896157
vt 0.281309 0.960551
vt 0.276567 0.960551
vt 0.276567 0.904197
vt 0.281309 0.904197
vt 0.088923 0.899520
vt 0.145149 0.899520
vt 0.220341 0.960552
vt 0.215600 0.960552
vt 0.215599 0.904198
vt 0.220341 0.904198
vt 0.281308 0.896157
vt 0.276567 0.896157
vt 0.276567 0.568681
vt 0.281309 0.568681
vt 0.220341 0.896157
vt 0.210922 0.896157
vt 0.210922 0.568681
vt 0.220341 0.568681
vt 0.023149 0.568682
vt 0.023150 0.896158
vt 0.193174 0.110632
vt 0.176275 0.113380
vt 0.196980 0.037203
vt 0.204685 0.049602
vt 0.174923 0.026315
vt 0.188382 0.015734
vt 0.203011 0.025426
vt 0.365799 0.097373
vt 0.357325 0.112250
vt 0.353221 0.112849
vt 0.359410 0.098306
vt 0.174108 0.017044
vt 0.188358 0.011241
vt 0.336529 0.115287
vt 0.334105 0.102002
vt 0.347461 0.089405
vt 0.333190 0.091489
vt 0.223641 0.131772
vt 0.221217 0.118487
vt 0.220302 0.107974
vt 0.207275 0.134162
vt 0.199692 0.121630
vt 0.205385 0.110152
vt 0.369970 0.029085
vt 0.358937 0.036946
vt 0.348663 0.026317
vt 0.357080 0.013223
vt 0.184421 0.068560
vt 0.196712 0.079520
vt 0.160142 0.090236
vt 0.161819 0.073669
vt 0.338532 0.030484
vt 0.343354 0.016548
vt 0.343724 0.005668
vt 0.333172 0.007160
vt 0.326209 0.032415
vt 0.327286 0.018632
vt 0.322009 0.008739
vt 0.216077 0.047990
vt 0.213852 0.034675
vt 0.212806 0.024183
vt 0.060113 0.045971
vt 0.088497 0.045971
vt 0.088497 0.200366
vt 0.060113 0.200366
vt 0.145264 0.228749
vt 0.116880 0.228749
vt 0.116880 0.200366
vt 0.145264 0.200366
vt 0.116880 0.045971
vt 0.145264 0.045971
vt 0.116880 0.017587
vt 0.145264 0.017587
vt 0.031730 0.045971
vt 0.031730 0.200366
vt 0.193174 0.110632
vt 0.176275 0.113380
vt 0.196980 0.037203
vt 0.204685 0.049602
vt 0.174923 0.026315
vt 0.188382 0.015734
vt 0.203011 0.025426
vt 0.365799 0.097373
vt 0.357325 0.112250
vt 0.353221 0.112849
vt 0.359410 0.098306
vt 0.174108 0.017044
vt 0.188358 0.011241
vt 0.336529 0.115287
vt 0.334105 0.102002
vt 0.347461 0.089405
vt 0.333190 0.091489
vt 0.223641 0.131772
vt 0.221217 0.118487
vt 0.220302 0.107974
vt 0.207275 0.134162
vt 0.199692 0.121630
vt 0.205385 0.110152
vt 0.369970 0.029085
vt 0.358937 0.036946
vt 0.348663 0.026317
vt 0.357080 0.013223
vt 0.184421 0.068560
vt 0.196712 0.079520
vt 0.160142 0.090236
vt 0.161819 0.073669
vt 0.338532 0.030484
vt 0.343354 0.016548
vt 0.343724 0.005668
vt 0.333172 0.007160
vt 0.326209 0.032415
vt 0.327286 0.018632
vt 0.322009 0.008739
vt 0.216077 0.047990
vt 0.213852 0.034675
vt 0.212806 0.024183
vt 0.079504 0.568681
vt 0.088923 0.568681
vt 0.088923 0.896157
vt 0.079504 0.896157
vt 0.145149 0.568681
vt 0.154568 0.568681
vt 0.154568 0.896157
vt 0.145149 0.896157
vt 0.281309 0.960551
vt 0.276567 0.960551
vt 0.276567 0.904197
vt 0.281309 0.904197
vt 0.088923 0.899520
vt 0.145149 0.899520
vt 0.220341 0.960552
vt 0.215600 0.960552
vt 0.215599 0.904198
vt 0.220341 0.904198
vt 0.281308 0.896157
vt 0.276567 0.896157
vt 0.276567 0.568681
vt 0.281309 0.568681
vt 0.220341 0.896157
vt 0.210922 0.896157
vt 0.210922 0.568681
vt 0.220341 0.568681
vt 0.023149 0.568682
vt 0.023150 0.896158
vt 0.622290 0.044541
vt 0.623235 0.064240
vt 0.418728 0.065174
vt 0.416687 0.045908
vt 0.419860 0.103878
vt 0.421702 0.084589
vt 0.624548 0.083784
vt 0.623778 0.103071
vt 0.623361 0.024715
vt 0.419444 0.026462
vt 0.622290 0.044541
vt 0.623235 0.064240
vt 0.418728 0.065174
vt 0.416687 0.045908
vt 0.419860 0.103878
vt 0.421702 0.084589
vt 0.624548 0.083784
vt 0.623778 0.103071
vt 0.623361 0.024715
vt 0.419444 0.026462
vt 0.622290 0.044541
vt 0.623235 0.064240
vt 0.418728 0.065174
vt 0.416687 0.045908
vt 0.419860 0.103878
vt 0.421702 0.084589
vt 0.624548 0.083784
vt 0.623778 0.103071
vt 0.623361 0.024715
vt 0.419444 0.026462
vt 0.079504 0.568681
vt 0.088923 0.568681
vt 0.088923 0.896157
vt 0.079504 0.896157
vt 0.145149 0.568681
vt 0.154568 0.568681
vt 0.154568 0.896157
vt 0.145149 0.896157
vt 0.281309 0.960551
vt 0.276567 0.960551
vt 0.276567 0.904197
vt 0.281309 0.904197
vt 0.088923 0.899520
vt 0.145149 0.899520
vt 0.220341 0.960552
vt 0.215600 0.960552
vt 0.215599 0.904198
vt 0.220341 0.904198
vt 0.281308 0.896157
vt 0.276567 0.896157
vt 0.276567 0.568681
vt 0.281309 0.568681
vt 0.220341 0.896157
vt 0.210922 0.896157
vt 0.210922 0.568681
vt 0.220341 0.568681
vt 0.023149 0.568682
vt 0.023150 0.896158
vt 0.193174 0.110632
vt 0.176275 0.113380
vt 0.196980 0.037203
vt 0.204685 0.049602
vt 0.174923 0.026315
vt 0.188382 0.015734
vt 0.203011 0.025426
vt 0.365799 0.097373
vt 0.357325 0.112250
vt 0.353221 0.112849
vt 0.359410 0.098306
vt 0.174108 0.017044
vt 0.188358 0.011241
vt 0.336529 0.115287
vt 0.334105 0.102002
vt 0.347461 0.089405
vt 0.333190 0.091489
vt 0.223641 0.131772
vt 0.221217 0.118487
vt 0.220302 0.107974
vt 0.207275 0.134162
vt 0.199692 0.121630
vt 0.205385 0.110152
vt 0.369970 0.029085
vt 0.358937 0.036946
vt 0.348663 0.026317
vt 0.357080 0.013223
vt 0.184421 0.068560
vt 0.196712 0.079520
vt 0.160142 0.090236
vt 0.161819 0.073669
vt 0.338532 0.030484
vt 0.343354 0.016548
vt 0.343724 0.005668
vt 0.333172 0.007160
vt 0.326209 0.032415
vt 0.327286 0.018632
vt 0.322009 0.008739
vt 0.216077 0.047990
vt 0.213852 0.034675
vt 0.212806 0.024183
vt 0.060113 0.045971
vt 0.088497 0.045971
vt 0.088497 0.200366
vt 0.060113 0.200366
vt 0.145264 0.228749
vt 0.116880 0.228749
vt 0.116880 0.200366
vt 0.145264 0.200366
vt 0.116880 0.045971
vt 0.145264 0.045971
vt 0.116880 0.017587
vt 0.145264 0.017587
vt 0.031730 0.045971
vt 0.031730 0.200366
vt 0.193174 0.110632
vt 0.176275 0.113380
vt 0.196980 0.037203
vt 0.204685 0.049602
vt 0.174923 0.026315
vt 0.188382 0.015734
vt 0.203011 0.025426
vt 0.365799 0.097373
vt 0.357325 0.112250
vt 0.353221 0.112849
vt 0.359410 0.098306
vt 0.174108 0.017044
vt 0.188358 0.011241
vt 0.336529 0.115287
vt 0.334105 0.102002
vt 0.347461 0.089405
vt 0.333190 0.091489
vt 0.223641 0.131772
vt 0.221217 0.118487
vt 0.220302 0.107974
vt 0.207275 0.134162
vt 0.199692 0.121630
vt 0.205385 0.110152
vt 0.369970 0.029085
vt 0.358937 0.036946
vt 0.348663 0.026317
vt 0.357080 0.013223
vt 0.184421 0.068560
vt 0.196712 0.079520
vt 0.160142 0.090236
vt 0.161819 0.073669
vt 0.338532 0.030484
vt 0.343354 0.016548
vt 0.343724 0.005668
vt 0.333172 0.007160
vt 0.326209 0.032415
vt 0.327286 0.018632
vt 0.322009 0.008739
vt 0.216077 0.047990
vt 0.213852 0.034675
vt 0.212806 0.024183
vt 0.193174 0.110632
vt 0.176275 0.113380
vt 0.196980 0.037203
vt 0.204685 0.049602
vt 0.174923 0.026315
vt 0.188382 0.015734
vt 0.203011 0.025426
vt 0.365799 0.097373
vt 0.357325 0.112250
vt 0.353221 0.112849
vt 0.359410 0.098306
vt 0.174108 0.017044
vt 0.188358 0.011241
vt 0.336529 0.115287
vt 0.334105 0.102002
vt 0.347461 0.089405
vt 0.333190 0.091489
vt 0.223641 0.131772
vt 0.221217 0.118487
vt 0.220302 0.107974
vt 0.207275 0.134162
vt 0.199692 0.121630
vt 0.205385 0.110152
vt 0.369970 0.029085
vt 0.358937 0.036946
vt 0.348663 0.026317
vt 0.357080 0.013223
vt 0.184421 0.068560
vt 0.196712 0.079520
vt 0.160142 0.090236
vt 0.161819 0.073669
vt 0.338532 0.030484
vt 0.343354 0.016548
vt 0.343724 0.005668
vt 0.333172 0.007160
vt 0.326209 0.032415
vt 0.327286 0.018632
vt 0.322009 0.008739
vt 0.216077 0.047990
vt 0.213852 0.034675
vt 0.212806 0.024183
vt 0.060113 0.045971
vt 0.088497 0.045971
vt 0.088497 0.200366
vt 0.060113 0.200366
vt 0.145264 0.228749
vt 0.116880 0.228749
vt 0.116880 0.200366
vt 0.145264 0.200366
vt 0.116880 0.045971
vt 0.145264 0.045971
vt 0.116880 0.017587
vt 0.145264 0.017587
vt 0.031730 0.045971
vt 0.031730 0.200366
vt 0.193174 0.110632
vt 0.176275 0.113380
vt 0.196980 0.037203
vt 0.204685 0.049602
vt 0.174923 0.026315
vt 0.188382 0.015734
vt 0.203011 0.025426
vt 0.365799 0.097373
vt 0.357325 0.112250
vt 0.353221 0.112849
vt 0.359410 0.098306
vt 0.174108 0.017044
vt 0.188358 0.011241
vt 0.336529 0.115287
vt 0.334105 0.102002
vt 0.347461 0.089405
vt 0.333190 0.091489
vt 0.223641 0.131772
vt 0.221217 0.118487
vt 0.220302 0.107974
vt 0.207275 0.134162
vt 0.199692 0.121630
vt 0.205385 0.110152
vt 0.369970 0.029085
vt 0.358937 0.036946
vt 0.348663 0.026317
vt 0.357080 0.013223
vt 0.184421 0.068560
vt 0.196712 0.079520
vt 0.160142 0.090236
vt 0.161819 0.073669
vt 0.338532 0.030484
vt 0.343354 0.016548
vt 0.343724 0.005668
vt 0.333172 0.007160
vt 0.326209 0.032415
vt 0.327286 0.018632
vt 0.322009 0.008739
vt 0.216077 0.047990
vt 0.213852 0.034675
vt 0.212806 0.024183
vt 0.193174 0.110632
vt 0.176275 0.113380
vt 0.196980 0.037203
vt 0.204685 0.049602
vt 0.174923 0.026315
vt 0.188382 0.015734
vt 0.203011 0.025426
vt 0.365799 0.097373
vt 0.357325 0.112250
vt 0.353221 0.112849
vt 0.359410 0.098306
vt 0.174108 0.017044
vt 0.188358 0.011241
vt 0.336529 0.115287
vt 0.334105 0.102002
vt 0.347461 0.089405
vt 0.333190 0.091489
vt 0.223641 0.131772
vt 0.221217 0.118487
vt 0.220302 0.107974
vt 0.207275 0.134162
vt 0.199692 0.121630
vt 0.205385 0.110152
vt 0.369970 0.029085
vt 0.358937 0.036946
vt 0.348663 0.026317
vt 0.357080 0.013223
vt 0.184421 0.068560
vt 0.196712 0.079520
vt 0.160142 0.090236
vt 0.161819 0.073669
vt 0.338532 0.030484
vt 0.343354 0.016548
vt 0.343724 0.005668
vt 0.333172 0.007160
vt 0.326209 0.032415
vt 0.327286 0.018632
vt 0.322009 0.008739
vt 0.216077 0.047990
vt 0.213852 0.034675
vt 0.212806 0.024183
vt 0.060113 0.045971
vt 0.088497 0.045971
vt 0.088497 0.200366
vt 0.060113 0.200366
vt 0.145264 0.228749
vt 0.116880 0.228749
vt 0.116880 0.200366
vt 0.145264 0.200366
vt 0.116880 0.045971
vt 0.145264 0.045971
vt 0.116880 0.017587
vt 0.145264 0.017587
vt 0.031730 0.045971
vt 0.031730 0.200366
vt 0.193174 0.110632
vt 0.176275 0.113380
vt 0.196980 0.037203
vt 0.204685 0.049602
vt 0.174923 0.026315
vt 0.188382 0.015734
vt 0.203011 0.025426
vt 0.365799 0.097373
vt 0.357325 0.112250
vt 0.353221 0.112849
vt 0.359410 0.098306
vt 0.174108 0.017044
vt 0.188358 0.011241
vt 0.336529 0.115287
vt 0.334105 0.102002
vt 0.347461 0.089405
vt 0.333190 0.091489
vt 0.223641 0.131772
vt 0.221217 0.118487
vt 0.220302 0.107974
vt 0.207275 0.134162
vt 0.199692 0.121630
vt 0.205385 0.110152
vt 0.369970 0.029085
vt 0.358937 0.036946
vt 0.348663 0.026317
vt 0.357080 0.013223
vt 0.184421 0.068560
vt 0.196712 0.079520
vt 0.160142 0.090236
vt 0.161819 0.073669
vt 0.338532 0.030484
vt 0.343354 0.016548
vt 0.343724 0.005668
vt 0.333172 0.007160
vt 0.326209 0.032415
vt 0.327286 0.018632
vt 0.322009 0.008739
vt 0.216077 0.047990
vt 0.213852 0.034675
vt 0.212806 0.024183
vt 0.622290 0.044541
vt 0.623235 0.064240
vt 0.418728 0.065174
vt 0.416687 0.045908
vt 0.419860 0.103878
vt 0.421702 0.084589
vt 0.624548 0.083784
vt 0.623778 0.103071
vt 0.623361 0.024715
vt 0.419444 0.026462
vt 0.079504 0.568681
vt 0.088923 0.568681
vt 0.088923 0.896157
vt 0.079504 0.896157
vt 0.145149 0.568681
vt 0.154568 0.568681
vt 0.154568 0.896157
vt 0.145149 0.896157
vt 0.281309 0.960551
vt 0.276567 0.960551
vt 0.276567 0.904197
vt 0.281309 0.904197
vt 0.088923 0.899520
vt 0.145149 0.899520
vt 0.220341 0.960552
vt 0.215600 0.960552
vt 0.215599 0.904198
vt 0.220341 0.904198
vt 0.281308 0.896157
vt 0.276567 0.896157
vt 0.276567 0.568681
vt 0.281309 0.568681
vt 0.220341 0.896157
vt 0.210922 0.896157
vt 0.210922 0.568681
vt 0.220341 0.568681
vt 0.023149 0.568682
vt 0.023150 0.896158
vt 0.079504 0.568681
vt 0.088923 0.568681
vt 0.088923 0.896157
vt 0.079504 0.896157
vt 0.145149 0.568681
vt 0.154568 0.568681
vt 0.154568 0.896157
vt 0.145149 0.896157
vt 0.281309 0.960551
vt 0.276567 0.960551
vt 0.276567 0.904197
vt 0.281309 0.904197
vt 0.088923 0.899520
vt 0.145149 0.899520
vt 0.220341 0.960552
vt 0.215600 0.960552
vt 0.215599 0.904198
vt 0.220341 0.904198
vt 0.281308 0.896157
vt 0.276567 0.896157
vt 0.276567 0.568681
vt 0.281309 0.568681
vt 0.220341 0.896157
vt 0.210922 0.896157
vt 0.210922 0.568681
vt 0.220341 0.568681
vt 0.023149 0.568682
vt 0.023150 0.896158
vt 0.079504 0.568681
vt 0.088923 0.568681
vt 0.088923 0.896157
vt 0.079504 0.896157
vt 0.145149 0.568681
vt 0.154568 0.568681
vt 0.154568 0.896157
vt 0.145149 0.896157
vt 0.281309 0.960551
vt 0.276567 0.960551
vt 0.276567 0.904197
vt 0.281309 0.904197
vt 0.088923 0.899520
vt 0.145149 0.899520
vt 0.220341 0.960552
vt 0.215600 0.960552
vt 0.215599 0.904198
vt 0.220341 0.904198
vt 0.281308 0.896157
vt 0.276567 0.896157
vt 0.276567 0.568681
vt 0.281309 0.568681
vt 0.220341 0.896157
vt 0.210922 0.896157
vt 0.210922 0.568681
vt 0.220341 0.568681
vt 0.023149 0.568682
vt 0.023150 0.896158
vt 0.079504 0.568681
vt 0.088923 0.568681
vt 0.088923 0.896157
vt 0.079504 0.896157
vt 0.145149 0.568681
vt 0.154568 0.568681
vt 0.154568 0.896157
vt 0.145149 0.896157
vt 0.281309 0.960551
vt 0.276567 0.960551
vt 0.276567 0.904197
vt 0.281309 0.904197
vt 0.088923 0.899520
vt 0.145149 0.899520
vt 0.220341 0.960552
vt 0.215600 0.960552
vt 0.215599 0.904198
vt 0.220341 0.904198
vt 0.281308 0.896157
vt 0.276567 0.896157
vt 0.276567 0.568681
vt 0.281309 0.568681
vt 0.220341 0.896157
vt 0.210922 0.896157
vt 0.210922 0.568681
vt 0.220341 0.568681
vt 0.023149 0.568682
vt 0.023150 0.896158
vt 0.079504 0.568681
vt 0.088923 0.568681
vt 0.088923 0.896157
vt 0.079504 0.896157
vt 0.145149 0.568681
vt 0.154568 0.568681
vt 0.154568 0.896157
vt 0.145149 0.896157
vt 0.281309 0.960551
vt 0.276567 0.960551
vt 0.276567 0.904197
vt 0.281309 0.904197
vt 0.088923 0.899520
vt 0.145149 0.899520
vt 0.220341 0.960552
vt 0.215600 0.960552
vt 0.215599 0.904198
vt 0.220341 0.904198
vt 0.281308 0.896157
vt 0.276567 0.896157
vt 0.276567 0.568681
vt 0.281309 0.568681
vt 0.220341 0.896157
vt 0.210922 0.896157
vt 0.210922 0.568681
vt 0.220341 0.568681
vt 0.023149 0.568682
vt 0.023150 0.896158
vt 0.622290 0.044541
vt 0.623235 0.064240
vt 0.418728 0.065174
vt 0.416687 0.045908
vt 0.419860 0.103878
vt 0.421702 0.084589
vt 0.624548 0.083784
vt 0.623778 0.103071
vt 0.623361 0.024715
vt 0.419444 0.026462
vt 0.622290 0.044541
vt 0.623235 0.064240
vt 0.418728 0.065174
vt 0.416687 0.045908
vt 0.419860 0.103878
vt 0.421702 0.084589
vt 0.624548 0.083784
vt 0.623778 0.103071
vt 0.623361 0.024715
vt 0.419444 0.026462
vt 0.079504 0.568681
vt 0.088923 0.568681
vt 0.088923 0.896157
vt 0.079504 0.896157
vt 0.145149 0.568681
vt 0.154568 0.568681
vt 0.154568 0.896157
vt 0.145149 0.896157
vt 0.281309 0.960551
vt 0.276567 0.960551
vt 0.276567 0.904197
vt 0.281309 0.904197
vt 0.088923 0.899520
vt 0.145149 0.899520
vt 0.220341 0.960552
vt 0.215600 0.960552
vt 0.215599 0.904198
vt 0.220341 0.904198
vt 0.281308 0.896157
vt 0.276567 0.896157
vt 0.276567 0.568681
vt 0.281309 0.568681
vt 0.220341 0.896157
vt 0.210922 0.896157
vt 0.210922 0.568681
vt 0.220341 0.568681
vt 0.023149 0.568682
vt 0.023150 0.896158
vt 0.276567 0.213521
vt 0.281308 0.213521
vt 0.281308 0.269875
vt 0.276567 0.269875
vt 0.088923 0.277916
vt 0.088923 0.274553
vt 0.145149 0.274553
vt 0.145149 0.277916
vt 0.079504 0.568681
vt 0.088923 0.568681
vt 0.088923 0.896157
vt 0.079504 0.896157
vt 0.215599 0.213522
vt 0.220340 0.213522
vt 0.220341 0.269875
vt 0.215599 0.269875
vt 0.145149 0.568681
vt 0.154568 0.568681
vt 0.154568 0.896157
vt 0.145149 0.896157
vt 0.281309 0.960551
vt 0.276567 0.960551
vt 0.276567 0.904197
vt 0.281309 0.904197
vt 0.088923 0.899520
vt 0.145149 0.899520
vt 0.220341 0.960552
vt 0.215600 0.960552
vt 0.215599 0.904198
vt 0.220341 0.904198
vt 0.281308 0.896157
vt 0.276567 0.896157
vt 0.276567 0.568681
vt 0.281309 0.568681
vt 0.220341 0.896157
vt 0.210922 0.896157
vt 0.210922 0.568681
vt 0.220341 0.568681
vt 0.276567 0.277916
vt 0.220341 0.277916
vt 0.023149 0.568682
vt 0.023150 0.896158
vt 0.079504 0.277916
vt 0.154568 0.277916
vt 0.281309 0.277916
vt 0.210922 0.277916
vt 0.023149 0.277917
vt 0.622290 0.044541
vt 0.623235 0.064240
vt 0.418728 0.065174
vt 0.416687 0.045908
vt 0.419860 0.103878
vt 0.421702 0.084589
vt 0.624548 0.083784
vt 0.623778 0.103071
vt 0.623361 0.024715
vt 0.419444 0.026462
vt 0.079504 0.568681
vt 0.088923 0.568681
vt 0.088923 0.896157
vt 0.079504 0.896157
vt 0.145149 0.568681
vt 0.154568 0.568681
vt 0.154568 0.896157
vt 0.145149 0.896157
vt 0.281309 0.960551
vt 0.276567 0.960551
vt 0.276567 0.904197
vt 0.281309 0.904197
vt 0.088923 0.899520
vt 0.145149 0.899520
vt 0.220341 0.960552
vt 0.215600 0.960552
vt 0.215599 0.904198
vt 0.220341 0.904198
vt 0.281308 0.896157
vt 0.276567 0.896157
vt 0.276567 0.568681
vt 0.281309 0.568681
vt 0.220341 0.896157
vt 0.210922 0.896157
vt 0.210922 0.568681
vt 0.220341 0.568681
vt 0.023149 0.568682
vt 0.023150 0.896158
vt 0.079504 0.568681
vt 0.088923 0.568681
vt 0.088923 0.896157
vt 0.079504 0.896157
vt 0.145149 0.568681
vt 0.154568 0.568681
vt 0.154568 0.896157
vt 0.145149 0.896157
vt 0.281309 0.960551
vt 0.276567 0.960551
vt 0.276567 0.904197
vt 0.281309 0.904197
vt 0.088923 0.899520
vt 0.145149 0.899520
vt 0.220341 0.960552
vt 0.215600 0.960552
vt 0.215599 0.904198
vt 0.220341 0.904198
vt 0.281308 0.896157
vt 0.276567 0.896157
vt 0.276567 0.568681
vt 0.281309 0.568681
vt 0.220341 0.896157
vt 0.210922 0.896157
vt 0.210922 0.568681
vt 0.220341 0.568681
vt 0.023149 0.568682
vt 0.023150 0.896158
vt 0.079504 0.568681
vt 0.088923 0.568681
vt 0.088923 0.896157
vt 0.079504 0.896157
vt 0.145149 0.568681
vt 0.154568 0.568681
vt 0.154568 0.896157
vt 0.145149 0.896157
vt 0.281309 0.960551
vt 0.276567 0.960551
vt 0.276567 0.904197
vt 0.281309 0.904197
vt 0.088923 0.899520
vt 0.145149 0.899520
vt 0.220341 0.960552
vt 0.215600 0.960552
vt 0.215599 0.904198
vt 0.220341 0.904198
vt 0.281308 0.896157
vt 0.276567 0.896157
vt 0.276567 0.568681
vt 0.281309 0.568681
vt 0.220341 0.896157
vt 0.210922 0.896157
vt 0.210922 0.568681
vt 0.220341 0.568681
vt 0.023149 0.568682
vt 0.023150 0.896158
vt 0.079504 0.568681
vt 0.088923 0.568681
vt 0.088923 0.896157
vt 0.079504 0.896157
vt 0.145149 0.568681
vt 0.154568 0.568681
vt 0.154568 0.896157
vt 0.145149 0.896157
vt 0.281309 0.960551
vt 0.276567 0.960551
vt 0.276567 0.904197
vt 0.281309 0.904197
vt 0.088923 0.899520
vt 0.145149 0.899520
vt 0.220341 0.960552
vt 0.215600 0.960552
vt 0.215599 0.904198
vt 0.220341 0.904198
vt 0.281308 0.896157
vt 0.276567 0.896157
vt 0.276567 0.568681
vt 0.281309 0.568681
vt 0.220341 0.896157
vt 0.210922 0.896157
vt 0.210922 0.568681
vt 0.220341 0.568681
vt 0.023149 0.568682
vt 0.023150 0.896158
vt 0.079504 0.568681
vt 0.088923 0.568681
vt 0.088923 0.896157
vt 0.079504 0.896157
vt 0.145149 0.568681
vt 0.154568 0.568681
vt 0.154568 0.896157
vt 0.145149 0.896157
vt 0.281309 0.960551
vt 0.276567 0.960551
vt 0.276567 0.904197
vt 0.281309 0.904197
vt 0.088923 0.899520
vt 0.145149 0.899520
vt 0.220341 0.960552
vt 0.215600 0.960552
vt 0.215599 0.904198
vt 0.220341 0.904198
vt 0.281308 0.896157
vt 0.276567 0.896157
vt 0.276567 0.568681
vt 0.281309 0.568681
vt 0.220341 0.896157
vt 0.210922 0.896157
vt 0.210922 0.568681
vt 0.220341 0.568681
vt 0.023149 0.568682
vt 0.023150 0.896158
vt 0.079504 0.568681
vt 0.088923 0.568681
vt 0.088923 0.896157
vt 0.079504 0.896157
vt 0.145149 0.568681
vt 0.154568 0.568681
vt 0.154568 0.896157
vt 0.145149 0.896157
vt 0.281309 0.960551
vt 0.276567 0.960551
vt 0.276567 0.904197
vt 0.281309 0.904197
vt 0.088923 0.899520
vt 0.145149 0.899520
vt 0.220341 0.960552
vt 0.215600 0.960552
vt 0.215599 0.904198
vt 0.220341 0.904198
vt 0.281308 0.896157
vt 0.276567 0.896157
vt 0.276567 0.568681
vt 0.281309 0.568681
vt 0.220341 0.896157
vt 0.210922 0.896157
vt 0.210922 0.568681
vt 0.220341 0.568681
vt 0.023149 0.568682
vt 0.023150 0.896158
vt 0.622290 0.044541
vt 0.623235 0.064240
vt 0.418728 0.065174
vt 0.416687 0.045908
vt 0.419860 0.103878
vt 0.421702 0.084589
vt 0.624548 0.083784
vt 0.623778 0.103071
vt 0.623361 0.024715
vt 0.419444 0.026462
vt 0.622290 0.044541
vt 0.623235 0.064240
vt 0.418728 0.065174
vt 0.416687 0.045908
vt 0.419860 0.103878
vt 0.421702 0.084589
vt 0.624548 0.083784
vt 0.623778 0.103071
vt 0.623361 0.024715
vt 0.419444 0.026462
vt 0.622290 0.044541
vt 0.623235 0.064240
vt 0.418728 0.065174
vt 0.416687 0.045908
vt 0.419860 0.103878
vt 0.421702 0.084589
vt 0.624548 0.083784
vt 0.623778 0.103071
vt 0.623361 0.024715
vt 0.419444 0.026462
vt 0.379249 0.163914
vt 0.403904 0.163915
vt 0.403904 0.540612
vt 0.379249 0.540613
vt 0.378863 0.561705
vt 0.294202 0.561702
vt 0.294203 0.540612
vt 0.519471 0.540612
vt 0.487805 0.540612
vt 0.487805 0.163915
vt 0.519471 0.163915
vt 0.294202 0.163916
vt 0.294202 0.142826
vt 0.378863 0.142823
vt 0.379249 0.163914
vt 0.403904 0.163915
vt 0.403904 0.540612
vt 0.379249 0.540613
vt 0.378863 0.561705
vt 0.294202 0.561702
vt 0.294203 0.540612
vt 0.519471 0.540612
vt 0.487805 0.540612
vt 0.487805 0.163915
vt 0.519471 0.163915
vt 0.294202 0.163916
vt 0.294202 0.142826
vt 0.378863 0.142823
vt 0.379249 0.163914
vt 0.403904 0.163915
vt 0.403904 0.540612
vt 0.379249 0.540613
vt 0.378863 0.561705
vt 0.294202 0.561702
vt 0.294203 0.540612
vt 0.519471 0.540612
vt 0.487805 0.540612
vt 0.487805 0.163915
vt 0.519471 0.163915
vt 0.294202 0.163916
vt 0.294202 0.142826
vt 0.378863 0.142823
vt 0.379249 0.163914
vt 0.403904 0.163915
vt 0.403904 0.540612
vt 0.379249 0.540613
vt 0.378863 0.561705
vt 0.294202 0.561702
vt 0.294203 0.540612
vt 0.519471 0.540612
vt 0.487805 0.540612
vt 0.487805 0.163915
vt 0.519471 0.163915
vt 0.294202 0.163916
vt 0.294202 0.142826
vt 0.378863 0.142823
vt 0.379249 0.163914
vt 0.403904 0.163915
vt 0.403904 0.540612
vt 0.379249 0.540613
vt 0.378863 0.561705
vt 0.294202 0.561702
vt 0.294203 0.540612
vt 0.519471 0.540612
vt 0.487805 0.540612
vt 0.487805 0.163915
vt 0.519471 0.163915
vt 0.294202 0.163916
vt 0.294202 0.142826
vt 0.378863 0.142823
vt 0.379249 0.163914
vt 0.403904 0.163915
vt 0.403904 0.540612
vt 0.379249 0.540613
vt 0.378863 0.561705
vt 0.294202 0.561702
vt 0.294203 0.540612
vt 0.519471 0.540612
vt 0.487805 0.540612
vt 0.487805 0.163915
vt 0.519471 0.163915
vt 0.294202 0.163916
vt 0.294202 0.142826
vt 0.378863 0.142823
vt 0.079504 0.568681
vt 0.088923 0.568681
vt 0.088923 0.896157
vt 0.079504 0.896157
vt 0.145149 0.568681
vt 0.154568 0.568681
vt 0.154568 0.896157
vt 0.145149 0.896157
vt 0.281309 0.960551
vt 0.276567 0.960551
vt 0.276567 0.904197
vt 0.281309 0.904197
vt 0.088923 0.899520
vt 0.145149 0.899520
vt 0.220341 0.960552
vt 0.215600 0.960552
vt 0.215599 0.904198
vt 0.220341 0.904198
vt 0.281308 0.896157
vt 0.276567 0.896157
vt 0.276567 0.568681
vt 0.281309 0.568681
vt 0.220341 0.896157
vt 0.210922 0.896157
vt 0.210922 0.568681
vt 0.220341 0.568681
vt 0.023149 0.568682
vt 0.023150 0.896158
vt 0.079504 0.568681
vt 0.088923 0.568681
vt 0.088923 0.896157
vt 0.079504 0.896157
vt 0.145149 0.568681
vt 0.154568 0.568681
vt 0.154568 0.896157
vt 0.145149 0.896157
vt 0.281309 0.960551
vt 0.276567 0.960551
vt 0.276567 0.904197
vt 0.281309 0.904197
vt 0.088923 0.899520
vt 0.145149 0.899520
vt 0.220341 0.960552
vt 0.215600 0.960552
vt 0.215599 0.904198
vt 0.220341 0.904198
vt 0.281308 0.896157
vt 0.276567 0.896157
vt 0.276567 0.568681
vt 0.281309 0.568681
vt 0.220341 0.896157
vt 0.210922 0.896157
vt 0.210922 0.568681
vt 0.220341 0.568681
vt 0.023149 0.568682
vt 0.023150 0.896158
vt 0.622290 0.044541
vt 0.623235 0.064240
vt 0.418728 0.065174
vt 0.416687 0.045908
vt 0.419860 0.103878
vt 0.421702 0.084589
vt 0.624548 0.083784
vt 0.623778 0.103071
vt 0.623361 0.024715
vt 0.419444 0.026462
vt 0.622290 0.044541
vt 0.623235 0.064240
vt 0.418728 0.065174
vt 0.416687 0.045908
vt 0.419860 0.103878
vt 0.421702 0.084589
vt 0.624548 0.083784
vt 0.623778 0.103071
vt 0.623361 0.024715
vt 0.419444 0.026462
vt 0.079504 0.568681
vt 0.088923 0.568681
vt 0.088923 0.896157
vt 0.079504 0.896157
vt 0.145149 0.568681
vt 0.154568 0.568681
vt 0.154568 0.896157
vt 0.145149 0.896157
vt 0.281309 0.960551
vt 0.276567 0.960551
vt 0.276567 0.904197
vt 0.281309 0.904197
vt 0.088923 0.899520
vt 0.145149 0.899520
vt 0.220341 0.960552
vt 0.215600 0.960552
vt 0.215599 0.904198
vt 0.220341 0.904198
vt 0.281308 0.896157
vt 0.276567 0.896157
vt 0.276567 0.568681
vt 0.281309 0.568681
vt 0.220341 0.896157
vt 0.210922 0.896157
vt 0.210922 0.568681
vt 0.220341 0.568681
vt 0.023149 0.568682
vt 0.023150 0.896158
vt 0.079504 0.568681
vt 0.088923 0.568681
vt 0.088923 0.896157
vt 0.079504 0.896157
vt 0.145149 0.568681
vt 0.154568 0.568681
vt 0.154568 0.896157
vt 0.145149 0.896157
vt 0.281309 0.960551
vt 0.276567 0.960551
vt 0.276567 0.904197
vt 0.281309 0.904197
vt 0.088923 0.899520
vt 0.145149 0.899520
vt 0.220341 0.960552
vt 0.215600 0.960552
vt 0.215599 0.904198
vt 0.220341 0.904198
vt 0.281308 0.896157
vt 0.276567 0.896157
vt 0.276567 0.568681
vt 0.281309 0.568681
vt 0.220341 0.896157
vt 0.210922 0.896157
vt 0.210922 0.568681
vt 0.220341 0.568681
vt 0.023149 0.568682
vt 0.023150 0.896158
vt 0.079504 0.568681
vt 0.088923 0.568681
vt 0.088923 0.896157
vt 0.079504 0.896157
vt 0.145149 0.568681
vt 0.154568 0.568681
vt 0.154568 0.896157
vt 0.145149 0.896157
vt 0.281309 0.960551
vt 0.276567 0.960551
vt 0.276567 0.904197
vt 0.281309 0.904197
vt 0.088923 0.899520
vt 0.145149 0.899520
vt 0.220341 0.960552
vt 0.215600 0.960552
vt 0.215599 0.904198
vt 0.220341 0.904198
vt 0.281308 0.896157
vt 0.276567 0.896157
vt 0.276567 0.568681
vt 0.281309 0.568681
vt 0.220341 0.896157
vt 0.210922 0.896157
vt 0.210922 0.568681
vt 0.220341 0.568681
vt 0.023149 0.568682
vt 0.023150 0.896158
vt 0.079504 0.568681
vt 0.088923 0.568681
vt 0.088923 0.896157
vt 0.079504 0.896157
vt 0.145149 0.568681
vt 0.154568 0.568681
vt 0.154568 0.896157
vt 0.145149 0.896157
vt 0.281309 0.960551
vt 0.276567 0.960551
vt 0.276567 0.904197
vt 0.281309 0.904197
vt 0.088923 0.899520
vt 0.145149 0.899520
vt 0.220341 0.960552
vt 0.215600 0.960552
vt 0.215599 0.904198
vt 0.220341 0.904198
vt 0.281308 0.896157
vt 0.276567 0.896157
vt 0.276567 0.568681
vt 0.281309 0.568681
vt 0.220341 0.896157
vt 0.210922 0.896157
vt 0.210922 0.568681
vt 0.220341 0.568681
vt 0.023149 0.568682
vt 0.023150 0.896158
vt 0.379249 0.163914
vt 0.403904 0.163915
vt 0.403904 0.540612
vt 0.379249 0.540613
vt 0.378863 0.561705
vt 0.294202 0.561702
vt 0.294203 0.540612
vt 0.519471 0.540612
vt 0.487805 0.540612
vt 0.487805 0.163915
vt 0.519471 0.163915
vt 0.294202 0.163916
vt 0.294202 0.142826
vt 0.378863 0.142823
vt 0.379249 0.163914
vt 0.403904 0.163915
vt 0.403904 0.540612
vt 0.379249 0.540613
vt 0.378863 0.561705
vt 0.294202 0.561702
vt 0.294203 0.540612
vt 0.519471 0.540612
vt 0.487805 0.540612
vt 0.487805 0.163915
vt 0.519471 0.163915
vt 0.294202 0.163916
vt 0.294202 0.142826
vt 0.378863 0.142823
vt 0.379249 0.163914
vt 0.403904 0.163915
vt 0.403904 0.540612
vt 0.379249 0.540613
vt 0.378863 0.561705
vt 0.294202 0.561702
vt 0.294203 0.540612
vt 0.519471 0.540612
vt 0.487805 0.540612
vt 0.487805 0.163915
vt 0.519471 0.163915
vt 0.294202 0.163916
vt 0.294202 0.142826
vt 0.378863 0.142823
vt 0.379249 0.163914
vt 0.403904 0.163915
vt 0.403904 0.540612
vt 0.379249 0.540613
vt 0.378863 0.561705
vt 0.294202 0.561702
vt 0.294203 0.540612
vt 0.519471 0.540612
vt 0.487805 0.540612
vt 0.487805 0.163915
vt 0.519471 0.163915
vt 0.294202 0.163916
vt 0.294202 0.142826
vt 0.378863 0.142823
vt 0.379249 0.163914
vt 0.403904 0.163915
vt 0.403904 0.540612
vt 0.379249 0.540613
vt 0.378863 0.561705
vt 0.294202 0.561702
vt 0.294203 0.540612
vt 0.519471 0.540612
vt 0.487805 0.540612
vt 0.487805 0.163915
vt 0.519471 0.163915
vt 0.294202 0.163916
vt 0.294202 0.142826
vt 0.378863 0.142823
vt 0.379249 0.163914
vt 0.403904 0.163915
vt 0.403904 0.540612
vt 0.379249 0.540613
vt 0.378863 0.561705
vt 0.294202 0.561702
vt 0.294203 0.540612
vt 0.519471 0.540612
vt 0.487805 0.540612
vt 0.487805 0.163915
vt 0.519471 0.163915
vt 0.294202 0.163916
vt 0.294202 0.142826
vt 0.378863 0.142823
vt 0.079504 0.568681
vt 0.088923 0.568681
vt 0.088923 0.896157
vt 0.079504 0.896157
vt 0.145149 0.568681
vt 0.154568 0.568681
vt 0.154568 0.896157
vt 0.145149 0.896157
vt 0.281309 0.960551
vt 0.276567 0.960551
vt 0.276567 0.904197
vt 0.281309 0.904197
vt 0.088923 0.899520
vt 0.145149 0.899520
vt 0.220341 0.960552
vt 0.215600 0.960552
vt 0.215599 0.904198
vt 0.220341 0.904198
vt 0.281308 0.896157
vt 0.276567 0.896157
vt 0.276567 0.568681
vt 0.281309 0.568681
vt 0.220341 0.896157
vt 0.210922 0.896157
vt 0.210922 0.568681
vt 0.220341 0.568681
vt 0.023149 0.568682
vt 0.023150 0.896158
vt 0.622290 0.044541
vt 0.623235 0.064240
vt 0.418728 0.065174
vt 0.416687 0.045908
vt 0.419860 0.103878
vt 0.421702 0.084589
vt 0.624548 0.083784
vt 0.623778 0.103071
vt 0.623361 0.024715
vt 0.419444 0.026462
vt 0.622290 0.044541
vt 0.623235 0.064240
vt 0.418728 0.065174
vt 0.416687 0.045908
vt 0.419860 0.103878
vt 0.421702 0.084589
vt 0.624548 0.083784
vt 0.623778 0.103071
vt 0.623361 0.024715
vt 0.419444 0.026462
vt 0.622290 0.044541
vt 0.623235 0.064240
vt 0.418728 0.065174
vt 0.416687 0.045908
vt 0.419860 0.103878
vt 0.421702 0.084589
vt 0.624548 0.083784
vt 0.623778 0.103071
vt 0.623361 0.024715
vt 0.419444 0.026462
vt 0.079504 0.568681
vt 0.088923 0.568681
vt 0.088923 0.896157
vt 0.079504 0.896157
vt 0.145149 0.568681
vt 0.154568 0.568681
vt 0.154568 0.896157
vt 0.145149 0.896157
vt 0.281309 0.960551
vt 0.276567 0.960551
vt 0.276567 0.904197
vt 0.281309 0.904197
vt 0.088923 0.899520
vt 0.145149 0.899520
vt 0.220341 0.960552
vt 0.215600 0.960552
vt 0.215599 0.904198
vt 0.220341 0.904198
vt 0.281308 0.896157
vt 0.276567 0.896157
vt 0.276567 0.568681
vt 0.281309 0.568681
vt 0.220341 0.896157
vt 0.210922 0.896157
vt 0.210922 0.568681
vt 0.220341 0.568681
vt 0.023149 0.568682
vt 0.023150 0.896158
vt 0.276567 0.213521
vt 0.281308 0.213521
vt 0.281308 0.269875
vt 0.276567 0.269875
vt 0.088923 0.277916
vt 0.088923 0.274553
vt 0.145149 0.274553
vt 0.145149 0.277916
vt 0.079504 0.568681
vt 0.088923 0.568681
vt 0.088923 0.896157
vt 0.079504 0.896157
vt 0.215599 0.213522
vt 0.220340 0.213522
vt 0.220341 0.269875
vt 0.215599 0.269875
vt 0.145149 0.568681
vt 0.154568 0.568681
vt 0.154568 0.896157
vt 0.145149 0.896157
vt 0.281309 0.960551
vt 0.276567 0.960551
vt 0.276567 0.904197
vt 0.281309 0.904197
vt 0.088923 0.899520
vt 0.145149 0.899520
vt 0.220341 0.960552
vt 0.215600 0.960552
vt 0.215599 0.904198
vt 0.220341 0.904198
vt 0.281308 0.896157
vt 0.276567 0.896157
vt 0.276567 0.568681
vt 0.281309 0.568681
vt 0.220341 0.896157
vt 0.210922 0.896157
vt 0.210922 0.568681
vt 0.220341 0.568681
vt 0.276567 0.277916
vt 0.220341 0.277916
vt 0.023149 0.568682
vt 0.023150 0.896158
vt 0.079504 0.277916
vt 0.154568 0.277916
vt 0.281309 0.277916
vt 0.210922 0.277916
vt 0.023149 0.277917
vt 0.276567 0.213521
vt 0.281308 0.213521
vt 0.281308 0.269875
vt 0.276567 0.269875
vt 0.088923 0.277916
vt 0.088923 0.274553
vt 0.145149 0.274553
vt 0.145149 0.277916
vt 0.079504 0.568681
vt 0.088923 0.568681
vt 0.088923 0.896157
vt 0.079504 0.896157
vt 0.215599 0.213522
vt 0.220340 0.213522
vt 0.220341 0.269875
vt 0.215599 0.269875
vt 0.145149 0.568681
vt 0.154568 0.568681
vt 0.154568 0.896157
vt 0.145149 0.896157
vt 0.281309 0.960551
vt 0.276567 0.960551
vt 0.276567 0.904197
vt 0.281309 0.904197
vt 0.088923 0.899520
vt 0.145149 0.899520
vt 0.220341 0.960552
vt 0.215600 0.960552
vt 0.215599 0.904198
vt 0.220341 0.904198
vt 0.281308 0.896157
vt 0.276567 0.896157
vt 0.276567 0.568681
vt 0.281309 0.568681
vt 0.220341 0.896157
vt 0.210922 0.896157
vt 0.210922 0.568681
vt 0.220341 0.568681
vt 0.276567 0.277916
vt 0.220341 0.277916
vt 0.023149 0.568682
vt 0.023150 0.896158
vt 0.079504 0.277916
vt 0.154568 0.277916
vt 0.281309 0.277916
vt 0.210922 0.277916
vt 0.023149 0.277917
vt 0.276567 0.213521
vt 0.281308 0.213521
vt 0.281308 0.269875
vt 0.276567 0.269875
vt 0.088923 0.277916
vt 0.088923 0.274553
vt 0.145149 0.274553
vt 0.145149 0.277916
vt 0.079504 0.568681
vt 0.088923 0.568681
vt 0.088923 0.896157
vt 0.079504 0.896157
vt 0.215599 0.213522
vt 0.220340 0.213522
vt 0.220341 0.269875
vt 0.215599 0.269875
vt 0.145149 0.568681
vt 0.154568 0.568681
vt 0.154568 0.896157
vt 0.145149 0.896157
vt 0.281309 0.960551
vt 0.276567 0.960551
vt 0.276567 0.904197
vt 0.281309 0.904197
vt 0.088923 0.899520
vt 0.145149 0.899520
vt 0.220341 0.960552
vt 0.215600 0.960552
vt 0.215599 0.904198
vt 0.220341 0.904198
vt 0.281308 0.896157
vt 0.276567 0.896157
vt 0.276567 0.568681
vt 0.281309 0.568681
vt 0.220341 0.896157
vt 0.210922 0.896157
vt 0.210922 0.568681
vt 0.220341 0.568681
vt 0.276567 0.277916
vt 0.220341 0.277916
vt 0.023149 0.568682
vt 0.023150 0.896158
vt 0.079504 0.277916
vt 0.154568 0.277916
vt 0.281309 0.277916
vt 0.210922 0.277916
vt 0.023149 0.277917
vt 0.079504 0.568681
vt 0.088923 0.568681
vt 0.088923 0.896157
vt 0.079504 0.896157
vt 0.145149 0.568681
vt 0.154568 0.568681
vt 0.154568 0.896157
vt 0.145149 0.896157
vt 0.281309 0.960551
vt 0.276567 0.960551
vt 0.276567 0.904197
vt 0.281309 0.904197
vt 0.088923 0.899520
vt 0.145149 0.899520
vt 0.220341 0.960552
vt 0.215600 0.960552
vt 0.215599 0.904198
vt 0.220341 0.904198
vt 0.281308 0.896157
vt 0.276567 0.896157
vt 0.276567 0.568681
vt 0.281309 0.568681
vt 0.220341 0.896157
vt 0.210922 0.896157
vt 0.210922 0.568681
vt 0.220341 0.568681
vt 0.023149 0.568682
vt 0.023150 0.896158
vt 0.276567 0.213521
vt 0.281308 0.213521
vt 0.281308 0.269875
vt 0.276567 0.269875
vt 0.088923 0.277916
vt 0.088923 0.274553
vt 0.145149 0.274553
vt 0.145149 0.277916
vt 0.079504 0.568681
vt 0.088923 0.568681
vt 0.088923 0.896157
vt 0.079504 0.896157
vt 0.215599 0.213522
vt 0.220340 0.213522
vt 0.220341 0.269875
vt 0.215599 0.269875
vt 0.145149 0.568681
vt 0.154568 0.568681
vt 0.154568 0.896157
vt 0.145149 0.896157
vt 0.281309 0.960551
vt 0.276567 0.960551
vt 0.276567 0.904197
vt 0.281309 0.904197
vt 0.088923 0.899520
vt 0.145149 0.899520
vt 0.220341 0.960552
vt 0.215600 0.960552
vt 0.215599 0.904198
vt 0.220341 0.904198
vt 0.281308 0.896157
vt 0.276567 0.896157
vt 0.276567 0.568681
vt 0.281309 0.568681
vt 0.220341 0.896157
vt 0.210922 0.896157
vt 0.210922 0.568681
vt 0.220341 0.568681
vt 0.276567 0.277916
vt 0.220341 0.277916
vt 0.023149 0.568682
vt 0.023150 0.896158
vt 0.079504 0.277916
vt 0.154568 0.277916
vt 0.281309 0.277916
vt 0.210922 0.277916
vt 0.023149 0.277917
vt 0.079504 0.568681
vt 0.088923 0.568681
vt 0.088923 0.896157
vt 0.079504 0.896157
vt 0.145149 0.568681
vt 0.154568 0.568681
vt 0.154568 0.896157
vt 0.145149 0.896157
vt 0.281309 0.960551
vt 0.276567 0.960551
vt 0.276567 0.904197
vt 0.281309 0.904197
vt 0.088923 0.899520
vt 0.145149 0.899520
vt 0.220341 0.960552
vt 0.215600 0.960552
vt 0.215599 0.904198
vt 0.220341 0.904198
vt 0.281308 0.896157
vt 0.276567 0.896157
vt 0.276567 0.568681
vt 0.281309 0.568681
vt 0.220341 0.896157
vt 0.210922 0.896157
vt 0.210922 0.568681
vt 0.220341 0.568681
vt 0.023149 0.568682
vt 0.023150 0.896158
vt 0.079504 0.568681
vt 0.088923 0.568681
vt 0.088923 0.896157
vt 0.079504 0.896157
vt 0.145149 0.568681
vt 0.154568 0.568681
vt 0.154568 0.896157
vt 0.145149 0.896157
vt 0.281309 0.960551
vt 0.276567 0.960551
vt 0.276567 0.904197
vt 0.281309 0.904197
vt 0.088923 0.899520
vt 0.145149 0.899520
vt 0.220341 0.960552
vt 0.215600 0.960552
vt 0.215599 0.904198
vt 0.220341 0.904198
vt 0.281308 0.896157
vt 0.276567 0.896157
vt 0.276567 0.568681
vt 0.281309 0.568681
vt 0.220341 0.896157
vt 0.210922 0.896157
vt 0.210922 0.568681
vt 0.220341 0.568681
vt 0.023149 0.568682
vt 0.023150 0.896158
vt 0.276567 0.213521
vt 0.281308 0.213521
vt 0.281308 0.269875
vt 0.276567 0.269875
vt 0.088923 0.277916
vt 0.088923 0.274553
vt 0.145149 0.274553
vt 0.145149 0.277916
vt 0.079504 0.568681
vt 0.088923 0.568681
vt 0.088923 0.896157
vt 0.079504 0.896157
vt 0.215599 0.213522
vt 0.220340 0.213522
vt 0.220341 0.269875
vt 0.215599 0.269875
vt 0.145149 0.568681
vt 0.154568 0.568681
vt 0.154568 0.896157
vt 0.145149 0.896157
vt 0.281309 0.960551
vt 0.276567 0.960551
vt 0.276567 0.904197
vt 0.281309 0.904197
vt 0.088923 0.899520
vt 0.145149 0.899520
vt 0.220341 0.960552
vt 0.215600 0.960552
vt 0.215599 0.904198
vt 0.220341 0.904198
vt 0.281308 0.896157
vt 0.276567 0.896157
vt 0.276567 0.568681
vt 0.281309 0.568681
vt 0.220341 0.896157
vt 0.210922 0.896157
vt 0.210922 0.568681
vt 0.220341 0.568681
vt 0.276567 0.277916
vt 0.220341 0.277916
vt 0.023149 0.568682
vt 0.023150 0.896158
vt 0.079504 0.277916
vt 0.154568 0.277916
vt 0.281309 0.277916
vt 0.210922 0.277916
vt 0.023149 0.277917
vt 0.079504 0.568681
vt 0.088923 0.568681
vt 0.088923 0.896157
vt 0.079504 0.896157
vt 0.145149 0.568681
vt 0.154568 0.568681
vt 0.154568 0.896157
vt 0.145149 0.896157
vt 0.281309 0.960551
vt 0.276567 0.960551
vt 0.276567 0.904197
vt 0.281309 0.904197
vt 0.088923 0.899520
vt 0.145149 0.899520
vt 0.220341 0.960552
vt 0.215600 0.960552
vt 0.215599 0.904198
vt 0.220341 0.904198
vt 0.281308 0.896157
vt 0.276567 0.896157
vt 0.276567 0.568681
vt 0.281309 0.568681
vt 0.220341 0.896157
vt 0.210922 0.896157
vt 0.210922 0.568681
vt 0.220341 0.568681
vt 0.023149 0.568682
vt 0.023150 0.896158
vt 0.276567 0.213521
vt 0.281308 0.213521
vt 0.281308 0.269875
vt 0.276567 0.269875
vt 0.088923 0.277916
vt 0.088923 0.274553
vt 0.145149 0.274553
vt 0.145149 0.277916
vt 0.079504 0.568681
vt 0.088923 0.568681
vt 0.088923 0.896157
vt 0.079504 0.896157
vt 0.215599 0.213522
vt 0.220340 0.213522
vt 0.220341 0.269875
vt 0.215599 0.269875
vt 0.145149 0.568681
vt 0.154568 0.568681
vt 0.154568 0.896157
vt 0.145149 0.896157
vt 0.281309 0.960551
vt 0.276567 0.960551
vt 0.276567 0.904197
vt 0.281309 0.904197
vt 0.088923 0.899520
vt 0.145149 0.899520
vt 0.220341 0.960552
vt 0.215600 0.960552
vt 0.215599 0.904198
vt 0.220341 0.904198
vt 0.281308 0.896157
vt 0.276567 0.896157
vt 0.276567 0.568681
vt 0.281309 0.568681
vt 0.220341 0.896157
vt 0.210922 0.896157
vt 0.210922 0.568681
vt 0.220341 0.568681
vt 0.276567 0.277916
vt 0.220341 0.277916
vt 0.023149 0.568682
vt 0.023150 0.896158
vt 0.079504 0.277916
vt 0.154568 0.277916
vt 0.281309 0.277916
vt 0.210922 0.277916
vt 0.023149 0.277917
vn 0.119732 0.963485 -0.239501
vn 0.999217 0.038393 -0.009541
vn 0.999216 0.037708 -0.012089
vn 0.119699 0.962765 -0.242396
vn 0.994701 -0.099775 0.024805
vn 0.045396 -0.969464 0.240994
vn 0.045363 -0.970182 0.238096
vn 0.994702 -0.100364 0.022231
vn 0.119699 0.962765 -0.242396
vn 0.081451 -0.170807 -0.981932
vn -0.075957 -0.165977 -0.983200
vn -0.045363 0.968743 -0.243885
vn 0.081451 -0.170807 -0.981932
vn 0.999216 0.037708 -0.012089
vn 0.994702 -0.100364 0.022231
vn 0.075957 -0.313705 -0.946478
vn 0.075957 -0.313705 -0.946478
vn 0.045363 -0.970182 0.238096
vn -0.119699 -0.964203 0.236612
vn -0.081451 -0.308843 -0.947619
vn -0.045363 0.968743 -0.243885
vn -0.994703 0.099091 -0.027350
vn -0.994701 0.099776 -0.024800
vn -0.045396 0.969466 -0.240988
vn -0.994703 0.099091 -0.027350
vn -0.075957 -0.165977 -0.983200
vn -0.081451 -0.308843 -0.947619
vn -0.999216 -0.038979 0.006974
vn -0.999216 -0.038979 0.006974
vn -0.119699 -0.964203 0.236612
vn -0.119732 -0.963484 0.239507
vn -0.999217 -0.038392 0.009546
vn 0.999217 0.038393 -0.009541
vn 0.994701 -0.099775 0.024805
vn 0.994702 -0.100364 0.022231
vn 0.999216 0.037708 -0.012089
vn 0.081451 -0.170807 -0.981932
vn 0.075957 -0.313705 -0.946478
vn -0.081451 -0.308843 -0.947619
vn -0.075957 -0.165977 -0.983200
vn -0.994703 0.099091 -0.027350
vn -0.999216 -0.038979 0.006974
vn -0.999217 -0.038392 0.009546
vn -0.994701 0.099776 -0.024800
vn 0.045396 -0.969464 0.240994
vn -0.119732 -0.963484 0.239507
vn -0.119699 -0.964203 0.236612
vn 0.045363 -0.970182 0.238096
vn -0.045396 0.969466 -0.240988
vn 0.119732 0.963485 -0.239501
vn 0.119699 0.962765 -0.242396
vn -0.045363 0.968743 -0.243885
vn 0.119699 0.962765 -0.242396
vn 0.999216 0.037708 -0.012089
vn 0.081451 -0.170807 -0.981932
vn 0.075957 -0.313705 -0.946478
vn 0.994702 -0.100364 0.022231
vn 0.045363 -0.970182 0.238096
vn -0.045363 0.968743 -0.243885
vn -0.075957 -0.165977 -0.983200
vn -0.994703 0.099091 -0.027350
vn -0.999216 -0.038979 0.006974
vn -0.081451 -0.308843 -0.947619
vn -0.119699 -0.964203 0.236612
vn 0.119732 0.989036 -0.086439
vn 0.999217 0.039411 -0.003442
vn 0.999216 0.039131 -0.006066
vn 0.119699 0.988776 -0.089411
vn 0.994701 -0.102421 0.008954
vn 0.045396 -0.995175 0.086982
vn 0.045363 -0.995432 0.084008
vn 0.994702 -0.102602 0.006320
vn 0.119699 0.988776 -0.089411
vn 0.081451 -0.015710 -0.996554
vn -0.075957 -0.010741 -0.997053
vn -0.045363 0.994913 -0.089950
vn 0.081451 -0.015710 -0.996554
vn 0.999216 0.039131 -0.006066
vn 0.994702 -0.102602 0.006320
vn 0.075957 -0.162387 -0.983799
vn 0.075957 -0.162387 -0.983799
vn 0.045363 -0.995432 0.084008
vn -0.119699 -0.989295 0.083474
vn -0.081451 -0.157406 -0.984169
vn -0.045363 0.994913 -0.089950
vn -0.994703 0.102142 -0.011575
vn -0.994701 0.102422 -0.008949
vn -0.045396 0.995176 -0.086976
vn -0.994703 0.102142 -0.011575
vn -0.075957 -0.010741 -0.997053
vn -0.081451 -0.157406 -0.984169
vn -0.999216 -0.039589 0.000815
vn -0.999216 -0.039589 0.000815
vn -0.119699 -0.989295 0.083474
vn -0.119732 -0.989036 0.086445
vn -0.999217 -0.039410 0.003447
vn 0.999217 0.039411 -0.003442
vn 0.994701 -0.102421 0.008954
vn 0.994702 -0.102602 0.006320
vn 0.999216 0.039131 -0.006066
vn 0.081451 -0.015710 -0.996554
vn 0.075957 -0.162387 -0.983799
vn -0.081451 -0.157406 -0.984169
vn -0.075957 -0.010741 -0.997053
vn -0.994703 0.102142 -0.011575
vn -0.999216 -0.039589 0.000815
vn -0.999217 -0.039410 0.003447
vn -0.994701 0.102422 -0.008949
vn 0.045396 -0.995175 0.086982
vn -0.119732 -0.989036 0.086445
vn -0.119699 -0.989295 0.083474
vn 0.045363 -0.995432 0.084008
vn -0.045396 0.995176 -0.086976
vn 0.119732 0.989036 -0.086439
vn 0.119699 0.988776 -0.089411
vn -0.045363 0.994913 -0.089950
vn 0.119699 0.988776 -0.089411
vn 0.999216 0.039131 -0.006066
vn 0.081451 -0.015710 -0.996554
vn 0.075957 -0.162387 -0.983799
vn 0.994702 -0.102602 0.006320
vn 0.045363 -0.995432 0.084008
vn -0.045363 0.994913 -0.089950
vn -0.075957 -0.010741 -0.997053
vn -0.994703 0.102142 -0.011575
vn -0.999216 -0.039589 0.000815
vn -0.081451 -0.157406 -0.984169
vn -0.119699 -0.989295 0.083474
vn -0.529428 0.083143 0.844271
vn -0.997182 0.074718 -0.006713
vn -0.865751 -0.500471 -0.001910
vn -0.633225 -0.360226 0.685028
vn -0.997182 0.074718 -0.006713
vn -0.130907 0.056963 -0.989757
vn -0.500181 -0.252458 -0.828302
vn -0.865751 -0.500471 -0.001910
vn -0.997182 0.074718 -0.006713
vn -0.529428 0.083143 0.844271
vn -0.573886 0.456618 0.679820
vn -0.829250 0.558878 -0.000497
vn -0.130907 0.056963 -0.989757
vn -0.997182 0.074718 -0.006713
vn -0.829250 0.558878 -0.000497
vn -0.470326 0.333946 -0.816868
vn -0.829250 0.558878 -0.000497
vn -0.573886 0.456618 0.679820
vn -0.027917 0.172040 0.984694
vn -0.063813 0.992579 -0.103516
vn -0.470326 0.333946 -0.816868
vn -0.829250 0.558878 -0.000497
vn -0.063813 0.992579 -0.103516
vn -0.059901 -0.106032 -0.992557
vn -0.063813 0.992579 -0.103516
vn -0.027917 0.172040 0.984694
vn 0.074319 0.200113 0.976950
vn 0.118471 0.986988 -0.108713
vn -0.059901 -0.106032 -0.992557
vn -0.063813 0.992579 -0.103516
vn 0.118471 0.986988 -0.108713
vn -0.002046 -0.069362 -0.997590
vn 0.118471 0.986988 -0.108713
vn 0.074319 0.200113 0.976950
vn 0.704134 0.263953 0.659185
vn 0.903854 0.421207 -0.075053
vn -0.002046 -0.069362 -0.997590
vn 0.118471 0.986988 -0.108713
vn 0.903854 0.421207 -0.075053
vn 0.441048 0.160011 -0.883104
vn 0.903854 0.421207 -0.075053
vn 0.704134 0.263953 0.659185
vn 0.735324 -0.164312 0.657495
vn 0.974549 -0.211312 -0.074843
vn 0.441048 0.160011 -0.883104
vn 0.903854 0.421207 -0.075053
vn 0.974549 -0.211312 -0.074843
vn 0.426927 -0.101440 -0.898578
vn 0.974549 -0.211312 -0.074843
vn 0.735324 -0.164312 0.657495
vn 0.406801 -0.386470 0.827740
vn 0.779983 -0.620082 -0.084414
vn 0.426927 -0.101440 -0.898578
vn 0.974549 -0.211312 -0.074843
vn 0.779983 -0.620082 -0.084414
vn 0.159162 -0.188879 -0.969016
vn 0.779983 -0.620082 -0.084414
vn 0.406801 -0.386470 0.827740
vn 0.047524 -0.294883 0.954351
vn 0.021733 -0.995849 -0.088385
vn 0.159162 -0.188879 -0.969016
vn 0.779983 -0.620082 -0.084414
vn 0.021733 -0.995849 -0.088385
vn 0.006146 -0.016713 -0.999841
vn 0.021733 -0.995849 -0.088385
vn 0.047524 -0.294883 0.954351
vn 0.003554 -0.201699 0.979441
vn -0.033586 -0.994542 -0.098788
vn 0.006146 -0.016713 -0.999841
vn 0.021733 -0.995849 -0.088385
vn -0.033586 -0.994542 -0.098788
vn -0.033673 0.074405 -0.996659
vn -0.033586 -0.994542 -0.098788
vn 0.003554 -0.201699 0.979441
vn -0.633225 -0.360226 0.685028
vn -0.865751 -0.500471 -0.001910
vn -0.033673 0.074405 -0.996659
vn -0.033586 -0.994542 -0.098788
vn -0.865751 -0.500471 -0.001910
vn -0.500181 -0.252458 -0.828302
vn -0.009206 0.998486 0.054229
vn -0.009206 0.998486 0.054229
vn -0.009206 0.998486 0.054229
vn -0.009206 0.998486 0.054229
vn 0.000000 0.054231 -0.998528
vn 0.000000 0.054231 -0.998528
vn 0.000000 0.054231 -0.998528
vn 0.000000 0.054231 -0.998528
vn 0.009206 -0.998486 -0.054229
vn 0.009206 -0.998486 -0.054229
vn 0.009206 -0.998486 -0.054229
vn 0.009206 -0.998486 -0.054229
vn 0.000000 -0.054231 0.998528
vn 0.000000 -0.054231 0.998528
vn 0.000000 -0.054231 0.998528
vn 0.000000 -0.054231 0.998528
vn 0.999958 0.009192 0.000499
vn 0.999958 0.009192 0.000499
vn 0.999958 0.009192 0.000499
vn 0.999958 0.009192 0.000499
vn -0.999958 -0.009192 -0.000499
vn -0.999958 -0.009192 -0.000499
vn -0.999958 -0.009192 -0.000499
vn -0.999958 -0.009192 -0.000499
vn -0.529268 -0.027083 0.848023
vn -0.996727 0.080758 0.003694
vn -0.868653 -0.490693 -0.068289
vn -0.635585 -0.444649 0.631125
vn -0.996727 0.080758 0.003694
vn -0.130182 0.189184 -0.973274
vn -0.501317 -0.136843 -0.854374
vn -0.868653 -0.490693 -0.068289
vn -0.996727 0.080758 0.003694
vn -0.529268 -0.027083 0.848023
vn -0.571484 0.365236 0.734853
vn -0.825978 0.558778 0.074344
vn -0.130182 0.189184 -0.973274
vn -0.996727 0.080758 0.003694
vn -0.825978 0.558778 0.074344
vn -0.468049 0.442616 -0.764867
vn -0.825978 0.558778 0.074344
vn -0.571484 0.365236 0.734853
vn -0.027303 0.039371 0.998852
vn -0.057985 0.997873 0.029776
vn -0.468049 0.442616 -0.764867
vn -0.825978 0.558778 0.074344
vn -0.057985 0.997873 0.029776
vn -0.060126 0.027607 -0.997809
vn -0.057985 0.997873 0.029776
vn -0.027303 0.039371 0.998852
vn 0.075098 0.067630 0.994880
vn 0.124265 0.991963 0.023811
vn -0.060126 0.027607 -0.997809
vn -0.057985 0.997873 0.029776
vn 0.124265 0.991963 0.023811
vn -0.002056 0.064282 -0.997930
vn 0.124265 0.991963 0.023811
vn 0.075098 0.067630 0.994880
vn 0.705400 0.169595 0.688221
vn 0.906323 0.422177 -0.018570
vn -0.002056 0.064282 -0.997930
vn 0.124265 0.991963 0.023811
vn 0.906323 0.422177 -0.018570
vn 0.442322 0.273756 -0.854055
vn 0.906323 0.422177 -0.018570
vn 0.705400 0.169595 0.688221
vn 0.734094 -0.254795 0.629433
vn 0.973330 -0.205124 -0.102725
vn 0.442322 0.273756 -0.854055
vn 0.906323 0.422177 -0.018570
vn 0.973330 -0.205124 -0.102725
vn 0.426684 0.016789 -0.904245
vn 0.973330 -0.205124 -0.102725
vn 0.734094 -0.254795 0.629433
vn 0.404214 -0.495749 0.768664
vn 0.776388 -0.607826 -0.166639
vn 0.426684 0.016789 -0.904245
vn 0.973330 -0.205124 -0.102725
vn 0.776388 -0.607826 -0.166639
vn 0.158441 -0.058916 -0.985609
vn 0.776388 -0.607826 -0.166639
vn 0.404214 -0.495749 0.768664
vn 0.045427 -0.419769 0.906493
vn 0.015963 -0.975282 -0.220384
vn 0.158441 -0.058916 -0.985609
vn 0.776388 -0.607826 -0.166639
vn 0.015963 -0.975282 -0.220384
vn 0.006443 0.116713 -0.993145
vn 0.015963 -0.975282 -0.220384
vn 0.045427 -0.419769 0.906493
vn 0.001991 -0.330508 0.943801
vn -0.039344 -0.972277 -0.230498
vn 0.006443 0.116713 -0.993145
vn 0.015963 -0.975282 -0.220384
vn -0.039344 -0.972277 -0.230498
vn -0.032845 0.206824 -0.977827
vn -0.039344 -0.972277 -0.230498
vn 0.001991 -0.330508 0.943801
vn -0.635585 -0.444649 0.631125
vn -0.868653 -0.490693 -0.068289
vn -0.032845 0.206824 -0.977827
vn -0.039344 -0.972277 -0.230498
vn -0.868653 -0.490693 -0.068289
vn -0.501317 -0.136843 -0.854374
vn -0.007470 0.992766 0.119829
vn 0.011033 0.039558 0.999156
vn 0.012940 0.039540 0.999134
vn -0.005315 0.992788 0.119770
vn 0.012248 -0.102804 0.994626
vn 0.009403 -0.998930 0.045293
vn 0.011560 -0.998909 0.045237
vn 0.014156 -0.102723 0.994609
vn -0.005315 0.992788 0.119770
vn 0.988286 0.114624 0.100755
vn 0.985827 0.121492 -0.115697
vn -0.007249 0.998948 -0.045284
vn 0.988286 0.114624 0.100755
vn 0.012940 0.039540 0.999134
vn 0.014156 -0.102723 0.994609
vn 0.991740 -0.087977 0.093335
vn 0.991740 -0.087977 0.093335
vn 0.011560 -0.998909 0.045237
vn 0.009622 -0.992749 -0.119823
vn 0.989030 -0.081090 -0.123467
vn -0.007249 0.998948 -0.045284
vn -0.010344 0.102787 -0.994650
vn -0.012252 0.102804 -0.994626
vn -0.009407 0.998930 -0.045293
vn -0.010344 0.102787 -0.994650
vn 0.985827 0.121492 -0.115697
vn 0.989030 -0.081090 -0.123467
vn -0.009131 -0.039475 -0.999179
vn -0.009131 -0.039475 -0.999179
vn 0.009622 -0.992749 -0.119823
vn 0.007466 -0.992767 -0.119829
vn -0.011037 -0.039558 -0.999156
vn 0.011033 0.039558 0.999156
vn 0.012248 -0.102804 0.994626
vn 0.014156 -0.102723 0.994609
vn 0.012940 0.039540 0.999134
vn 0.988286 0.114624 0.100755
vn 0.991740 -0.087977 0.093335
vn 0.989030 -0.081090 -0.123467
vn 0.985827 0.121492 -0.115697
vn -0.010344 0.102787 -0.994650
vn -0.009131 -0.039475 -0.999179
vn -0.011037 -0.039558 -0.999156
vn -0.012252 0.102804 -0.994626
vn 0.009403 -0.998930 0.045293
vn 0.007466 -0.992767 -0.119829
vn 0.009622 -0.992749 -0.119823
vn 0.011560 -0.998909 0.045237
vn -0.009407 0.998930 -0.045293
vn -0.007470 0.992766 0.119829
vn -0.005315 0.992788 0.119770
vn -0.007249 0.998948 -0.045284
vn -0.005315 0.992788 0.119770
vn 0.012940 0.039540 0.999134
vn 0.988286 0.114624 0.100755
vn 0.991740 -0.087977 0.093335
vn 0.014156 -0.102723 0.994609
vn 0.011560 -0.998909 0.045237
vn -0.007249 0.998948 -0.045284
vn 0.985827 0.121492 -0.115697
vn -0.010344 0.102787 -0.994650
vn -0.009131 -0.039475 -0.999179
vn 0.989030 -0.081090 -0.123467
vn 0.009622 -0.992749 -0.119823
vn -0.529428 0.060577 0.846190
vn -0.997182 0.074870 -0.004716
vn -0.865751 -0.500242 -0.015269
vn -0.633225 -0.378383 0.675168
vn -0.997182 0.074870 -0.004716
vn -0.130907 0.083362 -0.987884
vn -0.500181 -0.230258 -0.834746
vn -0.865751 -0.500242 -0.015269
vn -0.997182 0.074870 -0.004716
vn -0.529428 0.060577 0.846190
vn -0.573886 0.438309 0.691766
vn -0.829250 0.558692 0.014421
vn -0.130907 0.083362 -0.987884
vn -0.997182 0.074870 -0.004716
vn -0.829250 0.558692 0.014421
vn -0.470326 0.355632 -0.807663
vn -0.829250 0.558692 0.014421
vn -0.573886 0.438309 0.691766
vn -0.027917 0.145694 0.988936
vn -0.063813 0.994988 -0.076984
vn -0.470326 0.355632 -0.807663
vn -0.829250 0.558692 0.014421
vn -0.063813 0.994988 -0.076984
vn -0.059901 -0.079500 -0.995034
vn -0.063813 0.994988 -0.076984
vn -0.027917 0.145694 0.988936
vn 0.074319 0.173964 0.981944
vn 0.118471 0.989539 -0.082328
vn -0.059901 -0.079500 -0.995034
vn -0.063813 0.994988 -0.076984
vn 0.118471 0.989539 -0.082328
vn -0.002046 -0.042709 -0.999086
vn 0.118471 0.989539 -0.082328
vn 0.074319 0.173964 0.981944
vn 0.704134 0.246263 0.665995
vn 0.903854 0.423061 -0.063783
vn -0.002046 -0.042709 -0.999086
vn 0.118471 0.989539 -0.082328
vn 0.903854 0.423061 -0.063783
vn 0.441048 0.183527 -0.878518
vn 0.903854 0.423061 -0.063783
vn 0.704134 0.246263 0.665995
vn 0.735324 -0.181805 0.652875
vn 0.974549 -0.209239 -0.080457
vn 0.441048 0.183527 -0.878518
vn 0.903854 0.423061 -0.063783
vn 0.974549 -0.209239 -0.080457
vn 0.426927 -0.077418 -0.900966
vn 0.974549 -0.209239 -0.080457
vn 0.735324 -0.181805 0.652875
vn 0.406801 -0.408427 0.817129
vn 0.779983 -0.617607 -0.100936
vn 0.426927 -0.077418 -0.900966
vn 0.974549 -0.209239 -0.080457
vn 0.779983 -0.617607 -0.100936
vn 0.159161 -0.162946 -0.973713
vn 0.779983 -0.617607 -0.100936
vn 0.406801 -0.408427 0.817129
vn 0.047524 -0.320253 0.946139
vn 0.021733 -0.993135 -0.114936
vn 0.159161 -0.162946 -0.973713
vn 0.779983 -0.617607 -0.100936
vn 0.021733 -0.993135 -0.114936
vn 0.006146 0.009982 -0.999931
vn 0.021733 -0.993135 -0.114936
vn 0.047524 -0.320253 0.946139
vn 0.003554 -0.227772 0.973708
vn -0.033586 -0.991550 -0.125300
vn 0.006146 0.009982 -0.999931
vn 0.021733 -0.993135 -0.114936
vn -0.033586 -0.991550 -0.125300
vn -0.033673 0.100983 -0.994318
vn -0.033586 -0.991550 -0.125300
vn 0.003554 -0.227772 0.973708
vn -0.633225 -0.378383 0.675168
vn -0.865751 -0.500242 -0.015269
vn -0.033673 0.100983 -0.994318
vn -0.033586 -0.991550 -0.125300
vn -0.865751 -0.500242 -0.015269
vn -0.500181 -0.230258 -0.834746
vn -0.009206 0.996683 0.080862
vn -0.009206 0.996683 0.080862
vn -0.009206 0.996683 0.080862
vn -0.009206 0.996683 0.080862
vn 0.000000 0.080866 -0.996725
vn 0.000000 0.080866 -0.996725
vn 0.000000 0.080866 -0.996725
vn 0.000000 0.080866 -0.996725
vn 0.009206 -0.996683 -0.080862
vn 0.009206 -0.996683 -0.080862
vn 0.009206 -0.996683 -0.080862
vn 0.009206 -0.996683 -0.080862
vn 0.000000 -0.080866 0.996725
vn 0.000000 -0.080866 0.996725
vn 0.000000 -0.080866 0.996725
vn 0.000000 -0.080866 0.996725
vn 0.999958 0.009176 0.000744
vn 0.999958 0.009176 0.000744
vn 0.999958 0.009176 0.000744
vn 0.999958 0.009176 0.000744
vn -0.999958 -0.009176 -0.000744
vn -0.999958 -0.009176 -0.000744
vn -0.999958 -0.009176 -0.000744
vn -0.999958 -0.009176 -0.000744
vn -0.529268 -0.049710 0.846997
vn -0.996727 0.080630 0.005849
vn -0.868653 -0.488695 -0.081362
vn -0.635585 -0.461337 0.619031
vn -0.996727 0.080630 0.005849
vn -0.130182 0.215096 -0.967877
vn -0.501317 -0.113988 -0.857723
vn -0.868653 -0.488695 -0.081362
vn -0.996727 0.080630 0.005849
vn -0.529268 -0.049710 0.846997
vn -0.571484 0.345490 0.744341
vn -0.825978 0.556595 0.089233
vn -0.130182 0.215096 -0.967877
vn -0.996727 0.080630 0.005849
vn -0.825978 0.556595 0.089233
vn -0.468049 0.462875 -0.752780
vn -0.825978 0.556595 0.089233
vn -0.571484 0.345490 0.744341
vn -0.027303 0.012695 0.999547
vn -0.057985 0.996723 0.056402
vn -0.468049 0.462875 -0.752780
vn -0.825978 0.556595 0.089233
vn -0.057985 0.996723 0.056402
vn -0.060126 0.054231 -0.996717
vn -0.057985 0.996723 0.056402
vn -0.027303 0.012695 0.999547
vn 0.075098 0.041049 0.996331
vn 0.124265 0.990974 0.050281
vn -0.060126 0.054231 -0.996717
vn -0.057985 0.996723 0.056402
vn 0.124265 0.990974 0.050281
vn -0.002056 0.090897 -0.995858
vn 0.124265 0.990974 0.050281
vn 0.075098 0.041049 0.996331
vn 0.705400 0.151164 0.692503
vn 0.906323 0.422522 -0.007294
vn -0.002056 0.090897 -0.995858
vn 0.124265 0.990974 0.050281
vn 0.906323 0.422522 -0.007294
vn 0.442322 0.296456 -0.846443
vn 0.906323 0.422522 -0.007294
vn 0.705400 0.151164 0.692503
vn 0.734094 -0.271506 0.622407
vn 0.973330 -0.202309 -0.108164
vn 0.442322 0.296456 -0.846443
vn 0.906323 0.422522 -0.007294
vn 0.973330 -0.202309 -0.108164
vn 0.426684 0.040920 -0.903475
vn 0.973330 -0.202309 -0.108164
vn 0.734094 -0.271506 0.622407
vn 0.404214 -0.516091 0.755157
vn 0.776388 -0.603161 -0.182804
vn 0.426684 0.040920 -0.903475
vn 0.973330 -0.202309 -0.108164
vn 0.776388 -0.603161 -0.182804
vn 0.158441 -0.032586 -0.986831
vn 0.776388 -0.603161 -0.182804
vn 0.404214 -0.516091 0.755157
vn 0.045427 -0.443817 0.894966
vn 0.015963 -0.969052 -0.246339
vn 0.158441 -0.032586 -0.986831
vn 0.776388 -0.603161 -0.182804
vn 0.015963 -0.969052 -0.246339
vn 0.006443 0.143182 -0.989676
vn 0.015963 -0.969052 -0.246339
vn 0.045427 -0.443817 0.894966
vn 0.001991 -0.355583 0.934643
vn -0.039344 -0.965778 -0.256369
vn 0.006443 0.143182 -0.989676
vn 0.015963 -0.969052 -0.246339
vn -0.039344 -0.965778 -0.256369
vn -0.032845 0.232852 -0.971958
vn -0.039344 -0.965778 -0.256369
vn 0.001991 -0.355583 0.934643
vn -0.635585 -0.461337 0.619031
vn -0.868653 -0.488695 -0.081362
vn -0.032845 0.232852 -0.971958
vn -0.039344 -0.965778 -0.256369
vn -0.868653 -0.488695 -0.081362
vn -0.501317 -0.113988 -0.857723
vn -0.529428 0.132908 0.837879
vn -0.997182 0.074190 -0.011118
vn -0.865751 -0.499709 0.027679
vn -0.633225 -0.319100 0.705125
vn -0.997182 0.074190 -0.011118
vn -0.130907 -0.001647 -0.991393
vn -0.500181 -0.300982 -0.811929
vn -0.865751 -0.499709 0.027679
vn -0.997182 0.074190 -0.011118
vn -0.529428 0.132908 0.837879
vn -0.573886 0.496007 0.651637
vn -0.829250 0.557871 -0.033535
vn -0.130907 -0.001647 -0.991393
vn -0.997182 0.074190 -0.011118
vn -0.829250 0.557871 -0.033535
vn -0.470326 0.285072 -0.835181
vn -0.829250 0.557871 -0.033535
vn -0.573886 0.496007 0.651637
vn -0.027917 0.229950 0.972802
vn -0.063813 0.984723 -0.162013
vn -0.470326 0.285072 -0.835181
vn -0.829250 0.557871 -0.033535
vn -0.063813 0.984723 -0.162013
vn -0.059901 -0.164522 -0.984553
vn -0.063813 0.984723 -0.162013
vn -0.027917 0.229950 0.972802
vn 0.074319 0.257517 0.963412
vn 0.118471 0.978836 -0.166869
vn -0.059901 -0.164522 -0.984553
vn -0.063813 0.984723 -0.162013
vn 0.118471 0.978836 -0.166869
vn -0.002046 -0.128214 -0.991744
vn 0.118471 0.978836 -0.166869
vn 0.074319 0.257517 0.963412
vn 0.704134 0.302459 0.642428
vn 0.903854 0.416034 -0.099822
vn -0.002046 -0.128214 -0.991744
vn 0.118471 0.978836 -0.166869
vn 0.903854 0.416034 -0.099822
vn 0.441048 0.107526 -0.891019
vn 0.903854 0.416034 -0.099822
vn 0.704134 0.302459 0.642428
vn 0.735324 -0.125157 0.666059
vn 0.974549 -0.215367 -0.062220
vn 0.441048 0.107526 -0.891019
vn 0.903854 0.416034 -0.099822
vn 0.974549 -0.215367 -0.062220
vn 0.426927 -0.154383 -0.891010
vn 0.974549 -0.215367 -0.062220
vn 0.735324 -0.125157 0.666059
vn 0.406801 -0.336861 0.849139
vn 0.779983 -0.623987 -0.047610
vn 0.426927 -0.154383 -0.891010
vn 0.974549 -0.215367 -0.062220
vn 0.779983 -0.623987 -0.047610
vn 0.159162 -0.245833 -0.956156
vn 0.779983 -0.623987 -0.047610
vn 0.406801 -0.336861 0.849139
vn 0.047524 -0.237950 0.970114
vn 0.021733 -0.999333 -0.029360
vn 0.159162 -0.245833 -0.956156
vn 0.779983 -0.623987 -0.047610
vn 0.021733 -0.999333 -0.029360
vn 0.006146 -0.075790 -0.997105
vn 0.021733 -0.999333 -0.029360
vn 0.047524 -0.237950 0.970114
vn 0.003554 -0.143446 0.989652
vn -0.033586 -0.998642 -0.039822
vn 0.006146 -0.075790 -0.997105
vn 0.021733 -0.999333 -0.029360
vn -0.033586 -0.998642 -0.039822
vn -0.033673 0.015357 -0.999315
vn -0.033586 -0.998642 -0.039822
vn 0.003554 -0.143446 0.989652
vn -0.633225 -0.319100 0.705125
vn -0.865751 -0.499709 0.027679
vn -0.033673 0.015357 -0.999315
vn -0.033586 -0.998642 -0.039822
vn -0.865751 -0.499709 0.027679
vn -0.500181 -0.300982 -0.811929
vn -0.009206 0.999946 -0.004893
vn -0.009206 0.999946 -0.004893
vn -0.009206 0.999946 -0.004893
vn -0.009206 0.999946 -0.004893
vn 0.000000 -0.004893 -0.999988
vn 0.000000 -0.004893 -0.999988
vn 0.000000 -0.004893 -0.999988
vn 0.000000 -0.004893 -0.999988
vn 0.009206 -0.999946 0.004893
vn 0.009206 -0.999946 0.004893
vn 0.009206 -0.999946 0.004893
vn 0.009206 -0.999946 0.004893
vn 0.000000 0.004893 0.999988
vn 0.000000 0.004893 0.999988
vn 0.000000 0.004893 0.999988
vn 0.000000 0.004893 0.999988
vn 0.999958 0.009206 -0.000045
vn 0.999958 0.009206 -0.000045
vn 0.999958 0.009206 -0.000045
vn 0.999958 0.009206 -0.000045
vn -0.999958 -0.009206 0.000045
vn -0.999958 -0.009206 0.000045
vn -0.999958 -0.009206 0.000045
vn -0.999958 -0.009206 0.000045
vn -0.529268 0.023096 0.848141
vn -0.996727 0.080835 -0.001086
vn -0.868653 -0.493871 -0.039161
vn -0.635585 -0.406562 0.656308
vn -0.996727 0.080835 -0.001086
vn -0.130182 0.131317 -0.982756
vn -0.501317 -0.187111 -0.844791
vn -0.868653 -0.493871 -0.039161
vn -0.996727 0.080835 -0.001086
vn -0.529268 0.023096 0.848141
vn -0.571484 0.408039 0.711977
vn -0.825978 0.562196 0.041181
vn -0.130182 0.131317 -0.982756
vn -0.996727 0.080835 -0.001086
vn -0.825978 0.562196 0.041181
vn -0.468049 0.396626 -0.789695
vn -0.825978 0.562196 0.041181
vn -0.571484 0.408039 0.711977
vn -0.027303 0.098350 0.994777
vn -0.057985 0.997888 -0.029266
vn -0.468049 0.396626 -0.789695
vn -0.825978 0.562196 0.041181
vn -0.057985 0.997888 -0.029266
vn -0.060126 -0.031428 -0.997696
vn -0.057985 0.997888 -0.029266
vn -0.027303 0.098350 0.994777
vn 0.075098 0.126325 0.989142
vn 0.124265 0.991636 -0.034872
vn -0.060126 -0.031428 -0.997696
vn -0.057985 0.997888 -0.029266
vn 0.124265 0.991636 -0.034872
vn -0.002056 0.005176 -0.999985
vn 0.124265 0.991636 -0.034872
vn 0.075098 0.126325 0.989142
vn 0.705400 0.209983 0.676992
vn 0.906323 0.420341 -0.043495
vn -0.002056 0.005176 -0.999985
vn 0.124265 0.991636 -0.034872
vn 0.906323 0.420341 -0.043495
vn 0.442322 0.222789 -0.868744
vn 0.906323 0.420341 -0.043495
vn 0.705400 0.209983 0.676992
vn 0.734094 -0.217140 0.643394
vn 0.973330 -0.210838 -0.090420
vn 0.442322 0.222789 -0.868744
vn 0.906323 0.420341 -0.043495
vn 0.973330 -0.210838 -0.090420
vn 0.426684 -0.036695 -0.903656
vn 0.973330 -0.210838 -0.090420
vn 0.734094 -0.217140 0.643394
vn 0.404214 -0.449442 0.796626
vn 0.776388 -0.616614 -0.130415
vn 0.426684 -0.036695 -0.903656
vn 0.973330 -0.210838 -0.090420
vn 0.776388 -0.616614 -0.130415
vn 0.158441 -0.117078 -0.980403
vn 0.776388 -0.616614 -0.130415
vn 0.404214 -0.449442 0.796626
vn 0.045427 -0.365447 0.929723
vn 0.015963 -0.986605 -0.162344
vn 0.158441 -0.117078 -0.980403
vn 0.776388 -0.616614 -0.130415
vn 0.015963 -0.986605 -0.162344
vn 0.006443 0.057798 -0.998308
vn 0.015963 -0.986605 -0.162344
vn 0.045427 -0.365447 0.929723
vn 0.001991 -0.274136 0.961689
vn -0.039344 -0.984203 -0.172618
vn 0.006443 0.057798 -0.998308
vn 0.015963 -0.986605 -0.162344
vn -0.039344 -0.984203 -0.172618
vn -0.032845 0.148657 -0.988343
vn -0.039344 -0.984203 -0.172618
vn 0.001991 -0.274136 0.961689
vn -0.635585 -0.406562 0.656308
vn -0.868653 -0.493871 -0.039161
vn -0.032845 0.148657 -0.988343
vn -0.039344 -0.984203 -0.172618
vn -0.868653 -0.493871 -0.039161
vn -0.501317 -0.187111 -0.844791
vn 0.110398 -0.000003 0.993887
vn 0.999077 -0.000003 0.042946
vn 0.999076 0.002861 0.042892
vn 0.110368 0.002983 0.993886
vn 0.993762 -0.000003 -0.111520
vn 0.041818 -0.000003 -0.999125
vn 0.041788 0.002983 -0.999122
vn 0.993764 0.002861 -0.111467
vn 0.110368 0.002983 0.993886
vn 0.075058 0.994637 0.071154
vn -0.069990 0.994637 0.076145
vn -0.041788 0.002983 0.999122
vn 0.075058 0.994637 0.071154
vn 0.999076 0.002861 0.042892
vn 0.993764 0.002861 -0.111467
vn 0.069990 0.994637 -0.076145
vn 0.069990 0.994637 -0.076145
vn 0.041788 0.002983 -0.999122
vn -0.110368 0.002983 -0.993886
vn -0.075058 0.994637 -0.071154
vn -0.041788 0.002983 0.999122
vn -0.993764 0.002861 0.111466
vn -0.993762 -0.000003 0.111520
vn -0.041818 -0.000003 0.999125
vn -0.993764 0.002861 0.111466
vn -0.069990 0.994637 0.076145
vn -0.075058 0.994637 -0.071154
vn -0.999076 0.002861 -0.042891
vn -0.999076 0.002861 -0.042891
vn -0.110368 0.002983 -0.993886
vn -0.110398 -0.000003 -0.993887
vn -0.999077 -0.000003 -0.042946
vn 0.999077 -0.000003 0.042946
vn 0.993762 -0.000003 -0.111520
vn 0.993764 0.002861 -0.111467
vn 0.999076 0.002861 0.042892
vn 0.075058 0.994637 0.071154
vn 0.069990 0.994637 -0.076145
vn -0.075058 0.994637 -0.071154
vn -0.069990 0.994637 0.076145
vn -0.993764 0.002861 0.111466
vn -0.999076 0.002861 -0.042891
vn -0.999077 -0.000003 -0.042946
vn -0.993762 -0.000003 0.111520
vn 0.041818 -0.000003 -0.999125
vn -0.110398 -0.000003 -0.993887
vn -0.110368 0.002983 -0.993886
vn 0.041788 0.002983 -0.999122
vn -0.041818 -0.000003 0.999125
vn 0.110398 -0.000003 0.993887
vn 0.110368 0.002983 0.993886
vn -0.041788 0.002983 0.999122
vn 0.110368 0.002983 0.993886
vn 0.999076 0.002861 0.042892
vn 0.075058 0.994637 0.071154
vn 0.069990 0.994637 -0.076145
vn 0.993764 0.002861 -0.111467
vn 0.041788 0.002983 -0.999122
vn -0.041788 0.002983 0.999122
vn -0.069990 0.994637 0.076145
vn -0.993764 0.002861 0.111466
vn -0.999076 0.002861 -0.042891
vn -0.075058 0.994637 -0.071154
vn -0.110368 0.002983 -0.993886
vn 0.075058 -0.994637 0.071154
vn 0.110415 -0.002505 0.993882
vn -0.041835 -0.002505 0.999121
vn -0.069990 -0.994637 0.076145
vn 0.999075 -0.002402 0.042941
vn 0.075058 -0.994637 0.071154
vn 0.069990 -0.994637 -0.076145
vn 0.993760 -0.002402 -0.111515
vn 0.110398 -0.000003 0.993888
vn 0.999077 -0.000003 0.042946
vn 0.999076 0.002861 0.042892
vn 0.110368 0.002983 0.993886
vn 0.041835 -0.002505 -0.999121
vn 0.069990 -0.994637 -0.076145
vn -0.075058 -0.994637 -0.071154
vn -0.110415 -0.002505 -0.993882
vn 0.993762 -0.000003 -0.111520
vn 0.041818 -0.000003 -0.999125
vn 0.041788 0.002983 -0.999122
vn 0.993764 0.002861 -0.111467
vn 0.110368 0.002983 0.993886
vn 0.075058 0.994637 0.071154
vn -0.069990 0.994637 0.076145
vn -0.041788 0.002983 0.999122
vn 0.075058 0.994637 0.071154
vn 0.999076 0.002861 0.042892
vn 0.993764 0.002861 -0.111467
vn 0.069990 0.994637 -0.076145
vn 0.069990 0.994637 -0.076145
vn 0.041788 0.002983 -0.999122
vn -0.110368 0.002983 -0.993886
vn -0.075058 0.994637 -0.071154
vn -0.041788 0.002983 0.999122
vn -0.993764 0.002861 0.111466
vn -0.993762 -0.000003 0.111520
vn -0.041818 -0.000003 0.999125
vn -0.993764 0.002861 0.111466
vn -0.069990 0.994637 0.076145
vn -0.075058 0.994637 -0.071154
vn -0.999076 0.002861 -0.042891
vn -0.999076 0.002861 -0.042891
vn -0.110368 0.002983 -0.993886
vn -0.110398 -0.000003 -0.993888
vn -0.999077 -0.000003 -0.042946
vn -0.069990 -0.994637 0.076145
vn -0.993760 -0.002402 0.111515
vn -0.999075 -0.002402 -0.042941
vn -0.075058 -0.994637 -0.071154
vn 0.999077 -0.000003 0.042946
vn 0.993762 -0.000003 -0.111520
vn 0.993764 0.002861 -0.111467
vn 0.999076 0.002861 0.042892
vn 0.075058 0.994637 0.071154
vn 0.069990 0.994637 -0.076145
vn -0.075058 0.994637 -0.071154
vn -0.069990 0.994637 0.076145
vn -0.993764 0.002861 0.111466
vn -0.999076 0.002861 -0.042891
vn -0.999077 -0.000003 -0.042946
vn -0.993762 -0.000003 0.111520
vn -0.069990 -0.994637 0.076145
vn -0.075058 -0.994637 -0.071154
vn 0.069990 -0.994637 -0.076145
vn 0.075058 -0.994637 0.071154
vn 0.041818 -0.000003 -0.999125
vn -0.110398 -0.000003 -0.993888
vn -0.110368 0.002983 -0.993886
vn 0.041788 0.002983 -0.999122
vn -0.041818 -0.000003 0.999125
vn 0.110398 -0.000003 0.993888
vn 0.110368 0.002983 0.993886
vn -0.041788 0.002983 0.999122
vn 0.075058 -0.994637 0.071154
vn 0.999075 -0.002402 0.042941
vn 0.110415 -0.002505 0.993882
vn 0.041835 -0.002505 -0.999121
vn 0.993760 -0.002402 -0.111515
vn 0.069990 -0.994637 -0.076145
vn 0.110368 0.002983 0.993886
vn 0.999076 0.002861 0.042892
vn 0.075058 0.994637 0.071154
vn 0.069990 0.994637 -0.076145
vn 0.993764 0.002861 -0.111467
vn 0.041788 0.002983 -0.999122
vn -0.041788 0.002983 0.999122
vn -0.069990 0.994637 0.076145
vn -0.993764 0.002861 0.111466
vn -0.999076 0.002861 -0.042891
vn -0.075058 0.994637 -0.071154
vn -0.110368 0.002983 -0.993886
vn -0.041835 -0.002505 0.999121
vn -0.993760 -0.002402 0.111515
vn -0.069990 -0.994637 0.076145
vn -0.075058 -0.994637 -0.071154
vn -0.999075 -0.002402 -0.042941
vn -0.110415 -0.002505 -0.993882
vn 0.999075 -0.002402 0.042941
vn 0.993760 -0.002402 -0.111515
vn 0.993762 -0.000003 -0.111520
vn 0.999077 -0.000003 0.042946
vn 0.993760 -0.002402 -0.111515
vn 0.041835 -0.002505 -0.999121
vn 0.041818 -0.000003 -0.999125
vn 0.993762 -0.000003 -0.111520
vn 0.041835 -0.002505 -0.999121
vn -0.110415 -0.002505 -0.993882
vn -0.110398 -0.000003 -0.993888
vn 0.041818 -0.000003 -0.999125
vn -0.999077 -0.000003 -0.042946
vn -0.110398 -0.000003 -0.993888
vn -0.110415 -0.002505 -0.993882
vn -0.999075 -0.002402 -0.042941
vn -0.993762 -0.000003 0.111520
vn -0.999077 -0.000003 -0.042946
vn -0.999075 -0.002402 -0.042941
vn -0.993760 -0.002402 0.111515
vn -0.041818 -0.000003 0.999125
vn -0.993762 -0.000003 0.111520
vn -0.993760 -0.002402 0.111515
vn -0.041835 -0.002505 0.999121
vn -0.041835 -0.002505 0.999121
vn 0.110415 -0.002505 0.993882
vn 0.110398 -0.000003 0.993888
vn -0.041818 -0.000003 0.999125
vn 0.110415 -0.002505 0.993882
vn 0.999075 -0.002402 0.042941
vn 0.999077 -0.000003 0.042946
vn 0.110398 -0.000003 0.993888
vn -0.529428 0.206328 0.822882
vn -0.997182 0.072920 -0.017622
vn -0.865751 -0.495317 0.071668
vn -0.633225 -0.255631 0.730533
vn -0.997182 0.072920 -0.017622
vn -0.130907 -0.089127 -0.987380
vn -0.500181 -0.371457 -0.782201
vn -0.865751 -0.495317 0.071668
vn -0.997182 0.072920 -0.017622
vn -0.529428 0.206328 0.822882
vn -0.573886 0.551576 0.605325
vn -0.829250 0.552735 -0.082634
vn -0.130907 -0.089127 -0.987380
vn -0.997182 0.072920 -0.017622
vn -0.829250 0.552735 -0.082634
vn -0.470326 0.210259 -0.857079
vn -0.829250 0.552735 -0.082634
vn -0.573886 0.551576 0.605325
vn -0.027917 0.314898 0.948715
vn -0.063813 0.966585 -0.248278
vn -0.470326 0.210259 -0.857079
vn -0.829250 0.552735 -0.082634
vn -0.063813 0.966585 -0.248278
vn -0.059901 -0.250763 -0.966194
vn -0.063813 0.966585 -0.248278
vn -0.027917 0.314898 0.948715
vn 0.074319 0.341529 0.936928
vn 0.118471 0.960292 -0.252596
vn -0.059901 -0.250763 -0.966194
vn -0.063813 0.966585 -0.248278
vn 0.118471 0.960292 -0.252596
vn -0.002046 -0.215231 -0.976561
vn 0.118471 0.960292 -0.252596
vn 0.074319 0.341529 0.936928
vn 0.704134 0.357971 0.613231
vn 0.903854 0.405602 -0.136145
vn -0.002046 -0.215231 -0.976561
vn 0.118471 0.960292 -0.252596
vn 0.903854 0.405602 -0.136145
vn 0.441048 0.028478 -0.897032
vn 0.903854 0.405602 -0.136145
vn 0.704134 0.357971 0.613231
vn 0.735324 -0.065892 0.674505
vn 0.974549 -0.220017 -0.042972
vn 0.441048 0.028478 -0.897032
vn 0.903854 0.405602 -0.136145
vn 0.974549 -0.220017 -0.042972
vn 0.426927 -0.232408 -0.873911
vn 0.974549 -0.220017 -0.042972
vn 0.735324 -0.065892 0.674505
vn 0.406801 -0.260615 0.875553
vn 0.779983 -0.625754 0.007640
vn 0.426927 -0.232408 -0.873911
vn 0.974549 -0.220017 -0.042972
vn 0.779983 -0.625754 0.007640
vn 0.159161 -0.329251 -0.930732
vn 0.779983 -0.625754 0.007640
vn 0.406801 -0.260615 0.875553
vn 0.047524 -0.151414 0.987327
vn 0.021733 -0.998025 0.058941
vn 0.159161 -0.329251 -0.930732
vn 0.779983 -0.625754 0.007640
vn 0.021733 -0.998025 0.058941
vn 0.006146 -0.163484 -0.986527
vn 0.021733 -0.998025 0.058941
vn 0.047524 -0.151414 0.987327
vn 0.003554 -0.055554 0.998449
vn -0.033586 -0.998260 0.048459
vn 0.006146 -0.163484 -0.986527
vn 0.021733 -0.998025 0.058941
vn -0.033586 -0.998260 0.048459
vn -0.033673 -0.072888 -0.996772
vn -0.033586 -0.998260 0.048459
vn 0.003554 -0.055554 0.998449
vn -0.633225 -0.255631 0.730533
vn -0.865751 -0.495317 0.071668
vn -0.033673 -0.072888 -0.996772
vn -0.033586 -0.998260 0.048459
vn -0.865751 -0.495317 0.071668
vn -0.500181 -0.371457 -0.782201
vn -0.009206 0.995613 -0.093114
vn -0.009206 0.995613 -0.093114
vn -0.009206 0.995613 -0.093114
vn -0.009206 0.995613 -0.093114
vn 0.000000 -0.093118 -0.995655
vn 0.000000 -0.093118 -0.995655
vn 0.000000 -0.093118 -0.995655
vn 0.000000 -0.093118 -0.995655
vn 0.009206 -0.995613 0.093114
vn 0.009206 -0.995613 0.093114
vn 0.009206 -0.995613 0.093114
vn 0.009206 -0.995613 0.093114
vn 0.000000 0.093118 0.995655
vn 0.000000 0.093118 0.995655
vn 0.000000 0.093118 0.995655
vn 0.000000 0.093118 0.995655
vn 0.999958 0.009166 -0.000857
vn 0.999958 0.009166 -0.000857
vn 0.999958 0.009166 -0.000857
vn 0.999958 0.009166 -0.000857
vn -0.999958 -0.009166 0.000857
vn -0.999958 -0.009166 0.000857
vn -0.999958 -0.009166 0.000857
vn -0.999958 -0.009166 0.000857
vn -0.529268 0.097850 0.842794
vn -0.996727 0.080423 -0.008215
vn -0.868653 -0.495400 0.004573
vn -0.635585 -0.347060 0.689624
vn -0.996727 0.080423 -0.008215
vn -0.130182 0.044081 -0.990510
vn -0.501317 -0.260930 -0.824983
vn -0.868653 -0.495400 0.004573
vn -0.996727 0.080423 -0.008215
vn -0.529268 0.097850 0.842794
vn -0.571484 0.469276 0.673192
vn -0.825978 0.563637 -0.008591
vn -0.130182 0.044081 -0.990510
vn -0.996727 0.080423 -0.008215
vn -0.825978 0.563637 -0.008591
vn -0.468049 0.325392 -0.821615
vn -0.825978 0.563637 -0.008591
vn -0.571484 0.469276 0.673192
vn -0.027303 0.185751 0.982217
vn -0.057985 0.991413 -0.117211
vn -0.468049 0.325392 -0.821615
vn -0.825978 0.563637 -0.008591
vn -0.057985 0.991413 -0.117211
vn -0.060126 -0.119348 -0.991030
vn -0.057985 0.991413 -0.117211
vn -0.027303 0.185751 0.982217
vn 0.075098 0.213120 0.974136
vn 0.124265 0.984690 -0.122243
vn -0.060126 -0.119348 -0.991030
vn -0.057985 0.991413 -0.117211
vn 0.124265 0.984690 -0.122243
vn -0.002056 -0.083088 -0.996540
vn 0.124265 0.984690 -0.122243
vn 0.075098 0.213120 0.974136
vn 0.705400 0.268906 0.655820
vn 0.906323 0.414863 -0.080419
vn -0.002056 -0.083088 -0.996540
vn 0.124265 0.984690 -0.122243
vn 0.906323 0.414863 -0.080419
vn 0.442322 0.145257 -0.885015
vn 0.906323 0.414863 -0.080419
vn 0.705400 0.268906 0.655820
vn 0.734094 -0.159516 0.660046
vn 0.973330 -0.217994 -0.071461
vn 0.442322 0.145257 -0.885015
vn 0.906323 0.414863 -0.080419
vn 0.973330 -0.217994 -0.071461
vn 0.426684 -0.116296 -0.896893
vn 0.973330 -0.217994 -0.071461
vn 0.734094 -0.159516 0.660046
vn 0.404214 -0.377390 0.833179
vn 0.776388 -0.625717 -0.075493
vn 0.426684 -0.116296 -0.896893
vn 0.973330 -0.217994 -0.071461
vn 0.776388 -0.625717 -0.075493
vn 0.158441 -0.203137 -0.966246
vn 0.776388 -0.625717 -0.075493
vn 0.404214 -0.377390 0.833179
vn 0.045427 -0.281977 0.958345
vn 0.015963 -0.997082 -0.074647
vn 0.158441 -0.203137 -0.966246
vn 0.776388 -0.625717 -0.075493
vn 0.015963 -0.997082 -0.074647
vn 0.006443 -0.030523 -0.999513
vn 0.015963 -0.997082 -0.074647
vn 0.045427 -0.281977 0.958345
vn 0.001991 -0.188202 0.982128
vn -0.039344 -0.995596 -0.085093
vn 0.006443 -0.030523 -0.999513
vn 0.015963 -0.997082 -0.074647
vn -0.039344 -0.995596 -0.085093
vn -0.032845 0.060860 -0.997606
vn -0.039344 -0.995596 -0.085093
vn 0.001991 -0.188202 0.982128
vn -0.635585 -0.347060 0.689624
vn -0.868653 -0.495400 0.004573
vn -0.032845 0.060860 -0.997606
vn -0.039344 -0.995596 -0.085093
vn -0.868653 -0.495400 0.004573
vn -0.501317 -0.260930 -0.824983
vn 0.119732 0.956461 0.266170
vn 0.999217 0.038112 0.010609
vn 0.999216 0.038771 0.008054
vn 0.119699 0.957260 0.263296
vn 0.994701 -0.099049 -0.027561
vn 0.045396 -0.962400 -0.267816
vn 0.045363 -0.961597 -0.270692
vn 0.994702 -0.098294 -0.030091
vn 0.119699 0.957260 0.263296
vn 0.081451 0.335038 -0.938677
vn -0.075957 0.339866 -0.937402
vn -0.045363 0.963196 0.264945
vn 0.081451 0.335038 -0.938677
vn 0.999216 0.038771 0.008054
vn 0.994702 -0.098294 -0.030091
vn 0.075957 0.193215 -0.978212
vn 0.075957 0.193215 -0.978212
vn 0.045363 -0.961597 -0.270692
vn -0.119699 -0.955663 -0.269037
vn -0.081451 0.198009 -0.976810
vn -0.045363 0.963196 0.264945
vn -0.994703 0.099707 0.025009
vn -0.994701 0.099047 0.027566
vn -0.045396 0.962398 0.267822
vn -0.994703 0.099707 0.025009
vn -0.075957 0.339866 -0.937402
vn -0.081451 0.198009 -0.976810
vn -0.999216 -0.037357 -0.013131
vn -0.999216 -0.037357 -0.013131
vn -0.119699 -0.955663 -0.269037
vn -0.119732 -0.956463 -0.266164
vn -0.999217 -0.038113 -0.010603
vn 0.999217 0.038112 0.010609
vn 0.994701 -0.099049 -0.027561
vn 0.994702 -0.098294 -0.030091
vn 0.999216 0.038771 0.008054
vn 0.081451 0.335038 -0.938677
vn 0.075957 0.193215 -0.978212
vn -0.081451 0.198009 -0.976810
vn -0.075957 0.339866 -0.937402
vn -0.994703 0.099707 0.025009
vn -0.999216 -0.037357 -0.013131
vn -0.999217 -0.038113 -0.010603
vn -0.994701 0.099047 0.027566
vn 0.045396 -0.962400 -0.267816
vn -0.119732 -0.956463 -0.266164
vn -0.119699 -0.955663 -0.269037
vn 0.045363 -0.961597 -0.270692
vn -0.045396 0.962398 0.267822
vn 0.119732 0.956461 0.266170
vn 0.119699 0.957260 0.263296
vn -0.045363 0.963196 0.264945
vn 0.119699 0.957260 0.263296
vn 0.999216 0.038771 0.008054
vn 0.081451 0.335038 -0.938677
vn 0.075957 0.193215 -0.978212
vn 0.994702 -0.098294 -0.030091
vn 0.045363 -0.961597 -0.270692
vn -0.045363 0.963196 0.264945
vn -0.075957 0.339866 -0.937402
vn -0.994703 0.099707 0.025009
vn -0.999216 -0.037357 -0.013131
vn -0.081451 0.198009 -0.976810
vn -0.119699 -0.955663 -0.269037
vn -0.529428 0.138135 0.837033
vn -0.997182 0.074119 -0.011581
vn -0.865751 -0.499526 0.030798
vn -0.633225 -0.314692 0.707103
vn -0.997182 0.074119 -0.011581
vn -0.130907 -0.007836 -0.991364
vn -0.500181 -0.306044 -0.810035
vn -0.865751 -0.499526 0.030798
vn -0.997182 0.074119 -0.011581
vn -0.529428 0.138135 0.837033
vn -0.573886 0.500065 0.648529
vn -0.829250 0.557651 -0.037017
vn -0.130907 -0.007836 -0.991364
vn -0.997182 0.074119 -0.011581
vn -0.829250 0.557651 -0.037017
vn -0.470326 0.279853 -0.836944
vn -0.829250 0.557651 -0.037017
vn -0.573886 0.500065 0.648529
vn -0.027917 0.236018 0.971348
vn -0.063813 0.983693 -0.168156
vn -0.470326 0.279853 -0.836944
vn -0.829250 0.557651 -0.037017
vn -0.063813 0.983693 -0.168156
vn -0.059901 -0.170665 -0.983507
vn -0.063813 0.983693 -0.168156
vn -0.027917 0.236018 0.971348
vn 0.074319 0.263526 0.961785
vn 0.118471 0.977775 -0.172976
vn -0.059901 -0.170665 -0.983507
vn -0.063813 0.983693 -0.168156
vn 0.118471 0.977775 -0.172976
vn -0.002046 -0.134403 -0.990925
vn 0.118471 0.977775 -0.172976
vn 0.074319 0.263526 0.961785
vn 0.704134 0.306463 0.640527
vn 0.903854 0.415403 -0.102417
vn -0.002046 -0.134403 -0.990925
vn 0.118471 0.977775 -0.172976
vn 0.903854 0.415403 -0.102417
vn 0.441048 0.101962 -0.891673
vn 0.903854 0.415403 -0.102417
vn 0.704134 0.306463 0.640527
vn 0.735324 -0.120997 0.666827
vn 0.974549 -0.215751 -0.060875
vn 0.441048 0.101962 -0.891673
vn 0.903854 0.415403 -0.102417
vn 0.974549 -0.215751 -0.060875
vn 0.426927 -0.159942 -0.890029
vn 0.974549 -0.215751 -0.060875
vn 0.735324 -0.120997 0.666827
vn 0.406801 -0.331554 0.851226
vn 0.779983 -0.624272 -0.043714
vn 0.426927 -0.159942 -0.890029
vn 0.974549 -0.215751 -0.060875
vn 0.779983 -0.624272 -0.043714
vn 0.159161 -0.251797 -0.954602
vn 0.779983 -0.624272 -0.043714
vn 0.406801 -0.331554 0.851226
vn 0.047524 -0.231890 0.971581
vn 0.021733 -0.999497 -0.023122
vn 0.159161 -0.251797 -0.954602
vn 0.779983 -0.624272 -0.043714
vn 0.021733 -0.999497 -0.023122
vn 0.006146 -0.082013 -0.996612
vn 0.021733 -0.999497 -0.023122
vn 0.047524 -0.231890 0.971581
vn 0.003554 -0.137266 0.990528
vn -0.033586 -0.998871 -0.033587
vn 0.006146 -0.082013 -0.996612
vn 0.021733 -0.999497 -0.023122
vn -0.033586 -0.998871 -0.033587
vn -0.033673 0.009119 -0.999391
vn -0.033586 -0.998871 -0.033587
vn 0.003554 -0.137266 0.990528
vn -0.633225 -0.314692 0.707103
vn -0.865751 -0.499526 0.030798
vn -0.033673 0.009119 -0.999391
vn -0.033586 -0.998871 -0.033587
vn -0.865751 -0.499526 0.030798
vn -0.500181 -0.306044 -0.810035
vn -0.009206 0.999896 -0.011134
vn -0.009206 0.999896 -0.011134
vn -0.009206 0.999896 -0.011134
vn -0.009206 0.999896 -0.011134
vn 0.000000 -0.011135 -0.999938
vn 0.000000 -0.011135 -0.999938
vn 0.000000 -0.011135 -0.999938
vn 0.000000 -0.011135 -0.999938
vn 0.009206 -0.999896 0.011134
vn 0.009206 -0.999896 0.011134
vn 0.009206 -0.999896 0.011134
vn 0.009206 -0.999896 0.011134
vn 0.000000 0.011135 0.999938
vn 0.000000 0.011135 0.999938
vn 0.000000 0.011135 0.999938
vn 0.000000 0.011135 0.999938
vn 0.999958 0.009205 -0.000103
vn 0.999958 0.009205 -0.000103
vn 0.999958 0.009205 -0.000103
vn 0.999958 0.009205 -0.000103
vn -0.999958 -0.009205 0.000103
vn -0.999958 -0.009205 0.000103
vn -0.999958 -0.009205 0.000103
vn -0.999958 -0.009205 0.000103
vn -0.529268 0.028389 0.847980
vn -0.996727 0.080826 -0.001591
vn -0.868653 -0.494106 -0.036078
vn -0.635585 -0.402457 0.658833
vn -0.996727 0.080826 -0.001591
vn -0.130182 0.125180 -0.983556
vn -0.501317 -0.192381 -0.843606
vn -0.868653 -0.494106 -0.036078
vn -0.996727 0.080826 -0.001591
vn -0.529268 0.028389 0.847980
vn -0.571484 0.412475 0.709416
vn -0.825978 0.562442 0.037671
vn -0.130182 0.125180 -0.983556
vn -0.996727 0.080826 -0.001591
vn -0.825978 0.562442 0.037671
vn -0.468049 0.391689 -0.792155
vn -0.825978 0.562442 0.037671
vn -0.571484 0.412475 0.709416
vn -0.027303 0.104558 0.994144
vn -0.057985 0.997686 -0.035495
vn -0.468049 0.391689 -0.792155
vn -0.825978 0.562442 0.037671
vn -0.057985 0.997686 -0.035495
vn -0.060126 -0.037655 -0.997480
vn -0.057985 0.997686 -0.035495
vn -0.027303 0.104558 0.994144
vn 0.075098 0.132497 0.988334
vn 0.124265 0.991399 -0.041061
vn -0.060126 -0.037655 -0.997480
vn -0.057985 0.997686 -0.035495
vn 0.124265 0.991399 -0.041061
vn -0.002056 -0.001066 -0.999997
vn 0.124265 0.991399 -0.041061
vn 0.075098 0.132497 0.988334
vn 0.705400 0.214205 0.675668
vn 0.906323 0.420061 -0.046118
vn -0.002056 -0.001066 -0.999997
vn 0.124265 0.991399 -0.041061
vn 0.906323 0.420061 -0.046118
vn 0.442322 0.217362 -0.870118
vn 0.906323 0.420061 -0.046118
vn 0.705400 0.214205 0.675668
vn 0.734094 -0.213120 0.644737
vn 0.973330 -0.211398 -0.089102
vn 0.442322 0.217362 -0.870118
vn 0.906323 0.420061 -0.046118
vn 0.973330 -0.211398 -0.089102
vn 0.426684 -0.042336 -0.903410
vn 0.973330 -0.211398 -0.089102
vn 0.734094 -0.213120 0.644737
vn 0.404214 -0.444461 0.799416
vn 0.776388 -0.617416 -0.126564
vn 0.426684 -0.042336 -0.903410
vn 0.973330 -0.211398 -0.089102
vn 0.776388 -0.617416 -0.126564
vn 0.158441 -0.123195 -0.979653
vn 0.776388 -0.617416 -0.126564
vn 0.404214 -0.444461 0.799416
vn 0.045427 -0.359636 0.931986
vn 0.015963 -0.987599 -0.156182
vn 0.158441 -0.123195 -0.979653
vn 0.776388 -0.617416 -0.126564
vn 0.015963 -0.987599 -0.156182
vn 0.006443 0.051566 -0.998649
vn 0.015963 -0.987599 -0.156182
vn 0.045427 -0.359636 0.931986
vn 0.001991 -0.268128 0.963381
vn -0.039344 -0.985261 -0.166471
vn 0.006443 0.051566 -0.998649
vn 0.015963 -0.987599 -0.156182
vn -0.039344 -0.985261 -0.166471
vn -0.032845 0.142485 -0.989252
vn -0.039344 -0.985261 -0.166471
vn 0.001991 -0.268128 0.963381
vn -0.635585 -0.402457 0.658833
vn -0.868653 -0.494106 -0.036078
vn -0.032845 0.142485 -0.989252
vn -0.039344 -0.985261 -0.166471
vn -0.868653 -0.494106 -0.036078
vn -0.501317 -0.192381 -0.843606
vn 0.119732 0.987770 0.099872
vn 0.999217 0.039360 0.003982
vn 0.999216 0.039576 0.001352
vn 0.119699 0.988070 0.096904
vn 0.994701 -0.102291 -0.010339
vn 0.045396 -0.993902 -0.100485
vn 0.045363 -0.993599 -0.103456
vn 0.994702 -0.101976 -0.012961
vn 0.119699 0.988070 0.096904
vn 0.081451 0.170760 -0.981940
vn -0.075957 0.175735 -0.981503
vn -0.045363 0.994199 0.097521
vn 0.081451 0.170760 -0.981940
vn 0.999216 0.039576 0.001352
vn 0.994702 -0.101976 -0.012961
vn 0.075957 0.024283 -0.996815
vn 0.075957 0.024283 -0.996815
vn 0.045363 -0.993599 -0.103456
vn -0.119699 -0.987470 -0.102833
vn -0.081451 0.029245 -0.996248
vn -0.045363 0.994199 0.097521
vn -0.994703 0.102506 0.007713
vn -0.994701 0.102290 0.010345
vn -0.045396 0.993902 0.100491
vn -0.994703 0.102506 0.007713
vn -0.075957 0.175735 -0.981503
vn -0.081451 0.029245 -0.996248
vn -0.999216 -0.039044 -0.006597
vn -0.999216 -0.039044 -0.006597
vn -0.119699 -0.987470 -0.102833
vn -0.119732 -0.987771 -0.099866
vn -0.999217 -0.039360 -0.003977
vn 0.999217 0.039360 0.003982
vn 0.994701 -0.102291 -0.010339
vn 0.994702 -0.101976 -0.012961
vn 0.999216 0.039576 0.001352
vn 0.081451 0.170760 -0.981940
vn 0.075957 0.024283 -0.996815
vn -0.081451 0.029245 -0.996248
vn -0.075957 0.175735 -0.981503
vn -0.994703 0.102506 0.007713
vn -0.999216 -0.039044 -0.006597
vn -0.999217 -0.039360 -0.003977
vn -0.994701 0.102290 0.010345
vn 0.045396 -0.993902 -0.100485
vn -0.119732 -0.987771 -0.099866
vn -0.119699 -0.987470 -0.102833
vn 0.045363 -0.993599 -0.103456
vn -0.045396 0.993902 0.100491
vn 0.119732 0.987770 0.099872
vn 0.119699 0.988070 0.096904
vn -0.045363 0.994199 0.097521
vn 0.119699 0.988070 0.096904
vn 0.999216 0.039576 0.001352
vn 0.081451 0.170760 -0.981940
vn 0.075957 0.024283 -0.996815
vn 0.994702 -0.101976 -0.012961
vn 0.045363 -0.993599 -0.103456
vn -0.045363 0.994199 0.097521
vn -0.075957 0.175735 -0.981503
vn -0.994703 0.102506 0.007713
vn -0.999216 -0.039044 -0.006597
vn -0.081451 0.029245 -0.996248
vn -0.119699 -0.987470 -0.102833
vn -0.190117 0.102382 0.976408
vn 0.988600 0.015025 0.149813
vn 0.935146 0.001571 0.354259
vn -0.153849 0.006281 0.988074
vn -0.992372 -0.000089 -0.123280
vn 0.190230 -0.006266 -0.981720
vn 0.163559 -0.111512 -0.980211
vn -0.949086 -0.024189 -0.314086
vn 0.988600 0.015025 0.149813
vn 0.163559 -0.111512 -0.980211
vn 0.190230 -0.006266 -0.981720
vn 0.935146 0.001571 0.354259
vn -0.949086 -0.024189 -0.314086
vn -0.190117 0.102382 0.976408
vn -0.153849 0.006281 0.988074
vn -0.992372 -0.000089 -0.123280
vn -0.190117 0.127622 0.973431
vn 0.988600 0.018898 0.149374
vn 0.935146 0.010741 0.354099
vn -0.153849 0.031855 0.987581
vn -0.992372 -0.003280 -0.123237
vn 0.190230 -0.031676 -0.981229
vn 0.163559 -0.136848 -0.976996
vn -0.949086 -0.032311 -0.313355
vn 0.988600 0.018898 0.149374
vn 0.163559 -0.136848 -0.976996
vn 0.190230 -0.031676 -0.981229
vn 0.935146 0.010741 0.354099
vn -0.949086 -0.032311 -0.313355
vn -0.190117 0.127622 0.973431
vn -0.153849 0.031855 0.987581
vn -0.992372 -0.003280 -0.123237
vn -0.189667 0.125179 0.973836
vn 0.988550 0.018395 0.149767
vn 0.935145 0.000945 0.354265
vn -0.153848 0.005015 0.988082
vn -0.992371 0.000245 -0.123284
vn 0.190228 -0.005014 -0.981727
vn 0.163092 -0.136515 -0.977121
vn -0.948971 -0.029401 -0.313989
vn 0.988550 0.018395 0.149767
vn 0.163092 -0.136515 -0.977121
vn 0.190228 -0.005014 -0.981727
vn 0.935145 0.000945 0.354265
vn -0.948971 -0.029401 -0.313989
vn -0.189667 0.125179 0.973836
vn -0.153848 0.005015 0.988082
vn -0.992371 0.000245 -0.123284
vn 0.119732 0.986019 -0.115890
vn 0.999217 0.039291 -0.004615
vn 0.999216 0.038933 -0.007230
vn 0.119699 0.985671 -0.118852
vn 0.994701 -0.102109 0.012004
vn 0.045396 -0.992139 0.116615
vn 0.045363 -0.992485 0.113649
vn 0.994702 -0.102368 0.009376
vn 0.119699 0.985671 -0.118852
vn 0.081451 -0.045416 -0.995642
vn -0.075957 -0.040464 -0.996290
vn -0.045363 0.991789 -0.119574
vn 0.081451 -0.045416 -0.995642
vn 0.999216 0.038933 -0.007230
vn 0.994702 -0.102368 0.009376
vn 0.075957 -0.191647 -0.978520
vn 0.075957 -0.191647 -0.978520
vn 0.045363 -0.992485 0.113649
vn -0.119699 -0.986366 0.112933
vn -0.081451 -0.186680 -0.979038
vn -0.045363 0.991789 -0.119574
vn -0.994703 0.101752 -0.014615
vn -0.994701 0.102109 -0.011999
vn -0.045396 0.992140 -0.116609
vn -0.994703 0.101752 -0.014615
vn -0.075957 -0.040464 -0.996290
vn -0.081451 -0.186680 -0.979038
vn -0.999216 -0.039548 0.001995
vn -0.999216 -0.039548 0.001995
vn -0.119699 -0.986366 0.112933
vn -0.119732 -0.986019 0.115895
vn -0.999217 -0.039290 0.004621
vn 0.999217 0.039291 -0.004615
vn 0.994701 -0.102109 0.012004
vn 0.994702 -0.102368 0.009376
vn 0.999216 0.038933 -0.007230
vn 0.081451 -0.045416 -0.995642
vn 0.075957 -0.191647 -0.978520
vn -0.081451 -0.186680 -0.979038
vn -0.075957 -0.040464 -0.996290
vn -0.994703 0.101752 -0.014615
vn -0.999216 -0.039548 0.001995
vn -0.999217 -0.039290 0.004621
vn -0.994701 0.102109 -0.011999
vn 0.045396 -0.992139 0.116615
vn -0.119732 -0.986019 0.115895
vn -0.119699 -0.986366 0.112933
vn 0.045363 -0.992485 0.113649
vn -0.045396 0.992140 -0.116609
vn 0.119732 0.986019 -0.115890
vn 0.119699 0.985671 -0.118852
vn -0.045363 0.991789 -0.119574
vn 0.119699 0.985671 -0.118852
vn 0.999216 0.038933 -0.007230
vn 0.081451 -0.045416 -0.995642
vn 0.075957 -0.191647 -0.978520
vn 0.994702 -0.102368 0.009376
vn 0.045363 -0.992485 0.113649
vn -0.045363 0.991789 -0.119574
vn -0.075957 -0.040464 -0.996290
vn -0.994703 0.101752 -0.014615
vn -0.999216 -0.039548 0.001995
vn -0.081451 -0.186680 -0.979038
vn -0.119699 -0.986366 0.112933
vn -0.529428 0.083143 0.844271
vn -0.997182 0.074718 -0.006713
vn -0.865751 -0.500471 -0.001910
vn -0.633225 -0.360226 0.685028
vn -0.997182 0.074718 -0.006713
vn -0.130907 0.056963 -0.989757
vn -0.500181 -0.252458 -0.828302
vn -0.865751 -0.500471 -0.001910
vn -0.997182 0.074718 -0.006713
vn -0.529428 0.083143 0.844271
vn -0.573886 0.456618 0.679820
vn -0.829250 0.558878 -0.000497
vn -0.130907 0.056963 -0.989757
vn -0.997182 0.074718 -0.006713
vn -0.829250 0.558878 -0.000497
vn -0.470326 0.333946 -0.816868
vn -0.829250 0.558878 -0.000497
vn -0.573886 0.456618 0.679820
vn -0.027917 0.172040 0.984694
vn -0.063813 0.992579 -0.103516
vn -0.470326 0.333946 -0.816868
vn -0.829250 0.558878 -0.000497
vn -0.063813 0.992579 -0.103516
vn -0.059901 -0.106032 -0.992557
vn -0.063813 0.992579 -0.103516
vn -0.027917 0.172040 0.984694
vn 0.074319 0.200113 0.976950
vn 0.118471 0.986988 -0.108713
vn -0.059901 -0.106032 -0.992557
vn -0.063813 0.992579 -0.103516
vn 0.118471 0.986988 -0.108713
vn -0.002046 -0.069362 -0.997590
vn 0.118471 0.986988 -0.108713
vn 0.074319 0.200113 0.976950
vn 0.704134 0.263953 0.659185
vn 0.903854 0.421207 -0.075053
vn -0.002046 -0.069362 -0.997590
vn 0.118471 0.986988 -0.108713
vn 0.903854 0.421207 -0.075053
vn 0.441048 0.160011 -0.883104
vn 0.903854 0.421207 -0.075053
vn 0.704134 0.263953 0.659185
vn 0.735324 -0.164312 0.657495
vn 0.974549 -0.211312 -0.074843
vn 0.441048 0.160011 -0.883104
vn 0.903854 0.421207 -0.075053
vn 0.974549 -0.211312 -0.074843
vn 0.426927 -0.101440 -0.898578
vn 0.974549 -0.211312 -0.074843
vn 0.735324 -0.164312 0.657495
vn 0.406801 -0.386470 0.827740
vn 0.779983 -0.620082 -0.084414
vn 0.426927 -0.101440 -0.898578
vn 0.974549 -0.211312 -0.074843
vn 0.779983 -0.620082 -0.084414
vn 0.159162 -0.188879 -0.969016
vn 0.779983 -0.620082 -0.084414
vn 0.406801 -0.386470 0.827740
vn 0.047524 -0.294883 0.954351
vn 0.021733 -0.995849 -0.088385
vn 0.159162 -0.188879 -0.969016
vn 0.779983 -0.620082 -0.084414
vn 0.021733 -0.995849 -0.088385
vn 0.006146 -0.016713 -0.999841
vn 0.021733 -0.995849 -0.088385
vn 0.047524 -0.294883 0.954351
vn 0.003554 -0.201699 0.979441
vn -0.033586 -0.994542 -0.098788
vn 0.006146 -0.016713 -0.999841
vn 0.021733 -0.995849 -0.088385
vn -0.033586 -0.994542 -0.098788
vn -0.033673 0.074405 -0.996659
vn -0.033586 -0.994542 -0.098788
vn 0.003554 -0.201699 0.979441
vn -0.633225 -0.360226 0.685028
vn -0.865751 -0.500471 -0.001910
vn -0.033673 0.074405 -0.996659
vn -0.033586 -0.994542 -0.098788
vn -0.865751 -0.500471 -0.001910
vn -0.500181 -0.252458 -0.828302
vn -0.009206 0.998486 0.054229
vn -0.009206 0.998486 0.054229
vn -0.009206 0.998486 0.054229
vn -0.009206 0.998486 0.054229
vn 0.000000 0.054231 -0.998528
vn 0.000000 0.054231 -0.998528
vn 0.000000 0.054231 -0.998528
vn 0.000000 0.054231 -0.998528
vn 0.009206 -0.998486 -0.054229
vn 0.009206 -0.998486 -0.054229
vn 0.009206 -0.998486 -0.054229
vn 0.009206 -0.998486 -0.054229
vn 0.000000 -0.054231 0.998528
vn 0.000000 -0.054231 0.998528
vn 0.000000 -0.054231 0.998528
vn 0.000000 -0.054231 0.998528
vn 0.999958 0.009192 0.000499
vn 0.999958 0.009192 0.000499
vn 0.999958 0.009192 0.000499
vn 0.999958 0.009192 0.000499
vn -0.999958 -0.009192 -0.000499
vn -0.999958 -0.009192 -0.000499
vn -0.999958 -0.009192 -0.000499
vn -0.999958 -0.009192 -0.000499
vn -0.529268 -0.027083 0.848023
vn -0.996727 0.080758 0.003694
vn -0.868653 -0.490693 -0.068289
vn -0.635585 -0.444649 0.631125
vn -0.996727 0.080758 0.003694
vn -0.130182 0.189184 -0.973274
vn -0.501317 -0.136843 -0.854374
vn -0.868653 -0.490693 -0.068289
vn -0.996727 0.080758 0.003694
vn -0.529268 -0.027083 0.848023
vn -0.571484 0.365236 0.734853
vn -0.825978 0.558778 0.074344
vn -0.130182 0.189184 -0.973274
vn -0.996727 0.080758 0.003694
vn -0.825978 0.558778 0.074344
vn -0.468049 0.442616 -0.764867
vn -0.825978 0.558778 0.074344
vn -0.571484 0.365236 0.734853
vn -0.027303 0.039371 0.998852
vn -0.057985 0.997873 0.029776
vn -0.468049 0.442616 -0.764867
vn -0.825978 0.558778 0.074344
vn -0.057985 0.997873 0.029776
vn -0.060126 0.027607 -0.997809
vn -0.057985 0.997873 0.029776
vn -0.027303 0.039371 0.998852
vn 0.075098 0.067630 0.994880
vn 0.124265 0.991963 0.023811
vn -0.060126 0.027607 -0.997809
vn -0.057985 0.997873 0.029776
vn 0.124265 0.991963 0.023811
vn -0.002056 0.064282 -0.997930
vn 0.124265 0.991963 0.023811
vn 0.075098 0.067630 0.994880
vn 0.705400 0.169595 0.688221
vn 0.906323 0.422177 -0.018570
vn -0.002056 0.064282 -0.997930
vn 0.124265 0.991963 0.023811
vn 0.906323 0.422177 -0.018570
vn 0.442322 0.273756 -0.854055
vn 0.906323 0.422177 -0.018570
vn 0.705400 0.169595 0.688221
vn 0.734094 -0.254795 0.629433
vn 0.973330 -0.205124 -0.102725
vn 0.442322 0.273756 -0.854055
vn 0.906323 0.422177 -0.018570
vn 0.973330 -0.205124 -0.102725
vn 0.426684 0.016789 -0.904245
vn 0.973330 -0.205124 -0.102725
vn 0.734094 -0.254795 0.629433
vn 0.404214 -0.495749 0.768664
vn 0.776388 -0.607826 -0.166639
vn 0.426684 0.016789 -0.904245
vn 0.973330 -0.205124 -0.102725
vn 0.776388 -0.607826 -0.166639
vn 0.158441 -0.058916 -0.985609
vn 0.776388 -0.607826 -0.166639
vn 0.404214 -0.495749 0.768664
vn 0.045427 -0.419769 0.906493
vn 0.015963 -0.975282 -0.220384
vn 0.158441 -0.058916 -0.985609
vn 0.776388 -0.607826 -0.166639
vn 0.015963 -0.975282 -0.220384
vn 0.006443 0.116713 -0.993145
vn 0.015963 -0.975282 -0.220384
vn 0.045427 -0.419769 0.906493
vn 0.001991 -0.330508 0.943801
vn -0.039344 -0.972277 -0.230498
vn 0.006443 0.116713 -0.993145
vn 0.015963 -0.975282 -0.220384
vn -0.039344 -0.972277 -0.230498
vn -0.032845 0.206824 -0.977827
vn -0.039344 -0.972277 -0.230498
vn 0.001991 -0.330508 0.943801
vn -0.635585 -0.444649 0.631125
vn -0.868653 -0.490693 -0.068289
vn -0.032845 0.206824 -0.977827
vn -0.039344 -0.972277 -0.230498
vn -0.868653 -0.490693 -0.068289
vn -0.501317 -0.136843 -0.854374
vn -0.529428 0.138135 0.837033
vn -0.997182 0.074119 -0.011581
vn -0.865751 -0.499526 0.030798
vn -0.633225 -0.314692 0.707103
vn -0.997182 0.074119 -0.011581
vn -0.130907 -0.007836 -0.991364
vn -0.500181 -0.306044 -0.810035
vn -0.865751 -0.499526 0.030798
vn -0.997182 0.074119 -0.011581
vn -0.529428 0.138135 0.837033
vn -0.573886 0.500065 0.648529
vn -0.829250 0.557651 -0.037017
vn -0.130907 -0.007836 -0.991364
vn -0.997182 0.074119 -0.011581
vn -0.829250 0.557651 -0.037017
vn -0.470326 0.279853 -0.836944
vn -0.829250 0.557651 -0.037017
vn -0.573886 0.500065 0.648529
vn -0.027917 0.236018 0.971348
vn -0.063813 0.983693 -0.168156
vn -0.470326 0.279853 -0.836944
vn -0.829250 0.557651 -0.037017
vn -0.063813 0.983693 -0.168156
vn -0.059901 -0.170665 -0.983507
vn -0.063813 0.983693 -0.168156
vn -0.027917 0.236018 0.971348
vn 0.074319 0.263526 0.961785
vn 0.118471 0.977775 -0.172976
vn -0.059901 -0.170665 -0.983507
vn -0.063813 0.983693 -0.168156
vn 0.118471 0.977775 -0.172976
vn -0.002046 -0.134403 -0.990925
vn 0.118471 0.977775 -0.172976
vn 0.074319 0.263526 0.961785
vn 0.704134 0.306463 0.640527
vn 0.903854 0.415403 -0.102417
vn -0.002046 -0.134403 -0.990925
vn 0.118471 0.977775 -0.172976
vn 0.903854 0.415403 -0.102417
vn 0.441048 0.101962 -0.891673
vn 0.903854 0.415403 -0.102417
vn 0.704134 0.306463 0.640527
vn 0.735324 -0.120997 0.666827
vn 0.974549 -0.215751 -0.060875
vn 0.441048 0.101962 -0.891673
vn 0.903854 0.415403 -0.102417
vn 0.974549 -0.215751 -0.060875
vn 0.426927 -0.159942 -0.890029
vn 0.974549 -0.215751 -0.060875
vn 0.735324 -0.120997 0.666827
vn 0.406801 -0.331554 0.851226
vn 0.779983 -0.624272 -0.043714
vn 0.426927 -0.159942 -0.890029
vn 0.974549 -0.215751 -0.060875
vn 0.779983 -0.624272 -0.043714
vn 0.159161 -0.251797 -0.954602
vn 0.779983 -0.624272 -0.043714
vn 0.406801 -0.331554 0.851226
vn 0.047524 -0.231890 0.971581
vn 0.021733 -0.999497 -0.023122
vn 0.159161 -0.251797 -0.954602
vn 0.779983 -0.624272 -0.043714
vn 0.021733 -0.999497 -0.023122
vn 0.006146 -0.082013 -0.996612
vn 0.021733 -0.999497 -0.023122
vn 0.047524 -0.231890 0.971581
vn 0.003554 -0.137266 0.990528
vn -0.033586 -0.998871 -0.033587
vn 0.006146 -0.082013 -0.996612
vn 0.021733 -0.999497 -0.023122
vn -0.033586 -0.998871 -0.033587
vn -0.033673 0.009119 -0.999391
vn -0.033586 -0.998871 -0.033587
vn 0.003554 -0.137266 0.990528
vn -0.633225 -0.314692 0.707103
vn -0.865751 -0.499526 0.030798
vn -0.033673 0.009119 -0.999391
vn -0.033586 -0.998871 -0.033587
vn -0.865751 -0.499526 0.030798
vn -0.500181 -0.306044 -0.810035
vn -0.009206 0.999896 -0.011134
vn -0.009206 0.999896 -0.011134
vn -0.009206 0.999896 -0.011134
vn -0.009206 0.999896 -0.011134
vn 0.000000 -0.011135 -0.999938
vn 0.000000 -0.011135 -0.999938
vn 0.000000 -0.011135 -0.999938
vn 0.000000 -0.011135 -0.999938
vn 0.009206 -0.999896 0.011134
vn 0.009206 -0.999896 0.011134
vn 0.009206 -0.999896 0.011134
vn 0.009206 -0.999896 0.011134
vn 0.000000 0.011135 0.999938
vn 0.000000 0.011135 0.999938
vn 0.000000 0.011135 0.999938
vn 0.000000 0.011135 0.999938
vn 0.999958 0.009205 -0.000103
vn 0.999958 0.009205 -0.000103
vn 0.999958 0.009205 -0.000103
vn 0.999958 0.009205 -0.000103
vn -0.999958 -0.009205 0.000103
vn -0.999958 -0.009205 0.000103
vn -0.999958 -0.009205 0.000103
vn -0.999958 -0.009205 0.000103
vn -0.529268 0.028389 0.847980
vn -0.996727 0.080826 -0.001591
vn -0.868653 -0.494106 -0.036078
vn -0.635585 -0.402457 0.658833
vn -0.996727 0.080826 -0.001591
vn -0.130182 0.125180 -0.983556
vn -0.501317 -0.192381 -0.843606
vn -0.868653 -0.494106 -0.036078
vn -0.996727 0.080826 -0.001591
vn -0.529268 0.028389 0.847980
vn -0.571484 0.412475 0.709416
vn -0.825978 0.562442 0.037671
vn -0.130182 0.125180 -0.983556
vn -0.996727 0.080826 -0.001591
vn -0.825978 0.562442 0.037671
vn -0.468049 0.391689 -0.792155
vn -0.825978 0.562442 0.037671
vn -0.571484 0.412475 0.709416
vn -0.027303 0.104558 0.994144
vn -0.057985 0.997686 -0.035495
vn -0.468049 0.391689 -0.792155
vn -0.825978 0.562442 0.037671
vn -0.057985 0.997686 -0.035495
vn -0.060126 -0.037655 -0.997480
vn -0.057985 0.997686 -0.035495
vn -0.027303 0.104558 0.994144
vn 0.075098 0.132497 0.988334
vn 0.124265 0.991399 -0.041061
vn -0.060126 -0.037655 -0.997480
vn -0.057985 0.997686 -0.035495
vn 0.124265 0.991399 -0.041061
vn -0.002056 -0.001066 -0.999997
vn 0.124265 0.991399 -0.041061
vn 0.075098 0.132497 0.988334
vn 0.705400 0.214205 0.675668
vn 0.906323 0.420061 -0.046118
vn -0.002056 -0.001066 -0.999997
vn 0.124265 0.991399 -0.041061
vn 0.906323 0.420061 -0.046118
vn 0.442322 0.217362 -0.870118
vn 0.906323 0.420061 -0.046118
vn 0.705400 0.214205 0.675668
vn 0.734094 -0.213120 0.644737
vn 0.973330 -0.211398 -0.089102
vn 0.442322 0.217362 -0.870118
vn 0.906323 0.420061 -0.046118
vn 0.973330 -0.211398 -0.089102
vn 0.426684 -0.042336 -0.903410
vn 0.973330 -0.211398 -0.089102
vn 0.734094 -0.213120 0.644737
vn 0.404214 -0.444461 0.799416
vn 0.776388 -0.617416 -0.126564
vn 0.426684 -0.042336 -0.903410
vn 0.973330 -0.211398 -0.089102
vn 0.776388 -0.617416 -0.126564
vn 0.158441 -0.123195 -0.979653
vn 0.776388 -0.617416 -0.126564
vn 0.404214 -0.444461 0.799416
vn 0.045427 -0.359636 0.931986
vn 0.015963 -0.987599 -0.156182
vn 0.158441 -0.123195 -0.979653
vn 0.776388 -0.617416 -0.126564
vn 0.015963 -0.987599 -0.156182
vn 0.006443 0.051566 -0.998649
vn 0.015963 -0.987599 -0.156182
vn 0.045427 -0.359636 0.931986
vn 0.001991 -0.268128 0.963381
vn -0.039344 -0.985261 -0.166471
vn 0.006443 0.051566 -0.998649
vn 0.015963 -0.987599 -0.156182
vn -0.039344 -0.985261 -0.166471
vn -0.032845 0.142485 -0.989252
vn -0.039344 -0.985261 -0.166471
vn 0.001991 -0.268128 0.963381
vn -0.635585 -0.402457 0.658833
vn -0.868653 -0.494106 -0.036078
vn -0.032845 0.142485 -0.989252
vn -0.039344 -0.985261 -0.166471
vn -0.868653 -0.494106 -0.036078
vn -0.501317 -0.192381 -0.843606
vn -0.529428 0.084212 0.844165
vn -0.997182 0.074709 -0.006807
vn -0.865751 -0.500473 -0.001277
vn -0.633225 -0.359359 0.685483
vn -0.997182 0.074709 -0.006807
vn -0.130907 0.055710 -0.989828
vn -0.500181 -0.253506 -0.827982
vn -0.865751 -0.500473 -0.001277
vn -0.997182 0.074709 -0.006807
vn -0.529428 0.084212 0.844165
vn -0.573886 0.457478 0.679241
vn -0.829250 0.558877 -0.001205
vn -0.130907 0.055710 -0.989828
vn -0.997182 0.074709 -0.006807
vn -0.829250 0.558877 -0.001205
vn -0.470326 0.332912 -0.817290
vn -0.829250 0.558877 -0.001205
vn -0.573886 0.457478 0.679241
vn -0.027917 0.173286 0.984476
vn -0.063813 0.992447 -0.104772
vn -0.470326 0.332912 -0.817290
vn -0.829250 0.558877 -0.001205
vn -0.063813 0.992447 -0.104772
vn -0.059901 -0.107288 -0.992422
vn -0.063813 0.992447 -0.104772
vn -0.027917 0.173286 0.984476
vn 0.074319 0.201350 0.976696
vn 0.118471 0.986850 -0.109962
vn -0.059901 -0.107288 -0.992422
vn -0.063813 0.992447 -0.104772
vn 0.118471 0.986850 -0.109962
vn -0.002046 -0.070625 -0.997501
vn 0.118471 0.986850 -0.109962
vn 0.074319 0.201350 0.976696
vn 0.704134 0.264787 0.658850
vn 0.903854 0.421112 -0.075586
vn -0.002046 -0.070625 -0.997501
vn 0.118471 0.986850 -0.109962
vn 0.903854 0.421112 -0.075586
vn 0.441048 0.158894 -0.883306
vn 0.903854 0.421112 -0.075586
vn 0.704134 0.264787 0.658850
vn 0.735324 -0.163480 0.657703
vn 0.974549 -0.211407 -0.074575
vn 0.441048 0.158894 -0.883306
vn 0.903854 0.421112 -0.075586
vn 0.974549 -0.211407 -0.074575
vn 0.426927 -0.102577 -0.898449
vn 0.974549 -0.211407 -0.074575
vn 0.735324 -0.163480 0.657703
vn 0.406801 -0.385422 0.828229
vn 0.779983 -0.620188 -0.083630
vn 0.426927 -0.102577 -0.898449
vn 0.974549 -0.211407 -0.074575
vn 0.779983 -0.620188 -0.083630
vn 0.159162 -0.190106 -0.968776
vn 0.779983 -0.620188 -0.083630
vn 0.406801 -0.385422 0.828229
vn 0.047524 -0.293675 0.954723
vn 0.021733 -0.995960 -0.087125
vn 0.159162 -0.190106 -0.968776
vn 0.779983 -0.620188 -0.083630
vn 0.021733 -0.995960 -0.087125
vn 0.006146 -0.017978 -0.999820
vn 0.021733 -0.995960 -0.087125
vn 0.047524 -0.293675 0.954723
vn 0.003554 -0.200460 0.979695
vn -0.033586 -0.994666 -0.097529
vn 0.006146 -0.017978 -0.999820
vn 0.021733 -0.995960 -0.087125
vn -0.033586 -0.994666 -0.097529
vn -0.033673 0.073144 -0.996753
vn -0.033586 -0.994666 -0.097529
vn 0.003554 -0.200460 0.979695
vn -0.633225 -0.359359 0.685483
vn -0.865751 -0.500473 -0.001277
vn -0.033673 0.073144 -0.996753
vn -0.033586 -0.994666 -0.097529
vn -0.865751 -0.500473 -0.001277
vn -0.500181 -0.253506 -0.827982
vn -0.009206 0.998554 0.052965
vn -0.009206 0.998554 0.052965
vn -0.009206 0.998554 0.052965
vn -0.009206 0.998554 0.052965
vn 0.000000 0.052967 -0.998596
vn 0.000000 0.052967 -0.998596
vn 0.000000 0.052967 -0.998596
vn 0.000000 0.052967 -0.998596
vn 0.009206 -0.998554 -0.052965
vn 0.009206 -0.998554 -0.052965
vn 0.009206 -0.998554 -0.052965
vn 0.009206 -0.998554 -0.052965
vn 0.000000 -0.052967 0.998596
vn 0.000000 -0.052967 0.998596
vn 0.000000 -0.052967 0.998596
vn 0.000000 -0.052967 0.998596
vn 0.999958 0.009193 0.000488
vn 0.999958 0.009193 0.000488
vn 0.999958 0.009193 0.000488
vn 0.999958 0.009193 0.000488
vn -0.999958 -0.009193 -0.000488
vn -0.999958 -0.009193 -0.000488
vn -0.999958 -0.009193 -0.000488
vn -0.999958 -0.009193 -0.000488
vn -0.529268 -0.026010 0.848056
vn -0.996727 0.080762 0.003592
vn -0.868653 -0.490779 -0.067668
vn -0.635585 -0.443850 0.631688
vn -0.996727 0.080762 0.003592
vn -0.130182 0.187952 -0.973513
vn -0.501317 -0.137924 -0.854200
vn -0.868653 -0.490779 -0.067668
vn -0.996727 0.080762 0.003592
vn -0.529268 -0.026010 0.848056
vn -0.571484 0.366166 0.734390
vn -0.825978 0.558872 0.073637
vn -0.130182 0.187952 -0.973513
vn -0.996727 0.080762 0.003592
vn -0.825978 0.558872 0.073637
vn -0.468049 0.441647 -0.765427
vn -0.825978 0.558872 0.073637
vn -0.571484 0.366166 0.734390
vn -0.027303 0.040635 0.998801
vn -0.057985 0.997910 0.028513
vn -0.468049 0.441647 -0.765427
vn -0.825978 0.558872 0.073637
vn -0.057985 0.997910 0.028513
vn -0.060126 0.026344 -0.997843
vn -0.057985 0.997910 0.028513
vn -0.027303 0.040635 0.998801
vn 0.075098 0.068889 0.994794
vn 0.124265 0.991993 0.022555
vn -0.060126 0.026344 -0.997843
vn -0.057985 0.997910 0.028513
vn 0.124265 0.991993 0.022555
vn -0.002056 0.063019 -0.998010
vn 0.124265 0.991993 0.022555
vn 0.075098 0.068889 0.994794
vn 0.705400 0.170466 0.688006
vn 0.906323 0.422153 -0.019104
vn -0.002056 0.063019 -0.998010
vn 0.124265 0.991993 0.022555
vn 0.906323 0.422153 -0.019104
vn 0.442322 0.272675 -0.854400
vn 0.906323 0.422153 -0.019104
vn 0.705400 0.170466 0.688006
vn 0.734094 -0.253998 0.629755
vn 0.973330 -0.205254 -0.102466
vn 0.442322 0.272675 -0.854400
vn 0.906323 0.422153 -0.019104
vn 0.973330 -0.205254 -0.102466
vn 0.426684 0.015645 -0.904266
vn 0.973330 -0.205254 -0.102466
vn 0.734094 -0.253998 0.629755
vn 0.404214 -0.494776 0.769290
vn 0.776388 -0.608037 -0.165870
vn 0.426684 0.015645 -0.904266
vn 0.973330 -0.205254 -0.102466
vn 0.776388 -0.608037 -0.165870
vn 0.158441 -0.060163 -0.985534
vn 0.776388 -0.608037 -0.165870
vn 0.404214 -0.494776 0.769290
vn 0.045427 -0.418621 0.907024
vn 0.015963 -0.975561 -0.219150
vn 0.158441 -0.060163 -0.985534
vn 0.776388 -0.608037 -0.165870
vn 0.015963 -0.975561 -0.219150
vn 0.006443 0.115456 -0.993292
vn 0.015963 -0.975561 -0.219150
vn 0.045427 -0.418621 0.907024
vn 0.001991 -0.329313 0.944219
vn -0.039344 -0.972568 -0.229268
vn 0.006443 0.115456 -0.993292
vn 0.015963 -0.975561 -0.219150
vn -0.039344 -0.972568 -0.229268
vn -0.032845 0.205586 -0.978088
vn -0.039344 -0.972568 -0.229268
vn 0.001991 -0.329313 0.944219
vn -0.635585 -0.443850 0.631688
vn -0.868653 -0.490779 -0.067668
vn -0.032845 0.205586 -0.978088
vn -0.039344 -0.972568 -0.229268
vn -0.868653 -0.490779 -0.067668
vn -0.501317 -0.137924 -0.854200
vn -0.190117 0.102382 0.976408
vn 0.988600 0.015025 0.149813
vn 0.935146 0.001571 0.354259
vn -0.153849 0.006281 0.988074
vn -0.992372 -0.000089 -0.123280
vn 0.190230 -0.006266 -0.981720
vn 0.163559 -0.111512 -0.980211
vn -0.949086 -0.024189 -0.314086
vn 0.988600 0.015025 0.149813
vn 0.163559 -0.111512 -0.980211
vn 0.190230 -0.006266 -0.981720
vn 0.935146 0.001571 0.354259
vn -0.949086 -0.024189 -0.314086
vn -0.190117 0.102382 0.976408
vn -0.153849 0.006281 0.988074
vn -0.992372 -0.000089 -0.123280
vn 0.119732 0.992766 -0.008998
vn 0.999217 0.039559 -0.000356
vn 0.999216 0.039485 -0.002994
vn 0.119699 0.992738 -0.011981
vn 0.994701 -0.102808 0.000935
vn 0.045396 -0.998928 0.009060
vn 0.045363 -0.998952 0.006075
vn 0.994702 -0.102783 -0.001706
vn 0.119699 0.992738 -0.011981
vn 0.081451 0.062102 -0.994741
vn -0.075957 0.067095 -0.994851
vn -0.045363 0.998898 -0.012039
vn 0.081451 0.062102 -0.994741
vn 0.999216 0.039485 -0.002994
vn 0.994702 -0.102783 -0.001706
vn 0.075957 -0.085122 -0.993471
vn 0.075957 -0.085122 -0.993471
vn 0.045363 -0.998952 0.006075
vn -0.119699 -0.992792 0.006022
vn -0.081451 -0.080129 -0.993451
vn -0.045363 0.998898 -0.012039
vn -0.994703 0.102734 -0.003569
vn -0.994701 0.102808 -0.000929
vn -0.045396 0.998928 -0.009054
vn -0.994703 0.102734 -0.003569
vn -0.075957 0.067095 -0.994851
vn -0.081451 -0.080129 -0.993451
vn -0.999216 -0.039532 -0.002277
vn -0.999216 -0.039532 -0.002277
vn -0.119699 -0.992792 0.006022
vn -0.119732 -0.992765 0.009004
vn -0.999217 -0.039559 0.000361
vn 0.999217 0.039559 -0.000356
vn 0.994701 -0.102808 0.000935
vn 0.994702 -0.102783 -0.001706
vn 0.999216 0.039485 -0.002994
vn 0.081451 0.062102 -0.994741
vn 0.075957 -0.085122 -0.993471
vn -0.081451 -0.080129 -0.993451
vn -0.075957 0.067095 -0.994851
vn -0.994703 0.102734 -0.003569
vn -0.999216 -0.039532 -0.002277
vn -0.999217 -0.039559 0.000361
vn -0.994701 0.102808 -0.000929
vn 0.045396 -0.998928 0.009060
vn -0.119732 -0.992765 0.009004
vn -0.119699 -0.992792 0.006022
vn 0.045363 -0.998952 0.006075
vn -0.045396 0.998928 -0.009054
vn 0.119732 0.992766 -0.008998
vn 0.119699 0.992738 -0.011981
vn -0.045363 0.998898 -0.012039
vn 0.119699 0.992738 -0.011981
vn 0.999216 0.039485 -0.002994
vn 0.081451 0.062102 -0.994741
vn 0.075957 -0.085122 -0.993471
vn 0.994702 -0.102783 -0.001706
vn 0.045363 -0.998952 0.006075
vn -0.045363 0.998898 -0.012039
vn -0.075957 0.067095 -0.994851
vn -0.994703 0.102734 -0.003569
vn -0.999216 -0.039532 -0.002277
vn -0.081451 -0.080129 -0.993451
vn -0.119699 -0.992792 0.006022
vn 0.150177 0.984110 0.094736
vn -0.041342 0.071857 0.996558
vn -0.039466 0.071527 0.996658
vn 0.152306 0.983775 0.094814
vn -0.063480 -0.068848 0.995606
vn -0.159007 -0.984773 0.070275
vn -0.156877 -0.985109 0.070356
vn -0.061587 -0.069081 0.995708
vn 0.152306 0.983775 0.094814
vn 0.985954 -0.045530 0.160694
vn 0.997400 -0.045866 -0.055578
vn 0.161130 0.984439 -0.070129
vn 0.985954 -0.045530 0.160694
vn -0.039466 0.071527 0.996658
vn -0.061587 -0.069081 0.995708
vn 0.956204 -0.246089 0.158478
vn 0.956204 -0.246089 0.158478
vn -0.156877 -0.985109 0.070356
vn -0.148056 -0.984445 -0.094594
vn 0.967427 -0.246378 -0.058159
vn 0.161130 0.984439 -0.070129
vn 0.065353 0.068518 -0.995507
vn 0.063476 0.068848 -0.995606
vn 0.159003 0.984774 -0.070275
vn 0.065353 0.068518 -0.995507
vn 0.997400 -0.045866 -0.055578
vn 0.967427 -0.246378 -0.058159
vn 0.043229 -0.072088 -0.996461
vn 0.043229 -0.072088 -0.996461
vn -0.148056 -0.984445 -0.094594
vn -0.150181 -0.984109 -0.094736
vn 0.041338 -0.071857 -0.996558
vn -0.041342 0.071857 0.996558
vn -0.063480 -0.068848 0.995606
vn -0.061587 -0.069081 0.995708
vn -0.039466 0.071527 0.996658
vn 0.985954 -0.045530 0.160694
vn 0.956204 -0.246089 0.158478
vn 0.967427 -0.246378 -0.058159
vn 0.997400 -0.045866 -0.055578
vn 0.065353 0.068518 -0.995507
vn 0.043229 -0.072088 -0.996461
vn 0.041338 -0.071857 -0.996558
vn 0.063476 0.068848 -0.995606
vn -0.159007 -0.984773 0.070275
vn -0.150181 -0.984109 -0.094736
vn -0.148056 -0.984445 -0.094594
vn -0.156877 -0.985109 0.070356
vn 0.159003 0.984774 -0.070275
vn 0.150177 0.984110 0.094736
vn 0.152306 0.983775 0.094814
vn 0.161130 0.984439 -0.070129
vn 0.152306 0.983775 0.094814
vn -0.039466 0.071527 0.996658
vn 0.985954 -0.045530 0.160694
vn 0.956204 -0.246089 0.158478
vn -0.061587 -0.069081 0.995708
vn -0.156877 -0.985109 0.070356
vn 0.161130 0.984439 -0.070129
vn 0.997400 -0.045866 -0.055578
vn 0.065353 0.068518 -0.995507
vn 0.043229 -0.072088 -0.996461
vn 0.967427 -0.246378 -0.058159
vn -0.148056 -0.984445 -0.094594
vn -0.007470 0.992766 0.119829
vn 0.011033 0.039558 0.999156
vn 0.012940 0.039540 0.999134
vn -0.005315 0.992788 0.119770
vn 0.012248 -0.102804 0.994626
vn 0.009403 -0.998930 0.045293
vn 0.011560 -0.998909 0.045237
vn 0.014156 -0.102723 0.994609
vn -0.005315 0.992788 0.119770
vn 0.988286 0.114624 0.100755
vn 0.985827 0.121492 -0.115697
vn -0.007249 0.998948 -0.045284
vn 0.988286 0.114624 0.100755
vn 0.012940 0.039540 0.999134
vn 0.014156 -0.102723 0.994609
vn 0.991740 -0.087977 0.093335
vn 0.991740 -0.087977 0.093335
vn 0.011560 -0.998909 0.045237
vn 0.009622 -0.992749 -0.119823
vn 0.989030 -0.081090 -0.123467
vn -0.007249 0.998948 -0.045284
vn -0.010344 0.102787 -0.994650
vn -0.012252 0.102804 -0.994626
vn -0.009407 0.998930 -0.045293
vn -0.010344 0.102787 -0.994650
vn 0.985827 0.121492 -0.115697
vn 0.989030 -0.081090 -0.123467
vn -0.009131 -0.039475 -0.999179
vn -0.009131 -0.039475 -0.999179
vn 0.009622 -0.992749 -0.119823
vn 0.007466 -0.992767 -0.119829
vn -0.011037 -0.039558 -0.999156
vn 0.011033 0.039558 0.999156
vn 0.012248 -0.102804 0.994626
vn 0.014156 -0.102723 0.994609
vn 0.012940 0.039540 0.999134
vn 0.988286 0.114624 0.100755
vn 0.991740 -0.087977 0.093335
vn 0.989030 -0.081090 -0.123467
vn 0.985827 0.121492 -0.115697
vn -0.010344 0.102787 -0.994650
vn -0.009131 -0.039475 -0.999179
vn -0.011037 -0.039558 -0.999156
vn -0.012252 0.102804 -0.994626
vn 0.009403 -0.998930 0.045293
vn 0.007466 -0.992767 -0.119829
vn 0.009622 -0.992749 -0.119823
vn 0.011560 -0.998909 0.045237
vn -0.009407 0.998930 -0.045293
vn -0.007470 0.992766 0.119829
vn -0.005315 0.992788 0.119770
vn -0.007249 0.998948 -0.045284
vn -0.005315 0.992788 0.119770
vn 0.012940 0.039540 0.999134
vn 0.988286 0.114624 0.100755
vn 0.991740 -0.087977 0.093335
vn 0.014156 -0.102723 0.994609
vn 0.011560 -0.998909 0.045237
vn -0.007249 0.998948 -0.045284
vn 0.985827 0.121492 -0.115697
vn -0.010344 0.102787 -0.994650
vn -0.009131 -0.039475 -0.999179
vn 0.989030 -0.081090 -0.123467
vn 0.009622 -0.992749 -0.119823
vn 0.119732 0.992731 0.012225
vn 0.999217 0.039558 0.000490
vn 0.999216 0.039540 -0.002149
vn 0.119699 0.992767 0.009243
vn 0.994701 -0.102804 -0.001263
vn 0.045396 -0.998893 -0.012295
vn 0.045363 -0.998854 -0.015281
vn 0.994702 -0.102723 -0.003903
vn 0.119699 0.992767 0.009243
vn 0.081451 0.083352 -0.993186
vn -0.075957 0.088345 -0.993190
vn -0.045363 0.998927 0.009316
vn 0.081451 0.083352 -0.993186
vn 0.999216 0.039540 -0.002149
vn 0.994702 -0.102723 -0.003903
vn 0.075957 -0.063866 -0.995064
vn 0.075957 -0.063866 -0.995064
vn 0.045363 -0.998854 -0.015281
vn -0.119699 -0.992694 -0.015202
vn -0.081451 -0.058874 -0.994937
vn -0.045363 0.998927 0.009316
vn -0.994703 0.102787 -0.001372
vn -0.994701 0.102804 0.001268
vn -0.045396 0.998893 0.012301
vn -0.994703 0.102787 -0.001372
vn -0.075957 0.088345 -0.993190
vn -0.081451 -0.058874 -0.994937
vn -0.999216 -0.039475 -0.003122
vn -0.999216 -0.039475 -0.003122
vn -0.119699 -0.992694 -0.015202
vn -0.119732 -0.992731 -0.012219
vn -0.999217 -0.039558 -0.000484
vn 0.999217 0.039558 0.000490
vn 0.994701 -0.102804 -0.001263
vn 0.994702 -0.102723 -0.003903
vn 0.999216 0.039540 -0.002149
vn 0.081451 0.083352 -0.993186
vn 0.075957 -0.063866 -0.995064
vn -0.081451 -0.058874 -0.994937
vn -0.075957 0.088345 -0.993190
vn -0.994703 0.102787 -0.001372
vn -0.999216 -0.039475 -0.003122
vn -0.999217 -0.039558 -0.000484
vn -0.994701 0.102804 0.001268
vn 0.045396 -0.998893 -0.012295
vn -0.119732 -0.992731 -0.012219
vn -0.119699 -0.992694 -0.015202
vn 0.045363 -0.998854 -0.015281
vn -0.045396 0.998893 0.012301
vn 0.119732 0.992731 0.012225
vn 0.119699 0.992767 0.009243
vn -0.045363 0.998927 0.009316
vn 0.119699 0.992767 0.009243
vn 0.999216 0.039540 -0.002149
vn 0.081451 0.083352 -0.993186
vn 0.075957 -0.063866 -0.995064
vn 0.994702 -0.102723 -0.003903
vn 0.045363 -0.998854 -0.015281
vn -0.045363 0.998927 0.009316
vn -0.075957 0.088345 -0.993190
vn -0.994703 0.102787 -0.001372
vn -0.999216 -0.039475 -0.003122
vn -0.081451 -0.058874 -0.994937
vn -0.119699 -0.992694 -0.015202
vn -0.012401 0.992766 0.119419
vn -0.030137 0.039558 0.998763
vn -0.028231 0.039540 0.998819
vn -0.010245 0.992788 0.119449
vn -0.028736 -0.102804 0.994286
vn 0.007529 -0.998930 0.045642
vn 0.009687 -0.998909 0.045675
vn -0.026830 -0.102723 0.994348
vn -0.010245 0.992788 0.119449
vn 0.983297 0.114624 0.141382
vn 0.989756 0.121492 -0.074987
vn -0.005378 0.998948 -0.045545
vn 0.983297 0.114624 0.141382
vn -0.028231 0.039540 0.998819
vn -0.026830 -0.102723 0.994348
vn 0.987053 -0.087977 0.134111
vn 0.987053 -0.087977 0.134111
vn 0.009687 -0.998909 0.045675
vn 0.014550 -0.992749 -0.119325
vn 0.993277 -0.081090 -0.082618
vn -0.005378 0.998948 -0.045545
vn 0.030640 0.102787 -0.994231
vn 0.028732 0.102804 -0.994287
vn -0.007533 0.998930 -0.045642
vn 0.030640 0.102787 -0.994231
vn 0.989756 0.121492 -0.074987
vn 0.993277 -0.081090 -0.082618
vn 0.032038 -0.039475 -0.998707
vn 0.032038 -0.039475 -0.998707
vn 0.014550 -0.992749 -0.119325
vn 0.012396 -0.992767 -0.119419
vn 0.030133 -0.039558 -0.998763
vn -0.030137 0.039558 0.998763
vn -0.028736 -0.102804 0.994286
vn -0.026830 -0.102723 0.994348
vn -0.028231 0.039540 0.998819
vn 0.983297 0.114624 0.141382
vn 0.987053 -0.087977 0.134111
vn 0.993277 -0.081090 -0.082618
vn 0.989756 0.121492 -0.074987
vn 0.030640 0.102787 -0.994231
vn 0.032038 -0.039475 -0.998707
vn 0.030133 -0.039558 -0.998763
vn 0.028732 0.102804 -0.994287
vn 0.007529 -0.998930 0.045642
vn 0.012396 -0.992767 -0.119419
vn 0.014550 -0.992749 -0.119325
vn 0.009687 -0.998909 0.045675
vn -0.007533 0.998930 -0.045642
vn -0.012401 0.992766 0.119419
vn -0.010245 0.992788 0.119449
vn -0.005378 0.998948 -0.045545
vn -0.010245 0.992788 0.119449
vn -0.028231 0.039540 0.998819
vn 0.983297 0.114624 0.141382
vn 0.987053 -0.087977 0.134111
vn -0.026830 -0.102723 0.994348
vn 0.009687 -0.998909 0.045675
vn -0.005378 0.998948 -0.045545
vn 0.989756 0.121492 -0.074987
vn 0.030640 0.102787 -0.994231
vn 0.032038 -0.039475 -0.998707
vn 0.993277 -0.081090 -0.082618
vn 0.014550 -0.992749 -0.119325
vn -0.190117 0.102382 0.976408
vn 0.988600 0.015025 0.149813
vn 0.935146 0.001571 0.354259
vn -0.153849 0.006281 0.988074
vn -0.992372 -0.000089 -0.123280
vn 0.190230 -0.006266 -0.981720
vn 0.163559 -0.111512 -0.980211
vn -0.949086 -0.024189 -0.314086
vn 0.988600 0.015025 0.149813
vn 0.163559 -0.111512 -0.980211
vn 0.190230 -0.006266 -0.981720
vn 0.935146 0.001571 0.354259
vn -0.949086 -0.024189 -0.314086
vn -0.190117 0.102382 0.976408
vn -0.153849 0.006281 0.988074
vn -0.992372 -0.000089 -0.123280
vn -0.190117 0.102382 0.976408
vn 0.988600 0.015025 0.149813
vn 0.935146 0.001571 0.354259
vn -0.153849 0.006281 0.988074
vn -0.992372 -0.000089 -0.123280
vn 0.190230 -0.006266 -0.981720
vn 0.163559 -0.111512 -0.980211
vn -0.949086 -0.024189 -0.314086
vn 0.988600 0.015025 0.149813
vn 0.163559 -0.111512 -0.980211
vn 0.190230 -0.006266 -0.981720
vn 0.935146 0.001571 0.354259
vn -0.949086 -0.024189 -0.314086
vn -0.190117 0.102382 0.976408
vn -0.153849 0.006281 0.988074
vn -0.992372 -0.000089 -0.123280
vn 0.110398 -0.000003 0.993887
vn 0.999077 -0.000003 0.042946
vn 0.999076 0.002556 0.042892
vn 0.110368 0.002665 0.993887
vn 0.993762 -0.000003 -0.111520
vn 0.041818 -0.000003 -0.999125
vn 0.041788 0.002665 -0.999123
vn 0.993765 0.002556 -0.111467
vn 0.110368 0.002665 0.993887
vn 0.083903 0.993295 0.079539
vn -0.078238 0.993295 0.085118
vn -0.041788 0.002665 0.999123
vn 0.083903 0.993295 0.079539
vn 0.999076 0.002556 0.042892
vn 0.993765 0.002556 -0.111467
vn 0.078238 0.993295 -0.085118
vn 0.078238 0.993295 -0.085118
vn 0.041788 0.002665 -0.999123
vn -0.110368 0.002665 -0.993887
vn -0.083903 0.993295 -0.079539
vn -0.041788 0.002665 0.999123
vn -0.993765 0.002556 0.111466
vn -0.993762 -0.000003 0.111520
vn -0.041818 -0.000003 0.999125
vn -0.993765 0.002556 0.111466
vn -0.078238 0.993295 0.085118
vn -0.083903 0.993295 -0.079539
vn -0.999076 0.002556 -0.042891
vn -0.999076 0.002556 -0.042891
vn -0.110368 0.002665 -0.993887
vn -0.110398 -0.000003 -0.993887
vn -0.999077 -0.000003 -0.042946
vn 0.999077 -0.000003 0.042946
vn 0.993762 -0.000003 -0.111520
vn 0.993765 0.002556 -0.111467
vn 0.999076 0.002556 0.042892
vn 0.083903 0.993295 0.079539
vn 0.078238 0.993295 -0.085118
vn -0.083903 0.993295 -0.079539
vn -0.078238 0.993295 0.085118
vn -0.993765 0.002556 0.111466
vn -0.999076 0.002556 -0.042891
vn -0.999077 -0.000003 -0.042946
vn -0.993762 -0.000003 0.111520
vn 0.041818 -0.000003 -0.999125
vn -0.110398 -0.000003 -0.993887
vn -0.110368 0.002665 -0.993887
vn 0.041788 0.002665 -0.999123
vn -0.041818 -0.000003 0.999125
vn 0.110398 -0.000003 0.993887
vn 0.110368 0.002665 0.993887
vn -0.041788 0.002665 0.999123
vn 0.110368 0.002665 0.993887
vn 0.999076 0.002556 0.042892
vn 0.083903 0.993295 0.079539
vn 0.078238 0.993295 -0.085118
vn 0.993765 0.002556 -0.111467
vn 0.041788 0.002665 -0.999123
vn -0.041788 0.002665 0.999123
vn -0.078238 0.993295 0.085118
vn -0.993765 0.002556 0.111466
vn -0.999076 0.002556 -0.042891
vn -0.083903 0.993295 -0.079539
vn -0.110368 0.002665 -0.993887
vn 0.075058 -0.994637 0.071154
vn 0.110415 -0.002505 0.993882
vn -0.041835 -0.002505 0.999121
vn -0.069990 -0.994637 0.076145
vn 0.999075 -0.002402 0.042941
vn 0.075058 -0.994637 0.071154
vn 0.069990 -0.994637 -0.076145
vn 0.993760 -0.002402 -0.111515
vn 0.110398 -0.000003 0.993888
vn 0.999077 -0.000003 0.042946
vn 0.999076 0.002861 0.042892
vn 0.110368 0.002983 0.993886
vn 0.041835 -0.002505 -0.999121
vn 0.069990 -0.994637 -0.076145
vn -0.075058 -0.994637 -0.071154
vn -0.110415 -0.002505 -0.993882
vn 0.993762 -0.000003 -0.111520
vn 0.041818 -0.000003 -0.999125
vn 0.041788 0.002983 -0.999122
vn 0.993764 0.002861 -0.111467
vn 0.110368 0.002983 0.993886
vn 0.075058 0.994637 0.071154
vn -0.069990 0.994637 0.076145
vn -0.041788 0.002983 0.999122
vn 0.075058 0.994637 0.071154
vn 0.999076 0.002861 0.042892
vn 0.993764 0.002861 -0.111467
vn 0.069990 0.994637 -0.076145
vn 0.069990 0.994637 -0.076145
vn 0.041788 0.002983 -0.999122
vn -0.110368 0.002983 -0.993886
vn -0.075058 0.994637 -0.071154
vn -0.041788 0.002983 0.999122
vn -0.993764 0.002861 0.111466
vn -0.993762 -0.000003 0.111520
vn -0.041818 -0.000003 0.999125
vn -0.993764 0.002861 0.111466
vn -0.069990 0.994637 0.076145
vn -0.075058 0.994637 -0.071154
vn -0.999076 0.002861 -0.042891
vn -0.999076 0.002861 -0.042891
vn -0.110368 0.002983 -0.993886
vn -0.110398 -0.000003 -0.993888
vn -0.999077 -0.000003 -0.042946
vn -0.069990 -0.994637 0.076145
vn -0.993760 -0.002402 0.111515
vn -0.999075 -0.002402 -0.042941
vn -0.075058 -0.994637 -0.071154
vn 0.999077 -0.000003 0.042946
vn 0.993762 -0.000003 -0.111520
vn 0.993764 0.002861 -0.111467
vn 0.999076 0.002861 0.042892
vn 0.075058 0.994637 0.071154
vn 0.069990 0.994637 -0.076145
vn -0.075058 0.994637 -0.071154
vn -0.069990 0.994637 0.076145
vn -0.993764 0.002861 0.111466
vn -0.999076 0.002861 -0.042891
vn -0.999077 -0.000003 -0.042946
vn -0.993762 -0.000003 0.111520
vn -0.069990 -0.994637 0.076145
vn -0.075058 -0.994637 -0.071154
vn 0.069990 -0.994637 -0.076145
vn 0.075058 -0.994637 0.071154
vn 0.041818 -0.000003 -0.999125
vn -0.110398 -0.000003 -0.993888
vn -0.110368 0.002983 -0.993886
vn 0.041788 0.002983 -0.999122
vn -0.041818 -0.000003 0.999125
vn 0.110398 -0.000003 0.993888
vn 0.110368 0.002983 0.993886
vn -0.041788 0.002983 0.999122
vn 0.075058 -0.994637 0.071154
vn 0.999075 -0.002402 0.042941
vn 0.110415 -0.002505 0.993882
vn 0.041835 -0.002505 -0.999121
vn 0.993760 -0.002402 -0.111515
vn 0.069990 -0.994637 -0.076145
vn 0.110368 0.002983 0.993886
vn 0.999076 0.002861 0.042892
vn 0.075058 0.994637 0.071154
vn 0.069990 0.994637 -0.076145
vn 0.993764 0.002861 -0.111467
vn 0.041788 0.002983 -0.999122
vn -0.041788 0.002983 0.999122
vn -0.069990 0.994637 0.076145
vn -0.993764 0.002861 0.111466
vn -0.999076 0.002861 -0.042891
vn -0.075058 0.994637 -0.071154
vn -0.110368 0.002983 -0.993886
vn -0.041835 -0.002505 0.999121
vn -0.993760 -0.002402 0.111515
vn -0.069990 -0.994637 0.076145
vn -0.075058 -0.994637 -0.071154
vn -0.999075 -0.002402 -0.042941
vn -0.110415 -0.002505 -0.993882
vn 0.999075 -0.002402 0.042941
vn 0.993760 -0.002402 -0.111515
vn 0.993762 -0.000003 -0.111520
vn 0.999077 -0.000003 0.042946
vn 0.993760 -0.002402 -0.111515
vn 0.041835 -0.002505 -0.999121
vn 0.041818 -0.000003 -0.999125
vn 0.993762 -0.000003 -0.111520
vn 0.041835 -0.002505 -0.999121
vn -0.110415 -0.002505 -0.993882
vn -0.110398 -0.000003 -0.993888
vn 0.041818 -0.000003 -0.999125
vn -0.999077 -0.000003 -0.042946
vn -0.110398 -0.000003 -0.993888
vn -0.110415 -0.002505 -0.993882
vn -0.999075 -0.002402 -0.042941
vn -0.993762 -0.000003 0.111520
vn -0.999077 -0.000003 -0.042946
vn -0.999075 -0.002402 -0.042941
vn -0.993760 -0.002402 0.111515
vn -0.041818 -0.000003 0.999125
vn -0.993762 -0.000003 0.111520
vn -0.993760 -0.002402 0.111515
vn -0.041835 -0.002505 0.999121
vn -0.041835 -0.002505 0.999121
vn 0.110415 -0.002505 0.993882
vn 0.110398 -0.000003 0.993888
vn -0.041818 -0.000003 0.999125
vn 0.110415 -0.002505 0.993882
vn 0.999075 -0.002402 0.042941
vn 0.999077 -0.000003 0.042946
vn 0.110398 -0.000003 0.993888
vn -0.189667 0.125179 0.973836
vn 0.988550 0.018395 0.149767
vn 0.935145 0.000945 0.354265
vn -0.153848 0.005015 0.988082
vn -0.992371 0.000245 -0.123284
vn 0.190228 -0.005014 -0.981727
vn 0.163092 -0.136515 -0.977121
vn -0.948971 -0.029401 -0.313989
vn 0.988550 0.018395 0.149767
vn 0.163092 -0.136515 -0.977121
vn 0.190228 -0.005014 -0.981727
vn 0.935145 0.000945 0.354265
vn -0.948971 -0.029401 -0.313989
vn -0.189667 0.125179 0.973836
vn -0.153848 0.005015 0.988082
vn -0.992371 0.000245 -0.123284
vn 0.004625 0.996162 0.087402
vn -0.047141 0.072337 0.996266
vn -0.045237 0.072286 0.996358
vn 0.006780 0.996144 0.087471
vn -0.048407 -0.070096 0.996365
vn -0.012552 -0.996901 0.077655
vn -0.010395 -0.996921 0.077726
vn -0.046501 -0.070049 0.996459
vn 0.006780 0.996144 0.087471
vn 0.982652 0.100716 0.155728
vn 0.993093 0.100473 -0.060595
vn 0.014702 0.996883 -0.077518
vn 0.982652 0.100716 0.155728
vn -0.045237 0.072286 0.996358
vn -0.046501 -0.070049 0.996459
vn 0.982629 -0.102049 0.155002
vn 0.982629 -0.102049 0.155002
vn -0.010395 -0.996921 0.077726
vn -0.002478 -0.996182 -0.087268
vn 0.992841 -0.102281 -0.061685
vn 0.014702 0.996883 -0.077518
vn 0.050309 0.070045 -0.996274
vn 0.048403 0.070096 -0.996365
vn 0.012548 0.996901 -0.077655
vn 0.050309 0.070045 -0.996274
vn 0.993093 0.100473 -0.060595
vn 0.992841 -0.102281 -0.061685
vn 0.049043 -0.072288 -0.996177
vn 0.049043 -0.072288 -0.996177
vn -0.002478 -0.996182 -0.087268
vn -0.004630 -0.996162 -0.087402
vn 0.047138 -0.072337 -0.996266
vn -0.047141 0.072337 0.996266
vn -0.048407 -0.070096 0.996365
vn -0.046501 -0.070049 0.996459
vn -0.045237 0.072286 0.996358
vn 0.982652 0.100716 0.155728
vn 0.982629 -0.102049 0.155002
vn 0.992841 -0.102281 -0.061685
vn 0.993093 0.100473 -0.060595
vn 0.050309 0.070045 -0.996274
vn 0.049043 -0.072288 -0.996177
vn 0.047138 -0.072337 -0.996266
vn 0.048403 0.070096 -0.996365
vn -0.012552 -0.996901 0.077655
vn -0.004630 -0.996162 -0.087402
vn -0.002478 -0.996182 -0.087268
vn -0.010395 -0.996921 0.077726
vn 0.012548 0.996901 -0.077655
vn 0.004625 0.996162 0.087402
vn 0.006780 0.996144 0.087471
vn 0.014702 0.996883 -0.077518
vn 0.006780 0.996144 0.087471
vn -0.045237 0.072286 0.996358
vn 0.982652 0.100716 0.155728
vn 0.982629 -0.102049 0.155002
vn -0.046501 -0.070049 0.996459
vn -0.010395 -0.996921 0.077726
vn 0.014702 0.996883 -0.077518
vn 0.993093 0.100473 -0.060595
vn 0.050309 0.070045 -0.996274
vn 0.049043 -0.072288 -0.996177
vn 0.992841 -0.102281 -0.061685
vn -0.002478 -0.996182 -0.087268
vn 0.119732 0.992731 0.012225
vn 0.999217 0.039558 0.000490
vn 0.999216 0.039540 -0.002149
vn 0.119699 0.992767 0.009243
vn 0.994701 -0.102804 -0.001263
vn 0.045396 -0.998893 -0.012295
vn 0.045363 -0.998854 -0.015281
vn 0.994702 -0.102723 -0.003903
vn 0.119699 0.992767 0.009243
vn 0.081451 0.083352 -0.993186
vn -0.075957 0.088345 -0.993190
vn -0.045363 0.998927 0.009316
vn 0.081451 0.083352 -0.993186
vn 0.999216 0.039540 -0.002149
vn 0.994702 -0.102723 -0.003903
vn 0.075957 -0.063866 -0.995064
vn 0.075957 -0.063866 -0.995064
vn 0.045363 -0.998854 -0.015281
vn -0.119699 -0.992694 -0.015202
vn -0.081451 -0.058874 -0.994937
vn -0.045363 0.998927 0.009316
vn -0.994703 0.102787 -0.001372
vn -0.994701 0.102804 0.001268
vn -0.045396 0.998893 0.012301
vn -0.994703 0.102787 -0.001372
vn -0.075957 0.088345 -0.993190
vn -0.081451 -0.058874 -0.994937
vn -0.999216 -0.039475 -0.003122
vn -0.999216 -0.039475 -0.003122
vn -0.119699 -0.992694 -0.015202
vn -0.119732 -0.992731 -0.012219
vn -0.999217 -0.039558 -0.000484
vn 0.999217 0.039558 0.000490
vn 0.994701 -0.102804 -0.001263
vn 0.994702 -0.102723 -0.003903
vn 0.999216 0.039540 -0.002149
vn 0.081451 0.083352 -0.993186
vn 0.075957 -0.063866 -0.995064
vn -0.081451 -0.058874 -0.994937
vn -0.075957 0.088345 -0.993190
vn -0.994703 0.102787 -0.001372
vn -0.999216 -0.039475 -0.003122
vn -0.999217 -0.039558 -0.000484
vn -0.994701 0.102804 0.001268
vn 0.045396 -0.998893 -0.012295
vn -0.119732 -0.992731 -0.012219
vn -0.119699 -0.992694 -0.015202
vn 0.045363 -0.998854 -0.015281
vn -0.045396 0.998893 0.012301
vn 0.119732 0.992731 0.012225
vn 0.119699 0.992767 0.009243
vn -0.045363 0.998927 0.009316
vn 0.119699 0.992767 0.009243
vn 0.999216 0.039540 -0.002149
vn 0.081451 0.083352 -0.993186
vn 0.075957 -0.063866 -0.995064
vn 0.994702 -0.102723 -0.003903
vn 0.045363 -0.998854 -0.015281
vn -0.045363 0.998927 0.009316
vn -0.075957 0.088345 -0.993190
vn -0.994703 0.102787 -0.001372
vn -0.999216 -0.039475 -0.003122
vn -0.081451 -0.058874 -0.994937
vn -0.119699 -0.992694 -0.015202
vn -0.012401 0.992766 0.119419
vn -0.030137 0.039558 0.998763
vn -0.028231 0.039540 0.998819
vn -0.010245 0.992788 0.119449
vn -0.028736 -0.102804 0.994286
vn 0.007529 -0.998930 0.045642
vn 0.009687 -0.998909 0.045675
vn -0.026830 -0.102723 0.994348
vn -0.010245 0.992788 0.119449
vn 0.983297 0.114624 0.141382
vn 0.989756 0.121492 -0.074987
vn -0.005378 0.998948 -0.045545
vn 0.983297 0.114624 0.141382
vn -0.028231 0.039540 0.998819
vn -0.026830 -0.102723 0.994348
vn 0.987053 -0.087977 0.134111
vn 0.987053 -0.087977 0.134111
vn 0.009687 -0.998909 0.045675
vn 0.014550 -0.992749 -0.119325
vn 0.993277 -0.081090 -0.082618
vn -0.005378 0.998948 -0.045545
vn 0.030640 0.102787 -0.994231
vn 0.028732 0.102804 -0.994287
vn -0.007533 0.998930 -0.045642
vn 0.030640 0.102787 -0.994231
vn 0.989756 0.121492 -0.074987
vn 0.993277 -0.081090 -0.082618
vn 0.032038 -0.039475 -0.998707
vn 0.032038 -0.039475 -0.998707
vn 0.014550 -0.992749 -0.119325
vn 0.012396 -0.992767 -0.119419
vn 0.030133 -0.039558 -0.998763
vn -0.030137 0.039558 0.998763
vn -0.028736 -0.102804 0.994286
vn -0.026830 -0.102723 0.994348
vn -0.028231 0.039540 0.998819
vn 0.983297 0.114624 0.141382
vn 0.987053 -0.087977 0.134111
vn 0.993277 -0.081090 -0.082618
vn 0.989756 0.121492 -0.074987
vn 0.030640 0.102787 -0.994231
vn 0.032038 -0.039475 -0.998707
vn 0.030133 -0.039558 -0.998763
vn 0.028732 0.102804 -0.994287
vn 0.007529 -0.998930 0.045642
vn 0.012396 -0.992767 -0.119419
vn 0.014550 -0.992749 -0.119325
vn 0.009687 -0.998909 0.045675
vn -0.007533 0.998930 -0.045642
vn -0.012401 0.992766 0.119419
vn -0.010245 0.992788 0.119449
vn -0.005378 0.998948 -0.045545
vn -0.010245 0.992788 0.119449
vn -0.028231 0.039540 0.998819
vn 0.983297 0.114624 0.141382
vn 0.987053 -0.087977 0.134111
vn -0.026830 -0.102723 0.994348
vn 0.009687 -0.998909 0.045675
vn -0.005378 0.998948 -0.045545
vn 0.989756 0.121492 -0.074987
vn 0.030640 0.102787 -0.994231
vn 0.032038 -0.039475 -0.998707
vn 0.993277 -0.081090 -0.082618
vn 0.014550 -0.992749 -0.119325
vn -0.134851 0.987547 0.081036
vn -0.052699 0.071994 0.996012
vn -0.050806 0.072211 0.996095
vn -0.132714 0.987831 0.081095
vn -0.033964 -0.069204 0.997024
vn 0.127790 -0.988233 0.084059
vn 0.129928 -0.987949 0.084120
vn -0.032083 -0.068889 0.997108
vn -0.132714 0.987831 0.081095
vn 0.959432 0.238675 0.150085
vn 0.968907 0.238382 -0.066282
vn -0.125658 0.988517 -0.083934
vn 0.959432 0.238675 0.150085
vn -0.050806 0.072211 0.996095
vn -0.032083 -0.068889 0.997108
vn 0.987860 0.037913 0.150649
vn 0.987860 0.037913 0.150649
vn 0.129928 -0.987949 0.084120
vn 0.136980 -0.987264 -0.080914
vn 0.997106 0.037596 -0.066082
vn -0.125658 0.988517 -0.083934
vn 0.035855 0.069421 -0.996943
vn 0.033960 0.069204 -0.997024
vn -0.127794 0.988232 -0.084060
vn 0.035855 0.069421 -0.996943
vn 0.968907 0.238382 -0.066282
vn 0.997106 0.037596 -0.066082
vn 0.054575 -0.071678 -0.995934
vn 0.054575 -0.071678 -0.995934
vn 0.136980 -0.987264 -0.080914
vn 0.134846 -0.987547 -0.081037
vn 0.052695 -0.071994 -0.996012
vn -0.052699 0.071994 0.996012
vn -0.033964 -0.069204 0.997024
vn -0.032083 -0.068889 0.997108
vn -0.050806 0.072211 0.996095
vn 0.959432 0.238675 0.150085
vn 0.987860 0.037913 0.150649
vn 0.997106 0.037596 -0.066082
vn 0.968907 0.238382 -0.066282
vn 0.035855 0.069421 -0.996943
vn 0.054575 -0.071678 -0.995934
vn 0.052695 -0.071994 -0.996012
vn 0.033960 0.069204 -0.997024
vn 0.127790 -0.988233 0.084059
vn 0.134846 -0.987547 -0.081037
vn 0.136980 -0.987264 -0.080914
vn 0.129928 -0.987949 0.084120
vn -0.127794 0.988232 -0.084060
vn -0.134851 0.987547 0.081036
vn -0.132714 0.987831 0.081095
vn -0.125658 0.988517 -0.083934
vn -0.132714 0.987831 0.081095
vn -0.050806 0.072211 0.996095
vn 0.959432 0.238675 0.150085
vn 0.987860 0.037913 0.150649
vn -0.032083 -0.068889 0.997108
vn 0.129928 -0.987949 0.084120
vn -0.125658 0.988517 -0.083934
vn 0.968907 0.238382 -0.066282
vn 0.035855 0.069421 -0.996943
vn 0.054575 -0.071678 -0.995934
vn 0.997106 0.037596 -0.066082
vn 0.136980 -0.987264 -0.080914
vn -0.184906 0.979583 0.078912
vn -0.054694 0.071676 0.995927
vn -0.052814 0.071990 0.996006
vn -0.182787 0.979976 0.078966
vn -0.028781 -0.068380 0.997244
vn 0.178156 -0.980220 0.086197
vn 0.180277 -0.979827 0.086253
vn -0.026918 -0.067969 0.997324
vn -0.182787 0.979976 0.078966
vn 0.946252 0.287659 0.147846
vn 0.955381 0.287315 -0.068536
vn -0.176042 0.980612 -0.086076
vn 0.946252 0.287659 0.147846
vn -0.052814 0.071990 0.996006
vn -0.026918 -0.067969 0.997324
vn 0.984883 0.088610 0.148840
vn 0.984883 0.088610 0.148840
vn 0.180277 -0.979827 0.086253
vn 0.187019 -0.979191 -0.078794
vn 0.993783 0.088229 -0.067905
vn -0.176042 0.980612 -0.086076
vn 0.030658 0.068693 -0.997167
vn 0.028777 0.068379 -0.997244
vn -0.178160 0.980219 -0.086197
vn 0.030658 0.068693 -0.997167
vn 0.955381 0.287315 -0.068536
vn 0.993783 0.088229 -0.067905
vn 0.056551 -0.071265 -0.995853
vn 0.056551 -0.071265 -0.995853
vn 0.187019 -0.979191 -0.078794
vn 0.184902 -0.979584 -0.078912
vn 0.054690 -0.071677 -0.995928
vn -0.054694 0.071676 0.995927
vn -0.028781 -0.068380 0.997244
vn -0.026918 -0.067969 0.997324
vn -0.052814 0.071990 0.996006
vn 0.946252 0.287659 0.147846
vn 0.984883 0.088610 0.148840
vn 0.993783 0.088229 -0.067905
vn 0.955381 0.287315 -0.068536
vn 0.030658 0.068693 -0.997167
vn 0.056551 -0.071265 -0.995853
vn 0.054690 -0.071677 -0.995928
vn 0.028777 0.068379 -0.997244
vn 0.178156 -0.980220 0.086197
vn 0.184902 -0.979584 -0.078912
vn 0.187019 -0.979191 -0.078794
vn 0.180277 -0.979827 0.086253
vn -0.178160 0.980219 -0.086197
vn -0.184906 0.979583 0.078912
vn -0.182787 0.979976 0.078966
vn -0.176042 0.980612 -0.086076
vn -0.182787 0.979976 0.078966
vn -0.052814 0.071990 0.996006
vn 0.946252 0.287659 0.147846
vn 0.984883 0.088610 0.148840
vn -0.026918 -0.067969 0.997324
vn 0.180277 -0.979827 0.086253
vn -0.176042 0.980612 -0.086076
vn 0.955381 0.287315 -0.068536
vn 0.030658 0.068693 -0.997167
vn 0.056551 -0.071265 -0.995853
vn 0.993783 0.088229 -0.067905
vn 0.187019 -0.979191 -0.078794
vn -0.050052 0.995138 0.084829
vn -0.049320 0.072296 0.996163
vn -0.047416 0.072350 0.996252
vn -0.047899 0.995238 0.084894
vn -0.042745 -0.069990 0.996631
vn 0.042465 -0.995870 0.080243
vn 0.044619 -0.995771 0.080311
vn -0.040844 -0.069838 0.996722
vn -0.047899 0.995238 0.084894
vn 0.975889 0.155053 0.153619
vn 0.985952 0.154807 -0.062722
vn -0.040317 0.995970 -0.080111
vn 0.975889 0.155053 0.153619
vn -0.047416 0.072350 0.996252
vn -0.040844 -0.069838 0.996722
vn 0.987024 -0.047407 0.153415
vn 0.987024 -0.047407 0.153415
vn 0.044619 -0.995771 0.080311
vn 0.052198 -0.995038 -0.084700
vn 0.996857 -0.047655 -0.063290
vn -0.040317 0.995970 -0.080111
vn 0.044647 0.070044 -0.996544
vn 0.042741 0.069990 -0.996632
vn -0.042469 0.995870 -0.080244
vn 0.044647 0.070044 -0.996544
vn 0.985952 0.154807 -0.062722
vn 0.996857 -0.047655 -0.063290
vn 0.051216 -0.072142 -0.996079
vn 0.051216 -0.072142 -0.996079
vn 0.052198 -0.995038 -0.084700
vn 0.050048 -0.995138 -0.084829
vn 0.049316 -0.072296 -0.996163
vn -0.049320 0.072296 0.996163
vn -0.042745 -0.069990 0.996631
vn -0.040844 -0.069838 0.996722
vn -0.047416 0.072350 0.996252
vn 0.975889 0.155053 0.153619
vn 0.987024 -0.047407 0.153415
vn 0.996857 -0.047655 -0.063290
vn 0.985952 0.154807 -0.062722
vn 0.044647 0.070044 -0.996544
vn 0.051216 -0.072142 -0.996079
vn 0.049316 -0.072296 -0.996163
vn 0.042741 0.069990 -0.996632
vn 0.042465 -0.995870 0.080243
vn 0.050048 -0.995138 -0.084829
vn 0.052198 -0.995038 -0.084700
vn 0.044619 -0.995771 0.080311
vn -0.042469 0.995870 -0.080244
vn -0.050052 0.995138 0.084829
vn -0.047899 0.995238 0.084894
vn -0.040317 0.995970 -0.080111
vn -0.047899 0.995238 0.084894
vn -0.047416 0.072350 0.996252
vn 0.975889 0.155053 0.153619
vn 0.987024 -0.047407 0.153415
vn -0.040844 -0.069838 0.996722
vn 0.044619 -0.995771 0.080311
vn -0.040317 0.995970 -0.080111
vn 0.985952 0.154807 -0.062722
vn 0.044647 0.070044 -0.996544
vn 0.051216 -0.072142 -0.996079
vn 0.996857 -0.047655 -0.063290
vn 0.052198 -0.995038 -0.084700
vn -0.190117 0.122363 0.974106
vn 0.988600 0.018091 0.149474
vn 0.935146 0.008828 0.354152
vn -0.153849 0.026521 0.987738
vn -0.992372 -0.002614 -0.123253
vn 0.190230 -0.026376 -0.981385
vn 0.163559 -0.131569 -0.977721
vn -0.949086 -0.030618 -0.313525
vn 0.988600 0.018091 0.149474
vn 0.163559 -0.131569 -0.977721
vn 0.190230 -0.026376 -0.981385
vn 0.935146 0.008828 0.354152
vn -0.949086 -0.030618 -0.313525
vn -0.190117 0.122363 0.974106
vn -0.153849 0.026521 0.987738
vn -0.992372 -0.002614 -0.123253
vn -0.189859 0.136005 0.972346
vn 0.988572 0.020108 0.149405
vn 0.935145 0.008453 0.354164
vn -0.153849 0.025763 0.987759
vn -0.992372 -0.002415 -0.123259
vn 0.190229 -0.025626 -0.981405
vn 0.163291 -0.146532 -0.975635
vn -0.949021 -0.033739 -0.313403
vn 0.988572 0.020108 0.149405
vn 0.163291 -0.146532 -0.975635
vn 0.190229 -0.025626 -0.981405
vn 0.935145 0.008453 0.354164
vn -0.949021 -0.033739 -0.313403
vn -0.189859 0.136005 0.972346
vn -0.153849 0.025763 0.987759
vn -0.992372 -0.002415 -0.123259
vn -0.190117 0.127622 0.973431
vn 0.988600 0.018898 0.149374
vn 0.935146 0.010741 0.354099
vn -0.153849 0.031855 0.987581
vn -0.992372 -0.003280 -0.123237
vn 0.190230 -0.031676 -0.981229
vn 0.163559 -0.136848 -0.976996
vn -0.949086 -0.032311 -0.313355
vn 0.988600 0.018898 0.149374
vn 0.163559 -0.136848 -0.976996
vn 0.190230 -0.031676 -0.981229
vn 0.935146 0.010741 0.354099
vn -0.949086 -0.032311 -0.313355
vn -0.190117 0.127622 0.973431
vn -0.153849 0.031855 0.987581
vn -0.992372 -0.003280 -0.123237
vn 0.998742 -0.027933 0.041649
vn 0.998742 -0.027933 0.041649
vn 0.998742 -0.027933 0.041649
vn 0.998742 -0.027933 0.041649
vn 0.041699 0.001179 -0.999130
vn 0.041699 0.001179 -0.999130
vn 0.041699 0.001179 -0.999130
vn 0.041699 0.001179 -0.999130
vn -0.998742 0.027933 -0.041649
vn -0.998742 0.027933 -0.041649
vn -0.998742 0.027933 -0.041649
vn -0.998742 0.027933 -0.041649
vn -0.041699 -0.001178 0.999130
vn -0.041699 -0.001178 0.999130
vn -0.041699 -0.001178 0.999130
vn -0.041699 -0.001178 0.999130
vn -0.027858 -0.999609 -0.002341
vn -0.027858 -0.999609 -0.002341
vn -0.027858 -0.999609 -0.002341
vn -0.027858 -0.999609 -0.002341
vn 0.027858 0.999609 0.002341
vn 0.027858 0.999609 0.002341
vn 0.027858 0.999609 0.002341
vn 0.027858 0.999609 0.002341
vn -0.996823 -0.028311 0.074442
vn -0.996823 -0.028311 0.074442
vn -0.996823 -0.028311 0.074442
vn -0.996823 -0.028311 0.074442
vn 0.074607 -0.004811 0.997202
vn 0.074607 -0.004811 0.997202
vn 0.074607 -0.004811 0.997202
vn 0.074607 -0.004811 0.997202
vn 0.996823 0.028311 -0.074442
vn 0.996823 0.028311 -0.074442
vn 0.996823 0.028311 -0.074442
vn 0.996823 0.028311 -0.074442
vn -0.074607 0.004812 -0.997202
vn -0.074607 0.004812 -0.997202
vn -0.074607 0.004812 -0.997202
vn -0.074607 0.004812 -0.997202
vn 0.027872 -0.999588 -0.006908
vn 0.027872 -0.999588 -0.006908
vn 0.027872 -0.999588 -0.006908
vn 0.027872 -0.999588 -0.006908
vn -0.027872 0.999588 0.006908
vn -0.027872 0.999588 0.006908
vn -0.027872 0.999588 0.006908
vn -0.027872 0.999588 0.006908
vn -0.998655 0.028013 0.043623
vn -0.998655 0.028013 0.043623
vn -0.998655 0.028013 0.043623
vn -0.998655 0.028013 0.043623
vn -0.043950 -0.011177 -0.998971
vn -0.043950 -0.011177 -0.998971
vn -0.043950 -0.011177 -0.998971
vn -0.043950 -0.011177 -0.998971
vn 0.998655 -0.028013 -0.043623
vn 0.998655 -0.028013 -0.043623
vn 0.998655 -0.028013 -0.043623
vn 0.998655 -0.028013 -0.043623
vn 0.043950 0.011176 0.998971
vn 0.043950 0.011176 0.998971
vn 0.043950 0.011176 0.998971
vn 0.043950 0.011176 0.998971
vn 0.027496 0.999545 -0.012393
vn 0.027496 0.999545 -0.012393
vn 0.027496 0.999545 -0.012393
vn 0.027496 0.999545 -0.012393
vn -0.027496 -0.999545 0.012393
vn -0.027496 -0.999545 0.012393
vn -0.027496 -0.999545 0.012393
vn -0.027496 -0.999545 0.012393
vn 0.998375 0.028255 0.049484
vn 0.998375 0.028255 0.049484
vn 0.998375 0.028255 0.049484
vn 0.998375 0.028255 0.049484
vn -0.049554 0.001808 0.998770
vn -0.049554 0.001808 0.998770
vn -0.049554 0.001808 0.998770
vn -0.049554 0.001808 0.998770
vn -0.998375 -0.028255 -0.049484
vn -0.998375 -0.028255 -0.049484
vn -0.998375 -0.028255 -0.049484
vn -0.998375 -0.028255 -0.049484
vn 0.049554 -0.001809 -0.998770
vn 0.049554 -0.001809 -0.998770
vn 0.049554 -0.001809 -0.998770
vn 0.049554 -0.001809 -0.998770
vn -0.028130 0.999599 -0.003205
vn -0.028130 0.999599 -0.003205
vn -0.028130 0.999599 -0.003205
vn -0.028130 0.999599 -0.003205
vn 0.028130 -0.999599 0.003205
vn 0.028130 -0.999599 0.003205
vn 0.028130 -0.999599 0.003205
vn 0.028130 -0.999599 0.003205
vn -0.999414 0.028708 0.018648
vn -0.999414 0.028708 0.018648
vn -0.999414 0.028708 0.018648
vn -0.999414 0.028708 0.018648
vn -0.018976 -0.011172 -0.999758
vn -0.018976 -0.011172 -0.999758
vn -0.018976 -0.011172 -0.999758
vn -0.018976 -0.011172 -0.999758
vn 0.999414 -0.028708 -0.018648
vn 0.999414 -0.028708 -0.018648
vn 0.999414 -0.028708 -0.018648
vn 0.999414 -0.028708 -0.018648
vn 0.018976 0.011171 0.999758
vn 0.018976 0.011171 0.999758
vn 0.018976 0.011171 0.999758
vn 0.018976 0.011171 0.999758
vn 0.028491 0.999525 -0.011710
vn 0.028491 0.999525 -0.011710
vn 0.028491 0.999525 -0.011710
vn 0.028491 0.999525 -0.011710
vn -0.028491 -0.999525 0.011710
vn -0.028491 -0.999525 0.011710
vn -0.028491 -0.999525 0.011710
vn -0.028491 -0.999525 0.011710
vn -0.999586 -0.028311 0.005134
vn -0.999586 -0.028311 0.005134
vn -0.999586 -0.028311 0.005134
vn -0.999586 -0.028311 0.005134
vn 0.005272 -0.004811 0.999975
vn 0.005272 -0.004811 0.999975
vn 0.005272 -0.004811 0.999975
vn 0.005272 -0.004811 0.999975
vn 0.999586 0.028311 -0.005134
vn 0.999586 0.028311 -0.005134
vn 0.999586 0.028311 -0.005134
vn 0.999586 0.028311 -0.005134
vn -0.005272 0.004812 -0.999975
vn -0.005272 0.004812 -0.999975
vn -0.005272 0.004812 -0.999975
vn -0.005272 0.004812 -0.999975
vn 0.028284 -0.999588 -0.004959
vn 0.028284 -0.999588 -0.004959
vn 0.028284 -0.999588 -0.004959
vn 0.028284 -0.999588 -0.004959
vn -0.028284 0.999588 0.004959
vn -0.028284 0.999588 0.004959
vn -0.028284 0.999588 0.004959
vn -0.028284 0.999588 0.004959
vn -0.110398 -0.000003 -0.993887
vn -0.999077 -0.000003 -0.042946
vn -0.999076 0.002556 -0.042892
vn -0.110368 0.002665 -0.993887
vn -0.993762 -0.000003 0.111520
vn -0.041818 -0.000003 0.999125
vn -0.041788 0.002665 0.999123
vn -0.993765 0.002556 0.111467
vn -0.110368 0.002665 -0.993887
vn -0.083903 0.993295 -0.079539
vn 0.078238 0.993295 -0.085118
vn 0.041788 0.002665 -0.999123
vn -0.083903 0.993295 -0.079539
vn -0.999076 0.002556 -0.042892
vn -0.993765 0.002556 0.111467
vn -0.078238 0.993295 0.085118
vn -0.078238 0.993295 0.085118
vn -0.041788 0.002665 0.999123
vn 0.110368 0.002665 0.993887
vn 0.083903 0.993295 0.079539
vn 0.041788 0.002665 -0.999123
vn 0.993765 0.002556 -0.111466
vn 0.993762 -0.000003 -0.111520
vn 0.041818 -0.000003 -0.999125
vn 0.993765 0.002556 -0.111466
vn 0.078238 0.993295 -0.085118
vn 0.083903 0.993295 0.079539
vn 0.999076 0.002556 0.042891
vn 0.999076 0.002556 0.042891
vn 0.110368 0.002665 0.993887
vn 0.110398 -0.000003 0.993887
vn 0.999077 -0.000003 0.042946
vn -0.999077 -0.000003 -0.042946
vn -0.993762 -0.000003 0.111520
vn -0.993765 0.002556 0.111467
vn -0.999076 0.002556 -0.042892
vn -0.083903 0.993295 -0.079539
vn -0.078238 0.993295 0.085118
vn 0.083903 0.993295 0.079539
vn 0.078238 0.993295 -0.085118
vn 0.993765 0.002556 -0.111466
vn 0.999076 0.002556 0.042891
vn 0.999077 -0.000003 0.042946
vn 0.993762 -0.000003 -0.111520
vn -0.041818 -0.000003 0.999125
vn 0.110398 -0.000003 0.993887
vn 0.110368 0.002665 0.993887
vn -0.041788 0.002665 0.999123
vn 0.041818 -0.000003 -0.999125
vn -0.110398 -0.000003 -0.993887
vn -0.110368 0.002665 -0.993887
vn 0.041788 0.002665 -0.999123
vn -0.110368 0.002665 -0.993887
vn -0.999076 0.002556 -0.042892
vn -0.083903 0.993295 -0.079539
vn -0.078238 0.993295 0.085118
vn -0.993765 0.002556 0.111467
vn -0.041788 0.002665 0.999123
vn 0.041788 0.002665 -0.999123
vn 0.078238 0.993295 -0.085118
vn 0.993765 0.002556 -0.111466
vn 0.999076 0.002556 0.042891
vn 0.083903 0.993295 0.079539
vn 0.110368 0.002665 0.993887
vn -0.110398 -0.000003 -0.993887
vn -0.999077 -0.000003 -0.042946
vn -0.999076 0.002861 -0.042892
vn -0.110368 0.002983 -0.993886
vn -0.993762 -0.000003 0.111520
vn -0.041818 -0.000003 0.999125
vn -0.041788 0.002983 0.999122
vn -0.993764 0.002861 0.111467
vn -0.110368 0.002983 -0.993886
vn -0.075058 0.994637 -0.071154
vn 0.069990 0.994637 -0.076145
vn 0.041788 0.002983 -0.999122
vn -0.075058 0.994637 -0.071154
vn -0.999076 0.002861 -0.042892
vn -0.993764 0.002861 0.111467
vn -0.069990 0.994637 0.076145
vn -0.069990 0.994637 0.076145
vn -0.041788 0.002983 0.999122
vn 0.110368 0.002983 0.993886
vn 0.075058 0.994637 0.071154
vn 0.041788 0.002983 -0.999122
vn 0.993764 0.002861 -0.111466
vn 0.993762 -0.000003 -0.111520
vn 0.041818 -0.000003 -0.999125
vn 0.993764 0.002861 -0.111466
vn 0.069990 0.994637 -0.076145
vn 0.075058 0.994637 0.071154
vn 0.999076 0.002861 0.042891
vn 0.999076 0.002861 0.042891
vn 0.110368 0.002983 0.993886
vn 0.110398 -0.000003 0.993887
vn 0.999077 -0.000003 0.042946
vn -0.999077 -0.000003 -0.042946
vn -0.993762 -0.000003 0.111520
vn -0.993764 0.002861 0.111467
vn -0.999076 0.002861 -0.042892
vn -0.075058 0.994637 -0.071154
vn -0.069990 0.994637 0.076145
vn 0.075058 0.994637 0.071154
vn 0.069990 0.994637 -0.076145
vn 0.993764 0.002861 -0.111466
vn 0.999076 0.002861 0.042891
vn 0.999077 -0.000003 0.042946
vn 0.993762 -0.000003 -0.111520
vn -0.041818 -0.000003 0.999125
vn 0.110398 -0.000003 0.993887
vn 0.110368 0.002983 0.993886
vn -0.041788 0.002983 0.999122
vn 0.041818 -0.000003 -0.999125
vn -0.110398 -0.000003 -0.993887
vn -0.110368 0.002983 -0.993886
vn 0.041788 0.002983 -0.999122
vn -0.110368 0.002983 -0.993886
vn -0.999076 0.002861 -0.042892
vn -0.075058 0.994637 -0.071154
vn -0.069990 0.994637 0.076145
vn -0.993764 0.002861 0.111467
vn -0.041788 0.002983 0.999122
vn 0.041788 0.002983 -0.999122
vn 0.069990 0.994637 -0.076145
vn 0.993764 0.002861 -0.111466
vn 0.999076 0.002861 0.042891
vn 0.075058 0.994637 0.071154
vn 0.110368 0.002983 0.993886
vn -0.189667 0.170140 0.966995
vn 0.988550 0.025310 0.148755
vn 0.935145 0.017349 0.353841
vn -0.153848 0.050764 0.986790
vn -0.992371 -0.005464 -0.123163
vn 0.190228 -0.050470 -0.980442
vn 0.163092 -0.181616 -0.969751
vn -0.948971 -0.043909 -0.312290
vn 0.988550 0.025310 0.148755
vn 0.163092 -0.181616 -0.969751
vn 0.190228 -0.050470 -0.980442
vn 0.935145 0.017349 0.353841
vn -0.948971 -0.043909 -0.312290
vn -0.189667 0.170140 0.966995
vn -0.153848 0.050764 0.986790
vn -0.992371 -0.005464 -0.123163
vn -0.189667 0.114051 0.975202
vn 0.988550 0.016683 0.149967
vn 0.935145 -0.003101 0.354253
vn -0.153848 -0.006269 0.988075
vn -0.992371 0.001653 -0.123273
vn 0.190228 0.006196 -0.981720
vn 0.163092 -0.125348 -0.978616
vn -0.948971 -0.025814 -0.314304
vn 0.988550 0.016683 0.149967
vn 0.163092 -0.125348 -0.978616
vn 0.190228 0.006196 -0.981720
vn 0.935145 -0.003101 0.354253
vn -0.948971 -0.025814 -0.314304
vn -0.189667 0.114051 0.975202
vn -0.153848 -0.006269 0.988075
vn -0.992371 0.001653 -0.123273
vn 0.119732 0.990433 0.068612
vn 0.999217 0.039466 0.002737
vn 0.999216 0.039599 0.000101
vn 0.119699 0.990638 0.065637
vn 0.994701 -0.102566 -0.007102
vn 0.045396 -0.996581 -0.069032
vn 0.045363 -0.996372 -0.072010
vn 0.994702 -0.102335 -0.009733
vn 0.119699 0.990638 0.065637
vn 0.081451 0.139649 -0.986845
vn -0.075957 0.144635 -0.986565
vn -0.045363 0.996784 0.066060
vn 0.081451 0.139649 -0.986845
vn 0.999216 0.039599 0.000101
vn 0.994702 -0.102335 -0.009733
vn 0.075957 -0.007224 -0.997085
vn 0.075957 -0.007224 -0.997085
vn 0.045363 -0.996372 -0.072010
vn -0.119699 -0.990226 -0.071582
vn -0.081451 -0.002247 -0.996675
vn -0.045363 0.996784 0.066060
vn -0.994703 0.102699 0.004470
vn -0.994701 0.102566 0.007108
vn -0.045396 0.996581 0.069038
vn -0.994703 0.102699 0.004470
vn -0.075957 0.144635 -0.986565
vn -0.081451 -0.002247 -0.996675
vn -0.999216 -0.039233 -0.005360
vn -0.999216 -0.039233 -0.005360
vn -0.119699 -0.990226 -0.071582
vn -0.119732 -0.990433 -0.068606
vn -0.999217 -0.039466 -0.002731
vn 0.999217 0.039466 0.002737
vn 0.994701 -0.102566 -0.007102
vn 0.994702 -0.102335 -0.009733
vn 0.999216 0.039599 0.000101
vn 0.081451 0.139649 -0.986845
vn 0.075957 -0.007224 -0.997085
vn -0.081451 -0.002247 -0.996675
vn -0.075957 0.144635 -0.986565
vn -0.994703 0.102699 0.004470
vn -0.999216 -0.039233 -0.005360
vn -0.999217 -0.039466 -0.002731
vn -0.994701 0.102566 0.007108
vn 0.045396 -0.996581 -0.069032
vn -0.119732 -0.990433 -0.068606
vn -0.119699 -0.990226 -0.071582
vn 0.045363 -0.996372 -0.072010
vn -0.045396 0.996581 0.069038
vn 0.119732 0.990433 0.068612
vn 0.119699 0.990638 0.065637
vn -0.045363 0.996784 0.066060
vn 0.119699 0.990638 0.065637
vn 0.999216 0.039599 0.000101
vn 0.081451 0.139649 -0.986845
vn 0.075957 -0.007224 -0.997085
vn 0.994702 -0.102335 -0.009733
vn 0.045363 -0.996372 -0.072010
vn -0.045363 0.996784 0.066060
vn -0.075957 0.144635 -0.986565
vn -0.994703 0.102699 0.004470
vn -0.999216 -0.039233 -0.005360
vn -0.081451 -0.002247 -0.996675
vn -0.119699 -0.990226 -0.071582
vn 0.119732 0.992731 0.012225
vn 0.999217 0.039558 0.000490
vn 0.999216 0.039540 -0.002149
vn 0.119699 0.992767 0.009243
vn 0.994701 -0.102804 -0.001263
vn 0.045396 -0.998893 -0.012295
vn 0.045363 -0.998854 -0.015281
vn 0.994702 -0.102723 -0.003903
vn 0.119699 0.992767 0.009243
vn 0.081451 0.083352 -0.993186
vn -0.075957 0.088345 -0.993190
vn -0.045363 0.998927 0.009316
vn 0.081451 0.083352 -0.993186
vn 0.999216 0.039540 -0.002149
vn 0.994702 -0.102723 -0.003903
vn 0.075957 -0.063866 -0.995064
vn 0.075957 -0.063866 -0.995064
vn 0.045363 -0.998854 -0.015281
vn -0.119699 -0.992694 -0.015202
vn -0.081451 -0.058874 -0.994937
vn -0.045363 0.998927 0.009316
vn -0.994703 0.102787 -0.001372
vn -0.994701 0.102804 0.001268
vn -0.045396 0.998893 0.012301
vn -0.994703 0.102787 -0.001372
vn -0.075957 0.088345 -0.993190
vn -0.081451 -0.058874 -0.994937
vn -0.999216 -0.039475 -0.003122
vn -0.999216 -0.039475 -0.003122
vn -0.119699 -0.992694 -0.015202
vn -0.119732 -0.992731 -0.012219
vn -0.999217 -0.039558 -0.000484
vn 0.999217 0.039558 0.000490
vn 0.994701 -0.102804 -0.001263
vn 0.994702 -0.102723 -0.003903
vn 0.999216 0.039540 -0.002149
vn 0.081451 0.083352 -0.993186
vn 0.075957 -0.063866 -0.995064
vn -0.081451 -0.058874 -0.994937
vn -0.075957 0.088345 -0.993190
vn -0.994703 0.102787 -0.001372
vn -0.999216 -0.039475 -0.003122
vn -0.999217 -0.039558 -0.000484
vn -0.994701 0.102804 0.001268
vn 0.045396 -0.998893 -0.012295
vn -0.119732 -0.992731 -0.012219
vn -0.119699 -0.992694 -0.015202
vn 0.045363 -0.998854 -0.015281
vn -0.045396 0.998893 0.012301
vn 0.119732 0.992731 0.012225
vn 0.119699 0.992767 0.009243
vn -0.045363 0.998927 0.009316
vn 0.119699 0.992767 0.009243
vn 0.999216 0.039540 -0.002149
vn 0.081451 0.083352 -0.993186
vn 0.075957 -0.063866 -0.995064
vn 0.994702 -0.102723 -0.003903
vn 0.045363 -0.998854 -0.015281
vn -0.045363 0.998927 0.009316
vn -0.075957 0.088345 -0.993190
vn -0.994703 0.102787 -0.001372
vn -0.999216 -0.039475 -0.003122
vn -0.081451 -0.058874 -0.994937
vn -0.119699 -0.992694 -0.015202
vn 0.119732 0.992766 -0.008998
vn 0.999217 0.039559 -0.000356
vn 0.999216 0.039485 -0.002994
vn 0.119699 0.992738 -0.011981
vn 0.994701 -0.102808 0.000935
vn 0.045396 -0.998928 0.009060
vn 0.045363 -0.998952 0.006075
vn 0.994702 -0.102783 -0.001706
vn 0.119699 0.992738 -0.011981
vn 0.081451 0.062102 -0.994741
vn -0.075957 0.067095 -0.994851
vn -0.045363 0.998898 -0.012039
vn 0.081451 0.062102 -0.994741
vn 0.999216 0.039485 -0.002994
vn 0.994702 -0.102783 -0.001706
vn 0.075957 -0.085122 -0.993471
vn 0.075957 -0.085122 -0.993471
vn 0.045363 -0.998952 0.006075
vn -0.119699 -0.992792 0.006022
vn -0.081451 -0.080129 -0.993451
vn -0.045363 0.998898 -0.012039
vn -0.994703 0.102734 -0.003569
vn -0.994701 0.102808 -0.000929
vn -0.045396 0.998928 -0.009054
vn -0.994703 0.102734 -0.003569
vn -0.075957 0.067095 -0.994851
vn -0.081451 -0.080129 -0.993451
vn -0.999216 -0.039532 -0.002277
vn -0.999216 -0.039532 -0.002277
vn -0.119699 -0.992792 0.006022
vn -0.119732 -0.992765 0.009004
vn -0.999217 -0.039559 0.000361
vn 0.999217 0.039559 -0.000356
vn 0.994701 -0.102808 0.000935
vn 0.994702 -0.102783 -0.001706
vn 0.999216 0.039485 -0.002994
vn 0.081451 0.062102 -0.994741
vn 0.075957 -0.085122 -0.993471
vn -0.081451 -0.080129 -0.993451
vn -0.075957 0.067095 -0.994851
vn -0.994703 0.102734 -0.003569
vn -0.999216 -0.039532 -0.002277
vn -0.999217 -0.039559 0.000361
vn -0.994701 0.102808 -0.000929
vn 0.045396 -0.998928 0.009060
vn -0.119732 -0.992765 0.009004
vn -0.119699 -0.992792 0.006022
vn 0.045363 -0.998952 0.006075
vn -0.045396 0.998928 -0.009054
vn 0.119732 0.992766 -0.008998
vn 0.119699 0.992738 -0.011981
vn -0.045363 0.998898 -0.012039
vn 0.119699 0.992738 -0.011981
vn 0.999216 0.039485 -0.002994
vn 0.081451 0.062102 -0.994741
vn 0.075957 -0.085122 -0.993471
vn 0.994702 -0.102783 -0.001706
vn 0.045363 -0.998952 0.006075
vn -0.045363 0.998898 -0.012039
vn -0.075957 0.067095 -0.994851
vn -0.994703 0.102734 -0.003569
vn -0.999216 -0.039532 -0.002277
vn -0.081451 -0.080129 -0.993451
vn -0.119699 -0.992792 0.006022
vn -0.007470 0.992766 0.119829
vn 0.011033 0.039558 0.999156
vn 0.012940 0.039540 0.999134
vn -0.005315 0.992788 0.119770
vn 0.012248 -0.102804 0.994626
vn 0.009403 -0.998930 0.045293
vn 0.011560 -0.998909 0.045237
vn 0.014156 -0.102723 0.994609
vn -0.005315 0.992788 0.119770
vn 0.988286 0.114624 0.100755
vn 0.985827 0.121492 -0.115697
vn -0.007249 0.998948 -0.045284
vn 0.988286 0.114624 0.100755
vn 0.012940 0.039540 0.999134
vn 0.014156 -0.102723 0.994609
vn 0.991740 -0.087977 0.093335
vn 0.991740 -0.087977 0.093335
vn 0.011560 -0.998909 0.045237
vn 0.009622 -0.992749 -0.119823
vn 0.989030 -0.081090 -0.123467
vn -0.007249 0.998948 -0.045284
vn -0.010344 0.102787 -0.994650
vn -0.012252 0.102804 -0.994626
vn -0.009407 0.998930 -0.045293
vn -0.010344 0.102787 -0.994650
vn 0.985827 0.121492 -0.115697
vn 0.989030 -0.081090 -0.123467
vn -0.009131 -0.039475 -0.999179
vn -0.009131 -0.039475 -0.999179
vn 0.009622 -0.992749 -0.119823
vn 0.007466 -0.992767 -0.119829
vn -0.011037 -0.039558 -0.999156
vn 0.011033 0.039558 0.999156
vn 0.012248 -0.102804 0.994626
vn 0.014156 -0.102723 0.994609
vn 0.012940 0.039540 0.999134
vn 0.988286 0.114624 0.100755
vn 0.991740 -0.087977 0.093335
vn 0.989030 -0.081090 -0.123467
vn 0.985827 0.121492 -0.115697
vn -0.010344 0.102787 -0.994650
vn -0.009131 -0.039475 -0.999179
vn -0.011037 -0.039558 -0.999156
vn -0.012252 0.102804 -0.994626
vn 0.009403 -0.998930 0.045293
vn 0.007466 -0.992767 -0.119829
vn 0.009622 -0.992749 -0.119823
vn 0.011560 -0.998909 0.045237
vn -0.009407 0.998930 -0.045293
vn -0.007470 0.992766 0.119829
vn -0.005315 0.992788 0.119770
vn -0.007249 0.998948 -0.045284
vn -0.005315 0.992788 0.119770
vn 0.012940 0.039540 0.999134
vn 0.988286 0.114624 0.100755
vn 0.991740 -0.087977 0.093335
vn 0.014156 -0.102723 0.994609
vn 0.011560 -0.998909 0.045237
vn -0.007249 0.998948 -0.045284
vn 0.985827 0.121492 -0.115697
vn -0.010344 0.102787 -0.994650
vn -0.009131 -0.039475 -0.999179
vn 0.989030 -0.081090 -0.123467
vn 0.009622 -0.992749 -0.119823
vn 0.998742 -0.027933 0.041649
vn 0.998742 -0.027933 0.041649
vn 0.998742 -0.027933 0.041649
vn 0.998742 -0.027933 0.041649
vn 0.041699 0.001179 -0.999130
vn 0.041699 0.001179 -0.999130
vn 0.041699 0.001179 -0.999130
vn 0.041699 0.001179 -0.999130
vn -0.998742 0.027933 -0.041649
vn -0.998742 0.027933 -0.041649
vn -0.998742 0.027933 -0.041649
vn -0.998742 0.027933 -0.041649
vn -0.041699 -0.001178 0.999130
vn -0.041699 -0.001178 0.999130
vn -0.041699 -0.001178 0.999130
vn -0.041699 -0.001178 0.999130
vn -0.027858 -0.999609 -0.002341
vn -0.027858 -0.999609 -0.002341
vn -0.027858 -0.999609 -0.002341
vn -0.027858 -0.999609 -0.002341
vn 0.027858 0.999609 0.002341
vn 0.027858 0.999609 0.002341
vn 0.027858 0.999609 0.002341
vn 0.027858 0.999609 0.002341
vn -0.996823 -0.028311 0.074442
vn -0.996823 -0.028311 0.074442
vn -0.996823 -0.028311 0.074442
vn -0.996823 -0.028311 0.074442
vn 0.074607 -0.004811 0.997202
vn 0.074607 -0.004811 0.997202
vn 0.074607 -0.004811 0.997202
vn 0.074607 -0.004811 0.997202
vn 0.996823 0.028311 -0.074442
vn 0.996823 0.028311 -0.074442
vn 0.996823 0.028311 -0.074442
vn 0.996823 0.028311 -0.074442
vn -0.074607 0.004812 -0.997202
vn -0.074607 0.004812 -0.997202
vn -0.074607 0.004812 -0.997202
vn -0.074607 0.004812 -0.997202
vn 0.027872 -0.999588 -0.006908
vn 0.027872 -0.999588 -0.006908
vn 0.027872 -0.999588 -0.006908
vn 0.027872 -0.999588 -0.006908
vn -0.027872 0.999588 0.006908
vn -0.027872 0.999588 0.006908
vn -0.027872 0.999588 0.006908
vn -0.027872 0.999588 0.006908
vn -0.998655 0.028013 0.043623
vn -0.998655 0.028013 0.043623
vn -0.998655 0.028013 0.043623
vn -0.998655 0.028013 0.043623
vn -0.043950 -0.011177 -0.998971
vn -0.043950 -0.011177 -0.998971
vn -0.043950 -0.011177 -0.998971
vn -0.043950 -0.011177 -0.998971
vn 0.998655 -0.028013 -0.043623
vn 0.998655 -0.028013 -0.043623
vn 0.998655 -0.028013 -0.043623
vn 0.998655 -0.028013 -0.043623
vn 0.043950 0.011176 0.998971
vn 0.043950 0.011176 0.998971
vn 0.043950 0.011176 0.998971
vn 0.043950 0.011176 0.998971
vn 0.027496 0.999545 -0.012393
vn 0.027496 0.999545 -0.012393
vn 0.027496 0.999545 -0.012393
vn 0.027496 0.999545 -0.012393
vn -0.027496 -0.999545 0.012393
vn -0.027496 -0.999545 0.012393
vn -0.027496 -0.999545 0.012393
vn -0.027496 -0.999545 0.012393
vn 0.998375 0.028255 0.049484
vn 0.998375 0.028255 0.049484
vn 0.998375 0.028255 0.049484
vn 0.998375 0.028255 0.049484
vn -0.049554 0.001808 0.998770
vn -0.049554 0.001808 0.998770
vn -0.049554 0.001808 0.998770
vn -0.049554 0.001808 0.998770
vn -0.998375 -0.028255 -0.049484
vn -0.998375 -0.028255 -0.049484
vn -0.998375 -0.028255 -0.049484
vn -0.998375 -0.028255 -0.049484
vn 0.049554 -0.001809 -0.998770
vn 0.049554 -0.001809 -0.998770
vn 0.049554 -0.001809 -0.998770
vn 0.049554 -0.001809 -0.998770
vn -0.028130 0.999599 -0.003205
vn -0.028130 0.999599 -0.003205
vn -0.028130 0.999599 -0.003205
vn -0.028130 0.999599 -0.003205
vn 0.028130 -0.999599 0.003205
vn 0.028130 -0.999599 0.003205
vn 0.028130 -0.999599 0.003205
vn 0.028130 -0.999599 0.003205
vn -0.999414 0.028708 0.018648
vn -0.999414 0.028708 0.018648
vn -0.999414 0.028708 0.018648
vn -0.999414 0.028708 0.018648
vn -0.018976 -0.011172 -0.999758
vn -0.018976 -0.011172 -0.999758
vn -0.018976 -0.011172 -0.999758
vn -0.018976 -0.011172 -0.999758
vn 0.999414 -0.028708 -0.018648
vn 0.999414 -0.028708 -0.018648
vn 0.999414 -0.028708 -0.018648
vn 0.999414 -0.028708 -0.018648
vn 0.018976 0.011171 0.999758
vn 0.018976 0.011171 0.999758
vn 0.018976 0.011171 0.999758
vn 0.018976 0.011171 0.999758
vn 0.028491 0.999525 -0.011710
vn 0.028491 0.999525 -0.011710
vn 0.028491 0.999525 -0.011710
vn 0.028491 0.999525 -0.011710
vn -0.028491 -0.999525 0.011710
vn -0.028491 -0.999525 0.011710
vn -0.028491 -0.999525 0.011710
vn -0.028491 -0.999525 0.011710
vn -0.999586 -0.028311 0.005134
vn -0.999586 -0.028311 0.005134
vn -0.999586 -0.028311 0.005134
vn -0.999586 -0.028311 0.005134
vn 0.005272 -0.004811 0.999975
vn 0.005272 -0.004811 0.999975
vn 0.005272 -0.004811 0.999975
vn 0.005272 -0.004811 0.999975
vn 0.999586 0.028311 -0.005134
vn 0.999586 0.028311 -0.005134
vn 0.999586 0.028311 -0.005134
vn 0.999586 0.028311 -0.005134
vn -0.005272 0.004812 -0.999975
vn -0.005272 0.004812 -0.999975
vn -0.005272 0.004812 -0.999975
vn -0.005272 0.004812 -0.999975
vn 0.028284 -0.999588 -0.004959
vn 0.028284 -0.999588 -0.004959
vn 0.028284 -0.999588 -0.004959
vn 0.028284 -0.999588 -0.004959
vn -0.028284 0.999588 0.004959
vn -0.028284 0.999588 0.004959
vn -0.028284 0.999588 0.004959
vn -0.028284 0.999588 0.004959
vn -0.110398 -0.000003 -0.993887
vn -0.999077 -0.000003 -0.042946
vn -0.999076 0.002861 -0.042892
vn -0.110368 0.002983 -0.993886
vn -0.993762 -0.000003 0.111520
vn -0.041818 -0.000003 0.999125
vn -0.041788 0.002983 0.999122
vn -0.993764 0.002861 0.111467
vn -0.110368 0.002983 -0.993886
vn -0.075058 0.994637 -0.071154
vn 0.069990 0.994637 -0.076145
vn 0.041788 0.002983 -0.999122
vn -0.075058 0.994637 -0.071154
vn -0.999076 0.002861 -0.042892
vn -0.993764 0.002861 0.111467
vn -0.069990 0.994637 0.076145
vn -0.069990 0.994637 0.076145
vn -0.041788 0.002983 0.999122
vn 0.110368 0.002983 0.993886
vn 0.075058 0.994637 0.071154
vn 0.041788 0.002983 -0.999122
vn 0.993764 0.002861 -0.111466
vn 0.993762 -0.000003 -0.111520
vn 0.041818 -0.000003 -0.999125
vn 0.993764 0.002861 -0.111466
vn 0.069990 0.994637 -0.076145
vn 0.075058 0.994637 0.071154
vn 0.999076 0.002861 0.042891
vn 0.999076 0.002861 0.042891
vn 0.110368 0.002983 0.993886
vn 0.110398 -0.000003 0.993887
vn 0.999077 -0.000003 0.042946
vn -0.999077 -0.000003 -0.042946
vn -0.993762 -0.000003 0.111520
vn -0.993764 0.002861 0.111467
vn -0.999076 0.002861 -0.042892
vn -0.075058 0.994637 -0.071154
vn -0.069990 0.994637 0.076145
vn 0.075058 0.994637 0.071154
vn 0.069990 0.994637 -0.076145
vn 0.993764 0.002861 -0.111466
vn 0.999076 0.002861 0.042891
vn 0.999077 -0.000003 0.042946
vn 0.993762 -0.000003 -0.111520
vn -0.041818 -0.000003 0.999125
vn 0.110398 -0.000003 0.993887
vn 0.110368 0.002983 0.993886
vn -0.041788 0.002983 0.999122
vn 0.041818 -0.000003 -0.999125
vn -0.110398 -0.000003 -0.993887
vn -0.110368 0.002983 -0.993886
vn 0.041788 0.002983 -0.999122
vn -0.110368 0.002983 -0.993886
vn -0.999076 0.002861 -0.042892
vn -0.075058 0.994637 -0.071154
vn -0.069990 0.994637 0.076145
vn -0.993764 0.002861 0.111467
vn -0.041788 0.002983 0.999122
vn 0.041788 0.002983 -0.999122
vn 0.069990 0.994637 -0.076145
vn 0.993764 0.002861 -0.111466
vn 0.999076 0.002861 0.042891
vn 0.075058 0.994637 0.071154
vn 0.110368 0.002983 0.993886
vn -0.190117 0.122363 0.974106
vn 0.988600 0.018091 0.149474
vn 0.935146 0.008828 0.354152
vn -0.153849 0.026521 0.987738
vn -0.992372 -0.002614 -0.123253
vn 0.190230 -0.026376 -0.981385
vn 0.163559 -0.131569 -0.977721
vn -0.949086 -0.030618 -0.313525
vn 0.988600 0.018091 0.149474
vn 0.163559 -0.131569 -0.977721
vn 0.190230 -0.026376 -0.981385
vn 0.935146 0.008828 0.354152
vn -0.949086 -0.030618 -0.313525
vn -0.190117 0.122363 0.974106
vn -0.153849 0.026521 0.987738
vn -0.992372 -0.002614 -0.123253
vn -0.189859 0.136005 0.972346
vn 0.988572 0.020108 0.149405
vn 0.935145 0.008453 0.354164
vn -0.153849 0.025763 0.987759
vn -0.992372 -0.002415 -0.123259
vn 0.190229 -0.025626 -0.981405
vn 0.163291 -0.146532 -0.975635
vn -0.949021 -0.033739 -0.313403
vn 0.988572 0.020108 0.149405
vn 0.163291 -0.146532 -0.975635
vn 0.190229 -0.025626 -0.981405
vn 0.935145 0.008453 0.354164
vn -0.949021 -0.033739 -0.313403
vn -0.189859 0.136005 0.972346
vn -0.153849 0.025763 0.987759
vn -0.992372 -0.002415 -0.123259
vn -0.189667 0.170140 0.966995
vn 0.988550 0.025310 0.148755
vn 0.935145 0.017349 0.353841
vn -0.153848 0.050764 0.986790
vn -0.992371 -0.005464 -0.123163
vn 0.190228 -0.050470 -0.980442
vn 0.163092 -0.181616 -0.969751
vn -0.948971 -0.043909 -0.312290
vn 0.988550 0.025310 0.148755
vn 0.163092 -0.181616 -0.969751
vn 0.190228 -0.050470 -0.980442
vn 0.935145 0.017349 0.353841
vn -0.948971 -0.043909 -0.312290
vn -0.189667 0.170140 0.966995
vn -0.153848 0.050764 0.986790
vn -0.992371 -0.005464 -0.123163
vn 0.110398 -0.000003 0.993887
vn 0.999077 -0.000003 0.042946
vn 0.999076 0.002556 0.042892
vn 0.110368 0.002665 0.993887
vn 0.993762 -0.000003 -0.111520
vn 0.041818 -0.000003 -0.999125
vn 0.041788 0.002665 -0.999123
vn 0.993765 0.002556 -0.111467
vn 0.110368 0.002665 0.993887
vn 0.083903 0.993295 0.079539
vn -0.078238 0.993295 0.085118
vn -0.041788 0.002665 0.999123
vn 0.083903 0.993295 0.079539
vn 0.999076 0.002556 0.042892
vn 0.993765 0.002556 -0.111467
vn 0.078238 0.993295 -0.085118
vn 0.078238 0.993295 -0.085118
vn 0.041788 0.002665 -0.999123
vn -0.110368 0.002665 -0.993887
vn -0.083903 0.993295 -0.079539
vn -0.041788 0.002665 0.999123
vn -0.993765 0.002556 0.111466
vn -0.993762 -0.000003 0.111520
vn -0.041818 -0.000003 0.999125
vn -0.993765 0.002556 0.111466
vn -0.078238 0.993295 0.085118
vn -0.083903 0.993295 -0.079539
vn -0.999076 0.002556 -0.042891
vn -0.999076 0.002556 -0.042891
vn -0.110368 0.002665 -0.993887
vn -0.110398 -0.000003 -0.993887
vn -0.999077 -0.000003 -0.042946
vn 0.999077 -0.000003 0.042946
vn 0.993762 -0.000003 -0.111520
vn 0.993765 0.002556 -0.111467
vn 0.999076 0.002556 0.042892
vn 0.083903 0.993295 0.079539
vn 0.078238 0.993295 -0.085118
vn -0.083903 0.993295 -0.079539
vn -0.078238 0.993295 0.085118
vn -0.993765 0.002556 0.111466
vn -0.999076 0.002556 -0.042891
vn -0.999077 -0.000003 -0.042946
vn -0.993762 -0.000003 0.111520
vn 0.041818 -0.000003 -0.999125
vn -0.110398 -0.000003 -0.993887
vn -0.110368 0.002665 -0.993887
vn 0.041788 0.002665 -0.999123
vn -0.041818 -0.000003 0.999125
vn 0.110398 -0.000003 0.993887
vn 0.110368 0.002665 0.993887
vn -0.041788 0.002665 0.999123
vn 0.110368 0.002665 0.993887
vn 0.999076 0.002556 0.042892
vn 0.083903 0.993295 0.079539
vn 0.078238 0.993295 -0.085118
vn 0.993765 0.002556 -0.111467
vn 0.041788 0.002665 -0.999123
vn -0.041788 0.002665 0.999123
vn -0.078238 0.993295 0.085118
vn -0.993765 0.002556 0.111466
vn -0.999076 0.002556 -0.042891
vn -0.083903 0.993295 -0.079539
vn -0.110368 0.002665 -0.993887
vn 0.075058 -0.994637 0.071154
vn 0.110415 -0.002505 0.993882
vn -0.041835 -0.002505 0.999121
vn -0.069990 -0.994637 0.076145
vn 0.999075 -0.002402 0.042941
vn 0.075058 -0.994637 0.071154
vn 0.069990 -0.994637 -0.076145
vn 0.993760 -0.002402 -0.111515
vn 0.110398 -0.000003 0.993888
vn 0.999077 -0.000003 0.042946
vn 0.999076 0.002861 0.042892
vn 0.110368 0.002983 0.993886
vn 0.041835 -0.002505 -0.999121
vn 0.069990 -0.994637 -0.076145
vn -0.075058 -0.994637 -0.071154
vn -0.110415 -0.002505 -0.993882
vn 0.993762 -0.000003 -0.111520
vn 0.041818 -0.000003 -0.999125
vn 0.041788 0.002983 -0.999122
vn 0.993764 0.002861 -0.111467
vn 0.110368 0.002983 0.993886
vn 0.075058 0.994637 0.071154
vn -0.069990 0.994637 0.076145
vn -0.041788 0.002983 0.999122
vn 0.075058 0.994637 0.071154
vn 0.999076 0.002861 0.042892
vn 0.993764 0.002861 -0.111467
vn 0.069990 0.994637 -0.076145
vn 0.069990 0.994637 -0.076145
vn 0.041788 0.002983 -0.999122
vn -0.110368 0.002983 -0.993886
vn -0.075058 0.994637 -0.071154
vn -0.041788 0.002983 0.999122
vn -0.993764 0.002861 0.111466
vn -0.993762 -0.000003 0.111520
vn -0.041818 -0.000003 0.999125
vn -0.993764 0.002861 0.111466
vn -0.069990 0.994637 0.076145
vn -0.075058 0.994637 -0.071154
vn -0.999076 0.002861 -0.042891
vn -0.999076 0.002861 -0.042891
vn -0.110368 0.002983 -0.993886
vn -0.110398 -0.000003 -0.993888
vn -0.999077 -0.000003 -0.042946
vn -0.069990 -0.994637 0.076145
vn -0.993760 -0.002402 0.111515
vn -0.999075 -0.002402 -0.042941
vn -0.075058 -0.994637 -0.071154
vn 0.999077 -0.000003 0.042946
vn 0.993762 -0.000003 -0.111520
vn 0.993764 0.002861 -0.111467
vn 0.999076 0.002861 0.042892
vn 0.075058 0.994637 0.071154
vn 0.069990 0.994637 -0.076145
vn -0.075058 0.994637 -0.071154
vn -0.069990 0.994637 0.076145
vn -0.993764 0.002861 0.111466
vn -0.999076 0.002861 -0.042891
vn -0.999077 -0.000003 -0.042946
vn -0.993762 -0.000003 0.111520
vn -0.069990 -0.994637 0.076145
vn -0.075058 -0.994637 -0.071154
vn 0.069990 -0.994637 -0.076145
vn 0.075058 -0.994637 0.071154
vn 0.041818 -0.000003 -0.999125
vn -0.110398 -0.000003 -0.993888
vn -0.110368 0.002983 -0.993886
vn 0.041788 0.002983 -0.999122
vn -0.041818 -0.000003 0.999125
vn 0.110398 -0.000003 0.993888
vn 0.110368 0.002983 0.993886
vn -0.041788 0.002983 0.999122
vn 0.075058 -0.994637 0.071154
vn 0.999075 -0.002402 0.042941
vn 0.110415 -0.002505 0.993882
vn 0.041835 -0.002505 -0.999121
vn 0.993760 -0.002402 -0.111515
vn 0.069990 -0.994637 -0.076145
vn 0.110368 0.002983 0.993886
vn 0.999076 0.002861 0.042892
vn 0.075058 0.994637 0.071154
vn 0.069990 0.994637 -0.076145
vn 0.993764 0.002861 -0.111467
vn 0.041788 0.002983 -0.999122
vn -0.041788 0.002983 0.999122
vn -0.069990 0.994637 0.076145
vn -0.993764 0.002861 0.111466
vn -0.999076 0.002861 -0.042891
vn -0.075058 0.994637 -0.071154
vn -0.110368 0.002983 -0.993886
vn -0.041835 -0.002505 0.999121
vn -0.993760 -0.002402 0.111515
vn -0.069990 -0.994637 0.076145
vn -0.075058 -0.994637 -0.071154
vn -0.999075 -0.002402 -0.042941
vn -0.110415 -0.002505 -0.993882
vn 0.999075 -0.002402 0.042941
vn 0.993760 -0.002402 -0.111515
vn 0.993762 -0.000003 -0.111520
vn 0.999077 -0.000003 0.042946
vn 0.993760 -0.002402 -0.111515
vn 0.041835 -0.002505 -0.999121
vn 0.041818 -0.000003 -0.999125
vn 0.993762 -0.000003 -0.111520
vn 0.041835 -0.002505 -0.999121
vn -0.110415 -0.002505 -0.993882
vn -0.110398 -0.000003 -0.993888
vn 0.041818 -0.000003 -0.999125
vn -0.999077 -0.000003 -0.042946
vn -0.110398 -0.000003 -0.993888
vn -0.110415 -0.002505 -0.993882
vn -0.999075 -0.002402 -0.042941
vn -0.993762 -0.000003 0.111520
vn -0.999077 -0.000003 -0.042946
vn -0.999075 -0.002402 -0.042941
vn -0.993760 -0.002402 0.111515
vn -0.041818 -0.000003 0.999125
vn -0.993762 -0.000003 0.111520
vn -0.993760 -0.002402 0.111515
vn -0.041835 -0.002505 0.999121
vn -0.041835 -0.002505 0.999121
vn 0.110415 -0.002505 0.993882
vn 0.110398 -0.000003 0.993888
vn -0.041818 -0.000003 0.999125
vn 0.110415 -0.002505 0.993882
vn 0.999075 -0.002402 0.042941
vn 0.999077 -0.000003 0.042946
vn 0.110398 -0.000003 0.993888
vn -0.075058 -0.994637 -0.071154
vn -0.110415 -0.002505 -0.993882
vn 0.041835 -0.002505 -0.999121
vn 0.069990 -0.994637 -0.076145
vn -0.999075 -0.002402 -0.042941
vn -0.075058 -0.994637 -0.071154
vn -0.069990 -0.994637 0.076145
vn -0.993760 -0.002402 0.111515
vn -0.110398 -0.000003 -0.993888
vn -0.999077 -0.000003 -0.042946
vn -0.999076 0.002861 -0.042892
vn -0.110368 0.002983 -0.993886
vn -0.041835 -0.002505 0.999121
vn -0.069990 -0.994637 0.076145
vn 0.075058 -0.994637 0.071154
vn 0.110415 -0.002505 0.993882
vn -0.993762 -0.000003 0.111520
vn -0.041818 -0.000003 0.999125
vn -0.041788 0.002983 0.999122
vn -0.993764 0.002861 0.111467
vn -0.110368 0.002983 -0.993886
vn -0.075058 0.994637 -0.071154
vn 0.069990 0.994637 -0.076145
vn 0.041788 0.002983 -0.999122
vn -0.075058 0.994637 -0.071154
vn -0.999076 0.002861 -0.042892
vn -0.993764 0.002861 0.111467
vn -0.069990 0.994637 0.076145
vn -0.069990 0.994637 0.076145
vn -0.041788 0.002983 0.999122
vn 0.110368 0.002983 0.993886
vn 0.075058 0.994637 0.071154
vn 0.041788 0.002983 -0.999122
vn 0.993764 0.002861 -0.111466
vn 0.993762 -0.000003 -0.111520
vn 0.041818 -0.000003 -0.999125
vn 0.993764 0.002861 -0.111466
vn 0.069990 0.994637 -0.076145
vn 0.075058 0.994637 0.071154
vn 0.999076 0.002861 0.042891
vn 0.999076 0.002861 0.042891
vn 0.110368 0.002983 0.993886
vn 0.110398 -0.000003 0.993888
vn 0.999077 -0.000003 0.042946
vn 0.069990 -0.994637 -0.076145
vn 0.993760 -0.002402 -0.111515
vn 0.999075 -0.002402 0.042941
vn 0.075058 -0.994637 0.071154
vn -0.999077 -0.000003 -0.042946
vn -0.993762 -0.000003 0.111520
vn -0.993764 0.002861 0.111467
vn -0.999076 0.002861 -0.042892
vn -0.075058 0.994637 -0.071154
vn -0.069990 0.994637 0.076145
vn 0.075058 0.994637 0.071154
vn 0.069990 0.994637 -0.076145
vn 0.993764 0.002861 -0.111466
vn 0.999076 0.002861 0.042891
vn 0.999077 -0.000003 0.042946
vn 0.993762 -0.000003 -0.111520
vn 0.069990 -0.994637 -0.076145
vn 0.075058 -0.994637 0.071154
vn -0.069990 -0.994637 0.076145
vn -0.075058 -0.994637 -0.071154
vn -0.041818 -0.000003 0.999125
vn 0.110398 -0.000003 0.993888
vn 0.110368 0.002983 0.993886
vn -0.041788 0.002983 0.999122
vn 0.041818 -0.000003 -0.999125
vn -0.110398 -0.000003 -0.993888
vn -0.110368 0.002983 -0.993886
vn 0.041788 0.002983 -0.999122
vn -0.075058 -0.994637 -0.071154
vn -0.999075 -0.002402 -0.042941
vn -0.110415 -0.002505 -0.993882
vn -0.041835 -0.002505 0.999121
vn -0.993760 -0.002402 0.111515
vn -0.069990 -0.994637 0.076145
vn -0.110368 0.002983 -0.993886
vn -0.999076 0.002861 -0.042892
vn -0.075058 0.994637 -0.071154
vn -0.069990 0.994637 0.076145
vn -0.993764 0.002861 0.111467
vn -0.041788 0.002983 0.999122
vn 0.041788 0.002983 -0.999122
vn 0.069990 0.994637 -0.076145
vn 0.993764 0.002861 -0.111466
vn 0.999076 0.002861 0.042891
vn 0.075058 0.994637 0.071154
vn 0.110368 0.002983 0.993886
vn 0.041835 -0.002505 -0.999121
vn 0.993760 -0.002402 -0.111515
vn 0.069990 -0.994637 -0.076145
vn 0.075058 -0.994637 0.071154
vn 0.999075 -0.002402 0.042941
vn 0.110415 -0.002505 0.993882
vn -0.999075 -0.002402 -0.042941
vn -0.993760 -0.002402 0.111515
vn -0.993762 -0.000003 0.111520
vn -0.999077 -0.000003 -0.042946
vn -0.993760 -0.002402 0.111515
vn -0.041835 -0.002505 0.999121
vn -0.041818 -0.000003 0.999125
vn -0.993762 -0.000003 0.111520
vn -0.041835 -0.002505 0.999121
vn 0.110415 -0.002505 0.993882
vn 0.110398 -0.000003 0.993888
vn -0.041818 -0.000003 0.999125
vn 0.999077 -0.000003 0.042946
vn 0.110398 -0.000003 0.993888
vn 0.110415 -0.002505 0.993882
vn 0.999075 -0.002402 0.042941
vn 0.993762 -0.000003 -0.111520
vn 0.999077 -0.000003 0.042946
vn 0.999075 -0.002402 0.042941
vn 0.993760 -0.002402 -0.111515
vn 0.041818 -0.000003 -0.999125
vn 0.993762 -0.000003 -0.111520
vn 0.993760 -0.002402 -0.111515
vn 0.041835 -0.002505 -0.999121
vn 0.041835 -0.002505 -0.999121
vn -0.110415 -0.002505 -0.993882
vn -0.110398 -0.000003 -0.993888
vn 0.041818 -0.000003 -0.999125
vn -0.110415 -0.002505 -0.993882
vn -0.999075 -0.002402 -0.042941
vn -0.999077 -0.000003 -0.042946
vn -0.110398 -0.000003 -0.993888
vn -0.075058 -0.994637 -0.071154
vn -0.110415 -0.002505 -0.993882
vn 0.041835 -0.002505 -0.999121
vn 0.069990 -0.994637 -0.076145
vn -0.999075 -0.002402 -0.042941
vn -0.075058 -0.994637 -0.071154
vn -0.069990 -0.994637 0.076145
vn -0.993760 -0.002402 0.111515
vn -0.110398 -0.000003 -0.993888
vn -0.999077 -0.000003 -0.042946
vn -0.999076 0.002861 -0.042892
vn -0.110368 0.002983 -0.993886
vn -0.041835 -0.002505 0.999121
vn -0.069990 -0.994637 0.076145
vn 0.075058 -0.994637 0.071154
vn 0.110415 -0.002505 0.993882
vn -0.993762 -0.000003 0.111520
vn -0.041818 -0.000003 0.999125
vn -0.041788 0.002983 0.999122
vn -0.993764 0.002861 0.111467
vn -0.110368 0.002983 -0.993886
vn -0.075058 0.994637 -0.071154
vn 0.069990 0.994637 -0.076145
vn 0.041788 0.002983 -0.999122
vn -0.075058 0.994637 -0.071154
vn -0.999076 0.002861 -0.042892
vn -0.993764 0.002861 0.111467
vn -0.069990 0.994637 0.076145
vn -0.069990 0.994637 0.076145
vn -0.041788 0.002983 0.999122
vn 0.110368 0.002983 0.993886
vn 0.075058 0.994637 0.071154
vn 0.041788 0.002983 -0.999122
vn 0.993764 0.002861 -0.111466
vn 0.993762 -0.000003 -0.111520
vn 0.041818 -0.000003 -0.999125
vn 0.993764 0.002861 -0.111466
vn 0.069990 0.994637 -0.076145
vn 0.075058 0.994637 0.071154
vn 0.999076 0.002861 0.042891
vn 0.999076 0.002861 0.042891
vn 0.110368 0.002983 0.993886
vn 0.110398 -0.000003 0.993888
vn 0.999077 -0.000003 0.042946
vn 0.069990 -0.994637 -0.076145
vn 0.993760 -0.002402 -0.111515
vn 0.999075 -0.002402 0.042941
vn 0.075058 -0.994637 0.071154
vn -0.999077 -0.000003 -0.042946
vn -0.993762 -0.000003 0.111520
vn -0.993764 0.002861 0.111467
vn -0.999076 0.002861 -0.042892
vn -0.075058 0.994637 -0.071154
vn -0.069990 0.994637 0.076145
vn 0.075058 0.994637 0.071154
vn 0.069990 0.994637 -0.076145
vn 0.993764 0.002861 -0.111466
vn 0.999076 0.002861 0.042891
vn 0.999077 -0.000003 0.042946
vn 0.993762 -0.000003 -0.111520
vn 0.069990 -0.994637 -0.076145
vn 0.075058 -0.994637 0.071154
vn -0.069990 -0.994637 0.076145
vn -0.075058 -0.994637 -0.071154
vn -0.041818 -0.000003 0.999125
vn 0.110398 -0.000003 0.993888
vn 0.110368 0.002983 0.993886
vn -0.041788 0.002983 0.999122
vn 0.041818 -0.000003 -0.999125
vn -0.110398 -0.000003 -0.993888
vn -0.110368 0.002983 -0.993886
vn 0.041788 0.002983 -0.999122
vn -0.075058 -0.994637 -0.071154
vn -0.999075 -0.002402 -0.042941
vn -0.110415 -0.002505 -0.993882
vn -0.041835 -0.002505 0.999121
vn -0.993760 -0.002402 0.111515
vn -0.069990 -0.994637 0.076145
vn -0.110368 0.002983 -0.993886
vn -0.999076 0.002861 -0.042892
vn -0.075058 0.994637 -0.071154
vn -0.069990 0.994637 0.076145
vn -0.993764 0.002861 0.111467
vn -0.041788 0.002983 0.999122
vn 0.041788 0.002983 -0.999122
vn 0.069990 0.994637 -0.076145
vn 0.993764 0.002861 -0.111466
vn 0.999076 0.002861 0.042891
vn 0.075058 0.994637 0.071154
vn 0.110368 0.002983 0.993886
vn 0.041835 -0.002505 -0.999121
vn 0.993760 -0.002402 -0.111515
vn 0.069990 -0.994637 -0.076145
vn 0.075058 -0.994637 0.071154
vn 0.999075 -0.002402 0.042941
vn 0.110415 -0.002505 0.993882
vn -0.999075 -0.002402 -0.042941
vn -0.993760 -0.002402 0.111515
vn -0.993762 -0.000003 0.111520
vn -0.999077 -0.000003 -0.042946
vn -0.993760 -0.002402 0.111515
vn -0.041835 -0.002505 0.999121
vn -0.041818 -0.000003 0.999125
vn -0.993762 -0.000003 0.111520
vn -0.041835 -0.002505 0.999121
vn 0.110415 -0.002505 0.993882
vn 0.110398 -0.000003 0.993888
vn -0.041818 -0.000003 0.999125
vn 0.999077 -0.000003 0.042946
vn 0.110398 -0.000003 0.993888
vn 0.110415 -0.002505 0.993882
vn 0.999075 -0.002402 0.042941
vn 0.993762 -0.000003 -0.111520
vn 0.999077 -0.000003 0.042946
vn 0.999075 -0.002402 0.042941
vn 0.993760 -0.002402 -0.111515
vn 0.041818 -0.000003 -0.999125
vn 0.993762 -0.000003 -0.111520
vn 0.993760 -0.002402 -0.111515
vn 0.041835 -0.002505 -0.999121
vn 0.041835 -0.002505 -0.999121
vn -0.110415 -0.002505 -0.993882
vn -0.110398 -0.000003 -0.993888
vn 0.041818 -0.000003 -0.999125
vn -0.110415 -0.002505 -0.993882
vn -0.999075 -0.002402 -0.042941
vn -0.999077 -0.000003 -0.042946
vn -0.110398 -0.000003 -0.993888
vn -0.110398 -0.000003 -0.993887
vn -0.999077 -0.000003 -0.042946
vn -0.999076 0.002556 -0.042892
vn -0.110368 0.002665 -0.993887
vn -0.993762 -0.000003 0.111520
vn -0.041818 -0.000003 0.999125
vn -0.041788 0.002665 0.999123
vn -0.993765 0.002556 0.111467
vn -0.110368 0.002665 -0.993887
vn -0.083903 0.993295 -0.079539
vn 0.078238 0.993295 -0.085118
vn 0.041788 0.002665 -0.999123
vn -0.083903 0.993295 -0.079539
vn -0.999076 0.002556 -0.042892
vn -0.993765 0.002556 0.111467
vn -0.078238 0.993295 0.085118
vn -0.078238 0.993295 0.085118
vn -0.041788 0.002665 0.999123
vn 0.110368 0.002665 0.993887
vn 0.083903 0.993295 0.079539
vn 0.041788 0.002665 -0.999123
vn 0.993765 0.002556 -0.111466
vn 0.993762 -0.000003 -0.111520
vn 0.041818 -0.000003 -0.999125
vn 0.993765 0.002556 -0.111466
vn 0.078238 0.993295 -0.085118
vn 0.083903 0.993295 0.079539
vn 0.999076 0.002556 0.042891
vn 0.999076 0.002556 0.042891
vn 0.110368 0.002665 0.993887
vn 0.110398 -0.000003 0.993887
vn 0.999077 -0.000003 0.042946
vn -0.999077 -0.000003 -0.042946
vn -0.993762 -0.000003 0.111520
vn -0.993765 0.002556 0.111467
vn -0.999076 0.002556 -0.042892
vn -0.083903 0.993295 -0.079539
vn -0.078238 0.993295 0.085118
vn 0.083903 0.993295 0.079539
vn 0.078238 0.993295 -0.085118
vn 0.993765 0.002556 -0.111466
vn 0.999076 0.002556 0.042891
vn 0.999077 -0.000003 0.042946
vn 0.993762 -0.000003 -0.111520
vn -0.041818 -0.000003 0.999125
vn 0.110398 -0.000003 0.993887
vn 0.110368 0.002665 0.993887
vn -0.041788 0.002665 0.999123
vn 0.041818 -0.000003 -0.999125
vn -0.110398 -0.000003 -0.993887
vn -0.110368 0.002665 -0.993887
vn 0.041788 0.002665 -0.999123
vn -0.110368 0.002665 -0.993887
vn -0.999076 0.002556 -0.042892
vn -0.083903 0.993295 -0.079539
vn -0.078238 0.993295 0.085118
vn -0.993765 0.002556 0.111467
vn -0.041788 0.002665 0.999123
vn 0.041788 0.002665 -0.999123
vn 0.078238 0.993295 -0.085118
vn 0.993765 0.002556 -0.111466
vn 0.999076 0.002556 0.042891
vn 0.083903 0.993295 0.079539
vn 0.110368 0.002665 0.993887
vn -0.075058 -0.994637 -0.071154
vn -0.110415 -0.002505 -0.993882
vn 0.041835 -0.002505 -0.999121
vn 0.069990 -0.994637 -0.076145
vn -0.999075 -0.002402 -0.042941
vn -0.075058 -0.994637 -0.071154
vn -0.069990 -0.994637 0.076145
vn -0.993760 -0.002402 0.111515
vn -0.110398 -0.000003 -0.993888
vn -0.999077 -0.000003 -0.042946
vn -0.999076 0.002861 -0.042892
vn -0.110368 0.002983 -0.993886
vn -0.041835 -0.002505 0.999121
vn -0.069990 -0.994637 0.076145
vn 0.075058 -0.994637 0.071154
vn 0.110415 -0.002505 0.993882
vn -0.993762 -0.000003 0.111520
vn -0.041818 -0.000003 0.999125
vn -0.041788 0.002983 0.999122
vn -0.993764 0.002861 0.111467
vn -0.110368 0.002983 -0.993886
vn -0.075058 0.994637 -0.071154
vn 0.069990 0.994637 -0.076145
vn 0.041788 0.002983 -0.999122
vn -0.075058 0.994637 -0.071154
vn -0.999076 0.002861 -0.042892
vn -0.993764 0.002861 0.111467
vn -0.069990 0.994637 0.076145
vn -0.069990 0.994637 0.076145
vn -0.041788 0.002983 0.999122
vn 0.110368 0.002983 0.993886
vn 0.075058 0.994637 0.071154
vn 0.041788 0.002983 -0.999122
vn 0.993764 0.002861 -0.111466
vn 0.993762 -0.000003 -0.111520
vn 0.041818 -0.000003 -0.999125
vn 0.993764 0.002861 -0.111466
vn 0.069990 0.994637 -0.076145
vn 0.075058 0.994637 0.071154
vn 0.999076 0.002861 0.042891
vn 0.999076 0.002861 0.042891
vn 0.110368 0.002983 0.993886
vn 0.110398 -0.000003 0.993888
vn 0.999077 -0.000003 0.042946
vn 0.069990 -0.994637 -0.076145
vn 0.993760 -0.002402 -0.111515
vn 0.999075 -0.002402 0.042941
vn 0.075058 -0.994637 0.071154
vn -0.999077 -0.000003 -0.042946
vn -0.993762 -0.000003 0.111520
vn -0.993764 0.002861 0.111467
vn -0.999076 0.002861 -0.042892
vn -0.075058 0.994637 -0.071154
vn -0.069990 0.994637 0.076145
vn 0.075058 0.994637 0.071154
vn 0.069990 0.994637 -0.076145
vn 0.993764 0.002861 -0.111466
vn 0.999076 0.002861 0.042891
vn 0.999077 -0.000003 0.042946
vn 0.993762 -0.000003 -0.111520
vn 0.069990 -0.994637 -0.076145
vn 0.075058 -0.994637 0.071154
vn -0.069990 -0.994637 0.076145
vn -0.075058 -0.994637 -0.071154
vn -0.041818 -0.000003 0.999125
vn 0.110398 -0.000003 0.993888
vn 0.110368 0.002983 0.993886
vn -0.041788 0.002983 0.999122
vn 0.041818 -0.000003 -0.999125
vn -0.110398 -0.000003 -0.993888
vn -0.110368 0.002983 -0.993886
vn 0.041788 0.002983 -0.999122
vn -0.075058 -0.994637 -0.071154
vn -0.999075 -0.002402 -0.042941
vn -0.110415 -0.002505 -0.993882
vn -0.041835 -0.002505 0.999121
vn -0.993760 -0.002402 0.111515
vn -0.069990 -0.994637 0.076145
vn -0.110368 0.002983 -0.993886
vn -0.999076 0.002861 -0.042892
vn -0.075058 0.994637 -0.071154
vn -0.069990 0.994637 0.076145
vn -0.993764 0.002861 0.111467
vn -0.041788 0.002983 0.999122
vn 0.041788 0.002983 -0.999122
vn 0.069990 0.994637 -0.076145
vn 0.993764 0.002861 -0.111466
vn 0.999076 0.002861 0.042891
vn 0.075058 0.994637 0.071154
vn 0.110368 0.002983 0.993886
vn 0.041835 -0.002505 -0.999121
vn 0.993760 -0.002402 -0.111515
vn 0.069990 -0.994637 -0.076145
vn 0.075058 -0.994637 0.071154
vn 0.999075 -0.002402 0.042941
vn 0.110415 -0.002505 0.993882
vn -0.999075 -0.002402 -0.042941
vn -0.993760 -0.002402 0.111515
vn -0.993762 -0.000003 0.111520
vn -0.999077 -0.000003 -0.042946
vn -0.993760 -0.002402 0.111515
vn -0.041835 -0.002505 0.999121
vn -0.041818 -0.000003 0.999125
vn -0.993762 -0.000003 0.111520
vn -0.041835 -0.002505 0.999121
vn 0.110415 -0.002505 0.993882
vn 0.110398 -0.000003 0.993888
vn -0.041818 -0.000003 0.999125
vn 0.999077 -0.000003 0.042946
vn 0.110398 -0.000003 0.993888
vn 0.110415 -0.002505 0.993882
vn 0.999075 -0.002402 0.042941
vn 0.993762 -0.000003 -0.111520
vn 0.999077 -0.000003 0.042946
vn 0.999075 -0.002402 0.042941
vn 0.993760 -0.002402 -0.111515
vn 0.041818 -0.000003 -0.999125
vn 0.993762 -0.000003 -0.111520
vn 0.993760 -0.002402 -0.111515
vn 0.041835 -0.002505 -0.999121
vn 0.041835 -0.002505 -0.999121
vn -0.110415 -0.002505 -0.993882
vn -0.110398 -0.000003 -0.993888
vn 0.041818 -0.000003 -0.999125
vn -0.110415 -0.002505 -0.993882
vn -0.999075 -0.002402 -0.042941
vn -0.999077 -0.000003 -0.042946
vn -0.110398 -0.000003 -0.993888
vn 0.051099 0.994660 0.089666
vn -0.045290 0.072277 0.996356
vn -0.043390 0.072137 0.996450
vn 0.053250 0.994541 0.089738
vn -0.053220 -0.069941 0.996131
vn -0.059314 -0.995390 0.075376
vn -0.057160 -0.995510 0.075451
vn -0.051313 -0.069983 0.996228
vn 0.053250 0.994541 0.089738
vn 0.986040 0.054275 0.157416
vn 0.996802 0.054018 -0.058891
vn 0.061460 0.995270 -0.075236
vn 0.986040 0.054275 0.157416
vn -0.043390 0.072137 0.996450
vn -0.051313 -0.069983 0.996228
vn 0.976529 -0.148264 0.156231
vn 0.976529 -0.148264 0.156231
vn -0.057160 -0.995510 0.075451
vn -0.048955 -0.994780 -0.089530
vn 0.987064 -0.148498 -0.060441
vn 0.061460 0.995270 -0.075236
vn 0.055117 0.069800 -0.996037
vn 0.053216 0.069941 -0.996131
vn 0.059310 0.995390 -0.075376
vn 0.055117 0.069800 -0.996037
vn 0.996802 0.054018 -0.058891
vn 0.987064 -0.148498 -0.060441
vn 0.047191 -0.072317 -0.996265
vn 0.047191 -0.072317 -0.996265
vn -0.048955 -0.994780 -0.089530
vn -0.051103 -0.994660 -0.089667
vn 0.045286 -0.072277 -0.996356
vn -0.045290 0.072277 0.996356
vn -0.053220 -0.069941 0.996131
vn -0.051313 -0.069983 0.996228
vn -0.043390 0.072137 0.996450
vn 0.986040 0.054275 0.157416
vn 0.976529 -0.148264 0.156231
vn 0.987064 -0.148498 -0.060441
vn 0.996802 0.054018 -0.058891
vn 0.055117 0.069800 -0.996037
vn 0.047191 -0.072317 -0.996265
vn 0.045286 -0.072277 -0.996356
vn 0.053216 0.069941 -0.996131
vn -0.059314 -0.995390 0.075376
vn -0.051103 -0.994660 -0.089667
vn -0.048955 -0.994780 -0.089530
vn -0.057160 -0.995510 0.075451
vn 0.059310 0.995390 -0.075376
vn 0.051099 0.994660 0.089666
vn 0.053250 0.994541 0.089738
vn 0.061460 0.995270 -0.075236
vn 0.053250 0.994541 0.089738
vn -0.043390 0.072137 0.996450
vn 0.986040 0.054275 0.157416
vn 0.976529 -0.148264 0.156231
vn -0.051313 -0.069983 0.996228
vn -0.057160 -0.995510 0.075451
vn 0.061460 0.995270 -0.075236
vn 0.996802 0.054018 -0.058891
vn 0.055117 0.069800 -0.996037
vn 0.047191 -0.072317 -0.996265
vn 0.987064 -0.148498 -0.060441
vn -0.048955 -0.994780 -0.089530
vn -0.012401 0.992766 0.119419
vn -0.030137 0.039558 0.998763
vn -0.028231 0.039540 0.998819
vn -0.010245 0.992788 0.119449
vn -0.028736 -0.102804 0.994286
vn 0.007529 -0.998930 0.045642
vn 0.009687 -0.998909 0.045675
vn -0.026830 -0.102723 0.994348
vn -0.010245 0.992788 0.119449
vn 0.983297 0.114624 0.141382
vn 0.989756 0.121492 -0.074987
vn -0.005378 0.998948 -0.045545
vn 0.983297 0.114624 0.141382
vn -0.028231 0.039540 0.998819
vn -0.026830 -0.102723 0.994348
vn 0.987053 -0.087977 0.134111
vn 0.987053 -0.087977 0.134111
vn 0.009687 -0.998909 0.045675
vn 0.014550 -0.992749 -0.119325
vn 0.993277 -0.081090 -0.082618
vn -0.005378 0.998948 -0.045545
vn 0.030640 0.102787 -0.994231
vn 0.028732 0.102804 -0.994287
vn -0.007533 0.998930 -0.045642
vn 0.030640 0.102787 -0.994231
vn 0.989756 0.121492 -0.074987
vn 0.993277 -0.081090 -0.082618
vn 0.032038 -0.039475 -0.998707
vn 0.032038 -0.039475 -0.998707
vn 0.014550 -0.992749 -0.119325
vn 0.012396 -0.992767 -0.119419
vn 0.030133 -0.039558 -0.998763
vn -0.030137 0.039558 0.998763
vn -0.028736 -0.102804 0.994286
vn -0.026830 -0.102723 0.994348
vn -0.028231 0.039540 0.998819
vn 0.983297 0.114624 0.141382
vn 0.987053 -0.087977 0.134111
vn 0.993277 -0.081090 -0.082618
vn 0.989756 0.121492 -0.074987
vn 0.030640 0.102787 -0.994231
vn 0.032038 -0.039475 -0.998707
vn 0.030133 -0.039558 -0.998763
vn 0.028732 0.102804 -0.994287
vn 0.007529 -0.998930 0.045642
vn 0.012396 -0.992767 -0.119419
vn 0.014550 -0.992749 -0.119325
vn 0.009687 -0.998909 0.045675
vn -0.007533 0.998930 -0.045642
vn -0.012401 0.992766 0.119419
vn -0.010245 0.992788 0.119449
vn -0.005378 0.998948 -0.045545
vn -0.010245 0.992788 0.119449
vn -0.028231 0.039540 0.998819
vn 0.983297 0.114624 0.141382
vn 0.987053 -0.087977 0.134111
vn -0.026830 -0.102723 0.994348
vn 0.009687 -0.998909 0.045675
vn -0.005378 0.998948 -0.045545
vn 0.989756 0.121492 -0.074987
vn 0.030640 0.102787 -0.994231
vn 0.032038 -0.039475 -0.998707
vn 0.993277 -0.081090 -0.082618
vn 0.014550 -0.992749 -0.119325
vn -0.075058 -0.994637 -0.071154
vn -0.110415 -0.002505 -0.993882
vn 0.041835 -0.002505 -0.999121
vn 0.069990 -0.994637 -0.076145
vn -0.999075 -0.002402 -0.042941
vn -0.075058 -0.994637 -0.071154
vn -0.069990 -0.994637 0.076145
vn -0.993760 -0.002402 0.111515
vn -0.110398 -0.000003 -0.993888
vn -0.999077 -0.000003 -0.042946
vn -0.999076 0.002861 -0.042892
vn -0.110368 0.002983 -0.993886
vn -0.041835 -0.002505 0.999121
vn -0.069990 -0.994637 0.076145
vn 0.075058 -0.994637 0.071154
vn 0.110415 -0.002505 0.993882
vn -0.993762 -0.000003 0.111520
vn -0.041818 -0.000003 0.999125
vn -0.041788 0.002983 0.999122
vn -0.993764 0.002861 0.111467
vn -0.110368 0.002983 -0.993886
vn -0.075058 0.994637 -0.071154
vn 0.069990 0.994637 -0.076145
vn 0.041788 0.002983 -0.999122
vn -0.075058 0.994637 -0.071154
vn -0.999076 0.002861 -0.042892
vn -0.993764 0.002861 0.111467
vn -0.069990 0.994637 0.076145
vn -0.069990 0.994637 0.076145
vn -0.041788 0.002983 0.999122
vn 0.110368 0.002983 0.993886
vn 0.075058 0.994637 0.071154
vn 0.041788 0.002983 -0.999122
vn 0.993764 0.002861 -0.111466
vn 0.993762 -0.000003 -0.111520
vn 0.041818 -0.000003 -0.999125
vn 0.993764 0.002861 -0.111466
vn 0.069990 0.994637 -0.076145
vn 0.075058 0.994637 0.071154
vn 0.999076 0.002861 0.042891
vn 0.999076 0.002861 0.042891
vn 0.110368 0.002983 0.993886
vn 0.110398 -0.000003 0.993888
vn 0.999077 -0.000003 0.042946
vn 0.069990 -0.994637 -0.076145
vn 0.993760 -0.002402 -0.111515
vn 0.999075 -0.002402 0.042941
vn 0.075058 -0.994637 0.071154
vn -0.999077 -0.000003 -0.042946
vn -0.993762 -0.000003 0.111520
vn -0.993764 0.002861 0.111467
vn -0.999076 0.002861 -0.042892
vn -0.075058 0.994637 -0.071154
vn -0.069990 0.994637 0.076145
vn 0.075058 0.994637 0.071154
vn 0.069990 0.994637 -0.076145
vn 0.993764 0.002861 -0.111466
vn 0.999076 0.002861 0.042891
vn 0.999077 -0.000003 0.042946
vn 0.993762 -0.000003 -0.111520
vn 0.069990 -0.994637 -0.076145
vn 0.075058 -0.994637 0.071154
vn -0.069990 -0.994637 0.076145
vn -0.075058 -0.994637 -0.071154
vn -0.041818 -0.000003 0.999125
vn 0.110398 -0.000003 0.993888
vn 0.110368 0.002983 0.993886
vn -0.041788 0.002983 0.999122
vn 0.041818 -0.000003 -0.999125
vn -0.110398 -0.000003 -0.993888
vn -0.110368 0.002983 -0.993886
vn 0.041788 0.002983 -0.999122
vn -0.075058 -0.994637 -0.071154
vn -0.999075 -0.002402 -0.042941
vn -0.110415 -0.002505 -0.993882
vn -0.041835 -0.002505 0.999121
vn -0.993760 -0.002402 0.111515
vn -0.069990 -0.994637 0.076145
vn -0.110368 0.002983 -0.993886
vn -0.999076 0.002861 -0.042892
vn -0.075058 0.994637 -0.071154
vn -0.069990 0.994637 0.076145
vn -0.993764 0.002861 0.111467
vn -0.041788 0.002983 0.999122
vn 0.041788 0.002983 -0.999122
vn 0.069990 0.994637 -0.076145
vn 0.993764 0.002861 -0.111466
vn 0.999076 0.002861 0.042891
vn 0.075058 0.994637 0.071154
vn 0.110368 0.002983 0.993886
vn 0.041835 -0.002505 -0.999121
vn 0.993760 -0.002402 -0.111515
vn 0.069990 -0.994637 -0.076145
vn 0.075058 -0.994637 0.071154
vn 0.999075 -0.002402 0.042941
vn 0.110415 -0.002505 0.993882
vn -0.999075 -0.002402 -0.042941
vn -0.993760 -0.002402 0.111515
vn -0.993762 -0.000003 0.111520
vn -0.999077 -0.000003 -0.042946
vn -0.993760 -0.002402 0.111515
vn -0.041835 -0.002505 0.999121
vn -0.041818 -0.000003 0.999125
vn -0.993762 -0.000003 0.111520
vn -0.041835 -0.002505 0.999121
vn 0.110415 -0.002505 0.993882
vn 0.110398 -0.000003 0.993888
vn -0.041818 -0.000003 0.999125
vn 0.999077 -0.000003 0.042946
vn 0.110398 -0.000003 0.993888
vn 0.110415 -0.002505 0.993882
vn 0.999075 -0.002402 0.042941
vn 0.993762 -0.000003 -0.111520
vn 0.999077 -0.000003 0.042946
vn 0.999075 -0.002402 0.042941
vn 0.993760 -0.002402 -0.111515
vn 0.041818 -0.000003 -0.999125
vn 0.993762 -0.000003 -0.111520
vn 0.993760 -0.002402 -0.111515
vn 0.041835 -0.002505 -0.999121
vn 0.041835 -0.002505 -0.999121
vn -0.110415 -0.002505 -0.993882
vn -0.110398 -0.000003 -0.993888
vn 0.041818 -0.000003 -0.999125
vn -0.110415 -0.002505 -0.993882
vn -0.999075 -0.002402 -0.042941
vn -0.999077 -0.000003 -0.042946
vn -0.110398 -0.000003 -0.993888
vn 0.110398 -0.000003 0.993887
vn 0.999077 -0.000003 0.042946
vn 0.999076 0.002861 0.042892
vn 0.110368 0.002983 0.993886
vn 0.993762 -0.000003 -0.111520
vn 0.041818 -0.000003 -0.999125
vn 0.041788 0.002983 -0.999122
vn 0.993764 0.002861 -0.111467
vn 0.110368 0.002983 0.993886
vn 0.075058 0.994637 0.071154
vn -0.069990 0.994637 0.076145
vn -0.041788 0.002983 0.999122
vn 0.075058 0.994637 0.071154
vn 0.999076 0.002861 0.042892
vn 0.993764 0.002861 -0.111467
vn 0.069990 0.994637 -0.076145
vn 0.069990 0.994637 -0.076145
vn 0.041788 0.002983 -0.999122
vn -0.110368 0.002983 -0.993886
vn -0.075058 0.994637 -0.071154
vn -0.041788 0.002983 0.999122
vn -0.993764 0.002861 0.111466
vn -0.993762 -0.000003 0.111520
vn -0.041818 -0.000003 0.999125
vn -0.993764 0.002861 0.111466
vn -0.069990 0.994637 0.076145
vn -0.075058 0.994637 -0.071154
vn -0.999076 0.002861 -0.042891
vn -0.999076 0.002861 -0.042891
vn -0.110368 0.002983 -0.993886
vn -0.110398 -0.000003 -0.993887
vn -0.999077 -0.000003 -0.042946
vn 0.999077 -0.000003 0.042946
vn 0.993762 -0.000003 -0.111520
vn 0.993764 0.002861 -0.111467
vn 0.999076 0.002861 0.042892
vn 0.075058 0.994637 0.071154
vn 0.069990 0.994637 -0.076145
vn -0.075058 0.994637 -0.071154
vn -0.069990 0.994637 0.076145
vn -0.993764 0.002861 0.111466
vn -0.999076 0.002861 -0.042891
vn -0.999077 -0.000003 -0.042946
vn -0.993762 -0.000003 0.111520
vn 0.041818 -0.000003 -0.999125
vn -0.110398 -0.000003 -0.993887
vn -0.110368 0.002983 -0.993886
vn 0.041788 0.002983 -0.999122
vn -0.041818 -0.000003 0.999125
vn 0.110398 -0.000003 0.993887
vn 0.110368 0.002983 0.993886
vn -0.041788 0.002983 0.999122
vn 0.110368 0.002983 0.993886
vn 0.999076 0.002861 0.042892
vn 0.075058 0.994637 0.071154
vn 0.069990 0.994637 -0.076145
vn 0.993764 0.002861 -0.111467
vn 0.041788 0.002983 -0.999122
vn -0.041788 0.002983 0.999122
vn -0.069990 0.994637 0.076145
vn -0.993764 0.002861 0.111466
vn -0.999076 0.002861 -0.042891
vn -0.075058 0.994637 -0.071154
vn -0.110368 0.002983 -0.993886
vn 0.075058 -0.994637 0.071154
vn 0.110415 -0.002505 0.993882
vn -0.041835 -0.002505 0.999121
vn -0.069990 -0.994637 0.076145
vn 0.999075 -0.002402 0.042941
vn 0.075058 -0.994637 0.071154
vn 0.069990 -0.994637 -0.076145
vn 0.993760 -0.002402 -0.111515
vn 0.110398 -0.000003 0.993888
vn 0.999077 -0.000003 0.042946
vn 0.999076 0.002861 0.042892
vn 0.110368 0.002983 0.993886
vn 0.041835 -0.002505 -0.999121
vn 0.069990 -0.994637 -0.076145
vn -0.075058 -0.994637 -0.071154
vn -0.110415 -0.002505 -0.993882
vn 0.993762 -0.000003 -0.111520
vn 0.041818 -0.000003 -0.999125
vn 0.041788 0.002983 -0.999122
vn 0.993764 0.002861 -0.111467
vn 0.110368 0.002983 0.993886
vn 0.075058 0.994637 0.071154
vn -0.069990 0.994637 0.076145
vn -0.041788 0.002983 0.999122
vn 0.075058 0.994637 0.071154
vn 0.999076 0.002861 0.042892
vn 0.993764 0.002861 -0.111467
vn 0.069990 0.994637 -0.076145
vn 0.069990 0.994637 -0.076145
vn 0.041788 0.002983 -0.999122
vn -0.110368 0.002983 -0.993886
vn -0.075058 0.994637 -0.071154
vn -0.041788 0.002983 0.999122
vn -0.993764 0.002861 0.111466
vn -0.993762 -0.000003 0.111520
vn -0.041818 -0.000003 0.999125
vn -0.993764 0.002861 0.111466
vn -0.069990 0.994637 0.076145
vn -0.075058 0.994637 -0.071154
vn -0.999076 0.002861 -0.042891
vn -0.999076 0.002861 -0.042891
vn -0.110368 0.002983 -0.993886
vn -0.110398 -0.000003 -0.993888
vn -0.999077 -0.000003 -0.042946
vn -0.069990 -0.994637 0.076145
vn -0.993760 -0.002402 0.111515
vn -0.999075 -0.002402 -0.042941
vn -0.075058 -0.994637 -0.071154
vn 0.999077 -0.000003 0.042946
vn 0.993762 -0.000003 -0.111520
vn 0.993764 0.002861 -0.111467
vn 0.999076 0.002861 0.042892
vn 0.075058 0.994637 0.071154
vn 0.069990 0.994637 -0.076145
vn -0.075058 0.994637 -0.071154
vn -0.069990 0.994637 0.076145
vn -0.993764 0.002861 0.111466
vn -0.999076 0.002861 -0.042891
vn -0.999077 -0.000003 -0.042946
vn -0.993762 -0.000003 0.111520
vn -0.069990 -0.994637 0.076145
vn -0.075058 -0.994637 -0.071154
vn 0.069990 -0.994637 -0.076145
vn 0.075058 -0.994637 0.071154
vn 0.041818 -0.000003 -0.999125
vn -0.110398 -0.000003 -0.993888
vn -0.110368 0.002983 -0.993886
vn 0.041788 0.002983 -0.999122
vn -0.041818 -0.000003 0.999125
vn 0.110398 -0.000003 0.993888
vn 0.110368 0.002983 0.993886
vn -0.041788 0.002983 0.999122
vn 0.075058 -0.994637 0.071154
vn 0.999075 -0.002402 0.042941
vn 0.110415 -0.002505 0.993882
vn 0.041835 -0.002505 -0.999121
vn 0.993760 -0.002402 -0.111515
vn 0.069990 -0.994637 -0.076145
vn 0.110368 0.002983 0.993886
vn 0.999076 0.002861 0.042892
vn 0.075058 0.994637 0.071154
vn 0.069990 0.994637 -0.076145
vn 0.993764 0.002861 -0.111467
vn 0.041788 0.002983 -0.999122
vn -0.041788 0.002983 0.999122
vn -0.069990 0.994637 0.076145
vn -0.993764 0.002861 0.111466
vn -0.999076 0.002861 -0.042891
vn -0.075058 0.994637 -0.071154
vn -0.110368 0.002983 -0.993886
vn -0.041835 -0.002505 0.999121
vn -0.993760 -0.002402 0.111515
vn -0.069990 -0.994637 0.076145
vn -0.075058 -0.994637 -0.071154
vn -0.999075 -0.002402 -0.042941
vn -0.110415 -0.002505 -0.993882
vn 0.999075 -0.002402 0.042941
vn 0.993760 -0.002402 -0.111515
vn 0.993762 -0.000003 -0.111520
vn 0.999077 -0.000003 0.042946
vn 0.993760 -0.002402 -0.111515
vn 0.041835 -0.002505 -0.999121
vn 0.041818 -0.000003 -0.999125
vn 0.993762 -0.000003 -0.111520
vn 0.041835 -0.002505 -0.999121
vn -0.110415 -0.002505 -0.993882
vn -0.110398 -0.000003 -0.993888
vn 0.041818 -0.000003 -0.999125
vn -0.999077 -0.000003 -0.042946
vn -0.110398 -0.000003 -0.993888
vn -0.110415 -0.002505 -0.993882
vn -0.999075 -0.002402 -0.042941
vn -0.993762 -0.000003 0.111520
vn -0.999077 -0.000003 -0.042946
vn -0.999075 -0.002402 -0.042941
vn -0.993760 -0.002402 0.111515
vn -0.041818 -0.000003 0.999125
vn -0.993762 -0.000003 0.111520
vn -0.993760 -0.002402 0.111515
vn -0.041835 -0.002505 0.999121
vn -0.041835 -0.002505 0.999121
vn 0.110415 -0.002505 0.993882
vn 0.110398 -0.000003 0.993888
vn -0.041818 -0.000003 0.999125
vn 0.110415 -0.002505 0.993882
vn 0.999075 -0.002402 0.042941
vn 0.999077 -0.000003 0.042946
vn 0.110398 -0.000003 0.993888
s off
g polySurface911 group2 group1
usemtl M_NewBridge:lambert6SG2
f 20/1/1 13/2/2 2/3/3 1/4/4
f 14/5/5 15/6/6 6/7/7 5/8/8
f 1/9/9 3/10/10 8/11/11 7/12/12
f 3/13/13 2/3/14 5/8/15 4/14/16
f 4/15/17 6/16/18 12/17/19 11/18/20
f 7/19/21 9/20/22 18/21/23 19/22/24
f 9/20/25 8/11/26 11/18/27 10/23/28
f 10/23/29 12/24/30 16/25/31 17/26/32
f 13/2/33 14/5/34 5/8/35 2/3/36
f 3/10/37 4/15/38 11/18/39 8/11/40
f 9/20/41 10/23/42 17/26/43 18/21/44
f 15/6/45 16/25/46 12/24/47 6/7/48
f 19/27/49 20/1/50 1/4/51 7/28/52
f 1/4/53 2/3/54 3/13/55
f 4/14/56 5/8/57 6/7/58
f 7/12/59 8/11/60 9/20/61
f 10/23/62 11/18/63 12/17/64
f 40/29/65 33/30/66 22/31/67 21/32/68
f 34/33/69 35/34/70 26/35/71 25/36/72
f 21/37/73 23/38/74 28/39/75 27/40/76
f 23/41/77 22/31/78 25/36/79 24/42/80
f 24/43/81 26/44/82 32/45/83 31/46/84
f 27/47/85 29/48/86 38/49/87 39/50/88
f 29/48/89 28/39/90 31/46/91 30/51/92
f 30/51/93 32/52/94 36/53/95 37/54/96
f 33/30/97 34/33/98 25/36/99 22/31/100
f 23/38/101 24/43/102 31/46/103 28/39/104
f 29/48/105 30/51/106 37/54/107 38/49/108
f 35/34/109 36/53/110 32/52/111 26/35/112
f 39/55/113 40/29/114 21/32/115 27/56/116
f 21/32/117 22/31/118 23/41/119
f 24/42/120 25/36/121 26/35/122
f 27/40/123 28/39/124 29/48/125
f 30/51/126 31/46/127 32/45/128
usemtl M_LongBridge:lambert6SG
f 42/57/129 41/58/130 68/59/131 69/60/132
f 41/61/133 43/62/134 70/63/135 68/59/136
f 41/64/137 42/65/138 45/66/139 44/67/140
f 43/62/141 41/61/142 44/68/143 46/69/144
f 44/67/145 45/66/146 48/70/147 47/71/148
f 46/72/149 44/67/150 47/71/151 49/73/152
f 47/71/153 48/70/154 51/74/155 50/75/156
f 49/73/157 47/71/158 50/75/159 52/76/160
f 50/75/161 51/74/162 54/77/163 53/78/164
f 52/76/165 50/75/166 53/78/167 55/79/168
f 53/80/169 54/81/170 57/82/171 56/83/172
f 55/84/173 53/85/174 56/86/175 58/87/176
f 56/83/177 57/82/178 60/88/179 59/89/180
f 58/90/181 56/83/182 59/89/183 61/91/184
f 59/89/185 60/88/186 63/92/187 62/93/188
f 61/91/189 59/89/190 62/93/191 64/94/192
f 62/93/193 63/92/194 66/95/195 65/96/196
f 64/94/197 62/93/198 65/96/199 67/97/200
f 65/96/201 66/95/202 69/60/203 68/59/204
f 67/97/205 65/96/206 68/59/207 70/63/208
usemtl M_WoodSmall:lambert6SG
f 71/98/209 72/99/210 74/100/211 73/101/212
f 73/102/213 74/103/214 76/104/215 75/105/216
f 75/105/217 76/104/218 78/106/219 77/107/220
f 77/107/221 78/106/222 72/108/223 71/109/224
f 72/99/225 78/106/226 76/104/227 74/100/228
f 77/110/229 71/98/230 73/101/231 75/111/232
usemtl M_LongBridge:lambert6SG
f 80/112/233 79/113/234 106/114/235 107/115/236
f 79/116/237 81/117/238 108/118/239 106/114/240
f 79/119/241 80/120/242 83/121/243 82/122/244
f 81/117/245 79/116/246 82/123/247 84/124/248
f 82/122/249 83/121/250 86/125/251 85/126/252
f 84/127/253 82/122/254 85/126/255 87/128/256
f 85/126/257 86/125/258 89/129/259 88/130/260
f 87/128/261 85/126/262 88/130/263 90/131/264
f 88/130/265 89/129/266 92/132/267 91/133/268
f 90/131/269 88/130/270 91/133/271 93/134/272
f 91/135/273 92/136/274 95/137/275 94/138/276
f 93/139/277 91/140/278 94/141/279 96/142/280
f 94/138/281 95/137/282 98/143/283 97/144/284
f 96/145/285 94/138/286 97/144/287 99/146/288
f 97/144/289 98/143/290 101/147/291 100/148/292
f 99/146/293 97/144/294 100/148/295 102/149/296
f 100/148/297 101/147/298 104/150/299 103/151/300
f 102/149/301 100/148/302 103/151/303 105/152/304
f 103/151/305 104/150/306 107/115/307 106/114/308
f 105/152/309 103/151/310 106/114/311 108/118/312
usemtl M_NewBridge:lambert6SG2
f 128/153/313 121/154/314 110/155/315 109/156/316
f 122/157/317 123/158/318 114/159/319 113/160/320
f 109/161/321 111/162/322 116/163/323 115/164/324
f 111/165/325 110/155/326 113/160/327 112/166/328
f 112/167/329 114/168/330 120/169/331 119/170/332
f 115/171/333 117/172/334 126/173/335 127/174/336
f 117/172/337 116/163/338 119/170/339 118/175/340
f 118/175/341 120/176/342 124/177/343 125/178/344
f 121/154/345 122/157/346 113/160/347 110/155/348
f 111/162/349 112/167/350 119/170/351 116/163/352
f 117/172/353 118/175/354 125/178/355 126/173/356
f 123/158/357 124/177/358 120/176/359 114/159/360
f 127/179/361 128/153/362 109/156/363 115/180/364
f 109/156/365 110/155/366 111/165/367
f 112/166/368 113/160/369 114/159/370
f 115/164/371 116/163/372 117/172/373
f 118/175/374 119/170/375 120/169/376
usemtl M_LongBridge:lambert6SG
f 130/181/377 129/182/378 156/183/379 157/184/380
f 129/185/381 131/186/382 158/187/383 156/183/384
f 129/188/385 130/189/386 133/190/387 132/191/388
f 131/186/389 129/185/390 132/192/391 134/193/392
f 132/191/393 133/190/394 136/194/395 135/195/396
f 134/196/397 132/191/398 135/195/399 137/197/400
f 135/195/401 136/194/402 139/198/403 138/199/404
f 137/197/405 135/195/406 138/199/407 140/200/408
f 138/199/409 139/198/410 142/201/411 141/202/412
f 140/200/413 138/199/414 141/202/415 143/203/416
f 141/204/417 142/205/418 145/206/419 144/207/420
f 143/208/421 141/209/422 144/210/423 146/211/424
f 144/207/425 145/206/426 148/212/427 147/213/428
f 146/214/429 144/207/430 147/213/431 149/215/432
f 147/213/433 148/212/434 151/216/435 150/217/436
f 149/215/437 147/213/438 150/217/439 152/218/440
f 150/217/441 151/216/442 154/219/443 153/220/444
f 152/218/445 150/217/446 153/220/447 155/221/448
f 153/220/449 154/219/450 157/184/451 156/183/452
f 155/221/453 153/220/454 156/183/455 158/187/456
usemtl M_WoodSmall:lambert6SG
f 159/222/457 160/223/458 162/224/459 161/225/460
f 161/226/461 162/227/462 164/228/463 163/229/464
f 163/229/465 164/228/466 166/230/467 165/231/468
f 165/231/469 166/230/470 160/232/471 159/233/472
f 160/223/473 166/230/474 164/228/475 162/224/476
f 165/234/477 159/222/478 161/225/479 163/235/480
usemtl M_LongBridge:lambert6SG
f 168/236/481 167/237/482 194/238/483 195/239/484
f 167/240/485 169/241/486 196/242/487 194/238/488
f 167/243/489 168/244/490 171/245/491 170/246/492
f 169/241/493 167/240/494 170/247/495 172/248/496
f 170/246/497 171/245/498 174/249/499 173/250/500
f 172/251/501 170/246/502 173/250/503 175/252/504
f 173/250/505 174/249/506 177/253/507 176/254/508
f 175/252/509 173/250/510 176/254/511 178/255/512
f 176/254/513 177/253/514 180/256/515 179/257/516
f 178/255/517 176/254/518 179/257/519 181/258/520
f 179/259/521 180/260/522 183/261/523 182/262/524
f 181/263/525 179/264/526 182/265/527 184/266/528
f 182/262/529 183/261/530 186/267/531 185/268/532
f 184/269/533 182/262/534 185/268/535 187/270/536
f 185/268/537 186/267/538 189/271/539 188/272/540
f 187/270/541 185/268/542 188/272/543 190/273/544
f 188/272/545 189/271/546 192/274/547 191/275/548
f 190/273/549 188/272/550 191/275/551 193/276/552
f 191/275/553 192/274/554 195/239/555 194/238/556
f 193/276/557 191/275/558 194/238/559 196/242/560
f 198/277/561 197/278/562 224/279/563 225/280/564
f 197/281/565 199/282/566 226/283/567 224/279/568
f 197/284/569 198/285/570 201/286/571 200/287/572
f 199/282/573 197/281/574 200/288/575 202/289/576
f 200/287/577 201/286/578 204/290/579 203/291/580
f 202/292/581 200/287/582 203/291/583 205/293/584
f 203/291/585 204/290/586 207/294/587 206/295/588
f 205/293/589 203/291/590 206/295/591 208/296/592
f 206/295/593 207/294/594 210/297/595 209/298/596
f 208/296/597 206/295/598 209/298/599 211/299/600
f 209/300/601 210/301/602 213/302/603 212/303/604
f 211/304/605 209/305/606 212/306/607 214/307/608
f 212/303/609 213/302/610 216/308/611 215/309/612
f 214/310/613 212/303/614 215/309/615 217/311/616
f 215/309/617 216/308/618 219/312/619 218/313/620
f 217/311/621 215/309/622 218/313/623 220/314/624
f 218/313/625 219/312/626 222/315/627 221/316/628
f 220/314/629 218/313/630 221/316/631 223/317/632
f 221/316/633 222/315/634 225/280/635 224/279/636
f 223/317/637 221/316/638 224/279/639 226/283/640
usemtl M_WoodSmall:lambert6SG
f 227/318/641 228/319/642 230/320/643 229/321/644
f 229/322/645 230/323/646 232/324/647 231/325/648
f 231/325/649 232/324/650 234/326/651 233/327/652
f 233/327/653 234/326/654 228/328/655 227/329/656
f 228/319/657 234/326/658 232/324/659 230/320/660
f 233/330/661 227/318/662 229/321/663 231/331/664
usemtl M_LongBridge:lambert6SG
f 236/332/665 235/333/666 262/334/667 263/335/668
f 235/336/669 237/337/670 264/338/671 262/334/672
f 235/339/673 236/340/674 239/341/675 238/342/676
f 237/337/677 235/336/678 238/343/679 240/344/680
f 238/342/681 239/341/682 242/345/683 241/346/684
f 240/347/685 238/342/686 241/346/687 243/348/688
f 241/346/689 242/345/690 245/349/691 244/350/692
f 243/348/693 241/346/694 244/350/695 246/351/696
f 244/350/697 245/349/698 248/352/699 247/353/700
f 246/351/701 244/350/702 247/353/703 249/354/704
f 247/355/705 248/356/706 251/357/707 250/358/708
f 249/359/709 247/360/710 250/361/711 252/362/712
f 250/358/713 251/357/714 254/363/715 253/364/716
f 252/365/717 250/358/718 253/364/719 255/366/720
f 253/364/721 254/363/722 257/367/723 256/368/724
f 255/366/725 253/364/726 256/368/727 258/369/728
f 256/368/729 257/367/730 260/370/731 259/371/732
f 258/369/733 256/368/734 259/371/735 261/372/736
f 259/371/737 260/370/738 263/335/739 262/334/740
f 261/372/741 259/371/742 262/334/743 264/338/744
usemtl M_NewBridge:lambert6SG2
f 284/373/745 277/374/746 266/375/747 265/376/748
f 278/377/749 279/378/750 270/379/751 269/380/752
f 265/381/753 267/382/754 272/383/755 271/384/756
f 267/385/757 266/375/758 269/380/759 268/386/760
f 268/387/761 270/388/762 276/389/763 275/390/764
f 271/391/765 273/392/766 282/393/767 283/394/768
f 273/392/769 272/383/770 275/390/771 274/395/772
f 274/395/773 276/396/774 280/397/775 281/398/776
f 277/374/777 278/377/778 269/380/779 266/375/780
f 267/382/781 268/387/782 275/390/783 272/383/784
f 273/392/785 274/395/786 281/398/787 282/393/788
f 279/378/789 280/397/790 276/396/791 270/379/792
f 283/399/793 284/373/794 265/376/795 271/400/796
f 265/376/797 266/375/798 267/385/799
f 268/386/800 269/380/801 270/379/802
f 271/384/803 272/383/804 273/392/805
f 274/395/806 275/390/807 276/389/808
f 285/401/809 287/402/810 303/403/811 305/404/812
f 286/405/813 285/406/814 290/407/815 289/408/816
f 316/409/817 309/410/818 292/411/819 291/412/820
f 288/413/821 290/414/822 306/415/823 308/416/824
f 310/417/825 311/418/826 296/419/827 295/420/828
f 291/421/829 293/422/830 298/423/831 297/424/832
f 293/425/833 292/411/834 295/420/835 294/426/836
f 294/427/837 296/428/838 302/429/839 301/430/840
f 297/431/841 299/432/842 314/433/843 315/434/844
f 299/432/845 298/423/846 301/430/847 300/435/848
f 300/435/849 302/436/850 312/437/851 313/438/852
f 305/404/853 304/439/854 307/440/855 306/415/856
f 309/410/857 310/417/858 295/420/859 292/411/860
f 293/422/861 294/427/862 301/430/863 298/423/864
f 299/432/865 300/435/866 313/438/867 314/433/868
f 305/404/869 306/415/870 290/414/871 285/401/872
f 311/418/873 312/437/874 302/436/875 296/419/876
f 315/441/877 316/409/878 291/412/879 297/442/880
f 285/406/881 286/405/882 287/443/883
f 288/444/884 289/408/885 290/407/886
f 291/412/887 292/411/888 293/425/889
f 294/426/890 295/420/891 296/419/892
f 297/424/893 298/423/894 299/432/895
f 300/435/896 301/430/897 302/429/898
f 303/445/899 304/439/900 305/404/901
f 306/415/902 307/440/903 308/446/904
f 286/405/905 289/408/906 310/417/907 309/410/908
f 289/408/909 288/444/910 311/418/911 310/417/912
f 288/444/913 308/446/914 312/437/915 311/418/916
f 313/438/917 312/437/918 308/446/919 307/440/920
f 314/433/921 313/438/922 307/440/923 304/439/924
f 315/434/925 314/433/926 304/439/927 303/445/928
f 303/447/929 287/443/930 316/409/931 315/441/932
f 287/443/933 286/405/934 309/410/935 316/409/936
usemtl M_LongBridge:lambert6SG
f 318/448/937 317/449/938 344/450/939 345/451/940
f 317/452/941 319/453/942 346/454/943 344/450/944
f 317/455/945 318/456/946 321/457/947 320/458/948
f 319/453/949 317/452/950 320/459/951 322/460/952
f 320/458/953 321/457/954 324/461/955 323/462/956
f 322/463/957 320/458/958 323/462/959 325/464/960
f 323/462/961 324/461/962 327/465/963 326/466/964
f 325/464/965 323/462/966 326/466/967 328/467/968
f 326/466/969 327/465/970 330/468/971 329/469/972
f 328/467/973 326/466/974 329/469/975 331/470/976
f 329/471/977 330/472/978 333/473/979 332/474/980
f 331/475/981 329/476/982 332/477/983 334/478/984
f 332/474/985 333/473/986 336/479/987 335/480/988
f 334/481/989 332/474/990 335/480/991 337/482/992
f 335/480/993 336/479/994 339/483/995 338/484/996
f 337/482/997 335/480/998 338/484/999 340/485/1000
f 338/484/1001 339/483/1002 342/486/1003 341/487/1004
f 340/485/1005 338/484/1006 341/487/1007 343/488/1008
f 341/487/1009 342/486/1010 345/451/1011 344/450/1012
f 343/488/1013 341/487/1014 344/450/1015 346/454/1016
usemtl M_WoodSmall:lambert6SG
f 347/489/1017 348/490/1018 350/491/1019 349/492/1020
f 349/493/1021 350/494/1022 352/495/1023 351/496/1024
f 351/496/1025 352/495/1026 354/497/1027 353/498/1028
f 353/498/1029 354/497/1030 348/499/1031 347/500/1032
f 348/490/1033 354/497/1034 352/495/1035 350/491/1036
f 353/501/1037 347/489/1038 349/492/1039 351/502/1040
usemtl M_LongBridge:lambert6SG
f 356/503/1041 355/504/1042 382/505/1043 383/506/1044
f 355/507/1045 357/508/1046 384/509/1047 382/505/1048
f 355/510/1049 356/511/1050 359/512/1051 358/513/1052
f 357/508/1053 355/507/1054 358/514/1055 360/515/1056
f 358/513/1057 359/512/1058 362/516/1059 361/517/1060
f 360/518/1061 358/513/1062 361/517/1063 363/519/1064
f 361/517/1065 362/516/1066 365/520/1067 364/521/1068
f 363/519/1069 361/517/1070 364/521/1071 366/522/1072
f 364/521/1073 365/520/1074 368/523/1075 367/524/1076
f 366/522/1077 364/521/1078 367/524/1079 369/525/1080
f 367/526/1081 368/527/1082 371/528/1083 370/529/1084
f 369/530/1085 367/531/1086 370/532/1087 372/533/1088
f 370/529/1089 371/528/1090 374/534/1091 373/535/1092
f 372/536/1093 370/529/1094 373/535/1095 375/537/1096
f 373/535/1097 374/534/1098 377/538/1099 376/539/1100
f 375/537/1101 373/535/1102 376/539/1103 378/540/1104
f 376/539/1105 377/538/1106 380/541/1107 379/542/1108
f 378/540/1109 376/539/1110 379/542/1111 381/543/1112
f 379/542/1113 380/541/1114 383/506/1115 382/505/1116
f 381/543/1117 379/542/1118 382/505/1119 384/509/1120
usemtl M_NewBridge:lambert6SG2
f 404/544/1121 397/545/1122 386/546/1123 385/547/1124
f 398/548/1125 399/549/1126 390/550/1127 389/551/1128
f 385/552/1129 387/553/1130 392/554/1131 391/555/1132
f 387/556/1133 386/546/1134 389/551/1135 388/557/1136
f 388/558/1137 390/559/1138 396/560/1139 395/561/1140
f 391/562/1141 393/563/1142 402/564/1143 403/565/1144
f 393/563/1145 392/554/1146 395/561/1147 394/566/1148
f 394/566/1149 396/567/1150 400/568/1151 401/569/1152
f 397/545/1153 398/548/1154 389/551/1155 386/546/1156
f 387/553/1157 388/558/1158 395/561/1159 392/554/1160
f 393/563/1161 394/566/1162 401/569/1163 402/564/1164
f 399/549/1165 400/568/1166 396/567/1167 390/550/1168
f 403/570/1169 404/544/1170 385/547/1171 391/571/1172
f 385/547/1173 386/546/1174 387/556/1175
f 388/557/1176 389/551/1177 390/550/1178
f 391/555/1179 392/554/1180 393/563/1181
f 394/566/1182 395/561/1183 396/560/1184
usemtl M_LongBridge:lambert6SG
f 406/572/1185 405/573/1186 432/574/1187 433/575/1188
f 405/576/1189 407/577/1190 434/578/1191 432/574/1192
f 405/579/1193 406/580/1194 409/581/1195 408/582/1196
f 407/577/1197 405/576/1198 408/583/1199 410/584/1200
f 408/582/1201 409/581/1202 412/585/1203 411/586/1204
f 410/587/1205 408/582/1206 411/586/1207 413/588/1208
f 411/586/1209 412/585/1210 415/589/1211 414/590/1212
f 413/588/1213 411/586/1214 414/590/1215 416/591/1216
f 414/590/1217 415/589/1218 418/592/1219 417/593/1220
f 416/591/1221 414/590/1222 417/593/1223 419/594/1224
f 417/595/1225 418/596/1226 421/597/1227 420/598/1228
f 419/599/1229 417/600/1230 420/601/1231 422/602/1232
f 420/598/1233 421/597/1234 424/603/1235 423/604/1236
f 422/605/1237 420/598/1238 423/604/1239 425/606/1240
f 423/604/1241 424/603/1242 427/607/1243 426/608/1244
f 425/606/1245 423/604/1246 426/608/1247 428/609/1248
f 426/608/1249 427/607/1250 430/610/1251 429/611/1252
f 428/609/1253 426/608/1254 429/611/1255 431/612/1256
f 429/611/1257 430/610/1258 433/575/1259 432/574/1260
f 431/612/1261 429/611/1262 432/574/1263 434/578/1264
usemtl M_WoodSmall:lambert6SG
f 435/613/1265 436/614/1266 438/615/1267 437/616/1268
f 437/617/1269 438/618/1270 440/619/1271 439/620/1272
f 439/620/1273 440/619/1274 442/621/1275 441/622/1276
f 441/622/1277 442/621/1278 436/623/1279 435/624/1280
f 436/614/1281 442/621/1282 440/619/1283 438/615/1284
f 441/625/1285 435/613/1286 437/616/1287 439/626/1288
usemtl M_LongBridge:lambert6SG
f 444/627/1289 443/628/1290 470/629/1291 471/630/1292
f 443/631/1293 445/632/1294 472/633/1295 470/629/1296
f 443/634/1297 444/635/1298 447/636/1299 446/637/1300
f 445/632/1301 443/631/1302 446/638/1303 448/639/1304
f 446/637/1305 447/636/1306 450/640/1307 449/641/1308
f 448/642/1309 446/637/1310 449/641/1311 451/643/1312
f 449/641/1313 450/640/1314 453/644/1315 452/645/1316
f 451/643/1317 449/641/1318 452/645/1319 454/646/1320
f 452/645/1321 453/644/1322 456/647/1323 455/648/1324
f 454/646/1325 452/645/1326 455/648/1327 457/649/1328
f 455/650/1329 456/651/1330 459/652/1331 458/653/1332
f 457/654/1333 455/655/1334 458/656/1335 460/657/1336
f 458/653/1337 459/652/1338 462/658/1339 461/659/1340
f 460/660/1341 458/653/1342 461/659/1343 463/661/1344
f 461/659/1345 462/658/1346 465/662/1347 464/663/1348
f 463/661/1349 461/659/1350 464/663/1351 466/664/1352
f 464/663/1353 465/662/1354 468/665/1355 467/666/1356
f 466/664/1357 464/663/1358 467/666/1359 469/667/1360
f 467/666/1361 468/665/1362 471/630/1363 470/629/1364
f 469/667/1365 467/666/1366 470/629/1367 472/633/1368
usemtl M_NewBridge:lambert6SG2
f 492/668/1369 485/669/1370 474/670/1371 473/671/1372
f 486/672/1373 487/673/1374 478/674/1375 477/675/1376
f 473/676/1377 475/677/1378 480/678/1379 479/679/1380
f 475/680/1381 474/670/1382 477/675/1383 476/681/1384
f 476/682/1385 478/683/1386 484/684/1387 483/685/1388
f 479/686/1389 481/687/1390 490/688/1391 491/689/1392
f 481/687/1393 480/678/1394 483/685/1395 482/690/1396
f 482/690/1397 484/691/1398 488/692/1399 489/693/1400
f 485/669/1401 486/672/1402 477/675/1403 474/670/1404
f 475/677/1405 476/682/1406 483/685/1407 480/678/1408
f 481/687/1409 482/690/1410 489/693/1411 490/688/1412
f 487/673/1413 488/692/1414 484/691/1415 478/674/1416
f 491/694/1417 492/668/1418 473/671/1419 479/695/1420
f 473/671/1421 474/670/1422 475/680/1423
f 476/681/1424 477/675/1425 478/674/1426
f 479/679/1427 480/678/1428 481/687/1429
f 482/690/1430 483/685/1431 484/684/1432
usemtl M_Rope:lambert6SG
f 497/696/1433 498/697/1434 494/698/1435 493/699/1436
f 495/700/1437 496/701/1438 499/702/1439 500/703/1440
f 498/697/1441 499/702/1442 496/701/1443 494/698/1444
f 500/704/1445 497/696/1446 493/699/1447 495/705/1448
f 505/706/1449 506/707/1450 502/708/1451 501/709/1452
f 503/710/1453 504/711/1454 507/712/1455 508/713/1456
f 506/707/1457 507/712/1458 504/711/1459 502/708/1460
f 508/714/1461 505/706/1462 501/709/1463 503/715/1464
f 513/716/1465 514/717/1466 510/718/1467 509/719/1468
f 511/720/1469 512/721/1470 515/722/1471 516/723/1472
f 514/717/1473 515/722/1474 512/721/1475 510/718/1476
f 516/724/1477 513/716/1478 509/719/1479 511/725/1480
usemtl M_NewBridge:lambert6SG2
f 536/726/1481 529/727/1482 518/728/1483 517/729/1484
f 530/730/1485 531/731/1486 522/732/1487 521/733/1488
f 517/734/1489 519/735/1490 524/736/1491 523/737/1492
f 519/738/1493 518/728/1494 521/733/1495 520/739/1496
f 520/740/1497 522/741/1498 528/742/1499 527/743/1500
f 523/744/1501 525/745/1502 534/746/1503 535/747/1504
f 525/745/1505 524/736/1506 527/743/1507 526/748/1508
f 526/748/1509 528/749/1510 532/750/1511 533/751/1512
f 529/727/1513 530/730/1514 521/733/1515 518/728/1516
f 519/735/1517 520/740/1518 527/743/1519 524/736/1520
f 525/745/1521 526/748/1522 533/751/1523 534/746/1524
f 531/731/1525 532/750/1526 528/749/1527 522/732/1528
f 535/752/1529 536/726/1530 517/729/1531 523/753/1532
f 517/729/1533 518/728/1534 519/738/1535
f 520/739/1536 521/733/1537 522/732/1538
f 523/737/1539 524/736/1540 525/745/1541
f 526/748/1542 527/743/1543 528/742/1544
usemtl M_LongBridge:lambert6SG
f 538/754/1545 537/755/1546 564/756/1547 565/757/1548
f 537/758/1549 539/759/1550 566/760/1551 564/756/1552
f 537/761/1553 538/762/1554 541/763/1555 540/764/1556
f 539/759/1557 537/758/1558 540/765/1559 542/766/1560
f 540/764/1561 541/763/1562 544/767/1563 543/768/1564
f 542/769/1565 540/764/1566 543/768/1567 545/770/1568
f 543/768/1569 544/767/1570 547/771/1571 546/772/1572
f 545/770/1573 543/768/1574 546/772/1575 548/773/1576
f 546/772/1577 547/771/1578 550/774/1579 549/775/1580
f 548/773/1581 546/772/1582 549/775/1583 551/776/1584
f 549/777/1585 550/778/1586 553/779/1587 552/780/1588
f 551/781/1589 549/782/1590 552/783/1591 554/784/1592
f 552/780/1593 553/779/1594 556/785/1595 555/786/1596
f 554/787/1597 552/780/1598 555/786/1599 557/788/1600
f 555/786/1601 556/785/1602 559/789/1603 558/790/1604
f 557/788/1605 555/786/1606 558/790/1607 560/791/1608
f 558/790/1609 559/789/1610 562/792/1611 561/793/1612
f 560/791/1613 558/790/1614 561/793/1615 563/794/1616
f 561/793/1617 562/792/1618 565/757/1619 564/756/1620
f 563/794/1621 561/793/1622 564/756/1623 566/760/1624
usemtl M_WoodSmall:lambert6SG
f 567/795/1625 568/796/1626 570/797/1627 569/798/1628
f 569/799/1629 570/800/1630 572/801/1631 571/802/1632
f 571/802/1633 572/801/1634 574/803/1635 573/804/1636
f 573/804/1637 574/803/1638 568/805/1639 567/806/1640
f 568/796/1641 574/803/1642 572/801/1643 570/797/1644
f 573/807/1645 567/795/1646 569/798/1647 571/808/1648
usemtl M_LongBridge:lambert6SG
f 576/809/1649 575/810/1650 602/811/1651 603/812/1652
f 575/813/1653 577/814/1654 604/815/1655 602/811/1656
f 575/816/1657 576/817/1658 579/818/1659 578/819/1660
f 577/814/1661 575/813/1662 578/820/1663 580/821/1664
f 578/819/1665 579/818/1666 582/822/1667 581/823/1668
f 580/824/1669 578/819/1670 581/823/1671 583/825/1672
f 581/823/1673 582/822/1674 585/826/1675 584/827/1676
f 583/825/1677 581/823/1678 584/827/1679 586/828/1680
f 584/827/1681 585/826/1682 588/829/1683 587/830/1684
f 586/828/1685 584/827/1686 587/830/1687 589/831/1688
f 587/832/1689 588/833/1690 591/834/1691 590/835/1692
f 589/836/1693 587/837/1694 590/838/1695 592/839/1696
f 590/835/1697 591/834/1698 594/840/1699 593/841/1700
f 592/842/1701 590/835/1702 593/841/1703 595/843/1704
f 593/841/1705 594/840/1706 597/844/1707 596/845/1708
f 595/843/1709 593/841/1710 596/845/1711 598/846/1712
f 596/845/1713 597/844/1714 600/847/1715 599/848/1716
f 598/846/1717 596/845/1718 599/848/1719 601/849/1720
f 599/848/1721 600/847/1722 603/812/1723 602/811/1724
f 601/849/1725 599/848/1726 602/811/1727 604/815/1728
f 606/850/1729 605/851/1730 632/852/1731 633/853/1732
f 605/854/1733 607/855/1734 634/856/1735 632/852/1736
f 605/857/1737 606/858/1738 609/859/1739 608/860/1740
f 607/855/1741 605/854/1742 608/861/1743 610/862/1744
f 608/860/1745 609/859/1746 612/863/1747 611/864/1748
f 610/865/1749 608/860/1750 611/864/1751 613/866/1752
f 611/864/1753 612/863/1754 615/867/1755 614/868/1756
f 613/866/1757 611/864/1758 614/868/1759 616/869/1760
f 614/868/1761 615/867/1762 618/870/1763 617/871/1764
f 616/869/1765 614/868/1766 617/871/1767 619/872/1768
f 617/873/1769 618/874/1770 621/875/1771 620/876/1772
f 619/877/1773 617/878/1774 620/879/1775 622/880/1776
f 620/876/1777 621/875/1778 624/881/1779 623/882/1780
f 622/883/1781 620/876/1782 623/882/1783 625/884/1784
f 623/882/1785 624/881/1786 627/885/1787 626/886/1788
f 625/884/1789 623/882/1790 626/886/1791 628/887/1792
f 626/886/1793 627/885/1794 630/888/1795 629/889/1796
f 628/887/1797 626/886/1798 629/889/1799 631/890/1800
f 629/889/1801 630/888/1802 633/853/1803 632/852/1804
f 631/890/1805 629/889/1806 632/852/1807 634/856/1808
usemtl M_WoodSmall:lambert6SG
f 635/891/1809 636/892/1810 638/893/1811 637/894/1812
f 637/895/1813 638/896/1814 640/897/1815 639/898/1816
f 639/898/1817 640/897/1818 642/899/1819 641/900/1820
f 641/900/1821 642/899/1822 636/901/1823 635/902/1824
f 636/892/1825 642/899/1826 640/897/1827 638/893/1828
f 641/903/1829 635/891/1830 637/894/1831 639/904/1832
usemtl M_LongBridge:lambert6SG
f 644/905/1833 643/906/1834 670/907/1835 671/908/1836
f 643/909/1837 645/910/1838 672/911/1839 670/907/1840
f 643/912/1841 644/913/1842 647/914/1843 646/915/1844
f 645/910/1845 643/909/1846 646/916/1847 648/917/1848
f 646/915/1849 647/914/1850 650/918/1851 649/919/1852
f 648/920/1853 646/915/1854 649/919/1855 651/921/1856
f 649/919/1857 650/918/1858 653/922/1859 652/923/1860
f 651/921/1861 649/919/1862 652/923/1863 654/924/1864
f 652/923/1865 653/922/1866 656/925/1867 655/926/1868
f 654/924/1869 652/923/1870 655/926/1871 657/927/1872
f 655/928/1873 656/929/1874 659/930/1875 658/931/1876
f 657/932/1877 655/933/1878 658/934/1879 660/935/1880
f 658/931/1881 659/930/1882 662/936/1883 661/937/1884
f 660/938/1885 658/931/1886 661/937/1887 663/939/1888
f 661/937/1889 662/936/1890 665/940/1891 664/941/1892
f 663/939/1893 661/937/1894 664/941/1895 666/942/1896
f 664/941/1897 665/940/1898 668/943/1899 667/944/1900
f 666/942/1901 664/941/1902 667/944/1903 669/945/1904
f 667/944/1905 668/943/1906 671/908/1907 670/907/1908
f 669/945/1909 667/944/1910 670/907/1911 672/911/1912
f 674/946/1913 673/947/1914 700/948/1915 701/949/1916
f 673/950/1917 675/951/1918 702/952/1919 700/948/1920
f 673/953/1921 674/954/1922 677/955/1923 676/956/1924
f 675/951/1925 673/950/1926 676/957/1927 678/958/1928
f 676/956/1929 677/955/1930 680/959/1931 679/960/1932
f 678/961/1933 676/956/1934 679/960/1935 681/962/1936
f 679/960/1937 680/959/1938 683/963/1939 682/964/1940
f 681/962/1941 679/960/1942 682/964/1943 684/965/1944
f 682/964/1945 683/963/1946 686/966/1947 685/967/1948
f 684/965/1949 682/964/1950 685/967/1951 687/968/1952
f 685/969/1953 686/970/1954 689/971/1955 688/972/1956
f 687/973/1957 685/974/1958 688/975/1959 690/976/1960
f 688/972/1961 689/971/1962 692/977/1963 691/978/1964
f 690/979/1965 688/972/1966 691/978/1967 693/980/1968
f 691/978/1969 692/977/1970 695/981/1971 694/982/1972
f 693/980/1973 691/978/1974 694/982/1975 696/983/1976
f 694/982/1977 695/981/1978 698/984/1979 697/985/1980
f 696/983/1981 694/982/1982 697/985/1983 699/986/1984
f 697/985/1985 698/984/1986 701/949/1987 700/948/1988
f 699/986/1989 697/985/1990 700/948/1991 702/952/1992
usemtl M_WoodSmall:lambert6SG
f 703/987/1993 704/988/1994 706/989/1995 705/990/1996
f 705/991/1997 706/992/1998 708/993/1999 707/994/2000
f 707/994/2001 708/993/2002 710/995/2003 709/996/2004
f 709/996/2005 710/995/2006 704/997/2007 703/998/2008
f 704/988/2009 710/995/2010 708/993/2011 706/989/2012
f 709/999/2013 703/987/2014 705/990/2015 707/1000/2016
usemtl M_LongBridge:lambert6SG
f 712/1001/2017 711/1002/2018 738/1003/2019 739/1004/2020
f 711/1005/2021 713/1006/2022 740/1007/2023 738/1003/2024
f 711/1008/2025 712/1009/2026 715/1010/2027 714/1011/2028
f 713/1006/2029 711/1005/2030 714/1012/2031 716/1013/2032
f 714/1011/2033 715/1010/2034 718/1014/2035 717/1015/2036
f 716/1016/2037 714/1011/2038 717/1015/2039 719/1017/2040
f 717/1015/2041 718/1014/2042 721/1018/2043 720/1019/2044
f 719/1017/2045 717/1015/2046 720/1019/2047 722/1020/2048
f 720/1019/2049 721/1018/2050 724/1021/2051 723/1022/2052
f 722/1020/2053 720/1019/2054 723/1022/2055 725/1023/2056
f 723/1024/2057 724/1025/2058 727/1026/2059 726/1027/2060
f 725/1028/2061 723/1029/2062 726/1030/2063 728/1031/2064
f 726/1027/2065 727/1026/2066 730/1032/2067 729/1033/2068
f 728/1034/2069 726/1027/2070 729/1033/2071 731/1035/2072
f 729/1033/2073 730/1032/2074 733/1036/2075 732/1037/2076
f 731/1035/2077 729/1033/2078 732/1037/2079 734/1038/2080
f 732/1037/2081 733/1036/2082 736/1039/2083 735/1040/2084
f 734/1038/2085 732/1037/2086 735/1040/2087 737/1041/2088
f 735/1040/2089 736/1039/2090 739/1004/2091 738/1003/2092
f 737/1041/2093 735/1040/2094 738/1003/2095 740/1007/2096
usemtl M_Rope:lambert6SG
f 745/1042/2097 746/1043/2098 742/1044/2099 741/1045/2100
f 743/1046/2101 744/1047/2102 747/1048/2103 748/1049/2104
f 746/1043/2105 747/1048/2106 744/1047/2107 742/1044/2108
f 748/1050/2109 745/1042/2110 741/1045/2111 743/1051/2112
usemtl M_NewBridge:lambert6SG2
f 768/1052/2113 761/1053/2114 750/1054/2115 749/1055/2116
f 762/1056/2117 763/1057/2118 754/1058/2119 753/1059/2120
f 749/1060/2121 751/1061/2122 756/1062/2123 755/1063/2124
f 751/1064/2125 750/1054/2126 753/1059/2127 752/1065/2128
f 752/1066/2129 754/1067/2130 760/1068/2131 759/1069/2132
f 755/1070/2133 757/1071/2134 766/1072/2135 767/1073/2136
f 757/1071/2137 756/1062/2138 759/1069/2139 758/1074/2140
f 758/1074/2141 760/1075/2142 764/1076/2143 765/1077/2144
f 761/1053/2145 762/1056/2146 753/1059/2147 750/1054/2148
f 751/1061/2149 752/1066/2150 759/1069/2151 756/1062/2152
f 757/1071/2153 758/1074/2154 765/1077/2155 766/1072/2156
f 763/1057/2157 764/1076/2158 760/1075/2159 754/1058/2160
f 767/1078/2161 768/1052/2162 749/1055/2163 755/1079/2164
f 749/1055/2165 750/1054/2166 751/1064/2167
f 752/1065/2168 753/1059/2169 754/1058/2170
f 755/1063/2171 756/1062/2172 757/1071/2173
f 758/1074/2174 759/1069/2175 760/1068/2176
f 788/1080/2177 781/1081/2178 770/1082/2179 769/1083/2180
f 782/1084/2181 783/1085/2182 774/1086/2183 773/1087/2184
f 769/1088/2185 771/1089/2186 776/1090/2187 775/1091/2188
f 771/1092/2189 770/1082/2190 773/1087/2191 772/1093/2192
f 772/1094/2193 774/1095/2194 780/1096/2195 779/1097/2196
f 775/1098/2197 777/1099/2198 786/1100/2199 787/1101/2200
f 777/1099/2201 776/1090/2202 779/1097/2203 778/1102/2204
f 778/1102/2205 780/1103/2206 784/1104/2207 785/1105/2208
f 781/1081/2209 782/1084/2210 773/1087/2211 770/1082/2212
f 771/1089/2213 772/1094/2214 779/1097/2215 776/1090/2216
f 777/1099/2217 778/1102/2218 785/1105/2219 786/1100/2220
f 783/1085/2221 784/1104/2222 780/1103/2223 774/1086/2224
f 787/1106/2225 788/1080/2226 769/1083/2227 775/1107/2228
f 769/1083/2229 770/1082/2230 771/1092/2231
f 772/1093/2232 773/1087/2233 774/1086/2234
f 775/1091/2235 776/1090/2236 777/1099/2237
f 778/1102/2238 779/1097/2239 780/1096/2240
f 808/1108/2241 801/1109/2242 790/1110/2243 789/1111/2244
f 802/1112/2245 803/1113/2246 794/1114/2247 793/1115/2248
f 789/1116/2249 791/1117/2250 796/1118/2251 795/1119/2252
f 791/1120/2253 790/1110/2254 793/1115/2255 792/1121/2256
f 792/1122/2257 794/1123/2258 800/1124/2259 799/1125/2260
f 795/1126/2261 797/1127/2262 806/1128/2263 807/1129/2264
f 797/1127/2265 796/1118/2266 799/1125/2267 798/1130/2268
f 798/1130/2269 800/1131/2270 804/1132/2271 805/1133/2272
f 801/1109/2273 802/1112/2274 793/1115/2275 790/1110/2276
f 791/1117/2277 792/1122/2278 799/1125/2279 796/1118/2280
f 797/1127/2281 798/1130/2282 805/1133/2283 806/1128/2284
f 803/1113/2285 804/1132/2286 800/1131/2287 794/1114/2288
f 807/1134/2289 808/1108/2290 789/1111/2291 795/1135/2292
f 789/1111/2293 790/1110/2294 791/1120/2295
f 792/1121/2296 793/1115/2297 794/1114/2298
f 795/1119/2299 796/1118/2300 797/1127/2301
f 798/1130/2302 799/1125/2303 800/1124/2304
f 828/1136/2305 821/1137/2306 810/1138/2307 809/1139/2308
f 822/1140/2309 823/1141/2310 814/1142/2311 813/1143/2312
f 809/1144/2313 811/1145/2314 816/1146/2315 815/1147/2316
f 811/1148/2317 810/1138/2318 813/1143/2319 812/1149/2320
f 812/1150/2321 814/1151/2322 820/1152/2323 819/1153/2324
f 815/1154/2325 817/1155/2326 826/1156/2327 827/1157/2328
f 817/1155/2329 816/1146/2330 819/1153/2331 818/1158/2332
f 818/1158/2333 820/1159/2334 824/1160/2335 825/1161/2336
f 821/1137/2337 822/1140/2338 813/1143/2339 810/1138/2340
f 811/1145/2341 812/1150/2342 819/1153/2343 816/1146/2344
f 817/1155/2345 818/1158/2346 825/1161/2347 826/1156/2348
f 823/1141/2349 824/1160/2350 820/1159/2351 814/1142/2352
f 827/1162/2353 828/1136/2354 809/1139/2355 815/1163/2356
f 809/1139/2357 810/1138/2358 811/1148/2359
f 812/1149/2360 813/1143/2361 814/1142/2362
f 815/1147/2363 816/1146/2364 817/1155/2365
f 818/1158/2366 819/1153/2367 820/1152/2368
f 848/1164/2369 841/1165/2370 830/1166/2371 829/1167/2372
f 842/1168/2373 843/1169/2374 834/1170/2375 833/1171/2376
f 829/1172/2377 831/1173/2378 836/1174/2379 835/1175/2380
f 831/1176/2381 830/1166/2382 833/1171/2383 832/1177/2384
f 832/1178/2385 834/1179/2386 840/1180/2387 839/1181/2388
f 835/1182/2389 837/1183/2390 846/1184/2391 847/1185/2392
f 837/1183/2393 836/1174/2394 839/1181/2395 838/1186/2396
f 838/1186/2397 840/1187/2398 844/1188/2399 845/1189/2400
f 841/1165/2401 842/1168/2402 833/1171/2403 830/1166/2404
f 831/1173/2405 832/1178/2406 839/1181/2407 836/1174/2408
f 837/1183/2409 838/1186/2410 845/1189/2411 846/1184/2412
f 843/1169/2413 844/1188/2414 840/1187/2415 834/1170/2416
f 847/1190/2417 848/1164/2418 829/1167/2419 835/1191/2420
f 829/1167/2421 830/1166/2422 831/1176/2423
f 832/1177/2424 833/1171/2425 834/1170/2426
f 835/1175/2427 836/1174/2428 837/1183/2429
f 838/1186/2430 839/1181/2431 840/1180/2432
usemtl M_Rope:lambert6SG
f 853/1192/2433 854/1193/2434 850/1194/2435 849/1195/2436
f 851/1196/2437 852/1197/2438 855/1198/2439 856/1199/2440
f 854/1193/2441 855/1198/2442 852/1197/2443 850/1194/2444
f 856/1200/2445 853/1192/2446 849/1195/2447 851/1201/2448
f 861/1202/2449 862/1203/2450 858/1204/2451 857/1205/2452
f 859/1206/2453 860/1207/2454 863/1208/2455 864/1209/2456
f 862/1203/2457 863/1208/2458 860/1207/2459 858/1204/2460
f 864/1210/2461 861/1202/2462 857/1205/2463 859/1211/2464
usemtl M_NewBridge:lambert6SG2
f 884/1212/2465 877/1213/2466 866/1214/2467 865/1215/2468
f 878/1216/2469 879/1217/2470 870/1218/2471 869/1219/2472
f 865/1220/2473 867/1221/2474 872/1222/2475 871/1223/2476
f 867/1224/2477 866/1214/2478 869/1219/2479 868/1225/2480
f 868/1226/2481 870/1227/2482 876/1228/2483 875/1229/2484
f 871/1230/2485 873/1231/2486 882/1232/2487 883/1233/2488
f 873/1231/2489 872/1222/2490 875/1229/2491 874/1234/2492
f 874/1234/2493 876/1235/2494 880/1236/2495 881/1237/2496
f 877/1213/2497 878/1216/2498 869/1219/2499 866/1214/2500
f 867/1221/2501 868/1226/2502 875/1229/2503 872/1222/2504
f 873/1231/2505 874/1234/2506 881/1237/2507 882/1232/2508
f 879/1217/2509 880/1236/2510 876/1235/2511 870/1218/2512
f 883/1238/2513 884/1212/2514 865/1215/2515 871/1239/2516
f 865/1215/2517 866/1214/2518 867/1224/2519
f 868/1225/2520 869/1219/2521 870/1218/2522
f 871/1223/2523 872/1222/2524 873/1231/2525
f 874/1234/2526 875/1229/2527 876/1228/2528
f 885/1240/2529 887/1241/2530 903/1242/2531 905/1243/2532
f 886/1244/2533 885/1245/2534 890/1246/2535 889/1247/2536
f 916/1248/2537 909/1249/2538 892/1250/2539 891/1251/2540
f 888/1252/2541 890/1253/2542 906/1254/2543 908/1255/2544
f 910/1256/2545 911/1257/2546 896/1258/2547 895/1259/2548
f 891/1260/2549 893/1261/2550 898/1262/2551 897/1263/2552
f 893/1264/2553 892/1250/2554 895/1259/2555 894/1265/2556
f 894/1266/2557 896/1267/2558 902/1268/2559 901/1269/2560
f 897/1270/2561 899/1271/2562 914/1272/2563 915/1273/2564
f 899/1271/2565 898/1262/2566 901/1269/2567 900/1274/2568
f 900/1274/2569 902/1275/2570 912/1276/2571 913/1277/2572
f 905/1243/2573 904/1278/2574 907/1279/2575 906/1254/2576
f 909/1249/2577 910/1256/2578 895/1259/2579 892/1250/2580
f 893/1261/2581 894/1266/2582 901/1269/2583 898/1262/2584
f 899/1271/2585 900/1274/2586 913/1277/2587 914/1272/2588
f 905/1243/2589 906/1254/2590 890/1253/2591 885/1240/2592
f 911/1257/2593 912/1276/2594 902/1275/2595 896/1258/2596
f 915/1280/2597 916/1248/2598 891/1251/2599 897/1281/2600
f 885/1245/2601 886/1244/2602 887/1282/2603
f 888/1283/2604 889/1247/2605 890/1246/2606
f 891/1251/2607 892/1250/2608 893/1264/2609
f 894/1265/2610 895/1259/2611 896/1258/2612
f 897/1263/2613 898/1262/2614 899/1271/2615
f 900/1274/2616 901/1269/2617 902/1268/2618
f 903/1284/2619 904/1278/2620 905/1243/2621
f 906/1254/2622 907/1279/2623 908/1285/2624
f 886/1244/2625 889/1247/2626 910/1256/2627 909/1249/2628
f 889/1247/2629 888/1283/2630 911/1257/2631 910/1256/2632
f 888/1283/2633 908/1285/2634 912/1276/2635 911/1257/2636
f 913/1277/2637 912/1276/2638 908/1285/2639 907/1279/2640
f 914/1272/2641 913/1277/2642 907/1279/2643 904/1278/2644
f 915/1273/2645 914/1272/2646 904/1278/2647 903/1284/2648
f 903/1286/2649 887/1282/2650 916/1248/2651 915/1280/2652
f 887/1282/2653 886/1244/2654 909/1249/2655 916/1248/2656
usemtl M_Rope:lambert6SG
f 921/1287/2657 922/1288/2658 918/1289/2659 917/1290/2660
f 919/1291/2661 920/1292/2662 923/1293/2663 924/1294/2664
f 922/1288/2665 923/1293/2666 920/1292/2667 918/1289/2668
f 924/1295/2669 921/1287/2670 917/1290/2671 919/1296/2672
usemtl M_NewBridge:lambert6SG2
f 944/1297/2673 937/1298/2674 926/1299/2675 925/1300/2676
f 938/1301/2677 939/1302/2678 930/1303/2679 929/1304/2680
f 925/1305/2681 927/1306/2682 932/1307/2683 931/1308/2684
f 927/1309/2685 926/1299/2686 929/1304/2687 928/1310/2688
f 928/1311/2689 930/1312/2690 936/1313/2691 935/1314/2692
f 931/1315/2693 933/1316/2694 942/1317/2695 943/1318/2696
f 933/1316/2697 932/1307/2698 935/1314/2699 934/1319/2700
f 934/1319/2701 936/1320/2702 940/1321/2703 941/1322/2704
f 937/1298/2705 938/1301/2706 929/1304/2707 926/1299/2708
f 927/1306/2709 928/1311/2710 935/1314/2711 932/1307/2712
f 933/1316/2713 934/1319/2714 941/1322/2715 942/1317/2716
f 939/1302/2717 940/1321/2718 936/1320/2719 930/1303/2720
f 943/1323/2721 944/1297/2722 925/1300/2723 931/1324/2724
f 925/1300/2725 926/1299/2726 927/1309/2727
f 928/1310/2728 929/1304/2729 930/1303/2730
f 931/1308/2731 932/1307/2732 933/1316/2733
f 934/1319/2734 935/1314/2735 936/1313/2736
f 964/1325/2737 957/1326/2738 946/1327/2739 945/1328/2740
f 958/1329/2741 959/1330/2742 950/1331/2743 949/1332/2744
f 945/1333/2745 947/1334/2746 952/1335/2747 951/1336/2748
f 947/1337/2749 946/1327/2750 949/1332/2751 948/1338/2752
f 948/1339/2753 950/1340/2754 956/1341/2755 955/1342/2756
f 951/1343/2757 953/1344/2758 962/1345/2759 963/1346/2760
f 953/1344/2761 952/1335/2762 955/1342/2763 954/1347/2764
f 954/1347/2765 956/1348/2766 960/1349/2767 961/1350/2768
f 957/1326/2769 958/1329/2770 949/1332/2771 946/1327/2772
f 947/1334/2773 948/1339/2774 955/1342/2775 952/1335/2776
f 953/1344/2777 954/1347/2778 961/1350/2779 962/1345/2780
f 959/1330/2781 960/1349/2782 956/1348/2783 950/1331/2784
f 963/1351/2785 964/1325/2786 945/1328/2787 951/1352/2788
f 945/1328/2789 946/1327/2790 947/1337/2791
f 948/1338/2792 949/1332/2793 950/1331/2794
f 951/1336/2795 952/1335/2796 953/1344/2797
f 954/1347/2798 955/1342/2799 956/1341/2800
f 984/1353/2801 977/1354/2802 966/1355/2803 965/1356/2804
f 978/1357/2805 979/1358/2806 970/1359/2807 969/1360/2808
f 965/1361/2809 967/1362/2810 972/1363/2811 971/1364/2812
f 967/1365/2813 966/1355/2814 969/1360/2815 968/1366/2816
f 968/1367/2817 970/1368/2818 976/1369/2819 975/1370/2820
f 971/1371/2821 973/1372/2822 982/1373/2823 983/1374/2824
f 973/1372/2825 972/1363/2826 975/1370/2827 974/1375/2828
f 974/1375/2829 976/1376/2830 980/1377/2831 981/1378/2832
f 977/1354/2833 978/1357/2834 969/1360/2835 966/1355/2836
f 967/1362/2837 968/1367/2838 975/1370/2839 972/1363/2840
f 973/1372/2841 974/1375/2842 981/1378/2843 982/1373/2844
f 979/1358/2845 980/1377/2846 976/1376/2847 970/1359/2848
f 983/1379/2849 984/1353/2850 965/1356/2851 971/1380/2852
f 965/1356/2853 966/1355/2854 967/1365/2855
f 968/1366/2856 969/1360/2857 970/1359/2858
f 971/1364/2859 972/1363/2860 973/1372/2861
f 974/1375/2862 975/1370/2863 976/1369/2864
f 1004/1381/2865 997/1382/2866 986/1383/2867 985/1384/2868
f 998/1385/2869 999/1386/2870 990/1387/2871 989/1388/2872
f 985/1389/2873 987/1390/2874 992/1391/2875 991/1392/2876
f 987/1393/2877 986/1383/2878 989/1388/2879 988/1394/2880
f 988/1395/2881 990/1396/2882 996/1397/2883 995/1398/2884
f 991/1399/2885 993/1400/2886 1002/1401/2887 1003/1402/2888
f 993/1400/2889 992/1391/2890 995/1398/2891 994/1403/2892
f 994/1403/2893 996/1404/2894 1000/1405/2895 1001/1406/2896
f 997/1382/2897 998/1385/2898 989/1388/2899 986/1383/2900
f 987/1390/2901 988/1395/2902 995/1398/2903 992/1391/2904
f 993/1400/2905 994/1403/2906 1001/1406/2907 1002/1401/2908
f 999/1386/2909 1000/1405/2910 996/1404/2911 990/1387/2912
f 1003/1407/2913 1004/1381/2914 985/1384/2915 991/1408/2916
f 985/1384/2917 986/1383/2918 987/1393/2919
f 988/1394/2920 989/1388/2921 990/1387/2922
f 991/1392/2923 992/1391/2924 993/1400/2925
f 994/1403/2926 995/1398/2927 996/1397/2928
f 1024/1409/2929 1017/1410/2930 1006/1411/2931 1005/1412/2932
f 1018/1413/2933 1019/1414/2934 1010/1415/2935 1009/1416/2936
f 1005/1417/2937 1007/1418/2938 1012/1419/2939 1011/1420/2940
f 1007/1421/2941 1006/1411/2942 1009/1416/2943 1008/1422/2944
f 1008/1423/2945 1010/1424/2946 1016/1425/2947 1015/1426/2948
f 1011/1427/2949 1013/1428/2950 1022/1429/2951 1023/1430/2952
f 1013/1428/2953 1012/1419/2954 1015/1426/2955 1014/1431/2956
f 1014/1431/2957 1016/1432/2958 1020/1433/2959 1021/1434/2960
f 1017/1410/2961 1018/1413/2962 1009/1416/2963 1006/1411/2964
f 1007/1418/2965 1008/1423/2966 1015/1426/2967 1012/1419/2968
f 1013/1428/2969 1014/1431/2970 1021/1434/2971 1022/1429/2972
f 1019/1414/2973 1020/1433/2974 1016/1432/2975 1010/1415/2976
f 1023/1435/2977 1024/1409/2978 1005/1412/2979 1011/1436/2980
f 1005/1412/2981 1006/1411/2982 1007/1421/2983
f 1008/1422/2984 1009/1416/2985 1010/1415/2986
f 1011/1420/2987 1012/1419/2988 1013/1428/2989
f 1014/1431/2990 1015/1426/2991 1016/1425/2992
f 1044/1437/2993 1037/1438/2994 1026/1439/2995 1025/1440/2996
f 1038/1441/2997 1039/1442/2998 1030/1443/2999 1029/1444/3000
f 1025/1445/3001 1027/1446/3002 1032/1447/3003 1031/1448/3004
f 1027/1449/3005 1026/1439/3006 1029/1444/3007 1028/1450/3008
f 1028/1451/3009 1030/1452/3010 1036/1453/3011 1035/1454/3012
f 1031/1455/3013 1033/1456/3014 1042/1457/3015 1043/1458/3016
f 1033/1456/3017 1032/1447/3018 1035/1454/3019 1034/1459/3020
f 1034/1459/3021 1036/1460/3022 1040/1461/3023 1041/1462/3024
f 1037/1438/3025 1038/1441/3026 1029/1444/3027 1026/1439/3028
f 1027/1446/3029 1028/1451/3030 1035/1454/3031 1032/1447/3032
f 1033/1456/3033 1034/1459/3034 1041/1462/3035 1042/1457/3036
f 1039/1442/3037 1040/1461/3038 1036/1460/3039 1030/1443/3040
f 1043/1463/3041 1044/1437/3042 1025/1440/3043 1031/1464/3044
f 1025/1440/3045 1026/1439/3046 1027/1449/3047
f 1028/1450/3048 1029/1444/3049 1030/1443/3050
f 1031/1448/3051 1032/1447/3052 1033/1456/3053
f 1034/1459/3054 1035/1454/3055 1036/1453/3056
usemtl M_Rope:lambert6SG
f 1049/1465/3057 1050/1466/3058 1046/1467/3059 1045/1468/3060
f 1047/1469/3061 1048/1470/3062 1051/1471/3063 1052/1472/3064
f 1050/1466/3065 1051/1471/3066 1048/1470/3067 1046/1467/3068
f 1052/1473/3069 1049/1465/3070 1045/1468/3071 1047/1474/3072
f 1057/1475/3073 1058/1476/3074 1054/1477/3075 1053/1478/3076
f 1055/1479/3077 1056/1480/3078 1059/1481/3079 1060/1482/3080
f 1058/1476/3081 1059/1481/3082 1056/1480/3083 1054/1477/3084
f 1060/1483/3085 1057/1475/3086 1053/1478/3087 1055/1484/3088
f 1065/1485/3089 1066/1486/3090 1062/1487/3091 1061/1488/3092
f 1063/1489/3093 1064/1490/3094 1067/1491/3095 1068/1492/3096
f 1066/1486/3097 1067/1491/3098 1064/1490/3099 1062/1487/3100
f 1068/1493/3101 1065/1485/3102 1061/1488/3103 1063/1494/3104
usemtl M_NewBridge:lambert6SG
f 1069/1495/3105 1070/1496/3106 1072/1497/3107 1071/1498/3108
f 1071/1498/3109 1072/1499/3110 1074/1500/3111 1073/1501/3112
f 1073/1502/3113 1074/1503/3114 1076/1504/3115 1075/1505/3116
f 1075/1506/3117 1076/1507/3118 1070/1508/3119 1069/1495/3120
f 1070/1496/3121 1076/1504/3122 1074/1503/3123 1072/1497/3124
f 1075/1506/3125 1069/1495/3126 1071/1498/3127 1073/1501/3128
f 1077/1509/3129 1078/1510/3130 1080/1511/3131 1079/1512/3132
f 1079/1512/3133 1080/1513/3134 1082/1514/3135 1081/1515/3136
f 1081/1516/3137 1082/1517/3138 1084/1518/3139 1083/1519/3140
f 1083/1520/3141 1084/1521/3142 1078/1522/3143 1077/1509/3144
f 1078/1510/3145 1084/1518/3146 1082/1517/3147 1080/1511/3148
f 1083/1520/3149 1077/1509/3150 1079/1512/3151 1081/1515/3152
f 1085/1523/3153 1086/1524/3154 1088/1525/3155 1087/1526/3156
f 1087/1526/3157 1088/1527/3158 1090/1528/3159 1089/1529/3160
f 1089/1530/3161 1090/1531/3162 1092/1532/3163 1091/1533/3164
f 1091/1534/3165 1092/1535/3166 1086/1536/3167 1085/1523/3168
f 1086/1524/3169 1092/1532/3170 1090/1531/3171 1088/1525/3172
f 1091/1534/3173 1085/1523/3174 1087/1526/3175 1089/1529/3176
f 1093/1537/3177 1094/1538/3178 1096/1539/3179 1095/1540/3180
f 1095/1540/3181 1096/1541/3182 1098/1542/3183 1097/1543/3184
f 1097/1544/3185 1098/1545/3186 1100/1546/3187 1099/1547/3188
f 1099/1548/3189 1100/1549/3190 1094/1550/3191 1093/1537/3192
f 1094/1538/3193 1100/1546/3194 1098/1545/3195 1096/1539/3196
f 1099/1548/3197 1093/1537/3198 1095/1540/3199 1097/1543/3200
f 1101/1551/3201 1102/1552/3202 1104/1553/3203 1103/1554/3204
f 1103/1554/3205 1104/1555/3206 1106/1556/3207 1105/1557/3208
f 1105/1558/3209 1106/1559/3210 1108/1560/3211 1107/1561/3212
f 1107/1562/3213 1108/1563/3214 1102/1564/3215 1101/1551/3216
f 1102/1552/3217 1108/1560/3218 1106/1559/3219 1104/1553/3220
f 1107/1562/3221 1101/1551/3222 1103/1554/3223 1105/1557/3224
f 1109/1565/3225 1110/1566/3226 1112/1567/3227 1111/1568/3228
f 1111/1568/3229 1112/1569/3230 1114/1570/3231 1113/1571/3232
f 1113/1572/3233 1114/1573/3234 1116/1574/3235 1115/1575/3236
f 1115/1576/3237 1116/1577/3238 1110/1578/3239 1109/1565/3240
f 1110/1566/3241 1116/1574/3242 1114/1573/3243 1112/1567/3244
f 1115/1576/3245 1109/1565/3246 1111/1568/3247 1113/1571/3248
usemtl M_NewBridge:lambert6SG2
f 1136/1579/3249 1129/1580/3250 1118/1581/3251 1117/1582/3252
f 1130/1583/3253 1131/1584/3254 1122/1585/3255 1121/1586/3256
f 1117/1587/3257 1119/1588/3258 1124/1589/3259 1123/1590/3260
f 1119/1591/3261 1118/1581/3262 1121/1586/3263 1120/1592/3264
f 1120/1593/3265 1122/1594/3266 1128/1595/3267 1127/1596/3268
f 1123/1597/3269 1125/1598/3270 1134/1599/3271 1135/1600/3272
f 1125/1598/3273 1124/1589/3274 1127/1596/3275 1126/1601/3276
f 1126/1601/3277 1128/1602/3278 1132/1603/3279 1133/1604/3280
f 1129/1580/3281 1130/1583/3282 1121/1586/3283 1118/1581/3284
f 1119/1588/3285 1120/1593/3286 1127/1596/3287 1124/1589/3288
f 1125/1598/3289 1126/1601/3290 1133/1604/3291 1134/1599/3292
f 1131/1584/3293 1132/1603/3294 1128/1602/3295 1122/1585/3296
f 1135/1605/3297 1136/1579/3298 1117/1582/3299 1123/1606/3300
f 1117/1582/3301 1118/1581/3302 1119/1591/3303
f 1120/1592/3304 1121/1586/3305 1122/1585/3306
f 1123/1590/3307 1124/1589/3308 1125/1598/3309
f 1126/1601/3310 1127/1596/3311 1128/1595/3312
f 1156/1607/3313 1149/1608/3314 1138/1609/3315 1137/1610/3316
f 1150/1611/3317 1151/1612/3318 1142/1613/3319 1141/1614/3320
f 1137/1615/3321 1139/1616/3322 1144/1617/3323 1143/1618/3324
f 1139/1619/3325 1138/1609/3326 1141/1614/3327 1140/1620/3328
f 1140/1621/3329 1142/1622/3330 1148/1623/3331 1147/1624/3332
f 1143/1625/3333 1145/1626/3334 1154/1627/3335 1155/1628/3336
f 1145/1626/3337 1144/1617/3338 1147/1624/3339 1146/1629/3340
f 1146/1629/3341 1148/1630/3342 1152/1631/3343 1153/1632/3344
f 1149/1608/3345 1150/1611/3346 1141/1614/3347 1138/1609/3348
f 1139/1616/3349 1140/1621/3350 1147/1624/3351 1144/1617/3352
f 1145/1626/3353 1146/1629/3354 1153/1632/3355 1154/1627/3356
f 1151/1612/3357 1152/1631/3358 1148/1630/3359 1142/1613/3360
f 1155/1633/3361 1156/1607/3362 1137/1610/3363 1143/1634/3364
f 1137/1610/3365 1138/1609/3366 1139/1619/3367
f 1140/1620/3368 1141/1614/3369 1142/1613/3370
f 1143/1618/3371 1144/1617/3372 1145/1626/3373
f 1146/1629/3374 1147/1624/3375 1148/1623/3376
usemtl M_Rope:lambert6SG
f 1161/1635/3377 1162/1636/3378 1158/1637/3379 1157/1638/3380
f 1159/1639/3381 1160/1640/3382 1163/1641/3383 1164/1642/3384
f 1162/1636/3385 1163/1641/3386 1160/1640/3387 1158/1637/3388
f 1164/1643/3389 1161/1635/3390 1157/1638/3391 1159/1644/3392
f 1169/1645/3393 1170/1646/3394 1166/1647/3395 1165/1648/3396
f 1167/1649/3397 1168/1650/3398 1171/1651/3399 1172/1652/3400
f 1170/1646/3401 1171/1651/3402 1168/1650/3403 1166/1647/3404
f 1172/1653/3405 1169/1645/3406 1165/1648/3407 1167/1654/3408
usemtl M_NewBridge:lambert6SG2
f 1192/1655/3409 1185/1656/3410 1174/1657/3411 1173/1658/3412
f 1186/1659/3413 1187/1660/3414 1178/1661/3415 1177/1662/3416
f 1173/1663/3417 1175/1664/3418 1180/1665/3419 1179/1666/3420
f 1175/1667/3421 1174/1657/3422 1177/1662/3423 1176/1668/3424
f 1176/1669/3425 1178/1670/3426 1184/1671/3427 1183/1672/3428
f 1179/1673/3429 1181/1674/3430 1190/1675/3431 1191/1676/3432
f 1181/1674/3433 1180/1665/3434 1183/1672/3435 1182/1677/3436
f 1182/1677/3437 1184/1678/3438 1188/1679/3439 1189/1680/3440
f 1185/1656/3441 1186/1659/3442 1177/1662/3443 1174/1657/3444
f 1175/1664/3445 1176/1669/3446 1183/1672/3447 1180/1665/3448
f 1181/1674/3449 1182/1677/3450 1189/1680/3451 1190/1675/3452
f 1187/1660/3453 1188/1679/3454 1184/1678/3455 1178/1661/3456
f 1191/1681/3457 1192/1655/3458 1173/1658/3459 1179/1682/3460
f 1173/1658/3461 1174/1657/3462 1175/1667/3463
f 1176/1668/3464 1177/1662/3465 1178/1661/3466
f 1179/1666/3467 1180/1665/3468 1181/1674/3469
f 1182/1677/3470 1183/1672/3471 1184/1671/3472
f 1212/1683/3473 1205/1684/3474 1194/1685/3475 1193/1686/3476
f 1206/1687/3477 1207/1688/3478 1198/1689/3479 1197/1690/3480
f 1193/1691/3481 1195/1692/3482 1200/1693/3483 1199/1694/3484
f 1195/1695/3485 1194/1685/3486 1197/1690/3487 1196/1696/3488
f 1196/1697/3489 1198/1698/3490 1204/1699/3491 1203/1700/3492
f 1199/1701/3493 1201/1702/3494 1210/1703/3495 1211/1704/3496
f 1201/1702/3497 1200/1693/3498 1203/1700/3499 1202/1705/3500
f 1202/1705/3501 1204/1706/3502 1208/1707/3503 1209/1708/3504
f 1205/1684/3505 1206/1687/3506 1197/1690/3507 1194/1685/3508
f 1195/1692/3509 1196/1697/3510 1203/1700/3511 1200/1693/3512
f 1201/1702/3513 1202/1705/3514 1209/1708/3515 1210/1703/3516
f 1207/1688/3517 1208/1707/3518 1204/1706/3519 1198/1689/3520
f 1211/1709/3521 1212/1683/3522 1193/1686/3523 1199/1710/3524
f 1193/1686/3525 1194/1685/3526 1195/1695/3527
f 1196/1696/3528 1197/1690/3529 1198/1689/3530
f 1199/1694/3531 1200/1693/3532 1201/1702/3533
f 1202/1705/3534 1203/1700/3535 1204/1699/3536
f 1232/1711/3537 1225/1712/3538 1214/1713/3539 1213/1714/3540
f 1226/1715/3541 1227/1716/3542 1218/1717/3543 1217/1718/3544
f 1213/1719/3545 1215/1720/3546 1220/1721/3547 1219/1722/3548
f 1215/1723/3549 1214/1713/3550 1217/1718/3551 1216/1724/3552
f 1216/1725/3553 1218/1726/3554 1224/1727/3555 1223/1728/3556
f 1219/1729/3557 1221/1730/3558 1230/1731/3559 1231/1732/3560
f 1221/1730/3561 1220/1721/3562 1223/1728/3563 1222/1733/3564
f 1222/1733/3565 1224/1734/3566 1228/1735/3567 1229/1736/3568
f 1225/1712/3569 1226/1715/3570 1217/1718/3571 1214/1713/3572
f 1215/1720/3573 1216/1725/3574 1223/1728/3575 1220/1721/3576
f 1221/1730/3577 1222/1733/3578 1229/1736/3579 1230/1731/3580
f 1227/1716/3581 1228/1735/3582 1224/1734/3583 1218/1717/3584
f 1231/1737/3585 1232/1711/3586 1213/1714/3587 1219/1738/3588
f 1213/1714/3589 1214/1713/3590 1215/1723/3591
f 1216/1724/3592 1217/1718/3593 1218/1717/3594
f 1219/1722/3595 1220/1721/3596 1221/1730/3597
f 1222/1733/3598 1223/1728/3599 1224/1727/3600
f 1252/1739/3601 1245/1740/3602 1234/1741/3603 1233/1742/3604
f 1246/1743/3605 1247/1744/3606 1238/1745/3607 1237/1746/3608
f 1233/1747/3609 1235/1748/3610 1240/1749/3611 1239/1750/3612
f 1235/1751/3613 1234/1741/3614 1237/1746/3615 1236/1752/3616
f 1236/1753/3617 1238/1754/3618 1244/1755/3619 1243/1756/3620
f 1239/1757/3621 1241/1758/3622 1250/1759/3623 1251/1760/3624
f 1241/1758/3625 1240/1749/3626 1243/1756/3627 1242/1761/3628
f 1242/1761/3629 1244/1762/3630 1248/1763/3631 1249/1764/3632
f 1245/1740/3633 1246/1743/3634 1237/1746/3635 1234/1741/3636
f 1235/1748/3637 1236/1753/3638 1243/1756/3639 1240/1749/3640
f 1241/1758/3641 1242/1761/3642 1249/1764/3643 1250/1759/3644
f 1247/1744/3645 1248/1763/3646 1244/1762/3647 1238/1745/3648
f 1251/1765/3649 1252/1739/3650 1233/1742/3651 1239/1766/3652
f 1233/1742/3653 1234/1741/3654 1235/1751/3655
f 1236/1752/3656 1237/1746/3657 1238/1745/3658
f 1239/1750/3659 1240/1749/3660 1241/1758/3661
f 1242/1761/3662 1243/1756/3663 1244/1755/3664
usemtl M_NewBridge:lambert6SG
f 1253/1767/3665 1254/1768/3666 1256/1769/3667 1255/1770/3668
f 1255/1770/3669 1256/1771/3670 1258/1772/3671 1257/1773/3672
f 1257/1774/3673 1258/1775/3674 1260/1776/3675 1259/1777/3676
f 1259/1778/3677 1260/1779/3678 1254/1780/3679 1253/1767/3680
f 1254/1768/3681 1260/1776/3682 1258/1775/3683 1256/1769/3684
f 1259/1778/3685 1253/1767/3686 1255/1770/3687 1257/1773/3688
f 1261/1781/3689 1262/1782/3690 1264/1783/3691 1263/1784/3692
f 1263/1784/3693 1264/1785/3694 1266/1786/3695 1265/1787/3696
f 1265/1788/3697 1266/1789/3698 1268/1790/3699 1267/1791/3700
f 1267/1792/3701 1268/1793/3702 1262/1794/3703 1261/1781/3704
f 1262/1782/3705 1268/1790/3706 1266/1789/3707 1264/1783/3708
f 1267/1792/3709 1261/1781/3710 1263/1784/3711 1265/1787/3712
f 1269/1795/3713 1270/1796/3714 1272/1797/3715 1271/1798/3716
f 1271/1798/3717 1272/1799/3718 1274/1800/3719 1273/1801/3720
f 1273/1802/3721 1274/1803/3722 1276/1804/3723 1275/1805/3724
f 1275/1806/3725 1276/1807/3726 1270/1808/3727 1269/1795/3728
f 1270/1796/3729 1276/1804/3730 1274/1803/3731 1272/1797/3732
f 1275/1806/3733 1269/1795/3734 1271/1798/3735 1273/1801/3736
f 1277/1809/3737 1278/1810/3738 1280/1811/3739 1279/1812/3740
f 1279/1812/3741 1280/1813/3742 1282/1814/3743 1281/1815/3744
f 1281/1816/3745 1282/1817/3746 1284/1818/3747 1283/1819/3748
f 1283/1820/3749 1284/1821/3750 1278/1822/3751 1277/1809/3752
f 1278/1810/3753 1284/1818/3754 1282/1817/3755 1280/1811/3756
f 1283/1820/3757 1277/1809/3758 1279/1812/3759 1281/1815/3760
f 1285/1823/3761 1286/1824/3762 1288/1825/3763 1287/1826/3764
f 1287/1826/3765 1288/1827/3766 1290/1828/3767 1289/1829/3768
f 1289/1830/3769 1290/1831/3770 1292/1832/3771 1291/1833/3772
f 1291/1834/3773 1292/1835/3774 1286/1836/3775 1285/1823/3776
f 1286/1824/3777 1292/1832/3778 1290/1831/3779 1288/1825/3780
f 1291/1834/3781 1285/1823/3782 1287/1826/3783 1289/1829/3784
f 1293/1837/3785 1294/1838/3786 1296/1839/3787 1295/1840/3788
f 1295/1840/3789 1296/1841/3790 1298/1842/3791 1297/1843/3792
f 1297/1844/3793 1298/1845/3794 1300/1846/3795 1299/1847/3796
f 1299/1848/3797 1300/1849/3798 1294/1850/3799 1293/1837/3800
f 1294/1838/3801 1300/1846/3802 1298/1845/3803 1296/1839/3804
f 1299/1848/3805 1293/1837/3806 1295/1840/3807 1297/1843/3808
usemtl M_NewBridge:lambert6SG2
f 1320/1851/3809 1313/1852/3810 1302/1853/3811 1301/1854/3812
f 1314/1855/3813 1315/1856/3814 1306/1857/3815 1305/1858/3816
f 1301/1859/3817 1303/1860/3818 1308/1861/3819 1307/1862/3820
f 1303/1863/3821 1302/1853/3822 1305/1858/3823 1304/1864/3824
f 1304/1865/3825 1306/1866/3826 1312/1867/3827 1311/1868/3828
f 1307/1869/3829 1309/1870/3830 1318/1871/3831 1319/1872/3832
f 1309/1870/3833 1308/1861/3834 1311/1868/3835 1310/1873/3836
f 1310/1873/3837 1312/1874/3838 1316/1875/3839 1317/1876/3840
f 1313/1852/3841 1314/1855/3842 1305/1858/3843 1302/1853/3844
f 1303/1860/3845 1304/1865/3846 1311/1868/3847 1308/1861/3848
f 1309/1870/3849 1310/1873/3850 1317/1876/3851 1318/1871/3852
f 1315/1856/3853 1316/1875/3854 1312/1874/3855 1306/1857/3856
f 1319/1877/3857 1320/1851/3858 1301/1854/3859 1307/1878/3860
f 1301/1854/3861 1302/1853/3862 1303/1863/3863
f 1304/1864/3864 1305/1858/3865 1306/1857/3866
f 1307/1862/3867 1308/1861/3868 1309/1870/3869
f 1310/1873/3870 1311/1868/3871 1312/1867/3872
usemtl M_Rope:lambert6SG
f 1325/1879/3873 1326/1880/3874 1322/1881/3875 1321/1882/3876
f 1323/1883/3877 1324/1884/3878 1327/1885/3879 1328/1886/3880
f 1326/1880/3881 1327/1885/3882 1324/1884/3883 1322/1881/3884
f 1328/1887/3885 1325/1879/3886 1321/1882/3887 1323/1888/3888
f 1333/1889/3889 1334/1890/3890 1330/1891/3891 1329/1892/3892
f 1331/1893/3893 1332/1894/3894 1335/1895/3895 1336/1896/3896
f 1334/1890/3897 1335/1895/3898 1332/1894/3899 1330/1891/3900
f 1336/1897/3901 1333/1889/3902 1329/1892/3903 1331/1898/3904
f 1341/1899/3905 1342/1900/3906 1338/1901/3907 1337/1902/3908
f 1339/1903/3909 1340/1904/3910 1343/1905/3911 1344/1906/3912
f 1342/1900/3913 1343/1905/3914 1340/1904/3915 1338/1901/3916
f 1344/1907/3917 1341/1899/3918 1337/1902/3919 1339/1908/3920
usemtl M_NewBridge:lambert6SG2
f 1364/1909/3921 1357/1910/3922 1346/1911/3923 1345/1912/3924
f 1358/1913/3925 1359/1914/3926 1350/1915/3927 1349/1916/3928
f 1345/1917/3929 1347/1918/3930 1352/1919/3931 1351/1920/3932
f 1347/1921/3933 1346/1911/3934 1349/1916/3935 1348/1922/3936
f 1348/1923/3937 1350/1924/3938 1356/1925/3939 1355/1926/3940
f 1351/1927/3941 1353/1928/3942 1362/1929/3943 1363/1930/3944
f 1353/1928/3945 1352/1919/3946 1355/1926/3947 1354/1931/3948
f 1354/1931/3949 1356/1932/3950 1360/1933/3951 1361/1934/3952
f 1357/1910/3953 1358/1913/3954 1349/1916/3955 1346/1911/3956
f 1347/1918/3957 1348/1923/3958 1355/1926/3959 1352/1919/3960
f 1353/1928/3961 1354/1931/3962 1361/1934/3963 1362/1929/3964
f 1359/1914/3965 1360/1933/3966 1356/1932/3967 1350/1915/3968
f 1363/1935/3969 1364/1909/3970 1345/1912/3971 1351/1936/3972
f 1345/1912/3973 1346/1911/3974 1347/1921/3975
f 1348/1922/3976 1349/1916/3977 1350/1915/3978
f 1351/1920/3979 1352/1919/3980 1353/1928/3981
f 1354/1931/3982 1355/1926/3983 1356/1925/3984
f 1365/1937/3985 1367/1938/3986 1383/1939/3987 1385/1940/3988
f 1366/1941/3989 1365/1942/3990 1370/1943/3991 1369/1944/3992
f 1396/1945/3993 1389/1946/3994 1372/1947/3995 1371/1948/3996
f 1368/1949/3997 1370/1950/3998 1386/1951/3999 1388/1952/4000
f 1390/1953/4001 1391/1954/4002 1376/1955/4003 1375/1956/4004
f 1371/1957/4005 1373/1958/4006 1378/1959/4007 1377/1960/4008
f 1373/1961/4009 1372/1947/4010 1375/1956/4011 1374/1962/4012
f 1374/1963/4013 1376/1964/4014 1382/1965/4015 1381/1966/4016
f 1377/1967/4017 1379/1968/4018 1394/1969/4019 1395/1970/4020
f 1379/1968/4021 1378/1959/4022 1381/1966/4023 1380/1971/4024
f 1380/1971/4025 1382/1972/4026 1392/1973/4027 1393/1974/4028
f 1385/1940/4029 1384/1975/4030 1387/1976/4031 1386/1951/4032
f 1389/1946/4033 1390/1953/4034 1375/1956/4035 1372/1947/4036
f 1373/1958/4037 1374/1963/4038 1381/1966/4039 1378/1959/4040
f 1379/1968/4041 1380/1971/4042 1393/1974/4043 1394/1969/4044
f 1385/1940/4045 1386/1951/4046 1370/1950/4047 1365/1937/4048
f 1391/1954/4049 1392/1973/4050 1382/1972/4051 1376/1955/4052
f 1395/1977/4053 1396/1945/4054 1371/1948/4055 1377/1978/4056
f 1365/1942/4057 1366/1941/4058 1367/1979/4059
f 1368/1980/4060 1369/1944/4061 1370/1943/4062
f 1371/1948/4063 1372/1947/4064 1373/1961/4065
f 1374/1962/4066 1375/1956/4067 1376/1955/4068
f 1377/1960/4069 1378/1959/4070 1379/1968/4071
f 1380/1971/4072 1381/1966/4073 1382/1965/4074
f 1383/1981/4075 1384/1975/4076 1385/1940/4077
f 1386/1951/4078 1387/1976/4079 1388/1982/4080
f 1366/1941/4081 1369/1944/4082 1390/1953/4083 1389/1946/4084
f 1369/1944/4085 1368/1980/4086 1391/1954/4087 1390/1953/4088
f 1368/1980/4089 1388/1982/4090 1392/1973/4091 1391/1954/4092
f 1393/1974/4093 1392/1973/4094 1388/1982/4095 1387/1976/4096
f 1394/1969/4097 1393/1974/4098 1387/1976/4099 1384/1975/4100
f 1395/1970/4101 1394/1969/4102 1384/1975/4103 1383/1981/4104
f 1383/1983/4105 1367/1979/4106 1396/1945/4107 1395/1977/4108
f 1367/1979/4109 1366/1941/4110 1389/1946/4111 1396/1945/4112
f 1397/1984/4113 1399/1985/4114 1415/1986/4115 1417/1987/4116
f 1398/1988/4117 1397/1989/4118 1402/1990/4119 1401/1991/4120
f 1428/1992/4121 1421/1993/4122 1404/1994/4123 1403/1995/4124
f 1400/1996/4125 1402/1997/4126 1418/1998/4127 1420/1999/4128
f 1422/2000/4129 1423/2001/4130 1408/2002/4131 1407/2003/4132
f 1403/2004/4133 1405/2005/4134 1410/2006/4135 1409/2007/4136
f 1405/2008/4137 1404/1994/4138 1407/2003/4139 1406/2009/4140
f 1406/2010/4141 1408/2011/4142 1414/2012/4143 1413/2013/4144
f 1409/2014/4145 1411/2015/4146 1426/2016/4147 1427/2017/4148
f 1411/2015/4149 1410/2006/4150 1413/2013/4151 1412/2018/4152
f 1412/2018/4153 1414/2019/4154 1424/2020/4155 1425/2021/4156
f 1417/1987/4157 1416/2022/4158 1419/2023/4159 1418/1998/4160
f 1421/1993/4161 1422/2000/4162 1407/2003/4163 1404/1994/4164
f 1405/2005/4165 1406/2010/4166 1413/2013/4167 1410/2006/4168
f 1411/2015/4169 1412/2018/4170 1425/2021/4171 1426/2016/4172
f 1417/1987/4173 1418/1998/4174 1402/1997/4175 1397/1984/4176
f 1423/2001/4177 1424/2020/4178 1414/2019/4179 1408/2002/4180
f 1427/2024/4181 1428/1992/4182 1403/1995/4183 1409/2025/4184
f 1397/1989/4185 1398/1988/4186 1399/2026/4187
f 1400/2027/4188 1401/1991/4189 1402/1990/4190
f 1403/1995/4191 1404/1994/4192 1405/2008/4193
f 1406/2009/4194 1407/2003/4195 1408/2002/4196
f 1409/2007/4197 1410/2006/4198 1411/2015/4199
f 1412/2018/4200 1413/2013/4201 1414/2012/4202
f 1415/2028/4203 1416/2022/4204 1417/1987/4205
f 1418/1998/4206 1419/2023/4207 1420/2029/4208
f 1398/1988/4209 1401/1991/4210 1422/2000/4211 1421/1993/4212
f 1401/1991/4213 1400/2027/4214 1423/2001/4215 1422/2000/4216
f 1400/2027/4217 1420/2029/4218 1424/2020/4219 1423/2001/4220
f 1425/2021/4221 1424/2020/4222 1420/2029/4223 1419/2023/4224
f 1426/2016/4225 1425/2021/4226 1419/2023/4227 1416/2022/4228
f 1427/2017/4229 1426/2016/4230 1416/2022/4231 1415/2028/4232
f 1415/2030/4233 1399/2026/4234 1428/1992/4235 1427/2024/4236
f 1399/2026/4237 1398/1988/4238 1421/1993/4239 1428/1992/4240
f 1429/2031/4241 1431/2032/4242 1447/2033/4243 1449/2034/4244
f 1430/2035/4245 1429/2036/4246 1434/2037/4247 1433/2038/4248
f 1460/2039/4249 1453/2040/4250 1436/2041/4251 1435/2042/4252
f 1432/2043/4253 1434/2044/4254 1450/2045/4255 1452/2046/4256
f 1454/2047/4257 1455/2048/4258 1440/2049/4259 1439/2050/4260
f 1435/2051/4261 1437/2052/4262 1442/2053/4263 1441/2054/4264
f 1437/2055/4265 1436/2041/4266 1439/2050/4267 1438/2056/4268
f 1438/2057/4269 1440/2058/4270 1446/2059/4271 1445/2060/4272
f 1441/2061/4273 1443/2062/4274 1458/2063/4275 1459/2064/4276
f 1443/2062/4277 1442/2053/4278 1445/2060/4279 1444/2065/4280
f 1444/2065/4281 1446/2066/4282 1456/2067/4283 1457/2068/4284
f 1449/2034/4285 1448/2069/4286 1451/2070/4287 1450/2045/4288
f 1453/2040/4289 1454/2047/4290 1439/2050/4291 1436/2041/4292
f 1437/2052/4293 1438/2057/4294 1445/2060/4295 1442/2053/4296
f 1443/2062/4297 1444/2065/4298 1457/2068/4299 1458/2063/4300
f 1449/2034/4301 1450/2045/4302 1434/2044/4303 1429/2031/4304
f 1455/2048/4305 1456/2067/4306 1446/2066/4307 1440/2049/4308
f 1459/2071/4309 1460/2039/4310 1435/2042/4311 1441/2072/4312
f 1429/2036/4313 1430/2035/4314 1431/2073/4315
f 1432/2074/4316 1433/2038/4317 1434/2037/4318
f 1435/2042/4319 1436/2041/4320 1437/2055/4321
f 1438/2056/4322 1439/2050/4323 1440/2049/4324
f 1441/2054/4325 1442/2053/4326 1443/2062/4327
f 1444/2065/4328 1445/2060/4329 1446/2059/4330
f 1447/2075/4331 1448/2069/4332 1449/2034/4333
f 1450/2045/4334 1451/2070/4335 1452/2076/4336
f 1430/2035/4337 1433/2038/4338 1454/2047/4339 1453/2040/4340
f 1433/2038/4341 1432/2074/4342 1455/2048/4343 1454/2047/4344
f 1432/2074/4345 1452/2076/4346 1456/2067/4347 1455/2048/4348
f 1457/2068/4349 1456/2067/4350 1452/2076/4351 1451/2070/4352
f 1458/2063/4353 1457/2068/4354 1451/2070/4355 1448/2069/4356
f 1459/2064/4357 1458/2063/4358 1448/2069/4359 1447/2075/4360
f 1447/2077/4361 1431/2073/4362 1460/2039/4363 1459/2071/4364
f 1431/2073/4365 1430/2035/4366 1453/2040/4367 1460/2039/4368
f 1480/2078/4369 1473/2079/4370 1462/2080/4371 1461/2081/4372
f 1474/2082/4373 1475/2083/4374 1466/2084/4375 1465/2085/4376
f 1461/2086/4377 1463/2087/4378 1468/2088/4379 1467/2089/4380
f 1463/2090/4381 1462/2080/4382 1465/2085/4383 1464/2091/4384
f 1464/2092/4385 1466/2093/4386 1472/2094/4387 1471/2095/4388
f 1467/2096/4389 1469/2097/4390 1478/2098/4391 1479/2099/4392
f 1469/2097/4393 1468/2088/4394 1471/2095/4395 1470/2100/4396
f 1470/2100/4397 1472/2101/4398 1476/2102/4399 1477/2103/4400
f 1473/2079/4401 1474/2082/4402 1465/2085/4403 1462/2080/4404
f 1463/2087/4405 1464/2092/4406 1471/2095/4407 1468/2088/4408
f 1469/2097/4409 1470/2100/4410 1477/2103/4411 1478/2098/4412
f 1475/2083/4413 1476/2102/4414 1472/2101/4415 1466/2084/4416
f 1479/2104/4417 1480/2078/4418 1461/2081/4419 1467/2105/4420
f 1461/2081/4421 1462/2080/4422 1463/2090/4423
f 1464/2091/4424 1465/2085/4425 1466/2084/4426
f 1467/2089/4427 1468/2088/4428 1469/2097/4429
f 1470/2100/4430 1471/2095/4431 1472/2094/4432
f 1481/2106/4433 1483/2107/4434 1499/2108/4435 1501/2109/4436
f 1482/2110/4437 1481/2111/4438 1486/2112/4439 1485/2113/4440
f 1512/2114/4441 1505/2115/4442 1488/2116/4443 1487/2117/4444
f 1484/2118/4445 1486/2119/4446 1502/2120/4447 1504/2121/4448
f 1506/2122/4449 1507/2123/4450 1492/2124/4451 1491/2125/4452
f 1487/2126/4453 1489/2127/4454 1494/2128/4455 1493/2129/4456
f 1489/2130/4457 1488/2116/4458 1491/2125/4459 1490/2131/4460
f 1490/2132/4461 1492/2133/4462 1498/2134/4463 1497/2135/4464
f 1493/2136/4465 1495/2137/4466 1510/2138/4467 1511/2139/4468
f 1495/2137/4469 1494/2128/4470 1497/2135/4471 1496/2140/4472
f 1496/2140/4473 1498/2141/4474 1508/2142/4475 1509/2143/4476
f 1501/2109/4477 1500/2144/4478 1503/2145/4479 1502/2120/4480
f 1505/2115/4481 1506/2122/4482 1491/2125/4483 1488/2116/4484
f 1489/2127/4485 1490/2132/4486 1497/2135/4487 1494/2128/4488
f 1495/2137/4489 1496/2140/4490 1509/2143/4491 1510/2138/4492
f 1501/2109/4493 1502/2120/4494 1486/2119/4495 1481/2106/4496
f 1507/2123/4497 1508/2142/4498 1498/2141/4499 1492/2124/4500
f 1511/2146/4501 1512/2114/4502 1487/2117/4503 1493/2147/4504
f 1481/2111/4505 1482/2110/4506 1483/2148/4507
f 1484/2149/4508 1485/2113/4509 1486/2112/4510
f 1487/2117/4511 1488/2116/4512 1489/2130/4513
f 1490/2131/4514 1491/2125/4515 1492/2124/4516
f 1493/2129/4517 1494/2128/4518 1495/2137/4519
f 1496/2140/4520 1497/2135/4521 1498/2134/4522
f 1499/2150/4523 1500/2144/4524 1501/2109/4525
f 1502/2120/4526 1503/2145/4527 1504/2151/4528
f 1482/2110/4529 1485/2113/4530 1506/2122/4531 1505/2115/4532
f 1485/2113/4533 1484/2149/4534 1507/2123/4535 1506/2122/4536
f 1484/2149/4537 1504/2151/4538 1508/2142/4539 1507/2123/4540
f 1509/2143/4541 1508/2142/4542 1504/2151/4543 1503/2145/4544
f 1510/2138/4545 1509/2143/4546 1503/2145/4547 1500/2144/4548
f 1511/2139/4549 1510/2138/4550 1500/2144/4551 1499/2150/4552
f 1499/2152/4553 1483/2148/4554 1512/2114/4555 1511/2146/4556
f 1483/2148/4557 1482/2110/4558 1505/2115/4559 1512/2114/4560
f 1532/2153/4561 1525/2154/4562 1514/2155/4563 1513/2156/4564
f 1526/2157/4565 1527/2158/4566 1518/2159/4567 1517/2160/4568
f 1513/2161/4569 1515/2162/4570 1520/2163/4571 1519/2164/4572
f 1515/2165/4573 1514/2155/4574 1517/2160/4575 1516/2166/4576
f 1516/2167/4577 1518/2168/4578 1524/2169/4579 1523/2170/4580
f 1519/2171/4581 1521/2172/4582 1530/2173/4583 1531/2174/4584
f 1521/2172/4585 1520/2163/4586 1523/2170/4587 1522/2175/4588
f 1522/2175/4589 1524/2176/4590 1528/2177/4591 1529/2178/4592
f 1525/2154/4593 1526/2157/4594 1517/2160/4595 1514/2155/4596
f 1515/2162/4597 1516/2167/4598 1523/2170/4599 1520/2163/4600
f 1521/2172/4601 1522/2175/4602 1529/2178/4603 1530/2173/4604
f 1527/2158/4605 1528/2177/4606 1524/2176/4607 1518/2159/4608
f 1531/2179/4609 1532/2153/4610 1513/2156/4611 1519/2180/4612
f 1513/2156/4613 1514/2155/4614 1515/2165/4615
f 1516/2166/4616 1517/2160/4617 1518/2159/4618
f 1519/2164/4619 1520/2163/4620 1521/2172/4621
f 1522/2175/4622 1523/2170/4623 1524/2169/4624
f 1552/2181/4625 1545/2182/4626 1534/2183/4627 1533/2184/4628
f 1546/2185/4629 1547/2186/4630 1538/2187/4631 1537/2188/4632
f 1533/2189/4633 1535/2190/4634 1540/2191/4635 1539/2192/4636
f 1535/2193/4637 1534/2183/4638 1537/2188/4639 1536/2194/4640
f 1536/2195/4641 1538/2196/4642 1544/2197/4643 1543/2198/4644
f 1539/2199/4645 1541/2200/4646 1550/2201/4647 1551/2202/4648
f 1541/2200/4649 1540/2191/4650 1543/2198/4651 1542/2203/4652
f 1542/2203/4653 1544/2204/4654 1548/2205/4655 1549/2206/4656
f 1545/2182/4657 1546/2185/4658 1537/2188/4659 1534/2183/4660
f 1535/2190/4661 1536/2195/4662 1543/2198/4663 1540/2191/4664
f 1541/2200/4665 1542/2203/4666 1549/2206/4667 1550/2201/4668
f 1547/2186/4669 1548/2205/4670 1544/2204/4671 1538/2187/4672
f 1551/2207/4673 1552/2181/4674 1533/2184/4675 1539/2208/4676
f 1533/2184/4677 1534/2183/4678 1535/2193/4679
f 1536/2194/4680 1537/2188/4681 1538/2187/4682
f 1539/2192/4683 1540/2191/4684 1541/2200/4685
f 1542/2203/4686 1543/2198/4687 1544/2197/4688
f 1553/2209/4689 1555/2210/4690 1571/2211/4691 1573/2212/4692
f 1554/2213/4693 1553/2214/4694 1558/2215/4695 1557/2216/4696
f 1584/2217/4697 1577/2218/4698 1560/2219/4699 1559/2220/4700
f 1556/2221/4701 1558/2222/4702 1574/2223/4703 1576/2224/4704
f 1578/2225/4705 1579/2226/4706 1564/2227/4707 1563/2228/4708
f 1559/2229/4709 1561/2230/4710 1566/2231/4711 1565/2232/4712
f 1561/2233/4713 1560/2219/4714 1563/2228/4715 1562/2234/4716
f 1562/2235/4717 1564/2236/4718 1570/2237/4719 1569/2238/4720
f 1565/2239/4721 1567/2240/4722 1582/2241/4723 1583/2242/4724
f 1567/2240/4725 1566/2231/4726 1569/2238/4727 1568/2243/4728
f 1568/2243/4729 1570/2244/4730 1580/2245/4731 1581/2246/4732
f 1573/2212/4733 1572/2247/4734 1575/2248/4735 1574/2223/4736
f 1577/2218/4737 1578/2225/4738 1563/2228/4739 1560/2219/4740
f 1561/2230/4741 1562/2235/4742 1569/2238/4743 1566/2231/4744
f 1567/2240/4745 1568/2243/4746 1581/2246/4747 1582/2241/4748
f 1573/2212/4749 1574/2223/4750 1558/2222/4751 1553/2209/4752
f 1579/2226/4753 1580/2245/4754 1570/2244/4755 1564/2227/4756
f 1583/2249/4757 1584/2217/4758 1559/2220/4759 1565/2250/4760
f 1553/2214/4761 1554/2213/4762 1555/2251/4763
f 1556/2252/4764 1557/2216/4765 1558/2215/4766
f 1559/2220/4767 1560/2219/4768 1561/2233/4769
f 1562/2234/4770 1563/2228/4771 1564/2227/4772
f 1565/2232/4773 1566/2231/4774 1567/2240/4775
f 1568/2243/4776 1569/2238/4777 1570/2237/4778
f 1571/2253/4779 1572/2247/4780 1573/2212/4781
f 1574/2223/4782 1575/2248/4783 1576/2254/4784
f 1554/2213/4785 1557/2216/4786 1578/2225/4787 1577/2218/4788
f 1557/2216/4789 1556/2252/4790 1579/2226/4791 1578/2225/4792
f 1556/2252/4793 1576/2254/4794 1580/2245/4795 1579/2226/4796
f 1581/2246/4797 1580/2245/4798 1576/2254/4799 1575/2248/4800
f 1582/2241/4801 1581/2246/4802 1575/2248/4803 1572/2247/4804
f 1583/2242/4805 1582/2241/4806 1572/2247/4807 1571/2253/4808
f 1571/2255/4809 1555/2251/4810 1584/2217/4811 1583/2249/4812
f 1555/2251/4813 1554/2213/4814 1577/2218/4815 1584/2217/4816
f 1604/2256/4817 1597/2257/4818 1586/2258/4819 1585/2259/4820
f 1598/2260/4821 1599/2261/4822 1590/2262/4823 1589/2263/4824
f 1585/2264/4825 1587/2265/4826 1592/2266/4827 1591/2267/4828
f 1587/2268/4829 1586/2258/4830 1589/2263/4831 1588/2269/4832
f 1588/2270/4833 1590/2271/4834 1596/2272/4835 1595/2273/4836
f 1591/2274/4837 1593/2275/4838 1602/2276/4839 1603/2277/4840
f 1593/2275/4841 1592/2266/4842 1595/2273/4843 1594/2278/4844
f 1594/2278/4845 1596/2279/4846 1600/2280/4847 1601/2281/4848
f 1597/2257/4849 1598/2260/4850 1589/2263/4851 1586/2258/4852
f 1587/2265/4853 1588/2270/4854 1595/2273/4855 1592/2266/4856
f 1593/2275/4857 1594/2278/4858 1601/2281/4859 1602/2276/4860
f 1599/2261/4861 1600/2280/4862 1596/2279/4863 1590/2262/4864
f 1603/2282/4865 1604/2256/4866 1585/2259/4867 1591/2283/4868
f 1585/2259/4869 1586/2258/4870 1587/2268/4871
f 1588/2269/4872 1589/2263/4873 1590/2262/4874
f 1591/2267/4875 1592/2266/4876 1593/2275/4877
f 1594/2278/4878 1595/2273/4879 1596/2272/4880
f 1605/2284/4881 1607/2285/4882 1623/2286/4883 1625/2287/4884
f 1606/2288/4885 1605/2289/4886 1610/2290/4887 1609/2291/4888
f 1636/2292/4889 1629/2293/4890 1612/2294/4891 1611/2295/4892
f 1608/2296/4893 1610/2297/4894 1626/2298/4895 1628/2299/4896
f 1630/2300/4897 1631/2301/4898 1616/2302/4899 1615/2303/4900
f 1611/2304/4901 1613/2305/4902 1618/2306/4903 1617/2307/4904
f 1613/2308/4905 1612/2294/4906 1615/2303/4907 1614/2309/4908
f 1614/2310/4909 1616/2311/4910 1622/2312/4911 1621/2313/4912
f 1617/2314/4913 1619/2315/4914 1634/2316/4915 1635/2317/4916
f 1619/2315/4917 1618/2306/4918 1621/2313/4919 1620/2318/4920
f 1620/2318/4921 1622/2319/4922 1632/2320/4923 1633/2321/4924
f 1625/2287/4925 1624/2322/4926 1627/2323/4927 1626/2298/4928
f 1629/2293/4929 1630/2300/4930 1615/2303/4931 1612/2294/4932
f 1613/2305/4933 1614/2310/4934 1621/2313/4935 1618/2306/4936
f 1619/2315/4937 1620/2318/4938 1633/2321/4939 1634/2316/4940
f 1625/2287/4941 1626/2298/4942 1610/2297/4943 1605/2284/4944
f 1631/2301/4945 1632/2320/4946 1622/2319/4947 1616/2302/4948
f 1635/2324/4949 1636/2292/4950 1611/2295/4951 1617/2325/4952
f 1605/2289/4953 1606/2288/4954 1607/2326/4955
f 1608/2327/4956 1609/2291/4957 1610/2290/4958
f 1611/2295/4959 1612/2294/4960 1613/2308/4961
f 1614/2309/4962 1615/2303/4963 1616/2302/4964
f 1617/2307/4965 1618/2306/4966 1619/2315/4967
f 1620/2318/4968 1621/2313/4969 1622/2312/4970
f 1623/2328/4971 1624/2322/4972 1625/2287/4973
f 1626/2298/4974 1627/2323/4975 1628/2329/4976
f 1606/2288/4977 1609/2291/4978 1630/2300/4979 1629/2293/4980
f 1609/2291/4981 1608/2327/4982 1631/2301/4983 1630/2300/4984
f 1608/2327/4985 1628/2329/4986 1632/2320/4987 1631/2301/4988
f 1633/2321/4989 1632/2320/4990 1628/2329/4991 1627/2323/4992
f 1634/2316/4993 1633/2321/4994 1627/2323/4995 1624/2322/4996
f 1635/2317/4997 1634/2316/4998 1624/2322/4999 1623/2328/5000
f 1623/2330/5001 1607/2326/5002 1636/2292/5003 1635/2324/5004
f 1607/2326/5005 1606/2288/5006 1629/2293/5007 1636/2292/5008
g default
v 0.034769 3.111756 2.047285
v 0.105696 3.126358 2.230109
v 0.110739 3.099581 1.901759
v 0.087673 3.474099 2.016368
v 0.144522 3.407762 2.206083
v 0.145609 3.358228 1.879670
v 0.242432 3.561778 2.005842
v 0.246582 3.447235 2.200634
v 0.232853 3.384150 1.875645
v 0.618083 3.558802 2.004719
v 0.622233 3.444259 2.199510
v 0.608504 3.381175 1.874525
v 0.749456 3.440936 2.011419
v 0.722115 3.346998 2.205225
v 0.699533 3.289708 1.879963
v 0.795021 2.930963 2.051883
v 0.742636 2.991681 2.233668
v 0.713013 2.977868 1.905022
v 0.707456 2.734328 2.069795
v 0.672985 2.847355 2.246932
v 0.648399 2.848246 1.916980
v 0.608865 2.704666 2.074371
v 0.598142 2.844070 2.248843
v 0.580231 2.852379 1.918142
v 0.230321 2.701627 2.076047
v 0.239772 2.846200 2.249654
v 0.227532 2.855962 1.918711
v 0.127813 2.738975 2.075259
v 0.170222 2.862047 2.249893
v 0.167248 2.865766 1.919237
v 0.161642 3.413392 2.454692
v 0.685973 3.418219 2.454567
v 0.161642 3.320287 -1.122890
v 0.685973 3.325114 -1.123015
v 0.166535 2.788980 -1.109063
v 0.690867 2.793805 -1.109188
v 0.166535 2.882085 2.468520
v 0.690867 2.886909 2.468394
v 0.034663 3.061932 -0.729064
v 0.105515 3.051613 -0.545919
v 0.110687 3.068825 -0.874907
v 0.089686 3.424847 -0.711387
v 0.145987 3.333476 -0.532207
v 0.147069 3.327900 -0.862310
v 0.244958 3.512240 -0.710116
v 0.248279 3.372726 -0.532336
v 0.234465 3.353617 -0.862835
v 0.620587 3.507247 -0.711595
v 0.623907 3.367733 -0.533815
v 0.610094 3.348624 -0.864311
v 0.751270 3.388774 -0.720659
v 0.723220 3.269996 -0.541111
v 0.700587 3.256719 -0.871110
v 0.793853 2.877702 -0.748549
v 0.741663 2.913945 -0.560296
v 0.712244 2.944248 -0.887852
v 0.705138 2.680950 -0.757023
v 0.671168 2.769549 -0.566399
v 0.646871 2.814569 -0.893289
v 0.606374 2.651519 -0.756451
v 0.596306 2.766476 -0.564950
v 0.578728 2.818908 -0.891592
v 0.227816 2.650495 -0.755226
v 0.237953 2.770572 -0.563892
v 0.226055 2.824444 -0.890580
v 0.125527 2.688212 -0.751035
v 0.168496 2.786652 -0.561548
v 0.165828 2.834442 -0.888756
vt 0.193174 0.110632
vt 0.176275 0.113380
vt 0.174923 0.026315
vt 0.188382 0.015734
vt 0.365799 0.097373
vt 0.357325 0.112250
vt 0.353221 0.112849
vt 0.359410 0.098306
vt 0.174108 0.017044
vt 0.188358 0.011241
vt 0.336529 0.115287
vt 0.334105 0.102002
vt 0.347461 0.089405
vt 0.333190 0.091489
vt 0.223641 0.131772
vt 0.221217 0.118487
vt 0.220302 0.107974
vt 0.207275 0.134162
vt 0.199692 0.121630
vt 0.205385 0.110152
vt 0.369970 0.029085
vt 0.358937 0.036946
vt 0.184421 0.068560
vt 0.196712 0.079520
vt 0.348663 0.026317
vt 0.357080 0.013223
vt 0.160142 0.090236
vt 0.161819 0.073669
vt 0.338532 0.030484
vt 0.343354 0.016548
vt 0.343724 0.005668
vt 0.333172 0.007160
vt 0.326209 0.032415
vt 0.327286 0.018632
vt 0.322009 0.008739
vt 0.216077 0.047990
vt 0.213852 0.034675
vt 0.212806 0.024183
vt 0.204685 0.049602
vt 0.196980 0.037203
vt 0.203011 0.025426
vt 0.060113 0.045971
vt 0.088497 0.045971
vt 0.088497 0.200366
vt 0.060113 0.200366
vt 0.145264 0.228749
vt 0.116880 0.228749
vt 0.116880 0.200366
vt 0.145264 0.200366
vt 0.116880 0.045971
vt 0.145264 0.045971
vt 0.116880 0.017587
vt 0.145264 0.017587
vt 0.031730 0.045971
vt 0.031730 0.200366
vt 0.193174 0.110632
vt 0.176275 0.113380
vt 0.196980 0.037203
vt 0.204685 0.049602
vt 0.174923 0.026315
vt 0.188382 0.015734
vt 0.203011 0.025426
vt 0.365799 0.097373
vt 0.357325 0.112250
vt 0.353221 0.112849
vt 0.359410 0.098306
vt 0.174108 0.017044
vt 0.188358 0.011241
vt 0.336529 0.115287
vt 0.334105 0.102002
vt 0.347461 0.089405
vt 0.333190 0.091489
vt 0.223641 0.131772
vt 0.221217 0.118487
vt 0.220302 0.107974
vt 0.207275 0.134162
vt 0.199692 0.121630
vt 0.205385 0.110152
vt 0.369970 0.029085
vt 0.358937 0.036946
vt 0.348663 0.026317
vt 0.357080 0.013223
vt 0.184421 0.068560
vt 0.196712 0.079520
vt 0.160142 0.090236
vt 0.161819 0.073669
vt 0.338532 0.030484
vt 0.343354 0.016548
vt 0.343724 0.005668
vt 0.333172 0.007160
vt 0.326209 0.032415
vt 0.327286 0.018632
vt 0.322009 0.008739
vt 0.216077 0.047990
vt 0.213852 0.034675
vt 0.212806 0.024183
vn -0.529428 0.150578 0.834885
vn -0.997182 0.073939 -0.012683
vn -0.865751 -0.499013 0.038229
vn -0.633225 -0.304134 0.711708
vn -0.997182 0.073939 -0.012683
vn -0.130907 -0.022589 -0.991137
vn -0.500181 -0.318066 -0.805390
vn -0.865751 -0.499013 0.038229
vn -0.997182 0.073939 -0.012683
vn -0.529428 0.150578 0.834885
vn -0.573886 0.509662 0.641014
vn -0.829250 0.557038 -0.045312
vn -0.130907 -0.022589 -0.991137
vn -0.997182 0.073939 -0.012683
vn -0.829250 0.557038 -0.045312
vn -0.470326 0.267366 -0.841017
vn -0.829250 0.557038 -0.045312
vn -0.573886 0.509662 0.641014
vn -0.027917 0.250449 0.967727
vn -0.063813 0.981081 -0.182778
vn -0.470326 0.267366 -0.841017
vn -0.829250 0.557038 -0.045312
vn -0.063813 0.981081 -0.182778
vn -0.059901 -0.185284 -0.980858
vn -0.063813 0.981081 -0.182778
vn -0.027917 0.250449 0.967727
vn 0.074319 0.277811 0.957757
vn 0.118471 0.975092 -0.187509
vn -0.059901 -0.185284 -0.980858
vn -0.063813 0.981081 -0.182778
vn 0.118471 0.975092 -0.187509
vn -0.002046 -0.149136 -0.988815
vn 0.118471 0.975092 -0.187509
vn 0.074319 0.277811 0.957757
vn 0.704134 0.315962 0.635895
vn 0.903854 0.413832 -0.108588
vn -0.002046 -0.149136 -0.988815
vn 0.118471 0.975092 -0.187509
vn 0.903854 0.413832 -0.108588
vn 0.441048 0.088680 -0.893092
vn 0.903854 0.413832 -0.108588
vn 0.704134 0.315962 0.635895
vn 0.735324 -0.111059 0.668554
vn 0.974549 -0.216633 -0.057657
vn 0.441048 0.088680 -0.893092
vn 0.903854 0.413832 -0.108588
vn 0.974549 -0.216633 -0.057657
vn 0.426927 -0.173170 -0.887550
vn 0.974549 -0.216633 -0.057657
vn 0.735324 -0.111059 0.668554
vn 0.406801 -0.318849 0.856066
vn 0.779983 -0.624854 -0.034418
vn 0.426927 -0.173170 -0.887550
vn 0.974549 -0.216633 -0.057657
vn 0.779983 -0.624854 -0.034418
vn 0.159162 -0.265977 -0.950749
vn 0.779983 -0.624854 -0.034418
vn 0.406801 -0.318849 0.856066
vn 0.047524 -0.217404 0.974924
vn 0.021733 -0.999730 -0.008244
vn 0.159162 -0.265977 -0.950749
vn 0.779983 -0.624854 -0.034418
vn 0.021733 -0.999730 -0.008244
vn 0.006146 -0.096836 -0.995281
vn 0.021733 -0.999730 -0.008244
vn 0.047524 -0.217404 0.974924
vn 0.003554 -0.122508 0.992461
vn -0.033586 -0.999261 -0.018718
vn 0.006146 -0.096836 -0.995281
vn 0.021733 -0.999730 -0.008244
vn -0.033586 -0.999261 -0.018718
vn -0.033673 -0.005756 -0.999416
vn -0.033586 -0.999261 -0.018718
vn 0.003554 -0.122508 0.992461
vn -0.633225 -0.304134 0.711708
vn -0.865751 -0.499013 0.038229
vn -0.033673 -0.005756 -0.999416
vn -0.033586 -0.999261 -0.018718
vn -0.865751 -0.499013 0.038229
vn -0.500181 -0.318066 -0.805390
vn -0.009206 0.999619 -0.026015
vn -0.009206 0.999619 -0.026015
vn -0.009206 0.999619 -0.026015
vn -0.009206 0.999619 -0.026015
vn 0.000000 -0.026016 -0.999662
vn 0.000000 -0.026016 -0.999662
vn 0.000000 -0.026016 -0.999662
vn 0.000000 -0.026016 -0.999662
vn 0.009206 -0.999619 0.026015
vn 0.009206 -0.999619 0.026015
vn 0.009206 -0.999619 0.026015
vn 0.009206 -0.999619 0.026015
vn 0.000000 0.026016 0.999662
vn 0.000000 0.026016 0.999662
vn 0.000000 0.026016 0.999662
vn 0.000000 0.026016 0.999662
vn 0.999958 0.009203 -0.000239
vn 0.999958 0.009203 -0.000239
vn 0.999958 0.009203 -0.000239
vn 0.999958 0.009203 -0.000239
vn -0.999958 -0.009203 0.000239
vn -0.999958 -0.009203 0.000239
vn -0.999958 -0.009203 0.000239
vn -0.999958 -0.009203 0.000239
vn -0.529268 0.041007 0.847463
vn -0.996727 0.080794 -0.002794
vn -0.868653 -0.494588 -0.028720
vn -0.635585 -0.392607 0.664749
vn -0.996727 0.080794 -0.002794
vn -0.130182 0.110528 -0.985310
vn -0.501317 -0.204915 -0.840649
vn -0.868653 -0.494588 -0.028720
vn -0.996727 0.080794 -0.002794
vn -0.529268 0.041007 0.847463
vn -0.571483 0.422988 0.703198
vn -0.825978 0.562940 0.029296
vn -0.130182 0.110528 -0.985310
vn -0.996727 0.080794 -0.002794
vn -0.825978 0.562940 0.029296
vn -0.468049 0.379856 -0.797897
vn -0.825978 0.562940 0.029296
vn -0.571483 0.422988 0.703198
vn -0.027303 0.119342 0.992478
vn -0.057985 0.997048 -0.050339
vn -0.468049 0.379856 -0.797897
vn -0.825978 0.562940 0.029296
vn -0.057985 0.997048 -0.050339
vn -0.060126 -0.052497 -0.996809
vn -0.057985 0.997048 -0.050339
vn -0.027303 0.119342 0.992478
vn 0.075098 0.147192 0.986253
vn 0.124265 0.990678 -0.055811
vn -0.060126 -0.052497 -0.996809
vn -0.057985 0.997048 -0.050339
vn 0.124265 0.990678 -0.055811
vn -0.002056 -0.015949 -0.999871
vn 0.124265 0.990678 -0.055811
vn 0.075098 0.147192 0.986253
vn 0.705400 0.224238 0.672405
vn 0.906323 0.419328 -0.052365
vn -0.002056 -0.015949 -0.999871
vn 0.124265 0.990678 -0.055811
vn 0.906323 0.419328 -0.052365
vn 0.442322 0.204388 -0.873257
vn 0.906323 0.419328 -0.052365
vn 0.705400 0.224238 0.672405
vn 0.734094 -0.203500 0.647838
vn 0.973330 -0.212701 -0.085946
vn 0.442322 0.204388 -0.873257
vn 0.906323 0.419328 -0.052365
vn 0.973330 -0.212701 -0.085946
vn 0.426684 -0.055776 -0.902679
vn 0.973330 -0.212701 -0.085946
vn 0.734094 -0.203500 0.647838
vn 0.404214 -0.432514 0.805942
vn 0.776388 -0.619231 -0.117361
vn 0.426684 -0.055776 -0.902679
vn 0.973330 -0.212701 -0.085946
vn 0.776388 -0.619231 -0.117361
vn 0.158441 -0.137762 -0.977711
vn 0.776388 -0.619231 -0.117361
vn 0.404214 -0.432514 0.805942
vn 0.045427 -0.345725 0.937235
vn 0.015963 -0.989814 -0.141467
vn 0.158441 -0.137762 -0.977711
vn 0.776388 -0.619231 -0.117361
vn 0.015963 -0.989814 -0.141467
vn 0.006443 0.036697 -0.999306
vn 0.015963 -0.989814 -0.141467
vn 0.045427 -0.345725 0.937235
vn 0.001991 -0.253760 0.967265
vn -0.039344 -0.987630 -0.151789
vn 0.006443 0.036697 -0.999306
vn 0.015963 -0.989814 -0.141467
vn -0.039344 -0.987630 -0.151789
vn -0.032845 0.127746 -0.991263
vn -0.039344 -0.987630 -0.151789
vn 0.001991 -0.253760 0.967265
vn -0.635585 -0.392607 0.664749
vn -0.868653 -0.494588 -0.028720
vn -0.032845 0.127746 -0.991263
vn -0.039344 -0.987630 -0.151789
vn -0.868653 -0.494588 -0.028720
vn -0.501317 -0.204915 -0.840649
s off
g group2 group1 polySurface999
usemtl M_LongBridge:lambert6SG
f 1638/2331/5009 1637/2332/5010 1664/2370/5011 1665/2369/5012
f 1637/2333/5013 1639/2334/5014 1666/2371/5015 1664/2370/5016
f 1637/2335/5017 1638/2336/5018 1641/2337/5019 1640/2338/5020
f 1639/2334/5021 1637/2333/5022 1640/2339/5023 1642/2340/5024
f 1640/2338/5025 1641/2337/5026 1644/2341/5027 1643/2342/5028
f 1642/2343/5029 1640/2338/5030 1643/2342/5031 1645/2344/5032
f 1643/2342/5033 1644/2341/5034 1647/2345/5035 1646/2346/5036
f 1645/2344/5037 1643/2342/5038 1646/2346/5039 1648/2347/5040
f 1646/2346/5041 1647/2345/5042 1650/2348/5043 1649/2349/5044
f 1648/2347/5045 1646/2346/5046 1649/2349/5047 1651/2350/5048
f 1649/2351/5049 1650/2352/5050 1653/2355/5051 1652/2356/5052
f 1651/2353/5053 1649/2354/5054 1652/2357/5055 1654/2358/5056
f 1652/2356/5057 1653/2355/5058 1656/2359/5059 1655/2360/5060
f 1654/2361/5061 1652/2356/5062 1655/2360/5063 1657/2362/5064
f 1655/2360/5065 1656/2359/5066 1659/2363/5067 1658/2364/5068
f 1657/2362/5069 1655/2360/5070 1658/2364/5071 1660/2365/5072
f 1658/2364/5073 1659/2363/5074 1662/2366/5075 1661/2367/5076
f 1660/2365/5077 1658/2364/5078 1661/2367/5079 1663/2368/5080
f 1661/2367/5081 1662/2366/5082 1665/2369/5083 1664/2370/5084
f 1663/2368/5085 1661/2367/5086 1664/2370/5087 1666/2371/5088
usemtl M_WoodSmall:lambert6SG
f 1667/2372/5089 1668/2373/5090 1670/2374/5091 1669/2375/5092
f 1669/2376/5093 1670/2377/5094 1672/2378/5095 1671/2379/5096
f 1671/2379/5097 1672/2378/5098 1674/2380/5099 1673/2381/5100
f 1673/2381/5101 1674/2380/5102 1668/2382/5103 1667/2383/5104
f 1668/2373/5105 1674/2380/5106 1672/2378/5107 1670/2374/5108
f 1673/2384/5109 1667/2372/5110 1669/2375/5111 1671/2385/5112
usemtl M_LongBridge:lambert6SG
f 1676/2386/5113 1675/2387/5114 1702/2388/5115 1703/2389/5116
f 1675/2390/5117 1677/2391/5118 1704/2392/5119 1702/2388/5120
f 1675/2393/5121 1676/2394/5122 1679/2395/5123 1678/2396/5124
f 1677/2391/5125 1675/2390/5126 1678/2397/5127 1680/2398/5128
f 1678/2396/5129 1679/2395/5130 1682/2399/5131 1681/2400/5132
f 1680/2401/5133 1678/2396/5134 1681/2400/5135 1683/2402/5136
f 1681/2400/5137 1682/2399/5138 1685/2403/5139 1684/2404/5140
f 1683/2402/5141 1681/2400/5142 1684/2404/5143 1686/2405/5144
f 1684/2404/5145 1685/2403/5146 1688/2406/5147 1687/2407/5148
f 1686/2405/5149 1684/2404/5150 1687/2407/5151 1689/2408/5152
f 1687/2409/5153 1688/2410/5154 1691/2411/5155 1690/2412/5156
f 1689/2413/5157 1687/2414/5158 1690/2415/5159 1692/2416/5160
f 1690/2412/5161 1691/2411/5162 1694/2417/5163 1693/2418/5164
f 1692/2419/5165 1690/2412/5166 1693/2418/5167 1695/2420/5168
f 1693/2418/5169 1694/2417/5170 1697/2421/5171 1696/2422/5172
f 1695/2420/5173 1693/2418/5174 1696/2422/5175 1698/2423/5176
f 1696/2422/5177 1697/2421/5178 1700/2424/5179 1699/2425/5180
f 1698/2423/5181 1696/2422/5182 1699/2425/5183 1701/2426/5184
f 1699/2425/5185 1700/2424/5186 1703/2389/5187 1702/2388/5188
f 1701/2426/5189 1699/2425/5190 1702/2388/5191 1704/2392/5192
g default
v 0.493334 4.829365 -0.562506
v 0.652568 4.796156 -0.662929
v 0.394650 4.786409 -0.708606
v 0.553884 4.753202 -0.809030
v 0.492024 3.307634 -0.572364
v 0.651258 3.274426 -0.672786
v 0.552574 3.231472 -0.818887
v 0.393340 3.264682 -0.718465
vt 0.622290 0.044541
vt 0.623235 0.064240
vt 0.418728 0.065174
vt 0.416687 0.045908
vt 0.419860 0.103878
vt 0.421702 0.084589
vt 0.624548 0.083784
vt 0.623778 0.103071
vt 0.623361 0.024715
vt 0.419444 0.026462
vn -0.189667 0.114051 0.975202
vn 0.988550 0.016683 0.149967
vn 0.935145 -0.003101 0.354253
vn -0.153848 -0.006269 0.988075
vn -0.992371 0.001653 -0.123273
vn 0.190228 0.006196 -0.981720
vn 0.163092 -0.125348 -0.978616
vn -0.948971 -0.025814 -0.314304
vn 0.988550 0.016683 0.149967
vn 0.163092 -0.125348 -0.978616
vn 0.190228 0.006196 -0.981720
vn 0.935145 -0.003101 0.354253
vn -0.948971 -0.025814 -0.314304
vn -0.189667 0.114051 0.975202
vn -0.153848 -0.006269 0.988075
vn -0.992371 0.001653 -0.123273
s off
g group2 group1 M_Rope:pCube331
usemtl M_Rope:lambert6SG
f 1709/2427/5193 1710/2428/5194 1706/2429/5195 1705/2430/5196
f 1707/2431/5197 1708/2432/5198 1711/2433/5199 1712/2434/5200
f 1710/2428/5201 1711/2433/5202 1708/2432/5203 1706/2429/5204
f 1712/2435/5205 1709/2427/5206 1705/2430/5207 1707/2436/5208
