# This file uses centimeters as units for non-parametric coordinates.

mtllib M_WallPart1.mtl
g default
v -3.727023 -7.250566 5.688971
v -3.727023 -7.481338 6.090735
v -3.963659 -7.244729 6.087267
v -0.562787 -7.248194 5.850836
v -0.799423 -7.484803 5.854304
v -0.799423 -7.251654 5.614741
v -3.963659 -7.185557 10.124674
v -3.727023 -7.422167 10.128142
v -3.727023 -7.182097 10.360766
v -0.799423 -7.182097 10.360766
v -0.799423 -7.427333 9.775599
v -0.562787 -7.190724 9.772131
v -3.963659 -4.266349 9.530554
v -3.583099 -4.277609 10.177561
v -3.727023 -4.029739 9.527087
v -0.799423 -4.023355 9.962725
v -0.799423 -4.254810 10.317866
v -0.562787 -4.259965 9.966193
v -3.963659 -4.320907 5.807932
v -3.727023 -4.084298 5.804465
v -3.727023 -4.324368 5.571841
v -0.799423 -4.322355 5.709162
v -0.799423 -4.080688 6.050799
v -0.562787 -4.317297 6.054266
v -3.963659 -5.065284 5.818842
v -3.963659 -5.006242 9.847410
v -3.727023 -4.999187 10.328776
v -0.799423 -4.999187 10.328776
v -0.562787 -5.002647 10.092680
v -0.562787 -5.065284 5.818842
v -0.799423 -5.068744 5.582751
v -3.727023 -5.068744 5.582751
v -3.687724 -7.404669 8.636126
v -0.902315 -7.404669 8.636126
v -0.562787 -7.132738 8.632143
v -0.562787 -5.041155 8.601488
v -0.614886 -4.308203 8.590746
v -0.799423 -4.082876 8.587443
v -3.628320 -4.082876 8.587443
v -3.963659 -4.377699 8.591765
v -3.963659 -5.041155 8.601488
v -3.963659 -7.122606 8.631995
v -2.326114 -7.198828 5.613966
v -2.326114 -5.094704 5.583128
v -2.326114 -4.377194 5.572615
v -2.326114 -4.145664 5.805365
v -2.326114 -4.142821 8.588320
v -2.326114 -4.084036 10.010302
v -2.326114 -4.308646 10.249739
v -2.326114 -5.026157 10.260256
v -2.326114 -7.130281 10.291094
v -2.326114 -7.361811 10.058340
v -2.326114 -7.344723 8.635248
v -2.326114 -7.423438 5.853403
v -2.626515 -4.594911 -13.822954
v -2.860585 -4.581621 -13.423322
v -2.615646 -4.353633 -13.427561
v -2.738675 -7.754929 -13.622205
v -2.966694 -7.509985 -13.623785
v -2.731642 -7.521315 -13.861212
v -2.591237 -4.304856 -9.390089
v -2.836178 -4.532844 -9.385854
v -2.598272 -4.538470 -9.151083
v -2.702950 -7.463977 -9.115106
v -2.942988 -7.462611 -9.702425
v -2.714970 -7.707555 -9.700845
v 0.331105 -4.416403 -9.957731
v 0.300682 -4.788134 -9.306230
v 0.559124 -4.661347 -9.956152
v 0.457078 -7.581591 -9.484533
v 0.222725 -7.568864 -9.131529
v 0.212138 -7.809579 -9.480299
v 0.308600 -4.461376 -13.680418
v 0.536618 -4.706320 -13.678835
v 0.298712 -4.700695 -13.913606
v 0.194863 -7.624543 -13.740305
v 0.433429 -7.628852 -13.396524
v 0.188489 -7.856839 -13.392290
v -0.435367 -4.434705 -13.676241
v -0.411012 -4.386035 -9.647608
v -0.416563 -4.616685 -9.163328
v -0.521242 -7.542192 -9.127351
v -0.531130 -7.781511 -9.360540
v -0.556968 -7.833144 -13.634451
v -0.549934 -7.599530 -13.873453
v -0.445256 -4.674023 -13.909429
v -2.807265 -4.591544 -10.877054
v -2.906860 -7.374961 -10.842825
v -2.647219 -7.723990 -10.840177
v -0.556787 -7.798933 -10.851907
v 0.177624 -7.773134 -10.856661
v 0.409425 -7.596802 -10.860193
v 0.510575 -4.769928 -10.894956
v 0.227904 -4.424265 -10.897421
v -0.435186 -4.400494 -10.893701
v -2.515492 -4.325914 -10.882024
v -2.624257 -5.997609 -13.880266
v -0.521291 -6.073001 -13.892069
v 0.195824 -6.098710 -13.896093
v 0.425196 -6.104029 -13.661276
v 0.404102 -6.069055 -10.878618
v 0.450617 -6.053229 -9.456270
v 0.224100 -6.042204 -9.218893
v -0.493016 -6.016495 -9.214868
v -2.595982 -5.941103 -9.203066
v -2.825353 -5.935784 -9.437883
v -2.796038 -5.954329 -10.860658
v -2.850774 -5.986584 -13.642889
v 0.326919 -7.240957 10.518782
v 0.323378 -6.961429 10.282175
v 0.563528 -6.961429 10.515242
v -2.836962 -7.127360 10.566134
v -2.603894 -7.127360 10.325983
v -2.600353 -7.293053 10.562594
v 0.563528 -4.127936 10.515242
v 0.323378 -4.127936 10.282175
v 0.326919 -3.962243 10.518782
v -2.600353 -3.962243 10.562594
v -2.603894 -4.375354 10.325983
v -2.836962 -4.375354 10.566134
v 0.607336 -4.514785 13.442515
v 0.226509 -4.060924 13.427473
v 0.374268 -4.514785 13.682665
v -2.553005 -4.209051 13.726473
v -2.556545 -3.962243 13.489867
v -2.793154 -4.209051 13.493407
v 0.607336 -7.127360 13.442515
v 0.374268 -7.127360 13.682665
v 0.370727 -7.293053 13.446055
v -2.556545 -7.196679 13.489867
v -2.553005 -6.954482 13.726473
v -2.793154 -6.954482 13.493407
v 0.596196 -7.127360 12.698141
v 0.596196 -4.300068 12.698141
v 0.359587 -3.962243 12.701685
v -2.567685 -3.962243 12.745493
v -2.804294 -4.127936 12.749033
v -2.804294 -7.127360 12.749033
v -2.567685 -7.293053 12.745493
v 0.359587 -7.293053 12.701681
v 0.284672 -5.174642 10.322119
v -2.500425 -5.174642 10.363798
v -2.835844 -5.174642 10.640810
v -2.804543 -5.174642 12.732382
v -2.741482 -5.174642 13.464552
v -2.553594 -5.174642 13.687117
v 0.274987 -5.174642 13.644785
v 0.605876 -5.174642 13.344946
v 0.595947 -5.174642 12.681494
v 0.564797 -5.174642 10.600050
v -1.073043 -7.293053 10.592573
v -1.041554 -7.293053 12.696688
v -1.030816 -7.293053 13.414194
v -1.027403 -7.127360 13.642264
v -1.027971 -5.174642 13.604327
v -1.027403 -4.176291 13.642264
v -1.030816 -4.010598 13.414194
v -1.041554 -4.010598 12.696688
v -1.073043 -4.010598 10.592573
v -1.076456 -4.176291 10.364504
v -1.075889 -5.174642 10.402437
v -1.076456 -7.127360 10.364504
v -2.504565 -3.768058 15.585650
v -2.797138 -3.869396 15.250403
v -2.550018 -4.095058 15.251238
v -2.704203 -0.698364 15.061751
v -2.929866 -0.945482 15.062670
v -2.693475 -0.933176 15.487837
v -2.550018 -4.115920 9.631430
v -2.797138 -3.890177 9.652586
v -2.479862 -3.778677 8.906977
v -2.627710 -1.055480 8.943884
v -2.929866 -0.966321 9.449320
v -2.704203 -0.719202 9.448405
v 0.374573 -3.984861 9.181334
v 0.363845 -3.749487 8.906866
v 0.600236 -3.737743 9.180414
v 0.467507 -0.813474 9.088499
v 0.231116 -0.824917 8.896010
v 0.220387 -0.587812 9.087664
v 0.374573 -3.963041 15.059199
v 0.600236 -3.715525 15.165530
v 0.363845 -3.724921 15.524561
v 0.231116 -0.800497 15.474264
v 0.467507 -0.791666 14.963084
v 0.220387 -0.566004 14.962244
v -1.946584 -4.067141 15.394228
v -1.946584 -4.090173 9.189760
v -1.958040 -3.838791 8.907198
v -2.090040 -0.930259 8.896403
v -2.100769 -0.692752 9.196383
v -2.100769 -0.670249 15.258257
v -2.090040 -0.905466 15.575022
v -1.957313 -3.830036 15.585879
v -2.797138 -3.888620 10.071986
v -2.929866 -0.965282 9.729128
v -2.704203 -0.718164 9.728213
v -2.100769 -0.690778 9.728110
v 0.220387 -0.585436 9.727717
v 0.467507 -0.811098 9.728556
v 0.600236 -3.735668 9.739413
v 0.374573 -3.982787 9.740332
v -1.946584 -4.088128 9.740721
v -2.550018 -4.114281 10.072825
v -2.608788 -2.798862 15.582052
v -2.005354 -2.771476 15.581949
v 0.315802 -2.666135 15.581560
v 0.552194 -2.656121 15.388991
v 0.552194 -2.677108 9.735483
v 0.552194 -2.678482 9.365546
v 0.315802 -2.690703 8.963530
v -2.005819 -2.785811 8.963885
v -2.557180 -2.757368 8.963778
v -2.845180 -2.833550 9.128004
v -2.845180 -2.831292 9.736056
v -2.845180 -2.810305 15.389563
v -0.196114 -3.750107 15.585581
v -0.244155 -2.691548 15.581652
v -0.328842 -0.825537 15.574724
v -0.339570 -0.590288 15.266409
v -0.339570 -0.610849 9.727812
v -0.339570 -0.613128 9.113890
v -0.328842 -0.850330 8.896105
v -0.244268 -2.713647 8.963618
v -0.196289 -3.771031 8.906946
v -0.185386 -4.010267 9.183363
v -0.185386 -4.008199 9.740423
v -0.325304 -3.993602 15.383120
v -2.716890 -3.804575 12.325320
v -2.762570 -2.798496 12.203078
v -2.838873 -1.117202 12.196837
v -2.591325 -0.787564 12.195612
v -2.054755 -0.763213 12.195521
v -0.380141 -0.687214 12.195238
v 0.114691 -0.664756 12.195158
v 0.391550 -0.972148 12.196299
v 0.467783 -2.651157 12.400500
v 0.513463 -3.656945 12.601164
v 0.212487 -3.896001 12.557543
v -0.291605 -3.919461 12.400709
v -1.908151 -3.993543 12.207514
v -2.481919 -4.019143 12.326117
v -2.541890 -4.417354 -2.575781
v -2.628616 -4.121792 -2.912500
v -2.865251 -4.358425 -2.911623
v 0.535620 -4.359082 -3.088499
v 0.298985 -4.122448 -3.089376
v 0.298985 -4.357503 -2.663290
v -2.865251 -4.379287 -8.531431
v -2.628616 -4.142572 -8.510313
v -2.528851 -4.467466 -9.254308
v 0.198094 -4.443050 -9.207380
v 0.298985 -4.143286 -8.702726
v 0.535620 -4.379920 -8.701849
v -2.865251 -7.308537 -8.970167
v -2.628616 -7.309552 -9.243757
v -2.628616 -7.545170 -8.969290
v 0.298985 -7.545471 -9.050348
v 0.298985 -7.309552 -9.243757
v 0.535620 -7.308838 -9.051225
v -2.865251 -7.286717 -3.092302
v -2.628616 -7.522952 -2.984174
v -2.628616 -7.284986 -2.626062
v 0.298985 -7.285132 -2.665502
v 0.298985 -7.523663 -3.175768
v 0.535620 -7.287030 -3.176645
v -2.865251 -4.961945 -2.766290
v -2.865251 -4.984977 -8.970758
v -2.612561 -4.986023 -9.252382
v 0.298985 -4.986023 -9.252382
v 0.535620 -4.984906 -8.951521
v 0.535620 -4.962402 -2.889650
v 0.298985 -4.961230 -2.573759
v -2.628616 -4.961230 -2.573759
v -2.628616 -4.141015 -8.090917
v 0.298985 -4.142248 -8.422918
v 0.535620 -4.378881 -8.422037
v 0.535620 -4.982932 -8.419798
v 0.535620 -7.306462 -8.411169
v 0.298985 -7.543095 -8.410291
v -2.628616 -7.543095 -8.410291
v -2.865251 -7.306462 -8.411169
v -2.865251 -4.982932 -8.419798
v -2.865251 -4.377648 -8.090040
v -1.568959 -4.357179 -2.576002
v -1.568959 -4.961230 -2.573759
v -1.568959 -7.284760 -2.565134
v -1.568959 -7.522108 -2.756788
v -1.568959 -7.543095 -8.410291
v -1.568959 -7.544468 -8.780229
v -1.568959 -7.309328 -9.183164
v -1.558715 -4.985798 -9.191789
v -1.505305 -4.436296 -9.193826
v -1.568959 -4.144505 -9.030966
v -1.568959 -4.142248 -8.422918
v -1.568959 -4.121261 -2.769411
v -2.628616 -6.724229 -2.567217
v -1.568959 -6.724229 -2.567217
v 0.298985 -6.724229 -2.567217
v 0.535620 -6.725370 -2.874655
v 0.535620 -6.745931 -8.413252
v 0.535620 -6.748210 -9.027174
v 0.298985 -6.749022 -9.245836
v -1.566488 -6.748797 -9.185243
v -2.624743 -6.749022 -9.245836
v -2.865251 -6.747999 -8.970312
v -2.865251 -6.745931 -8.413252
v -2.865251 -6.584923 -2.771101
v -2.556652 -4.216245 -5.836992
v -1.549091 -4.216685 -5.955496
v 0.133945 -4.216685 -5.955496
v 0.452023 -4.478922 -5.954523
v 0.452023 -5.016039 -5.952528
v 0.452023 -6.692367 -5.946306
v 0.452023 -7.187704 -5.944467
v 0.132394 -7.450341 -5.943495
v -1.549091 -7.449606 -5.745527
v -2.556652 -7.448874 -5.548597
v -2.781654 -7.137545 -5.594263
v -2.781654 -6.633520 -5.753053
v -2.781654 -5.016039 -5.952528
v -2.781654 -4.441245 -5.836157
v -2.492158 -4.347231 6.033274
v -2.792404 -4.011609 5.959315
v -2.566102 -4.011609 5.712778
v -2.420718 -3.834732 9.110541
v -2.667253 -3.834732 8.884238
v -2.430835 -4.259944 8.874125
v -2.566102 1.608239 5.712778
v -2.792404 1.586243 5.959315
v -2.466304 2.331437 6.045218
v -2.373950 2.284419 8.770705
v -2.667253 1.778655 8.884238
v -2.420718 1.778655 9.110541
v 0.358823 2.057846 5.587630
v 0.368939 2.331437 5.824045
v 0.605357 2.057846 5.813933
v 0.730509 2.138905 8.738856
v 0.494090 2.331437 8.748972
v 0.504206 2.138905 8.985392
v 0.358823 -3.820061 5.587630
v 0.605357 -3.927311 5.813933
v 0.368939 -4.286302 5.824045
v 0.494090 -4.246865 8.748972
v 0.730509 -3.735717 8.738856
v 0.504206 -3.735717 8.985392
v -1.962599 -4.154700 5.686957
v -1.962599 2.049811 5.686957
v -1.951797 2.331437 5.939417
v -1.827332 2.331437 8.848299
v -1.817216 2.030574 9.084719
v -1.817216 -4.031341 9.084719
v -1.827332 -4.347231 8.848299
v -1.952483 -4.347231 5.923376
v -2.792404 1.166842 5.959315
v -2.667253 1.498845 8.884238
v -2.420718 1.498845 9.110541
v -1.817216 1.498845 9.084719
v 0.504206 1.498845 8.985392
v 0.730509 1.498845 8.738856
v 0.605357 1.498845 5.813933
v 0.358823 1.498845 5.587630
v -1.962599 1.498845 5.686957
v -2.566102 1.166842 5.712778
v -2.510687 -4.347231 7.007887
v -1.907184 -4.347231 6.982065
v 0.414238 -4.347231 6.882735
v 0.650656 -4.154700 6.872618
v 0.650656 1.498845 6.872618
v 0.650656 1.868784 6.872618
v 0.414238 2.270843 6.882735
v -1.906746 2.270843 6.992296
v -2.453466 2.270843 7.069151
v -2.747106 2.106900 7.018004
v -2.747106 1.498845 7.018004
v -2.747106 -4.154700 7.018004
v -0.191083 -4.347231 5.848009
v -0.145785 -4.347231 6.906698
v -0.065933 -4.347231 8.772932
v -0.055816 -4.039791 9.009352
v -0.055816 1.498845 9.009352
v -0.055816 2.112771 9.009352
v -0.065933 2.331437 8.772932
v -0.145679 2.270843 6.909167
v -0.190918 2.331437 5.851877
v -0.201200 2.055909 5.611590
v -0.201200 1.498845 5.611590
v -0.341133 -4.143864 5.617579
v -2.705808 -1.086789 6.027640
v -2.662736 -0.968282 7.034277
v -2.590788 -0.968282 8.715777
v -2.315192 -0.968282 9.022352
v -1.778562 -0.968282 8.999392
v -0.103755 -0.968282 8.927729
v 0.391132 -0.968282 8.906557
v 0.639867 -0.968282 8.575991
v 0.567985 -1.166250 6.896044
v 0.524914 -1.363180 5.889403
v 0.204082 -1.318669 5.677923
v -0.300067 -1.161753 5.699496
v -1.916797 -0.968282 5.768671
v -2.490630 -1.086789 5.793223
v -3.411653 -1.075200 -2.282015
v -3.648193 -1.076091 -1.883619
v -3.418383 -0.832848 -1.887186
v -3.321661 -4.235443 -2.073801
v -3.564930 -4.005659 -2.077169
v -3.328391 -4.002390 -2.313360
v -3.418383 -0.773677 2.150221
v -3.648193 -1.016920 2.153784
v -3.411653 -1.006731 2.389780
v -3.328391 -3.932833 2.432665
v -3.564930 -3.948189 1.844126
v -3.321661 -4.177973 1.847494
v -0.491966 -0.698502 1.597784
v -0.501874 -1.069979 2.250067
v -0.248698 -0.928287 1.601153
v -0.165435 -3.848004 2.079676
v -0.401975 -3.849580 2.431444
v -0.395245 -4.091248 2.083239
v -0.491966 -0.753061 -2.124838
v -0.248698 -0.982845 -2.121469
v -0.485236 -0.993035 -2.357465
v -0.401975 -3.917124 -2.177259
v -0.165435 -3.905337 -1.832254
v -0.395245 -4.148580 -1.828687
v -1.236121 -0.774231 -2.124529
v -1.236122 -0.715189 1.904040
v -1.229392 -0.944648 2.388869
v -1.146131 -3.870750 2.431753
v -1.139400 -4.110724 2.199129
v -1.139401 -4.173361 -2.074712
v -1.146130 -3.940307 -2.314272
v -1.229392 -1.014205 -2.357156
v -3.607730 -1.076938 0.662909
v -3.528512 -3.860921 0.703711
v -3.247007 -4.192541 0.708571
v -1.156044 -4.133056 0.707697
v -0.424793 -4.060139 0.706629
v -0.204780 -3.869288 0.703833
v -0.285235 -1.041839 0.662394
v -0.589507 -0.715057 0.657603
v -1.252766 -0.733926 0.657881
v -3.333598 -0.793123 0.658747
v -3.319000 -2.474978 -2.335745
v -1.215502 -2.415136 -2.336622
v -0.498204 -2.394730 -2.336923
v -0.270203 -2.384783 -2.100923
v -0.308128 -2.345083 0.681494
v -0.270203 -2.323156 2.104014
v -0.498204 -2.326182 2.340205
v -1.215502 -2.346588 2.340502
v -3.319000 -2.406430 2.341379
v -3.547002 -2.416377 2.105379
v -3.509078 -2.436146 0.682829
v -3.547002 -2.478004 -2.099558
v 0.417516 3.823411 6.855940
v 0.653878 4.102940 6.844588
v 0.428866 4.102940 7.092303
v 0.265738 3.937008 3.695345
v 0.513451 3.937008 3.920359
v 0.277089 3.771316 3.931708
v 0.428866 6.936432 7.092303
v 0.653878 6.936432 6.844588
v 0.417516 7.102125 6.855940
v 0.277089 7.102125 3.931708
v 0.513451 6.689014 3.920359
v 0.265738 6.689014 3.695345
v -2.495364 6.549583 7.232729
v -2.492903 7.003445 6.851614
v -2.743078 6.549583 7.007715
v -2.883504 6.855317 4.083487
v -2.647142 7.102125 4.072134
v -2.658492 6.855317 3.835772
v -2.495364 3.937008 7.232729
v -2.743078 3.937008 7.007715
v -2.506715 3.771316 6.996367
v -2.647142 3.867689 4.072134
v -2.883504 4.109887 4.083487
v -2.658492 4.109887 3.835772
v -1.751765 3.937008 7.197020
v -1.751765 6.764300 7.197020
v -1.763115 7.102125 6.960657
v -1.903542 7.102125 4.036425
v -1.914892 6.936432 3.800062
v -1.914892 3.937008 3.800062
v -1.903543 3.771316 4.036425
v -1.763115 3.771316 6.960657
v 0.612678 5.889726 6.807223
v 0.479071 5.889726 4.025019
v 0.191139 5.889726 3.698927
v -1.898261 5.889726 3.799265
v -2.627948 5.889726 3.886465
v -2.844189 5.889726 4.081599
v -2.708497 5.889726 6.907240
v -2.397896 5.889726 7.228049
v -1.735133 5.889726 7.196223
v 0.344146 5.889726 7.096369
v 0.297548 3.771316 5.459177
v -1.804380 3.771316 5.560114
v -2.521141 3.771316 5.594534
v -2.748973 3.937008 5.605475
v -2.711076 5.889726 5.603655
v -2.748973 6.888078 5.605475
v -2.521141 7.053770 5.594534
v -1.804380 7.053770 5.560114
v 0.297548 7.053770 5.459177
v 0.525380 6.888078 5.448237
v 0.487484 5.889726 5.450056
v 0.525380 3.937008 5.448237
v 0.222701 3.779167 2.338640
v 0.215136 4.040965 2.172011
v 0.459093 4.040965 2.327910
v -2.938279 3.893246 2.482130
v -2.709452 3.893246 2.304770
v -2.701888 3.711484 2.471400
v 0.459093 6.860530 2.327910
v 0.215136 6.860530 2.172011
v 0.222701 7.042293 2.338640
v -2.701888 6.963963 2.471400
v -2.709452 6.743878 2.304770
v -2.935496 6.743878 2.543467
v 0.516257 6.639277 3.587183
v 0.280823 6.982552 3.619013
v 0.288387 6.639277 3.785643
v -2.636201 6.860530 3.918402
v -2.643766 7.042293 3.751772
v -2.880158 6.860530 3.762503
v 0.517215 3.893246 3.608282
v 0.288387 3.893246 3.785643
v 0.280823 3.711484 3.619013
v -2.643766 3.711484 3.751772
v -2.636201 3.893246 3.918402
v -2.880158 3.893246 3.762503
v 0.216344 5.953266 2.198603
v -2.631468 5.953266 2.327875
v -2.937322 5.953266 2.503229
v -2.866805 5.953266 3.788588
v -2.637408 5.953266 3.891810
v 0.287181 5.953266 3.759051
v 0.514105 5.953266 3.539778
v 0.424429 5.953266 2.324633
v 0.491591 4.003574 3.043810
v 0.491478 5.953266 3.041315
v 0.502651 6.860530 3.287447
v 0.266259 7.042293 3.298178
v -2.682791 7.042293 2.892088
v -2.919183 6.860530 2.902819
v -2.905895 5.953266 3.195540
v -2.905781 3.992596 3.198035
v -2.669390 3.752790 3.187304
v 0.255199 3.745096 3.054541
v -2.920787 -7.088393 2.532839
v -3.161879 -6.693036 2.548243
v -2.936548 -6.687623 2.300879
v -2.775218 -6.959744 5.695250
v -3.022610 -6.960190 5.469885
v -2.783445 -7.193349 5.456274
v -2.984502 -2.650317 2.345537
v -3.209833 -2.655729 2.592901
v -2.976277 -2.416712 2.584517
v -2.839816 -2.447439 5.508772
v -3.069185 -3.038990 5.513262
v -2.821794 -3.038544 5.738627
v -0.053743 -3.165280 2.203364
v -0.064401 -2.522846 2.591608
v 0.193648 -3.164835 2.428728
v 0.324934 -2.759935 5.357806
v 0.084396 -2.411200 5.372694
v 0.099603 -2.765347 5.605170
v -0.009527 -6.887812 2.162188
v 0.237864 -6.887367 2.387553
v 0.004308 -7.126383 2.395941
v 0.139136 -7.019792 5.321718
v 0.371399 -6.671767 5.314535
v 0.146067 -6.677180 5.561899
v -0.753122 -6.897028 2.196791
v -0.800972 -2.868556 2.241350
v -0.795659 -2.389689 2.483042
v -0.659199 -2.420416 5.407297
v -0.645364 -2.658987 5.641051
v -0.594602 -6.932721 5.593775
v -0.602827 -7.166325 5.354800
v -0.739288 -7.135599 2.430544
v -3.150972 -4.147055 2.613829
v -3.021138 -4.176289 5.396059
v -2.733669 -4.176486 5.722559
v -0.644282 -4.150593 5.625326
v 0.085472 -4.140973 5.539217
v 0.301961 -4.136247 5.344416
v 0.170101 -4.106556 2.518751
v -0.140043 -4.106687 2.197500
v -0.802802 -4.114900 2.228342
v -2.882067 -4.140668 2.325098
v -2.801835 -7.176671 3.928873
v -0.699922 -7.150623 3.831061
v 0.016835 -7.141741 3.797705
v 0.241861 -6.902830 3.789717
v 0.170917 -4.120966 3.822256
v 0.191916 -2.697993 3.836226
v -0.038718 -2.464729 3.849440
v -0.755475 -2.473611 3.882796
v -2.857389 -2.499659 3.980608
v -3.082415 -2.738571 3.988596
v -3.027622 -4.160604 3.971098
v -3.032470 -6.943407 3.942087
v -2.755868 2.411269 5.851153
v -2.746814 2.255585 6.112604
v -2.980348 2.415204 6.123415
v 0.409765 2.353845 5.821570
v 0.170594 2.202792 5.832228
v 0.165169 2.358369 5.650728
v -2.852486 2.411469 8.940081
v -2.618952 2.251849 8.929266
v -2.607891 2.406945 9.110918
v 0.312663 2.354060 8.899859
v 0.299865 2.199015 8.679922
v 0.540073 2.407247 8.669295
v -2.841220 3.585688 8.719641
v -2.588944 3.600619 9.051840
v -2.601691 3.756410 8.708994
v 0.332448 3.703128 8.797213
v 0.337872 3.547551 8.978709
v 0.565983 3.543509 8.786398
v -2.965390 3.608995 5.976450
v -2.726219 3.760048 5.965792
v -2.737280 3.604953 5.784140
v 0.186826 3.551964 5.651331
v 0.197887 3.707060 5.832983
v 0.431421 3.547440 5.822169
v -2.659645 2.277840 8.022948
v 0.187697 2.226241 7.893626
v 0.503540 2.370785 7.879481
v 0.513149 3.569760 7.880633
v 0.290855 3.679542 7.890871
v -2.633251 3.732531 8.023680
v -2.873131 3.542405 8.034315
v -2.859272 2.407536 8.032183
v -2.969935 3.082636 6.086397
v -2.881562 3.077727 8.034083
v -2.836256 3.305975 8.940527
v -2.591661 3.301452 9.111368
v 0.323332 2.746132 8.978308
v 0.551441 2.742090 8.785998
v 0.515250 3.016172 7.879805
v 0.426379 3.021096 5.921152
v 0.179152 3.025696 5.692328
v -2.745303 3.078696 5.817454
v 0.136586 -4.172187 2.108759
v 0.131301 -4.453314 2.343436
v 0.373203 -4.451709 2.112192
v -3.026831 -4.285781 2.036757
v -2.795583 -4.287386 2.278654
v -2.790282 -4.120093 2.043207
v 0.373636 -7.285136 2.092982
v 0.131734 -7.286741 2.324225
v 0.137086 -7.450825 2.086531
v -2.789772 -7.450825 2.020624
v -2.795162 -7.039329 2.259997
v -3.026410 -7.037724 2.018099
v 0.439481 -6.878443 -0.831186
v 0.058621 -7.332434 -0.822099
v 0.208234 -6.876838 -1.073084
v -2.718579 -7.182566 -1.141062
v -2.723868 -7.430972 -0.906168
v -2.960481 -7.184170 -0.909822
v 0.439083 -4.265928 -0.813474
v 0.207835 -4.264323 -1.055372
v 0.202482 -4.100239 -0.817678
v -2.724362 -4.196610 -0.884237
v -2.718997 -4.437197 -1.122450
v -2.960900 -4.438802 -0.891206
v 0.422324 -4.270976 -0.069223
v 0.422755 -7.098203 -0.088392
v 0.186232 -7.436020 -0.096010
v -2.740627 -7.436020 -0.161916
v -2.977227 -7.270331 -0.166120
v -2.977685 -4.270976 -0.145784
v -2.741135 -4.105287 -0.139333
v 0.185723 -4.105287 -0.073427
v 0.093171 -6.239792 2.291086
v -2.691532 -6.239792 2.228380
v -3.024851 -6.237948 1.948855
v -2.977762 -6.223762 -0.142378
v -2.909175 -6.218791 -0.874033
v -2.719612 -6.217263 -1.095167
v 0.108568 -6.217263 -1.031484
v 0.437184 -6.219263 -0.729158
v 0.422247 -6.223762 -0.065817
v 0.375385 -6.237879 2.015284
v -1.262788 -4.119734 2.024760
v -1.215415 -4.105464 -0.079008
v -1.199262 -4.100597 -0.796400
v -1.194102 -4.264739 -1.025552
v -1.194658 -6.217669 -1.000864
v -1.193651 -7.215741 -1.045561
v -1.198760 -7.382977 -0.818655
v -1.214915 -7.387843 -0.101263
v -1.262286 -7.402114 2.002505
v -1.267447 -7.237972 2.231657
v -1.266745 -6.239386 2.200499
v -1.267897 -4.286970 2.251665
v 0.222701 -7.397748 -2.572260
v 0.215136 -7.135949 -2.738889
v 0.459093 -7.135949 -2.582990
v -2.938279 -7.283668 -2.428770
v -2.709452 -7.283668 -2.606130
v -2.701888 -7.465431 -2.439501
v 0.459093 -4.316384 -2.582990
v 0.215136 -4.316384 -2.738889
v 0.222701 -4.134621 -2.572260
v -2.701888 -4.212952 -2.439501
v -2.709452 -4.433037 -2.606130
v -2.935496 -4.433037 -2.367433
v 0.516257 -4.537638 -1.323721
v 0.280823 -4.194363 -1.291887
v 0.288387 -4.537638 -1.125257
v -2.636201 -4.316384 -0.992498
v -2.643766 -4.134621 -1.159128
v -2.880158 -4.316384 -1.148397
v 0.517215 -7.283668 -1.302618
v 0.288387 -7.283668 -1.125257
v 0.280823 -7.465431 -1.291887
v -2.643766 -7.465431 -1.159128
v -2.636201 -7.283668 -0.992498
v -2.880158 -7.283668 -1.148397
v 0.216344 -5.223649 -2.712297
v -2.631468 -5.223649 -2.583025
v -2.937322 -5.223649 -2.407667
v -2.866805 -5.223649 -1.122312
v -2.637408 -5.223649 -1.019090
v 0.287181 -5.223649 -1.151849
v 0.514105 -5.223649 -1.371122
v 0.424429 -5.223649 -2.586267
v 0.491591 -7.173341 -1.867090
v 0.491478 -5.223649 -1.869585
v 0.502651 -4.316384 -1.623453
v 0.266259 -4.134621 -1.612722
v -2.682791 -4.134621 -2.018812
v -2.919183 -4.316384 -2.008081
v -2.905895 -5.223649 -1.715360
v -2.905781 -7.184319 -1.712866
v -2.669390 -7.424124 -1.723596
v 0.255199 -7.431819 -1.856359
v 0.758797 -0.940992 12.033564
v 0.989693 -0.539774 12.014059
v 0.767136 -0.539111 12.263979
v 0.573949 -0.827557 8.872622
v 0.823830 -0.820980 9.095125
v 0.590766 -1.060010 9.112269
v 0.713184 3.497939 12.205221
v 0.935741 3.497276 11.955302
v 0.696367 3.730392 11.965575
v 0.527344 3.685599 9.043200
v 0.771429 3.099971 9.038058
v 0.521548 3.093394 8.815554
v -2.201905 2.910183 12.382834
v -2.211816 3.551264 11.992342
v -2.451787 2.903606 12.160330
v -2.626632 3.294412 9.231615
v -2.395112 3.649010 9.212790
v -2.404075 3.293748 8.981695
v -2.152160 -0.812112 12.437010
v -2.402041 -0.818690 12.214506
v -2.162667 -1.051805 12.204233
v -2.333525 -0.959288 9.279860
v -2.574355 -0.617173 9.288546
v -2.351798 -0.617836 9.038626
v -1.409011 -0.802808 12.393885
v -1.462846 3.225408 12.335257
v -1.482941 3.703107 12.092039
v -1.651963 3.658314 9.169665
v -1.662471 3.418620 8.936888
v -1.605358 -0.854842 8.999087
v -1.588541 -1.087294 9.238734
v -1.419519 -1.042501 12.161108
v 0.914111 2.004877 11.940058
v 0.753297 1.962260 9.159624
v 0.462213 1.953666 8.836455
v -1.625919 1.927523 8.957629
v -2.354653 1.919159 9.052096
v -2.568955 1.919166 9.249357
v -2.405629 1.962448 12.073206
v -2.091933 1.971264 12.390864
v -1.429571 1.979556 12.352427
v 0.648445 2.005574 12.231840
v 0.626170 -1.037311 10.639296
v -1.474482 -1.063611 10.761194
v -2.190809 -1.072579 10.802763
v -2.421657 -0.839357 10.812540
v -2.420965 1.943274 10.769850
v -2.477848 3.365213 10.751345
v -2.253310 3.604136 10.734698
v -1.536984 3.613104 10.693129
v 0.563668 3.639404 10.571230
v 0.794516 3.406182 10.561453
v 0.775653 1.983295 10.584353
v 0.850708 -0.798388 10.622649
v 0.205000 -1.154772 -10.138773
v 0.200594 -0.913440 -9.743288
v 0.443940 -1.143164 -9.741983
v -2.956887 -1.243697 -9.956690
v -2.727169 -1.000380 -9.961019
v -2.721782 -1.239752 -10.194299
v 0.468348 -1.094388 -5.704511
v 0.225001 -0.864664 -5.705816
v 0.233243 -1.098332 -5.466905
v -2.693091 -1.182415 -5.448198
v -2.703463 -0.953006 -6.039659
v -2.933182 -1.196323 -6.035330
v 0.549317 -4.027226 -6.220896
v 0.172235 -4.009614 -5.572000
v 0.319599 -4.270542 -6.216570
v -2.604100 -4.349363 -5.762216
v -2.608789 -4.108594 -5.413355
v -2.847448 -4.119639 -5.763521
v 0.526812 -4.072200 -9.943578
v 0.297094 -4.315516 -9.939253
v 0.288852 -4.081848 -10.178163
v -2.636650 -4.164273 -10.022135
v -2.627751 -4.396624 -9.674207
v -2.871097 -4.166900 -9.675512
v 0.505376 -3.328105 -9.952440
v 0.529730 -3.279435 -5.923803
v 0.296107 -3.280416 -5.440923
v -2.630225 -3.364499 -5.422216
v -2.868186 -3.374148 -5.656801
v -2.894023 -3.425781 -9.930708
v -2.658918 -3.421837 -10.168318
v 0.267415 -3.337753 -10.187025
v 0.177836 -0.923152 -7.196558
v -2.606366 -1.003152 -7.178762
v -2.937916 -1.284731 -7.173357
v -2.877682 -3.375523 -7.148462
v -2.804498 -4.106701 -7.140070
v -2.613552 -4.326644 -7.138567
v 0.214121 -4.245395 -7.156641
v 0.540824 -3.941052 -7.162294
v 0.521717 -3.277847 -7.170191
v 0.461774 -1.197183 -7.194963
v -1.194231 -1.248711 -10.203424
v -1.133636 -3.352039 -10.178381
v -1.112973 -4.069278 -10.169840
v -1.104977 -4.294409 -9.931028
v -1.089248 -4.222873 -7.149034
v -1.079556 -4.243609 -5.726022
v -1.084697 -4.012773 -5.492639
v -1.105360 -3.295533 -5.501180
v -1.165956 -1.192205 -5.526224
v -1.173951 -0.967074 -5.765035
v -1.181459 -1.022182 -7.187147
v -1.199372 -1.017875 -9.970045
v -3.174571 3.929342 -0.821604
v -3.415663 4.324699 -0.806200
v -3.190332 4.330112 -1.053564
v -3.029002 4.057990 2.340807
v -3.276394 4.057545 2.115443
v -3.037229 3.824386 2.101832
v -3.238286 8.367418 -1.008901
v -3.463618 8.362006 -0.761541
v -3.230061 8.601022 -0.769926
v -3.093601 8.570297 2.154330
v -3.322970 7.978745 2.158819
v -3.075578 7.979190 2.384184
v -0.307527 7.852455 -1.151079
v -0.318185 8.494890 -0.762834
v -0.060136 7.852901 -0.925714
v 0.071150 8.257800 2.003363
v -0.169388 8.606534 2.018252
v -0.154181 8.252387 2.250727
v -0.263312 4.129922 -1.192255
v -0.015920 4.130369 -0.966890
v -0.249477 3.891351 -0.958502
v -0.114648 3.997943 1.967272
v 0.117615 4.345968 1.960093
v -0.107717 4.340555 2.207457
v -1.006906 4.120708 -1.157652
v -1.054756 8.149179 -1.113092
v -1.049443 8.628046 -0.871401
v -0.912983 8.597320 2.052855
v -0.899148 8.358749 2.286608
v -0.848386 4.085014 2.239332
v -0.856611 3.851410 2.000357
v -0.993072 3.882137 -0.923898
v -3.404756 6.870679 -0.740614
v -3.274923 6.841445 2.041617
v -2.987453 6.841249 2.368113
v -0.898066 6.867142 2.270884
v -0.168312 6.876762 2.184775
v 0.048177 6.881488 1.989973
v -0.083683 6.911179 -0.835691
v -0.393828 6.911048 -1.156942
v -1.056587 6.902835 -1.126100
v -3.135851 6.877067 -1.029344
v -3.055619 3.841064 0.574431
v -0.953706 3.867112 0.476618
v -0.236949 3.875994 0.443262
v -0.011923 4.114906 0.435274
v -0.082867 6.896770 0.467814
v -0.061868 8.319742 0.481783
v -0.292502 8.553007 0.494997
v -1.009259 8.544124 0.528353
v -3.111173 8.518075 0.626166
v -3.336199 8.279165 0.634157
v -3.281407 6.857131 0.616656
v -3.286254 4.074328 0.587645
v 0.233279 2.152715 -5.579965
v 0.228731 2.395118 -5.185137
v 0.469870 2.163100 -5.181738
v -2.930372 2.094282 -5.417211
v -2.698329 2.335395 -5.420747
v -2.693781 2.095369 -5.653372
v 0.469870 2.222271 -1.144331
v 0.228731 2.454290 -1.147733
v 0.233279 2.221184 -0.908170
v -2.693781 2.164926 -0.907346
v -2.698329 2.392865 -1.499449
v -2.930372 2.151752 -1.495916
v 0.526134 -0.712553 -1.652654
v 0.145246 -0.689654 -1.006147
v 0.294091 -0.953666 -1.649118
v -2.632969 -1.003540 -1.212660
v -2.637517 -0.761819 -0.864454
v -2.874109 -0.771521 -1.216058
v 0.526134 -0.767111 -5.375276
v 0.294091 -1.008224 -5.371744
v 0.289543 -0.775118 -5.611303
v -2.637517 -0.829364 -5.473158
v -2.632969 -1.060872 -5.124586
v -2.874109 -0.828854 -5.127985
v 0.511827 -0.022872 -5.386183
v 0.511827 0.036170 -1.357614
v 0.275236 0.038678 -0.876184
v -2.651824 -0.017581 -0.875360
v -2.888416 -0.025588 -1.111387
v -2.888416 -0.088225 -5.385225
v -2.651824 -0.087138 -5.621385
v 0.275236 -0.030879 -5.622209
v 0.190196 2.392328 -2.638582
v -2.594699 2.338802 -2.637796
v -2.928937 2.060398 -2.633718
v -2.888736 -0.030800 -2.603067
v -2.822560 -0.762615 -2.592344
v -2.633725 -0.984355 -2.589094
v 0.194649 -0.929993 -2.589891
v 0.524259 -0.628780 -2.594305
v 0.511507 0.034553 -2.604025
v 0.471500 2.115619 -2.634527
v -1.166357 2.071890 -5.653028
v -1.125914 -0.031845 -5.622194
v -1.112123 -0.749223 -5.611681
v -1.107740 -0.973790 -5.372247
v -1.108468 -0.895083 -2.590402
v -1.107740 -0.912163 -1.167307
v -1.112123 -0.680676 -0.934557
v -1.125914 0.036703 -0.945070
v -1.166357 2.140437 -0.975904
v -1.170740 2.365005 -1.215337
v -1.170012 2.306228 -2.637319
v -1.170740 2.303378 -5.420278
v -2.676727 5.372991 -1.230345
v -2.677352 5.634790 -1.063543
v -2.913360 5.634790 -1.231233
v 0.487487 5.487070 -1.218473
v 0.250228 5.487070 -1.052561
v 0.250853 5.305309 -1.219362
v -2.913360 8.454355 -1.231233
v -2.677352 8.454355 -1.063543
v -2.676727 8.636117 -1.230345
v 0.250853 8.557787 -1.219362
v 0.250228 8.337702 -1.052561
v 0.487717 8.337702 -1.279871
v -2.908631 8.233101 -2.491792
v -2.671918 8.576376 -2.512026
v -2.671293 8.233101 -2.678827
v 0.256287 8.454355 -2.667845
v 0.255662 8.636117 -2.501043
v 0.492295 8.454355 -2.500154
v -2.908551 5.487070 -2.512914
v -2.671293 5.487070 -2.678827
v -2.671918 5.305309 -2.512026
v 0.255662 5.305309 -2.501043
v 0.256287 5.487070 -2.667845
v 0.492295 5.487070 -2.500154
v -2.677252 7.547090 -1.090162
v 0.173472 7.547090 -1.079469
v 0.487566 7.547090 -1.239595
v 0.480240 7.547090 -2.526861
v 0.256187 7.547090 -2.641226
v -2.671393 7.547090 -2.652208
v -2.908809 7.547090 -2.444338
v -2.878898 7.547090 -1.226259
v -2.910671 5.597398 -1.947866
v -2.910681 7.547090 -1.945368
v -2.909757 8.454355 -2.191751
v -2.673124 8.636117 -2.190866
v 0.252434 8.636117 -1.640482
v 0.489067 8.454355 -1.639593
v 0.490165 7.547090 -1.932611
v 0.490175 5.586420 -1.935110
v 0.253542 5.346614 -1.935995
v -2.674038 5.338920 -1.946977
v -0.670051 5.471692 -4.201036
v -0.433408 5.192233 -4.206995
v -0.674070 5.193774 -4.439527
v -0.615718 5.336656 -1.038110
v -0.383180 5.338324 -1.278764
v -0.619806 5.503949 -1.273580
v -0.673637 2.360347 -4.458738
v -0.432975 2.358807 -4.226202
v -0.669550 2.193054 -4.223264
v -0.619296 2.173216 -1.296163
v -0.382759 2.586381 -1.297422
v -0.615299 2.584714 -1.056768
v -3.600866 2.746399 -4.405866
v -3.573528 2.289975 -4.028803
v -3.833404 2.744732 -4.165209
v -3.783104 2.419166 -1.240179
v -3.546466 2.172428 -1.245916
v -3.542442 2.417627 -1.007646
v -3.601264 5.358914 -4.388151
v -3.833802 5.357247 -4.147497
v -3.597228 5.522999 -4.150434
v -3.546960 5.406790 -1.223985
v -3.783523 5.164535 -1.221567
v -3.542861 5.162995 -0.989034
v -2.856918 5.359114 -4.400930
v -2.856486 2.531887 -4.420099
v -2.852372 2.192467 -4.185793
v -2.802119 2.172629 -1.258692
v -2.798083 2.336714 -1.020975
v -2.798540 5.336069 -1.000639
v -2.802628 5.503362 -1.236109
v -2.852881 5.523199 -4.163213
v -0.471815 3.405212 -4.179140
v -0.424003 3.386338 -1.394205
v -0.690094 3.383963 -1.050066
v -2.781595 3.383400 -1.014162
v -3.515411 3.383557 -1.053671
v -3.743897 3.384746 -1.234308
v -3.792455 3.403916 -4.062723
v -3.503400 3.406268 -4.403066
v -2.839971 3.406446 -4.414453
v -0.758603 3.407006 -4.450186
v -0.698836 5.514280 -2.799104
v -2.802875 5.513713 -2.762987
v -3.520357 5.513521 -2.750669
v -3.748392 5.347770 -2.747877
v -3.710160 3.395108 -2.761770
v -3.747942 2.396769 -2.767885
v -3.519856 2.231141 -2.772924
v -2.802374 2.231334 -2.785242
v -0.698334 2.231901 -2.821359
v -0.470299 2.397651 -2.824152
v -0.508386 3.395969 -2.816732
v -0.470749 5.348652 -2.804144
v 0.257225 5.165260 -4.253118
v 0.556624 5.242920 -4.588659
v 0.324800 5.484253 -4.591497
v 0.256839 2.082590 -4.737367
v 0.498187 2.314412 -4.738844
v 0.260453 2.323068 -4.314333
v 0.339961 5.432712 -10.211092
v 0.571725 5.191581 -10.186258
v 0.249664 5.091481 -10.931436
v 0.218897 2.365145 -10.859491
v 0.513329 2.262930 -10.351972
v 0.271981 2.031108 -10.350500
v -2.585824 5.487429 -10.669115
v -2.589848 5.248343 -10.940534
v -2.827173 5.255608 -10.667639
v -2.885869 2.327978 -10.722006
v -2.648763 2.321456 -10.913847
v -2.654044 2.086645 -10.719167
v -2.601680 5.541337 -4.791475
v -2.843318 5.310500 -4.682752
v -2.607700 5.309036 -4.323099
v -2.666509 2.381789 -4.335848
v -2.901716 2.381856 -4.847654
v -2.669892 2.140523 -4.844816
v -0.279516 5.497707 -4.450155
v -0.262779 5.440803 -10.654382
v -0.267104 5.185592 -10.933691
v -0.325696 2.274757 -10.907152
v -0.331270 2.040939 -10.604147
v -0.347622 2.096534 -4.542509
v -0.343713 2.336009 -4.228788
v -0.284798 5.262895 -4.255476
v 0.570594 5.195427 -9.766874
v 0.512574 2.265497 -10.072176
v 0.271226 2.033675 -10.070703
v -0.332704 2.045816 -10.072443
v -2.655771 2.092515 -10.079138
v -2.887595 2.333848 -10.081976
v -2.828680 5.260735 -10.108663
v -2.587332 5.492556 -10.110136
v -0.264265 5.445856 -10.103441
v 0.338770 5.436760 -9.769712
v 0.297808 4.191356 -4.244077
v -0.306122 4.203497 -4.245817
v -2.629189 4.250197 -4.252512
v -2.865256 4.253187 -4.445715
v -2.850004 4.201336 -10.099004
v -2.849007 4.197944 -10.468923
v -2.611336 4.189500 -10.870283
v -0.288475 4.132559 -10.863493
v 0.259842 4.068118 -10.861425
v 0.551805 4.127407 -10.697229
v 0.550165 4.132985 -10.089205
v 0.534914 4.184835 -4.435919
v -2.047446 5.298329 -4.260557
v -2.068770 4.238931 -4.250898
v -2.106361 2.371443 -4.233869
v -2.110294 2.132046 -4.539140
v -2.095352 2.081250 -10.077524
v -2.093696 2.075619 -10.691419
v -2.088344 2.310191 -10.912233
v -2.050967 4.175763 -10.868646
v -2.029507 5.233205 -10.938883
v -2.025410 5.476180 -10.665560
v -2.026913 5.481290 -10.108522
v -1.902101 5.530226 -4.465666
v 0.479487 5.145831 -7.512930
v 0.459531 4.137428 -7.622247
v 0.425661 2.454803 -7.606909
v 0.157076 2.142072 -7.604765
v -0.379936 2.152868 -7.606313
v -2.055928 2.186560 -7.611143
v -2.551167 2.196515 -7.612570
v -2.807319 2.521346 -7.616239
v -2.774015 4.204235 -7.433607
v -2.754270 5.213357 -7.245870
v -2.438189 5.431635 -7.291532
v -1.933258 5.420054 -7.446989
v -0.314861 5.385756 -7.635786
v 0.259060 5.375299 -7.515630
v -2.600466 1.962006 -5.552294
v -2.303390 1.967117 -5.338163
v -2.326968 2.204735 -5.572630
v -2.418875 -1.198931 -5.580480
v -2.405521 -0.963399 -5.343122
v -2.589136 -0.966004 -5.566122
v 0.497220 2.267121 -5.793421
v 0.520798 2.029502 -5.558954
v 0.667481 2.034193 -5.807775
v 0.730736 -0.892669 -5.825666
v 0.337448 -0.902807 -5.557565
v 0.324095 -1.138340 -5.794924
v -0.116821 2.271507 -8.681921
v 0.345391 1.900944 -8.698934
v -0.130174 2.035974 -8.919279
v 0.237812 -0.884157 -8.960993
v 0.502274 -0.879766 -8.744310
v 0.261390 -1.121775 -8.726526
v -2.720817 2.213985 -8.478342
v -2.734170 1.978452 -8.715700
v -2.880852 1.973761 -8.466879
v -2.721540 -0.950979 -8.492277
v -2.498605 -0.944604 -8.747061
v -2.475025 -1.182222 -8.512598
v -2.662721 2.210704 -7.736162
v 0.155286 2.272952 -7.956472
v 0.497115 2.043815 -7.984243
v 0.560370 -0.883047 -8.002134
v 0.400334 -1.123271 -7.990667
v -2.589240 -1.189309 -7.756944
v -2.759502 -0.956382 -7.742590
v -2.822757 1.970480 -7.724699
v -0.524693 1.967342 -5.516874
v -0.464510 -0.817365 -5.533895
v -0.478397 -1.155609 -5.807096
v -0.641635 -1.146390 -7.892507
v -0.699965 -1.091074 -8.622976
v -0.721538 -0.905590 -8.846510
v -0.782660 1.922593 -8.829221
v -0.766896 2.256548 -8.533220
v -0.715117 2.253623 -7.871725
v -0.552669 2.244449 -5.796415
v -2.626245 0.560535 -5.609464
v -2.790463 0.569809 -7.707376
v -2.846461 0.572972 -8.422769
v -2.699112 0.577626 -8.663076
v -0.749846 0.620452 -8.777410
v 0.242266 0.642600 -8.893030
v 0.425215 0.645243 -8.678545
v 0.481213 0.642080 -7.963152
v 0.645431 0.632806 -5.865240
v 0.498082 0.628152 -5.624933
v -0.499952 0.606338 -5.584963
v -2.443297 0.563178 -5.394979
v 0.214514 5.501982 -7.290701
v 0.451030 5.500314 -6.892294
v 0.207007 5.271328 -6.888941
v 0.314882 8.666658 -7.175184
v 0.543892 8.422662 -7.171610
v 0.307376 8.426708 -7.407812
v 0.207007 5.330500 -2.851534
v 0.451030 5.559486 -2.854891
v 0.214514 5.570451 -2.618906
v 0.307376 8.496265 -2.661787
v 0.543892 8.480132 -3.250314
v 0.314882 8.724128 -3.253889
v -2.719120 5.415274 -3.404112
v -2.686320 5.804422 -2.762975
v -2.948130 5.659270 -3.407686
v -2.855268 8.591468 -3.014929
v -2.618752 8.589116 -2.663149
v -2.611245 8.820453 -3.018285
v -2.719120 5.360715 -7.126734
v -2.948130 5.604711 -7.130308
v -2.711614 5.593746 -7.366293
v -2.618752 8.521572 -7.271852
v -2.855268 8.534135 -6.926859
v -2.611245 8.763120 -6.930216
v -1.975038 5.337104 -7.126386
v -1.975038 5.396146 -3.097818
v -1.967532 5.639692 -2.619920
v -1.874669 8.565505 -2.662801
v -1.867164 8.798536 -2.902361
v -1.867164 8.735898 -7.176199
v -1.874670 8.495948 -7.408827
v -1.967531 5.570135 -7.365946
v 0.412935 5.578151 -4.346922
v 0.501287 8.361860 -4.387720
v 0.240234 8.709805 -4.392820
v -1.850521 8.776149 -4.393789
v -2.584835 8.747331 -4.393369
v -2.815927 8.570054 -4.390772
v -2.905658 5.742885 -4.349336
v -2.621588 5.398400 -4.344286
v -1.958395 5.377355 -4.343977
v 0.122232 5.311332 -4.343012
v 0.206145 6.902624 -7.385477
v -1.897146 6.969365 -7.386453
v -2.614372 6.992125 -7.386785
v -2.842352 7.002819 -7.150800
v -2.804431 7.042394 -4.368379
v -2.842352 7.064447 -2.945860
v -2.614372 7.060672 -2.709661
v -1.897146 7.037913 -2.709329
v 0.206145 6.971172 -2.708349
v 0.434125 6.960477 -2.944338
v 0.396204 6.940832 -4.366892
v 0.434125 6.898850 -7.149275
v -2.711478 -0.971304 -5.467493
v -2.704078 -1.249220 -5.705904
v -2.947955 -1.250811 -5.476747
v 0.451246 -1.085082 -5.369894
v 0.222082 -1.083463 -5.613764
v 0.214700 -0.919379 -5.376127
v -2.947522 -4.084238 -5.495958
v -2.703645 -4.082647 -5.725115
v -2.710977 -4.249941 -5.489725
v 0.215209 -4.250112 -5.398710
v 0.222502 -3.835405 -5.632421
v 0.451667 -3.837024 -5.388551
v -3.038595 -3.717251 -2.567217
v -2.657506 -4.170984 -2.579191
v -2.809431 -3.718870 -2.323343
v 0.116801 -4.024768 -2.234403
v 0.124195 -4.269964 -2.472589
v 0.360677 -4.023177 -2.463560
v -3.038994 -1.104736 -2.549501
v -2.809831 -1.106355 -2.305631
v -2.802499 -0.939061 -2.541021
v 0.123701 -1.035603 -2.450662
v 0.116381 -1.279400 -2.215788
v 0.360259 -1.277809 -2.444948
v -3.015850 -1.099688 -3.293581
v -3.015419 -3.926915 -3.312750
v -2.778847 -4.264746 -3.307684
v 0.147339 -4.264916 -3.216669
v 0.383834 -4.099241 -3.208189
v 0.383376 -1.099886 -3.187853
v 0.146830 -0.934183 -3.194086
v -2.779355 -0.934013 -3.285101
v -2.665749 -3.036235 -5.677458
v 0.118314 -3.036397 -5.590860
v 0.449222 -3.038261 -5.308485
v 0.384192 -3.052446 -3.217737
v 0.309331 -3.057414 -2.486696
v 0.117877 -3.058931 -2.267194
v -2.709653 -3.058767 -2.355142
v -3.035663 -3.056748 -2.660272
v -3.015035 -3.052248 -3.323465
v -2.950320 -3.038132 -5.404085
v -1.312895 -0.919648 -5.370783
v -1.378315 -0.933919 -3.267500
v -1.400625 -0.938785 -2.550276
v -1.407690 -1.106020 -2.323419
v -1.406212 -3.058436 -2.374578
v -1.407239 -4.057022 -2.343427
v -1.400123 -4.221164 -2.572530
v -1.377815 -4.216298 -3.289755
v -1.312394 -4.202028 -5.393038
v -1.305329 -4.034792 -5.619894
v -1.306660 -3.036721 -5.575205
v -1.305779 -1.083790 -5.599886
v -0.267783 6.881189 7.100039
v -0.265276 7.124090 7.494578
v -0.016721 6.900077 7.488985
v -3.419377 6.719781 7.382880
v -3.195646 6.968336 7.370360
v -3.192078 6.728131 7.137903
v 0.134516 6.967150 11.523432
v -0.114039 7.191162 11.529024
v -0.092783 6.958801 11.768408
v -3.014297 6.806976 11.880450
v -3.048759 7.033481 11.288782
v -3.272490 6.784925 11.301302
v 0.267426 4.034736 11.015463
v -0.089205 4.046453 11.675951
v 0.043695 3.786181 11.027983
v -2.861499 3.641592 11.575342
v -2.860738 3.883719 11.923292
v -3.110054 3.865605 11.580935
v 0.127981 3.972893 7.295569
v -0.095750 3.724337 7.308089
v -0.117006 3.956699 7.068705
v -3.033375 3.807155 7.317965
v -3.008036 3.576604 7.666281
v -3.256591 3.800617 7.671873
v 0.088933 4.716245 7.284674
v 0.239838 4.783171 11.310293
v 0.021727 4.778896 11.800356
v -2.899786 4.627071 11.912398
v -3.144774 4.610876 11.685534
v -3.304866 4.539876 7.414828
v -3.077567 4.548226 7.169852
v -0.156054 4.700051 7.057810
v -0.207059 7.125045 10.040762
v -2.986677 6.980594 10.147360
v -3.311234 6.691430 10.164336
v -3.201514 4.602726 10.194945
v -3.111076 3.873485 10.203680
v -2.915102 3.658038 10.199915
v -0.092087 3.804744 10.091650
v 0.227089 4.116553 10.074503
v 0.192285 4.779095 10.064795
v 0.083097 6.857681 10.034331
v -1.665790 6.754551 7.080248
v -1.555413 4.653324 7.111044
v -1.517774 3.936801 7.121546
v -1.496966 3.712967 7.360804
v -1.394730 3.797075 10.140612
v -1.339453 3.782823 11.562662
v -1.342573 4.014502 11.795244
v -1.380212 4.731024 11.784743
v -1.490590 6.832252 11.753947
v -1.511398 7.056085 11.514689
v -1.562695 6.994569 10.093748
v -1.668910 6.986229 7.312830
v -3.792169 0.816930 -0.904459
v -3.878894 0.520663 -0.568357
v -4.115529 0.757298 -0.568739
v -0.714658 0.757584 -0.391863
v -0.951293 0.520949 -0.391481
v -0.951293 0.756895 -0.817075
v -4.115529 0.766391 5.051100
v -3.878894 0.529721 5.029490
v -3.779129 0.853056 5.774161
v -1.052184 0.828739 5.727183
v -0.951293 0.530032 5.221899
v -0.714658 0.766667 5.221518
v -4.115529 3.694715 5.495974
v -3.878894 3.695158 5.769560
v -3.878894 3.931350 5.495589
v -0.951293 3.931481 5.576647
v -0.951293 3.695158 5.769560
v -0.714658 3.694847 5.577029
v -4.115529 3.685205 -0.381929
v -3.878894 3.921666 -0.489561
v -3.878894 3.684451 -0.848169
v -0.951293 3.684514 -0.808733
v -0.951293 3.921976 -0.297968
v -0.714658 3.685341 -0.297582
v -4.115529 1.361121 -0.712808
v -4.115529 1.371160 5.491694
v -3.862840 1.371615 5.773321
v -0.951293 1.371615 5.773321
v -0.714658 1.371128 5.472460
v -0.714658 1.361320 -0.589449
v -0.951293 1.360809 -0.905336
v -3.878894 1.360809 -0.905336
v -3.878894 0.529042 4.610087
v -0.951293 0.529580 4.942091
v -0.714658 0.766214 4.941706
v -0.714658 1.370268 4.940729
v -0.714658 3.693811 4.936972
v -0.951293 3.930446 4.936587
v -3.878894 3.930446 4.936587
v -4.115529 3.693811 4.936972
v -4.115529 1.370268 4.940729
v -4.115529 0.765677 4.609705
v -2.819237 0.756754 -0.904360
v -2.819237 1.360809 -0.905336
v -2.819237 3.684351 -0.909097
v -2.819237 3.921297 -0.716951
v -2.819237 3.930446 4.936587
v -2.819237 3.931044 5.306528
v -2.819237 3.695060 5.708967
v -2.808994 1.371517 5.712725
v -2.755583 0.822012 5.713618
v -2.819237 0.530563 5.550143
v -2.819237 0.529580 4.942091
v -2.819237 0.520431 -0.711446
v -3.878894 3.123818 -0.908190
v -2.819237 3.123818 -0.908190
v -0.951293 3.123818 -0.908190
v -0.714658 3.124316 -0.600752
v -0.714658 3.133277 4.937876
v -0.714658 3.134270 5.551802
v -0.951293 3.134624 5.770468
v -2.816766 3.134527 5.709875
v -3.875021 3.134624 5.770468
v -4.115529 3.134179 5.494940
v -4.115529 3.133277 4.937876
v -4.115529 2.984084 -0.704595
v -3.806931 0.608992 2.356325
v -2.799369 0.609184 2.474833
v -1.116333 0.609184 2.474833
v -0.798255 0.871422 2.474409
v -0.798255 1.408543 2.473540
v -0.798255 3.084879 2.470827
v -0.798255 3.580219 2.470026
v -1.117885 3.842857 2.469599
v -2.799369 3.842536 2.271632
v -3.806931 3.842218 2.074702
v -4.031932 3.530794 2.119715
v -4.031932 3.026437 2.277449
v -4.031932 1.408543 2.473540
v -4.031932 0.833993 2.355959
v 0.179344 0.466765 -0.930490
v 0.191226 0.621780 -0.668756
v 0.427608 0.466418 -0.679693
v -2.976463 0.466614 -0.673036
v -2.740062 0.621976 -0.683561
v -2.748314 0.466855 -0.865343
v 0.555470 0.462683 2.136969
v 0.319088 0.618044 2.147906
v 0.327321 0.462442 2.329275
v -2.600820 0.462545 2.383787
v -2.610791 0.618199 2.164133
v -2.847196 0.405649 2.174586
v 0.545366 -0.711143 1.914389
v 0.324540 -0.731270 2.268015
v 0.308964 -0.886177 1.924887
v -2.605592 -0.886470 2.278677
v -2.597340 -0.731349 2.460459
v -2.841974 -0.731108 2.289614
v 0.420837 -0.727177 -0.828840
v 0.184437 -0.882538 -0.818315
v 0.176203 -0.726936 -0.999685
v -2.748386 -0.726936 -0.866922
v -2.740153 -0.882538 -0.685552
v -2.976535 -0.727177 -0.674616
v 0.277943 0.594454 1.241541
v -2.569868 0.594454 1.370817
v -2.883046 0.444212 1.384836
v -2.870976 -0.754739 1.382696
v -2.646734 -0.860475 1.372378
v 0.277856 -0.860475 1.239619
v 0.514259 -0.666035 1.229143
v 0.479883 0.468396 1.232207
v 0.425872 -0.201023 -0.717931
v 0.514287 -0.201280 1.229758
v 0.555416 -0.431971 2.135786
v 0.327267 -0.432212 2.328093
v -2.597292 0.070201 2.461520
v -2.841926 0.070442 2.290674
v -2.883085 -0.201280 1.383982
v -2.971998 -0.201009 -0.574674
v -2.746481 -0.200691 -0.824964
v 0.177759 -0.200681 -0.965410
v -2.683035 0.675249 5.546885
v -2.919446 0.395629 5.554236
v -2.673744 0.394126 5.781435
v -2.806680 0.583073 2.384367
v -3.033885 0.581373 2.630064
v -2.797457 0.747160 2.621939
v -2.673311 -2.439301 5.762224
v -2.919013 -2.437798 5.535025
v -2.682534 -2.603389 5.524653
v -2.796949 -2.583573 2.599356
v -3.033466 -2.170570 2.611407
v -2.806259 -2.168870 2.365710
v 0.251994 -2.051239 5.650442
v 0.216467 -2.502523 5.267912
v 0.479200 -2.049539 5.404745
v 0.364833 -2.335450 2.477373
v 0.128416 -2.582350 2.484949
v 0.119130 -2.333947 2.250174
v 0.251594 0.561276 5.668154
v 0.478801 0.562976 5.422457
v 0.242322 0.728567 5.432829
v 0.127922 0.652011 2.506876
v 0.364413 0.409918 2.495989
v 0.118711 0.411421 2.268786
v -0.492294 0.560965 5.697245
v -0.491862 -2.266262 5.678076
v -0.501058 -2.602477 5.439337
v -0.615472 -2.582661 2.514040
v -0.624746 -2.415371 2.278715
v -0.625203 0.583984 2.299052
v -0.615980 0.748071 2.536623
v -0.501566 0.728256 5.461920
v -2.881379 -1.390834 5.501314
v -2.990236 -1.371981 2.718096
v -2.731754 -1.369569 2.368208
v -0.641544 -1.368696 2.286463
v 0.092963 -1.368742 2.309874
v 0.325354 -1.369897 2.485461
v 0.435911 -1.389045 5.312128
v 0.154386 -1.391438 5.658728
v -0.508633 -1.391715 5.684656
v -2.588718 -1.392584 5.766009
v -2.685001 0.736848 4.145365
v -0.582258 0.737727 4.063128
v 0.134781 0.738027 4.035086
v 0.362726 0.572433 4.025049
v 0.325113 -1.380256 4.013293
v 0.363177 -2.378569 4.005041
v 0.135282 -2.544353 4.012831
v -0.581758 -2.544653 4.040873
v -2.684499 -2.545531 4.123110
v -2.912444 -2.379937 4.133147
v -2.874686 -1.381593 4.138434
v -2.912895 0.571064 4.153155
v -2.862205 8.735933 -5.362310
v -3.098009 9.015266 -5.339910
v -2.885830 9.014669 -5.598699
v -2.550709 8.860118 -2.213842
v -2.809498 8.859132 -2.426019
v -2.573824 8.693634 -2.448786
v -2.889075 11.848144 -5.607908
v -3.101255 11.848741 -5.349119
v -2.865960 12.014627 -5.372961
v -2.577638 12.024425 -2.459612
v -2.812650 11.611122 -2.434961
v -2.553861 11.612108 -2.222784
v 0.024734 11.463697 -5.894979
v 0.041055 11.918811 -5.515707
v 0.283524 11.464683 -5.682802
v 0.571496 11.780212 -2.770445
v 0.335728 12.026824 -2.747942
v 0.359316 11.780811 -2.511656
v 0.027727 8.851137 -5.886492
v 0.286516 8.852123 -5.674314
v 0.051221 8.686238 -5.650469
v 0.339432 8.792407 -2.737432
v 0.574639 9.034797 -2.761522
v 0.362460 9.035394 -2.502737
v -0.713110 8.850526 -5.813173
v -0.716348 11.677802 -5.822359
v -0.693430 12.016416 -5.587972
v -0.405109 12.026214 -2.674623
v -0.381614 11.861314 -2.438600
v -0.378180 8.861907 -2.428854
v -0.401294 8.695424 -2.663797
v -0.689615 8.685627 -5.577150
v -3.057017 10.802205 -5.310487
v -2.782699 10.811527 -2.538633
v -2.478624 10.812885 -2.227545
v -0.396985 10.814599 -2.433557
v 0.327349 10.815027 -2.557596
v 0.533432 10.814594 -2.763429
v 0.254831 10.805128 -5.578558
v -0.071616 10.803764 -5.883226
v -0.731917 10.803220 -5.817877
v -2.803470 10.801513 -5.612859
v -2.671603 8.688569 -3.973249
v -0.577485 8.690294 -4.180502
v 0.136614 8.690882 -4.251177
v 0.363409 8.856761 -4.274179
v 0.323417 10.809436 -4.276788
v 0.360029 11.807813 -4.283766
v 0.132854 11.973318 -4.261842
v -0.581245 11.972730 -4.191168
v -2.675363 11.971004 -3.983915
v -2.902158 11.805126 -3.960912
v -2.863260 10.806812 -3.961408
v -2.898778 8.854074 -3.951326
v -2.701549 8.706394 -2.252359
v -2.707381 8.475693 -1.850595
v -2.938112 8.718062 -1.854147
v 0.461726 8.630795 -2.089353
v 0.219332 8.400089 -2.085973
v 0.225163 8.633166 -2.325533
v -2.938112 8.777233 2.183256
v -2.707381 8.534865 2.186808
v -2.701549 8.774862 2.419436
v 0.225163 8.702723 2.420492
v 0.219332 8.457558 1.835322
v 0.461726 8.688265 1.831942
v -2.865964 11.695552 1.589152
v -2.486032 11.674922 2.236296
v -2.623570 11.926259 1.585772
v 0.303142 11.860504 2.022463
v 0.297311 11.629121 2.377604
v 0.533873 11.618135 2.026018
v -2.865964 11.640994 -2.133470
v -2.623570 11.871700 -2.136850
v -2.629401 11.631702 -2.369478
v 0.297311 11.561576 -2.231100
v 0.303142 11.803171 -1.889463
v 0.533873 11.560802 -1.885912
v -2.884311 10.896842 -2.122564
v -2.884311 10.955886 1.906004
v -2.647747 10.957109 2.387453
v 0.278964 10.884969 2.388510
v 0.515527 10.875678 2.152502
v 0.515527 10.813041 -2.121336
v 0.278964 10.815412 -2.357515
v -2.647747 10.887552 -2.358572
v -2.667123 8.551382 0.694811
v 0.117440 8.482746 0.695814
v 0.463567 8.746229 0.691954
v 0.515116 10.837177 0.661310
v 0.481099 11.571189 0.650553
v 0.302172 11.800994 0.647185
v -2.525866 11.870702 0.646162
v -2.868369 11.584232 0.650358
v -2.884721 10.920978 0.660082
v -2.936021 8.840158 0.690577
v -1.299762 8.723595 -2.326856
v -1.247903 10.827079 -2.357687
v -1.230219 11.544372 -2.368200
v -1.224598 11.775834 -2.135446
v -1.225533 11.778688 0.647509
v -1.224598 11.837461 2.069491
v -1.230219 11.612920 2.308928
v -1.247903 10.895627 2.319441
v -1.299762 8.792142 2.350268
v -1.305384 8.560682 2.117518
v -1.304448 8.577758 0.694422
v -1.305384 8.499055 -2.087423
v -2.541890 7.303889 2.251299
v -2.628616 7.007621 2.587401
v -2.865251 7.244256 2.587019
v 0.535620 7.244542 2.763895
v 0.298985 7.007907 2.764277
v 0.298985 7.243854 2.338682
v -2.865251 7.253350 8.206858
v -2.628616 7.016679 8.185248
v -2.528851 7.340015 8.929919
v 0.198094 7.315697 8.882941
v 0.298985 7.016990 8.377657
v 0.535620 7.253625 8.377276
v -2.865251 10.181674 8.651728
v -2.628616 10.182117 8.925318
v -2.628616 10.418308 8.651346
v 0.298985 10.418439 8.732405
v 0.298985 10.182117 8.925318
v 0.535620 10.181806 8.732786
v -2.865251 10.172162 2.773829
v -2.628616 10.408624 2.666197
v -2.628616 10.171409 2.307589
v 0.298985 10.171472 2.347025
v 0.298985 10.408935 2.857790
v 0.535620 10.172300 2.858176
v -2.865251 7.848079 2.442950
v -2.865251 7.858117 8.647455
v -2.612561 7.858573 8.929079
v 0.298985 7.858573 8.929079
v 0.535620 7.858087 8.628218
v 0.535620 7.848278 2.566309
v 0.298985 7.847767 2.250422
v -2.628616 7.847767 2.250422
v -2.628616 7.016000 7.765845
v 0.298985 7.016538 8.097849
v 0.535620 7.253172 8.097468
v 0.535620 7.857227 8.096487
v 0.535620 10.180770 8.092730
v 0.298985 10.417404 8.092345
v -2.628616 10.417404 8.092345
v -2.865251 10.180770 8.092730
v -2.865251 7.857227 8.096487
v -2.865251 7.252635 7.765463
v -1.568959 7.243713 2.251398
v -1.568959 7.847767 2.250422
v -1.568959 10.171310 2.246660
v -1.568959 10.408256 2.438807
v -1.568959 10.417404 8.092345
v -1.568959 10.418002 8.462282
v -1.568959 10.182018 8.864725
v -1.558715 7.858476 8.868487
v -1.505305 7.308971 8.869375
v -1.568959 7.017521 8.705900
v -1.568959 7.016538 8.097849
v -1.568959 7.007390 2.444311
v -2.628616 9.610776 2.247568
v -1.568959 9.610776 2.247568
v 0.298985 9.610776 2.247568
v 0.535620 9.611274 2.555006
v 0.535620 9.620235 8.093638
v 0.535620 9.621229 8.707560
v 0.298985 9.621583 8.926226
v -1.566488 9.621484 8.865633
v -2.624743 9.621583 8.926226
v -2.865251 9.621137 8.650698
v -2.865251 9.620235 8.093638
v -2.865251 9.471044 2.451163
v -2.556652 7.095950 5.512083
v -1.549091 7.096142 5.630591
v 0.133945 7.096142 5.630591
v 0.452023 7.358381 5.630167
v 0.452023 7.895502 5.629298
v 0.452023 9.571838 5.626585
v 0.452023 10.067178 5.625784
v 0.132394 10.329816 5.625357
v -1.549091 10.329496 5.427389
v -2.556652 10.329177 5.230459
v -2.781654 10.017751 5.275473
v -2.781654 9.513395 5.433207
v -2.781654 7.895502 5.629298
v -2.781654 7.320952 5.511717
v -2.385255 10.153932 13.527846
v -2.398061 10.395158 13.132479
v -2.636547 10.160470 13.138644
v 0.770645 10.130092 13.247988
v 0.536206 10.368625 13.259489
v 0.542972 10.129280 13.492762
v -2.786870 10.207246 9.103876
v -2.548383 10.441934 9.097712
v -2.559198 10.208057 8.859103
v 0.366266 10.184265 8.749834
v 0.390207 10.414056 9.340754
v 0.624645 10.175521 9.329253
v -2.791388 7.273551 9.621725
v -2.435006 7.298688 8.961478
v -2.556949 7.035017 9.610228
v 0.352295 7.016271 9.065604
v 0.341225 7.256956 8.716830
v 0.590781 7.250960 9.059439
v -2.652785 7.230423 13.341917
v -2.418347 6.991888 13.330420
v -2.407532 7.225765 13.569025
v 0.512819 7.203562 13.322523
v 0.497946 6.970950 12.974978
v 0.736432 7.205637 12.968813
v -2.646417 7.974805 13.350310
v -2.796411 8.021478 9.324374
v -2.577871 8.025132 8.834494
v 0.347593 8.001339 8.725222
v 0.592846 7.996681 8.952330
v 0.751971 7.947166 13.223376
v 0.524299 7.946353 13.468149
v -2.401164 7.970147 13.577418
v -2.453920 10.384979 10.586264
v 0.329456 10.362340 10.482302
v 0.666410 10.087650 10.466563
v 0.648518 7.996050 10.442980
v 0.590188 7.263518 10.436663
v 0.403859 7.039688 10.441008
v -2.422974 7.062679 10.546595
v -2.755546 7.360230 10.562434
v -2.749871 8.023691 10.569914
v -2.732065 10.105157 10.593382
v -0.983056 10.088861 13.549147
v -1.001055 7.984722 13.525423
v -1.007193 7.267206 13.517332
v -1.017934 7.041870 13.278822
v -1.121206 7.112041 10.498667
v -1.174495 7.090586 9.076632
v -1.181334 7.321392 8.843264
v -1.175197 8.038908 8.851351
v -1.157197 10.143049 8.875075
v -1.146456 10.368383 9.113585
v -1.093816 10.313966 10.534766
v -0.989895 10.319667 13.315779
vt 0.502114 0.239433
vt 0.497508 0.162882
vt 0.535404 0.161174
vt 0.539121 0.231373
vt 0.389562 0.167660
vt 0.388678 0.226307
vt 0.491811 0.020151
vt 0.530097 0.031148
vt 0.555993 0.231519
vt 0.550440 0.160516
vt 0.502915 0.256820
vt 0.542838 0.252531
vt 0.380289 0.025232
vt 0.388996 0.259061
vt 0.367009 0.168614
vt 0.371745 0.228329
vt 0.491459 0.002787
vt 0.532262 0.009796
vt 0.547120 0.029842
vt 0.378368 0.008442
vt 0.363350 0.025074
vt 0.583360 0.159581
vt 0.617837 0.159581
vt 0.616756 0.222037
vt 0.580271 0.206575
vt 0.580271 0.019115
vt 0.617491 0.019040
vt 0.722651 0.160129
vt 0.725481 0.234571
vt 0.616037 0.249086
vt 0.577289 0.243802
vt 0.563817 0.208578
vt 0.560632 0.159658
vt 0.617753 0.001929
vt 0.577859 0.002843
vt 0.727222 0.031932
vt 0.563549 0.018330
vt 0.742665 0.160342
vt 0.741743 0.236167
vt 0.726194 0.251004
vt 0.728780 0.008757
vt 0.743935 0.031284
vt 0.434922 0.437752
vt 0.434667 0.401071
vt 0.511573 0.402620
vt 0.511615 0.439799
vt 0.363160 0.401588
vt 0.369609 0.439420
vt 0.435627 0.294395
vt 0.512401 0.292979
vt 0.434369 0.454451
vt 0.510744 0.461049
vt 0.364669 0.291085
vt 0.360320 0.475157
vt 0.435863 0.277852
vt 0.511413 0.261568
vt 0.365580 0.274364
vt 0.599130 0.326775
vt 0.599277 0.290220
vt 0.676763 0.287733
vt 0.676338 0.325934
vt 0.527097 0.286568
vt 0.526340 0.325426
vt 0.599969 0.273481
vt 0.678131 0.266769
vt 0.598577 0.433479
vt 0.675699 0.436464
vt 0.527664 0.269325
vt 0.527242 0.436709
vt 0.598292 0.450054
vt 0.675427 0.453412
vt 0.526727 0.460330
vt 0.434932 0.645942
vt 0.432434 0.584849
vt 0.489482 0.586157
vt 0.495457 0.631024
vt 0.374102 0.580753
vt 0.362141 0.648507
vt 0.438694 0.474244
vt 0.498207 0.478084
vt 0.382163 0.478883
vt 0.828930 0.085606
vt 0.828936 0.011735
vt 0.908283 0.014123
vt 0.908233 0.085609
vt 0.756083 0.036726
vt 0.761268 0.085606
vt 0.828924 0.230051
vt 0.908256 0.217305
vt 0.756124 0.230089
vt 0.617753 0.001929
vt 0.617491 0.019040
vt 0.580271 0.019115
vt 0.577859 0.002843
vt 0.598292 0.450054
vt 0.598577 0.433479
vt 0.675699 0.436464
vt 0.675427 0.453412
vt 0.722651 0.160129
vt 0.742665 0.160342
vt 0.741743 0.236167
vt 0.725481 0.234571
vt 0.491811 0.020151
vt 0.491459 0.002787
vt 0.532262 0.009796
vt 0.530097 0.031148
vt 0.367009 0.168614
vt 0.389562 0.167660
vt 0.388678 0.226307
vt 0.371745 0.228329
vt 0.616756 0.222037
vt 0.616037 0.249086
vt 0.577289 0.243802
vt 0.580271 0.206575
vt 0.435627 0.294395
vt 0.435863 0.277852
vt 0.511413 0.261568
vt 0.512401 0.292979
vt 0.502915 0.256820
vt 0.502114 0.239433
vt 0.539121 0.231373
vt 0.542838 0.252531
vt 0.563817 0.208578
vt 0.560632 0.159658
vt 0.583360 0.159581
vt 0.434369 0.454451
vt 0.434922 0.437752
vt 0.511615 0.439799
vt 0.510744 0.461049
vt 0.555993 0.231519
vt 0.535404 0.161174
vt 0.550440 0.160516
vt 0.599277 0.290220
vt 0.599969 0.273481
vt 0.678131 0.266769
vt 0.676763 0.287733
vt 0.434932 0.645942
vt 0.432434 0.584849
vt 0.489482 0.586157
vt 0.495457 0.631024
vt 0.434667 0.401071
vt 0.511573 0.402620
vt 0.828930 0.085606
vt 0.828936 0.011735
vt 0.908283 0.014123
vt 0.908233 0.085609
vt 0.599130 0.326775
vt 0.676338 0.325934
vt 0.497508 0.162882
vt 0.617837 0.159581
vt 0.728780 0.008757
vt 0.743935 0.031284
vt 0.727222 0.031932
vt 0.380289 0.025232
vt 0.363350 0.025074
vt 0.378368 0.008442
vt 0.726194 0.251004
vt 0.388996 0.259061
vt 0.563549 0.018330
vt 0.547120 0.029842
vt 0.438694 0.474244
vt 0.498207 0.478084
vt 0.828924 0.230051
vt 0.908256 0.217305
vt 0.526340 0.325426
vt 0.527242 0.436709
vt 0.527097 0.286568
vt 0.527664 0.269325
vt 0.761268 0.085606
vt 0.756124 0.230089
vt 0.756083 0.036726
vt 0.360320 0.475157
vt 0.369609 0.439420
vt 0.363160 0.401588
vt 0.364669 0.291085
vt 0.365580 0.274364
vt 0.374102 0.580753
vt 0.362141 0.648507
vt 0.382163 0.478883
vt 0.526727 0.460330
vt 0.019448 0.676178
vt 0.033612 0.676322
vt 0.034020 0.711753
vt 0.020855 0.714282
vt 0.086713 0.532538
vt 0.086855 0.518931
vt 0.160601 0.521690
vt 0.160467 0.535686
vt 0.127949 0.574945
vt 0.128103 0.555648
vt 0.179667 0.556453
vt 0.177707 0.571769
vt 0.193929 0.398898
vt 0.179730 0.398518
vt 0.186387 0.360318
vt 0.202357 0.363316
vt 0.288894 0.523631
vt 0.288965 0.502031
vt 0.327929 0.505288
vt 0.329555 0.521295
vt 0.170051 0.676091
vt 0.190019 0.676615
vt 0.187492 0.713845
vt 0.159502 0.711000
vt 0.281843 0.559888
vt 0.281958 0.546314
vt 0.354912 0.535203
vt 0.355378 0.557977
vt 0.354637 0.398218
vt 0.340318 0.398221
vt 0.335584 0.362748
vt 0.351716 0.359933
vt 0.162071 0.726581
vt 0.128442 0.729908
vt 0.128174 0.707996
vt 0.281191 0.710116
vt 0.281465 0.696453
vt 0.354880 0.698674
vt 0.354438 0.715093
vt 0.336704 0.346910
vt 0.288894 0.363336
vt 0.288857 0.348990
vt 0.087276 0.382253
vt 0.087606 0.368551
vt 0.161865 0.363635
vt 0.161206 0.379909
vt 0.097383 0.898568
vt 0.097326 0.848837
vt 0.168007 0.848638
vt 0.173486 0.888244
vt 0.281313 0.661633
vt 0.354847 0.662998
vt 0.257179 0.780004
vt 0.257130 0.730883
vt 0.332695 0.732264
vt 0.332815 0.780021
vt 0.087172 0.417109
vt 0.160969 0.416129
vt 0.289080 0.399366
vt 0.128174 0.675455
vt 0.024489 0.569810
vt 0.040845 0.555359
vt 0.041914 0.571210
vt 0.193902 0.504596
vt 0.192579 0.520489
vt 0.180197 0.505696
vt 0.191221 0.570970
vt 0.351195 0.506437
vt 0.033041 0.727614
vt 0.201514 0.347255
vt 0.097327 0.751800
vt 0.173218 0.751760
vt 0.257219 0.876898
vt 0.333008 0.868244
vt 0.018468 0.415836
vt 0.018924 0.521773
vt 0.018858 0.379254
vt 0.019107 0.365145
vt 0.193316 0.780004
vt 0.187790 0.876671
vt 0.188287 0.747681
vt 0.211795 0.723290
vt 0.219819 0.698027
vt 0.213248 0.662407
vt 0.214200 0.556877
vt 0.214663 0.543018
vt 0.029849 0.849124
vt 0.028679 0.900989
vt 0.027613 0.760059
vt 0.018667 0.539548
vt 0.716555 0.456738
vt 0.694762 0.457523
vt 0.695524 0.341584
vt 0.717869 0.331949
vt 0.791956 0.520765
vt 0.792028 0.499175
vt 0.923020 0.499810
vt 0.924622 0.533987
vt 0.971547 0.770026
vt 0.985627 0.768961
vt 0.986068 0.787431
vt 0.972335 0.787700
vt 0.683679 0.549606
vt 0.682535 0.533813
vt 0.753050 0.530404
vt 0.753300 0.545860
vt 0.654595 0.778594
vt 0.669475 0.778886
vt 0.666034 0.795908
vt 0.650980 0.791347
vt 0.486522 0.875090
vt 0.503598 0.868901
vt 0.533491 0.952911
vt 0.516060 0.959035
vt 0.547177 0.823612
vt 0.538617 0.808696
vt 0.623667 0.765383
vt 0.628203 0.794984
vt 0.642293 0.819012
vt 0.660439 0.812424
vt 0.687792 0.897146
vt 0.672350 0.902503
vt 0.836790 0.824536
vt 0.820407 0.819975
vt 0.828041 0.792686
vt 0.843336 0.793493
vt 0.601939 0.983955
vt 0.593825 0.961753
vt 0.681556 0.928602
vt 0.687211 0.942575
vt 0.807410 0.784776
vt 0.794853 0.786174
vt 0.791879 0.762181
vt 0.804742 0.760533
vt 0.792674 0.294035
vt 0.792957 0.272840
vt 0.925270 0.254714
vt 0.922865 0.293881
vt 0.403784 0.937477
vt 0.394960 0.909402
vt 0.473059 0.907096
vt 0.473866 0.917672
vt 0.584088 0.934866
vt 0.554024 0.850723
vt 0.554070 0.510606
vt 0.554032 0.493521
vt 0.640277 0.481090
vt 0.640288 0.510591
vt 0.792722 0.456738
vt 0.792551 0.332999
vt 0.922905 0.333515
vt 0.923085 0.456933
vt 0.708240 0.795751
vt 0.699251 0.774801
vt 0.770221 0.764588
vt 0.773888 0.787686
vt 0.876542 0.817969
vt 0.870773 0.792356
vt 0.947245 0.785746
vt 0.950060 0.808739
vt 0.724399 0.493792
vt 0.714237 0.523926
vt 0.693775 0.505501
vt 0.660419 0.558479
vt 0.647201 0.558810
vt 0.657248 0.539578
vt 0.976007 0.820363
vt 0.640442 0.766813
vt 0.533146 0.994743
vt 0.542924 0.979656
vt 0.549635 0.996462
vt 0.696084 0.925336
vt 0.837734 0.564218
vt 0.823688 0.560143
vt 0.833693 0.542999
vt 0.776920 0.534552
vt 0.788612 0.555734
vt 0.775622 0.556633
vt 0.954295 0.823962
vt 0.682392 0.831728
vt 0.715761 0.819235
vt 0.400090 0.802043
vt 0.467915 0.808693
vt 0.651841 0.673576
vt 0.668854 0.672925
vt 0.691066 0.671780
vt 0.758795 0.666970
vt 0.778524 0.665470
vt 0.794794 0.664202
vt 0.632620 0.624547
vt 0.554980 0.633668
vt 0.830540 0.667843
vt 0.847124 0.669403
vt 0.869175 0.675489
vt 0.938824 0.680699
vt 0.963003 0.674510
vt 0.976450 0.673838
vt 0.718611 0.292352
vt 0.717601 0.262171
vt 0.505163 0.510606
vt 0.508461 0.642749
vt 0.505166 0.484799
vt 0.498762 0.842623
vt 0.479132 0.806037
vt 0.338000 0.891342
vt 0.327867 0.917449
vt 0.358816 0.790851
vt 0.880831 0.843908
vt 0.840889 0.850214
vt 0.857630 0.537263
vt 0.866361 0.549273
vt 0.376476 0.675170
vt 0.418827 0.676525
vt 0.489546 0.699610
vt 0.554070 0.771640
vt 0.640284 0.752316
vt 0.505162 0.761165
vt 0.934749 0.546095
vt 0.960432 0.551042
vt 0.974502 0.550805
vt 0.716555 0.456738
vt 0.694762 0.457523
vt 0.695524 0.341584
vt 0.717869 0.331949
vt 0.791956 0.520765
vt 0.792028 0.499175
vt 0.923020 0.499810
vt 0.924622 0.533987
vt 0.971547 0.770026
vt 0.985627 0.768961
vt 0.986068 0.787431
vt 0.972335 0.787700
vt 0.683679 0.549606
vt 0.682535 0.533813
vt 0.753050 0.530404
vt 0.753300 0.545860
vt 0.654595 0.778594
vt 0.669475 0.778886
vt 0.666034 0.795908
vt 0.650980 0.791347
vt 0.486522 0.875090
vt 0.503598 0.868901
vt 0.533491 0.952911
vt 0.516060 0.959035
vt 0.547177 0.823612
vt 0.538617 0.808696
vt 0.623667 0.765383
vt 0.628203 0.794984
vt 0.642293 0.819012
vt 0.660439 0.812424
vt 0.687792 0.897146
vt 0.672350 0.902503
vt 0.836790 0.824536
vt 0.820407 0.819975
vt 0.828041 0.792686
vt 0.843336 0.793493
vt 0.601939 0.983955
vt 0.593825 0.961753
vt 0.681556 0.928602
vt 0.687211 0.942575
vt 0.807410 0.784776
vt 0.794853 0.786174
vt 0.791879 0.762181
vt 0.804742 0.760533
vt 0.792674 0.294035
vt 0.792957 0.272840
vt 0.925270 0.254714
vt 0.922865 0.293881
vt 0.403784 0.937477
vt 0.394960 0.909402
vt 0.473059 0.907096
vt 0.473866 0.917672
vt 0.584088 0.934866
vt 0.554024 0.850723
vt 0.554070 0.510606
vt 0.554032 0.493521
vt 0.640277 0.481090
vt 0.640288 0.510591
vt 0.792722 0.456738
vt 0.792551 0.332999
vt 0.922905 0.333515
vt 0.923085 0.456933
vt 0.708240 0.795751
vt 0.699251 0.774801
vt 0.770221 0.764588
vt 0.773888 0.787686
vt 0.876542 0.817969
vt 0.870773 0.792356
vt 0.947245 0.785746
vt 0.950060 0.808739
vt 0.724399 0.493792
vt 0.714237 0.523926
vt 0.693775 0.505501
vt 0.660419 0.558479
vt 0.647201 0.558810
vt 0.657248 0.539578
vt 0.976007 0.820363
vt 0.640442 0.766813
vt 0.533146 0.994743
vt 0.542924 0.979656
vt 0.549635 0.996462
vt 0.696084 0.925336
vt 0.837734 0.564218
vt 0.823688 0.560143
vt 0.833693 0.542999
vt 0.776920 0.534552
vt 0.788612 0.555734
vt 0.775622 0.556633
vt 0.954295 0.823962
vt 0.682392 0.831728
vt 0.715761 0.819235
vt 0.400090 0.802043
vt 0.467915 0.808693
vt 0.651841 0.673576
vt 0.668854 0.672925
vt 0.691066 0.671780
vt 0.758795 0.666970
vt 0.778524 0.665470
vt 0.794794 0.664202
vt 0.632620 0.624547
vt 0.554980 0.633668
vt 0.830540 0.667843
vt 0.847124 0.669403
vt 0.869175 0.675489
vt 0.938824 0.680699
vt 0.963003 0.674510
vt 0.976450 0.673838
vt 0.718611 0.292352
vt 0.717601 0.262171
vt 0.505163 0.510606
vt 0.508461 0.642749
vt 0.505166 0.484799
vt 0.498762 0.842623
vt 0.479132 0.806037
vt 0.338000 0.891342
vt 0.327867 0.917449
vt 0.358816 0.790851
vt 0.880831 0.843908
vt 0.840889 0.850214
vt 0.857630 0.537263
vt 0.866361 0.549273
vt 0.376476 0.675170
vt 0.418827 0.676525
vt 0.489546 0.699610
vt 0.554070 0.771640
vt 0.640284 0.752316
vt 0.505162 0.761165
vt 0.934749 0.546095
vt 0.960432 0.551042
vt 0.974502 0.550805
vt 0.716555 0.456738
vt 0.694762 0.457523
vt 0.695524 0.341584
vt 0.717869 0.331949
vt 0.791956 0.520765
vt 0.792028 0.499175
vt 0.923020 0.499810
vt 0.924622 0.533987
vt 0.971547 0.770026
vt 0.985627 0.768961
vt 0.986068 0.787431
vt 0.972335 0.787700
vt 0.683679 0.549606
vt 0.682535 0.533813
vt 0.753050 0.530404
vt 0.753300 0.545860
vt 0.654595 0.778594
vt 0.669475 0.778886
vt 0.666034 0.795908
vt 0.650980 0.791347
vt 0.486522 0.875090
vt 0.503598 0.868901
vt 0.533491 0.952911
vt 0.516060 0.959035
vt 0.547177 0.823612
vt 0.538617 0.808696
vt 0.623667 0.765383
vt 0.628203 0.794984
vt 0.642293 0.819012
vt 0.660439 0.812424
vt 0.687792 0.897146
vt 0.672350 0.902503
vt 0.836790 0.824536
vt 0.820407 0.819975
vt 0.828041 0.792686
vt 0.843336 0.793493
vt 0.601939 0.983955
vt 0.593825 0.961753
vt 0.681556 0.928602
vt 0.687211 0.942575
vt 0.807410 0.784776
vt 0.794853 0.786174
vt 0.791879 0.762181
vt 0.804742 0.760533
vt 0.792674 0.294035
vt 0.792957 0.272840
vt 0.925270 0.254714
vt 0.922865 0.293881
vt 0.403784 0.937477
vt 0.394960 0.909402
vt 0.473059 0.907096
vt 0.473866 0.917672
vt 0.584088 0.934866
vt 0.554024 0.850723
vt 0.554070 0.510606
vt 0.554032 0.493521
vt 0.640277 0.481090
vt 0.640288 0.510591
vt 0.792722 0.456738
vt 0.792551 0.332999
vt 0.922905 0.333515
vt 0.923085 0.456933
vt 0.708240 0.795751
vt 0.699251 0.774801
vt 0.770221 0.764588
vt 0.773888 0.787686
vt 0.876542 0.817969
vt 0.870773 0.792356
vt 0.947245 0.785746
vt 0.950060 0.808739
vt 0.724399 0.493792
vt 0.714237 0.523926
vt 0.693775 0.505501
vt 0.660419 0.558479
vt 0.647201 0.558810
vt 0.657248 0.539578
vt 0.976007 0.820363
vt 0.640442 0.766813
vt 0.533146 0.994743
vt 0.542924 0.979656
vt 0.549635 0.996462
vt 0.696084 0.925336
vt 0.837734 0.564218
vt 0.823688 0.560143
vt 0.833693 0.542999
vt 0.776920 0.534552
vt 0.788612 0.555734
vt 0.775622 0.556633
vt 0.954295 0.823962
vt 0.682392 0.831728
vt 0.715761 0.819235
vt 0.400090 0.802043
vt 0.467915 0.808693
vt 0.651841 0.673576
vt 0.668854 0.672925
vt 0.691066 0.671780
vt 0.758795 0.666970
vt 0.778524 0.665470
vt 0.794794 0.664202
vt 0.632620 0.624547
vt 0.554980 0.633668
vt 0.830540 0.667843
vt 0.847124 0.669403
vt 0.869175 0.675489
vt 0.938824 0.680699
vt 0.963003 0.674510
vt 0.976450 0.673838
vt 0.718611 0.292352
vt 0.717601 0.262171
vt 0.505163 0.510606
vt 0.508461 0.642749
vt 0.505166 0.484799
vt 0.498762 0.842623
vt 0.479132 0.806037
vt 0.338000 0.891342
vt 0.327867 0.917449
vt 0.358816 0.790851
vt 0.880831 0.843908
vt 0.840889 0.850214
vt 0.857630 0.537263
vt 0.866361 0.549273
vt 0.376476 0.675170
vt 0.418827 0.676525
vt 0.489546 0.699610
vt 0.554070 0.771640
vt 0.640284 0.752316
vt 0.505162 0.761165
vt 0.934749 0.546095
vt 0.960432 0.551042
vt 0.974502 0.550805
vt 0.617753 0.001929
vt 0.617491 0.019040
vt 0.580271 0.019115
vt 0.577859 0.002843
vt 0.598292 0.450054
vt 0.598577 0.433479
vt 0.675699 0.436464
vt 0.675427 0.453412
vt 0.722651 0.160129
vt 0.742665 0.160342
vt 0.741743 0.236167
vt 0.725481 0.234571
vt 0.491811 0.020151
vt 0.491459 0.002787
vt 0.532262 0.009796
vt 0.530097 0.031148
vt 0.367009 0.168614
vt 0.389562 0.167660
vt 0.388678 0.226307
vt 0.371745 0.228329
vt 0.616756 0.222037
vt 0.616037 0.249086
vt 0.577289 0.243802
vt 0.580271 0.206575
vt 0.435627 0.294395
vt 0.435863 0.277852
vt 0.511413 0.261568
vt 0.512401 0.292979
vt 0.502915 0.256820
vt 0.502114 0.239433
vt 0.539121 0.231373
vt 0.542838 0.252531
vt 0.563817 0.208578
vt 0.560632 0.159658
vt 0.583360 0.159581
vt 0.434369 0.454451
vt 0.434922 0.437752
vt 0.511615 0.439799
vt 0.510744 0.461049
vt 0.555993 0.231519
vt 0.535404 0.161174
vt 0.550440 0.160516
vt 0.599277 0.290220
vt 0.599969 0.273481
vt 0.678131 0.266769
vt 0.676763 0.287733
vt 0.434932 0.645942
vt 0.432434 0.584849
vt 0.489482 0.586157
vt 0.495457 0.631024
vt 0.434667 0.401071
vt 0.511573 0.402620
vt 0.828930 0.085606
vt 0.828936 0.011735
vt 0.908283 0.014123
vt 0.908233 0.085609
vt 0.599130 0.326775
vt 0.676338 0.325934
vt 0.497508 0.162882
vt 0.617837 0.159581
vt 0.728780 0.008757
vt 0.743935 0.031284
vt 0.727222 0.031932
vt 0.380289 0.025232
vt 0.363350 0.025074
vt 0.378368 0.008442
vt 0.726194 0.251004
vt 0.388996 0.259061
vt 0.563549 0.018330
vt 0.547120 0.029842
vt 0.438694 0.474244
vt 0.498207 0.478084
vt 0.828924 0.230051
vt 0.908256 0.217305
vt 0.526340 0.325426
vt 0.527242 0.436709
vt 0.527097 0.286568
vt 0.527664 0.269325
vt 0.761268 0.085606
vt 0.756124 0.230089
vt 0.756083 0.036726
vt 0.360320 0.475157
vt 0.369609 0.439420
vt 0.363160 0.401588
vt 0.364669 0.291085
vt 0.365580 0.274364
vt 0.374102 0.580753
vt 0.362141 0.648507
vt 0.382163 0.478883
vt 0.526727 0.460330
vt 0.019448 0.676178
vt 0.033612 0.676322
vt 0.034020 0.711753
vt 0.020855 0.714282
vt 0.086713 0.532538
vt 0.086855 0.518931
vt 0.160601 0.521690
vt 0.160467 0.535686
vt 0.127949 0.574945
vt 0.128103 0.555648
vt 0.179667 0.556453
vt 0.177707 0.571769
vt 0.193929 0.398898
vt 0.179730 0.398518
vt 0.186387 0.360318
vt 0.202357 0.363316
vt 0.288894 0.523631
vt 0.288965 0.502031
vt 0.327929 0.505288
vt 0.329555 0.521295
vt 0.170051 0.676091
vt 0.190019 0.676615
vt 0.187492 0.713845
vt 0.159502 0.711000
vt 0.281843 0.559888
vt 0.281958 0.546314
vt 0.354912 0.535203
vt 0.355378 0.557977
vt 0.354637 0.398218
vt 0.340318 0.398221
vt 0.335584 0.362748
vt 0.351716 0.359933
vt 0.162071 0.726581
vt 0.128442 0.729908
vt 0.128174 0.707996
vt 0.281191 0.710116
vt 0.281465 0.696453
vt 0.354880 0.698674
vt 0.354438 0.715093
vt 0.336704 0.346910
vt 0.288894 0.363336
vt 0.288857 0.348990
vt 0.087276 0.382253
vt 0.087606 0.368551
vt 0.161865 0.363635
vt 0.161206 0.379909
vt 0.097383 0.898568
vt 0.097326 0.848837
vt 0.168007 0.848638
vt 0.173486 0.888244
vt 0.281313 0.661633
vt 0.354847 0.662998
vt 0.257179 0.780004
vt 0.257130 0.730883
vt 0.332695 0.732264
vt 0.332815 0.780021
vt 0.087172 0.417109
vt 0.160969 0.416129
vt 0.289080 0.399366
vt 0.128174 0.675455
vt 0.024489 0.569810
vt 0.040845 0.555359
vt 0.041914 0.571210
vt 0.193902 0.504596
vt 0.192579 0.520489
vt 0.180197 0.505696
vt 0.191221 0.570970
vt 0.351195 0.506437
vt 0.033041 0.727614
vt 0.201514 0.347255
vt 0.097327 0.751800
vt 0.173218 0.751760
vt 0.257219 0.876898
vt 0.333008 0.868244
vt 0.018468 0.415836
vt 0.018924 0.521773
vt 0.018858 0.379254
vt 0.019107 0.365145
vt 0.193316 0.780004
vt 0.187790 0.876671
vt 0.188287 0.747681
vt 0.211795 0.723290
vt 0.219819 0.698027
vt 0.213248 0.662407
vt 0.214200 0.556877
vt 0.214663 0.543018
vt 0.029849 0.849124
vt 0.028679 0.900989
vt 0.027613 0.760059
vt 0.018667 0.539548
vt 0.064962 0.355443
vt 0.064408 0.336258
vt 0.093341 0.339900
vt 0.097101 0.354005
vt 0.083181 0.170257
vt 0.069906 0.169977
vt 0.069944 0.044721
vt 0.080494 0.044904
vt 0.023239 0.237601
vt 0.010842 0.237840
vt 0.010883 0.192868
vt 0.023932 0.194751
vt 0.300508 0.176222
vt 0.299973 0.158227
vt 0.330975 0.156993
vt 0.328421 0.170868
vt 0.250024 0.277579
vt 0.268297 0.276991
vt 0.271238 0.317898
vt 0.254230 0.320519
vt 0.068009 0.192323
vt 0.067928 0.179230
vt 0.081669 0.184556
vt 0.083020 0.199607
vt 0.130815 0.163829
vt 0.119845 0.165718
vt 0.093536 0.036167
vt 0.105819 0.034076
vt 0.293170 0.340221
vt 0.293080 0.323905
vt 0.335772 0.319861
vt 0.339369 0.334264
vt 0.095918 0.196365
vt 0.101084 0.232473
vt 0.084746 0.233852
vt 0.204853 0.150133
vt 0.187876 0.153010
vt 0.162959 0.023262
vt 0.173921 0.021328
vt 0.349840 0.321221
vt 0.334797 0.274285
vt 0.347663 0.273704
vt 0.015007 0.169976
vt 0.004455 0.169976
vt 0.004455 0.044753
vt 0.015007 0.044753
vt 0.116088 0.256449
vt 0.238023 0.256449
vt 0.241158 0.290299
vt 0.116220 0.295231
vt 0.173390 0.155736
vt 0.124814 0.030513
vt 0.217731 0.027133
vt 0.342954 0.017470
vt 0.343308 0.056643
vt 0.217563 0.056692
vt 0.039240 0.044753
vt 0.039219 0.169976
vt 0.304353 0.275697
vt 0.059454 0.235908
vt 0.025339 0.353145
vt 0.013258 0.336887
vt 0.027834 0.335386
vt 0.264538 0.173171
vt 0.250294 0.172470
vt 0.261341 0.159274
vt 0.021610 0.181564
vt 0.265531 0.335360
vt 0.107959 0.340144
vt 0.342549 0.169160
vt 0.115649 0.174246
vt 0.241717 0.167833
vt 0.343626 0.145718
vt 0.217164 0.145750
vt 0.617753 0.001929
vt 0.617491 0.019040
vt 0.580271 0.019115
vt 0.577859 0.002843
vt 0.598292 0.450054
vt 0.598577 0.433479
vt 0.675699 0.436464
vt 0.675427 0.453412
vt 0.722651 0.160129
vt 0.742665 0.160342
vt 0.741743 0.236167
vt 0.725481 0.234571
vt 0.491811 0.020151
vt 0.491459 0.002787
vt 0.532262 0.009796
vt 0.530097 0.031148
vt 0.367009 0.168614
vt 0.389562 0.167660
vt 0.388678 0.226307
vt 0.371745 0.228329
vt 0.616756 0.222037
vt 0.616037 0.249086
vt 0.577289 0.243802
vt 0.580271 0.206575
vt 0.435627 0.294395
vt 0.435863 0.277852
vt 0.511413 0.261568
vt 0.512401 0.292979
vt 0.502915 0.256820
vt 0.502114 0.239433
vt 0.539121 0.231373
vt 0.542838 0.252531
vt 0.563817 0.208578
vt 0.560632 0.159658
vt 0.583360 0.159581
vt 0.434369 0.454451
vt 0.434922 0.437752
vt 0.511615 0.439799
vt 0.510744 0.461049
vt 0.555993 0.231519
vt 0.535404 0.161174
vt 0.550440 0.160516
vt 0.599277 0.290220
vt 0.599969 0.273481
vt 0.678131 0.266769
vt 0.676763 0.287733
vt 0.434932 0.645942
vt 0.432434 0.584849
vt 0.489482 0.586157
vt 0.495457 0.631024
vt 0.434667 0.401071
vt 0.511573 0.402620
vt 0.828930 0.085606
vt 0.828936 0.011735
vt 0.908283 0.014123
vt 0.908233 0.085609
vt 0.599130 0.326775
vt 0.676338 0.325934
vt 0.497508 0.162882
vt 0.617837 0.159581
vt 0.728780 0.008757
vt 0.743935 0.031284
vt 0.727222 0.031932
vt 0.380289 0.025232
vt 0.363350 0.025074
vt 0.378368 0.008442
vt 0.726194 0.251004
vt 0.388996 0.259061
vt 0.563549 0.018330
vt 0.547120 0.029842
vt 0.438694 0.474244
vt 0.498207 0.478084
vt 0.828924 0.230051
vt 0.908256 0.217305
vt 0.526340 0.325426
vt 0.527242 0.436709
vt 0.527097 0.286568
vt 0.527664 0.269325
vt 0.761268 0.085606
vt 0.756124 0.230089
vt 0.756083 0.036726
vt 0.360320 0.475157
vt 0.369609 0.439420
vt 0.363160 0.401588
vt 0.364669 0.291085
vt 0.365580 0.274364
vt 0.374102 0.580753
vt 0.362141 0.648507
vt 0.382163 0.478883
vt 0.526727 0.460330
vt 0.064962 0.355443
vt 0.064408 0.336258
vt 0.093341 0.339900
vt 0.097101 0.354005
vt 0.083181 0.170257
vt 0.069906 0.169977
vt 0.069944 0.044721
vt 0.080494 0.044904
vt 0.023239 0.237601
vt 0.010842 0.237840
vt 0.010883 0.192868
vt 0.023932 0.194751
vt 0.300508 0.176222
vt 0.299973 0.158227
vt 0.330975 0.156993
vt 0.328421 0.170868
vt 0.250024 0.277579
vt 0.268297 0.276991
vt 0.271238 0.317898
vt 0.254230 0.320519
vt 0.068009 0.192323
vt 0.067928 0.179230
vt 0.081669 0.184556
vt 0.083020 0.199607
vt 0.130815 0.163829
vt 0.119845 0.165718
vt 0.093536 0.036167
vt 0.105819 0.034076
vt 0.293170 0.340221
vt 0.293080 0.323905
vt 0.335772 0.319861
vt 0.339369 0.334264
vt 0.095918 0.196365
vt 0.101084 0.232473
vt 0.084746 0.233852
vt 0.204853 0.150133
vt 0.187876 0.153010
vt 0.162959 0.023262
vt 0.173921 0.021328
vt 0.349840 0.321221
vt 0.334797 0.274285
vt 0.347663 0.273704
vt 0.015007 0.169976
vt 0.004455 0.169976
vt 0.004455 0.044753
vt 0.015007 0.044753
vt 0.116088 0.256449
vt 0.238023 0.256449
vt 0.241158 0.290299
vt 0.116220 0.295231
vt 0.173390 0.155736
vt 0.124814 0.030513
vt 0.217731 0.027133
vt 0.342954 0.017470
vt 0.343308 0.056643
vt 0.217563 0.056692
vt 0.039240 0.044753
vt 0.039219 0.169976
vt 0.304353 0.275697
vt 0.059454 0.235908
vt 0.025339 0.353145
vt 0.013258 0.336887
vt 0.027834 0.335386
vt 0.264538 0.173171
vt 0.250294 0.172470
vt 0.261341 0.159274
vt 0.021610 0.181564
vt 0.265531 0.335360
vt 0.107959 0.340144
vt 0.342549 0.169160
vt 0.115649 0.174246
vt 0.241717 0.167833
vt 0.343626 0.145718
vt 0.217164 0.145750
vt 0.019448 0.676178
vt 0.033612 0.676322
vt 0.034020 0.711753
vt 0.020855 0.714282
vt 0.086713 0.532538
vt 0.086855 0.518931
vt 0.160601 0.521690
vt 0.160467 0.535686
vt 0.127949 0.574945
vt 0.128103 0.555648
vt 0.179667 0.556453
vt 0.177707 0.571769
vt 0.193929 0.398898
vt 0.179730 0.398518
vt 0.186387 0.360318
vt 0.202357 0.363316
vt 0.288894 0.523631
vt 0.288965 0.502031
vt 0.327929 0.505288
vt 0.329555 0.521295
vt 0.170051 0.676091
vt 0.190019 0.676615
vt 0.187492 0.713845
vt 0.159502 0.711000
vt 0.281843 0.559888
vt 0.281958 0.546314
vt 0.354912 0.535203
vt 0.355378 0.557977
vt 0.354637 0.398218
vt 0.340318 0.398221
vt 0.335584 0.362748
vt 0.351716 0.359933
vt 0.162071 0.726581
vt 0.128442 0.729908
vt 0.128174 0.707996
vt 0.281191 0.710116
vt 0.281465 0.696453
vt 0.354880 0.698674
vt 0.354438 0.715093
vt 0.336704 0.346910
vt 0.288894 0.363336
vt 0.288857 0.348990
vt 0.087276 0.382253
vt 0.087606 0.368551
vt 0.161865 0.363635
vt 0.161206 0.379909
vt 0.097383 0.898568
vt 0.097326 0.848837
vt 0.168007 0.848638
vt 0.173486 0.888244
vt 0.281313 0.661633
vt 0.354847 0.662998
vt 0.257179 0.780004
vt 0.257130 0.730883
vt 0.332695 0.732264
vt 0.332815 0.780021
vt 0.087172 0.417109
vt 0.160969 0.416129
vt 0.289080 0.399366
vt 0.128174 0.675455
vt 0.024489 0.569810
vt 0.040845 0.555359
vt 0.041914 0.571210
vt 0.193902 0.504596
vt 0.192579 0.520489
vt 0.180197 0.505696
vt 0.191221 0.570970
vt 0.351195 0.506437
vt 0.033041 0.727614
vt 0.201514 0.347255
vt 0.097327 0.751800
vt 0.173218 0.751760
vt 0.257219 0.876898
vt 0.333008 0.868244
vt 0.018468 0.415836
vt 0.018924 0.521773
vt 0.018858 0.379254
vt 0.019107 0.365145
vt 0.193316 0.780004
vt 0.187790 0.876671
vt 0.188287 0.747681
vt 0.211795 0.723290
vt 0.219819 0.698027
vt 0.213248 0.662407
vt 0.214200 0.556877
vt 0.214663 0.543018
vt 0.029849 0.849124
vt 0.028679 0.900989
vt 0.027613 0.760059
vt 0.018667 0.539548
vt 0.064962 0.355443
vt 0.064408 0.336258
vt 0.093341 0.339900
vt 0.097101 0.354005
vt 0.083181 0.170257
vt 0.069906 0.169977
vt 0.069944 0.044721
vt 0.080494 0.044904
vt 0.023239 0.237601
vt 0.010842 0.237840
vt 0.010883 0.192868
vt 0.023932 0.194751
vt 0.300508 0.176222
vt 0.299973 0.158227
vt 0.330975 0.156993
vt 0.328421 0.170868
vt 0.250024 0.277579
vt 0.268297 0.276991
vt 0.271238 0.317898
vt 0.254230 0.320519
vt 0.068009 0.192323
vt 0.067928 0.179230
vt 0.081669 0.184556
vt 0.083020 0.199607
vt 0.130815 0.163829
vt 0.119845 0.165718
vt 0.093536 0.036167
vt 0.105819 0.034076
vt 0.293170 0.340221
vt 0.293080 0.323905
vt 0.335772 0.319861
vt 0.339369 0.334264
vt 0.095918 0.196365
vt 0.101084 0.232473
vt 0.084746 0.233852
vt 0.204853 0.150133
vt 0.187876 0.153010
vt 0.162959 0.023262
vt 0.173921 0.021328
vt 0.349840 0.321221
vt 0.334797 0.274285
vt 0.347663 0.273704
vt 0.015007 0.169976
vt 0.004455 0.169976
vt 0.004455 0.044753
vt 0.015007 0.044753
vt 0.116088 0.256449
vt 0.238023 0.256449
vt 0.241158 0.290299
vt 0.116220 0.295231
vt 0.173390 0.155736
vt 0.124814 0.030513
vt 0.217731 0.027133
vt 0.342954 0.017470
vt 0.343308 0.056643
vt 0.217563 0.056692
vt 0.039240 0.044753
vt 0.039219 0.169976
vt 0.304353 0.275697
vt 0.059454 0.235908
vt 0.025339 0.353145
vt 0.013258 0.336887
vt 0.027834 0.335386
vt 0.264538 0.173171
vt 0.250294 0.172470
vt 0.261341 0.159274
vt 0.021610 0.181564
vt 0.265531 0.335360
vt 0.107959 0.340144
vt 0.342549 0.169160
vt 0.115649 0.174246
vt 0.241717 0.167833
vt 0.343626 0.145718
vt 0.217164 0.145750
vt 0.617753 0.001929
vt 0.617491 0.019040
vt 0.580271 0.019115
vt 0.577859 0.002843
vt 0.598292 0.450054
vt 0.598577 0.433479
vt 0.675699 0.436464
vt 0.675427 0.453412
vt 0.722651 0.160129
vt 0.742665 0.160342
vt 0.741743 0.236167
vt 0.725481 0.234571
vt 0.491811 0.020151
vt 0.491459 0.002787
vt 0.532262 0.009796
vt 0.530097 0.031148
vt 0.367009 0.168614
vt 0.389562 0.167660
vt 0.388678 0.226307
vt 0.371745 0.228329
vt 0.616756 0.222037
vt 0.616037 0.249086
vt 0.577289 0.243802
vt 0.580271 0.206575
vt 0.435627 0.294395
vt 0.435863 0.277852
vt 0.511413 0.261568
vt 0.512401 0.292979
vt 0.502915 0.256820
vt 0.502114 0.239433
vt 0.539121 0.231373
vt 0.542838 0.252531
vt 0.563817 0.208578
vt 0.560632 0.159658
vt 0.583360 0.159581
vt 0.434369 0.454451
vt 0.434922 0.437752
vt 0.511615 0.439799
vt 0.510744 0.461049
vt 0.555993 0.231519
vt 0.535404 0.161174
vt 0.550440 0.160516
vt 0.599277 0.290220
vt 0.599969 0.273481
vt 0.678131 0.266769
vt 0.676763 0.287733
vt 0.434932 0.645942
vt 0.432434 0.584849
vt 0.489482 0.586157
vt 0.495457 0.631024
vt 0.434667 0.401071
vt 0.511573 0.402620
vt 0.828930 0.085606
vt 0.828936 0.011735
vt 0.908283 0.014123
vt 0.908233 0.085609
vt 0.599130 0.326775
vt 0.676338 0.325934
vt 0.497508 0.162882
vt 0.617837 0.159581
vt 0.728780 0.008757
vt 0.743935 0.031284
vt 0.727222 0.031932
vt 0.380289 0.025232
vt 0.363350 0.025074
vt 0.378368 0.008442
vt 0.726194 0.251004
vt 0.388996 0.259061
vt 0.563549 0.018330
vt 0.547120 0.029842
vt 0.438694 0.474244
vt 0.498207 0.478084
vt 0.828924 0.230051
vt 0.908256 0.217305
vt 0.526340 0.325426
vt 0.527242 0.436709
vt 0.527097 0.286568
vt 0.527664 0.269325
vt 0.761268 0.085606
vt 0.756124 0.230089
vt 0.756083 0.036726
vt 0.360320 0.475157
vt 0.369609 0.439420
vt 0.363160 0.401588
vt 0.364669 0.291085
vt 0.365580 0.274364
vt 0.374102 0.580753
vt 0.362141 0.648507
vt 0.382163 0.478883
vt 0.526727 0.460330
vt 0.617753 0.001929
vt 0.617491 0.019040
vt 0.580271 0.019115
vt 0.577859 0.002843
vt 0.598292 0.450054
vt 0.598577 0.433479
vt 0.675699 0.436464
vt 0.675427 0.453412
vt 0.722651 0.160129
vt 0.742665 0.160342
vt 0.741743 0.236167
vt 0.725481 0.234571
vt 0.491811 0.020151
vt 0.491459 0.002787
vt 0.532262 0.009796
vt 0.530097 0.031148
vt 0.367009 0.168614
vt 0.389562 0.167660
vt 0.388678 0.226307
vt 0.371745 0.228329
vt 0.616756 0.222037
vt 0.616037 0.249086
vt 0.577289 0.243802
vt 0.580271 0.206575
vt 0.435627 0.294395
vt 0.435863 0.277852
vt 0.511413 0.261568
vt 0.512401 0.292979
vt 0.502915 0.256820
vt 0.502114 0.239433
vt 0.539121 0.231373
vt 0.542838 0.252531
vt 0.563817 0.208578
vt 0.560632 0.159658
vt 0.583360 0.159581
vt 0.434369 0.454451
vt 0.434922 0.437752
vt 0.511615 0.439799
vt 0.510744 0.461049
vt 0.555993 0.231519
vt 0.535404 0.161174
vt 0.550440 0.160516
vt 0.599277 0.290220
vt 0.599969 0.273481
vt 0.678131 0.266769
vt 0.676763 0.287733
vt 0.434932 0.645942
vt 0.432434 0.584849
vt 0.489482 0.586157
vt 0.495457 0.631024
vt 0.434667 0.401071
vt 0.511573 0.402620
vt 0.828930 0.085606
vt 0.828936 0.011735
vt 0.908283 0.014123
vt 0.908233 0.085609
vt 0.599130 0.326775
vt 0.676338 0.325934
vt 0.497508 0.162882
vt 0.617837 0.159581
vt 0.728780 0.008757
vt 0.743935 0.031284
vt 0.727222 0.031932
vt 0.380289 0.025232
vt 0.363350 0.025074
vt 0.378368 0.008442
vt 0.726194 0.251004
vt 0.388996 0.259061
vt 0.563549 0.018330
vt 0.547120 0.029842
vt 0.438694 0.474244
vt 0.498207 0.478084
vt 0.828924 0.230051
vt 0.908256 0.217305
vt 0.526340 0.325426
vt 0.527242 0.436709
vt 0.527097 0.286568
vt 0.527664 0.269325
vt 0.761268 0.085606
vt 0.756124 0.230089
vt 0.756083 0.036726
vt 0.360320 0.475157
vt 0.369609 0.439420
vt 0.363160 0.401588
vt 0.364669 0.291085
vt 0.365580 0.274364
vt 0.374102 0.580753
vt 0.362141 0.648507
vt 0.382163 0.478883
vt 0.526727 0.460330
vt 0.617753 0.001929
vt 0.617491 0.019040
vt 0.580271 0.019115
vt 0.577859 0.002843
vt 0.598292 0.450054
vt 0.598577 0.433479
vt 0.675699 0.436464
vt 0.675427 0.453412
vt 0.722651 0.160129
vt 0.742665 0.160342
vt 0.741743 0.236167
vt 0.725481 0.234571
vt 0.491811 0.020151
vt 0.491459 0.002787
vt 0.532262 0.009796
vt 0.530097 0.031148
vt 0.367009 0.168614
vt 0.389562 0.167660
vt 0.388678 0.226307
vt 0.371745 0.228329
vt 0.616756 0.222037
vt 0.616037 0.249086
vt 0.577289 0.243802
vt 0.580271 0.206575
vt 0.435627 0.294395
vt 0.435863 0.277852
vt 0.511413 0.261568
vt 0.512401 0.292979
vt 0.502915 0.256820
vt 0.502114 0.239433
vt 0.539121 0.231373
vt 0.542838 0.252531
vt 0.563817 0.208578
vt 0.560632 0.159658
vt 0.583360 0.159581
vt 0.434369 0.454451
vt 0.434922 0.437752
vt 0.511615 0.439799
vt 0.510744 0.461049
vt 0.555993 0.231519
vt 0.535404 0.161174
vt 0.550440 0.160516
vt 0.599277 0.290220
vt 0.599969 0.273481
vt 0.678131 0.266769
vt 0.676763 0.287733
vt 0.434932 0.645942
vt 0.432434 0.584849
vt 0.489482 0.586157
vt 0.495457 0.631024
vt 0.434667 0.401071
vt 0.511573 0.402620
vt 0.828930 0.085606
vt 0.828936 0.011735
vt 0.908283 0.014123
vt 0.908233 0.085609
vt 0.599130 0.326775
vt 0.676338 0.325934
vt 0.497508 0.162882
vt 0.617837 0.159581
vt 0.728780 0.008757
vt 0.743935 0.031284
vt 0.727222 0.031932
vt 0.380289 0.025232
vt 0.363350 0.025074
vt 0.378368 0.008442
vt 0.726194 0.251004
vt 0.388996 0.259061
vt 0.563549 0.018330
vt 0.547120 0.029842
vt 0.438694 0.474244
vt 0.498207 0.478084
vt 0.828924 0.230051
vt 0.908256 0.217305
vt 0.526340 0.325426
vt 0.527242 0.436709
vt 0.527097 0.286568
vt 0.527664 0.269325
vt 0.761268 0.085606
vt 0.756124 0.230089
vt 0.756083 0.036726
vt 0.360320 0.475157
vt 0.369609 0.439420
vt 0.363160 0.401588
vt 0.364669 0.291085
vt 0.365580 0.274364
vt 0.374102 0.580753
vt 0.362141 0.648507
vt 0.382163 0.478883
vt 0.526727 0.460330
vt 0.617753 0.001929
vt 0.617491 0.019040
vt 0.580271 0.019115
vt 0.577859 0.002843
vt 0.598292 0.450054
vt 0.598577 0.433479
vt 0.675699 0.436464
vt 0.675427 0.453412
vt 0.722651 0.160129
vt 0.742665 0.160342
vt 0.741743 0.236167
vt 0.725481 0.234571
vt 0.491811 0.020151
vt 0.491459 0.002787
vt 0.532262 0.009796
vt 0.530097 0.031148
vt 0.367009 0.168614
vt 0.389562 0.167660
vt 0.388678 0.226307
vt 0.371745 0.228329
vt 0.616756 0.222037
vt 0.616037 0.249086
vt 0.577289 0.243802
vt 0.580271 0.206575
vt 0.435627 0.294395
vt 0.435863 0.277852
vt 0.511413 0.261568
vt 0.512401 0.292979
vt 0.502915 0.256820
vt 0.502114 0.239433
vt 0.539121 0.231373
vt 0.542838 0.252531
vt 0.563817 0.208578
vt 0.560632 0.159658
vt 0.583360 0.159581
vt 0.434369 0.454451
vt 0.434922 0.437752
vt 0.511615 0.439799
vt 0.510744 0.461049
vt 0.555993 0.231519
vt 0.535404 0.161174
vt 0.550440 0.160516
vt 0.599277 0.290220
vt 0.599969 0.273481
vt 0.678131 0.266769
vt 0.676763 0.287733
vt 0.434932 0.645942
vt 0.432434 0.584849
vt 0.489482 0.586157
vt 0.495457 0.631024
vt 0.434667 0.401071
vt 0.511573 0.402620
vt 0.828930 0.085606
vt 0.828936 0.011735
vt 0.908283 0.014123
vt 0.908233 0.085609
vt 0.599130 0.326775
vt 0.676338 0.325934
vt 0.497508 0.162882
vt 0.617837 0.159581
vt 0.728780 0.008757
vt 0.743935 0.031284
vt 0.727222 0.031932
vt 0.380289 0.025232
vt 0.363350 0.025074
vt 0.378368 0.008442
vt 0.726194 0.251004
vt 0.388996 0.259061
vt 0.563549 0.018330
vt 0.547120 0.029842
vt 0.438694 0.474244
vt 0.498207 0.478084
vt 0.828924 0.230051
vt 0.908256 0.217305
vt 0.526340 0.325426
vt 0.527242 0.436709
vt 0.527097 0.286568
vt 0.527664 0.269325
vt 0.761268 0.085606
vt 0.756124 0.230089
vt 0.756083 0.036726
vt 0.360320 0.475157
vt 0.369609 0.439420
vt 0.363160 0.401588
vt 0.364669 0.291085
vt 0.365580 0.274364
vt 0.374102 0.580753
vt 0.362141 0.648507
vt 0.382163 0.478883
vt 0.526727 0.460330
vt 0.064962 0.355443
vt 0.064408 0.336258
vt 0.093341 0.339900
vt 0.097101 0.354005
vt 0.083181 0.170257
vt 0.069906 0.169977
vt 0.069944 0.044721
vt 0.080494 0.044904
vt 0.023239 0.237601
vt 0.010842 0.237840
vt 0.010883 0.192868
vt 0.023932 0.194751
vt 0.300508 0.176222
vt 0.299973 0.158227
vt 0.330975 0.156993
vt 0.328421 0.170868
vt 0.250024 0.277579
vt 0.268297 0.276991
vt 0.271238 0.317898
vt 0.254230 0.320519
vt 0.068009 0.192323
vt 0.067928 0.179230
vt 0.081669 0.184556
vt 0.083020 0.199607
vt 0.130815 0.163829
vt 0.119845 0.165718
vt 0.093536 0.036167
vt 0.105819 0.034076
vt 0.293170 0.340221
vt 0.293080 0.323905
vt 0.335772 0.319861
vt 0.339369 0.334264
vt 0.095918 0.196365
vt 0.101084 0.232473
vt 0.084746 0.233852
vt 0.204853 0.150133
vt 0.187876 0.153010
vt 0.162959 0.023262
vt 0.173921 0.021328
vt 0.349840 0.321221
vt 0.334797 0.274285
vt 0.347663 0.273704
vt 0.015007 0.169976
vt 0.004455 0.169976
vt 0.004455 0.044753
vt 0.015007 0.044753
vt 0.116088 0.256449
vt 0.238023 0.256449
vt 0.241158 0.290299
vt 0.116220 0.295231
vt 0.173390 0.155736
vt 0.124814 0.030513
vt 0.217731 0.027133
vt 0.342954 0.017470
vt 0.343308 0.056643
vt 0.217563 0.056692
vt 0.039240 0.044753
vt 0.039219 0.169976
vt 0.304353 0.275697
vt 0.059454 0.235908
vt 0.025339 0.353145
vt 0.013258 0.336887
vt 0.027834 0.335386
vt 0.264538 0.173171
vt 0.250294 0.172470
vt 0.261341 0.159274
vt 0.021610 0.181564
vt 0.265531 0.335360
vt 0.107959 0.340144
vt 0.342549 0.169160
vt 0.115649 0.174246
vt 0.241717 0.167833
vt 0.343626 0.145718
vt 0.217164 0.145750
vt 0.019448 0.676178
vt 0.033612 0.676322
vt 0.034020 0.711753
vt 0.020855 0.714282
vt 0.086713 0.532538
vt 0.086855 0.518931
vt 0.160601 0.521690
vt 0.160467 0.535686
vt 0.127949 0.574945
vt 0.128103 0.555648
vt 0.179667 0.556453
vt 0.177707 0.571769
vt 0.193929 0.398898
vt 0.179730 0.398518
vt 0.186387 0.360318
vt 0.202357 0.363316
vt 0.288894 0.523631
vt 0.288965 0.502031
vt 0.327929 0.505288
vt 0.329555 0.521295
vt 0.170051 0.676091
vt 0.190019 0.676615
vt 0.187492 0.713845
vt 0.159502 0.711000
vt 0.281843 0.559888
vt 0.281958 0.546314
vt 0.354912 0.535203
vt 0.355378 0.557977
vt 0.354637 0.398218
vt 0.340318 0.398221
vt 0.335584 0.362748
vt 0.351716 0.359933
vt 0.162071 0.726581
vt 0.128442 0.729908
vt 0.128174 0.707996
vt 0.281191 0.710116
vt 0.281465 0.696453
vt 0.354880 0.698674
vt 0.354438 0.715093
vt 0.336704 0.346910
vt 0.288894 0.363336
vt 0.288857 0.348990
vt 0.087276 0.382253
vt 0.087606 0.368551
vt 0.161865 0.363635
vt 0.161206 0.379909
vt 0.097383 0.898568
vt 0.097326 0.848837
vt 0.168007 0.848638
vt 0.173486 0.888244
vt 0.281313 0.661633
vt 0.354847 0.662998
vt 0.257179 0.780004
vt 0.257130 0.730883
vt 0.332695 0.732264
vt 0.332815 0.780021
vt 0.087172 0.417109
vt 0.160969 0.416129
vt 0.289080 0.399366
vt 0.128174 0.675455
vt 0.024489 0.569810
vt 0.040845 0.555359
vt 0.041914 0.571210
vt 0.193902 0.504596
vt 0.192579 0.520489
vt 0.180197 0.505696
vt 0.191221 0.570970
vt 0.351195 0.506437
vt 0.033041 0.727614
vt 0.201514 0.347255
vt 0.097327 0.751800
vt 0.173218 0.751760
vt 0.257219 0.876898
vt 0.333008 0.868244
vt 0.018468 0.415836
vt 0.018924 0.521773
vt 0.018858 0.379254
vt 0.019107 0.365145
vt 0.193316 0.780004
vt 0.187790 0.876671
vt 0.188287 0.747681
vt 0.211795 0.723290
vt 0.219819 0.698027
vt 0.213248 0.662407
vt 0.214200 0.556877
vt 0.214663 0.543018
vt 0.029849 0.849124
vt 0.028679 0.900989
vt 0.027613 0.760059
vt 0.018667 0.539548
vt 0.716555 0.456738
vt 0.694762 0.457523
vt 0.695524 0.341584
vt 0.717869 0.331949
vt 0.791956 0.520765
vt 0.792028 0.499175
vt 0.923020 0.499810
vt 0.924622 0.533987
vt 0.971547 0.770026
vt 0.985627 0.768961
vt 0.986068 0.787431
vt 0.972335 0.787700
vt 0.683679 0.549606
vt 0.682535 0.533813
vt 0.753050 0.530404
vt 0.753300 0.545860
vt 0.654595 0.778594
vt 0.669475 0.778886
vt 0.666034 0.795908
vt 0.650980 0.791347
vt 0.486522 0.875090
vt 0.503598 0.868901
vt 0.533491 0.952911
vt 0.516060 0.959035
vt 0.547177 0.823612
vt 0.538617 0.808696
vt 0.623667 0.765383
vt 0.628203 0.794984
vt 0.642293 0.819012
vt 0.660439 0.812424
vt 0.687792 0.897146
vt 0.672350 0.902503
vt 0.836790 0.824536
vt 0.820407 0.819975
vt 0.828041 0.792686
vt 0.843336 0.793493
vt 0.601939 0.983955
vt 0.593825 0.961753
vt 0.681556 0.928602
vt 0.687211 0.942575
vt 0.807410 0.784776
vt 0.794853 0.786174
vt 0.791879 0.762181
vt 0.804742 0.760533
vt 0.792674 0.294035
vt 0.792957 0.272840
vt 0.925270 0.254714
vt 0.922865 0.293881
vt 0.403784 0.937477
vt 0.394960 0.909402
vt 0.473059 0.907096
vt 0.473866 0.917672
vt 0.584088 0.934866
vt 0.554024 0.850723
vt 0.554070 0.510606
vt 0.554032 0.493521
vt 0.640277 0.481090
vt 0.640288 0.510591
vt 0.792722 0.456738
vt 0.792551 0.332999
vt 0.922905 0.333515
vt 0.923085 0.456933
vt 0.708240 0.795751
vt 0.699251 0.774801
vt 0.770221 0.764588
vt 0.773888 0.787686
vt 0.876542 0.817969
vt 0.870773 0.792356
vt 0.947245 0.785746
vt 0.950060 0.808739
vt 0.724399 0.493792
vt 0.714237 0.523926
vt 0.693775 0.505501
vt 0.660419 0.558479
vt 0.647201 0.558810
vt 0.657248 0.539578
vt 0.976007 0.820363
vt 0.640442 0.766813
vt 0.533146 0.994743
vt 0.542924 0.979656
vt 0.549635 0.996462
vt 0.696084 0.925336
vt 0.837734 0.564218
vt 0.823688 0.560143
vt 0.833693 0.542999
vt 0.776920 0.534552
vt 0.788612 0.555734
vt 0.775622 0.556633
vt 0.954295 0.823962
vt 0.682392 0.831728
vt 0.715761 0.819235
vt 0.400090 0.802043
vt 0.467915 0.808693
vt 0.651841 0.673576
vt 0.668854 0.672925
vt 0.691066 0.671780
vt 0.758795 0.666970
vt 0.778524 0.665470
vt 0.794794 0.664202
vt 0.632620 0.624547
vt 0.554980 0.633668
vt 0.830540 0.667843
vt 0.847124 0.669403
vt 0.869175 0.675489
vt 0.938824 0.680699
vt 0.963003 0.674510
vt 0.976450 0.673838
vt 0.718611 0.292352
vt 0.717601 0.262171
vt 0.505163 0.510606
vt 0.508461 0.642749
vt 0.505166 0.484799
vt 0.498762 0.842623
vt 0.479132 0.806037
vt 0.338000 0.891342
vt 0.327867 0.917449
vt 0.358816 0.790851
vt 0.880831 0.843908
vt 0.840889 0.850214
vt 0.857630 0.537263
vt 0.866361 0.549273
vt 0.376476 0.675170
vt 0.418827 0.676525
vt 0.489546 0.699610
vt 0.554070 0.771640
vt 0.640284 0.752316
vt 0.505162 0.761165
vt 0.934749 0.546095
vt 0.960432 0.551042
vt 0.974502 0.550805
vt 0.019448 0.676178
vt 0.033612 0.676322
vt 0.034020 0.711753
vt 0.020855 0.714282
vt 0.086713 0.532538
vt 0.086855 0.518931
vt 0.160601 0.521690
vt 0.160467 0.535686
vt 0.127949 0.574945
vt 0.128103 0.555648
vt 0.179667 0.556453
vt 0.177707 0.571769
vt 0.193929 0.398898
vt 0.179730 0.398518
vt 0.186387 0.360318
vt 0.202357 0.363316
vt 0.288894 0.523631
vt 0.288965 0.502031
vt 0.327929 0.505288
vt 0.329555 0.521295
vt 0.170051 0.676091
vt 0.190019 0.676615
vt 0.187492 0.713845
vt 0.159502 0.711000
vt 0.281843 0.559888
vt 0.281958 0.546314
vt 0.354912 0.535203
vt 0.355378 0.557977
vt 0.354637 0.398218
vt 0.340318 0.398221
vt 0.335584 0.362748
vt 0.351716 0.359933
vt 0.162071 0.726581
vt 0.128442 0.729908
vt 0.128174 0.707996
vt 0.281191 0.710116
vt 0.281465 0.696453
vt 0.354880 0.698674
vt 0.354438 0.715093
vt 0.336704 0.346910
vt 0.288894 0.363336
vt 0.288857 0.348990
vt 0.087276 0.382253
vt 0.087606 0.368551
vt 0.161865 0.363635
vt 0.161206 0.379909
vt 0.097383 0.898568
vt 0.097326 0.848837
vt 0.168007 0.848638
vt 0.173486 0.888244
vt 0.281313 0.661633
vt 0.354847 0.662998
vt 0.257179 0.780004
vt 0.257130 0.730883
vt 0.332695 0.732264
vt 0.332815 0.780021
vt 0.087172 0.417109
vt 0.160969 0.416129
vt 0.289080 0.399366
vt 0.128174 0.675455
vt 0.024489 0.569810
vt 0.040845 0.555359
vt 0.041914 0.571210
vt 0.193902 0.504596
vt 0.192579 0.520489
vt 0.180197 0.505696
vt 0.191221 0.570970
vt 0.351195 0.506437
vt 0.033041 0.727614
vt 0.201514 0.347255
vt 0.097327 0.751800
vt 0.173218 0.751760
vt 0.257219 0.876898
vt 0.333008 0.868244
vt 0.018468 0.415836
vt 0.018924 0.521773
vt 0.018858 0.379254
vt 0.019107 0.365145
vt 0.193316 0.780004
vt 0.187790 0.876671
vt 0.188287 0.747681
vt 0.211795 0.723290
vt 0.219819 0.698027
vt 0.213248 0.662407
vt 0.214200 0.556877
vt 0.214663 0.543018
vt 0.029849 0.849124
vt 0.028679 0.900989
vt 0.027613 0.760059
vt 0.018667 0.539548
vt 0.617753 0.001929
vt 0.617491 0.019040
vt 0.580271 0.019115
vt 0.577859 0.002843
vt 0.598292 0.450054
vt 0.598577 0.433479
vt 0.675699 0.436464
vt 0.675427 0.453412
vt 0.722651 0.160129
vt 0.742665 0.160342
vt 0.741743 0.236167
vt 0.725481 0.234571
vt 0.491811 0.020151
vt 0.491459 0.002787
vt 0.532262 0.009796
vt 0.530097 0.031148
vt 0.367009 0.168614
vt 0.389562 0.167660
vt 0.388678 0.226307
vt 0.371745 0.228329
vt 0.616756 0.222037
vt 0.616037 0.249086
vt 0.577289 0.243802
vt 0.580271 0.206575
vt 0.435627 0.294395
vt 0.435863 0.277852
vt 0.511413 0.261568
vt 0.512401 0.292979
vt 0.502915 0.256820
vt 0.502114 0.239433
vt 0.539121 0.231373
vt 0.542838 0.252531
vt 0.563817 0.208578
vt 0.560632 0.159658
vt 0.583360 0.159581
vt 0.434369 0.454451
vt 0.434922 0.437752
vt 0.511615 0.439799
vt 0.510744 0.461049
vt 0.555993 0.231519
vt 0.535404 0.161174
vt 0.550440 0.160516
vt 0.599277 0.290220
vt 0.599969 0.273481
vt 0.678131 0.266769
vt 0.676763 0.287733
vt 0.434932 0.645942
vt 0.432434 0.584849
vt 0.489482 0.586157
vt 0.495457 0.631024
vt 0.434667 0.401071
vt 0.511573 0.402620
vt 0.828930 0.085606
vt 0.828936 0.011735
vt 0.908283 0.014123
vt 0.908233 0.085609
vt 0.599130 0.326775
vt 0.676338 0.325934
vt 0.497508 0.162882
vt 0.617837 0.159581
vt 0.728780 0.008757
vt 0.743935 0.031284
vt 0.727222 0.031932
vt 0.380289 0.025232
vt 0.363350 0.025074
vt 0.378368 0.008442
vt 0.726194 0.251004
vt 0.388996 0.259061
vt 0.563549 0.018330
vt 0.547120 0.029842
vt 0.438694 0.474244
vt 0.498207 0.478084
vt 0.828924 0.230051
vt 0.908256 0.217305
vt 0.526340 0.325426
vt 0.527242 0.436709
vt 0.527097 0.286568
vt 0.527664 0.269325
vt 0.761268 0.085606
vt 0.756124 0.230089
vt 0.756083 0.036726
vt 0.360320 0.475157
vt 0.369609 0.439420
vt 0.363160 0.401588
vt 0.364669 0.291085
vt 0.365580 0.274364
vt 0.374102 0.580753
vt 0.362141 0.648507
vt 0.382163 0.478883
vt 0.526727 0.460330
vt 0.019448 0.676178
vt 0.033612 0.676322
vt 0.034020 0.711753
vt 0.020855 0.714282
vt 0.086713 0.532538
vt 0.086855 0.518931
vt 0.160601 0.521690
vt 0.160467 0.535686
vt 0.127949 0.574945
vt 0.128103 0.555648
vt 0.179667 0.556453
vt 0.177707 0.571769
vt 0.193929 0.398898
vt 0.179730 0.398518
vt 0.186387 0.360318
vt 0.202357 0.363316
vt 0.288894 0.523631
vt 0.288965 0.502031
vt 0.327929 0.505288
vt 0.329555 0.521295
vt 0.170051 0.676091
vt 0.190019 0.676615
vt 0.187492 0.713845
vt 0.159502 0.711000
vt 0.281843 0.559888
vt 0.281958 0.546314
vt 0.354912 0.535203
vt 0.355378 0.557977
vt 0.354637 0.398218
vt 0.340318 0.398221
vt 0.335584 0.362748
vt 0.351716 0.359933
vt 0.162071 0.726581
vt 0.128442 0.729908
vt 0.128174 0.707996
vt 0.281191 0.710116
vt 0.281465 0.696453
vt 0.354880 0.698674
vt 0.354438 0.715093
vt 0.336704 0.346910
vt 0.288894 0.363336
vt 0.288857 0.348990
vt 0.087276 0.382253
vt 0.087606 0.368551
vt 0.161865 0.363635
vt 0.161206 0.379909
vt 0.097383 0.898568
vt 0.097326 0.848837
vt 0.168007 0.848638
vt 0.173486 0.888244
vt 0.281313 0.661633
vt 0.354847 0.662998
vt 0.257179 0.780004
vt 0.257130 0.730883
vt 0.332695 0.732264
vt 0.332815 0.780021
vt 0.087172 0.417109
vt 0.160969 0.416129
vt 0.289080 0.399366
vt 0.128174 0.675455
vt 0.024489 0.569810
vt 0.040845 0.555359
vt 0.041914 0.571210
vt 0.193902 0.504596
vt 0.192579 0.520489
vt 0.180197 0.505696
vt 0.191221 0.570970
vt 0.351195 0.506437
vt 0.033041 0.727614
vt 0.201514 0.347255
vt 0.097327 0.751800
vt 0.173218 0.751760
vt 0.257219 0.876898
vt 0.333008 0.868244
vt 0.018468 0.415836
vt 0.018924 0.521773
vt 0.018858 0.379254
vt 0.019107 0.365145
vt 0.193316 0.780004
vt 0.187790 0.876671
vt 0.188287 0.747681
vt 0.211795 0.723290
vt 0.219819 0.698027
vt 0.213248 0.662407
vt 0.214200 0.556877
vt 0.214663 0.543018
vt 0.029849 0.849124
vt 0.028679 0.900989
vt 0.027613 0.760059
vt 0.018667 0.539548
vt 0.617753 0.001929
vt 0.617491 0.019040
vt 0.580271 0.019115
vt 0.577859 0.002843
vt 0.598292 0.450054
vt 0.598577 0.433479
vt 0.675699 0.436464
vt 0.675427 0.453412
vt 0.722651 0.160129
vt 0.742665 0.160342
vt 0.741743 0.236167
vt 0.725481 0.234571
vt 0.491811 0.020151
vt 0.491459 0.002787
vt 0.532262 0.009796
vt 0.530097 0.031148
vt 0.367009 0.168614
vt 0.389562 0.167660
vt 0.388678 0.226307
vt 0.371745 0.228329
vt 0.616756 0.222037
vt 0.616037 0.249086
vt 0.577289 0.243802
vt 0.580271 0.206575
vt 0.435627 0.294395
vt 0.435863 0.277852
vt 0.511413 0.261568
vt 0.512401 0.292979
vt 0.502915 0.256820
vt 0.502114 0.239433
vt 0.539121 0.231373
vt 0.542838 0.252531
vt 0.563817 0.208578
vt 0.560632 0.159658
vt 0.583360 0.159581
vt 0.434369 0.454451
vt 0.434922 0.437752
vt 0.511615 0.439799
vt 0.510744 0.461049
vt 0.555993 0.231519
vt 0.535404 0.161174
vt 0.550440 0.160516
vt 0.599277 0.290220
vt 0.599969 0.273481
vt 0.678131 0.266769
vt 0.676763 0.287733
vt 0.434932 0.645942
vt 0.432434 0.584849
vt 0.489482 0.586157
vt 0.495457 0.631024
vt 0.434667 0.401071
vt 0.511573 0.402620
vt 0.828930 0.085606
vt 0.828936 0.011735
vt 0.908283 0.014123
vt 0.908233 0.085609
vt 0.599130 0.326775
vt 0.676338 0.325934
vt 0.497508 0.162882
vt 0.617837 0.159581
vt 0.728780 0.008757
vt 0.743935 0.031284
vt 0.727222 0.031932
vt 0.380289 0.025232
vt 0.363350 0.025074
vt 0.378368 0.008442
vt 0.726194 0.251004
vt 0.388996 0.259061
vt 0.563549 0.018330
vt 0.547120 0.029842
vt 0.438694 0.474244
vt 0.498207 0.478084
vt 0.828924 0.230051
vt 0.908256 0.217305
vt 0.526340 0.325426
vt 0.527242 0.436709
vt 0.527097 0.286568
vt 0.527664 0.269325
vt 0.761268 0.085606
vt 0.756124 0.230089
vt 0.756083 0.036726
vt 0.360320 0.475157
vt 0.369609 0.439420
vt 0.363160 0.401588
vt 0.364669 0.291085
vt 0.365580 0.274364
vt 0.374102 0.580753
vt 0.362141 0.648507
vt 0.382163 0.478883
vt 0.526727 0.460330
vt 0.716555 0.456738
vt 0.694762 0.457523
vt 0.695524 0.341584
vt 0.717869 0.331949
vt 0.791956 0.520765
vt 0.792028 0.499175
vt 0.923020 0.499810
vt 0.924622 0.533987
vt 0.971547 0.770026
vt 0.985627 0.768961
vt 0.986068 0.787431
vt 0.972335 0.787700
vt 0.683679 0.549606
vt 0.682535 0.533813
vt 0.753050 0.530404
vt 0.753300 0.545860
vt 0.654595 0.778594
vt 0.669475 0.778886
vt 0.666034 0.795908
vt 0.650980 0.791347
vt 0.486522 0.875090
vt 0.503598 0.868901
vt 0.533491 0.952911
vt 0.516060 0.959035
vt 0.547177 0.823612
vt 0.538617 0.808696
vt 0.623667 0.765383
vt 0.628203 0.794984
vt 0.642293 0.819012
vt 0.660439 0.812424
vt 0.687792 0.897146
vt 0.672350 0.902503
vt 0.836790 0.824536
vt 0.820407 0.819975
vt 0.828041 0.792686
vt 0.843336 0.793493
vt 0.601939 0.983955
vt 0.593825 0.961753
vt 0.681556 0.928602
vt 0.687211 0.942575
vt 0.807410 0.784776
vt 0.794853 0.786174
vt 0.791879 0.762181
vt 0.804742 0.760533
vt 0.792674 0.294035
vt 0.792957 0.272840
vt 0.925270 0.254714
vt 0.922865 0.293881
vt 0.403784 0.937477
vt 0.394960 0.909402
vt 0.473059 0.907096
vt 0.473866 0.917672
vt 0.584088 0.934866
vt 0.554024 0.850723
vt 0.554070 0.510606
vt 0.554032 0.493521
vt 0.640277 0.481090
vt 0.640288 0.510591
vt 0.792722 0.456738
vt 0.792551 0.332999
vt 0.922905 0.333515
vt 0.923085 0.456933
vt 0.708240 0.795751
vt 0.699251 0.774801
vt 0.770221 0.764588
vt 0.773888 0.787686
vt 0.876542 0.817969
vt 0.870773 0.792356
vt 0.947245 0.785746
vt 0.950060 0.808739
vt 0.724399 0.493792
vt 0.714237 0.523926
vt 0.693775 0.505501
vt 0.660419 0.558479
vt 0.647201 0.558810
vt 0.657248 0.539578
vt 0.976007 0.820363
vt 0.640442 0.766813
vt 0.533146 0.994743
vt 0.542924 0.979656
vt 0.549635 0.996462
vt 0.696084 0.925336
vt 0.837734 0.564218
vt 0.823688 0.560143
vt 0.833693 0.542999
vt 0.776920 0.534552
vt 0.788612 0.555734
vt 0.775622 0.556633
vt 0.954295 0.823962
vt 0.682392 0.831728
vt 0.715761 0.819235
vt 0.400090 0.802043
vt 0.467915 0.808693
vt 0.651841 0.673576
vt 0.668854 0.672925
vt 0.691066 0.671780
vt 0.758795 0.666970
vt 0.778524 0.665470
vt 0.794794 0.664202
vt 0.632620 0.624547
vt 0.554980 0.633668
vt 0.830540 0.667843
vt 0.847124 0.669403
vt 0.869175 0.675489
vt 0.938824 0.680699
vt 0.963003 0.674510
vt 0.976450 0.673838
vt 0.718611 0.292352
vt 0.717601 0.262171
vt 0.505163 0.510606
vt 0.508461 0.642749
vt 0.505166 0.484799
vt 0.498762 0.842623
vt 0.479132 0.806037
vt 0.338000 0.891342
vt 0.327867 0.917449
vt 0.358816 0.790851
vt 0.880831 0.843908
vt 0.840889 0.850214
vt 0.857630 0.537263
vt 0.866361 0.549273
vt 0.376476 0.675170
vt 0.418827 0.676525
vt 0.489546 0.699610
vt 0.554070 0.771640
vt 0.640284 0.752316
vt 0.505162 0.761165
vt 0.934749 0.546095
vt 0.960432 0.551042
vt 0.974502 0.550805
vt 0.064962 0.355443
vt 0.064408 0.336258
vt 0.093341 0.339900
vt 0.097101 0.354005
vt 0.083181 0.170257
vt 0.069906 0.169977
vt 0.069944 0.044721
vt 0.080494 0.044904
vt 0.023239 0.237601
vt 0.010842 0.237840
vt 0.010883 0.192868
vt 0.023932 0.194751
vt 0.300508 0.176222
vt 0.299973 0.158227
vt 0.330975 0.156993
vt 0.328421 0.170868
vt 0.250024 0.277579
vt 0.268297 0.276991
vt 0.271238 0.317898
vt 0.254230 0.320519
vt 0.068009 0.192323
vt 0.067928 0.179230
vt 0.081669 0.184556
vt 0.083020 0.199607
vt 0.130815 0.163829
vt 0.119845 0.165718
vt 0.093536 0.036167
vt 0.105819 0.034076
vt 0.293170 0.340221
vt 0.293080 0.323905
vt 0.335772 0.319861
vt 0.339369 0.334264
vt 0.095918 0.196365
vt 0.101084 0.232473
vt 0.084746 0.233852
vt 0.204853 0.150133
vt 0.187876 0.153010
vt 0.162959 0.023262
vt 0.173921 0.021328
vt 0.349840 0.321221
vt 0.334797 0.274285
vt 0.347663 0.273704
vt 0.015007 0.169976
vt 0.004455 0.169976
vt 0.004455 0.044753
vt 0.015007 0.044753
vt 0.116088 0.256449
vt 0.238023 0.256449
vt 0.241158 0.290299
vt 0.116220 0.295231
vt 0.173390 0.155736
vt 0.124814 0.030513
vt 0.217731 0.027133
vt 0.342954 0.017470
vt 0.343308 0.056643
vt 0.217563 0.056692
vt 0.039240 0.044753
vt 0.039219 0.169976
vt 0.304353 0.275697
vt 0.059454 0.235908
vt 0.025339 0.353145
vt 0.013258 0.336887
vt 0.027834 0.335386
vt 0.264538 0.173171
vt 0.250294 0.172470
vt 0.261341 0.159274
vt 0.021610 0.181564
vt 0.265531 0.335360
vt 0.107959 0.340144
vt 0.342549 0.169160
vt 0.115649 0.174246
vt 0.241717 0.167833
vt 0.343626 0.145718
vt 0.217164 0.145750
vt 0.019448 0.676178
vt 0.033612 0.676322
vt 0.034020 0.711753
vt 0.020855 0.714282
vt 0.086713 0.532538
vt 0.086855 0.518931
vt 0.160601 0.521690
vt 0.160467 0.535686
vt 0.127949 0.574945
vt 0.128103 0.555648
vt 0.179667 0.556453
vt 0.177707 0.571769
vt 0.193929 0.398898
vt 0.179730 0.398518
vt 0.186387 0.360318
vt 0.202357 0.363316
vt 0.288894 0.523631
vt 0.288965 0.502031
vt 0.327929 0.505288
vt 0.329555 0.521295
vt 0.170051 0.676091
vt 0.190019 0.676615
vt 0.187492 0.713845
vt 0.159502 0.711000
vt 0.281843 0.559888
vt 0.281958 0.546314
vt 0.354912 0.535203
vt 0.355378 0.557977
vt 0.354637 0.398218
vt 0.340318 0.398221
vt 0.335584 0.362748
vt 0.351716 0.359933
vt 0.162071 0.726581
vt 0.128442 0.729908
vt 0.128174 0.707996
vt 0.281191 0.710116
vt 0.281465 0.696453
vt 0.354880 0.698674
vt 0.354438 0.715093
vt 0.336704 0.346910
vt 0.288894 0.363336
vt 0.288857 0.348990
vt 0.087276 0.382253
vt 0.087606 0.368551
vt 0.161865 0.363635
vt 0.161206 0.379909
vt 0.097383 0.898568
vt 0.097326 0.848837
vt 0.168007 0.848638
vt 0.173486 0.888244
vt 0.281313 0.661633
vt 0.354847 0.662998
vt 0.257179 0.780004
vt 0.257130 0.730883
vt 0.332695 0.732264
vt 0.332815 0.780021
vt 0.087172 0.417109
vt 0.160969 0.416129
vt 0.289080 0.399366
vt 0.128174 0.675455
vt 0.024489 0.569810
vt 0.040845 0.555359
vt 0.041914 0.571210
vt 0.193902 0.504596
vt 0.192579 0.520489
vt 0.180197 0.505696
vt 0.191221 0.570970
vt 0.351195 0.506437
vt 0.033041 0.727614
vt 0.201514 0.347255
vt 0.097327 0.751800
vt 0.173218 0.751760
vt 0.257219 0.876898
vt 0.333008 0.868244
vt 0.018468 0.415836
vt 0.018924 0.521773
vt 0.018858 0.379254
vt 0.019107 0.365145
vt 0.193316 0.780004
vt 0.187790 0.876671
vt 0.188287 0.747681
vt 0.211795 0.723290
vt 0.219819 0.698027
vt 0.213248 0.662407
vt 0.214200 0.556877
vt 0.214663 0.543018
vt 0.029849 0.849124
vt 0.028679 0.900989
vt 0.027613 0.760059
vt 0.018667 0.539548
vt 0.019448 0.676178
vt 0.033612 0.676322
vt 0.034020 0.711753
vt 0.020855 0.714282
vt 0.086713 0.532538
vt 0.086855 0.518931
vt 0.160601 0.521690
vt 0.160467 0.535686
vt 0.127949 0.574945
vt 0.128103 0.555648
vt 0.179667 0.556453
vt 0.177707 0.571769
vt 0.193929 0.398898
vt 0.179730 0.398518
vt 0.186387 0.360318
vt 0.202357 0.363316
vt 0.288894 0.523631
vt 0.288965 0.502031
vt 0.327929 0.505288
vt 0.329555 0.521295
vt 0.170051 0.676091
vt 0.190019 0.676615
vt 0.187492 0.713845
vt 0.159502 0.711000
vt 0.281843 0.559888
vt 0.281958 0.546314
vt 0.354912 0.535203
vt 0.355378 0.557977
vt 0.354637 0.398218
vt 0.340318 0.398221
vt 0.335584 0.362748
vt 0.351716 0.359933
vt 0.162071 0.726581
vt 0.128442 0.729908
vt 0.128174 0.707996
vt 0.281191 0.710116
vt 0.281465 0.696453
vt 0.354880 0.698674
vt 0.354438 0.715093
vt 0.336704 0.346910
vt 0.288894 0.363336
vt 0.288857 0.348990
vt 0.087276 0.382253
vt 0.087606 0.368551
vt 0.161865 0.363635
vt 0.161206 0.379909
vt 0.097383 0.898568
vt 0.097326 0.848837
vt 0.168007 0.848638
vt 0.173486 0.888244
vt 0.281313 0.661633
vt 0.354847 0.662998
vt 0.257179 0.780004
vt 0.257130 0.730883
vt 0.332695 0.732264
vt 0.332815 0.780021
vt 0.087172 0.417109
vt 0.160969 0.416129
vt 0.289080 0.399366
vt 0.128174 0.675455
vt 0.024489 0.569810
vt 0.040845 0.555359
vt 0.041914 0.571210
vt 0.193902 0.504596
vt 0.192579 0.520489
vt 0.180197 0.505696
vt 0.191221 0.570970
vt 0.351195 0.506437
vt 0.033041 0.727614
vt 0.201514 0.347255
vt 0.097327 0.751800
vt 0.173218 0.751760
vt 0.257219 0.876898
vt 0.333008 0.868244
vt 0.018468 0.415836
vt 0.018924 0.521773
vt 0.018858 0.379254
vt 0.019107 0.365145
vt 0.193316 0.780004
vt 0.187790 0.876671
vt 0.188287 0.747681
vt 0.211795 0.723290
vt 0.219819 0.698027
vt 0.213248 0.662407
vt 0.214200 0.556877
vt 0.214663 0.543018
vt 0.029849 0.849124
vt 0.028679 0.900989
vt 0.027613 0.760059
vt 0.018667 0.539548
vt 0.617753 0.001929
vt 0.617491 0.019040
vt 0.580271 0.019115
vt 0.577859 0.002843
vt 0.598292 0.450054
vt 0.598577 0.433479
vt 0.675699 0.436464
vt 0.675427 0.453412
vt 0.722651 0.160129
vt 0.742665 0.160342
vt 0.741743 0.236167
vt 0.725481 0.234571
vt 0.491811 0.020151
vt 0.491459 0.002787
vt 0.532262 0.009796
vt 0.530097 0.031148
vt 0.367009 0.168614
vt 0.389562 0.167660
vt 0.388678 0.226307
vt 0.371745 0.228329
vt 0.616756 0.222037
vt 0.616037 0.249086
vt 0.577289 0.243802
vt 0.580271 0.206575
vt 0.435627 0.294395
vt 0.435863 0.277852
vt 0.511413 0.261568
vt 0.512401 0.292979
vt 0.502915 0.256820
vt 0.502114 0.239433
vt 0.539121 0.231373
vt 0.542838 0.252531
vt 0.563817 0.208578
vt 0.560632 0.159658
vt 0.583360 0.159581
vt 0.434369 0.454451
vt 0.434922 0.437752
vt 0.511615 0.439799
vt 0.510744 0.461049
vt 0.555993 0.231519
vt 0.535404 0.161174
vt 0.550440 0.160516
vt 0.599277 0.290220
vt 0.599969 0.273481
vt 0.678131 0.266769
vt 0.676763 0.287733
vt 0.434932 0.645942
vt 0.432434 0.584849
vt 0.489482 0.586157
vt 0.495457 0.631024
vt 0.434667 0.401071
vt 0.511573 0.402620
vt 0.828930 0.085606
vt 0.828936 0.011735
vt 0.908283 0.014123
vt 0.908233 0.085609
vt 0.599130 0.326775
vt 0.676338 0.325934
vt 0.497508 0.162882
vt 0.617837 0.159581
vt 0.728780 0.008757
vt 0.743935 0.031284
vt 0.727222 0.031932
vt 0.380289 0.025232
vt 0.363350 0.025074
vt 0.378368 0.008442
vt 0.726194 0.251004
vt 0.388996 0.259061
vt 0.563549 0.018330
vt 0.547120 0.029842
vt 0.438694 0.474244
vt 0.498207 0.478084
vt 0.828924 0.230051
vt 0.908256 0.217305
vt 0.526340 0.325426
vt 0.527242 0.436709
vt 0.527097 0.286568
vt 0.527664 0.269325
vt 0.761268 0.085606
vt 0.756124 0.230089
vt 0.756083 0.036726
vt 0.360320 0.475157
vt 0.369609 0.439420
vt 0.363160 0.401588
vt 0.364669 0.291085
vt 0.365580 0.274364
vt 0.374102 0.580753
vt 0.362141 0.648507
vt 0.382163 0.478883
vt 0.526727 0.460330
vt 0.716555 0.456738
vt 0.694762 0.457523
vt 0.695524 0.341584
vt 0.717869 0.331949
vt 0.791956 0.520765
vt 0.792028 0.499175
vt 0.923020 0.499810
vt 0.924622 0.533987
vt 0.971547 0.770026
vt 0.985627 0.768961
vt 0.986068 0.787431
vt 0.972335 0.787700
vt 0.683679 0.549606
vt 0.682535 0.533813
vt 0.753050 0.530404
vt 0.753300 0.545860
vt 0.654595 0.778594
vt 0.669475 0.778886
vt 0.666034 0.795908
vt 0.650980 0.791347
vt 0.486522 0.875090
vt 0.503598 0.868901
vt 0.533491 0.952911
vt 0.516060 0.959035
vt 0.547177 0.823612
vt 0.538617 0.808696
vt 0.623667 0.765383
vt 0.628203 0.794984
vt 0.642293 0.819012
vt 0.660439 0.812424
vt 0.687792 0.897146
vt 0.672350 0.902503
vt 0.836790 0.824536
vt 0.820407 0.819975
vt 0.828041 0.792686
vt 0.843336 0.793493
vt 0.601939 0.983955
vt 0.593825 0.961753
vt 0.681556 0.928602
vt 0.687211 0.942575
vt 0.807410 0.784776
vt 0.794853 0.786174
vt 0.791879 0.762181
vt 0.804742 0.760533
vt 0.792674 0.294035
vt 0.792957 0.272840
vt 0.925270 0.254714
vt 0.922865 0.293881
vt 0.403784 0.937477
vt 0.394960 0.909402
vt 0.473059 0.907096
vt 0.473866 0.917672
vt 0.584088 0.934866
vt 0.554024 0.850723
vt 0.554070 0.510606
vt 0.554032 0.493521
vt 0.640277 0.481090
vt 0.640288 0.510591
vt 0.792722 0.456738
vt 0.792551 0.332999
vt 0.922905 0.333515
vt 0.923085 0.456933
vt 0.708240 0.795751
vt 0.699251 0.774801
vt 0.770221 0.764588
vt 0.773888 0.787686
vt 0.876542 0.817969
vt 0.870773 0.792356
vt 0.947245 0.785746
vt 0.950060 0.808739
vt 0.724399 0.493792
vt 0.714237 0.523926
vt 0.693775 0.505501
vt 0.660419 0.558479
vt 0.647201 0.558810
vt 0.657248 0.539578
vt 0.976007 0.820363
vt 0.640442 0.766813
vt 0.533146 0.994743
vt 0.542924 0.979656
vt 0.549635 0.996462
vt 0.696084 0.925336
vt 0.837734 0.564218
vt 0.823688 0.560143
vt 0.833693 0.542999
vt 0.776920 0.534552
vt 0.788612 0.555734
vt 0.775622 0.556633
vt 0.954295 0.823962
vt 0.682392 0.831728
vt 0.715761 0.819235
vt 0.400090 0.802043
vt 0.467915 0.808693
vt 0.651841 0.673576
vt 0.668854 0.672925
vt 0.691066 0.671780
vt 0.758795 0.666970
vt 0.778524 0.665470
vt 0.794794 0.664202
vt 0.632620 0.624547
vt 0.554980 0.633668
vt 0.830540 0.667843
vt 0.847124 0.669403
vt 0.869175 0.675489
vt 0.938824 0.680699
vt 0.963003 0.674510
vt 0.976450 0.673838
vt 0.718611 0.292352
vt 0.717601 0.262171
vt 0.505163 0.510606
vt 0.508461 0.642749
vt 0.505166 0.484799
vt 0.498762 0.842623
vt 0.479132 0.806037
vt 0.338000 0.891342
vt 0.327867 0.917449
vt 0.358816 0.790851
vt 0.880831 0.843908
vt 0.840889 0.850214
vt 0.857630 0.537263
vt 0.866361 0.549273
vt 0.376476 0.675170
vt 0.418827 0.676525
vt 0.489546 0.699610
vt 0.554070 0.771640
vt 0.640284 0.752316
vt 0.505162 0.761165
vt 0.934749 0.546095
vt 0.960432 0.551042
vt 0.974502 0.550805
vt 0.617753 0.001929
vt 0.617491 0.019040
vt 0.580271 0.019115
vt 0.577859 0.002843
vt 0.598292 0.450054
vt 0.598577 0.433479
vt 0.675699 0.436464
vt 0.675427 0.453412
vt 0.722651 0.160129
vt 0.742665 0.160342
vt 0.741743 0.236167
vt 0.725481 0.234571
vt 0.491811 0.020151
vt 0.491459 0.002787
vt 0.532262 0.009796
vt 0.530097 0.031148
vt 0.367009 0.168614
vt 0.389562 0.167660
vt 0.388678 0.226307
vt 0.371745 0.228329
vt 0.616756 0.222037
vt 0.616037 0.249086
vt 0.577289 0.243802
vt 0.580271 0.206575
vt 0.435627 0.294395
vt 0.435863 0.277852
vt 0.511413 0.261568
vt 0.512401 0.292979
vt 0.502915 0.256820
vt 0.502114 0.239433
vt 0.539121 0.231373
vt 0.542838 0.252531
vt 0.563817 0.208578
vt 0.560632 0.159658
vt 0.583360 0.159581
vt 0.434369 0.454451
vt 0.434922 0.437752
vt 0.511615 0.439799
vt 0.510744 0.461049
vt 0.555993 0.231519
vt 0.535404 0.161174
vt 0.550440 0.160516
vt 0.599277 0.290220
vt 0.599969 0.273481
vt 0.678131 0.266769
vt 0.676763 0.287733
vt 0.434932 0.645942
vt 0.432434 0.584849
vt 0.489482 0.586157
vt 0.495457 0.631024
vt 0.434667 0.401071
vt 0.511573 0.402620
vt 0.828930 0.085606
vt 0.828936 0.011735
vt 0.908283 0.014123
vt 0.908233 0.085609
vt 0.599130 0.326775
vt 0.676338 0.325934
vt 0.497508 0.162882
vt 0.617837 0.159581
vt 0.728780 0.008757
vt 0.743935 0.031284
vt 0.727222 0.031932
vt 0.380289 0.025232
vt 0.363350 0.025074
vt 0.378368 0.008442
vt 0.726194 0.251004
vt 0.388996 0.259061
vt 0.563549 0.018330
vt 0.547120 0.029842
vt 0.438694 0.474244
vt 0.498207 0.478084
vt 0.828924 0.230051
vt 0.908256 0.217305
vt 0.526340 0.325426
vt 0.527242 0.436709
vt 0.527097 0.286568
vt 0.527664 0.269325
vt 0.761268 0.085606
vt 0.756124 0.230089
vt 0.756083 0.036726
vt 0.360320 0.475157
vt 0.369609 0.439420
vt 0.363160 0.401588
vt 0.364669 0.291085
vt 0.365580 0.274364
vt 0.374102 0.580753
vt 0.362141 0.648507
vt 0.382163 0.478883
vt 0.526727 0.460330
vn -0.195706 -0.032681 -0.980118
vn -0.996125 -0.006002 -0.087742
vn -0.959256 0.276470 -0.058245
vn -0.114625 0.210996 -0.970743
vn -0.006488 -0.998181 -0.059945
vn -0.015633 -0.131549 -0.991186
vn 0.125495 -0.107239 -0.986281
vn 0.106275 -0.993537 -0.039884
vn -0.994736 -0.102458 0.001524
vn -0.115500 -0.993202 0.014501
vn -0.109497 -0.987083 0.116951
vn -0.985542 -0.095535 0.139929
vn 0.996331 0.011388 -0.084825
vn 0.149353 0.014444 -0.988679
vn 0.184082 0.340684 -0.921981
vn 0.976720 0.210037 -0.043626
vn 0.097679 -0.995114 0.014406
vn 0.993825 -0.110947 0.001671
vn 0.988626 -0.101441 0.111035
vn 0.089888 -0.991114 0.098042
vn -0.987753 0.034506 0.152161
vn -0.219916 0.060412 0.973646
vn -0.258557 0.469436 0.844262
vn -0.958919 0.263300 0.105580
vn 0.004375 -0.120161 0.992745
vn 0.009817 -0.989823 0.141967
vn 0.185705 -0.148297 0.971350
vn 0.179341 0.008964 0.983746
vn 0.988206 0.002771 0.153108
vn 0.973564 0.213268 0.081796
vn 0.100518 0.293887 0.950540
vn -0.103138 0.993415 0.049891
vn -0.107355 0.994111 -0.014796
vn -0.964443 0.264266 -0.003635
vn -0.020860 0.991682 0.127011
vn -0.038403 0.378864 0.924655
vn 0.080764 0.993167 0.084243
vn 0.973520 0.228576 -0.003383
vn 0.093543 0.995508 -0.014605
vn 0.029697 0.272509 -0.961695
vn 0.007739 0.995977 -0.089281
vn 0.083227 0.994557 -0.062687
vn 0.000109 -0.999893 0.014658
vn -0.005794 0.025657 0.999654
vn -0.000182 0.999893 -0.014651
vn -0.003902 -0.008618 -0.999955
vn 0.999963 0.008578 -0.000120
vn -1.000000 0.000000 0.000000
vn -0.209196 -0.159737 -0.964739
vn -0.102874 -0.994214 -0.030894
vn -0.992846 -0.100458 -0.064537
vn 0.990755 -0.116889 -0.068852
vn -0.162990 -0.068253 0.984264
vn -0.120707 0.990405 -0.067288
vn -0.017233 0.184378 -0.982704
vn 0.030374 0.994521 -0.100027
vn 0.311082 0.947981 -0.067526
vn 0.223297 0.094785 -0.970131
vn -0.996758 0.041309 -0.069046
vn -0.122375 0.007820 -0.992453
vn -0.103169 -0.134009 -0.985595
vn -0.996321 -0.071286 -0.047560
vn -0.066834 0.997696 -0.011626
vn -0.988525 0.151004 0.004096
vn -0.983506 0.146078 0.106663
vn -0.061435 0.990006 0.126937
vn -0.023514 -0.997093 -0.072469
vn 0.017599 -0.162217 -0.986598
vn 0.341801 -0.207710 -0.916531
vn 0.175345 -0.984058 -0.029718
vn -0.998057 -0.061956 0.006604
vn -0.146422 -0.989138 0.012880
vn -0.137677 -0.982904 0.122253
vn -0.994501 -0.053259 0.090171
vn 0.068492 0.987735 0.140317
vn 0.059862 0.229874 0.971378
vn 0.471099 0.252276 0.845235
vn 0.296501 0.950179 0.096166
vn -0.128774 0.012424 0.991596
vn -0.990725 0.027263 0.133118
vn -0.163189 -0.168041 0.972179
vn -0.005915 -0.167130 0.985917
vn -0.033882 -0.985668 0.165260
vn 0.177610 -0.979439 0.095679
vn 0.281919 -0.098939 0.954323
vn 0.996002 0.068282 0.057603
vn 0.997404 0.071657 -0.007121
vn 0.298602 0.954288 -0.013096
vn 0.990665 -0.012904 0.135710
vn 0.372027 0.036525 0.927503
vn 0.988883 -0.115047 0.094209
vn 0.193641 -0.981015 0.010648
vn 0.991616 -0.129147 -0.004449
vn 0.279532 -0.051511 -0.958754
vn 0.995794 -0.044361 -0.080167
vn 0.991447 -0.119411 -0.052661
vn -0.999346 0.035718 0.005613
vn 0.017250 0.017475 0.999699
vn 0.999349 -0.035645 -0.005607
vn 0.000128 -0.008396 -0.999965
vn -0.027181 -0.999556 0.012245
vn 0.035756 0.999285 -0.012289
vn -0.143852 0.202581 -0.968642
vn -0.989598 0.137851 -0.041147
vn -0.064335 0.994904 -0.077639
vn -0.151643 -0.986748 -0.057727
vn -0.070843 0.177709 0.981530
vn 0.994630 0.084471 -0.059806
vn 0.139054 -0.990170 -0.015088
vn 0.992412 -0.121414 -0.019405
vn 0.961194 -0.076558 0.265040
vn 0.085420 -0.983284 0.160798
vn -0.009171 -0.102950 -0.994644
vn 0.009780 -0.996520 -0.082780
vn -0.090053 -0.993826 -0.064812
vn -0.122367 -0.077443 -0.989459
vn 0.993293 0.000046 -0.115625
vn 0.099922 -0.000112 -0.994995
vn 0.093766 0.142314 -0.985370
vn 0.975218 0.190782 -0.112035
vn -0.992766 -0.116885 0.027452
vn -0.106006 -0.994118 0.022203
vn -0.130003 -0.956634 0.260673
vn -0.970872 -0.064535 0.230746
vn -0.110018 -0.000356 -0.993930
vn -0.995532 0.000091 -0.094424
vn -0.982302 0.163959 -0.090552
vn -0.108363 0.128603 -0.985758
vn 0.976549 0.214704 0.015946
vn 0.159676 0.986675 0.031231
vn 0.194976 0.916777 0.348575
vn 0.951224 0.170042 0.257406
vn -0.004457 0.995570 -0.093915
vn -0.023721 0.176501 -0.984015
vn -0.135218 0.983976 -0.116222
vn -0.126933 0.991909 -0.001959
vn -0.978377 0.206243 0.015572
vn -0.965621 0.126490 0.227105
vn -0.070925 0.976075 0.205540
vn 0.126742 0.101650 0.986714
vn 0.119454 -0.000451 0.992840
vn 0.969393 0.000477 0.245513
vn 0.033492 0.189623 0.981286
vn 0.031956 0.963648 0.265258
vn -0.064651 0.140639 0.987948
vn -0.970054 -0.000066 0.242889
vn -0.079097 -0.000030 0.996867
vn -0.018255 -0.978217 0.206783
vn 0.007953 -0.102909 0.994659
vn -0.070244 -0.072645 0.994881
vn -0.015070 0.000007 -0.999886
vn 0.004181 0.999962 0.007661
vn 0.015147 0.000007 0.999885
vn 0.002802 -0.999987 0.004194
vn -0.999724 0.000011 0.023514
vn 0.999888 0.000000 -0.014964
vn 0.147962 -0.983231 -0.106607
vn 0.090995 -0.069035 -0.993456
vn 0.988398 -0.097624 -0.116361
vn -0.989718 -0.100499 -0.101774
vn 0.114760 0.991490 -0.061463
vn 0.136844 -0.074954 0.987753
vn -0.003361 -0.161724 0.986830
vn 0.041736 -0.997251 0.061225
vn 0.051937 -0.996049 0.072039
vn 0.037869 -0.174583 0.983914
vn -0.997003 -0.043608 0.063896
vn -0.358422 0.005016 0.933546
vn -0.388503 0.162787 0.906954
vn -0.997467 0.065283 0.028242
vn -0.175092 -0.983723 0.040398
vn -0.980192 -0.194901 0.035177
vn -0.951565 -0.229440 -0.204648
vn -0.242128 -0.954623 -0.173406
vn -0.049696 0.997505 0.050137
vn -0.029609 0.158091 0.986980
vn 0.020339 0.163870 0.986272
vn -0.038233 0.997814 0.053897
vn -0.996708 0.073521 0.034164
vn -0.354106 0.934364 0.039654
vn -0.296682 0.919939 -0.256304
vn -0.955736 0.053184 -0.289378
vn -0.010748 -0.952319 -0.304914
vn -0.019903 -0.216059 -0.976178
vn 0.006696 -0.168667 -0.985650
vn 0.041899 -0.959456 -0.278725
vn -0.420371 -0.025916 -0.906982
vn -0.927262 -0.065151 -0.368701
vn -0.392967 0.119933 -0.911698
vn -0.028717 0.114113 -0.993053
vn -0.085014 0.949743 -0.301264
vn -0.050020 0.958331 -0.281248
vn -0.006682 0.084385 -0.996411
vn 0.276581 -0.933146 -0.229655
vn 0.956101 -0.076938 -0.282757
vn 0.984740 -0.170945 0.032638
vn 0.327660 -0.944070 0.037022
vn 0.966345 0.039152 -0.254254
vn 0.369692 0.009695 -0.929104
vn 0.322689 0.045549 -0.945408
vn 0.950550 0.115940 -0.288119
vn 0.202434 0.950933 -0.233981
vn 0.288880 0.956672 0.036421
vn 0.984661 0.171556 0.031797
vn 0.412881 0.036990 0.910033
vn 0.996510 0.046608 0.069250
vn 0.987730 0.154059 0.025618
vn 0.437901 0.217345 0.872355
vn -0.998672 -0.043265 0.027983
vn 0.000069 -0.003648 -0.999993
vn -0.005160 -0.001714 -0.999985
vn 0.998534 0.047284 0.026353
vn -0.012023 0.007006 0.999903
vn 0.018432 0.006174 0.999811
vn -0.045319 0.998685 0.023981
vn -0.045320 0.998697 0.023456
vn 0.043245 -0.998620 0.029814
vn 0.046077 -0.998490 0.029907
vn -0.273443 -0.173439 0.946122
vn -0.977051 -0.210818 0.030454
vn -0.201995 -0.978969 0.028581
vn -0.322598 0.946523 0.004876
vn -0.425077 -0.284351 -0.859334
vn 0.351602 -0.093091 -0.931509
vn 0.285253 -0.958433 0.006075
vn 0.993416 -0.110996 0.028381
vn 0.363614 -0.257332 0.895302
vn 0.233226 0.972418 -0.002899
vn -0.998994 -0.044835 0.001010
vn -0.997846 0.065593 -0.000182
vn -0.352129 0.935945 -0.003437
vn -0.044667 0.998995 -0.003692
vn -0.046319 0.998920 -0.003690
vn 0.278785 0.960347 -0.003537
vn 0.987927 0.154914 0.001394
vn 0.999000 0.044703 -0.000222
vn 0.987543 -0.157316 -0.003380
vn 0.291875 -0.956456 0.000033
vn 0.044310 -0.999011 0.003733
vn 0.046957 -0.998873 0.006895
vn -0.208914 -0.977934 0.000948
vn -0.977367 -0.211548 -0.000979
vn -0.165066 0.014516 0.986176
vn -0.998338 0.003743 0.057509
vn -0.997639 -0.006460 0.068365
vn -0.179769 -0.026100 0.983363
vn 0.001401 0.998196 0.060028
vn 0.017798 0.361446 0.932223
vn 0.176870 0.384244 0.906131
vn 0.110333 0.993585 0.024796
vn -0.974916 0.219652 0.035931
vn -0.150391 0.988147 0.030785
vn -0.185300 0.960186 -0.209064
vn -0.942014 0.284472 -0.178005
vn 0.998540 0.004630 0.053822
vn 0.155612 0.026245 0.987470
vn 0.159122 -0.023915 0.986969
vn 0.998315 -0.006821 0.057627
vn 0.118506 0.992477 0.030753
vn 0.949304 0.311546 0.041966
vn 0.933386 0.253690 -0.253834
vn 0.097531 0.951214 -0.292710
vn -0.949716 0.052714 -0.308644
vn -0.211315 0.025887 -0.977075
vn -0.165145 -0.002870 -0.986265
vn -0.959329 0.000547 -0.282288
vn -0.003466 0.417597 -0.908626
vn -0.021677 0.927825 -0.372386
vn 0.141004 0.383591 -0.912675
vn 0.118981 0.019662 -0.992702
vn 0.953732 0.040710 -0.297889
vn 0.960650 0.005443 -0.277710
vn 0.088298 -0.001017 -0.996094
vn -0.943868 -0.234893 -0.232248
vn -0.119156 -0.952721 -0.279507
vn -0.215535 -0.975846 0.035626
vn -0.958085 -0.284389 0.034573
vn -0.003756 -0.968105 -0.250515
vn -0.003630 -0.373352 -0.927683
vn 0.034379 -0.328087 -0.944022
vn 0.073794 -0.955939 -0.284140
vn 0.941638 -0.246233 -0.229537
vn 0.942449 -0.331801 0.041204
vn 0.126619 -0.991294 0.036114
vn 0.014860 -0.410598 0.911695
vn 0.001124 -0.997322 0.073125
vn 0.109024 -0.993590 0.029879
vn 0.194032 -0.443911 0.874811
vn 0.001953 0.999707 0.024111
vn 0.000060 -0.003784 -0.999993
vn 0.002230 0.001353 -0.999997
vn 0.001867 -0.999541 0.030239
vn 0.003836 0.015574 0.999871
vn 0.001625 -0.014812 0.999889
vn 0.999617 0.000103 0.027688
vn 0.999631 0.000101 0.027162
vn -0.999657 0.002175 0.026099
vn -0.999656 -0.000659 0.026203
vn -0.164373 0.284689 0.944422
vn -0.166417 0.985712 0.026013
vn -0.968905 0.246264 0.024033
vn 0.960151 0.279384 0.007353
vn -0.261593 0.434193 -0.862001
vn -0.105482 -0.350630 -0.930555
vn -0.970396 -0.241495 0.003413
vn -0.156024 -0.987247 0.031634
vn -0.276869 -0.348102 0.895639
vn 0.960849 -0.277067 0.001740
vn 0.000499 0.999996 -0.002868
vn 0.110765 0.993840 -0.003628
vn 0.950954 0.309331 -0.001111
vn 1.000000 -0.000670 0.000019
vn 1.000000 0.000984 0.000014
vn 0.946727 -0.322036 0.001224
vn 0.109959 -0.993920 0.005659
vn -0.000634 -0.999993 0.003656
vn -0.201912 -0.979404 -0.000329
vn -0.968699 -0.248224 -0.002597
vn -0.999999 0.001028 0.000020
vn -0.999994 -0.001611 0.003193
vn -0.967454 0.253023 -0.003621
vn -0.167015 0.985940 -0.005424
vn -0.017902 -0.986223 -0.164451
vn -0.046204 -0.057522 -0.997274
vn -0.035941 -0.068340 -0.997014
vn 0.022038 -0.983259 -0.180876
vn -0.996994 -0.063733 0.044062
vn -0.356894 -0.933559 0.033085
vn -0.372966 -0.907552 0.192989
vn -0.987862 -0.028484 0.152703
vn -0.260996 -0.036746 -0.964640
vn -0.993552 -0.034453 -0.108017
vn -0.967998 0.205498 -0.144052
vn -0.325143 0.176949 -0.928963
vn 0.038260 -0.053839 0.997816
vn -0.015906 -0.987561 0.156433
vn 0.034355 -0.986874 0.157797
vn 0.049706 -0.057601 0.997102
vn -0.986383 -0.034437 0.160820
vn -0.270530 -0.043122 0.961745
vn -0.214495 0.252889 0.943419
vn -0.947255 0.289176 0.138152
vn -0.094410 0.308448 -0.946545
vn -0.038522 0.976973 -0.209858
vn -0.007850 0.986270 -0.164957
vn -0.042603 0.282285 -0.958384
vn -0.420728 0.907070 0.014531
vn -0.929278 0.368939 0.018065
vn -0.380595 0.911245 0.157420
vn -0.018239 0.992622 0.119869
vn -0.001007 0.297737 0.954647
vn 0.034600 0.277689 0.960048
vn 0.001096 0.996091 0.088330
vn 0.193466 0.233117 -0.953009
vn 0.945713 0.283042 -0.159731
vn 0.965866 -0.032003 -0.257060
vn 0.243301 -0.033517 -0.969372
vn 0.966124 0.254109 -0.045098
vn 0.369412 0.929062 -0.019440
vn 0.325753 0.945233 0.020471
vn 0.957158 0.287690 0.032907
vn 0.285408 0.230450 0.930288
vn 0.371934 -0.039972 0.927398
vn 0.995928 -0.032434 0.084121
vn 0.414237 -0.910165 -0.002852
vn 0.996723 -0.069423 -0.041522
vn 0.997446 -0.026190 0.066445
vn 0.455040 -0.873158 0.174740
vn -0.998614 -0.027822 0.044683
vn 0.000075 1.000000 0.000057
vn -0.004965 0.999985 0.002444
vn 0.998812 -0.026529 -0.040868
vn -0.011688 -0.999922 0.004340
vn 0.018575 -0.999827 0.000831
vn 0.042732 -0.027688 0.998703
vn 0.042735 -0.027163 0.998717
vn -0.044808 -0.026107 -0.998654
vn -0.041979 -0.026200 -0.998775
vn -0.287950 -0.945473 -0.152201
vn -0.991822 -0.029671 -0.124131
vn -0.287369 -0.024947 -0.957495
vn -0.238059 -0.008390 0.971215
vn -0.448170 0.860384 -0.242660
vn 0.342347 0.931850 -0.120227
vn 0.199799 -0.002517 -0.979834
vn 0.979785 -0.027969 -0.198089
vn 0.339267 -0.894339 -0.291642
vn 0.317888 -0.000711 0.948128
vn -0.999064 -0.000844 0.043248
vn -0.988203 -0.000062 0.153150
vn -0.268406 -0.000037 0.963306
vn 0.043418 -0.000016 0.999057
vn 0.041767 -0.000018 0.999127
vn 0.362211 -0.000028 0.932096
vn 0.997726 -0.001969 0.067369
vn 0.999059 0.000056 -0.043382
vn 0.969869 0.003964 -0.243595
vn 0.206574 0.003518 -0.978425
vn -0.043775 -0.000024 -0.999041
vn -0.041127 -0.003187 -0.999149
vn -0.294163 0.002682 -0.955752
vn -0.992191 0.001764 -0.124714
vn -0.023874 0.180716 -0.983245
vn -0.033044 0.994194 -0.102401
vn 0.249899 0.965857 -0.068349
vn 0.221851 0.106791 -0.969215
vn -0.996976 -0.022965 -0.074237
vn -0.117407 -0.002253 -0.993081
vn -0.089167 -0.142540 -0.985765
vn -0.989421 -0.135252 -0.052463
vn -0.130718 0.991314 -0.014506
vn -0.996191 0.087193 -0.001333
vn -0.991405 0.082827 0.101270
vn -0.125564 0.984293 0.124103
vn 0.040961 -0.996702 -0.070051
vn 0.033166 -0.162933 -0.986080
vn 0.359250 -0.187350 -0.914243
vn 0.238346 -0.970824 -0.026319
vn -0.992037 -0.125933 0.001668
vn -0.082651 -0.996471 0.014649
vn -0.074899 -0.989445 0.124050
vn -0.989487 -0.116842 0.085229
vn 0.004168 0.990402 0.138151
vn 0.039863 0.235392 0.971083
vn 0.449474 0.283889 0.846983
vn 0.234347 0.967475 0.095260
vn -0.134519 0.006317 0.990891
vn -0.991117 -0.036148 0.127991
vn -0.157166 -0.176028 0.971758
vn -0.000350 -0.164985 0.986296
vn 0.028631 -0.985441 0.167592
vn 0.239649 -0.965791 0.099076
vn 0.282672 -0.078512 0.955998
vn 0.989242 0.132256 0.062512
vn 0.990766 0.135569 -0.002213
vn 0.236755 0.971469 -0.014000
vn 0.988721 0.051068 0.140797
vn 0.364032 0.062401 0.929294
vn 0.993721 -0.051069 0.099547
vn 0.256195 -0.966522 0.014133
vn 0.997873 -0.065182 0.000941
vn 0.287302 -0.035565 -0.957180
vn 0.996995 0.019528 -0.074970
vn 0.997333 -0.055583 -0.047296
vn -0.999592 -0.028546 0.000422
vn 0.010835 0.020757 0.999726
vn 0.999590 0.028619 -0.000416
vn 0.005922 -0.010582 -0.999927
vn 0.037015 -0.999207 0.014650
vn -0.028440 0.999488 -0.014649
vn -0.151475 0.190778 -0.969876
vn -0.996179 0.073899 -0.046548
vn -0.127698 0.988541 -0.080497
vn -0.087643 -0.994577 -0.055989
vn -0.087275 0.174960 0.980700
vn 0.987451 0.148061 -0.054943
vn 0.019671 -0.990170 0.138479
vn 0.052157 -0.121414 0.991231
vn -0.233162 -0.076557 0.969420
vn -0.157890 -0.983284 0.090682
vn 0.993799 -0.102950 -0.042005
vn 0.083058 -0.996520 0.007042
vn 0.061803 -0.993826 -0.092144
vn 0.984880 -0.077442 -0.154966
vn 0.148354 0.000046 0.988934
vn 0.997752 -0.000112 0.067018
vn 0.987929 0.142315 0.061184
vn 0.144168 0.190780 0.970988
vn -0.060212 -0.116885 -0.991319
vn -0.025691 -0.994118 -0.105215
vn -0.264821 -0.956635 -0.121325
vn -0.262680 -0.064535 -0.962723
vn 0.989756 -0.000356 -0.142771
vn 0.061507 0.000091 -0.998107
vn 0.058073 0.163959 -0.984756
vn 0.981643 0.128601 -0.140847
vn 0.016303 0.214703 0.976543
vn -0.025943 0.986675 0.160620
vn -0.341947 0.916777 0.206379
vn -0.225860 0.170042 0.959204
vn 0.093717 0.995570 -0.007555
vn 0.982695 0.176500 -0.056196
vn 0.111694 0.983976 -0.138980
vn -0.002233 0.991910 -0.126928
vn -0.047864 0.206243 -0.977329
vn -0.258866 0.126489 -0.957595
vn -0.207769 0.976076 -0.064101
vn -0.981991 0.101650 0.159249
vn -0.988355 -0.000451 0.152168
vn -0.213375 0.000477 0.976970
vn -0.979645 0.189624 0.065871
vn -0.264059 0.963648 0.040696
vn -0.989543 0.140641 -0.032000
vn -0.274790 -0.000066 -0.961504
vn -0.998935 -0.000030 -0.046144
vn -0.207273 -0.978217 -0.011418
vn -0.993854 -0.102909 0.040786
vn -0.996658 -0.072646 -0.037362
vn 0.998844 0.000007 -0.048075
vn -0.007519 0.999962 0.004432
vn -0.998840 0.000007 0.048149
vn -0.004100 -0.999987 0.002939
vn -0.056507 0.000011 -0.998402
vn 0.047966 -0.000000 0.998849
vn 0.111433 -0.983231 0.144362
vn 0.995918 -0.069035 0.058147
vn 0.148928 -0.097623 0.984017
vn 0.069044 -0.100499 -0.992539
vn 0.065217 0.991490 0.112668
vn -0.982697 -0.074954 0.169379
vn 0.079452 -0.996248 -0.034309
vn 0.992948 -0.099330 -0.064717
vn 0.956932 -0.093466 0.274857
vn 0.063957 -0.981947 0.178018
vn 0.000408 -0.057974 -0.998318
vn 0.073942 -0.968345 -0.238411
vn -0.052099 -0.974004 -0.220459
vn -0.095595 -0.064081 -0.993356
vn 0.954690 -0.000011 -0.297602
vn 0.003206 -0.000003 -0.999995
vn -0.004213 0.133553 -0.991033
vn 0.950546 0.196212 -0.240754
vn -0.994716 -0.089811 0.049737
vn -0.064552 -0.997684 -0.021441
vn -0.046955 -0.981934 0.183306
vn -0.931804 -0.096491 0.349902
vn -0.097044 0.000473 -0.995280
vn -0.962097 0.002874 -0.272691
vn -0.961253 0.113425 -0.251254
vn -0.104246 0.128333 -0.986237
vn 0.966669 0.255201 -0.020586
vn 0.061914 0.998074 0.003902
vn 0.071957 0.927472 0.366904
vn 0.961593 0.079081 0.262839
vn 0.042360 0.966704 -0.252368
vn -0.059972 0.959989 -0.273540
vn -0.060050 0.998084 -0.014907
vn -0.970358 0.240143 0.027126
vn -0.941843 0.208180 0.263803
vn -0.036763 0.941012 0.336370
vn 0.097833 0.115636 0.988462
vn 0.103248 0.000268 0.994656
vn 0.963512 0.001265 0.267661
vn 0.009588 0.136109 0.990647
vn -0.938033 0.000012 0.346547
vn -0.001118 -0.000000 0.999999
vn 0.101056 -0.058399 0.993165
vn 0.003029 -0.060002 0.998194
vn -0.998726 -0.000184 0.050458
vn 0.998229 -0.000571 -0.059494
vn 0.955263 -0.080865 -0.284489
vn -0.962277 -0.093702 -0.255426
vn -0.015772 -0.978535 -0.205476
vn -0.050097 -0.077413 -0.995740
vn 0.232901 -0.040680 -0.971649
vn 0.231086 -0.963429 -0.135662
vn -0.995458 -0.086831 0.039045
vn -0.105810 -0.994161 -0.021161
vn -0.075086 -0.990083 0.118736
vn -0.986096 -0.067837 0.151700
vn -0.148715 0.009194 -0.988837
vn -0.997541 -0.011139 -0.069199
vn -0.993867 0.091370 -0.062284
vn -0.145043 0.147632 -0.978349
vn 0.060058 -0.094939 0.993670
vn 0.047596 -0.989440 0.136902
vn 0.373218 -0.914317 0.157266
vn 0.256413 -0.048181 0.965366
vn -0.989511 -0.013523 0.143825
vn -0.064509 -0.011759 0.997848
vn -0.058157 0.097871 0.993498
vn -0.988098 0.070268 0.136839
vn -0.015618 0.163397 -0.986437
vn 0.024261 0.977179 -0.211029
vn 0.434324 0.859311 -0.270087
vn 0.215424 0.122717 -0.968779
vn -0.146104 0.989034 0.021590
vn -0.991705 0.115050 0.057314
vn -0.165180 0.964985 0.203763
vn -0.008772 0.981693 0.190268
vn 0.044769 0.142748 0.988746
vn 0.256174 0.077308 0.963534
vn 0.272946 0.957030 0.097949
vn 0.985856 0.077803 -0.148444
vn 0.988068 0.013208 -0.153448
vn 0.219025 0.013631 -0.975624
vn 0.985915 0.153981 -0.065273
vn 0.352012 0.934911 -0.045050
vn 0.993269 0.110205 0.035663
vn 0.273712 -0.007420 0.961783
vn 0.998823 0.011328 0.047159
vn 0.298997 -0.954237 0.005752
vn 0.997271 -0.062404 -0.039446
vn 0.998667 -0.036652 0.036334
vn -0.998837 -0.012376 0.046590
vn -0.001153 0.999988 0.004761
vn 0.998834 0.012384 -0.046662
vn 0.017723 -0.999727 -0.015239
vn 0.055176 -0.010384 0.998423
vn -0.046611 0.010495 -0.998858
vn -0.143681 -0.966455 -0.212886
vn -0.996760 -0.056675 -0.057073
vn -0.144879 -0.056805 -0.987817
vn -0.068715 -0.082382 0.994229
vn -0.101847 0.983717 -0.148084
vn 0.985137 -0.039224 -0.167230
vn -0.126585 -0.030143 -0.991498
vn -0.998552 -0.002820 -0.053731
vn -0.932811 0.356766 -0.050808
vn -0.096377 0.195783 -0.975900
vn -0.063134 -0.996621 -0.052542
vn -0.132536 -0.248146 -0.959614
vn -0.006608 -0.237435 -0.971381
vn 0.026234 -0.997707 -0.062386
vn -0.966248 -0.253913 0.043515
vn -0.063265 -0.997996 0.001545
vn -0.050402 -0.990771 0.125824
vn -0.951534 -0.193990 0.238644
vn 0.990907 -0.012981 -0.133924
vn 0.017850 -0.025961 -0.999504
vn 0.013953 0.194060 -0.980890
vn 0.939747 0.312351 -0.138973
vn 0.030056 -0.999546 -0.002249
vn 0.934523 -0.353645 -0.040031
vn 0.941578 -0.330032 0.067158
vn 0.043080 -0.992249 0.116563
vn -0.953110 0.042343 0.299646
vn -0.016037 0.006516 0.999850
vn -0.006007 0.392593 0.919693
vn -0.933274 0.338947 0.118802
vn -0.014617 -0.267476 0.963454
vn 0.085339 -0.296599 0.951182
vn 0.104059 -0.020867 0.994352
vn 0.979753 -0.036165 0.196919
vn 0.961841 0.218863 0.164197
vn 0.100206 0.353608 0.930011
vn -0.026577 0.993526 0.110457
vn -0.035834 0.999353 0.003203
vn -0.935945 0.349361 0.044203
vn 0.056793 0.990400 0.126027
vn 0.950992 0.306245 -0.042753
vn 0.061331 0.998116 -0.001460
vn -0.036488 0.998004 -0.051546
vn 0.054932 0.996851 -0.057190
vn 0.998883 -0.012624 -0.045534
vn -0.998991 0.002925 0.044819
vn -0.970227 -0.239430 -0.036505
vn 0.931729 -0.336520 -0.136513
vn 0.138784 0.990059 0.022851
vn 0.992219 0.121380 0.027720
vn 0.963155 0.078450 -0.257250
vn 0.086482 0.984360 -0.153478
vn -0.016695 0.096202 0.995222
vn 0.009003 0.995937 0.089606
vn -0.090692 0.993354 0.070867
vn -0.129841 0.070718 0.989010
vn 0.992392 -0.000729 0.123118
vn 0.092407 -0.006625 0.995699
vn 0.086347 -0.148983 0.985063
vn 0.974374 -0.191437 0.118098
vn -0.992548 0.116967 -0.034153
vn -0.105987 0.994235 -0.016263
vn -0.128177 0.958367 -0.255154
vn -0.969112 0.066000 -0.237627
vn -0.117515 -0.006395 0.993051
vn -0.996217 -0.000832 0.086902
vn -0.982933 -0.164669 0.082020
vn -0.115781 -0.135293 0.984018
vn 0.976675 -0.214491 -0.010029
vn 0.160058 -0.986425 -0.036714
vn 0.197742 -0.914373 -0.353300
vn 0.953166 -0.168196 -0.251364
vn -0.005014 -0.996185 0.087127
vn -0.031122 -0.183170 0.982588
vn -0.135941 -0.984755 0.108524
vn -0.126793 -0.991913 -0.005724
vn -0.978200 -0.206233 -0.024356
vn -0.963859 -0.125045 -0.235242
vn -0.069223 -0.974666 -0.212682
vn 0.134204 -0.094945 -0.986395
vn 0.126946 0.007195 -0.991884
vn 0.971219 0.001286 -0.238184
vn 0.040927 -0.182961 -0.982268
vn 0.034104 -0.961824 -0.271537
vn -0.057172 -0.133944 -0.989338
vn -0.968193 0.001615 -0.250201
vn -0.071570 0.006781 -0.997413
vn -0.016842 0.979594 -0.200278
vn 0.015444 0.109653 -0.993850
vn -0.062743 0.079383 -0.994868
vn -0.022619 -0.006788 0.999721
vn 0.004391 -0.999887 -0.014409
vn 0.022693 0.006775 -0.999720
vn 0.002681 0.999993 0.002607
vn -0.999518 0.000047 -0.031061
vn 0.999747 0.000000 0.022512
vn 0.147003 0.982500 0.114384
vn 0.083482 0.062306 0.994560
vn 0.987476 0.096932 0.124479
vn -0.990474 0.099706 0.094978
vn 0.114444 -0.991872 0.055604
vn 0.144286 0.081663 -0.986161
vn 0.079452 -0.996248 -0.034310
vn 0.992948 -0.099330 -0.064717
vn 0.956931 -0.093467 0.274859
vn 0.063956 -0.981947 0.178018
vn 0.000408 -0.057974 -0.998318
vn 0.073942 -0.968345 -0.238412
vn -0.052099 -0.974004 -0.220460
vn -0.095594 -0.064081 -0.993356
vn 0.954689 -0.000011 -0.297604
vn 0.003206 -0.000003 -0.999995
vn -0.004216 0.133554 -0.991033
vn 0.950546 0.196213 -0.240755
vn -0.994716 -0.089812 0.049738
vn -0.064552 -0.997684 -0.021442
vn -0.046955 -0.981934 0.183307
vn -0.931803 -0.096491 0.349904
vn -0.097043 0.000473 -0.995280
vn -0.962097 0.002874 -0.272691
vn -0.961252 0.113425 -0.251255
vn -0.104247 0.128333 -0.986237
vn 0.966669 0.255200 -0.020585
vn 0.061914 0.998074 0.003902
vn 0.071957 0.927471 0.366905
vn 0.961593 0.079082 0.262839
vn 0.042360 0.966704 -0.252369
vn -0.059972 0.959989 -0.273540
vn -0.060050 0.998084 -0.014907
vn -0.970358 0.240144 0.027126
vn -0.941844 0.208179 0.263802
vn -0.036763 0.941012 0.336371
vn 0.097834 0.115636 0.988462
vn 0.103247 0.000268 0.994656
vn 0.963512 0.001265 0.267663
vn 0.009589 0.136109 0.990647
vn -0.938032 0.000012 0.346548
vn -0.001116 -0.000000 0.999999
vn 0.101055 -0.058398 0.993165
vn 0.003031 -0.060002 0.998194
vn -0.998726 -0.000184 0.050458
vn 0.998229 -0.000571 -0.059493
vn 0.955262 -0.080865 -0.284491
vn -0.962277 -0.093701 -0.255425
vn 0.042684 -0.977077 0.208564
vn 0.063391 -0.072503 0.995352
vn -0.220699 -0.042965 0.974395
vn -0.205258 -0.968418 0.141544
vn 0.996813 -0.061989 -0.050203
vn 0.130975 -0.991112 0.023278
vn 0.098563 -0.988315 -0.116269
vn 0.985693 -0.043647 -0.162805
vn 0.159720 0.016523 0.987024
vn 0.998231 0.014126 0.057754
vn 0.991906 0.116485 0.050538
vn 0.152455 0.154784 0.976115
vn -0.068998 -0.100034 -0.992589
vn -0.024296 -0.990815 -0.133024
vn -0.351912 -0.923954 -0.149892
vn -0.266132 -0.058112 -0.962183
vn 0.987832 0.010765 -0.155152
vn 0.053386 -0.013774 -0.998479
vn 0.044333 0.095677 -0.994425
vn 0.984395 0.094518 -0.148433
vn 0.022773 0.167329 0.985638
vn -0.046380 0.977026 0.208014
vn -0.452654 0.849130 0.272181
vn -0.207366 0.120805 0.970776
vn 0.120967 0.992300 -0.026589
vn 0.987784 0.139667 -0.069106
vn 0.138560 0.968074 -0.208888
vn -0.018055 0.980905 -0.193650
vn -0.059626 0.137977 -0.988639
vn -0.269018 0.067351 -0.960777
vn -0.297992 0.949523 -0.098014
vn -0.985739 0.053603 0.159514
vn -0.986272 -0.011009 0.164760
vn -0.208147 0.011691 0.978028
vn -0.988662 0.129452 0.076095
vn -0.374840 0.925950 0.045959
vn -0.996065 0.085137 -0.024603
vn -0.284405 -0.017785 -0.958539
vn -0.999266 -0.013889 -0.035702
vn -0.274988 -0.961447 0.000891
vn -0.994874 -0.087242 0.051126
vn -0.997782 -0.061810 -0.024719
vn 0.998236 0.012500 -0.058036
vn -0.024012 0.999679 -0.008130
vn -0.998232 -0.012492 0.058109
vn 0.007561 -0.999795 0.018797
vn -0.066295 -0.015401 -0.997681
vn 0.057735 0.015300 0.998215
vn 0.170326 -0.961767 0.214461
vn 0.998456 -0.031458 0.045791
vn 0.157531 -0.049555 0.986270
vn 0.059406 -0.084255 -0.994672
vn 0.078797 0.986494 0.143601
vn -0.981869 -0.063299 0.178682
vn 0.189165 0.012083 -0.981871
vn 0.995027 0.032262 -0.094234
vn 0.966498 -0.250264 -0.057012
vn 0.115209 -0.233486 -0.965511
vn -0.022680 0.995996 -0.086469
vn 0.006255 0.105406 -0.994410
vn -0.134078 0.077192 -0.987960
vn -0.135147 0.988653 -0.065572
vn 0.991355 0.130989 -0.007553
vn 0.086847 0.996142 -0.012615
vn 0.081600 0.992594 0.089998
vn 0.983143 0.127507 0.131043
vn -0.996047 -0.042262 -0.078125
vn -0.154424 -0.045145 -0.986973
vn -0.179342 -0.370350 -0.911415
vn -0.970476 -0.239092 -0.031792
vn -0.126295 0.991927 -0.011398
vn -0.996589 0.082363 0.005075
vn -0.990503 0.075936 0.114618
vn -0.117923 0.990390 0.072263
vn 0.989178 -0.002044 0.146709
vn 0.227037 -0.028028 0.973483
vn 0.276746 -0.439083 0.854762
vn 0.966702 -0.232734 0.106405
vn -0.002262 0.146474 0.989212
vn -0.037601 0.992573 0.115695
vn -0.184447 0.168808 0.968237
vn -0.173473 0.012184 0.984763
vn -0.986837 -0.027059 0.159439
vn -0.966523 -0.238879 0.093649
vn -0.086641 -0.271142 0.958632
vn 0.132065 -0.988355 0.075591
vn 0.135936 -0.990657 0.010920
vn 0.971637 -0.236460 -0.002779
vn 0.050206 -0.986925 0.153163
vn 0.054528 -0.352755 0.934126
vn -0.051571 -0.992470 0.111099
vn -0.966517 -0.256449 0.008908
vn -0.064834 -0.997819 0.012432
vn -0.027219 -0.298855 -0.953910
vn 0.020528 -0.997818 -0.062752
vn -0.054820 -0.997857 -0.035723
vn -0.028904 0.999511 -0.011897
vn 0.012153 0.001246 0.999925
vn 0.028977 -0.999509 0.011903
vn -0.001970 -0.018001 -0.999836
vn -0.999283 -0.037295 0.006497
vn 0.999567 0.028721 -0.006390
vn 0.199067 0.139839 -0.969957
vn 0.073942 0.995578 -0.057939
vn 0.989152 0.127172 -0.073524
vn -0.994089 0.086504 -0.065600
vn 0.166479 0.099186 0.981044
vn 0.148880 -0.987974 -0.041737
vn -0.015772 -0.978535 -0.205477
vn -0.050096 -0.077413 -0.995740
vn 0.232900 -0.040681 -0.971649
vn 0.231087 -0.963429 -0.135662
vn -0.995458 -0.086832 0.039045
vn -0.105809 -0.994161 -0.021161
vn -0.075086 -0.990083 0.118737
vn -0.986096 -0.067838 0.151701
vn -0.148716 0.009195 -0.988837
vn -0.997541 -0.011139 -0.069199
vn -0.993867 0.091370 -0.062284
vn -0.145044 0.147632 -0.978349
vn 0.060060 -0.094938 0.993670
vn 0.047596 -0.989440 0.136903
vn 0.373218 -0.914317 0.157265
vn 0.256417 -0.048181 0.965365
vn -0.989511 -0.013523 0.143825
vn -0.064506 -0.011759 0.997848
vn -0.058157 0.097870 0.993499
vn -0.988098 0.070268 0.136839
vn -0.015618 0.163397 -0.986437
vn 0.024261 0.977179 -0.211029
vn 0.434323 0.859312 -0.270087
vn 0.215423 0.122717 -0.968779
vn -0.146104 0.989034 0.021590
vn -0.991705 0.115050 0.057314
vn -0.165180 0.964985 0.203763
vn -0.008771 0.981693 0.190268
vn 0.044769 0.142747 0.988746
vn 0.256173 0.077308 0.963535
vn 0.272949 0.957029 0.097949
vn 0.985856 0.077803 -0.148443
vn 0.988069 0.013208 -0.153447
vn 0.219024 0.013631 -0.975624
vn 0.985915 0.153981 -0.065273
vn 0.352012 0.934911 -0.045051
vn 0.993269 0.110206 0.035663
vn 0.273714 -0.007420 0.961783
vn 0.998823 0.011328 0.047159
vn 0.298997 -0.954237 0.005751
vn 0.997271 -0.062404 -0.039446
vn 0.998667 -0.036652 0.036335
vn -0.998837 -0.012376 0.046590
vn -0.001153 0.999988 0.004760
vn 0.998834 0.012384 -0.046662
vn 0.017723 -0.999727 -0.015239
vn 0.055177 -0.010384 0.998423
vn -0.046610 0.010495 -0.998858
vn -0.143681 -0.966455 -0.212886
vn -0.996760 -0.056674 -0.057073
vn -0.144880 -0.056805 -0.987817
vn -0.068711 -0.082381 0.994229
vn -0.101847 0.983716 -0.148084
vn 0.985138 -0.039223 -0.167229
vn 0.195319 0.007702 -0.980710
vn 0.995851 0.022569 -0.088161
vn 0.964408 -0.259575 -0.050389
vn 0.118931 -0.237107 -0.964176
vn -0.012677 0.995936 -0.089170
vn 0.013384 0.102723 -0.994620
vn -0.127249 0.075859 -0.988966
vn -0.125336 0.989716 -0.068951
vn 0.992583 0.121555 -0.001759
vn 0.096389 0.995236 -0.014642
vn 0.090477 0.992008 0.087946
vn 0.983485 0.118515 0.136791
vn -0.995904 -0.033013 -0.084175
vn -0.148763 -0.046276 -0.987790
vn -0.177238 -0.371027 -0.911551
vn -0.972491 -0.229954 -0.037177
vn -0.116788 0.993048 -0.014732
vn -0.995774 0.091830 -0.001301
vn -0.990424 0.085635 0.108294
vn -0.108945 0.991651 0.068983
vn 0.988191 -0.011045 0.152829
vn 0.220761 -0.027618 0.974937
vn 0.267288 -0.439438 0.857585
vn 0.963772 -0.241619 0.112980
vn -0.006962 0.149093 0.988799
vn -0.028875 0.993186 0.112905
vn -0.188792 0.173099 0.966641
vn -0.179410 0.016422 0.983637
vn -0.988013 -0.017272 0.153403
vn -0.969308 -0.229449 0.088285
vn -0.095116 -0.267784 0.958772
vn 0.122195 -0.989361 0.078950
vn 0.126443 -0.991871 0.014311
vn 0.969344 -0.245678 0.003839
vn 0.039877 -0.986950 0.156010
vn 0.045417 -0.350796 0.935350
vn -0.061687 -0.991640 0.113332
vn -0.968947 -0.247242 0.003591
vn -0.074391 -0.997122 0.014599
vn -0.024185 -0.301091 -0.953289
vn 0.011427 -0.998130 -0.060055
vn -0.064082 -0.997382 -0.033493
vn -0.019327 0.999706 -0.014648
vn 0.006005 0.003763 0.999975
vn 0.019400 -0.999704 0.014655
vn 0.004019 -0.020614 -0.999780
vn -0.999614 -0.027792 0.000413
vn 0.999815 0.019216 -0.000282
vn 0.206360 0.135389 -0.969064
vn 0.083759 0.994676 -0.060043
vn 0.990750 0.117584 -0.067733
vn -0.992799 0.095761 -0.071969
vn 0.161370 0.100185 0.981796
vn 0.139736 -0.989449 -0.038272
vn -0.081042 -0.996248 0.030368
vn -0.994928 -0.099329 0.015891
vn -0.942283 -0.093467 -0.321507
vn -0.055140 -0.981947 -0.180942
vn -0.049419 -0.057974 0.997094
vn -0.085558 -0.968345 0.234495
vn 0.041212 -0.974004 0.222753
vn 0.046711 -0.064081 0.996851
vn -0.968150 -0.000011 0.250372
vn -0.052297 -0.000003 0.998632
vn -0.044446 0.133554 0.990044
vn -0.961220 0.196212 0.193796
vn 0.995958 -0.089812 -0.000842
vn 0.063421 -0.997684 0.024585
vn 0.055898 -0.981934 -0.180779
vn 0.947859 -0.096492 -0.303733
vn 0.048063 0.000473 0.998844
vn 0.947549 0.002874 0.319597
vn 0.947758 0.113424 0.298145
vn 0.055701 0.128333 0.990166
vn -0.966514 0.255199 -0.026898
vn -0.061648 0.998074 -0.006937
vn -0.053858 0.927472 -0.369994
vn -0.947529 0.079080 -0.309733
vn -0.054699 0.966704 0.249984
vn 0.046469 0.959989 0.276154
vn 0.059246 0.998084 0.017837
vn 0.970520 0.240142 0.020547
vn 0.953660 0.208178 -0.217243
vn 0.053232 0.941012 -0.334160
vn -0.049188 0.115638 -0.992073
vn -0.054291 0.000268 -0.998525
vn -0.949210 0.001265 -0.314641
vn 0.039060 0.136111 -0.989923
vn 0.953916 0.000012 -0.300075
vn 0.050211 -0.000000 -0.998739
vn -0.052175 -0.058399 -0.996929
vn 0.045980 -0.060002 -0.997139
vn 0.999999 -0.000184 -0.001364
vn -0.999946 -0.000571 0.010414
vn -0.968078 -0.080864 0.237247
vn 0.948577 -0.093701 0.302361
vn 0.010462 0.991094 -0.132750
vn -0.012505 0.128138 -0.991678
vn -0.295789 0.082965 -0.951644
vn -0.163610 0.983780 -0.073542
vn 0.994410 0.103253 -0.022086
vn 0.082271 0.996594 -0.005678
vn 0.067520 0.993217 0.094661
vn 0.992868 0.076977 0.091040
vn 0.083655 0.006723 -0.996472
vn 0.991272 0.001158 -0.131829
vn 0.981871 -0.141310 -0.126333
vn 0.080678 -0.184132 -0.979585
vn 0.004437 0.110150 0.993905
vn -0.018938 0.993369 0.113402
vn -0.256507 0.955636 0.144791
vn -0.199453 0.057875 0.978197
vn 0.996951 -0.000020 0.078031
vn 0.126359 -0.006797 0.991961
vn 0.122088 -0.170575 0.977752
vn 0.988750 -0.128966 0.075766
vn -0.047277 -0.208092 -0.976966
vn -0.036194 -0.985583 -0.165276
vn -0.354518 -0.915565 -0.189890
vn -0.287808 -0.163692 -0.943595
vn 0.094162 -0.995543 -0.005312
vn 0.984296 -0.176290 -0.009097
vn 0.120657 -0.984826 0.124740
vn 0.006187 -0.992745 0.120076
vn 0.015897 -0.212870 0.976951
vn -0.195950 -0.133111 0.971537
vn -0.203007 -0.976609 0.070872
vn -0.990260 -0.101155 -0.095668
vn -0.996165 0.000893 -0.087494
vn -0.276525 0.005997 -0.960988
vn -0.981826 -0.189756 -0.003238
vn -0.266001 -0.963508 -0.029951
vn -0.985339 -0.141440 0.095399
vn -0.211606 -0.006592 0.977333
vn -0.993811 -0.000875 0.111078
vn -0.206239 0.977994 0.031519
vn -0.994417 0.102592 0.024701
vn -0.992122 0.071800 0.102659
vn 0.999855 0.000262 -0.017056
vn -0.007639 -0.999913 -0.010712
vn -0.999856 -0.000274 0.016981
vn -0.004435 0.999982 0.004114
vn 0.008614 -0.006789 0.999940
vn -0.017166 0.006776 -0.999830
vn 0.101649 0.984249 -0.144640
vn 0.990009 0.070016 -0.122391
vn 0.084532 0.104357 -0.990941
vn 0.133503 0.093833 0.986596
vn 0.057896 -0.990667 -0.123394
vn -0.991651 0.075512 -0.104533
vn 0.011513 0.173851 0.984705
vn 0.023464 0.998551 0.048430
vn 0.013179 0.998158 0.059224
vn -0.028779 0.189340 0.981490
vn 0.997560 -0.020874 0.066618
vn 0.355034 -0.016427 0.934709
vn 0.374792 -0.176157 0.910220
vn 0.990984 -0.130012 0.032351
vn 0.238993 0.970603 0.028491
vn 0.990756 0.130812 0.035928
vn 0.965040 0.164059 -0.204409
vn 0.304505 0.934431 -0.184704
vn -0.015811 -0.997891 0.062952
vn 0.016779 -0.146968 0.988999
vn -0.033437 -0.149477 0.988200
vn -0.027279 -0.997402 0.066678
vn 0.989674 -0.138106 0.038375
vn 0.292104 -0.954935 0.052671
vn 0.236474 -0.940596 -0.243636
vn 0.950916 -0.119300 -0.285530
vn 0.073791 0.945573 -0.316934
vn 0.036395 0.201708 -0.978769
vn 0.006776 0.156040 -0.987728
vn 0.021662 0.956475 -0.291011
vn 0.423394 -0.013313 -0.905848
vn 0.930441 -0.000388 -0.366441
vn 0.386516 -0.157106 -0.908803
vn 0.023626 -0.128524 -0.991425
vn 0.023417 -0.957070 -0.288910
vn -0.012112 -0.963092 -0.268901
vn 0.003590 -0.097465 -0.995233
vn -0.214356 0.946203 -0.242385
vn -0.948320 0.135658 -0.286857
vn -0.971519 0.235391 0.027224
vn -0.265267 0.963877 0.023962
vn -0.966208 0.020864 -0.256917
vn -0.367254 0.002543 -0.930117
vn -0.322659 -0.036515 -0.945811
vn -0.955389 -0.057223 -0.289753
vn -0.263655 -0.938590 -0.222564
vn -0.350956 -0.935181 0.047604
vn -0.993852 -0.106364 0.030730
vn -0.416644 0.001813 0.909068
vn -0.997591 0.019563 0.066555
vn -0.995754 -0.088785 0.024319
vn -0.453320 -0.176991 0.873599
vn 0.999291 -0.021788 0.030719
vn 0.002625 -0.009230 -0.999954
vn 0.007717 -0.011502 -0.999904
vn -0.999549 0.018468 0.023664
vn 0.009085 0.005098 0.999946
vn -0.021249 0.007918 0.999743
vn -0.020191 -0.999119 0.036798
vn -0.020190 -0.999138 0.036273
vn 0.022125 0.999611 0.016999
vn 0.019291 0.999668 0.017084
vn 0.281881 0.167351 0.944742
vn 0.988675 0.146838 0.030993
vn 0.265554 0.963949 0.016823
vn 0.259953 -0.965455 0.017947
vn 0.444881 0.244850 -0.861470
vn -0.342468 0.103886 -0.933768
vn -0.221936 0.975036 -0.007024
vn -0.984090 0.176085 0.023701
vn -0.348188 0.292070 0.890764
vn -0.296352 -0.955040 0.008671
vn 0.999781 -0.020590 0.003730
vn 0.991413 -0.130712 0.003935
vn 0.290134 -0.956938 0.009597
vn -0.020794 -0.999742 0.009129
vn -0.019141 -0.999775 0.009136
vn -0.341023 -0.940023 0.007730
vn -0.995948 -0.089937 0.000107
vn -0.999781 0.020732 -0.002944
vn -0.975120 0.221510 -0.008627
vn -0.228658 0.973419 -0.013063
vn 0.021152 0.999735 -0.009088
vn 0.018493 0.999811 -0.005933
vn 0.272459 0.962107 -0.010771
vn 0.989115 0.147141 -0.000446
vn -0.988913 0.117370 0.090973
vn -0.142107 0.989648 0.020065
vn -0.118789 0.956424 -0.266725
vn -0.994495 0.062048 -0.084436
vn -0.025113 -0.000939 0.999684
vn -0.987038 -0.011290 0.160089
vn -0.983476 -0.111223 0.142846
vn 0.002486 -0.113592 0.993524
vn -0.013589 0.994218 0.106516
vn 0.074929 0.110389 0.991060
vn 0.216280 0.107270 0.970421
vn 0.176653 0.980310 0.088233
vn -0.096028 -0.995333 -0.009516
vn -0.990165 -0.128096 0.056262
vn -0.970788 -0.153778 -0.184181
vn -0.060145 -0.974438 -0.216456
vn 0.079385 -0.099502 0.991866
vn 0.030098 -0.994237 0.102894
vn 0.192827 -0.977444 0.086149
vn 0.207244 -0.095095 0.973656
vn 0.190521 0.980817 -0.041228
vn 0.977372 0.181023 -0.109426
vn 0.882242 0.211425 -0.420654
vn 0.127820 0.951968 -0.278241
vn 0.999700 0.018455 0.016089
vn 0.252922 -0.009444 0.967441
vn 0.992855 -0.112287 0.040383
vn 0.991695 -0.105035 -0.074221
vn 0.226636 -0.973708 -0.022978
vn 0.130417 -0.964945 -0.227758
vn 0.958514 -0.051583 -0.280340
vn 0.021757 0.118530 -0.992712
vn -0.080319 0.108931 -0.990799
vn -0.040677 0.966524 -0.253332
vn 0.111986 0.027302 -0.993335
vn 0.939144 0.050364 -0.339811
vn 0.064880 -0.071962 -0.995295
vn 0.003150 -0.972329 -0.233593
vn -0.075691 -0.089594 -0.993098
vn -0.990657 -0.041969 -0.129761
vn -0.180041 -0.004813 -0.983647
vn -0.148113 -0.082322 -0.985538
vn 0.078047 -0.004515 0.996940
vn 0.995988 0.026115 -0.085593
vn -0.078035 0.004590 -0.996940
vn -0.997093 -0.019260 0.073715
vn 0.020949 -0.999673 -0.014638
vn -0.021606 0.999748 0.006111
vn -0.975087 0.127395 0.181590
vn 0.006317 0.099932 0.994974
vn -0.110769 0.987182 0.114904
vn -0.069724 -0.990562 0.118008
vn 0.990397 0.137204 -0.016996
vn -0.154577 0.124728 -0.980076
vn 0.012099 -0.210536 -0.977511
vn -0.026884 -0.996954 -0.073218
vn -0.307581 -0.950670 -0.040260
vn -0.228720 -0.121590 -0.965869
vn 0.996487 -0.039204 -0.074000
vn 0.116455 -0.033888 -0.992618
vn 0.096707 0.107999 -0.989436
vn 0.995717 0.073923 -0.055529
vn 0.070865 -0.997379 0.014640
vn 0.989144 -0.146934 0.002098
vn 0.984720 -0.139286 0.104525
vn 0.066266 -0.986005 0.152979
vn 0.018979 0.994883 -0.099239
vn -0.024179 0.135692 -0.990456
vn -0.348141 0.181761 -0.919652
vn -0.179565 0.982211 -0.054943
vn 0.997815 0.066053 -0.001146
vn 0.142428 0.989700 -0.014459
vn 0.134364 0.986359 0.095092
vn 0.994797 0.059581 0.082643
vn -0.063588 -0.983890 0.167086
vn -0.053091 -0.204035 0.977523
vn -0.464980 -0.231430 0.854537
vn -0.292010 -0.948429 0.123338
vn 0.134766 0.014621 0.990770
vn 0.991609 -0.019778 0.127750
vn 0.168322 0.194637 0.966325
vn 0.011137 0.193472 0.981043
vn 0.030819 0.989863 0.138641
vn -0.181059 0.980939 0.070544
vn -0.276594 0.123323 0.953041
vn -0.995349 -0.070650 0.065485
vn -0.997126 -0.075760 0.000885
vn -0.294749 -0.955469 0.014241
vn -0.989878 0.012617 0.141361
vn -0.366303 -0.013165 0.930403
vn -0.988765 0.113619 0.097134
vn -0.197606 0.980176 -0.014398
vn -0.992147 0.125063 -0.001848
vn -0.285486 0.024735 -0.958064
vn -0.996431 0.038266 -0.075245
vn -0.992228 0.114041 -0.049782
vn 0.999500 -0.031607 0.000466
vn -0.011185 0.009212 0.999895
vn -0.999503 0.031535 -0.000459
vn -0.006157 -0.018363 -0.999812
vn 0.023144 0.999625 -0.014645
vn -0.031720 -0.999390 0.014647
vn 0.138874 -0.227856 -0.963740
vn 0.989892 -0.134993 -0.043487
vn 0.067959 -0.996363 -0.051407
vn 0.147235 0.985442 -0.085008
vn 0.077458 -0.151101 0.985479
vn -0.994615 -0.089968 -0.051455
vn -0.138943 0.990243 -0.010616
vn -0.991989 0.121500 -0.034585
vn -0.965355 0.074716 0.250016
vn -0.088152 0.982167 0.166063
vn 0.025197 0.109693 -0.993646
vn -0.008596 0.997058 -0.076169
vn 0.090936 0.994246 -0.056611
vn 0.138297 0.084155 -0.986809
vn -0.991299 0.000696 -0.131628
vn -0.083862 0.006855 -0.996454
vn -0.077839 -0.135633 -0.987697
vn -0.973256 -0.190058 -0.129040
vn 0.992176 0.116739 0.044252
vn 0.105483 0.993949 0.030650
vn 0.125635 0.954850 0.269215
vn 0.967014 0.063012 0.246808
vn 0.126033 0.007101 -0.992001
vn 0.996926 0.000592 -0.078353
vn 0.983660 -0.163300 -0.075807
vn 0.124267 -0.121908 -0.984731
vn -0.976647 -0.214847 -0.001262
vn -0.160010 -0.986871 0.021962
vn -0.200434 -0.919128 0.339161
vn -0.955226 -0.171825 0.240872
vn 0.006123 -0.994910 -0.100579
vn 0.039617 -0.169820 -0.984678
vn 0.137224 -0.983159 -0.120695
vn 0.127099 -0.991868 -0.006637
vn 0.978030 -0.206303 0.029952
vn 0.961851 -0.127987 0.241789
vn 0.067750 -0.977444 0.200035
vn -0.142624 -0.108346 0.983829
vn -0.135452 -0.006287 0.990764
vn -0.973227 -0.002184 0.229837
vn -0.049285 -0.196276 0.979309
vn -0.036082 -0.965426 0.258169
vn 0.048729 -0.147335 0.987886
vn 0.966010 -0.001539 0.258500
vn 0.063009 -0.006727 0.997990
vn 0.014768 0.976793 0.213678
vn -0.024009 0.096162 0.995076
vn 0.054180 0.065901 0.996354
vn 0.031197 0.006775 -0.999490
vn -0.004151 -0.999991 0.000813
vn -0.031271 -0.006788 0.999488
vn -0.003022 0.999936 0.010928
vn 0.999214 -0.000127 0.039635
vn -0.999517 0.000059 -0.031088
vn -0.146374 0.983924 -0.102311
vn -0.074973 0.075767 -0.994303
vn -0.986407 0.098368 -0.131622
vn 0.991216 0.101229 -0.085114
vn -0.113603 -0.991055 -0.070027
vn -0.152768 0.068247 0.985903
vn 0.157615 0.012150 -0.987426
vn 0.990517 0.054909 -0.125938
vn 0.969777 -0.228035 -0.086796
vn 0.089959 -0.234993 -0.967825
vn -0.048623 0.994813 -0.089344
vn -0.027728 0.101151 -0.994485
vn -0.167093 0.069720 -0.983473
vn -0.160169 0.984957 -0.064856
vn 0.987294 0.153904 -0.039546
vn 0.063157 0.997823 -0.019012
vn 0.061249 0.994605 0.083728
vn 0.983563 0.150842 0.099252
vn -0.996767 -0.065687 -0.046263
vn -0.184541 -0.053050 -0.981392
vn -0.199463 -0.378410 -0.903892
vn -0.965159 -0.261665 -0.000047
vn -0.149684 0.988673 -0.011004
vn -0.997577 0.059257 0.036455
vn -0.987873 0.053454 0.145773
vn -0.138630 0.987698 0.072354
vn 0.993110 0.021536 0.115193
vn 0.258372 -0.018478 0.965869
vn 0.313864 -0.428787 0.847131
vn 0.974752 -0.209789 0.076467
vn 0.025684 0.150728 0.988242
vn -0.057044 0.991933 0.113202
vn -0.157539 0.168740 0.972989
vn -0.142400 0.012487 0.989730
vn -0.980388 -0.049231 0.190832
vn -0.957237 -0.260811 0.125203
vn -0.049865 -0.268862 0.961887
vn 0.157400 -0.984685 0.074968
vn 0.159273 -0.987182 0.010215
vn 0.976309 -0.213878 -0.032804
vn 0.078030 -0.984813 0.155097
vn 0.092321 -0.347286 0.933204
vn -0.024873 -0.992901 0.116311
vn -0.959507 -0.278748 0.040570
vn -0.041127 -0.998989 0.018135
vn -0.050469 -0.303594 -0.951464
vn 0.041785 -0.997340 -0.059724
vn -0.032647 -0.999007 -0.030314
vn -0.052560 0.998511 -0.014627
vn 0.043813 0.005922 0.999022
vn 0.052634 -0.998507 0.014630
vn -0.033242 -0.022436 -0.999196
vn -0.997434 -0.060424 0.038400
vn 0.997921 0.051860 -0.038271
vn 0.164908 0.140153 -0.976301
vn 0.048838 0.996761 -0.063901
vn 0.983090 0.149747 -0.105400
vn -0.997416 0.063144 -0.034277
vn 0.195135 0.107330 0.974886
vn 0.170475 -0.984430 -0.042836
vn -0.165064 -0.012450 -0.986204
vn -0.998338 -0.003622 -0.057517
vn -0.997639 0.006604 -0.068351
vn -0.179770 0.028158 -0.983306
vn 0.001401 -0.998068 -0.062118
vn 0.017799 -0.359490 -0.932979
vn 0.176867 -0.382342 -0.906936
vn 0.110333 -0.993531 -0.026876
vn -0.974916 -0.219576 -0.036391
vn -0.150391 -0.988081 -0.032854
vn -0.185300 -0.960621 0.207053
vn -0.942013 -0.284845 0.177409
vn 0.998540 -0.004517 -0.053832
vn 0.155610 -0.024177 -0.987523
vn 0.159121 0.025981 -0.986917
vn 0.998315 0.006942 -0.057612
vn 0.118505 -0.992411 -0.032831
vn 0.949304 -0.311457 -0.042619
vn 0.933389 -0.254216 0.253298
vn 0.097531 -0.951825 0.290717
vn -0.949716 -0.053360 0.308532
vn -0.211309 -0.027934 0.977020
vn -0.165137 0.000805 0.986270
vn -0.959330 -0.001138 0.282286
vn -0.003469 -0.419498 0.907750
vn -0.021677 -0.928603 0.370441
vn 0.141005 -0.385502 0.911869
vn 0.118978 -0.021740 0.992659
vn 0.953733 -0.041333 0.297801
vn 0.960650 -0.006024 0.277697
vn 0.088294 -0.001069 0.996094
vn -0.943867 0.234405 0.232741
vn -0.119156 0.952134 0.281502
vn -0.215536 0.975918 -0.033582
vn -0.958085 0.284461 -0.033977
vn -0.003756 0.967578 0.252543
vn -0.003630 0.371409 0.928462
vn 0.034377 0.326111 0.944706
vn 0.073794 0.955341 0.286142
vn 0.941638 0.245753 0.230053
vn 0.942449 0.331886 -0.040509
vn 0.126619 0.991367 -0.034038
vn 0.014858 0.412505 -0.910834
vn 0.001124 0.997473 -0.071036
vn 0.109023 0.993650 -0.027797
vn 0.194033 0.445740 -0.873880
vn 0.001953 -0.999655 -0.026204
vn 0.000060 0.001690 0.999999
vn 0.002229 -0.003447 0.999992
vn 0.001868 0.999602 -0.028146
vn 0.003836 -0.013480 -0.999902
vn 0.001624 0.016904 -0.999856
vn 0.999617 -0.000045 -0.027688
vn 0.999631 -0.000045 -0.027163
vn -0.999657 -0.002121 -0.026103
vn -0.999656 0.000714 -0.026201
vn -0.164368 -0.282707 -0.945019
vn -0.166417 -0.985656 -0.028077
vn -0.968904 -0.246216 -0.024548
vn 0.960151 -0.279369 -0.007938
vn -0.261597 -0.435995 0.861089
vn -0.105480 0.348681 0.931287
vn -0.970396 0.241503 -0.002908
vn -0.156024 0.987311 -0.029567
vn -0.276873 0.349974 -0.894908
vn 0.960849 0.277070 -0.001159
vn 0.000499 -1.000000 0.000774
vn 0.110765 -0.993846 0.001546
vn 0.950954 -0.309333 0.000463
vn 1.000000 0.000670 -0.000017
vn 1.000000 -0.000984 -0.000016
vn 0.946727 0.322038 -0.000550
vn 0.109959 0.993930 -0.003578
vn -0.000634 0.999999 -0.001562
vn -0.201912 0.979401 0.002380
vn -0.968699 0.248218 0.003116
vn -1.000000 -0.001028 -0.000022
vn -0.999994 0.001617 -0.003190
vn -0.967453 -0.253031 0.003092
vn -0.167015 -0.985949 0.003360
vn 0.035652 0.034254 -0.998777
vn 0.989362 0.021093 -0.143940
vn 0.930626 -0.339634 -0.136322
vn 0.011046 -0.192216 -0.981290
vn 0.040202 0.997699 -0.054588
vn 0.040552 0.252270 -0.966807
vn -0.085711 0.239290 -0.967158
vn -0.049695 0.997177 -0.056293
vn 0.961499 0.271377 -0.043298
vn 0.045209 0.998977 -0.000730
vn 0.043793 0.991293 0.124176
vn 0.965607 0.210842 0.152150
vn -0.999038 -0.004811 -0.043580
vn -0.108816 0.027459 -0.993683
vn -0.099298 -0.192493 -0.976261
vn -0.942712 -0.329148 -0.054369
vn -0.048084 0.998836 0.003949
vn -0.940505 0.336651 0.046001
vn -0.937393 0.312716 0.153305
vn -0.050154 0.991086 0.123425
vn 0.976949 -0.025535 0.211942
vn 0.106692 -0.008049 0.994260
vn 0.096376 -0.394098 0.914001
vn 0.946136 -0.322124 0.032610
vn 0.097059 0.265940 0.959091
vn -0.004105 0.293260 0.956024
vn -0.013879 0.017154 0.999757
vn -0.958368 0.017967 0.284969
vn -0.938917 -0.236633 0.249878
vn -0.009146 -0.357072 0.934032
vn 0.054317 -0.993078 0.104147
vn 0.053920 -0.998539 -0.003522
vn 0.942223 -0.332349 -0.041960
vn -0.027341 -0.991498 0.127215
vn -0.945300 -0.323424 0.042494
vn -0.043274 -0.999063 0.000639
vn 0.049585 -0.997079 -0.058099
vn -0.041974 -0.997580 -0.055435
vn -0.998964 -0.005476 0.045168
vn 0.998833 0.015177 -0.045856
vn 0.958470 0.257116 -0.123398
vn -0.946159 0.319756 -0.050396
vn -0.007705 0.989199 0.146376
vn 0.034224 0.114690 0.992812
vn 0.316570 0.070193 0.945969
vn 0.165028 0.982767 0.083273
vn -0.993703 0.102493 0.045277
vn -0.082283 0.996388 0.020994
vn -0.069734 0.994378 -0.079680
vn -0.994637 0.077754 -0.068202
vn -0.061788 -0.006822 0.998066
vn -0.988143 -0.001080 0.153530
vn -0.978843 -0.143456 0.145899
vn -0.059153 -0.197429 0.978531
vn -0.026244 0.123609 -0.991984
vn 0.016292 0.994823 -0.100308
vn 0.253121 0.957627 -0.137407
vn 0.177948 0.071218 -0.981459
vn -0.998422 0.000584 -0.056153
vn -0.148074 0.006592 -0.988954
vn -0.143467 -0.157361 -0.977064
vn -0.990153 -0.128378 -0.055815
vn 0.068718 -0.221294 0.972783
vn 0.039963 -0.987716 0.151063
vn 0.358740 -0.917894 0.169639
vn 0.308447 -0.176336 0.934755
vn -0.093867 -0.995566 -0.006126
vn -0.983832 -0.176846 0.028280
vn -0.123208 -0.983099 -0.135409
vn -0.008663 -0.991029 -0.133364
vn -0.037279 -0.199615 -0.979165
vn 0.174622 -0.119840 -0.977315
vn 0.201557 -0.975467 -0.088542
vn 0.992136 -0.101992 0.072558
vn 0.997843 0.000159 0.065640
vn 0.297526 -0.006904 0.954689
vn 0.981691 -0.189336 -0.020859
vn 0.266744 -0.963704 0.011044
vn 0.983033 -0.139686 -0.118886
vn 0.190127 0.006751 -0.981736
vn 0.991137 0.001082 -0.132838
vn 0.205345 0.978425 -0.022768
vn 0.993620 0.103369 -0.045100
vn 0.989621 0.073635 -0.123399
vn -0.999240 -0.000424 0.038971
vn 0.008028 -0.999963 -0.003019
vn 0.999243 0.000409 -0.038897
vn 0.004187 0.999948 0.009351
vn -0.030534 0.006761 -0.999511
vn 0.039081 -0.006769 0.999213
vn -0.098607 0.982152 0.160169
vn -0.987099 0.067902 0.145002
vn -0.062802 0.090877 0.993880
vn -0.155115 0.107136 -0.982070
vn -0.055022 -0.992275 0.111189
vn 0.993692 0.074539 0.083784
vn -0.025524 -0.990641 -0.134088
vn -0.102144 -0.124738 -0.986918
vn 0.183862 -0.079530 -0.979729
vn 0.154223 -0.983423 -0.095365
vn -0.990279 -0.103783 0.092612
vn -0.082166 -0.996619 0.000412
vn -0.055920 -0.993576 0.098384
vn -0.975680 -0.077894 0.204892
vn -0.198241 -0.003366 -0.980147
vn -0.999865 -0.001311 -0.016404
vn -0.989922 0.141142 -0.011538
vn -0.193372 0.187432 -0.963056
vn 0.110465 -0.113551 0.987372
vn 0.032124 -0.993739 0.107009
vn 0.271722 -0.955968 0.110867
vn 0.311162 -0.061099 0.948391
vn -0.981256 -0.000854 0.192709
vn -0.010888 0.003327 0.999935
vn -0.008322 0.167155 0.985895
vn -0.973399 0.128103 0.189959
vn -0.065978 0.211460 -0.975157
vn 0.016646 0.986164 -0.164933
vn 0.330010 0.916424 -0.226409
vn 0.176805 0.167092 -0.969959
vn -0.094355 0.995497 0.009056
vn -0.978791 0.175721 0.105314
vn -0.105641 0.984320 0.141261
vn 0.007521 0.992325 0.123429
vn 0.097056 0.209519 0.972976
vn 0.306874 0.129908 0.942843
vn 0.209631 0.976485 0.050325
vn 0.972550 0.102087 -0.209104
vn 0.979381 0.000014 -0.202021
vn 0.163629 -0.002541 -0.986519
vn 0.974835 0.190365 -0.116012
vn 0.260556 0.963766 -0.057146
vn 0.989733 0.141714 -0.018610
vn 0.323120 0.003379 0.946352
vn 0.999989 0.001101 -0.004503
vn 0.208706 -0.977970 0.004086
vn 0.990631 -0.102070 -0.090728
vn 0.997354 -0.071545 -0.012922
vn -0.995127 -0.000813 0.098595
vn 0.006139 0.999949 -0.008056
vn 0.995120 0.000826 -0.098669
vn 0.005091 -0.999987 0.000107
vn 0.106989 0.003364 0.994254
vn -0.098483 -0.003346 -0.995133
vn -0.117474 -0.983811 -0.135338
vn -0.997505 -0.070202 -0.007413
vn -0.198454 -0.101019 -0.974890
vn -0.018583 -0.097287 0.995083
vn -0.071976 0.991048 -0.112441
vn 0.972944 -0.074550 -0.218682
vn -0.196097 -0.027854 -0.980189
vn -0.995939 0.018545 -0.088102
vn -0.952131 0.300022 -0.058591
vn -0.109041 0.213753 -0.970783
vn -0.031061 -0.997718 -0.059951
vn -0.018513 -0.131128 -0.991193
vn 0.123168 -0.110302 -0.986237
vn 0.081774 -0.995854 -0.039850
vn -0.996959 -0.077915 0.001165
vn -0.139943 -0.990054 0.014455
vn -0.133829 -0.984085 0.116907
vn -0.987647 -0.071220 0.139572
vn 0.996339 -0.013166 -0.084465
vn 0.150016 0.010754 -0.988625
vn 0.192750 0.336041 -0.921913
vn 0.981615 0.185904 -0.043273
vn 0.073123 -0.997218 0.014437
vn 0.990789 -0.135403 0.002030
vn 0.985786 -0.125770 0.111392
vn 0.065404 -0.993028 0.098069
vn -0.986658 0.058836 0.151804
vn -0.218712 0.065816 0.973567
vn -0.247214 0.475667 0.844172
vn -0.952178 0.286850 0.105235
vn 0.001054 -0.120228 0.992746
vn -0.014628 -0.989764 0.141966
vn 0.181645 -0.152823 0.971417
vn 0.179152 0.004546 0.983811
vn 0.987918 -0.021580 0.153465
vn 0.978494 0.189214 0.082149
vn 0.107384 0.291326 0.950578
vn -0.078647 0.995655 0.049858
vn -0.082821 0.996454 -0.014830
vn -0.957637 0.287951 -0.003982
vn 0.003537 0.991895 0.127008
vn -0.029390 0.379699 0.924643
vn 0.105182 0.990875 0.084276
vn 0.978858 0.204517 -0.003030
vn 0.118051 0.992901 -0.014566
vn 0.036749 0.271690 -0.961683
vn 0.032310 0.995483 -0.089274
vn 0.107732 0.992204 -0.062653
vn -0.024535 -0.999592 0.014653
vn -0.005521 0.025796 0.999652
vn 0.024462 0.999593 -0.014647
vn -0.003753 -0.008524 -0.999957
vn 0.999871 -0.016065 0.000241
vn -0.999696 0.024641 -0.000361
vn -0.212719 -0.154539 -0.964815
vn -0.127330 -0.991378 -0.030935
vn -0.994997 -0.075963 -0.064896
vn 0.987599 -0.141268 -0.068495
vn -0.164977 -0.064211 0.984205
vn -0.096242 0.993078 -0.067328
vn -0.165063 -0.012451 -0.986205
vn -0.998338 -0.003622 -0.057517
vn -0.997639 0.006604 -0.068351
vn -0.179767 0.028158 -0.983306
vn 0.001401 -0.998068 -0.062118
vn 0.017797 -0.359490 -0.932979
vn 0.176867 -0.382342 -0.906936
vn 0.110333 -0.993531 -0.026876
vn -0.974916 -0.219577 -0.036391
vn -0.150391 -0.988081 -0.032854
vn -0.185301 -0.960621 0.207053
vn -0.942014 -0.284846 0.177408
vn 0.998540 -0.004517 -0.053832
vn 0.155607 -0.024176 -0.987523
vn 0.159118 0.025980 -0.986918
vn 0.998315 0.006942 -0.057612
vn 0.118506 -0.992410 -0.032832
vn 0.949304 -0.311457 -0.042619
vn 0.933387 -0.254220 0.253302
vn 0.097531 -0.951826 0.290715
vn -0.949716 -0.053360 0.308533
vn -0.211315 -0.027934 0.977019
vn -0.165143 0.000806 0.986269
vn -0.959329 -0.001138 0.282287
vn -0.003467 -0.419500 0.907749
vn -0.021677 -0.928603 0.370440
vn 0.141005 -0.385504 0.911869
vn 0.118981 -0.021740 0.992659
vn 0.953731 -0.041334 0.297806
vn 0.960649 -0.006024 0.277699
vn 0.088298 -0.001068 0.996094
vn -0.943868 0.234406 0.232739
vn -0.119155 0.952134 0.281503
vn -0.215536 0.975918 -0.033582
vn -0.958085 0.284461 -0.033977
vn -0.003756 0.967579 0.252542
vn -0.003630 0.371410 0.928462
vn 0.034380 0.326112 0.944706
vn 0.073794 0.955342 0.286141
vn 0.941638 0.245753 0.230052
vn 0.942450 0.331885 -0.040509
vn 0.126619 0.991367 -0.034038
vn 0.014859 0.412504 -0.910835
vn 0.001124 0.997473 -0.071037
vn 0.109023 0.993651 -0.027798
vn 0.194033 0.445739 -0.873881
vn 0.001953 -0.999655 -0.026205
vn 0.000060 0.001691 0.999999
vn 0.002230 -0.003447 0.999992
vn 0.001868 0.999602 -0.028146
vn 0.003836 -0.013480 -0.999902
vn 0.001625 0.016904 -0.999856
vn 0.999617 -0.000045 -0.027688
vn 0.999631 -0.000045 -0.027163
vn -0.999657 -0.002121 -0.026103
vn -0.999656 0.000713 -0.026201
vn -0.164370 -0.282707 -0.945018
vn -0.166417 -0.985656 -0.028077
vn -0.968904 -0.246216 -0.024548
vn 0.960151 -0.279369 -0.007938
vn -0.261597 -0.435997 0.861088
vn -0.105484 0.348683 0.931286
vn -0.970396 0.241502 -0.002908
vn -0.156025 0.987311 -0.029567
vn -0.276871 0.349975 -0.894908
vn 0.960849 0.277071 -0.001159
vn 0.000499 -1.000000 0.000774
vn 0.110765 -0.993845 0.001546
vn 0.950954 -0.309333 0.000463
vn 1.000000 0.000670 -0.000017
vn 1.000000 -0.000984 -0.000016
vn 0.946727 0.322038 -0.000549
vn 0.109959 0.993930 -0.003577
vn -0.000634 0.999999 -0.001562
vn -0.201913 0.979401 0.002380
vn -0.968699 0.248218 0.003116
vn -1.000000 -0.001028 -0.000022
vn -0.999994 0.001617 -0.003190
vn -0.967453 -0.253032 0.003092
vn -0.167015 -0.985949 0.003360
vn -0.158906 0.008546 0.987257
vn -0.992088 0.011793 0.124986
vn -0.958910 -0.270098 0.086823
vn -0.080447 -0.235454 0.968550
vn 0.004822 0.996284 0.085993
vn 0.022345 0.105621 0.994155
vn 0.162969 0.080302 0.983358
vn 0.116715 0.991252 0.061624
vn -0.993135 0.110543 0.038260
vn -0.106917 0.994146 0.015564
vn -0.104774 0.990669 -0.087163
vn -0.989145 0.107180 -0.100524
vn 0.998647 -0.021708 0.047256
vn 0.185791 -0.041592 0.981709
vn 0.215051 -0.366241 0.905329
vn 0.975714 -0.219040 0.001683
vn 0.106127 0.994322 0.007752
vn 0.994047 0.102873 -0.035888
vn 0.984708 0.096282 -0.145192
vn 0.095203 0.992582 -0.075610
vn -0.992991 -0.022473 -0.116032
vn -0.256423 -0.033058 -0.965999
vn -0.293956 -0.445006 -0.845908
vn -0.964532 -0.252638 -0.076505
vn -0.031364 0.146126 -0.988769
vn 0.013548 0.993094 -0.116535
vn 0.150878 0.172216 -0.973436
vn 0.142627 0.015392 -0.989657
vn 0.981779 -0.006784 -0.189907
vn 0.967878 -0.218956 -0.123576
vn 0.062501 -0.269654 -0.960927
vn -0.113952 -0.990893 -0.071734
vn -0.115773 -0.993251 -0.006976
vn -0.966009 -0.256423 0.032780
vn -0.034579 -0.987806 -0.151801
vn -0.076127 -0.354149 -0.932086
vn 0.068544 -0.991238 -0.112909
vn 0.970856 -0.236491 -0.038880
vn 0.084960 -0.996276 -0.014700
vn 0.062874 -0.297879 0.952531
vn 0.001984 -0.998006 0.063089
vn 0.076444 -0.996503 0.033742
vn 0.008662 0.999899 0.011266
vn -0.043109 0.000627 -0.999070
vn -0.008735 -0.999898 -0.011270
vn 0.033275 -0.017589 0.999292
vn 0.999160 -0.016705 -0.037425
vn -0.999270 0.008127 0.037324
vn -0.171801 0.136067 0.975690
vn -0.092607 0.993865 0.060468
vn -0.988813 0.106796 0.104130
vn 0.993650 0.106986 0.034832
vn -0.198762 0.095374 -0.975396
vn -0.127133 -0.990816 0.046058
s 1
g pCube170
usemtl lambert5SG
f 32/34/1 25/27/2 19/26/3 21/35/4
f 54/70/5 43/66/6 6/67/7 5/71/8
f 42/28/9 33/38/10 8/39/11 7/29/12
f 30/7/13 31/17/14 22/18/15 24/8/16
f 34/15/17 35/5/18 12/6/19 11/16/20
f 26/24/21 27/30/22 14/31/23 13/25/24
f 51/49/25 52/55/26 11/56/20 10/50/27
f 28/11/28 29/1/29 18/4/30 17/12/31
f 13/25/24 15/32/32 39/33/33 40/22/34
f 48/51/35 49/43/36 17/46/31 16/52/37
f 16/9/37 18/4/30 37/3/38 38/10/39
f 45/59/40 46/64/41 23/65/42 22/60/15
f 52/73/26 53/74/43 34/75/17 11/76/20
f 49/43/36 50/44/44 28/45/28 17/46/31
f 47/82/45 48/83/35 16/84/37 38/85/39
f 44/58/46 45/59/40 22/60/15 31/61/14
f 29/1/29 36/2/47 37/3/38 18/4/30
f 40/22/34 41/23/48 26/24/21 13/25/24
f 1/41/49 2/42/50 3/36/51
f 4/13/52 5/21/8 6/20/7
f 7/29/12 8/39/11 9/40/53
f 10/14/27 11/16/20 12/6/19
f 13/25/24 14/31/23 15/32/32
f 16/9/37 17/12/31 18/4/30
f 19/26/3 20/37/54 21/35/4
f 22/18/15 23/19/42 24/8/16
f 26/24/21 41/23/48 42/28/9 7/29/12
f 7/29/12 9/40/53 27/30/22 26/24/21
f 50/44/44 51/49/25 10/50/27 28/45/28
f 10/14/27 12/6/19 29/1/29 28/11/28
f 35/5/18 36/2/47 29/1/29 12/6/19
f 4/13/52 6/20/7 31/17/14 30/7/13
f 43/66/6 44/58/46 31/61/14 6/67/7
f 1/41/49 3/36/51 25/27/2 32/34/1
f 53/74/43 54/79/5 5/80/8 34/75/17
f 5/21/8 4/13/52 35/5/18 34/15/17
f 4/13/52 30/7/13 36/2/47 35/5/18
f 37/3/38 36/2/47 30/7/13 24/8/16
f 38/10/39 37/3/38 24/8/16 23/19/42
f 46/88/41 47/82/45 38/85/39 23/89/42
f 40/22/34 39/33/33 20/37/54 19/26/3
f 19/26/3 25/27/2 41/23/48 40/22/34
f 42/28/9 41/23/48 25/27/2 3/36/51
f 3/36/51 2/42/50 33/38/10 42/28/9
f 32/63/1 44/58/46 43/66/6 1/69/49
f 21/62/4 45/59/40 44/58/46 32/63/1
f 21/62/4 20/68/54 46/64/41 45/59/40
f 39/87/33 47/82/45 46/88/41 20/90/54
f 15/86/32 48/83/35 47/82/45 39/87/33
f 15/54/32 14/48/23 49/43/36 48/51/35
f 27/47/22 50/44/44 49/43/36 14/48/23
f 9/53/53 51/49/25 50/44/44 27/47/22
f 9/53/53 8/57/11 52/55/26 51/49/25
f 33/77/10 53/74/43 52/73/26 8/78/11
f 2/81/50 54/79/5 53/74/43 33/77/10
f 2/72/50 1/69/49 43/66/6 54/70/5
s 11
f 86/91/55 79/92/56 73/93/57 75/94/58
f 108/95/59 97/96/60 60/97/61 59/98/62
f 96/99/63 87/100/64 62/101/65 61/102/66
f 84/103/67 85/104/68 76/105/69 78/106/70
f 88/107/71 89/108/72 66/109/73 65/110/74
f 80/111/75 81/112/76 68/113/77 67/114/78
f 105/115/79 106/116/80 65/117/74 64/118/81
f 82/119/82 83/120/83 72/121/84 71/122/85
f 67/114/78 69/123/86 93/124/87 94/125/88
f 102/126/89 103/127/90 71/128/85 70/129/91
f 70/130/91 72/121/84 91/131/92 92/132/93
f 99/133/94 100/134/95 77/135/96 76/136/69
f 106/137/80 107/138/97 88/139/71 65/140/74
f 103/127/90 104/141/98 82/142/82 71/128/85
f 101/143/99 102/144/89 70/145/91 92/146/93
f 98/147/100 99/133/94 76/136/69 85/148/68
f 83/120/83 90/149/101 91/131/92 72/121/84
f 94/125/88 95/150/102 80/111/75 67/114/78
f 55/151/103 56/152/104 57/153/105
f 58/154/106 59/155/62 60/156/61
f 61/102/66 62/101/65 63/157/107
f 64/158/81 65/110/74 66/109/73
f 67/114/78 68/113/77 69/123/86
f 70/130/91 71/122/85 72/121/84
f 73/93/57 74/159/108 75/94/58
f 76/105/69 77/160/96 78/106/70
f 80/111/75 95/150/102 96/99/63 61/102/66
f 61/102/66 63/157/107 81/112/76 80/111/75
f 104/141/98 105/115/79 64/118/81 82/142/82
f 64/158/81 66/109/73 83/120/83 82/119/82
f 89/108/72 90/149/101 83/120/83 66/109/73
f 58/154/106 60/156/61 85/104/68 84/103/67
f 97/96/60 98/147/100 85/148/68 60/97/61
f 55/151/103 57/153/105 79/92/56 86/91/55
f 107/138/97 108/161/59 59/162/62 88/139/71
f 59/155/62 58/154/106 89/108/72 88/107/71
f 58/154/106 84/103/67 90/149/101 89/108/72
f 91/131/92 90/149/101 84/103/67 78/106/70
f 92/132/93 91/131/92 78/106/70 77/160/96
f 100/163/95 101/143/99 92/146/93 77/164/96
f 94/125/88 93/124/87 74/159/108 73/93/57
f 73/93/57 79/92/56 95/150/102 94/125/88
f 96/99/63 95/150/102 79/92/56 57/153/105
f 57/153/105 56/152/104 87/100/64 96/99/63
f 86/165/55 98/147/100 97/96/60 55/166/103
f 75/167/58 99/133/94 98/147/100 86/165/55
f 75/167/58 74/168/108 100/134/95 99/133/94
f 93/169/87 101/143/99 100/163/95 74/170/108
f 69/171/86 102/144/89 101/143/99 93/169/87
f 69/172/86 68/173/77 103/127/90 102/126/89
f 81/174/76 104/141/98 103/127/90 68/173/77
f 63/175/107 105/115/79 104/141/98 81/174/76
f 63/175/107 62/176/65 106/116/80 105/115/79
f 87/177/64 107/138/97 106/137/80 62/178/65
f 56/179/104 108/161/59 107/138/97 87/177/64
f 56/180/104 55/166/103 97/96/60 108/95/59
s 21
f 140/181/109 133/182/110 127/183/111 129/184/112
f 162/185/113 151/186/114 114/187/115 113/188/116
f 150/189/117 141/190/118 116/191/119 115/192/120
f 138/193/121 139/194/122 130/195/123 132/196/124
f 142/197/125 143/198/126 120/199/127 119/200/128
f 134/201/129 135/202/130 122/203/131 121/204/132
f 159/205/133 160/206/134 119/207/128 118/208/135
f 136/209/136 137/210/137 126/211/138 125/212/139
f 121/204/132 123/213/140 147/214/141 148/215/142
f 156/216/143 157/217/144 125/218/139 124/219/145
f 124/220/145 126/211/138 145/221/146 146/222/147
f 153/223/148 154/224/149 131/225/150 130/226/123
f 160/227/134 161/228/151 142/229/125 119/230/128
f 157/217/144 158/231/152 136/232/136 125/218/139
f 155/233/153 156/234/143 124/235/145 146/236/147
f 152/237/154 153/223/148 130/226/123 139/238/122
f 137/210/137 144/239/155 145/221/146 126/211/138
f 148/215/142 149/240/156 134/201/129 121/204/132
f 109/241/157 110/242/158 111/243/159
f 112/244/160 113/245/116 114/246/115
f 115/192/120 116/191/119 117/247/161
f 118/248/135 119/200/128 120/199/127
f 121/204/132 122/203/131 123/213/140
f 124/220/145 125/212/139 126/211/138
f 127/183/111 128/249/162 129/184/112
f 130/195/123 131/250/150 132/196/124
f 134/201/129 149/240/156 150/189/117 115/192/120
f 115/192/120 117/247/161 135/202/130 134/201/129
f 158/231/152 159/205/133 118/208/135 136/232/136
f 118/248/135 120/199/127 137/210/137 136/209/136
f 143/198/126 144/239/155 137/210/137 120/199/127
f 112/244/160 114/246/115 139/194/122 138/193/121
f 151/186/114 152/237/154 139/238/122 114/187/115
f 109/241/157 111/243/159 133/182/110 140/181/109
f 161/228/151 162/251/113 113/252/116 142/229/125
f 113/245/116 112/244/160 143/198/126 142/197/125
f 112/244/160 138/193/121 144/239/155 143/198/126
f 145/221/146 144/239/155 138/193/121 132/196/124
f 146/222/147 145/221/146 132/196/124 131/250/150
f 154/253/149 155/233/153 146/236/147 131/254/150
f 148/215/142 147/214/141 128/249/162 127/183/111
f 127/183/111 133/182/110 149/240/156 148/215/142
f 150/189/117 149/240/156 133/182/110 111/243/159
f 111/243/159 110/242/158 141/190/118 150/189/117
f 140/255/109 152/237/154 151/186/114 109/256/157
f 129/257/112 153/223/148 152/237/154 140/255/109
f 129/257/112 128/258/162 154/224/149 153/223/148
f 147/259/141 155/233/153 154/253/149 128/260/162
f 123/261/140 156/234/143 155/233/153 147/259/141
f 123/262/140 122/263/131 157/217/144 156/216/143
f 135/264/130 158/231/152 157/217/144 122/263/131
f 117/265/161 159/205/133 158/231/152 135/264/130
f 117/265/161 116/266/119 160/206/134 159/205/133
f 141/267/118 161/228/151 160/227/134 116/268/119
f 110/269/158 162/251/113 161/228/151 141/267/118
f 110/270/158 109/256/157 151/186/114 162/185/113
s 31
f 194/271/163 187/272/164 228/273/165 217/274/166
f 216/275/167 205/276/168 168/277/169 167/278/170
f 204/279/171 195/280/172 170/281/173 169/282/174
f 192/283/175 193/284/176 219/285/177 220/286/178
f 196/287/179 197/288/180 174/289/181 173/290/182
f 188/291/183 189/292/184 225/293/185 226/294/186
f 213/295/187 214/296/188 173/297/182 172/298/189
f 190/299/190 191/300/191 222/301/192 223/302/193
f 175/303/194 177/304/195 201/305/196 202/306/197
f 210/307/198 211/308/199 179/309/200 178/310/201
f 178/311/201 180/312/202 199/313/203 200/314/204
f 207/315/205 208/316/206 185/317/207 184/318/208
f 214/319/188 215/320/209 196/321/179 173/322/182
f 223/302/193 224/323/210 212/324/211 190/299/190
f 209/325/212 210/326/198 178/327/201 200/328/204
f 206/329/213 218/330/214 219/331/177 193/332/176
f 191/333/191 198/334/215 221/335/216 222/336/192
f 226/337/186 227/338/217 203/339/218 188/340/183
f 163/341/219 164/342/220 165/343/221
f 166/344/222 167/345/170 168/346/169
f 169/282/174 170/281/173 171/347/223
f 172/298/189 173/297/182 174/348/181
f 175/349/194 176/350/224 177/351/195
f 178/310/201 179/309/200 180/352/202
f 181/353/225 182/354/226 183/355/227
f 184/356/208 185/357/207 186/358/228
f 188/340/183 203/339/218 204/279/171 169/282/174
f 169/282/174 171/347/223 189/359/184 188/340/183
f 212/324/211 213/295/187 172/298/189 190/299/190
f 172/360/189 174/289/181 191/333/191 190/361/190
f 197/288/180 198/334/215 191/333/191 174/289/181
f 166/344/222 168/346/169 193/284/176 192/283/175
f 205/276/168 206/329/213 193/332/176 168/277/169
f 163/341/219 165/343/221 187/272/164 194/271/163
f 215/320/209 230/362/229 231/363/230 196/321/179
f 231/364/230 232/365/231 197/288/180 196/287/179
f 232/365/231 233/366/232 198/334/215 197/288/180
f 233/366/232 234/367/233 221/335/216 198/334/215
f 200/314/204 199/313/203 235/368/234 236/369/235
f 236/370/235 237/371/236 209/325/212 200/328/204
f 202/306/197 201/305/196 238/372/237 239/373/238
f 227/338/217 240/374/239 241/375/240 203/339/218
f 204/279/171 203/339/218 241/375/240 242/376/241
f 242/376/241 229/377/242 195/280/172 204/279/171
f 194/271/163 206/329/213 205/276/168 163/341/219
f 217/274/166 218/330/214 206/329/213 194/271/163
f 183/378/227 182/379/226 208/316/206 207/315/205
f 201/380/196 209/325/212 237/371/236 238/381/237
f 177/382/195 210/326/198 209/325/212 201/380/196
f 177/351/195 176/350/224 211/308/199 210/307/198
f 189/292/184 212/324/211 224/323/210 225/293/185
f 171/383/223 213/295/187 212/324/211 189/292/184
f 171/383/223 170/384/173 214/296/188 213/295/187
f 195/385/172 215/320/209 214/319/188 170/386/173
f 229/387/242 230/362/229 215/320/209 195/385/172
f 164/342/220 163/341/219 205/276/168 216/275/167
f 183/378/227 207/315/205 218/330/214 217/274/166
f 219/331/177 218/330/214 207/315/205 184/318/208
f 220/286/178 219/285/177 184/356/208 186/358/228
f 199/313/203 221/335/216 234/367/233 235/368/234
f 222/336/192 221/335/216 199/313/203 180/312/202
f 223/302/193 222/301/192 180/352/202 179/309/200
f 211/308/199 224/323/210 223/302/193 179/309/200
f 225/293/185 224/323/210 211/308/199 176/350/224
f 226/337/186 225/388/185 176/389/224 175/303/194
f 202/306/197 227/338/217 226/337/186 175/303/194
f 239/373/238 240/374/239 227/338/217 202/306/197
f 217/390/166 228/391/165 181/353/225 183/355/227
f 164/392/220 216/393/167 230/362/229 229/387/242
f 231/363/230 230/362/229 216/393/167 167/394/170
f 167/345/170 166/344/222 232/365/231 231/364/230
f 166/344/222 192/283/175 233/366/232 232/365/231
f 220/286/178 234/367/233 233/366/232 192/283/175
f 235/368/234 234/367/233 220/286/178 186/358/228
f 236/369/235 235/368/234 186/358/228 185/357/207
f 208/395/206 237/371/236 236/370/235 185/396/207
f 238/381/237 237/371/236 208/395/206 182/397/226
f 239/373/238 238/372/237 182/354/226 181/353/225
f 181/353/225 228/391/165 240/374/239 239/373/238
f 241/375/240 240/374/239 228/391/165 187/398/164
f 242/376/241 241/375/240 187/398/164 165/399/221
f 165/399/221 164/400/220 229/377/242 242/376/241
s 43
f 274/401/243 267/402/244 308/403/245 297/404/246
f 296/405/247 285/406/248 248/407/249 247/408/250
f 284/409/251 275/410/252 250/411/253 249/412/254
f 272/413/255 273/414/256 299/415/257 300/416/258
f 276/417/259 277/418/260 254/419/261 253/420/262
f 268/421/263 269/422/264 305/423/265 306/424/266
f 293/425/267 294/426/268 253/427/262 252/428/269
f 270/429/270 271/430/271 302/431/272 303/432/273
f 255/433/274 257/434/275 281/435/276 282/436/277
f 290/437/278 291/438/279 259/439/280 258/440/281
f 258/441/281 260/442/282 279/443/283 280/444/284
f 287/445/285 288/446/286 265/447/287 264/448/288
f 294/449/268 295/450/289 276/451/259 253/452/262
f 303/432/273 304/453/290 292/454/291 270/429/270
f 289/455/292 290/456/278 258/457/281 280/458/284
f 286/459/293 298/460/294 299/461/257 273/462/256
f 271/463/271 278/464/295 301/465/296 302/466/272
f 306/467/266 307/468/297 283/469/298 268/470/263
f 243/471/299 244/472/300 245/473/301
f 246/474/302 247/475/250 248/476/249
f 249/412/254 250/411/253 251/477/303
f 252/428/269 253/427/262 254/478/261
f 255/479/274 256/480/304 257/481/275
f 258/440/281 259/439/280 260/482/282
f 261/483/305 262/484/306 263/485/307
f 264/486/288 265/487/287 266/488/308
f 268/470/263 283/469/298 284/409/251 249/412/254
f 249/412/254 251/477/303 269/489/264 268/470/263
f 292/454/291 293/425/267 252/428/269 270/429/270
f 252/490/269 254/419/261 271/463/271 270/491/270
f 277/418/260 278/464/295 271/463/271 254/419/261
f 246/474/302 248/476/249 273/414/256 272/413/255
f 285/406/248 286/459/293 273/462/256 248/407/249
f 243/471/299 245/473/301 267/402/244 274/401/243
f 295/450/289 310/492/309 311/493/310 276/451/259
f 311/494/310 312/495/311 277/418/260 276/417/259
f 312/495/311 313/496/312 278/464/295 277/418/260
f 313/496/312 314/497/313 301/465/296 278/464/295
f 280/444/284 279/443/283 315/498/314 316/499/315
f 316/500/315 317/501/316 289/455/292 280/458/284
f 282/436/277 281/435/276 318/502/317 319/503/318
f 307/468/297 320/504/319 321/505/320 283/469/298
f 284/409/251 283/469/298 321/505/320 322/506/321
f 322/506/321 309/507/322 275/410/252 284/409/251
f 274/401/243 286/459/293 285/406/248 243/471/299
f 297/404/246 298/460/294 286/459/293 274/401/243
f 263/508/307 262/509/306 288/446/286 287/445/285
f 281/510/276 289/455/292 317/501/316 318/511/317
f 257/512/275 290/456/278 289/455/292 281/510/276
f 257/481/275 256/480/304 291/438/279 290/437/278
f 269/422/264 292/454/291 304/453/290 305/423/265
f 251/513/303 293/425/267 292/454/291 269/422/264
f 251/513/303 250/514/253 294/426/268 293/425/267
f 275/515/252 295/450/289 294/449/268 250/516/253
f 309/517/322 310/492/309 295/450/289 275/515/252
f 244/472/300 243/471/299 285/406/248 296/405/247
f 263/508/307 287/445/285 298/460/294 297/404/246
f 299/461/257 298/460/294 287/445/285 264/448/288
f 300/416/258 299/415/257 264/486/288 266/488/308
f 279/443/283 301/465/296 314/497/313 315/498/314
f 302/466/272 301/465/296 279/443/283 260/442/282
f 303/432/273 302/431/272 260/482/282 259/439/280
f 291/438/279 304/453/290 303/432/273 259/439/280
f 305/423/265 304/453/290 291/438/279 256/480/304
f 306/467/266 305/518/265 256/519/304 255/433/274
f 282/436/277 307/468/297 306/467/266 255/433/274
f 319/503/318 320/504/319 307/468/297 282/436/277
f 297/520/246 308/521/245 261/483/305 263/485/307
f 244/522/300 296/523/247 310/492/309 309/517/322
f 311/493/310 310/492/309 296/523/247 247/524/250
f 247/475/250 246/474/302 312/495/311 311/494/310
f 246/474/302 272/413/255 313/496/312 312/495/311
f 300/416/258 314/497/313 313/496/312 272/413/255
f 315/498/314 314/497/313 300/416/258 266/488/308
f 316/499/315 315/498/314 266/488/308 265/487/287
f 288/525/286 317/501/316 316/500/315 265/526/287
f 318/511/317 317/501/316 288/525/286 262/527/306
f 319/503/318 318/502/317 262/484/306 261/483/305
f 261/483/305 308/521/245 320/504/319 319/503/318
f 321/505/320 320/504/319 308/521/245 267/528/244
f 322/506/321 321/505/320 267/528/244 245/529/301
f 245/529/301 244/530/300 309/507/322 322/506/321
s 55
f 354/531/323 347/532/324 388/533/325 377/534/326
f 376/535/327 365/536/328 328/537/329 327/538/330
f 364/539/331 355/540/332 330/541/333 329/542/334
f 352/543/335 353/544/336 379/545/337 380/546/338
f 356/547/339 357/548/340 334/549/341 333/550/342
f 348/551/343 349/552/344 385/553/345 386/554/346
f 373/555/347 374/556/348 333/557/342 332/558/349
f 350/559/350 351/560/351 382/561/352 383/562/353
f 335/563/354 337/564/355 361/565/356 362/566/357
f 370/567/358 371/568/359 339/569/360 338/570/361
f 338/571/361 340/572/362 359/573/363 360/574/364
f 367/575/365 368/576/366 345/577/367 344/578/368
f 374/579/348 375/580/369 356/581/339 333/582/342
f 383/562/353 384/583/370 372/584/371 350/559/350
f 369/585/372 370/586/358 338/587/361 360/588/364
f 366/589/373 378/590/374 379/591/337 353/592/336
f 351/593/351 358/594/375 381/595/376 382/596/352
f 386/597/346 387/598/377 363/599/378 348/600/343
f 323/601/379 324/602/380 325/603/381
f 326/604/382 327/605/330 328/606/329
f 329/542/334 330/541/333 331/607/383
f 332/558/349 333/557/342 334/608/341
f 335/609/354 336/610/384 337/611/355
f 338/570/361 339/569/360 340/612/362
f 341/613/385 342/614/386 343/615/387
f 344/616/368 345/617/367 346/618/388
f 348/600/343 363/599/378 364/539/331 329/542/334
f 329/542/334 331/607/383 349/619/344 348/600/343
f 372/584/371 373/555/347 332/558/349 350/559/350
f 332/620/349 334/549/341 351/593/351 350/621/350
f 357/548/340 358/594/375 351/593/351 334/549/341
f 326/604/382 328/606/329 353/544/336 352/543/335
f 365/536/328 366/589/373 353/592/336 328/537/329
f 323/601/379 325/603/381 347/532/324 354/531/323
f 375/580/369 390/622/389 391/623/390 356/581/339
f 391/624/390 392/625/391 357/548/340 356/547/339
f 392/625/391 393/626/392 358/594/375 357/548/340
f 393/626/392 394/627/393 381/595/376 358/594/375
f 360/574/364 359/573/363 395/628/394 396/629/395
f 396/630/395 397/631/396 369/585/372 360/588/364
f 362/566/357 361/565/356 398/632/397 399/633/398
f 387/598/377 400/634/399 401/635/400 363/599/378
f 364/539/331 363/599/378 401/635/400 402/636/401
f 402/636/401 389/637/402 355/540/332 364/539/331
f 354/531/323 366/589/373 365/536/328 323/601/379
f 377/534/326 378/590/374 366/589/373 354/531/323
f 343/638/387 342/639/386 368/576/366 367/575/365
f 361/640/356 369/585/372 397/631/396 398/641/397
f 337/642/355 370/586/358 369/585/372 361/640/356
f 337/611/355 336/610/384 371/568/359 370/567/358
f 349/552/344 372/584/371 384/583/370 385/553/345
f 331/643/383 373/555/347 372/584/371 349/552/344
f 331/643/383 330/644/333 374/556/348 373/555/347
f 355/645/332 375/580/369 374/579/348 330/646/333
f 389/647/402 390/622/389 375/580/369 355/645/332
f 324/602/380 323/601/379 365/536/328 376/535/327
f 343/638/387 367/575/365 378/590/374 377/534/326
f 379/591/337 378/590/374 367/575/365 344/578/368
f 380/546/338 379/545/337 344/616/368 346/618/388
f 359/573/363 381/595/376 394/627/393 395/628/394
f 382/596/352 381/595/376 359/573/363 340/572/362
f 383/562/353 382/561/352 340/612/362 339/569/360
f 371/568/359 384/583/370 383/562/353 339/569/360
f 385/553/345 384/583/370 371/568/359 336/610/384
f 386/597/346 385/648/345 336/649/384 335/563/354
f 362/566/357 387/598/377 386/597/346 335/563/354
f 399/633/398 400/634/399 387/598/377 362/566/357
f 377/650/326 388/651/325 341/613/385 343/615/387
f 324/652/380 376/653/327 390/622/389 389/647/402
f 391/623/390 390/622/389 376/653/327 327/654/330
f 327/605/330 326/604/382 392/625/391 391/624/390
f 326/604/382 352/543/335 393/626/392 392/625/391
f 380/546/338 394/627/393 393/626/392 352/543/335
f 395/628/394 394/627/393 380/546/338 346/618/388
f 396/629/395 395/628/394 346/618/388 345/617/367
f 368/655/366 397/631/396 396/630/395 345/656/367
f 398/641/397 397/631/396 368/655/366 342/657/386
f 399/633/398 398/632/397 342/614/386 341/613/385
f 341/613/385 388/651/325 400/634/399 399/633/398
f 401/635/400 400/634/399 388/651/325 347/658/324
f 402/636/401 401/635/400 347/658/324 325/659/381
f 325/659/381 324/660/380 389/637/402 402/636/401
s 67
f 434/661/403 427/662/404 421/663/405 423/664/406
f 456/665/407 445/666/408 408/667/409 407/668/410
f 444/669/411 435/670/412 410/671/413 409/672/414
f 432/673/415 433/674/416 424/675/417 426/676/418
f 436/677/419 437/678/420 414/679/421 413/680/422
f 428/681/423 429/682/424 416/683/425 415/684/426
f 453/685/427 454/686/428 413/687/422 412/688/429
f 430/689/430 431/690/431 420/691/432 419/692/433
f 415/684/426 417/693/434 441/694/435 442/695/436
f 450/696/437 451/697/438 419/698/433 418/699/439
f 418/700/439 420/691/432 439/701/440 440/702/441
f 447/703/442 448/704/443 425/705/444 424/706/417
f 454/707/428 455/708/445 436/709/419 413/710/422
f 451/697/438 452/711/446 430/712/430 419/698/433
f 449/713/447 450/714/437 418/715/439 440/716/441
f 446/717/448 447/703/442 424/706/417 433/718/416
f 431/690/431 438/719/449 439/701/440 420/691/432
f 442/695/436 443/720/450 428/681/423 415/684/426
f 403/721/451 404/722/452 405/723/453
f 406/724/454 407/725/410 408/726/409
f 409/672/414 410/671/413 411/727/455
f 412/728/429 413/680/422 414/679/421
f 415/684/426 416/683/425 417/693/434
f 418/700/439 419/692/433 420/691/432
f 421/663/405 422/729/456 423/664/406
f 424/675/417 425/730/444 426/676/418
f 428/681/423 443/720/450 444/669/411 409/672/414
f 409/672/414 411/727/455 429/682/424 428/681/423
f 452/711/446 453/685/427 412/688/429 430/712/430
f 412/728/429 414/679/421 431/690/431 430/689/430
f 437/678/420 438/719/449 431/690/431 414/679/421
f 406/724/454 408/726/409 433/674/416 432/673/415
f 445/666/408 446/717/448 433/718/416 408/667/409
f 403/721/451 405/723/453 427/662/404 434/661/403
f 455/708/445 456/731/407 407/732/410 436/709/419
f 407/725/410 406/724/454 437/678/420 436/677/419
f 406/724/454 432/673/415 438/719/449 437/678/420
f 439/701/440 438/719/449 432/673/415 426/676/418
f 440/702/441 439/701/440 426/676/418 425/730/444
f 448/733/443 449/713/447 440/716/441 425/734/444
f 442/695/436 441/694/435 422/729/456 421/663/405
f 421/663/405 427/662/404 443/720/450 442/695/436
f 444/669/411 443/720/450 427/662/404 405/723/453
f 405/723/453 404/722/452 435/670/412 444/669/411
f 434/735/403 446/717/448 445/666/408 403/736/451
f 423/737/406 447/703/442 446/717/448 434/735/403
f 423/737/406 422/738/456 448/704/443 447/703/442
f 441/739/435 449/713/447 448/733/443 422/740/456
f 417/741/434 450/714/437 449/713/447 441/739/435
f 417/742/434 416/743/425 451/697/438 450/696/437
f 429/744/424 452/711/446 451/697/438 416/743/425
f 411/745/455 453/685/427 452/711/446 429/744/424
f 411/745/455 410/746/413 454/686/428 453/685/427
f 435/747/412 455/708/445 454/707/428 410/748/413
f 404/749/452 456/731/407 455/708/445 435/747/412
f 404/750/452 403/736/451 445/666/408 456/665/407
s 77
f 488/751/457 481/752/458 475/753/459 477/754/460
f 510/755/461 499/756/462 462/757/463 461/758/464
f 498/759/465 489/760/466 464/761/467 463/762/468
f 486/763/469 487/764/470 478/765/471 480/766/472
f 490/767/473 491/768/474 468/769/475 467/770/476
f 482/771/477 483/772/478 470/773/479 469/774/480
f 507/775/481 508/776/482 467/777/476 466/778/483
f 484/779/484 485/780/485 474/781/486 473/782/487
f 469/774/480 471/783/488 495/784/489 496/785/490
f 504/786/491 505/787/492 473/788/487 472/789/493
f 472/790/493 474/781/486 493/791/494 494/792/495
f 501/793/496 502/794/497 479/795/498 478/796/471
f 508/797/482 509/798/499 490/799/473 467/800/476
f 505/787/492 506/801/500 484/802/484 473/788/487
f 503/803/501 504/804/491 472/805/493 494/806/495
f 500/807/502 501/793/496 478/796/471 487/808/470
f 485/780/485 492/809/503 493/791/494 474/781/486
f 496/785/490 497/810/504 482/771/477 469/774/480
f 457/811/505 458/812/506 459/813/507
f 460/814/508 461/815/464 462/816/463
f 463/762/468 464/761/467 465/817/509
f 466/818/483 467/770/476 468/769/475
f 469/774/480 470/773/479 471/783/488
f 472/790/493 473/782/487 474/781/486
f 475/753/459 476/819/510 477/754/460
f 478/765/471 479/820/498 480/766/472
f 482/771/477 497/810/504 498/759/465 463/762/468
f 463/762/468 465/817/509 483/772/478 482/771/477
f 506/801/500 507/775/481 466/778/483 484/802/484
f 466/818/483 468/769/475 485/780/485 484/779/484
f 491/768/474 492/809/503 485/780/485 468/769/475
f 460/814/508 462/816/463 487/764/470 486/763/469
f 499/756/462 500/807/502 487/808/470 462/757/463
f 457/811/505 459/813/507 481/752/458 488/751/457
f 509/798/499 510/821/461 461/822/464 490/799/473
f 461/815/464 460/814/508 491/768/474 490/767/473
f 460/814/508 486/763/469 492/809/503 491/768/474
f 493/791/494 492/809/503 486/763/469 480/766/472
f 494/792/495 493/791/494 480/766/472 479/820/498
f 502/823/497 503/803/501 494/806/495 479/824/498
f 496/785/490 495/784/489 476/819/510 475/753/459
f 475/753/459 481/752/458 497/810/504 496/785/490
f 498/759/465 497/810/504 481/752/458 459/813/507
f 459/813/507 458/812/506 489/760/466 498/759/465
f 488/825/457 500/807/502 499/756/462 457/826/505
f 477/827/460 501/793/496 500/807/502 488/825/457
f 477/827/460 476/828/510 502/794/497 501/793/496
f 495/829/489 503/803/501 502/823/497 476/830/510
f 471/831/488 504/804/491 503/803/501 495/829/489
f 471/832/488 470/833/479 505/787/492 504/786/491
f 483/834/478 506/801/500 505/787/492 470/833/479
f 465/835/509 507/775/481 506/801/500 483/834/478
f 465/835/509 464/836/467 508/776/482 507/775/481
f 489/837/466 509/798/499 508/797/482 464/838/467
f 458/839/506 510/821/461 509/798/499 489/837/466
f 458/840/506 457/826/505 499/756/462 510/755/461
s 87
f 552/841/511 543/842/512 529/843/513 531/844/514
f 512/845/515 511/846/516 516/847/517 515/848/518
f 542/849/519 535/850/520 518/851/521 517/852/522
f 550/853/523 551/854/524 532/855/525 534/856/526
f 536/857/527 537/858/528 522/859/529 521/860/530
f 545/861/531 546/862/532 524/863/533 523/864/534
f 519/865/535 518/866/521 521/867/530 520/868/536
f 547/869/537 548/870/538 528/871/539 527/872/540
f 523/864/534 525/873/541 540/874/542 541/875/543
f 525/876/541 524/877/533 527/878/540 526/879/544
f 526/880/544 528/871/539 538/881/545 539/882/546
f 531/883/514 530/884/547 533/885/548 532/886/525
f 535/887/520 536/888/527 521/889/530 518/890/521
f 546/891/532 547/892/537 527/878/540 524/877/533
f 525/893/541 526/894/544 539/895/546 540/896/542
f 531/883/514 532/886/525 551/897/524 552/898/511
f 548/870/538 549/899/549 538/881/545 528/871/539
f 541/875/543 544/900/550 545/861/531 523/864/534
f 511/901/516 512/902/515 513/903/551
f 514/904/552 515/905/518 516/906/517
f 517/852/522 518/851/521 519/907/535
f 520/908/536 521/860/530 522/859/529
f 523/864/534 524/863/533 525/873/541
f 526/880/544 527/872/540 528/871/539
f 529/843/513 530/909/547 531/844/514
f 532/855/525 533/910/548 534/856/526
f 512/911/515 515/912/518 536/888/527 535/887/520
f 515/905/518 514/904/552 537/858/528 536/857/527
f 549/899/549 550/853/523 534/856/526 538/881/545
f 539/882/546 538/881/545 534/856/526 533/910/548
f 540/896/542 539/895/546 533/913/548 530/914/547
f 541/875/543 540/874/542 530/909/547 529/843/513
f 529/843/513 543/842/512 544/900/550 541/875/543
f 513/903/551 512/902/515 535/850/520 542/849/519
f 544/900/550 543/842/512 513/903/551 542/849/519
f 545/861/531 544/900/550 542/849/519 517/852/522
f 517/852/522 519/907/535 546/862/532 545/861/531
f 519/865/535 520/868/536 547/892/537 546/891/532
f 520/908/536 522/859/529 548/870/538 547/869/537
f 537/858/528 549/899/549 548/870/538 522/859/529
f 514/904/552 550/853/523 549/899/549 537/858/528
f 514/904/552 516/906/517 551/854/524 550/853/523
f 552/898/511 551/897/524 516/847/517 511/846/516
f 511/901/516 513/903/551 543/842/512 552/841/511
s 94
f 584/915/553 577/916/554 571/917/555 573/918/556
f 606/919/557 595/920/558 558/921/559 557/922/560
f 594/923/561 585/924/562 560/925/563 559/926/564
f 582/927/565 583/928/566 574/929/567 576/930/568
f 586/931/569 587/932/570 564/933/571 563/934/572
f 578/935/573 579/936/574 566/937/575 565/938/576
f 603/939/577 604/940/578 563/941/572 562/942/579
f 580/943/580 581/944/581 570/945/582 569/946/583
f 565/938/576 567/947/584 591/948/585 592/949/586
f 600/950/587 601/951/588 569/952/583 568/953/589
f 568/954/589 570/945/582 589/955/590 590/956/591
f 597/957/592 598/958/593 575/959/594 574/960/567
f 604/961/578 605/962/595 586/963/569 563/964/572
f 601/951/588 602/965/596 580/966/580 569/952/583
f 599/967/597 600/968/587 568/969/589 590/970/591
f 596/971/598 597/957/592 574/960/567 583/972/566
f 581/944/581 588/973/599 589/955/590 570/945/582
f 592/949/586 593/974/600 578/935/573 565/938/576
f 553/975/601 554/976/602 555/977/603
f 556/978/604 557/979/560 558/980/559
f 559/926/564 560/925/563 561/981/605
f 562/982/579 563/934/572 564/933/571
f 565/938/576 566/937/575 567/947/584
f 568/954/589 569/946/583 570/945/582
f 571/917/555 572/983/606 573/918/556
f 574/929/567 575/984/594 576/930/568
f 578/935/573 593/974/600 594/923/561 559/926/564
f 559/926/564 561/981/605 579/936/574 578/935/573
f 602/965/596 603/939/577 562/942/579 580/966/580
f 562/982/579 564/933/571 581/944/581 580/943/580
f 587/932/570 588/973/599 581/944/581 564/933/571
f 556/978/604 558/980/559 583/928/566 582/927/565
f 595/920/558 596/971/598 583/972/566 558/921/559
f 553/975/601 555/977/603 577/916/554 584/915/553
f 605/962/595 606/985/557 557/986/560 586/963/569
f 557/979/560 556/978/604 587/932/570 586/931/569
f 556/978/604 582/927/565 588/973/599 587/932/570
f 589/955/590 588/973/599 582/927/565 576/930/568
f 590/956/591 589/955/590 576/930/568 575/984/594
f 598/987/593 599/967/597 590/970/591 575/988/594
f 592/949/586 591/948/585 572/983/606 571/917/555
f 571/917/555 577/916/554 593/974/600 592/949/586
f 594/923/561 593/974/600 577/916/554 555/977/603
f 555/977/603 554/976/602 585/924/562 594/923/561
f 584/989/553 596/971/598 595/920/558 553/990/601
f 573/991/556 597/957/592 596/971/598 584/989/553
f 573/991/556 572/992/606 598/958/593 597/957/592
f 591/993/585 599/967/597 598/987/593 572/994/606
f 567/995/584 600/968/587 599/967/597 591/993/585
f 567/996/584 566/997/575 601/951/588 600/950/587
f 579/998/574 602/965/596 601/951/588 566/997/575
f 561/999/605 603/939/577 602/965/596 579/998/574
f 561/999/605 560/1000/563 604/940/578 603/939/577
f 585/1001/562 605/962/595 604/961/578 560/1002/563
f 554/1003/602 606/985/557 605/962/595 585/1001/562
f 554/1004/602 553/990/601 595/920/558 606/919/557
s 104
f 648/1005/607 639/1006/608 625/1007/609 627/1008/610
f 608/1009/611 607/1010/612 612/1011/613 611/1012/614
f 638/1013/615 631/1014/616 614/1015/617 613/1016/618
f 646/1017/619 647/1018/620 628/1019/621 630/1020/622
f 632/1021/623 633/1022/624 618/1023/625 617/1024/626
f 641/1025/627 642/1026/628 620/1027/629 619/1028/630
f 615/1029/631 614/1030/617 617/1031/626 616/1032/632
f 643/1033/633 644/1034/634 624/1035/635 623/1036/636
f 619/1028/630 621/1037/637 636/1038/638 637/1039/639
f 621/1040/637 620/1041/629 623/1042/636 622/1043/640
f 622/1044/640 624/1035/635 634/1045/641 635/1046/642
f 627/1047/610 626/1048/643 629/1049/644 628/1050/621
f 631/1051/616 632/1052/623 617/1053/626 614/1054/617
f 642/1055/628 643/1056/633 623/1042/636 620/1041/629
f 621/1057/637 622/1058/640 635/1059/642 636/1060/638
f 627/1047/610 628/1050/621 647/1061/620 648/1062/607
f 644/1034/634 645/1063/645 634/1045/641 624/1035/635
f 637/1039/639 640/1064/646 641/1025/627 619/1028/630
f 607/1065/612 608/1066/611 609/1067/647
f 610/1068/648 611/1069/614 612/1070/613
f 613/1016/618 614/1015/617 615/1071/631
f 616/1072/632 617/1024/626 618/1023/625
f 619/1028/630 620/1027/629 621/1037/637
f 622/1044/640 623/1036/636 624/1035/635
f 625/1007/609 626/1073/643 627/1008/610
f 628/1019/621 629/1074/644 630/1020/622
f 608/1075/611 611/1076/614 632/1052/623 631/1051/616
f 611/1069/614 610/1068/648 633/1022/624 632/1021/623
f 645/1063/645 646/1017/619 630/1020/622 634/1045/641
f 635/1046/642 634/1045/641 630/1020/622 629/1074/644
f 636/1060/638 635/1059/642 629/1077/644 626/1078/643
f 637/1039/639 636/1038/638 626/1073/643 625/1007/609
f 625/1007/609 639/1006/608 640/1064/646 637/1039/639
f 609/1067/647 608/1066/611 631/1014/616 638/1013/615
f 640/1064/646 639/1006/608 609/1067/647 638/1013/615
f 641/1025/627 640/1064/646 638/1013/615 613/1016/618
f 613/1016/618 615/1071/631 642/1026/628 641/1025/627
f 615/1029/631 616/1032/632 643/1056/633 642/1055/628
f 616/1072/632 618/1023/625 644/1034/634 643/1033/633
f 633/1022/624 645/1063/645 644/1034/634 618/1023/625
f 610/1068/648 646/1017/619 645/1063/645 633/1022/624
f 610/1068/648 612/1070/613 647/1018/620 646/1017/619
f 648/1062/607 647/1061/620 612/1011/613 607/1010/612
f 607/1065/612 609/1067/647 639/1006/608 648/1005/607
s 111
f 680/1079/649 673/1080/650 667/1081/651 669/1082/652
f 702/1083/653 691/1084/654 654/1085/655 653/1086/656
f 690/1087/657 681/1088/658 656/1089/659 655/1090/660
f 678/1091/661 679/1092/662 670/1093/663 672/1094/664
f 682/1095/665 683/1096/666 660/1097/667 659/1098/668
f 674/1099/669 675/1100/670 662/1101/671 661/1102/672
f 699/1103/673 700/1104/674 659/1105/668 658/1106/675
f 676/1107/676 677/1108/677 666/1109/678 665/1110/679
f 661/1102/672 663/1111/680 687/1112/681 688/1113/682
f 696/1114/683 697/1115/684 665/1116/679 664/1117/685
f 664/1118/685 666/1109/678 685/1119/686 686/1120/687
f 693/1121/688 694/1122/689 671/1123/690 670/1124/663
f 700/1125/674 701/1126/691 682/1127/665 659/1128/668
f 697/1115/684 698/1129/692 676/1130/676 665/1116/679
f 695/1131/693 696/1132/683 664/1133/685 686/1134/687
f 692/1135/694 693/1121/688 670/1124/663 679/1136/662
f 677/1108/677 684/1137/695 685/1119/686 666/1109/678
f 688/1113/682 689/1138/696 674/1099/669 661/1102/672
f 649/1139/697 650/1140/698 651/1141/699
f 652/1142/700 653/1143/656 654/1144/655
f 655/1090/660 656/1089/659 657/1145/701
f 658/1146/675 659/1098/668 660/1097/667
f 661/1102/672 662/1101/671 663/1111/680
f 664/1118/685 665/1110/679 666/1109/678
f 667/1081/651 668/1147/702 669/1082/652
f 670/1093/663 671/1148/690 672/1094/664
f 674/1099/669 689/1138/696 690/1087/657 655/1090/660
f 655/1090/660 657/1145/701 675/1100/670 674/1099/669
f 698/1129/692 699/1103/673 658/1106/675 676/1130/676
f 658/1146/675 660/1097/667 677/1108/677 676/1107/676
f 683/1096/666 684/1137/695 677/1108/677 660/1097/667
f 652/1142/700 654/1144/655 679/1092/662 678/1091/661
f 691/1084/654 692/1135/694 679/1136/662 654/1085/655
f 649/1139/697 651/1141/699 673/1080/650 680/1079/649
f 701/1126/691 702/1149/653 653/1150/656 682/1127/665
f 653/1143/656 652/1142/700 683/1096/666 682/1095/665
f 652/1142/700 678/1091/661 684/1137/695 683/1096/666
f 685/1119/686 684/1137/695 678/1091/661 672/1094/664
f 686/1120/687 685/1119/686 672/1094/664 671/1148/690
f 694/1151/689 695/1131/693 686/1134/687 671/1152/690
f 688/1113/682 687/1112/681 668/1147/702 667/1081/651
f 667/1081/651 673/1080/650 689/1138/696 688/1113/682
f 690/1087/657 689/1138/696 673/1080/650 651/1141/699
f 651/1141/699 650/1140/698 681/1088/658 690/1087/657
f 680/1153/649 692/1135/694 691/1084/654 649/1154/697
f 669/1155/652 693/1121/688 692/1135/694 680/1153/649
f 669/1155/652 668/1156/702 694/1122/689 693/1121/688
f 687/1157/681 695/1131/693 694/1151/689 668/1158/702
f 663/1159/680 696/1132/683 695/1131/693 687/1157/681
f 663/1160/680 662/1161/671 697/1115/684 696/1114/683
f 675/1162/670 698/1129/692 697/1115/684 662/1161/671
f 657/1163/701 699/1103/673 698/1129/692 675/1162/670
f 657/1163/701 656/1164/659 700/1104/674 699/1103/673
f 681/1165/658 701/1126/691 700/1125/674 656/1166/659
f 650/1167/698 702/1149/653 701/1126/691 681/1165/658
f 650/1168/698 649/1154/697 691/1084/654 702/1083/653
s 121
f 744/1169/703 735/1170/704 721/1171/705 723/1172/706
f 704/1173/707 703/1174/708 708/1175/709 707/1176/710
f 734/1177/711 727/1178/712 710/1179/713 709/1180/714
f 742/1181/715 743/1182/716 724/1183/717 726/1184/718
f 728/1185/719 729/1186/720 714/1187/721 713/1188/722
f 737/1189/723 738/1190/724 716/1191/725 715/1192/726
f 711/1193/727 710/1194/713 713/1195/722 712/1196/728
f 739/1197/729 740/1198/730 720/1199/731 719/1200/732
f 715/1192/726 717/1201/733 732/1202/734 733/1203/735
f 717/1204/733 716/1205/725 719/1206/732 718/1207/736
f 718/1208/736 720/1199/731 730/1209/737 731/1210/738
f 723/1211/706 722/1212/739 725/1213/740 724/1214/717
f 727/1215/712 728/1216/719 713/1217/722 710/1218/713
f 738/1219/724 739/1220/729 719/1206/732 716/1205/725
f 717/1221/733 718/1222/736 731/1223/738 732/1224/734
f 723/1211/706 724/1214/717 743/1225/716 744/1226/703
f 740/1198/730 741/1227/741 730/1209/737 720/1199/731
f 733/1203/735 736/1228/742 737/1189/723 715/1192/726
f 703/1229/708 704/1230/707 705/1231/743
f 706/1232/744 707/1233/710 708/1234/709
f 709/1180/714 710/1179/713 711/1235/727
f 712/1236/728 713/1188/722 714/1187/721
f 715/1192/726 716/1191/725 717/1201/733
f 718/1208/736 719/1200/732 720/1199/731
f 721/1171/705 722/1237/739 723/1172/706
f 724/1183/717 725/1238/740 726/1184/718
f 704/1239/707 707/1240/710 728/1216/719 727/1215/712
f 707/1233/710 706/1232/744 729/1186/720 728/1185/719
f 741/1227/741 742/1181/715 726/1184/718 730/1209/737
f 731/1210/738 730/1209/737 726/1184/718 725/1238/740
f 732/1224/734 731/1223/738 725/1241/740 722/1242/739
f 733/1203/735 732/1202/734 722/1237/739 721/1171/705
f 721/1171/705 735/1170/704 736/1228/742 733/1203/735
f 705/1231/743 704/1230/707 727/1178/712 734/1177/711
f 736/1228/742 735/1170/704 705/1231/743 734/1177/711
f 737/1189/723 736/1228/742 734/1177/711 709/1180/714
f 709/1180/714 711/1235/727 738/1190/724 737/1189/723
f 711/1193/727 712/1196/728 739/1220/729 738/1219/724
f 712/1236/728 714/1187/721 740/1198/730 739/1197/729
f 729/1186/720 741/1227/741 740/1198/730 714/1187/721
f 706/1232/744 742/1181/715 741/1227/741 729/1186/720
f 706/1232/744 708/1234/709 743/1182/716 742/1181/715
f 744/1226/703 743/1225/716 708/1175/709 703/1174/708
f 703/1229/708 705/1231/743 735/1170/704 744/1169/703
s 128
f 776/1243/745 769/1244/746 763/1245/747 765/1246/748
f 798/1247/749 787/1248/750 750/1249/751 749/1250/752
f 786/1251/753 777/1252/754 752/1253/755 751/1254/756
f 774/1255/757 775/1256/758 766/1257/759 768/1258/760
f 778/1259/761 779/1260/762 756/1261/763 755/1262/764
f 770/1263/765 771/1264/766 758/1265/767 757/1266/768
f 795/1267/769 796/1268/770 755/1269/764 754/1270/771
f 772/1271/772 773/1272/773 762/1273/774 761/1274/775
f 757/1266/768 759/1275/776 783/1276/777 784/1277/778
f 792/1278/779 793/1279/780 761/1280/775 760/1281/781
f 760/1282/781 762/1273/774 781/1283/782 782/1284/783
f 789/1285/784 790/1286/785 767/1287/786 766/1288/759
f 796/1289/770 797/1290/787 778/1291/761 755/1292/764
f 793/1279/780 794/1293/788 772/1294/772 761/1280/775
f 791/1295/789 792/1296/779 760/1297/781 782/1298/783
f 788/1299/790 789/1285/784 766/1288/759 775/1300/758
f 773/1272/773 780/1301/791 781/1283/782 762/1273/774
f 784/1277/778 785/1302/792 770/1263/765 757/1266/768
f 745/1303/793 746/1304/794 747/1305/795
f 748/1306/796 749/1307/752 750/1308/751
f 751/1254/756 752/1253/755 753/1309/797
f 754/1310/771 755/1262/764 756/1261/763
f 757/1266/768 758/1265/767 759/1275/776
f 760/1282/781 761/1274/775 762/1273/774
f 763/1245/747 764/1311/798 765/1246/748
f 766/1257/759 767/1312/786 768/1258/760
f 770/1263/765 785/1302/792 786/1251/753 751/1254/756
f 751/1254/756 753/1309/797 771/1264/766 770/1263/765
f 794/1293/788 795/1267/769 754/1270/771 772/1294/772
f 754/1310/771 756/1261/763 773/1272/773 772/1271/772
f 779/1260/762 780/1301/791 773/1272/773 756/1261/763
f 748/1306/796 750/1308/751 775/1256/758 774/1255/757
f 787/1248/750 788/1299/790 775/1300/758 750/1249/751
f 745/1303/793 747/1305/795 769/1244/746 776/1243/745
f 797/1290/787 798/1313/749 749/1314/752 778/1291/761
f 749/1307/752 748/1306/796 779/1260/762 778/1259/761
f 748/1306/796 774/1255/757 780/1301/791 779/1260/762
f 781/1283/782 780/1301/791 774/1255/757 768/1258/760
f 782/1284/783 781/1283/782 768/1258/760 767/1312/786
f 790/1315/785 791/1295/789 782/1298/783 767/1316/786
f 784/1277/778 783/1276/777 764/1311/798 763/1245/747
f 763/1245/747 769/1244/746 785/1302/792 784/1277/778
f 786/1251/753 785/1302/792 769/1244/746 747/1305/795
f 747/1305/795 746/1304/794 777/1252/754 786/1251/753
f 776/1317/745 788/1299/790 787/1248/750 745/1318/793
f 765/1319/748 789/1285/784 788/1299/790 776/1317/745
f 765/1319/748 764/1320/798 790/1286/785 789/1285/784
f 783/1321/777 791/1295/789 790/1315/785 764/1322/798
f 759/1323/776 792/1296/779 791/1295/789 783/1321/777
f 759/1324/776 758/1325/767 793/1279/780 792/1278/779
f 771/1326/766 794/1293/788 793/1279/780 758/1325/767
f 753/1327/797 795/1267/769 794/1293/788 771/1326/766
f 753/1327/797 752/1328/755 796/1268/770 795/1267/769
f 777/1329/754 797/1290/787 796/1289/770 752/1330/755
f 746/1331/794 798/1313/749 797/1290/787 777/1329/754
f 746/1332/794 745/1318/793 787/1248/750 798/1247/749
s 138
f 830/1333/799 823/1334/800 817/1335/801 819/1336/802
f 852/1337/803 841/1338/804 804/1339/805 803/1340/806
f 840/1341/807 831/1342/808 806/1343/809 805/1344/810
f 828/1345/811 829/1346/812 820/1347/813 822/1348/814
f 832/1349/815 833/1350/816 810/1351/817 809/1352/818
f 824/1353/819 825/1354/820 812/1355/821 811/1356/822
f 849/1357/823 850/1358/824 809/1359/818 808/1360/825
f 826/1361/826 827/1362/827 816/1363/828 815/1364/829
f 811/1356/822 813/1365/830 837/1366/831 838/1367/832
f 846/1368/833 847/1369/834 815/1370/829 814/1371/835
f 814/1372/835 816/1363/828 835/1373/836 836/1374/837
f 843/1375/838 844/1376/839 821/1377/840 820/1378/813
f 850/1379/824 851/1380/841 832/1381/815 809/1382/818
f 847/1369/834 848/1383/842 826/1384/826 815/1370/829
f 845/1385/843 846/1386/833 814/1387/835 836/1388/837
f 842/1389/844 843/1375/838 820/1378/813 829/1390/812
f 827/1362/827 834/1391/845 835/1373/836 816/1363/828
f 838/1367/832 839/1392/846 824/1353/819 811/1356/822
f 799/1393/847 800/1394/848 801/1395/849
f 802/1396/850 803/1397/806 804/1398/805
f 805/1344/810 806/1343/809 807/1399/851
f 808/1400/825 809/1352/818 810/1351/817
f 811/1356/822 812/1355/821 813/1365/830
f 814/1372/835 815/1364/829 816/1363/828
f 817/1335/801 818/1401/852 819/1336/802
f 820/1347/813 821/1402/840 822/1348/814
f 824/1353/819 839/1392/846 840/1341/807 805/1344/810
f 805/1344/810 807/1399/851 825/1354/820 824/1353/819
f 848/1383/842 849/1357/823 808/1360/825 826/1384/826
f 808/1400/825 810/1351/817 827/1362/827 826/1361/826
f 833/1350/816 834/1391/845 827/1362/827 810/1351/817
f 802/1396/850 804/1398/805 829/1346/812 828/1345/811
f 841/1338/804 842/1389/844 829/1390/812 804/1339/805
f 799/1393/847 801/1395/849 823/1334/800 830/1333/799
f 851/1380/841 852/1403/803 803/1404/806 832/1381/815
f 803/1397/806 802/1396/850 833/1350/816 832/1349/815
f 802/1396/850 828/1345/811 834/1391/845 833/1350/816
f 835/1373/836 834/1391/845 828/1345/811 822/1348/814
f 836/1374/837 835/1373/836 822/1348/814 821/1402/840
f 844/1405/839 845/1385/843 836/1388/837 821/1406/840
f 838/1367/832 837/1366/831 818/1401/852 817/1335/801
f 817/1335/801 823/1334/800 839/1392/846 838/1367/832
f 840/1341/807 839/1392/846 823/1334/800 801/1395/849
f 801/1395/849 800/1394/848 831/1342/808 840/1341/807
f 830/1407/799 842/1389/844 841/1338/804 799/1408/847
f 819/1409/802 843/1375/838 842/1389/844 830/1407/799
f 819/1409/802 818/1410/852 844/1376/839 843/1375/838
f 837/1411/831 845/1385/843 844/1405/839 818/1412/852
f 813/1413/830 846/1386/833 845/1385/843 837/1411/831
f 813/1414/830 812/1415/821 847/1369/834 846/1368/833
f 825/1416/820 848/1383/842 847/1369/834 812/1415/821
f 807/1417/851 849/1357/823 848/1383/842 825/1416/820
f 807/1417/851 806/1418/809 850/1358/824 849/1357/823
f 831/1419/808 851/1380/841 850/1379/824 806/1420/809
f 800/1421/848 852/1403/803 851/1380/841 831/1419/808
f 800/1422/848 799/1408/847 841/1338/804 852/1337/803
s 148
f 884/1423/853 877/1424/854 871/1425/855 873/1426/856
f 906/1427/857 895/1428/858 858/1429/859 857/1430/860
f 894/1431/861 885/1432/862 860/1433/863 859/1434/864
f 882/1435/865 883/1436/866 874/1437/867 876/1438/868
f 886/1439/869 887/1440/870 864/1441/871 863/1442/872
f 878/1443/873 879/1444/874 866/1445/875 865/1446/876
f 903/1447/877 904/1448/878 863/1449/872 862/1450/879
f 880/1451/880 881/1452/881 870/1453/882 869/1454/883
f 865/1446/876 867/1455/884 891/1456/885 892/1457/886
f 900/1458/887 901/1459/888 869/1460/883 868/1461/889
f 868/1462/889 870/1453/882 889/1463/890 890/1464/891
f 897/1465/892 898/1466/893 875/1467/894 874/1468/867
f 904/1469/878 905/1470/895 886/1471/869 863/1472/872
f 901/1459/888 902/1473/896 880/1474/880 869/1460/883
f 899/1475/897 900/1476/887 868/1477/889 890/1478/891
f 896/1479/898 897/1465/892 874/1468/867 883/1480/866
f 881/1452/881 888/1481/899 889/1463/890 870/1453/882
f 892/1457/886 893/1482/900 878/1443/873 865/1446/876
f 853/1483/901 854/1484/902 855/1485/903
f 856/1486/904 857/1487/860 858/1488/859
f 859/1434/864 860/1433/863 861/1489/905
f 862/1490/879 863/1442/872 864/1441/871
f 865/1446/876 866/1445/875 867/1455/884
f 868/1462/889 869/1454/883 870/1453/882
f 871/1425/855 872/1491/906 873/1426/856
f 874/1437/867 875/1492/894 876/1438/868
f 878/1443/873 893/1482/900 894/1431/861 859/1434/864
f 859/1434/864 861/1489/905 879/1444/874 878/1443/873
f 902/1473/896 903/1447/877 862/1450/879 880/1474/880
f 862/1490/879 864/1441/871 881/1452/881 880/1451/880
f 887/1440/870 888/1481/899 881/1452/881 864/1441/871
f 856/1486/904 858/1488/859 883/1436/866 882/1435/865
f 895/1428/858 896/1479/898 883/1480/866 858/1429/859
f 853/1483/901 855/1485/903 877/1424/854 884/1423/853
f 905/1470/895 906/1493/857 857/1494/860 886/1471/869
f 857/1487/860 856/1486/904 887/1440/870 886/1439/869
f 856/1486/904 882/1435/865 888/1481/899 887/1440/870
f 889/1463/890 888/1481/899 882/1435/865 876/1438/868
f 890/1464/891 889/1463/890 876/1438/868 875/1492/894
f 898/1495/893 899/1475/897 890/1478/891 875/1496/894
f 892/1457/886 891/1456/885 872/1491/906 871/1425/855
f 871/1425/855 877/1424/854 893/1482/900 892/1457/886
f 894/1431/861 893/1482/900 877/1424/854 855/1485/903
f 855/1485/903 854/1484/902 885/1432/862 894/1431/861
f 884/1497/853 896/1479/898 895/1428/858 853/1498/901
f 873/1499/856 897/1465/892 896/1479/898 884/1497/853
f 873/1499/856 872/1500/906 898/1466/893 897/1465/892
f 891/1501/885 899/1475/897 898/1495/893 872/1502/906
f 867/1503/884 900/1476/887 899/1475/897 891/1501/885
f 867/1504/884 866/1505/875 901/1459/888 900/1458/887
f 879/1506/874 902/1473/896 901/1459/888 866/1505/875
f 861/1507/905 903/1447/877 902/1473/896 879/1506/874
f 861/1507/905 860/1508/863 904/1448/878 903/1447/877
f 885/1509/862 905/1470/895 904/1469/878 860/1510/863
f 854/1511/902 906/1493/857 905/1470/895 885/1509/862
f 854/1512/902 853/1498/901 895/1428/858 906/1427/857
s 158
f 938/1513/907 931/1514/908 925/1515/909 927/1516/910
f 960/1517/911 949/1518/912 912/1519/913 911/1520/914
f 948/1521/915 939/1522/916 914/1523/917 913/1524/918
f 936/1525/919 937/1526/920 928/1527/921 930/1528/922
f 940/1529/923 941/1530/924 918/1531/925 917/1532/926
f 932/1533/927 933/1534/928 920/1535/929 919/1536/930
f 957/1537/931 958/1538/932 917/1539/926 916/1540/933
f 934/1541/934 935/1542/935 924/1543/936 923/1544/937
f 919/1536/930 921/1545/938 945/1546/939 946/1547/940
f 954/1548/941 955/1549/942 923/1550/937 922/1551/943
f 922/1552/943 924/1543/936 943/1553/944 944/1554/945
f 951/1555/946 952/1556/947 929/1557/948 928/1558/921
f 958/1559/932 959/1560/949 940/1561/923 917/1562/926
f 955/1549/942 956/1563/950 934/1564/934 923/1550/937
f 953/1565/951 954/1566/941 922/1567/943 944/1568/945
f 950/1569/952 951/1555/946 928/1558/921 937/1570/920
f 935/1542/935 942/1571/953 943/1553/944 924/1543/936
f 946/1547/940 947/1572/954 932/1533/927 919/1536/930
f 907/1573/955 908/1574/956 909/1575/957
f 910/1576/958 911/1577/914 912/1578/913
f 913/1524/918 914/1523/917 915/1579/959
f 916/1580/933 917/1532/926 918/1531/925
f 919/1536/930 920/1535/929 921/1545/938
f 922/1552/943 923/1544/937 924/1543/936
f 925/1515/909 926/1581/960 927/1516/910
f 928/1527/921 929/1582/948 930/1528/922
f 932/1533/927 947/1572/954 948/1521/915 913/1524/918
f 913/1524/918 915/1579/959 933/1534/928 932/1533/927
f 956/1563/950 957/1537/931 916/1540/933 934/1564/934
f 916/1580/933 918/1531/925 935/1542/935 934/1541/934
f 941/1530/924 942/1571/953 935/1542/935 918/1531/925
f 910/1576/958 912/1578/913 937/1526/920 936/1525/919
f 949/1518/912 950/1569/952 937/1570/920 912/1519/913
f 907/1573/955 909/1575/957 931/1514/908 938/1513/907
f 959/1560/949 960/1583/911 911/1584/914 940/1561/923
f 911/1577/914 910/1576/958 941/1530/924 940/1529/923
f 910/1576/958 936/1525/919 942/1571/953 941/1530/924
f 943/1553/944 942/1571/953 936/1525/919 930/1528/922
f 944/1554/945 943/1553/944 930/1528/922 929/1582/948
f 952/1585/947 953/1565/951 944/1568/945 929/1586/948
f 946/1547/940 945/1546/939 926/1581/960 925/1515/909
f 925/1515/909 931/1514/908 947/1572/954 946/1547/940
f 948/1521/915 947/1572/954 931/1514/908 909/1575/957
f 909/1575/957 908/1574/956 939/1522/916 948/1521/915
f 938/1587/907 950/1569/952 949/1518/912 907/1588/955
f 927/1589/910 951/1555/946 950/1569/952 938/1587/907
f 927/1589/910 926/1590/960 952/1556/947 951/1555/946
f 945/1591/939 953/1565/951 952/1585/947 926/1592/960
f 921/1593/938 954/1566/941 953/1565/951 945/1591/939
f 921/1594/938 920/1595/929 955/1549/942 954/1548/941
f 933/1596/928 956/1563/950 955/1549/942 920/1595/929
f 915/1597/959 957/1537/931 956/1563/950 933/1596/928
f 915/1597/959 914/1598/917 958/1538/932 957/1537/931
f 939/1599/916 959/1560/949 958/1559/932 914/1600/917
f 908/1601/956 960/1583/911 959/1560/949 939/1599/916
f 908/1602/956 907/1588/955 949/1518/912 960/1517/911
s 168
f 1002/1603/961 993/1604/962 979/1605/963 981/1606/964
f 962/1607/965 961/1608/966 966/1609/967 965/1610/968
f 992/1611/969 985/1612/970 968/1613/971 967/1614/972
f 1000/1615/973 1001/1616/974 982/1617/975 984/1618/976
f 986/1619/977 987/1620/978 972/1621/979 971/1622/980
f 995/1623/981 996/1624/982 974/1625/983 973/1626/984
f 969/1627/985 968/1628/971 971/1629/980 970/1630/986
f 997/1631/987 998/1632/988 978/1633/989 977/1634/990
f 973/1626/984 975/1635/991 990/1636/992 991/1637/993
f 975/1638/991 974/1639/983 977/1640/990 976/1641/994
f 976/1642/994 978/1633/989 988/1643/995 989/1644/996
f 981/1645/964 980/1646/997 983/1647/998 982/1648/975
f 985/1649/970 986/1650/977 971/1651/980 968/1652/971
f 996/1653/982 997/1654/987 977/1640/990 974/1639/983
f 975/1655/991 976/1656/994 989/1657/996 990/1658/992
f 981/1645/964 982/1648/975 1001/1659/974 1002/1660/961
f 998/1632/988 999/1661/999 988/1643/995 978/1633/989
f 991/1637/993 994/1662/1000 995/1623/981 973/1626/984
f 961/1663/966 962/1664/965 963/1665/1001
f 964/1666/1002 965/1667/968 966/1668/967
f 967/1614/972 968/1613/971 969/1669/985
f 970/1670/986 971/1622/980 972/1621/979
f 973/1626/984 974/1625/983 975/1635/991
f 976/1642/994 977/1634/990 978/1633/989
f 979/1605/963 980/1671/997 981/1606/964
f 982/1617/975 983/1672/998 984/1618/976
f 962/1673/965 965/1674/968 986/1650/977 985/1649/970
f 965/1667/968 964/1666/1002 987/1620/978 986/1619/977
f 999/1661/999 1000/1615/973 984/1618/976 988/1643/995
f 989/1644/996 988/1643/995 984/1618/976 983/1672/998
f 990/1658/992 989/1657/996 983/1675/998 980/1676/997
f 991/1637/993 990/1636/992 980/1671/997 979/1605/963
f 979/1605/963 993/1604/962 994/1662/1000 991/1637/993
f 963/1665/1001 962/1664/965 985/1612/970 992/1611/969
f 994/1662/1000 993/1604/962 963/1665/1001 992/1611/969
f 995/1623/981 994/1662/1000 992/1611/969 967/1614/972
f 967/1614/972 969/1669/985 996/1624/982 995/1623/981
f 969/1627/985 970/1630/986 997/1654/987 996/1653/982
f 970/1670/986 972/1621/979 998/1632/988 997/1631/987
f 987/1620/978 999/1661/999 998/1632/988 972/1621/979
f 964/1666/1002 1000/1615/973 999/1661/999 987/1620/978
f 964/1666/1002 966/1668/967 1001/1616/974 1000/1615/973
f 1002/1660/961 1001/1659/974 966/1609/967 961/1608/966
f 961/1663/966 963/1665/1001 993/1604/962 1002/1603/961
s 175
f 1034/1677/1003 1027/1678/1004 1021/1679/1005 1023/1680/1006
f 1056/1681/1007 1045/1682/1008 1008/1683/1009 1007/1684/1010
f 1044/1685/1011 1035/1686/1012 1010/1687/1013 1009/1688/1014
f 1032/1689/1015 1033/1690/1016 1024/1691/1017 1026/1692/1018
f 1036/1693/1019 1037/1694/1020 1014/1695/1021 1013/1696/1022
f 1028/1697/1023 1029/1698/1024 1016/1699/1025 1015/1700/1026
f 1053/1701/1027 1054/1702/1028 1013/1703/1022 1012/1704/1029
f 1030/1705/1030 1031/1706/1031 1020/1707/1032 1019/1708/1033
f 1015/1700/1026 1017/1709/1034 1041/1710/1035 1042/1711/1036
f 1050/1712/1037 1051/1713/1038 1019/1714/1033 1018/1715/1039
f 1018/1716/1039 1020/1707/1032 1039/1717/1040 1040/1718/1041
f 1047/1719/1042 1048/1720/1043 1025/1721/1044 1024/1722/1017
f 1054/1723/1028 1055/1724/1045 1036/1725/1019 1013/1726/1022
f 1051/1713/1038 1052/1727/1046 1030/1728/1030 1019/1714/1033
f 1049/1729/1047 1050/1730/1037 1018/1731/1039 1040/1732/1041
f 1046/1733/1048 1047/1719/1042 1024/1722/1017 1033/1734/1016
f 1031/1706/1031 1038/1735/1049 1039/1717/1040 1020/1707/1032
f 1042/1711/1036 1043/1736/1050 1028/1697/1023 1015/1700/1026
f 1003/1737/1051 1004/1738/1052 1005/1739/1053
f 1006/1740/1054 1007/1741/1010 1008/1742/1009
f 1009/1688/1014 1010/1687/1013 1011/1743/1055
f 1012/1744/1029 1013/1696/1022 1014/1695/1021
f 1015/1700/1026 1016/1699/1025 1017/1709/1034
f 1018/1716/1039 1019/1708/1033 1020/1707/1032
f 1021/1679/1005 1022/1745/1056 1023/1680/1006
f 1024/1691/1017 1025/1746/1044 1026/1692/1018
f 1028/1697/1023 1043/1736/1050 1044/1685/1011 1009/1688/1014
f 1009/1688/1014 1011/1743/1055 1029/1698/1024 1028/1697/1023
f 1052/1727/1046 1053/1701/1027 1012/1704/1029 1030/1728/1030
f 1012/1744/1029 1014/1695/1021 1031/1706/1031 1030/1705/1030
f 1037/1694/1020 1038/1735/1049 1031/1706/1031 1014/1695/1021
f 1006/1740/1054 1008/1742/1009 1033/1690/1016 1032/1689/1015
f 1045/1682/1008 1046/1733/1048 1033/1734/1016 1008/1683/1009
f 1003/1737/1051 1005/1739/1053 1027/1678/1004 1034/1677/1003
f 1055/1724/1045 1056/1747/1007 1007/1748/1010 1036/1725/1019
f 1007/1741/1010 1006/1740/1054 1037/1694/1020 1036/1693/1019
f 1006/1740/1054 1032/1689/1015 1038/1735/1049 1037/1694/1020
f 1039/1717/1040 1038/1735/1049 1032/1689/1015 1026/1692/1018
f 1040/1718/1041 1039/1717/1040 1026/1692/1018 1025/1746/1044
f 1048/1749/1043 1049/1729/1047 1040/1732/1041 1025/1750/1044
f 1042/1711/1036 1041/1710/1035 1022/1745/1056 1021/1679/1005
f 1021/1679/1005 1027/1678/1004 1043/1736/1050 1042/1711/1036
f 1044/1685/1011 1043/1736/1050 1027/1678/1004 1005/1739/1053
f 1005/1739/1053 1004/1738/1052 1035/1686/1012 1044/1685/1011
f 1034/1751/1003 1046/1733/1048 1045/1682/1008 1003/1752/1051
f 1023/1753/1006 1047/1719/1042 1046/1733/1048 1034/1751/1003
f 1023/1753/1006 1022/1754/1056 1048/1720/1043 1047/1719/1042
f 1041/1755/1035 1049/1729/1047 1048/1749/1043 1022/1756/1056
f 1017/1757/1034 1050/1730/1037 1049/1729/1047 1041/1755/1035
f 1017/1758/1034 1016/1759/1025 1051/1713/1038 1050/1712/1037
f 1029/1760/1024 1052/1727/1046 1051/1713/1038 1016/1759/1025
f 1011/1761/1055 1053/1701/1027 1052/1727/1046 1029/1760/1024
f 1011/1761/1055 1010/1762/1013 1054/1702/1028 1053/1701/1027
f 1035/1763/1012 1055/1724/1045 1054/1723/1028 1010/1764/1013
f 1004/1765/1052 1056/1747/1007 1055/1724/1045 1035/1763/1012
f 1004/1766/1052 1003/1752/1051 1045/1682/1008 1056/1681/1007
s 185
f 1088/1767/1057 1081/1768/1058 1122/1769/1059 1111/1770/1060
f 1110/1771/1061 1099/1772/1062 1062/1773/1063 1061/1774/1064
f 1098/1775/1065 1089/1776/1066 1064/1777/1067 1063/1778/1068
f 1086/1779/1069 1087/1780/1070 1113/1781/1071 1114/1782/1072
f 1090/1783/1073 1091/1784/1074 1068/1785/1075 1067/1786/1076
f 1082/1787/1077 1083/1788/1078 1119/1789/1079 1120/1790/1080
f 1107/1791/1081 1108/1792/1082 1067/1793/1076 1066/1794/1083
f 1084/1795/1084 1085/1796/1085 1116/1797/1086 1117/1798/1087
f 1069/1799/1088 1071/1800/1089 1095/1801/1090 1096/1802/1091
f 1104/1803/1092 1105/1804/1093 1073/1805/1094 1072/1806/1095
f 1072/1807/1095 1074/1808/1096 1093/1809/1097 1094/1810/1098
f 1101/1811/1099 1102/1812/1100 1079/1813/1101 1078/1814/1102
f 1108/1815/1082 1109/1816/1103 1090/1817/1073 1067/1818/1076
f 1117/1798/1087 1118/1819/1104 1106/1820/1105 1084/1795/1084
f 1103/1821/1106 1104/1822/1092 1072/1823/1095 1094/1824/1098
f 1100/1825/1107 1112/1826/1108 1113/1827/1071 1087/1828/1070
f 1085/1829/1085 1092/1830/1109 1115/1831/1110 1116/1832/1086
f 1120/1833/1080 1121/1834/1111 1097/1835/1112 1082/1836/1077
f 1057/1837/1113 1058/1838/1114 1059/1839/1115
f 1060/1840/1116 1061/1841/1064 1062/1842/1063
f 1063/1778/1068 1064/1777/1067 1065/1843/1117
f 1066/1794/1083 1067/1793/1076 1068/1844/1075
f 1069/1845/1088 1070/1846/1118 1071/1847/1089
f 1072/1806/1095 1073/1805/1094 1074/1848/1096
f 1075/1849/1119 1076/1850/1120 1077/1851/1121
f 1078/1852/1102 1079/1853/1101 1080/1854/1122
f 1082/1836/1077 1097/1835/1112 1098/1775/1065 1063/1778/1068
f 1063/1778/1068 1065/1843/1117 1083/1855/1078 1082/1836/1077
f 1106/1820/1105 1107/1791/1081 1066/1794/1083 1084/1795/1084
f 1066/1856/1083 1068/1785/1075 1085/1829/1085 1084/1857/1084
f 1091/1784/1074 1092/1830/1109 1085/1829/1085 1068/1785/1075
f 1060/1840/1116 1062/1842/1063 1087/1780/1070 1086/1779/1069
f 1099/1772/1062 1100/1825/1107 1087/1828/1070 1062/1773/1063
f 1057/1837/1113 1059/1839/1115 1081/1768/1058 1088/1767/1057
f 1109/1816/1103 1124/1858/1123 1125/1859/1124 1090/1817/1073
f 1125/1860/1124 1126/1861/1125 1091/1784/1074 1090/1783/1073
f 1126/1861/1125 1127/1862/1126 1092/1830/1109 1091/1784/1074
f 1127/1862/1126 1128/1863/1127 1115/1831/1110 1092/1830/1109
f 1094/1810/1098 1093/1809/1097 1129/1864/1128 1130/1865/1129
f 1130/1866/1129 1131/1867/1130 1103/1821/1106 1094/1824/1098
f 1096/1802/1091 1095/1801/1090 1132/1868/1131 1133/1869/1132
f 1121/1834/1111 1134/1870/1133 1135/1871/1134 1097/1835/1112
f 1098/1775/1065 1097/1835/1112 1135/1871/1134 1136/1872/1135
f 1136/1872/1135 1123/1873/1136 1089/1776/1066 1098/1775/1065
f 1088/1767/1057 1100/1825/1107 1099/1772/1062 1057/1837/1113
f 1111/1770/1060 1112/1826/1108 1100/1825/1107 1088/1767/1057
f 1077/1874/1121 1076/1875/1120 1102/1812/1100 1101/1811/1099
f 1095/1876/1090 1103/1821/1106 1131/1867/1130 1132/1877/1131
f 1071/1878/1089 1104/1822/1092 1103/1821/1106 1095/1876/1090
f 1071/1847/1089 1070/1846/1118 1105/1804/1093 1104/1803/1092
f 1083/1788/1078 1106/1820/1105 1118/1819/1104 1119/1789/1079
f 1065/1879/1117 1107/1791/1081 1106/1820/1105 1083/1788/1078
f 1065/1879/1117 1064/1880/1067 1108/1792/1082 1107/1791/1081
f 1089/1881/1066 1109/1816/1103 1108/1815/1082 1064/1882/1067
f 1123/1883/1136 1124/1858/1123 1109/1816/1103 1089/1881/1066
f 1058/1838/1114 1057/1837/1113 1099/1772/1062 1110/1771/1061
f 1077/1874/1121 1101/1811/1099 1112/1826/1108 1111/1770/1060
f 1113/1827/1071 1112/1826/1108 1101/1811/1099 1078/1814/1102
f 1114/1782/1072 1113/1781/1071 1078/1852/1102 1080/1854/1122
f 1093/1809/1097 1115/1831/1110 1128/1863/1127 1129/1864/1128
f 1116/1832/1086 1115/1831/1110 1093/1809/1097 1074/1808/1096
f 1117/1798/1087 1116/1797/1086 1074/1848/1096 1073/1805/1094
f 1105/1804/1093 1118/1819/1104 1117/1798/1087 1073/1805/1094
f 1119/1789/1079 1118/1819/1104 1105/1804/1093 1070/1846/1118
f 1120/1833/1080 1119/1884/1079 1070/1885/1118 1069/1799/1088
f 1096/1802/1091 1121/1834/1111 1120/1833/1080 1069/1799/1088
f 1133/1869/1132 1134/1870/1133 1121/1834/1111 1096/1802/1091
f 1111/1886/1060 1122/1887/1059 1075/1849/1119 1077/1851/1121
f 1058/1888/1114 1110/1889/1061 1124/1858/1123 1123/1883/1136
f 1125/1859/1124 1124/1858/1123 1110/1889/1061 1061/1890/1064
f 1061/1841/1064 1060/1840/1116 1126/1861/1125 1125/1860/1124
f 1060/1840/1116 1086/1779/1069 1127/1862/1126 1126/1861/1125
f 1114/1782/1072 1128/1863/1127 1127/1862/1126 1086/1779/1069
f 1129/1864/1128 1128/1863/1127 1114/1782/1072 1080/1854/1122
f 1130/1865/1129 1129/1864/1128 1080/1854/1122 1079/1853/1101
f 1102/1891/1100 1131/1867/1130 1130/1866/1129 1079/1892/1101
f 1132/1877/1131 1131/1867/1130 1102/1891/1100 1076/1893/1120
f 1133/1869/1132 1132/1868/1131 1076/1850/1120 1075/1849/1119
f 1075/1849/1119 1122/1887/1059 1134/1870/1133 1133/1869/1132
f 1135/1871/1134 1134/1870/1133 1122/1887/1059 1081/1894/1058
f 1136/1872/1135 1135/1871/1134 1081/1894/1058 1059/1895/1115
f 1059/1895/1115 1058/1896/1114 1123/1873/1136 1136/1872/1135
s 197
f 1168/1897/1137 1161/1898/1138 1155/1899/1139 1157/1900/1140
f 1190/1901/1141 1179/1902/1142 1142/1903/1143 1141/1904/1144
f 1178/1905/1145 1169/1906/1146 1144/1907/1147 1143/1908/1148
f 1166/1909/1149 1167/1910/1150 1158/1911/1151 1160/1912/1152
f 1170/1913/1153 1171/1914/1154 1148/1915/1155 1147/1916/1156
f 1162/1917/1157 1163/1918/1158 1150/1919/1159 1149/1920/1160
f 1187/1921/1161 1188/1922/1162 1147/1923/1156 1146/1924/1163
f 1164/1925/1164 1165/1926/1165 1154/1927/1166 1153/1928/1167
f 1149/1920/1160 1151/1929/1168 1175/1930/1169 1176/1931/1170
f 1184/1932/1171 1185/1933/1172 1153/1934/1167 1152/1935/1173
f 1152/1936/1173 1154/1927/1166 1173/1937/1174 1174/1938/1175
f 1181/1939/1176 1182/1940/1177 1159/1941/1178 1158/1942/1151
f 1188/1943/1162 1189/1944/1179 1170/1945/1153 1147/1946/1156
f 1185/1933/1172 1186/1947/1180 1164/1948/1164 1153/1934/1167
f 1183/1949/1181 1184/1950/1171 1152/1951/1173 1174/1952/1175
f 1180/1953/1182 1181/1939/1176 1158/1942/1151 1167/1954/1150
f 1165/1926/1165 1172/1955/1183 1173/1937/1174 1154/1927/1166
f 1176/1931/1170 1177/1956/1184 1162/1917/1157 1149/1920/1160
f 1137/1957/1185 1138/1958/1186 1139/1959/1187
f 1140/1960/1188 1141/1961/1144 1142/1962/1143
f 1143/1908/1148 1144/1907/1147 1145/1963/1189
f 1146/1964/1163 1147/1916/1156 1148/1915/1155
f 1149/1920/1160 1150/1919/1159 1151/1929/1168
f 1152/1936/1173 1153/1928/1167 1154/1927/1166
f 1155/1899/1139 1156/1965/1190 1157/1900/1140
f 1158/1911/1151 1159/1966/1178 1160/1912/1152
f 1162/1917/1157 1177/1956/1184 1178/1905/1145 1143/1908/1148
f 1143/1908/1148 1145/1963/1189 1163/1918/1158 1162/1917/1157
f 1186/1947/1180 1187/1921/1161 1146/1924/1163 1164/1948/1164
f 1146/1964/1163 1148/1915/1155 1165/1926/1165 1164/1925/1164
f 1171/1914/1154 1172/1955/1183 1165/1926/1165 1148/1915/1155
f 1140/1960/1188 1142/1962/1143 1167/1910/1150 1166/1909/1149
f 1179/1902/1142 1180/1953/1182 1167/1954/1150 1142/1903/1143
f 1137/1957/1185 1139/1959/1187 1161/1898/1138 1168/1897/1137
f 1189/1944/1179 1190/1967/1141 1141/1968/1144 1170/1945/1153
f 1141/1961/1144 1140/1960/1188 1171/1914/1154 1170/1913/1153
f 1140/1960/1188 1166/1909/1149 1172/1955/1183 1171/1914/1154
f 1173/1937/1174 1172/1955/1183 1166/1909/1149 1160/1912/1152
f 1174/1938/1175 1173/1937/1174 1160/1912/1152 1159/1966/1178
f 1182/1969/1177 1183/1949/1181 1174/1952/1175 1159/1970/1178
f 1176/1931/1170 1175/1930/1169 1156/1965/1190 1155/1899/1139
f 1155/1899/1139 1161/1898/1138 1177/1956/1184 1176/1931/1170
f 1178/1905/1145 1177/1956/1184 1161/1898/1138 1139/1959/1187
f 1139/1959/1187 1138/1958/1186 1169/1906/1146 1178/1905/1145
f 1168/1971/1137 1180/1953/1182 1179/1902/1142 1137/1972/1185
f 1157/1973/1140 1181/1939/1176 1180/1953/1182 1168/1971/1137
f 1157/1973/1140 1156/1974/1190 1182/1940/1177 1181/1939/1176
f 1175/1975/1169 1183/1949/1181 1182/1969/1177 1156/1976/1190
f 1151/1977/1168 1184/1950/1171 1183/1949/1181 1175/1975/1169
f 1151/1978/1168 1150/1979/1159 1185/1933/1172 1184/1932/1171
f 1163/1980/1158 1186/1947/1180 1185/1933/1172 1150/1979/1159
f 1145/1981/1189 1187/1921/1161 1186/1947/1180 1163/1980/1158
f 1145/1981/1189 1144/1982/1147 1188/1922/1162 1187/1921/1161
f 1169/1983/1146 1189/1944/1179 1188/1943/1162 1144/1984/1147
f 1138/1985/1186 1190/1967/1141 1189/1944/1179 1169/1983/1146
f 1138/1986/1186 1137/1972/1185 1179/1902/1142 1190/1901/1141
s 207
f 1222/1987/1191 1215/1988/1192 1209/1989/1193 1211/1990/1194
f 1244/1991/1195 1233/1992/1196 1196/1993/1197 1195/1994/1198
f 1232/1995/1199 1223/1996/1200 1198/1997/1201 1197/1998/1202
f 1220/1999/1203 1221/2000/1204 1212/2001/1205 1214/2002/1206
f 1224/2003/1207 1225/2004/1208 1202/2005/1209 1201/2006/1210
f 1216/2007/1211 1217/2008/1212 1204/2009/1213 1203/2010/1214
f 1241/2011/1215 1242/2012/1216 1201/2013/1210 1200/2014/1217
f 1218/2015/1218 1219/2016/1219 1208/2017/1220 1207/2018/1221
f 1203/2010/1214 1205/2019/1222 1229/2020/1223 1230/2021/1224
f 1238/2022/1225 1239/2023/1226 1207/2024/1221 1206/2025/1227
f 1206/2026/1227 1208/2017/1220 1227/2027/1228 1228/2028/1229
f 1235/2029/1230 1236/2030/1231 1213/2031/1232 1212/2032/1205
f 1242/2033/1216 1243/2034/1233 1224/2035/1207 1201/2036/1210
f 1239/2023/1226 1240/2037/1234 1218/2038/1218 1207/2024/1221
f 1237/2039/1235 1238/2040/1225 1206/2041/1227 1228/2042/1229
f 1234/2043/1236 1235/2029/1230 1212/2032/1205 1221/2044/1204
f 1219/2016/1219 1226/2045/1237 1227/2027/1228 1208/2017/1220
f 1230/2021/1224 1231/2046/1238 1216/2007/1211 1203/2010/1214
f 1191/2047/1239 1192/2048/1240 1193/2049/1241
f 1194/2050/1242 1195/2051/1198 1196/2052/1197
f 1197/1998/1202 1198/1997/1201 1199/2053/1243
f 1200/2054/1217 1201/2006/1210 1202/2005/1209
f 1203/2010/1214 1204/2009/1213 1205/2019/1222
f 1206/2026/1227 1207/2018/1221 1208/2017/1220
f 1209/1989/1193 1210/2055/1244 1211/1990/1194
f 1212/2001/1205 1213/2056/1232 1214/2002/1206
f 1216/2007/1211 1231/2046/1238 1232/1995/1199 1197/1998/1202
f 1197/1998/1202 1199/2053/1243 1217/2008/1212 1216/2007/1211
f 1240/2037/1234 1241/2011/1215 1200/2014/1217 1218/2038/1218
f 1200/2054/1217 1202/2005/1209 1219/2016/1219 1218/2015/1218
f 1225/2004/1208 1226/2045/1237 1219/2016/1219 1202/2005/1209
f 1194/2050/1242 1196/2052/1197 1221/2000/1204 1220/1999/1203
f 1233/1992/1196 1234/2043/1236 1221/2044/1204 1196/1993/1197
f 1191/2047/1239 1193/2049/1241 1215/1988/1192 1222/1987/1191
f 1243/2034/1233 1244/2057/1195 1195/2058/1198 1224/2035/1207
f 1195/2051/1198 1194/2050/1242 1225/2004/1208 1224/2003/1207
f 1194/2050/1242 1220/1999/1203 1226/2045/1237 1225/2004/1208
f 1227/2027/1228 1226/2045/1237 1220/1999/1203 1214/2002/1206
f 1228/2028/1229 1227/2027/1228 1214/2002/1206 1213/2056/1232
f 1236/2059/1231 1237/2039/1235 1228/2042/1229 1213/2060/1232
f 1230/2021/1224 1229/2020/1223 1210/2055/1244 1209/1989/1193
f 1209/1989/1193 1215/1988/1192 1231/2046/1238 1230/2021/1224
f 1232/1995/1199 1231/2046/1238 1215/1988/1192 1193/2049/1241
f 1193/2049/1241 1192/2048/1240 1223/1996/1200 1232/1995/1199
f 1222/2061/1191 1234/2043/1236 1233/1992/1196 1191/2062/1239
f 1211/2063/1194 1235/2029/1230 1234/2043/1236 1222/2061/1191
f 1211/2063/1194 1210/2064/1244 1236/2030/1231 1235/2029/1230
f 1229/2065/1223 1237/2039/1235 1236/2059/1231 1210/2066/1244
f 1205/2067/1222 1238/2040/1225 1237/2039/1235 1229/2065/1223
f 1205/2068/1222 1204/2069/1213 1239/2023/1226 1238/2022/1225
f 1217/2070/1212 1240/2037/1234 1239/2023/1226 1204/2069/1213
f 1199/2071/1243 1241/2011/1215 1240/2037/1234 1217/2070/1212
f 1199/2071/1243 1198/2072/1201 1242/2012/1216 1241/2011/1215
f 1223/2073/1200 1243/2034/1233 1242/2033/1216 1198/2074/1201
f 1192/2075/1240 1244/2057/1195 1243/2034/1233 1223/2073/1200
f 1192/2076/1240 1191/2062/1239 1233/1992/1196 1244/1991/1195
s 217
f 1276/2077/1245 1269/2078/1246 1263/2079/1247 1265/2080/1248
f 1298/2081/1249 1287/2082/1250 1250/2083/1251 1249/2084/1252
f 1286/2085/1253 1277/2086/1254 1252/2087/1255 1251/2088/1256
f 1274/2089/1257 1275/2090/1258 1266/2091/1259 1268/2092/1260
f 1278/2093/1261 1279/2094/1262 1256/2095/1263 1255/2096/1264
f 1270/2097/1265 1271/2098/1266 1258/2099/1267 1257/2100/1268
f 1295/2101/1269 1296/2102/1270 1255/2103/1264 1254/2104/1271
f 1272/2105/1272 1273/2106/1273 1262/2107/1274 1261/2108/1275
f 1257/2100/1268 1259/2109/1276 1283/2110/1277 1284/2111/1278
f 1292/2112/1279 1293/2113/1280 1261/2114/1275 1260/2115/1281
f 1260/2116/1281 1262/2107/1274 1281/2117/1282 1282/2118/1283
f 1289/2119/1284 1290/2120/1285 1267/2121/1286 1266/2122/1259
f 1296/2123/1270 1297/2124/1287 1278/2125/1261 1255/2126/1264
f 1293/2113/1280 1294/2127/1288 1272/2128/1272 1261/2114/1275
f 1291/2129/1289 1292/2130/1279 1260/2131/1281 1282/2132/1283
f 1288/2133/1290 1289/2119/1284 1266/2122/1259 1275/2134/1258
f 1273/2106/1273 1280/2135/1291 1281/2117/1282 1262/2107/1274
f 1284/2111/1278 1285/2136/1292 1270/2097/1265 1257/2100/1268
f 1245/2137/1293 1246/2138/1294 1247/2139/1295
f 1248/2140/1296 1249/2141/1252 1250/2142/1251
f 1251/2088/1256 1252/2087/1255 1253/2143/1297
f 1254/2144/1271 1255/2096/1264 1256/2095/1263
f 1257/2100/1268 1258/2099/1267 1259/2109/1276
f 1260/2116/1281 1261/2108/1275 1262/2107/1274
f 1263/2079/1247 1264/2145/1298 1265/2080/1248
f 1266/2091/1259 1267/2146/1286 1268/2092/1260
f 1270/2097/1265 1285/2136/1292 1286/2085/1253 1251/2088/1256
f 1251/2088/1256 1253/2143/1297 1271/2098/1266 1270/2097/1265
f 1294/2127/1288 1295/2101/1269 1254/2104/1271 1272/2128/1272
f 1254/2144/1271 1256/2095/1263 1273/2106/1273 1272/2105/1272
f 1279/2094/1262 1280/2135/1291 1273/2106/1273 1256/2095/1263
f 1248/2140/1296 1250/2142/1251 1275/2090/1258 1274/2089/1257
f 1287/2082/1250 1288/2133/1290 1275/2134/1258 1250/2083/1251
f 1245/2137/1293 1247/2139/1295 1269/2078/1246 1276/2077/1245
f 1297/2124/1287 1298/2147/1249 1249/2148/1252 1278/2125/1261
f 1249/2141/1252 1248/2140/1296 1279/2094/1262 1278/2093/1261
f 1248/2140/1296 1274/2089/1257 1280/2135/1291 1279/2094/1262
f 1281/2117/1282 1280/2135/1291 1274/2089/1257 1268/2092/1260
f 1282/2118/1283 1281/2117/1282 1268/2092/1260 1267/2146/1286
f 1290/2149/1285 1291/2129/1289 1282/2132/1283 1267/2150/1286
f 1284/2111/1278 1283/2110/1277 1264/2145/1298 1263/2079/1247
f 1263/2079/1247 1269/2078/1246 1285/2136/1292 1284/2111/1278
f 1286/2085/1253 1285/2136/1292 1269/2078/1246 1247/2139/1295
f 1247/2139/1295 1246/2138/1294 1277/2086/1254 1286/2085/1253
f 1276/2151/1245 1288/2133/1290 1287/2082/1250 1245/2152/1293
f 1265/2153/1248 1289/2119/1284 1288/2133/1290 1276/2151/1245
f 1265/2153/1248 1264/2154/1298 1290/2120/1285 1289/2119/1284
f 1283/2155/1277 1291/2129/1289 1290/2149/1285 1264/2156/1298
f 1259/2157/1276 1292/2130/1279 1291/2129/1289 1283/2155/1277
f 1259/2158/1276 1258/2159/1267 1293/2113/1280 1292/2112/1279
f 1271/2160/1266 1294/2127/1288 1293/2113/1280 1258/2159/1267
f 1253/2161/1297 1295/2101/1269 1294/2127/1288 1271/2160/1266
f 1253/2161/1297 1252/2162/1255 1296/2102/1270 1295/2101/1269
f 1277/2163/1254 1297/2124/1287 1296/2123/1270 1252/2164/1255
f 1246/2165/1294 1298/2147/1249 1297/2124/1287 1277/2163/1254
f 1246/2166/1294 1245/2152/1293 1287/2082/1250 1298/2081/1249
s 227
f 1330/2167/1299 1323/2168/1300 1317/2169/1301 1319/2170/1302
f 1352/2171/1303 1341/2172/1304 1304/2173/1305 1303/2174/1306
f 1340/2175/1307 1331/2176/1308 1306/2177/1309 1305/2178/1310
f 1328/2179/1311 1329/2180/1312 1320/2181/1313 1322/2182/1314
f 1332/2183/1315 1333/2184/1316 1310/2185/1317 1309/2186/1318
f 1324/2187/1319 1325/2188/1320 1312/2189/1321 1311/2190/1322
f 1349/2191/1323 1350/2192/1324 1309/2193/1318 1308/2194/1325
f 1326/2195/1326 1327/2196/1327 1316/2197/1328 1315/2198/1329
f 1311/2190/1322 1313/2199/1330 1337/2200/1331 1338/2201/1332
f 1346/2202/1333 1347/2203/1334 1315/2204/1329 1314/2205/1335
f 1314/2206/1335 1316/2197/1328 1335/2207/1336 1336/2208/1337
f 1343/2209/1338 1344/2210/1339 1321/2211/1340 1320/2212/1313
f 1350/2213/1324 1351/2214/1341 1332/2215/1315 1309/2216/1318
f 1347/2203/1334 1348/2217/1342 1326/2218/1326 1315/2204/1329
f 1345/2219/1343 1346/2220/1333 1314/2221/1335 1336/2222/1337
f 1342/2223/1344 1343/2209/1338 1320/2212/1313 1329/2224/1312
f 1327/2196/1327 1334/2225/1345 1335/2207/1336 1316/2197/1328
f 1338/2201/1332 1339/2226/1346 1324/2187/1319 1311/2190/1322
f 1299/2227/1347 1300/2228/1348 1301/2229/1349
f 1302/2230/1350 1303/2231/1306 1304/2232/1305
f 1305/2178/1310 1306/2177/1309 1307/2233/1351
f 1308/2234/1325 1309/2186/1318 1310/2185/1317
f 1311/2190/1322 1312/2189/1321 1313/2199/1330
f 1314/2206/1335 1315/2198/1329 1316/2197/1328
f 1317/2169/1301 1318/2235/1352 1319/2170/1302
f 1320/2181/1313 1321/2236/1340 1322/2182/1314
f 1324/2187/1319 1339/2226/1346 1340/2175/1307 1305/2178/1310
f 1305/2178/1310 1307/2233/1351 1325/2188/1320 1324/2187/1319
f 1348/2217/1342 1349/2191/1323 1308/2194/1325 1326/2218/1326
f 1308/2234/1325 1310/2185/1317 1327/2196/1327 1326/2195/1326
f 1333/2184/1316 1334/2225/1345 1327/2196/1327 1310/2185/1317
f 1302/2230/1350 1304/2232/1305 1329/2180/1312 1328/2179/1311
f 1341/2172/1304 1342/2223/1344 1329/2224/1312 1304/2173/1305
f 1299/2227/1347 1301/2229/1349 1323/2168/1300 1330/2167/1299
f 1351/2214/1341 1352/2237/1303 1303/2238/1306 1332/2215/1315
f 1303/2231/1306 1302/2230/1350 1333/2184/1316 1332/2183/1315
f 1302/2230/1350 1328/2179/1311 1334/2225/1345 1333/2184/1316
f 1335/2207/1336 1334/2225/1345 1328/2179/1311 1322/2182/1314
f 1336/2208/1337 1335/2207/1336 1322/2182/1314 1321/2236/1340
f 1344/2239/1339 1345/2219/1343 1336/2222/1337 1321/2240/1340
f 1338/2201/1332 1337/2200/1331 1318/2235/1352 1317/2169/1301
f 1317/2169/1301 1323/2168/1300 1339/2226/1346 1338/2201/1332
f 1340/2175/1307 1339/2226/1346 1323/2168/1300 1301/2229/1349
f 1301/2229/1349 1300/2228/1348 1331/2176/1308 1340/2175/1307
f 1330/2241/1299 1342/2223/1344 1341/2172/1304 1299/2242/1347
f 1319/2243/1302 1343/2209/1338 1342/2223/1344 1330/2241/1299
f 1319/2243/1302 1318/2244/1352 1344/2210/1339 1343/2209/1338
f 1337/2245/1331 1345/2219/1343 1344/2239/1339 1318/2246/1352
f 1313/2247/1330 1346/2220/1333 1345/2219/1343 1337/2245/1331
f 1313/2248/1330 1312/2249/1321 1347/2203/1334 1346/2202/1333
f 1325/2250/1320 1348/2217/1342 1347/2203/1334 1312/2249/1321
f 1307/2251/1351 1349/2191/1323 1348/2217/1342 1325/2250/1320
f 1307/2251/1351 1306/2252/1309 1350/2192/1324 1349/2191/1323
f 1331/2253/1308 1351/2214/1341 1350/2213/1324 1306/2254/1309
f 1300/2255/1348 1352/2237/1303 1351/2214/1341 1331/2253/1308
f 1300/2256/1348 1299/2242/1347 1341/2172/1304 1352/2171/1303
s 237
f 1384/2257/1353 1377/2258/1354 1418/2259/1355 1407/2260/1356
f 1406/2261/1357 1395/2262/1358 1358/2263/1359 1357/2264/1360
f 1394/2265/1361 1385/2266/1362 1360/2267/1363 1359/2268/1364
f 1382/2269/1365 1383/2270/1366 1409/2271/1367 1410/2272/1368
f 1386/2273/1369 1387/2274/1370 1364/2275/1371 1363/2276/1372
f 1378/2277/1373 1379/2278/1374 1415/2279/1375 1416/2280/1376
f 1403/2281/1377 1404/2282/1378 1363/2283/1372 1362/2284/1379
f 1380/2285/1380 1381/2286/1381 1412/2287/1382 1413/2288/1383
f 1365/2289/1384 1367/2290/1385 1391/2291/1386 1392/2292/1387
f 1400/2293/1388 1401/2294/1389 1369/2295/1390 1368/2296/1391
f 1368/2297/1391 1370/2298/1392 1389/2299/1393 1390/2300/1394
f 1397/2301/1395 1398/2302/1396 1375/2303/1397 1374/2304/1398
f 1404/2305/1378 1405/2306/1399 1386/2307/1369 1363/2308/1372
f 1413/2288/1383 1414/2309/1400 1402/2310/1401 1380/2285/1380
f 1399/2311/1402 1400/2312/1388 1368/2313/1391 1390/2314/1394
f 1396/2315/1403 1408/2316/1404 1409/2317/1367 1383/2318/1366
f 1381/2319/1381 1388/2320/1405 1411/2321/1406 1412/2322/1382
f 1416/2323/1376 1417/2324/1407 1393/2325/1408 1378/2326/1373
f 1353/2327/1409 1354/2328/1410 1355/2329/1411
f 1356/2330/1412 1357/2331/1360 1358/2332/1359
f 1359/2268/1364 1360/2267/1363 1361/2333/1413
f 1362/2284/1379 1363/2283/1372 1364/2334/1371
f 1365/2335/1384 1366/2336/1414 1367/2337/1385
f 1368/2296/1391 1369/2295/1390 1370/2338/1392
f 1371/2339/1415 1372/2340/1416 1373/2341/1417
f 1374/2342/1398 1375/2343/1397 1376/2344/1418
f 1378/2326/1373 1393/2325/1408 1394/2265/1361 1359/2268/1364
f 1359/2268/1364 1361/2333/1413 1379/2345/1374 1378/2326/1373
f 1402/2310/1401 1403/2281/1377 1362/2284/1379 1380/2285/1380
f 1362/2346/1379 1364/2275/1371 1381/2319/1381 1380/2347/1380
f 1387/2274/1370 1388/2320/1405 1381/2319/1381 1364/2275/1371
f 1356/2330/1412 1358/2332/1359 1383/2270/1366 1382/2269/1365
f 1395/2262/1358 1396/2315/1403 1383/2318/1366 1358/2263/1359
f 1353/2327/1409 1355/2329/1411 1377/2258/1354 1384/2257/1353
f 1405/2306/1399 1420/2348/1419 1421/2349/1420 1386/2307/1369
f 1421/2350/1420 1422/2351/1421 1387/2274/1370 1386/2273/1369
f 1422/2351/1421 1423/2352/1422 1388/2320/1405 1387/2274/1370
f 1423/2352/1422 1424/2353/1423 1411/2321/1406 1388/2320/1405
f 1390/2300/1394 1389/2299/1393 1425/2354/1424 1426/2355/1425
f 1426/2356/1425 1427/2357/1426 1399/2311/1402 1390/2314/1394
f 1392/2292/1387 1391/2291/1386 1428/2358/1427 1429/2359/1428
f 1417/2324/1407 1430/2360/1429 1431/2361/1430 1393/2325/1408
f 1394/2265/1361 1393/2325/1408 1431/2361/1430 1432/2362/1431
f 1432/2362/1431 1419/2363/1432 1385/2266/1362 1394/2265/1361
f 1384/2257/1353 1396/2315/1403 1395/2262/1358 1353/2327/1409
f 1407/2260/1356 1408/2316/1404 1396/2315/1403 1384/2257/1353
f 1373/2364/1417 1372/2365/1416 1398/2302/1396 1397/2301/1395
f 1391/2366/1386 1399/2311/1402 1427/2357/1426 1428/2367/1427
f 1367/2368/1385 1400/2312/1388 1399/2311/1402 1391/2366/1386
f 1367/2337/1385 1366/2336/1414 1401/2294/1389 1400/2293/1388
f 1379/2278/1374 1402/2310/1401 1414/2309/1400 1415/2279/1375
f 1361/2369/1413 1403/2281/1377 1402/2310/1401 1379/2278/1374
f 1361/2369/1413 1360/2370/1363 1404/2282/1378 1403/2281/1377
f 1385/2371/1362 1405/2306/1399 1404/2305/1378 1360/2372/1363
f 1419/2373/1432 1420/2348/1419 1405/2306/1399 1385/2371/1362
f 1354/2328/1410 1353/2327/1409 1395/2262/1358 1406/2261/1357
f 1373/2364/1417 1397/2301/1395 1408/2316/1404 1407/2260/1356
f 1409/2317/1367 1408/2316/1404 1397/2301/1395 1374/2304/1398
f 1410/2272/1368 1409/2271/1367 1374/2342/1398 1376/2344/1418
f 1389/2299/1393 1411/2321/1406 1424/2353/1423 1425/2354/1424
f 1412/2322/1382 1411/2321/1406 1389/2299/1393 1370/2298/1392
f 1413/2288/1383 1412/2287/1382 1370/2338/1392 1369/2295/1390
f 1401/2294/1389 1414/2309/1400 1413/2288/1383 1369/2295/1390
f 1415/2279/1375 1414/2309/1400 1401/2294/1389 1366/2336/1414
f 1416/2323/1376 1415/2374/1375 1366/2375/1414 1365/2289/1384
f 1392/2292/1387 1417/2324/1407 1416/2323/1376 1365/2289/1384
f 1429/2359/1428 1430/2360/1429 1417/2324/1407 1392/2292/1387
f 1407/2376/1356 1418/2377/1355 1371/2339/1415 1373/2341/1417
f 1354/2378/1410 1406/2379/1357 1420/2348/1419 1419/2373/1432
f 1421/2349/1420 1420/2348/1419 1406/2379/1357 1357/2380/1360
f 1357/2331/1360 1356/2330/1412 1422/2351/1421 1421/2350/1420
f 1356/2330/1412 1382/2269/1365 1423/2352/1422 1422/2351/1421
f 1410/2272/1368 1424/2353/1423 1423/2352/1422 1382/2269/1365
f 1425/2354/1424 1424/2353/1423 1410/2272/1368 1376/2344/1418
f 1426/2355/1425 1425/2354/1424 1376/2344/1418 1375/2343/1397
f 1398/2381/1396 1427/2357/1426 1426/2356/1425 1375/2382/1397
f 1428/2367/1427 1427/2357/1426 1398/2381/1396 1372/2383/1416
f 1429/2359/1428 1428/2358/1427 1372/2340/1416 1371/2339/1415
f 1371/2339/1415 1418/2377/1355 1430/2360/1429 1429/2359/1428
f 1431/2361/1430 1430/2360/1429 1418/2377/1355 1377/2384/1354
f 1432/2362/1431 1431/2361/1430 1377/2384/1354 1355/2385/1411
f 1355/2385/1411 1354/2386/1410 1419/2363/1432 1432/2362/1431
s 249
f 1474/2387/1433 1465/2388/1434 1451/2389/1435 1453/2390/1436
f 1434/2391/1437 1433/2392/1438 1438/2393/1439 1437/2394/1440
f 1464/2395/1441 1457/2396/1442 1440/2397/1443 1439/2398/1444
f 1472/2399/1445 1473/2400/1446 1454/2401/1447 1456/2402/1448
f 1458/2403/1449 1459/2404/1450 1444/2405/1451 1443/2406/1452
f 1467/2407/1453 1468/2408/1454 1446/2409/1455 1445/2410/1456
f 1441/2411/1457 1440/2412/1443 1443/2413/1452 1442/2414/1458
f 1469/2415/1459 1470/2416/1460 1450/2417/1461 1449/2418/1462
f 1445/2410/1456 1447/2419/1463 1462/2420/1464 1463/2421/1465
f 1447/2422/1463 1446/2423/1455 1449/2424/1462 1448/2425/1466
f 1448/2426/1466 1450/2417/1461 1460/2427/1467 1461/2428/1468
f 1453/2429/1436 1452/2430/1469 1455/2431/1470 1454/2432/1447
f 1457/2433/1442 1458/2434/1449 1443/2435/1452 1440/2436/1443
f 1468/2437/1454 1469/2438/1459 1449/2424/1462 1446/2423/1455
f 1447/2439/1463 1448/2440/1466 1461/2441/1468 1462/2442/1464
f 1453/2429/1436 1454/2432/1447 1473/2443/1446 1474/2444/1433
f 1470/2416/1460 1471/2445/1471 1460/2427/1467 1450/2417/1461
f 1463/2421/1465 1466/2446/1472 1467/2407/1453 1445/2410/1456
f 1433/2447/1438 1434/2448/1437 1435/2449/1473
f 1436/2450/1474 1437/2451/1440 1438/2452/1439
f 1439/2398/1444 1440/2397/1443 1441/2453/1457
f 1442/2454/1458 1443/2406/1452 1444/2405/1451
f 1445/2410/1456 1446/2409/1455 1447/2419/1463
f 1448/2426/1466 1449/2418/1462 1450/2417/1461
f 1451/2389/1435 1452/2455/1469 1453/2390/1436
f 1454/2401/1447 1455/2456/1470 1456/2402/1448
f 1434/2457/1437 1437/2458/1440 1458/2434/1449 1457/2433/1442
f 1437/2451/1440 1436/2450/1474 1459/2404/1450 1458/2403/1449
f 1471/2445/1471 1472/2399/1445 1456/2402/1448 1460/2427/1467
f 1461/2428/1468 1460/2427/1467 1456/2402/1448 1455/2456/1470
f 1462/2442/1464 1461/2441/1468 1455/2459/1470 1452/2460/1469
f 1463/2421/1465 1462/2420/1464 1452/2455/1469 1451/2389/1435
f 1451/2389/1435 1465/2388/1434 1466/2446/1472 1463/2421/1465
f 1435/2449/1473 1434/2448/1437 1457/2396/1442 1464/2395/1441
f 1466/2446/1472 1465/2388/1434 1435/2449/1473 1464/2395/1441
f 1467/2407/1453 1466/2446/1472 1464/2395/1441 1439/2398/1444
f 1439/2398/1444 1441/2453/1457 1468/2408/1454 1467/2407/1453
f 1441/2411/1457 1442/2414/1458 1469/2438/1459 1468/2437/1454
f 1442/2454/1458 1444/2405/1451 1470/2416/1460 1469/2415/1459
f 1459/2404/1450 1471/2445/1471 1470/2416/1460 1444/2405/1451
f 1436/2450/1474 1472/2399/1445 1471/2445/1471 1459/2404/1450
f 1436/2450/1474 1438/2452/1439 1473/2400/1446 1472/2399/1445
f 1474/2444/1433 1473/2443/1446 1438/2393/1439 1433/2392/1438
f 1433/2447/1438 1435/2449/1473 1465/2388/1434 1474/2387/1433
s 256
f 1506/2461/1475 1499/2462/1476 1493/2463/1477 1495/2464/1478
f 1528/2465/1479 1517/2466/1480 1480/2467/1481 1479/2468/1482
f 1516/2469/1483 1507/2470/1484 1482/2471/1485 1481/2472/1486
f 1504/2473/1487 1505/2474/1488 1496/2475/1489 1498/2476/1490
f 1508/2477/1491 1509/2478/1492 1486/2479/1493 1485/2480/1494
f 1500/2481/1495 1501/2482/1496 1488/2483/1497 1487/2484/1498
f 1525/2485/1499 1526/2486/1500 1485/2487/1494 1484/2488/1501
f 1502/2489/1502 1503/2490/1503 1492/2491/1504 1491/2492/1505
f 1487/2484/1498 1489/2493/1506 1513/2494/1507 1514/2495/1508
f 1522/2496/1509 1523/2497/1510 1491/2498/1505 1490/2499/1511
f 1490/2500/1511 1492/2491/1504 1511/2501/1512 1512/2502/1513
f 1519/2503/1514 1520/2504/1515 1497/2505/1516 1496/2506/1489
f 1526/2507/1500 1527/2508/1517 1508/2509/1491 1485/2510/1494
f 1523/2497/1510 1524/2511/1518 1502/2512/1502 1491/2498/1505
f 1521/2513/1519 1522/2514/1509 1490/2515/1511 1512/2516/1513
f 1518/2517/1520 1519/2503/1514 1496/2506/1489 1505/2518/1488
f 1503/2490/1503 1510/2519/1521 1511/2501/1512 1492/2491/1504
f 1514/2495/1508 1515/2520/1522 1500/2481/1495 1487/2484/1498
f 1475/2521/1523 1476/2522/1524 1477/2523/1525
f 1478/2524/1526 1479/2525/1482 1480/2526/1481
f 1481/2472/1486 1482/2471/1485 1483/2527/1527
f 1484/2528/1501 1485/2480/1494 1486/2479/1493
f 1487/2484/1498 1488/2483/1497 1489/2493/1506
f 1490/2500/1511 1491/2492/1505 1492/2491/1504
f 1493/2463/1477 1494/2529/1528 1495/2464/1478
f 1496/2475/1489 1497/2530/1516 1498/2476/1490
f 1500/2481/1495 1515/2520/1522 1516/2469/1483 1481/2472/1486
f 1481/2472/1486 1483/2527/1527 1501/2482/1496 1500/2481/1495
f 1524/2511/1518 1525/2485/1499 1484/2488/1501 1502/2512/1502
f 1484/2528/1501 1486/2479/1493 1503/2490/1503 1502/2489/1502
f 1509/2478/1492 1510/2519/1521 1503/2490/1503 1486/2479/1493
f 1478/2524/1526 1480/2526/1481 1505/2474/1488 1504/2473/1487
f 1517/2466/1480 1518/2517/1520 1505/2518/1488 1480/2467/1481
f 1475/2521/1523 1477/2523/1525 1499/2462/1476 1506/2461/1475
f 1527/2508/1517 1528/2531/1479 1479/2532/1482 1508/2509/1491
f 1479/2525/1482 1478/2524/1526 1509/2478/1492 1508/2477/1491
f 1478/2524/1526 1504/2473/1487 1510/2519/1521 1509/2478/1492
f 1511/2501/1512 1510/2519/1521 1504/2473/1487 1498/2476/1490
f 1512/2502/1513 1511/2501/1512 1498/2476/1490 1497/2530/1516
f 1520/2533/1515 1521/2513/1519 1512/2516/1513 1497/2534/1516
f 1514/2495/1508 1513/2494/1507 1494/2529/1528 1493/2463/1477
f 1493/2463/1477 1499/2462/1476 1515/2520/1522 1514/2495/1508
f 1516/2469/1483 1515/2520/1522 1499/2462/1476 1477/2523/1525
f 1477/2523/1525 1476/2522/1524 1507/2470/1484 1516/2469/1483
f 1506/2535/1475 1518/2517/1520 1517/2466/1480 1475/2536/1523
f 1495/2537/1478 1519/2503/1514 1518/2517/1520 1506/2535/1475
f 1495/2537/1478 1494/2538/1528 1520/2504/1515 1519/2503/1514
f 1513/2539/1507 1521/2513/1519 1520/2533/1515 1494/2540/1528
f 1489/2541/1506 1522/2514/1509 1521/2513/1519 1513/2539/1507
f 1489/2542/1506 1488/2543/1497 1523/2497/1510 1522/2496/1509
f 1501/2544/1496 1524/2511/1518 1523/2497/1510 1488/2543/1497
f 1483/2545/1527 1525/2485/1499 1524/2511/1518 1501/2544/1496
f 1483/2545/1527 1482/2546/1485 1526/2486/1500 1525/2485/1499
f 1507/2547/1484 1527/2508/1517 1526/2507/1500 1482/2548/1485
f 1476/2549/1524 1528/2531/1479 1527/2508/1517 1507/2547/1484
f 1476/2550/1524 1475/2536/1523 1517/2466/1480 1528/2465/1479
s 266
f 1560/2551/1529 1553/2552/1530 1547/2553/1531 1549/2554/1532
f 1582/2555/1533 1571/2556/1534 1534/2557/1535 1533/2558/1536
f 1570/2559/1537 1561/2560/1538 1536/2561/1539 1535/2562/1540
f 1558/2563/1541 1559/2564/1542 1550/2565/1543 1552/2566/1544
f 1562/2567/1545 1563/2568/1546 1540/2569/1547 1539/2570/1548
f 1554/2571/1549 1555/2572/1550 1542/2573/1551 1541/2574/1552
f 1579/2575/1553 1580/2576/1554 1539/2577/1548 1538/2578/1555
f 1556/2579/1556 1557/2580/1557 1546/2581/1558 1545/2582/1559
f 1541/2574/1552 1543/2583/1560 1567/2584/1561 1568/2585/1562
f 1576/2586/1563 1577/2587/1564 1545/2588/1559 1544/2589/1565
f 1544/2590/1565 1546/2581/1558 1565/2591/1566 1566/2592/1567
f 1573/2593/1568 1574/2594/1569 1551/2595/1570 1550/2596/1543
f 1580/2597/1554 1581/2598/1571 1562/2599/1545 1539/2600/1548
f 1577/2587/1564 1578/2601/1572 1556/2602/1556 1545/2588/1559
f 1575/2603/1573 1576/2604/1563 1544/2605/1565 1566/2606/1567
f 1572/2607/1574 1573/2593/1568 1550/2596/1543 1559/2608/1542
f 1557/2580/1557 1564/2609/1575 1565/2591/1566 1546/2581/1558
f 1568/2585/1562 1569/2610/1576 1554/2571/1549 1541/2574/1552
f 1529/2611/1577 1530/2612/1578 1531/2613/1579
f 1532/2614/1580 1533/2615/1536 1534/2616/1535
f 1535/2562/1540 1536/2561/1539 1537/2617/1581
f 1538/2618/1555 1539/2570/1548 1540/2569/1547
f 1541/2574/1552 1542/2573/1551 1543/2583/1560
f 1544/2590/1565 1545/2582/1559 1546/2581/1558
f 1547/2553/1531 1548/2619/1582 1549/2554/1532
f 1550/2565/1543 1551/2620/1570 1552/2566/1544
f 1554/2571/1549 1569/2610/1576 1570/2559/1537 1535/2562/1540
f 1535/2562/1540 1537/2617/1581 1555/2572/1550 1554/2571/1549
f 1578/2601/1572 1579/2575/1553 1538/2578/1555 1556/2602/1556
f 1538/2618/1555 1540/2569/1547 1557/2580/1557 1556/2579/1556
f 1563/2568/1546 1564/2609/1575 1557/2580/1557 1540/2569/1547
f 1532/2614/1580 1534/2616/1535 1559/2564/1542 1558/2563/1541
f 1571/2556/1534 1572/2607/1574 1559/2608/1542 1534/2557/1535
f 1529/2611/1577 1531/2613/1579 1553/2552/1530 1560/2551/1529
f 1581/2598/1571 1582/2621/1533 1533/2622/1536 1562/2599/1545
f 1533/2615/1536 1532/2614/1580 1563/2568/1546 1562/2567/1545
f 1532/2614/1580 1558/2563/1541 1564/2609/1575 1563/2568/1546
f 1565/2591/1566 1564/2609/1575 1558/2563/1541 1552/2566/1544
f 1566/2592/1567 1565/2591/1566 1552/2566/1544 1551/2620/1570
f 1574/2623/1569 1575/2603/1573 1566/2606/1567 1551/2624/1570
f 1568/2585/1562 1567/2584/1561 1548/2619/1582 1547/2553/1531
f 1547/2553/1531 1553/2552/1530 1569/2610/1576 1568/2585/1562
f 1570/2559/1537 1569/2610/1576 1553/2552/1530 1531/2613/1579
f 1531/2613/1579 1530/2612/1578 1561/2560/1538 1570/2559/1537
f 1560/2625/1529 1572/2607/1574 1571/2556/1534 1529/2626/1577
f 1549/2627/1532 1573/2593/1568 1572/2607/1574 1560/2625/1529
f 1549/2627/1532 1548/2628/1582 1574/2594/1569 1573/2593/1568
f 1567/2629/1561 1575/2603/1573 1574/2623/1569 1548/2630/1582
f 1543/2631/1560 1576/2604/1563 1575/2603/1573 1567/2629/1561
f 1543/2632/1560 1542/2633/1551 1577/2587/1564 1576/2586/1563
f 1555/2634/1550 1578/2601/1572 1577/2587/1564 1542/2633/1551
f 1537/2635/1581 1579/2575/1553 1578/2601/1572 1555/2634/1550
f 1537/2635/1581 1536/2636/1539 1580/2576/1554 1579/2575/1553
f 1561/2637/1538 1581/2598/1571 1580/2597/1554 1536/2638/1539
f 1530/2639/1578 1582/2621/1533 1581/2598/1571 1561/2637/1538
f 1530/2640/1578 1529/2626/1577 1571/2556/1534 1582/2555/1533
s 276
f 1614/2641/1583 1607/2642/1584 1601/2643/1585 1603/2644/1586
f 1636/2645/1587 1625/2646/1588 1588/2647/1589 1587/2648/1590
f 1624/2649/1591 1615/2650/1592 1590/2651/1593 1589/2652/1594
f 1612/2653/1595 1613/2654/1596 1604/2655/1597 1606/2656/1598
f 1616/2657/1599 1617/2658/1600 1594/2659/1601 1593/2660/1602
f 1608/2661/1603 1609/2662/1604 1596/2663/1605 1595/2664/1606
f 1633/2665/1607 1634/2666/1608 1593/2667/1602 1592/2668/1609
f 1610/2669/1610 1611/2670/1611 1600/2671/1612 1599/2672/1613
f 1595/2664/1606 1597/2673/1614 1621/2674/1615 1622/2675/1616
f 1630/2676/1617 1631/2677/1618 1599/2678/1613 1598/2679/1619
f 1598/2680/1619 1600/2671/1612 1619/2681/1620 1620/2682/1621
f 1627/2683/1622 1628/2684/1623 1605/2685/1624 1604/2686/1597
f 1634/2687/1608 1635/2688/1625 1616/2689/1599 1593/2690/1602
f 1631/2677/1618 1632/2691/1626 1610/2692/1610 1599/2678/1613
f 1629/2693/1627 1630/2694/1617 1598/2695/1619 1620/2696/1621
f 1626/2697/1628 1627/2683/1622 1604/2686/1597 1613/2698/1596
f 1611/2670/1611 1618/2699/1629 1619/2681/1620 1600/2671/1612
f 1622/2675/1616 1623/2700/1630 1608/2661/1603 1595/2664/1606
f 1583/2701/1631 1584/2702/1632 1585/2703/1633
f 1586/2704/1634 1587/2705/1590 1588/2706/1589
f 1589/2652/1594 1590/2651/1593 1591/2707/1635
f 1592/2708/1609 1593/2660/1602 1594/2659/1601
f 1595/2664/1606 1596/2663/1605 1597/2673/1614
f 1598/2680/1619 1599/2672/1613 1600/2671/1612
f 1601/2643/1585 1602/2709/1636 1603/2644/1586
f 1604/2655/1597 1605/2710/1624 1606/2656/1598
f 1608/2661/1603 1623/2700/1630 1624/2649/1591 1589/2652/1594
f 1589/2652/1594 1591/2707/1635 1609/2662/1604 1608/2661/1603
f 1632/2691/1626 1633/2665/1607 1592/2668/1609 1610/2692/1610
f 1592/2708/1609 1594/2659/1601 1611/2670/1611 1610/2669/1610
f 1617/2658/1600 1618/2699/1629 1611/2670/1611 1594/2659/1601
f 1586/2704/1634 1588/2706/1589 1613/2654/1596 1612/2653/1595
f 1625/2646/1588 1626/2697/1628 1613/2698/1596 1588/2647/1589
f 1583/2701/1631 1585/2703/1633 1607/2642/1584 1614/2641/1583
f 1635/2688/1625 1636/2711/1587 1587/2712/1590 1616/2689/1599
f 1587/2705/1590 1586/2704/1634 1617/2658/1600 1616/2657/1599
f 1586/2704/1634 1612/2653/1595 1618/2699/1629 1617/2658/1600
f 1619/2681/1620 1618/2699/1629 1612/2653/1595 1606/2656/1598
f 1620/2682/1621 1619/2681/1620 1606/2656/1598 1605/2710/1624
f 1628/2713/1623 1629/2693/1627 1620/2696/1621 1605/2714/1624
f 1622/2675/1616 1621/2674/1615 1602/2709/1636 1601/2643/1585
f 1601/2643/1585 1607/2642/1584 1623/2700/1630 1622/2675/1616
f 1624/2649/1591 1623/2700/1630 1607/2642/1584 1585/2703/1633
f 1585/2703/1633 1584/2702/1632 1615/2650/1592 1624/2649/1591
f 1614/2715/1583 1626/2697/1628 1625/2646/1588 1583/2716/1631
f 1603/2717/1586 1627/2683/1622 1626/2697/1628 1614/2715/1583
f 1603/2717/1586 1602/2718/1636 1628/2684/1623 1627/2683/1622
f 1621/2719/1615 1629/2693/1627 1628/2713/1623 1602/2720/1636
f 1597/2721/1614 1630/2694/1617 1629/2693/1627 1621/2719/1615
f 1597/2722/1614 1596/2723/1605 1631/2677/1618 1630/2676/1617
f 1609/2724/1604 1632/2691/1626 1631/2677/1618 1596/2723/1605
f 1591/2725/1635 1633/2665/1607 1632/2691/1626 1609/2724/1604
f 1591/2725/1635 1590/2726/1593 1634/2666/1608 1633/2665/1607
f 1615/2727/1592 1635/2688/1625 1634/2687/1608 1590/2728/1593
f 1584/2729/1632 1636/2711/1587 1635/2688/1625 1615/2727/1592
f 1584/2730/1632 1583/2716/1631 1625/2646/1588 1636/2645/1587
s 286
f 1668/2731/1637 1661/2732/1638 1702/2733/1639 1691/2734/1640
f 1690/2735/1641 1679/2736/1642 1642/2737/1643 1641/2738/1644
f 1678/2739/1645 1669/2740/1646 1644/2741/1647 1643/2742/1648
f 1666/2743/1649 1667/2744/1650 1693/2745/1651 1694/2746/1652
f 1670/2747/1653 1671/2748/1654 1648/2749/1655 1647/2750/1656
f 1662/2751/1657 1663/2752/1658 1699/2753/1659 1700/2754/1660
f 1687/2755/1661 1688/2756/1662 1647/2757/1656 1646/2758/1663
f 1664/2759/1664 1665/2760/1665 1696/2761/1666 1697/2762/1667
f 1649/2763/1668 1651/2764/1669 1675/2765/1670 1676/2766/1671
f 1684/2767/1672 1685/2768/1673 1653/2769/1674 1652/2770/1675
f 1652/2771/1675 1654/2772/1676 1673/2773/1677 1674/2774/1678
f 1681/2775/1679 1682/2776/1680 1659/2777/1681 1658/2778/1682
f 1688/2779/1662 1689/2780/1683 1670/2781/1653 1647/2782/1656
f 1697/2762/1667 1698/2783/1684 1686/2784/1685 1664/2759/1664
f 1683/2785/1686 1684/2786/1672 1652/2787/1675 1674/2788/1678
f 1680/2789/1687 1692/2790/1688 1693/2791/1651 1667/2792/1650
f 1665/2793/1665 1672/2794/1689 1695/2795/1690 1696/2796/1666
f 1700/2797/1660 1701/2798/1691 1677/2799/1692 1662/2800/1657
f 1637/2801/1693 1638/2802/1694 1639/2803/1695
f 1640/2804/1696 1641/2805/1644 1642/2806/1643
f 1643/2742/1648 1644/2741/1647 1645/2807/1697
f 1646/2758/1663 1647/2757/1656 1648/2808/1655
f 1649/2809/1668 1650/2810/1698 1651/2811/1669
f 1652/2770/1675 1653/2769/1674 1654/2812/1676
f 1655/2813/1699 1656/2814/1700 1657/2815/1701
f 1658/2816/1682 1659/2817/1681 1660/2818/1702
f 1662/2800/1657 1677/2799/1692 1678/2739/1645 1643/2742/1648
f 1643/2742/1648 1645/2807/1697 1663/2819/1658 1662/2800/1657
f 1686/2784/1685 1687/2755/1661 1646/2758/1663 1664/2759/1664
f 1646/2820/1663 1648/2749/1655 1665/2793/1665 1664/2821/1664
f 1671/2748/1654 1672/2794/1689 1665/2793/1665 1648/2749/1655
f 1640/2804/1696 1642/2806/1643 1667/2744/1650 1666/2743/1649
f 1679/2736/1642 1680/2789/1687 1667/2792/1650 1642/2737/1643
f 1637/2801/1693 1639/2803/1695 1661/2732/1638 1668/2731/1637
f 1689/2780/1683 1704/2822/1703 1705/2823/1704 1670/2781/1653
f 1705/2824/1704 1706/2825/1705 1671/2748/1654 1670/2747/1653
f 1706/2825/1705 1707/2826/1706 1672/2794/1689 1671/2748/1654
f 1707/2826/1706 1708/2827/1707 1695/2795/1690 1672/2794/1689
f 1674/2774/1678 1673/2773/1677 1709/2828/1708 1710/2829/1709
f 1710/2830/1709 1711/2831/1710 1683/2785/1686 1674/2788/1678
f 1676/2766/1671 1675/2765/1670 1712/2832/1711 1713/2833/1712
f 1701/2798/1691 1714/2834/1713 1715/2835/1714 1677/2799/1692
f 1678/2739/1645 1677/2799/1692 1715/2835/1714 1716/2836/1715
f 1716/2836/1715 1703/2837/1716 1669/2740/1646 1678/2739/1645
f 1668/2731/1637 1680/2789/1687 1679/2736/1642 1637/2801/1693
f 1691/2734/1640 1692/2790/1688 1680/2789/1687 1668/2731/1637
f 1657/2838/1701 1656/2839/1700 1682/2776/1680 1681/2775/1679
f 1675/2840/1670 1683/2785/1686 1711/2831/1710 1712/2841/1711
f 1651/2842/1669 1684/2786/1672 1683/2785/1686 1675/2840/1670
f 1651/2811/1669 1650/2810/1698 1685/2768/1673 1684/2767/1672
f 1663/2752/1658 1686/2784/1685 1698/2783/1684 1699/2753/1659
f 1645/2843/1697 1687/2755/1661 1686/2784/1685 1663/2752/1658
f 1645/2843/1697 1644/2844/1647 1688/2756/1662 1687/2755/1661
f 1669/2845/1646 1689/2780/1683 1688/2779/1662 1644/2846/1647
f 1703/2847/1716 1704/2822/1703 1689/2780/1683 1669/2845/1646
f 1638/2802/1694 1637/2801/1693 1679/2736/1642 1690/2735/1641
f 1657/2838/1701 1681/2775/1679 1692/2790/1688 1691/2734/1640
f 1693/2791/1651 1692/2790/1688 1681/2775/1679 1658/2778/1682
f 1694/2746/1652 1693/2745/1651 1658/2816/1682 1660/2818/1702
f 1673/2773/1677 1695/2795/1690 1708/2827/1707 1709/2828/1708
f 1696/2796/1666 1695/2795/1690 1673/2773/1677 1654/2772/1676
f 1697/2762/1667 1696/2761/1666 1654/2812/1676 1653/2769/1674
f 1685/2768/1673 1698/2783/1684 1697/2762/1667 1653/2769/1674
f 1699/2753/1659 1698/2783/1684 1685/2768/1673 1650/2810/1698
f 1700/2797/1660 1699/2848/1659 1650/2849/1698 1649/2763/1668
f 1676/2766/1671 1701/2798/1691 1700/2797/1660 1649/2763/1668
f 1713/2833/1712 1714/2834/1713 1701/2798/1691 1676/2766/1671
f 1691/2850/1640 1702/2851/1639 1655/2813/1699 1657/2815/1701
f 1638/2852/1694 1690/2853/1641 1704/2822/1703 1703/2847/1716
f 1705/2823/1704 1704/2822/1703 1690/2853/1641 1641/2854/1644
f 1641/2805/1644 1640/2804/1696 1706/2825/1705 1705/2824/1704
f 1640/2804/1696 1666/2743/1649 1707/2826/1706 1706/2825/1705
f 1694/2746/1652 1708/2827/1707 1707/2826/1706 1666/2743/1649
f 1709/2828/1708 1708/2827/1707 1694/2746/1652 1660/2818/1702
f 1710/2829/1709 1709/2828/1708 1660/2818/1702 1659/2817/1681
f 1682/2855/1680 1711/2831/1710 1710/2830/1709 1659/2856/1681
f 1712/2841/1711 1711/2831/1710 1682/2855/1680 1656/2857/1700
f 1713/2833/1712 1712/2832/1711 1656/2814/1700 1655/2813/1699
f 1655/2813/1699 1702/2851/1639 1714/2834/1713 1713/2833/1712
f 1715/2835/1714 1714/2834/1713 1702/2851/1639 1661/2858/1638
f 1716/2836/1715 1715/2835/1714 1661/2858/1638 1639/2859/1695
f 1639/2859/1695 1638/2860/1694 1703/2837/1716 1716/2836/1715
s 298
f 1748/2861/1717 1741/2862/1718 1735/2863/1719 1737/2864/1720
f 1770/2865/1721 1759/2866/1722 1722/2867/1723 1721/2868/1724
f 1758/2869/1725 1749/2870/1726 1724/2871/1727 1723/2872/1728
f 1746/2873/1729 1747/2874/1730 1738/2875/1731 1740/2876/1732
f 1750/2877/1733 1751/2878/1734 1728/2879/1735 1727/2880/1736
f 1742/2881/1737 1743/2882/1738 1730/2883/1739 1729/2884/1740
f 1767/2885/1741 1768/2886/1742 1727/2887/1736 1726/2888/1743
f 1744/2889/1744 1745/2890/1745 1734/2891/1746 1733/2892/1747
f 1729/2884/1740 1731/2893/1748 1755/2894/1749 1756/2895/1750
f 1764/2896/1751 1765/2897/1752 1733/2898/1747 1732/2899/1753
f 1732/2900/1753 1734/2891/1746 1753/2901/1754 1754/2902/1755
f 1761/2903/1756 1762/2904/1757 1739/2905/1758 1738/2906/1731
f 1768/2907/1742 1769/2908/1759 1750/2909/1733 1727/2910/1736
f 1765/2897/1752 1766/2911/1760 1744/2912/1744 1733/2898/1747
f 1763/2913/1761 1764/2914/1751 1732/2915/1753 1754/2916/1755
f 1760/2917/1762 1761/2903/1756 1738/2906/1731 1747/2918/1730
f 1745/2890/1745 1752/2919/1763 1753/2901/1754 1734/2891/1746
f 1756/2895/1750 1757/2920/1764 1742/2881/1737 1729/2884/1740
f 1717/2921/1765 1718/2922/1766 1719/2923/1767
f 1720/2924/1768 1721/2925/1724 1722/2926/1723
f 1723/2872/1728 1724/2871/1727 1725/2927/1769
f 1726/2928/1743 1727/2880/1736 1728/2879/1735
f 1729/2884/1740 1730/2883/1739 1731/2893/1748
f 1732/2900/1753 1733/2892/1747 1734/2891/1746
f 1735/2863/1719 1736/2929/1770 1737/2864/1720
f 1738/2875/1731 1739/2930/1758 1740/2876/1732
f 1742/2881/1737 1757/2920/1764 1758/2869/1725 1723/2872/1728
f 1723/2872/1728 1725/2927/1769 1743/2882/1738 1742/2881/1737
f 1766/2911/1760 1767/2885/1741 1726/2888/1743 1744/2912/1744
f 1726/2928/1743 1728/2879/1735 1745/2890/1745 1744/2889/1744
f 1751/2878/1734 1752/2919/1763 1745/2890/1745 1728/2879/1735
f 1720/2924/1768 1722/2926/1723 1747/2874/1730 1746/2873/1729
f 1759/2866/1722 1760/2917/1762 1747/2918/1730 1722/2867/1723
f 1717/2921/1765 1719/2923/1767 1741/2862/1718 1748/2861/1717
f 1769/2908/1759 1770/2931/1721 1721/2932/1724 1750/2909/1733
f 1721/2925/1724 1720/2924/1768 1751/2878/1734 1750/2877/1733
f 1720/2924/1768 1746/2873/1729 1752/2919/1763 1751/2878/1734
f 1753/2901/1754 1752/2919/1763 1746/2873/1729 1740/2876/1732
f 1754/2902/1755 1753/2901/1754 1740/2876/1732 1739/2930/1758
f 1762/2933/1757 1763/2913/1761 1754/2916/1755 1739/2934/1758
f 1756/2895/1750 1755/2894/1749 1736/2929/1770 1735/2863/1719
f 1735/2863/1719 1741/2862/1718 1757/2920/1764 1756/2895/1750
f 1758/2869/1725 1757/2920/1764 1741/2862/1718 1719/2923/1767
f 1719/2923/1767 1718/2922/1766 1749/2870/1726 1758/2869/1725
f 1748/2935/1717 1760/2917/1762 1759/2866/1722 1717/2936/1765
f 1737/2937/1720 1761/2903/1756 1760/2917/1762 1748/2935/1717
f 1737/2937/1720 1736/2938/1770 1762/2904/1757 1761/2903/1756
f 1755/2939/1749 1763/2913/1761 1762/2933/1757 1736/2940/1770
f 1731/2941/1748 1764/2914/1751 1763/2913/1761 1755/2939/1749
f 1731/2942/1748 1730/2943/1739 1765/2897/1752 1764/2896/1751
f 1743/2944/1738 1766/2911/1760 1765/2897/1752 1730/2943/1739
f 1725/2945/1769 1767/2885/1741 1766/2911/1760 1743/2944/1738
f 1725/2945/1769 1724/2946/1727 1768/2886/1742 1767/2885/1741
f 1749/2947/1726 1769/2908/1759 1768/2907/1742 1724/2948/1727
f 1718/2949/1766 1770/2931/1721 1769/2908/1759 1749/2947/1726
f 1718/2950/1766 1717/2936/1765 1759/2866/1722 1770/2865/1721
