# This file uses centimeters as units for non-parametric coordinates.

mtllib M_BigBot.mtl
g default
v 0.395005 -1.224673 0.969429
v 0.395005 -0.753956 1.333112
v 0.023353 -1.267311 1.003325
v 0.023353 -0.796594 1.367008
v -0.560454 -1.505504 1.215406
v -0.560454 -1.034787 1.579089
v -1.233493 -1.579791 1.224279
v -1.233493 -1.109075 1.587962
v -2.207356 -1.389105 0.977472
v -2.207355 -0.918388 1.341155
v -2.761659 -1.219491 0.755582
v -2.761658 -0.748774 1.119265
v -3.253918 -0.733669 0.126779
v -3.253917 -0.262952 0.490462
v -3.343957 -0.416210 -0.251376
v -3.365041 0.059013 0.105776
v -3.889313 -0.136906 -0.080823
v -3.676007 -0.661145 0.596986
v -3.183748 -1.146967 1.225789
v -2.401904 -1.420503 1.582186
v -1.428041 -1.611190 1.828993
v -0.456922 -1.553132 1.841127
v 0.295163 -1.275710 1.578271
v 0.929399 -0.951767 1.180280
v 1.397985 -0.585354 0.706029
v 1.455962 -0.340375 0.388952
v -3.884736 -0.240077 -0.158360
v -3.676007 -0.763338 0.518030
v -3.183748 -1.249160 1.146833
v -2.401904 -1.522695 1.503230
v -1.428041 -1.713382 1.750037
v -0.456922 -1.655325 1.762171
v 0.295163 -1.377902 1.499315
v 0.929399 -1.053960 1.101325
v 1.397985 -0.687547 0.627074
v 1.455962 -0.442568 0.309996
v -3.835335 -0.232003 -0.167511
v -3.629677 -0.751109 0.502852
v -3.629678 -0.648916 0.581808
v -3.839912 -0.128832 -0.089973
v -3.149443 -1.227481 1.118774
v -3.149443 -1.125288 1.197729
v -2.381468 -1.494394 1.466599
v -2.381468 -1.392201 1.545555
v -1.420959 -1.683018 1.710736
v -1.420959 -1.580825 1.789692
v -0.469016 -1.625873 1.724051
v -0.469016 -1.523680 1.803007
v 0.267746 -1.351906 1.465668
v 0.267746 -1.249713 1.544624
v 0.893355 -1.032284 1.073269
v 0.893355 -0.930091 1.152225
v 1.352760 -0.675738 0.611789
v 1.352760 -0.573545 0.690745
v 1.405601 -0.335920 0.383186
v 1.405601 -0.438113 0.304230
v 1.455962 -0.574004 0.208447
v 1.397890 -0.646746 0.221414
v 1.350752 -0.845926 0.479215
v 1.397985 -0.818982 0.525524
v 1.397890 -0.176029 0.585097
v 1.455962 -0.181842 0.511437
v 1.350752 -0.375209 0.842898
v 1.397985 -0.426820 0.828515
v 0.893720 -1.203252 0.941704
v 0.929399 -1.185374 0.999792
v 0.893758 -0.732558 1.305417
v 0.929399 -0.793233 1.302766
v 0.269725 -1.522289 1.333346
v 0.295163 -1.509261 1.397825
v 0.269678 -1.051524 1.696965
v 0.295163 -1.117196 1.700741
v -0.469339 -1.795926 1.590963
v -0.456922 -1.786802 1.660590
v -0.469418 -1.325017 1.954397
v -0.456922 -1.394786 1.963468
v -1.409826 -1.855604 1.581265
v -1.428041 -1.844501 1.648732
v -1.408869 -1.383390 1.943010
v -1.428041 -1.453443 1.950871
v -2.381743 -1.665489 1.335198
v -2.401904 -1.654128 1.401683
v -2.381745 -1.194775 1.698884
v -2.401904 -1.261969 1.704671
v -3.148153 -1.397379 0.985823
v -3.183747 -1.380596 1.045284
v -3.148146 -0.926658 1.349500
v -3.183748 -0.988442 1.348268
v -3.629565 -0.922262 0.370875
v -3.676006 -0.894774 0.416481
v -3.629847 -0.451267 0.734199
v -3.676007 -0.502612 0.719471
v -3.825245 -0.412793 -0.284337
v -3.878854 -0.372632 -0.257981
v -3.896420 0.023276 0.039561
v -3.846345 0.062431 0.072814
v -2.216522 2.328225 -0.123822
v -0.070693 2.423367 -0.241501
v -0.065131 2.429199 -0.139722
v -2.210959 2.334052 -0.022048
v -2.149520 3.706910 0.028790
v -1.239970 2.519570 -0.332232
v -1.342660 2.774787 -0.319627
v -1.365685 2.956527 -0.185350
v -1.599344 3.725722 -0.103459
v -1.593779 3.731550 -0.001683
v -1.360121 2.962356 -0.083574
v -1.323114 2.795274 0.037970
v -1.220428 2.540057 0.025367
v -2.153766 3.700480 -0.050510
v -2.132609 3.701850 -0.074230
v -2.148029 4.439076 -0.053549
v -2.168339 4.438444 -0.029884
v -2.147282 4.461911 -0.031404
v -2.142287 4.465248 0.025300
v -2.163999 4.442669 0.049375
v -0.938682 3.759317 -0.060968
v -0.955447 3.745706 -0.037473
v -1.737006 4.483181 0.002359
v -1.726276 4.462782 0.025386
v -1.706253 4.471882 0.000554
v -1.961082 4.473229 0.014348
v -1.948928 4.452662 0.037591
v -0.941785 3.756067 -0.117726
v -0.959798 3.740883 -0.139264
v -1.739772 4.479998 -0.053449
v -1.709379 4.468789 -0.054954
v -1.731337 4.458290 -0.076382
v -1.955357 4.448596 -0.064089
v -1.964079 4.470086 -0.040512
v -2.215380 2.767548 -0.112838
v -2.234808 2.725909 -0.112121
v -2.235292 2.764121 -0.088816
v -0.353770 2.855349 -0.112785
v -0.316130 2.829275 -0.114913
v -0.332357 2.851467 -0.138889
v -0.357845 2.849361 -0.214606
v -0.335237 2.848449 -0.191588
v -0.321303 2.822825 -0.216729
v -0.265443 2.684768 -0.013404
v -0.295339 2.688931 0.007635
v -0.059429 2.435175 -0.035385
v -0.091906 2.439534 -0.010728
v -2.210000 2.773336 -0.011047
v -2.231810 2.787560 -0.008704
v -2.231973 2.767597 -0.028112
v -2.229343 2.733907 -0.010283
v -2.189342 2.605554 0.111388
v -2.212691 2.593661 0.090422
v -2.181329 2.345956 0.104010
v -2.205219 2.340074 0.083015
v -2.229644 2.572930 -0.222621
v -2.209436 2.584946 -0.246160
v -2.222301 2.322165 -0.229564
v -2.201538 2.325333 -0.253537
v -0.314011 2.668356 -0.349993
v -0.282361 2.664600 -0.332792
v -0.108485 2.418784 -0.368417
v -0.076507 2.417273 -0.347894
v 0.395005 1.800290 0.003539
v 0.395005 1.815455 -0.591112
v 0.023353 1.852833 0.017900
v 0.023353 1.867997 -0.576751
v -0.560454 2.164686 0.084696
v -0.560454 2.179851 -0.509955
v -1.233493 2.215749 0.139376
v -1.233493 2.230913 -0.455274
v -2.207356 1.903961 0.131425
v -2.207355 1.919125 -0.463225
v -2.761659 1.624727 0.125747
v -2.761658 1.639891 -0.468904
v -3.253918 0.830368 0.105491
v -3.253917 0.845532 -0.489160
v -3.343957 0.337701 0.072908
v -3.365041 0.344934 -0.521518
v -3.889313 0.310206 -0.253196
v -3.676007 1.166800 -0.230913
v -3.183748 1.961159 -0.210657
v -2.401904 2.410314 -0.200645
v -1.428041 2.722102 -0.192694
v -0.456922 2.697578 -0.246698
v 0.295163 2.321580 -0.315130
v 0.929399 1.809082 -0.341220
v 1.397985 1.209967 -0.356498
v 1.455962 0.809406 -0.366712
v -3.884736 0.308635 -0.124145
v -3.676007 1.163508 -0.101814
v -3.183748 1.957867 -0.081558
v -2.401904 2.407022 -0.071546
v -1.428041 2.718810 -0.063595
v -0.456922 2.694285 -0.117599
v 0.295163 2.318288 -0.186031
v 0.929399 1.805790 -0.212121
v 1.397985 1.206675 -0.227399
v 1.455962 0.806114 -0.237613
v -3.835335 0.296482 -0.125250
v -3.629677 1.144037 -0.102708
v -3.629678 1.147329 -0.231807
v -3.839912 0.298052 -0.254301
v -3.149443 1.922420 -0.082462
v -3.149443 1.925712 -0.211561
v -2.381468 2.360746 -0.072726
v -2.381468 2.364039 -0.201825
v -1.420959 2.669162 -0.064861
v -1.420959 2.672454 -0.193960
v -0.469016 2.646129 -0.118827
v -0.469016 2.649421 -0.247926
v 0.267746 2.275783 -0.187115
v 0.267746 2.279075 -0.316214
v 0.893355 1.770348 -0.213025
v 0.893355 1.773640 -0.342124
v 1.352760 1.187366 -0.227891
v 1.352760 1.190658 -0.356990
v 1.405601 0.802122 -0.366898
v 1.405601 0.798830 -0.237799
v 1.455962 0.801881 -0.071572
v 1.397890 0.855332 -0.020558
v 1.350752 1.181009 -0.012253
v 1.397985 1.202440 -0.061357
v 1.397890 0.870496 -0.615209
v 1.455962 0.814514 -0.566985
v 1.350752 1.196173 -0.606904
v 1.397985 1.215074 -0.556771
v 0.893720 1.765266 0.002646
v 0.929399 1.801556 -0.046106
v 0.893758 1.780467 -0.592004
v 0.929399 1.814189 -0.541494
v 0.269725 2.269743 0.028531
v 0.295163 2.314056 -0.020087
v 0.269678 2.284827 -0.566122
v 0.295163 2.326687 -0.515378
v -0.469339 2.639277 0.097004
v -0.456922 2.690050 0.048494
v -0.469418 2.654126 -0.497653
v -0.456922 2.702679 -0.446735
v -1.409826 2.666725 0.150877
v -1.428041 2.714586 0.102045
v -1.408869 2.679441 -0.443836
v -1.428041 2.727184 -0.391974
v -2.381743 2.355871 0.142949
v -2.401904 2.402787 0.094491
v -2.381745 2.371039 -0.451701
v -2.401904 2.415421 -0.400919
v -3.148153 1.915587 0.133164
v -3.183747 1.953633 0.084484
v -3.148146 1.930744 -0.461487
v -3.183748 1.966266 -0.410920
v -3.629565 1.138732 0.113354
v -3.676006 1.159274 0.064228
v -3.629847 1.153441 -0.481308
v -3.676007 1.171907 -0.431186
v -3.825245 0.309094 0.089632
v -3.878854 0.306618 0.041659
v -3.896420 0.312643 -0.453556
v -3.846345 0.316325 -0.504794
v 1.263100 1.007238 -0.669187
v 1.263100 0.790077 -0.994190
v 1.263100 0.465075 -1.211350
v 1.263100 0.081708 -1.287607
v 1.263100 -0.301660 -1.211351
v 1.263100 -0.626663 -0.994191
v 1.263100 -0.843823 -0.669188
v 1.263100 -0.920080 -0.285821
v 1.263100 -0.843823 0.097547
v 1.263100 -0.626664 0.422550
v 1.263100 -0.301660 0.639710
v 1.263100 0.081707 0.715967
v 1.263100 0.465075 0.639710
v 1.263100 0.790077 0.422550
v 1.263100 1.007238 0.097547
v 1.263100 1.083494 -0.285820
v 1.021189 1.425369 -0.842382
v 1.021189 1.110102 -1.314214
v 1.021189 0.638271 -1.629482
v 1.021189 0.081708 -1.740189
v 1.021189 -0.474855 -1.629482
v 1.021189 -0.946686 -1.314215
v 1.021189 -1.261955 -0.842384
v 1.021189 -1.372662 -0.285821
v 1.021189 -1.261955 0.270742
v 1.021189 -0.946688 0.742574
v 1.021189 -0.474855 1.057841
v 1.021189 0.081707 1.168549
v 1.021189 0.638270 1.057842
v 1.021189 1.110102 0.742574
v 1.021189 1.425367 0.270743
v 1.021189 1.536077 -0.285820
v 0.695633 1.791864 -0.994189
v 0.695633 1.390606 -1.594717
v 0.695633 0.790077 -1.995977
v 0.695633 0.081708 -2.136881
v 0.695633 -0.626663 -1.995978
v 0.695633 -1.227189 -1.594718
v 0.695633 -1.628449 -0.994191
v 0.695633 -1.769353 -0.285821
v 0.695633 -1.628450 0.422549
v 0.695633 -1.227190 1.023077
v 0.695633 -0.626664 1.424337
v 0.695633 0.081707 1.565240
v 0.695633 0.790076 1.424337
v 0.695633 1.390605 1.023077
v 0.695633 1.791864 0.422550
v 0.695633 1.932768 -0.285820
v 0.298941 2.092639 -1.118774
v 0.298941 1.620809 -1.824920
v 0.298941 0.914664 -2.296752
v 0.298941 0.081708 -2.462437
v 0.298941 -0.751247 -2.296753
v 0.298941 -1.457393 -1.824922
v 0.298942 -1.929224 -1.118776
v 0.298942 -2.094910 -0.285821
v 0.298942 -1.929225 0.547134
v 0.298941 -1.457394 1.253280
v 0.298941 -0.751248 1.725112
v 0.298941 0.081707 1.890797
v 0.298941 0.914662 1.725112
v 0.298941 1.620807 1.253281
v 0.298941 2.092639 0.547135
v 0.298941 2.258325 -0.285820
v -0.153641 2.316135 -1.211349
v -0.153641 1.007238 -2.520247
v -0.153641 0.081708 -2.704347
v -0.153641 -0.843822 -2.520248
v -0.153641 -1.628449 -1.995978
v -0.153641 -2.152721 -1.211351
v -0.153641 -2.152721 0.639709
v -0.153641 -1.628450 1.424336
v -0.153641 -0.843823 1.948607
v -0.153641 0.081707 2.132707
v -0.153641 1.007238 1.948608
v -0.153641 2.316135 0.639710
v -0.153641 2.500235 -0.285820
v -0.644721 2.453763 -1.268357
v -0.644721 1.064246 -2.657875
v -0.644721 0.081708 -2.853315
v -0.644721 -0.900829 -2.657877
v -0.644721 -1.733785 -2.101314
v -0.644721 -2.290348 -1.268359
v -0.644721 -2.290348 0.696717
v -0.644721 -1.733786 1.529672
v -0.644721 -0.900830 2.086236
v -0.644721 0.081707 2.281675
v -0.644721 1.064244 2.086236
v -0.644721 2.453763 0.696718
v -0.644721 2.649202 -0.285820
v -1.155427 2.500235 -1.287606
v -1.155428 1.083495 -2.704347
v -1.155428 0.081708 -2.903615
v -1.155427 -0.920078 -2.704348
v -1.155427 -1.769353 -2.136882
v -1.155427 -2.336820 -1.287608
v -1.155427 -2.336820 0.715966
v -1.155427 -1.769354 1.565240
v -1.155427 -0.920080 2.132707
v -1.155428 0.081707 2.331975
v -1.155428 1.083494 2.132707
v -1.155427 2.500235 0.715967
v -1.155427 2.699503 -0.285820
v -1.666134 2.453763 -1.268357
v -1.666134 1.064246 -2.657875
v -1.666134 0.081708 -2.853315
v -1.666134 -0.900830 -2.657877
v -1.666134 -1.733785 -2.101314
v -1.666133 -2.290348 -1.268359
v -1.666133 -2.290348 0.696717
v -1.666134 -1.733786 1.529672
v -1.666134 -0.900830 2.086236
v -1.666134 0.081707 2.281675
v -1.666134 1.064244 2.086236
v -1.666134 2.453763 0.696718
v -1.666134 2.649202 -0.285820
v -2.157214 2.316135 -1.211349
v -2.157214 1.007238 -2.520247
v -2.157214 0.081708 -2.704347
v -2.157214 -0.843822 -2.520248
v -2.157214 -1.628449 -1.995978
v -2.157213 -2.152721 -1.211351
v -2.157213 -2.152721 0.639709
v -2.157214 -1.628450 1.424336
v -2.157214 -0.843823 1.948607
v -2.157214 0.081707 2.132707
v -2.157214 1.007238 1.948608
v -2.157214 2.316135 0.639710
v -2.157214 2.500235 -0.285820
v -2.609796 2.092639 -1.118774
v -2.609796 1.620809 -1.824920
v -2.609797 0.914664 -2.296752
v -2.609797 0.081708 -2.462437
v -2.609797 -0.751247 -2.296753
v -2.609796 -1.457393 -1.824922
v -2.609796 -1.929224 -1.118776
v -2.609796 -2.094910 -0.285821
v -2.609796 -1.929225 0.547134
v -2.609797 -1.457394 1.253280
v -2.609796 -0.751248 1.725112
v -2.609796 0.081707 1.890797
v -2.609796 0.914662 1.725112
v -2.609796 1.620807 1.253281
v -2.609796 2.092639 0.547135
v -2.609796 2.258325 -0.285820
v -3.006488 1.791864 -0.994189
v -3.006488 1.390606 -1.594717
v -3.006488 0.790077 -1.995977
v -3.006488 0.081708 -2.136881
v -3.006488 -0.626663 -1.995978
v -3.006488 -1.227189 -1.594718
v -3.006488 -1.628449 -0.994191
v -3.006488 -1.769353 -0.285821
v -3.006488 -1.628450 0.422549
v -3.006488 -1.227190 1.023077
v -3.006488 -0.626664 1.424337
v -3.006488 0.081707 1.565240
v -3.006488 0.790076 1.424337
v -3.006488 1.390605 1.023077
v -3.006488 1.791864 0.422550
v -3.006488 1.932768 -0.285820
v -3.332045 1.425369 -0.842382
v -3.332045 1.110102 -1.314214
v -3.332045 0.638271 -1.629482
v -3.332045 0.081708 -1.740189
v -3.332045 -0.474856 -1.629482
v -3.332045 -0.946686 -1.314215
v -3.332045 -1.261955 -0.842384
v -3.332045 -1.372662 -0.285821
v -3.332045 -1.261955 0.270742
v -3.332045 -0.946688 0.742574
v -3.332045 -0.474856 1.057841
v -3.332045 0.081707 1.168549
v -3.332045 0.638270 1.057842
v -3.332045 1.110102 0.742574
v -3.332045 1.425367 0.270743
v -3.332045 1.536077 -0.285820
v -3.573955 1.007238 -0.669187
v -3.573955 0.790077 -0.994190
v -3.573955 0.465075 -1.211350
v -3.573955 0.081708 -1.287607
v -3.573955 -0.301660 -1.211351
v -3.573955 -0.626663 -0.994191
v -3.573955 -0.843823 -0.669188
v -3.573955 -0.920080 -0.285821
v -3.573955 -0.843823 0.097547
v -3.573955 -0.626664 0.422550
v -3.573955 -0.301660 0.639710
v -3.573955 0.081707 0.715967
v -3.573955 0.465075 0.639710
v -3.573955 0.790077 0.422550
v -3.573955 1.007238 0.097547
v -3.573955 1.083494 -0.285820
v -3.722922 0.553539 -0.481259
v -3.722922 0.442831 -0.646944
v -3.722922 0.277146 -0.757651
v -3.722922 0.081707 -0.796527
v -3.722922 -0.113732 -0.757652
v -3.722922 -0.279417 -0.646944
v -3.722922 -0.390124 -0.481259
v -3.722922 -0.429000 -0.285820
v -3.722922 -0.390124 -0.090381
v -3.722922 -0.279417 0.075304
v -3.722922 -0.113732 0.186011
v -3.722922 0.081707 0.224886
v -3.722922 0.277146 0.186011
v -3.722922 0.442831 0.075304
v -3.722922 0.553539 -0.090381
v -3.722922 0.592413 -0.285820
v -3.773223 0.081707 -0.285820
v 1.408930 0.725259 -0.929371
v 1.408930 0.922548 -0.634107
v 1.408930 0.429995 -1.126660
v 1.408930 0.081708 -1.195939
v 1.408930 -0.266580 -1.126661
v 1.408930 -0.561844 -0.929372
v 1.408930 -0.759133 -0.634108
v 1.408930 -0.828412 -0.285821
v 1.408930 -0.759133 0.062467
v 1.408930 -0.561845 0.357731
v 1.408930 -0.266580 0.555020
v 1.408930 0.081707 0.624299
v 1.408930 0.429995 0.555020
v 1.408930 0.725259 0.357731
v 1.408930 0.922547 0.062467
v 1.408930 0.991826 -0.285820
v 1.517863 0.602562 -0.806675
v 1.517863 0.762237 -0.567705
v 1.517863 0.363593 -0.966350
v 1.517863 0.081707 -1.022421
v 1.517863 -0.200178 -0.966351
v 1.517863 -0.439148 -0.806676
v 1.517863 -0.598823 -0.567705
v 1.517863 -0.654894 -0.285821
v 1.517863 -0.598823 -0.003936
v 1.517863 -0.439148 0.235035
v 1.517863 -0.200179 0.394710
v 1.517863 0.081707 0.450781
v 1.517863 0.363592 0.394710
v 1.517863 0.602562 0.235035
v 1.517863 0.762236 -0.003935
v 1.517863 0.818308 -0.285820
v 1.540060 0.552479 -0.756592
v 1.540060 0.696801 -0.540600
v 1.540060 0.336488 -0.900913
v 1.540060 0.081707 -0.951592
v 1.540060 -0.173073 -0.900913
v 1.540060 -0.389065 -0.756592
v 1.540060 -0.533386 -0.540600
v 1.540060 -0.584065 -0.285821
v 1.540060 -0.533386 -0.031041
v 1.540060 -0.389065 0.184951
v 1.540060 -0.173073 0.329273
v 1.540060 0.081707 0.379952
v 1.540060 0.336487 0.329273
v 1.540060 0.552479 0.184952
v 1.540060 0.696799 -0.031040
v 1.540060 0.747480 -0.285820
v 1.416950 0.552479 -0.756592
v 1.416951 0.696801 -0.540600
v 1.416951 0.336487 -0.900913
v 1.416950 0.081707 -0.951592
v 1.416950 -0.173073 -0.900913
v 1.416950 -0.389064 -0.756592
v 1.416950 -0.533385 -0.540600
v 1.416950 -0.584065 -0.285821
v 1.416950 -0.533385 -0.031041
v 1.416950 -0.389064 0.184951
v 1.416950 -0.173073 0.329273
v 1.416950 0.081707 0.379952
v 1.416950 0.336488 0.329273
v 1.416950 0.552479 0.184952
v 1.416950 0.696799 -0.031040
v 1.416950 0.747480 -0.285820
v 1.437163 0.391506 -0.595619
v 1.437163 0.486479 -0.453482
v 1.437163 0.249369 -0.690591
v 1.437163 0.081707 -0.723942
v 1.437163 -0.085955 -0.690592
v 1.437163 -0.228092 -0.595619
v 1.437163 -0.323065 -0.453482
v 1.437163 -0.356414 -0.285820
v 1.437163 -0.323065 -0.118159
v 1.437163 -0.228092 0.023978
v 1.437163 -0.085956 0.118951
v 1.437163 0.081707 0.152301
v 1.437163 0.249369 0.118951
v 1.437163 0.391506 0.023978
v 1.437163 0.486478 -0.118158
v 1.437163 0.519828 -0.285820
v 1.635646 0.326244 -0.387111
v 1.635646 0.268869 -0.472981
v 1.583917 0.391505 -0.595619
v 1.583917 0.486479 -0.453482
v 1.635646 0.182999 -0.530357
v 1.583917 0.249369 -0.690591
v 1.635646 0.081707 -0.550505
v 1.583917 0.081707 -0.723942
v 1.635646 -0.019584 -0.530358
v 1.583917 -0.085955 -0.690592
v 1.635646 -0.105454 -0.472981
v 1.583917 -0.228091 -0.595619
v 1.635646 -0.162830 -0.387111
v 1.583917 -0.323064 -0.453482
v 1.635646 -0.182979 -0.285820
v 1.583917 -0.356414 -0.285820
v 1.635646 -0.162830 -0.184530
v 1.583917 -0.323064 -0.118159
v 1.635646 -0.105454 -0.098660
v 1.583917 -0.228091 0.023978
v 1.635646 -0.019584 -0.041283
v 1.583917 -0.085955 0.118951
v 1.635646 0.081707 -0.021135
v 1.583917 0.081707 0.152301
v 1.635646 0.182998 -0.041283
v 1.583917 0.249370 0.118951
v 1.635646 0.268869 -0.098660
v 1.583917 0.391505 0.023978
v 1.635646 0.326244 -0.184530
v 1.583917 0.486478 -0.118158
v 1.635646 0.346393 -0.285820
v 1.583917 0.519828 -0.285820
v 1.661715 0.081707 -0.285820
v 0.348256 2.170857 -1.171037
v -0.113839 2.397566 -1.265760
v 0.348256 0.966926 -2.374968
v -0.113839 1.061649 -2.601678
v -0.624471 2.540037 -1.326003
v -0.624471 1.121893 -2.744150
v -1.155427 2.588137 -1.346341
v -1.155428 1.142229 -2.792250
v -1.686384 2.540037 -1.326003
v -1.686384 1.121893 -2.744150
v -2.197016 2.397566 -1.265760
v -2.197016 1.061649 -2.601678
v -2.659111 1.686048 -1.890159
v -2.659111 2.170857 -1.171037
v -2.659111 0.966926 -2.374968
v 0.348256 0.966924 1.803328
v -0.113839 1.061647 2.030039
v 0.348256 2.170855 0.599397
v -0.113839 2.397566 0.694120
v -0.624471 1.121891 2.172510
v -0.624471 2.540037 0.754364
v -1.155428 1.142228 2.220611
v -1.155427 2.588137 0.774702
v -1.686384 1.121891 2.172510
v -1.686384 2.540037 0.754364
v -2.197016 1.061647 2.030039
v -2.197016 2.397566 0.694120
v -2.659112 1.686048 1.318520
v -2.659112 0.966924 1.803328
v -2.659112 2.170855 0.599397
v 0.370991 2.234653 -1.538534
v -0.031112 2.407750 -1.632868
v 0.370991 1.334422 -2.438765
v -0.031112 1.428757 -2.611860
v -0.581986 2.549735 -1.714684
v -0.581986 1.510574 -2.753848
v -1.155427 2.597681 -1.742407
v -1.155428 1.538296 -2.801793
v -1.728868 2.549735 -1.714684
v -1.728869 1.510573 -2.753848
v -2.279743 2.407750 -1.632867
v -2.279743 1.428756 -2.611860
v -2.681653 1.828442 -2.032552
v -2.681846 2.234654 -1.538533
v -2.681845 1.334422 -2.438765
v 0.370991 1.334420 1.867125
v -0.031111 1.428755 2.040221
v 0.370991 2.234653 0.966894
v -0.031111 2.407749 1.061229
v -0.581986 1.510573 2.182208
v -0.581986 2.549735 1.143045
v -1.155428 1.538296 2.230155
v -1.155427 2.597681 1.170769
v -1.728869 1.510572 2.182209
v -1.728868 2.549735 1.143045
v -2.279744 1.428754 2.040222
v -2.279744 2.407749 1.061229
v -2.681654 1.828441 1.460913
v -2.681846 1.334421 1.867125
v -2.681846 2.234653 0.966894
v 0.303175 2.253873 -1.778448
v 0.293427 1.923048 -2.127160
v 0.017310 2.084035 -2.288145
v -0.017625 2.365185 -1.843270
v 0.303175 1.574337 -2.457984
v -0.017625 1.639159 -2.569296
v -0.558514 2.207468 -2.411578
v -0.566675 2.504953 -1.934529
v -0.566675 1.730419 -2.709065
v -1.155428 2.248967 -2.453078
v -1.155427 2.551749 -1.966316
v -1.155428 1.762205 -2.755861
v -1.752341 2.207468 -2.411578
v -1.744179 2.504953 -1.934529
v -1.744180 1.730419 -2.709065
v -2.328164 2.084035 -2.288145
v -2.293230 2.365184 -1.843269
v -2.293230 1.639158 -2.569296
v -2.604282 1.923048 -2.127160
v -2.614030 2.253874 -1.778448
v -2.614029 1.574337 -2.457985
v 0.303175 1.574335 1.886345
v 0.293427 1.923048 1.555521
v 0.017310 2.084033 1.716507
v -0.017625 1.639156 1.997657
v 0.303175 2.253873 1.206808
v -0.017625 2.365185 1.271631
v -0.558514 2.207467 1.839940
v -0.566675 1.730418 2.137426
v -0.566675 2.504952 1.362890
v -1.155428 2.248965 1.881438
v -1.155428 1.762205 2.184223
v -1.155427 2.551749 1.394678
v -1.752341 2.207467 1.839940
v -1.744180 1.730418 2.137426
v -1.744179 2.504952 1.362890
v -2.328165 2.084033 1.716507
v -2.293230 1.639158 1.997657
v -2.293230 2.365185 1.271631
v -2.604283 1.923049 1.555521
v -2.614030 1.574336 1.886345
v -2.614030 2.253873 1.206808
v 0.362655 -2.048423 -1.142486
v -0.102219 -2.276819 -1.236036
v 0.362655 -2.048424 0.570845
v -0.102219 -2.276819 0.664394
v -0.618558 -2.421828 -1.294512
v -0.618558 -2.421828 0.722870
v -1.155427 -2.470782 -1.314254
v -1.155427 -2.470782 0.742613
v -1.692296 -2.421828 -1.294512
v -1.692296 -2.421828 0.722870
v -2.208635 -2.276819 -1.236036
v -2.208635 -2.276819 0.664394
v -2.673509 -2.214109 -0.285821
v -2.673509 -2.048423 -1.142487
v -2.673509 -2.048424 0.570845
v 0.481885 -2.305943 -1.010379
v -0.006001 -2.547414 -1.086585
v 0.481885 -2.305944 0.438738
v -0.006001 -2.547414 0.514943
v -0.569614 -2.708701 -1.136086
v -0.569614 -2.708701 0.564444
v -1.155427 -2.763092 -1.152685
v -1.155427 -2.763093 0.581043
v -1.741240 -2.708701 -1.136086
v -1.741240 -2.708701 0.564444
v -2.304853 -2.547414 -1.086585
v -2.304853 -2.547414 0.514943
v -2.792739 -2.402996 -0.285821
v -2.792739 -2.305942 -1.010380
v -2.792739 -2.305944 0.438738
v 0.536829 -2.445033 -0.770857
v 0.536829 -2.459108 -0.285821
v 0.039249 -2.805162 -0.285821
v 0.037513 -2.699098 -0.823944
v 0.536829 -2.445034 0.199215
v 0.037513 -2.699099 0.252302
v -0.547097 -2.982805 -0.285821
v -0.548166 -2.873604 -0.861365
v -0.548166 -2.873604 0.289723
v -1.155427 -3.042602 -0.285821
v -1.155427 -2.931099 -0.872611
v -1.155427 -2.931099 0.300969
v -1.763757 -2.982805 -0.285821
v -1.762688 -2.873604 -0.861365
v -1.762688 -2.873604 0.289723
v -2.350103 -2.805162 -0.285821
v -2.348367 -2.699098 -0.823944
v -2.348367 -2.699098 0.252302
v -2.847683 -2.459108 -0.285821
v -2.847683 -2.445033 -0.770857
v -2.847683 -2.445034 0.199215
v 0.340877 2.097411 -1.252497
v 0.340154 1.659813 -1.863925
v 0.352168 2.162674 -1.305669
v 0.340876 1.048386 -2.301523
v 0.352168 1.101558 -2.366786
v 0.354621 2.164019 -1.575487
v 0.354621 1.371376 -2.368130
v 0.347280 1.839436 -2.043548
v 0.359214 2.135703 -1.731038
v 0.359214 1.526927 -2.339814
v 0.340876 1.048385 1.729883
v 0.340154 1.659812 1.292285
v 0.352168 1.101556 1.795146
v 0.340876 2.097409 0.680857
v 0.352168 2.162674 0.734030
v 0.354621 1.371374 1.796491
v 0.354621 2.164019 1.003848
v 0.347280 1.839436 1.471909
v 0.359215 1.526926 1.768175
v 0.359215 2.135703 1.159399
v 0.348182 -2.040578 -1.029874
v 0.347251 -2.163240 -0.285821
v 0.394302 -2.122635 -1.039515
v 0.348182 -2.040579 0.458232
v 0.394302 -2.122636 0.467874
v 0.481817 -2.312165 -0.922294
v 0.481817 -2.312166 0.350652
v 0.531985 -2.443317 -0.285821
v 0.518487 -2.419345 -0.735799
v 0.518487 -2.419346 0.164157
v 0.280913 2.106317 -1.259228
v 0.280190 1.667632 -1.871743
v 0.297253 1.715858 -1.919970
v 0.291747 2.168117 -1.310644
v 0.280912 1.055117 -2.310428
v 0.291747 1.106534 -2.372229
v 0.316765 1.799844 -2.003955
v 0.294308 2.160200 -1.573293
v 0.294308 1.369182 -2.364311
v 0.287531 1.830824 -2.034935
v 0.299466 2.126085 -1.723431
v 0.299466 1.519321 -2.330197
v 0.280912 1.055116 1.738788
v 0.280190 1.667630 1.300104
v 0.297253 1.715858 1.348330
v 0.291748 1.106532 1.800589
v 0.280912 2.106315 0.687589
v 0.291747 2.168117 0.739005
v 0.316766 1.799844 1.432316
v 0.294308 1.369181 1.792672
v 0.294308 2.160200 1.001654
v 0.287531 1.830823 1.463297
v 0.299466 1.519320 1.758558
v 0.299466 2.126085 1.151792
v 0.293231 -2.066603 -1.034706
v 0.292300 -2.189265 -0.285821
v 0.326206 -2.274687 -0.285821
v 0.340562 -2.150927 -1.044544
v 0.293231 -2.066605 0.463064
v 0.340562 -2.150928 0.472902
v 0.449163 -2.466968 -0.285821
v 0.430428 -2.344658 -0.926473
v 0.430428 -2.344659 0.354831
v 0.481735 -2.477745 -0.285821
v 0.468236 -2.453773 -0.738932
v 0.468236 -2.453774 0.167290
v -2.395822 -1.162045 -2.116428
v -0.018026 -1.276621 -2.157999
v -0.015484 -1.199431 -2.240490
v -2.393279 -1.084856 -2.198912
v -2.481904 -2.308266 -3.556534
v -1.308488 -1.451250 -2.135778
v -1.422990 -1.638548 -2.347235
v -1.453537 -1.670355 -2.594731
v -1.868631 -2.415126 -3.484817
v -1.866086 -2.337936 -3.567304
v -1.450994 -1.593166 -2.677218
v -1.414057 -1.367342 -2.637065
v -1.299560 -1.180044 -2.425609
v -2.483783 -2.366965 -3.490753
v -2.459542 -2.386491 -3.474291
v -2.478649 -2.933262 -4.080340
v -2.501953 -2.914324 -4.097371
v -2.478647 -2.932947 -4.115554
v -2.475133 -2.889964 -4.161632
v -2.499963 -2.853971 -4.161357
v -1.139344 -2.390645 -3.561143
v -1.158697 -2.361844 -3.567738
v -2.026015 -2.912149 -4.168909
v -2.014923 -2.877869 -4.170414
v -1.991912 -2.904216 -4.159269
v -2.274304 -2.900410 -4.164325
v -2.261645 -2.865796 -4.165898
v -1.140762 -2.433692 -3.515142
v -1.159900 -2.439784 -3.486076
v -2.027095 -2.954477 -4.123695
v -1.993399 -2.946383 -4.114348
v -2.016914 -2.956061 -4.089018
v -2.265151 -2.944275 -4.084874
v -2.275672 -2.942017 -4.119861
v -2.395731 -1.488695 -2.476822
v -2.417175 -1.456799 -2.443510
v -2.418603 -1.467327 -2.491898
v -0.336503 -1.510312 -2.595058
v -0.294742 -1.491188 -2.573512
v -0.311885 -1.527730 -2.572576
v -0.337398 -1.587380 -2.512448
v -0.313201 -1.567698 -2.529864
v -0.296850 -1.567925 -2.490506
v -0.242004 -1.298314 -2.536506
v -0.275827 -1.285373 -2.555129
v -0.012879 -1.120301 -2.325054
v -0.049686 -1.104674 -2.346529
v -2.393392 -1.411467 -2.559283
v -2.417628 -1.420984 -2.571907
v -2.417085 -1.421287 -2.541097
v -2.414747 -1.381219 -2.527779
v -2.374572 -1.184794 -2.518829
v -2.399638 -1.193071 -2.492700
v -2.364982 -0.992274 -2.305417
v -2.390657 -1.005178 -2.284066
v -2.407279 -1.428346 -2.236745
v -2.384113 -1.455880 -2.228927
v -2.398462 -1.242239 -2.030724
v -2.374651 -1.263350 -2.015499
v -0.283793 -1.556513 -2.265228
v -0.249382 -1.539099 -2.276160
v -0.055334 -1.375680 -2.056495
v -0.020683 -1.357311 -2.071769
v 0.395005 -0.705096 -1.897730
v 0.395005 -1.175302 -1.533386
v 0.023353 -0.727203 -1.947512
v 0.023353 -1.197409 -1.583168
v -0.560454 -0.872696 -2.231318
v -0.560454 -1.342902 -1.866975
v -1.233493 -0.862636 -2.305454
v -1.233493 -1.332841 -1.941111
v -2.207356 -0.671603 -2.058915
v -2.207355 -1.141808 -1.694572
v -2.761659 -0.499399 -1.839030
v -2.761658 -0.969604 -1.474687
v -3.253918 -0.012693 -1.210910
v -3.253917 -0.482898 -0.846567
v -3.343957 0.273658 -0.808685
v -3.365041 -0.191358 -0.438340
v -3.889313 0.038449 -0.581141
v -3.676007 -0.486048 -1.258750
v -3.183748 -0.972754 -1.886870
v -2.401904 -1.249069 -2.241116
v -1.428041 -1.440102 -2.487655
v -0.456922 -1.466422 -2.434503
v 0.295163 -1.281629 -2.099977
v 0.929399 -0.977706 -1.686496
v 1.397985 -0.610627 -1.212760
v 1.455962 -0.365203 -0.896027
v -3.884736 0.139404 -0.661544
v -3.676007 -0.383966 -1.337849
v -3.183748 -0.870672 -1.965969
v -2.401904 -1.146987 -2.320215
v -1.428041 -1.338020 -2.566754
v -0.456922 -1.364340 -2.513602
v 0.295163 -1.179547 -2.179076
v 0.929399 -0.875624 -1.765595
v 1.397985 -0.508545 -1.291859
v 1.455962 -0.263121 -0.975126
v -3.835335 0.146235 -0.651431
v -3.629677 -0.372344 -1.322202
v -3.629678 -0.474426 -1.243103
v -3.839912 0.045279 -0.571029
v -3.149443 -0.848953 -1.937940
v -3.149443 -0.951035 -1.858841
v -2.381468 -1.118634 -2.283623
v -2.381468 -1.220716 -2.204524
v -1.420959 -1.307600 -2.527496
v -1.420959 -1.409682 -2.448396
v -0.469016 -1.334835 -2.475524
v -0.469016 -1.436917 -2.396425
v 0.267746 -1.153503 -2.145465
v 0.267746 -1.255585 -2.066366
v 0.893355 -0.853908 -1.737570
v 0.893355 -0.955990 -1.658471
v 1.352760 -0.496714 -1.276591
v 1.352760 -0.598796 -1.197492
v 1.405601 -0.360740 -0.890267
v 1.405601 -0.258658 -0.969366
v 1.455962 -0.131828 -1.076860
v 1.397890 -0.126119 -1.150528
v 1.350752 -0.325661 -1.408049
v 1.397985 -0.377252 -1.393593
v 1.397890 -0.596324 -0.786184
v 1.455962 -0.523564 -0.773319
v 1.350752 -0.795867 -1.043705
v 1.397985 -0.768988 -1.090052
v 0.893720 -0.683636 -1.870035
v 0.929399 -0.744352 -1.867312
v 0.893758 -1.153865 -1.505721
v 0.929399 -1.136067 -1.563788
v 0.269725 -0.982645 -2.277174
v 0.295163 -1.048330 -2.280750
v 0.269678 -1.452801 -1.912767
v 0.295163 -1.439970 -1.977284
v -0.469339 -1.163319 -2.606720
v -0.456922 -1.233006 -2.615368
v -0.469418 -1.633331 -2.242128
v -0.456922 -1.624597 -2.311940
v -1.409826 -1.138949 -2.662053
v -1.428041 -1.207044 -2.668242
v -1.408869 -1.607655 -2.295773
v -1.428041 -1.597678 -2.365556
v -2.381743 -0.948489 -2.416252
v -2.401904 -1.015697 -2.421946
v -2.381745 -1.418697 -2.051912
v -2.401904 -1.407430 -2.118408
v -3.148153 -0.677609 -2.069021
v -3.183747 -0.739379 -2.067703
v -3.148146 -1.147810 -1.704672
v -3.183748 -1.131107 -1.764168
v -3.629565 -0.201628 -1.454742
v -3.676006 -0.252673 -1.439583
v -3.629847 -0.671555 -1.090039
v -3.676007 -0.644409 -1.136042
v -3.825245 0.304705 -0.797103
v -3.878854 0.269111 -0.764844
v -3.896420 -0.118292 -0.456310
v -3.846345 -0.160309 -0.426757
v -2.394141 -1.348540 1.485228
v -0.016741 -1.371730 1.612497
v -0.013703 -1.461765 1.544277
v -2.391102 -1.438567 1.417007
v -2.481629 -2.662422 2.774103
v -1.307945 -1.334958 1.778997
v -1.422729 -1.526184 1.986753
v -1.452850 -1.769135 2.043908
v -1.868956 -2.578401 2.875283
v -1.865914 -2.668431 2.807061
v -1.449810 -1.859165 1.975687
v -1.412051 -1.842517 1.747060
v -1.297271 -1.651292 1.539304
v -2.483894 -2.590920 2.825666
v -2.459768 -2.572460 2.843473
v -2.479728 -3.118674 3.449997
v -2.502917 -3.137638 3.432836
v -2.479645 -3.153732 3.453330
v -2.475854 -3.204004 3.415364
v -2.500540 -3.207523 3.379443
v -1.139406 -2.654922 2.861601
v -1.158629 -2.664515 2.833564
v -2.026815 -3.207755 3.439884
v -2.015581 -3.212774 3.405987
v -1.992701 -3.198899 3.431125
v -2.275064 -3.205069 3.426794
v -2.262261 -3.210185 3.392576
v -1.141102 -2.604714 2.899646
v -1.160329 -2.575225 2.902622
v -2.028167 -3.158405 3.477297
v -1.994460 -3.149857 3.468407
v -2.018070 -3.123723 3.475320
v -2.266266 -3.121479 3.462229
v -2.276700 -3.156540 3.463567
v -2.394564 -1.673167 1.847445
v -2.415953 -1.643393 1.812189
v -2.417315 -1.690435 1.827667
v -0.335180 -1.783079 1.888990
v -0.293391 -1.763519 1.867897
v -0.310683 -1.758849 1.904079
v -0.336571 -1.692934 1.957084
v -0.312256 -1.712232 1.939404
v -0.295995 -1.673018 1.935615
v -0.239957 -1.746547 1.672428
v -0.273686 -1.766500 1.661357
v -0.010588 -1.554061 1.474341
v -0.047284 -1.577137 1.460883
v -2.391728 -1.763175 1.779182
v -2.415973 -1.774810 1.789864
v -2.415501 -1.744133 1.786976
v -2.413031 -1.735030 1.745753
v -2.372082 -1.746364 1.549611
v -2.397241 -1.719584 1.555043
v -2.362193 -1.554012 1.336061
v -2.387968 -1.531508 1.346587
v -2.406405 -1.440662 1.762512
v -2.383368 -1.429972 1.789176
v -2.397298 -1.254999 1.556103
v -2.373606 -1.237607 1.575614
v -0.283396 -1.450100 1.900981
v -0.248891 -1.462686 1.884924
v -0.054676 -1.260612 1.700369
v -0.019917 -1.277615 1.683812
vt 0.726289 0.904641
vt 0.700339 0.871129
vt 0.705447 0.867182
vt 0.731447 0.900765
vt 0.676524 0.840339
vt 0.681633 0.836392
vt 0.847763 0.922712
vt 0.865587 0.899643
vt 0.870696 0.903590
vt 0.852871 0.926660
vt 0.882575 0.888214
vt 0.877466 0.884267
vt 0.831784 0.942329
vt 0.836893 0.946276
vt 0.928052 0.820078
vt 0.915805 0.835929
vt 0.907880 0.829806
vt 0.920127 0.813955
vt 0.928343 0.823760
vt 0.918385 0.836648
vt 0.889563 0.853514
vt 0.897488 0.859637
vt 0.900521 0.859770
vt 0.873369 0.873410
vt 0.881293 0.879533
vt 0.503967 0.881622
vt 0.479680 0.850188
vt 0.487605 0.844065
vt 0.511892 0.875499
vt 0.490694 0.844003
vt 0.514459 0.874763
vt 0.530174 0.915507
vt 0.538182 0.909489
vt 0.540139 0.907826
vt 0.440490 0.880514
vt 0.447061 0.875438
vt 0.473219 0.909251
vt 0.466593 0.914231
vt 0.416204 0.849080
vt 0.422774 0.844003
vt 0.439116 0.882794
vt 0.464585 0.915549
vt 0.415365 0.852052
vt 0.979190 0.894394
vt 0.985761 0.899470
vt 0.967444 0.923179
vt 0.960874 0.918103
vt 0.998008 0.883619
vt 0.991437 0.878543
vt 0.951249 0.943074
vt 0.944683 0.938001
vt 0.977844 0.892079
vt 0.959980 0.915199
vt 0.987801 0.879191
vt 0.318878 0.732006
vt 0.319466 0.751996
vt 0.318575 0.753680
vt 0.315540 0.753506
vt 0.314375 0.751596
vt 0.313790 0.731715
vt 0.324500 0.744985
vt 0.324130 0.732307
vt 0.319428 0.753967
vt 0.319545 0.754678
vt 0.317455 0.800316
vt 0.321419 0.800637
vt 0.314339 0.753677
vt 0.308851 0.743948
vt 0.308504 0.731412
vt 0.325548 0.745579
vt 0.325180 0.732602
vt 0.316269 0.800384
vt 0.322448 0.837418
vt 0.318486 0.837207
vt 0.307674 0.744549
vt 0.307305 0.731571
vt 0.317303 0.837239
vt 0.318410 0.838380
vt 0.321245 0.838547
vt 0.246410 0.855107
vt 0.247537 0.897477
vt 0.241084 0.897642
vt 0.239959 0.855186
vt 0.248549 0.936390
vt 0.242096 0.936554
vt 0.342496 0.842856
vt 0.342001 0.862279
vt 0.335547 0.862114
vt 0.336043 0.842691
vt 0.334804 0.891258
vt 0.341258 0.891423
vt 0.333509 0.916525
vt 0.339963 0.916690
vt 0.295427 0.842286
vt 0.294916 0.862311
vt 0.284904 0.862055
vt 0.285415 0.842031
vt 0.297837 0.845085
vt 0.297422 0.861366
vt 0.284140 0.892006
vt 0.294152 0.892261
vt 0.296677 0.890575
vt 0.282836 0.917626
vt 0.292847 0.917882
vt 0.211609 0.855107
vt 0.212723 0.897929
vt 0.202711 0.898185
vt 0.201593 0.855229
vt 0.213735 0.937640
vt 0.203724 0.937895
vt 0.200205 0.897261
vt 0.199031 0.855413
vt 0.201196 0.936120
vt 0.229887 0.897732
vt 0.221586 0.897944
vt 0.220470 0.855208
vt 0.228758 0.855107
vt 0.230899 0.937443
vt 0.222599 0.937655
vt 0.232342 0.896705
vt 0.231156 0.855231
vt 0.233333 0.935541
vt 0.316285 0.842750
vt 0.315775 0.862775
vt 0.307474 0.862563
vt 0.307985 0.842539
vt 0.315011 0.892725
vt 0.306712 0.892513
vt 0.305434 0.845211
vt 0.305019 0.861492
vt 0.313707 0.918345
vt 0.305411 0.918134
vt 0.304275 0.890699
vt 0.613188 0.952483
vt 0.617481 0.949615
vt 0.623612 0.955745
vt 0.616506 0.960493
vt 0.608125 0.940258
vt 0.620349 0.945322
vt 0.628360 0.948640
vt 0.608125 0.953490
vt 0.608125 0.962160
vt 0.621357 0.940258
vt 0.630027 0.940258
vt 0.603061 0.952483
vt 0.599743 0.960493
vt 0.620349 0.935195
vt 0.628360 0.931877
vt 0.598768 0.949615
vt 0.592638 0.955745
vt 0.617481 0.930902
vt 0.623612 0.924771
vt 0.595900 0.945322
vt 0.587890 0.948640
vt 0.613188 0.928033
vt 0.616506 0.920023
vt 0.594893 0.940258
vt 0.586223 0.940258
vt 0.608125 0.927026
vt 0.608125 0.918356
vt 0.595900 0.935195
vt 0.587890 0.931877
vt 0.603061 0.928033
vt 0.599743 0.920023
vt 0.598768 0.930902
vt 0.592638 0.924771
vt 0.471847 0.463783
vt 0.488094 0.452926
vt 0.504092 0.468925
vt 0.480505 0.484685
vt 0.470093 0.459549
vt 0.484854 0.449686
vt 0.498950 0.436679
vt 0.519853 0.445337
vt 0.518115 0.482948
vt 0.488094 0.503007
vt 0.452682 0.467595
vt 0.452682 0.490220
vt 0.452682 0.463012
vt 0.466774 0.451535
vt 0.478720 0.443552
vt 0.494716 0.434926
vt 0.502762 0.417514
vt 0.525387 0.417514
vt 0.538174 0.452926
vt 0.529623 0.494456
vt 0.494322 0.518043
vt 0.452682 0.510051
vt 0.433517 0.463783
vt 0.424859 0.484685
vt 0.435271 0.459549
vt 0.452682 0.454338
vt 0.465419 0.448263
vt 0.476216 0.441049
vt 0.486702 0.431606
vt 0.498180 0.417514
vt 0.498950 0.398349
vt 0.519853 0.389691
vt 0.545218 0.417514
vt 0.553211 0.459155
vt 0.531573 0.496405
vt 0.501007 0.518281
vt 0.452682 0.526326
vt 0.417270 0.503007
vt 0.417270 0.452926
vt 0.401271 0.468925
vt 0.420510 0.449686
vt 0.438590 0.451535
vt 0.452682 0.450797
vt 0.483431 0.430251
vt 0.489505 0.417514
vt 0.494716 0.400103
vt 0.488094 0.382102
vt 0.504092 0.366104
vt 0.538175 0.382102
vt 0.561493 0.417514
vt 0.553449 0.465840
vt 0.496935 0.521953
vt 0.503665 0.521544
vt 0.411042 0.518043
vt 0.387249 0.482947
vt 0.406414 0.436679
vt 0.385511 0.445337
vt 0.410647 0.434926
vt 0.426644 0.443552
vt 0.439945 0.448263
vt 0.485965 0.417514
vt 0.486702 0.403423
vt 0.484854 0.385343
vt 0.471847 0.371246
vt 0.480505 0.350343
vt 0.518115 0.352081
vt 0.553211 0.375874
vt 0.557121 0.461767
vt 0.556712 0.468498
vt 0.515306 0.525142
vt 0.517154 0.521611
vt 0.375741 0.494456
vt 0.367189 0.452926
vt 0.402602 0.417514
vt 0.379977 0.417514
vt 0.407184 0.417514
vt 0.418662 0.431606
vt 0.429148 0.441049
vt 0.483431 0.404778
vt 0.478720 0.391476
vt 0.470093 0.375480
vt 0.452682 0.367434
vt 0.452682 0.344809
vt 0.488094 0.332022
vt 0.529623 0.340573
vt 0.560310 0.480139
vt 0.556779 0.481986
vt 0.527300 0.526103
vt 0.524930 0.520196
vt 0.404357 0.518281
vt 0.373791 0.496405
vt 0.352153 0.459155
vt 0.360146 0.417514
vt 0.406414 0.398349
vt 0.385511 0.389691
vt 0.410647 0.400103
vt 0.415859 0.417514
vt 0.421933 0.430251
vt 0.476216 0.393980
vt 0.466774 0.383494
vt 0.452682 0.372016
vt 0.433517 0.371246
vt 0.424859 0.350343
vt 0.452682 0.324978
vt 0.494322 0.316986
vt 0.561271 0.492132
vt 0.555363 0.489762
vt 0.544732 0.509565
vt 0.540553 0.505385
vt 0.408429 0.521953
vt 0.401699 0.521544
vt 0.351915 0.465840
vt 0.343871 0.417514
vt 0.367189 0.382102
vt 0.417270 0.382102
vt 0.401271 0.366104
vt 0.420510 0.385342
vt 0.418662 0.403423
vt 0.419399 0.417514
vt 0.465419 0.386765
vt 0.452682 0.380691
vt 0.435271 0.375480
vt 0.417270 0.332022
vt 0.452682 0.308703
vt 0.552780 0.517613
vt 0.530541 0.531668
vt 0.390057 0.525142
vt 0.388210 0.521611
vt 0.348243 0.461767
vt 0.348652 0.468498
vt 0.352153 0.375874
vt 0.387249 0.352081
vt 0.426644 0.391476
vt 0.421933 0.404778
vt 0.452682 0.384232
vt 0.438590 0.383494
vt 0.411042 0.316986
vt 0.452682 0.305287
vt 0.489878 0.311419
vt 0.566835 0.495373
vt 0.378064 0.526103
vt 0.380434 0.520196
vt 0.345054 0.480139
vt 0.348585 0.481986
vt 0.375741 0.340573
vt 0.429148 0.393980
vt 0.439945 0.386765
vt 0.415486 0.311419
vt 0.495508 0.311027
vt 0.490360 0.307317
vt 0.360631 0.509565
vt 0.364811 0.505385
vt 0.344093 0.492132
vt 0.350001 0.489762
vt 0.409856 0.311027
vt 0.415004 0.307317
vt 0.488903 0.298153
vt 0.484500 0.297842
vt 0.374823 0.531668
vt 0.352584 0.517613
vt 0.416461 0.298153
vt 0.420864 0.297842
vt 0.476929 0.291200
vt 0.475177 0.292484
vt 0.338529 0.495373
vt 0.428434 0.291200
vt 0.430187 0.292484
vt 0.452682 0.290496
vt 0.452682 0.291286
vt 0.452682 0.273197
vt 0.479583 0.278499
vt 0.425781 0.278499
vt 0.190417 0.484685
vt 0.166829 0.468925
vt 0.182828 0.452926
vt 0.199075 0.463783
vt 0.182828 0.503007
vt 0.152807 0.482948
vt 0.151069 0.445337
vt 0.171972 0.436679
vt 0.200187 0.435567
vt 0.208470 0.441102
vt 0.218240 0.490220
vt 0.218240 0.467595
vt 0.176600 0.518043
vt 0.141299 0.494456
vt 0.132747 0.452926
vt 0.218240 0.510051
vt 0.145534 0.417514
vt 0.168159 0.417514
vt 0.194652 0.427284
vt 0.218240 0.417514
vt 0.218240 0.443045
vt 0.246063 0.484685
vt 0.237405 0.463783
vt 0.173987 0.521953
vt 0.138037 0.497717
vt 0.117711 0.459155
vt 0.218240 0.526326
vt 0.125703 0.417514
vt 0.253652 0.503007
vt 0.151069 0.389691
vt 0.171972 0.398349
vt 0.192709 0.417514
vt 0.228010 0.441102
vt 0.269650 0.468925
vt 0.253652 0.452926
vt 0.155615 0.525142
vt 0.130919 0.504835
vt 0.113801 0.461767
vt 0.109428 0.417514
vt 0.259880 0.518043
vt 0.132747 0.382102
vt 0.283673 0.482947
vt 0.166829 0.366104
vt 0.182828 0.382102
vt 0.194652 0.407744
vt 0.236293 0.435567
vt 0.285411 0.445337
vt 0.264508 0.436679
vt 0.143622 0.526103
vt 0.126189 0.509565
vt 0.110612 0.480139
vt 0.117711 0.375874
vt 0.295181 0.494456
vt 0.152807 0.352081
vt 0.303732 0.452926
vt 0.190417 0.350343
vt 0.199075 0.371246
vt 0.200187 0.399461
vt 0.241827 0.427284
vt 0.290945 0.417514
vt 0.268320 0.417514
vt 0.140381 0.531668
vt 0.118141 0.517613
vt 0.109651 0.492132
vt 0.141298 0.340573
vt 0.298442 0.497717
vt 0.262493 0.521953
vt 0.318768 0.459155
vt 0.182828 0.332022
vt 0.310776 0.417514
vt 0.218240 0.344809
vt 0.218240 0.367434
vt 0.208470 0.393927
vt 0.243771 0.417514
vt 0.285411 0.389691
vt 0.264508 0.398349
vt 0.104086 0.495373
vt 0.176599 0.316986
vt 0.322678 0.461767
vt 0.305561 0.504835
vt 0.280864 0.525142
vt 0.327051 0.417514
vt 0.218240 0.324978
vt 0.303732 0.382102
vt 0.246063 0.350343
vt 0.237405 0.371246
vt 0.218240 0.391984
vt 0.241827 0.407744
vt 0.269650 0.366104
vt 0.253652 0.382102
vt 0.218240 0.308703
vt 0.325868 0.480139
vt 0.310290 0.509565
vt 0.292858 0.526103
vt 0.318768 0.375874
vt 0.253652 0.332022
vt 0.283673 0.352081
vt 0.228010 0.393927
vt 0.236293 0.399461
vt 0.175414 0.311027
vt 0.218240 0.302744
vt 0.259880 0.316986
vt 0.326829 0.492132
vt 0.318338 0.517613
vt 0.296098 0.531668
vt 0.295181 0.340573
vt 0.182018 0.298153
vt 0.218240 0.293301
vt 0.261065 0.311027
vt 0.332393 0.495373
vt 0.193992 0.291200
vt 0.218240 0.290496
vt 0.254461 0.298153
vt 0.191338 0.278499
vt 0.218240 0.273197
vt 0.242487 0.291200
vt 0.245141 0.278499
vt 0.795708 0.887802
vt 0.784910 0.895017
vt 0.780555 0.884503
vt 0.787661 0.879755
vt 0.772174 0.897550
vt 0.772174 0.886170
vt 0.802923 0.877004
vt 0.792408 0.872649
vt 0.759437 0.895017
vt 0.763792 0.884502
vt 0.805456 0.864268
vt 0.794076 0.864268
vt 0.748639 0.887802
vt 0.756686 0.879755
vt 0.802923 0.851531
vt 0.792408 0.855886
vt 0.741424 0.877004
vt 0.751939 0.872649
vt 0.795708 0.840733
vt 0.787661 0.848780
vt 0.738891 0.864268
vt 0.750271 0.864268
vt 0.784910 0.833518
vt 0.780555 0.844033
vt 0.741424 0.851531
vt 0.751939 0.855886
vt 0.772174 0.830985
vt 0.772174 0.842365
vt 0.748639 0.840733
vt 0.756686 0.848780
vt 0.759437 0.833518
vt 0.763792 0.844033
vt 0.797980 0.957182
vt 0.776050 0.926562
vt 0.778461 0.924151
vt 0.801070 0.954611
vt 0.745430 0.904631
vt 0.748000 0.901542
vt 0.782659 0.919952
vt 0.800674 0.941481
vt 0.761130 0.901937
vt 0.784208 0.918403
vt 0.798969 0.933976
vt 0.768636 0.903643
vt 0.686744 0.908633
vt 0.708674 0.939253
vt 0.706263 0.941664
vt 0.683654 0.911203
vt 0.739294 0.961183
vt 0.736724 0.964273
vt 0.702065 0.945863
vt 0.684050 0.924333
vt 0.723594 0.963877
vt 0.700516 0.947411
vt 0.685756 0.931839
vt 0.716088 0.962172
vt 0.276104 0.855599
vt 0.269972 0.893036
vt 0.265702 0.893036
vt 0.271889 0.855107
vt 0.276104 0.930474
vt 0.271889 0.930966
vt 0.256089 0.893036
vt 0.262204 0.861010
vt 0.262204 0.925063
vt 0.255551 0.893036
vt 0.256749 0.870385
vt 0.256749 0.915688
vt 0.424087 0.740581
vt 0.409272 0.757022
vt 0.407269 0.757687
vt 0.404967 0.755228
vt 0.405494 0.752809
vt 0.420229 0.736458
vt 0.418678 0.755268
vt 0.428071 0.744838
vt 0.407760 0.758597
vt 0.407284 0.759228
vt 0.359993 0.805162
vt 0.362928 0.808450
vt 0.403899 0.754474
vt 0.406916 0.742473
vt 0.416220 0.732173
vt 0.419091 0.756574
vt 0.428716 0.745906
vt 0.359017 0.804339
vt 0.335648 0.838686
vt 0.332630 0.835487
vt 0.405540 0.742082
vt 0.415164 0.731412
vt 0.331684 0.834636
vt 0.331699 0.836396
vt 0.333848 0.838700
vt 0.159357 0.887213
vt 0.144794 0.870591
vt 0.144806 0.868623
vt 0.146804 0.866488
vt 0.148630 0.866441
vt 0.163216 0.883089
vt 0.146235 0.881306
vt 0.155323 0.891524
vt 0.143822 0.869494
vt 0.103666 0.817069
vt 0.101514 0.819368
vt 0.147674 0.865364
vt 0.158272 0.868291
vt 0.167171 0.878862
vt 0.145365 0.881853
vt 0.154405 0.892288
vt 0.101209 0.820821
vt 0.105105 0.816739
vt 0.075884 0.789413
vt 0.077992 0.787168
vt 0.158919 0.867360
vt 0.167953 0.877789
vt 0.079309 0.786611
vt 0.669012 0.840411
vt 0.643087 0.873944
vt 0.637984 0.869989
vt 0.663965 0.836392
vt 0.619261 0.904725
vt 0.614158 0.900771
vt 0.908790 0.903915
vt 0.926647 0.926960
vt 0.921544 0.930914
vt 0.903687 0.907869
vt 0.933444 0.946273
vt 0.938547 0.942319
vt 0.893813 0.883524
vt 0.888710 0.887478
vt 0.858763 0.880276
vt 0.846494 0.864442
vt 0.854411 0.858308
vt 0.866680 0.874142
vt 0.855126 0.879633
vt 0.845150 0.866759
vt 0.836060 0.834625
vt 0.828143 0.840760
vt 0.827254 0.843663
vt 0.820867 0.813955
vt 0.812951 0.820089
vt 0.382183 0.884283
vt 0.357852 0.915684
vt 0.349935 0.909550
vt 0.374266 0.878149
vt 0.349100 0.906575
vt 0.372909 0.875849
vt 0.408403 0.850409
vt 0.400567 0.844168
vt 0.398467 0.842691
vt 0.578788 0.882898
vt 0.572224 0.877813
vt 0.598388 0.844003
vt 0.604872 0.849167
vt 0.554457 0.914299
vt 0.547893 0.909213
vt 0.581340 0.883656
vt 0.606652 0.850780
vt 0.557545 0.914365
vt 0.975843 0.853631
vt 0.969279 0.858717
vt 0.950929 0.835035
vt 0.957491 0.829950
vt 0.981548 0.874551
vt 0.988112 0.869465
vt 0.935735 0.814364
vt 0.942295 0.809282
vt 0.978422 0.852909
vt 0.960526 0.829814
vt 0.988397 0.865783
vt 0.262520 0.847069
vt 0.247699 0.830635
vt 0.247244 0.828574
vt 0.249929 0.826540
vt 0.252280 0.827314
vt 0.267020 0.843659
vt 0.248472 0.840169
vt 0.257874 0.850590
vt 0.246292 0.828964
vt 0.245711 0.828430
vt 0.204913 0.776649
vt 0.201338 0.779227
vt 0.250792 0.825551
vt 0.262415 0.829797
vt 0.271697 0.840116
vt 0.247133 0.840440
vt 0.256749 0.851116
vt 0.205835 0.775759
vt 0.174088 0.748965
vt 0.177582 0.746296
vt 0.262950 0.828464
vt 0.272566 0.839140
vt 0.178530 0.745438
vt 0.176777 0.745271
vt 0.174264 0.747169
vt 0.094028 0.903858
vt 0.078966 0.920011
vt 0.077006 0.920201
vt 0.074675 0.918435
vt 0.074442 0.916626
vt 0.089527 0.900448
vt 0.089481 0.917477
vt 0.098733 0.907423
vt 0.077970 0.921085
vt 0.029880 0.966303
vt 0.032390 0.968204
vt 0.073464 0.917681
vt 0.075290 0.906854
vt 0.084913 0.896952
vt 0.090110 0.918280
vt 0.099583 0.908251
vt 0.033864 0.968353
vt 0.029400 0.964901
vt 0.005137 0.996637
vt 0.002686 0.994774
vt 0.074293 0.906301
vt 0.083759 0.896279
vt 0.001992 0.993517
vt 0.847830 0.293350
vt 0.850734 0.291566
vt 0.870632 0.323272
vt 0.867409 0.324544
vt 0.883768 0.360870
vt 0.880287 0.361490
vt 0.849216 0.318281
vt 0.850911 0.336860
vt 0.875706 0.323272
vt 0.888846 0.360870
vt 0.883175 0.409417
vt 0.879802 0.408506
vt 0.861513 0.366045
vt 0.811822 0.268146
vt 0.824710 0.270502
vt 0.888239 0.409417
vt 0.870825 0.458101
vt 0.867501 0.457093
vt 0.861956 0.399691
vt 0.875901 0.458101
vt 0.853008 0.497186
vt 0.850036 0.495407
vt 0.849618 0.448376
vt 0.858085 0.497187
vt 0.838526 0.476086
vt 0.819294 0.519473
vt 0.807091 0.500694
vt 0.786539 0.529256
vt 0.788187 0.505195
vt 0.437201 0.815276
vt 0.437292 0.813739
vt 0.440067 0.813895
vt 0.439991 0.815414
vt 0.436050 0.814740
vt 0.440367 0.775367
vt 0.443205 0.775522
vt 0.441138 0.814993
vt 0.439345 0.826628
vt 0.436602 0.826478
vt 0.435440 0.825870
vt 0.439193 0.776205
vt 0.444263 0.745056
vt 0.446897 0.745200
vt 0.444281 0.776423
vt 0.440523 0.826192
vt 0.438889 0.835786
vt 0.436055 0.835536
vt 0.434851 0.836622
vt 0.449392 0.731975
vt 0.448154 0.744504
vt 0.443064 0.744245
vt 0.444304 0.731697
vt 0.439996 0.835824
vt 0.453956 0.742557
vt 0.454711 0.732266
vt 0.448048 0.746330
vt 0.442958 0.746127
vt 0.437989 0.741711
vt 0.439088 0.731412
vt 0.454816 0.744139
vt 0.436938 0.743206
vt 0.453298 0.795562
vt 0.446585 0.796713
vt 0.449625 0.838893
vt 0.442960 0.839190
vt 0.533182 0.706488
vt 0.532695 0.668096
vt 0.539149 0.668096
vt 0.539636 0.706488
vt 0.532302 0.620079
vt 0.538756 0.620079
vt 0.535000 0.572491
vt 0.541453 0.572491
vt 0.538413 0.535659
vt 0.544867 0.535659
vt 0.444031 0.925992
vt 0.444260 0.919540
vt 0.446730 0.919596
vt 0.446501 0.926047
vt 0.437896 0.919540
vt 0.437896 0.925994
vt 0.435378 0.926004
vt 0.435378 0.919550
vt 0.188088 0.604963
vt 0.191509 0.567365
vt 0.201520 0.567365
vt 0.198088 0.604963
vt 0.204056 0.568639
vt 0.200634 0.605588
vt 0.185388 0.653510
vt 0.195351 0.653510
vt 0.202825 0.535659
vt 0.205350 0.537441
vt 0.197943 0.652552
vt 0.185786 0.702195
vt 0.195798 0.702195
vt 0.198336 0.701187
vt 0.186286 0.741280
vt 0.196298 0.741280
vt 0.198826 0.739500
vt 0.164820 0.702195
vt 0.173120 0.702195
vt 0.173621 0.741280
vt 0.165320 0.741280
vt 0.164442 0.653510
vt 0.172723 0.653510
vt 0.162397 0.701187
vt 0.162886 0.739500
vt 0.167119 0.604963
vt 0.175422 0.604963
vt 0.162001 0.652600
vt 0.170548 0.567365
vt 0.178843 0.567365
vt 0.164694 0.605584
vt 0.168117 0.568637
vt 0.169411 0.537443
vt 0.171848 0.535659
vt 0.786752 0.538069
vt 0.822053 0.538069
vt 0.817425 0.560694
vt 0.778201 0.560694
vt 0.814575 0.585244
vt 0.772935 0.585244
vt 0.813613 0.610775
vt 0.771157 0.610775
vt 0.751992 0.560694
vt 0.745112 0.585244
vt 0.814575 0.636305
vt 0.772935 0.636306
vt 0.742789 0.610775
vt 0.817425 0.660855
vt 0.778201 0.660855
vt 0.745112 0.636306
vt 0.822053 0.683480
vt 0.786752 0.683480
vt 0.751992 0.660855
vt 0.828543 0.533247
vt 0.863844 0.533247
vt 0.872395 0.555872
vt 0.833171 0.555872
vt 0.877661 0.580422
vt 0.836020 0.580422
vt 0.898604 0.555872
vt 0.905484 0.580422
vt 0.879439 0.605953
vt 0.836983 0.605953
vt 0.907807 0.605953
vt 0.877661 0.631483
vt 0.836020 0.631483
vt 0.905484 0.631483
vt 0.872395 0.656033
vt 0.833171 0.656033
vt 0.898604 0.656033
vt 0.863844 0.678658
vt 0.828543 0.678658
vt 0.151005 0.617499
vt 0.151005 0.659139
vt 0.128380 0.659139
vt 0.128380 0.612871
vt 0.151005 0.700779
vt 0.128380 0.705407
vt 0.103830 0.659139
vt 0.103830 0.610021
vt 0.130369 0.610151
vt 0.153470 0.614886
vt 0.153470 0.703392
vt 0.130369 0.708127
vt 0.103830 0.708257
vt 0.078299 0.659139
vt 0.078299 0.609059
vt 0.104842 0.607139
vt 0.134505 0.591799
vt 0.154607 0.596515
vt 0.154607 0.721764
vt 0.134505 0.726480
vt 0.104842 0.711139
vt 0.078299 0.709220
vt 0.052769 0.659139
vt 0.052769 0.610021
vt 0.078299 0.606123
vt 0.106966 0.587709
vt 0.135179 0.581281
vt 0.151216 0.584521
vt 0.151216 0.733757
vt 0.135179 0.736998
vt 0.106966 0.730570
vt 0.078299 0.712156
vt 0.052769 0.708257
vt 0.028219 0.659139
vt 0.028219 0.612871
vt 0.051756 0.607139
vt 0.078299 0.586323
vt 0.107732 0.576718
vt 0.107732 0.741560
vt 0.078299 0.731956
vt 0.051756 0.711139
vt 0.028219 0.705407
vt 0.005594 0.659139
vt 0.005594 0.617499
vt 0.026229 0.610151
vt 0.049632 0.587709
vt 0.078299 0.575129
vt 0.136926 0.559041
vt 0.108140 0.552870
vt 0.136926 0.759238
vt 0.108140 0.765408
vt 0.078299 0.743149
vt 0.049632 0.730570
vt 0.026229 0.708127
vt 0.005594 0.700779
vt 0.003129 0.614886
vt 0.022094 0.591799
vt 0.048867 0.576718
vt 0.078299 0.550796
vt 0.078299 0.767483
vt 0.048867 0.741560
vt 0.022094 0.726480
vt 0.003129 0.703392
vt 0.001992 0.596515
vt 0.021419 0.581281
vt 0.048459 0.552870
vt 0.107732 0.537999
vt 0.078299 0.535659
vt 0.107732 0.780280
vt 0.078299 0.782619
vt 0.048459 0.765408
vt 0.021419 0.736998
vt 0.001992 0.721764
vt 0.005382 0.584521
vt 0.019673 0.559041
vt 0.048867 0.537999
vt 0.048867 0.780280
vt 0.019673 0.759238
vt 0.005382 0.733757
vt 0.568226 0.563031
vt 0.595127 0.562944
vt 0.595127 0.592256
vt 0.566355 0.592309
vt 0.622028 0.563031
vt 0.623899 0.592309
vt 0.595127 0.622667
vt 0.565793 0.622667
vt 0.552621 0.593382
vt 0.555096 0.565206
vt 0.635158 0.565206
vt 0.637632 0.593382
vt 0.624461 0.622667
vt 0.595127 0.653078
vt 0.566355 0.653025
vt 0.551791 0.622667
vt 0.558905 0.540816
vt 0.570879 0.538069
vt 0.638462 0.622667
vt 0.631348 0.540816
vt 0.619374 0.538069
vt 0.623899 0.653025
vt 0.595127 0.682390
vt 0.568226 0.682303
vt 0.552621 0.651952
vt 0.637632 0.651952
vt 0.622028 0.682303
vt 0.555096 0.680128
vt 0.635158 0.680128
vt 0.558905 0.704518
vt 0.570879 0.707265
vt 0.631348 0.704518
vt 0.619374 0.707265
vt 0.813359 0.932291
vt 0.813359 0.945028
vt 0.807205 0.945028
vt 0.807205 0.932291
vt 0.813359 0.955825
vt 0.807205 0.955825
vt 0.813359 0.919554
vt 0.807205 0.919554
vt 0.813359 0.963040
vt 0.807205 0.963040
vt 0.813359 0.908756
vt 0.807205 0.908756
vt 0.813359 0.901542
vt 0.807205 0.901542
vt 0.825649 0.915017
vt 0.825649 0.927753
vt 0.819495 0.927753
vt 0.819495 0.915017
vt 0.825649 0.938551
vt 0.819495 0.938551
vt 0.825649 0.902280
vt 0.819495 0.902280
vt 0.825649 0.945766
vt 0.819495 0.945766
vt 0.825649 0.891482
vt 0.819495 0.891482
vt 0.825649 0.884267
vt 0.819495 0.884267
vt 0.559279 0.938591
vt 0.559279 0.930209
vt 0.566616 0.930209
vt 0.566616 0.938591
vt 0.559279 0.923104
vt 0.566616 0.923104
vt 0.559279 0.946973
vt 0.566616 0.946973
vt 0.559279 0.918356
vt 0.566616 0.918356
vt 0.559279 0.954078
vt 0.566616 0.954078
vt 0.559279 0.958826
vt 0.566616 0.958826
vt 0.572751 0.938591
vt 0.572751 0.930209
vt 0.580087 0.930209
vt 0.580087 0.938591
vt 0.572751 0.923104
vt 0.580087 0.923104
vt 0.572751 0.946973
vt 0.580087 0.946973
vt 0.572751 0.918356
vt 0.580087 0.918356
vt 0.572751 0.954078
vt 0.580087 0.954078
vt 0.572751 0.958826
vt 0.580087 0.958826
vt 0.677289 0.946926
vt 0.677167 0.960414
vt 0.674146 0.960166
vt 0.674274 0.947035
vt 0.676602 0.963072
vt 0.673605 0.962736
vt 0.677519 0.939150
vt 0.674532 0.939530
vt 0.676922 0.923527
vt 0.673936 0.923957
vt 0.677519 0.908716
vt 0.674532 0.909197
vt 0.667117 0.911374
vt 0.667240 0.924863
vt 0.664225 0.924753
vt 0.664097 0.911623
vt 0.667469 0.932639
vt 0.664483 0.932259
vt 0.666553 0.908716
vt 0.663555 0.909053
vt 0.666873 0.948262
vt 0.663886 0.947831
vt 0.667469 0.963073
vt 0.664482 0.962592
vt 0.326558 0.842780
vt 0.326511 0.879976
vt 0.323764 0.879976
vt 0.323811 0.842539
vt 0.326558 0.917172
vt 0.323811 0.917414
vt 0.577336 0.832400
vt 0.575576 0.832400
vt 0.575361 0.822253
vt 0.577110 0.821727
vt 0.573272 0.832224
vt 0.573138 0.822185
vt 0.575169 0.809826
vt 0.576903 0.809318
vt 0.607107 0.801905
vt 0.607633 0.831445
vt 0.572909 0.809772
vt 0.575636 0.808142
vt 0.607044 0.766474
vt 0.651604 0.781154
vt 0.657498 0.828255
vt 0.573391 0.808068
vt 0.605591 0.765518
vt 0.655717 0.725357
vt 0.669891 0.827674
vt 0.663976 0.779627
vt 0.668076 0.722677
vt 0.680560 0.827201
vt 0.674547 0.773903
vt 0.656814 0.723330
vt 0.667529 0.720957
vt 0.678510 0.711256
vt 0.941166 0.025410
vt 0.944069 0.027191
vt 0.923721 0.058390
vt 0.920495 0.057116
vt 0.942686 0.052125
vt 0.940198 0.070704
vt 0.907256 0.095338
vt 0.903766 0.094713
vt 0.967166 0.004346
vt 0.980040 0.001989
vt 0.926010 0.099889
vt 0.904574 0.142302
vt 0.901085 0.143261
vt 0.897638 0.094713
vt 0.914362 0.057116
vt 0.922304 0.133535
vt 0.916765 0.190937
vt 0.913440 0.191945
vt 0.894981 0.143261
vt 0.934628 0.182219
vt 0.934124 0.229250
vt 0.931149 0.231030
vt 0.907306 0.191945
vt 0.945621 0.209930
vt 0.925015 0.231030
vt 0.977021 0.234538
vt 0.964850 0.253331
vt 0.997429 0.240093
vt 0.998008 0.264154
vt 0.994912 0.804056
vt 0.993116 0.805290
vt 0.993773 0.793378
vt 0.995483 0.794018
vt 0.962855 0.804345
vt 0.964502 0.773565
vt 0.994443 0.781047
vt 0.996138 0.781608
vt 0.996810 0.804246
vt 0.997322 0.794100
vt 0.913651 0.801063
vt 0.913117 0.799851
vt 0.922941 0.752763
vt 0.965827 0.738207
vt 0.995700 0.779903
vt 0.998008 0.781676
vt 0.911512 0.750876
vt 0.901641 0.798868
vt 0.918607 0.697042
vt 0.997563 0.779991
vt 0.907227 0.693967
vt 0.901126 0.745138
vt 0.890965 0.798374
vt 0.917552 0.694953
vt 0.907781 0.692281
vt 0.897205 0.682649
vt 0.721313 0.025410
vt 0.724346 0.027191
vt 0.708401 0.058390
vt 0.705118 0.057116
vt 0.723276 0.052125
vt 0.721145 0.070704
vt 0.694728 0.095338
vt 0.691240 0.094713
vt 0.742210 0.004346
vt 0.752167 0.001989
vt 0.709237 0.099889
vt 0.691810 0.142302
vt 0.688308 0.143261
vt 0.683325 0.094713
vt 0.697193 0.057116
vt 0.705523 0.133535
vt 0.701239 0.190937
vt 0.697880 0.191945
vt 0.680422 0.143261
vt 0.715056 0.182219
vt 0.714643 0.229250
vt 0.711554 0.231030
vt 0.689955 0.191945
vt 0.723535 0.209930
vt 0.703629 0.231030
vt 0.747822 0.234538
vt 0.738408 0.253331
vt 0.763917 0.240093
vt 0.764088 0.264154
vt 0.483027 0.840012
vt 0.482316 0.838921
vt 0.491766 0.796435
vt 0.530218 0.808116
vt 0.528987 0.835898
vt 0.483413 0.794585
vt 0.473929 0.837889
vt 0.486416 0.746127
vt 0.530926 0.776205
vt 0.566268 0.825870
vt 0.565768 0.836622
vt 0.478097 0.743206
vt 0.470654 0.789452
vt 0.460951 0.837488
vt 0.531606 0.775367
vt 0.486222 0.745056
vt 0.566773 0.814740
vt 0.465629 0.733036
vt 0.477889 0.741711
vt 0.465411 0.731412
vt 0.284022 0.743285
vt 0.284210 0.741703
vt 0.296574 0.731412
vt 0.296498 0.733011
vt 0.291460 0.789575
vt 0.278701 0.794708
vt 0.301170 0.837645
vt 0.288192 0.838039
vt 0.143294 0.927502
vt 0.187862 0.897409
vt 0.182505 0.947792
vt 0.144052 0.959473
vt 0.142535 0.926601
vt 0.187908 0.896279
vt 0.191952 0.990270
vt 0.145246 0.986132
vt 0.107915 0.977271
vt 0.107430 0.966072
vt 0.108391 0.986903
vt 0.672279 0.268976
vt 0.629543 0.258542
vt 0.630516 0.256226
vt 0.672886 0.266507
vt 0.589832 0.233933
vt 0.591604 0.232218
vt 0.567378 0.194848
vt 0.569691 0.193826
vt 0.551791 0.146164
vt 0.554273 0.145810
vt 0.553017 0.097616
vt 0.555425 0.098221
vt 0.571814 0.060019
vt 0.573939 0.061389
vt 0.597434 0.028313
vt 0.599206 0.030115
vt 0.627385 0.004888
vt 0.628350 0.007148
vt 0.647409 0.001989
vt 0.647773 0.004507
vt 0.152809 0.258542
vt 0.109987 0.269205
vt 0.109379 0.266736
vt 0.151836 0.256226
vt 0.192520 0.233933
vt 0.190748 0.232218
vt 0.214973 0.194848
vt 0.212660 0.193826
vt 0.230560 0.146164
vt 0.228078 0.145810
vt 0.229334 0.097616
vt 0.226927 0.098221
vt 0.210538 0.060019
vt 0.208413 0.061389
vt 0.184917 0.028313
vt 0.183145 0.030115
vt 0.154967 0.004888
vt 0.154002 0.007148
vt 0.134942 0.001989
vt 0.134578 0.004507
vt 0.689850 0.272968
vt 0.706131 0.275324
vt 0.735339 0.298172
vt 0.737090 0.323103
vt 0.760558 0.329366
vt 0.739716 0.341682
vt 0.779032 0.366313
vt 0.755306 0.370868
vt 0.780404 0.413329
vt 0.757859 0.404513
vt 0.764864 0.461916
vt 0.742272 0.453198
vt 0.742854 0.500229
vt 0.728313 0.480908
vt 0.704018 0.524296
vt 0.688602 0.505517
vt 0.662543 0.534078
vt 0.663973 0.510018
vt 0.815215 0.052125
vt 0.816964 0.027191
vt 0.846173 0.004346
vt 0.862454 0.001989
vt 0.812588 0.070704
vt 0.791750 0.058390
vt 0.796998 0.099889
vt 0.773288 0.095338
vt 0.794445 0.133535
vt 0.772023 0.142302
vt 0.810032 0.182219
vt 0.787440 0.190937
vt 0.823991 0.209930
vt 0.809451 0.229250
vt 0.863702 0.234538
vt 0.848309 0.253331
vt 0.888728 0.240093
vt 0.890158 0.264154
vt 0.361686 0.600288
vt 0.361686 0.641928
vt 0.339061 0.641928
vt 0.339061 0.595660
vt 0.361686 0.683568
vt 0.339061 0.688196
vt 0.314512 0.641928
vt 0.314512 0.592810
vt 0.341051 0.592940
vt 0.364152 0.597675
vt 0.361686 0.718869
vt 0.339061 0.727421
vt 0.314512 0.691046
vt 0.288981 0.641928
vt 0.288981 0.591848
vt 0.315524 0.589928
vt 0.345187 0.574588
vt 0.365288 0.579304
vt 0.288981 0.692008
vt 0.263450 0.641928
vt 0.263450 0.592810
vt 0.288981 0.588912
vt 0.317648 0.570498
vt 0.345861 0.564070
vt 0.361898 0.567310
vt 0.263450 0.691046
vt 0.238901 0.641928
vt 0.238901 0.595660
vt 0.262438 0.589928
vt 0.288981 0.569112
vt 0.318413 0.559507
vt 0.238901 0.688196
vt 0.216276 0.641928
vt 0.216276 0.600288
vt 0.236911 0.592940
vt 0.260314 0.570498
vt 0.288981 0.557918
vt 0.347607 0.541830
vt 0.318821 0.535659
vt 0.216276 0.683568
vt 0.213810 0.597675
vt 0.232775 0.574588
vt 0.259549 0.559507
vt 0.238901 0.727421
vt 0.216276 0.718869
vt 0.212674 0.579304
vt 0.232101 0.564070
vt 0.216064 0.567310
vt 0.259141 0.535659
vt 0.230355 0.541830
vt 0.521500 0.544210
vt 0.521500 0.579511
vt 0.498875 0.574884
vt 0.498875 0.535659
vt 0.521500 0.621152
vt 0.498875 0.621152
vt 0.521500 0.662792
vt 0.498875 0.667420
vt 0.474326 0.621152
vt 0.474326 0.572034
vt 0.523966 0.665405
vt 0.500865 0.670140
vt 0.474326 0.670270
vt 0.448795 0.621152
vt 0.448795 0.571071
vt 0.525102 0.683776
vt 0.505001 0.688492
vt 0.475338 0.673152
vt 0.448795 0.671232
vt 0.423264 0.621152
vt 0.423264 0.572034
vt 0.521712 0.695770
vt 0.505675 0.699010
vt 0.477462 0.692582
vt 0.448795 0.674168
vt 0.423264 0.670270
vt 0.398715 0.621152
vt 0.398715 0.574884
vt 0.478227 0.703573
vt 0.448795 0.693968
vt 0.422252 0.673152
vt 0.398715 0.667420
vt 0.376090 0.621152
vt 0.376090 0.579511
vt 0.507421 0.721250
vt 0.478635 0.727421
vt 0.448795 0.705162
vt 0.420128 0.692582
vt 0.396725 0.670140
vt 0.376090 0.662792
vt 0.398715 0.535659
vt 0.376090 0.544210
vt 0.419363 0.703573
vt 0.392589 0.688492
vt 0.373624 0.665405
vt 0.391915 0.699010
vt 0.372488 0.683776
vt 0.418955 0.727421
vt 0.390169 0.721250
vt 0.375878 0.695770
vt 0.553144 0.931093
vt 0.553144 0.943829
vt 0.546990 0.943829
vt 0.546990 0.931093
vt 0.553144 0.918356
vt 0.546990 0.918356
vt 0.540854 0.932235
vt 0.540854 0.944972
vt 0.534700 0.944972
vt 0.534700 0.932235
vt 0.540854 0.919498
vt 0.534700 0.919498
vt 0.466337 0.927922
vt 0.466337 0.919540
vt 0.473673 0.919540
vt 0.473673 0.927922
vt 0.466337 0.936304
vt 0.473673 0.936304
vt 0.452865 0.927922
vt 0.452865 0.919540
vt 0.460201 0.919540
vt 0.460201 0.927922
vt 0.452865 0.936304
vt 0.460201 0.936304
vt 0.656514 0.569840
vt 0.645341 0.547215
vt 0.651300 0.544030
vt 0.662718 0.567269
vt 0.664174 0.538069
vt 0.676245 0.562459
vt 0.663394 0.594389
vt 0.669967 0.593082
vt 0.684308 0.590635
vt 0.665717 0.619920
vt 0.672414 0.619920
vt 0.687027 0.619920
vt 0.663394 0.645451
vt 0.669967 0.646759
vt 0.684308 0.649206
vt 0.656514 0.670001
vt 0.662718 0.672571
vt 0.676245 0.677381
vt 0.645341 0.692626
vt 0.651300 0.695811
vt 0.664174 0.701771
vt 0.735751 0.547215
vt 0.724578 0.569840
vt 0.718374 0.567269
vt 0.729792 0.544030
vt 0.717698 0.594389
vt 0.711125 0.593082
vt 0.704847 0.562459
vt 0.716918 0.538069
vt 0.715375 0.619920
vt 0.708678 0.619920
vt 0.696784 0.590635
vt 0.717698 0.645451
vt 0.711125 0.646759
vt 0.694065 0.619920
vt 0.724578 0.670001
vt 0.718374 0.672571
vt 0.696784 0.649206
vt 0.735751 0.692626
vt 0.729792 0.695811
vt 0.704847 0.677381
vt 0.716918 0.701771
vt 0.528212 0.922156
vt 0.528335 0.935645
vt 0.525320 0.935535
vt 0.525192 0.922405
vt 0.528565 0.943421
vt 0.525578 0.943041
vt 0.527648 0.919498
vt 0.524650 0.919835
vt 0.518285 0.927274
vt 0.518163 0.940763
vt 0.515142 0.940514
vt 0.515270 0.927384
vt 0.517598 0.943421
vt 0.514600 0.943084
vt 0.518515 0.919498
vt 0.515528 0.919878
vt 0.502257 0.936052
vt 0.499951 0.940154
vt 0.497204 0.938853
vt 0.499571 0.934638
vt 0.506632 0.926577
vt 0.504063 0.924953
vt 0.508465 0.921219
vt 0.505953 0.919498
vt 0.482555 0.919498
vt 0.484861 0.923600
vt 0.482174 0.925014
vt 0.479808 0.920799
vt 0.489236 0.933075
vt 0.486667 0.934699
vt 0.491069 0.938433
vt 0.488557 0.940154
vt 0.883721 0.808722
vt 0.881922 0.809964
vt 0.882513 0.798050
vt 0.884243 0.798683
vt 0.854641 0.809061
vt 0.856124 0.778275
vt 0.883116 0.785716
vt 0.884830 0.786270
vt 0.810285 0.805848
vt 0.809809 0.804636
vt 0.818892 0.757524
vt 0.857320 0.742912
vt 0.884433 0.784566
vt 0.807603 0.755678
vt 0.798478 0.803695
vt 0.814751 0.701810
vt 0.803506 0.698777
vt 0.798240 0.749954
vt 0.788853 0.803216
vt 0.813794 0.699722
vt 0.804153 0.697086
vt 0.794472 0.687472
vt 0.622379 0.298172
vt 0.625414 0.296388
vt 0.640610 0.328094
vt 0.637327 0.329366
vt 0.649842 0.365692
vt 0.646359 0.366313
vt 0.623452 0.323103
vt 0.624557 0.341682
vt 0.647170 0.328094
vt 0.656408 0.365692
vt 0.648544 0.414239
vt 0.645140 0.413329
vt 0.631830 0.370868
vt 0.594508 0.272968
vt 0.604483 0.275324
vt 0.655092 0.414239
vt 0.638979 0.462924
vt 0.635619 0.461916
vt 0.631327 0.404513
vt 0.645542 0.462924
vt 0.625166 0.502009
vt 0.622078 0.500229
vt 0.621777 0.453198
vt 0.631729 0.502009
vt 0.613169 0.480908
vt 0.598283 0.524296
vt 0.588838 0.505517
vt 0.572971 0.534078
vt 0.574523 0.510018
vt 0.688681 0.826993
vt 0.686929 0.826989
vt 0.686788 0.816844
vt 0.688541 0.816322
vt 0.686695 0.804420
vt 0.688429 0.803915
vt 0.715690 0.796460
vt 0.715987 0.825996
vt 0.687123 0.802734
vt 0.715849 0.761035
vt 0.756146 0.775659
vt 0.760944 0.822736
vt 0.714375 0.760074
vt 0.759956 0.719855
vt 0.773102 0.822176
vt 0.768292 0.774153
vt 0.772095 0.717197
vt 0.782718 0.821688
vt 0.777851 0.768415
vt 0.760951 0.717826
vt 0.771466 0.715472
vt 0.781568 0.705763
vt 0.657420 0.908716
vt 0.657384 0.939282
vt 0.654386 0.939673
vt 0.654422 0.909053
vt 0.657420 0.961158
vt 0.654422 0.961604
vt 0.648251 0.909162
vt 0.648215 0.931037
vt 0.645217 0.930647
vt 0.645253 0.908716
vt 0.648251 0.961603
vt 0.645253 0.961267
vt 0.637883 0.931368
vt 0.639082 0.953863
vt 0.637361 0.954019
vt 0.636162 0.931368
vt 0.639082 0.908873
vt 0.637361 0.908716
vt 0.379582 0.258542
vt 0.345708 0.269205
vt 0.345203 0.266736
vt 0.378800 0.256226
vt 0.410983 0.233933
vt 0.409582 0.232218
vt 0.428692 0.194848
vt 0.426863 0.193826
vt 0.441017 0.146164
vt 0.439054 0.145810
vt 0.438360 0.097616
vt 0.436456 0.098221
vt 0.421636 0.060019
vt 0.419956 0.061389
vt 0.400966 0.028313
vt 0.399565 0.030115
vt 0.377283 0.004888
vt 0.376520 0.007148
vt 0.361450 0.001989
vt 0.361162 0.004507
vt 0.040210 0.258542
vt 0.006326 0.269205
vt 0.005868 0.266736
vt 0.039451 0.256226
vt 0.002449 0.268976
vt 0.001992 0.266507
vt 0.071645 0.233933
vt 0.070242 0.232218
vt 0.089461 0.194848
vt 0.087630 0.193826
vt 0.066295 0.232218
vt 0.083683 0.193826
vt 0.101799 0.146164
vt 0.099835 0.145810
vt 0.095888 0.145810
vt 0.102406 0.097616
vt 0.100500 0.098221
vt 0.096553 0.098221
vt 0.089265 0.060019
vt 0.087583 0.061389
vt 0.083636 0.061389
vt 0.069370 0.028313
vt 0.067967 0.030115
vt 0.045661 0.004888
vt 0.044897 0.007148
vt 0.029810 0.001989
vt 0.029522 0.004507
vt 0.025863 0.001989
vt 0.025575 0.004507
vt 0.269445 0.232218
vt 0.252164 0.193826
vt 0.256118 0.193826
vt 0.273399 0.232218
vt 0.268044 0.233933
vt 0.250335 0.194848
vt 0.239973 0.145810
vt 0.243927 0.145810
vt 0.238010 0.146164
vt 0.299444 0.258542
vt 0.300227 0.256226
vt 0.242571 0.098221
vt 0.246525 0.098221
vt 0.240667 0.097616
vt 0.333254 0.268976
vt 0.333759 0.266507
vt 0.259071 0.061389
vt 0.263025 0.061389
vt 0.257391 0.060019
vt 0.337273 0.269205
vt 0.337779 0.266736
vt 0.278061 0.028313
vt 0.279462 0.030115
vt 0.301743 0.004888
vt 0.302507 0.007148
vt 0.317577 0.001989
vt 0.317865 0.004507
vt 0.321532 0.001989
vt 0.321819 0.004507
vt 0.544506 0.268976
vt 0.510693 0.258542
vt 0.511452 0.256226
vt 0.544964 0.266507
vt 0.479258 0.233933
vt 0.480661 0.232218
vt 0.461442 0.194848
vt 0.463273 0.193826
vt 0.449104 0.146164
vt 0.451068 0.145810
vt 0.448497 0.097616
vt 0.450403 0.098221
vt 0.461637 0.060019
vt 0.463319 0.061389
vt 0.481533 0.028313
vt 0.482936 0.030115
vt 0.505242 0.004888
vt 0.506006 0.007148
vt 0.521093 0.001989
vt 0.521381 0.004507
vn -0.971157 -0.157839 0.178723
vn -0.920967 -0.244291 0.303549
vn -0.921023 -0.244215 0.303439
vn -0.971156 -0.157839 0.178723
vn -0.698192 -0.437702 0.566521
vn -0.698052 -0.437785 0.566628
vn -0.396735 -0.561217 0.726386
vn -0.396636 -0.561243 0.726420
vn -0.149990 -0.604476 0.782376
vn -0.144008 -0.605019 0.783080
vn 0.219680 -0.596457 0.771997
vn 0.237283 -0.593931 0.768728
vn 0.539218 -0.514894 0.666429
vn 0.544203 -0.512930 0.663887
vn 0.708030 -0.431754 0.558822
vn 0.708844 -0.431255 0.558175
vn 0.884635 -0.285082 0.368983
vn 0.884635 -0.285082 0.368983
vn 0.990884 -0.082364 0.106604
vn 0.990884 -0.082364 0.106604
vn -0.011261 0.789075 0.614194
vn -0.007254 0.789500 0.613707
vn -0.007264 0.789499 0.613708
vn -0.011261 0.789075 0.614194
vn 0.007276 -0.789514 -0.613690
vn 0.011277 -0.789107 -0.614153
vn 0.011277 -0.789107 -0.614153
vn 0.007274 -0.789514 -0.613689
vn 0.238954 -0.576587 0.781312
vn 0.238954 -0.576587 0.781312
vn 0.238954 -0.576587 0.781312
vn 0.238954 -0.576587 0.781312
vn -0.002359 0.790878 0.611969
vn -0.002359 0.790878 0.611969
vn 0.002359 -0.790877 -0.611970
vn 0.002359 -0.790877 -0.611970
vn -0.000623 0.791583 0.611061
vn -0.000623 0.791583 0.611061
vn 0.000623 -0.791583 -0.611061
vn 0.000623 -0.791583 -0.611061
vn -0.026691 0.790209 0.612256
vn -0.026672 0.790210 0.612256
vn 0.026691 -0.790209 -0.612256
vn 0.026671 -0.790210 -0.612256
vn -0.059685 0.780871 0.621834
vn -0.059686 0.780870 0.621836
vn 0.059685 -0.780872 -0.621834
vn 0.059686 -0.780870 -0.621836
vn -0.038738 0.778836 0.626030
vn -0.038718 0.778841 0.626025
vn 0.038739 -0.778838 -0.626028
vn 0.038718 -0.778843 -0.626023
vn -0.006551 0.788038 0.615592
vn -0.006557 0.788035 0.615596
vn 0.006552 -0.788040 -0.615589
vn 0.006559 -0.788036 -0.615594
vn 0.000000 0.791327 0.611393
vn 0.000000 0.791327 0.611393
vn 0.000000 -0.791328 -0.611392
vn 0.000000 -0.791328 -0.611392
vn -0.000000 -0.791328 -0.611392
vn -0.000000 -0.791328 -0.611392
vn -0.000001 0.791328 0.611392
vn -0.000001 0.791328 0.611392
vn -0.143202 -0.605090 0.783172
vn -0.143202 -0.605090 0.783172
vn -0.143202 -0.605090 0.783172
vn -0.143202 -0.605090 0.783172
vn 0.699819 -0.621463 -0.352190
vn 0.699819 -0.621463 -0.352190
vn 0.612816 -0.770125 -0.177101
vn 0.612815 -0.770125 -0.177100
vn 0.505251 -0.861877 -0.043475
vn 0.504841 -0.862134 -0.043134
vn 0.699819 0.497644 0.512448
vn 0.699819 0.497644 0.512448
vn 0.612896 0.365704 0.700442
vn 0.612896 0.365704 0.700442
vn 0.496303 0.255667 0.829649
vn 0.495906 0.255422 0.829962
vn 0.407944 -0.912654 0.025375
vn 0.407776 -0.912727 0.025472
vn 0.356038 0.193537 0.914210
vn 0.349828 0.191554 0.917021
vn 0.208954 -0.972534 0.102552
vn 0.200349 -0.974051 0.105280
vn 0.120429 0.144064 0.982213
vn 0.111989 0.142756 0.983402
vn -0.097833 -0.987619 0.122626
vn -0.072830 -0.989234 0.126931
vn -0.110254 0.138441 0.984214
vn -0.133174 0.142670 0.980770
vn -0.279492 -0.956883 0.079112
vn -0.279544 -0.956870 0.079094
vn -0.278104 0.170324 0.945330
vn -0.278183 0.170340 0.945304
vn -0.485709 -0.872990 -0.044440
vn -0.485803 -0.872935 -0.044512
vn -0.486619 0.263719 0.832859
vn -0.486712 0.263774 0.832788
vn -0.641641 -0.733438 -0.224422
vn -0.641606 -0.733494 -0.224341
vn -0.651186 0.386520 0.653115
vn -0.651121 0.386447 0.653223
vn -0.676385 -0.666200 -0.314135
vn -0.676385 -0.666200 -0.314135
vn -0.696264 0.439541 0.567469
vn -0.696264 0.439541 0.567468
vn 0.000000 -0.791328 -0.611392
vn 0.000000 -0.791328 -0.611392
vn 0.001986 -0.788952 -0.614452
vn 0.009508 -0.779818 -0.625934
vn -0.009508 0.779817 0.625935
vn -0.001986 0.788953 0.614451
vn 0.000000 0.791328 0.611391
vn 0.000000 0.791328 0.611391
vn 0.989693 -0.087553 0.113320
vn 0.884828 -0.284858 0.368694
vn 0.884828 -0.284858 0.368694
vn 0.989693 -0.087553 0.113320
vn 0.709725 -0.430712 0.557474
vn 0.710541 -0.430210 0.556823
vn 0.052739 -0.773469 -0.631637
vn 0.056204 -0.773180 -0.631692
vn 0.538097 -0.515332 0.666997
vn 0.543056 -0.513384 0.664475
vn -0.056201 0.773177 0.631695
vn -0.052731 0.773467 0.631639
vn 0.069900 -0.783213 -0.617812
vn 0.070287 -0.782169 -0.619089
vn 0.219667 -0.596459 0.771999
vn 0.236873 -0.593993 0.768807
vn -0.070309 0.782137 0.619127
vn -0.069928 0.783171 0.617862
vn 0.023193 -0.792371 -0.609598
vn 0.033267 -0.792690 -0.608716
vn -0.148512 -0.604612 0.782552
vn -0.142655 -0.605139 0.783234
vn -0.033270 0.792676 0.608735
vn -0.023198 0.792361 0.609611
vn 0.000613 -0.791611 -0.611025
vn 0.000647 -0.791626 -0.611005
vn -0.397929 -0.560902 0.725977
vn -0.397860 -0.560920 0.726000
vn -0.000648 0.791627 0.611005
vn -0.000615 0.791611 0.611025
vn 0.000589 -0.791599 -0.611040
vn 0.000754 -0.791676 -0.610941
vn -0.698661 -0.437423 0.566157
vn -0.698478 -0.437533 0.566298
vn -0.000754 0.791675 0.610942
vn -0.000588 0.791599 0.611040
vn 0.004258 -0.787527 -0.616266
vn 0.006849 -0.785191 -0.619215
vn -0.918959 -0.247121 0.307320
vn -0.918979 -0.247094 0.307282
vn -0.006919 0.785313 0.619061
vn -0.004423 0.787496 0.616304
vn 0.013801 -0.778843 -0.627067
vn 0.013801 -0.778843 -0.627067
vn -0.969411 -0.162074 0.184319
vn -0.969411 -0.162074 0.184319
vn -0.013938 0.779094 0.626752
vn -0.013938 0.779094 0.626752
vn -0.920789 -0.244513 0.303908
vn -0.920820 -0.244472 0.303849
vn -0.972060 -0.155592 0.175758
vn -0.972060 -0.155592 0.175758
vn -0.698663 -0.437422 0.566156
vn -0.698480 -0.437531 0.566297
vn -0.397880 -0.560915 0.725993
vn -0.397770 -0.560944 0.726031
vn -0.148444 -0.604619 0.782560
vn -0.142579 -0.605146 0.783243
vn 0.219523 -0.596478 0.772025
vn 0.236638 -0.594027 0.768853
vn 0.538056 -0.515348 0.667017
vn 0.543010 -0.513402 0.664499
vn 0.709738 -0.430705 0.557463
vn 0.710549 -0.430205 0.556816
vn 0.884834 -0.284852 0.368685
vn 0.884833 -0.284853 0.368687
vn 0.989693 -0.087553 0.113320
vn 0.989693 -0.087553 0.113320
vn -0.996720 -0.045151 0.067156
vn -0.992888 -0.008601 0.118743
vn -0.998142 0.041487 0.044630
vn -0.996081 0.038308 -0.079720
vn -0.999955 -0.003669 -0.008723
vn -0.997977 -0.044206 0.045701
vn 0.812704 0.551435 -0.188233
vn 0.808045 0.560750 -0.180615
vn 0.818100 0.545754 -0.181285
vn 0.839093 0.543598 0.020571
vn 0.825574 0.563212 0.034922
vn 0.835337 0.549166 0.025079
vn -0.056932 -0.050421 0.997104
vn 0.056763 0.053568 0.996950
vn 0.048198 0.063076 0.996844
vn 0.060088 -0.054997 0.996677
vn -0.061831 -0.047027 0.996978
vn -0.984944 0.048707 -0.165868
vn -0.113115 0.053334 -0.992149
vn -0.155097 0.222637 -0.962485
vn -0.989211 0.005092 -0.146408
vn -0.113838 0.039920 -0.992697
vn -0.162170 0.942969 -0.290706
vn -0.058990 0.950620 -0.304699
vn -0.056773 0.042695 -0.997474
vn -0.135342 -0.017746 0.990640
vn -0.131620 0.952713 0.273888
vn 0.055358 -0.009650 0.998420
vn -0.030650 0.973401 0.227050
vn 0.755141 0.629490 0.183042
vn 0.074843 -0.037283 0.996498
vn 0.108501 0.233316 0.966329
vn 0.664810 0.708197 0.237666
vn 0.083260 0.012197 0.996453
vn 0.006591 0.973331 0.229312
vn 0.616802 0.706703 -0.346593
vn -0.021943 0.948535 -0.315912
vn 0.713000 0.628136 -0.311570
vn -0.004167 0.097082 -0.995268
vn -0.029603 0.064350 -0.997488
vn 0.036613 0.325249 -0.944920
vn -0.154863 0.253224 -0.954932
vn -0.992674 0.003837 -0.120762
vn 0.058101 0.163404 0.984847
vn 0.774680 0.560865 0.292062
vn 0.715307 0.563689 -0.413026
vn 0.005344 0.242272 -0.970194
vn 0.081442 -0.000942 0.996678
vn 0.802176 0.555315 0.219407
vn -0.971310 -0.004400 0.237777
vn 0.013590 0.219854 0.975438
vn -0.978694 -0.043484 0.200669
vn 0.058562 -0.021023 0.998062
vn -0.112700 0.019258 -0.993442
vn -0.993938 -0.034905 -0.104256
vn 0.746427 0.557345 -0.363611
vn 0.021415 0.084710 -0.996176
vn -0.060985 0.189040 -0.980074
vn -0.059991 0.055267 -0.996668
vn 0.045740 0.289622 0.956047
vn 0.050387 -0.035276 0.998107
vn -0.050373 0.035290 -0.998107
vn -0.066559 0.326841 -0.942733
vn -0.971157 0.237454 0.021693
vn -0.920967 0.389241 0.017655
vn -0.921023 0.389108 0.017659
vn -0.971157 0.237454 0.021693
vn -0.698191 0.715678 0.018251
vn -0.698052 0.715814 0.018255
vn -0.396735 0.917635 0.023402
vn -0.396636 0.917678 0.023403
vn -0.149990 0.988366 0.025204
vn -0.144008 0.989255 0.025227
vn 0.219680 0.975255 0.024869
vn 0.237283 0.971125 0.024764
vn 0.539218 0.841892 0.021469
vn 0.544203 0.838681 0.021387
vn 0.708030 0.705953 0.018002
vn 0.708844 0.705136 0.017981
vn 0.884635 0.466132 0.011886
vn 0.884635 0.466132 0.011886
vn 0.990884 0.134671 0.003434
vn 0.990884 0.134671 0.003434
vn -0.011261 0.029087 -0.999513
vn -0.007255 0.028442 -0.999569
vn -0.007265 0.028443 -0.999569
vn -0.011261 0.029087 -0.999513
vn 0.007277 -0.028419 0.999570
vn 0.011278 -0.029036 0.999515
vn 0.011278 -0.029036 0.999515
vn 0.007275 -0.028418 0.999570
vn 0.238957 0.971024 0.003339
vn 0.238957 0.971024 0.003339
vn 0.238957 0.971024 0.003339
vn 0.238957 0.971024 0.003339
vn -0.002360 0.026224 -0.999653
vn -0.002360 0.026224 -0.999653
vn 0.002360 -0.026225 0.999653
vn 0.002360 -0.026225 0.999653
vn -0.000623 0.025075 -0.999685
vn -0.000623 0.025075 -0.999685
vn 0.000624 -0.025075 0.999685
vn 0.000623 -0.025075 0.999685
vn -0.026691 0.026852 -0.999283
vn -0.026672 0.026851 -0.999284
vn 0.026691 -0.026850 0.999283
vn 0.026672 -0.026849 0.999284
vn -0.059685 0.040097 -0.997412
vn -0.059686 0.040100 -0.997411
vn 0.059685 -0.040095 0.997412
vn 0.059686 -0.040098 0.997412
vn -0.038738 0.044682 -0.998250
vn -0.038717 0.044675 -0.998251
vn 0.038739 -0.044682 0.998250
vn 0.038718 -0.044674 0.998251
vn -0.006551 0.030823 -0.999503
vn -0.006558 0.030828 -0.999503
vn 0.006552 -0.030822 0.999503
vn 0.006558 -0.030827 0.999503
vn 0.000000 0.025493 -0.999675
vn 0.000000 0.025493 -0.999675
vn -0.000001 -0.025492 0.999675
vn -0.000001 -0.025492 0.999675
vn -0.000000 -0.025493 0.999675
vn -0.000000 -0.025493 0.999675
vn -0.000000 0.025493 -0.999675
vn -0.000000 0.025493 -0.999675
vn -0.143194 0.989373 0.025230
vn -0.143194 0.989373 0.025230
vn -0.143194 0.989373 0.025230
vn -0.143194 0.989373 0.025230
vn 0.699819 0.083201 0.709458
vn 0.699819 0.083201 0.709458
vn 0.612816 0.312300 0.725896
vn 0.612815 0.312301 0.725896
vn 0.505251 0.474318 0.720933
vn 0.504841 0.474746 0.720938
vn 0.699819 0.119252 -0.704296
vn 0.699819 0.119252 -0.704296
vn 0.612895 0.348877 -0.708974
vn 0.612896 0.348877 -0.708974
vn 0.496304 0.518138 -0.696574
vn 0.495907 0.518535 -0.696562
vn 0.407942 0.559865 0.721203
vn 0.407775 0.559986 0.721204
vn 0.356037 0.623069 -0.696435
vn 0.349828 0.626509 -0.696496
vn 0.208954 0.657509 0.723892
vn 0.200349 0.660607 0.723504
vn 0.120428 0.707163 -0.696719
vn 0.111988 0.708895 -0.696367
vn -0.097833 0.682621 0.724194
vn -0.072830 0.687048 0.722953
vn -0.110254 0.712102 -0.693365
vn -0.133175 0.706824 -0.694740
vn -0.279493 0.629355 0.725118
vn -0.279545 0.629332 0.725118
vn -0.278105 0.661893 -0.696100
vn -0.278183 0.661863 -0.696097
vn -0.485709 0.480107 0.730468
vn -0.485803 0.480016 0.730466
vn -0.486620 0.515970 -0.704965
vn -0.486713 0.515879 -0.704967
vn -0.641642 0.252444 0.724271
vn -0.641607 0.252542 0.724267
vn -0.651187 0.298400 -0.697792
vn -0.651122 0.298530 -0.697797
vn -0.676386 0.140336 0.723054
vn -0.676386 0.140336 0.723054
vn -0.696264 0.197976 -0.689943
vn -0.696264 0.197976 -0.689943
vn -0.000000 -0.025492 0.999675
vn -0.000000 -0.025492 0.999675
vn 0.001986 -0.029365 0.999567
vn 0.009508 -0.044026 0.998985
vn -0.009507 0.044027 -0.998985
vn -0.001986 0.029364 -0.999567
vn 0.000000 0.025492 -0.999675
vn 0.000000 0.025492 -0.999675
vn 0.989694 0.143156 0.003651
vn 0.884828 0.465766 0.011877
vn 0.884828 0.465766 0.011877
vn 0.989693 0.143156 0.003651
vn 0.709725 0.704250 0.017958
vn 0.710541 0.703427 0.017937
vn 0.052739 -0.052378 0.997234
vn 0.056204 -0.052593 0.997033
vn 0.538097 0.842609 0.021487
vn 0.543056 0.839424 0.021406
vn -0.056201 0.052597 -0.997033
vn -0.052731 0.052381 -0.997234
vn 0.069900 -0.035467 0.996923
vn 0.070287 -0.037115 0.996836
vn 0.219667 0.975258 0.024870
vn 0.236873 0.971225 0.024767
vn -0.070309 0.037164 -0.996833
vn -0.069928 0.035533 -0.996919
vn 0.023193 -0.023429 0.999456
vn 0.033267 -0.022529 0.999193
vn -0.148513 0.988589 0.025210
vn -0.142655 0.989451 0.025232
vn -0.033270 0.022552 -0.999192
vn -0.023198 0.023445 -0.999456
vn 0.000613 -0.025030 0.999687
vn 0.000647 -0.025005 0.999687
vn -0.397929 0.917118 0.023388
vn -0.397860 0.917148 0.023389
vn -0.000647 0.025004 -0.999687
vn -0.000615 0.025028 -0.999687
vn 0.000588 -0.025049 0.999686
vn 0.000754 -0.024924 0.999689
vn -0.698661 0.715220 0.018241
vn -0.698478 0.715399 0.018245
vn -0.000754 0.024924 -0.999689
vn -0.000588 0.025049 -0.999686
vn 0.004258 -0.031671 0.999489
vn 0.006849 -0.035430 0.999349
vn -0.918959 0.393955 0.017709
vn -0.918979 0.393909 0.017711
vn -0.006919 0.035234 -0.999355
vn -0.004423 0.031719 -0.999487
vn 0.013801 -0.045515 0.998868
vn 0.013801 -0.045515 0.998868
vn -0.969411 0.244471 0.021802
vn -0.969411 0.244471 0.021802
vn -0.013938 0.045113 -0.998885
vn -0.013938 0.045113 -0.998885
vn -0.920789 0.389662 0.017622
vn -0.920820 0.389589 0.017624
vn -0.972060 0.233734 0.021632
vn -0.972060 0.233734 0.021632
vn -0.698663 0.715219 0.018240
vn -0.698479 0.715398 0.018244
vn -0.397880 0.917139 0.023390
vn -0.397769 0.917187 0.023391
vn -0.148444 0.988599 0.025211
vn -0.142579 0.989462 0.025233
vn 0.219523 0.975290 0.024869
vn 0.236638 0.971282 0.024766
vn 0.538056 0.842635 0.021487
vn 0.543010 0.839454 0.021406
vn 0.709738 0.704237 0.017960
vn 0.710549 0.703419 0.017939
vn 0.884834 0.465755 0.011877
vn 0.884833 0.465758 0.011878
vn 0.989693 0.143156 0.003650
vn 0.989693 0.143156 0.003650
vn 0.973195 0.212474 -0.088009
vn 0.973195 0.162622 -0.162621
vn 0.958284 0.202105 -0.202104
vn 0.958284 0.264061 -0.109377
vn 0.973195 0.088010 -0.212474
vn 0.958284 0.109378 -0.264061
vn 0.973195 -0.000000 -0.229981
vn 0.958284 -0.000001 -0.285818
vn 0.973195 -0.088009 -0.212475
vn 0.958284 -0.109377 -0.264062
vn 0.973195 -0.162621 -0.162621
vn 0.958284 -0.202104 -0.202104
vn 0.973195 -0.212474 -0.088010
vn 0.958284 -0.264062 -0.109378
vn 0.973195 -0.229981 0.000000
vn 0.958284 -0.285819 -0.000000
vn 0.973195 -0.212475 0.088010
vn 0.958284 -0.264062 0.109378
vn 0.973195 -0.162621 0.162621
vn 0.958284 -0.202105 0.202104
vn 0.973195 -0.088010 0.212475
vn 0.958284 -0.109378 0.264062
vn 0.973195 -0.000000 0.229981
vn 0.958284 0.000000 0.285818
vn 0.973195 0.088010 0.212475
vn 0.958284 0.109378 0.264062
vn 0.973195 0.162622 0.162621
vn 0.958284 0.202105 0.202104
vn 0.973195 0.212475 0.088010
vn 0.958283 0.264063 0.109378
vn 0.973195 0.229981 0.000001
vn 0.958284 0.285818 0.000002
vn 0.835299 0.507946 -0.210398
vn 0.835298 0.388765 -0.388765
vn 0.817681 0.407061 -0.407061
vn 0.817681 0.531851 -0.220300
vn 0.835298 0.210399 -0.507946
vn 0.817681 0.220300 -0.531851
vn 0.835298 0.000000 -0.549797
vn 0.817681 0.000000 -0.575672
vn 0.835298 -0.210398 -0.507946
vn 0.817681 -0.220300 -0.531851
vn 0.835298 -0.388765 -0.388765
vn 0.817681 -0.407061 -0.407062
vn 0.835298 -0.507946 -0.210399
vn 0.817681 -0.531851 -0.220300
vn 0.835298 -0.549797 0.000000
vn 0.817681 -0.575672 -0.000000
vn 0.835298 -0.507946 0.210398
vn 0.817681 -0.531852 0.220300
vn 0.835298 -0.388765 0.388765
vn 0.817681 -0.407062 0.407061
vn 0.835298 -0.210398 0.507946
vn 0.817681 -0.220300 0.531851
vn 0.835298 -0.000000 0.549797
vn 0.817681 -0.000000 0.575672
vn 0.835298 0.210398 0.507946
vn 0.817681 0.220300 0.531851
vn 0.835298 0.388765 0.388765
vn 0.817681 0.407062 0.407061
vn 0.835298 0.507946 0.210398
vn 0.817681 0.531851 0.220300
vn 0.835298 0.549797 0.000001
vn 0.817681 0.575672 0.000001
vn 0.694084 0.509042 -0.509042
vn 0.694084 0.665095 -0.275491
vn 0.694084 0.275491 -0.665095
vn 0.694084 0.000000 -0.719894
vn 0.694084 -0.275491 -0.665095
vn 0.694084 -0.509042 -0.509042
vn 0.694084 -0.665095 -0.275492
vn 0.694084 -0.719894 -0.000000
vn 0.694084 -0.665095 0.275491
vn 0.694084 -0.509042 0.509042
vn 0.694084 -0.275492 0.665095
vn 0.694084 -0.000000 0.719894
vn 0.694084 0.275491 0.665095
vn 0.694084 0.509042 0.509042
vn 0.694084 0.665095 0.275491
vn 0.694084 0.719894 0.000000
vn 0.634394 0.546601 -0.546601
vn 0.571091 0.782312 -0.248684
vn 0.571091 0.248684 -0.782311
vn 0.544490 0.000000 -0.838767
vn 0.544490 -0.320982 -0.774920
vn 0.544490 -0.593098 -0.593098
vn 0.571091 -0.729023 -0.377332
vn 0.634394 -0.773010 -0.000000
vn 0.571091 -0.729024 0.377332
vn 0.544490 -0.593098 0.593098
vn 0.544490 -0.320982 0.774920
vn 0.544490 -0.000000 0.838767
vn 0.571091 0.248683 0.782312
vn 0.634393 0.546601 0.546601
vn 0.571091 0.782312 0.248684
vn 0.544490 0.838767 0.000000
vn 0.474824 0.800833 -0.364978
vn 0.513236 0.606872 -0.606873
vn 0.371717 0.656440 -0.656439
vn 0.354739 0.842366 -0.405686
vn 0.474823 0.364978 -0.800833
vn 0.354739 0.405687 -0.842365
vn 0.374615 0.000001 -0.927181
vn 0.368402 0.181370 -0.911803
vn 0.374615 -0.354816 -0.856603
vn 0.374615 -0.655615 -0.655616
vn 0.368402 -0.772989 -0.516496
vn 0.501023 -0.830033 -0.244993
vn 0.519697 -0.854351 -0.000000
vn 0.396012 -0.918245 -0.000000
vn 0.388769 -0.877965 -0.279351
vn 0.501022 -0.830034 0.244992
vn 0.388769 -0.877965 0.279350
vn 0.374615 -0.655616 0.655616
vn 0.368402 -0.772990 0.516495
vn 0.374615 -0.354817 0.856603
vn 0.374615 -0.000000 0.927181
vn 0.368402 0.181369 0.911803
vn 0.474824 0.364978 0.800833
vn 0.513236 0.606872 0.606874
vn 0.371717 0.656439 0.656440
vn 0.354739 0.405686 0.842365
vn 0.474824 0.800833 0.364978
vn 0.354738 0.842365 0.405687
vn 0.374615 0.927181 0.000000
vn 0.368402 0.911803 0.181369
vn 0.368402 0.911803 -0.181369
vn 0.192463 0.693887 -0.693886
vn 0.188181 0.883124 -0.429745
vn 0.188181 0.429747 -0.883122
vn 0.190840 0.000001 -0.981621
vn 0.187303 0.191638 -0.963427
vn 0.190840 -0.375650 -0.906900
vn 0.190840 -0.694111 -0.694111
vn 0.187303 -0.816754 -0.545739
vn 0.192359 -0.981325 -0.000000
vn 0.191087 -0.933311 -0.303999
vn 0.191087 -0.933311 0.303999
vn 0.190840 -0.694111 0.694111
vn 0.187303 -0.816755 0.545738
vn 0.190840 -0.375650 0.906900
vn 0.190840 -0.000000 0.981621
vn 0.187303 0.191638 0.963428
vn 0.192464 0.693887 0.693887
vn 0.188181 0.429747 0.883122
vn 0.188181 0.883123 0.429747
vn 0.190840 0.981621 -0.000000
vn 0.187303 0.963428 0.191638
vn 0.187303 0.963428 -0.191638
vn 0.000000 0.707107 -0.707106
vn -0.000000 0.896820 -0.442395
vn 0.000000 0.442396 -0.896820
vn -0.000000 0.000001 -1.000000
vn 0.000000 0.195091 -0.980785
vn 0.000000 -0.382683 -0.923880
vn 0.000000 -0.707107 -0.707107
vn 0.000000 -0.831469 -0.555571
vn -0.000000 -1.000000 0.000000
vn -0.000000 -0.952371 -0.304941
vn -0.000000 -0.952371 0.304941
vn 0.000000 -0.707107 0.707107
vn 0.000000 -0.831470 0.555570
vn 0.000000 -0.382684 0.923880
vn -0.000000 -0.000000 1.000000
vn 0.000000 0.195090 0.980785
vn 0.000000 0.707107 0.707106
vn 0.000000 0.442397 0.896819
vn 0.000000 0.896820 0.442396
vn 0.000000 1.000000 0.000000
vn 0.000000 0.980785 0.195091
vn 0.000000 0.980785 -0.195091
vn -0.192463 0.693887 -0.693886
vn -0.188181 0.883123 -0.429746
vn -0.188181 0.429747 -0.883123
vn -0.190840 0.000001 -0.981621
vn -0.187303 0.191638 -0.963427
vn -0.190840 -0.375650 -0.906900
vn -0.190840 -0.694111 -0.694111
vn -0.187303 -0.816754 -0.545738
vn -0.192359 -0.981325 0.000000
vn -0.191087 -0.933311 -0.303999
vn -0.191087 -0.933311 0.303999
vn -0.190840 -0.694111 0.694111
vn -0.187303 -0.816755 0.545738
vn -0.190840 -0.375650 0.906900
vn -0.190840 -0.000000 0.981621
vn -0.187303 0.191638 0.963428
vn -0.192463 0.693887 0.693887
vn -0.188181 0.429747 0.883122
vn -0.188181 0.883123 0.429747
vn -0.190840 0.981621 -0.000000
vn -0.187303 0.963428 0.191638
vn -0.187303 0.963428 -0.191638
vn -0.371717 0.656440 -0.656439
vn -0.354738 0.842366 -0.405687
vn -0.354739 0.405687 -0.842365
vn -0.374615 0.000001 -0.927181
vn -0.368402 0.181370 -0.911803
vn -0.374615 -0.354816 -0.856603
vn -0.374615 -0.655616 -0.655616
vn -0.368402 -0.772989 -0.516496
vn -0.396012 -0.918245 -0.000000
vn -0.388769 -0.877964 -0.279351
vn -0.388768 -0.877965 0.279350
vn -0.374615 -0.655616 0.655616
vn -0.368401 -0.772990 0.516495
vn -0.374615 -0.354817 0.856603
vn -0.374615 -0.000000 0.927181
vn -0.368402 0.181369 0.911803
vn -0.371717 0.656440 0.656440
vn -0.354739 0.405686 0.842365
vn -0.354738 0.842365 0.405687
vn -0.374615 0.927181 -0.000000
vn -0.368402 0.911803 0.181369
vn -0.368402 0.911803 -0.181369
vn -0.513235 0.606873 -0.606874
vn -0.474822 0.800833 -0.364980
vn -0.474822 0.364979 -0.800834
vn -0.544490 0.000001 -0.838767
vn -0.571091 0.248684 -0.782311
vn -0.544490 -0.320982 -0.774920
vn -0.544490 -0.593098 -0.593098
vn -0.571091 -0.729024 -0.377332
vn -0.519697 -0.854351 -0.000001
vn -0.501022 -0.830033 -0.244994
vn -0.501022 -0.830034 0.244993
vn -0.544490 -0.593098 0.593098
vn -0.571091 -0.729024 0.377332
vn -0.544490 -0.320983 0.774920
vn -0.544490 -0.000000 0.838767
vn -0.571091 0.248684 0.782311
vn -0.513235 0.606873 0.606873
vn -0.474823 0.364977 0.800834
vn -0.474823 0.800834 0.364978
vn -0.544491 0.838767 0.000000
vn -0.571091 0.782311 0.248684
vn -0.571091 0.782311 -0.248684
vn -0.634394 0.546601 -0.546600
vn -0.694084 0.509042 -0.509042
vn -0.694084 0.665096 -0.275491
vn -0.694084 0.275491 -0.665095
vn -0.694084 0.000000 -0.719894
vn -0.694084 -0.275491 -0.665095
vn -0.694084 -0.509042 -0.509042
vn -0.694084 -0.665096 -0.275492
vn -0.634393 -0.773011 -0.000000
vn -0.694084 -0.719894 -0.000000
vn -0.694084 -0.665096 0.275491
vn -0.694084 -0.509042 0.509042
vn -0.694084 -0.275492 0.665095
vn -0.694084 -0.000000 0.719894
vn -0.694084 0.275491 0.665095
vn -0.634393 0.546601 0.546601
vn -0.694084 0.509042 0.509042
vn -0.694084 0.665095 0.275492
vn -0.694084 0.719894 0.000000
vn -0.817681 0.407062 -0.407061
vn -0.817681 0.531852 -0.220300
vn -0.817681 0.220301 -0.531851
vn -0.817681 0.000000 -0.575672
vn -0.817681 -0.220300 -0.531851
vn -0.817681 -0.407061 -0.407062
vn -0.817681 -0.531851 -0.220300
vn -0.817681 -0.575672 -0.000000
vn -0.817681 -0.531852 0.220300
vn -0.817681 -0.407062 0.407061
vn -0.817681 -0.220300 0.531851
vn -0.817681 -0.000000 0.575672
vn -0.817681 0.220300 0.531851
vn -0.817681 0.407062 0.407061
vn -0.817681 0.531851 0.220300
vn -0.817681 0.575672 0.000001
vn -0.910403 0.292546 -0.292546
vn -0.910403 0.382229 -0.158325
vn -0.910403 0.158325 -0.382230
vn -0.910403 0.000001 -0.413722
vn -0.910403 -0.158324 -0.382230
vn -0.910403 -0.292546 -0.292546
vn -0.910403 -0.382230 -0.158325
vn -0.910403 -0.413722 0.000000
vn -0.910403 -0.382230 0.158325
vn -0.910403 -0.292546 0.292546
vn -0.910403 -0.158325 0.382230
vn -0.910403 0.000000 0.413722
vn -0.910403 0.158324 0.382230
vn -0.910403 0.292546 0.292546
vn -0.910403 0.382230 0.158325
vn -0.910403 0.413722 0.000000
vn -0.968009 0.177424 -0.177424
vn -0.968009 0.231815 -0.096021
vn -0.968009 0.096022 -0.231815
vn -0.968009 0.000000 -0.250915
vn -0.968009 -0.096021 -0.231815
vn -0.968009 -0.177424 -0.177424
vn -0.968009 -0.231816 -0.096021
vn -0.968009 -0.250915 0.000000
vn -0.968009 -0.231815 0.096021
vn -0.968009 -0.177424 0.177424
vn -0.968009 -0.096021 0.231815
vn -0.968009 0.000000 0.250915
vn -0.968009 0.096021 0.231815
vn -0.968009 0.177424 0.177424
vn -0.968009 0.231815 0.096021
vn -0.968009 0.250915 0.000000
vn 1.000000 0.000000 -0.000000
vn -1.000000 0.000000 -0.000000
vn 0.532184 0.782183 -0.323991
vn 0.532183 0.598658 -0.598657
vn 0.532184 0.323992 -0.782183
vn 0.532184 0.000001 -0.846629
vn 0.532184 -0.323990 -0.782183
vn 0.532184 -0.598657 -0.598657
vn 0.532184 -0.782183 -0.323992
vn 0.532184 -0.846629 0.000000
vn 0.532184 -0.782183 0.323991
vn 0.532184 -0.598657 0.598657
vn 0.532185 -0.323990 0.782183
vn 0.532185 0.000000 0.846628
vn 0.532184 0.323991 0.782183
vn 0.532183 0.598658 0.598657
vn 0.532184 0.782183 0.323991
vn 0.532186 0.846628 0.000001
vn 0.842240 0.448248 -0.299509
vn 0.842240 0.448248 -0.299509
vn 0.872653 0.451168 -0.186880
vn 0.872653 0.345309 -0.345309
vn 0.842239 0.299511 -0.448249
vn 0.842239 0.299511 -0.448249
vn 0.872653 0.186880 -0.451168
vn 0.842239 0.105175 -0.528746
vn 0.842239 0.105175 -0.528746
vn 0.872653 0.000000 -0.488340
vn 0.842239 -0.105174 -0.528746
vn 0.842239 -0.105174 -0.528746
vn 0.872653 -0.186880 -0.451168
vn 0.842239 -0.299511 -0.448249
vn 0.842239 -0.299511 -0.448249
vn 0.872653 -0.345309 -0.345309
vn 0.842239 -0.448249 -0.299511
vn 0.842239 -0.448249 -0.299511
vn 0.872653 -0.451167 -0.186880
vn 0.842239 -0.528745 -0.105175
vn 0.842239 -0.528745 -0.105175
vn 0.872654 -0.488340 0.000000
vn 0.842239 -0.528746 0.105175
vn 0.842239 -0.528746 0.105175
vn 0.872653 -0.451167 0.186880
vn 0.842239 -0.448249 0.299510
vn 0.842239 -0.448249 0.299510
vn 0.872654 -0.345309 0.345308
vn 0.842239 -0.299511 0.448249
vn 0.842239 -0.299511 0.448249
vn 0.872653 -0.186880 0.451167
vn 0.842239 -0.105174 0.528746
vn 0.842239 -0.105174 0.528746
vn 0.872653 -0.000000 0.488340
vn 0.842239 0.105174 0.528746
vn 0.842239 0.105174 0.528746
vn 0.872653 0.186879 0.451167
vn 0.842239 0.299509 0.448249
vn 0.842239 0.299509 0.448249
vn 0.872654 0.345308 0.345308
vn 0.842240 0.448249 0.299508
vn 0.842240 0.448249 0.299508
vn 0.872654 0.451167 0.186880
vn 0.842239 0.528745 0.105176
vn 0.842239 0.528745 0.105176
vn 0.872653 0.488340 0.000001
vn 0.842239 0.528745 -0.105174
vn 0.842239 0.528745 -0.105174
vn 0.954237 0.276288 -0.114443
vn 0.954237 0.211461 -0.211461
vn 0.954238 0.114441 -0.276286
vn 0.954238 0.000000 -0.299049
vn 0.954238 -0.114440 -0.276283
vn 0.954239 -0.211458 -0.211458
vn 0.954239 -0.276282 -0.114440
vn 0.954239 -0.299046 0.000000
vn 0.954239 -0.276283 0.114440
vn 0.954239 -0.211458 0.211457
vn 0.954239 -0.114440 0.276283
vn 0.954238 -0.000000 0.299047
vn 0.954238 0.114441 0.276283
vn 0.954238 0.211459 0.211458
vn 0.954238 0.276284 0.114441
vn 0.954238 0.299049 0.000001
vn 0.000000 -0.831468 0.555573
vn 0.000000 -0.831468 0.555573
vn 0.000000 -0.831468 0.555573
vn 0.000000 -0.831468 0.555573
vn 0.000001 -0.555571 0.831469
vn 0.000001 -0.555571 0.831469
vn 0.000001 -0.555571 0.831469
vn 0.000001 -0.555571 0.831469
vn 0.000000 -0.195091 0.980785
vn 0.000000 -0.195091 0.980785
vn 0.000000 -0.195091 0.980785
vn 0.000000 -0.195091 0.980785
vn 0.000000 0.195091 0.980785
vn 0.000000 0.195091 0.980785
vn 0.000000 0.195091 0.980785
vn 0.000000 0.195091 0.980785
vn 0.000001 0.555571 0.831469
vn 0.000001 0.555571 0.831469
vn 0.000001 0.555571 0.831469
vn 0.000001 0.555571 0.831469
vn 0.000002 0.831470 0.555569
vn 0.000002 0.831470 0.555569
vn 0.000002 0.831470 0.555569
vn 0.000002 0.831470 0.555569
vn -0.000000 0.980785 0.195092
vn -0.000000 0.980785 0.195092
vn -0.000000 0.980785 0.195092
vn -0.000000 0.980785 0.195092
vn 0.000000 0.980785 -0.195092
vn 0.000000 0.980785 -0.195092
vn 0.000000 0.980785 -0.195092
vn 0.000000 0.980785 -0.195092
vn 0.000002 0.831470 -0.555569
vn 0.000002 0.831470 -0.555569
vn 0.000002 0.831470 -0.555569
vn 0.000002 0.831470 -0.555569
vn 0.000001 0.555571 -0.831469
vn 0.000001 0.555571 -0.831469
vn 0.000001 0.555571 -0.831469
vn 0.000001 0.555571 -0.831469
vn 0.000000 0.195091 -0.980785
vn 0.000000 0.195091 -0.980785
vn 0.000000 0.195091 -0.980785
vn 0.000000 0.195091 -0.980785
vn -0.000000 -0.195090 -0.980785
vn -0.000000 -0.195090 -0.980785
vn -0.000000 -0.195090 -0.980785
vn -0.000000 -0.195090 -0.980785
vn -0.000001 -0.555571 -0.831469
vn -0.000001 -0.555571 -0.831469
vn -0.000001 -0.555571 -0.831469
vn -0.000001 -0.555571 -0.831469
vn 0.000000 -0.831471 -0.555568
vn 0.000000 -0.831471 -0.555568
vn 0.000000 -0.831471 -0.555568
vn 0.000000 -0.831471 -0.555568
vn 0.000000 -0.980784 -0.195095
vn 0.000000 -0.980784 -0.195095
vn 0.000000 -0.980784 -0.195095
vn 0.000000 -0.980784 -0.195095
vn 0.000000 -0.980786 0.195089
vn 0.000000 -0.980786 0.195089
vn 0.000000 -0.980786 0.195089
vn 0.000000 -0.980786 0.195089
vn 0.995928 0.074960 -0.050091
vn 0.995928 0.074960 -0.050091
vn 0.995928 0.074960 -0.050091
vn 0.995928 0.074960 -0.050091
vn 0.995928 0.050090 -0.074961
vn 0.995928 0.050090 -0.074961
vn 0.995928 0.050090 -0.074961
vn 0.995928 0.050090 -0.074961
vn 0.995928 0.017586 -0.088424
vn 0.995928 0.017586 -0.088424
vn 0.995928 0.017586 -0.088424
vn 0.995928 0.017586 -0.088424
vn 0.995928 -0.017588 -0.088424
vn 0.995928 -0.017588 -0.088424
vn 0.995928 -0.017588 -0.088424
vn 0.995928 -0.017588 -0.088424
vn 0.995928 -0.050089 -0.074963
vn 0.995928 -0.050089 -0.074963
vn 0.995928 -0.050089 -0.074963
vn 0.995928 -0.050089 -0.074963
vn 0.995928 -0.074963 -0.050089
vn 0.995928 -0.074963 -0.050089
vn 0.995928 -0.074963 -0.050089
vn 0.995928 -0.074963 -0.050089
vn 0.995928 -0.088425 -0.017589
vn 0.995928 -0.088425 -0.017589
vn 0.995928 -0.088425 -0.017589
vn 0.995928 -0.088425 -0.017589
vn 0.995928 -0.088425 0.017589
vn 0.995928 -0.088425 0.017589
vn 0.995928 -0.088425 0.017589
vn 0.995928 -0.088425 0.017589
vn 0.995928 -0.074963 0.050089
vn 0.995928 -0.074963 0.050089
vn 0.995928 -0.074963 0.050089
vn 0.995928 -0.074963 0.050089
vn 0.995928 -0.050088 0.074963
vn 0.995928 -0.050088 0.074963
vn 0.995928 -0.050088 0.074963
vn 0.995928 -0.050088 0.074963
vn 0.995928 -0.017588 0.088424
vn 0.995928 -0.017588 0.088424
vn 0.995928 -0.017588 0.088424
vn 0.995928 -0.017588 0.088424
vn 0.995928 0.017588 0.088424
vn 0.995928 0.017588 0.088424
vn 0.995928 0.017588 0.088424
vn 0.995928 0.017588 0.088424
vn 0.995928 0.050089 0.074962
vn 0.995928 0.050089 0.074962
vn 0.995928 0.050089 0.074962
vn 0.995928 0.050089 0.074962
vn 0.995928 0.074963 0.050088
vn 0.995928 0.074963 0.050088
vn 0.995928 0.074963 0.050088
vn 0.995928 0.074963 0.050088
vn 0.995928 0.088424 0.017589
vn 0.995928 0.088424 0.017589
vn 0.995928 0.088424 0.017589
vn 0.995928 0.088424 0.017589
vn 0.995928 0.088425 -0.017586
vn 0.995928 0.088425 -0.017586
vn 0.995928 0.088425 -0.017586
vn 0.995928 0.088425 -0.017586
vn 0.000001 0.831468 -0.555572
vn 0.000001 0.831468 -0.555572
vn 0.000001 0.831468 -0.555572
vn 0.000001 0.831468 -0.555572
vn 0.000001 0.555571 -0.831469
vn 0.000001 0.555571 -0.831469
vn 0.000001 0.555571 -0.831469
vn 0.000001 0.555571 -0.831469
vn 0.000000 0.195092 -0.980785
vn 0.000000 0.195092 -0.980785
vn 0.000000 0.195092 -0.980785
vn 0.000000 0.195092 -0.980785
vn 0.000000 -0.195090 -0.980785
vn 0.000000 -0.195090 -0.980785
vn 0.000000 -0.195090 -0.980785
vn 0.000000 -0.195090 -0.980785
vn -0.000000 -0.555571 -0.831469
vn -0.000000 -0.555571 -0.831469
vn -0.000000 -0.555571 -0.831469
vn -0.000000 -0.555571 -0.831469
vn 0.000001 -0.831469 -0.555571
vn 0.000001 -0.831469 -0.555571
vn 0.000001 -0.831469 -0.555571
vn 0.000001 -0.831469 -0.555571
vn 0.000002 -0.980786 -0.195088
vn 0.000002 -0.980786 -0.195088
vn 0.000002 -0.980786 -0.195088
vn 0.000002 -0.980786 -0.195088
vn 0.000002 -0.980786 0.195088
vn 0.000002 -0.980786 0.195088
vn 0.000002 -0.980786 0.195088
vn 0.000002 -0.980786 0.195088
vn 0.000001 -0.831469 0.555571
vn 0.000001 -0.831469 0.555571
vn 0.000001 -0.831469 0.555571
vn 0.000001 -0.831469 0.555571
vn 0.000001 -0.555572 0.831469
vn 0.000001 -0.555572 0.831469
vn 0.000001 -0.555572 0.831469
vn 0.000001 -0.555572 0.831469
vn 0.000000 -0.195091 0.980785
vn 0.000000 -0.195091 0.980785
vn 0.000000 -0.195091 0.980785
vn 0.000000 -0.195091 0.980785
vn -0.000000 0.195090 0.980785
vn -0.000000 0.195090 0.980785
vn -0.000000 0.195090 0.980785
vn -0.000000 0.195090 0.980785
vn 0.000000 0.555572 0.831469
vn 0.000000 0.555572 0.831469
vn 0.000000 0.555572 0.831469
vn 0.000000 0.555572 0.831469
vn 0.000001 0.831471 0.555569
vn 0.000001 0.831471 0.555569
vn 0.000001 0.831471 0.555569
vn 0.000001 0.831471 0.555569
vn 0.000002 0.980785 0.195091
vn 0.000002 0.980785 0.195091
vn 0.000002 0.980785 0.195091
vn 0.000002 0.980785 0.195091
vn 0.000002 0.980786 -0.195087
vn 0.000002 0.980786 -0.195087
vn 0.000002 0.980786 -0.195087
vn 0.000002 0.980786 -0.195087
vn 0.982660 -0.147966 0.111741
vn 0.982982 -0.129897 0.129897
vn 0.994367 -0.074945 0.074945
vn 0.990133 -0.106633 0.090916
vn 0.067929 0.531560 0.844293
vn 0.082689 0.521344 0.849331
vn 0.082689 0.521344 0.849331
vn 0.067940 0.531552 0.844297
vn 0.982659 -0.111742 0.147967
vn 0.990133 -0.090917 0.106634
vn 0.082691 -0.849330 -0.521345
vn 0.067929 -0.844292 -0.531560
vn 0.067941 -0.844296 -0.531552
vn 0.082691 -0.849330 -0.521345
vn 0.035948 0.547853 0.835802
vn 0.035949 0.547853 0.835802
vn 0.035948 -0.835804 -0.547850
vn 0.035949 -0.835804 -0.547849
vn 0.000000 0.554071 0.832469
vn 0.000000 0.554071 0.832469
vn 0.000000 -0.832473 -0.554066
vn 0.000000 -0.832473 -0.554066
vn -0.035948 0.547852 0.835803
vn -0.035949 0.547851 0.835803
vn -0.035948 -0.835804 -0.547850
vn -0.035949 -0.835804 -0.547850
vn -0.067928 0.531559 0.844293
vn -0.067940 0.531551 0.844297
vn -0.067929 -0.844292 -0.531560
vn -0.067941 -0.844296 -0.531552
vn -0.885671 -0.328320 0.328320
vn -0.881998 -0.391285 0.262631
vn -0.956153 -0.242062 0.164855
vn -0.978924 -0.144409 0.144409
vn -0.082689 0.521343 0.849331
vn -0.082689 0.521343 0.849331
vn -0.082691 -0.849330 -0.521345
vn -0.082691 -0.849330 -0.521345
vn -0.881998 -0.262630 0.391287
vn -0.956153 -0.164855 0.242062
vn 0.982659 -0.111742 -0.147968
vn 0.982982 -0.129897 -0.129897
vn 0.994367 -0.074946 -0.074946
vn 0.990133 -0.090918 -0.106635
vn 0.067928 -0.844294 0.531558
vn 0.082689 -0.849332 0.521343
vn 0.082689 -0.849332 0.521343
vn 0.067940 -0.844298 0.531550
vn 0.982660 -0.147966 -0.111742
vn 0.990133 -0.106634 -0.090917
vn 0.082691 0.521344 -0.849331
vn 0.067929 0.531560 -0.844292
vn 0.067941 0.531552 -0.844297
vn 0.082691 0.521344 -0.849331
vn 0.035947 -0.835805 0.547849
vn 0.035949 -0.835805 0.547848
vn 0.035948 0.547854 -0.835802
vn 0.035949 0.547853 -0.835802
vn 0.000000 -0.832473 0.554066
vn 0.000000 -0.832473 0.554066
vn 0.000000 0.554072 -0.832469
vn 0.000000 0.554072 -0.832469
vn -0.035947 -0.835805 0.547849
vn -0.035949 -0.835805 0.547849
vn -0.035947 0.547852 -0.835802
vn -0.035949 0.547852 -0.835803
vn -0.067928 -0.844294 0.531558
vn -0.067940 -0.844298 0.531550
vn -0.067929 0.531560 -0.844292
vn -0.067941 0.531552 -0.844296
vn -0.885669 -0.328321 -0.328322
vn -0.881996 -0.262633 -0.391288
vn -0.956152 -0.164857 -0.242065
vn -0.978924 -0.144410 -0.144410
vn -0.082689 -0.849332 0.521343
vn -0.082689 -0.849332 0.521343
vn -0.082691 0.521345 -0.849330
vn -0.082691 0.521345 -0.849330
vn -0.881998 -0.391286 -0.262632
vn -0.956152 -0.242064 -0.164857
vn 0.997874 -0.046086 0.046086
vn 0.997786 -0.036677 0.055487
vn 0.312541 0.944311 0.102928
vn 0.388553 0.909563 0.147381
vn 0.389130 0.916374 0.094002
vn 0.318793 0.947679 0.016592
vn 0.997786 -0.055486 0.036676
vn 0.388552 -0.147381 -0.909564
vn 0.312542 -0.102927 -0.944311
vn 0.318794 -0.016591 -0.947679
vn 0.389130 -0.094002 -0.916374
vn 0.165770 0.985018 0.047535
vn 0.172775 0.984014 -0.043190
vn 0.165771 -0.047534 -0.985018
vn 0.172776 0.043192 -0.984014
vn 0.000000 0.999575 0.029147
vn 0.000000 0.998231 -0.059462
vn -0.000000 -0.029146 -0.999575
vn 0.000000 0.059464 -0.998231
vn -0.165770 0.985018 0.047534
vn -0.172775 0.984014 -0.043191
vn -0.165771 -0.047534 -0.985018
vn -0.172776 0.043192 -0.984014
vn -0.312540 0.944312 0.102928
vn -0.318792 0.947680 0.016592
vn -0.312541 -0.102927 -0.944311
vn -0.318794 -0.016592 -0.947679
vn -0.995346 -0.077746 0.056944
vn -0.995453 -0.067352 0.067351
vn -0.388550 0.909564 0.147383
vn -0.389128 0.916375 0.094003
vn -0.388552 -0.147381 -0.909564
vn -0.389129 -0.094002 -0.916374
vn -0.995346 -0.056944 0.077744
vn 0.997874 -0.046087 -0.046087
vn 0.997786 -0.055487 -0.036678
vn 0.312542 -0.102927 0.944311
vn 0.388553 -0.147381 0.909563
vn 0.389131 -0.094003 0.916374
vn 0.318794 -0.016592 0.947679
vn 0.997786 -0.036678 -0.055488
vn 0.388553 0.909563 -0.147381
vn 0.312541 0.944311 -0.102928
vn 0.318793 0.947679 -0.016592
vn 0.389131 0.916374 -0.094003
vn 0.165771 -0.047534 0.985018
vn 0.172776 0.043191 0.984014
vn 0.165770 0.985018 -0.047535
vn 0.172775 0.984014 0.043191
vn 0.000000 -0.029147 0.999575
vn 0.000000 0.059463 0.998231
vn 0.000000 0.999575 -0.029147
vn 0.000000 0.998231 0.059463
vn -0.165771 -0.047535 0.985018
vn -0.172776 0.043191 0.984014
vn -0.165770 0.985018 -0.047534
vn -0.172775 0.984014 0.043191
vn -0.312542 -0.102928 0.944311
vn -0.318794 -0.016592 0.947679
vn -0.312541 0.944311 -0.102927
vn -0.318793 0.947679 -0.016592
vn -0.995346 -0.056944 -0.077746
vn -0.995453 -0.067352 -0.067352
vn -0.388553 -0.147382 0.909563
vn -0.389131 -0.094003 0.916374
vn -0.388553 0.909563 -0.147381
vn -0.389131 0.916374 -0.094003
vn -0.995346 -0.077746 -0.056944
vn 0.977151 0.165978 -0.132768
vn 0.977421 0.149413 -0.149413
vn 0.977421 0.149413 -0.149413
vn 0.977151 0.165978 -0.132768
vn 0.977152 0.132766 -0.165976
vn 0.977152 0.132766 -0.165976
vn -0.905363 0.300265 -0.300265
vn -0.905175 0.314592 -0.285814
vn -0.905175 0.314592 -0.285814
vn -0.905363 0.300265 -0.300265
vn -0.905175 0.285813 -0.314592
vn -0.905176 0.285813 -0.314592
vn 0.977151 0.132767 0.165977
vn 0.977421 0.149413 0.149413
vn 0.977421 0.149413 0.149413
vn 0.977151 0.132767 0.165977
vn 0.977151 0.165977 0.132767
vn 0.977151 0.165977 0.132767
vn -0.905363 0.300264 0.300265
vn -0.905176 0.285812 0.314593
vn -0.905176 0.285812 0.314593
vn -0.905363 0.300264 0.300265
vn -0.905176 0.314592 0.285812
vn -0.905176 0.314592 0.285812
vn 0.900983 0.426625 0.078869
vn 0.903799 0.427958 0.000000
vn 0.876440 0.481510 0.000000
vn 0.880081 0.467601 0.082503
vn 0.067640 0.221027 -0.972919
vn 0.082453 0.231817 -0.969259
vn 0.082453 0.231817 -0.969259
vn 0.067654 0.221037 -0.972916
vn 0.900983 0.426625 -0.078868
vn 0.880081 0.467602 -0.082502
vn 0.082453 0.231816 0.969259
vn 0.067640 0.221026 0.972920
vn 0.067654 0.221037 0.972916
vn 0.082453 0.231816 0.969259
vn 0.035745 0.203566 -0.978409
vn 0.035746 0.203566 -0.978409
vn 0.035745 0.203566 0.978409
vn 0.035746 0.203566 0.978409
vn -0.000000 0.196849 -0.980434
vn -0.000000 0.196849 -0.980434
vn -0.000000 0.196849 0.980434
vn -0.000000 0.196849 0.980434
vn -0.035744 0.203566 -0.978409
vn -0.035746 0.203566 -0.978409
vn -0.035745 0.203565 0.978409
vn -0.035746 0.203566 0.978409
vn -0.067639 0.221027 -0.972919
vn -0.067654 0.221038 -0.972916
vn -0.067640 0.221026 0.972919
vn -0.067654 0.221037 0.972916
vn -0.885659 0.464335 0.000000
vn -0.882009 0.462423 0.090691
vn -0.875520 0.475491 0.085865
vn -0.876448 0.481496 0.000000
vn -0.082453 0.231817 -0.969259
vn -0.082453 0.231817 -0.969259
vn -0.082453 0.231816 0.969259
vn -0.082453 0.231816 0.969259
vn -0.882010 0.462421 -0.090690
vn -0.875521 0.475491 -0.085865
vn 0.856916 0.515457 0.000000
vn 0.860112 0.503097 0.084266
vn 0.264086 -0.388427 -0.882827
vn 0.324350 -0.338582 -0.883266
vn 0.324350 -0.338582 -0.883267
vn 0.266751 -0.386301 -0.882959
vn 0.860112 0.503097 -0.084265
vn 0.324350 -0.338583 0.883266
vn 0.264086 -0.388428 0.882826
vn 0.266751 -0.386301 0.882958
vn 0.324350 -0.338583 0.883266
vn 0.139894 -0.455684 -0.879080
vn 0.141448 -0.455149 -0.879109
vn 0.139894 -0.455684 0.879080
vn 0.141448 -0.455149 0.879108
vn -0.000000 -0.478893 -0.877874
vn -0.000000 -0.478893 -0.877873
vn 0.000000 -0.478893 0.877873
vn 0.000000 -0.478893 0.877873
vn -0.139894 -0.455684 -0.879080
vn -0.141448 -0.455149 -0.879109
vn -0.139894 -0.455684 0.879080
vn -0.141448 -0.455149 0.879108
vn -0.264086 -0.388428 -0.882826
vn -0.266752 -0.386301 -0.882958
vn -0.264086 -0.388428 0.882826
vn -0.266751 -0.386301 0.882958
vn -0.867474 0.491147 0.079147
vn -0.864692 0.502302 0.000000
vn -0.324350 -0.338582 -0.883266
vn -0.324350 -0.338582 -0.883266
vn -0.324349 -0.338583 0.883266
vn -0.324349 -0.338583 0.883266
vn -0.867473 0.491148 -0.079146
vn 0.825375 0.564586 0.000000
vn 0.824296 0.563848 0.051118
vn 0.350257 -0.782480 -0.514825
vn 0.437762 -0.738185 -0.513271
vn 0.824296 0.563847 -0.051117
vn 0.437761 -0.738185 0.513272
vn 0.350257 -0.782480 0.514825
vn 0.182425 -0.836924 -0.516023
vn 0.182425 -0.836924 0.516023
vn -0.000000 -0.855891 -0.517156
vn 0.000000 -0.855892 0.517155
vn -0.182425 -0.836923 -0.516023
vn -0.182425 -0.836924 0.516023
vn -0.350257 -0.782480 -0.514826
vn -0.350257 -0.782480 0.514825
vn -0.843364 0.535090 0.049160
vn -0.844385 0.535737 0.000000
vn -0.437762 -0.738184 -0.513273
vn -0.437761 -0.738185 0.513272
vn -0.843365 0.535088 -0.049159
vn 0.869746 -0.408502 0.276891
vn 0.853710 -0.368225 0.368224
vn 0.853710 -0.368225 0.368224
vn 0.865233 -0.414485 0.282090
vn 0.953059 -0.266521 0.143688
vn 0.976707 -0.210122 0.043509
vn 0.869745 -0.276892 0.408503
vn 0.865232 -0.282091 0.414486
vn 0.953057 -0.143687 0.266525
vn 0.976707 -0.043508 0.210119
vn 0.997840 -0.029018 -0.058936
vn 0.990434 0.083416 -0.109920
vn 0.997840 0.058936 0.029013
vn 0.990434 0.109920 -0.083420
vn 0.905237 0.300456 -0.300455
vn 0.921475 0.272751 -0.276570
vn 0.922463 0.271432 -0.274566
vn 0.905237 0.300456 -0.300455
vn 0.921475 0.276570 -0.272751
vn 0.922463 0.274566 -0.271433
vn 0.869746 -0.276891 -0.408502
vn 0.853711 -0.368224 -0.368224
vn 0.853711 -0.368224 -0.368224
vn 0.865233 -0.282090 -0.414485
vn 0.953057 -0.143687 -0.266528
vn 0.976707 -0.043509 -0.210122
vn 0.869746 -0.408501 -0.276890
vn 0.865233 -0.414485 -0.282090
vn 0.953058 -0.266525 -0.143686
vn 0.976707 -0.210121 -0.043508
vn 0.997840 0.058936 -0.029015
vn 0.990434 0.109920 0.083421
vn 0.997840 -0.029014 0.058936
vn 0.990434 0.083421 0.109919
vn 0.905235 0.300457 0.300457
vn 0.921474 0.276570 0.272753
vn 0.922462 0.274567 0.271434
vn 0.905235 0.300457 0.300457
vn 0.921474 0.272753 0.276571
vn 0.922462 0.271435 0.274567
vn 0.858804 0.504002 0.091855
vn 0.858546 0.512737 0.000000
vn 0.858546 0.512737 0.000000
vn 0.858693 0.504181 0.091910
vn 0.885485 0.459471 0.069305
vn 0.895941 0.441985 0.044039
vn 0.858805 0.504001 -0.091854
vn 0.858694 0.504181 -0.091909
vn 0.885485 0.459470 -0.069307
vn 0.895942 0.441983 -0.044040
vn 0.898998 0.436284 0.038193
vn 0.896461 0.440007 0.052453
vn 0.898999 0.436282 -0.038194
vn 0.896462 0.440004 -0.052453
vn 0.875409 0.483383 0.000001
vn 0.889100 0.455332 0.046641
vn 0.882270 0.470020 0.026114
vn 0.875409 0.483383 0.000001
vn 0.889102 0.455328 -0.046640
vn 0.882272 0.470015 -0.026113
vn 0.180972 0.799566 -0.572663
vn 0.183348 0.695120 -0.695120
vn 0.183348 0.695120 -0.695120
vn 0.180972 0.799566 -0.572663
vn -0.000654 -0.635452 -0.772140
vn -0.000654 -0.635452 -0.772140
vn -0.000654 -0.635452 -0.772140
vn -0.000654 -0.635452 -0.772140
vn 0.180973 0.572664 -0.799565
vn 0.180973 0.572664 -0.799565
vn -0.000652 0.772141 0.635451
vn -0.000652 0.772141 0.635451
vn -0.000652 0.772141 0.635451
vn -0.000652 0.772141 0.635451
vn 0.039932 -0.995508 0.085850
vn -0.013727 -0.999831 0.012212
vn -0.013727 -0.999831 0.012212
vn 0.035817 -0.996134 0.080211
vn -0.013727 -0.012213 0.999831
vn 0.039932 -0.085853 0.995507
vn 0.035816 -0.080215 0.996134
vn -0.013727 -0.012213 0.999831
vn 0.200102 -0.692806 0.692806
vn 0.200000 -0.714890 0.670024
vn 0.200000 -0.714890 0.670024
vn 0.200102 -0.692806 0.692806
vn 0.125219 -0.971274 0.202353
vn 0.125219 -0.971274 0.202353
vn 0.125216 -0.202357 0.971274
vn 0.125216 -0.202357 0.971274
vn 0.200003 -0.670024 0.714890
vn 0.200003 -0.670024 0.714890
vn 0.180970 0.572664 0.799566
vn 0.183346 0.695120 0.695120
vn 0.183346 0.695121 0.695120
vn 0.180970 0.572664 0.799566
vn -0.000651 0.772143 -0.635448
vn -0.000651 0.772143 -0.635448
vn -0.000651 0.772143 -0.635448
vn -0.000651 0.772143 -0.635448
vn 0.180972 0.799567 0.572663
vn 0.180972 0.799566 0.572663
vn -0.000651 -0.635444 0.772147
vn -0.000651 -0.635444 0.772147
vn -0.000651 -0.635444 0.772147
vn -0.000651 -0.635444 0.772147
vn 0.039932 -0.085851 -0.995508
vn -0.013727 -0.012213 -0.999831
vn -0.013727 -0.012213 -0.999831
vn 0.035816 -0.080212 -0.996134
vn -0.013727 -0.999831 -0.012211
vn 0.039933 -0.995507 -0.085851
vn 0.035817 -0.996134 -0.080212
vn -0.013727 -0.999831 -0.012211
vn 0.200102 -0.692805 -0.692806
vn 0.200000 -0.670023 -0.714891
vn 0.200000 -0.670023 -0.714891
vn 0.200102 -0.692805 -0.692806
vn 0.125216 -0.202352 -0.971275
vn 0.125216 -0.202352 -0.971275
vn 0.125219 -0.971274 -0.202355
vn 0.125219 -0.971274 -0.202355
vn 0.200002 -0.714890 -0.670023
vn 0.200002 -0.714890 -0.670023
vn 0.428679 -0.891587 -0.145973
vn 0.433320 -0.901240 -0.000001
vn 0.433320 -0.901240 -0.000001
vn 0.428679 -0.891587 -0.145973
vn -0.024931 -0.130049 0.991194
vn -0.024931 -0.130049 0.991194
vn -0.024931 -0.130049 0.991194
vn -0.024931 -0.130049 0.991194
vn 0.428678 -0.891587 0.145972
vn 0.428678 -0.891587 0.145972
vn -0.024931 -0.130049 -0.991194
vn -0.024931 -0.130049 -0.991194
vn -0.024931 -0.130049 -0.991194
vn -0.024931 -0.130049 -0.991194
vn -0.405631 0.551867 0.728633
vn -0.303126 0.392746 0.868254
vn -0.303126 0.392746 0.868254
vn -0.414877 0.566463 0.712037
vn -0.303123 0.392748 -0.868254
vn -0.405628 0.551869 -0.728633
vn -0.414874 0.566465 -0.712037
vn -0.303123 0.392748 -0.868254
vn -0.566484 0.824073 0.000001
vn -0.557073 0.802442 0.213910
vn -0.557696 0.803679 0.207548
vn -0.566484 0.824073 0.000001
vn -0.557072 0.802443 -0.213908
vn -0.557695 0.803680 -0.207546
vn -0.998284 0.057785 0.009525
vn -0.996161 0.069977 -0.052594
vn -0.998375 0.054740 0.015845
vn -0.991913 -0.056194 0.113797
vn -0.999158 -0.025808 0.031894
vn -0.998855 0.041581 0.023663
vn 0.817415 -0.498744 -0.288250
vn 0.812500 -0.499761 -0.300137
vn 0.829783 -0.488683 -0.269536
vn 0.844407 -0.321343 -0.428621
vn 0.823126 -0.345123 -0.450948
vn 0.833221 -0.342339 -0.434219
vn -0.079190 0.749870 -0.656828
vn 0.027262 0.687546 -0.725629
vn 0.016644 0.683706 -0.729568
vn 0.028028 0.749228 -0.661719
vn -0.094961 0.746680 -0.658370
vn -0.982531 -0.109470 0.150494
vn -0.080478 -0.743243 0.664164
vn -0.109029 -0.819443 0.562695
vn -0.984032 -0.131238 0.120239
vn -0.082111 -0.748310 0.658248
vn -0.154316 -0.864491 -0.478375
vn -0.050754 -0.877624 -0.476655
vn -0.024926 -0.752423 0.658208
vn -0.166912 0.726034 -0.667094
vn -0.141847 -0.462031 -0.875447
vn 0.023428 0.730279 -0.682747
vn -0.039465 -0.507974 -0.860468
vn 0.766012 -0.270136 -0.583311
vn 0.041153 0.736865 -0.674786
vn 0.074917 0.570957 -0.817555
vn 0.655731 -0.301996 -0.691965
vn 0.051343 0.714397 -0.697854
vn -0.002316 -0.505472 -0.862840
vn 0.626426 -0.724761 -0.286901
vn -0.013366 -0.883483 -0.468273
vn 0.742473 -0.625301 -0.240275
vn 0.024945 -0.771871 0.635290
vn 0.002196 -0.766776 0.641911
vn 0.062798 -0.880991 0.468946
vn -0.124665 -0.869053 0.478754
vn -0.988311 -0.111890 0.103545
vn 0.026324 0.601123 -0.798723
vn 0.764042 -0.158570 -0.625377
vn 0.727234 -0.671990 -0.139857
vn 0.035965 -0.869010 0.493486
vn 0.049541 0.723584 -0.688456
vn 0.793855 -0.206705 -0.571898
vn -0.978406 0.153683 -0.138215
vn -0.017955 0.554389 -0.832064
vn -0.984537 0.153636 -0.084164
vn 0.026660 0.737936 -0.674343
vn -0.080916 -0.734569 0.673693
vn -0.990039 -0.073246 0.120237
vn 0.756769 -0.631174 -0.170060
vn 0.053113 -0.778749 0.625083
vn -0.027408 -0.814199 0.579939
vn -0.027832 -0.749377 0.661558
vn 0.014687 0.492932 -0.869944
vn 0.018511 0.747622 -0.663867
vn -0.018498 -0.747631 0.663856
vn -0.036915 -0.909071 0.415002
vn -0.971157 -0.133373 -0.197651
vn -0.920967 -0.232499 -0.312672
vn -0.921023 -0.232412 -0.312571
vn -0.971157 -0.133373 -0.197651
vn -0.698192 -0.438496 -0.565906
vn -0.698053 -0.438579 -0.566014
vn -0.396735 -0.562236 -0.725598
vn -0.396636 -0.562262 -0.725632
vn -0.149990 -0.605573 -0.781527
vn -0.144008 -0.606118 -0.782230
vn 0.219680 -0.597540 -0.771159
vn 0.237284 -0.595009 -0.767894
vn 0.539219 -0.515828 -0.665706
vn 0.544203 -0.513861 -0.663167
vn 0.708030 -0.432538 -0.558215
vn 0.708844 -0.432038 -0.557569
vn 0.884635 -0.285600 -0.368583
vn 0.884635 -0.285600 -0.368583
vn 0.990884 -0.082513 -0.106488
vn 0.990885 -0.082513 -0.106488
vn -0.011259 -0.792617 0.609615
vn -0.007254 -0.792252 0.610151
vn -0.007264 -0.792253 0.610150
vn -0.011259 -0.792617 0.609615
vn 0.007279 0.792238 -0.610169
vn 0.011280 0.792587 -0.609655
vn 0.011280 0.792587 -0.609655
vn 0.007277 0.792238 -0.610169
vn 0.238954 -0.611544 -0.754264
vn 0.238954 -0.611544 -0.754264
vn 0.238954 -0.611544 -0.754264
vn 0.238954 -0.611544 -0.754264
vn -0.002359 -0.790914 0.611922
vn -0.002359 -0.790914 0.611923
vn 0.002360 0.790914 -0.611923
vn 0.002360 0.790914 -0.611923
vn -0.000623 -0.790213 0.612833
vn -0.000623 -0.790213 0.612832
vn 0.000623 0.790211 -0.612834
vn 0.000623 0.790212 -0.612834
vn -0.026692 -0.791025 0.611202
vn -0.026672 -0.791025 0.611203
vn 0.026691 0.791024 -0.611203
vn 0.026672 0.791024 -0.611204
vn -0.059684 -0.797952 0.599759
vn -0.059685 -0.797954 0.599757
vn 0.059685 0.797952 -0.599758
vn 0.059686 0.797954 -0.599756
vn -0.038738 -0.801502 0.596736
vn -0.038717 -0.801498 0.596743
vn 0.038738 0.801501 -0.596737
vn 0.038718 0.801498 -0.596743
vn -0.006551 -0.793707 0.608266
vn -0.006558 -0.793710 0.608261
vn 0.006551 0.793706 -0.608266
vn 0.006558 0.793709 -0.608262
vn 0.000000 -0.790468 0.612503
vn 0.000000 -0.790468 0.612503
vn -0.000002 0.790468 -0.612503
vn -0.000002 0.790468 -0.612503
vn -0.000002 0.790469 -0.612502
vn -0.000002 0.790469 -0.612502
vn -0.000001 -0.790469 0.612502
vn -0.000001 -0.790469 0.612502
vn -0.143201 -0.606191 -0.782321
vn -0.143201 -0.606191 -0.782321
vn -0.143201 -0.606191 -0.782321
vn -0.143201 -0.606191 -0.782321
vn 0.699819 0.496924 -0.513147
vn 0.699819 0.496924 -0.513147
vn 0.612817 0.364762 -0.701003
vn 0.612816 0.364761 -0.701004
vn 0.505251 0.258448 -0.823363
vn 0.504842 0.258182 -0.823697
vn 0.699819 -0.620966 0.353063
vn 0.699819 -0.620967 0.353063
vn 0.612895 -0.769819 0.178156
vn 0.612895 -0.769819 0.178155
vn 0.496303 -0.867264 0.039204
vn 0.495906 -0.867505 0.038889
vn 0.407943 0.204550 -0.889799
vn 0.407776 0.204474 -0.889893
vn 0.356038 -0.933520 -0.042166
vn 0.349828 -0.935743 -0.044792
vn 0.208954 0.144874 -0.967135
vn 0.200349 0.142614 -0.969289
vn 0.120428 -0.986925 -0.107127
vn 0.111988 -0.987747 -0.108691
vn -0.097833 0.129229 -0.986777
vn -0.072830 0.125467 -0.989421
vn -0.110254 -0.987451 -0.113071
vn -0.133174 -0.985178 -0.108112
vn -0.279493 0.163636 -0.946101
vn -0.279544 0.163650 -0.946083
vn -0.278104 -0.957815 -0.072447
vn -0.278182 -0.957794 -0.072425
vn -0.485711 0.262173 -0.833877
vn -0.485804 0.262228 -0.833805
vn -0.486619 -0.872392 0.046191
vn -0.486712 -0.872337 0.046262
vn -0.641642 0.401360 -0.653610
vn -0.641608 0.401295 -0.653683
vn -0.651186 -0.729232 0.210182
vn -0.651122 -0.729318 0.210084
vn -0.676386 0.471321 -0.566002
vn -0.676386 0.471321 -0.566002
vn -0.696264 -0.659640 0.283006
vn -0.696264 -0.659640 0.283006
vn 0.000000 0.790468 -0.612503
vn 0.000000 0.790468 -0.612503
vn 0.001986 0.792834 -0.609435
vn 0.009508 0.801656 -0.597711
vn -0.009507 -0.801656 0.597710
vn -0.001985 -0.792833 0.609435
vn 0.000000 -0.790468 0.612503
vn 0.000000 -0.790468 0.612503
vn 0.989693 -0.087712 -0.113197
vn 0.884828 -0.285376 -0.368293
vn 0.884828 -0.285376 -0.368293
vn 0.989693 -0.087712 -0.113197
vn 0.709725 -0.431495 -0.556868
vn 0.710541 -0.430991 -0.556218
vn 0.052739 0.805581 -0.590133
vn 0.056204 0.805562 -0.589840
vn 0.538097 -0.516268 -0.666273
vn 0.543056 -0.514316 -0.663754
vn -0.056200 -0.805565 0.589837
vn -0.052731 -0.805584 0.590131
vn 0.069900 0.794646 -0.603035
vn 0.070287 0.795621 -0.601704
vn 0.219667 -0.597541 -0.771162
vn 0.236873 -0.595070 -0.767973
vn -0.070309 -0.795649 0.601664
vn -0.069928 -0.794684 0.602982
vn 0.023193 0.788995 -0.613962
vn 0.033266 0.788221 -0.614493
vn -0.148513 -0.605710 -0.781703
vn -0.142655 -0.606238 -0.782385
vn -0.033270 -0.788235 0.614475
vn -0.023198 -0.789004 0.613950
vn 0.000613 0.790185 -0.612868
vn 0.000647 0.790170 -0.612888
vn -0.397929 -0.561919 -0.725189
vn -0.397860 -0.561938 -0.725213
vn -0.000647 -0.790169 0.612889
vn -0.000615 -0.790184 0.612869
vn 0.000589 0.790197 -0.612853
vn 0.000754 0.790120 -0.612952
vn -0.698662 -0.438215 -0.565543
vn -0.698478 -0.438325 -0.565685
vn -0.000754 -0.790120 0.612952
vn -0.000588 -0.790196 0.612853
vn 0.004258 0.794232 -0.607600
vn 0.006849 0.796501 -0.604599
vn -0.918959 -0.235441 -0.316357
vn -0.918979 -0.235411 -0.316322
vn -0.006919 -0.796382 0.604755
vn -0.004423 -0.794261 0.607561
vn 0.013801 0.802507 -0.596483
vn 0.013801 0.802507 -0.596483
vn -0.969411 -0.137729 -0.203156
vn -0.969411 -0.137729 -0.203156
vn -0.013939 -0.802266 0.596804
vn -0.013939 -0.802266 0.596804
vn -0.920789 -0.232794 -0.312976
vn -0.920820 -0.232746 -0.312921
vn -0.972060 -0.131071 -0.194730
vn -0.972060 -0.131071 -0.194730
vn -0.698663 -0.438214 -0.565542
vn -0.698479 -0.438324 -0.565684
vn -0.397880 -0.561931 -0.725206
vn -0.397769 -0.561961 -0.725244
vn -0.148444 -0.605716 -0.781712
vn -0.142579 -0.606244 -0.782394
vn 0.219523 -0.597562 -0.771187
vn 0.236638 -0.595106 -0.768018
vn 0.538056 -0.516284 -0.666293
vn 0.543010 -0.514334 -0.663778
vn 0.709738 -0.431486 -0.556859
vn 0.710549 -0.430985 -0.556212
vn 0.884834 -0.285368 -0.368284
vn 0.884833 -0.285370 -0.368287
vn 0.989693 -0.087712 -0.113197
vn 0.989693 -0.087712 -0.113197
vn -0.998061 0.000848 -0.062242
vn -0.995750 -0.062193 -0.067927
vn -0.998179 0.007449 -0.059869
vn -0.992385 0.116381 0.040348
vn -0.999323 0.031751 0.018581
vn -0.998729 0.016587 -0.047593
vn 0.816036 -0.232886 0.529008
vn 0.811144 -0.244617 0.531233
vn 0.828403 -0.215282 0.517110
vn 0.844059 -0.390803 0.367202
vn 0.822732 -0.410602 0.393088
vn 0.832801 -0.394225 0.388624
vn -0.074687 -0.731161 -0.678104
vn 0.031665 -0.792856 -0.608586
vn 0.021041 -0.796404 -0.604399
vn 0.032537 -0.735676 -0.676552
vn -0.090467 -0.732406 -0.674831
vn -0.983300 0.158423 0.089571
vn -0.084968 0.737349 0.670147
vn -0.113600 0.644242 0.756338
vn -0.984821 0.130581 0.114349
vn -0.086608 0.731985 0.675793
vn -0.156736 -0.386677 0.908798
vn -0.053232 -0.383336 0.922074
vn -0.029441 0.732523 0.680106
vn -0.162482 -0.739135 -0.653665
vn -0.141752 -0.823264 0.549675
vn 0.027908 -0.754641 -0.655544
vn -0.039589 -0.803336 0.594208
vn 0.766218 -0.550172 0.331995
vn 0.045642 -0.747357 -0.662853
vn 0.079054 -0.872087 -0.482924
vn 0.656052 -0.655233 0.374521
vn 0.055792 -0.767948 -0.638078
vn -0.002425 -0.805855 0.592107
vn 0.624132 -0.208642 0.752946
vn -0.015887 -0.374296 0.927173
vn 0.740476 -0.172261 0.649631
vn 0.020403 0.711873 0.702011
vn -0.002340 0.717871 0.696172
vn 0.058188 0.557826 0.827916
vn -0.129248 0.565849 0.814316
vn -0.988985 0.111962 0.096820
vn 0.030542 -0.856609 -0.515062
vn 0.764794 -0.603568 0.225381
vn 0.724824 -0.067588 0.685610
vn 0.031348 0.580922 0.813356
vn 0.054006 -0.759556 -0.648196
vn 0.794292 -0.545313 0.267831
vn -0.977465 -0.155975 -0.142246
vn -0.013851 -0.885048 -0.465293
vn -0.983717 -0.102226 -0.147820
vn 0.031152 -0.747066 -0.664019
vn -0.085392 0.745926 0.660532
vn -0.990594 0.124558 0.056648
vn 0.754592 -0.101778 0.648254
vn 0.048566 0.702509 0.710016
vn -0.031997 0.661066 0.749645
vn -0.032342 0.735531 0.676718
vn 0.018627 -0.916273 -0.400121
vn 0.023019 -0.737671 -0.674768
vn -0.023005 0.737661 0.674779
vn -0.041518 0.506816 0.861054
s 1
g pCube17
usemtl lambert2SG
f 37/1/1 38/2/2 39/3/3 40/4/4
f 38/2/2 41/5/5 42/6/6 39/3/3
f 41/1571/5 43/1572/7 44/1570/8 42/1568/6
f 43/1572/7 45/1575/9 46/1574/10 44/1570/8
f 45/1575/9 47/1578/11 48/1577/12 46/1574/10
f 47/1578/11 49/1581/13 50/1580/14 48/1577/12
f 49/13/13 51/7/15 52/10/16 50/14/14
f 51/7/15 53/8/17 54/9/18 52/10/16
f 55/11/19 54/9/18 53/8/17 56/12/20
s 2
f 27/1619/21 28/1620/22 38/1621/23 37/1622/24
s 3
f 18/1561/25 17/1562/26 40/1563/27 39/1564/28
s off
f 17/1562/29 27/1565/30 37/1566/31 40/1563/32
s 2
f 28/1620/22 29/1623/33 41/1624/34 38/1621/23
s 3
f 19/1567/35 18/1561/25 39/1564/28 42/1568/36
s 2
f 29/1623/33 30/1625/37 43/1626/38 41/1624/34
s 3
f 20/1569/39 19/1567/35 42/1568/36 44/1570/40
s 2
f 30/1625/37 31/1627/41 45/1628/42 43/1626/38
s 3
f 21/1573/43 20/1569/39 44/1570/40 46/1574/44
s 2
f 31/1627/41 32/1629/45 47/1630/46 45/1628/42
s 3
f 22/1576/47 21/1573/43 46/1574/44 48/1577/48
s 2
f 32/1629/45 33/1631/49 49/1632/50 47/1630/46
s 3
f 23/1579/51 22/1576/47 48/1577/48 50/1580/52
s 2
f 33/1631/49 34/1633/53 51/1634/54 49/1632/50
s 3
f 24/1582/55 23/1579/51 50/1580/52 52/1583/56
s 2
f 34/1633/53 35/1635/57 53/1636/58 51/1634/54
s 3
f 25/1584/59 24/1582/55 52/1583/56 54/1585/60
f 26/1586/61 25/1584/59 54/1585/60 55/1587/62
s 2
f 35/1635/57 36/1637/63 56/1638/64 53/1636/58
s off
f 36/1588/65 26/1586/66 55/1587/67 56/1589/68
s 4
f 58/54/69 57/49/70 60/44/71 59/52/72
f 59/52/72 60/44/71 66/47/73 65/53/74
s 5
f 62/15/75 61/19/76 63/20/77 64/16/78
f 64/16/78 63/20/77 67/23/79 68/22/80
s 4
f 65/674/74 66/675/73 70/676/81 69/677/82
s 5
f 68/1108/80 67/1109/79 71/1110/83 72/1111/84
s 4
f 69/677/82 70/676/81 74/678/85 73/679/86
s 5
f 72/1111/84 71/1110/83 75/1114/87 76/1115/88
s 4
f 73/679/86 74/678/85 78/684/89 77/685/90
s 5
f 76/1115/88 75/1114/87 79/1119/91 80/1120/92
s 4
f 77/685/90 78/684/89 82/690/93 81/691/94
s 5
f 80/1120/92 79/1119/91 83/1124/95 84/1125/96
s 4
f 81/691/94 82/690/93 86/694/97 85/695/98
s 5
f 84/1125/96 83/1124/95 87/1128/99 88/1129/100
s 4
f 85/43/98 86/39/97 90/35/101 89/41/102
s 5
f 88/28/100 87/30/99 91/31/103 92/29/104
s 4
f 89/41/102 90/35/101 94/38/105 93/42/106
s 5
f 92/29/104 91/31/103 96/34/107 95/33/108
s 6
f 58/687/109 59/688/110 65/674/111 1/680/112
s 7
f 2/1112/113 67/1109/114 63/1116/115 61/1117/116
s 8
f 62/15/117 64/16/118 25/17/119 26/18/120
f 24/21/121 25/17/119 64/16/118 68/22/122
s 6
f 1/680/112 65/674/111 69/677/123 3/681/124
s 8
f 23/24/125 24/21/121 68/22/122 72/25/126
s 7
f 67/1109/114 2/1112/113 4/1113/127 71/1110/128
s 6
f 3/681/124 69/677/123 73/679/129 5/686/130
s 8
f 22/1121/131 23/1122/125 72/1111/126 76/1115/132
s 7
f 71/1110/128 4/1113/127 6/1118/133 75/1114/134
s 6
f 5/686/130 73/679/129 77/685/135 7/692/136
s 8
f 21/1126/137 22/1121/131 76/1115/132 80/1120/138
s 7
f 75/1114/134 6/1118/133 8/1123/139 79/1119/140
s 6
f 7/692/136 77/685/135 81/691/141 9/696/142
s 8
f 20/1130/143 21/1126/137 80/1120/138 84/1125/144
s 7
f 79/1119/140 8/1123/139 10/1127/145 83/1124/146
s 6
f 9/696/142 81/691/141 85/695/147 11/698/148
s 8
f 19/1132/149 20/1130/143 84/1125/144 88/1129/150
s 7
f 83/1124/146 10/1127/145 12/1131/151 87/1128/152
s 6
f 11/698/148 85/695/147 89/699/153 13/700/154
s 8
f 18/26/155 19/27/149 88/28/150 92/29/156
s 7
f 87/1128/152 12/1131/151 14/1133/157 91/1134/158
s 6
f 13/700/154 89/699/153 93/701/159 15/702/160
s 8
f 17/32/161 18/26/155 92/29/156 95/33/162
s 7
f 91/1134/158 14/1133/157 16/1135/163 96/1136/164
s 9
f 90/35/165 28/36/166 27/37/167 94/38/168
f 86/39/169 29/40/170 28/36/166 90/35/165
f 82/690/171 30/693/172 29/697/170 86/694/169
f 78/684/173 31/689/174 30/693/172 82/690/171
f 74/678/175 32/683/176 31/689/174 78/684/173
f 70/676/177 33/682/178 32/683/176 74/678/175
f 66/47/179 34/46/180 33/50/178 70/51/177
f 60/44/181 35/45/182 34/46/180 66/47/179
f 36/48/183 35/45/182 60/44/181 57/49/184
s 10
f 100/55/185 147/56/186 146/57/187 133/58/188 132/59/189 97/60/190
f 98/722/191 139/723/192 138/716/193 136/715/194 135/724/195 99/725/196
f 145/1137/197 144/1138/198 107/1139/199 106/1140/200 101/1141/201
f 110/65/202 111/72/203 131/67/204 133/58/188
f 111/72/203 110/65/202 113/74/205 112/77/206
f 112/726/206 114/719/207 130/711/208 129/718/209
f 114/78/207 113/74/205 116/73/210 115/79/211
f 115/720/211 116/721/210 123/713/212 122/712/213
f 117/1151/214 118/1145/215 134/1144/216 136/1152/194
f 118/714/215 117/708/214 121/704/217 120/707/218
f 119/703/219 121/704/217 127/705/220 126/706/221
f 120/707/218 119/703/219 122/712/213 123/713/212
f 124/709/222 125/717/223 128/710/224 127/705/220
f 125/1165/223 124/1169/222 138/1170/193 137/1166/225
f 126/706/221 128/710/224 129/718/209 130/711/208
f 132/59/189 131/67/204 153/75/226 152/68/227
f 135/724/195 134/730/216 141/734/228 140/731/229
f 137/729/225 139/723/192 157/727/230 156/733/231
f 140/1155/229 141/1148/228 143/1154/232 142/1156/233
f 144/63/198 147/56/186 149/61/234 148/70/235
f 148/70/235 149/61/234 151/62/236 150/71/237
f 152/68/227 153/75/226 155/76/238 154/69/239
f 156/1157/231 157/1158/230 159/1159/240 158/1160/241
f 125/1165/223 137/1166/225 104/1167/242 105/1168/243
f 117/708/214 136/715/194 138/716/193 124/709/222
f 106/1140/200 107/1139/199 134/1144/216 118/1145/215
f 110/65/202 133/58/188 146/57/187 145/64/197 101/66/201
f 130/711/208 122/712/213 119/703/219 126/706/221
f 110/65/202 101/66/201 116/73/210 113/74/205
f 123/1146/212 106/1140/200 118/1145/215 120/1153/218
f 117/708/214 124/709/222 127/705/220 121/704/217
f 125/1165/223 105/1168/243 129/1173/209 128/1174/224
f 143/1154/232 141/1148/228 108/1142/244 109/1149/245
f 102/1161/246 103/1162/247 156/1157/231 158/1160/241
f 99/725/196 135/724/195 140/731/229 142/732/233
f 141/1148/228 134/1144/216 107/1139/199 108/1142/244
f 149/61/234 147/56/186 100/55/185 151/62/236
f 97/60/190 132/59/189 152/68/227 154/69/239
f 103/735/247 104/736/242 137/729/225 156/733/231
f 157/727/230 139/723/192 98/722/191 159/728/240
f 155/1163/238 153/1164/226 103/1162/247 102/1161/246
f 153/737/226 131/738/204 104/736/242 103/735/247
f 105/1168/243 104/1167/242 131/1171/204 111/1172/203
f 129/1173/209 105/1168/243 111/1172/203 112/1175/206
f 114/719/207 115/720/211 122/712/213 130/711/208
f 101/1141/201 106/1140/200 123/1146/212 116/1147/210
f 108/1142/244 107/1139/199 144/1138/198 148/1143/235
f 109/1149/245 108/1142/244 148/1143/235 150/1150/237
f 112/77/206 113/74/205 114/78/207
f 119/703/219 120/707/218 121/704/217
f 126/706/221 127/705/220 128/710/224
f 131/67/204 132/59/189 133/58/188
f 134/730/216 135/724/195 136/715/194
f 137/729/225 138/716/193 139/723/192
f 144/63/198 145/64/197 146/57/187 147/56/186
s 15
f 196/80/248 197/81/249 198/82/250 199/83/251
f 197/81/249 200/84/252 201/85/253 198/82/250
f 200/739/252 202/740/254 203/741/255 201/742/253
f 202/740/254 204/743/256 205/744/257 203/741/255
f 204/743/256 206/745/258 207/746/259 205/744/257
f 206/745/258 208/747/260 209/748/261 207/746/259
f 208/92/260 210/90/262 211/91/263 209/93/261
f 210/90/262 212/88/264 213/87/265 211/91/263
f 214/86/266 213/87/265 212/88/264 215/89/267
s 16
f 186/1176/268 187/1177/269 197/1178/270 196/1179/271
s 17
f 177/1196/272 176/1197/273 199/1198/274 198/1199/275
s off
f 176/749/276 186/750/277 196/751/278 199/752/279
s 16
f 187/1177/269 188/1180/280 200/1181/281 197/1178/270
s 17
f 178/1200/282 177/1196/272 198/1199/275 201/1201/283
s 16
f 188/1180/280 189/1182/284 202/1183/285 200/1181/281
s 17
f 179/1202/286 178/1200/282 201/1201/283 203/1203/287
s 16
f 189/1182/284 190/1184/288 204/1185/289 202/1183/285
s 17
f 180/1204/290 179/1202/286 203/1203/287 205/1205/291
s 16
f 190/1184/288 191/1186/292 206/1187/293 204/1185/289
s 17
f 181/1206/294 180/1204/290 205/1205/291 207/1207/295
s 16
f 191/1186/292 192/1188/296 208/1189/297 206/1187/293
s 17
f 182/1208/298 181/1206/294 207/1207/295 209/1209/299
s 16
f 192/1188/296 193/1190/300 210/1191/301 208/1189/297
s 17
f 183/1210/302 182/1208/298 209/1209/299 211/1211/303
s 16
f 193/1190/300 194/1192/304 212/1193/305 210/1191/301
s 17
f 184/1212/306 183/1210/302 211/1211/303 213/1213/307
f 185/1214/308 184/1212/306 213/1213/307 214/1215/309
s 16
f 194/1192/304 195/1194/310 215/1195/311 212/1193/305
s off
f 195/753/312 185/754/313 214/755/314 215/756/315
s 18
f 217/129/316 216/126/317 219/125/318 218/130/319
f 218/130/319 219/125/318 225/128/320 224/133/321
s 19
f 221/94/322 220/98/323 222/99/324 223/95/325
f 223/95/325 222/99/324 226/102/326 227/101/327
s 18
f 224/789/321 225/790/320 229/785/328 228/788/329
s 19
f 227/765/327 226/766/326 230/761/330 231/759/331
s 18
f 228/788/329 229/785/328 233/782/332 232/787/333
s 19
f 231/759/331 230/761/330 234/762/334 235/760/335
s 18
f 232/787/333 233/782/332 237/778/336 236/784/337
s 19
f 235/760/335 234/762/334 238/767/338 239/764/339
s 18
f 236/784/337 237/778/336 241/774/340 240/780/341
s 19
f 239/764/339 238/767/338 242/770/342 243/769/343
s 18
f 240/780/341 241/774/340 245/777/344 244/781/345
s 19
f 243/769/343 242/770/342 246/773/346 247/772/347
s 18
f 244/122/345 245/118/344 249/114/348 248/120/349
s 19
f 247/110/347 246/113/346 250/111/350 251/107/351
s 18
f 248/120/349 249/114/348 253/117/352 252/121/353
s 19
f 251/107/351 250/111/350 255/112/354 254/108/355
s 20
f 217/1216/356 218/1217/357 224/1218/358 160/1219/359
s 21
f 161/1234/360 226/1235/361 222/1236/362 220/1237/363
s 22
f 221/94/364 223/95/365 184/96/366 185/97/367
f 183/100/368 184/96/366 223/95/365 227/101/369
s 20
f 160/1219/359 224/1218/358 228/1220/370 162/1221/371
s 22
f 182/103/372 183/100/368 227/101/369 231/104/373
s 21
f 226/1235/361 161/1234/360 163/1238/374 230/1239/375
s 20
f 162/1221/371 228/1220/370 232/1222/376 164/1223/377
s 22
f 181/757/378 182/758/372 231/759/373 235/760/379
s 21
f 230/1239/375 163/1238/374 165/1240/380 234/1241/381
s 20
f 164/1223/377 232/1222/376 236/1224/382 166/1225/383
s 22
f 180/763/384 181/757/378 235/760/379 239/764/385
s 21
f 234/1241/381 165/1240/380 167/1242/386 238/1243/387
s 20
f 166/1225/383 236/1224/382 240/1226/388 168/1227/389
s 22
f 179/768/390 180/763/384 239/764/385 243/769/391
s 21
f 238/1243/387 167/1242/386 169/1244/392 242/1245/393
s 20
f 168/1227/389 240/1226/388 244/1228/394 170/1229/395
s 22
f 178/771/396 179/768/390 243/769/391 247/772/397
s 21
f 242/1245/393 169/1244/392 171/1246/398 246/1247/399
s 20
f 170/1229/395 244/1228/394 248/1230/400 172/1231/401
s 22
f 177/106/402 178/109/396 247/110/397 251/107/403
s 21
f 246/1247/399 171/1246/398 173/1248/404 250/1249/405
s 20
f 172/1231/401 248/1230/400 252/1232/406 174/1233/407
s 22
f 176/105/408 177/106/402 251/107/403 254/108/409
s 21
f 250/1249/405 173/1248/404 175/1250/410 255/1251/411
s 23
f 249/114/412 187/115/413 186/116/414 253/117/415
f 245/118/416 188/119/417 187/115/413 249/114/412
f 241/774/418 189/775/419 188/776/417 245/777/416
f 237/778/420 190/779/421 189/775/419 241/774/418
f 233/782/422 191/783/423 190/779/421 237/778/420
f 229/785/424 192/786/425 191/783/423 233/782/422
f 225/128/426 193/127/427 192/131/425 229/132/424
f 219/125/428 194/124/429 193/127/427 225/128/426
f 195/123/430 194/124/429 219/125/428 216/126/431
s 24
f 546/134/432 547/135/433 548/136/434 549/137/435
f 547/135/433 550/139/436 551/140/437 548/136/434
f 550/139/436 552/143/438 553/144/439 551/140/437
f 552/143/438 554/147/440 555/148/441 553/144/439
f 554/147/440 556/151/442 557/152/443 555/148/441
f 556/151/442 558/155/444 559/156/445 557/152/443
f 558/155/444 560/159/446 561/160/447 559/156/445
f 560/159/446 562/163/448 563/164/449 561/160/447
f 562/163/448 564/165/450 565/166/451 563/164/449
f 564/165/450 566/161/452 567/162/453 565/166/451
f 566/161/452 568/157/454 569/158/455 567/162/453
f 568/157/454 570/153/456 571/154/457 569/158/455
f 570/153/456 572/149/458 573/150/459 571/154/457
f 572/149/458 574/145/460 575/146/461 573/150/459
f 574/145/460 576/141/462 577/142/463 575/146/461
f 576/141/462 546/134/432 549/137/435 577/142/463
s 25
f 256/167/464 257/168/465 273/169/466 272/170/467
f 257/168/465 258/173/468 274/174/469 273/169/466
f 258/173/468 259/183/470 275/184/471 274/174/469
f 259/183/470 260/197/472 276/198/473 275/184/471
f 260/197/472 261/213/474 277/214/475 276/198/473
f 261/213/474 262/230/476 278/231/477 277/214/475
f 262/230/476 263/248/478 279/249/479 278/231/477
f 263/248/478 264/268/480 280/269/481 279/249/479
f 264/268/480 265/281/482 281/282/483 280/269/481
f 265/281/482 266/260/484 282/261/485 281/282/483
f 266/260/484 267/240/486 283/241/487 282/261/485
f 267/240/486 268/222/488 284/223/489 283/241/487
f 268/222/488 269/205/490 285/206/491 284/223/489
f 269/205/490 270/189/492 286/190/493 285/206/491
f 270/189/492 271/177/494 287/178/495 286/190/493
f 271/177/494 256/167/464 272/170/467 287/178/495
f 272/170/467 273/169/466 289/175/496 288/176/497
f 273/169/466 274/174/469 290/185/498 289/175/496
f 274/174/469 275/184/471 291/199/499 290/185/498
f 275/184/471 276/198/473 292/215/500 291/199/499
f 276/198/473 277/214/475 293/232/501 292/215/500
f 277/214/475 278/231/477 294/250/502 293/232/501
f 278/231/477 279/249/479 295/270/503 294/250/502
f 279/249/479 280/269/481 296/289/504 295/270/503
f 280/269/481 281/282/483 297/298/505 296/289/504
f 281/282/483 282/261/485 298/280/506 297/298/505
f 282/261/485 283/241/487 299/259/507 298/280/506
f 283/241/487 284/223/489 300/239/508 299/259/507
f 284/223/489 285/206/491 301/221/509 300/239/508
f 285/206/491 286/190/493 302/204/510 301/221/509
f 286/190/493 287/178/495 303/188/511 302/204/510
f 287/178/495 272/170/467 288/176/497 303/188/511
f 288/176/497 289/175/496 305/186/512 304/187/513
f 289/175/496 290/185/498 306/200/514 305/186/512
f 290/185/498 291/199/499 307/216/515 306/200/514
f 291/199/499 292/215/500 308/233/516 307/216/515
f 292/215/500 293/232/501 309/251/517 308/233/516
f 293/232/501 294/250/502 310/271/518 309/251/517
f 294/250/502 295/270/503 311/290/519 310/271/518
f 295/270/503 296/289/504 312/303/520 311/290/519
f 296/289/504 297/298/505 313/311/521 312/303/520
f 297/298/505 298/280/506 314/297/522 313/311/521
f 298/280/506 299/259/507 315/279/523 314/297/522
f 299/259/507 300/239/508 316/258/524 315/279/523
f 300/239/508 301/221/509 317/238/525 316/258/524
f 301/221/509 302/204/510 318/220/526 317/238/525
f 302/204/510 303/188/511 319/203/527 318/220/526
f 303/188/511 288/176/497 304/187/513 319/203/527
s 26
f 639/254/528 640/274/529 641/291/530 642/292/531
f 640/274/529 643/272/532 644/306/533 641/291/530
s 25
f 306/1252/514 307/1253/515 322/1254/534 321/1255/535
f 307/1253/515 308/1256/516 323/1257/536 322/1254/534
f 308/1256/516 309/1262/517 324/1263/537 323/1257/536
f 309/791/517 310/792/518 325/793/538 324/794/537
s 27
f 711/329/539 712/334/540 713/336/541 714/337/542
f 712/334/540 715/332/543 716/338/544 713/336/541
s 25
f 312/810/520 313/811/521 327/812/545 326/813/546
f 313/1302/521 314/1303/522 328/1304/547 327/1305/545
f 314/1303/522 315/1306/523 329/1307/548 328/1304/547
f 315/1306/523 316/1308/524 330/1309/549 329/1307/548
s 28
f 660/319/550 661/317/551 662/326/552 663/331/553
f 661/317/551 664/307/554 665/325/555 662/326/552
s 25
f 318/829/526 319/830/527 332/831/556 331/832/557
f 319/830/527 304/833/513 320/834/558 332/831/556
s 26
f 642/858/531 641/878/530 645/879/559 646/867/560
f 641/1289/530 644/1275/533 647/1282/561 645/1290/559
s 25
f 321/1255/535 322/1254/534 335/1258/562 334/1259/563
f 322/1254/534 323/1257/536 336/1264/564 335/1258/562
f 323/799/536 324/794/537 337/796/565 336/800/564
f 324/794/537 325/793/538 338/795/566 337/796/565
s 27
f 714/908/542 713/909/541 717/910/567 718/911/568
f 713/909/541 716/912/544 719/913/569 717/910/567
s 25
f 326/813/546 327/812/545 340/814/570 339/815/571
f 327/812/545 328/816/547 341/817/572 340/814/570
f 328/1304/547 329/1307/548 342/1310/573 341/1311/572
f 329/1307/548 330/1309/549 343/1314/574 342/1310/573
s 28
f 663/1324/553 662/1336/552 666/1337/575 667/1330/576
f 662/876/552 665/855/555 668/866/577 666/877/575
s 25
f 331/832/557 332/831/556 345/835/578 344/836/579
f 332/831/556 320/834/558 333/841/580 345/835/578
s 26
f 646/867/560 645/879/559 648/888/581 649/880/582
f 645/879/559 647/897/561 650/898/583 648/888/581
s 25
f 334/1259/563 335/1258/562 348/1265/584 347/1266/585
f 335/1258/562 336/1264/564 349/1270/586 348/1265/584
f 336/800/564 337/796/565 350/798/587 349/803/586
f 337/796/565 338/795/566 351/797/588 350/798/587
s 27
f 718/911/568 717/910/567 720/914/589 721/915/590
f 717/910/567 719/913/569 722/920/591 720/914/589
s 25
f 339/815/571 340/814/570 353/818/592 352/819/593
f 340/814/570 341/817/572 354/820/594 353/818/592
f 341/1311/572 342/1310/573 355/1315/595 354/1316/594
f 342/1310/573 343/1314/574 356/1320/596 355/1315/595
s 28
f 667/895/576 666/877/575 669/887/597 670/896/598
f 666/877/575 668/866/577 671/875/599 669/887/597
s 25
f 344/836/579 345/835/578 358/842/600 357/843/601
f 345/835/578 333/841/580 346/850/602 358/842/600
s 26
f 649/880/582 648/888/581 651/899/603 652/889/604
f 648/888/581 650/898/583 653/905/605 651/899/603
s 25
f 347/1266/585 348/1265/584 361/1271/606 360/1272/607
f 348/1265/584 349/1270/586 362/1277/608 361/1271/606
f 349/803/586 350/798/587 363/802/609 362/806/608
f 350/798/587 351/797/588 364/801/610 363/802/609
s 27
f 721/915/590 720/914/589 723/921/611 724/922/612
f 720/914/589 722/920/591 725/929/613 723/921/611
s 25
f 352/819/593 353/818/592 366/821/614 365/822/615
f 353/818/592 354/820/594 367/823/616 366/821/614
f 354/1316/594 355/1315/595 368/1321/617 367/1322/616
f 355/1315/595 356/1320/596 369/1327/618 368/1321/617
s 28
f 670/896/598 669/887/597 672/894/619 673/904/620
f 669/887/597 671/875/599 674/886/621 672/894/619
s 25
f 357/843/601 358/842/600 371/851/622 370/852/623
f 358/842/600 346/850/602 359/861/624 371/851/622
s 26
f 652/889/604 651/899/603 654/906/625 655/900/626
f 651/1300/603 653/1294/605 656/1298/627 654/1301/625
s 25
f 360/1272/607 361/1271/606 374/1278/628 373/1279/629
f 361/1271/606 362/1277/608 375/1283/630 374/1278/628
f 362/806/608 363/802/609 376/805/631 375/809/630
f 363/802/609 364/801/610 377/804/632 376/805/631
s 27
f 724/922/612 723/921/611 726/930/633 727/931/634
f 723/921/611 725/929/613 728/934/635 726/930/633
s 25
f 365/822/615 366/821/614 379/824/636 378/825/637
f 366/821/614 367/823/616 380/826/638 379/824/636
f 367/1322/616 368/1321/617 381/1328/639 380/1329/638
f 368/1321/617 369/1327/618 382/1333/640 381/1328/639
s 28
f 673/1344/620 672/1349/619 675/1350/641 676/1347/642
f 672/894/619 674/886/621 677/893/643 675/903/641
s 25
f 370/852/623 371/851/622 384/862/644 383/863/645
f 371/851/622 359/861/624 372/870/646 384/862/644
s 26
f 655/400/626 654/401/625 657/388/647 658/387/648
f 654/401/625 656/415/627 659/402/649 657/388/647
s 25
f 373/1279/629 374/1278/628 388/1284/650 387/1285/651
f 374/1278/628 375/1283/630 389/1291/652 388/1284/650
f 375/1283/630 376/1295/631 390/1296/653 389/1291/652
f 376/805/631 377/804/632 391/807/654 390/808/653
s 27
f 727/452/634 726/453/633 729/450/655 730/449/656
f 726/453/633 728/455/635 731/454/657 729/450/655
s 25
f 378/825/637 379/824/636 394/827/658 393/828/659
f 379/1342/636 380/1329/638 395/1335/660 394/1343/658
f 380/1329/638 381/1328/639 396/1334/661 395/1335/660
f 381/1328/639 382/1333/640 397/1341/662 396/1334/661
s 28
f 676/448/642 675/442/641 678/431/663 679/441/664
f 675/442/641 677/443/643 680/432/665 678/431/663
s 25
f 383/863/645 384/862/644 400/871/666 399/872/667
f 384/862/644 372/870/646 385/883/668 400/871/666
f 385/351/668 386/352/669 402/344/670 401/343/671
f 386/352/669 387/364/651 403/353/672 402/344/670
f 387/364/651 388/377/650 404/366/673 403/353/672
f 388/377/650 389/390/652 405/379/674 404/366/673
f 389/390/652 390/403/653 406/392/675 405/379/674
f 390/403/653 391/416/654 407/407/676 406/392/675
f 391/416/654 392/429/677 408/421/678 407/407/676
f 392/429/677 393/440/659 409/434/679 408/421/678
f 393/440/659 394/444/658 410/435/680 409/434/679
f 394/444/658 395/433/660 411/422/681 410/435/680
f 395/433/660 396/420/661 412/408/682 411/422/681
f 396/420/661 397/406/662 413/393/683 412/408/682
f 397/406/662 398/391/684 414/380/685 413/393/683
f 398/391/684 399/378/667 415/367/686 414/380/685
f 399/378/667 400/365/666 416/354/687 415/367/686
f 400/365/666 385/351/668 401/343/671 416/354/687
f 401/343/671 402/344/670 418/340/688 417/339/689
f 402/344/670 403/353/672 419/345/690 418/340/688
f 403/353/672 404/366/673 420/355/691 419/345/690
f 404/366/673 405/379/674 421/368/692 420/355/691
f 405/379/674 406/392/675 422/381/693 421/368/692
f 406/392/675 407/407/676 423/394/694 422/381/693
f 407/407/676 408/421/678 424/409/695 423/394/694
f 408/421/678 409/434/679 425/423/696 424/409/695
f 409/434/679 410/435/680 426/427/697 425/423/696
f 410/435/680 411/422/681 427/413/698 426/427/697
f 411/422/681 412/408/682 428/398/699 427/413/698
f 412/408/682 413/393/683 429/385/700 428/398/699
f 413/393/683 414/380/685 430/372/701 429/385/700
f 414/380/685 415/367/686 431/360/702 430/372/701
f 415/367/686 416/354/687 432/349/703 431/360/702
f 416/354/687 401/343/671 417/339/689 432/349/703
f 417/339/689 418/340/688 434/341/704 433/342/705
f 418/340/688 419/345/690 435/346/706 434/341/704
f 419/345/690 420/355/691 436/356/707 435/346/706
f 420/355/691 421/368/692 437/369/708 436/356/707
f 421/368/692 422/381/693 438/382/709 437/369/708
f 422/381/693 423/394/694 439/395/710 438/382/709
f 423/394/694 424/409/695 440/410/711 439/395/710
f 424/409/695 425/423/696 441/424/712 440/410/711
f 425/423/696 426/427/697 442/428/713 441/424/712
f 426/427/697 427/413/698 443/414/714 442/428/713
f 427/413/698 428/398/699 444/399/715 443/414/714
f 428/398/699 429/385/700 445/386/716 444/399/715
f 429/385/700 430/372/701 446/373/717 445/386/716
f 430/372/701 431/360/702 447/361/718 446/373/717
f 431/360/702 432/349/703 448/350/719 447/361/718
f 432/349/703 417/339/689 433/342/705 448/350/719
f 433/342/705 434/341/704 450/347/720 449/348/721
f 434/341/704 435/346/706 451/357/722 450/347/720
f 435/346/706 436/356/707 452/370/723 451/357/722
f 436/356/707 437/369/708 453/383/724 452/370/723
f 437/369/708 438/382/709 454/396/725 453/383/724
f 438/382/709 439/395/710 455/411/726 454/396/725
f 439/395/710 440/410/711 456/425/727 455/411/726
f 440/410/711 441/424/712 457/436/728 456/425/727
f 441/424/712 442/428/713 458/437/729 457/436/728
f 442/428/713 443/414/714 459/426/730 458/437/729
f 443/414/714 444/399/715 460/412/731 459/426/730
f 444/399/715 445/386/716 461/397/732 460/412/731
f 445/386/716 446/373/717 462/384/733 461/397/732
f 446/373/717 447/361/718 463/371/734 462/384/733
f 447/361/718 448/350/719 464/359/735 463/371/734
f 448/350/719 433/342/705 449/348/721 464/359/735
s 24
f 547/135/433 546/134/432 578/138/736
f 550/139/436 547/135/433 578/138/736
f 552/143/438 550/139/436 578/138/736
f 554/147/440 552/143/438 578/138/736
f 556/151/442 554/147/440 578/138/736
f 558/155/444 556/151/442 578/138/736
f 560/159/446 558/155/444 578/138/736
f 562/163/448 560/159/446 578/138/736
f 564/165/450 562/163/448 578/138/736
f 566/161/452 564/165/450 578/138/736
f 568/157/454 566/161/452 578/138/736
f 570/153/456 568/157/454 578/138/736
f 572/149/458 570/153/456 578/138/736
f 574/145/460 572/149/458 578/138/736
f 576/141/462 574/145/460 578/138/736
f 546/134/432 576/141/462 578/138/736
s 25
f 449/348/721 450/347/720 465/358/737
f 450/347/720 451/357/722 465/358/737
f 451/357/722 452/370/723 465/358/737
f 452/370/723 453/383/724 465/358/737
f 453/383/724 454/396/725 465/358/737
f 454/396/725 455/411/726 465/358/737
f 455/411/726 456/425/727 465/358/737
f 456/425/727 457/436/728 465/358/737
f 457/436/728 458/437/729 465/358/737
f 458/437/729 459/426/730 465/358/737
f 459/426/730 460/412/731 465/358/737
f 460/412/731 461/397/732 465/358/737
f 461/397/732 462/384/733 465/358/737
f 462/384/733 463/371/734 465/358/737
f 463/371/734 464/359/735 465/358/737
f 464/359/735 449/348/721 465/358/737
f 257/168/465 256/167/464 467/171/738 466/172/739
f 258/173/468 257/168/465 466/172/739 468/182/740
f 259/183/470 258/173/468 468/182/740 469/196/741
f 260/197/472 259/183/470 469/196/741 470/212/742
f 261/213/474 260/197/472 470/212/742 471/229/743
f 262/230/476 261/213/474 471/229/743 472/247/744
f 263/248/478 262/230/476 472/247/744 473/267/745
f 264/268/480 263/248/478 473/267/745 474/288/746
f 265/281/482 264/268/480 474/288/746 475/283/747
f 266/260/484 265/281/482 475/283/747 476/262/748
f 267/240/486 266/260/484 476/262/748 477/242/749
f 268/222/488 267/240/486 477/242/749 478/224/750
f 269/205/490 268/222/488 478/224/750 479/207/751
f 270/189/492 269/205/490 479/207/751 480/191/752
f 271/177/494 270/189/492 480/191/752 481/179/753
f 256/167/464 271/177/494 481/179/753 467/171/738
s 30
f 466/172/754 467/171/755 483/180/756 482/181/757
f 468/182/758 466/172/759 482/181/757 484/195/760
f 469/196/761 468/182/762 484/195/760 485/211/763
f 470/212/764 469/196/765 485/211/763 486/228/766
f 471/229/767 470/212/768 486/228/766 487/246/769
f 472/247/770 471/229/771 487/246/769 488/266/772
f 473/267/773 472/247/774 488/266/772 489/287/775
f 474/288/776 473/267/777 489/287/775 490/302/778
f 475/283/779 474/288/780 490/302/778 491/299/781
f 476/262/782 475/283/783 491/299/781 492/284/784
f 477/242/785 476/262/786 492/284/784 493/263/787
f 478/224/788 477/242/789 493/263/787 494/243/790
f 479/207/791 478/224/792 494/243/790 495/225/793
f 480/191/794 479/207/795 495/225/793 496/208/796
f 481/179/797 480/191/798 496/208/796 497/192/799
f 467/171/800 481/179/801 497/192/799 483/180/756
f 482/181/757 483/180/756 499/193/802 498/194/803
f 484/195/760 482/181/757 498/194/803 500/210/804
f 485/211/763 484/195/760 500/210/804 501/227/805
f 486/228/766 485/211/763 501/227/805 502/245/806
f 487/246/769 486/228/766 502/245/806 503/265/807
f 488/266/772 487/246/769 503/265/807 504/286/808
f 489/287/775 488/266/772 504/286/808 505/301/809
f 490/302/778 489/287/775 505/301/809 506/313/810
f 491/299/781 490/302/778 506/313/810 507/312/811
f 492/284/784 491/299/781 507/312/811 508/300/812
f 493/263/787 492/284/784 508/300/812 509/285/813
f 494/243/790 493/263/787 509/285/813 510/264/814
f 495/225/793 494/243/790 510/264/814 511/244/815
f 496/208/796 495/225/793 511/244/815 512/226/816
f 497/192/799 496/208/796 512/226/816 513/209/817
f 483/180/756 497/192/799 513/209/817 499/193/802
s off
f 498/965/818 499/961/819 515/962/820 514/966/821
f 500/967/822 498/965/823 514/966/824 516/968/825
f 501/1352/826 500/1353/827 516/1354/828 517/1355/829
f 502/1356/830 501/1352/831 517/1355/832 518/1357/833
f 503/945/834 502/949/835 518/950/836 519/946/837
f 504/942/838 503/945/839 519/946/840 520/943/841
f 505/941/842 504/942/843 520/943/844 521/944/845
f 506/947/846 505/941/847 521/944/848 522/948/849
f 507/951/850 506/947/851 522/948/852 523/952/853
f 508/953/854 507/951/855 523/952/856 524/954/857
f 509/1358/858 508/1359/859 524/1360/860 525/1361/861
f 510/1362/862 509/1358/863 525/1361/864 526/1363/865
f 511/959/866 510/963/867 526/964/868 527/960/869
f 512/956/870 511/959/871 527/960/872 528/957/873
f 513/955/874 512/956/875 528/957/876 529/958/877
f 499/961/878 513/955/879 529/958/880 515/962/881
f 514/456/882 515/457/883 531/458/884 530/459/885
f 516/462/886 514/456/887 530/459/888 532/463/889
f 517/466/890 516/462/891 532/463/892 533/467/893
f 518/470/894 517/466/895 533/467/896 534/471/897
f 519/474/898 518/470/899 534/471/900 535/475/901
f 520/478/902 519/474/903 535/475/904 536/479/905
f 521/482/906 520/478/907 536/479/908 537/483/909
f 522/486/910 521/482/911 537/483/912 538/487/913
f 523/484/914 522/486/915 538/487/916 539/485/917
f 524/480/918 523/484/919 539/485/920 540/481/921
f 525/476/922 524/480/923 540/481/924 541/477/925
f 526/472/926 525/476/927 541/477/928 542/473/929
f 527/468/930 526/472/931 542/473/932 543/469/933
f 528/464/934 527/468/935 543/469/936 544/465/937
f 529/460/938 528/464/939 544/465/940 545/461/941
f 515/457/942 529/460/943 545/461/944 531/458/945
f 530/993/946 531/989/947 549/990/948 548/994/949
f 532/995/950 530/993/951 548/994/952 551/996/953
f 533/1364/954 532/1365/955 551/1366/956 553/1367/957
f 534/1368/958 533/1364/959 553/1367/960 555/1369/961
f 535/973/962 534/977/963 555/978/964 557/974/965
f 536/970/966 535/973/967 557/974/968 559/971/969
f 537/969/970 536/970/971 559/971/972 561/972/973
f 538/975/974 537/969/975 561/972/976 563/976/977
f 539/979/978 538/975/979 563/976/980 565/980/981
f 540/981/982 539/979/983 565/980/984 567/982/985
f 541/1370/986 540/1371/987 567/1372/988 569/1373/989
f 542/1374/990 541/1370/991 569/1373/992 571/1375/993
f 543/987/994 542/991/995 571/992/996 573/988/997
f 544/984/998 543/987/999 573/988/1000 575/985/1001
f 545/983/1002 544/984/1003 575/985/1004 577/986/1005
f 531/989/1006 545/983/1007 577/986/1008 549/990/1009
s 46
f 762/488/1010 763/489/1011 764/490/1012 765/491/1013
s 47
f 320/834/1014 304/833/1015 579/839/1016 580/840/1017
s 46
f 763/489/1011 766/492/1018 767/493/1019 764/490/1012
s 48
f 306/1252/1020 321/1255/1021 582/1260/1022 581/1261/1023
s 47
f 333/841/1024 320/834/1014 580/840/1017 583/849/1025
s 48
f 321/1255/1021 334/1259/1026 584/1267/1027 582/1260/1022
s 47
f 346/850/1028 333/841/1024 583/849/1025 585/860/1029
s 48
f 334/1259/1026 347/1266/1030 586/1273/1031 584/1267/1027
s 47
f 359/861/1032 346/850/1028 585/860/1029 587/869/1033
s 48
f 347/1266/1030 360/1272/1034 588/1280/1035 586/1273/1031
s 47
f 372/870/1036 359/861/1032 587/869/1033 589/882/1037
s 48
f 360/1272/1034 373/1279/1038 590/1286/1039 588/1280/1035
s 49
f 386/352/1040 385/351/1041 592/362/1042 591/363/1043
s 47
f 385/883/1044 372/870/1036 589/882/1037 592/891/1045
s 48
f 373/1279/1038 387/1285/1046 593/1292/1047 590/1286/1039
s 49
f 387/364/1048 386/352/1040 591/363/1043 593/376/1049
s 50
f 774/500/1050 775/501/1051 776/502/1052 777/503/1053
s 51
f 330/1309/1054 316/1308/1055 594/1312/1056 595/1313/1057
s 50
f 775/501/1051 778/504/1058 779/505/1059 776/502/1052
s 52
f 318/829/1060 331/832/1061 597/837/1062 596/838/1063
s 51
f 343/1314/1064 330/1309/1054 595/1313/1057 598/1319/1065
s 52
f 331/832/1061 344/836/1066 599/844/1067 597/837/1062
s 51
f 356/1320/1068 343/1314/1064 598/1319/1065 600/1326/1069
s 52
f 344/836/1066 357/843/1070 601/853/1071 599/844/1067
s 51
f 369/1327/1072 356/1320/1068 600/1326/1069 602/1332/1073
s 52
f 357/843/1070 370/852/1074 603/864/1075 601/853/1071
s 51
f 382/1333/1076 369/1327/1072 602/1332/1073 604/1340/1077
s 52
f 370/852/1074 383/863/1078 605/873/1079 603/864/1075
s 53
f 398/391/1080 397/406/1081 607/417/1082 606/404/1083
s 51
f 397/1341/1084 382/1333/1076 604/1340/1077 607/1346/1085
s 52
f 383/863/1078 399/872/1086 608/884/1087 605/873/1079
s 53
f 399/378/1088 398/391/1080 606/404/1083 608/405/1089
s 46
f 765/491/1013 764/490/1012 768/494/1090 769/495/1091
s 26
f 580/840/1092 579/839/1093 609/847/1094 610/848/1095
s 46
f 764/490/1012 767/493/1019 770/496/1096 768/494/1090
s 26
f 581/1261/1097 582/1260/1098 612/1268/1099 611/1269/1100
f 583/849/1101 580/840/1092 610/848/1095 613/859/1102
f 582/1260/1098 584/1267/1103 614/1274/1104 612/1268/1099
f 585/860/1105 583/849/1101 613/859/1102 615/868/1106
f 584/1267/1103 586/1273/1107 616/1281/1108 614/1274/1104
f 587/869/1109 585/860/1105 615/868/1106 617/881/1110
f 586/1273/1107 588/1280/1111 618/1287/1112 616/1281/1108
f 589/882/1113 587/869/1109 617/881/1110 619/890/1114
f 588/1280/1111 590/1286/1115 620/1293/1116 618/1287/1112
s 49
f 591/363/1043 592/362/1042 622/374/1117 621/375/1118
s 26
f 592/891/1119 589/882/1113 619/890/1114 622/901/1120
f 590/1286/1115 593/1292/1121 623/1297/1122 620/1293/1116
s 49
f 593/376/1049 591/363/1043 621/375/1118 623/389/1123
s 50
f 777/503/1053 776/502/1052 780/506/1124 781/507/1125
s 28
f 595/1313/1126 594/1312/1127 624/1317/1128 625/1318/1129
s 50
f 776/502/1052 779/505/1059 782/508/1130 780/506/1124
s 28
f 596/838/1131 597/837/1132 627/845/1133 626/846/1134
f 598/1319/1135 595/1313/1126 625/1318/1129 628/1325/1136
f 597/837/1132 599/844/1137 629/854/1138 627/845/1133
f 600/1326/1139 598/1319/1135 628/1325/1136 630/1331/1140
f 599/844/1137 601/853/1141 631/865/1142 629/854/1138
f 602/1332/1143 600/1326/1139 630/1331/1140 632/1339/1144
f 601/853/1141 603/864/1145 633/874/1146 631/865/1142
f 604/1340/1147 602/1332/1143 632/1339/1144 634/1345/1148
f 603/864/1145 605/873/1149 635/885/1150 633/874/1146
s 53
f 606/404/1083 607/417/1082 637/430/1151 636/418/1152
s 28
f 607/1346/1153 604/1340/1147 634/1345/1148 637/1348/1154
f 605/873/1149 608/884/1155 638/892/1156 635/885/1150
s 53
f 608/405/1089 606/404/1083 636/418/1152 638/419/1157
s 56
f 769/495/1158 768/494/1159 771/497/1160 772/498/1161
s 26
f 610/848/1095 609/847/1094 639/857/528 642/858/531
s 56
f 768/494/1159 770/496/1162 773/499/1163 771/497/1160
s 26
f 611/1269/1100 612/1268/1099 644/1275/533 643/1276/532
f 613/859/1102 610/848/1095 642/858/531 646/867/560
f 612/1268/1099 614/1274/1104 647/1282/561 644/1275/533
f 615/868/1106 613/859/1102 646/867/560 649/880/582
f 614/1274/1104 616/1281/1108 650/1288/583 647/1282/561
f 617/881/1110 615/868/1106 649/880/582 652/889/604
f 616/1281/1108 618/1287/1112 653/1294/605 650/1288/583
f 619/890/1114 617/881/1110 652/889/604 655/900/626
f 618/1287/1112 620/1293/1116 656/1298/627 653/1294/605
s 57
f 621/375/1164 622/374/1165 658/387/1166 657/388/1167
s 26
f 622/901/1120 619/890/1114 655/900/626 658/907/648
f 620/1293/1116 623/1297/1122 659/1299/649 656/1298/627
s 57
f 623/389/1168 621/375/1164 657/388/1167 659/402/1169
s 58
f 781/507/1170 780/506/1171 783/509/1172 784/510/1173
s 28
f 625/1318/1129 624/1317/1128 660/1323/550 663/1324/553
s 58
f 780/506/1171 782/508/1174 785/511/1175 783/509/1172
s 28
f 626/846/1134 627/845/1133 665/855/555 664/856/554
f 628/1325/1136 625/1318/1129 663/1324/553 667/1330/576
f 627/845/1133 629/854/1138 668/866/577 665/855/555
f 630/1331/1140 628/1325/1136 667/1330/576 670/1338/598
f 629/854/1138 631/865/1142 671/875/599 668/866/577
f 632/1339/1144 630/1331/1140 670/1338/598 673/1344/620
f 631/865/1142 633/874/1146 674/886/621 671/875/599
f 634/1345/1148 632/1339/1144 673/1344/620 676/1347/642
f 633/874/1146 635/885/1150 677/893/643 674/886/621
s 59
f 636/418/1176 637/430/1177 679/441/1178 678/431/1179
s 28
f 637/1348/1154 634/1345/1148 676/1347/642 679/1351/664
f 635/885/1150 638/892/1156 680/902/665 677/893/643
s 59
f 638/419/1180 636/418/1176 678/431/1179 680/432/1181
s 60
f 786/512/1182 787/513/1183 788/514/1184 789/515/1185
s 61
f 325/1376/1186 310/1377/1187 681/1378/1188 682/1379/1189
s 60
f 787/513/1183 790/516/1190 791/517/1191 788/514/1184
s 62
f 312/1397/1192 326/1398/1193 684/1399/1194 683/1400/1195
s 61
f 338/1382/1196 325/1376/1186 682/1379/1189 685/1383/1197
s 62
f 326/1398/1193 339/1401/1198 686/1402/1199 684/1399/1194
s 61
f 351/1385/1200 338/1382/1196 685/1383/1197 687/1386/1201
s 62
f 339/1401/1198 352/1405/1202 688/1406/1203 686/1402/1199
s 61
f 364/1388/1204 351/1385/1200 687/1386/1201 689/1389/1205
s 62
f 352/1405/1202 365/1408/1206 690/1409/1207 688/1406/1203
s 61
f 377/1391/1208 364/1388/1204 689/1389/1205 691/1392/1209
s 62
f 365/1408/1206 378/1411/1210 692/1412/1211 690/1409/1207
s 63
f 392/429/1212 391/416/1213 694/438/1214 693/439/1215
s 61
f 391/1394/1216 377/1391/1208 691/1392/1209 694/1395/1217
s 62
f 378/1411/1210 393/1414/1218 695/1415/1219 692/1412/1211
s 63
f 393/440/1220 392/429/1212 693/439/1215 695/447/1221
s 60
f 789/515/1185 788/514/1184 792/518/1222 793/519/1223
s 64
f 682/1379/1224 681/1378/1225 696/1380/1226 697/1381/1227
s 60
f 788/514/1184 791/517/1191 794/520/1228 792/518/1222
s 65
f 683/1400/1229 684/1399/1230 699/1403/1231 698/1404/1232
s 64
f 685/1383/1233 682/1379/1224 697/1381/1227 700/1384/1234
s 65
f 684/1399/1230 686/1402/1235 701/1407/1236 699/1403/1231
s 64
f 687/1386/1237 685/1383/1233 700/1384/1234 702/1387/1238
s 65
f 686/1402/1235 688/1406/1239 703/1410/1240 701/1407/1236
s 64
f 689/1389/1241 687/1386/1237 702/1387/1238 704/1390/1242
s 65
f 688/1406/1239 690/1409/1243 705/1413/1244 703/1410/1240
s 64
f 691/1392/1245 689/1389/1241 704/1390/1242 706/1393/1246
s 65
f 690/1409/1243 692/1412/1247 707/1416/1248 705/1413/1244
s 63
f 693/439/1215 694/438/1214 709/445/1249 708/446/1250
s 64
f 694/1395/1251 691/1392/1245 706/1393/1246 709/1396/1252
s 65
f 692/1412/1247 695/1415/1253 710/1417/1254 707/1416/1248
s 63
f 695/447/1221 693/439/1215 708/446/1250 710/451/1255
s 60
f 793/519/1223 792/518/1222 795/521/1256 796/522/1257
s 27
f 697/917/1258 696/924/1259 711/925/539 714/908/542
s 60
f 792/518/1222 794/520/1228 797/523/1260 795/521/1256
s 27
f 698/927/1261 699/918/1262 716/912/544 715/928/543
f 700/916/1263 697/917/1258 714/908/542 718/911/568
f 699/918/1262 701/919/1264 719/913/569 716/912/544
f 702/923/1265 700/916/1263 718/911/568 721/915/590
f 701/919/1264 703/926/1266 722/920/591 719/913/569
f 704/932/1267 702/923/1265 721/915/590 724/922/612
f 703/926/1266 705/933/1268 725/929/613 722/920/591
f 706/935/1269 704/932/1267 724/922/612 727/931/634
f 705/933/1268 707/936/1270 728/934/635 725/929/613
s 63
f 708/446/1250 709/445/1249 730/449/1271 729/450/1272
s 27
f 709/937/1273 706/935/1269 727/931/634 730/938/656
f 707/936/1270 710/939/1274 731/940/657 728/934/635
s 63
f 710/451/1255 708/446/1250 729/450/1272 731/454/1275
s 66
f 304/187/1276 305/186/1277 733/201/1278 732/202/1279
f 579/218/1280 304/187/1276 732/202/1279 734/219/1281
f 305/186/1277 306/200/1282 735/217/1283 733/201/1278
f 306/200/1282 581/234/1284 736/235/1285 735/217/1283
f 609/236/1286 579/218/1280 734/219/1281 737/237/1287
f 581/234/1284 611/252/1288 738/253/1289 736/235/1285
f 640/274/1290 639/254/1291 740/255/1292 739/275/1293
f 639/254/1291 609/236/1286 737/237/1287 740/255/1292
f 611/252/1288 643/272/1294 741/273/1295 738/253/1289
f 643/272/1294 640/274/1290 739/275/1293 741/273/1295
s 67
f 316/258/1296 317/238/1297 743/257/1298 742/278/1299
f 594/295/1300 316/258/1296 742/278/1299 744/296/1301
f 317/238/1297 318/220/1302 745/256/1303 743/257/1298
f 318/220/1302 596/276/1304 746/277/1305 745/256/1303
f 624/309/1306 594/295/1300 744/296/1301 747/310/1307
f 596/276/1304 626/293/1308 748/294/1309 746/277/1305
f 661/317/1310 660/319/1311 750/320/1312 749/318/1313
f 660/319/1311 624/309/1306 747/310/1307 750/320/1312
f 626/293/1308 664/307/1314 751/308/1315 748/294/1309
f 664/307/1314 661/317/1310 749/318/1313 751/308/1315
s 68
f 310/271/1316 311/290/1317 753/304/1318 752/305/1319
f 681/315/1320 310/271/1316 752/305/1319 754/316/1321
f 311/290/1317 312/303/1322 755/314/1323 753/304/1318
f 312/303/1322 683/321/1324 756/322/1325 755/314/1323
f 696/323/1326 681/315/1320 754/316/1321 757/324/1327
f 683/321/1324 698/327/1328 758/328/1329 756/322/1325
f 712/334/1330 711/329/1331 760/330/1332 759/335/1333
f 711/329/1331 696/323/1326 757/324/1327 760/330/1332
f 698/327/1328 715/332/1334 761/333/1335 758/328/1329
f 715/332/1334 712/334/1330 759/335/1333 761/333/1335
s 69
f 732/1523/1336 733/1524/1337 763/1525/1338 762/1526/1339
s off
f 734/998/1340 732/1001/1341 762/1002/1342 765/999/1343
s 69
f 733/1524/1337 735/1527/1344 766/1528/1345 763/1525/1338
s off
f 735/1424/1346 736/1418/1347 767/1421/1348 766/1425/1349
s 70
f 737/997/1350 734/998/1351 765/999/1352 769/1000/1353
s 71
f 736/1418/1354 738/1419/1355 770/1420/1356 767/1421/1357
s 72
f 739/1005/1358 740/1003/1359 772/1004/1360 771/1006/1361
s 70
f 740/1003/1362 737/997/1350 769/1000/1353 772/1004/1363
s 71
f 738/1419/1355 741/1422/1364 773/1423/1365 770/1420/1356
s 72
f 741/1007/1366 739/1005/1358 771/1006/1361 773/1008/1367
s 73
f 742/1529/1368 743/1530/1369 775/1531/1370 774/1532/1371
s off
f 744/1427/1372 742/1430/1373 774/1431/1374 777/1428/1375
s 73
f 743/1530/1369 745/1533/1376 778/1534/1377 775/1531/1370
s off
f 745/1015/1378 746/1009/1379 779/1012/1380 778/1016/1381
s 74
f 747/1426/1382 744/1427/1383 777/1428/1384 781/1429/1385
s 75
f 746/1009/1386 748/1010/1387 782/1011/1388 779/1012/1389
s 76
f 749/1017/1390 750/1019/1391 784/1020/1392 783/1018/1393
s 74
f 750/1432/1394 747/1426/1382 781/1429/1385 784/1433/1395
s 75
f 748/1010/1387 751/1013/1396 785/1014/1397 782/1011/1388
s 76
f 751/1013/1398 749/1017/1390 783/1018/1393 785/1014/1399
s 77
f 752/1021/1400 753/1022/1401 787/1023/1402 786/1024/1403
s off
f 754/1434/1404 752/1435/1405 786/1436/1406 789/1437/1407
s 77
f 753/1022/1401 755/1025/1408 790/1026/1409 787/1023/1402
s off
f 755/1442/1410 756/1443/1411 791/1444/1412 790/1445/1413
s 78
f 757/1438/1414 754/1434/1415 789/1437/1416 793/1439/1417
f 756/1443/1418 758/1446/1419 794/1447/1420 791/1444/1421
f 759/1535/1422 760/1536/1423 796/1537/1424 795/1538/1425
f 760/1440/1423 757/1438/1414 793/1439/1417 796/1441/1424
f 758/1446/1419 761/1448/1426 797/1449/1427 794/1447/1420
f 761/1539/1426 759/1535/1422 795/1538/1425 797/1540/1427
s 80
f 801/524/1428 848/525/1429 847/526/1430 834/527/1431 833/528/1432 798/529/1433
f 799/549/1434 840/550/1435 839/551/1436 837/552/1437 836/553/1438 800/554/1439
f 846/1458/1440 845/1459/1441 808/1460/1442 807/1455/1443 802/1454/1444
f 811/534/1445 812/541/1446 832/536/1447 834/527/1431
f 812/541/1446 811/534/1445 814/543/1448 813/546/1449
f 813/1027/1449 815/1028/1450 831/1029/1451 830/1030/1452
f 815/547/1450 814/543/1448 817/542/1453 816/548/1454
f 816/1450/1454 817/1451/1453 824/1452/1455 823/1453/1456
f 818/558/1457 819/566/1458 835/560/1459 837/552/1437
f 819/566/1458 818/558/1457 822/568/1460 821/571/1461
f 820/1037/1462 822/1042/1460 828/1038/1463 827/1033/1464
f 821/1456/1461 820/1457/1462 823/1453/1456 824/1452/1455
f 825/1043/1465 826/1039/1466 829/1034/1467 828/1038/1463
f 826/565/1466 825/559/1465 839/551/1436 838/557/1468
f 827/1033/1464 829/1034/1467 830/1030/1452 831/1029/1451
f 833/528/1432 832/536/1447 854/544/1469 853/537/1470
f 836/1469/1438 835/1465/1459 842/1466/1471 841/1470/1472
f 838/1044/1468 840/1050/1435 858/1051/1473 857/1047/1474
f 841/561/1472 842/569/1471 844/570/1475 843/562/1476
f 845/532/1441 848/525/1429 850/530/1477 849/539/1478
f 849/539/1478 850/530/1477 852/531/1479 851/540/1480
f 853/537/1470 854/544/1469 856/545/1481 855/538/1482
f 857/563/1474 858/555/1473 860/556/1483 859/564/1484
f 826/1039/1466 838/1044/1468 805/1040/1485 806/1035/1486
f 818/558/1457 837/552/1437 839/551/1436 825/559/1465
f 807/1455/1443 808/1460/1442 835/1465/1459 819/1461/1458
f 811/534/1445 834/527/1431 847/526/1430 846/533/1440 802/535/1444
f 831/1029/1451 823/1032/1456 820/1037/1462 827/1033/1464
f 811/534/1445 802/535/1444 817/542/1453 814/543/1448
f 824/1452/1455 807/1455/1443 819/1461/1458 821/1456/1461
f 818/558/1457 825/559/1465 828/567/1463 822/568/1460
f 826/1039/1466 806/1035/1486 830/1030/1452 829/1034/1467
f 844/1471/1475 842/1466/1471 809/1463/1487 810/1467/1488
f 803/1049/1489 804/1046/1490 857/1047/1474 859/1052/1484
f 800/554/1439 836/553/1438 841/561/1472 843/562/1476
f 842/1466/1471 835/1465/1459 808/1460/1442 809/1463/1487
f 850/530/1477 848/525/1429 801/524/1428 852/531/1479
f 798/529/1433 833/528/1432 853/537/1470 855/538/1482
f 804/1046/1490 805/1040/1485 838/1044/1468 857/1047/1474
f 858/555/1473 840/550/1435 799/549/1434 860/556/1483
f 856/1048/1481 854/1045/1469 804/1046/1490 803/1049/1489
f 854/1045/1469 832/1041/1447 805/1040/1485 804/1046/1490
f 806/1035/1486 805/1040/1485 832/1041/1447 812/1036/1446
f 830/1030/1452 806/1035/1486 812/1036/1446 813/1027/1449
f 815/1028/1450 816/1031/1454 823/1032/1456 831/1029/1451
f 802/1454/1444 807/1455/1443 824/1452/1455 817/1451/1453
f 809/1463/1487 808/1460/1442 845/1459/1441 849/1464/1478
f 810/1467/1488 809/1463/1487 849/1464/1478 851/1468/1480
f 813/546/1449 814/543/1448 815/547/1450
f 820/1457/1462 821/1456/1461 822/1462/1460
f 827/1033/1464 828/1038/1463 829/1034/1467
f 832/536/1447 833/528/1432 834/527/1431
f 835/560/1459 836/553/1438 837/552/1437
f 838/557/1468 839/551/1436 840/550/1435
f 845/532/1441 846/533/1440 847/526/1430 848/525/1429
s 85
f 897/572/1491 898/573/1492 899/574/1493 900/575/1494
f 898/573/1492 901/576/1495 902/577/1496 899/574/1493
f 901/1590/1495 903/1591/1497 904/1592/1498 902/1593/1496
f 903/1591/1497 905/1596/1499 906/1597/1500 904/1592/1498
f 905/1596/1499 907/1601/1501 908/1602/1502 906/1597/1500
f 907/1601/1501 909/1606/1503 910/1607/1504 908/1602/1502
f 909/584/1503 911/578/1505 912/581/1506 910/585/1504
f 911/578/1505 913/579/1507 914/580/1508 912/581/1506
f 915/582/1509 914/580/1508 913/579/1507 916/583/1510
s 86
f 887/1604/1511 888/1599/1512 898/1600/1513 897/1605/1514
s 87
f 878/1541/1515 877/1542/1516 900/1543/1517 899/1544/1518
s off
f 877/1609/1519 887/1604/1520 897/1605/1521 900/1610/1522
s 86
f 888/1599/1512 889/1594/1523 901/1590/1524 898/1600/1513
s 87
f 879/1545/1525 878/1541/1515 899/1544/1518 902/1546/1526
s 86
f 889/1594/1523 890/1595/1527 903/1591/1528 901/1590/1524
s 87
f 880/1547/1529 879/1545/1525 902/1546/1526 904/1548/1530
s 86
f 890/1595/1527 891/1598/1531 905/1596/1532 903/1591/1528
s 87
f 881/1549/1533 880/1547/1529 904/1548/1530 906/1550/1534
s 86
f 891/1598/1531 892/1603/1535 907/1601/1536 905/1596/1532
s 87
f 882/1551/1537 881/1549/1533 906/1550/1534 908/1552/1538
s 86
f 892/1603/1535 893/1608/1539 909/1606/1540 907/1601/1536
s 87
f 883/1553/1541 882/1551/1537 908/1552/1538 910/1554/1542
s 86
f 893/1608/1539 894/1611/1543 911/1612/1544 909/1606/1540
s 87
f 884/1555/1545 883/1553/1541 910/1554/1542 912/1556/1546
s 86
f 894/1611/1543 895/1613/1547 913/1614/1548 911/1612/1544
s 87
f 885/1557/1549 884/1555/1545 912/1556/1546 914/1558/1550
f 886/1559/1551 885/1557/1549 914/1558/1550 915/1560/1552
s 86
f 895/1613/1547 896/1615/1553 916/1616/1554 913/1614/1548
s off
f 896/1615/1555 886/1617/1556 915/1618/1557 916/1616/1558
s 88
f 918/625/1559 917/620/1560 920/615/1561 919/623/1562
f 919/623/1562 920/615/1561 926/618/1563 925/624/1564
s 89
f 922/586/1565 921/590/1566 923/591/1567 924/587/1568
f 924/587/1568 923/591/1567 927/594/1569 928/593/1570
s 88
f 925/1472/1564 926/1473/1563 930/1474/1571 929/1475/1572
s 89
f 928/1053/1570 927/1054/1569 931/1055/1573 932/1056/1574
s 88
f 929/1475/1572 930/1474/1571 934/1476/1575 933/1477/1576
s 89
f 932/1056/1574 931/1055/1573 935/1059/1577 936/1060/1578
s 88
f 933/1477/1576 934/1476/1575 938/1482/1579 937/1483/1580
s 89
f 936/1060/1578 935/1059/1577 939/1064/1581 940/1065/1582
s 88
f 937/1483/1580 938/1482/1579 942/1488/1583 941/1489/1584
s 89
f 940/1065/1582 939/1064/1581 943/1069/1585 944/1070/1586
s 88
f 941/1489/1584 942/1488/1583 946/1492/1587 945/1493/1588
s 89
f 944/1070/1586 943/1069/1585 947/1073/1589 948/1074/1590
s 88
f 945/614/1588 946/610/1587 950/606/1591 949/612/1592
s 89
f 948/599/1590 947/601/1589 951/602/1593 952/600/1594
s 88
f 949/612/1592 950/606/1591 954/609/1595 953/613/1596
s 89
f 952/600/1594 951/602/1593 956/605/1597 955/604/1598
s 90
f 918/1485/1599 919/1486/1600 925/1472/1601 861/1478/1602
s 91
f 862/1057/1603 927/1054/1604 923/1061/1605 921/1062/1606
s 92
f 922/586/1607 924/587/1608 885/588/1609 886/589/1610
f 884/592/1611 885/588/1609 924/587/1608 928/593/1612
s 90
f 861/1478/1602 925/1472/1601 929/1475/1613 863/1479/1614
s 92
f 883/595/1615 884/592/1611 928/593/1612 932/596/1616
s 91
f 927/1054/1604 862/1057/1603 864/1058/1617 931/1055/1618
s 90
f 863/1479/1614 929/1475/1613 933/1477/1619 865/1484/1620
s 92
f 882/1066/1621 883/1067/1615 932/1056/1616 936/1060/1622
s 91
f 931/1055/1618 864/1058/1617 866/1063/1623 935/1059/1624
s 90
f 865/1484/1620 933/1477/1619 937/1483/1625 867/1490/1626
s 92
f 881/1071/1627 882/1066/1621 936/1060/1622 940/1065/1628
s 91
f 935/1059/1624 866/1063/1623 868/1068/1629 939/1064/1630
s 90
f 867/1490/1626 937/1483/1625 941/1489/1631 869/1494/1632
s 92
f 880/1075/1633 881/1071/1627 940/1065/1628 944/1070/1634
s 91
f 939/1064/1630 868/1068/1629 870/1072/1635 943/1069/1636
s 90
f 869/1494/1632 941/1489/1631 945/1493/1637 871/1496/1638
s 92
f 879/1077/1639 880/1075/1633 944/1070/1634 948/1074/1640
s 91
f 943/1069/1636 870/1072/1635 872/1076/1641 947/1073/1642
s 90
f 871/1496/1638 945/1493/1637 949/1497/1643 873/1498/1644
s 92
f 878/597/1645 879/598/1639 948/599/1640 952/600/1646
s 91
f 947/1073/1642 872/1076/1641 874/1078/1647 951/1079/1648
s 90
f 873/1498/1644 949/1497/1643 953/1499/1649 875/1500/1650
s 92
f 877/603/1651 878/597/1645 952/600/1646 955/604/1652
s 91
f 951/1079/1648 874/1078/1647 876/1080/1653 956/1081/1654
s 93
f 950/606/1655 888/607/1656 887/608/1657 954/609/1658
f 946/610/1659 889/611/1660 888/607/1656 950/606/1655
f 942/1488/1661 890/1491/1662 889/1495/1660 946/1492/1659
f 938/1482/1663 891/1487/1664 890/1491/1662 942/1488/1661
f 934/1476/1665 892/1481/1666 891/1487/1664 938/1482/1663
f 930/1474/1667 893/1480/1668 892/1481/1666 934/1476/1665
f 926/618/1669 894/617/1670 893/621/1668 930/622/1667
f 920/615/1671 895/616/1672 894/617/1670 926/618/1669
f 896/619/1673 895/616/1672 920/615/1671 917/620/1674
s 94
f 960/626/1675 1007/627/1676 1006/628/1677 993/629/1678 992/630/1679 957/631/1680
f 958/651/1681 999/652/1682 998/653/1683 996/654/1684 995/655/1685 959/656/1686
f 1005/1092/1687 1004/1093/1688 967/1094/1689 966/1087/1690 961/1086/1691
f 970/636/1692 971/643/1693 991/638/1694 993/629/1678
f 971/643/1693 970/636/1692 973/645/1695 972/648/1696
f 972/1501/1696 974/1502/1697 990/1503/1698 989/1504/1699
f 974/649/1697 973/645/1695 976/644/1700 975/650/1701
f 975/1082/1701 976/1083/1700 983/1084/1702 982/1085/1703
f 977/660/1704 978/668/1705 994/662/1706 996/654/1684
f 978/668/1705 977/660/1704 981/670/1707 980/673/1708
f 979/1089/1709 981/1096/1707 987/1101/1710 986/1097/1711
f 980/1088/1708 979/1089/1709 982/1085/1703 983/1084/1702
f 984/1513/1712 985/1510/1713 988/1506/1714 987/1509/1710
f 985/667/1713 984/661/1712 998/653/1683 997/659/1715
f 986/1505/1711 988/1506/1714 989/1504/1699 990/1503/1698
f 992/630/1679 991/638/1694 1013/646/1716 1012/639/1717
f 995/1105/1685 994/1100/1706 1001/1102/1718 1000/1106/1719
f 997/1514/1715 999/1520/1682 1017/1521/1720 1016/1517/1721
f 1000/663/1719 1001/671/1718 1003/672/1722 1002/664/1723
f 1004/634/1688 1007/627/1676 1009/632/1724 1008/641/1725
f 1008/641/1725 1009/632/1724 1011/633/1726 1010/642/1727
f 1012/639/1717 1013/646/1716 1015/647/1728 1014/640/1729
f 1016/665/1721 1017/657/1720 1019/658/1730 1018/666/1731
f 985/1510/1713 997/1514/1715 964/1511/1732 965/1507/1733
f 977/660/1704 996/654/1684 998/653/1683 984/661/1712
f 966/1087/1690 967/1094/1689 994/1100/1706 978/1095/1705
f 970/636/1692 993/629/1678 1006/628/1677 1005/635/1687 961/637/1691
f 990/1091/1698 982/1085/1703 979/1089/1709 986/1097/1711
f 970/636/1692 961/637/1691 976/644/1700 973/645/1695
f 983/1084/1702 966/1087/1690 978/1095/1705 980/1088/1708
f 977/660/1704 984/661/1712 987/669/1710 981/670/1707
f 985/1510/1713 965/1507/1733 989/1504/1699 988/1506/1714
f 1003/1107/1722 1001/1102/1718 968/1098/1734 969/1103/1735
f 962/1519/1736 963/1516/1737 1016/1517/1721 1018/1522/1731
f 959/656/1686 995/655/1685 1000/663/1719 1002/664/1723
f 1001/1102/1718 994/1100/1706 967/1094/1689 968/1098/1734
f 1009/632/1724 1007/627/1676 960/626/1675 1011/633/1726
f 957/631/1680 992/630/1679 1012/639/1717 1014/640/1729
f 963/1516/1737 964/1511/1732 997/1514/1715 1016/1517/1721
f 1017/657/1720 999/652/1682 958/651/1681 1019/658/1730
f 1015/1518/1728 1013/1515/1716 963/1516/1737 962/1519/1736
f 1013/1515/1716 991/1512/1694 964/1511/1732 963/1516/1737
f 965/1507/1733 964/1511/1732 991/1512/1694 971/1508/1693
f 989/1504/1699 965/1507/1733 971/1508/1693 972/1501/1696
f 974/1090/1697 975/1082/1701 982/1085/1703 990/1091/1698
f 961/1086/1691 966/1087/1690 983/1084/1702 976/1083/1700
f 968/1098/1734 967/1094/1689 1004/1093/1688 1008/1099/1725
f 969/1103/1735 968/1098/1734 1008/1099/1725 1010/1104/1727
f 972/648/1696 973/645/1695 974/649/1697
f 979/1089/1709 980/1088/1708 981/1096/1707
f 986/1505/1711 987/1509/1710 988/1506/1714
f 991/638/1694 992/630/1679 993/629/1678
f 994/662/1706 995/655/1685 996/654/1684
f 997/659/1715 998/653/1683 999/652/1682
f 1004/634/1688 1005/635/1687 1006/628/1677 1007/627/1676
