# This file uses centimeters as units for non-parametric coordinates.

mtllib M_RobotSmall.mtl
g default
v 0.023469 0.952926 -0.533845
v 0.156491 0.841307 -0.533845
v 0.080140 0.932299 -0.533845
v 0.126338 0.893534 -0.533845
v 0.052707 1.118739 -0.488730
v 0.314709 0.898893 -0.488730
v 0.164326 1.078113 -0.488730
v 0.255318 1.001762 -0.488730
v 0.080140 1.274319 -0.415063
v 0.463162 0.952925 -0.415063
v 0.243316 1.214928 -0.415063
v 0.376338 1.103309 -0.415063
v 0.104935 1.414938 -0.315082
v 0.597338 1.001762 -0.315082
v 0.314709 1.338586 -0.315082
v 0.485720 1.195091 -0.315082
v 0.126338 1.536322 -0.191825
v 0.713162 1.043918 -0.191825
v 0.014913 0.904400 1.452255
v 0.110188 0.824454 1.452255
v 0.055502 0.889626 1.452255
v 0.088591 0.861861 1.452255
v 0.376338 1.445329 -0.191825
v 0.143700 1.634784 -0.049037
v 0.580140 1.274319 -0.191825
v 0.807113 1.078113 -0.049037
v 0.426328 1.531915 -0.049037
v 0.156492 1.707332 0.108942
v 0.656730 1.338586 -0.049037
v 0.876338 1.103309 0.108942
v 0.164326 1.751762 0.277314
v 0.463162 1.595713 0.108942
v 0.713162 1.385938 0.108942
v 0.918732 1.118739 0.277314
v 0.166964 1.766723 0.450963
v 0.485720 1.634784 0.277314
v 0.747722 1.414937 0.277314
v 0.933008 1.123935 0.450963
v 0.164326 1.751762 0.624611
v 0.493316 1.647941 0.450963
v 0.035854 1.023162 1.419941
v 0.035854 1.023162 1.363674
v 0.050160 1.104295 1.356411
v 0.223510 0.865699 1.419941
v 0.156492 1.707332 0.792983
v 0.115800 0.994064 1.419941
v 0.918732 1.118739 0.624611
v 0.223510 0.865699 1.363674
v 0.180972 0.939378 1.419941
v 0.300027 0.899926 1.356411
v 0.050160 1.104295 1.391948
v 0.759360 1.424703 0.450963
v 0.115800 0.994064 1.363674
v 0.052707 1.118739 1.390655
v 0.158064 1.059826 1.356411
v 0.180972 0.939378 1.363674
v 0.231842 0.992601 1.356411
v 0.299056 0.901513 1.391948
v 0.143700 1.634784 0.950963
v 0.080140 1.274319 1.316988
v 0.310868 0.910622 1.390655
v 0.160937 1.057545 1.391948
v 0.485720 1.634784 0.624611
v 0.876338 1.103309 0.792983
v 0.172466 1.065935 1.390655
v 0.126338 1.536322 1.093750
v 0.104935 1.414938 1.217007
v 0.463162 0.952925 1.316988
v 0.243316 1.214928 1.316988
v 0.807113 1.078113 0.950963
v 0.597338 1.001762 1.217007
v 0.463162 1.595713 0.792983
v 0.713162 1.043918 1.093750
v 0.314709 1.338586 1.217007
v 0.426328 1.531915 0.950963
v 0.376338 1.445329 1.093750
v 0.290549 1.173238 1.316988
v 0.404734 1.269256 1.217007
v 0.502160 1.344270 1.093750
v 0.588414 1.393488 0.950963
v 0.658911 1.428911 0.792983
v 0.704055 1.444275 0.624611
v 0.729578 1.447223 0.450963
v 0.434969 0.999974 1.316988
v 0.534807 1.089732 1.217007
v 0.621135 1.182166 1.093750
v 0.691494 1.265681 0.950963
v 0.738204 1.327978 0.792983
v 0.769958 1.374448 0.624611
v 0.774373 1.393739 0.450963
v 0.292025 0.916478 1.391781
v 0.309415 0.930978 1.385216
v 0.764840 1.379101 0.625282
v 0.770967 1.396237 0.476881
v 0.756290 1.422607 0.476896
v 0.424707 1.015563 1.315025
v 0.732417 1.334927 0.793312
v 0.525884 1.104166 1.215696
v 0.684301 1.274736 0.950868
v 0.613044 1.194256 1.093107
v 0.194706 1.061250 1.385244
v 0.177356 1.047391 1.391736
v 0.302522 1.162733 1.314722
v 0.415882 1.257275 1.215020
v 0.512222 1.332481 1.092512
v 0.596462 1.383982 0.950472
v 0.664800 1.421124 0.793058
v 0.708604 1.438681 0.625219
v 0.731396 1.443412 0.476942
v 0.300095 0.926388 1.353573
v 0.247180 0.994914 1.358725
v 0.748281 1.373578 0.619554
v 0.759582 1.393745 0.473923
v 0.745390 1.414723 0.473932
v 0.730609 1.401827 0.618838
v 0.409973 1.007809 1.286181
v 0.363235 1.092285 1.288015
v 0.711600 1.322893 0.782087
v 0.688865 1.365607 0.781628
v 0.510337 1.094523 1.190239
v 0.469009 1.181060 1.191384
v 0.664035 1.263229 0.934381
v 0.634304 1.319812 0.934311
v 0.595360 1.183210 1.071824
v 0.560264 1.257668 1.072295
v 0.188316 1.053366 1.353604
v 0.292212 1.149793 1.285885
v 0.404947 1.241306 1.189561
v 0.499694 1.314336 1.071229
v 0.582144 1.364990 0.933985
v 0.650186 1.401061 0.781831
v 0.698695 1.426010 0.619485
v 0.726041 1.433659 0.473973
v -0.010513 0.781662 -0.549037
v 0.165386 0.781950 -0.533845
v 0.333758 0.781950 -0.488730
v 0.493315 0.781916 -0.415063
v 0.634526 0.781950 -0.315082
v -0.007645 0.781643 1.457695
v 0.757783 0.781950 -0.191825
v 0.116112 0.781950 1.452255
v 0.857764 0.781950 -0.049037
v 0.933008 0.781916 0.108942
v 0.976546 0.781950 0.277314
v 0.991738 0.781950 0.450963
v 0.236706 0.781950 1.419941
v 0.976546 0.781950 0.624611
v 0.236706 0.781950 1.363674
v 0.319091 0.781950 1.356411
v 0.288706 0.913913 1.357611
v 0.319091 0.781950 1.391948
v 0.173764 1.044733 1.357585
v 0.333758 0.781950 1.390655
v 0.931431 0.781950 0.792983
v 0.491738 0.781950 1.316988
v 0.857764 0.781950 0.950963
v 0.634526 0.781950 1.217007
v 0.757783 0.781950 1.093750
v -0.040003 0.951796 -0.533845
v -0.173025 0.840177 -0.533845
v -0.096673 0.931169 -0.533845
v -0.142871 0.892404 -0.533845
v -0.069240 1.117610 -0.488730
v -0.331243 0.897763 -0.488730
v -0.180859 1.076984 -0.488730
v -0.271852 1.000632 -0.488730
v -0.096673 1.273189 -0.415063
v -0.479695 0.951795 -0.415063
v -0.259849 1.213798 -0.415063
v -0.392871 1.102179 -0.415063
v -0.121468 1.413808 -0.315082
v -0.613872 1.000632 -0.315082
v -0.331243 1.337456 -0.315082
v -0.502253 1.193961 -0.315082
v -0.142871 1.535192 -0.191825
v -0.729695 1.042788 -0.191825
v -0.031446 0.903270 1.452255
v -0.126722 0.823324 1.452255
v -0.072036 0.888496 1.452255
v -0.105125 0.860731 1.452255
v -0.392871 1.444199 -0.191825
v -0.160233 1.633654 -0.049037
v -0.596673 1.273189 -0.191825
v -0.823647 1.076984 -0.049037
v -0.442862 1.530785 -0.049037
v -0.173025 1.706202 0.108942
v -0.673263 1.337456 -0.049037
v -0.892871 1.102179 0.108942
v -0.180859 1.750632 0.277314
v -0.479695 1.594583 0.108942
v -0.729695 1.384808 0.108942
v -0.935265 1.117609 0.277314
v -0.183497 1.765593 0.450963
v -0.502253 1.633654 0.277314
v -0.764255 1.413808 0.277314
v -0.949542 1.122805 0.450963
v -0.180859 1.750632 0.624611
v -0.509849 1.646811 0.450963
v -0.052387 1.022032 1.419941
v -0.052387 1.022032 1.363674
v -0.066693 1.103165 1.356411
v -0.240044 0.864570 1.419941
v -0.173025 1.706202 0.792983
v -0.132333 0.992934 1.419941
v -0.935265 1.117609 0.624611
v -0.240044 0.864570 1.363674
v -0.197505 0.938248 1.419941
v -0.316560 0.898796 1.356411
v -0.066693 1.103165 1.391948
v -0.775893 1.423573 0.450963
v -0.132333 0.992934 1.363674
v -0.069240 1.117610 1.390655
v -0.174597 1.058696 1.356411
v -0.197505 0.938248 1.363674
v -0.248376 0.991471 1.356411
v -0.315589 0.900383 1.391948
v -0.160233 1.633654 0.950963
v -0.096673 1.273189 1.316988
v -0.327401 0.909492 1.390655
v -0.177471 1.056415 1.391948
v -0.502253 1.633654 0.624611
v -0.892871 1.102179 0.792983
v -0.188999 1.064805 1.390655
v -0.142871 1.535192 1.093750
v -0.121468 1.413808 1.217007
v -0.479695 0.951795 1.316988
v -0.259849 1.213798 1.316988
v -0.823647 1.076984 0.950963
v -0.613872 1.000632 1.217007
v -0.479695 1.594583 0.792983
v -0.729695 1.042788 1.093750
v -0.331243 1.337456 1.217007
v -0.442862 1.530785 0.950963
v -0.392871 1.444199 1.093750
v -0.307082 1.172108 1.316988
v -0.421268 1.268126 1.217007
v -0.518694 1.343140 1.093750
v -0.604947 1.392358 0.950963
v -0.675444 1.427781 0.792983
v -0.720589 1.443145 0.624611
v -0.746112 1.446093 0.450963
v -0.451503 0.998844 1.316988
v -0.551341 1.088602 1.217007
v -0.637668 1.181036 1.093750
v -0.708027 1.264551 0.950963
v -0.754737 1.326848 0.792983
v -0.786491 1.373318 0.624611
v -0.790907 1.392609 0.450963
v -0.308558 0.915348 1.391781
v -0.325949 0.929848 1.385216
v -0.781373 1.377971 0.625282
v -0.787500 1.395107 0.476881
v -0.772823 1.421477 0.476896
v -0.441240 1.014434 1.315025
v -0.748950 1.333797 0.793312
v -0.542417 1.103036 1.215696
v -0.700835 1.273606 0.950868
v -0.629577 1.193126 1.093107
v -0.211240 1.060120 1.385244
v -0.193889 1.046261 1.391736
v -0.319055 1.161603 1.314722
v -0.432416 1.256145 1.215020
v -0.528755 1.331351 1.092512
v -0.612996 1.382852 0.950472
v -0.681333 1.419994 0.793058
v -0.725137 1.437551 0.625219
v -0.747929 1.442283 0.476942
v -0.316628 0.925259 1.353573
v -0.263714 0.993784 1.358725
v -0.764814 1.372448 0.619554
v -0.776115 1.392615 0.473923
v -0.761924 1.413593 0.473932
v -0.747142 1.400697 0.618838
v -0.426506 1.006679 1.286181
v -0.379768 1.091155 1.288015
v -0.728133 1.321763 0.782087
v -0.705398 1.364478 0.781628
v -0.526870 1.093393 1.190239
v -0.485542 1.179930 1.191384
v -0.680568 1.262099 0.934381
v -0.650837 1.318682 0.934311
v -0.611894 1.182080 1.071824
v -0.576798 1.256538 1.072295
v -0.204850 1.052236 1.353604
v -0.308745 1.148663 1.285885
v -0.421481 1.240177 1.189561
v -0.516227 1.313206 1.071229
v -0.598677 1.363860 0.933985
v -0.666719 1.399931 0.781831
v -0.715229 1.424880 0.619485
v -0.742574 1.432529 0.473973
v -0.183492 0.781385 -0.533845
v -0.351864 0.781385 -0.488730
v -0.509844 0.781385 -0.415063
v -0.652632 0.781385 -0.315082
v -0.775889 0.781385 -0.191825
v -0.134218 0.781385 1.452255
v -0.875870 0.781385 -0.049037
v -0.949537 0.781385 0.108942
v -0.994652 0.781385 0.277314
v -1.009844 0.781385 0.450963
v -0.254812 0.781385 1.419941
v -0.994652 0.781385 0.624611
v -0.254812 0.781385 1.363675
v -0.337197 0.781385 1.356411
v -0.305239 0.912784 1.357611
v -0.337197 0.781385 1.391948
v -0.190297 1.043603 1.357585
v -0.351864 0.781385 1.390655
v -0.949537 0.781385 0.792983
v -0.509844 0.781385 1.316988
v -0.875870 0.781385 0.950963
v -0.652632 0.781385 1.217007
v -0.775889 0.781385 1.093750
v -0.764246 0.128323 0.624611
v -0.502243 -0.091524 0.624611
v -0.479686 -0.052453 0.792983
v -0.729686 0.157322 0.792983
v -0.006905 0.761288 -0.549037
v -0.183488 0.761345 -0.533845
v -0.180259 0.761345 -0.515536
v -0.006905 0.761288 -0.530446
v -0.994647 0.761345 0.277314
v -1.009839 0.761345 0.450963
v -0.991248 0.761345 0.450963
v -0.976338 0.761345 0.280543
v 0.076985 0.610961 -0.533845
v 0.020314 0.590335 -0.533845
v -0.180850 -0.208502 0.277314
v 0.161171 -0.208502 0.277314
v 0.163809 -0.223463 0.450963
v -0.183488 -0.223463 0.450963
v 0.123183 0.006938 -0.191825
v 0.373183 0.097931 -0.191825
v 0.423173 0.011345 -0.049037
v 0.140544 -0.091524 -0.049037
v -0.180259 0.781984 -0.515536
v -0.007084 0.781916 -0.530446
v -0.991248 0.781984 0.450963
v -0.976338 0.781984 0.280543
v -0.949532 0.419325 0.450963
v -0.935256 0.424521 0.624611
v -0.994647 0.761345 0.624611
v 0.123183 0.649726 -0.533845
v -0.892862 0.439951 0.792983
v 0.153337 0.701954 -0.533845
v 0.252163 0.541498 -0.488730
v 0.161171 0.465146 -0.488730
v 0.163809 0.761345 -0.533845
v -0.180850 -0.208502 0.624611
v -0.173015 -0.164072 0.792983
v 0.373183 0.439951 -0.415063
v 0.240161 0.328332 -0.415063
v 0.460007 -0.052453 0.108942
v 0.153336 -0.164072 0.108942
v 0.160581 0.761345 -0.515536
v -0.976338 0.761345 0.621382
v 0.161171 -0.208502 0.624611
v 0.482565 0.348169 -0.315082
v 0.311554 0.204674 -0.315082
v 0.160581 0.781984 -0.515536
v -0.976338 0.781984 0.621382
v 0.311555 0.644367 -0.488730
v -0.949532 0.761345 0.792983
v -0.442852 0.011345 0.950963
v -0.673253 0.204674 0.950963
v 0.482564 -0.091524 0.277314
v -0.823637 0.465147 0.950963
v 0.576985 0.268941 -0.191825
v 0.332181 0.761345 -0.488730
v 0.460007 0.590335 -0.415063
v -0.160223 -0.091524 0.950963
v 0.325822 0.761345 -0.471260
v -0.932062 0.761345 0.786624
v 0.153336 -0.164072 0.792983
v 0.325822 0.781984 -0.471260
v -0.932062 0.781984 0.786624
v 0.490161 -0.104681 0.450963
v 0.653575 0.204674 -0.049037
v 0.594183 0.541498 -0.315082
v -0.875865 0.761345 0.950963
v 0.490161 0.761345 -0.415063
v -0.392862 0.097931 1.093750
v -0.596664 0.268941 1.093750
v 0.710007 0.157322 0.108942
v -0.729686 0.499342 1.093750
v 0.482564 -0.091524 0.624611
v 0.480865 0.761345 -0.398962
v -0.859764 0.761345 0.941667
v 0.140544 -0.091524 0.950963
v 0.480865 0.781984 -0.398962
v -0.859764 0.781984 0.941667
v -0.142862 0.006938 1.093750
v 0.490161 0.781984 -0.415063
v 0.710007 0.499342 -0.191825
v 0.744567 0.128322 0.277314
v 0.632948 0.761345 -0.315082
v -0.775884 0.761345 1.093750
v 0.460007 -0.052453 0.792983
v 0.803958 0.465146 -0.049037
v -0.331233 0.204674 1.217007
v -0.502243 0.348169 1.217007
v -0.613862 0.541498 1.217007
v 0.620998 0.761345 -0.300840
v -0.761642 0.761345 1.081800
v 0.123183 0.006938 1.093750
v 0.620998 0.781984 -0.300840
v -0.761642 0.781984 1.081800
v 0.756205 0.118557 0.450963
v -0.121458 0.128322 1.217007
v 0.756205 0.761345 -0.191825
v 0.423173 0.011345 0.950963
v 0.269517 0.302050 1.241466
v 0.220830 0.336301 1.267879
v 0.203386 0.393307 1.293914
v -0.652627 0.761345 1.217007
v 0.873183 0.439951 0.108942
v 0.330852 0.303638 1.224765
v 0.221019 0.455015 1.309626
v 0.381405 0.340457 1.224154
v 0.271573 0.491834 1.309015
v 0.401869 0.398445 1.239866
v 0.744567 0.128322 0.624611
v 0.335738 0.489702 1.292314
v 0.384425 0.455452 1.265901
v 0.741964 0.761345 -0.179875
v -0.640677 0.761345 1.202765
v 0.741964 0.781984 -0.179875
v -0.640677 0.781984 1.202765
v 0.101780 0.128322 1.217007
v -0.259839 0.328332 1.316988
v -0.392862 0.439951 1.316988
v -0.105115 0.681399 1.452255
v -0.072026 0.653634 1.452255
v -0.006905 0.761288 1.463136
v -0.126712 0.718806 1.452255
v -0.031437 0.638861 1.452255
v -0.134213 0.761345 1.452255
v 0.011758 0.638861 1.452255
v -0.479686 0.590335 1.316988
v 0.052348 0.653634 1.452255
v 0.856186 0.761345 -0.049037
v 0.085436 0.681399 1.452255
v 0.915577 0.424521 0.277314
v 0.373183 0.097931 1.093750
v 0.107034 0.718806 1.452255
v 0.114534 0.761345 1.452255
v 0.710007 0.157322 0.792983
v -0.509839 0.761345 1.316988
v 0.840086 0.761345 -0.039742
v -0.500544 0.761345 1.300888
v 0.840086 0.781984 -0.039742
v -0.500544 0.781984 1.300888
v 0.929853 0.419325 0.450963
v 0.311554 0.204674 1.217007
v 0.929853 0.761345 0.108942
v 0.653575 0.204674 0.950963
v -0.180849 0.465146 1.390655
v -0.271842 0.541498 1.390655
v -0.331233 0.644367 1.390655
v -0.351859 0.761345 1.390655
v 0.915577 0.424521 0.624611
v -0.260606 0.550926 1.391948
v -0.173516 0.477849 1.391948
v -0.173516 0.477849 1.356411
v -0.260606 0.550926 1.356411
v 0.576985 0.268941 1.093750
v 0.912383 0.761345 0.115301
v -0.343972 0.761345 1.373741
v -0.317450 0.649383 1.391948
v -0.317450 0.649383 1.356411
v 0.912383 0.781984 0.115301
v -0.343972 0.781984 1.373741
v 0.929853 0.781984 0.108942
v -0.062025 0.438244 1.356920
v 0.974968 0.761345 0.277314
v -0.132323 0.549196 1.363674
v -0.197496 0.603882 1.363674
v -0.240034 0.677560 1.363674
v -0.052378 0.520098 1.363674
v -0.337192 0.761345 1.391948
v -0.337192 0.761345 1.356411
v -0.254807 0.761345 1.363674
v 0.043489 0.438425 1.356921
v -0.132323 0.549196 1.419941
v -0.197496 0.603882 1.419941
v 0.873183 0.439951 0.792983
v -0.240034 0.677560 1.419941
v 0.482565 0.348169 1.217007
v 0.032699 0.520098 1.363674
v -0.052378 0.520098 1.419941
v 0.281946 0.295716 1.280126
v 0.341721 0.295716 1.252807
v -0.254807 0.761345 1.419941
v 0.956660 0.761345 0.280543
v 0.032699 0.520098 1.419941
v 0.956660 0.781984 0.280543
v 0.990161 0.761345 0.450963
v 0.390080 0.330851 1.249842
v 0.153837 0.477849 1.391948
v 0.153837 0.477849 1.356411
v 0.233586 0.444550 1.361144
v 0.215115 0.387700 1.346145
v 0.112645 0.549196 1.363674
v 0.161171 0.465146 1.390655
v 0.803958 0.465146 0.950963
v 0.234349 0.545286 1.353536
v 0.186819 0.509011 1.353778
v 0.112645 0.549196 1.419941
v 0.408552 0.387700 1.272364
v 0.188352 0.506810 1.391948
v 0.196863 0.495095 1.390655
v 0.710007 0.499342 1.093750
v 0.974968 0.761345 0.624611
v 0.971570 0.761345 0.450963
v 0.971570 0.781984 0.450963
v 0.177817 0.603882 1.363674
v 0.177817 0.603882 1.419941
v 0.340956 0.479652 1.342555
v 0.252163 0.541498 1.390655
v 0.242765 0.533612 1.390655
v 0.281946 0.479685 1.359169
v 0.234254 0.545327 1.391948
v 0.240927 0.550926 1.391948
v 0.240927 0.550926 1.356411
v 0.594183 0.541498 1.217007
v 0.297772 0.649383 1.356411
v 0.220356 0.677560 1.363674
v 0.929853 0.761345 0.792983
v 0.220356 0.677560 1.419941
v 0.297772 0.649383 1.391948
v 0.311555 0.644367 1.390655
v 0.956660 0.761345 0.621382
v 0.956660 0.781984 0.621382
v 0.235129 0.761345 1.419941
v 0.235129 0.761345 1.363674
v 0.317513 0.761345 1.356411
v 0.856186 0.761345 0.950963
v 0.317513 0.761345 1.391948
v 0.332181 0.761345 1.390655
v 0.912383 0.781984 0.786624
v 0.912383 0.761345 0.786624
v 0.756205 0.761345 1.093750
v 0.460007 0.590335 1.316988
v 0.490161 0.761345 1.316988
v 0.632948 0.761345 1.217007
v 0.324294 0.761345 1.373741
v 0.324294 0.781984 1.373741
v 0.480865 0.781984 1.300888
v 0.480865 0.761345 1.300888
v 0.840086 0.781984 0.941667
v 0.840086 0.761345 0.941667
v 0.741964 0.781984 1.081800
v 0.741964 0.761345 1.081800
v 0.620998 0.781984 1.202765
v 0.620998 0.761345 1.202765
v 0.239122 0.326828 1.315962
v 0.226996 0.351134 1.329266
v 0.398468 0.418734 1.293876
v 0.385063 0.448195 1.312603
v -0.039993 0.590335 -0.533845
v -0.173015 0.701954 -0.533845
v -0.096663 0.610961 -0.533845
v 0.049552 0.424520 -0.488730
v -0.142862 0.649726 -0.533845
v 0.101780 0.128322 -0.315082
v 0.076985 0.268941 -0.415063
v -0.509839 -0.104681 0.450963
v -0.932062 0.781984 0.115301
v -0.932062 0.761345 0.115301
v -0.345501 0.781984 -0.471260
v -0.345501 0.761345 -0.471260
v -0.173015 -0.164072 0.108942
v -0.949532 0.761345 0.108942
v -0.351859 0.761345 -0.488730
v -0.069231 0.424521 -0.488730
v -0.935256 0.424521 0.277314
v -0.775884 0.118557 0.450963
v -0.331233 0.644367 -0.488730
v -0.180849 0.465146 -0.488730
v -0.859764 0.781984 -0.039742
v -0.859764 0.761345 -0.039742
v -0.500544 0.781984 -0.398962
v -0.500544 0.761345 -0.398962
v -0.271842 0.541498 -0.488730
v -0.160223 -0.091524 -0.049037
v -0.875865 0.761345 -0.049037
v -0.509839 0.761345 -0.415063
v -0.096663 0.268941 -0.415063
v -0.502243 -0.091524 0.277314
v -0.761642 0.781984 -0.179875
v -0.761642 0.761345 -0.179875
v -0.640677 0.781984 -0.300840
v -0.640677 0.761345 -0.300840
v -0.892862 0.439951 0.108942
v -0.775884 0.761345 -0.191825
v -0.652627 0.761345 -0.315082
v -0.142862 0.006938 -0.191825
v -0.121458 0.128322 -0.315082
v -0.479686 0.590335 -0.415063
v -0.764246 0.128323 0.277314
v -0.259839 0.328332 -0.415063
v -0.823637 0.465147 -0.049037
v -0.613862 0.541498 -0.315082
v -0.392862 0.439951 -0.415063
v -0.479686 -0.052453 0.108942
v -0.729686 0.499342 -0.191825
v -0.331233 0.204674 -0.315082
v -0.729686 0.157322 0.108942
v -0.442852 0.011345 -0.049037
v -0.502243 0.348169 -0.315082
v -0.392862 0.097931 -0.191825
v -0.673253 0.204674 -0.049037
v -0.596664 0.268941 -0.191825
v 0.285838 0.348824 1.253998
v 0.261149 0.366192 1.267391
v 0.252304 0.395099 1.280593
v 0.316940 0.349629 1.245529
v 0.261245 0.426390 1.288561
v 0.342575 0.368299 1.245219
v 0.286880 0.445060 1.288251
v 0.352951 0.397704 1.253187
v 0.319417 0.443979 1.279782
v 0.344106 0.426611 1.266389
v 0.291459 0.345062 1.296288
v 0.268155 0.361456 1.308930
v 0.259806 0.388741 1.321391
v 0.320816 0.345822 1.288294
v 0.268246 0.418277 1.328912
v 0.345013 0.363445 1.288002
v 0.292443 0.435900 1.328619
v 0.354808 0.391200 1.295522
v 0.323155 0.434880 1.320626
v 0.346459 0.418486 1.307984
v 0.298379 0.364894 1.309783
v 0.285251 0.374129 1.316905
v 0.280547 0.389501 1.323925
v 0.314918 0.365322 1.305279
v 0.285302 0.406140 1.328161
v 0.328549 0.375250 1.305114
v 0.298933 0.416068 1.327997
v 0.334067 0.390886 1.309351
v 0.316235 0.415493 1.323493
v 0.329363 0.406258 1.316371
v 0.242463 0.533635 1.343832
v 0.195267 0.495674 1.342872
v 0.298379 0.364894 1.309783
v 0.307307 0.390194 1.316638
v 0.285251 0.374129 1.316905
v 0.280547 0.389501 1.323925
v 0.314918 0.365322 1.305279
v 0.285302 0.406140 1.328161
v 0.328549 0.375250 1.305114
v 0.298933 0.416068 1.327997
v 0.334067 0.390886 1.309351
v 0.316235 0.415493 1.323493
v 0.329363 0.406258 1.316371
v 0.108516 0.461353 1.391948
v 0.107851 0.445740 1.390655
v 0.098876 0.276757 1.316849
v 0.093002 0.178103 1.252401
v 0.089953 0.128322 1.217007
v 0.081420 0.006938 1.093750
v 0.073228 -0.091524 0.950963
v 0.065625 -0.164072 0.792983
v 0.054906 -0.208416 0.624611
v 0.049623 -0.223423 0.450963
v -0.125290 0.460296 1.391948
v -0.123829 0.437667 1.390655
v -0.108761 0.273344 1.316988
v -0.101121 0.187946 1.284248
v -0.091815 0.128322 1.217007
v -0.076313 0.006938 1.093750
v -0.065061 -0.091524 0.950963
v -0.055026 -0.164072 0.792983
v -0.047343 -0.208540 0.624611
v -0.035012 -0.223486 0.450963
v -0.126426 0.460710 1.356411
v 0.108224 0.461247 1.356411
v -0.097783 0.273104 1.316988
v -0.091149 0.187728 1.284248
v -0.110876 0.437384 1.390655
v -0.112277 0.453336 1.391948
v 0.096217 0.441868 1.390655
v 0.096848 0.457483 1.391948
v 0.087891 0.276997 1.316849
v 0.082410 0.178334 1.252401
v -0.082966 0.128129 1.217007
v 0.079569 0.128549 1.217007
v -0.069385 0.006787 1.093750
v 0.071658 0.007151 1.093750
v -0.059551 -0.091644 0.950963
v 0.064105 -0.091324 0.950963
v -0.050746 -0.164165 0.792983
v 0.057139 -0.163886 0.792983
v -0.092380 0.286450 1.285212
v -0.089669 0.204151 1.253998
v -0.084761 0.284274 1.285826
v -0.107454 0.445837 1.357548
v 0.064220 0.286518 1.287010
v -0.111094 0.456257 1.357197
v 0.092636 0.445717 1.357562
v 0.095428 0.456242 1.356855
v 0.081115 0.293452 1.286993
v 0.077424 0.197857 1.224057
v -0.084090 0.150631 1.190560
v 0.078444 0.151051 1.190560
v -0.069454 0.033582 1.071604
v 0.071589 0.033946 1.071604
v -0.059629 -0.061425 0.933778
v 0.064027 -0.061106 0.933778
v -0.050830 -0.131440 0.781251
v 0.057054 -0.131161 0.781251
v -0.045655 -0.174327 0.618662
v 0.050882 -0.174077 0.618662
v -0.034529 -0.190816 0.450759
v 0.047655 -0.190681 0.450759
v -0.110747 0.455240 1.356535
v -0.101761 0.538072 1.363674
v 0.086215 0.539576 1.363674
v 0.042171 -0.208502 0.277314
v 0.039618 -0.164072 0.108942
v -0.018105 -0.208502 0.277314
v -0.006511 -0.164072 0.108942
v -0.018112 -0.178356 0.282526
v 0.042164 -0.178356 0.282526
v 0.039618 -0.134380 0.116778
v -0.006511 -0.134380 0.116778
v 0.075391 -0.143259 -0.242497
v 0.080846 -0.379647 0.368767
v 0.071126 -0.632351 -0.359981
v 0.075384 -0.821054 0.119412
v -0.077410 -0.631457 -0.358309
v -0.073152 -0.820160 0.121083
v -0.073144 -0.142365 -0.240825
v -0.067690 -0.378753 0.370439
v 0.079175 -0.340333 0.199242
v 0.072429 -0.974189 -0.061333
v -0.076107 -0.973295 -0.059662
v -0.069360 -0.339439 0.200913
v 0.076576 -0.227702 -0.092005
v -0.071959 -0.226808 -0.090333
v -0.078446 -0.871028 -0.322248
v 0.070090 -0.871922 -0.323919
v 0.075918 -0.180813 -0.175570
v -0.072617 -0.179919 -0.173898
v -0.078191 -0.769775 -0.353759
v 0.070345 -0.770669 -0.355431
v 0.077140 -0.254585 -0.027512
v 0.070094 -0.945623 -0.284143
v -0.078442 -0.944730 -0.282472
v -0.071396 -0.253691 -0.025841
v 0.078572 -0.316344 0.132793
v -0.069964 -0.315449 0.134464
v -0.077107 -0.996325 -0.136256
v 0.071429 -0.997218 -0.137926
v 0.080234 -0.365249 0.306684
v 0.073981 -0.908910 0.041733
v -0.074554 -0.908017 0.043404
v -0.068302 -0.364356 0.308356
v 0.073713 -0.318318 -0.298030
v 0.074319 -0.342470 -0.231238
v 0.075076 -0.372627 -0.147842
v 0.075669 -0.396242 -0.082530
v 0.077130 -0.454481 0.078527
v 0.077732 -0.478474 0.144879
v 0.078610 -0.513456 0.241625
v 0.079118 -0.533669 0.297526
v -0.069418 -0.532775 0.299198
v -0.069925 -0.512562 0.243295
v -0.070803 -0.477580 0.146550
v -0.071406 -0.453587 0.080198
v -0.072867 -0.395349 -0.080860
v -0.073460 -0.371733 -0.146171
v -0.074217 -0.341576 -0.229567
v -0.074823 -0.317424 -0.296358
v -0.076523 -0.511335 -0.343767
v -0.075990 -0.532581 -0.285014
v -0.075324 -0.559109 -0.211653
v -0.074758 -0.581667 -0.149268
v -0.073358 -0.637443 0.004979
v -0.072780 -0.660467 0.068656
v -0.072007 -0.691301 0.153929
v -0.071559 -0.709118 0.203202
v 0.076976 -0.710012 0.201531
v 0.076529 -0.692195 0.152258
v 0.075755 -0.661361 0.066985
v 0.075177 -0.638337 0.003308
v 0.073778 -0.582561 -0.150940
v 0.073212 -0.560003 -0.213325
v 0.072546 -0.533475 -0.286685
v 0.072013 -0.512229 -0.345439
v -0.001645 -0.631910 -0.388885
v -0.002510 -0.784921 -0.383852
v -0.002792 -0.896930 -0.348994
v -0.002787 -0.978459 -0.304991
v -0.001311 -1.035535 -0.143243
v -0.000204 -1.010061 -0.058514
v 0.001513 -0.937847 0.055501
v 0.003065 -0.840658 0.141432
v 0.004826 -0.717820 0.232274
v 0.007195 -0.522746 0.338466
v 0.009107 -0.352361 0.417276
v 0.008430 -0.336435 0.348598
v 0.007259 -0.308871 0.229741
v 0.006591 -0.282334 0.156234
v 0.005007 -0.214014 -0.021099
v 0.004384 -0.184276 -0.092443
v 0.003656 -0.132406 -0.184885
v 0.003073 -0.090863 -0.258921
v 0.001216 -0.284518 -0.320354
v -0.000665 -0.499027 -0.372799
v 0.073938 -0.589521 -0.132933
v 0.075831 -0.403291 -0.064295
v -0.002631 -0.991712 -0.288062
v -0.079769 -0.953310 -0.267425
v -0.072704 -0.402397 -0.062624
v -0.074597 -0.588627 -0.131262
v 0.005188 -0.222418 -0.000334
v -0.071166 -0.260581 -0.008418
v 0.006400 -0.274682 0.135358
v -0.070038 -0.308845 0.116929
v -0.071566 -0.446658 0.062272
v -0.073510 -0.630858 -0.012057
v -0.001494 -1.035087 -0.164398
v -0.078920 -0.992975 -0.153122
v 0.075025 -0.631752 -0.013729
v 0.076970 -0.447552 0.060601
v 0.077218 -0.261470 -0.010088
v 0.078329 -0.309736 0.115262
v 0.072945 -0.993824 -0.154808
v 0.071694 -0.954164 -0.269105
v 0.055897 -0.610668 -0.072744
v 0.055564 -0.589387 -0.132836
v 0.057233 -0.403183 -0.064082
v 0.057817 -0.425474 -0.001181
v -0.002603 -0.979990 -0.276261
v -0.065945 -0.947632 -0.261915
v -0.002406 -1.025049 -0.230599
v -0.063168 -0.992500 -0.216408
v -0.053542 -0.424804 0.000072
v -0.054106 -0.402513 -0.062829
v -0.056220 -0.588715 -0.131576
v -0.055462 -0.609998 -0.071491
v 0.005407 -0.267309 0.059876
v 0.004859 -0.237604 -0.006592
v -0.057706 -0.268312 -0.011718
v -0.054844 -0.295579 0.050803
v 0.006078 -0.290130 0.129826
v -0.056571 -0.316718 0.113979
v -0.052966 -0.446771 0.062057
v -0.055165 -0.631031 -0.012151
v -0.001590 -1.018137 -0.166433
v -0.065321 -0.985132 -0.154119
v 0.056688 -0.631706 -0.013407
v 0.058370 -0.447440 0.060804
v 0.063429 -0.268956 -0.013047
v 0.061720 -0.296130 0.049550
v 0.064539 -0.317362 0.112648
v 0.055605 -0.993379 -0.217804
v 0.059254 -0.985903 -0.155480
v 0.057894 -0.948383 -0.263355
v -1.087836 1.300064 0.537647
v -0.667593 1.801929 0.504761
v -1.411580 1.647522 0.371833
v -1.083505 2.043868 0.344975
v -1.378945 1.611004 0.231591
v -1.050869 2.007350 0.204733
v -1.055200 1.263547 0.397405
v -0.634958 1.765411 0.364519
v -0.796072 1.684539 0.505429
v -1.309150 2.080696 0.282876
v -1.276514 2.044178 0.142634
v -0.763436 1.648022 0.365187
v -0.996303 1.445418 0.521098
v -0.963667 1.408901 0.380856
v -1.456713 1.827990 0.156993
v -1.489349 1.864508 0.297235
v -1.047129 1.364706 0.530287
v -1.014493 1.328189 0.390045
v -1.437891 1.728150 0.187370
v -1.470526 1.764667 0.327612
v -0.952847 1.499981 0.517003
v -1.488513 1.945598 0.276314
v -1.455877 1.909081 0.136072
v -0.920211 1.463464 0.376761
v -0.842531 1.631402 0.508454
v -0.809896 1.594884 0.368212
v -1.353104 2.025018 0.129800
v -1.385740 2.061535 0.270041
v -0.714644 1.758939 0.505005
v -1.190500 2.078002 0.311188
v -1.157865 2.041484 0.170946
v -0.682009 1.722421 0.364763
v -1.215351 1.417689 0.477344
v -1.168670 1.471134 0.474291
v -1.110384 1.537865 0.470478
v -1.064736 1.590124 0.467493
v -0.952171 1.718997 0.460131
v -0.905796 1.772090 0.457098
v -0.838179 1.849501 0.452676
v -0.799108 1.894231 0.450121
v -0.766472 1.857714 0.309879
v -0.805543 1.812984 0.312434
v -0.873161 1.735572 0.316856
v -0.919535 1.682479 0.319889
v -1.032100 1.553607 0.327251
v -1.077748 1.501347 0.330236
v -1.136034 1.434616 0.334049
v -1.182716 1.381172 0.337102
v -1.311788 1.518514 0.271303
v -1.270724 1.565527 0.268617
v -1.219452 1.624228 0.265263
v -1.175850 1.674147 0.262412
v -1.068044 1.797569 0.255361
v -1.023539 1.848521 0.252451
v -0.963940 1.916753 0.248553
v -0.929502 1.956179 0.246301
v -0.962138 1.992697 0.386543
v -0.996575 1.953271 0.388795
v -1.056175 1.885038 0.392693
v -1.100680 1.834087 0.395603
v -1.208486 1.710664 0.402654
v -1.252088 1.660746 0.405505
v -1.303360 1.602045 0.408859
v -1.344424 1.555032 0.411545
v -1.421319 1.614853 0.301340
v -1.486527 1.744443 0.252422
v -1.507349 1.854889 0.218817
v -1.506423 1.944592 0.195675
v -1.392732 2.072845 0.188736
v -1.308007 2.094042 0.202933
v -1.176754 2.091062 0.234253
v -1.058393 2.053301 0.271629
v -0.924133 1.996694 0.317613
v -0.743785 1.887770 0.387944
v -0.598300 1.785662 0.448388
v -0.650349 1.738105 0.448659
v -0.740427 1.655802 0.449128
v -0.791822 1.597020 0.452474
v -0.913855 1.451639 0.461931
v -0.961927 1.391281 0.466461
v -1.018153 1.301995 0.476626
v -1.063184 1.230486 0.484767
v -1.204246 1.360606 0.418059
v -1.347028 1.512538 0.345270
v -1.196105 1.725445 0.401686
v -1.052198 1.605093 0.466513
v -1.497841 1.964072 0.192647
v -1.446488 1.923371 0.133005
v -1.019562 1.568575 0.326271
v -1.163469 1.688927 0.261444
v -0.899748 1.468998 0.460691
v -0.908318 1.477913 0.375846
v -0.806365 1.580230 0.453459
v -0.822049 1.580654 0.369177
v -0.931861 1.667765 0.320852
v -1.079758 1.783585 0.256276
v -1.410802 2.061911 0.187433
v -1.365802 2.013400 0.128129
v -1.112394 1.820103 0.396518
v -0.964496 1.704283 0.461094
v -0.940919 1.514391 0.515946
v -0.854645 1.617130 0.509261
v -1.399119 2.050694 0.271536
v -1.479720 1.960573 0.276031
v -1.149905 1.768512 0.381532
v -1.192152 1.720853 0.384338
v -1.048110 1.600526 0.448952
v -1.003943 1.650483 0.446233
v -1.482289 1.960193 0.197091
v -1.441996 1.924794 0.148220
v -1.463342 2.020428 0.185767
v -1.423630 1.985428 0.139390
v -0.979475 1.623105 0.341092
v -1.023647 1.573153 0.343830
v -1.167589 1.693373 0.278797
v -1.125437 1.741134 0.276391
v -0.868137 1.536330 0.450316
v -0.912019 1.478440 0.455200
v -0.917487 1.486022 0.385945
v -0.876390 1.540491 0.383786
v -0.818128 1.590253 0.447935
v -0.830981 1.589057 0.379260
v -0.935953 1.672334 0.338413
v -1.083720 1.788203 0.273585
v -1.404819 2.046774 0.192582
v -1.365908 2.009730 0.143425
v -1.108294 1.815705 0.379192
v -0.960415 1.699707 0.443532
v -0.944035 1.515749 0.500345
v -0.901882 1.569052 0.493892
v -0.857525 1.618776 0.493636
v -1.449853 2.014735 0.251476
v -1.393254 2.040395 0.261040
v -1.469248 1.955221 0.265140
v 0.675253 1.766419 0.529351
v 1.109122 1.275678 0.507335
v 1.078743 2.039547 0.404337
v 1.422028 1.655785 0.386270
v 1.048120 2.018928 0.260450
v 1.391405 1.635165 0.242383
v 0.644630 1.745799 0.385463
v 1.078498 1.255059 0.363448
v 1.012700 1.420558 0.507095
v 1.496889 1.875501 0.338852
v 1.466266 1.854882 0.194965
v 0.982076 1.399938 0.363208
v 0.805977 1.654379 0.517585
v 0.775353 1.633759 0.373697
v 1.279229 2.065453 0.204596
v 1.309853 2.086072 0.348483
v 0.733389 1.716592 0.524118
v 0.702766 1.695973 0.380231
v 1.175736 2.060956 0.227267
v 1.206359 2.081575 0.371154
v 0.853521 1.603251 0.514792
v 1.391206 2.073647 0.332949
v 1.360583 2.053028 0.189062
v 0.822898 1.582632 0.370905
v 0.967091 1.474476 0.509075
v 0.936468 1.453856 0.365188
v 1.459857 1.933985 0.184993
v 1.490480 1.954605 0.328880
v 1.073811 1.328735 0.507247
v 1.474280 1.757586 0.360561
v 1.443657 1.736967 0.216674
v 1.043187 1.308116 0.363360
v 0.814853 1.876747 0.483830
v 0.860733 1.822563 0.481830
v 0.918018 1.754910 0.479332
v 0.962881 1.701927 0.477377
v 1.073513 1.571272 0.472555
v 1.119091 1.517445 0.470568
v 1.185545 1.438962 0.467671
v 1.223943 1.393612 0.465998
v 1.193320 1.372993 0.322111
v 1.154922 1.418343 0.323784
v 1.088467 1.496826 0.326681
v 1.042889 1.550653 0.328668
v 0.932258 1.681308 0.333490
v 0.887395 1.734291 0.335445
v 0.830109 1.801944 0.337943
v 0.784230 1.856127 0.339943
v 0.943905 1.965189 0.290330
v 0.984264 1.917526 0.288571
v 1.034656 1.858014 0.286374
v 1.077509 1.807405 0.284506
v 1.183462 1.682275 0.279888
v 1.227202 1.630618 0.277982
v 1.285776 1.561441 0.275429
v 1.319622 1.521469 0.273953
v 1.350245 1.542088 0.417841
v 1.316399 1.582060 0.419316
v 1.257825 1.651237 0.421869
v 1.214086 1.702894 0.423775
v 1.108132 1.828025 0.428393
v 1.065279 1.878633 0.430261
v 1.014887 1.938145 0.432458
v 0.974528 1.985808 0.434217
v 1.053178 2.057194 0.332459
v 1.194350 2.103687 0.295751
v 1.308838 2.108662 0.270672
v 1.398832 2.094916 0.253489
v 1.508653 1.963228 0.248987
v 1.515743 1.875723 0.260018
v 1.490731 1.745282 0.284033
v 1.432929 1.632666 0.312473
v 1.353520 1.506891 0.347398
v 1.213803 1.342644 0.400670
v 1.086784 1.212182 0.446399
v 1.047721 1.270875 0.446302
v 0.980119 1.372451 0.446133
v 0.929665 1.432097 0.448324
v 0.804032 1.574552 0.454648
v 0.751436 1.631110 0.457737
v 0.671138 1.699933 0.464964
v 0.606827 1.755052 0.470753
v 0.761256 1.877100 0.420396
v 0.937893 1.997747 0.365514
v 1.120910 1.813568 0.427746
v 0.975820 1.687286 0.476721
v 1.416966 2.083573 0.251301
v 1.373482 2.041689 0.186450
v 0.945197 1.666667 0.332834
v 1.090287 1.792948 0.283859
v 0.819110 1.558006 0.453807
v 0.835419 1.568705 0.370313
v 0.915231 1.448998 0.448971
v 0.924200 1.468004 0.365858
v 1.030169 1.565045 0.329312
v 1.171373 1.695953 0.280501
v 1.500690 1.982806 0.247930
v 1.450440 1.948381 0.183238
v 1.201997 1.716573 0.424388
v 1.060792 1.585665 0.473199
v 0.866008 1.589303 0.514054
v 0.954787 1.488597 0.509582
v 1.481698 1.969419 0.330366
v 1.404665 2.062674 0.333187
v 1.157887 1.762185 0.408047
v 1.117061 1.811111 0.409947
v 0.971991 1.684702 0.458704
v 1.014787 1.633524 0.456940
v 1.410473 2.068630 0.254645
v 1.373091 2.036387 0.201464
v 1.467832 2.041131 0.246330
v 1.430749 2.009295 0.195693
v 0.991829 1.618065 0.349066
v 0.949037 1.669246 0.350850
v 1.094017 1.795591 0.301662
v 1.134928 1.746727 0.300173
v 0.881489 1.516871 0.446232
v 0.830671 1.568899 0.449614
v 0.844053 1.576078 0.381400
v 0.891719 1.527211 0.380657
v 0.927290 1.459301 0.444756
v 0.933089 1.475098 0.376935
v 1.034002 1.567633 0.347330
v 1.175253 1.698416 0.298263
v 1.484489 1.979011 0.251741
v 1.445715 1.948399 0.198242
v 1.198316 1.713941 0.406615
v 1.056955 1.583089 0.455181
v 0.868962 1.592834 0.498766
v 0.915634 1.543288 0.493610
v 0.957991 1.491852 0.494276
v 1.455364 2.025894 0.310707
v 1.471432 1.965662 0.318915
v 1.398611 2.053624 0.321425
vt 0.490380 0.902179
vt 0.479545 0.917092
vt 0.462013 0.922788
vt 0.490380 0.883745
vt 0.444482 0.917092
vt 0.479545 0.868832
vt 0.433647 0.902179
vt 0.462013 0.863136
vt 0.433647 0.883745
vt 0.444482 0.868832
vt 0.490380 0.902179
vt 0.479545 0.917092
vt 0.462013 0.922788
vt 0.490380 0.883745
vt 0.444482 0.917092
vt 0.479545 0.868832
vt 0.433647 0.902179
vt 0.462013 0.863136
vt 0.433647 0.883745
vt 0.444482 0.868832
vt 0.673897 0.066230
vt 0.724203 0.066230
vt 0.728483 0.093065
vt 0.673891 0.093065
vt 0.673897 0.041976
vt 0.718395 0.041976
vt 0.768448 0.066230
vt 0.776491 0.093065
vt 0.731104 0.121665
vt 0.673897 0.121665
vt 0.673897 0.021040
vt 0.711234 0.021040
vt 0.757531 0.041976
vt 0.801287 0.066230
vt 0.812124 0.093065
vt 0.781417 0.121665
vt 0.731987 0.151161
vt 0.673897 0.151161
vt 0.673891 0.004057
vt 0.702939 0.004057
vt 0.744073 0.021040
vt 0.786579 0.041976
vt 0.818760 0.121665
vt 0.777816 0.151161
vt 0.731104 0.180657
vt 0.673897 0.180657
vt 0.728483 0.004057
vt 0.820995 0.151161
vt 0.786901 0.151161
vt 0.783076 0.151161
vt 0.774539 0.180657
vt 0.728483 0.209257
vt 0.673897 0.209257
vt 0.786400 0.180657
vt 0.818760 0.180657
vt 0.782720 0.155566
vt 0.778240 0.155564
vt 0.775330 0.180771
vt 0.766646 0.209257
vt 0.724203 0.236092
vt 0.673897 0.236092
vt 0.785450 0.180761
vt 0.786254 0.155574
vt 0.783791 0.209257
vt 0.812124 0.209257
vt 0.767826 0.209313
vt 0.756064 0.236092
vt 0.718395 0.260346
vt 0.673897 0.260346
vt 0.782468 0.209270
vt 0.777773 0.236092
vt 0.801287 0.236092
vt 0.757602 0.236076
vt 0.741878 0.260346
vt 0.711234 0.281283
vt 0.673897 0.281283
vt 0.776159 0.236009
vt 0.779060 0.207363
vt 0.783298 0.179787
vt 0.769413 0.260346
vt 0.786579 0.260346
vt 0.743932 0.260237
vt 0.726177 0.281283
vt 0.702939 0.298266
vt 0.673897 0.298266
vt 0.767411 0.260136
vt 0.772933 0.233208
vt 0.779190 0.179677
vt 0.773038 0.207329
vt 0.728629 0.281060
vt 0.756671 0.281283
vt 0.754636 0.280945
vt 0.764329 0.256521
vt 0.765259 0.233264
vt 0.751924 0.276621
vt 0.754703 0.256702
vt 0.738577 0.297881
vt 0.736379 0.292982
vt 0.721339 0.309860
vt 0.720000 0.304485
vt 0.718985 0.310963
vt 0.718533 0.305162
vt 0.011550 0.073478
vt 0.011550 0.087704
vt 0.001992 0.087704
vt 0.001992 0.073478
vt 0.011550 0.100219
vt 0.001992 0.100219
vt 0.001992 0.069978
vt 0.011550 0.069978
vt 0.011550 0.109508
vt 0.001992 0.109508
vt 0.011550 0.055746
vt 0.001992 0.055746
vt 0.011550 0.043231
vt 0.001992 0.043231
vt 0.011550 0.033942
vt 0.001992 0.033942
vt 0.818844 0.059172
vt 0.818844 0.079481
vt 0.812807 0.079211
vt 0.812807 0.059172
vt 0.813011 0.081587
vt 0.818815 0.082023
vt 0.812807 0.055672
vt 0.818844 0.055672
vt 0.818844 0.036654
vt 0.812807 0.036654
vt 0.818844 0.019930
vt 0.812807 0.019930
vt 0.818844 0.018979
vt 0.812319 0.018972
vt 0.810671 0.016993
vt 0.818624 0.016989
vt 0.813276 0.007829
vt 0.804757 0.009892
vt 0.088717 0.656366
vt 0.097326 0.628758
vt 0.102125 0.628636
vt 0.095972 0.656288
vt 0.100752 0.604020
vt 0.104315 0.604022
vt 0.078582 0.682235
vt 0.088194 0.682223
vt 0.107532 0.604029
vt 0.106233 0.628746
vt 0.064990 0.705581
vt 0.077638 0.705661
vt 0.109189 0.604533
vt 0.108385 0.629720
vt 0.049926 0.725695
vt 0.064625 0.725890
vt 0.035196 0.741992
vt 0.049546 0.742303
vt 0.824289 0.246836
vt 0.824289 0.220001
vt 0.878779 0.220001
vt 0.874500 0.246836
vt 0.824289 0.191401
vt 0.881400 0.191401
vt 0.926787 0.220001
vt 0.918744 0.246836
vt 0.824289 0.271090
vt 0.868691 0.271090
vt 0.824289 0.161905
vt 0.882283 0.161905
vt 0.931713 0.191401
vt 0.962420 0.220001
vt 0.951583 0.246836
vt 0.907827 0.271090
vt 0.824289 0.292026
vt 0.861530 0.292026
vt 0.824289 0.132409
vt 0.881400 0.132409
vt 0.928112 0.161905
vt 0.969057 0.191401
vt 0.936876 0.271090
vt 0.894370 0.292026
vt 0.824289 0.309009
vt 0.853235 0.309009
vt 0.824289 0.103809
vt 0.878779 0.103809
vt 0.924836 0.132409
vt 0.933372 0.161905
vt 0.937197 0.161905
vt 0.971291 0.161905
vt 0.878779 0.309009
vt 0.824289 0.076974
vt 0.874500 0.076974
vt 0.916942 0.103809
vt 0.925626 0.132295
vt 0.928537 0.157502
vt 0.933016 0.157500
vt 0.936697 0.132409
vt 0.969057 0.132409
vt 0.824289 0.052720
vt 0.868691 0.052720
vt 0.906360 0.076974
vt 0.918122 0.103753
vt 0.936550 0.157492
vt 0.934087 0.103809
vt 0.962420 0.103809
vt 0.935746 0.132305
vt 0.824289 0.031783
vt 0.861530 0.031783
vt 0.892174 0.052720
vt 0.907898 0.076990
vt 0.928070 0.076974
vt 0.951583 0.076974
vt 0.932764 0.103796
vt 0.824289 0.014800
vt 0.853235 0.014800
vt 0.876473 0.031783
vt 0.894228 0.052829
vt 0.919710 0.052720
vt 0.936876 0.052720
vt 0.926455 0.077057
vt 0.933594 0.133279
vt 0.929356 0.105703
vt 0.878925 0.032006
vt 0.917707 0.052930
vt 0.923229 0.079858
vt 0.929486 0.133389
vt 0.923334 0.105738
vt 0.914625 0.056546
vt 0.904932 0.032121
vt 0.906968 0.031783
vt 0.915555 0.079803
vt 0.904999 0.056364
vt 0.902220 0.036445
vt 0.886675 0.020084
vt 0.888873 0.015185
vt 0.870296 0.008581
vt 0.871635 0.003207
vt 0.868830 0.007905
vt 0.869281 0.002104
vt 0.658265 0.061663
vt 0.667823 0.061663
vt 0.667823 0.075793
vt 0.658265 0.075793
vt 0.658265 0.058259
vt 0.667823 0.058259
vt 0.667823 0.088308
vt 0.658265 0.088308
vt 0.658265 0.044027
vt 0.667823 0.044027
vt 0.667823 0.097597
vt 0.658265 0.097597
vt 0.658265 0.031512
vt 0.667823 0.031512
vt 0.658265 0.022223
vt 0.667823 0.022223
vt 0.990313 0.069876
vt 0.996349 0.069876
vt 0.996349 0.089820
vt 0.990313 0.090089
vt 0.990313 0.066472
vt 0.996349 0.066472
vt 0.996145 0.092195
vt 0.990341 0.092631
vt 0.990313 0.047454
vt 0.996349 0.047454
vt 0.990313 0.030730
vt 0.996349 0.030730
vt 0.990313 0.018317
vt 0.996349 0.018317
vt 0.338725 0.695817
vt 0.345981 0.695895
vt 0.352133 0.723547
vt 0.347335 0.723425
vt 0.328591 0.669948
vt 0.338202 0.669960
vt 0.354324 0.748161
vt 0.350761 0.748163
vt 0.314999 0.646602
vt 0.327646 0.646522
vt 0.356241 0.723437
vt 0.357540 0.748154
vt 0.299934 0.626488
vt 0.314634 0.626293
vt 0.359197 0.747650
vt 0.358393 0.722463
vt 0.285205 0.610191
vt 0.299554 0.609880
vt 0.667631 0.377218
vt 0.667631 0.406166
vt 0.664125 0.406166
vt 0.664125 0.377218
vt 0.667631 0.434234
vt 0.664125 0.434234
vt 0.667631 0.348270
vt 0.664125 0.348270
vt 0.667631 0.460570
vt 0.664125 0.460570
vt 0.667631 0.320202
vt 0.664125 0.320202
vt 0.667631 0.484373
vt 0.664125 0.484373
vt 0.667631 0.293866
vt 0.664125 0.293866
vt 0.667631 0.504920
vt 0.664125 0.504920
vt 0.667631 0.270063
vt 0.664125 0.270063
vt 0.667631 0.521588
vt 0.664125 0.521588
vt 0.667631 0.249516
vt 0.664125 0.249516
vt 0.667631 0.232848
vt 0.664125 0.232848
vt 0.996785 0.423310
vt 0.938689 0.423310
vt 0.939572 0.393814
vt 0.996785 0.393814
vt 0.996785 0.452807
vt 0.939572 0.452807
vt 0.887600 0.423310
vt 0.889259 0.393814
vt 0.942193 0.365214
vt 0.996785 0.365214
vt 0.996785 0.481406
vt 0.942193 0.481406
vt 0.889259 0.452807
vt 0.849681 0.423310
vt 0.851916 0.393814
vt 0.894185 0.365214
vt 0.946472 0.338380
vt 0.996785 0.338380
vt 0.996785 0.508241
vt 0.946472 0.508241
vt 0.894185 0.481406
vt 0.851916 0.452807
vt 0.858552 0.365214
vt 0.902228 0.338380
vt 0.952281 0.314125
vt 0.996785 0.314125
vt 0.996785 0.532495
vt 0.952281 0.532495
vt 0.902228 0.508241
vt 0.858552 0.481406
vt 0.869389 0.338380
vt 0.913145 0.314125
vt 0.959442 0.293189
vt 0.996785 0.293189
vt 0.996785 0.553432
vt 0.959442 0.553432
vt 0.913145 0.532495
vt 0.869389 0.508241
vt 0.884097 0.314125
vt 0.926602 0.293189
vt 0.967737 0.276206
vt 0.996785 0.276206
vt 0.996785 0.570415
vt 0.967737 0.570415
vt 0.926602 0.553432
vt 0.884097 0.532495
vt 0.942193 0.276206
vt 0.942193 0.570415
vt 0.726438 0.343852
vt 0.770683 0.343852
vt 0.766403 0.370687
vt 0.718395 0.370687
vt 0.737355 0.319598
vt 0.776491 0.319598
vt 0.820995 0.343852
vt 0.820995 0.370687
vt 0.763782 0.399287
vt 0.713469 0.399287
vt 0.693599 0.343852
vt 0.682762 0.370687
vt 0.750813 0.298661
vt 0.783652 0.298661
vt 0.820995 0.319598
vt 0.708307 0.319598
vt 0.820995 0.399287
vt 0.762899 0.428783
vt 0.711810 0.428783
vt 0.676126 0.399287
vt 0.766403 0.281678
vt 0.791947 0.281678
vt 0.820995 0.298661
vt 0.820995 0.428783
vt 0.763782 0.458279
vt 0.713469 0.458279
vt 0.673891 0.428783
vt 0.820995 0.281678
vt 0.820995 0.458279
vt 0.766403 0.486879
vt 0.718395 0.486879
vt 0.676126 0.458279
vt 0.820995 0.486879
vt 0.770683 0.513714
vt 0.726438 0.513714
vt 0.682762 0.486879
vt 0.820995 0.513714
vt 0.776491 0.537968
vt 0.737355 0.537968
vt 0.693599 0.513714
vt 0.820995 0.537968
vt 0.783652 0.558904
vt 0.750813 0.558904
vt 0.708307 0.537968
vt 0.820995 0.558904
vt 0.762799 0.571962
vt 0.820995 0.575887
vt 0.791947 0.575887
vt 0.767803 0.575143
vt 0.657865 0.315351
vt 0.657865 0.341687
vt 0.654359 0.341687
vt 0.654359 0.315351
vt 0.657865 0.369755
vt 0.654359 0.369755
vt 0.657865 0.291548
vt 0.654359 0.291548
vt 0.657865 0.398703
vt 0.654359 0.398703
vt 0.657865 0.271001
vt 0.654359 0.271001
vt 0.657865 0.427651
vt 0.654359 0.427651
vt 0.657865 0.254334
vt 0.654359 0.254334
vt 0.657865 0.455719
vt 0.654359 0.455719
vt 0.657865 0.482055
vt 0.654359 0.482055
vt 0.657865 0.505858
vt 0.654359 0.505858
vt 0.657865 0.526406
vt 0.654359 0.526406
vt 0.657865 0.543073
vt 0.654359 0.543073
vt 0.864273 0.012259
vt 0.864273 0.015663
vt 0.861400 0.015765
vt 0.861400 0.012259
vt 0.763112 0.027165
vt 0.765660 0.017509
vt 0.774532 0.018461
vt 0.771863 0.028943
vt 0.768527 0.011298
vt 0.770787 0.007169
vt 0.778954 0.008778
vt 0.766216 0.035849
vt 0.758099 0.035751
vt 0.776874 0.001884
vt 0.783440 0.002960
vt 0.764363 0.038115
vt 0.757879 0.037741
vt 0.604032 0.007852
vt 0.607858 0.017509
vt 0.602337 0.019334
vt 0.599668 0.009484
vt 0.611512 0.022780
vt 0.614693 0.027784
vt 0.606760 0.029017
vt 0.604536 0.001884
vt 0.599772 0.003230
vt 0.619780 0.033128
vt 0.611246 0.034835
vt 0.015664 0.015759
vt 0.015664 0.012259
vt 0.018537 0.012259
vt 0.018537 0.015765
vt 0.750678 0.017516
vt 0.748435 0.012606
vt 0.755491 0.011802
vt 0.757608 0.016436
vt 0.746160 0.009656
vt 0.753343 0.009017
vt 0.752031 0.022831
vt 0.758885 0.021453
vt 0.751978 0.026003
vt 0.758835 0.024447
vt 0.350750 0.014596
vt 0.349396 0.019590
vt 0.342205 0.018486
vt 0.343482 0.013771
vt 0.347154 0.024501
vt 0.340088 0.023120
vt 0.339856 0.018432
vt 0.340576 0.015776
vt 0.350697 0.011424
vt 0.343433 0.010778
vt 0.344879 0.027451
vt 0.337941 0.025905
vt 0.338663 0.021043
vt 0.627377 0.545744
vt 0.612875 0.540182
vt 0.615665 0.535044
vt 0.629644 0.540346
vt 0.602751 0.528761
vt 0.606574 0.524268
vt 0.655282 0.558257
vt 0.656718 0.552633
vt 0.582140 0.507824
vt 0.586691 0.504062
vt 0.657992 0.558477
vt 0.658488 0.552574
vt 0.565420 0.483570
vt 0.570553 0.480651
vt 0.553102 0.456735
vt 0.558661 0.454742
vt 0.545564 0.428135
vt 0.551376 0.427125
vt 0.543026 0.398639
vt 0.548575 0.398605
vt 0.545571 0.369143
vt 0.550691 0.370028
vt 0.553118 0.340543
vt 0.558161 0.341874
vt 0.546655 0.467720
vt 0.549307 0.467501
vt 0.549096 0.473462
vt 0.547308 0.473342
vt 0.518649 0.480257
vt 0.521444 0.485329
vt 0.501890 0.491204
vt 0.505206 0.496019
vt 0.493434 0.497217
vt 0.497256 0.501709
vt 0.472813 0.518153
vt 0.477364 0.521915
vt 0.456086 0.542407
vt 0.461219 0.545326
vt 0.443760 0.569242
vt 0.449319 0.571235
vt 0.436196 0.597842
vt 0.442029 0.598852
vt 0.433647 0.627338
vt 0.439209 0.627373
vt 0.436182 0.656834
vt 0.441302 0.655949
vt 0.443729 0.685434
vt 0.448772 0.684103
vt 0.184117 0.844004
vt 0.194934 0.847915
vt 0.182157 0.879145
vt 0.170886 0.875070
vt 0.218924 0.786955
vt 0.205914 0.790867
vt 0.197828 0.849034
vt 0.185202 0.880322
vt 0.172939 0.902610
vt 0.161652 0.898535
vt 0.169633 0.838767
vt 0.154453 0.869128
vt 0.221791 0.787532
vt 0.188407 0.801955
vt 0.175917 0.903732
vt 0.143402 0.894302
vt 0.161263 0.835741
vt 0.144957 0.865694
vt 0.175212 0.816879
vt 0.132856 0.891857
vt 0.679870 0.861525
vt 0.668599 0.865601
vt 0.655822 0.834371
vt 0.666638 0.830460
vt 0.677817 0.889065
vt 0.689104 0.884990
vt 0.665554 0.866778
vt 0.652928 0.835489
vt 0.631832 0.773411
vt 0.644842 0.777323
vt 0.696303 0.855583
vt 0.681123 0.825222
vt 0.674838 0.890187
vt 0.707354 0.880758
vt 0.628967 0.773980
vt 0.662349 0.788411
vt 0.705799 0.852150
vt 0.689493 0.822196
vt 0.717900 0.878312
vt 0.675544 0.803334
vt 0.142873 0.735644
vt 0.131779 0.739655
vt 0.120657 0.707827
vt 0.131253 0.703995
vt 0.141264 0.764272
vt 0.152219 0.759706
vt 0.117614 0.744778
vt 0.108196 0.712333
vt 0.101871 0.654844
vt 0.108627 0.642325
vt 0.134312 0.702813
vt 0.145971 0.734446
vt 0.127070 0.772237
vt 0.155178 0.758536
vt 0.098215 0.715942
vt 0.106268 0.748880
vt 0.096518 0.672043
vt 0.111183 0.640868
vt 0.115701 0.778616
vt 0.095745 0.695538
vt 0.498589 0.712072
vt 0.509186 0.715904
vt 0.498063 0.747732
vt 0.486969 0.743721
vt 0.527972 0.662921
vt 0.521215 0.650402
vt 0.521647 0.720410
vt 0.512229 0.752855
vt 0.488578 0.772349
vt 0.477624 0.767783
vt 0.483872 0.742524
vt 0.495531 0.710890
vt 0.533324 0.680120
vt 0.518661 0.648951
vt 0.523574 0.756957
vt 0.531627 0.724019
vt 0.502773 0.780314
vt 0.474664 0.766613
vt 0.534097 0.703615
vt 0.514141 0.786693
vt 0.773745 0.801804
vt 0.783952 0.805418
vt 0.772273 0.837047
vt 0.761589 0.833261
vt 0.806122 0.744439
vt 0.798385 0.736796
vt 0.763604 0.859847
vt 0.752972 0.855231
vt 0.763665 0.798230
vt 0.751060 0.829530
vt 0.787798 0.738066
vt 0.742254 0.851625
vt 0.573855 0.843395
vt 0.563170 0.847182
vt 0.551493 0.815553
vt 0.561699 0.811938
vt 0.571852 0.869977
vt 0.582472 0.865345
vt 0.529353 0.754587
vt 0.537083 0.746965
vt 0.584384 0.839664
vt 0.571779 0.808365
vt 0.593203 0.861755
vt 0.547664 0.748217
vt 0.441011 0.760443
vt 0.433499 0.780342
vt 0.420727 0.776906
vt 0.429037 0.754894
vt 0.415019 0.795667
vt 0.428339 0.797301
vt 0.409677 0.774139
vt 0.417189 0.754240
vt 0.436499 0.737515
vt 0.447756 0.744733
vt 0.404517 0.791098
vt 0.411088 0.810904
vt 0.424786 0.811075
vt 0.423934 0.738530
vt 0.448863 0.711707
vt 0.458933 0.721403
vt 0.400964 0.804872
vt 0.424737 0.813618
vt 0.410574 0.814213
vt 0.435111 0.715201
vt 0.460194 0.689605
vt 0.469176 0.701423
vt 0.400443 0.807299
vt 0.445354 0.695221
vt 0.074879 0.023868
vt 0.064648 0.021945
vt 0.063803 0.010386
vt 0.073912 0.012707
vt 0.058635 0.030246
vt 0.068934 0.031746
vt 0.346675 0.086511
vt 0.332389 0.088416
vt 0.333263 0.085845
vt 0.344892 0.084761
vt 0.346421 0.088352
vt 0.332610 0.090273
vt 0.322315 0.080176
vt 0.324914 0.079552
vt 0.367904 0.047342
vt 0.364961 0.046595
vt 0.344083 0.041139
vt 0.347023 0.041924
vt 0.378873 0.027669
vt 0.375890 0.026891
vt 0.355052 0.021466
vt 0.358034 0.022242
vt 0.387055 0.012865
vt 0.384401 0.013144
vt 0.363260 0.006669
vt 0.364973 0.008096
vt 0.377576 0.006597
vt 0.376638 0.008299
vt 0.850222 0.786148
vt 0.838781 0.787561
vt 0.833950 0.768432
vt 0.845855 0.768856
vt 0.853910 0.806178
vt 0.842860 0.809718
vt 0.825781 0.789651
vt 0.821415 0.772359
vt 0.828017 0.747067
vt 0.840493 0.749543
vt 0.855604 0.819614
vt 0.844734 0.824581
vt 0.829469 0.809680
vt 0.816052 0.753046
vt 0.818969 0.719168
vt 0.832313 0.724323
vt 0.855902 0.822059
vt 0.844913 0.827907
vt 0.831163 0.823117
vt 0.807872 0.727826
vt 0.811201 0.697007
vt 0.825291 0.704291
vt 0.830910 0.825633
vt 0.800850 0.707793
vt 0.950588 0.012093
vt 0.961140 0.011174
vt 0.958552 0.022109
vt 0.948321 0.023503
vt 0.955733 0.002573
vt 0.945389 0.003006
vt 0.251709 0.927579
vt 0.237800 0.924029
vt 0.239798 0.922492
vt 0.251141 0.925041
vt 0.251337 0.929506
vt 0.237840 0.925893
vt 0.221738 0.881716
vt 0.224761 0.881298
vt 0.262725 0.920465
vt 0.260174 0.919564
vt 0.213419 0.860265
vt 0.216479 0.859826
vt 0.246179 0.878213
vt 0.243155 0.878662
vt 0.207077 0.843622
vt 0.209674 0.844222
vt 0.237860 0.856763
vt 0.234799 0.857201
vt 0.217311 0.838306
vt 0.218023 0.840156
vt 0.231493 0.840123
vt 0.229610 0.841375
vt 0.366262 0.512657
vt 0.364089 0.539492
vt 0.312463 0.539492
vt 0.310290 0.512657
vt 0.412097 0.539492
vt 0.418353 0.512657
vt 0.361140 0.563746
vt 0.315412 0.563746
vt 0.264455 0.539492
vt 0.258198 0.512657
vt 0.367593 0.484058
vt 0.308959 0.484058
vt 0.403606 0.563746
vt 0.422185 0.484058
vt 0.357504 0.584683
vt 0.319047 0.584683
vt 0.272946 0.563746
vt 0.254367 0.484058
vt 0.368041 0.454561
vt 0.308511 0.454561
vt 0.393137 0.584683
vt 0.423475 0.454561
vt 0.353293 0.601666
vt 0.323259 0.601666
vt 0.283415 0.584683
vt 0.253076 0.454561
vt 0.367593 0.425065
vt 0.308959 0.425065
vt 0.381010 0.601666
vt 0.422185 0.584683
vt 0.438224 0.563746
vt 0.422185 0.425065
vt 0.295542 0.601666
vt 0.254367 0.584683
vt 0.238328 0.563746
vt 0.254367 0.425065
vt 0.366262 0.396465
vt 0.310290 0.396465
vt 0.418353 0.396465
vt 0.258198 0.396465
vt 0.364089 0.369631
vt 0.312463 0.369631
vt 0.412097 0.369631
vt 0.264455 0.369631
vt 0.361140 0.345376
vt 0.315412 0.345376
vt 0.403606 0.345376
vt 0.272946 0.345376
vt 0.357504 0.324440
vt 0.319047 0.324440
vt 0.393137 0.324440
vt 0.283415 0.324440
vt 0.353293 0.307457
vt 0.323259 0.307457
vt 0.381010 0.307457
vt 0.408429 0.324440
vt 0.424978 0.345376
vt 0.268123 0.324440
vt 0.251574 0.345376
vt 0.295542 0.307457
vt 0.623107 0.022151
vt 0.632665 0.022151
vt 0.632665 0.037140
vt 0.623107 0.037140
vt 0.632665 0.008571
vt 0.623107 0.008571
vt 0.632665 0.050720
vt 0.623107 0.050720
vt 0.015664 0.043107
vt 0.021701 0.043107
vt 0.021701 0.062956
vt 0.015664 0.062956
vt 0.021701 0.024290
vt 0.015664 0.024778
vt 0.021701 0.081772
vt 0.015664 0.081284
vt 0.021665 0.021501
vt 0.015864 0.022111
vt 0.021665 0.084561
vt 0.015864 0.083951
vt 0.996967 0.143944
vt 0.998008 0.169151
vt 0.996074 0.169654
vt 0.994154 0.144916
vt 0.991460 0.115402
vt 0.987924 0.117308
vt 0.983287 0.088639
vt 0.979844 0.091440
vt 0.971183 0.064478
vt 0.968179 0.068093
vt 0.956378 0.043655
vt 0.953737 0.047979
vt 0.939192 0.026783
vt 0.936689 0.031682
vt 0.919608 0.014860
vt 0.918025 0.020235
vt 0.916654 0.013745
vt 0.916090 0.019549
vt 0.165148 0.712346
vt 0.167961 0.713319
vt 0.166041 0.738057
vt 0.164107 0.737554
vt 0.170655 0.683805
vt 0.174191 0.685711
vt 0.178828 0.657042
vt 0.182271 0.659842
vt 0.190932 0.632881
vt 0.193936 0.636496
vt 0.205737 0.612058
vt 0.208378 0.616382
vt 0.222924 0.595186
vt 0.225426 0.600085
vt 0.242507 0.583263
vt 0.244090 0.588638
vt 0.245461 0.582148
vt 0.246025 0.587952
vt 0.667420 0.173420
vt 0.664840 0.203414
vt 0.661730 0.202866
vt 0.664262 0.173420
vt 0.657176 0.232014
vt 0.654209 0.230934
vt 0.664840 0.144422
vt 0.661730 0.144971
vt 0.644663 0.258849
vt 0.641928 0.257270
vt 0.657176 0.115822
vt 0.654209 0.116902
vt 0.627680 0.283103
vt 0.625261 0.281073
vt 0.644663 0.088988
vt 0.641928 0.090567
vt 0.606743 0.304040
vt 0.604714 0.301621
vt 0.627680 0.064733
vt 0.625261 0.066763
vt 0.582489 0.321023
vt 0.580910 0.318288
vt 0.606743 0.043797
vt 0.604714 0.046216
vt 0.555655 0.333536
vt 0.554575 0.330569
vt 0.582489 0.026814
vt 0.580910 0.029549
vt 0.527055 0.341199
vt 0.526506 0.338089
vt 0.555655 0.014301
vt 0.554575 0.017268
vt 0.497559 0.343780
vt 0.497559 0.340622
vt 0.527055 0.006637
vt 0.526506 0.009747
vt 0.468062 0.341199
vt 0.468611 0.338089
vt 0.497559 0.004057
vt 0.497559 0.007215
vt 0.439462 0.333536
vt 0.440543 0.330569
vt 0.468062 0.006637
vt 0.468611 0.009747
vt 0.412628 0.321023
vt 0.414207 0.318288
vt 0.439462 0.014301
vt 0.440543 0.017268
vt 0.388374 0.304040
vt 0.390403 0.301621
vt 0.412628 0.026814
vt 0.414207 0.029549
vt 0.367437 0.283103
vt 0.369856 0.281073
vt 0.388374 0.043797
vt 0.390403 0.046216
vt 0.350454 0.258849
vt 0.353189 0.257270
vt 0.367437 0.064733
vt 0.369856 0.066763
vt 0.337941 0.232014
vt 0.340814 0.230675
vt 0.350454 0.088988
vt 0.353189 0.090567
vt 0.337941 0.115822
vt 0.340814 0.117162
vt 0.111771 0.491285
vt 0.110505 0.461789
vt 0.130719 0.461789
vt 0.131167 0.491285
vt 0.129388 0.433189
vt 0.110072 0.433189
vt 0.185311 0.461789
vt 0.186602 0.491285
vt 0.112669 0.520781
vt 0.130719 0.520781
vt 0.181480 0.433189
vt 0.127215 0.406354
vt 0.185311 0.520781
vt 0.114489 0.549381
vt 0.129388 0.549381
vt 0.175223 0.406354
vt 0.102236 0.433189
vt 0.076127 0.406354
vt 0.181480 0.549381
vt 0.113048 0.549381
vt 0.115781 0.576216
vt 0.127215 0.576216
vt 0.124266 0.382100
vt 0.166732 0.382100
vt 0.073954 0.433189
vt 0.079076 0.382100
vt 0.175223 0.576216
vt 0.114231 0.576216
vt 0.117172 0.600470
vt 0.124266 0.600470
vt 0.120631 0.361164
vt 0.156263 0.361164
vt 0.100267 0.461789
vt 0.072623 0.461789
vt 0.028119 0.406354
vt 0.021862 0.433189
vt 0.036610 0.382100
vt 0.082711 0.361164
vt 0.166732 0.600470
vt 0.115514 0.600470
vt 0.118622 0.621407
vt 0.120631 0.621407
vt 0.116419 0.344181
vt 0.144136 0.344181
vt 0.185311 0.361164
vt 0.201350 0.382100
vt 0.097395 0.491285
vt 0.072175 0.491285
vt 0.018030 0.461789
vt 0.047078 0.361164
vt 0.086923 0.344181
vt 0.156263 0.621407
vt 0.116858 0.621407
vt 0.119140 0.627419
vt 0.095301 0.520781
vt 0.072623 0.520781
vt 0.016740 0.491285
vt 0.059206 0.344181
vt 0.018030 0.361164
vt 0.001992 0.382100
vt 0.201350 0.600470
vt 0.185311 0.621407
vt 0.117341 0.627419
vt 0.093995 0.549381
vt 0.073954 0.549381
vt 0.018030 0.520781
vt 0.143960 0.638215
vt 0.120137 0.638366
vt 0.118272 0.638366
vt 0.094723 0.549381
vt 0.092291 0.576216
vt 0.076127 0.576216
vt 0.021862 0.549381
vt 0.093227 0.576216
vt 0.090380 0.600470
vt 0.079076 0.600470
vt 0.028119 0.576216
vt 0.091557 0.600470
vt 0.087746 0.621407
vt 0.082711 0.621407
vt 0.036610 0.600470
vt 0.089250 0.621407
vt 0.086166 0.632829
vt 0.047078 0.621407
vt 0.087860 0.632829
vt 0.001992 0.600470
vt 0.018030 0.621407
vt 0.004573 0.203683
vt 0.001992 0.174301
vt 0.005150 0.173718
vt 0.007683 0.203134
vt 0.004573 0.144422
vt 0.007683 0.145239
vt 0.012236 0.232283
vt 0.015203 0.231202
vt 0.012236 0.115822
vt 0.015203 0.117170
vt 0.024749 0.259118
vt 0.027484 0.257538
vt 0.024749 0.089256
vt 0.027484 0.090835
vt 0.041732 0.283372
vt 0.044151 0.281341
vt 0.041732 0.064733
vt 0.044151 0.067031
vt 0.062669 0.304309
vt 0.064699 0.301889
vt 0.062669 0.043797
vt 0.064699 0.046484
vt 0.086923 0.321292
vt 0.088502 0.318556
vt 0.086923 0.026814
vt 0.088502 0.029817
vt 0.113758 0.333805
vt 0.114838 0.330837
vt 0.113758 0.014569
vt 0.114838 0.017536
vt 0.142357 0.341468
vt 0.142906 0.338357
vt 0.142357 0.006637
vt 0.142906 0.010015
vt 0.171854 0.344049
vt 0.171854 0.340890
vt 0.171854 0.004057
vt 0.171854 0.007483
vt 0.201350 0.341468
vt 0.200801 0.338357
vt 0.201350 0.006637
vt 0.200801 0.010015
vt 0.229950 0.333805
vt 0.228870 0.330837
vt 0.229950 0.014301
vt 0.228870 0.017536
vt 0.256784 0.321292
vt 0.255205 0.318556
vt 0.256784 0.026814
vt 0.255205 0.029817
vt 0.281039 0.304309
vt 0.279009 0.301889
vt 0.281039 0.043797
vt 0.279009 0.046484
vt 0.301975 0.283372
vt 0.299556 0.281341
vt 0.301975 0.064733
vt 0.299556 0.067031
vt 0.318958 0.259118
vt 0.316223 0.257538
vt 0.318958 0.088988
vt 0.316223 0.090835
vt 0.331471 0.232283
vt 0.328598 0.230943
vt 0.331471 0.115822
vt 0.328598 0.117430
vt 0.003945 0.027955
vt 0.003945 0.019763
vt 0.009982 0.019956
vt 0.009982 0.027955
vt 0.003945 0.017553
vt 0.009848 0.017352
vt 0.009895 0.009017
vt 0.009961 0.017293
vt 0.722721 0.882731
vt 0.722721 0.877540
vt 0.732279 0.882731
vt 0.722721 0.869151
vt 0.732279 0.869151
vt 0.722721 0.854700
vt 0.732279 0.854700
vt 0.722721 0.845610
vt 0.722721 0.841120
vt 0.732279 0.841120
vt 0.902418 0.022072
vt 0.907058 0.011918
vt 0.911821 0.013764
vt 0.908985 0.024183
vt 0.789131 0.009165
vt 0.797665 0.008278
vt 0.800487 0.018302
vt 0.791968 0.020064
vt 0.581575 0.019773
vt 0.580136 0.014490
vt 0.587400 0.013832
vt 0.588758 0.018819
vt 0.590285 0.014834
vt 0.591050 0.017643
vt 0.587351 0.009722
vt 0.590257 0.012518
vt 0.590906 0.022777
vt 0.592260 0.019873
vt 0.665745 0.017143
vt 0.660218 0.015704
vt 0.661163 0.008847
vt 0.666380 0.010205
vt 0.393826 0.674348
vt 0.395321 0.648439
vt 0.413646 0.648439
vt 0.414831 0.674348
vt 0.396200 0.620821
vt 0.412598 0.620821
vt 0.392158 0.697759
vt 0.416115 0.697759
vt 0.398090 0.592301
vt 0.412050 0.592301
vt 0.389671 0.717965
vt 0.417280 0.717965
vt 0.417106 0.723655
vt 0.414864 0.734348
vt 0.389557 0.734147
vt 0.388724 0.728741
vt 0.417733 0.734345
vt 0.273663 0.022435
vt 0.267626 0.022385
vt 0.267626 0.014687
vt 0.273663 0.014687
vt 0.273587 0.024608
vt 0.267626 0.024367
vt 0.267626 0.008824
vt 0.274110 0.009084
vt 0.638733 0.066319
vt 0.641522 0.037742
vt 0.651760 0.037742
vt 0.652693 0.066319
vt 0.651328 0.009588
vt 0.643492 0.009588
vt 0.355827 0.844671
vt 0.368702 0.843485
vt 0.368890 0.857877
vt 0.355997 0.857682
vt 0.355520 0.841806
vt 0.368671 0.839891
vt 0.381058 0.844388
vt 0.381228 0.857398
vt 0.369182 0.877243
vt 0.356261 0.875189
vt 0.381316 0.841520
vt 0.381492 0.874905
vt 0.369446 0.891840
vt 0.356499 0.888383
vt 0.381730 0.888099
vt 0.369745 0.907270
vt 0.356770 0.902332
vt 0.382000 0.902048
vt 0.317866 0.035583
vt 0.317753 0.048069
vt 0.304749 0.051767
vt 0.304852 0.040480
vt 0.329980 0.052050
vt 0.330082 0.040763
vt 0.317721 0.051615
vt 0.304737 0.054745
vt 0.318065 0.015394
vt 0.305032 0.022229
vt 0.329939 0.055028
vt 0.330262 0.022513
vt 0.318180 0.003728
vt 0.305136 0.011684
vt 0.330366 0.011968
vt 0.042612 0.012099
vt 0.042506 0.024217
vt 0.029538 0.023859
vt 0.029634 0.012904
vt 0.054769 0.024143
vt 0.054864 0.013188
vt 0.042382 0.039920
vt 0.029426 0.038053
vt 0.029673 0.009945
vt 0.042642 0.008572
vt 0.054657 0.038337
vt 0.054878 0.010228
vt 0.029337 0.049422
vt 0.042283 0.052496
vt 0.054567 0.049706
vt 0.204126 0.892577
vt 0.204032 0.903868
vt 0.193405 0.904738
vt 0.193891 0.894119
vt 0.213981 0.904964
vt 0.213691 0.894331
vt 0.204239 0.880695
vt 0.193598 0.883387
vt 0.214170 0.883613
vt 0.595183 0.907508
vt 0.592773 0.897187
vt 0.603672 0.897048
vt 0.605764 0.907873
vt 0.587453 0.907980
vt 0.585016 0.897220
vt 0.594946 0.887333
vt 0.605532 0.886713
vt 0.586517 0.910328
vt 0.583012 0.897225
vt 0.587209 0.886944
vt 0.583961 0.910102
vt 0.580136 0.897251
vt 0.586232 0.884600
vt 0.583678 0.884872
vt 0.338001 0.732273
vt 0.327247 0.735481
vt 0.320899 0.715376
vt 0.332262 0.714098
vt 0.342810 0.752427
vt 0.332567 0.757776
vt 0.314179 0.737816
vt 0.308440 0.719642
vt 0.313088 0.692571
vt 0.325201 0.693483
vt 0.344990 0.765436
vt 0.334979 0.772168
vt 0.318988 0.757970
vt 0.301379 0.699026
vt 0.301141 0.661937
vt 0.314401 0.665790
vt 0.345274 0.767593
vt 0.335200 0.775237
vt 0.321168 0.770980
vt 0.290579 0.671334
vt 0.290874 0.637224
vt 0.305120 0.643451
vt 0.281298 0.648994
vt 0.398665 0.895094
vt 0.388724 0.896251
vt 0.391015 0.885090
vt 0.400629 0.883465
vt 0.395469 0.904129
vt 0.405274 0.903444
vt 0.680341 0.919027
vt 0.670210 0.927750
vt 0.669455 0.925108
vt 0.677757 0.918264
vt 0.656047 0.924672
vt 0.657896 0.922893
vt 0.658524 0.870953
vt 0.655577 0.871652
vt 0.634703 0.876496
vt 0.637649 0.875825
vt 0.647513 0.846508
vt 0.644530 0.847202
vt 0.623691 0.852052
vt 0.626674 0.851357
vt 0.639092 0.827612
vt 0.637376 0.829170
vt 0.615294 0.833150
vt 0.617944 0.833679
vt 0.624680 0.826157
vt 0.625612 0.828241
vt 0.279875 0.711411
vt 0.268242 0.708249
vt 0.272502 0.688802
vt 0.283726 0.693832
vt 0.262007 0.732229
vt 0.274238 0.733088
vt 0.255434 0.706209
vt 0.259285 0.688630
vt 0.275421 0.673516
vt 0.286364 0.680013
vt 0.249797 0.727886
vt 0.269163 0.750790
vt 0.256392 0.751811
vt 0.261923 0.674811
vt 0.275792 0.670435
vt 0.286808 0.677822
vt 0.244722 0.745588
vt 0.260735 0.777913
vt 0.247070 0.781815
vt 0.236295 0.772711
vt 0.253003 0.801626
vt 0.238516 0.808047
vt 0.228562 0.796424
vt 0.408723 0.021188
vt 0.398980 0.019776
vt 0.396965 0.008432
vt 0.406605 0.010253
vt 0.392630 0.028809
vt 0.402424 0.029789
vt 0.845295 0.833707
vt 0.856283 0.842243
vt 0.853735 0.843045
vt 0.844647 0.836459
vt 0.839762 0.889645
vt 0.836745 0.888986
vt 0.831292 0.836933
vt 0.833237 0.838677
vt 0.831471 0.913630
vt 0.828411 0.912979
vt 0.815321 0.884444
vt 0.818340 0.885069
vt 0.825264 0.931631
vt 0.823382 0.930121
vt 0.807030 0.908429
vt 0.810091 0.909081
vt 0.811146 0.933154
vt 0.811862 0.931106
vt 0.800850 0.926435
vt 0.803450 0.925891
vt 0.906804 0.608279
vt 0.916887 0.606768
vt 0.916936 0.636646
vt 0.897022 0.581403
vt 0.916887 0.578168
vt 0.897933 0.613401
vt 0.879549 0.591492
vt 0.887845 0.556187
vt 0.916893 0.551065
vt 0.891348 0.621248
vt 0.866580 0.606948
vt 0.862300 0.570935
vt 0.887845 0.630874
vt 0.859679 0.625907
vt 0.843340 0.593530
vt 0.888036 0.641655
vt 0.859871 0.646622
vt 0.833252 0.621248
vt 0.822336 0.581403
vt 0.846710 0.552355
vt 0.891540 0.651281
vt 0.866772 0.665581
vt 0.833444 0.651281
vt 0.898125 0.659129
vt 0.879741 0.681037
vt 0.843532 0.678999
vt 0.906996 0.664251
vt 0.897214 0.691126
vt 0.862492 0.701594
vt 0.916983 0.666029
vt 0.916983 0.694629
vt 0.888036 0.716342
vt 0.846902 0.720174
vt 0.822528 0.691126
vt 0.916983 0.721463
vt 0.887759 0.902968
vt 0.891590 0.923819
vt 0.883716 0.923627
vt 0.898485 0.921310
vt 0.895147 0.943993
vt 0.880158 0.943801
vt 0.876821 0.921118
vt 0.908727 0.939050
vt 0.904105 0.916594
vt 0.866579 0.938858
vt 0.871201 0.916402
vt 0.919797 0.929761
vt 0.907774 0.910240
vt 0.855509 0.929569
vt 0.867532 0.910048
vt 0.927023 0.917246
vt 0.908780 0.903020
vt 0.848283 0.917054
vt 0.866259 0.902924
vt 0.929264 0.903020
vt 0.887884 0.899510
vt 0.908512 0.899520
vt 0.845774 0.902924
vt 0.866259 0.899520
vt 0.928996 0.899520
vt 0.907238 0.892294
vt 0.845775 0.899520
vt 0.867534 0.892294
vt 0.926487 0.885288
vt 0.903569 0.885940
vt 0.848284 0.885288
vt 0.871202 0.885940
vt 0.919261 0.872773
vt 0.897949 0.881224
vt 0.855510 0.872773
vt 0.876823 0.881224
vt 0.908191 0.863484
vt 0.891054 0.878715
vt 0.866580 0.863484
vt 0.883717 0.878715
vt 0.894611 0.858541
vt 0.880160 0.858541
vt 0.646987 0.624516
vt 0.660768 0.622086
vt 0.660576 0.641935
vt 0.646795 0.639505
vt 0.653214 0.603757
vt 0.642044 0.610937
vt 0.653023 0.660264
vt 0.641852 0.653085
vt 0.650651 0.601091
vt 0.650459 0.662931
vt 0.641796 0.591225
vt 0.632755 0.599866
vt 0.641604 0.672796
vt 0.632563 0.664155
vt 0.642188 0.588620
vt 0.652117 0.598619
vt 0.620240 0.592641
vt 0.628429 0.581567
vt 0.620048 0.671381
vt 0.628238 0.682455
vt 0.651925 0.665403
vt 0.641996 0.675401
vt 0.630548 0.579632
vt 0.658728 0.568907
vt 0.668496 0.580971
vt 0.626054 0.579644
vt 0.630357 0.684389
vt 0.625862 0.684378
vt 0.658536 0.695115
vt 0.668304 0.683051
vt 0.644379 0.560968
vt 0.673807 0.550940
vt 0.684041 0.561821
vt 0.606014 0.576405
vt 0.606014 0.590399
vt 0.644187 0.703054
vt 0.605918 0.687883
vt 0.605918 0.673889
vt 0.673616 0.713081
vt 0.683849 0.702200
vt 0.686820 0.535439
vt 0.696446 0.545728
vt 0.602514 0.590667
vt 0.602514 0.576673
vt 0.602514 0.687882
vt 0.602514 0.673889
vt 0.686628 0.728582
vt 0.696254 0.718294
vt 0.583496 0.580027
vt 0.588282 0.593177
vt 0.583496 0.684529
vt 0.588282 0.671379
vt 0.566772 0.589682
vt 0.575767 0.600402
vt 0.566772 0.674874
vt 0.575767 0.664154
vt 0.554359 0.604475
vt 0.559652 0.598873
vt 0.565814 0.590800
vt 0.566478 0.611472
vt 0.554359 0.660080
vt 0.566478 0.653083
vt 0.557387 0.597438
vt 0.563835 0.589421
vt 0.551539 0.612223
vt 0.551448 0.652081
vt 0.556735 0.584477
vt 0.550480 0.593064
vt 0.564844 0.615962
vt 0.550689 0.614397
vt 0.550519 0.649418
vt 0.564588 0.647892
vt 0.545618 0.586231
vt 0.548789 0.581877
vt 0.547662 0.623219
vt 0.561535 0.625052
vt 0.547632 0.641142
vt 0.561535 0.639503
vt 0.539999 0.596059
vt 0.540303 0.587750
vt 0.556372 0.573578
vt 0.548606 0.576350
vt 0.548901 0.614871
vt 0.530315 0.593096
vt 0.535393 0.586247
vt 0.550554 0.565307
vt 0.545656 0.572156
vt 0.521859 0.619698
vt 0.523037 0.616828
vt 0.521478 0.645004
vt 0.524497 0.584826
vt 0.532443 0.582054
vt 0.540871 0.562344
vt 0.540745 0.570654
vt 0.548921 0.648859
vt 0.521848 0.646298
vt 0.524767 0.574408
vt 0.532579 0.576771
vt 0.531021 0.565820
vt 0.535751 0.572416
vt 0.507868 0.645838
vt 0.550691 0.649477
vt 0.931808 0.638798
vt 0.934261 0.638365
vt 0.934069 0.659079
vt 0.931616 0.658647
vt 0.925292 0.618023
vt 0.923867 0.619981
vt 0.960688 0.633705
vt 0.960496 0.663739
vt 0.925100 0.679422
vt 0.923675 0.677464
vt 0.950600 0.605988
vt 0.922142 0.617192
vt 0.924496 0.614245
vt 0.950408 0.691456
vt 0.924304 0.683200
vt 0.921950 0.680253
vt 0.943518 0.597965
vt 0.941734 0.595931
vt 0.943326 0.699480
vt 0.941542 0.701514
vt 0.959828 0.578569
vt 0.971605 0.593861
vt 0.957793 0.576676
vt 0.971413 0.703584
vt 0.959636 0.718875
vt 0.957601 0.720769
vt 0.497426 0.846049
vt 0.493537 0.867906
vt 0.491531 0.866359
vt 0.494934 0.846049
vt 0.524260 0.846049
vt 0.519406 0.875092
vt 0.493291 0.871364
vt 0.490337 0.868900
vt 0.494666 0.842549
vt 0.497158 0.842549
vt 0.514617 0.883083
vt 0.512874 0.885731
vt 0.493654 0.822679
vt 0.491313 0.823531
vt 0.542198 0.883387
vt 0.531576 0.898330
vt 0.530060 0.900782
vt 0.518870 0.813501
vt 0.523992 0.842549
vt 0.483566 0.805206
vt 0.481657 0.806807
vt 0.498648 0.794701
vt 0.481969 0.803866
vt 0.480524 0.805856
vt 0.506140 0.789357
vt 0.488625 0.794706
vt 0.421746 0.011082
vt 0.419253 0.015561
vt 0.417402 0.014222
vt 0.419813 0.010658
vt 0.415025 0.019095
vt 0.414115 0.017438
vt 0.237910 0.694706
vt 0.240401 0.694706
vt 0.244072 0.714920
vt 0.242065 0.716467
vt 0.237911 0.691302
vt 0.240402 0.691302
vt 0.245266 0.717462
vt 0.242312 0.719925
vt 0.211075 0.694706
vt 0.216196 0.723653
vt 0.241414 0.671432
vt 0.243756 0.672285
vt 0.222728 0.734293
vt 0.220985 0.731644
vt 0.211076 0.691302
vt 0.216198 0.662254
vt 0.251503 0.653959
vt 0.253411 0.655560
vt 0.205542 0.749343
vt 0.204027 0.746891
vt 0.193405 0.731948
vt 0.230946 0.636710
vt 0.266959 0.640990
vt 0.268205 0.643147
vt 0.253541 0.617750
vt 0.276644 0.636322
vt 0.276396 0.640166
vt 0.212366 0.621120
vt 0.241414 0.596745
vt 0.279204 0.608410
vt 0.278845 0.636274
vt 0.278607 0.638984
vt 0.280502 0.593904
vt 0.281069 0.608369
vt 0.282196 0.593867
vt 0.933669 0.011085
vt 0.935603 0.010662
vt 0.938014 0.014225
vt 0.936162 0.015564
vt 0.941301 0.017441
vt 0.940391 0.019098
vt 0.726780 0.646448
vt 0.730284 0.656074
vt 0.701246 0.660698
vt 0.751549 0.632148
vt 0.758449 0.651108
vt 0.730284 0.666318
vt 0.720196 0.638600
vt 0.738579 0.616692
vt 0.774788 0.618730
vt 0.784876 0.646448
vt 0.758449 0.671284
vt 0.726780 0.675944
vt 0.711324 0.633479
vt 0.721106 0.606603
vt 0.755828 0.596135
vt 0.784876 0.675944
vt 0.751549 0.690244
vt 0.720196 0.683791
vt 0.701236 0.631700
vt 0.701236 0.603100
vt 0.730284 0.581387
vt 0.771419 0.577555
vt 0.795793 0.606603
vt 0.774788 0.703661
vt 0.738579 0.705700
vt 0.711324 0.688913
vt 0.701236 0.576265
vt 0.755828 0.726257
vt 0.721106 0.715788
vt 0.701236 0.690692
vt 0.795793 0.715788
vt 0.771419 0.744836
vt 0.730284 0.741005
vt 0.701236 0.719292
vt 0.701236 0.746127
vt 0.976640 0.217845
vt 0.976652 0.188429
vt 0.980156 0.188398
vt 0.980146 0.217845
vt 0.976640 0.159949
vt 0.980146 0.159949
vt 0.976640 0.245913
vt 0.980146 0.245913
vt 0.976640 0.131881
vt 0.980146 0.131881
vt 0.976640 0.272248
vt 0.980146 0.272248
vt 0.976640 0.105545
vt 0.980146 0.105545
vt 0.250047 0.014767
vt 0.254345 0.013251
vt 0.251616 0.016997
vt 0.250120 0.011958
vt 0.254227 0.017796
vt 0.251807 0.009643
vt 0.257054 0.016989
vt 0.254463 0.008705
vt 0.258740 0.014673
vt 0.257074 0.009504
vt 0.258642 0.011734
vt 0.800450 0.025194
vt 0.800450 0.051790
vt 0.796944 0.051790
vt 0.796944 0.025194
vt 0.552389 0.900461
vt 0.552276 0.897809
vt 0.561333 0.901105
vt 0.560087 0.903263
vt 0.550407 0.899803
vt 0.550299 0.897151
vt 0.550751 0.869105
vt 0.572514 0.881739
vt 0.567395 0.906192
vt 0.565949 0.908182
vt 0.548885 0.869146
vt 0.574573 0.877610
vt 0.570495 0.887950
vt 0.573633 0.897606
vt 0.966474 0.017382
vt 0.966474 0.043977
vt 0.962968 0.043977
vt 0.962968 0.017382
vt 0.039103 0.899467
vt 0.054567 0.894343
vt 0.054567 0.904497
vt 0.063477 0.870420
vt 0.060535 0.886129
vt 0.059852 0.911771
vt 0.070192 0.882991
vt 0.075463 0.884704
vt 0.084755 0.019691
vt 0.080120 0.018273
vt 0.082273 0.015369
vt 0.084884 0.016168
vt 0.089772 0.018257
vt 0.087710 0.015360
vt 0.092765 0.014147
vt 0.089396 0.013045
vt 0.092592 0.008931
vt 0.089299 0.010106
vt 0.089807 0.004972
vt 0.087730 0.007876
vt 0.611388 0.014729
vt 0.611388 0.006894
vt 0.616431 0.006894
vt 0.616431 0.014729
vt 0.091142 0.849657
vt 0.091544 0.882792
vt 0.078530 0.881089
vt 0.078167 0.851135
vt 0.103761 0.880937
vt 0.103397 0.850983
vt 0.091869 0.911734
vt 0.078824 0.907251
vt 0.104055 0.907099
vt 0.475279 0.565942
vt 0.488195 0.560353
vt 0.487876 0.596790
vt 0.474991 0.598880
vt 0.475564 0.536206
vt 0.488511 0.527458
vt 0.500510 0.566094
vt 0.500221 0.599032
vt 0.487709 0.619361
vt 0.474840 0.619285
vt 0.500795 0.536358
vt 0.500070 0.619436
vt 0.487563 0.645352
vt 0.474707 0.642779
vt 0.499938 0.642931
vt 0.487515 0.664378
vt 0.474664 0.659978
vt 0.499894 0.660130
vt 0.487515 0.678227
vt 0.474665 0.672497
vt 0.499895 0.672649
vt 0.887509 0.783075
vt 0.887831 0.814708
vt 0.884671 0.814727
vt 0.884388 0.783098
vt 0.888066 0.838798
vt 0.885724 0.837527
vt 0.887128 0.721136
vt 0.884784 0.722118
vt 0.875831 0.845432
vt 0.875775 0.842852
vt 0.862861 0.838949
vt 0.865148 0.837636
vt 0.862600 0.814860
vt 0.865759 0.814841
vt 0.862279 0.783227
vt 0.865400 0.783212
vt 0.861400 0.721281
vt 0.863748 0.722246
vt 0.003501 0.634449
vt 0.016485 0.628646
vt 0.016430 0.631270
vt 0.005788 0.635786
vt 0.028703 0.634600
vt 0.026360 0.635895
vt 0.003241 0.657858
vt 0.006401 0.657877
vt 0.028472 0.658010
vt 0.025312 0.657991
vt 0.002911 0.689146
vt 0.006027 0.689176
vt 0.028141 0.689298
vt 0.025027 0.689290
vt 0.001992 0.750656
vt 0.004302 0.749324
vt 0.027788 0.750800
vt 0.025463 0.749455
vt 0.015144 0.757809
vt 0.015127 0.754930
vt 0.588941 0.763694
vt 0.580287 0.771254
vt 0.560737 0.746028
vt 0.569756 0.738151
vt 0.618921 0.819675
vt 0.622176 0.806665
vt 0.577911 0.773244
vt 0.558238 0.748122
vt 0.545858 0.727404
vt 0.554884 0.719513
vt 0.600531 0.753571
vt 0.582905 0.726665
vt 0.617080 0.821947
vt 0.621718 0.786511
vt 0.543434 0.729462
vt 0.540018 0.718791
vt 0.550003 0.710061
vt 0.567522 0.705681
vt 0.607228 0.747721
vt 0.590503 0.720028
vt 0.615920 0.768337
vt 0.537166 0.721261
vt 0.563983 0.694760
vt 0.574824 0.697689
vt 0.572061 0.685919
vt 0.079804 0.769410
vt 0.088822 0.777287
vt 0.069273 0.802513
vt 0.060618 0.794953
vt 0.103701 0.758664
vt 0.094675 0.750772
vt 0.091322 0.779381
vt 0.071648 0.804503
vt 0.030638 0.850934
vt 0.027384 0.837924
vt 0.066655 0.757924
vt 0.049028 0.784830
vt 0.106118 0.760728
vt 0.082038 0.736941
vt 0.032612 0.853091
vt 0.027841 0.817770
vt 0.059057 0.751288
vt 0.042331 0.778980
vt 0.074735 0.728948
vt 0.033639 0.799596
vt 0.964777 0.857859
vt 0.957023 0.866735
vt 0.932953 0.845863
vt 0.940359 0.837383
vt 0.976401 0.882439
vt 0.983783 0.873170
vt 0.947123 0.878070
vt 0.924244 0.855834
vt 0.892652 0.811251
vt 0.892794 0.797477
vt 0.942463 0.834873
vt 0.966907 0.855316
vt 0.967768 0.896148
vt 0.985803 0.870716
vt 0.917269 0.863819
vt 0.939193 0.887149
vt 0.895849 0.828210
vt 0.894388 0.795050
vt 0.960853 0.907129
vt 0.905861 0.848109
vt 0.157126 0.816373
vt 0.149719 0.807893
vt 0.173789 0.787021
vt 0.181543 0.795897
vt 0.109418 0.842505
vt 0.109560 0.856279
vt 0.141010 0.797922
vt 0.163889 0.775685
vt 0.193167 0.771317
vt 0.200549 0.780586
vt 0.183673 0.798440
vt 0.159229 0.818883
vt 0.112615 0.825545
vt 0.111053 0.858822
vt 0.155959 0.766607
vt 0.134035 0.789936
vt 0.184534 0.757608
vt 0.199006 0.762121
vt 0.207172 0.772374
vt 0.202575 0.783033
vt 0.122628 0.805647
vt 0.177620 0.746627
vt 0.189456 0.746955
vt 0.209568 0.775323
vt 0.181807 0.734809
vt 0.303226 0.851459
vt 0.295131 0.858635
vt 0.274691 0.834168
vt 0.283177 0.826666
vt 0.334941 0.905703
vt 0.345050 0.902409
vt 0.260291 0.816490
vt 0.269345 0.809329
vt 0.311242 0.844391
vt 0.291538 0.819272
vt 0.349408 0.892794
vt 0.253954 0.811051
vt 0.263787 0.803597
vt 0.277792 0.801795
vt 0.272946 0.795103
vt 0.804020 0.839774
vt 0.812505 0.847277
vt 0.792084 0.871728
vt 0.783971 0.864567
vt 0.827305 0.829245
vt 0.818053 0.822264
vt 0.752774 0.918339
vt 0.742475 0.915219
vt 0.795658 0.832381
vt 0.775976 0.857481
vt 0.809803 0.814551
vt 0.738347 0.905414
vt 0.687160 0.781785
vt 0.679731 0.790560
vt 0.655853 0.768202
vt 0.663595 0.759059
vt 0.726680 0.833316
vt 0.727768 0.819879
vt 0.677677 0.792883
vt 0.653692 0.770647
vt 0.637776 0.751760
vt 0.645523 0.742602
vt 0.697110 0.770035
vt 0.674883 0.745728
vt 0.725188 0.835832
vt 0.723928 0.799850
vt 0.635686 0.754159
vt 0.631419 0.744562
vt 0.639989 0.734430
vt 0.655903 0.727005
vt 0.702859 0.763245
vt 0.681405 0.738025
vt 0.715052 0.782558
vt 0.628967 0.747433
vt 0.651472 0.717176
vt 0.661901 0.717992
vt 0.658107 0.707207
vt 0.414673 0.849810
vt 0.406931 0.840667
vt 0.430809 0.818310
vt 0.438239 0.827084
vt 0.388854 0.857109
vt 0.396602 0.866268
vt 0.404771 0.838222
vt 0.428756 0.815986
vt 0.477758 0.775554
vt 0.478847 0.788990
vt 0.425961 0.863142
vt 0.448189 0.838835
vt 0.386771 0.854706
vt 0.406982 0.881865
vt 0.476159 0.773108
vt 0.475006 0.809019
vt 0.432484 0.870845
vt 0.453938 0.845624
vt 0.412980 0.890877
vt 0.466131 0.826312
vt 0.344597 0.809789
vt 0.335597 0.817410
vt 0.314581 0.792396
vt 0.323178 0.785117
vt 0.352673 0.836441
vt 0.361358 0.828365
vt 0.324105 0.827140
vt 0.304472 0.800955
vt 0.279345 0.750852
vt 0.281456 0.737033
vt 0.325633 0.782946
vt 0.347084 0.807591
vt 0.342106 0.848771
vt 0.363723 0.826239
vt 0.296376 0.807811
vt 0.314902 0.834934
vt 0.280109 0.768432
vt 0.283382 0.734842
vt 0.333642 0.858646
vt 0.287248 0.790109
vt 0.954143 0.740717
vt 0.962740 0.747996
vt 0.941724 0.773010
vt 0.932724 0.765390
vt 0.997975 0.706453
vt 0.995865 0.692634
vt 0.972848 0.756556
vt 0.953215 0.782741
vt 0.924647 0.792042
vt 0.915963 0.783966
vt 0.930237 0.763192
vt 0.951687 0.738547
vt 0.997212 0.724032
vt 0.994001 0.690348
vt 0.962419 0.790534
vt 0.980945 0.763411
vt 0.935215 0.804372
vt 0.920695 0.801306
vt 0.911088 0.792372
vt 0.913593 0.781845
vt 0.990073 0.745709
vt 0.943679 0.814247
vt 0.932385 0.814946
vt 0.908277 0.789811
vt 0.941748 0.825870
vt 0.055394 0.848363
vt 0.063704 0.855298
vt 0.042232 0.879940
vt 0.033539 0.872671
vt 0.104898 0.807474
vt 0.100187 0.797833
vt 0.026627 0.897441
vt 0.018211 0.889513
vt 0.047199 0.841496
vt 0.024972 0.865508
vt 0.089956 0.795104
vt 0.022562 0.903945
vt 0.013724 0.895313
vt 0.009474 0.882318
vt 0.003945 0.887533
vt 0.297666 0.889680
vt 0.288972 0.896948
vt 0.267511 0.872322
vt 0.275811 0.865373
vt 0.304798 0.914781
vt 0.313099 0.906685
vt 0.226609 0.824918
vt 0.231211 0.815124
vt 0.306233 0.882516
vt 0.284018 0.858523
vt 0.321951 0.899657
vt 0.241555 0.812582
vt 0.110154 0.876081
vt 0.109585 0.866096
vt 0.123898 0.865733
vt 0.124412 0.874759
vt 0.109418 0.863244
vt 0.123734 0.863316
vt 0.110233 0.890061
vt 0.124484 0.887397
vt 0.110279 0.898139
vt 0.124525 0.894699
vt 0.603547 0.878685
vt 0.602778 0.868433
vt 0.617319 0.871426
vt 0.618015 0.880694
vt 0.601051 0.853266
vt 0.615758 0.857716
vt 0.618170 0.883148
vt 0.603758 0.881634
vt 0.614508 0.846735
vt 0.599668 0.841120
vt 0.709878 0.897788
vt 0.709049 0.887955
vt 0.720813 0.889243
vt 0.721179 0.898495
vt 0.710283 0.906948
vt 0.721948 0.906744
vt 0.984866 0.039702
vt 0.985238 0.049833
vt 0.971117 0.053529
vt 0.970780 0.044371
vt 0.985348 0.052704
vt 0.971231 0.055933
vt 0.984895 0.022448
vt 0.970806 0.028774
vt 0.984911 0.012478
vt 0.970821 0.019761
vt 0.295624 0.004695
vt 0.296148 0.014302
vt 0.281873 0.014752
vt 0.281399 0.006067
vt 0.297376 0.025992
vt 0.282983 0.025320
vt 0.281298 0.003702
vt 0.295481 0.001884
vt 0.283872 0.033783
vt 0.298359 0.035355
vt 0.996224 0.891875
vt 0.996798 0.900712
vt 0.985212 0.901932
vt 0.985085 0.893631
vt 0.995973 0.882096
vt 0.984453 0.884779
vn 0.209480 0.073921 -0.975015
vn 0.221616 0.034961 -0.974507
vn -0.000658 0.056871 -0.998381
vn 0.036426 0.219553 -0.974920
vn 0.111174 0.192475 -0.974984
vn 0.170098 0.142690 -0.975042
vn 0.061663 0.364041 -0.929340
vn -0.039529 0.219165 -0.974887
vn -0.065004 0.363535 -0.929310
vn 0.347350 0.124785 -0.929396
vn 0.367751 0.061764 -0.927871
vn 0.184751 0.319999 -0.929229
vn 0.283056 0.237512 -0.929229
vn 0.087557 0.510754 -0.855257
vn -0.090860 0.510341 -0.855159
vn 0.487589 0.176315 -0.855085
vn 0.517115 0.088872 -0.851290
vn 0.259191 0.448932 -0.855149
vn 0.397104 0.333210 -0.855149
vn 0.111353 0.645620 -0.755497
vn -0.114624 0.645217 -0.755352
vn 0.616715 0.222598 -0.755058
vn 0.652227 0.111336 -0.749803
vn 0.327641 0.567491 -0.755384
vn 0.501975 0.421207 -0.755384
vn 0.132001 0.762658 -0.633189
vn -0.135243 0.762227 -0.633024
vn 0.728061 0.262679 -0.633188
vn 0.767632 0.130762 -0.627409
vn -0.000494 0.079082 0.996868
vn 0.034134 0.211060 0.976877
vn -0.038223 0.209945 0.976966
vn 0.199071 0.038258 0.979238
vn 0.202259 0.070511 0.976790
vn 0.106873 0.185096 0.976892
vn 0.163679 0.137338 0.976907
vn 0.387044 0.670380 -0.633078
vn 0.148777 0.857755 -0.492058
vn -0.151995 0.857280 -0.491903
vn 0.592986 0.497574 -0.633078
vn 0.818114 0.296109 -0.492959
vn 0.860025 0.148335 -0.488214
vn 0.435309 0.753976 -0.491962
vn 0.161141 0.927849 -0.336348
vn -0.164341 0.927331 -0.336228
vn 0.666931 0.559622 -0.491962
vn 0.885365 0.321093 -0.336197
vn 0.929525 0.161616 -0.331456
vn 0.168713 0.970773 -0.170693
vn -0.171901 0.970225 -0.170628
vn 0.470882 0.815591 -0.336276
vn 0.721433 0.605354 -0.336275
vn 0.927219 0.334280 -0.168886
vn 0.971706 0.167875 -0.166146
vn 0.171263 0.985225 -0.000000
vn -0.174446 0.984667 0.000000
vn 0.491139 0.854243 -0.170448
vn 0.754441 0.632496 -0.175406
vn 0.942298 0.334776 -0.000598
vn 0.985578 0.169221 0.000000
vn 0.168713 0.970773 0.170693
vn -0.171901 0.970225 0.170628
vn 0.495685 0.868499 0.002304
vn 0.041815 0.255067 0.966019
vn -0.045928 0.255087 0.965827
vn -0.012803 0.999918 0.000000
vn -0.012803 0.999918 0.000000
vn -0.012803 0.999918 0.000000
vn -0.012803 0.999918 0.000000
vn -0.000982 0.089166 0.996016
vn -0.000982 0.089166 0.996016
vn -0.000982 0.089166 0.996016
vn -0.000982 0.089166 0.996016
vn 0.259510 0.024151 0.965438
vn 0.243656 0.085797 0.966059
vn 0.161141 0.927849 0.336348
vn -0.164341 0.927331 0.336228
vn 0.129409 0.224144 0.965926
vn 0.929187 0.326736 0.172789
vn 0.971552 0.166746 0.168176
vn 0.987813 0.155644 0.000000
vn 0.987813 0.155644 0.000000
vn 0.987813 0.155644 0.000000
vn 0.987813 0.155644 0.000000
vn 0.198267 0.166366 0.965926
vn 0.088023 0.014077 0.996019
vn 0.088023 0.014077 0.996019
vn 0.088023 0.014077 0.996019
vn 0.088023 0.014077 0.996019
vn 0.009669 -0.999953 0.000000
vn 0.009669 -0.999953 0.000000
vn 0.009669 -0.999953 0.000000
vn 0.009669 -0.999953 0.000000
vn 0.864545 0.502465 -0.009489
vn 0.763629 0.639746 -0.087156
vn 0.342019 0.939693 0.000000
vn 0.342019 0.939693 0.000000
vn 0.342019 0.939693 0.000000
vn 0.342019 0.939693 0.000000
vn -0.000844 0.089161 0.996017
vn -0.000844 0.089161 0.996017
vn -0.000844 0.089161 0.996017
vn -0.000844 0.089161 0.996017
vn 0.033511 0.085567 0.995769
vn 0.033511 0.085567 0.995769
vn 0.033511 0.085567 0.995769
vn 0.033511 0.085567 0.995769
vn 0.866025 0.500000 0.000000
vn 0.866025 0.500000 0.000000
vn 0.866025 0.500000 0.000000
vn 0.866025 0.500000 0.000000
vn 0.642788 0.766044 0.000000
vn 0.642788 0.766044 0.000000
vn 0.642788 0.766044 0.000000
vn 0.642788 0.766044 0.000000
vn 0.647082 0.762402 -0.005361
vn 0.097404 -0.006561 0.995223
vn 0.069257 0.042514 0.996693
vn 0.068929 0.051621 0.996285
vn -0.986675 -0.162407 -0.009846
vn -0.986675 -0.162407 -0.009846
vn -0.986675 -0.162407 -0.009846
vn -0.986675 -0.162407 -0.009846
vn 0.061973 0.062830 0.996098
vn 0.055331 0.065987 0.996285
vn 0.019299 0.097495 0.995049
vn 0.148777 0.857755 0.492058
vn -0.151995 0.857280 0.491903
vn 0.078572 0.409368 0.908980
vn 0.089891 0.507222 0.857115
vn -0.093157 0.506809 0.857010
vn -0.082055 0.409172 0.908760
vn 0.091786 0.015871 0.995652
vn 0.091786 0.015871 0.995652
vn 0.091786 0.015871 0.995652
vn 0.091786 0.015871 0.995652
vn -0.384940 -0.922835 -0.014053
vn -0.384940 -0.922835 -0.014053
vn -0.384940 -0.922835 -0.014053
vn -0.384940 -0.922835 -0.014053
vn 0.485122 0.857730 0.170164
vn 0.887878 0.310913 0.339125
vn 0.929785 0.159375 0.331811
vn 0.038440 0.089022 0.995288
vn 0.038440 0.089022 0.995288
vn 0.038440 0.089022 0.995288
vn 0.038440 0.089022 0.995288
vn 0.132001 0.762659 0.633188
vn -0.135243 0.762227 0.633024
vn 0.111353 0.645620 0.755497
vn -0.114624 0.645217 0.755352
vn 0.514180 0.087100 0.853248
vn 0.505158 0.139738 0.851639
vn 0.418435 0.077118 0.904967
vn 0.419794 0.072102 0.904751
vn 0.827362 0.497639 0.260438
vn 0.830796 0.539705 0.136001
vn 0.735537 0.662251 0.142858
vn 0.730435 0.635730 0.249623
vn 0.223524 0.468263 0.854849
vn 0.159921 0.386375 0.908372
vn 0.822379 0.284924 0.492454
vn 0.861245 0.147280 0.486380
vn 0.644038 0.747502 0.162651
vn 0.651527 0.110277 0.750567
vn 0.627062 0.202510 0.752185
vn 0.356103 0.192426 0.914420
vn 0.456343 0.234240 0.858419
vn 0.398023 0.321412 0.859227
vn 0.303721 0.261075 0.916293
vn 0.458401 0.824113 0.332725
vn 0.341035 0.414805 0.843583
vn 0.732437 0.248722 0.633777
vn 0.767632 0.130762 0.627409
vn 0.291425 0.589971 0.752998
vn 0.810308 0.444091 0.382341
vn 0.714731 0.588266 0.378291
vn 0.414931 0.768031 0.487812
vn 0.583361 0.278402 0.763009
vn 0.516352 0.387604 0.763639
vn 0.617763 0.719208 0.317975
vn 0.357539 0.691285 0.627925
vn 0.415936 0.523160 0.743842
vn 0.764682 0.388126 0.514411
vn 0.679017 0.531478 0.506425
vn 0.686465 0.326400 0.649792
vn 0.612474 0.459195 0.643441
vn 0.568997 0.673151 0.472346
vn 0.500691 0.612470 0.611710
vn 0.309098 0.393679 0.865722
vn 0.241853 0.325572 0.914063
vn 0.415131 0.481697 0.771773
vn 0.509998 0.566656 0.647150
vn 0.571571 0.642295 0.510650
vn 0.608161 0.697717 0.378592
vn 0.625600 0.737965 0.253044
vn 0.637948 0.756108 0.146025
vn 0.466648 0.307381 0.829311
vn 0.557792 0.379243 0.738270
vn 0.654396 0.426850 0.624151
vn 0.744021 0.463854 0.480907
vn 0.806866 0.487810 0.333181
vn 0.849003 0.501174 0.167390
vn 0.115106 0.182623 0.976422
vn 0.288386 0.272208 0.918007
vn 0.319243 0.287601 0.902978
vn 0.115106 0.182623 0.976422
vn 0.750179 0.625144 0.215469
vn 0.870121 0.481568 0.104795
vn 0.826266 0.554635 0.098308
vn 0.747348 0.626249 0.221998
vn 0.763000 0.637400 0.107480
vn 0.760736 0.640106 0.107450
vn 0.388962 0.333637 0.858717
vn 0.400070 0.341178 0.850613
vn 0.706889 0.596876 0.379535
vn 0.707008 0.599393 0.375323
vn 0.504700 0.396386 0.766914
vn 0.519417 0.401246 0.754459
vn 0.668976 0.518521 0.532547
vn 0.673736 0.524519 0.520538
vn 0.598244 0.444401 0.666792
vn 0.607192 0.452667 0.653001
vn 0.294490 0.237422 0.925692
vn 0.182560 0.105118 0.977559
vn 0.182560 0.105118 0.977559
vn 0.319172 0.267116 0.909274
vn 0.385641 0.293883 0.874594
vn 0.401268 0.298885 0.865824
vn 0.513767 0.363183 0.777266
vn 0.523087 0.371350 0.767124
vn 0.607865 0.455796 0.650192
vn 0.614077 0.463156 0.639059
vn 0.673575 0.528335 0.516873
vn 0.678225 0.532626 0.506281
vn 0.728699 0.578384 0.366701
vn 0.730953 0.580378 0.358984
vn 0.712220 0.673187 0.198902
vn 0.712291 0.673084 0.198995
vn 0.622067 0.775823 0.105505
vn 0.634125 0.765238 0.110885
vn -0.673350 0.737689 0.049136
vn -0.582590 0.810720 0.057647
vn -0.581125 0.811761 0.057772
vn -0.673350 0.737689 0.049136
vn -0.422550 0.896215 0.135091
vn -0.303490 0.947338 0.102198
vn -0.303490 0.947338 0.102198
vn -0.409789 0.902640 0.131582
vn -0.200985 -0.123043 0.971836
vn -0.180713 -0.150872 0.971895
vn -0.178928 -0.153299 0.971846
vn -0.200985 -0.123043 0.971836
vn -0.587585 0.805984 0.071655
vn -0.588269 0.805442 0.072129
vn -0.525743 0.838175 0.145112
vn -0.522229 0.840312 0.145439
vn -0.619722 0.778687 0.097940
vn -0.621338 0.777195 0.099539
vn -0.587449 0.796521 0.143036
vn -0.584910 0.798413 0.142887
vn -0.622507 0.772151 0.127549
vn -0.620986 0.773088 0.129272
vn 0.686698 -0.725169 0.050748
vn 0.584709 -0.810201 0.041098
vn 0.584710 -0.810201 0.041098
vn 0.688091 -0.723838 0.050881
vn 0.693961 -0.715159 0.083462
vn 0.693933 -0.715170 0.083602
vn 0.699597 -0.703207 0.126749
vn 0.700513 -0.702092 0.127858
vn 0.710508 -0.686195 0.155931
vn 0.710161 -0.686148 0.157710
vn 0.718774 -0.674356 0.169139
vn 0.720396 -0.672706 0.168809
vn 0.743725 -0.651034 0.151753
vn 0.745162 -0.649819 0.149898
vn 0.772796 -0.622264 0.124796
vn 0.776138 -0.618391 0.123300
vn -0.159424 -0.179597 0.970736
vn -0.159424 -0.179597 0.970736
vn 0.800740 -0.588477 0.111853
vn 0.800740 -0.588477 0.111853
vn 0.061293 0.055596 0.996570
vn 0.063126 0.061888 0.996085
vn 0.068484 0.052525 0.996269
vn -0.842103 -0.535937 0.060290
vn -0.842103 -0.535937 0.060290
vn -0.842103 -0.535937 0.060290
vn -0.842103 -0.535937 0.060290
vn -0.617956 -0.783798 0.061578
vn -0.617956 -0.783798 0.061578
vn -0.617956 -0.783798 0.061578
vn -0.617956 -0.783798 0.061578
vn -0.209572 0.076567 -0.974791
vn -0.223013 0.039591 -0.974011
vn -0.111565 0.193240 -0.974788
vn -0.170929 0.143422 -0.974789
vn -0.368799 0.065327 -0.927211
vn -0.347163 0.126679 -0.929210
vn -0.184752 0.319999 -0.929229
vn -0.283056 0.237512 -0.929229
vn -0.516239 0.091324 -0.851562
vn -0.487042 0.177587 -0.855133
vn -0.259191 0.448932 -0.855149
vn -0.397104 0.333210 -0.855149
vn -0.650932 0.115073 -0.750364
vn -0.615677 0.224405 -0.755370
vn -0.327641 0.567491 -0.755384
vn -0.501975 0.421207 -0.755384
vn -0.766943 0.135528 -0.627241
vn -0.727313 0.265036 -0.633065
vn -0.196792 0.047362 0.979301
vn -0.200414 0.073323 0.976964
vn -0.106950 0.185197 0.976864
vn -0.163626 0.137273 0.976925
vn -0.387044 0.670380 -0.633078
vn -0.592986 0.497574 -0.633078
vn -0.860494 0.152023 -0.486250
vn -0.818017 0.298048 -0.491951
vn -0.435309 0.753976 -0.491962
vn -0.666931 0.559622 -0.491962
vn -0.928995 0.164101 -0.331723
vn -0.884870 0.322380 -0.336268
vn -0.470882 0.815591 -0.336275
vn -0.721433 0.605354 -0.336275
vn -0.970738 0.171461 -0.168131
vn -0.926390 0.336049 -0.169919
vn -0.491139 0.854243 -0.170448
vn -0.754441 0.632496 -0.175406
vn -0.984758 0.173933 0.000000
vn -0.941441 0.337176 -0.000598
vn -0.495685 0.868499 0.002304
vn -0.258622 0.033845 0.965386
vn -0.243106 0.088903 0.965917
vn -0.129410 0.224144 0.965926
vn -0.970738 0.171461 0.168131
vn -0.928320 0.329215 0.172740
vn -0.984603 0.174807 0.000000
vn -0.984603 0.174807 0.000000
vn -0.984603 0.174807 0.000000
vn -0.984603 0.174807 0.000000
vn -0.198267 0.166366 0.965926
vn -0.087720 0.015483 0.996025
vn -0.087720 0.015483 0.996025
vn -0.087720 0.015483 0.996025
vn -0.087720 0.015483 0.996025
vn -0.864545 0.502465 -0.009489
vn -0.342019 0.939693 0.000000
vn -0.342019 0.939693 0.000000
vn -0.342019 0.939693 0.000000
vn -0.342019 0.939693 0.000000
vn -0.033511 0.085567 0.995769
vn -0.033511 0.085567 0.995769
vn -0.033511 0.085567 0.995769
vn -0.033511 0.085567 0.995769
vn -0.866025 0.500000 0.000000
vn -0.866025 0.500000 0.000000
vn -0.866025 0.500000 0.000000
vn -0.866025 0.500000 0.000000
vn -0.642788 0.766044 0.000000
vn -0.642788 0.766044 0.000000
vn -0.642788 0.766044 0.000000
vn -0.642788 0.766044 0.000000
vn -0.647082 0.762402 -0.005361
vn -0.097405 -0.006561 0.995223
vn -0.068929 0.051621 0.996285
vn -0.069257 0.042514 0.996693
vn 0.984363 -0.175897 -0.009514
vn 0.984363 -0.175897 -0.009514
vn 0.984363 -0.175897 -0.009514
vn 0.984363 -0.175897 -0.009514
vn -0.061973 0.062830 0.996098
vn -0.019299 0.097494 0.995049
vn -0.055331 0.065987 0.996285
vn -0.091395 0.017037 0.995669
vn -0.091395 0.017037 0.995669
vn -0.091395 0.017037 0.995669
vn -0.091395 0.017037 0.995669
vn 0.384941 -0.922834 -0.014052
vn 0.384941 -0.922834 -0.014052
vn 0.384941 -0.922834 -0.014052
vn 0.384941 -0.922834 -0.014052
vn -0.485122 0.857730 0.170164
vn -0.928995 0.164101 0.331723
vn -0.887009 0.313482 0.339035
vn -0.038439 0.089022 0.995288
vn -0.038439 0.089022 0.995288
vn -0.038439 0.089022 0.995288
vn -0.038439 0.089022 0.995288
vn -0.513815 0.091860 0.852969
vn -0.419136 0.076678 0.904680
vn -0.417776 0.081586 0.904879
vn -0.504190 0.143365 0.851610
vn -0.827361 0.497640 0.260438
vn -0.730435 0.635730 0.249623
vn -0.735537 0.662252 0.142858
vn -0.830795 0.539707 0.136000
vn -0.223525 0.468263 0.854849
vn -0.159922 0.386375 0.908372
vn -0.860494 0.152023 0.486250
vn -0.821507 0.287630 0.492337
vn -0.644038 0.747502 0.162651
vn -0.650932 0.115073 0.750364
vn -0.626138 0.205702 0.752089
vn -0.356103 0.192426 0.914419
vn -0.303721 0.261075 0.916293
vn -0.398023 0.321412 0.859227
vn -0.456343 0.234240 0.858418
vn -0.458401 0.824113 0.332725
vn -0.341035 0.414805 0.843583
vn -0.766943 0.135528 0.627241
vn -0.731553 0.251622 0.633653
vn -0.291425 0.589971 0.752998
vn -0.810307 0.444091 0.382342
vn -0.714730 0.588266 0.378291
vn -0.414931 0.768031 0.487812
vn -0.516351 0.387604 0.763639
vn -0.583361 0.278401 0.763009
vn -0.617763 0.719208 0.317975
vn -0.357539 0.691285 0.627925
vn -0.415936 0.523160 0.743842
vn -0.764682 0.388126 0.514412
vn -0.679017 0.531478 0.506426
vn -0.612474 0.459195 0.643441
vn -0.686465 0.326398 0.649792
vn -0.568997 0.673151 0.472346
vn -0.500691 0.612470 0.611710
vn -0.241853 0.325572 0.914063
vn -0.309098 0.393679 0.865722
vn -0.415131 0.481698 0.771773
vn -0.509998 0.566656 0.647150
vn -0.571571 0.642295 0.510650
vn -0.608161 0.697716 0.378592
vn -0.625601 0.737964 0.253045
vn -0.637949 0.756107 0.146025
vn -0.466648 0.307381 0.829311
vn -0.557792 0.379243 0.738271
vn -0.654396 0.426850 0.624151
vn -0.744021 0.463854 0.480907
vn -0.806866 0.487810 0.333181
vn -0.849003 0.501174 0.167389
vn -0.115111 0.182622 0.976421
vn -0.115111 0.182622 0.976421
vn -0.319242 0.287600 0.902979
vn -0.288385 0.272208 0.918007
vn -0.750180 0.625142 0.215471
vn -0.747349 0.626247 0.222000
vn -0.826265 0.554637 0.098310
vn -0.870121 0.481568 0.104796
vn -0.760735 0.640107 0.107449
vn -0.762999 0.637401 0.107478
vn -0.400067 0.341178 0.850614
vn -0.388960 0.333637 0.858718
vn -0.706889 0.596876 0.379535
vn -0.707008 0.599393 0.375323
vn -0.519415 0.401248 0.754459
vn -0.504698 0.396388 0.766914
vn -0.668977 0.518522 0.532546
vn -0.673736 0.524520 0.520536
vn -0.607193 0.452668 0.653000
vn -0.598244 0.444403 0.666791
vn -0.294491 0.237423 0.925692
vn -0.319174 0.267117 0.909273
vn -0.182558 0.105118 0.977560
vn -0.182558 0.105118 0.977560
vn -0.385643 0.293885 0.874592
vn -0.401270 0.298888 0.865822
vn -0.513766 0.363184 0.777265
vn -0.523087 0.371351 0.767124
vn -0.607862 0.455797 0.650194
vn -0.614075 0.463156 0.639060
vn -0.673576 0.528335 0.516873
vn -0.678226 0.532625 0.506281
vn -0.728703 0.578378 0.366703
vn -0.730958 0.580371 0.358986
vn -0.712223 0.673183 0.198905
vn -0.712295 0.673080 0.198998
vn -0.634124 0.765239 0.110886
vn -0.622066 0.775825 0.105503
vn 0.673348 0.737691 0.049136
vn 0.673348 0.737691 0.049136
vn 0.581125 0.811761 0.057772
vn 0.582589 0.810720 0.057647
vn 0.422549 0.896216 0.135091
vn 0.409789 0.902640 0.131581
vn 0.303489 0.947338 0.102197
vn 0.303489 0.947338 0.102197
vn 0.200982 -0.123040 0.971837
vn 0.200982 -0.123040 0.971837
vn 0.178926 -0.153298 0.971846
vn 0.180711 -0.150870 0.971896
vn 0.588269 0.805442 0.072128
vn 0.587585 0.805984 0.071654
vn 0.525743 0.838175 0.145113
vn 0.522229 0.840312 0.145439
vn 0.621337 0.777195 0.099540
vn 0.619721 0.778687 0.097940
vn 0.587449 0.796520 0.143036
vn 0.584910 0.798413 0.142887
vn 0.620985 0.773089 0.129273
vn 0.622506 0.772152 0.127550
vn -0.686698 -0.725169 0.050749
vn -0.688091 -0.723838 0.050882
vn -0.584709 -0.810202 0.041096
vn -0.584709 -0.810202 0.041096
vn -0.693961 -0.715159 0.083463
vn -0.693933 -0.715170 0.083603
vn -0.699596 -0.703207 0.126746
vn -0.700513 -0.702093 0.127856
vn -0.710508 -0.686196 0.155929
vn -0.710161 -0.686149 0.157708
vn -0.718774 -0.674356 0.169140
vn -0.720396 -0.672705 0.168811
vn -0.743726 -0.651032 0.151753
vn -0.745163 -0.649817 0.149898
vn -0.772797 -0.622263 0.124795
vn -0.776139 -0.618390 0.123299
vn 0.159422 -0.179596 0.970737
vn 0.159422 -0.179596 0.970737
vn -0.800739 -0.588478 0.111851
vn -0.800739 -0.588478 0.111851
vn -0.061294 0.055596 0.996570
vn -0.063127 0.061888 0.996085
vn -0.068484 0.052525 0.996269
vn 0.842101 -0.535939 0.060289
vn 0.842102 -0.535939 0.060289
vn 0.842101 -0.535939 0.060289
vn 0.842102 -0.535939 0.060289
vn 0.617956 -0.783798 0.061578
vn 0.617956 -0.783798 0.061578
vn 0.617956 -0.783798 0.061578
vn 0.617956 -0.783798 0.061578
vn -0.754807 -0.633358 0.170655
vn -0.492665 -0.853321 0.170655
vn -0.470882 -0.815591 0.336276
vn -0.721433 -0.605354 0.336276
vn 0.000000 1.000000 -0.000028
vn 0.000161 1.000000 -0.000014
vn 0.000161 1.000000 -0.000014
vn -0.000000 1.000000 -0.000028
vn 0.000000 1.000000 0.000000
vn 0.000000 1.000000 0.000000
vn 0.000000 1.000000 0.000000
vn 0.000000 1.000000 0.000000
vn 0.111593 -0.193354 -0.974762
vn 0.038684 -0.219611 -0.974820
vn 0.000740 -0.056770 -0.998387
vn -0.000360 -0.999991 -0.004283
vn -0.000084 -0.985007 -0.172512
vn 0.253856 -0.952124 -0.170344
vn 0.260199 -0.965555 -0.000574
vn 0.134419 -0.762328 -0.633078
vn 0.387044 -0.670380 -0.633078
vn 0.435309 -0.753976 -0.491961
vn 0.180113 -0.844275 -0.504737
vn -0.085736 -0.000372 -0.996318
vn -0.085736 -0.000372 -0.996318
vn -0.085736 -0.000372 -0.996318
vn -0.085736 -0.000372 -0.996318
vn -0.996195 0.000000 -0.087156
vn -0.996195 0.000000 -0.087156
vn -0.996195 0.000000 -0.087156
vn -0.996195 0.000000 -0.087156
vn 0.005454 -0.999623 0.026931
vn 0.001609 -0.999867 0.016249
vn 0.001349 -0.999894 0.014521
vn 0.005452 -0.999623 0.026928
vn 0.032215 -0.999481 -0.000000
vn 0.031726 -0.999481 0.005594
vn 0.031726 -0.999481 0.005594
vn 0.032215 -0.999481 -0.000000
vn -0.984808 -0.173648 0.000000
vn -0.939693 -0.342020 0.000000
vn -0.925908 -0.337003 0.170655
vn -0.970788 -0.171176 0.168136
vn 0.171158 -0.143651 -0.974715
vn -0.884968 -0.322102 0.336276
vn 0.210095 -0.076482 -0.974685
vn 0.283056 -0.237512 -0.929229
vn 0.184752 -0.320000 -0.929229
vn 0.223461 -0.039402 -0.973916
vn -0.244963 -0.954660 0.169164
vn -0.239893 -0.911472 0.334171
vn 0.397104 -0.333210 -0.855149
vn 0.259191 -0.448933 -0.855149
vn 0.470882 -0.815591 -0.336276
vn 0.256251 -0.908751 -0.329405
vn -0.000164 1.000000 -0.000014
vn -0.000164 1.000000 -0.000014
vn 0.000000 1.000000 -0.000000
vn 0.000000 1.000000 -0.000000
vn -0.000507 -0.986603 0.163136
vn 0.260896 -0.950467 0.168955
vn 0.501975 -0.421207 -0.755384
vn 0.327641 -0.567491 -0.755384
vn 0.088624 0.000384 -0.996065
vn 0.088624 0.000384 -0.996065
vn 0.088624 0.000384 -0.996065
vn 0.088624 0.000384 -0.996065
vn -0.996195 0.000000 0.087156
vn -0.996195 0.000000 0.087156
vn -0.996195 0.000000 0.087156
vn -0.996195 0.000000 0.087156
vn -0.000091 -0.999990 0.004599
vn -0.000048 -0.999988 0.004918
vn 0.031726 -0.999481 -0.005594
vn 0.031726 -0.999481 -0.005594
vn 0.347220 -0.126378 -0.929229
vn -0.929041 -0.163815 0.331733
vn -0.435309 -0.753977 0.491961
vn -0.666931 -0.559622 0.491961
vn 0.492665 -0.853322 -0.170655
vn -0.818113 -0.297768 0.491961
vn 0.592986 -0.497574 -0.633078
vn 0.368722 -0.065016 -0.927263
vn 0.487120 -0.177297 -0.855149
vn -0.229118 -0.841745 0.488847
vn 0.000000 1.000000 -0.000001
vn 0.000000 1.000000 -0.000001
vn 0.000000 1.000000 -0.000001
vn 0.000000 1.000000 -0.000001
vn -0.000246 -0.945535 0.325521
vn 0.256281 -0.907301 0.333354
vn 0.258819 0.000000 -0.965926
vn 0.258819 0.000000 -0.965926
vn 0.258819 0.000000 -0.965926
vn 0.258819 0.000000 -0.965926
vn -0.965926 0.000000 0.258819
vn -0.965926 0.000000 0.258819
vn -0.965926 0.000000 0.258819
vn -0.965926 0.000000 0.258819
vn -0.000382 -0.999999 0.001299
vn -0.000391 -0.999999 0.001342
vn 0.030273 -0.999481 -0.011018
vn 0.030273 -0.999481 -0.011019
vn 0.500000 -0.866026 0.000000
vn 0.666931 -0.559622 -0.491961
vn 0.615764 -0.224120 -0.755384
vn -0.860536 -0.151735 0.486265
vn 0.516231 -0.091026 -0.851599
vn -0.387044 -0.670380 0.633078
vn -0.592986 -0.497574 0.633078
vn 0.721433 -0.605354 -0.336276
vn -0.727405 -0.264754 0.633078
vn 0.492665 -0.853322 0.170655
vn 0.000000 1.000000 -0.000001
vn 0.000000 1.000000 -0.000001
vn 0.000000 1.000000 -0.000000
vn 0.000000 1.000000 -0.000000
vn 0.000000 -0.877836 0.478961
vn 0.246116 -0.837447 0.487964
vn 0.422618 0.000000 -0.906308
vn 0.422618 0.000000 -0.906308
vn 0.422618 0.000000 -0.906308
vn 0.422618 0.000000 -0.906308
vn -0.906308 0.000000 0.422619
vn -0.906308 0.000000 0.422619
vn -0.906308 0.000000 0.422619
vn -0.906308 0.000000 0.422619
vn -0.214799 -0.747472 0.628607
vn -0.000451 -1.000000 0.000782
vn -0.000451 -1.000000 0.000782
vn 0.027900 -0.999481 -0.016108
vn 0.027900 -0.999481 -0.016108
vn 0.727405 -0.264754 -0.633078
vn 0.754807 -0.633359 -0.170655
vn 0.650951 -0.114780 -0.750392
vn -0.766977 -0.135238 0.627262
vn 0.470882 -0.815591 0.336276
vn 0.818112 -0.297769 -0.491961
vn -0.344275 -0.562692 0.751566
vn -0.501975 -0.421207 0.755385
vn -0.615764 -0.224120 0.755385
vn 0.000000 1.000000 0.000000
vn 0.000000 1.000000 0.000000
vn 0.000000 1.000000 -0.000001
vn 0.000000 1.000000 -0.000001
vn 0.000001 -0.790896 0.611950
vn 0.231223 -0.743387 0.627624
vn 0.573575 0.000000 -0.819153
vn 0.573575 0.000000 -0.819153
vn 0.573575 0.000000 -0.819153
vn 0.573575 0.000000 -0.819153
vn -0.819152 0.000000 0.573576
vn -0.819152 0.000000 0.573576
vn -0.819152 0.000000 0.573576
vn -0.819152 0.000000 0.573576
vn -0.000942 -0.999999 0.000983
vn -0.000916 -0.999999 0.000961
vn 0.024680 -0.999481 -0.020708
vn 0.024679 -0.999481 -0.020709
vn 0.766044 -0.642788 -0.000000
vn -0.208076 -0.682044 0.701085
vn 0.766977 -0.135239 -0.627262
vn 0.435308 -0.753977 0.491961
vn 0.255561 -0.335843 0.906586
vn 0.251901 -0.330786 0.909465
vn 0.255557 -0.335843 0.906587
vn 0.256608 -0.320282 0.911905
vn -0.650951 -0.114780 0.750392
vn 0.884968 -0.322102 -0.336276
vn 0.255563 -0.335842 0.906586
vn 0.251251 -0.314737 0.915322
vn 0.255558 -0.335841 0.906587
vn 0.236995 -0.325185 0.915471
vn 0.255562 -0.335838 0.906587
vn 0.754807 -0.633359 0.170655
vn 0.240577 -0.332034 0.912072
vn 0.255566 -0.335836 0.906587
vn 0.000000 1.000000 -0.000000
vn 0.000000 1.000000 -0.000000
vn 0.000000 1.000000 -0.000001
vn 0.000000 1.000000 -0.000001
vn 0.707107 0.000000 -0.707106
vn 0.707107 0.000000 -0.707106
vn 0.707107 0.000000 -0.707106
vn 0.707107 0.000000 -0.707106
vn -0.707107 0.000000 0.707107
vn -0.707107 0.000000 0.707107
vn -0.707107 0.000000 0.707107
vn -0.707107 0.000000 0.707107
vn 0.000003 -0.704113 0.710088
vn 0.216926 -0.661897 0.717520
vn -0.001341 -0.999999 0.001118
vn -0.001335 -0.999999 0.001126
vn 0.020710 -0.999481 -0.024681
vn 0.020709 -0.999481 -0.024681
vn -0.283240 -0.420724 0.861839
vn -0.397104 -0.333210 0.855149
vn -0.170104 -0.142687 0.975041
vn -0.111199 -0.192507 0.974975
vn 0.001386 0.035295 0.999376
vn -0.208460 -0.075853 0.975085
vn -0.038720 -0.219280 0.974894
vn -0.202880 -0.005723 0.979187
vn 0.038678 -0.219671 0.974807
vn -0.487121 -0.177297 0.855149
vn 0.111661 -0.193499 0.974726
vn 0.860536 -0.151736 -0.486265
vn 0.171337 -0.143814 0.974660
vn 0.925908 -0.337003 -0.170655
vn 0.387044 -0.670380 0.633078
vn -0.080780 -0.410690 0.908190
vn 0.064898 -0.578671 0.812975
vn 0.027258 -0.506315 0.861918
vn 0.210370 -0.076588 0.974617
vn 0.203802 -0.008536 0.978975
vn 0.721433 -0.605354 0.336276
vn -0.516231 -0.091025 0.851599
vn 0.000000 1.000000 0.000000
vn 0.000000 1.000000 -0.000000
vn 0.000000 1.000000 0.000001
vn 0.000000 1.000000 0.000001
vn 0.819153 0.000000 -0.573575
vn 0.819153 0.000000 -0.573575
vn 0.819153 0.000000 -0.573575
vn 0.819153 0.000000 -0.573575
vn -0.573576 0.000000 0.819153
vn -0.573576 0.000000 0.819153
vn -0.573576 0.000000 0.819153
vn -0.573576 0.000000 0.819153
vn 0.198231 -0.543872 0.815419
vn -0.001100 -0.999999 0.000732
vn -0.001115 -0.999999 0.000745
vn 0.016068 -0.999483 -0.027856
vn 0.016066 -0.999483 -0.027857
vn 0.939693 -0.342020 -0.000000
vn 0.328702 -0.595407 0.733106
vn 0.929041 -0.163815 -0.331733
vn 0.666931 -0.559622 0.491961
vn -0.228167 -0.361146 0.904164
vn -0.323745 -0.271654 0.906307
vn -0.397132 -0.144544 0.906308
vn -0.075904 -0.413457 0.907355
vn -0.012890 -0.417942 0.908382
vn -0.421450 -0.074313 0.903802
vn 0.925908 -0.337003 0.170655
vn 0.642787 0.766045 0.000000
vn 0.642787 0.766045 0.000000
vn 0.642787 0.766045 0.000000
vn 0.642787 0.766045 0.000000
vn 0.592986 -0.497575 0.633078
vn -0.057311 -0.068302 0.996017
vn -0.057311 -0.068302 0.996017
vn -0.057311 -0.068302 0.996017
vn -0.057311 -0.068302 0.996017
vn 0.000000 1.000000 0.000001
vn 0.000000 1.000000 0.000001
vn 0.000000 1.000000 0.000002
vn 0.000000 1.000000 0.000002
vn 0.866026 0.500000 0.000000
vn 0.866026 0.500000 0.000000
vn 0.866026 0.500000 0.000000
vn 0.866026 0.500000 0.000000
vn 0.906308 0.000000 -0.422619
vn 0.906308 0.000000 -0.422619
vn 0.906308 0.000000 -0.422619
vn 0.906308 0.000000 -0.422619
vn -0.421873 0.000000 0.906655
vn -0.421873 0.000000 0.906655
vn -0.421873 0.000000 0.906655
vn -0.421873 0.000000 0.906655
vn 0.045805 -0.507232 0.860592
vn 0.015715 -0.418319 0.908164
vn -0.077214 -0.044581 0.996017
vn -0.077214 -0.044581 0.996017
vn -0.077214 -0.044581 0.996017
vn -0.077214 -0.044581 0.996017
vn -0.000833 -1.000000 0.000303
vn -0.000833 -1.000000 0.000303
vn 0.013605 -0.999481 -0.029208
vn 0.013605 -0.999481 -0.029208
vn 0.342020 0.939693 0.000003
vn 0.342020 0.939693 0.000003
vn 0.342020 0.939693 0.000003
vn 0.342020 0.939693 0.000003
vn 0.970788 -0.171176 -0.168136
vn -0.057314 -0.068305 0.996017
vn -0.057314 -0.068305 0.996017
vn -0.057314 -0.068305 0.996017
vn -0.057314 -0.068305 0.996017
vn 0.020648 0.040885 0.998951
vn 0.020648 0.040885 0.998951
vn 0.020648 0.040885 0.998951
vn -0.077219 -0.044583 0.996017
vn -0.077219 -0.044583 0.996017
vn -0.077219 -0.044583 0.996017
vn -0.077219 -0.044583 0.996017
vn -0.030496 -0.083788 0.996017
vn -0.031752 -0.083388 0.996011
vn -0.031818 -0.083367 0.996011
vn 0.984808 0.173648 0.000000
vn 0.984808 0.173648 0.000000
vn 0.984808 0.173648 0.000000
vn 0.984808 0.173648 0.000000
vn -0.087806 -0.015483 0.996017
vn -0.087806 -0.015483 0.996017
vn -0.087806 -0.015483 0.996017
vn -0.087806 -0.015483 0.996017
vn -0.087810 -0.015483 0.996017
vn -0.087810 -0.015483 0.996017
vn -0.087810 -0.015483 0.996017
vn -0.087810 -0.015483 0.996017
vn -0.642788 -0.766044 0.000000
vn -0.642788 -0.766044 0.000000
vn -0.642788 -0.766044 0.000000
vn -0.642788 -0.766044 0.000000
vn -0.906260 -0.000105 -0.422721
vn -0.906260 -0.000105 -0.422721
vn -0.906260 -0.000105 -0.422721
vn -0.906260 -0.000105 -0.422721
vn 0.884968 -0.322102 0.336276
vn 1.000000 0.000237 0.000000
vn 1.000000 0.000237 0.000000
vn 1.000000 0.000237 0.000000
vn 1.000000 0.000237 0.000000
vn -0.866024 -0.500002 0.000000
vn -0.866024 -0.500002 0.000000
vn -0.866024 -0.500002 0.000000
vn -0.866024 -0.500002 0.000000
vn -0.087816 -0.000021 0.996137
vn -0.087816 -0.000021 0.996137
vn -0.087816 -0.000021 0.996137
vn -0.087816 -0.000021 0.996137
vn 0.531110 -0.434917 0.727165
vn 0.000068 -0.082324 0.996606
vn 0.000068 -0.082324 0.996606
vn 0.000068 -0.082324 0.996606
vn 0.000068 -0.082324 0.996606
vn -0.342019 -0.939693 0.000000
vn -0.342019 -0.939693 0.000000
vn -0.342019 -0.939693 0.000000
vn -0.087822 -0.000024 0.996136
vn -0.087822 -0.000024 0.996136
vn -0.087822 -0.000024 0.996136
vn -0.087822 -0.000024 0.996136
vn 0.056167 0.980199 0.189880
vn 0.056167 0.980199 0.189880
vn 0.056167 0.980199 0.189880
vn 0.056167 0.980199 0.189880
vn -0.984808 -0.173647 0.000000
vn -0.984808 -0.173647 0.000000
vn -0.984808 -0.173647 0.000000
vn -0.984808 -0.173647 0.000000
vn 0.000000 1.000000 0.000000
vn 0.000000 1.000000 0.000000
vn -0.000003 -1.000000 0.000000
vn -0.000003 -1.000000 0.000000
vn -0.000003 -1.000000 0.000000
vn -0.000003 -1.000000 0.000000
vn 0.965926 0.000000 -0.258820
vn 0.965926 0.000000 -0.258820
vn 0.965926 0.000000 -0.258820
vn 0.965926 0.000000 -0.258820
vn 0.984808 -0.173648 0.000000
vn -1.000000 -0.000238 0.000000
vn -1.000000 -0.000238 0.000000
vn -1.000000 -0.000238 0.000000
vn -1.000000 -0.000238 0.000000
vn -0.001315 -0.999999 0.000144
vn -0.001307 -0.999999 0.000144
vn -0.520880 0.737402 0.430025
vn -0.520880 0.737402 0.430025
vn -0.520880 0.737402 0.430025
vn -0.520880 0.737402 0.430025
vn -0.198267 -0.166366 0.965926
vn -0.129409 -0.224144 0.965926
vn 0.941495 -0.220745 -0.254672
vn 0.941495 -0.220745 -0.254672
vn 0.941495 -0.220745 -0.254672
vn 0.941495 -0.220745 -0.254672
vn -0.243210 -0.088521 0.965926
vn 0.028396 -0.078524 0.996508
vn 0.031187 -0.078998 0.996387
vn 0.032765 -0.079266 0.996315
vn 0.028396 -0.078524 0.996508
vn 0.030496 -0.083784 0.996017
vn 0.030496 -0.083784 0.996017
vn 0.030496 -0.083784 0.996017
vn 0.030496 -0.083784 0.996017
vn 0.818112 -0.297769 0.491961
vn -0.044943 -0.254887 0.965926
vn 0.342717 -0.451823 0.823651
vn 0.343558 -0.451303 0.823586
vn 0.343430 -0.451382 0.823596
vn 0.342717 -0.451823 0.823651
vn -0.258672 -0.033665 0.965378
vn 0.342021 -0.939692 0.000000
vn 0.342022 -0.939692 0.000000
vn 0.342021 -0.939692 0.000000
vn 0.044943 -0.254887 0.965926
vn -0.925291 0.208162 0.317027
vn -0.925291 0.208162 0.317027
vn -0.925291 0.208162 0.317027
vn -0.925291 0.208162 0.317027
vn -0.663927 0.746924 0.036120
vn -0.663927 0.746924 0.036120
vn -0.663927 0.746924 0.036120
vn -0.663927 0.746924 0.036120
vn 0.169537 -0.380182 0.909241
vn 0.244326 -0.291178 0.924943
vn 0.057318 -0.068302 0.996017
vn 0.057318 -0.068302 0.996017
vn 0.727405 -0.264754 0.633078
vn 0.129409 -0.224144 0.965926
vn 0.970788 -0.171176 0.168136
vn 0.000000 1.000000 0.000000
vn 0.000000 1.000000 0.000000
vn 0.996195 0.000000 -0.087156
vn 0.996195 0.000000 -0.087156
vn 0.996195 0.000000 -0.087156
vn 0.996195 0.000000 -0.087156
vn 0.642787 -0.766045 0.000000
vn 0.642787 -0.766045 0.000000
vn 0.642787 -0.766045 0.000000
vn 0.642787 -0.766045 0.000000
vn -0.001714 -0.999999 0.000000
vn -0.001714 -0.999999 0.000000
vn 0.372582 -0.211142 0.903660
vn 0.354298 -0.215556 0.909950
vn 0.248516 -0.323218 0.913110
vn 0.258555 -0.336629 0.905445
vn -0.646683 0.762758 -0.001248
vn -0.646683 0.762758 -0.001248
vn -0.646683 0.762758 -0.001248
vn -0.646683 0.762758 -0.001248
vn 0.628022 -0.216288 0.747534
vn 0.198267 -0.166366 0.965926
vn 0.057312 -0.068302 0.996017
vn 0.057312 -0.068302 0.996017
vn 0.077220 -0.044583 0.996017
vn 0.077220 -0.044583 0.996017
vn 0.077220 -0.044583 0.996017
vn 0.077220 -0.044583 0.996017
vn 0.929041 -0.163815 0.331733
vn 0.866025 -0.500000 0.000000
vn 0.866025 -0.500000 0.000000
vn 0.866025 -0.500000 0.000000
vn 0.866025 -0.500000 0.000000
vn -0.866024 0.500002 0.000000
vn -0.866024 0.500002 0.000000
vn -0.866024 0.500002 0.000000
vn -0.866024 0.500002 0.000000
vn 0.243210 -0.088521 0.965926
vn 0.077209 -0.044581 0.996018
vn 0.077209 -0.044581 0.996018
vn 0.077209 -0.044581 0.996018
vn 0.077209 -0.044581 0.996018
vn 0.000000 1.000000 -0.000000
vn 0.000000 1.000000 -0.000000
vn 0.996195 0.000000 0.087156
vn 0.996195 0.000000 0.087156
vn 0.996195 0.000000 0.087156
vn 0.996195 0.000000 0.087156
vn -0.001690 -0.999999 -0.000296
vn -0.001690 -0.999999 -0.000299
vn 0.258627 -0.038462 0.965211
vn 0.984808 -0.173648 0.000000
vn 0.984808 -0.173648 0.000000
vn 0.984808 -0.173648 0.000000
vn 0.984808 -0.173648 0.000000
vn 0.087811 -0.015483 0.996017
vn 0.087811 -0.015483 0.996017
vn 0.087811 -0.015483 0.996017
vn 0.087811 -0.015483 0.996017
vn 0.860536 -0.151736 0.486265
vn -0.984808 0.173648 0.000000
vn -0.984808 0.173648 0.000000
vn -0.984808 0.173648 0.000000
vn -0.984808 0.173648 0.000000
vn 0.997083 -0.076330 0.000000
vn 0.997083 -0.076330 0.000000
vn 0.997083 -0.076330 0.000000
vn 0.997083 -0.076330 0.000000
vn 0.087820 -0.006723 0.996114
vn 0.087820 -0.006723 0.996114
vn 0.087820 -0.006723 0.996114
vn 0.087820 -0.006723 0.996114
vn 0.087805 -0.015483 0.996017
vn 0.087805 -0.015483 0.996017
vn 0.087805 -0.015483 0.996017
vn 0.087805 -0.015483 0.996017
vn 0.965926 0.000000 0.258820
vn 0.965926 0.000000 0.258820
vn 0.965926 0.000000 0.258820
vn 0.965926 0.000000 0.258820
vn 0.000000 1.000000 -0.000001
vn 0.000000 1.000000 -0.000001
vn 0.766977 -0.135239 0.627262
vn -0.001619 -0.999999 -0.000586
vn -0.001618 -0.999999 -0.000591
vn 0.493329 -0.150746 0.856681
vn 0.516231 -0.091025 0.851599
vn 0.421450 -0.074313 0.903802
vn 0.399211 -0.129412 0.907680
vn -0.997083 0.076330 0.000000
vn -0.997083 0.076330 0.000000
vn -0.997083 0.076330 0.000000
vn -0.997083 0.076330 0.000000
vn 0.650951 -0.114780 0.750392
vn 0.889248 -0.034008 -0.456159
vn 0.889248 -0.034008 -0.456159
vn 0.889248 -0.034008 -0.456159
vn 0.889248 -0.034008 -0.456159
vn 0.087813 -0.006723 0.996114
vn 0.087813 -0.006723 0.996114
vn 0.087813 -0.006723 0.996114
vn 0.087813 -0.006723 0.996114
vn 0.421874 0.000000 0.906654
vn 0.421874 0.000000 0.906654
vn 0.421874 0.000000 0.906654
vn 0.421874 0.000000 0.906654
vn 0.906308 0.000000 0.422619
vn 0.906308 0.000000 0.422619
vn 0.906308 0.000000 0.422619
vn 0.906308 0.000000 0.422619
vn 0.000000 1.000000 0.000002
vn 0.000000 1.000000 0.000001
vn 0.000000 1.000000 0.000001
vn 0.000000 1.000000 0.000002
vn 0.000000 1.000000 -0.000000
vn 0.000000 1.000000 -0.000000
vn -0.000896 -0.999999 -0.001539
vn -0.000758 -0.999998 -0.001626
vn -0.000758 -0.999998 -0.001626
vn -0.000884 -0.999998 -0.001546
vn -0.001502 -0.999999 -0.000862
vn -0.001498 -0.999999 -0.000869
vn 0.819153 0.000000 0.573575
vn 0.819153 0.000000 0.573575
vn 0.819153 0.000000 0.573575
vn 0.819153 0.000000 0.573575
vn 0.573575 0.000000 0.819153
vn 0.573575 0.000000 0.819153
vn 0.573575 0.000000 0.819153
vn 0.573575 0.000000 0.819153
vn 0.000000 1.000000 0.000000
vn 0.000000 1.000000 0.000000
vn 0.000000 1.000000 0.000000
vn 0.000000 1.000000 0.000000
vn 0.707107 0.000000 0.707106
vn 0.707107 0.000000 0.707106
vn 0.707107 0.000000 0.707106
vn 0.707107 0.000000 0.707106
vn -0.001138 -0.999998 -0.001347
vn -0.001129 -0.999998 -0.001356
vn -0.001341 -0.999999 -0.001118
vn -0.001335 -0.999998 -0.001126
vn 0.197747 -0.534312 0.821831
vn 0.186128 -0.510040 0.839771
vn 0.897147 0.402410 -0.182190
vn 0.897147 0.402410 -0.182190
vn 0.897147 0.402410 -0.182190
vn 0.897147 0.402410 -0.182190
vn 0.897147 0.402410 -0.182190
vn 0.275086 -0.327828 0.903801
vn 0.147517 -0.403497 0.903011
vn -0.937313 -0.347022 0.031932
vn -0.937313 -0.347022 0.031932
vn -0.937313 -0.347022 0.031932
vn -0.937313 -0.347022 0.031932
vn -0.937313 -0.347022 0.031932
vn -0.072494 -0.976158 -0.204596
vn -0.072494 -0.976158 -0.204596
vn -0.072494 -0.976158 -0.204596
vn -0.072494 -0.976158 -0.204596
vn -0.615509 -0.781458 -0.102332
vn -0.615509 -0.781458 -0.102332
vn -0.615509 -0.781458 -0.102332
vn -0.615509 -0.781458 -0.102332
vn 0.559130 0.827736 -0.047190
vn 0.559130 0.827736 -0.047190
vn 0.559130 0.827736 -0.047190
vn 0.559130 0.827736 -0.047190
vn 0.500481 -0.291549 0.815180
vn 0.489423 -0.283489 0.824681
vn 0.807648 0.587553 -0.049853
vn 0.809362 0.585479 -0.046345
vn 0.811997 0.582228 -0.040882
vn 0.807648 0.587553 -0.049853
vn -0.808954 -0.587674 0.015279
vn -0.810169 -0.586066 0.012345
vn -0.809398 -0.587089 0.014210
vn -0.808954 -0.587674 0.015279
vn 0.372476 -0.443898 0.814995
vn 0.363600 -0.448005 0.816754
vn 0.076782 -0.092278 0.992769
vn 0.076782 -0.092278 0.992769
vn 0.076782 -0.092278 0.992769
vn 0.076782 -0.092278 0.992769
vn 0.076782 -0.092278 0.992769
vn 0.076782 -0.092278 0.992769
vn -0.038713 -0.219331 -0.974882
vn -0.208727 -0.075955 -0.975020
vn -0.221905 -0.039128 -0.974283
vn -0.111262 -0.192644 -0.974941
vn 0.064163 -0.363890 -0.929229
vn -0.170275 -0.142844 -0.974988
vn 0.113789 -0.645327 -0.755384
vn 0.090016 -0.510507 -0.855149
vn -0.500000 -0.866025 0.000000
vn -0.242260 -0.970210 -0.001313
vn -0.965926 0.000000 -0.258819
vn -0.965926 0.000000 -0.258819
vn -0.965926 0.000000 -0.258819
vn -0.965926 0.000000 -0.258819
vn -0.258820 0.000000 -0.965926
vn -0.258820 0.000000 -0.965926
vn -0.258820 0.000000 -0.965926
vn -0.258820 0.000000 -0.965926
vn 0.030273 -0.999481 0.011019
vn 0.030273 -0.999481 0.011019
vn 0.011021 -0.999481 0.030277
vn 0.011020 -0.999481 0.030277
vn 0.000000 -0.929106 -0.369814
vn 0.000000 1.000000 0.000000
vn 0.000000 1.000000 0.000000
vn 0.000000 1.000000 -0.000001
vn 0.000000 1.000000 -0.000001
vn -0.064164 -0.363890 -0.929229
vn -0.970788 -0.171176 -0.168136
vn -0.925908 -0.337003 -0.170655
vn -0.766045 -0.642787 -0.000000
vn -0.347220 -0.126378 -0.929229
vn -0.368722 -0.065016 -0.927263
vn -0.184752 -0.320000 -0.929229
vn -0.906308 0.000000 -0.422618
vn -0.906308 0.000000 -0.422618
vn -0.906308 0.000000 -0.422618
vn -0.906308 0.000000 -0.422618
vn -0.422618 0.000000 -0.906308
vn -0.422618 0.000000 -0.906308
vn -0.422618 0.000000 -0.906308
vn -0.422618 0.000000 -0.906308
vn 0.027900 -0.999481 0.016108
vn 0.027900 -0.999481 0.016108
vn 0.016110 -0.999481 0.027904
vn 0.016109 -0.999481 0.027904
vn -0.283056 -0.237512 -0.929229
vn 0.000000 1.000000 0.000000
vn 0.000000 1.000000 -0.000000
vn 0.000000 1.000000 -0.000000
vn 0.000000 1.000000 -0.000000
vn -0.090016 -0.510507 -0.855149
vn -0.492666 -0.853321 -0.170655
vn -0.232138 -0.957438 -0.171535
vn -0.819152 0.000000 -0.573577
vn -0.819152 0.000000 -0.573577
vn -0.819152 0.000000 -0.573577
vn -0.819152 0.000000 -0.573577
vn -0.573576 0.000000 -0.819153
vn -0.573576 0.000000 -0.819153
vn -0.573576 0.000000 -0.819153
vn -0.573576 0.000000 -0.819153
vn 0.024680 -0.999481 0.020708
vn 0.024679 -0.999481 0.020709
vn 0.020710 -0.999481 0.024682
vn 0.020709 -0.999481 0.024682
vn -0.929042 -0.163815 -0.331733
vn -0.884968 -0.322102 -0.336276
vn -0.707107 0.000000 -0.707107
vn -0.707107 0.000000 -0.707107
vn -0.707107 0.000000 -0.707107
vn -0.707107 0.000000 -0.707107
vn 0.000000 1.000000 -0.000001
vn 0.000000 1.000000 -0.000001
vn 0.000000 1.000000 -0.000000
vn 0.000000 1.000000 -0.000000
vn -0.180347 -0.844165 -0.504837
vn -0.134419 -0.762328 -0.633078
vn -0.113789 -0.645327 -0.755384
vn -0.487120 -0.177297 -0.855149
vn -0.516231 -0.091025 -0.851599
vn -0.754807 -0.633358 -0.170655
vn -0.259191 -0.448933 -0.855149
vn -0.860536 -0.151735 -0.486265
vn -0.818112 -0.297768 -0.491961
vn -0.615764 -0.224120 -0.755385
vn -0.650951 -0.114780 -0.750392
vn -0.397104 -0.333210 -0.855149
vn -0.470882 -0.815591 -0.336276
vn -0.235173 -0.914692 -0.328682
vn -0.766977 -0.135238 -0.627262
vn -0.727405 -0.264754 -0.633078
vn -0.327641 -0.567491 -0.755384
vn -0.721433 -0.605354 -0.336276
vn -0.435309 -0.753977 -0.491961
vn -0.501975 -0.421207 -0.755384
vn -0.387044 -0.670380 -0.633078
vn -0.666931 -0.559622 -0.491961
vn -0.592986 -0.497574 -0.633078
vn 0.257810 -0.332965 0.907010
vn 0.257810 -0.332965 0.907010
vn 0.257810 -0.332965 0.907010
vn 0.257810 -0.332965 0.907010
vn 0.258982 -0.334563 0.906088
vn 0.258982 -0.334563 0.906088
vn 0.258982 -0.334563 0.906088
vn 0.258982 -0.334563 0.906088
vn 0.255791 -0.332462 0.907766
vn 0.255791 -0.332462 0.907766
vn 0.255791 -0.332462 0.907766
vn 0.255791 -0.332462 0.907767
vn 0.260478 -0.307472 0.915212
vn 0.260478 -0.307472 0.915212
vn 0.260478 -0.307472 0.915212
vn 0.260478 -0.307472 0.915212
vn 0.253686 -0.333238 0.908073
vn 0.253686 -0.333238 0.908073
vn 0.253686 -0.333238 0.908073
vn 0.253686 -0.333238 0.908073
vn 0.247295 -0.324389 0.913026
vn 0.247295 -0.324389 0.913026
vn 0.247295 -0.324389 0.913026
vn 0.247295 -0.324389 0.913026
vn 0.252273 -0.335012 0.907813
vn 0.252273 -0.335012 0.907813
vn 0.252273 -0.335012 0.907813
vn 0.252273 -0.335012 0.907813
vn 0.227260 -0.332032 0.915482
vn 0.227260 -0.332032 0.915482
vn 0.227260 -0.332032 0.915482
vn 0.227260 -0.332032 0.915482
vn 0.252105 -0.337120 0.907080
vn 0.252105 -0.337120 0.907080
vn 0.252105 -0.337120 0.907080
vn 0.252105 -0.337120 0.907080
vn 0.253264 -0.338757 0.906146
vn 0.253264 -0.338757 0.906146
vn 0.253264 -0.338757 0.906146
vn 0.253264 -0.338757 0.906146
vn -0.574108 -0.818773 0.003481
vn -0.574108 -0.818772 0.003481
vn -0.574108 -0.818772 0.003481
vn -0.574108 -0.818773 0.003481
vn -0.933027 -0.339681 0.118645
vn -0.933027 -0.339681 0.118645
vn -0.933027 -0.339681 0.118645
vn -0.933027 -0.339681 0.118645
vn 0.001599 -0.996047 -0.088814
vn 0.001599 -0.996047 -0.088814
vn 0.001599 -0.996047 -0.088814
vn 0.001599 -0.996047 -0.088814
vn -0.952994 0.219004 0.209379
vn -0.952994 0.219004 0.209379
vn -0.952994 0.219004 0.209379
vn -0.952994 0.219004 0.209379
vn 0.583180 -0.802772 -0.124329
vn 0.583180 -0.802772 -0.124329
vn 0.583180 -0.802772 -0.124329
vn 0.583180 -0.802773 -0.124329
vn -0.567115 0.782907 0.255808
vn -0.567115 0.782907 0.255808
vn -0.567115 0.782907 0.255808
vn -0.567115 0.782907 0.255808
vn 0.946586 -0.309893 -0.089119
vn 0.946586 -0.309893 -0.089119
vn 0.946586 -0.309893 -0.089119
vn 0.946586 -0.309893 -0.089119
vn 0.086781 0.974043 0.209070
vn 0.086781 0.974043 0.209070
vn 0.086781 0.974043 0.209070
vn 0.086781 0.974043 0.209070
vn 0.956592 0.291419 0.002820
vn 0.956592 0.291419 0.002820
vn 0.956592 0.291419 0.002820
vn 0.956591 0.291419 0.002820
vn 0.613344 0.780971 0.117868
vn 0.613344 0.780971 0.117868
vn 0.613344 0.780971 0.117868
vn 0.613344 0.780971 0.117868
vn 0.041966 -0.572034 0.819155
vn 0.041966 -0.572034 0.819155
vn 0.041966 -0.572034 0.819155
vn 0.041966 -0.572034 0.819155
vn -0.093259 -0.437090 0.894570
vn -0.093259 -0.437090 0.894570
vn -0.093259 -0.437090 0.894570
vn -0.093259 -0.437090 0.894570
vn 0.224518 -0.600532 0.767433
vn 0.224518 -0.600532 0.767433
vn 0.224518 -0.600532 0.767433
vn 0.224518 -0.600532 0.767433
vn -0.110620 -0.215439 0.970232
vn -0.110620 -0.215439 0.970232
vn -0.110620 -0.215439 0.970232
vn -0.110620 -0.215439 0.970232
vn 0.396422 -0.531872 0.748306
vn 0.396422 -0.531872 0.748306
vn 0.396422 -0.531872 0.748306
vn 0.396422 -0.531872 0.748306
vn 0.028211 -0.022150 0.999357
vn 0.028211 -0.022150 0.999357
vn 0.028211 -0.022150 0.999357
vn 0.028211 -0.022150 0.999357
vn 0.515174 -0.388775 0.763839
vn 0.515174 -0.388775 0.763839
vn 0.515174 -0.388775 0.763839
vn 0.515174 -0.388775 0.763839
vn 0.253184 0.052522 0.965991
vn 0.253184 0.052522 0.965991
vn 0.253184 0.052522 0.965991
vn 0.253184 0.052522 0.965991
vn 0.545168 -0.204483 0.813006
vn 0.545168 -0.204483 0.813006
vn 0.545168 -0.204483 0.813006
vn 0.545168 -0.204483 0.813006
vn 0.458860 -0.032444 0.887916
vn 0.458860 -0.032444 0.887916
vn 0.458860 -0.032444 0.887916
vn 0.458860 -0.032444 0.887916
vn 0.372476 -0.443898 0.814995
vn 0.372478 -0.443899 0.814993
vn 0.275080 -0.327831 0.903802
vn -0.814335 -0.580392 0.002094
vn -0.814335 -0.580392 0.002094
vn 0.346171 -0.449683 0.823378
vn 0.346171 -0.449683 0.823378
vn 0.825369 0.564470 -0.011793
vn 0.825369 0.564470 -0.011793
vn 0.000000 0.000000 0.000000
vn 0.000000 0.000000 0.000000
vn 0.000000 0.000000 0.000000
vn 0.000000 0.000000 0.000000
vn 0.000000 0.000000 0.000000
vn 0.000000 0.000000 0.000000
vn 0.000000 0.000000 0.000000
vn 0.000000 0.000000 0.000000
vn 0.000000 0.000000 0.000000
vn 0.000000 0.000000 0.000000
vn 0.000000 0.000000 0.000000
vn 0.000000 0.000000 0.000000
vn 0.000000 0.000000 0.000000
vn 0.000000 0.000000 0.000000
vn 0.000000 0.000000 0.000000
vn 0.000000 0.000000 0.000000
vn 0.000000 0.000000 0.000000
vn 0.000000 0.000000 0.000000
vn 0.000000 0.000000 0.000000
vn 0.000000 0.000000 0.000000
vn 0.000000 0.000000 0.000000
vn 0.000000 0.000000 0.000000
vn 0.000000 0.000000 0.000000
vn 0.000000 0.000000 0.000000
vn 0.000000 0.000000 0.000000
vn 0.000000 0.000000 0.000000
vn 0.000000 0.000000 0.000000
vn 0.000000 0.000000 0.000000
vn 0.000000 0.000000 0.000000
vn 0.000000 0.000000 0.000000
vn 0.000000 0.000000 0.000000
vn 0.000000 0.000000 0.000000
vn 0.000000 0.000000 0.000000
vn 0.000000 0.000000 0.000000
vn 0.000000 0.000000 0.000000
vn 0.000000 0.000000 0.000000
vn 0.000000 0.000000 0.000000
vn 0.000000 0.000000 0.000000
vn 0.000000 0.000000 0.000000
vn 0.000000 0.000000 0.000000
vn -0.023873 0.073271 0.997026
vn -0.023873 0.073271 0.997026
vn -0.023873 0.073271 0.997026
vn 0.095032 -0.428983 0.898300
vn 0.081031 -0.415884 0.905800
vn 0.065303 -0.578698 0.812923
vn 0.035843 -0.643662 0.764471
vn 0.034591 -0.646330 0.762274
vn 0.001978 -0.764652 0.644441
vn 0.001980 -0.765571 0.643348
vn 0.002237 -0.864961 0.501834
vn 0.002238 -0.865224 0.501380
vn 0.002428 -0.938775 0.344522
vn 0.002428 -0.938785 0.344495
vn 0.002344 -0.982784 0.184743
vn 0.002342 -0.982972 0.183740
vn 0.002139 -0.995172 0.098122
vn 0.002139 -0.995172 0.098122
vn -0.029163 -0.068148 0.997249
vn -0.029163 -0.068148 0.997249
vn -0.029163 -0.068148 0.997249
vn -0.029163 -0.068148 0.997249
vn -0.214395 -0.449123 0.867366
vn -0.160888 -0.405989 0.899604
vn -0.240697 -0.527080 0.815016
vn 0.000000 -0.717033 0.697039
vn 0.000000 -0.787244 0.616641
vn 0.000000 -0.876730 0.480984
vn -0.000083 -0.944636 0.328120
vn -0.000188 -0.986595 0.163187
vn -0.000140 -0.999961 -0.008837
vn -0.032539 -0.081096 0.996175
vn -0.032532 -0.081459 0.996146
vn -0.342020 0.939693 0.000001
vn -0.342020 0.939693 0.000001
vn -0.342020 0.939693 0.000001
vn -0.342020 0.939693 0.000001
vn 0.037439 -0.081830 0.995943
vn 0.036951 -0.081968 0.995950
vn 0.030500 -0.083788 0.996017
vn -0.007841 -0.358572 0.933469
vn -0.007841 -0.358572 0.933469
vn -0.007841 -0.358572 0.933469
vn -0.007841 -0.358572 0.933469
vn -0.008960 -0.409748 0.912155
vn -0.008960 -0.409748 0.912155
vn -0.008960 -0.409748 0.912155
vn -0.008960 -0.409748 0.912155
vn -0.019044 -0.068274 0.997485
vn -0.019044 -0.068274 0.997485
vn -0.019044 -0.068274 0.997485
vn -0.019044 -0.068274 0.997485
vn 0.027787 -0.083644 0.996108
vn 0.027787 -0.083644 0.996108
vn 0.027787 -0.083644 0.996108
vn 0.027787 -0.083644 0.996108
vn 0.065236 -0.406344 0.911388
vn 0.065236 -0.406344 0.911388
vn 0.065236 -0.406344 0.911388
vn 0.065236 -0.406344 0.911388
vn -0.011940 -0.546377 0.837454
vn -0.011940 -0.546377 0.837454
vn -0.011940 -0.546377 0.837454
vn -0.011940 -0.546377 0.837454
vn -0.016384 -0.749241 0.662094
vn -0.016384 -0.749241 0.662094
vn -0.016384 -0.749241 0.662094
vn -0.016384 -0.749241 0.662094
vn -0.012654 -0.578906 0.815296
vn -0.012654 -0.578906 0.815296
vn -0.012654 -0.578906 0.815296
vn -0.012654 -0.578906 0.815296
vn -0.015585 -0.713392 0.700592
vn -0.015585 -0.713392 0.700592
vn -0.015585 -0.713392 0.700592
vn -0.015585 -0.713392 0.700592
vn -0.015563 -0.711874 0.702135
vn -0.015563 -0.711874 0.702135
vn -0.015563 -0.711874 0.702135
vn -0.015563 -0.711874 0.702135
vn -0.017997 -0.823775 0.566631
vn -0.017997 -0.823775 0.566631
vn -0.017997 -0.823775 0.566631
vn -0.017997 -0.823775 0.566631
vn -0.017982 -0.822630 0.568292
vn -0.017982 -0.822630 0.568292
vn -0.017982 -0.822630 0.568292
vn -0.017982 -0.822630 0.568292
vn -0.019868 -0.909057 0.416198
vn -0.019868 -0.909057 0.416198
vn -0.019868 -0.909057 0.416198
vn -0.019868 -0.909057 0.416198
vn -0.019848 -0.908217 0.418030
vn -0.019848 -0.908216 0.418030
vn -0.019848 -0.908216 0.418030
vn -0.019848 -0.908217 0.418030
vn -0.021137 -0.966869 0.254395
vn -0.021137 -0.966869 0.254395
vn -0.021137 -0.966869 0.254395
vn -0.021126 -0.966477 0.255884
vn -0.021126 -0.966477 0.255884
vn -0.021126 -0.966477 0.255884
vn 0.990918 0.018451 0.133200
vn 0.995638 0.034351 0.086744
vn 0.995911 0.038267 0.081831
vn 0.990931 0.018411 0.133101
vn 0.989730 0.033540 0.138960
vn 0.989731 0.033692 0.138919
vn 0.978207 0.183507 0.097136
vn 0.978207 0.183507 0.097136
vn -0.988367 0.001402 0.152081
vn -0.988783 0.127737 0.077405
vn -0.988783 0.127737 0.077405
vn -0.988109 -0.001483 0.153748
vn -0.986587 -0.030710 0.160319
vn -0.986575 -0.030999 0.160338
vn -0.989447 -0.052853 0.134914
vn -0.989452 -0.052844 0.134878
vn 0.996538 0.067906 0.047964
vn 0.996518 0.068350 0.047762
vn -0.998595 0.003346 0.052894
vn -0.998597 0.003411 0.052851
vn 0.997542 0.052380 0.046537
vn 0.997543 0.052377 0.046537
vn -0.998970 0.020801 0.040325
vn -0.998970 0.020801 0.040324
vn 0.998520 0.029025 0.045986
vn 0.998520 0.029025 0.045986
vn -0.999100 0.019138 0.037845
vn -0.999100 0.019138 0.037845
vn 0.999272 0.003814 0.037956
vn 0.999272 0.003812 0.037955
vn -0.999098 -0.018102 0.038427
vn -0.999098 -0.018097 0.038427
vn 0.998522 -0.020845 0.050201
vn 0.998522 -0.020843 0.050192
vn -0.997028 -0.068207 0.035827
vn -0.997029 -0.068189 0.035830
vn 0.997152 -0.025845 0.070859
vn 0.997151 -0.025845 0.070859
vn -0.995760 -0.085954 0.032768
vn -0.995760 -0.085954 0.032768
vn -0.032551 -0.080368 0.996234
vn -0.032551 -0.080368 0.996234
vn -0.342019 -0.939693 0.000000
vn -0.342019 -0.939693 0.000000
vn 0.342022 -0.939692 0.000000
vn 0.342022 -0.939692 0.000000
vn 0.371066 0.928563 -0.009051
vn 0.371066 0.928563 -0.009051
vn 0.371066 0.928563 -0.009051
vn 0.371066 0.928563 -0.009051
vn 0.371066 0.928563 -0.009051
vn 0.371066 0.928563 -0.009051
vn -0.341173 0.939951 -0.009658
vn -0.341173 0.939951 -0.009658
vn -0.341173 0.939951 -0.009658
vn -0.341173 0.939951 -0.009658
vn 0.000941 -0.997300 -0.073433
vn 0.000561 -0.988926 -0.148410
vn 0.000544 -0.988424 -0.151714
vn 0.000941 -0.997300 -0.073433
vn 0.000000 -0.966559 -0.256446
vn 0.000000 -0.966559 -0.256446
vn -0.000035 -0.984039 -0.177954
vn -0.000000 -0.932023 -0.362401
vn 0.995285 -0.015184 0.095798
vn 0.996617 -0.014687 0.080859
vn 0.996615 -0.014688 0.080890
vn 0.995285 -0.015184 0.095798
vn -0.999512 -0.018906 0.024879
vn -0.998800 -0.034167 0.035091
vn -0.998800 -0.034167 0.035091
vn -0.999510 -0.018944 0.024905
vn -0.999891 -0.003251 0.014400
vn -0.999891 -0.003251 0.014400
vn 0.997751 -0.014173 0.065514
vn 0.997751 -0.014173 0.065514
vn 0.000000 -0.255144 0.966903
vn 0.000000 -0.255144 0.966903
vn 0.000000 -0.255144 0.966903
vn 0.000000 -0.255144 0.966903
vn 0.146142 -0.402382 0.903732
vn -0.763628 0.639747 -0.087156
vn 0.999919 -0.006018 -0.011250
vn 0.999955 -0.008195 -0.004844
vn 0.999917 -0.005917 -0.011432
vn 0.999919 -0.006018 -0.011250
vn -0.944334 -0.314647 0.096073
vn -0.004638 -0.977301 0.211805
vn -0.001121 -0.903589 0.428399
vn -0.947413 -0.279758 0.155382
vn -0.999919 0.006018 0.011250
vn -0.999920 0.006115 0.011073
vn -0.999839 0.003896 0.017492
vn -0.999919 0.006018 0.011250
vn 0.009184 0.964749 0.263013
vn 0.009912 0.940050 0.340892
vn -0.922863 0.359354 0.138522
vn -0.927632 0.356211 0.112302
vn 0.006432 -0.522725 0.852477
vn 0.007223 -0.445497 0.895254
vn -0.730510 -0.305528 0.610744
vn -0.719567 -0.361830 0.592708
vn -0.781824 0.170297 -0.599792
vn -0.009257 0.275310 -0.961311
vn -0.009836 0.196883 -0.980378
vn -0.786243 0.123821 -0.605385
vn 0.010294 0.923979 0.382305
vn 0.010800 0.891370 0.453148
vn -0.929904 0.327504 0.167393
vn -0.926052 0.345755 0.151267
vn -0.999917 0.005973 0.011429
vn -0.999919 0.006018 0.011250
vn -0.999919 0.006018 0.011250
vn -0.999948 0.008296 0.005885
vn -0.956194 -0.106639 -0.272618
vn -0.013024 -0.386777 -0.922082
vn -0.013989 -0.555789 -0.831206
vn -0.940003 -0.177184 -0.291548
vn 0.999853 -0.003681 -0.016752
vn 0.999919 -0.006018 -0.011250
vn 0.999919 -0.006018 -0.011250
vn 0.999920 -0.006063 -0.011066
vn 0.999919 -0.006018 -0.011250
vn 0.999919 -0.006018 -0.011250
vn 0.002281 -0.769768 0.638320
vn -0.921830 -0.285655 0.261974
vn -0.999919 0.006018 0.011250
vn -0.999919 0.006018 0.011250
vn 0.007779 0.974135 0.225831
vn -0.908238 0.405579 0.103007
vn 0.010513 0.872079 0.489252
vn -0.920968 0.336661 0.196156
vn -0.999919 0.006018 0.011250
vn -0.999919 0.006018 0.011250
vn -0.909130 -0.054184 -0.412974
vn -0.012430 -0.159073 -0.987189
vn 0.999919 -0.006018 -0.011250
vn 0.999919 -0.006018 -0.011250
vn -0.771924 0.425342 -0.472459
vn -0.009200 0.678327 -0.734702
vn -0.011165 0.037902 -0.999219
vn -0.775297 0.029880 -0.630889
vn 0.785056 0.155832 -0.599503
vn 0.788787 0.110671 -0.604621
vn 0.999949 0.002384 -0.009787
vn 0.999963 -0.004280 0.007421
vn 0.999795 -0.018674 -0.007807
vn 0.999761 -0.016063 -0.014842
vn -0.997099 -0.067112 -0.035910
vn -0.011364 -0.719156 -0.694756
vn -0.012353 -0.941168 -0.337714
vn -0.981455 -0.183972 -0.053852
vn -0.999962 -0.004416 0.007523
vn -0.999867 -0.007088 0.014726
vn -0.999518 0.007951 0.030012
vn -0.999811 0.014611 0.012810
vn 0.008692 0.932953 0.359892
vn 0.008294 0.911531 0.411149
vn -0.933341 0.317958 0.166664
vn -0.942164 0.309803 0.127861
vn 0.007344 0.952013 0.305968
vn -0.930687 0.349804 0.107044
vn -0.999999 -0.001668 -0.000412
vn -0.999771 0.021013 -0.004043
vn -0.003885 -0.994865 0.101134
vn -0.997270 -0.073838 -0.000474
vn 0.999606 0.008800 -0.026640
vn 0.999656 -0.013376 -0.022580
vn 0.744900 -0.361221 0.560931
vn 0.756355 -0.306405 0.577964
vn 0.004895 -0.626963 0.779034
vn -0.718316 -0.428726 0.547920
vn 0.006107 -0.037427 0.999281
vn -0.731948 -0.037961 0.680302
vn 0.780173 0.404571 -0.477130
vn 0.935200 0.311916 0.167657
vn 0.942966 0.302297 0.139395
vn 0.939300 0.319822 0.124218
vn 0.946616 0.291268 0.138136
vn 0.953987 0.282536 0.100416
vn 0.943301 0.321900 0.081022
vn 0.936239 0.333008 0.112082
vn 0.940072 0.329696 0.086977
vn 0.922068 0.378925 0.078788
vn 0.761374 -0.046072 0.646674
vn 0.930287 -0.284916 0.231062
vn 0.741857 -0.426329 0.517584
vn 0.951657 -0.279178 0.128093
vn 0.946800 -0.313579 0.072367
vn 0.979779 -0.186397 -0.072721
vn 0.996540 -0.079658 -0.023716
vn 0.995749 -0.074682 -0.053918
vn 0.952709 -0.113217 -0.282006
vn 0.936070 -0.180955 -0.301710
vn 0.906723 -0.062648 -0.417047
vn 0.776485 0.019832 -0.629823
vn 0.999926 -0.006225 -0.010411
vn 0.999358 0.004311 -0.035560
vn -0.480921 -0.715765 -0.506355
vn -0.480921 -0.715765 -0.506355
vn -0.999793 0.016085 -0.012463
vn -0.999910 0.005815 0.012067
vn -0.449848 0.827415 0.336187
vn -0.449848 0.827415 0.336187
vn -0.450068 0.836174 0.313451
vn -0.450068 0.836174 0.313451
vn -0.999925 0.006473 0.010422
vn -0.999200 -0.003703 0.039832
vn -0.473718 -0.878430 -0.062869
vn -0.473718 -0.878430 -0.062869
vn 0.999709 -0.015985 0.018085
vn 0.999911 -0.005550 -0.012099
vn 0.999936 -0.006504 -0.009284
vn 0.999900 -0.004921 -0.013242
vn -0.999932 0.007083 0.009314
vn -0.999898 0.005544 0.013163
vn -0.999452 0.021482 -0.025182
vn -0.998433 -0.008946 0.055238
vn 0.999197 -0.021355 0.033903
vn 0.998770 0.009851 -0.048591
vn 0.479264 -0.712704 -0.512210
vn 0.479264 -0.712704 -0.512210
vn 0.480003 -0.874347 -0.071515
vn 0.480003 -0.874347 -0.071515
vn 0.484939 0.821645 0.299558
vn 0.484939 0.821644 0.299558
vn 0.485122 0.812931 0.322181
vn 0.485122 0.812930 0.322181
vn 0.069151 -0.345098 0.936016
vn 0.004167 -0.350135 0.936690
vn 0.004185 -0.350085 0.936709
vn 0.068893 -0.345105 0.936032
vn -0.098723 -0.389645 0.915659
vn 0.004530 -0.647336 0.762191
vn 0.004543 -0.647336 0.762191
vn -0.099291 -0.393343 0.914015
vn 0.012692 -0.350166 0.936602
vn -0.053376 -0.344288 0.937345
vn -0.053107 -0.344299 0.937357
vn 0.012673 -0.350114 0.936622
vn 0.008644 -0.342672 0.939415
vn 0.035966 -0.352485 0.935126
vn 0.035775 -0.352521 0.935120
vn 0.008620 -0.342672 0.939416
vn 0.021177 0.371007 -0.928388
vn -0.008022 0.376055 -0.926563
vn -0.008047 0.376055 -0.926562
vn 0.020980 0.370996 -0.928398
vn -0.076992 0.370239 -0.925741
vn -0.002858 0.372302 -0.928107
vn -0.002885 0.372324 -0.928098
vn -0.076668 0.370260 -0.925759
vn -0.011523 -0.021638 -0.999700
vn -0.129382 0.312872 -0.940942
vn -0.130417 0.306896 -0.942765
vn -0.011513 -0.021638 -0.999700
vn -0.013538 0.372352 -0.927993
vn 0.059348 0.369389 -0.927378
vn 0.059036 0.369414 -0.927388
vn -0.013512 0.372373 -0.927985
vn -0.019207 -0.351407 0.936026
vn -0.019005 -0.351454 0.936012
vn -0.037634 0.372182 -0.927397
vn -0.037425 0.372159 -0.927414
vn 0.110576 0.314002 -0.942961
vn 0.111542 0.308540 -0.944649
vn 0.113333 -0.388788 0.914330
vn 0.113853 -0.392171 0.912820
vn -0.219699 0.245832 0.944087
vn -0.215154 0.250835 0.943817
vn -0.219811 0.245657 0.944106
vn -0.219699 0.245831 0.944086
vn 0.135442 0.076815 -0.987803
vn -0.261162 0.917226 -0.300818
vn -0.040802 0.964434 -0.261157
vn 0.203322 0.076511 -0.976118
vn 0.219699 -0.245831 -0.944087
vn 0.219590 -0.246001 -0.944068
vn 0.224119 -0.240943 -0.944308
vn 0.219699 -0.245831 -0.944087
vn 0.665507 -0.669635 0.329681
vn 0.721511 -0.610196 0.327234
vn 0.474952 -0.457542 -0.751715
vn 0.451813 -0.469135 -0.758800
vn 0.498322 0.860233 -0.108045
vn 0.570388 0.817441 -0.080297
vn 0.540794 0.377760 -0.751557
vn 0.497252 0.418332 -0.760092
vn -0.279546 -0.632502 -0.722354
vn -0.704719 -0.709188 0.020566
vn -0.756852 -0.653559 -0.005937
vn -0.304655 -0.597704 -0.741576
vn 0.749955 -0.576143 0.325003
vn 0.796309 -0.513676 0.319421
vn 0.486886 -0.418427 -0.766721
vn 0.480448 -0.440677 -0.758270
vn 0.219833 -0.245704 -0.944088
vn 0.219699 -0.245831 -0.944087
vn 0.219699 -0.245831 -0.944087
vn 0.216100 -0.250400 -0.943716
vn -0.086434 -0.282437 -0.955384
vn -0.971766 -0.139781 -0.190082
vn -0.969940 0.045769 -0.239001
vn -0.138328 -0.229166 -0.963508
vn -0.223382 0.241136 0.944433
vn -0.219699 0.245831 0.944087
vn -0.219699 0.245831 0.944087
vn -0.219560 0.245961 0.944085
vn -0.219699 0.245831 0.944087
vn -0.219699 0.245831 0.944087
vn 0.201199 0.958286 -0.202993
vn 0.287599 0.140706 -0.947359
vn 0.219699 -0.245831 -0.944087
vn 0.219699 -0.245831 -0.944087
vn 0.637892 -0.696274 0.329086
vn 0.462250 -0.510047 -0.725380
vn 0.818828 -0.479749 0.315217
vn 0.514105 -0.409544 -0.753638
vn 0.219698 -0.245831 -0.944087
vn 0.219698 -0.245831 -0.944087
vn -0.193772 -0.384249 -0.902666
vn -0.924457 -0.361441 -0.121403
vn -0.219699 0.245831 0.944087
vn -0.219699 0.245831 0.944087
vn -0.055124 -0.778956 -0.624651
vn -0.324875 -0.931827 0.161724
vn -0.845351 -0.530985 -0.058618
vn -0.371819 -0.529529 -0.762462
vn -0.610601 -0.234187 0.756520
vn -0.636390 -0.198241 0.745459
vn -0.214609 0.239576 0.946861
vn -0.202754 0.253679 0.945800
vn -0.222462 0.258042 0.940173
vn -0.227354 0.252364 0.940544
vn 0.144958 -0.207737 -0.967384
vn -0.926835 0.250159 -0.279996
vn -0.718763 0.612104 -0.329709
vn 0.072921 -0.115578 -0.990618
vn 0.211725 -0.239014 -0.947652
vn 0.216723 -0.233187 -0.947974
vn 0.236738 -0.238015 -0.941968
vn 0.224944 -0.252178 -0.941173
vn 0.734976 -0.595147 0.324978
vn 0.769661 -0.551943 0.320905
vn 0.482615 -0.411693 -0.773040
vn 0.447139 -0.426371 -0.786304
vn 0.697267 -0.638140 0.326490
vn 0.444974 -0.467171 -0.764035
vn 0.206117 -0.245253 -0.947294
vn 0.213266 -0.265872 -0.940122
vn -0.365121 0.877011 -0.312312
vn 0.172603 -0.184568 -0.967545
vn -0.226202 0.225776 0.947554
vn -0.232806 0.246256 0.940829
vn 0.166534 0.762927 0.624667
vn 0.203889 0.728613 0.653875
vn 0.387554 0.910069 -0.146888
vn 0.427731 0.452031 -0.782761
vn 0.846669 0.529375 0.053984
vn 0.723263 0.189374 -0.664100
vn -0.390283 -0.381503 0.837935
vn 0.093494 0.054304 0.994138
vn 0.063038 0.050172 0.996749
vn 0.058646 0.027145 0.997910
vn 0.056164 0.059621 0.996640
vn 0.018005 0.049952 0.998589
vn 0.021375 0.004930 0.999759
vn 0.054788 0.009386 0.998454
vn 0.030752 0.000608 0.999527
vn 0.049833 -0.048856 0.997562
vn 0.380989 0.547417 0.745106
vn -0.122645 0.581157 0.804497
vn 0.099965 0.794798 0.598585
vn -0.213589 0.530465 0.820358
vn -0.276502 0.530187 0.801529
vn -0.350955 0.360381 0.864266
vn -0.263356 0.300069 0.916844
vn -0.287067 0.280720 0.915854
vn -0.493149 0.188794 0.849212
vn -0.537632 0.231255 0.810847
vn -0.577462 0.068262 0.813559
vn -0.697061 -0.138223 0.703563
vn -0.219066 0.246422 0.944079
vn -0.235917 0.225015 0.945363
vn -0.664894 0.225276 -0.712156
vn -0.664894 0.225276 -0.712156
vn 0.203737 -0.265963 -0.942208
vn 0.220311 -0.245254 -0.944094
vn 0.761378 -0.632125 -0.143949
vn 0.761378 -0.632125 -0.143949
vn 0.745729 -0.650777 -0.142753
vn 0.745729 -0.650777 -0.142753
vn 0.219191 -0.246624 -0.943998
vn 0.239862 -0.223358 -0.944763
vn -0.356655 0.582826 -0.730145
vn -0.356655 0.582826 -0.730145
vn -0.198807 0.268651 0.942498
vn -0.220220 0.245016 0.944177
vn -0.218219 0.247217 0.944068
vn -0.220919 0.243923 0.944297
vn 0.218509 -0.247686 -0.943878
vn 0.221135 -0.244481 -0.944102
vn 0.195118 -0.276692 -0.940941
vn 0.250649 -0.211148 -0.944771
vn -0.187457 0.280856 0.941265
vn -0.244551 0.213783 0.945776
vn -0.867553 0.456442 0.197513
vn -0.867553 0.456442 0.197513
vn -0.559916 0.810168 0.173555
vn -0.559916 0.810168 0.173555
vn 0.533316 -0.415175 0.737024
vn 0.533316 -0.415175 0.737024
vn 0.548893 -0.396626 0.735802
vn 0.548893 -0.396626 0.735802
vn 0.638601 0.769436 0.012544
vn 0.650355 0.757947 -0.050536
vn 0.650391 0.757919 -0.050502
vn 0.638665 0.769387 0.012300
vn 0.635464 0.755006 -0.161715
vn 0.363752 0.918561 -0.154697
vn 0.363749 0.918564 -0.154684
vn 0.632471 0.757127 -0.163522
vn 0.648497 0.760031 -0.042478
vn 0.665513 0.739228 -0.103127
vn 0.665462 0.739309 -0.102875
vn 0.648542 0.759993 -0.042478
vn 0.655186 0.754198 -0.043774
vn 0.641339 0.766963 -0.021268
vn 0.641357 0.766942 -0.021461
vn 0.655192 0.754192 -0.043797
vn -0.638905 -0.764943 0.081626
vn -0.628971 -0.775431 0.055697
vn -0.628965 -0.775437 0.055673
vn -0.638878 -0.764986 0.081434
vn -0.616622 -0.787177 -0.011407
vn -0.633093 -0.771802 0.059294
vn -0.633069 -0.771822 0.059276
vn -0.616695 -0.787124 -0.011095
vn -0.872831 -0.481778 -0.077822
vn -0.645071 -0.759916 -0.080067
vn -0.649159 -0.756106 -0.083047
vn -0.872833 -0.481776 -0.077812
vn -0.630759 -0.774417 0.049213
vn -0.646680 -0.753685 0.117322
vn -0.646613 -0.753787 0.117033
vn -0.630748 -0.774424 0.049244
vn 0.654044 0.752915 -0.073108
vn 0.653969 0.752998 -0.072932
vn -0.625325 -0.779918 0.026387
vn -0.625394 -0.779856 0.026576
vn -0.696032 -0.702726 0.147366
vn -0.700181 -0.698784 0.146452
vn 0.590758 0.805893 0.039252
vn 0.587800 0.808086 0.038584
vn 0.206150 0.138806 0.968625
vn 0.210419 0.133560 0.968445
vn 0.205994 0.138942 0.968639
vn 0.206150 0.138806 0.968625
vn 0.127833 -0.103465 -0.986384
vn 0.965681 0.129342 -0.225235
vn 0.976112 -0.097147 -0.194342
vn 0.116452 -0.170924 -0.978378
vn -0.206151 -0.138806 -0.968625
vn -0.206303 -0.138673 -0.968612
vn -0.201981 -0.143913 -0.968758
vn -0.206150 -0.138806 -0.968625
vn -0.784629 -0.567853 0.248798
vn -0.734287 -0.632190 0.247302
vn -0.467444 -0.366363 -0.804534
vn -0.474867 -0.341433 -0.811125
vn 0.780923 -0.619814 -0.077396
vn 0.725842 -0.685545 -0.056414
vn 0.346112 -0.560023 -0.752715
vn 0.393297 -0.522926 -0.756218
vn -0.528415 0.404137 -0.746626
vn -0.594497 0.804020 0.011207
vn -0.529855 0.848043 -0.008748
vn -0.488916 0.424384 -0.762142
vn -0.704839 -0.665417 0.245810
vn -0.649827 -0.720560 0.241906
vn -0.429578 -0.383528 -0.817538
vn -0.451165 -0.374107 -0.810243
vn -0.206046 -0.138958 -0.968626
vn -0.206151 -0.138806 -0.968625
vn -0.206151 -0.138806 -0.968625
vn -0.210141 -0.134565 -0.968366
vn -0.195288 0.169512 -0.965986
vn 0.022552 0.988903 -0.146842
vn 0.208795 0.960604 -0.183426
vn -0.134355 0.212882 -0.967797
vn 0.202051 0.143151 0.968857
vn 0.206151 0.138806 0.968625
vn 0.206151 0.138806 0.968625
vn 0.206258 0.138649 0.968625
vn 0.206150 0.138806 0.968625
vn 0.206150 0.138806 0.968625
vn 0.929322 -0.337570 -0.149690
vn 0.164932 -0.265231 -0.949974
vn -0.206150 -0.138806 -0.968625
vn -0.206150 -0.138806 -0.968625
vn -0.806687 -0.536464 0.247918
vn -0.519227 -0.346858 -0.781084
vn -0.619465 -0.747836 0.238758
vn -0.425883 -0.412324 -0.805365
vn -0.206151 -0.138806 -0.968625
vn -0.206151 -0.138806 -0.968625
vn -0.283359 0.288907 -0.914462
vn -0.208142 0.973418 -0.095573
vn 0.206150 0.138806 0.968625
vn 0.206151 0.138806 0.968625
vn -0.713780 0.200995 -0.670909
vn -0.881575 0.457338 0.116907
vn -0.391815 0.918769 -0.048428
vn -0.410054 0.481074 -0.774870
vn -0.194418 0.606607 0.770863
vn -0.154282 0.626997 0.763591
vn 0.199013 0.134627 0.970706
vn 0.211208 0.120797 0.969948
vn 0.218892 0.139820 0.965679
vn 0.214004 0.145507 0.965935
vn -0.155625 -0.069902 -0.985340
vn 0.406810 0.888316 -0.213074
vn 0.735937 0.629288 -0.249789
vn -0.052211 -0.011995 -0.998564
vn -0.197967 -0.131833 -0.971303
vn -0.192952 -0.137651 -0.971505
vn -0.201168 -0.156920 -0.966906
vn -0.213412 -0.143130 -0.966421
vn -0.721315 -0.647703 0.245330
vn -0.683649 -0.688423 0.242277
vn -0.421834 -0.380081 -0.823161
vn -0.429986 -0.342235 -0.835457
vn -0.758130 -0.603920 0.246008
vn -0.471516 -0.334762 -0.815847
vn -0.203299 -0.125352 -0.971059
vn -0.225229 -0.129537 -0.965656
vn 0.942541 0.238650 -0.233802
vn -0.136936 -0.100752 -0.985443
vn 0.187104 0.148166 0.971102
vn 0.208783 0.151817 0.966106
vn 0.681193 -0.308506 0.663928
vn 0.639592 -0.341340 0.688773
vn 0.849593 -0.516492 -0.106903
vn 0.438659 -0.458524 -0.772874
vn 0.390369 -0.919624 0.043633
vn 0.126481 -0.714854 -0.687740
vn -0.378819 0.408343 0.830513
vn -0.033527 -0.142995 0.989155
vn -0.033203 -0.112403 0.993108
vn -0.055330 -0.104572 0.992977
vn -0.022845 -0.107068 0.993989
vn -0.026771 -0.067994 0.997327
vn -0.071751 -0.064436 0.995339
vn -0.072295 -0.098049 0.992552
vn -0.077407 -0.073017 0.994322
vn -0.128902 -0.084150 0.988081
vn 0.427579 -0.492140 0.758271
vn 0.532359 -0.002706 0.846514
vn 0.724556 -0.246592 0.643592
vn 0.494921 0.094203 0.863817
vn 0.505506 0.157151 0.848391
vn 0.344715 0.254130 0.903654
vn 0.268198 0.174707 0.947390
vn 0.252768 0.201137 0.946389
vn 0.198081 0.421568 0.884898
vn 0.249459 0.460571 0.851848
vn 0.094574 0.524882 0.845905
vn -0.082898 0.679429 0.729043
vn 0.206640 0.138091 0.968623
vn 0.187979 0.157970 0.969386
vn 0.374546 0.651976 -0.659274
vn 0.374546 0.651976 -0.659274
vn -0.223732 -0.120028 -0.967232
vn -0.205674 -0.139499 -0.968627
vn -0.727321 -0.648104 -0.225755
vn -0.727321 -0.648104 -0.225755
vn -0.743439 -0.629834 -0.224963
vn -0.743439 -0.629834 -0.224963
vn -0.206860 -0.138187 -0.968562
vn -0.186984 -0.162141 -0.968890
vn 0.681915 0.293391 -0.670010
vn 0.681915 0.293392 -0.670010
vn 0.225618 0.114733 0.967436
vn 0.205420 0.139441 0.968689
vn 0.207295 0.137134 0.968619
vn 0.204439 0.140296 0.968773
vn -0.207812 -0.137357 -0.968477
vn -0.205036 -0.140430 -0.968628
vn -0.233103 -0.109922 -0.966220
vn -0.176572 -0.174669 -0.968666
vn 0.236031 0.101701 0.966409
vn 0.178175 0.168206 0.969516
vn 0.566192 0.777689 0.273179
vn 0.566192 0.777689 0.273179
vn 0.870324 0.420542 0.256281
vn 0.870324 0.420542 0.256281
vn -0.543752 -0.493900 0.678525
vn -0.543752 -0.493900 0.678525
vn -0.527724 -0.512082 0.677701
vn -0.527724 -0.512082 0.677701
vn 0.661422 -0.749441 0.029290
vn 0.652957 -0.756588 -0.034948
vn 0.652922 -0.756620 -0.034918
vn 0.661382 -0.749487 0.029040
vn 0.660460 -0.736701 -0.145131
vn 0.862123 -0.493974 -0.112848
vn 0.862125 -0.493972 -0.112836
vn 0.663135 -0.733997 -0.146631
vn 0.654698 -0.755419 -0.026687
vn 0.636078 -0.766429 -0.089400
vn 0.636147 -0.766402 -0.089141
vn 0.654653 -0.755458 -0.026692
vn 0.648033 -0.761071 -0.028714
vn 0.661053 -0.750325 -0.004713
vn 0.661044 -0.750331 -0.004907
vn 0.648028 -0.761074 -0.028737
vn -0.663860 0.745040 0.064852
vn -0.673791 0.737955 0.037791
vn -0.673796 0.737951 0.037768
vn -0.663893 0.745027 0.064658
vn -0.682308 0.730429 -0.030485
vn -0.669859 0.741308 0.041842
vn -0.669882 0.741289 0.041821
vn -0.682267 0.730480 -0.030168
vn -0.337752 0.939135 -0.062843
vn -0.646109 0.757237 -0.095577
vn -0.641516 0.760814 -0.098078
vn -0.337750 0.939136 -0.062833
vn -0.672048 0.739837 0.031500
vn -0.654210 0.749461 0.101577
vn -0.654299 0.749423 0.101280
vn -0.672059 0.739826 0.031530
vn 0.649096 -0.758494 -0.057965
vn 0.649176 -0.758440 -0.057781
vn -0.676615 0.736293 0.008099
vn -0.676557 0.736343 0.008295
vn -0.598741 0.789051 0.137508
vn -0.594162 0.792579 0.137079
vn 0.702611 -0.708966 0.060859
vn 0.705267 -0.706356 0.060496
s 1
g polySurface3
usemtl lambert2SG
f 2/1321/1 135/1322/2 134/1323/3
f 1/1333/4 3/1330/5 134/1323/3
f 4/1326/6 2/1321/1 134/1323/3
f 3/1330/5 4/1326/6 134/1323/3
f 5/1334/7 1/1333/4 159/1336/8 163/1337/9
f 135/1322/2 2/1321/1 6/1324/10 136/1325/11
f 3/1330/5 1/1333/4 5/1334/7 7/1331/12
f 2/1321/1 4/1326/6 8/1327/13 6/1324/10
f 4/1326/6 3/1330/5 7/1331/12 8/1327/13
f 9/1338/14 5/1334/7 163/1337/9 167/1343/15
f 136/1325/11 6/1324/10 10/1328/16 137/1329/17
f 7/1331/12 5/1334/7 9/1338/14 11/1335/18
f 6/1324/10 8/1327/13 12/1332/19 10/1328/16
f 8/1327/13 7/1331/12 11/1335/18 12/1332/19
f 13/759/20 9/767/14 167/768/15 171/760/21
f 137/39/17 10/40/16 14/32/22 138/31/23
f 11/773/18 9/767/14 13/759/20 15/765/24
f 10/40/16 12/47/19 16/41/25 14/32/22
f 12/1332/19 11/1335/18 15/1339/24 16/1340/25
f 17/751/26 13/759/20 171/760/21 175/752/27
f 138/31/23 14/32/22 18/26/28 140/25/29
s 3
f 139/1356/30 19/1357/31 177/1358/32
f 141/1372/33 20/1368/34 139/1356/30
f 21/1359/35 19/1357/31 139/1356/30
f 20/1368/34 22/1364/36 139/1356/30
f 22/1364/36 21/1359/35 139/1356/30
s 1
f 15/765/24 13/759/20 17/751/26 23/757/37
f 24/746/38 17/751/26 175/752/27 182/747/39
f 14/32/22 16/41/25 25/33/40 18/26/28
f 16/774/25 15/765/24 23/757/37 25/775/40
f 140/25/29 18/26/28 26/22/41 142/21/42
f 23/757/37 17/751/26 24/746/38 27/749/43
f 28/745/44 24/746/38 182/747/39 186/748/45
f 18/26/28 25/33/40 29/27/46 26/22/41
f 25/33/40 23/42/37 27/34/43 29/27/46
f 142/21/42 26/22/41 30/23/47 143/24/48
f 31/755/49 28/745/44 186/748/45 189/756/50
f 27/749/43 24/746/38 28/745/44 32/750/51
f 26/22/41 29/27/46 33/28/52 30/23/47
f 29/27/46 27/34/43 32/35/51 33/28/52
f 143/24/48 30/23/47 34/29/53 144/30/54
f 35/763/55 31/755/49 189/756/50 193/764/56
f 32/750/51 28/745/44 31/755/49 36/758/57
f 30/23/47 33/28/52 37/36/58 34/29/53
f 144/30/54 34/29/53 38/37/59 145/38/60
f 39/771/61 35/763/55 193/764/56 197/772/62
f 33/28/52 32/35/51 36/43/57 37/36/58
f 36/758/57 31/755/49 35/763/55 40/766/63
s 3
f 19/1357/31 41/1360/64 199/1361/65 177/1358/32
s off
f 41/805/66 42/806/67 200/807/68 199/808/69
f 42/1398/70 43/1399/71 201/1400/72 200/1401/73
s 3
f 146/1375/74 44/1371/75 20/1368/34 141/1372/33
s 1
f 45/781/76 39/771/61 197/772/62 203/782/77
s 3
f 46/1363/78 41/1360/64 19/1357/31 21/1359/35
s 1
f 145/38/60 38/37/59 47/45/79 147/46/80
s off
f 148/103/81 48/104/82 44/105/83 146/106/84
s 3
f 44/1371/75 49/1367/85 22/1364/36 20/1368/34
s off
f 149/1431/86 50/1423/87 48/1414/88 148/1432/89
s 3
f 49/1367/85 46/1363/78 21/1359/35 22/1364/36
s off
f 43/813/90 51/814/91 209/815/92 201/816/93
s 1
f 90/44/94 37/36/58 52/50/95
s off
f 53/809/96 42/806/97 41/805/98 46/810/99
f 51/1500/100 54/1501/101 212/1502/102 209/1503/103
f 55/1402/104 43/1399/105 42/1398/106 53/1403/107
f 48/104/108 56/107/109 49/108/110 44/105/111
f 56/107/112 53/111/113 46/112/114 49/108/115
s 1
f 37/36/58 83/49/116 52/50/95
s 5
f 50/1423/117 150/1415/118 48/1414/119
s off
f 151/119/120 58/120/121 50/121/122 149/122/123
s 5
f 53/1403/124 152/1406/125 55/1402/126
s 1
f 59/785/127 45/781/76 203/782/77 217/786/128
f 54/1501/129 60/1506/130 218/1507/131 212/1502/132
s off
f 153/1526/133 61/1527/134 58/1528/135 151/1529/136
f 62/817/137 51/814/138 43/813/139 55/818/140
s 1
f 40/766/63 35/763/55 39/771/61 63/776/141
f 147/46/80 47/45/79 64/52/142 154/53/143
s off
f 65/1504/144 54/1501/145 51/1500/146 62/1505/147
s 1
f 66/789/148 59/785/127 217/786/128 224/790/149
f 60/797/130 67/793/150 225/794/151 218/798/131
f 155/1530/152 68/1531/153 61/1527/154 153/1526/155
f 67/793/150 66/789/148 224/790/149 225/794/151
s 5
f 112/138/156 113/141/157 114/142/158 115/139/159
s 1
f 69/1510/160 60/1506/130 54/1501/129 65/1504/161
f 154/53/143 64/52/142 70/60/162 156/61/163
f 82/54/164 83/49/116 40/48/63 63/55/141
f 157/76/165 71/75/166 68/84/153 155/85/152
s 5
f 110/1420/167 116/1428/168 117/1421/169 111/1412/170
s 1
f 63/776/141 39/771/61 45/781/76 72/783/171
f 65/1504/161 77/1516/172 69/1510/160
f 156/61/163 70/60/162 73/68/173 158/69/174
f 158/69/174 73/68/173 71/75/166 157/76/165
f 74/795/175 67/793/150 60/797/130 69/799/160
s 5
f 118/137/176 112/138/156 115/139/159 119/140/177
s 1
f 72/783/171 45/781/76 59/785/127 75/787/178
s 5
f 116/153/168 120/151/179 121/152/180 117/154/169
s 1
f 81/64/181 82/54/164 63/55/141 72/65/171
f 76/791/182 66/789/148 67/793/150 74/795/175
f 75/787/178 59/785/127 66/789/148 76/791/182
f 77/1516/172 78/1520/183 74/1521/175 69/1510/160
s 5
f 122/143/184 118/137/176 119/140/177 123/144/185
f 120/151/179 124/147/186 125/148/187 121/152/180
f 124/147/186 122/143/184 123/144/185 125/148/187
s 1
f 80/71/188 81/64/181 72/65/171 75/72/178
f 78/800/183 79/801/189 76/791/182 74/795/175
f 79/80/189 80/71/188 75/72/178 76/81/182
s 5
f 117/1421/169 127/1422/190 126/1413/191 111/1412/170
f 121/1429/180 128/1430/192 127/1422/190 117/1421/169
f 125/1438/187 129/1439/193 128/1430/192 121/1429/180
f 123/94/185 130/87/194 129/93/193 125/96/187
f 119/89/177 131/78/195 130/87/194 123/94/185
f 115/88/159 132/79/196 131/78/195 119/89/177
f 114/142/158 133/145/197 132/146/196 115/139/159
s 1
f 68/1531/153 84/1536/198 61/1527/154
f 71/1540/166 85/1541/199 84/1536/198 68/1531/153
f 73/68/173 86/74/200 85/83/199 71/75/166
f 70/60/162 87/67/201 86/74/200 73/68/173
f 64/52/142 88/59/202 87/67/201 70/60/162
f 47/45/79 89/51/203 88/59/202 64/52/142
f 38/37/59 90/44/94 89/51/203 47/45/79
s 11
f 58/1528/204 61/1527/205 92/1532/206 91/1533/207
f 89/51/208 90/44/209 94/57/210 93/58/211
f 90/44/209 52/50/212 95/56/213 94/57/210
f 61/1527/205 84/1536/214 96/1537/215 92/1532/206
f 88/59/216 89/51/208 93/58/211 97/66/217
f 84/1536/214 85/1541/218 98/1542/219 96/1537/215
f 87/67/220 88/59/216 97/66/217 99/73/221
f 85/83/218 86/74/222 100/82/223 98/90/219
f 86/74/222 87/67/220 99/73/221 100/82/223
f 65/1504/224 62/1505/225 102/1511/226 101/1512/227
f 77/1516/228 65/1504/224 101/1512/227 103/1517/229
f 78/1520/230 77/1516/228 103/1517/229 104/1522/231
f 79/80/232 78/91/230 104/92/231 105/86/233
f 80/71/234 79/80/232 105/86/233 106/77/235
f 81/64/236 80/71/234 106/77/235 107/70/237
f 82/54/238 81/64/236 107/70/237 108/62/239
f 52/50/212 83/49/240 109/63/241 95/56/213
f 83/49/240 82/54/238 108/62/239 109/63/241
s 14
f 91/841/242 92/839/243 110/840/244 150/842/245
f 93/825/246 94/826/247 113/827/248 112/828/249
s 16
f 94/1552/250 95/1553/251 114/1554/252 113/1555/253
s 14
f 92/839/243 96/837/254 116/838/255 110/840/244
f 97/829/256 93/825/246 112/828/249 118/830/257
f 96/837/254 98/835/258 120/836/259 116/838/255
f 99/831/260 97/829/256 118/830/257 122/832/261
f 98/835/258 100/833/262 124/834/263 120/836/259
f 100/833/262 99/831/260 122/832/261 124/834/263
s 17
f 101/99/264 102/101/265 152/102/266 126/100/267
f 103/97/268 101/99/264 126/100/267 127/98/269
f 104/92/270 103/97/268 127/98/269 128/95/271
f 105/86/272 104/92/270 128/95/271 129/93/273
f 106/77/274 105/86/272 129/93/273 130/87/275
f 107/70/276 106/77/274 130/87/275 131/78/277
f 108/62/278 107/70/276 131/78/277 132/79/279
s 16
f 95/1553/251 109/1556/280 133/1557/281 114/1554/252
s 17
f 109/149/282 108/150/278 132/146/279 133/145/283
s 5
f 57/1408/284 152/1406/125 53/1403/124 56/1409/285
f 48/1414/119 150/1415/118 57/1408/284 56/1409/286
s off
f 150/123/287 50/121/288 58/120/289 91/124/290
s 5
f 110/1420/167 111/1412/170 57/1408/284 150/1415/118
f 152/1406/125 57/1408/284 111/1412/170 126/1413/191
s off
f 102/821/291 62/817/292 55/818/293 152/822/294
s 1
f 160/1347/295 134/1323/3 292/1350/296
f 159/1336/8 134/1323/3 161/1341/297
f 162/1344/298 134/1323/3 160/1347/295
f 161/1341/297 134/1323/3 162/1344/298
f 292/1350/296 293/1351/299 164/1348/300 160/1347/295
f 161/1341/297 165/1342/301 163/1337/9 159/1336/8
f 160/1347/295 164/1348/300 166/1345/302 162/1344/298
f 162/1344/298 166/1345/302 165/1342/301 161/1341/297
f 293/1351/299 294/1355/303 168/1352/304 164/1348/300
f 165/1342/301 169/1346/305 167/1343/15 163/1337/9
f 164/1348/300 168/1352/304 170/1349/306 166/1345/302
f 166/1345/302 170/1349/306 169/1346/305 165/1342/301
f 294/179/303 295/171/307 172/172/308 168/180/304
f 169/777/305 173/769/309 171/760/21 167/768/15
f 168/180/304 172/172/308 174/178/310 170/187/306
f 170/1349/306 174/1353/310 173/1354/309 169/1346/305
f 295/171/307 296/163/311 176/164/312 172/172/308
s 3
f 297/1374/313 139/1356/30 178/1370/314
f 179/1362/315 139/1356/30 177/1358/32
f 178/1370/314 139/1356/30 180/1366/316
f 180/1366/316 139/1356/30 179/1362/315
s 1
f 173/769/309 181/761/317 175/752/27 171/760/21
f 172/172/308 176/164/312 183/170/318 174/178/310
f 174/778/310 183/779/318 181/761/317 173/769/309
f 296/163/311 298/155/319 184/158/320 176/164/312
f 181/761/317 185/753/321 182/747/39 175/752/27
f 176/164/312 184/158/320 187/162/322 183/170/318
f 183/170/318 187/162/322 185/169/321 181/177/317
f 298/155/319 299/156/323 188/157/324 184/158/320
f 185/753/321 190/754/325 186/748/45 182/747/39
f 184/158/320 188/157/324 191/161/326 187/162/322
f 187/162/322 191/161/326 190/168/325 185/169/321
f 299/156/323 300/159/327 192/160/328 188/157/324
f 190/754/325 194/762/329 189/756/50 186/748/45
f 188/157/324 192/160/328 195/167/330 191/161/326
f 300/159/327 301/165/331 196/166/332 192/160/328
f 191/161/326 195/167/330 194/176/329 190/168/325
f 194/762/329 198/770/333 193/764/56 189/756/50
s 3
f 302/1378/334 297/1374/313 178/1370/314 202/1373/335
f 204/1365/336 179/1362/315 177/1358/32 199/1361/65
s 1
f 301/165/331 303/173/337 205/174/338 196/166/332
s off
f 304/237/339 302/238/340 202/239/341 206/240/342
s 3
f 202/1373/335 178/1370/314 180/1366/316 207/1369/343
s off
f 305/1434/344 304/1435/345 206/1416/346 208/1425/347
s 3
f 207/1369/343 180/1366/316 179/1362/315 204/1365/336
s 1
f 192/160/328 196/166/332 248/175/348 195/167/330
s off
f 211/811/349 204/812/350 199/808/351 200/807/352
f 213/1404/353 211/1405/354 200/1401/355 201/1400/356
f 206/240/357 202/239/358 207/243/359 214/244/360
f 214/244/361 207/243/362 204/247/363 211/248/364
s 1
f 195/167/330 241/185/365 198/186/333 194/176/329
s 20
f 208/1425/366 206/1416/367 306/1417/368
s off
f 307/253/369 305/254/370 208/255/371 216/256/372
s 20
f 211/1405/373 213/1404/374 308/1407/375
s off
f 309/1558/376 307/1559/377 216/1560/378 219/1561/379
f 220/819/380 213/820/381 201/816/382 209/815/383
s 1
f 198/770/333 221/780/384 197/772/62 193/764/56
f 303/173/337 310/181/385 222/182/386 205/174/338
s off
f 223/1508/387 220/1509/388 209/1503/389 212/1502/390
s 1
f 311/1566/391 309/1558/392 219/1561/393 226/1567/394
s 20
f 270/270/395 273/269/396 272/273/397 271/274/398
s 1
f 227/1513/399 223/1508/400 212/1502/132 218/1507/131
f 310/181/385 312/188/401 228/189/402 222/182/386
f 240/194/403 221/195/384 198/186/333 241/185/365
f 313/204/404 311/211/391 226/212/394 229/205/405
s 20
f 268/1424/406 269/1419/407 275/1426/408 274/1433/409
s 1
f 221/780/384 230/784/410 203/782/77 197/772/62
f 223/1508/400 227/1513/399 235/1518/411
f 312/188/401 314/196/412 231/197/413 228/189/402
f 314/196/412 313/204/404 229/205/405 231/197/413
f 232/796/414 227/804/399 218/798/131 225/794/151
s 20
f 276/267/415 277/268/416 273/269/396 270/270/395
s 1
f 230/784/410 233/788/417 217/786/128 203/782/77
s 20
f 274/283/409 275/284/408 279/280/418 278/279/419
s 1
f 239/201/420 230/202/410 221/195/384 240/194/403
f 234/792/421 232/796/414 225/794/151 224/790/149
f 233/788/417 234/792/421 224/790/149 217/786/128
f 235/1518/411 227/1513/399 232/1523/414 236/1524/422
s 20
f 280/271/423 281/272/424 277/268/416 276/267/415
f 278/279/419 279/280/418 283/276/425 282/275/426
f 282/275/426 283/276/425 281/272/424 280/271/423
s 1
f 238/208/427 233/209/417 230/202/410 239/201/420
f 236/802/422 232/796/414 234/792/421 237/803/428
f 237/215/428 234/216/421 233/209/417 238/208/427
s 20
f 275/1426/408 269/1419/407 284/1418/429 285/1427/430
f 279/1436/418 275/1426/408 285/1427/430 286/1437/431
f 283/1444/425 279/1436/418 286/1437/431 287/1445/432
f 281/228/424 283/229/425 287/225/432 288/222/433
f 277/224/416 281/228/424 288/222/433 289/219/434
f 273/223/396 277/224/416 289/219/434 290/218/435
f 272/273/397 273/269/396 290/277/435 291/278/436
s 1
f 226/1567/394 219/1561/393 242/1571/437
f 229/1578/405 226/1567/394 242/1571/437 243/1577/438
f 231/197/413 229/205/405 243/213/438 244/206/439
f 228/189/402 231/197/413 244/206/439 245/198/440
f 222/182/386 228/189/402 245/198/440 246/190/441
f 205/174/338 222/182/386 246/190/441 247/183/442
f 196/166/332 205/174/338 247/183/442 248/175/348
s 25
f 216/1560/443 249/1564/444 250/1565/445 219/1561/446
f 247/183/447 251/191/448 252/192/449 248/175/450
f 248/175/450 252/192/449 253/193/451 210/184/452
f 219/1561/446 250/1565/445 254/1570/453 242/1571/454
f 246/190/455 255/199/456 251/191/448 247/183/447
f 242/1571/454 254/1570/453 256/1576/457 243/1577/458
f 245/198/459 257/207/460 255/199/456 246/190/455
f 243/213/458 256/220/457 258/214/461 244/206/462
f 244/206/462 258/214/461 257/207/460 245/198/459
f 223/1508/463 259/1514/464 260/1515/465 220/1509/466
f 235/1518/467 261/1519/468 259/1514/464 223/1508/463
f 236/1524/469 262/1525/470 261/1519/468 235/1518/467
f 237/215/471 263/221/472 262/226/470 236/227/469
f 238/208/473 264/217/474 263/221/472 237/215/471
f 239/201/475 265/210/476 264/217/474 238/208/473
f 240/194/477 266/203/478 265/210/476 239/201/475
f 210/184/452 253/193/451 267/200/479 241/185/480
f 241/185/480 267/200/479 266/203/478 240/194/477
s 28
f 249/859/481 306/860/482 268/858/483 250/857/484
f 251/843/485 270/844/486 271/845/487 252/846/488
s 30
f 252/1593/489 271/1594/490 272/1595/491 253/1596/492
s 28
f 250/857/484 268/858/483 274/856/493 254/855/494
f 255/847/495 276/848/496 270/844/486 251/843/485
f 254/855/494 274/856/493 278/854/497 256/853/498
f 257/849/499 280/850/500 276/848/496 255/847/495
f 256/853/498 278/854/497 282/852/501 258/851/502
f 258/851/502 282/852/501 280/850/500 257/849/499
s 31
f 259/234/503 284/233/504 308/235/505 260/236/506
f 261/232/507 285/231/508 284/233/504 259/234/503
f 262/226/509 286/230/510 285/231/508 261/232/507
f 263/221/511 287/225/512 286/230/510 262/226/509
f 264/217/513 288/222/514 287/225/512 263/221/511
f 265/210/515 289/219/516 288/222/514 264/217/513
f 266/203/517 290/218/518 289/219/516 265/210/515
s 30
f 253/1596/492 272/1595/491 291/1597/519 267/1598/520
s 31
f 267/281/521 291/278/522 290/277/518 266/282/517
s 20
f 215/1410/523 214/1411/524 211/1405/373 308/1407/375
f 206/1416/367 214/1411/525 215/1410/523 306/1417/368
s off
f 306/259/526 249/260/527 216/256/528 208/255/529
s 20
f 268/1424/406 306/1417/368 215/1410/523 269/1419/407
f 308/1407/375 284/1418/429 269/1419/407 215/1410/523
s off
f 260/823/530 308/824/531 213/820/532 220/819/533
s 1
f 134/1323/3 159/1336/8 1/1333/4
s 32
f 315/318/534 316/325/535 317/333/536 318/326/537
s 33
f 319/861/538 320/862/539 321/863/540 322/864/541
f 323/889/542 324/893/543 325/894/544 326/890/545
s 32
f 327/1599/546 328/1600/547 319/1601/548
f 667/927/549 721/928/550 330/929/551 331/930/552
f 333/949/553 334/950/554 335/942/555 336/938/556
s off
f 337/1634/557 338/1635/558 322/1636/559 321/1637/560
f 339/285/561 340/286/562 326/287/563 325/288/564
s 38
f 292/1014/565 134/1015/566 338/1016/567 337/1017/568
f 301/1048/569 300/1044/570 340/1045/571 339/1049/572
s 32
f 324/311/573 341/312/574 342/313/575 343/314/576
f 344/1605/577 327/1599/546 319/1601/548
f 342/313/575 315/318/534 318/326/537 345/319/578
f 346/1611/579 344/1605/577 319/1601/548
f 327/1599/546 344/1605/577 347/1606/580 348/1602/581
f 349/1617/582 346/1611/579 319/1601/548
f 316/992/535 350/982/583 351/991/584 317/999/536
f 348/1602/581 347/1606/580 352/1613/585 353/1607/586
f 336/938/556 335/942/555 354/937/587 355/931/588
s 33
f 349/867/589 319/861/538 322/864/541 356/868/590
f 324/893/543 343/897/591 357/898/592 325/894/544
s 32
f 666/935/593 667/927/549 331/930/552 358/936/594
f 353/1607/586 352/1613/585 359/1620/595 360/1621/596
s off
f 338/1635/597 361/1638/598 356/1639/599 322/1636/600
f 362/291/601 339/285/602 325/288/603 357/292/604
s 38
f 134/1015/566 135/1018/605 361/1019/606 338/1016/567
f 303/1052/607 301/1048/569 339/1049/572 362/1053/608
s 32
f 344/1605/577 346/1611/579 363/1612/609 347/1606/580
f 343/314/576 342/313/575 345/319/578 364/320/610
f 318/326/537 317/333/536 365/341/611 366/334/612
f 355/931/588 354/937/587 367/933/613 330/929/551
f 345/319/578 318/326/537 366/334/612 368/327/614
f 360/958/596 359/971/595 369/972/615 334/950/554
f 346/1611/579 349/1617/582 370/1618/616 363/1612/609
f 347/1606/580 363/1612/609 371/1619/617 352/1613/585
f 317/999/536 351/991/584 372/998/618 365/1003/611
s 33
f 370/871/619 349/867/589 356/868/590 373/872/620
f 343/897/591 364/901/621 374/902/622 357/898/592
s 32
f 665/940/623 666/935/593 358/936/594 375/941/624
s off
f 361/1638/625 376/1642/626 373/1643/627 356/1639/628
f 377/295/629 362/291/630 357/292/631 374/296/632
s 38
f 135/1018/605 136/1022/633 376/1023/634 361/1019/606
f 310/1056/635 303/1052/607 362/1053/608 377/1057/636
s 32
f 330/929/551 367/933/613 378/934/637 331/930/552
f 334/374/554 369/363/615 379/359/638 335/369/555
f 352/379/585 371/380/617 380/372/639 359/371/595
f 364/320/610 345/319/578 368/327/614 381/328/640
f 363/1612/609 370/1618/616 382/1625/641 371/1619/617
f 366/334/612 365/341/611 383/349/642 384/342/643
f 335/369/555 379/359/638 385/362/644 354/370/587
f 368/327/614 366/334/612 384/342/643 386/335/645
f 331/930/552 378/934/637 387/939/646 358/936/594
s 33
f 382/875/647 370/871/619 373/872/620 388/876/648
f 364/901/621 381/905/649 389/906/650 374/902/622
s 32
f 664/947/651 665/940/623 375/941/624 390/948/652
s off
f 376/1642/653 391/1646/654 388/1647/655 373/1643/656
f 392/299/657 377/295/658 374/296/659 389/300/660
s 32
f 365/1003/611 372/998/618 393/1002/661 383/1007/642
s 38
f 136/1022/633 394/1026/662 391/1027/663 376/1023/634
f 312/1060/664 310/1056/635 377/1057/636 392/1061/665
s 32
f 359/371/595 380/372/639 395/364/666 369/363/615
f 354/370/587 385/362/644 396/368/667 367/378/613
f 371/380/617 382/386/641 397/381/668 380/372/639
f 381/328/640 368/327/614 386/335/645 398/336/669
f 358/936/594 387/939/646 399/945/670 375/941/624
f 369/363/615 395/364/666 400/360/671 379/359/638
f 384/1012/643 383/1007/642 401/1010/672 402/1013/673
f 386/335/645 384/342/643 402/350/673 403/343/674
s 33
f 397/879/675 382/875/647 388/876/648 404/880/676
f 381/905/649 398/909/677 405/910/678 389/906/650
s 32
f 663/955/679 664/947/651 390/948/652 406/956/680
s off
f 391/422/681 407/418/682 404/419/683 388/423/684
f 408/303/685 392/299/686 389/300/687 405/304/688
s 38
f 394/1026/662 138/1030/689 407/1031/690 391/1027/663
f 314/1064/691 312/1060/664 392/1061/665 408/1065/692
s 32
f 367/378/613 396/368/667 409/377/693 378/385/637
f 383/1007/642 393/1002/661 410/1006/694 401/1010/672
f 380/372/639 397/381/668 411/373/695 395/364/666
f 375/941/624 399/945/670 412/953/696 390/948/652
s 41
f 647/1648/697 648/1649/698 649/1650/699
f 649/1650/699 648/1649/698 650/1652/700
s 32
f 398/336/669 386/335/645 403/343/674 416/344/701
f 379/359/638 400/360/671 417/361/702 385/362/644
s 41
f 651/1651/703 648/1649/698 647/1648/697
f 650/1652/700 648/1649/698 652/1654/704
f 653/1653/705 648/1649/698 651/1651/703
f 652/1654/704 648/1649/698 654/1656/706
f 655/1655/707 648/1649/698 653/1653/705
s 32
f 378/385/637 409/377/693 423/384/708 387/390/646
s 41
f 654/1656/706 648/1649/698 656/1658/709
f 657/1657/710 648/1649/698 655/1655/707
f 656/1658/709 648/1649/698 657/1657/710
s 33
f 411/883/711 397/879/675 404/880/676 426/884/712
f 398/909/677 416/913/713 427/914/714 405/910/678
s off
f 407/418/715 428/414/716 426/415/717 404/419/718
f 429/307/719 408/303/720 405/304/721 427/308/722
s 32
f 662/967/723 663/955/679 406/956/680 430/968/724
s 38
f 138/1030/689 140/1034/725 428/1035/726 407/1031/690
f 313/1068/727 314/1064/691 408/1065/692 429/1069/728
s 32
f 402/1585/673 401/1586/672 431/1582/729 432/1579/730
s 3
f 433/1387/731 434/1391/732 435/1376/733
f 436/1383/734 433/1387/731 435/1376/733
f 434/1391/732 437/1395/735 435/1376/733
f 438/1379/736 436/1383/734 435/1376/733
f 435/1376/733 437/1395/735 439/1393/737
s 32
f 403/343/674 402/350/673 432/357/730 440/351/738
s 3
f 439/1393/737 441/1389/739 435/1376/733
s 32
f 395/364/666 411/373/695 442/365/740 400/360/671
s 3
f 441/1389/739 443/1385/741 435/1376/733
s 32
f 385/362/644 417/361/702 444/367/742 396/368/667
f 390/948/652 412/953/696 445/965/743 406/956/680
s 43
f 696/1493/744 697/1498/745 698/1487/746
s 3
f 443/1385/741 446/1381/747 435/1376/733
f 446/1381/747 447/1377/748 435/1376/733
s 32
f 387/390/646 423/384/708 448/389/749 399/394/670
f 416/344/701 403/343/674 440/351/738 449/352/750
s 33
f 442/887/751 411/883/711 426/884/712 450/888/752
f 416/913/713 449/917/753 451/918/754 427/914/714
s off
f 428/414/755 452/408/756 450/411/757 426/415/758
f 453/309/759 429/307/760 427/308/761 451/310/762
s 32
f 661/980/763 662/967/723 430/968/724
s 38
f 140/1034/725 142/1038/764 452/1039/765 428/1035/726
f 311/1072/766 313/1068/727 429/1069/728 453/1073/767
s 32
f 396/368/667 444/367/742 454/376/768 409/377/693
f 406/956/680 445/965/743 455/978/769 430/968/724
f 400/360/671 442/365/740 456/366/770 417/361/702
f 399/394/670 448/389/749 457/393/771 412/398/696
f 432/1579/730 431/1582/729 458/1580/772 459/1574/773
f 440/1573/738 432/1579/730 459/1574/773 460/1568/774
s 43
f 699/1492/775 696/1493/744 698/1487/746 475/1474/776
s 32
f 449/1572/750 440/1573/738 460/1568/774 461/1562/777
f 409/377/693 454/376/768 462/383/778 423/384/708
s off
f 463/263/779 464/265/780 465/266/781 466/264/782
s 32
f 412/398/696 457/393/771 467/397/783 445/402/743
s off
f 459/1574/784 458/1580/785 464/1581/786 463/1575/787
s 33
f 456/891/788 442/887/751 450/888/752 468/892/789
f 449/917/753 461/921/790 469/922/791 451/918/754
s off
f 470/261/792 463/263/793 466/264/794 471/262/795
f 452/408/796 472/409/797 468/410/798 450/411/799
f 473/1659/800 453/1660/801 451/1661/802 469/1662/803
s 43
f 700/1485/804 484/1472/805 475/1474/776 698/1487/746
s off
f 460/1568/806 459/1574/807 463/1575/808 470/1569/809
s 38
f 142/1038/764 474/1042/810 472/1043/811 452/1039/765
f 309/1076/812 311/1072/766 453/1073/767 473/1077/813
s off
f 464/1080/814 668/1081/815 678/1082/816 465/1083/817
s 32
f 417/361/702 456/366/770 476/375/818 444/367/742
s off
f 466/1452/819 465/1458/820 477/1459/821 478/1453/822
f 701/1499/823 699/1492/824 475/1474/825
f 471/1448/826 466/1452/827 478/1453/828 479/1449/829
s 44
f 465/1458/830 678/1463/831 477/1459/832
s off
f 481/257/833 470/261/834 471/262/835 482/258/836
f 461/1562/837 460/1568/838 470/1569/839 481/1563/840
f 482/1442/841 471/1448/842 479/1449/843 483/1443/844
f 478/249/845 477/251/846 485/252/847 486/250/848
f 461/434/849 309/435/850 473/436/851 469/437/852
s 32
f 423/384/708 462/383/778 487/388/853 448/389/749
s off
f 305/254/854 307/253/855 481/257/856 482/258/857
f 479/245/858 478/249/859 486/250/860 488/246/861
f 307/1559/862 309/1558/863 461/1562/864 481/1563/865
s 32
f 445/965/743 467/987/783 489/988/866 455/978/769
s off
f 484/1472/867 490/1473/868 480/1475/869 475/1474/870
s 45
f 477/1088/871 719/1089/872 485/1090/873
s off
f 304/1435/874 305/1434/875 482/1442/876 483/1443/877
f 492/1098/878 493/1099/879 418/1100/880 413/1101/881
f 483/241/882 479/245/883 488/246/884 494/242/885
s 33
f 476/895/886 456/891/788 468/892/789 495/896/887
s off
f 490/1093/888 496/1094/889 491/1092/890 480/1091/891
f 472/409/892 497/412/893 495/413/894 468/410/895
s 32
f 444/367/742 476/375/818 498/382/896 454/376/768
s off
f 302/238/897 304/237/898 483/241/899 494/242/900
s 38
f 474/1042/810 144/1046/901 497/1047/902 472/1043/811
s off
f 493/458/903 499/451/904 420/454/905 418/459/906
s 3
f 486/1390/907 485/1394/908 434/1391/732 433/1387/731
s off
f 502/438/909 503/439/910 415/440/911 419/441/912
s 3
f 488/1386/913 486/1390/907 433/1387/731 436/1383/734
s 46
f 484/1472/914 703/1467/915 720/1466/916 490/1473/917
s off
f 658/1663/918 659/1664/919 505/1665/920 500/1666/921
s 32
f 448/389/749 487/388/853 506/392/922 457/393/771
s 3
f 485/1394/908 491/1397/923 437/1395/735 434/1391/732
s 47
f 421/1464/924 645/1461/925 646/1460/926 419/1465/927
s 3
f 494/1382/928 488/1386/913 436/1383/734 438/1379/736
s 48
f 490/1093/929 720/1095/930 496/1094/931
s 3
f 496/1396/932 439/1393/737 437/1395/735 491/1397/923
s off
f 499/451/933 510/452/934 422/453/935 420/454/936
s 3
f 297/1374/313 302/1378/334 494/1382/928 438/1379/736
s off
f 500/1139/937 511/1143/938 508/1144/939 501/1140/940
s 32
f 505/1665/941 512/1671/942 511/1672/943 500/1666/944
f 457/393/771 506/392/922 513/396/945 467/397/783
s 3
f 496/1396/932 509/1392/946 441/1389/739 439/1393/737
s 32
f 454/376/768 498/382/896 514/387/947 462/383/778
s 33
f 498/899/948 476/895/886 495/896/887 515/900/949
s off
f 497/412/950 516/416/951 515/417/952 495/413/953
f 504/117/954 517/115/955 518/116/956 509/118/957
s 38
f 144/1046/901 145/1050/958 516/1051/959 497/1047/902
s 32
f 519/1547/960 520/1545/961 521/1548/962 522/1551/963
s 3
f 435/1376/733 139/1356/30 297/1374/313 438/1379/736
s off
f 523/131/964 524/129/965 525/130/966 507/132/967
s 32
f 467/397/783 513/396/945 526/400/968 489/401/866
s 3
f 509/1392/946 518/1388/969 443/1385/741 441/1389/739
s 32
f 521/1548/962 520/1545/961 524/1546/970 523/1549/971
s off
f 525/1450/972 527/1446/973 528/1447/974 517/1451/975
s 32
f 462/383/778 514/387/947 529/391/976 487/388/853
s off
f 517/115/977 528/113/978 530/114/979 518/116/980
f 524/129/981 531/127/982 527/128/983 525/130/984
s 3
f 518/1388/969 530/1384/985 446/1381/747 443/1385/741
s off
f 520/1545/986 532/1538/987 531/1539/988 524/1546/989
s 33
f 514/903/990 498/899/948 515/900/949 533/904/991
s off
f 516/416/992 534/420/993 533/421/994 515/417/995
s 38
f 145/1050/958 147/1054/996 534/1055/997 516/1051/959
s 3
f 530/1384/985 535/1380/998 447/1377/748 446/1381/747
s off
f 528/113/999 536/110/1000 535/109/1001 530/114/1002
f 527/1446/1003 537/1441/1004 536/1440/1005 528/1447/1006
s 32
f 487/388/853 529/391/976 538/395/1007 506/392/922
s 3
f 146/1375/74 141/1372/33 447/1377/748 535/1380/998
s off
f 531/127/1008 539/126/1009 537/125/1010 527/128/1011
f 148/103/1012 146/106/1013 535/109/1014 536/110/1015
f 149/1431/1016 148/1432/1017 536/1440/1018 537/1441/1019
f 532/1538/1020 540/1535/1021 539/1534/1022 531/1539/1023
f 534/420/1024 541/424/1025 542/425/1026 533/421/1027
s 33
f 529/907/1028 514/903/990 533/904/991 542/908/1029
s 32
f 506/392/922 538/395/1007 543/399/1030 513/396/945
s 38
f 147/1054/996 154/1058/1031 541/1059/1032 534/1055/997
s 32
f 544/1543/1033 545/1544/1034 540/1535/1035 532/1538/1036
s off
f 151/119/1037 149/122/1038 537/125/1039 539/126/1040
s 32
f 513/396/945 543/399/1030 546/403/1041 526/400/968
f 526/400/968 546/403/1041 545/405/1034 544/406/1033
s off
f 153/462/1042 540/463/1043 547/464/1044 548/465/1045
f 153/1526/1046 151/1529/1047 539/1534/1048 540/1535/1049
f 549/1677/1050 548/1678/1051 547/1679/1052 550/1680/1053
f 541/424/1054 551/426/1055 552/427/1056 542/425/1057
s 33
f 540/925/1058 545/923/1059 550/924/1060 547/926/1061
f 538/911/1062 529/907/1028 542/908/1029 552/912/1063
s 38
f 155/1074/1064 153/1078/1065 548/1079/1066 549/1075/1067
f 154/1058/1031 156/1062/1068 551/1063/1069 541/1059/1032
s off
f 551/426/1070 553/428/1071 554/429/1072 552/427/1073
f 555/430/1074 549/432/1075 550/433/1076 556/431/1077
s 33
f 543/915/1078 538/911/1062 552/912/1063 554/916/1079
f 545/923/1059 546/919/1080 556/920/1081 550/924/1060
s off
f 553/428/1082 555/430/1083 556/431/1084 554/429/1085
s 38
f 157/1070/1086 155/1074/1064 549/1075/1067 555/1071/1087
f 156/1062/1068 158/1066/1088 553/1067/1089 551/1063/1069
s 33
f 546/919/1080 543/915/1078 554/916/1079 556/920/1081
s 38
f 158/1066/1088 157/1070/1086 555/1071/1087 553/1067/1089
s 32
f 557/993/1090 660/994/1091 661/980/763 455/978/769
s off
f 415/440/1092 503/439/1093 558/442/1094 557/443/1095 414/444/1096
s 32
f 503/1675/1097 505/1665/941 558/1670/1098
s off
f 422/453/1099 510/452/1100 559/455/1101 560/456/1102 425/457/1103
f 424/1102/1104 519/1103/1105 522/1104/1106 421/1105/1107
f 425/457/1108 560/456/1109 519/460/1110 424/461/1111
f 414/444/1112 557/443/1113 492/447/1114 413/448/1115
s 32
f 558/1670/1098 660/1669/1091 557/1674/1090
f 559/404/1116 526/400/968 544/406/1033 560/407/1117
f 519/1547/960 544/1543/1033 532/1538/1036 520/1545/961
s 55
f 419/441/1118 646/445/1119 512/446/1120 502/438/1121
s 56
f 522/135/1122 521/134/1123 645/133/1124 421/136/1125
s 32
f 455/1681/769 493/1682/1126 492/1683/1127
s off
f 501/1454/1128 508/1455/1129 507/1456/1130 525/1450/1131 517/1451/1132 504/1457/1133
s 32
f 328/1600/547 561/1604/1134 319/1601/548
f 562/1624/1135 320/1628/1136 319/1601/548
f 561/1604/1134 563/1610/1137 319/1601/548
f 328/1600/547 327/1599/546 348/1602/581 564/1603/1138
f 565/1616/1139 562/1624/1135 319/1601/548
f 566/957/1140 360/958/596 334/950/554 333/949/553
f 563/1610/1137 565/1616/1139 319/1601/548
f 564/1603/1138 348/1602/581 353/1607/586 567/1608/1141
f 567/969/1141 353/970/586 360/958/596 566/957/1140
f 568/983/1142 332/974/1143 350/982/583 316/992/535
s off
f 340/286/1144 569/289/1145 570/290/1146 326/287/1147
f 571/1640/1148 337/1634/1149 321/1637/1150 572/1641/1151
s 38
f 300/1044/570 299/1040/1152 569/1041/1153 340/1045/571
f 293/1020/1154 292/1014/565 337/1017/568 571/1021/1155
s 32
f 355/931/588 330/929/551 721/928/550 722/932/1156
s 33
f 574/885/1157 323/889/542 326/890/545 570/886/1158
f 320/862/539 575/865/1159 572/866/1160 321/863/540
s 32
f 328/1600/547 564/1603/1138 576/1609/1161 561/1604/1134
f 323/315/1162 577/316/1163 341/312/574 324/311/573
f 341/312/574 578/317/1164 315/318/534 342/313/575
f 320/1628/1136 562/1624/1135 579/1627/1165 575/1632/1166
f 563/1610/1137 561/1604/1134 576/1609/1161 580/1615/1167
s off
f 569/289/1168 581/293/1169 582/294/1170 570/290/1171
f 583/1644/1172 571/1640/1173 572/1641/1174 584/1645/1175
s 32
f 578/317/1164 568/324/1142 316/325/535 315/318/534
s 38
f 299/1040/1152 298/1036/1176 581/1037/1177 569/1041/1153
f 294/1024/1178 293/1020/1154 571/1021/1155 583/1025/1179
s 32
f 562/1624/1135 565/1616/1139 585/1623/1180 579/1627/1165
f 336/938/556 355/931/588 722/932/1156
s 33
f 587/881/1181 574/885/1157 570/886/1158 582/882/1182
f 575/865/1159 588/869/1183 584/870/1184 572/866/1160
s 32
f 564/1603/1138 567/1608/1141 589/1614/1185 576/1609/1161
f 565/1616/1139 563/1610/1137 580/1615/1167 585/1623/1180
f 590/975/1186 329/960/1187 332/974/1143 568/983/1142
s off
f 581/293/1188 591/297/1189 592/298/1190 582/294/1191
f 593/301/1192 583/305/1193 584/306/1194 594/302/1195
s 38
f 298/1036/1176 296/1032/1196 591/1033/1197 581/1037/1177
f 295/1028/1198 294/1024/1178 583/1025/1179 593/1029/1199
s 32
f 574/321/1200 595/322/1201 577/316/1163 323/315/1162
s off
f 591/297/1202 593/301/1203 594/302/1204 592/298/1205
s 33
f 596/877/1206 587/881/1181 582/882/1182 592/878/1207
f 588/869/1183 597/873/1208 594/874/1209 584/870/1184
s 32
f 333/949/553 336/938/556 586/944/1210 598/952/1211
s 38
f 296/1032/1196 295/1028/1198 593/1029/1199 591/1033/1197
s 32
f 567/969/1141 566/957/1140 599/964/1212 589/977/1185
f 575/1632/1166 579/1627/1165 600/1631/1213 588/1633/1214
s 33
f 597/873/1208 596/877/1206 592/878/1207 594/874/1209
s 32
f 566/957/1140 333/949/553 598/952/1211 599/964/1212
f 577/316/1163 601/323/1215 578/317/1164 341/312/574
f 580/1615/1167 576/1609/1161 589/1614/1185 602/1622/1216
f 587/329/1217 603/330/1218 595/322/1201 574/321/1200
f 601/323/1215 590/332/1186 568/324/1142 578/317/1164
f 588/353/1214 600/354/1213 604/346/1219 597/345/1220
f 579/1627/1165 585/1623/1180 605/1626/1221 600/1631/1213
f 606/962/1222 573/951/1223 329/960/1187 590/975/1186
f 585/1623/1180 580/1615/1167 602/1622/1216 605/1626/1221
f 596/337/1224 607/338/1225 603/330/1218 587/329/1217
f 597/345/1220 604/346/1219 607/338/1225 596/337/1224
f 602/984/1216 589/977/1185 599/964/1212 608/976/1226
f 595/322/1201 609/331/1227 601/323/1215 577/316/1163
f 610/961/1228 586/944/1210 573/951/1223 606/962/1222
f 600/354/1213 605/358/1221 611/355/1229 604/346/1219
f 609/331/1227 606/340/1222 590/332/1186 601/323/1215
f 608/976/1226 599/964/1212 598/952/1211 612/963/1230
f 612/963/1230 598/952/1211 586/944/1210 610/961/1228
f 605/1626/1221 602/1622/1216 608/1629/1226 611/1630/1229
f 603/330/1218 613/339/1231 609/331/1227 595/322/1201
f 604/346/1219 611/355/1229 614/347/1232 607/338/1225
f 607/338/1225 614/347/1232 613/339/1231 603/330/1218
f 613/339/1231 610/348/1228 606/340/1222 609/331/1227
f 611/985/1229 608/976/1226 612/963/1230 614/986/1232
f 614/347/1232 612/356/1230 610/348/1228 613/339/1231
s off
f 414/1481/1233 413/1488/1234 615/1489/1235 616/1482/1236
f 415/1476/1237 414/1481/1238 616/1482/1239 617/1477/1240
f 413/1488/1241 418/1494/1242 618/1495/1243 615/1489/1244
f 419/1465/1245 415/1476/1246 617/1477/1247 619/1470/1248
f 418/1494/1249 420/1496/1250 620/1497/1251 618/1495/1252
f 421/1464/1253 419/1465/1254 619/1470/1255 621/1471/1256
f 420/1496/1257 422/1490/1258 622/1491/1259 620/1497/1260
f 424/1478/1261 421/1464/1262 621/1471/1263 623/1479/1264
f 422/1490/1265 425/1483/1266 624/1484/1267 622/1491/1268
f 425/1483/1269 424/1478/1270 623/1479/1271 624/1484/1272
f 616/467/1273 615/470/1274 625/471/1275 626/468/1276
f 617/466/1277 616/467/1278 626/468/1279 627/469/1280
f 615/1106/1281 618/1107/1282 628/1108/1283 625/1109/1284
f 619/472/1285 617/466/1286 627/469/1287 629/473/1288
f 618/484/1289 620/476/1290 630/479/1291 628/485/1292
f 621/474/1293 619/472/1294 629/473/1295 631/475/1296
f 620/476/1297 622/477/1298 632/478/1299 630/479/1300
f 623/1116/1301 621/1117/1302 631/1118/1303 633/1119/1304
f 622/477/1305 624/480/1306 634/481/1307 632/478/1308
f 624/480/1309 623/486/1310 633/487/1311 634/481/1312
f 626/1114/1313 625/1109/1314 635/1111/1315 636/1115/1316
f 627/1689/1317 626/1690/1318 636/1691/1319 637/1692/1320
f 625/1109/1321 628/1108/1322 638/1110/1323 635/1111/1324
f 629/1693/1325 627/1689/1326 637/1692/1327 639/1694/1328
f 628/1108/1329 630/1112/1330 640/1113/1331 638/1110/1332
f 631/1695/1333 629/1693/1334 639/1694/1335 641/1696/1336
f 630/479/1337 632/478/1338 642/482/1339 640/483/1340
f 633/1697/1341 631/1695/1342 641/1696/1343 643/1698/1344
f 632/478/1345 634/481/1346 644/488/1347 642/482/1348
f 634/1699/1349 633/1697/1350 643/1698/1351 644/1700/1352
s 32
f 455/1681/769 492/1683/1127 557/1686/1090
f 499/1685/1353 489/1684/866 510/1687/1354
f 455/1681/769 489/1684/866 499/1685/1353 493/1682/1126
f 510/1687/1354 489/1684/866 559/1688/1116
f 560/1550/1117 544/1543/1033 519/1547/960
f 512/1671/942 505/1665/941 503/1675/1097 502/1676/1355
s 56
f 645/133/1124 521/134/1123 523/131/1356 507/132/1357
s 47
f 646/1460/926 645/1461/925 507/1456/1358 508/1455/1359
s 55
f 512/446/1120 646/445/1119 508/449/1360 511/450/1361
s off
f 636/12/1362 635/11/1363 647/1/1364 649/2/1365
f 637/13/1366 636/12/1367 649/2/1368 650/3/1369
f 635/11/1370 638/14/1371 651/4/1372 647/1/1373
f 639/15/1374 637/13/1375 650/3/1376 652/5/1377
f 638/14/1378 640/16/1379 653/6/1380 651/4/1381
f 641/17/1382 639/15/1383 652/5/1384 654/7/1385
f 640/16/1386 642/18/1387 655/8/1388 653/6/1389
f 643/19/1390 641/17/1391 654/7/1392 656/9/1393
f 642/18/1394 644/20/1395 657/10/1396 655/8/1397
f 644/20/1398 643/19/1399 656/9/1400 657/10/1401
f 484/1472/1402 702/1480/1403 703/1467/1404
s 43
f 700/1485/804 704/1486/1405 702/1480/1406 484/1472/805
f 705/1132/1407 704/1136/1405 700/1133/804
f 706/1130/1408 707/1131/1409 705/1132/1407 700/1133/804 698/1134/746 697/1135/745
f 706/1130/1408 708/1126/1410 709/1127/1411 707/1131/1409
f 708/1126/1410 710/1120/1412 711/1123/1413 709/1127/1411
f 710/1120/1412 712/1121/1414 713/1122/1415 711/1123/1413
f 712/1121/1414 714/1124/1416 715/1125/1417 713/1122/1415
f 714/1124/1416 716/1128/1418 717/1129/1419 715/1125/1417
s off
f 458/1580/1420 669/1583/1421 668/1584/1422 464/1581/1423
s 32
f 431/1582/729 670/1587/1424 669/1583/1425 458/1580/772
f 401/1010/672 410/1006/694 671/1009/1426
f 410/1006/694 672/1005/1427 671/1009/1426
f 393/1002/661 673/1001/1428 672/1005/1427 410/1006/694
f 372/998/618 674/997/1429 673/1001/1428 393/1002/661
f 351/991/584 675/990/1430 674/997/1429 372/998/618
f 350/982/583 676/981/1431 675/990/1430 351/991/584
f 332/974/1143 677/973/1432 676/981/1431 350/982/583
s 44
f 477/1459/832 678/1463/831 718/1468/1433 719/1469/1434
s off
f 679/1137/1435 658/1138/1436 500/1139/1437 501/1140/1438
s 46
f 504/1457/1439 679/1462/1440 501/1454/1441
s off
f 670/1587/1442 671/1590/1443 681/1592/1444 680/1591/1445
f 669/1583/1446 670/1587/1447 680/1591/1448 682/1588/1449
f 668/1584/1450 669/1583/1451 682/1588/1452 683/1589/1453
f 659/1664/1454 658/1663/1455 685/1667/1456 684/1668/1457
f 660/1669/1458 659/1664/1459 684/1668/1460 686/1673/1461
f 661/980/1462 660/994/1463 686/995/1464 687/989/1465
f 671/1009/1466 672/1005/1467 688/1008/1468 681/1011/1469
f 662/967/1470 661/980/1471 687/989/1472 689/979/1473
f 672/1005/1474 673/1001/1475 690/1004/1476 688/1008/1477
f 663/955/1478 662/967/1479 689/979/1480 691/966/1481
f 673/1001/1482 674/997/1483 692/1000/1484 690/1004/1485
f 664/947/1486 663/955/1487 691/966/1488 693/954/1489
f 674/997/1490 675/990/1491 694/996/1492 692/1000/1493
f 665/940/1494 664/947/1495 693/954/1496 695/946/1497
f 675/990/1498 676/981/1499 694/996/1500
f 666/935/1501 665/940/1502 695/946/1503
s 58
f 680/489/1504 681/490/1505 697/491/1506 696/492/1507
f 682/495/1508 680/489/1504 696/492/1507 699/496/1509
f 683/499/1510 682/495/1508 699/496/1509 701/500/1511
s 59
f 684/513/1512 685/514/1513 703/515/1514 702/516/1515
f 686/517/1516 684/513/1512 702/516/1515 704/518/1517
f 687/519/1518 686/517/1516 704/518/1517 705/520/1519
s 58
f 681/490/1505 688/493/1520 706/494/1521 697/491/1506
s 59
f 689/521/1522 687/519/1518 705/520/1519 707/522/1523
s 58
f 688/493/1520 690/497/1524 708/498/1525 706/494/1521
s 59
f 691/523/1526 689/521/1522 707/522/1523 709/524/1527
s 58
f 690/497/1524 692/501/1528 710/502/1529 708/498/1525
s 59
f 693/525/1530 691/523/1526 709/524/1527 711/526/1531
s 58
f 692/501/1528 694/503/1532 712/504/1533 710/502/1529
s 59
f 695/527/1534 693/525/1530 711/526/1531 713/528/1535
s 58
f 694/503/1532 676/505/1536 714/506/1537 712/504/1533
s 59
f 666/529/1538 695/527/1534 713/528/1535 715/530/1539
s 58
f 676/505/1536 677/507/1540 716/508/1541 714/506/1537
s 59
f 667/531/1542 666/529/1538 715/530/1539 717/532/1543
s 44
f 719/1469/1434 718/1468/1433 475/1474/1544 480/1475/1545
s 45
f 485/1090/873 719/1089/872 480/1091/1546 491/1092/1547
s 46
f 720/1466/916 703/1467/915 679/1462/1440 504/1457/1439
s 48
f 496/1094/931 720/1095/930 504/1096/1548 509/1097/1549
s off
f 678/1082/1550 668/1081/1551 683/1084/1552 701/1085/1553 475/1086/1554 718/1087/1555
f 703/1141/1556 685/1142/1557 658/1138/1558 679/1137/1559
s 3
f 141/1372/33 139/1356/30 435/1376/733 447/1377/748
s 60
f 716/1145/1560 725/1146/1561 726/1147/1562 717/1148/1563
f 727/1149/1564 726/1147/1562 725/1146/1561 728/1150/1565
s 32
f 329/960/1187 723/959/1566 677/973/1432 332/974/1143
f 724/943/1567 723/959/1566 329/960/1187 573/951/1223
s 61
f 677/507/1568 723/509/1569 725/510/1570 716/508/1571
s 62
f 721/533/1572 667/531/1573 717/532/1574 726/534/1575
f 722/535/1576 721/533/1572 726/534/1575 727/536/1577
s 61
f 723/509/1569 724/511/1578 728/512/1579 725/510/1570
s off
f 724/1701/1580 722/1702/1581 727/1703/1582 728/1704/1583
s 32
f 586/944/1210 724/943/1567 573/951/1223
f 336/938/556 722/932/1156 724/943/1567 586/944/1210
f 659/1664/1584 660/1669/1091 558/1670/1098 505/1665/941
f 489/401/866 526/400/968 559/404/1116
f 455/978/769 661/980/763 430/968/724
f 401/1586/672 671/1590/1426 670/1587/1424 431/1582/729
s 1
f 195/167/330 248/175/348 210/184/1585
f 195/167/330 210/184/1585 241/185/365
f 34/29/53 37/36/58 90/44/94 38/37/59
f 37/36/58 36/43/57 40/48/63 83/49/116
s 63
f 787/537/1586 788/538/1587 765/539/1588 766/540/1589
f 755/1151/1590 797/1152/1591 798/1153/1592 739/1154/1593
f 771/557/1594 772/558/1595 781/559/1596 782/560/1597
f 805/1169/1598 806/1170/1599 754/1171/1600 740/1172/1601
f 801/1705/1602 802/1706/1603 769/1707/1604 784/1708/1605
s 68
f 776/1714/1606 811/1715/1607 812/1716/1608 777/1717/1609
f 807/1184/1610 808/1185/1611 742/1186/1612 752/1187/1613
f 773/577/1614 774/578/1615 779/579/1616 780/580/1617
f 743/1730/1618 795/1729/1619 796/1732/1620 751/1733/1621
f 789/597/1622 790/598/1623 763/599/1624 764/600/1625
s 63
f 786/547/1626 787/537/1586 766/540/1589 767/548/1627
f 739/1154/1593 798/1153/1592 799/1159/1628 759/1160/1629
f 770/567/1630 771/557/1594 782/560/1597 783/568/1631
f 804/1177/1632 805/1169/1598 740/1172/1601 760/1178/1633
s 68
f 808/1185/1611 809/1190/1634 746/1191/1635 742/1186/1612
f 774/578/1615 775/583/1636 778/584/1637 779/579/1616
f 747/1727/1638 794/1726/1639 795/1729/1619 743/1730/1618
f 790/598/1623 791/603/1640 762/604/1641 763/599/1624
f 735/1196/1642 746/1191/1635 809/1190/1634 810/1197/1643
f 777/591/1609 778/584/1637 775/583/1636 776/592/1606
f 793/1722/1644 794/1726/1639 747/1727/1638 733/1723/1645
f 761/611/1646 762/604/1641 791/603/1640 792/612/1647
s 72
f 833/617/1648 834/618/1649 835/619/1650 836/620/1651
f 838/1212/1652 837/1213/1653 839/1209/1654 840/1208/1655
f 841/629/1656 842/630/1657 843/631/1658 844/632/1659
f 845/1199/1660 846/1200/1661 847/1201/1662 848/1202/1663
f 849/1205/1664 845/1199/1660 848/1202/1663 850/1206/1665
f 851/637/1666 841/629/1656 844/632/1659 852/638/1667
f 840/1208/1655 839/1209/1654 853/1210/1668 854/1211/1669
f 855/625/1670 833/617/1648 836/620/1651 856/626/1671
s 63
f 785/553/1672 786/547/1626 767/548/1627 768/554/1673
f 759/1160/1629 799/1159/1628 800/1163/1674 734/1164/1675
f 769/573/1604 770/567/1630 783/568/1631 784/574/1605
f 803/1181/1676 804/1177/1632 760/1178/1633 736/1182/1677
s 68
f 729/616/1678 745/613/1679 762/604/1641 761/611/1646
f 763/599/1624 762/604/1641 745/613/1679 741/605/1680
f 764/600/1625 763/599/1624 741/605/1680 749/606/1681
s 72
f 836/620/1651 835/619/1650 857/623/1682 858/624/1683
f 856/626/1671 836/620/1651 858/624/1683 859/628/1684
s 63
f 766/540/1589 765/539/1588 753/545/1685 737/546/1686
f 767/548/1627 766/540/1589 737/546/1686 757/552/1687
f 768/554/1673 767/548/1627 757/552/1687 730/556/1688
f 802/1706/1603 803/1711/1676 736/1712/1677 769/1707/1604
f 760/570/1633 770/567/1630 769/573/1604 736/575/1677
f 740/562/1601 771/557/1594 770/567/1630 760/570/1633
f 754/561/1600 772/558/1595 771/557/1594 740/562/1601
s 72
f 848/634/1663 841/629/1656 851/637/1666 850/639/1665
f 847/633/1662 842/630/1657 841/629/1656 848/634/1663
s 68
f 742/581/1612 774/578/1615 773/577/1614 752/582/1613
f 746/589/1635 775/583/1636 774/578/1615 742/581/1612
f 776/592/1606 775/583/1636 746/589/1635 735/595/1642
f 735/1718/1642 810/1719/1643 811/1715/1607 776/1714/1606
f 733/596/1645 747/593/1638 778/584/1637 777/591/1609
f 779/579/1616 778/584/1637 747/593/1638 743/585/1618
f 780/580/1617 779/579/1616 743/585/1618 751/586/1621
s 72
f 844/632/1659 843/631/1658 838/635/1652 840/636/1655
f 852/638/1667 844/632/1659 840/636/1655 854/640/1669
s 63
f 782/560/1597 781/559/1596 755/565/1590 739/566/1593
f 783/568/1631 782/560/1597 739/566/1593 759/572/1629
f 784/574/1605 783/568/1631 759/572/1629 734/576/1675
f 800/1163/1674 801/1166/1602 784/1167/1605 734/1164/1675
f 758/550/1689 786/547/1626 785/553/1672 732/555/1690
f 738/542/1691 787/537/1586 786/547/1626 758/550/1689
f 756/541/1692 788/538/1587 787/537/1586 738/542/1691
s 72
f 860/622/1693 833/617/1648 855/625/1670 861/627/1694
f 862/621/1695 834/618/1649 833/617/1648 860/622/1693
s 68
f 744/601/1696 790/598/1623 789/597/1622 750/602/1697
f 748/609/1698 791/603/1640 790/598/1623 744/601/1696
f 792/612/1647 791/603/1640 748/609/1698 731/615/1699
f 777/1717/1609 812/1716/1608 793/1722/1644 733/1723/1645
f 731/1725/1699 748/1728/1698 794/1726/1639 793/1722/1644
f 795/1729/1619 794/1726/1639 748/1728/1698 744/1731/1696
f 796/1732/1620 795/1729/1619 744/1731/1696 750/1734/1697
s 72
f 839/1209/1654 837/1213/1653 862/1218/1695 860/1214/1693
f 853/1210/1668 839/1209/1654 860/1214/1693 861/1215/1694
s 63
f 798/1153/1592 797/1152/1591 756/1157/1692 738/1158/1691
f 799/1159/1628 798/1153/1592 738/1158/1691 758/1162/1689
f 800/1163/1674 799/1159/1628 758/1162/1689 732/1165/1690
f 785/1168/1672 801/1166/1602 800/1163/1674 732/1165/1690
f 768/1709/1673 802/1706/1603 801/1705/1602 785/1710/1672
f 730/1713/1688 803/1711/1676 802/1706/1603 768/1709/1673
f 757/1180/1687 804/1177/1632 803/1181/1676 730/1183/1688
f 737/1174/1686 805/1169/1598 804/1177/1632 757/1180/1687
f 753/1173/1685 806/1170/1599 805/1169/1598 737/1174/1686
s 72
f 858/1204/1683 845/1199/1660 849/1205/1664 859/1207/1684
f 857/1203/1682 846/1200/1661 845/1199/1660 858/1204/1683
s 68
f 741/1188/1680 808/1185/1611 807/1184/1610 749/1189/1681
f 745/1194/1679 809/1190/1634 808/1185/1611 741/1188/1680
f 810/1197/1643 809/1190/1634 745/1194/1679 729/1198/1678
f 811/1715/1607 810/1719/1643 729/1724/1678 761/1720/1646
f 812/1716/1608 811/1715/1607 761/1720/1646 792/1721/1647
f 793/1722/1644 812/1716/1608 792/1721/1647 731/1725/1699
f 789/597/1622 764/600/1625 814/607/1700 813/608/1701
f 751/1219/1621 796/1220/1620 815/1217/1702 816/1216/1703
f 773/577/1614 780/580/1617 818/587/1704 817/588/1705
f 807/1184/1610 752/1187/1613 820/1192/1706 819/1193/1707
s 63
f 754/1171/1600 806/1170/1599 821/1175/1708 822/1176/1709
f 781/559/1596 772/558/1595 823/563/1710 824/564/1711
f 797/1152/1591 755/1151/1590 826/1155/1712 825/1156/1713
f 765/539/1588 788/538/1587 827/543/1714 828/544/1715
s 68
f 764/600/1625 749/606/1681 829/614/1716 814/607/1700
s 63
f 753/545/1685 765/539/1588 828/544/1715 830/551/1717
f 772/558/1595 754/561/1600 822/569/1718 823/563/1710
s 68
f 752/582/1613 773/577/1614 817/588/1705 820/590/1719
f 780/580/1617 751/586/1621 816/594/1720 818/587/1704
s 63
f 755/565/1590 781/559/1596 824/564/1711 826/571/1721
f 788/538/1587 756/541/1692 831/549/1722 827/543/1714
s 68
f 750/602/1697 789/597/1622 813/608/1701 832/610/1723
f 796/1220/1620 750/1222/1697 832/1221/1724 815/1217/1725
s 63
f 756/1157/1692 797/1152/1591 825/1156/1726 831/1161/1727
f 806/1170/1599 753/1173/1685 830/1179/1728 821/1175/1729
s 68
f 749/1189/1681 807/1184/1610 819/1193/1730 829/1195/1731
s 76
f 813/1735/1732 814/1736/1733 835/1737/1734 834/1738/1735
f 816/1216/1736 815/1217/1737 837/1213/1738 838/1212/1739
f 817/1747/1740 818/1749/1741 843/1750/1742 842/1748/1743
f 819/1743/1744 820/1745/1745 847/1746/1746 846/1744/1747
s 78
f 822/1753/1748 821/1754/1749 849/1755/1750 850/1756/1751
f 824/1763/1752 823/1759/1753 851/1760/1754 852/1764/1755
f 825/1771/1756 826/1767/1757 854/1768/1758 853/1772/1759
f 828/1761/1760 827/1765/1761 855/1766/1762 856/1762/1763
s 76
f 814/1736/1733 829/1739/1764 857/1740/1765 835/1737/1734
s 78
f 830/1757/1766 828/1761/1760 856/1762/1763 859/1758/1767
f 823/1759/1753 822/1753/1748 850/1756/1751 851/1760/1754
s 76
f 820/1745/1745 817/1747/1740 842/1748/1743 847/1746/1746
f 818/1749/1741 816/1751/1736 838/1752/1739 843/1750/1742
s 78
f 826/1767/1757 824/1763/1752 852/1764/1755 854/1768/1758
f 827/1765/1761 831/1769/1768 861/1770/1769 855/1766/1762
s 76
f 832/1741/1770 813/1735/1732 834/1738/1735 862/1742/1771
f 815/1217/1737 832/1221/1770 862/1218/1771 837/1213/1738
s 78
f 831/1769/1768 825/1771/1756 853/1772/1759 861/1770/1769
f 821/1754/1749 830/1757/1766 859/1758/1767 849/1755/1750
s 76
f 829/1739/1764 819/1743/1744 846/1744/1747 857/1740/1765
s 80
f 921/1773/1772 922/1774/1773 899/1775/1774 900/1776/1775
f 889/1233/1776 931/1234/1777 932/1228/1778 873/1227/1779
f 905/1798/1780 906/1799/1781 915/1800/1782 916/1801/1783
f 939/2007/1784 940/2008/1785 888/2009/1786 874/2010/1787
f 935/1231/1788 936/1237/1789 903/1238/1790 918/1232/1791
s 85
f 910/660/1792 945/655/1793 946/649/1794 911/654/1795
f 941/2017/1796 942/2018/1797 876/2019/1798 886/2020/1799
f 907/1818/1800 908/1819/1801 913/1820/1802 914/1821/1803
f 877/651/1804 929/645/1805 930/652/1806 885/657/1807
f 923/1838/1808 924/1839/1809 897/1840/1810 898/1841/1811
s 80
f 920/1783/1812 921/1773/1772 900/1776/1775 901/1784/1813
f 873/1227/1779 932/1228/1778 933/1224/1814 893/1223/1815
f 904/1808/1816 905/1798/1780 916/1801/1783 917/1809/1817
f 938/2013/1818 939/2007/1784 874/2010/1787 894/2014/1819
s 85
f 942/2018/1797 943/2021/1820 880/2022/1821 876/2019/1798
f 908/1819/1801 909/1824/1822 912/1825/1823 913/1820/1802
f 881/647/1824 928/643/1825 929/645/1805 877/651/1804
f 924/1839/1809 925/1844/1826 896/1845/1827 897/1840/1810
f 869/2025/1828 880/2022/1821 943/2021/1820 944/2026/1829
f 911/1832/1795 912/1825/1823 909/1824/1822 910/1833/1792
f 927/644/1830 928/643/1825 881/647/1824 867/648/1831
f 895/1852/1832 896/1845/1827 925/1844/1826 926/1853/1833
s 89
f 967/1863/1834 968/1864/1835 969/1865/1836 970/1866/1837
f 972/669/1838 971/666/1839 973/665/1840 974/670/1841
f 975/1878/1842 976/1879/1843 977/1880/1844 978/1881/1845
f 979/2027/1846 980/2028/1847 981/2029/1848 982/2030/1849
f 983/2031/1850 979/2027/1846 982/2030/1849 984/2032/1851
f 985/1886/1852 975/1878/1842 978/1881/1845 986/1887/1853
f 974/1250/1841 973/1247/1840 987/1246/1854 988/1251/1855
f 989/1871/1856 967/1863/1834 970/1866/1837 990/1872/1857
s 80
f 919/1791/1858 920/1783/1812 901/1784/1813 902/1792/1859
f 893/1223/1815 933/1224/1814 934/1225/1860 868/1226/1861
f 903/1814/1790 904/1808/1816 917/1809/1817 918/1815/1791
f 937/2015/1862 938/2013/1818 894/2014/1819 870/2016/1863
s 85
f 863/1859/1864 879/1854/1865 896/1845/1827 895/1852/1832
f 897/1840/1810 896/1845/1827 879/1854/1865 875/1846/1866
f 898/1841/1811 897/1840/1810 875/1846/1866 883/1847/1867
s 89
f 970/1866/1837 969/1865/1836 991/1869/1868 992/1870/1869
f 990/1872/1857 970/1866/1837 992/1870/1869 993/1876/1870
s 80
f 900/1776/1775 899/1775/1774 887/1781/1871 871/1782/1872
f 901/1784/1813 900/1776/1775 871/1782/1872 891/1790/1873
f 902/1792/1859 901/1784/1813 891/1790/1873 864/1796/1874
f 936/1237/1789 937/1243/1862 870/1244/1863 903/1238/1790
f 894/1811/1819 904/1808/1816 903/1814/1790 870/1816/1863
f 874/1803/1787 905/1798/1780 904/1808/1816 894/1811/1819
f 888/1802/1786 906/1799/1781 905/1798/1780 874/1803/1787
s 89
f 982/1883/1849 975/1878/1842 985/1886/1852 984/1888/1851
f 981/1882/1848 976/1879/1843 975/1878/1842 982/1883/1849
s 85
f 876/1822/1798 908/1819/1801 907/1818/1800 886/1823/1799
f 880/1830/1821 909/1824/1822 908/1819/1801 876/1822/1798
f 910/1833/1792 909/1824/1822 880/1830/1821 869/1836/1828
f 869/664/1828 944/661/1829 945/655/1793 910/660/1792
f 867/1837/1831 881/1834/1824 912/1825/1823 911/1832/1795
f 913/1820/1802 912/1825/1823 881/1834/1824 877/1826/1804
f 914/1821/1803 913/1820/1802 877/1826/1804 885/1827/1807
s 89
f 978/1881/1845 977/1880/1844 972/1884/1838 974/1885/1841
f 986/1887/1853 978/1881/1845 974/1885/1841 988/1889/1855
s 80
f 916/1801/1783 915/1800/1782 889/1806/1776 873/1807/1779
f 917/1809/1817 916/1801/1783 873/1807/1779 893/1813/1815
f 918/1815/1791 917/1809/1817 893/1813/1815 868/1817/1861
f 934/1225/1860 935/1231/1788 918/1232/1791 868/1226/1861
f 892/1786/1875 920/1783/1812 919/1791/1858 866/1793/1876
f 872/1778/1877 921/1773/1772 920/1783/1812 892/1786/1875
f 890/1777/1878 922/1774/1773 921/1773/1772 872/1778/1877
s 89
f 994/1868/1879 967/1863/1834 989/1871/1856 995/1873/1880
f 996/1867/1881 968/1864/1835 967/1863/1834 994/1868/1879
s 85
f 878/1842/1882 924/1839/1809 923/1838/1808 884/1843/1883
f 882/1850/1884 925/1844/1826 924/1839/1809 878/1842/1882
f 926/1853/1833 925/1844/1826 882/1850/1884 865/1858/1885
f 911/654/1795 946/649/1794 927/644/1830 867/648/1831
f 865/641/1885 882/642/1884 928/643/1825 927/644/1830
f 929/645/1805 928/643/1825 882/642/1884 878/646/1882
f 930/652/1806 929/645/1805 878/646/1882 884/653/1883
s 89
f 973/665/1840 971/666/1839 996/667/1881 994/668/1879
f 987/1246/1854 973/1247/1840 994/1248/1879 995/1249/1880
s 80
f 932/1228/1778 931/1234/1777 890/1241/1878 872/1235/1877
f 933/1224/1814 932/1228/1778 872/1235/1877 892/1229/1875
f 934/1225/1860 933/1224/1814 892/1229/1875 866/1230/1876
f 919/1236/1858 935/1231/1788 934/1225/1860 866/1230/1876
f 902/1242/1859 936/1237/1789 935/1231/1788 919/1236/1858
f 864/1245/1874 937/1243/1862 936/1237/1789 902/1242/1859
f 891/1790/1873 938/1795/1818 937/1797/1862 864/1796/1874
f 871/1782/1872 939/1789/1784 938/1795/1818 891/1790/1873
f 887/1781/1871 940/1788/1785 939/1789/1784 871/1782/1872
s 89
f 992/1870/1869 979/1875/1846 983/1877/1850 993/1876/1870
f 991/1869/1868 980/1874/1847 979/1875/1846 992/1870/1869
s 85
f 875/1846/1866 942/1855/1797 941/1856/1796 883/1847/1867
f 879/1854/1865 943/1860/1820 942/1855/1797 875/1846/1866
f 944/1862/1829 943/1860/1820 879/1854/1865 863/1859/1864
f 945/655/1793 944/661/1829 863/662/1864 895/656/1832
f 946/649/1794 945/655/1793 895/656/1832 926/650/1833
f 927/644/1830 946/649/1794 926/650/1833 865/641/1885
f 923/1838/1808 898/1841/1811 948/1848/1886 947/1849/1887
f 885/657/1807 930/652/1806 949/659/1888 950/663/1889
f 907/1818/1800 914/1821/1803 952/1828/1890 951/1829/1891
f 941/2017/1796 886/2020/1799 954/2023/1892 953/2024/1893
s 80
f 888/2009/1786 940/2008/1785 955/2011/1894 956/2012/1895
f 915/1800/1782 906/1799/1781 957/1804/1896 958/1805/1897
f 931/1234/1777 889/1233/1776 960/1239/1898 959/1240/1899
f 899/1775/1774 922/1774/1773 961/1779/1900 962/1780/1901
s 85
f 898/1841/1811 883/1847/1867 963/1857/1902 948/1848/1886
s 80
f 887/1781/1871 899/1775/1774 962/1780/1901 964/1787/1903
f 906/1799/1781 888/1802/1786 956/1810/1904 957/1804/1896
s 85
f 886/1823/1799 907/1818/1800 951/1829/1891 954/1831/1905
f 914/1821/1803 885/1827/1807 950/1835/1906 952/1828/1890
s 80
f 889/1806/1776 915/1800/1782 958/1805/1897 960/1812/1907
f 922/1774/1773 890/1777/1878 965/1785/1908 961/1779/1900
s 85
f 884/1843/1883 923/1838/1808 947/1849/1887 966/1851/1909
f 930/652/1806 884/653/1883 966/658/1910 949/659/1911
s 80
f 890/675/1878 931/676/1777 959/672/1912 965/671/1913
f 940/1788/1785 887/1781/1871 964/1787/1914 955/1794/1915
s 85
f 883/1847/1867 941/1856/1796 953/1861/1916 963/1857/1917
s 93
f 947/1260/1918 948/1264/1919 969/1265/1920 968/1261/1921
f 950/1252/1922 949/1253/1923 971/1254/1924 972/1255/1925
f 951/1262/1926 952/1258/1927 977/1259/1928 976/1263/1929
f 953/1270/1930 954/1266/1931 981/1267/1932 980/1271/1933
s 95
f 956/689/1934 955/691/1935 983/692/1936 984/690/1937
f 958/681/1938 957/685/1939 985/686/1940 986/682/1941
f 959/672/1942 960/677/1943 988/678/1944 987/673/1945
f 962/683/1946 961/679/1947 989/680/1948 990/684/1949
s 93
f 948/1264/1919 963/1268/1950 991/1269/1951 969/1265/1920
s 95
f 964/687/1952 962/683/1946 990/684/1949 993/688/1953
f 957/685/1939 956/689/1934 984/690/1937 985/686/1940
s 93
f 954/1266/1931 951/1262/1926 976/1263/1929 981/1267/1932
f 952/1258/1927 950/1252/1922 972/1255/1925 977/1259/1928
s 95
f 960/677/1943 958/681/1938 986/682/1941 988/678/1944
f 961/679/1947 965/671/1954 995/674/1955 989/680/1948
s 93
f 966/1256/1956 947/1260/1918 968/1261/1921 996/1257/1957
f 949/1253/1923 966/1256/1956 996/1257/1957 971/1254/1924
s 95
f 965/671/1954 959/672/1942 987/673/1945 995/674/1955
f 955/691/1935 964/687/1952 993/688/1953 983/692/1936
s 93
f 963/1268/1950 953/1270/1930 980/1271/1933 991/1269/1951
s 97
f 1055/1890/1958 1056/1891/1959 1033/1892/1960 1034/1893/1961
f 1023/703/1962 1065/704/1963 1066/698/1964 1007/697/1965
f 1039/1915/1966 1040/1916/1967 1049/1917/1968 1050/1918/1969
f 1073/2033/1970 1074/2034/1971 1022/2035/1972 1008/2036/1973
f 1069/701/1974 1070/707/1975 1037/708/1976 1052/702/1977
s 102
f 1044/1289/1978 1079/1290/1979 1080/1284/1980 1045/1283/1981
f 1075/2043/1982 1076/2044/1983 1010/2045/1984 1020/2046/1985
f 1041/1935/1986 1042/1936/1987 1047/1937/1988 1048/1938/1989
f 1011/1275/1990 1063/1274/1991 1064/1280/1992 1019/1281/1993
f 1057/1955/1994 1058/1956/1995 1031/1957/1996 1032/1958/1997
s 97
f 1054/1900/1998 1055/1890/1958 1034/1893/1961 1035/1901/1999
f 1007/697/1965 1066/698/1964 1067/694/2000 1027/693/2001
f 1038/1925/2002 1039/1915/1966 1050/1918/1969 1051/1926/2003
f 1072/2039/2004 1073/2033/1970 1008/2036/1973 1028/2040/2005
s 102
f 1076/2044/1983 1077/2047/2006 1014/2048/2007 1010/2045/1984
f 1042/1936/1987 1043/1941/2008 1046/1942/2009 1047/1937/1988
f 1015/1272/2010 1062/1273/2011 1063/1274/1991 1011/1275/1990
f 1058/1956/1995 1059/1961/2012 1030/1962/2013 1031/1957/1996
f 1003/2051/2014 1014/2048/2007 1077/2047/2006 1078/2052/2015
f 1045/1949/1981 1046/1942/2009 1043/1941/2008 1044/1950/1978
f 1061/1276/2016 1062/1273/2011 1015/1272/2010 1001/1277/2017
f 1029/1969/2018 1030/1962/2013 1059/1961/2012 1060/1970/2019
s 106
f 1101/1980/2020 1102/1981/2021 1103/1982/2022 1104/1983/2023
f 1106/1299/2024 1105/1296/2025 1107/1295/2026 1108/1300/2027
f 1109/1995/2028 1110/1996/2029 1111/1997/2030 1112/1998/2031
f 1113/2053/2032 1114/2054/2033 1115/2055/2034 1116/2056/2035
f 1117/2057/2036 1113/2053/2032 1116/2056/2035 1118/2058/2037
f 1119/2003/2038 1109/1995/2028 1112/1998/2031 1120/2004/2039
f 1108/721/2027 1107/718/2026 1121/717/2040 1122/722/2041
f 1123/1988/2042 1101/1980/2020 1104/1983/2023 1124/1989/2043
s 97
f 1053/1908/2044 1054/1900/1998 1035/1901/1999 1036/1909/2045
f 1027/693/2001 1067/694/2000 1068/695/2046 1002/696/2047
f 1037/1931/1976 1038/1925/2002 1051/1926/2003 1052/1932/1977
f 1071/2041/2048 1072/2039/2004 1028/2040/2005 1004/2042/2049
s 102
f 997/1976/2050 1013/1971/2051 1030/1962/2013 1029/1969/2018
f 1031/1957/1996 1030/1962/2013 1013/1971/2051 1009/1963/2052
f 1032/1958/1997 1031/1957/1996 1009/1963/2052 1017/1964/2053
s 106
f 1104/1983/2023 1103/1982/2022 1125/1986/2054 1126/1987/2055
f 1124/1989/2043 1104/1983/2023 1126/1987/2055 1127/1993/2056
s 97
f 1034/1893/1961 1033/1892/1960 1021/1898/2057 1005/1899/2058
f 1035/1901/1999 1034/1893/1961 1005/1899/2058 1025/1907/2059
f 1036/1909/2045 1035/1901/1999 1025/1907/2059 998/1913/2060
f 1070/707/1975 1071/713/2048 1004/714/2049 1037/708/1976
f 1028/1928/2005 1038/1925/2002 1037/1931/1976 1004/1933/2049
f 1008/1920/1973 1039/1915/1966 1038/1925/2002 1028/1928/2005
f 1022/1919/1972 1040/1916/1967 1039/1915/1966 1008/1920/1973
s 106
f 1116/2000/2035 1109/1995/2028 1119/2003/2038 1118/2005/2037
f 1115/1999/2034 1110/1996/2029 1109/1995/2028 1116/2000/2035
s 102
f 1010/1939/1984 1042/1936/1987 1041/1935/1986 1020/1940/1985
f 1014/1947/2007 1043/1941/2008 1042/1936/1987 1010/1939/1984
f 1044/1950/1978 1043/1941/2008 1014/1947/2007 1003/1953/2014
f 1003/1292/2014 1078/1293/2015 1079/1290/1979 1044/1289/1978
f 1001/1954/2017 1015/1951/2010 1046/1942/2009 1045/1949/1981
f 1047/1937/1988 1046/1942/2009 1015/1951/2010 1011/1943/1990
f 1048/1938/1989 1047/1937/1988 1011/1943/1990 1019/1944/1993
s 106
f 1112/1998/2031 1111/1997/2030 1106/2001/2024 1108/2002/2027
f 1120/2004/2039 1112/1998/2031 1108/2002/2027 1122/2006/2041
s 97
f 1050/1918/1969 1049/1917/1968 1023/1923/1962 1007/1924/1965
f 1051/1926/2003 1050/1918/1969 1007/1924/1965 1027/1930/2001
f 1052/1932/1977 1051/1926/2003 1027/1930/2001 1002/1934/2047
f 1068/695/2046 1069/701/1974 1052/702/1977 1002/696/2047
f 1026/1903/2061 1054/1900/1998 1053/1908/2044 1000/1910/2062
f 1006/1895/2063 1055/1890/1958 1054/1900/1998 1026/1903/2061
f 1024/1894/2064 1056/1891/1959 1055/1890/1958 1006/1895/2063
s 106
f 1128/1985/2065 1101/1980/2020 1123/1988/2042 1129/1990/2066
f 1130/1984/2067 1102/1981/2021 1101/1980/2020 1128/1985/2065
s 102
f 1012/1959/2068 1058/1956/1995 1057/1955/1994 1018/1960/2069
f 1016/1967/2070 1059/1961/2012 1058/1956/1995 1012/1959/2068
f 1060/1970/2019 1059/1961/2012 1016/1967/2070 999/1975/2071
f 1045/1283/1981 1080/1284/1980 1061/1276/2016 1001/1277/2017
f 999/1282/2071 1016/1278/2070 1062/1273/2011 1061/1276/2016
f 1063/1274/1991 1062/1273/2011 1016/1278/2070 1012/1279/2068
f 1064/1280/1992 1063/1274/1991 1012/1279/2068 1018/1285/2069
s 106
f 1107/1295/2026 1105/1296/2025 1130/1297/2067 1128/1298/2065
f 1121/717/2040 1107/718/2026 1128/719/2065 1129/720/2066
s 97
f 1066/698/1964 1065/704/1963 1024/711/2064 1006/705/2063
f 1067/694/2000 1066/698/1964 1006/705/2063 1026/699/2061
f 1068/695/2046 1067/694/2000 1026/699/2061 1000/700/2062
f 1053/706/2044 1069/701/1974 1068/695/2046 1000/700/2062
f 1036/712/2045 1070/707/1975 1069/701/1974 1053/706/2044
f 998/716/2060 1071/713/2048 1070/707/1975 1036/712/2045
f 1025/1907/2059 1072/1912/2004 1071/1914/2048 998/1913/2060
f 1005/1899/2058 1073/1906/1970 1072/1912/2004 1025/1907/2059
f 1021/1898/2057 1074/1905/1971 1073/1906/1970 1005/1899/2058
s 106
f 1126/1987/2055 1113/1992/2032 1117/1994/2036 1127/1993/2056
f 1125/1986/2054 1114/1991/2033 1113/1992/2032 1126/1987/2055
s 102
f 1009/1963/2052 1076/1972/1983 1075/1973/1982 1017/1964/2053
f 1013/1971/2051 1077/1977/2006 1076/1972/1983 1009/1963/2052
f 1078/1979/2015 1077/1977/2006 1013/1971/2051 997/1976/2050
f 1079/1290/1979 1078/1293/2015 997/1294/2050 1029/1291/2018
f 1080/1284/1980 1079/1290/1979 1029/1291/2018 1060/1288/2019
f 1061/1276/2016 1080/1284/1980 1060/1288/2019 999/1282/2071
f 1057/1955/1994 1032/1958/1997 1082/1965/2072 1081/1966/2073
f 1019/1281/1993 1064/1280/1992 1083/1286/2074 1084/1287/2075
f 1041/1935/1986 1048/1938/1989 1086/1945/2076 1085/1946/2077
f 1075/2043/1982 1020/2046/1985 1088/2049/2078 1087/2050/2079
s 97
f 1022/2035/1972 1074/2034/1971 1089/2037/2080 1090/2038/2081
f 1049/1917/1968 1040/1916/1967 1091/1921/2082 1092/1922/2083
f 1065/704/1963 1023/703/1962 1094/709/2084 1093/710/2085
f 1033/1892/1960 1056/1891/1959 1095/1896/2086 1096/1897/2087
s 102
f 1032/1958/1997 1017/1964/2053 1097/1974/2088 1082/1965/2072
s 97
f 1021/1898/2057 1033/1892/1960 1096/1897/2087 1098/1904/2089
f 1040/1916/1967 1022/1919/1972 1090/1927/2090 1091/1921/2082
s 102
f 1020/1940/1985 1041/1935/1986 1085/1946/2077 1088/1948/2091
f 1048/1938/1989 1019/1944/1993 1084/1952/2092 1086/1945/2076
s 97
f 1023/1923/1962 1049/1917/1968 1092/1922/2083 1094/1929/2093
f 1056/1891/1959 1024/1894/2064 1099/1902/2094 1095/1896/2086
s 102
f 1018/1960/2069 1057/1955/1994 1081/1966/2073 1100/1968/2095
f 1064/727/1992 1018/728/2069 1100/724/2096 1083/723/2097
s 97
f 1024/711/2064 1065/704/1963 1093/710/2098 1099/715/2099
f 1074/1905/1971 1021/1898/2057 1098/1904/2100 1089/1911/2101
s 102
f 1017/1964/2053 1075/1973/1982 1087/1978/2102 1097/1974/2103
s 110
f 1081/729/2104 1082/733/2105 1103/734/2106 1102/730/2107
f 1084/731/2108 1083/723/2109 1105/726/2110 1106/732/2111
f 1085/739/2112 1086/735/2113 1111/736/2114 1110/740/2115
f 1087/741/2116 1088/743/2117 1115/744/2118 1114/742/2119
s 112
f 1090/1313/2120 1089/1317/2121 1117/1318/2122 1118/1314/2123
f 1092/1305/2124 1091/1309/2125 1119/1310/2126 1120/1306/2127
f 1093/1301/2128 1094/1302/2129 1122/1303/2130 1121/1304/2131
f 1096/1315/2132 1095/1311/2133 1123/1312/2134 1124/1316/2135
s 110
f 1082/733/2105 1097/737/2136 1125/738/2137 1103/734/2106
s 112
f 1098/1319/2138 1096/1315/2132 1124/1316/2135 1127/1320/2139
f 1091/1309/2125 1090/1313/2120 1118/1314/2123 1119/1310/2126
s 110
f 1088/743/2117 1085/739/2112 1110/740/2115 1115/744/2118
f 1086/735/2113 1084/731/2108 1106/732/2111 1111/736/2114
s 112
f 1094/1302/2129 1092/1305/2124 1120/1306/2127 1122/1303/2130
f 1095/1311/2133 1099/1307/2140 1129/1308/2141 1123/1312/2134
s 110
f 1100/724/2142 1081/729/2104 1102/730/2107 1130/725/2143
f 1083/723/2109 1100/724/2142 1130/725/2143 1105/726/2110
s 112
f 1099/1307/2140 1093/1301/2128 1121/1304/2131 1129/1308/2141
f 1089/1317/2121 1098/1319/2138 1127/1320/2139 1117/1318/2122
s 110
f 1097/737/2136 1087/741/2116 1114/742/2119 1125/738/2137
