# This file uses centimeters as units for non-parametric coordinates.

mtllib M_ShipFront.mtl
g default
v -1.269574 4.259996 24.159698
v -1.320389 4.102823 24.925003
v -1.490726 5.794952 24.371155
v -1.514605 5.843754 26.384094
v 8.795088 5.794952 -15.838924
v 9.607214 5.794952 -15.838924
v 8.795088 4.259996 -16.472042
v 9.795088 4.259996 -16.472042
v 8.461096 5.794952 4.865372
v 9.839815 5.794952 4.865372
v 9.461096 4.259996 4.232254
v 8.461096 4.259996 4.232254
v 5.830141 5.794952 18.483215
v 6.837596 5.888073 18.490311
v 6.470087 4.288040 17.871613
v 5.830142 4.259996 17.850098
v 2.604345 5.794952 22.716736
v 3.488757 6.003492 23.834824
v 3.770700 4.232376 22.427261
v 2.604346 4.259996 22.083618
v 8.752560 4.259996 9.360687
v 9.202892 5.794952 9.993805
v 7.752559 5.794952 9.993805
v 7.752559 4.259996 9.360687
v 6.971040 5.794952 14.093506
v 8.229534 5.794952 14.093506
v 7.721952 4.259996 13.460388
v 6.971041 4.259996 13.460388
v 5.546293 4.305031 20.213745
v 5.509349 5.909426 21.363098
v 4.409179 5.794952 20.823563
v 4.409180 4.259996 20.190445
v 0.642324 5.794952 24.020416
v 1.051455 5.971638 25.631577
v 1.245671 4.230705 24.172470
v 0.642325 4.259996 23.387299
v 8.700336 4.259996 -10.598335
v 9.700336 4.259996 -10.598335
v 9.673201 5.794952 -9.965221
v 8.700336 5.794952 -9.965221
v -2.411006 4.259996 24.159698
v -2.360192 4.102823 24.925003
v -2.189855 5.794952 24.371155
v -2.165976 5.843754 26.384094
v -12.475666 5.794952 -15.838924
v -13.287792 5.794952 -15.838924
v -12.475666 4.259996 -16.472042
v -13.475666 4.259996 -16.472042
v -12.141676 5.794952 4.865372
v -13.520393 5.794952 4.865372
v -13.141676 4.259996 4.232254
v -12.141676 4.259996 4.232254
v -9.510721 5.794952 18.483215
v -10.518175 5.888073 18.490311
v -10.150667 4.288040 17.871613
v -9.510722 4.259996 17.850098
v -6.284925 5.794952 22.716736
v -7.169338 6.003492 23.834824
v -7.451281 4.232376 22.427261
v -6.284926 4.259996 22.083618
v -12.433140 4.259996 9.360687
v -12.883472 5.794952 9.993805
v -11.433138 5.794952 9.993805
v -11.433138 4.259996 9.360687
v -10.651619 5.794952 14.093506
v -11.910114 5.794952 14.093506
v -11.402531 4.259996 13.460388
v -10.651621 4.259996 13.460388
v -9.226873 4.305031 20.213745
v -9.189929 5.909426 21.363098
v -8.089760 5.794952 20.823563
v -8.089761 4.259996 20.190445
v -4.322904 5.794952 24.020416
v -4.732035 5.971638 25.631577
v -4.926252 4.230705 24.172470
v -4.322905 4.259996 23.387299
v -12.380915 4.259996 -10.598335
v -13.380917 4.259996 -10.598335
v -13.353781 5.794952 -9.965221
v -12.380915 5.794952 -9.965221
vt 0.545165 0.404210
vt 0.542333 0.421275
vt 0.359116 0.388745
vt 0.361114 0.376704
vt 0.934712 0.146231
vt 0.947751 0.146231
vt 0.950767 0.170876
vt 0.934712 0.170876
vt 0.100977 0.390901
vt 0.097115 0.377418
vt 0.297990 0.323365
vt 0.301852 0.336847
vt 0.900420 0.099481
vt 0.891676 0.122032
vt 0.675687 0.126635
vt 0.684431 0.104084
vt 0.662443 0.404726
vt 0.659858 0.420303
vt 0.607116 0.423927
vt 0.610095 0.405977
vt 0.609743 0.105676
vt 0.600999 0.128227
vt 0.541292 0.129499
vt 0.550036 0.106948
vt 0.373732 0.326593
vt 0.369869 0.313111
vt 0.429123 0.311172
vt 0.432023 0.321296
vt 0.778144 0.368395
vt 0.790166 0.381638
vt 0.755422 0.401569
vt 0.751004 0.386844
vt 0.451696 0.109700
vt 0.435455 0.133422
vt 0.399487 0.135560
vt 0.419437 0.109329
vt 0.532655 0.329843
vt 0.528577 0.314422
vt 0.565278 0.329812
vt 0.565150 0.346864
vt 0.798310 0.346789
vt 0.817411 0.355163
vt 0.373310 0.135653
vt 0.394019 0.109846
vt 0.598560 0.357115
vt 0.590304 0.368282
vt 0.719119 0.399623
vt 0.717137 0.412107
vt 0.477287 0.132220
vt 0.485801 0.108725
vt 0.493432 0.311013
vt 0.495613 0.319724
vt 0.807034 0.321109
vt 0.831997 0.324948
vt 0.618982 0.354098
vt 0.639039 0.385788
vt 0.618616 0.388805
vt 0.608102 0.391075
vt 0.021420 0.412309
vt 0.017558 0.398826
vt 0.977219 0.120209
vt 0.985962 0.097658
vt 0.286552 0.375861
vt 0.288220 0.365810
vt 0.905816 0.250700
vt 0.905816 0.156396
vt 0.930461 0.146231
vt 0.930461 0.240536
vt 0.545165 0.404210
vt 0.361114 0.376704
vt 0.359116 0.388745
vt 0.542333 0.421275
vt 0.934712 0.146231
vt 0.934712 0.170876
vt 0.950767 0.170876
vt 0.947751 0.146231
vt 0.100977 0.390901
vt 0.301852 0.336847
vt 0.297990 0.323365
vt 0.097115 0.377418
vt 0.900420 0.099481
vt 0.684431 0.104084
vt 0.675687 0.126635
vt 0.891676 0.122032
vt 0.662443 0.404726
vt 0.610095 0.405977
vt 0.607116 0.423927
vt 0.659858 0.420303
vt 0.609743 0.105676
vt 0.550036 0.106948
vt 0.541292 0.129499
vt 0.600999 0.128227
vt 0.373732 0.326593
vt 0.432023 0.321296
vt 0.429123 0.311172
vt 0.369869 0.313111
vt 0.778144 0.368395
vt 0.751004 0.386844
vt 0.755422 0.401569
vt 0.790166 0.381638
vt 0.451696 0.109700
vt 0.419437 0.109329
vt 0.399487 0.135560
vt 0.435455 0.133422
vt 0.532655 0.329843
vt 0.565150 0.346864
vt 0.565278 0.329812
vt 0.528577 0.314422
vt 0.798310 0.346789
vt 0.817411 0.355163
vt 0.394019 0.109846
vt 0.373310 0.135653
vt 0.590304 0.368282
vt 0.598560 0.357115
vt 0.719119 0.399623
vt 0.717137 0.412107
vt 0.485801 0.108725
vt 0.477287 0.132220
vt 0.495613 0.319724
vt 0.493432 0.311013
vt 0.807034 0.321109
vt 0.831997 0.324948
vt 0.618982 0.354098
vt 0.618616 0.388805
vt 0.639039 0.385788
vt 0.608102 0.391075
vt 0.021420 0.412309
vt 0.017558 0.398826
vt 0.977219 0.120209
vt 0.985962 0.097658
vt 0.288220 0.365810
vt 0.286552 0.375861
vt 0.905816 0.250700
vt 0.930461 0.240536
vt 0.930461 0.146231
vt 0.905816 0.156396
vn 0.000000 1.000000 0.000000
vn 0.000000 1.000000 0.000000
vn 0.000000 1.000000 0.000000
vn 0.000000 1.000000 0.000000
vn 0.000000 0.381304 -0.924450
vn 0.000000 0.381304 -0.924450
vn 0.000000 0.381304 -0.924450
vn 0.000000 0.381304 -0.924450
vn 0.000000 -1.000000 0.000000
vn 0.000000 -1.000000 0.000000
vn 0.000000 -1.000000 0.000000
vn 0.000000 -1.000000 0.000000
vn 0.999107 -0.042190 0.002446
vn 0.996810 -0.079774 0.002441
vn 0.981244 -0.186775 0.047696
vn 0.988209 -0.151031 0.025162
vn -0.022238 0.999679 -0.012155
vn -0.015835 0.999837 -0.008656
vn 0.000000 1.000000 0.000000
vn 0.000000 1.000000 0.000000
vn 0.930422 -0.330335 0.158728
vn 0.921996 -0.343741 0.178228
vn 0.896553 -0.363742 0.252754
vn 0.898148 -0.366282 0.243245
vn 0.000000 -1.000000 0.000000
vn 0.000000 -1.000000 0.000000
vn 0.007588 -0.999966 0.003270
vn 0.010627 -0.999933 0.004580
vn -0.081092 0.991850 -0.098276
vn -0.080948 0.991829 -0.098608
vn -0.084101 0.993846 -0.072096
vn -0.083881 0.993554 -0.076251
vn 0.824059 -0.330613 0.460023
vn 0.770983 -0.355504 0.528396
vn 0.571224 -0.470259 0.672725
vn 0.645782 -0.426388 0.633371
vn 0.017322 -0.999850 -0.000945
vn 0.028637 -0.999527 0.011191
vn 0.001293 -0.999897 -0.014326
vn -0.007926 -0.999774 -0.019724
vn -0.060626 0.994888 -0.080765
vn -0.056417 0.995518 -0.075901
vn 0.354187 -0.570581 0.740938
vn 0.409615 -0.548387 0.729032
vn -0.014478 -0.998258 -0.057195
vn -0.013820 -0.997573 -0.068250
vn -0.063167 0.997363 -0.035745
vn -0.053351 0.998130 -0.029841
vn 0.886172 -0.331596 0.323642
vn 0.888863 -0.341097 0.305901
vn 0.026519 -0.999558 0.013477
vn 0.030540 -0.999398 0.016478
vn -0.040702 0.997502 -0.057737
vn -0.040702 0.997502 -0.057737
vn 0.251677 -0.605022 0.755385
vn 0.251677 -0.605022 0.755385
vn -0.010980 -0.993243 -0.115537
vn -0.010980 -0.993243 -0.115537
vn 0.000000 -1.000000 0.000000
vn 0.000000 -1.000000 0.000000
vn 0.997623 0.068864 0.002443
vn 0.997623 0.068864 0.002443
vn 0.000000 1.000000 0.000000
vn 0.000000 1.000000 0.000000
vn -0.999848 0.006652 -0.016129
vn -0.999848 0.006652 -0.016129
vn -0.999848 0.006652 -0.016129
vn -0.999848 0.006652 -0.016129
vn 0.000000 1.000000 0.000000
vn 0.000000 1.000000 0.000000
vn 0.000000 1.000000 0.000000
vn 0.000000 1.000000 0.000000
vn 0.000000 0.381304 -0.924450
vn 0.000000 0.381304 -0.924450
vn 0.000000 0.381304 -0.924450
vn 0.000000 0.381304 -0.924450
vn 0.000000 -1.000000 0.000000
vn 0.000000 -1.000000 0.000000
vn 0.000000 -1.000000 0.000000
vn 0.000000 -1.000000 0.000000
vn -0.999107 -0.042190 0.002446
vn -0.988209 -0.151030 0.025162
vn -0.981244 -0.186774 0.047696
vn -0.996810 -0.079774 0.002441
vn 0.022238 0.999679 -0.012155
vn 0.000000 1.000000 -0.000000
vn 0.000000 1.000000 -0.000000
vn 0.015835 0.999837 -0.008656
vn -0.930422 -0.330334 0.158728
vn -0.898148 -0.366282 0.243245
vn -0.896553 -0.363742 0.252754
vn -0.921996 -0.343741 0.178228
vn 0.000000 -1.000000 0.000000
vn -0.010627 -0.999933 0.004580
vn -0.007588 -0.999966 0.003270
vn 0.000000 -1.000000 0.000000
vn 0.081092 0.991850 -0.098276
vn 0.083881 0.993554 -0.076251
vn 0.084101 0.993846 -0.072096
vn 0.080948 0.991829 -0.098608
vn -0.824060 -0.330612 0.460023
vn -0.645782 -0.426388 0.633371
vn -0.571224 -0.470259 0.672725
vn -0.770983 -0.355504 0.528396
vn -0.017322 -0.999850 -0.000945
vn 0.007926 -0.999774 -0.019724
vn -0.001293 -0.999897 -0.014326
vn -0.028637 -0.999527 0.011191
vn 0.060626 0.994888 -0.080765
vn 0.056417 0.995518 -0.075901
vn -0.409615 -0.548387 0.729032
vn -0.354187 -0.570581 0.740938
vn 0.013820 -0.997573 -0.068250
vn 0.014478 -0.998258 -0.057195
vn 0.063167 0.997363 -0.035745
vn 0.053351 0.998130 -0.029841
vn -0.888863 -0.341096 0.305901
vn -0.886172 -0.331596 0.323642
vn -0.030540 -0.999398 0.016478
vn -0.026519 -0.999557 0.013477
vn 0.040702 0.997502 -0.057737
vn 0.040702 0.997502 -0.057737
vn -0.251677 -0.605022 0.755385
vn -0.251677 -0.605022 0.755385
vn 0.010980 -0.993243 -0.115537
vn 0.010980 -0.993243 -0.115537
vn 0.000000 -1.000000 0.000000
vn 0.000000 -1.000000 0.000000
vn -0.997623 0.068864 0.002442
vn -0.997623 0.068864 0.002442
vn 0.000000 1.000000 0.000000
vn 0.000000 1.000000 0.000000
vn 0.999848 0.006652 -0.016129
vn 0.999848 0.006652 -0.016129
vn 0.999848 0.006652 -0.016129
vn 0.999848 0.006652 -0.016129
s 1
g polySurface139 group7 group5
usemtl lambert2SG
f 9/1/1 10/2/2 39/3/3 40/4/4
s off
f 5/5/5 6/6/6 8/7/7 7/8/8
s 2
f 37/9/9 38/10/10 11/11/11 12/12/12
s 3
f 38/13/13 39/14/14 10/15/15 11/16/16
s 1
f 25/17/17 26/18/18 22/19/19 23/20/20
s 3
f 21/21/21 22/22/22 26/23/23 27/24/24
s 2
f 24/25/25 21/26/26 27/27/27 28/28/28
s 1
f 17/29/29 18/30/30 30/31/31 31/32/32
s 3
f 29/33/33 30/34/34 18/35/35 19/36/36
s 2
f 32/37/37 29/38/38 19/39/39 20/40/40
s 1
f 33/41/41 34/42/42 18/30/30 17/29/29
s 3
f 19/36/36 18/35/35 34/43/43 35/44/44
s 2
f 20/40/40 19/39/39 35/45/45 36/46/46
s 3
f 11/16/16 10/15/15 22/22/22 21/21/21
s 1
f 23/20/20 22/19/19 10/2/2 9/1/1
s 2
f 12/12/12 11/11/11 21/26/26 24/25/25
s 1
f 13/47/47 14/48/48 26/18/18 25/17/17
s 3
f 26/23/23 14/49/49 15/50/50 27/24/24
s 2
f 28/28/28 27/27/27 15/51/51 16/52/52
s 3
f 15/50/50 14/49/49 30/34/34 29/33/33
s 1
f 31/32/32 30/31/31 14/48/48 13/47/47
s 2
f 16/52/52 15/51/51 29/38/38 32/37/37
s 1
f 3/53/53 4/54/54 34/42/42 33/41/41
s 3
f 34/55/43 4/56/55 2/57/56 35/45/44
s 2
f 36/46/46 35/45/45 2/57/57 1/58/58
f 7/59/59 8/60/60 38/10/10 37/9/9
s 3
f 6/61/61 39/14/14 38/13/13 8/62/62
s 1
f 40/4/4 39/3/3 6/63/63 5/64/64
s off
f 7/65/65 37/66/66 40/67/67 5/68/68
s 8
f 49/69/69 80/70/70 79/71/71 50/72/72
s off
f 45/73/73 47/74/74 48/75/75 46/76/76
s 9
f 77/77/77 52/78/78 51/79/79 78/80/80
s 10
f 78/81/81 51/82/82 50/83/83 79/84/84
s 8
f 65/85/85 63/86/86 62/87/87 66/88/88
s 10
f 61/89/89 67/90/90 66/91/91 62/92/92
s 9
f 64/93/93 68/94/94 67/95/95 61/96/96
s 8
f 57/97/97 71/98/98 70/99/99 58/100/100
s 10
f 69/101/101 59/102/102 58/103/103 70/104/104
s 9
f 72/105/105 60/106/106 59/107/107 69/108/108
s 8
f 73/109/109 57/97/97 58/100/100 74/110/110
s 10
f 59/102/102 75/111/111 74/112/112 58/103/103
s 9
f 60/106/106 76/113/113 75/114/114 59/107/107
s 10
f 51/82/82 61/89/89 62/92/92 50/83/83
s 8
f 63/86/86 49/69/69 50/72/72 62/87/87
s 9
f 52/78/78 64/93/93 61/96/96 51/79/79
s 8
f 53/115/115 65/85/85 66/88/88 54/116/116
s 10
f 66/91/91 67/90/90 55/117/117 54/118/118
s 9
f 68/94/94 56/119/119 55/120/120 67/95/95
s 10
f 55/117/117 69/101/101 70/104/104 54/118/118
s 8
f 71/98/98 53/115/115 54/116/116 70/99/99
s 9
f 56/119/119 72/105/105 69/108/108 55/120/120
s 8
f 43/121/121 73/109/109 74/110/110 44/122/122
s 10
f 74/123/112 75/114/111 42/124/123 44/125/124
s 9
f 76/113/113 41/126/125 42/124/126 75/114/114
f 47/127/127 77/77/77 78/80/80 48/128/128
s 10
f 46/129/129 48/130/130 78/81/81 79/84/84
s 8
f 80/70/70 45/131/131 46/132/132 79/71/71
s off
f 47/133/133 45/134/134 80/135/135 77/136/136
g default
v -11.535070 6.945049 -7.144074
v 7.959420 6.945049 -7.144074
v -11.535070 7.945049 -7.144074
v 7.959420 7.945049 -7.144074
v -11.535070 7.945049 -8.144074
v 7.959420 7.945049 -8.144074
v -11.535070 6.945049 -8.144074
v 7.959420 6.945049 -8.144074
v -1.862528 7.164501 -7.144074
v -1.862528 7.164501 -8.144074
v -1.862528 8.164501 -8.144074
v -1.862528 8.164501 -7.144074
vt 0.370730 0.554841
vt 0.370730 0.524531
vt 0.620853 0.517879
vt 0.620853 0.548189
vt 0.374810 0.488503
vt 0.374852 0.518813
vt 0.124720 0.512507
vt 0.124678 0.482197
vt 0.374662 0.589421
vt 0.374662 0.558770
vt 0.628647 0.558770
vt 0.628647 0.589421
vt 0.124540 0.558770
vt 0.124540 0.589421
vt 0.621160 0.511820
vt 0.621118 0.481510
vt 0.124412 0.517879
vt 0.124412 0.548189
vn 0.000000 0.000000 1.000000
vn 0.000000 0.000000 1.000000
vn 0.000000 0.000000 1.000000
vn 0.000000 0.000000 1.000000
vn 0.000000 0.000000 -1.000000
vn 0.000000 0.000000 -1.000000
vn 0.000000 0.000000 -1.000000
vn 0.000000 0.000000 -1.000000
vn -0.000000 -1.000000 0.000000
vn -0.000000 -1.000000 0.000000
vn -0.022337 -0.999750 0.000000
vn -0.022337 -0.999750 0.000000
vn 0.022682 -0.999743 0.000000
vn 0.022682 -0.999743 0.000000
vn 0.000000 0.000000 -1.000000
vn 0.000000 0.000000 -1.000000
vn 0.000000 0.000000 1.000000
vn 0.000000 0.000000 1.000000
s 1
g group7 group5 polySurface98
usemtl lambert2SG
f 92/137/137 89/138/138 82/139/139 84/140/140
s 2
f 90/141/141 91/142/142 86/143/143 88/144/144
s 3
f 89/145/145 90/146/146 88/147/147 82/148/148
f 87/149/149 90/146/146 89/145/145 81/150/150
s 2
f 85/151/151 91/142/142 90/141/141 87/152/152
s 1
f 81/153/153 89/138/138 92/137/137 83/154/154
g default
v -11.535070 6.945049 -9.915993
v 7.959420 6.945049 -9.915993
v -11.535070 7.945049 -9.915993
v 7.959420 7.945049 -9.915993
v -11.535070 7.945049 -10.915993
v 7.959420 7.945049 -10.915993
v -11.535070 6.945049 -10.915993
v 7.959420 6.945049 -10.915993
v -1.862528 7.164501 -9.915993
v -1.862528 7.164501 -10.915993
v -1.862528 8.164501 -10.915993
v -1.862528 8.164501 -9.915993
vt 0.370730 0.554841
vt 0.370730 0.524531
vt 0.620853 0.517879
vt 0.620853 0.548189
vt 0.374810 0.488503
vt 0.374852 0.518813
vt 0.124720 0.512507
vt 0.124678 0.482197
vt 0.374662 0.589421
vt 0.374662 0.558770
vt 0.628647 0.558770
vt 0.628647 0.589421
vt 0.124540 0.558770
vt 0.124540 0.589421
vt 0.621160 0.511820
vt 0.621118 0.481510
vt 0.124412 0.517879
vt 0.124412 0.548189
vn 0.000000 0.000000 1.000000
vn 0.000000 0.000000 1.000000
vn 0.000000 0.000000 1.000000
vn 0.000000 0.000000 1.000000
vn 0.000000 0.000000 -1.000000
vn 0.000000 0.000000 -1.000000
vn 0.000000 0.000000 -1.000000
vn 0.000000 0.000000 -1.000000
vn -0.000000 -1.000000 0.000000
vn -0.000000 -1.000000 0.000000
vn -0.022337 -0.999750 0.000000
vn -0.022337 -0.999750 0.000000
vn 0.022682 -0.999743 0.000000
vn 0.022682 -0.999743 0.000000
vn 0.000000 0.000000 -1.000000
vn 0.000000 0.000000 -1.000000
vn 0.000000 0.000000 1.000000
vn 0.000000 0.000000 1.000000
s 1
g group7 group5 polySurface97
usemtl lambert2SG
f 104/155/155 101/156/156 94/157/157 96/158/158
s 2
f 102/159/159 103/160/160 98/161/161 100/162/162
s 3
f 101/163/163 102/164/164 100/165/165 94/166/166
f 99/167/167 102/164/164 101/163/163 93/168/168
s 2
f 97/169/169 103/160/160 102/159/159 99/170/170
s 1
f 93/171/171 101/156/156 104/155/155 95/172/172
g default
v -10.321012 8.556188 18.629997
v 6.745361 8.556188 18.629997
v -12.887774 8.556188 -10.906751
v 9.312123 8.556188 -10.456249
v -12.887774 -2.380321 -10.456249
v 9.307544 -2.380321 -10.458013
v -1.523381 -7.676272 -10.456249
v -1.584532 8.556188 27.748074
v -10.321012 2.359667 13.971938
v -1.584532 2.359667 23.090014
v 6.745361 2.359667 13.971938
v 9.312123 2.359667 -10.456249
v -12.887774 2.359667 -10.456249
v -10.681142 -0.521351 8.515349
v -1.584532 -0.521351 18.667166
v 7.105403 -0.521351 8.515349
v 9.312123 -0.521351 -10.456249
v -12.887774 -0.521351 -10.456249
v 3.722380 -0.521351 15.892874
v 3.722380 2.359667 20.312433
v 3.722380 8.556188 24.970491
v 5.379837 -5.435221 -10.439091
v -8.381842 -5.435221 -10.439091
v -6.857037 8.556188 25.216190
v -6.857037 2.359667 20.558130
v -6.857037 -0.521351 16.138578
v -5.427341 -6.659839 -10.446486
v -4.585736 -0.521351 17.752930
v -4.585736 2.359667 22.173895
v -4.585736 8.556188 26.831955
v 2.386816 -6.659839 -10.446527
v 1.421467 8.556188 26.699835
v 1.421467 2.359667 22.041777
v 1.421467 -0.521351 17.620802
v -11.021385 -3.767207 -10.447932
v -8.641343 8.556188 22.899485
v -8.641343 2.359667 18.241425
v -8.641343 -0.521351 13.820174
v 8.110175 -3.767207 -10.449616
v 5.576485 -0.521351 13.077863
v 5.576485 2.359667 17.499439
v 5.576485 8.556188 22.157499
v -12.887774 8.556188 6.173979
v 9.312123 8.556188 6.173979
v 9.289155 2.359667 1.512449
v 9.312123 -0.521351 -0.879745
v 9.312123 -2.380321 -6.087697
v 8.110173 -3.767207 -6.087681
v 5.379835 -5.435221 -6.087665
v 2.386816 -6.659839 -6.087657
v -1.523381 -7.676272 -6.087649
v -5.427341 -6.659839 -6.087657
v -8.381842 -5.435221 -6.087665
v -11.021385 -3.767207 -6.087673
v -12.887774 -2.380321 -6.087697
v -12.887002 -0.588193 -0.882096
v -12.887774 2.359667 1.515920
v -12.333868 -0.521351 2.388237
v -12.551909 2.359667 4.824487
v -12.541007 8.556188 9.533751
v 8.985188 8.556188 9.438848
v 8.987438 2.359667 4.770231
v 8.757053 -0.521351 2.391042
v -11.616572 -1.689736 2.753804
v -8.755575 -2.433124 8.628793
v -6.857037 -2.965272 11.017245
v -4.585736 -3.365366 12.681013
v -1.584532 -3.741873 13.637946
v 1.421467 -3.379136 12.549602
v 3.722380 -2.990879 10.772875
v 5.690719 -2.510513 7.890223
v 8.040118 -1.689736 2.753804
v -11.553428 -0.521351 5.666364
v -11.987571 2.359667 8.185822
v -11.958294 8.556188 12.979345
v 8.419722 8.556188 12.804052
v 8.428437 2.359667 8.105663
v 7.980896 -0.521351 5.652668
v -11.323543 2.359667 10.980704
v -11.303958 8.556188 15.729958
v 7.749941 8.556188 15.628826
v 7.734194 2.359667 11.044079
v -11.871147 8.111330 6.786706
v -11.909729 8.111330 -10.906766
v 8.295496 8.111330 6.786706
v 8.323321 8.111330 -10.473757
v -11.556139 8.111330 9.899922
v 7.998507 8.111330 9.811986
v -11.026796 8.111330 13.092669
v 7.484830 8.111330 12.930238
v -10.432391 8.111330 15.641433
v 6.876390 8.111330 15.547722
v -9.539470 8.111330 18.328663
v -8.013640 8.111330 22.284836
v -6.392754 8.111330 24.431530
v -4.329480 8.111330 25.928736
v -1.603151 8.111330 26.777620
v 1.127533 8.111330 25.806309
v 3.217707 8.111330 24.203865
v 4.902000 8.111330 21.597296
v 5.963820 8.111330 18.328663
v -12.887774 9.892562 6.173979
v -12.887774 9.892562 -10.906766
v -11.871147 9.892562 6.786706
v -11.871147 9.892562 -10.906766
v 9.312123 9.892562 6.173979
v 9.312123 9.892562 -10.456249
v 8.295496 9.892562 -10.495460
v 8.295496 9.892562 6.786706
v -12.541007 9.892562 9.533751
v -11.556139 9.892562 9.899922
v 8.985188 9.892562 9.438848
v 7.998507 9.892562 9.811986
v -11.958294 9.892562 12.979345
v -11.026796 9.892562 13.092669
v 8.419722 9.892562 12.804052
v 7.484830 9.892562 12.930238
v -11.303958 9.892562 15.729958
v -10.432391 9.892562 15.641433
v 7.749941 9.892562 15.628826
v 6.876390 9.892562 15.547722
v -10.321012 9.892562 18.629997
v -8.641343 9.892562 22.899485
v -8.013640 9.892562 22.284836
v -9.539470 9.892562 18.328663
v -6.857037 9.892562 25.216190
v -6.392754 9.892562 24.431530
v -4.585736 9.892562 26.831955
v -4.329480 9.892562 25.928736
v -1.584532 9.892562 27.748074
v -1.603151 9.892562 26.777620
v 1.421467 9.892562 26.699835
v 1.127533 9.892562 25.806309
v 3.722380 9.892562 24.970491
v 3.217707 9.892562 24.203865
v 5.576485 9.892562 22.157499
v 4.902000 9.892562 21.597296
v 6.745361 9.892562 18.629997
v 5.963820 9.892562 18.328663
v -12.887774 5.995624 -10.906751
v 9.312123 5.674994 -10.456249
v 9.302297 5.990196 4.523811
v 8.986121 5.995624 7.795448
v 8.423324 5.995624 11.148355
v 7.743435 5.995624 14.020092
v 6.745361 5.995624 16.990965
v 5.576485 5.995624 20.518467
v 3.722380 5.995624 23.331461
v 1.421467 5.995624 25.060804
v -1.584532 5.995624 26.109041
v -4.585736 5.995624 25.192923
v -6.857037 5.995624 23.577158
v -8.641343 5.995624 21.260452
v -10.321012 5.995624 16.990965
v -11.312050 5.995624 14.053241
v -11.970392 5.995624 11.284335
v -12.545511 5.995624 7.873558
v -12.887774 5.995624 4.534948
v 2.045116 -5.840337 -10.446685
v 4.793156 -4.757079 -10.440314
v -7.842116 -4.757079 -10.440314
v -5.786746 -5.675465 -10.446653
v 7.300011 -3.281593 -10.449338
v -10.265608 -3.281593 -10.447901
v -1.545025 -6.739445 -10.455026
v -11.979232 -0.410391 -10.455026
v -11.979232 -2.054785 -10.455026
v -11.979232 2.138081 -10.455026
v -11.979232 5.354357 -10.906751
v 8.403582 -0.410391 -10.455026
v 8.403582 2.138081 -10.455026
v 8.403582 -2.054785 -10.455026
v 8.403582 5.674987 -10.455026
v -11.979232 7.527034 -10.906751
v 8.403582 7.527034 -10.455026
v 1.521038 -5.187414 -4.578361
v 3.893337 -4.216775 -4.572467
v -7.014312 -4.216775 -4.572467
v -4.672543 -5.187414 -4.578330
v 6.057430 -2.894686 -4.580816
v -9.106441 -2.894686 -4.579489
v -1.578223 -5.993048 -4.586074
v -10.585760 -0.321986 -4.586074
v -10.585760 -1.795424 -4.586074
v -10.585760 1.961540 -4.586074
v -10.585760 4.843438 -4.586074
v 7.010109 -0.321986 -4.586074
v 7.010109 1.961540 -4.586074
v 7.010109 -1.795424 -4.586074
v 7.010109 4.843438 -4.586074
v -10.585760 7.527028 -4.586074
v 7.010109 7.527028 -4.586074
v 0.979168 4.122310 -3.125275
v 2.962972 4.122310 -3.120326
v 2.962972 1.712361 -3.120326
v 0.979168 1.712361 -3.125275
v -6.158405 1.712361 -3.120326
v -6.158405 4.122310 -3.120326
v -4.200131 4.122310 -3.125243
v -4.200131 1.712361 -3.125243
v 2.962972 -0.197207 -3.120326
v 0.979168 -0.197207 -3.125275
v -6.158405 -0.197207 -3.120326
v -4.200131 -0.197207 -3.125243
v 0.979166 -4.265858 -3.125275
v 2.962972 -3.454173 -3.120326
v -6.158405 -3.454173 -3.120326
v -4.200131 -4.265858 -3.125243
v 4.561550 4.122310 -3.127332
v 4.561550 1.712361 -3.127332
v 4.561550 -0.197207 -3.127332
v 4.772666 -2.348594 -3.127332
v -7.907920 -2.348594 -3.126204
v -7.696805 -0.197207 -3.126204
v -7.696805 1.712361 -3.126204
v -7.696805 4.122310 -3.126204
v -1.612548 1.712361 -3.131733
v -1.612548 -0.197207 -3.131733
v -1.612548 -4.939559 -3.131733
v -1.612548 4.122310 -3.131733
v -9.144983 -0.197207 -3.131733
v -9.144983 -1.429351 -3.131733
v -9.144983 1.712361 -3.131733
v -9.144983 4.122310 -3.131733
v 5.569331 -0.197207 -3.131733
v 5.569331 1.712361 -3.131733
v 5.569331 -1.429351 -3.131733
v 5.569331 4.122310 -3.131733
v -9.144983 7.527020 -3.131733
v -7.696805 7.527020 -3.126204
v -6.158405 7.527020 -3.120326
v -4.200131 7.527020 -3.125243
v -1.612548 7.527020 -3.131733
v 0.979166 7.527020 -3.125275
v 2.962972 7.527020 -3.120326
v 4.561550 7.527020 -3.127332
v 5.569331 7.527020 -3.131733
v -10.321012 3.949839 15.292301
v -8.641343 3.949839 19.561781
v -6.857037 3.949839 21.878487
v -4.585736 3.949839 23.494259
v -1.584532 3.949839 24.410378
v 1.421467 3.949839 23.362139
v 3.722380 3.949839 21.632788
v 5.576485 3.949839 18.819803
v 6.745361 3.949839 15.292301
v 7.738236 3.949839 12.345632
v 8.426201 3.949839 9.436370
v 8.986862 3.949839 6.093296
v 9.312123 3.949839 2.836276
v 9.312123 3.747275 -10.456249
v 8.403582 3.747271 -10.455026
v 7.010109 3.221926 -4.586074
v 5.569331 2.766343 -3.131733
v 4.561550 2.766343 -3.127332
v 2.962972 2.766343 -3.120326
v 0.979168 2.766343 -3.125275
v -1.612548 2.766343 -3.131733
v -4.200131 2.766343 -3.125243
v -6.158405 2.766343 -3.120326
v -7.696805 2.766343 -3.126204
v -9.144983 2.766343 -3.131733
v -10.585760 3.221926 -4.586074
v -11.979232 3.721595 -10.906751
v -12.887774 3.949839 -10.906751
v -12.887774 3.949839 2.836276
v -12.549111 3.949839 6.157989
v -11.980059 3.949839 9.540940
v -11.318518 3.949839 12.324471
v -11.048684 1.126992 9.925874
v -11.801817 1.126992 7.107844
v -12.458617 1.126992 3.782111
v -12.865453 1.060156 0.488217
v -12.887774 1.126992 -10.456249
v -11.979232 1.047690 -10.455026
v -10.585760 0.984509 -4.586074
v -9.144983 0.895331 -3.131733
v -7.696805 0.895331 -3.126204
v -6.158405 0.895331 -3.120326
v -4.200131 0.895331 -3.125243
v -1.612548 0.895331 -3.131733
v 0.979168 0.895331 -3.125275
v 2.962972 0.895331 -3.120326
v 4.561550 0.895331 -3.127332
v 5.569331 0.895331 -3.131733
v 7.010109 0.984509 -4.586074
v 8.403582 1.047690 -10.455026
v 9.312123 1.126992 -10.456249
v 9.306810 1.126992 0.487740
v 8.888865 1.126992 3.752267
v 8.236954 1.126992 7.056123
v 7.465159 1.126992 9.962136
v -0.276133 8.111330 26.305599
v -0.276133 9.892562 26.305599
v -0.123720 9.892562 27.238670
v -0.123720 8.556188 27.238670
v -0.123720 5.995624 25.599638
v -0.123720 3.949839 23.900974
v -0.123720 2.359667 22.580610
v -0.123720 -0.521351 18.158676
v -0.123720 -3.565596 13.109050
v 0.376837 -7.182321 -6.087657
v 0.376837 -7.182321 -10.451523
v 0.199658 -6.302510 -10.450974
v -0.072092 -5.601539 -4.582325
v -0.353065 -4.612164 -3.128595
v -0.353065 -0.197207 -3.128595
v -0.353065 0.895331 -3.128595
v -0.353065 1.712361 -3.128595
v -0.353065 2.766343 -3.128595
v -0.353065 4.122310 -3.128595
v -0.353065 7.527020 -3.128595
v -3.422467 8.111330 26.211149
v -3.422467 9.892562 26.211149
v -3.587277 9.892562 27.136736
v -3.587277 8.556188 27.136736
v -3.587277 5.995624 25.497705
v -3.587277 3.949839 23.799040
v -3.587277 2.359667 22.478678
v -3.587277 -0.521351 18.057085
v -3.587277 -3.490624 12.999372
v -4.128549 -6.997991 -6.087657
v -4.128549 -6.997991 -10.449736
v -3.936958 -6.139446 -10.449442
v -3.643106 -5.455437 -4.580904
v -3.339279 -4.489977 -3.127404
v -3.339279 -0.197207 -3.127404
v -3.339279 0.895331 -3.127404
v -3.339279 1.712361 -3.127404
v -3.339279 2.766343 -3.127404
v -3.339279 4.122310 -3.127404
v -3.339279 7.527020 -3.127404
v -12.887774 7.202599 -10.906751
v -12.887774 7.202599 5.307533
v -12.543387 7.202599 8.656127
v -11.964690 7.202599 12.083317
v -11.308237 7.202599 14.843596
v -10.321012 7.202599 17.763557
v -8.641343 7.202599 22.033037
v -6.857037 7.202599 24.349743
v -4.585736 7.202599 25.965515
v -3.587277 7.202599 26.270298
v -1.584532 7.202599 26.881634
v -0.123720 7.202599 26.372231
v 1.421467 7.202599 25.833397
v 3.722380 7.202599 24.104046
v 5.576485 7.202599 21.291059
v 6.745361 7.202599 17.763557
v 7.746502 7.202599 14.778402
v 8.421626 7.202599 11.928797
v 8.985683 7.202599 8.570098
v 9.312123 7.202599 5.307533
v 9.312123 7.121007 -10.456249
v -11.979234 7.039412 -10.906751
v -10.585760 6.896898 -4.586074
v -9.144983 6.695755 -3.131733
v -7.696805 6.695753 -3.126204
v -6.158405 6.695753 -3.120326
v -4.200131 6.695755 -3.125243
v -3.339279 6.695753 -3.127404
v -1.612548 6.695753 -3.131733
v -0.353065 6.695753 -3.128595
v 0.979168 6.695753 -3.125275
v 2.962972 6.695755 -3.120326
v 4.561550 6.695755 -3.127332
v 5.569333 6.695755 -3.131733
v 7.010109 6.896898 -4.586074
v 8.403582 7.121005 -10.455026
v 9.312123 8.556188 -12.424331
v 8.323321 8.556188 -12.441839
v 8.295496 9.892562 -12.463541
v 9.312123 9.892562 -12.424331
v 8.403582 7.691215 -12.423116
v 9.312123 7.121007 -12.424331
v 8.403582 7.121005 -12.423116
v 8.403582 7.691215 -13.913792
v 8.323321 8.556188 -13.932522
v 9.312123 8.556188 -13.915007
v 9.312123 7.121007 -13.915007
v 8.403582 7.121005 -13.913792
v 9.312123 5.674994 -12.740799
v 9.312123 3.747275 -12.740799
v 8.403582 3.747271 -12.739575
v 8.403582 5.674987 -12.739575
v 8.403582 7.121005 -12.739575
v 9.312123 7.121007 -12.740799
v 9.312123 2.292825 -12.740799
v 8.403582 2.191931 -12.739575
v 9.312123 5.674994 -14.184432
v 9.312123 3.747275 -14.184432
v 8.403582 3.747271 -14.183208
v 8.403582 5.674987 -14.183208
v 9.312123 2.269830 -13.942595
v 8.403582 2.269826 -13.941372
v 9.312123 5.415021 -19.701082
v 9.312123 4.039182 -19.023502
v 8.403582 4.039180 -19.022280
v 8.403582 5.415018 -19.699858
v 8.403582 1.047690 -19.273458
v 9.312123 1.126992 -19.274683
v 9.312123 -0.521351 -20.731129
v 8.403582 -0.410391 -20.729904
v 9.312123 -2.380321 -20.731129
v 8.403582 -2.054785 -20.729904
v 9.312123 2.248875 -18.935320
v 8.403582 2.248873 -18.934090
v 8.403582 0.901051 -20.348339
v 9.312123 0.980356 -20.349564
v 9.312123 -0.474365 -21.504467
v 8.403582 -0.363405 -21.503244
v 9.312123 -2.380321 -21.806009
v 8.403582 -2.054785 -21.804785
v 8.403582 0.683446 -25.853039
v 9.312123 0.723970 -25.854269
v 9.312123 -0.118328 -25.854269
v 8.403582 -0.061628 -25.853039
v 4.109952 8.111330 22.823051
v 4.109952 9.892562 22.823051
v 4.704582 9.892562 23.480326
v 4.704582 8.556188 23.480326
v 4.704582 7.202599 22.613878
v 4.704582 5.995624 21.841293
v 4.704582 3.949839 20.142630
v 4.704582 2.359667 18.822266
v 4.704582 -0.521351 14.401642
v 4.765095 -2.736407 9.245809
v 6.826217 -4.551602 -6.087673
v 6.826217 -4.551602 -10.444659
v 6.121146 -3.975449 -10.445088
v 5.039752 -3.516406 -4.576892
v 3.921648 -2.868499 -3.124036
v 3.809809 -0.197207 -3.124036
v 3.809809 0.895331 -3.124036
v 3.809809 1.712361 -3.124036
v 3.809809 2.766343 -3.124036
v 3.809809 4.122310 -3.124036
v 3.809809 6.695755 -3.124036
v 3.809809 7.527020 -3.124036
v 2.318606 8.111330 24.893169
v 2.318606 9.892562 24.893169
v 2.732629 9.892562 25.714384
v 2.732629 8.556188 25.714384
v 2.732629 7.202599 24.847937
v 2.732629 5.995624 24.075344
v 2.732629 3.949839 22.376680
v 2.732629 2.359667 21.056316
v 2.732629 -0.521351 16.636154
v 2.732629 -3.157890 11.537143
v 4.092370 -5.961998 -6.087665
v 4.092370 -5.961998 -10.442285
v 3.611070 -5.223049 -10.443055
v 2.872877 -4.634301 -4.575001
v 2.109626 -3.803321 -3.122455
v 2.109628 -0.197207 -3.122455
v 2.109628 0.895331 -3.122455
v 2.109628 1.712361 -3.122455
v 2.109628 2.766343 -3.122455
v 2.109628 4.122310 -3.122455
v 2.109626 6.695753 -3.122455
v 2.109626 7.527020 -3.122455
v -2.418298 7.527020 -3.129708
v -2.418298 6.695753 -3.129708
v -2.418298 4.122310 -3.129708
v -2.418298 2.766343 -3.129708
v -2.418298 1.712361 -3.129708
v -2.418298 0.895331 -3.129708
v -2.418298 -0.197207 -3.129708
v -2.418298 -4.729774 -3.129708
v -2.541767 -5.742181 -4.583660
v -2.661181 -6.459459 -10.452420
v -2.739038 -7.359764 -10.453207
v -2.739037 -7.359764 -6.087657
v -2.519079 -3.624626 13.339964
v -2.519079 -0.521351 18.382481
v -2.519079 2.359667 22.804749
v -2.519079 3.949839 24.125105
v -2.519079 5.995624 25.823776
v -2.519079 7.202599 26.596361
v -2.519079 8.556188 27.462801
v -2.519079 9.892562 27.462801
v -2.452103 9.892562 26.513287
v -2.452103 8.111330 26.513287
v -5.579560 8.111330 25.021618
v -5.579560 9.892562 25.021618
v -5.961852 9.892562 25.853008
v -5.961852 8.556188 25.853008
v -5.961852 7.202599 24.986570
v -5.961852 5.995624 24.213978
v -5.961852 3.949839 22.515312
v -5.961852 2.359667 21.194950
v -5.961852 -0.521351 16.774843
v -5.961852 -3.122961 11.672987
v -7.217391 -5.917870 -6.087665
v -7.217391 -5.917870 -10.441998
v -6.772975 -5.184012 -10.442817
v -6.091354 -4.599331 -4.574779
v -5.386595 -3.774082 -3.122264
v -5.386595 -0.197207 -3.122264
v -5.386595 0.895331 -3.122264
v -5.386595 1.712361 -3.122264
v -5.386595 2.766343 -3.122264
v -5.386595 4.122310 -3.122264
v -5.386595 6.695753 -3.122264
v -5.386595 7.527020 -3.122264
v -7.257829 8.111330 23.285831
v -7.257829 9.892562 23.285831
v -7.809330 9.892562 23.979752
v -7.809330 8.556188 23.979752
v -7.809330 7.202599 23.113312
v -7.809330 5.995624 22.340719
v -7.809330 3.949839 20.642056
v -7.809330 2.359667 19.321692
v -7.809330 -0.521351 14.901235
v -7.870296 -2.681262 9.742518
v -9.790581 -4.544995 -6.087673
v -9.790581 -4.544995 -10.443810
v -9.135546 -3.969605 -10.444358
v -8.130891 -3.511170 -4.576216
v -7.092131 -2.864120 -3.123464
v -6.979456 -0.197207 -3.123464
v -6.979456 0.895331 -3.123464
v -6.979456 1.712361 -3.123464
v -6.979456 2.766343 -3.123464
v -6.979456 4.122310 -3.123464
v -6.979456 6.695753 -3.123464
v -6.979456 7.527020 -3.123464
v -8.606826 8.111330 20.746824
v -8.606826 9.892562 20.746824
v -9.294336 9.892562 21.239664
v -9.294336 8.556188 21.239664
v -9.294336 7.202599 20.373226
v -9.294336 5.995624 19.600634
v -9.294336 3.949839 17.901968
v -9.294336 2.359667 16.581606
v -9.434341 -0.521351 11.757856
v -9.867826 -2.144123 6.344816
v -11.746967 -3.228037 -6.087688
v -11.746967 -3.228037 -10.451165
v -10.931803 -2.804655 -10.450673
v -9.681545 -2.467335 -4.582047
v -8.388844 -1.991226 -3.128357
v -8.259802 -0.197207 -3.128357
v -8.259802 0.895331 -3.128357
v -8.259802 1.712361 -3.128357
v -8.259802 2.766343 -3.128357
v -8.259802 4.122310 -3.128357
v -8.259802 6.695753 -3.128357
v -8.259802 7.527020 -3.128357
v -11.588629 -1.172705 4.042664
v -12.405036 -1.557693 -0.522725
v -12.887774 -1.557693 -3.783082
v -12.887774 -1.557693 -10.456249
v -11.979232 -1.327112 -10.455026
v -10.585760 -1.143401 -4.586074
v -9.144983 -0.884105 -3.131733
v -8.331741 -1.197342 -3.128357
v -7.814498 -1.396567 -3.126204
v -7.042270 -1.683964 -3.123464
v -6.158405 -2.012907 -3.120326
v -5.386595 -2.191250 -3.122264
v -4.200131 -2.465408 -3.125243
v -3.339279 -2.590354 -3.127404
v -2.418298 -2.724031 -3.129708
v -1.612548 -2.840981 -3.131733
v -0.353065 -2.658466 -3.128595
v 0.979168 -2.465408 -3.125275
v 2.109626 -2.207553 -3.122455
v 2.962972 -2.012907 -3.120326
v 3.872157 -1.686404 -3.124036
v 4.679242 -1.396567 -3.127332
v 5.569331 -0.884105 -3.131733
v 7.010109 -1.143401 -4.586074
v 8.403582 -1.327112 -10.455026
v 8.403582 -1.327112 -20.729904
v 8.403582 -1.327112 -21.804785
v 9.312123 -1.557693 -21.806009
v 9.312123 -1.557693 -20.731129
v 9.307544 -1.557693 -10.458013
v 9.312123 -1.557693 -3.783082
v 8.828663 -1.557693 -0.521478
v 8.013910 -1.172705 4.036602
v -12.887774 5.111683 -10.906751
v -11.979234 4.572445 -10.906751
v -10.585760 4.142817 -4.586074
v -9.144983 3.536425 -3.131733
v -8.259802 3.536425 -3.128357
v -7.696805 3.536425 -3.126204
v -6.979456 3.536425 -3.123464
v -6.158405 3.536425 -3.120326
v -5.386595 3.536425 -3.122264
v -4.200131 3.536425 -3.125243
v -3.339279 3.536425 -3.127404
v -2.418298 3.536425 -3.129708
v -1.612548 3.536425 -3.131733
v -0.353065 3.536425 -3.128595
v 0.979168 3.536425 -3.125275
v 2.109628 3.536425 -3.122455
v 2.962972 3.536425 -3.120326
v 3.809809 3.536425 -3.124036
v 4.561550 3.536425 -3.127332
v 5.569331 3.536425 -3.131733
v 7.010109 4.142817 -4.586074
v 8.403582 4.842062 -10.455026
v 8.403582 4.842062 -12.739575
v 8.403582 4.842062 -14.183208
v 8.403582 4.806747 -19.355358
v 9.312123 4.806750 -19.356581
v 9.312123 4.842068 -14.184432
v 9.312123 4.842068 -12.740799
v 9.312123 4.842068 -10.456249
v 9.295075 5.106252 3.789920
v 8.986441 5.111683 7.059984
v 8.424568 5.111683 10.408642
v 7.741188 5.111683 13.296592
v 6.745361 5.111683 16.257004
v 5.576485 5.111683 19.784506
v 4.704582 5.111683 21.107330
v 3.722380 5.111683 22.597498
v 2.732629 5.111683 23.341391
v 1.421467 5.111683 24.326849
v -0.123720 5.111683 24.865675
v -1.584532 5.111683 25.375078
v -2.519079 5.111683 25.089813
v -3.587277 5.111683 24.763750
v -4.585736 5.111683 24.458969
v -5.961852 5.111683 23.480022
v -6.857037 5.111683 22.843197
v -7.809330 5.111683 21.606758
v -8.641343 5.111683 20.526491
v -9.294336 5.111683 18.866678
v -10.321012 5.111683 16.257004
v -11.314846 5.111683 13.306274
v -11.974567 5.111683 10.531054
v -12.547067 5.111683 7.132295
v -12.887774 5.111683 3.800986
v 9.312123 5.213480 -21.574570
v 9.312123 4.779092 -21.574570
v 8.403582 4.779092 -21.573347
v 8.403582 5.213478 -21.573347
v 6.826217 -4.551602 -17.555935
v 8.110175 -3.767207 -17.560884
v 6.121146 -3.975449 -17.556364
v 7.300011 -3.281593 -17.560606
v 9.312123 -2.437443 -17.140125
v 8.403582 -1.997663 -18.869366
v 5.379837 -5.435221 -17.550360
v 4.793156 -4.757079 -17.551582
v 6.826217 -4.551602 -19.371841
v 8.110175 -3.767207 -19.376789
v 6.121146 -3.975449 -19.372271
v 7.300011 -3.281593 -19.376513
v 5.606479 -5.204270 -19.366264
v 5.019799 -4.526131 -19.367489
v 6.867545 -4.459452 -20.452061
v 7.958761 -3.792805 -20.456263
v 6.268320 -3.969789 -20.452425
v 7.270215 -3.380100 -20.456032
v 4.096278 -5.961239 -13.640060
v 5.383832 -5.434677 -13.636868
v 3.614978 -5.222287 -13.640831
v 4.797151 -4.756535 -13.638091
v 0.380657 -7.180751 -12.203211
v 2.390635 -6.658567 -12.198215
v 0.203477 -6.300940 -12.202663
v 2.048937 -5.839066 -12.198381
v 0.380657 -7.180751 -14.044783
v 2.390635 -6.658567 -15.427337
v 0.203477 -6.300940 -14.044227
v 2.048937 -5.839066 -15.427504
v 3.632222 -6.131584 -15.481631
v 3.150922 -5.392641 -15.482394
v 0.854679 -7.026029 -16.541443
v 2.141917 -6.624280 -16.537598
v 0.741209 -6.349136 -16.541021
v 1.923086 -5.993788 -16.537725
v -2.661181 -6.459459 -11.914681
v -2.739038 -7.359764 -11.915468
v -4.128549 -6.997991 -11.911989
v -3.936958 -6.139446 -11.911695
v 0.376837 -7.182321 -11.913784
v 0.199658 -6.302510 -11.913236
v -1.523381 -7.676272 -11.918510
v -1.545025 -6.739445 -11.917287
v -5.427341 -6.659839 -11.908740
v -5.111917 -5.757902 -12.062172
v -2.661181 -6.459459 -13.142247
v -2.739038 -7.359764 -13.143042
v -4.128549 -6.997991 -13.139563
v -3.936958 -6.139446 -13.139269
v -5.110966 -6.659839 -13.136313
v -4.813069 -5.840337 -13.136488
v -1.811192 -7.676272 -12.957732
v -1.832836 -6.739445 -12.956509
v -2.808059 -6.459459 -14.431813
v -2.870330 -7.359764 -14.432600
v -3.981669 -6.997991 -14.429120
v -3.828434 -6.139446 -14.428834
v 8.403582 -1.480312 -23.618935
v 9.312123 -1.643812 -23.620152
v 9.312123 -2.227120 -23.620152
v 8.403582 -1.996290 -23.618935
v -7.217391 -5.917870 -12.210766
v -5.427341 -6.659839 -12.215246
v -6.772975 -5.184012 -12.211584
v -9.790581 -4.544995 -12.212569
v -8.381842 -5.435221 -12.207850
v -9.135546 -3.969605 -12.213125
v -7.842116 -4.757079 -12.209082
v -11.021385 -3.767207 -12.216692
v -10.265608 -3.281593 -12.216668
v -9.790581 -4.544995 -16.124813
v -8.381842 -5.435221 -16.120096
v -9.135546 -3.969605 -16.125370
v -7.842116 -4.757079 -16.121326
v -7.467654 -5.791122 -16.123011
v -7.023239 -5.057265 -16.123829
v -9.591161 -4.700320 -17.960903
v -8.481228 -5.378482 -17.956184
v -8.936128 -4.124924 -17.961460
v -7.941501 -4.700341 -17.957417
v -11.746967 -3.228037 -13.715256
v -11.145293 -3.679593 -13.712022
v -10.931803 -2.804655 -13.714763
v -10.389516 -3.193978 -13.711990
v -12.887774 -1.557693 -13.720339
v -12.887774 -2.380321 -13.720339
v -11.979232 -1.327112 -13.719116
v -11.979232 -2.054785 -13.719116
v -11.934948 -3.166665 -20.225649
v -11.119781 -2.743284 -20.225157
v -12.887774 -2.380321 -20.230734
v -11.979232 -2.054785 -20.229509
v -12.885856 1.126992 -11.883448
v -12.885856 -0.521351 -11.883448
v -11.977313 1.047690 -11.882232
v -11.977313 -0.410391 -11.882232
v -12.885854 3.949839 -11.883448
v -12.885854 2.425926 -11.695675
v -11.977311 3.721595 -11.882232
v -11.977311 2.204342 -11.694451
v -12.885854 -1.557693 -11.883448
v -11.977311 -1.327112 -11.882232
v -12.885856 1.126992 -15.166777
v -12.885856 -0.521351 -15.166777
v -11.977313 1.047690 -15.165562
v -11.977313 -0.410391 -15.165562
v -12.885854 2.015718 -14.979473
v -11.977311 1.794131 -14.978242
v -12.885856 0.807478 -18.800318
v -12.885856 -0.391169 -18.800318
v -11.977313 0.749808 -18.799095
v -11.977313 -0.310480 -18.799095
v -11.979232 3.721595 -12.635124
v -12.887774 3.949839 -12.635124
v -12.887774 4.842068 -12.811632
v -11.979234 4.842062 -12.811632
v -12.887774 7.202599 -12.811632
v -11.979234 7.039412 -12.811632
v -11.979232 5.674987 -12.811632
v -12.887774 5.674994 -12.811632
v -12.887772 7.202599 -13.520509
v -11.979232 7.039412 -13.520509
v -11.979232 5.674987 -13.520509
v -12.887774 5.674994 -13.520509
v -12.887774 4.842068 -13.520509
v -11.979234 4.842062 -13.520509
v -12.841640 4.965907 -14.882242
v -12.025367 4.965901 -14.882242
v -12.841640 5.551152 -14.882242
v -12.025365 5.551146 -14.882242
v -12.887774 8.556188 -14.392905
v -11.909729 8.556188 -14.392921
v -12.887774 9.892562 -14.392921
v -11.871147 9.892562 -14.392921
v -11.979232 7.691215 -14.392905
v -11.979234 7.039412 -14.392905
v -12.887774 7.202599 -14.392905
v -12.887774 8.808843 -17.271132
v -11.909729 8.808843 -17.271147
v -12.887774 9.639907 -17.271147
v -11.871147 9.639907 -17.271147
v 9.768028 1.126992 -10.454541
v 9.768028 2.359667 -10.454541
v 10.071796 1.126992 -19.267748
v 10.060105 2.248875 -18.928577
v 9.639187 -1.557693 -20.729151
v 9.639187 -2.380321 -20.729151
v 9.674363 -1.557693 -21.803459
v 9.674363 -2.380321 -21.803459
v 9.733727 -2.227120 -23.616631
v 9.733727 -1.643812 -23.616631
v 9.029819 5.981210 7.783262
v 9.015665 5.097266 7.047933
v 8.530920 5.974235 11.155028
v 8.517605 5.090293 10.415442
v 7.903871 5.966360 14.049197
v 7.887385 5.082417 13.325880
v 6.947653 5.078126 16.310528
v 6.962101 5.962068 17.044348
v 5.863001 5.962231 20.593924
v 5.848556 5.078289 19.860113
v 9.312123 7.706250 -13.915007
v 9.312123 7.706250 -12.424331
v 9.312123 7.706250 -10.456249
v 9.312123 7.754573 5.660859
v 8.985480 7.754573 8.924361
v 8.420852 7.754573 12.285713
v 7.747905 7.754573 15.125191
v 6.745361 7.754573 18.116877
v 5.576485 7.754573 21.644379
v 4.704582 7.754573 22.967205
v 3.722380 7.754573 24.457371
v 2.732629 7.754573 25.201256
v 1.421467 7.754573 26.186722
v -0.123720 7.754573 26.725550
v -1.584532 7.754573 27.234953
v -2.519079 7.754573 26.949688
v -3.587277 7.754573 26.623615
v -4.585736 7.754573 26.318834
v -5.961852 7.754573 25.339888
v -6.857037 7.754573 24.703070
v -7.809330 7.754573 23.466639
v -8.641343 7.754573 22.386372
v -9.294336 7.754573 20.726551
v -10.321012 7.754573 18.116877
v -11.306493 7.754573 15.205040
v -11.962081 7.754573 12.448701
v -12.542418 7.754573 9.014006
v -12.887774 7.754573 5.660859
v -12.887774 7.754573 -10.906751
v -12.887774 7.754573 -14.392905
v 9.312123 7.659515 -14.626576
v 8.403582 7.646881 -14.625360
v 9.312123 7.167742 -14.626576
v 8.403582 7.167742 -14.625360
v -11.979232 7.639800 -15.161105
v -11.979234 7.101896 -15.161105
v -12.887774 7.236567 -15.161105
v -12.887774 7.692085 -15.161105
v -13.269003 -0.521351 -10.455137
v -13.269003 1.126992 -10.455137
v -13.311959 1.126992 -11.881692
v -13.311959 -0.521351 -11.881692
v -13.415195 1.126992 -15.163194
v -13.415195 -0.521351 -15.163194
v -13.529449 0.807478 -18.794941
v -13.529449 -0.391169 -18.794941
v 5.350413 8.111330 20.216934
v 5.350413 9.892562 20.216934
v 6.070110 9.892562 20.667816
v 6.070110 8.556188 20.667816
v 6.070110 7.754573 20.154696
v 6.070110 7.202599 19.801376
v 6.070110 5.995624 19.028778
v 6.327158 5.962166 19.094915
v 6.312713 5.078220 18.361105
v 6.070110 5.111683 18.294823
v 6.070110 3.949839 17.330120
v 6.070110 2.359667 16.009756
v 6.222156 -0.521351 11.151088
v 6.682885 -2.163894 5.721080
v 8.617765 -3.181517 -6.087688
v 8.615829 -3.181517 -10.453159
v 8.617765 -3.205641 -17.383202
v 7.766054 -2.739381 -18.113310
v 7.766054 -2.763505 -10.451737
v 6.459753 -2.430461 -4.583040
v 5.109104 -1.960391 -3.129191
v 5.055132 -1.180150 -3.129191
v 4.987141 -0.197207 -3.129191
v 4.987141 0.895331 -3.129191
v 4.987141 1.712361 -3.129191
v 4.987141 2.766343 -3.129191
v 4.987141 3.536425 -3.129191
v 4.987141 4.122310 -3.129191
v 4.987143 6.695755 -3.129191
v 4.987141 7.527020 -3.129191
v -12.361767 -2.148247 -1.798160
v -12.628164 -2.380322 -4.105626
v -10.181919 -3.195309 1.294514
v -10.551018 -3.457882 -1.317155
v -1.580473 -7.676270 5.463610
v -1.584532 -7.301666 6.984813
v -0.123720 -6.822759 6.506835
v -0.089468 -7.182321 4.966058
v 3.498769 -5.885035 2.711616
v 3.722380 -5.387350 4.396498
v 5.189233 -4.622968 2.497439
v 4.362155 -5.466314 1.524118
v -7.009401 -5.435221 2.778430
v -6.857037 -5.085330 4.790377
v -5.961852 -5.596816 5.233553
v -6.068289 -5.917870 3.508969
v -4.647714 -6.659839 4.530118
v -4.585736 -6.313335 6.142713
v -3.587277 -6.650178 6.403234
v -3.624279 -6.997991 4.872848
v 1.490809 -6.659839 4.428249
v 1.421467 -6.302520 6.037976
v 3.035009 -5.709011 4.934403
v 2.847800 -6.173684 3.382680
v -8.950693 -4.390111 0.640489
v -9.067571 -3.915517 2.432221
v -8.258235 -4.443592 3.074800
v -7.528971 -5.190940 1.950581
v 6.250330 -4.390970 -0.573843
v 5.799176 -4.191233 1.918783
v 7.410387 -3.202196 -0.257502
v 6.770440 -4.072244 -1.342026
v -2.533707 -7.359763 5.197211
v -2.519079 -6.995023 6.717803
v 9.037186 -2.380322 -3.990443
v 8.794800 -2.165318 -1.882410
v -13.196547 9.892562 6.173979
v -13.157409 9.892562 -10.906766
v -11.644546 9.892562 6.786706
v -11.605407 9.892562 -10.906766
v 9.618647 9.892562 6.173979
v 9.581925 9.892562 -10.456249
v 8.029921 9.892562 -10.495460
v 8.066643 9.892562 6.786706
v -12.820869 9.892562 9.533751
v -11.317350 9.892562 9.899922
v 9.265965 9.892562 9.438848
v 7.759672 9.892562 9.811986
v -12.203744 9.892562 12.979345
v -10.781699 9.892562 13.092669
v 8.670132 9.892562 12.804052
v 7.242906 9.892562 12.930238
v -11.566672 9.892562 15.729958
v -10.236118 9.892562 15.641433
v 8.013836 9.892562 15.628826
v 6.680257 9.892562 15.547722
v -8.374350 9.892562 20.746824
v -9.423918 9.892562 21.239664
v -8.825614 9.892562 23.126760
v -7.867351 9.892562 22.284836
v -10.525620 9.892562 18.629997
v -9.332505 9.892562 18.328663
v -7.124865 9.892562 23.285831
v -7.966798 9.892562 24.207027
v -6.969765 9.892562 25.443474
v -6.260983 9.892562 24.205120
v -5.537697 9.892562 24.795208
v -6.121314 9.892562 26.080294
v -4.604753 9.892562 27.059231
v -4.213546 9.892562 25.702318
v -3.387211 9.892562 25.984732
v -3.638812 9.892562 27.364014
v -2.520440 9.892562 27.690084
v -2.418197 9.892562 26.286877
v -0.326910 9.892562 26.079189
v -0.094235 9.892562 27.465946
v 1.526980 9.892562 26.927118
v 1.078255 9.892562 25.579899
v 2.247903 9.892562 24.666758
v 2.879956 9.892562 25.941660
v 3.853552 9.892562 25.197769
v 3.083110 9.892562 23.977448
v 3.964077 9.892562 22.596640
v 4.871852 9.892562 23.480326
v 5.797731 9.892562 22.157499
v 4.768049 9.892562 21.370886
v 5.133599 9.892562 20.216934
v 6.232302 9.892562 20.667816
v 6.903244 9.892562 18.629997
v 5.710126 9.892562 18.328663
v -1.645620 9.892562 27.975349
v -1.543224 9.892562 26.551208
v 9.579811 9.892562 -12.424331
v 8.027809 9.892562 -12.463541
v -11.603461 9.892562 -14.392921
v -13.155462 9.892562 -14.392921
v -11.603461 9.639907 -17.271147
v -13.155462 9.639907 -17.271147
v -13.196547 10.645753 6.173979
v -13.157409 10.645753 -10.906766
v -11.644546 10.645753 6.786706
v -11.605407 10.645753 -10.906766
v 9.618647 10.645753 6.173979
v 9.581925 10.645753 -10.456249
v 8.029921 10.645753 -10.495460
v 8.066643 10.645753 6.786706
v -12.820869 10.645753 9.533751
v -11.317350 10.645753 9.899922
v 9.265965 10.645753 9.438848
v 7.759672 10.645753 9.811986
v -12.203744 10.645753 12.979345
v -10.781699 10.645753 13.092669
v 8.670132 10.645753 12.804052
v 7.242906 10.645753 12.930238
v -11.566672 10.645753 15.729958
v -10.236118 10.645753 15.641433
v 8.013836 10.645753 15.628826
v 6.680257 10.645753 15.547722
v -8.374350 10.645753 20.746824
v -9.423918 10.645753 21.239664
v -8.825614 10.645753 23.126760
v -7.867351 10.645753 22.284836
v -10.525620 10.645753 18.629997
v -9.332505 10.645753 18.328663
v -7.124865 10.645753 23.285831
v -7.966798 10.645753 24.207027
v -6.969765 10.645753 25.443474
v -6.260983 10.645753 24.205120
v -5.537697 10.645753 24.795208
v -6.121314 10.645753 26.080294
v -4.604753 10.645753 27.059231
v -4.213546 10.645753 25.702318
v -3.387211 10.645753 25.984732
v -3.638812 10.645753 27.364014
v -2.520440 10.645753 27.690084
v -2.418197 10.645753 26.286877
v -0.326910 10.645753 26.079189
v -0.094235 10.645753 27.465946
v 1.526980 10.645753 26.927118
v 1.078255 10.645753 25.579899
v 2.247903 10.645753 24.666758
v 2.879956 10.645753 25.941660
v 3.853552 10.645753 25.197769
v 3.083110 10.645753 23.977448
v 3.964077 10.645753 22.596640
v 4.871852 10.645753 23.480326
v 5.797731 10.645753 22.157499
v 4.768049 10.645753 21.370886
v 5.133599 10.645753 20.216934
v 6.232302 10.645753 20.667816
v 6.903244 10.645753 18.629997
v 5.710126 10.645753 18.328663
v -1.645620 10.645753 27.975349
v -1.674043 10.645753 26.551208
v 9.579811 10.645753 -12.424331
v 8.027809 10.645753 -12.463541
v -11.603461 10.645753 -14.392921
v -13.155462 10.645753 -14.392921
v -11.603461 10.393104 -17.271147
v -13.155462 10.393104 -17.271147
vt 0.640428 0.087710
vt 0.689746 0.110232
vt 0.627903 0.162075
vt 0.587472 0.142007
vt 0.460472 0.557249
vt 0.472014 0.561583
vt 0.466900 0.574301
vt 0.455445 0.569678
vt 0.337809 0.066715
vt 0.293147 0.121978
vt 0.114173 0.124281
vt 0.897353 0.713682
vt 0.895651 0.490536
vt 0.494988 0.462853
vt 0.500822 0.445087
vt 0.512418 0.448808
vt 0.506559 0.466706
vt 0.914307 0.474808
vt 0.916245 0.713519
vt 0.653040 0.599924
vt 0.682652 0.606249
vt 0.669006 0.673422
vt 0.638911 0.667159
vt 0.520565 0.184829
vt 0.558539 0.205590
vt 0.259966 0.167083
vt 0.417483 0.539580
vt 0.433214 0.545917
vt 0.428181 0.558272
vt 0.412539 0.551787
vt 0.853465 0.118353
vt 0.866176 0.142274
vt 0.121565 0.209033
vt 0.457045 0.430856
vt 0.473025 0.436103
vt 0.467221 0.453547
vt 0.451233 0.448126
vt 0.472298 0.173165
vt 0.537893 0.131112
vt 0.585547 0.075935
vt 0.366490 0.519595
vt 0.388905 0.528279
vt 0.386871 0.541375
vt 0.366745 0.533380
vt 0.405776 0.413382
vt 0.428296 0.421169
vt 0.418511 0.436799
vt 0.392879 0.427757
vt 0.850761 0.160421
vt 0.837905 0.136988
vt 0.830192 0.184910
vt 0.450271 0.582117
vt 0.461708 0.586912
vt 0.456988 0.598125
vt 0.788215 0.253985
vt 0.775025 0.231637
vt 0.737147 0.145491
vt 0.445535 0.593189
vt 0.407530 0.563819
vt 0.423063 0.570458
vt 0.418399 0.581206
vt 0.402986 0.574417
vt 0.817645 0.162151
vt 0.815280 0.704540
vt 0.821289 0.549638
vt 0.369550 0.549927
vt 0.386255 0.555965
vt 0.385576 0.568876
vt 0.401784 0.168248
vt 0.483051 0.126739
vt 0.530698 0.067557
vt 0.371895 0.564646
vt 0.387492 0.065691
vt 0.342457 0.121509
vt 0.308520 0.165563
vt 0.439813 0.358517
vt 0.398901 0.399022
vt 0.747889 0.332356
vt 0.732192 0.310773
vt 0.774150 0.692813
vt 0.784005 0.626009
vt 0.438706 0.065036
vt 0.392785 0.121938
vt 0.357876 0.166129
vt 0.800913 0.592459
vt 0.787154 0.694643
vt 0.483233 0.065472
vt 0.437475 0.123428
vt 0.701861 0.610302
vt 0.727233 0.615371
vt 0.714712 0.682522
vt 0.688670 0.677381
vt 0.874268 0.157691
vt 0.882119 0.180979
vt 0.866559 0.198600
vt 0.858830 0.175601
vt 0.845373 0.222162
vt 0.804011 0.291038
vt 0.361952 0.027717
vt 0.796815 0.268381
vt 0.411409 0.026546
vt 0.838282 0.199556
vt 0.463264 0.025924
vt 0.769032 0.369328
vt 0.507866 0.026440
vt 0.758142 0.346285
vt 0.595915 0.657960
vt 0.610526 0.590588
vt 0.632512 0.595440
vt 0.618121 0.662735
vt 0.727900 0.069836
vt 0.678682 0.048581
vt 0.618957 0.035062
vt 0.557315 0.028867
vt 0.426957 0.393676
vt 0.443447 0.399941
vt 0.434574 0.411000
vt 0.878457 0.715665
vt 0.464534 0.407708
vt 0.480469 0.412670
vt 0.476683 0.424750
vt 0.460723 0.419636
vt 0.504505 0.433507
vt 0.155754 0.737555
vt 0.265827 0.474871
vt 0.255408 0.518597
vt 0.871673 0.751529
vt 0.918052 0.749111
vt 0.245368 0.560750
vt 0.827054 0.753293
vt 0.976385 0.745556
vt 0.795691 0.755027
vt 0.771768 0.748211
vt 0.732572 0.737773
vt 0.682189 0.725344
vt 0.243582 0.607976
vt 0.246001 0.646262
vt 0.241459 0.584059
vt 0.247742 0.693839
vt 0.635219 0.714105
vt 0.248556 0.736406
vt 0.763457 0.220330
vt 0.719478 0.300385
vt 0.705826 0.289185
vt 0.751009 0.208111
vt 0.696614 0.176376
vt 0.654178 0.140510
vt 0.610607 0.119528
vt 0.558946 0.108551
vt 0.503569 0.103814
vt 0.457316 0.100316
vt 0.412773 0.098482
vt 0.362053 0.097630
vt 0.312811 0.097780
vt 0.149224 0.683183
vt 0.246887 0.667280
vt 0.508319 0.421163
vt 0.519971 0.424704
vt 0.516120 0.437142
vt 0.446903 0.460654
vt 0.462889 0.466195
vt 0.458147 0.479714
vt 0.442173 0.474051
vt 0.385332 0.438819
vt 0.412378 0.448492
vt 0.710569 0.732263
vt 0.806606 0.150243
vt 0.794528 0.137350
vt 0.814971 0.110450
vt 0.830866 0.090738
vt 0.842695 0.105127
vt 0.826989 0.124224
vt 0.762890 0.622250
vt 0.751780 0.689226
vt 0.749499 0.742164
vt 0.405752 0.460992
vt 0.377197 0.450647
vt 0.502189 0.479673
vt 0.497401 0.493526
vt 0.485859 0.489476
vt 0.490631 0.475724
vt 0.368104 0.480555
vt 0.395861 0.490857
vt 0.391454 0.510860
vt 0.245110 0.629865
vt 0.278492 0.141135
vt 0.327741 0.140278
vt 0.377741 0.140820
vt 0.422193 0.142611
vt 0.754344 0.086040
vt 0.713599 0.127636
vt 0.676054 0.158216
vt 0.647883 0.179357
vt 0.576782 0.222875
vt 0.272986 0.446727
vt 0.298010 0.478417
vt 0.431218 0.504030
vt 0.447132 0.509960
vt 0.439725 0.529413
vt 0.423886 0.523300
vt 0.474753 0.520197
vt 0.486243 0.524503
vt 0.737553 0.686753
vt 0.749293 0.619702
vt 0.888721 0.201346
vt 0.894071 0.228835
vt 0.877886 0.245955
vt 0.872913 0.218758
vt 0.937428 0.747831
vt 0.478721 0.544422
vt 0.467329 0.539783
vt 0.445206 0.379470
vt 0.456206 0.383754
vt 0.451075 0.390248
vt 0.836648 0.717489
vt 0.470241 0.389155
vt 0.855560 0.268753
vt 0.814129 0.344339
vt 0.810370 0.310781
vt 0.851544 0.241903
vt 0.788087 0.427898
vt 0.778629 0.389462
vt 0.804777 0.541673
vt 0.787189 0.595826
vt 0.793666 0.560477
vt 0.850233 0.475142
vt 0.757713 0.125888
vt 0.732993 0.108629
vt 0.707702 0.091495
vt 0.659301 0.070067
vt 0.601649 0.056795
vt 0.543013 0.049559
vt 0.494757 0.047159
vt 0.450236 0.046674
vt 0.398755 0.047264
vt 0.349292 0.048276
vt 0.646240 0.716732
vt 0.486119 0.393850
vt 0.483676 0.402119
vt 0.467769 0.397308
vt 0.514047 0.401823
vt 0.525798 0.405206
vt 0.523260 0.413798
vt 0.511565 0.410343
vt 0.396721 0.588474
vt 0.400370 0.580373
vt 0.415698 0.587255
vt 0.411932 0.595474
vt 0.248448 0.726610
vt 0.646810 0.040428
vt 0.628206 0.062382
vt 0.612466 0.081435
vt 0.582858 0.113085
vt 0.561012 0.136113
vt 0.494905 0.178664
vt 0.250249 0.541266
vt 0.375297 0.571509
vt 0.386339 0.575355
vt 0.387295 0.584213
vt 0.276769 0.581781
vt 0.438934 0.608058
vt 0.442786 0.599463
vt 0.454263 0.604491
vt 0.450461 0.613238
vt 0.700079 0.057042
vt 0.680638 0.079184
vt 0.665100 0.098713
vt 0.629263 0.128113
vt 0.604701 0.150399
vt 0.536780 0.193699
vt 0.260042 0.499889
vt 0.534788 0.407831
vt 0.574456 0.419789
vt 0.571835 0.428492
vt 0.532214 0.416468
vt 0.525014 0.439927
vt 0.528883 0.427420
vt 0.568471 0.439608
vt 0.564549 0.452331
vt 0.515419 0.469651
vt 0.521288 0.451655
vt 0.560794 0.464295
vt 0.554874 0.482680
vt 0.545626 0.510298
vt 0.506238 0.496619
vt 0.511037 0.482687
vt 0.550463 0.496023
vt 0.958208 0.746581
vt 0.823583 0.496757
vt 0.913355 0.421229
vt 0.895096 0.437154
vt 0.811656 0.468917
vt 0.802878 0.488758
vt 0.849059 0.421701
vt 0.822554 0.443848
vt 0.910885 0.366363
vt 0.893112 0.382805
vt 0.819913 0.397597
vt 0.846375 0.376207
vt 0.907356 0.321251
vt 0.890009 0.337861
vt 0.866223 0.360112
vt 0.889942 0.750320
vt 0.534313 0.542262
vt 0.526680 0.562841
vt 0.487481 0.547876
vt 0.495042 0.527792
vt 0.480815 0.564985
vt 0.519983 0.580291
vt 0.514801 0.593419
vt 0.475680 0.577828
vt 0.861405 0.311496
vt 0.901338 0.272402
vt 0.884507 0.289127
vt 0.972208 0.713030
vt 0.969636 0.435729
vt 0.452785 0.344723
vt 0.446808 0.344016
vt 0.847682 0.752192
vt 0.470481 0.590547
vt 0.509561 0.606412
vt 0.504849 0.617897
vt 0.465780 0.601850
vt 0.459402 0.617091
vt 0.463100 0.608276
vt 0.502173 0.624386
vt 0.498501 0.633237
vt 0.991370 0.435425
vt 0.455143 0.344723
vt 0.993912 0.712831
vt 0.458853 0.344342
vt 0.967691 0.380668
vt 0.463242 0.343764
vt 0.476588 0.342858
vt 0.814543 0.753909
vt 0.989630 0.379612
vt 0.785315 0.752047
vt 0.464164 0.373478
vt 0.805381 0.720315
vt 0.489808 0.380884
vt 0.474001 0.376368
vt 0.727617 0.697784
vt 0.694454 0.728317
vt 0.242432 0.594488
vt 0.334536 0.176641
vt 0.529699 0.391607
vt 0.243727 0.570724
vt 0.247404 0.682433
vt 0.578545 0.406109
vt 0.703458 0.692234
vt 0.423530 0.600961
vt 0.427378 0.592561
vt 0.113585 0.087161
vt 0.326960 0.080190
vt 0.376574 0.080237
vt 0.427570 0.081357
vt 0.472000 0.083353
vt 0.518744 0.087073
vt 0.574209 0.090790
vt 0.599238 0.095316
vt 0.628034 0.101991
vt 0.648346 0.111203
vt 0.674418 0.123727
vt 0.697353 0.141408
vt 0.963997 0.323705
vt 0.482451 0.344606
vt 0.985940 0.321890
vt 0.469436 0.342941
vt 0.487847 0.345286
vt 0.959247 0.277698
vt 0.981143 0.274953
vt 0.494693 0.346847
vt 0.500277 0.346707
vt 0.964817 0.178218
vt 0.943081 0.182941
vt 0.509432 0.346714
vt 0.514855 0.344804
vt 0.936243 0.154623
vt 0.387234 0.066358
vt 0.376341 0.079769
vt 0.438491 0.066670
vt 0.427443 0.079932
vt 0.482925 0.067944
vt 0.471958 0.081080
vt 0.518820 0.083907
vt 0.530238 0.070922
vt 0.583355 0.076965
vt 0.573028 0.087272
vt 0.112935 0.044272
vt 0.354458 0.039890
vt 0.403916 0.038829
vt 0.455538 0.038236
vt 0.500079 0.038742
vt 0.548791 0.041230
vt 0.608708 0.047998
vt 0.635774 0.053598
vt 0.667228 0.061380
vt 0.688434 0.070268
vt 0.715955 0.082697
vt 0.741758 0.099581
vt 0.957638 0.148648
vt 0.520710 0.342560
vt 0.951902 0.228137
vt 0.973712 0.224427
vt 0.950543 0.126249
vt 0.929387 0.133530
vt 0.920674 0.109751
vt 0.941142 0.101256
vt 0.933258 0.083974
vt 0.913106 0.093718
vt 0.900589 0.069212
vt 0.920056 0.058361
vt 0.910783 0.042750
vt 0.891322 0.054809
vt 0.592271 0.031912
vt 0.582739 0.044618
vt 0.576250 0.053078
vt 0.562832 0.070109
vt 0.562179 0.073875
vt 0.550825 0.086199
vt 0.550700 0.089915
vt 0.535492 0.106471
vt 0.514740 0.129183
vt 0.442568 0.171049
vt 0.142283 0.568814
vt 0.434844 0.575521
vt 0.430121 0.586408
vt 0.445080 0.550758
vt 0.440009 0.563213
vt 0.459134 0.514416
vt 0.451691 0.533989
vt 0.474945 0.470348
vt 0.470192 0.483965
vt 0.485094 0.440021
vt 0.479286 0.457605
vt 0.880756 0.038884
vt 0.900317 0.026255
vt 0.868736 0.050220
vt 0.879643 0.065810
vt 0.216749 0.198940
vt 0.185971 0.201348
vt 0.218517 0.186118
vt 0.266777 0.183323
vt 0.316071 0.185056
vt 0.871806 0.073528
vt 0.860656 0.058169
vt 0.889583 0.079991
vt 0.901987 0.104593
vt 0.412067 0.335187
vt 0.894445 0.112081
vt 0.881984 0.087547
vt 0.376111 0.322115
vt 0.398901 0.314743
vt 0.385816 0.293106
vt 0.354043 0.263179
vt 0.364109 0.272349
vt 0.331065 0.274550
vt 0.311117 0.264324
vt 0.322054 0.244895
vt 0.311751 0.235660
vt 0.909885 0.120515
vt 0.918214 0.144292
vt 0.910608 0.151615
vt 0.902392 0.127922
vt 0.925144 0.165207
vt 0.931524 0.193364
vt 0.923611 0.200417
vt 0.917460 0.172413
vt 0.940009 0.238107
vt 0.362684 0.299955
vt 0.342931 0.282675
vt 0.947086 0.287468
vt 0.938735 0.294113
vt 0.274718 0.239192
vt 0.262029 0.232552
vt 0.275307 0.214469
vt 0.247564 0.193842
vt 0.189913 0.227551
vt 0.198431 0.273734
vt 0.207944 0.320724
vt 0.931859 0.244881
vt 0.951553 0.333222
vt 0.943011 0.339703
vt 0.954991 0.389646
vt 0.946267 0.395767
vt 0.956736 0.444229
vt 0.947864 0.450071
vt 0.950222 0.713226
vt 0.498296 0.266548
vt 0.461257 0.233900
vt 0.420126 0.213696
vt 0.363025 0.196560
vt 0.959190 0.713146
vt 0.214387 0.350957
vt 0.871433 0.706550
vt 0.870020 0.512017
vt 0.445867 0.223342
vt 0.193810 0.249195
vt 0.481825 0.247932
vt 0.202458 0.293916
vt 0.870007 0.458688
vt 0.220607 0.379583
vt 0.868735 0.404918
vt 0.851384 0.706705
vt 0.930612 0.713396
vt 0.928478 0.462801
vt 0.927226 0.408998
vt 0.924397 0.353676
vt 0.920535 0.308411
vt 0.397359 0.205092
vt 0.188217 0.216443
vt 0.492539 0.416368
vt 0.488755 0.428569
vt 0.498184 0.397307
vt 0.495745 0.405694
vt 0.501851 0.384094
vt 0.969164 0.713264
vt 0.399886 0.471905
vt 0.453913 0.491527
vt 0.437956 0.485758
vt 0.465944 0.495861
vt 0.481592 0.501485
vt 0.493117 0.505627
vt 0.541288 0.522780
vt 0.501943 0.508792
vt 0.643648 0.678219
vt 0.587323 0.423616
vt 0.584737 0.432356
vt 0.581393 0.443528
vt 0.577485 0.456338
vt 0.573723 0.468393
vt 0.567804 0.486884
vt 0.563401 0.500335
vt 0.558562 0.514728
vt 0.547210 0.546956
vt 0.554208 0.527331
vt 0.539563 0.567692
vt 0.527625 0.598541
vt 0.532849 0.585285
vt 0.517553 0.623168
vt 0.522327 0.611621
vt 0.514828 0.629670
vt 0.511115 0.638521
vt 0.281313 0.671826
vt 0.281468 0.658716
vt 0.278491 0.592448
vt 0.281281 0.723199
vt 0.281175 0.681575
vt 0.281022 0.625608
vt 0.279826 0.605595
vt 0.281413 0.640295
vt 0.281199 0.736476
vt 0.279545 0.567909
vt 0.379851 0.580935
vt 0.824522 0.718155
vt 0.438033 0.384616
vt 0.856055 0.716247
vt 0.414093 0.404024
vt 0.895060 0.715681
vt 0.919556 0.715848
vt 0.953825 0.714043
vt 0.370038 0.460980
vt 0.293587 0.500523
vt 0.289699 0.517473
vt 0.285687 0.538697
vt 0.280831 0.557711
vt 0.936213 0.714945
vt 0.304084 0.454187
vt 0.365993 0.501235
vt 0.713849 0.694616
vt 0.517815 0.388358
vt 0.795054 0.716173
vt 0.456404 0.371170
vt 0.658220 0.681641
vt 0.538823 0.394201
vt 0.761726 0.706083
vt 0.782020 0.711809
vt 0.746692 0.702303
vt 0.591388 0.409929
vt 0.914126 0.259447
vt 0.906413 0.215541
vt 0.388655 0.343301
vt 0.900749 0.187892
vt 0.513982 0.284314
vt 0.894083 0.167390
vt 0.766996 0.116473
vt 0.886131 0.143981
vt 0.986691 0.852929
vt 0.156278 0.393363
vt 0.719604 0.159655
vt 0.878158 0.128415
vt 0.865608 0.104264
vt 0.666572 0.196503
vt 0.279542 0.419968
vt 0.309583 0.431437
vt 0.780109 0.102479
vt 0.594146 0.239531
vt 0.855125 0.090712
vt 0.843570 0.075868
vt 0.591274 0.586304
vt 0.576511 0.653766
vt 0.693838 0.279323
vt 0.740052 0.197324
vt 0.783737 0.126032
vt 0.804102 0.098273
vt 0.820165 0.077913
vt 0.850589 0.044417
vt 0.833162 0.062551
vt 0.858922 0.036196
vt 0.871265 0.024644
vt 0.890971 0.011842
vt 0.112431 0.011517
vt 0.140562 0.585117
vt 0.123777 0.225268
vt 0.400358 0.400398
vt 0.760989 0.546221
vt 0.766997 0.505426
vt 0.738936 0.510699
vt 0.113069 0.053039
vt 0.114295 0.131093
vt 0.115322 0.149477
vt 0.115963 0.156253
vt 0.113838 0.103541
vt 0.151244 0.701128
vt 0.659780 0.839538
vt 0.674638 0.843095
vt 0.750136 0.484098
vt 0.452770 0.344849
vt 0.120116 0.196355
vt 0.141421 0.597612
vt 0.764582 0.856262
vt 0.777278 0.859143
vt 0.446797 0.344111
vt 0.455117 0.344969
vt 0.800335 0.859391
vt 0.815026 0.859445
vt 0.458822 0.344655
vt 0.463164 0.344231
vt 0.838832 0.859166
vt 0.866215 0.858757
vt 0.482618 0.345653
vt 0.476405 0.343180
vt 0.887096 0.858004
vt 0.907131 0.857509
vt 0.469303 0.343385
vt 0.494930 0.348016
vt 0.487981 0.346450
vt 0.510070 0.347782
vt 0.965746 0.854131
vt 0.179006 0.392745
vt 0.157442 0.485197
vt 0.152815 0.507006
vt 0.138194 0.306301
vt 0.134167 0.285459
vt 0.147816 0.533468
vt 0.143639 0.556816
vt 0.129420 0.259938
vt 0.125579 0.237101
vt 0.155903 0.737567
vt 0.152874 0.714601
vt 0.616683 0.829224
vt 0.646122 0.836269
vt 0.113396 0.074693
vt 0.500291 0.348173
vt 0.941807 0.855505
vt 0.521496 0.343563
vt 0.171541 0.423585
vt 0.163695 0.456224
vt 0.150154 0.364427
vt 0.143740 0.333718
vt 0.118457 0.180765
vt 0.144737 0.638032
vt 0.142632 0.613266
vt 0.723203 0.846554
vt 0.748607 0.852558
vt 0.515390 0.345989
vt 0.704185 0.842028
vt 0.146473 0.656412
vt 0.608163 0.827185
vt 0.112740 0.031539
vt 0.526296 0.341717
vt 0.594315 0.009204
vt 0.558502 0.007343
vt 0.631871 0.409903
vt 0.640657 0.385503
vt 0.654451 0.393844
vt 0.646304 0.417586
vt 0.712236 0.471186
vt 0.719566 0.440410
vt 0.737332 0.471424
vt 0.718276 0.485628
vt 0.794196 0.079784
vt 0.525762 0.340518
vt 0.709974 0.033095
vt 0.686239 0.024386
vt 0.652122 0.016036
vt 0.622363 0.011419
vt 0.698590 0.456615
vt 0.767946 0.063476
vt 0.739775 0.047036
vt 0.508372 0.005592
vt 0.705368 0.430371
vt 0.677711 0.435736
vt 0.463193 0.005420
vt 0.684783 0.411642
vt 0.411025 0.006304
vt 0.662621 0.426684
vt 0.361608 0.007661
vt 0.670069 0.403352
vt 0.848926 0.528702
vt 0.841926 0.705758
vt 0.401836 0.401752
vt 0.434464 0.363383
vt 0.400358 0.400398
vt 0.803194 0.696822
vt 0.310680 0.549995
vt 0.355934 0.427422
vt 0.374046 0.429177
vt 0.327155 0.556140
vt 0.368904 0.404831
vt 0.385843 0.408160
vt 0.317854 0.581134
vt 0.301380 0.574988
vt 0.384667 0.382580
vt 0.400066 0.387399
vt 0.310159 0.601762
vt 0.293684 0.595616
vt 0.398784 0.365390
vt 0.412671 0.371293
vt 0.417589 0.348728
vt 0.429448 0.355613
vt 0.436261 0.334387
vt 0.446084 0.342075
vt 0.447657 0.323231
vt 0.455578 0.333060
vt 0.459662 0.318890
vt 0.466136 0.328827
vt 0.473551 0.313977
vt 0.477764 0.325659
vt 0.484260 0.312772
vt 0.487019 0.324294
vt 0.502975 0.311762
vt 0.503500 0.323037
vt 0.514044 0.313403
vt 0.513027 0.324285
vt 0.526787 0.315495
vt 0.524121 0.325957
vt 0.536836 0.316914
vt 0.532727 0.327009
vt 0.551942 0.326709
vt 0.545764 0.335726
vt 0.567710 0.336991
vt 0.559345 0.344869
vt 0.579437 0.349411
vt 0.569319 0.356045
vt 0.587783 0.358598
vt 0.576342 0.364293
vt 0.594000 0.374940
vt 0.582001 0.377678
vt 0.600291 0.388086
vt 0.587258 0.389647
vt 0.600922 0.400484
vt 0.588053 0.399365
vt 0.602595 0.417746
vt 0.589124 0.415181
vt 0.606359 0.443654
vt 0.591986 0.438954
vt 0.605773 0.466497
vt 0.590961 0.459941
vt 0.603101 0.492975
vt 0.588109 0.484335
vt 0.598115 0.517770
vt 0.583279 0.507234
vt 0.553261 0.636814
vt 0.536681 0.630949
vt 0.547977 0.650910
vt 0.531398 0.645045
vt 0.507620 0.373134
vt 0.483341 0.367889
vt 0.483458 0.367349
vt 0.507719 0.372674
vt 0.478558 0.366855
vt 0.478675 0.366311
vt 0.512030 0.373417
vt 0.512135 0.372932
vt 0.474608 0.366002
vt 0.474726 0.365458
vt 0.516643 0.373288
vt 0.516751 0.372790
vt 0.520402 0.372836
vt 0.520488 0.372437
vt 0.524481 0.371818
vt 0.524572 0.371397
vt 0.528209 0.370639
vt 0.528311 0.370167
vt 0.530580 0.369890
vt 0.530644 0.369592
vt 0.532285 0.368651
vt 0.532343 0.368380
vt 0.534237 0.367232
vt 0.533984 0.366897
vt 0.535404 0.365754
vt 0.535111 0.365602
vt 0.537197 0.363483
vt 0.536938 0.363180
vt 0.537983 0.361723
vt 0.537688 0.361584
vt 0.538824 0.359841
vt 0.538528 0.359705
vt 0.539559 0.358194
vt 0.539275 0.358005
vt 0.539494 0.355357
vt 0.539161 0.355393
vt 0.539426 0.352356
vt 0.539093 0.352389
vt 0.538696 0.349665
vt 0.538354 0.349741
vt 0.538145 0.347633
vt 0.537775 0.347840
vt 0.536642 0.345411
vt 0.536267 0.345640
vt 0.535308 0.343438
vt 0.534938 0.343643
vt 0.533611 0.342117
vt 0.533515 0.342558
vt 0.531289 0.340310
vt 0.531177 0.340826
vt 0.527874 0.337631
vt 0.527788 0.338030
vt 0.524549 0.335619
vt 0.524443 0.336110
vt 0.520496 0.333650
vt 0.520391 0.334136
vt 0.516475 0.332150
vt 0.516375 0.332615
vt 0.492761 0.327026
vt 0.492645 0.327566
vt 0.490061 0.326443
vt 0.489943 0.326986
vt 0.086387 0.521285
vt 0.083684 0.676355
vt 0.059310 0.675930
vt 0.062013 0.520860
vt 0.077064 0.706802
vt 0.058777 0.706483
vt 0.086863 0.494000
vt 0.062488 0.493575
vt 0.091679 0.676494
vt 0.088900 0.707008
vt 0.073167 0.731968
vt 0.061795 0.731770
vt 0.087351 0.466017
vt 0.062976 0.465592
vt 0.098352 0.676610
vt 0.097819 0.707164
vt 0.087740 0.443680
vt 0.063366 0.443255
vt 0.096846 0.713882
vt 0.089486 0.713753
vt 0.088151 0.420129
vt 0.063776 0.419704
vt 0.064146 0.398510
vt 0.088520 0.398935
vt 0.088755 0.385455
vt 0.064381 0.385030
vt 0.064533 0.376258
vt 0.088908 0.376683
vt 0.089083 0.366641
vt 0.064709 0.366216
vt 0.079922 0.039606
vt 0.077285 0.190882
vt 0.052911 0.190457
vt 0.055551 0.038992
vt 0.076823 0.217396
vt 0.052449 0.216971
vt 0.055852 0.021743
vt 0.074136 0.022252
vt 0.076347 0.244725
vt 0.051972 0.244300
vt 0.087915 0.039910
vt 0.085969 0.022622
vt 0.075947 0.267666
vt 0.051573 0.267241
vt 0.074364 0.009187
vt 0.086197 0.009558
vt 0.093471 0.040007
vt 0.093771 0.022758
vt 0.075522 0.292038
vt 0.051148 0.291614
vt 0.093999 0.009693
vt 0.075233 0.308588
vt 0.050859 0.308163
vt 0.086912 0.003332
vt 0.093469 0.003446
vt 0.075023 0.320685
vt 0.050648 0.320261
vt 0.074835 0.331428
vt 0.050461 0.331003
vt 0.074624 0.343530
vt 0.050250 0.343105
vt 0.117421 0.405557
vt 0.114811 0.555257
vt 0.104505 0.555078
vt 0.107115 0.405378
vt 0.114298 0.584703
vt 0.103992 0.584523
vt 0.117953 0.375004
vt 0.107647 0.374824
vt 0.113772 0.614902
vt 0.103465 0.614722
vt 0.121850 0.349838
vt 0.111544 0.349659
vt 0.113351 0.639009
vt 0.103045 0.638829
vt 0.112908 0.664425
vt 0.102602 0.664245
vt 0.112510 0.687297
vt 0.102203 0.687117
vt 0.112221 0.703836
vt 0.101915 0.703656
vt 0.112056 0.713304
vt 0.101750 0.713124
vt 0.111867 0.724140
vt 0.101561 0.723961
vt 0.058721 0.515539
vt 0.056018 0.670609
vt 0.045712 0.670429
vt 0.048415 0.515360
vt 0.055485 0.701162
vt 0.045179 0.700983
vt 0.059197 0.488254
vt 0.048891 0.488074
vt 0.058503 0.726449
vt 0.048197 0.726269
vt 0.059685 0.460271
vt 0.049378 0.460092
vt 0.060074 0.437935
vt 0.049768 0.437755
vt 0.060485 0.414383
vt 0.050178 0.414204
vt 0.060854 0.393189
vt 0.050548 0.393009
vt 0.061089 0.379709
vt 0.050783 0.379530
vt 0.061242 0.370937
vt 0.050936 0.370757
vt 0.061382 0.362879
vt 0.051076 0.362700
vt 0.100096 0.510386
vt 0.097555 0.656138
vt 0.087249 0.655958
vt 0.089789 0.510206
vt 0.097254 0.673386
vt 0.086948 0.673206
vt 0.100595 0.481772
vt 0.090288 0.481592
vt 0.101109 0.452279
vt 0.090802 0.452099
vt 0.101540 0.427522
vt 0.091234 0.427342
vt 0.101999 0.401219
vt 0.091692 0.401039
vt 0.102310 0.383358
vt 0.092004 0.383178
vt 0.102538 0.370302
vt 0.092231 0.370123
vt 0.102740 0.358709
vt 0.092433 0.358530
vt 0.103002 0.343656
vt 0.092696 0.343477
vt 0.091667 0.059739
vt 0.089027 0.211205
vt 0.078720 0.211025
vt 0.081361 0.059560
vt 0.088565 0.237719
vt 0.078258 0.237540
vt 0.091968 0.042491
vt 0.081661 0.042311
vt 0.088088 0.265048
vt 0.077782 0.264869
vt 0.087688 0.287989
vt 0.077382 0.287809
vt 0.087263 0.312362
vt 0.076957 0.312182
vt 0.086975 0.328911
vt 0.076669 0.328731
vt 0.086799 0.339025
vt 0.076492 0.338845
vt 0.086611 0.349767
vt 0.076305 0.349588
vt 0.086400 0.361869
vt 0.076094 0.361690
vt 0.513926 0.376339
vt 0.554703 0.367636
vt 0.554912 0.368616
vt 0.514164 0.377452
vt 0.559529 0.366606
vt 0.559736 0.367578
vt 0.505667 0.376861
vt 0.505885 0.377880
vt 0.496978 0.376568
vt 0.497172 0.377477
vt 0.489532 0.375614
vt 0.489737 0.376572
vt 0.481395 0.373536
vt 0.481517 0.374110
vt 0.475875 0.372151
vt 0.476000 0.372740
vt 0.471839 0.371138
vt 0.472011 0.371941
vt 0.467920 0.368663
vt 0.468050 0.369271
vt 0.463505 0.365876
vt 0.463049 0.366471
vt 0.460914 0.362671
vt 0.460471 0.363325
vt 0.457481 0.358425
vt 0.457006 0.358927
vt 0.454962 0.353096
vt 0.454428 0.353322
vt 0.452581 0.348057
vt 0.451976 0.347954
vt 0.120353 0.410199
vt 0.120686 0.393971
vt 0.145058 0.394471
vt 0.144726 0.410699
vt 0.120902 0.383418
vt 0.145275 0.383918
vt 0.144484 0.422472
vt 0.120112 0.421972
vt 0.144226 0.435066
vt 0.119853 0.434567
vt 0.119627 0.445586
vt 0.144000 0.446086
vt 0.143647 0.463311
vt 0.119274 0.462812
vt 0.118901 0.481029
vt 0.143273 0.481529
vt 0.142956 0.496989
vt 0.118584 0.496490
vt 0.118344 0.508160
vt 0.142717 0.508660
vt 0.128908 0.527436
vt 0.128630 0.547124
vt 0.118323 0.546978
vt 0.118601 0.527291
vt 0.128453 0.559663
vt 0.118146 0.559517
vt 0.129063 0.516423
vt 0.118756 0.516278
vt 0.128248 0.574180
vt 0.117941 0.574035
vt 0.128088 0.585537
vt 0.117781 0.585392
vt 0.127804 0.605677
vt 0.117497 0.605531
vt 0.127507 0.626722
vt 0.117200 0.626576
vt 0.127259 0.644286
vt 0.116953 0.644140
vt 0.127081 0.656924
vt 0.116774 0.656779
vt 0.091876 0.243488
vt 0.091665 0.226301
vt 0.101972 0.226174
vt 0.102184 0.243362
vt 0.091549 0.216909
vt 0.101857 0.216782
vt 0.092008 0.254217
vt 0.102315 0.254090
vt 0.092163 0.266796
vt 0.102470 0.266669
vt 0.092303 0.278155
vt 0.102589 0.276331
vt 0.092497 0.293944
vt 0.102804 0.293817
vt 0.092722 0.312184
vt 0.103029 0.312057
vt 0.092908 0.327371
vt 0.103215 0.327244
vt 0.093042 0.338212
vt 0.103349 0.338086
vt 0.195951 0.801589
vt 0.195951 0.772827
vt 0.223080 0.772827
vt 0.223080 0.801589
vt 0.195951 0.754535
vt 0.223080 0.754535
vt 0.195951 0.741939
vt 0.223080 0.741939
vt 0.243628 0.754535
vt 0.243628 0.772827
vt 0.243628 0.741939
vt 0.253437 0.742945
vt 0.253437 0.753529
vt 0.352264 0.634728
vt 0.352264 0.666220
vt 0.328702 0.666220
vt 0.328702 0.634728
vt 0.370190 0.666220
vt 0.370190 0.634728
vt 0.298838 0.666220
vt 0.297399 0.634728
vt 0.352264 0.614829
vt 0.328702 0.614829
vt 0.370190 0.614829
vt 0.401311 0.666220
vt 0.401311 0.634728
vt 0.296904 0.618161
vt 0.351504 0.543532
vt 0.334984 0.548124
vt 0.364595 0.538784
vt 0.350909 0.512959
vt 0.360258 0.512959
vt 0.622088 0.318000
vt 0.603904 0.303014
vt 0.623933 0.278712
vt 0.642116 0.293698
vt 0.590071 0.291613
vt 0.610099 0.267311
vt 0.636589 0.263356
vt 0.654772 0.278341
vt 0.648814 0.340026
vt 0.667948 0.314987
vt 0.566055 0.271821
vt 0.586083 0.247518
vt 0.622756 0.251955
vt 0.682519 0.208821
vt 0.692347 0.222870
vt 0.677190 0.301137
vt 0.675437 0.196830
vt 0.695209 0.179660
vt 0.702423 0.185606
vt 0.063871 0.988559
vt 0.028395 0.988559
vt 0.028395 0.846924
vt 0.063871 0.867001
vt 0.006091 0.988534
vt 0.006091 0.846924
vt 0.029407 0.836264
vt 0.060715 0.852184
vt 0.006091 0.832108
vt 0.037069 0.776304
vt 0.055197 0.776304
vt 0.104002 0.776304
vt 0.135383 0.776304
vt 0.135383 0.897862
vt 0.104002 0.917939
vt 0.158850 0.776304
vt 0.161235 0.893184
vt 0.132227 0.912679
vt 0.105013 0.928599
vt 0.084272 0.917939
vt 0.084272 0.776304
vt 0.127544 0.988558
vt 0.111508 0.988558
vt 0.084272 0.932755
vt 0.068611 0.776304
vt 0.068611 0.917939
vt 0.068611 0.932755
vt 0.080975 0.957762
vt 0.069870 0.957762
vt 0.025757 0.674545
vt 0.025757 0.816128
vt 0.008052 0.816128
vt 0.008052 0.674545
vt 0.025757 0.659737
vt 0.008052 0.659737
vt 0.011350 0.634743
vt 0.023903 0.634743
vt 0.026904 0.435821
vt 0.005220 0.435821
vt 0.005220 0.336531
vt 0.024955 0.340352
vt 0.705978 0.865294
vt 0.724913 0.865286
vt 0.724948 0.889432
vt 0.706012 0.889439
vt 0.724948 0.914817
vt 0.706012 0.914825
vt 0.723910 0.949234
vt 0.709342 0.949240
vt 0.211795 0.850302
vt 0.195892 0.850312
vt 0.192225 0.824927
vt 0.208129 0.824916
vt 0.565923 0.713068
vt 0.570124 0.695939
vt 0.584812 0.700304
vt 0.581579 0.713482
vt 0.982403 0.165060
vt 0.963468 0.165052
vt 0.963468 0.144895
vt 0.982403 0.144902
vt 0.977792 0.066849
vt 0.996000 0.066851
vt 0.994475 0.085991
vt 0.977792 0.084173
vt 0.992950 0.098719
vt 0.977792 0.098716
vt 0.979417 0.020427
vt 0.979433 0.001681
vt 0.992751 0.001681
vt 0.992736 0.020427
vt 0.958949 0.042090
vt 0.958959 0.022713
vt 0.976735 0.022713
vt 0.976724 0.042090
vt 0.566133 0.694658
vt 0.561733 0.712604
vt 0.544469 0.708367
vt 0.548870 0.690421
vt 0.626047 0.707480
vt 0.605471 0.702432
vt 0.611283 0.678753
vt 0.629632 0.685430
vt 0.045025 0.311004
vt 0.029231 0.311016
vt 0.031959 0.257086
vt 0.047753 0.257075
vt 0.355387 0.668701
vt 0.373092 0.668701
vt 0.373092 0.713695
vt 0.355387 0.713695
vt 0.337143 0.668631
vt 0.337143 0.713625
vt 0.355387 0.803438
vt 0.338464 0.803367
vt 0.325539 0.668586
vt 0.327424 0.713580
vt 0.393972 0.854479
vt 0.378311 0.854479
vt 0.378311 0.809485
vt 0.393972 0.809485
vt 0.362172 0.854539
vt 0.362172 0.809545
vt 0.351907 0.854577
vt 0.353794 0.809583
vt 0.363493 0.719802
vt 0.378311 0.719743
vt 0.341456 0.854577
vt 0.343342 0.809583
vt 0.584816 0.840980
vt 0.620292 0.840980
vt 0.620292 0.860644
vt 0.584816 0.860644
vt 0.620292 0.905878
vt 0.584816 0.905878
vt 0.613416 0.955940
vt 0.587618 0.955940
vt 0.561370 0.986519
vt 0.529988 0.986519
vt 0.529988 0.966845
vt 0.561370 0.966845
vt 0.510259 0.986519
vt 0.510259 0.966845
vt 0.529988 0.921587
vt 0.561370 0.921587
vt 0.584836 0.986519
vt 0.586263 0.969434
vt 0.532139 0.871500
vt 0.554958 0.871500
vt 0.577435 0.924169
vt 0.618917 0.980292
vt 0.618917 0.966845
vt 0.434977 0.637288
vt 0.422485 0.669750
vt 0.409259 0.667235
vt 0.417927 0.635498
vt 0.439932 0.611225
vt 0.420605 0.607550
vt 0.375107 0.618371
vt 0.376143 0.599098
vt 0.542920 0.662781
vt 0.537603 0.684442
vt 0.518497 0.679752
vt 0.523814 0.658091
vt 0.493146 0.682220
vt 0.504821 0.704333
vt 0.478891 0.711460
vt 0.472077 0.693343
vt 0.513703 0.721156
vt 0.487260 0.727313
vt 0.525830 0.744127
vt 0.502610 0.756387
vt 0.478619 0.731875
vt 0.470250 0.716022
vt 0.493969 0.760949
vt 0.460775 0.738282
vt 0.454895 0.727143
vt 0.739610 0.988381
vt 0.721358 0.986896
vt 0.723290 0.963149
vt 0.747523 0.962680
vt 0.756383 0.989745
vt 0.765390 0.964133
vt 0.748315 0.952940
vt 0.766183 0.954394
vt 0.792530 0.992686
vt 0.794659 0.966514
vt 0.752494 0.934447
vt 0.765048 0.935468
vt 0.795451 0.956775
vt 0.766860 0.865285
vt 0.795622 0.865286
vt 0.795622 0.913341
vt 0.766860 0.913341
vt 0.790184 0.953015
vt 0.772298 0.953015
vt 0.749607 0.913341
vt 0.749607 0.865285
vt 0.737728 0.865285
vt 0.737728 0.913341
vt 0.748263 0.923930
vt 0.738459 0.923930
vt 0.047755 0.371132
vt 0.029206 0.371149
vt 0.029206 0.344020
vt 0.047755 0.344003
vt 0.029206 0.323471
vt 0.047755 0.323454
vt 0.029206 0.313663
vt 0.047755 0.313646
vt 0.949015 0.098525
vt 0.969202 0.098284
vt 0.969202 0.118832
vt 0.949015 0.119073
vt 0.290465 0.401745
vt 0.272356 0.405759
vt 0.265512 0.375020
vt 0.283622 0.371007
vt 0.048888 0.253569
vt 0.030339 0.253586
vt 0.030339 0.222094
vt 0.048888 0.222078
vt 0.030339 0.205528
vt 0.048888 0.205511
vt 0.029142 0.373917
vt 0.047691 0.373935
vt 0.047691 0.393834
vt 0.029142 0.393817
vt 0.047691 0.469879
vt 0.029142 0.469861
vt 0.047691 0.495704
vt 0.029142 0.495687
vt 0.497869 0.661159
vt 0.494129 0.679326
vt 0.428807 0.665815
vt 0.432547 0.647647
vt 0.184139 0.957738
vt 0.165684 0.957779
vt 0.165684 0.816145
vt 0.184232 0.816128
vt 0.165684 0.801328
vt 0.184232 0.801311
vt 0.190910 0.816155
vt 0.165684 0.776321
vt 0.184232 0.776304
vt 0.191628 0.801346
vt 0.192840 0.776352
vt 0.369468 0.865882
vt 0.388017 0.865899
vt 0.388017 0.982780
vt 0.369468 0.982763
vt 0.397324 0.865875
vt 0.403288 0.982686
vt 0.008384 0.440437
vt 0.026932 0.440453
vt 0.026932 0.455270
vt 0.008384 0.455253
vt 0.026932 0.531150
vt 0.008384 0.531134
vt 0.587966 0.833486
vt 0.569418 0.833503
vt 0.569418 0.773543
vt 0.587966 0.773526
vt 0.126913 0.771090
vt 0.108365 0.771106
vt 0.108365 0.740533
vt 0.126913 0.740516
vt 0.263538 0.857580
vt 0.281994 0.857621
vt 0.282087 0.949731
vt 0.263538 0.973568
vt 0.250522 0.963145
vt 0.250522 0.857534
vt 0.241008 0.857501
vt 0.241008 0.955526
vt 0.216940 0.857442
vt 0.216940 0.955469
vt 0.241008 0.980558
vt 0.216940 0.980500
vt 0.189828 0.857377
vt 0.189828 0.955403
vt 0.240399 0.995439
vt 0.219945 0.995389
vt 0.194455 0.980434
vt 0.257548 0.980562
vt 0.254457 0.995442
vt 0.383872 0.774814
vt 0.382850 0.748549
vt 0.426897 0.746841
vt 0.427919 0.773108
vt 0.381496 0.713755
vt 0.405626 0.712853
vt 0.379901 0.672750
vt 0.404031 0.671848
vt 0.450101 0.711047
vt 0.451877 0.736345
vt 0.429395 0.670818
vt 0.464174 0.679093
vt 0.465187 0.705353
vt 0.825772 0.904617
vt 0.825733 0.880485
vt 0.869814 0.880403
vt 0.869851 0.904538
vt 0.825717 0.868507
vt 0.869797 0.868425
vt 0.825822 0.936589
vt 0.849967 0.936511
vt 0.895237 0.914013
vt 0.894480 0.936511
vt 0.825880 0.974266
vt 0.850027 0.974188
vt 0.875412 0.974188
vt 0.909783 0.939080
vt 0.909829 0.963210
vt 0.455499 0.812899
vt 0.455547 0.841267
vt 0.435390 0.841267
vt 0.435343 0.812899
vt 0.455592 0.867783
vt 0.435435 0.867783
vt 0.418469 0.841267
vt 0.418421 0.812899
vt 0.455457 0.788080
vt 0.435300 0.788080
vt 0.418514 0.861324
vt 0.400693 0.838268
vt 0.400645 0.815579
vt 0.420975 0.793956
vt 0.455522 0.749285
vt 0.435366 0.749285
vt 0.407641 0.954446
vt 0.407682 0.928399
vt 0.427838 0.928399
vt 0.427797 0.954446
vt 0.407717 0.905612
vt 0.427874 0.905612
vt 0.444760 0.928399
vt 0.444719 0.954446
vt 0.407602 0.992211
vt 0.429871 0.978433
vt 0.407661 0.869992
vt 0.427818 0.869992
vt 0.442199 0.911488
vt 0.462536 0.931397
vt 0.462494 0.952229
vt 0.444681 0.972332
vt 0.268557 0.744480
vt 0.287106 0.744496
vt 0.287106 0.769504
vt 0.268557 0.769487
vt 0.294501 0.744461
vt 0.295713 0.769455
vt 0.287106 0.729680
vt 0.293783 0.729653
vt 0.287012 0.588070
vt 0.876323 0.871803
vt 0.912813 0.869774
vt 0.914126 0.894120
vt 0.877636 0.896149
vt 0.936550 0.868454
vt 0.937863 0.892800
vt 0.965273 0.866970
vt 0.966585 0.891317
vt 0.940766 0.946650
vt 0.922131 0.947695
vt 0.990367 0.865674
vt 0.991680 0.890020
vt 0.969489 0.945167
vt 0.966786 0.970659
vt 0.944155 0.971814
vt 0.929763 0.947260
vt 0.933152 0.972424
vt 0.459264 0.783196
vt 0.459317 0.763061
vt 0.481586 0.749284
vt 0.483646 0.783196
vt 0.459229 0.805024
vt 0.483611 0.805024
vt 0.537574 0.788306
vt 0.537540 0.805024
vt 0.459285 0.831430
vt 0.483667 0.831430
vt 0.537596 0.831430
vt 0.459334 0.854503
vt 0.483716 0.854503
vt 0.562849 0.807053
vt 0.562905 0.827359
vt 0.483659 0.844804
vt 0.537588 0.844804
vt 0.459334 0.869932
vt 0.483716 0.869932
vt 0.562897 0.840733
vt 0.006485 0.181680
vt 0.025034 0.181664
vt 0.025034 0.226658
vt 0.006485 0.226674
vt 0.819740 0.954797
vt 0.803098 0.954790
vt 0.799260 0.865048
vt 0.815902 0.865054
vt 0.008768 0.537239
vt 0.027317 0.537222
vt 0.027317 0.626966
vt 0.008768 0.626981
vt 0.969032 0.188336
vt 0.969032 0.169787
vt 0.982478 0.169748
vt 0.982495 0.188297
vt 0.958127 0.041316
vt 0.939578 0.041299
vt 0.939617 0.021626
vt 0.958166 0.021643
vt 0.041643 0.159078
vt 0.023094 0.159061
vt 0.023094 0.113802
vt 0.041643 0.113819
vt 0.014395 0.159085
vt 0.012287 0.113851
vt 0.023094 0.063715
vt 0.041643 0.063732
vt 0.023055 0.178734
vt 0.015272 0.178750
vt 0.009955 0.063789
vt 0.006488 0.229378
vt 0.025037 0.229361
vt 0.025037 0.274626
vt 0.006488 0.274644
vt 0.487574 0.936448
vt 0.506123 0.936430
vt 0.506123 0.986517
vt 0.487574 0.986534
vt 0.474434 0.986460
vt 0.476767 0.936398
vt 0.487574 0.891189
vt 0.478874 0.891164
vt 0.487535 0.871515
vt 0.479751 0.871500
vt 0.580518 0.695752
vt 0.562504 0.691330
vt 0.568183 0.668192
vt 0.586197 0.672614
vt 0.131271 0.968389
vt 0.146028 0.968161
vt 0.146351 0.989051
vt 0.131595 0.989279
vt 0.146472 0.996825
vt 0.131715 0.997053
vt 0.054478 0.769623
vt 0.035930 0.769623
vt 0.035930 0.759851
vt 0.054478 0.759851
vt 0.036871 0.741080
vt 0.053536 0.741080
vt 0.978205 0.022715
vt 0.996755 0.022715
vt 0.995813 0.041486
vt 0.979147 0.041486
vt 0.023354 0.334577
vt 0.004805 0.334577
vt 0.004805 0.286522
vt 0.023354 0.286522
vt 0.004805 0.275932
vt 0.023354 0.275932
vt 0.996053 0.229261
vt 0.976085 0.229261
vt 0.976085 0.189586
vt 0.996053 0.189586
vt 0.031251 0.620270
vt 0.031251 0.498712
vt 0.046761 0.498807
vt 0.040559 0.620293
vt 0.516570 0.700816
vt 0.521008 0.682806
vt 0.530534 0.685144
vt 0.526095 0.703154
vt 0.529952 0.704475
vt 0.534373 0.686461
vt 0.544657 0.688985
vt 0.540236 0.706999
vt 0.734090 0.904960
vt 0.734090 0.953015
vt 0.728585 0.953015
vt 0.728625 0.904960
vt 0.734090 0.865285
vt 0.728625 0.865285
vt 0.988272 0.044490
vt 0.988272 0.064458
vt 0.970385 0.064458
vt 0.970385 0.043701
vt 0.104727 0.769663
vt 0.084540 0.769663
vt 0.083972 0.740902
vt 0.104727 0.740902
vt 0.259104 0.770511
vt 0.270436 0.796799
vt 0.254532 0.806625
vt 0.244509 0.782490
vt 0.048434 0.163424
vt 0.047930 0.203303
vt 0.029850 0.201084
vt 0.028045 0.165037
vt 0.156725 0.967995
vt 0.168415 0.985542
vt 0.160180 0.995405
vt 0.149831 0.979289
vt 0.321298 0.444824
vt 0.337413 0.466430
vt 0.320550 0.473348
vt 0.305865 0.454636
vt 0.284161 0.830447
vt 0.282889 0.849824
vt 0.260200 0.842038
vt 0.263329 0.823559
vt 0.071686 0.741081
vt 0.080334 0.767361
vt 0.065765 0.769678
vt 0.058116 0.745547
vt 0.129952 0.697620
vt 0.140747 0.708969
vt 0.122989 0.715652
vt 0.113206 0.705799
vt 0.541049 0.685662
vt 0.545269 0.668468
vt 0.564467 0.668071
vt 0.560733 0.683280
vt 0.335923 0.373666
vt 0.361104 0.368059
vt 0.363924 0.386435
vt 0.341650 0.391394
vt 0.333068 0.360840
vt 0.358249 0.355233
vt 0.601996 0.701324
vt 0.585153 0.692131
vt 0.589730 0.673482
vt 0.607744 0.677904
vt 0.949336 0.063627
vt 0.948463 0.045077
vt 0.966591 0.045077
vt 0.965370 0.063627
vt 0.143564 0.738482
vt 0.125694 0.732390
vt 0.127459 0.719961
vt 0.145126 0.727488
vt 0.117172 0.731180
vt 0.118937 0.718751
vt 0.957733 0.143010
vt 0.957733 0.124461
vt 0.974253 0.124461
vt 0.974253 0.143010
vt 0.267905 0.406768
vt 0.249799 0.410799
vt 0.243036 0.380422
vt 0.261142 0.376391
vt 0.312454 0.437010
vt 0.322239 0.420865
vt 0.349745 0.431149
vt 0.343249 0.448523
vt 0.387696 0.381142
vt 0.369590 0.385173
vt 0.362680 0.354136
vt 0.380786 0.350106
vt 0.957927 0.094059
vt 0.957927 0.065869
vt 0.973870 0.070092
vt 0.973870 0.098157
vt 0.992598 0.120980
vt 0.974049 0.119275
vt 0.974049 0.100147
vt 0.992598 0.104915
vt 0.171936 0.981526
vt 0.191146 0.981229
vt 0.192732 0.995965
vt 0.172165 0.996284
vt 0.171748 0.969378
vt 0.190955 0.968889
vt 0.908679 0.029026
vt 0.926693 0.022160
vt 0.943930 0.058504
vt 0.924156 0.062459
vt 0.089744 0.950776
vt 0.105576 0.961077
vt 0.091566 0.977170
vt 0.077300 0.965147
vt 0.958331 0.018306
vt 0.941023 0.019830
vt 0.941023 0.001060
vt 0.958030 0.001060
vt 0.978187 0.002171
vt 0.976920 0.019417
vt 0.960879 0.019417
vt 0.960879 0.000851
vt 0.226487 0.798085
vt 0.238885 0.783690
vt 0.252933 0.808594
vt 0.238339 0.820571
vt 0.329752 0.418802
vt 0.326117 0.400464
vt 0.353832 0.398717
vt 0.354190 0.417680
vt 0.256562 0.850300
vt 0.237619 0.843489
vt 0.239209 0.824113
vt 0.256120 0.830139
vt 0.116994 0.685581
vt 0.128198 0.671219
vt 0.145601 0.681427
vt 0.132640 0.694327
vt 0.928020 0.063276
vt 0.946157 0.061461
vt 0.956106 0.089969
vt 0.937494 0.089001
vt 0.279663 0.787852
vt 0.288774 0.804496
vt 0.271850 0.823949
vt 0.264845 0.805400
vt 0.089336 0.977736
vt 0.087289 0.996827
vt 0.066480 0.988799
vt 0.070929 0.970634
vt 0.233981 0.827304
vt 0.233981 0.850620
vt 0.215433 0.845658
vt 0.215433 0.824916
vt 0.601437 0.703628
vt 0.597464 0.719813
vt 0.585231 0.716810
vt 0.589205 0.700624
vt 0.978535 0.124461
vt 0.987885 0.124461
vt 0.987885 0.143010
vt 0.978535 0.143010
vt 0.984465 0.168056
vt 0.996041 0.168056
vt 0.993143 0.186605
vt 0.983340 0.186605
vt 0.985239 0.164715
vt 0.984966 0.146166
vt 0.995552 0.146166
vt 0.995552 0.164715
vt 0.926514 0.020239
vt 0.921665 0.002213
vt 0.936424 0.001069
vt 0.940440 0.018812
vt 0.901478 0.003778
vt 0.907464 0.022190
vt 0.335218 0.390051
vt 0.330708 0.369791
vt 0.329520 0.364457
vt 0.336406 0.395385
vt 0.315250 0.396227
vt 0.308365 0.365299
vt 0.324188 0.361776
vt 0.331074 0.392704
vt 0.294946 0.400747
vt 0.288060 0.369819
vt 0.303883 0.366297
vt 0.310769 0.397225
vt 0.321625 0.995314
vt 0.304743 0.995382
vt 0.304743 0.897356
vt 0.321625 0.897289
vt 0.285725 0.995459
vt 0.285725 0.897433
vt 0.304743 0.872325
vt 0.321625 0.872257
vt 0.333711 0.899737
vt 0.334230 0.995265
vt 0.300321 0.995442
vt 0.300321 0.897416
vt 0.290696 0.872402
vt 0.306726 0.857435
vt 0.321074 0.857377
vt 0.332076 0.897292
vt 0.332076 0.872260
vt 0.351473 0.995198
vt 0.350244 0.903088
vt 0.305291 0.872385
vt 0.317143 0.872319
vt 0.317265 0.857429
vn 0.651756 -0.484498 0.583503
vn 0.500580 -0.553018 0.666026
vn 0.500580 -0.553019 0.666026
vn 0.650968 -0.484930 0.584024
vn 0.002495 0.000000 -0.999997
vn 0.002495 0.000000 -0.999997
vn -0.000930 0.000000 -1.000000
vn -0.000930 0.000000 -1.000000
vn 0.463631 -0.885497 0.030677
vn 0.380055 -0.924744 0.020153
vn 0.378661 -0.925536 0.000095
vn 0.472614 -0.881269 0.000042
vn 0.999998 0.002068 0.000722
vn 0.999766 -0.013088 0.017234
vn 0.999601 -0.017172 0.022409
vn 0.999999 -0.001227 0.000760
vn -1.000000 -0.000020 -0.000099
vn -0.999591 -0.018217 0.022060
vn -0.999641 -0.017069 0.020669
vn -1.000000 0.000001 0.000000
vn -0.358181 -0.933408 0.021331
vn -0.415057 -0.909232 0.032003
vn -0.382903 -0.923788 0.000000
vn -0.329962 -0.943994 0.000000
vn -0.002510 -0.000000 -0.999997
vn -0.002511 0.000000 -0.999997
vn -0.002511 -0.000000 -0.999997
vn -0.002510 -0.000000 -0.999997
vn -0.381052 -0.590621 0.711313
vn -0.480106 -0.560377 0.674889
vn -0.480106 -0.560378 0.674889
vn -0.380610 -0.590738 0.711452
vn -0.397381 -0.727920 0.558767
vn -0.373601 -0.802535 0.465145
vn -0.296342 -0.816471 0.495537
vn -0.310050 -0.742024 0.594365
vn 0.516698 -0.743392 0.424725
vn 0.553469 -0.652829 0.517190
vn 0.417012 -0.719782 0.554990
vn 0.388782 -0.795797 0.464280
vn 0.999999 0.001504 0.000259
vn 0.994403 -0.077547 0.071761
vn 0.995817 -0.082261 0.039763
vn 1.000000 0.000400 0.000079
vn 0.002495 -0.000000 -0.999997
vn 0.002495 0.000000 -0.999997
vn -0.000930 0.000000 -1.000000
vn -0.000765 -0.000023 -1.000000
vn -0.002511 0.000000 -0.999997
vn -0.002511 0.000000 -0.999997
vn -0.002510 0.000000 -0.999997
vn -0.002510 0.000000 -0.999997
vn -0.990953 -0.129216 0.036270
vn -0.993607 -0.091818 0.065690
vn -0.998037 -0.043816 0.044752
vn -0.991166 0.127197 0.037549
vn -0.454355 -0.812799 0.364581
vn -0.369548 -0.832611 0.412545
vn 0.443740 -0.813727 0.375423
vn 0.542636 -0.772528 0.329767
vn 1.000000 -0.000770 -0.000474
vn 0.994382 -0.099057 0.037305
vn 0.918616 -0.392969 0.041476
vn 0.865715 -0.500535 0.001575
vn -0.190460 0.470743 -0.861468
vn 0.002495 -0.000000 -0.999997
vn -0.000586 -0.000036 -1.000000
vn -0.248857 0.498141 -0.830618
vn 0.193303 0.471573 -0.860380
vn -0.002511 0.000000 -0.999997
vn -0.002510 0.000000 -0.999997
vn 0.166554 0.488010 -0.856800
vn -0.856167 -0.516699 0.000000
vn -0.853099 -0.520775 0.031885
vn -0.994373 -0.098981 0.037750
vn -1.000000 0.000181 -0.000112
vn 0.613735 -0.694536 0.375432
vn 0.615844 -0.736091 0.280902
vn 0.677901 -0.692427 0.246972
vn 0.717681 -0.618911 0.319192
vn 0.760218 -0.517157 0.393215
vn 0.680555 -0.579418 0.448464
vn 0.802053 -0.381535 0.459502
vn 0.759416 -0.415618 0.500548
vn 0.759416 -0.415618 0.500549
vn 0.840764 -0.345857 0.416532
vn -0.004383 0.000000 -0.999990
vn -0.004383 0.000000 -0.999990
vn -0.004379 0.000000 -0.999990
vn -0.004379 0.000000 -0.999990
vn -0.004273 -0.000095 -0.999991
vn -0.004383 0.000000 -0.999990
vn -0.004379 0.000000 -0.999990
vn -0.004322 -0.000168 -0.999991
vn -0.299687 0.485279 -0.821396
vn -0.004062 -0.000157 -0.999992
vn -0.004234 -0.000307 -0.999991
vn -0.356352 0.486167 -0.797907
vn 0.604474 -0.794682 0.055608
vn 0.528231 -0.847980 0.043611
vn 0.521330 -0.853355 0.000000
vn 0.605096 -0.796153 0.000236
vn -0.478512 -0.877062 0.042288
vn -0.536412 -0.842501 0.049547
vn -0.534207 -0.845354 0.000000
vn -0.470744 -0.882270 0.000000
vn 0.310630 0.487152 -0.816206
vn 0.003532 -0.000136 -0.999994
vn 0.000442 -0.000033 -1.000000
vn 0.260875 0.503210 -0.823847
vn 0.003722 -0.000083 -0.999993
vn 0.003821 0.000000 -0.999993
vn 0.000753 0.000000 -1.000000
vn 0.000606 -0.000021 -1.000000
vn 0.000753 0.000000 -1.000000
vn 0.003821 0.000000 -0.999993
vn 0.003821 0.000000 -0.999993
vn 0.000753 0.000000 -1.000000
vn -0.610665 -0.505873 0.609246
vn -0.706724 -0.451957 0.544313
vn -0.706724 -0.451956 0.544313
vn -0.610011 -0.506195 0.609634
vn -0.622164 -0.619196 0.479070
vn -0.561720 -0.729671 0.389937
vn -0.479386 -0.763205 0.433251
vn -0.515680 -0.671248 0.532448
vn -0.572296 -0.771898 0.276860
vn -0.516113 -0.794166 0.320823
vn -0.002505 0.000000 -0.999997
vn -0.002506 0.000000 -0.999997
vn -0.002507 0.000000 -0.999997
vn -0.002507 0.000000 -0.999997
vn 0.117173 0.458519 -0.880926
vn -0.002505 0.000000 -0.999997
vn -0.002507 0.000000 -0.999997
vn 0.115429 0.451857 -0.884591
vn -0.251960 -0.967738 0.000000
vn -0.272118 -0.962256 0.003926
vn -0.272425 -0.962136 0.008847
vn -0.251960 -0.967738 0.000000
vn -0.187479 -0.835329 0.516794
vn -0.270182 -0.851741 0.448930
vn -0.273471 -0.841388 0.466134
vn -0.189371 -0.829786 0.524970
vn -0.184080 -0.775867 0.603444
vn -0.184456 -0.774816 0.604679
vn -0.228625 -0.621898 0.748982
vn -0.228624 -0.621899 0.748981
vn -0.228626 -0.621898 0.748981
vn -0.228627 -0.621898 0.748981
vn -0.002506 -0.000000 -0.999997
vn -0.002507 0.000000 -0.999997
vn -0.002507 -0.000000 -0.999997
vn -0.002506 -0.000000 -0.999997
vn 0.319539 -0.947441 0.015820
vn 0.272181 -0.962208 0.008538
vn 0.251572 -0.967839 -0.000040
vn 0.315485 -0.948931 0.000004
vn -0.115451 0.452610 -0.884203
vn 0.002492 -0.000000 -0.999997
vn 0.002493 -0.000000 -0.999997
vn -0.151095 0.474678 -0.867094
vn 0.002492 0.000000 -0.999997
vn 0.002492 0.000000 -0.999997
vn 0.002493 0.000000 -0.999997
vn 0.002493 -0.000000 -0.999997
vn 0.002492 0.000000 -0.999997
vn 0.002492 0.000000 -0.999997
vn 0.002493 0.000000 -0.999997
vn 0.002493 0.000000 -0.999997
vn 0.376585 -0.591789 0.712720
vn 0.259122 -0.616998 0.743081
vn 0.259123 -0.616998 0.743081
vn 0.376112 -0.591912 0.712867
vn 0.293375 -0.816059 0.497976
vn 0.303148 -0.748162 0.590217
vn 0.209506 -0.771192 0.601141
vn 0.209277 -0.828473 0.519457
vn 0.287784 -0.842412 0.455546
vn 0.358074 -0.833855 0.420081
vn -0.589826 -0.805669 0.054809
vn -0.596442 -0.802656 0.000000
vn -0.558496 -0.829507 0.000000
vn -0.564803 -0.823086 0.059393
vn 0.382229 0.509789 -0.770724
vn 0.004037 -0.000254 -0.999992
vn 0.003696 -0.000275 -0.999993
vn 0.337380 0.505090 -0.794392
vn 0.003871 -0.000113 -0.999993
vn 0.003818 0.000000 -0.999993
vn 0.003822 0.000000 -0.999993
vn 0.003774 -0.000149 -0.999993
vn 0.003818 0.000000 -0.999993
vn 0.003818 0.000000 -0.999993
vn 0.003822 0.000000 -0.999993
vn 0.003822 0.000000 -0.999993
vn -0.812914 -0.372038 0.448062
vn -0.890348 -0.290842 0.350274
vn -0.890348 -0.290841 0.350274
vn -0.812229 -0.372647 0.448796
vn -0.845592 -0.419540 0.330093
vn -0.766671 -0.571010 0.293534
vn -0.684222 -0.647914 0.334736
vn -0.728685 -0.541483 0.419301
vn -0.663317 -0.712736 0.228076
vn -0.632483 -0.733474 0.248959
vn -0.589106 -0.000018 -0.808056
vn -0.004454 -0.000131 -0.999990
vn -0.004367 0.000000 -0.999991
vn -0.594747 0.000000 -0.803913
vn -0.470551 0.404087 -0.784407
vn -0.004734 -0.000299 -0.999989
vn -0.578305 -0.000047 -0.815820
vn -0.573271 0.253589 -0.779136
vn 0.732438 -0.677233 0.069935
vn 0.752049 -0.659105 0.001666
vn 0.814959 -0.519110 0.257617
vn 0.812025 -0.517410 0.270003
vn 0.719630 -0.657724 0.222558
vn 0.747439 -0.633019 0.201551
vn 0.882100 -0.367000 0.295316
vn 0.879976 -0.374066 0.292775
vn 0.918437 -0.252694 0.304333
vn 0.918437 -0.252695 0.304334
vn 0.918437 -0.252696 0.304334
vn 0.918437 -0.252696 0.304333
vn -0.004366 0.000000 -0.999990
vn -0.004367 0.000000 -0.999990
vn -0.004367 0.000000 -0.999990
vn -0.004366 0.000000 -0.999990
vn 0.982176 -0.118753 0.145700
vn 0.985058 -0.109279 0.133110
vn 0.963505 -0.212251 0.163119
vn 0.937906 -0.299217 0.175505
vn -0.893748 -0.417351 0.164414
vn -0.722400 -0.680752 0.121308
vn -0.727394 -0.666679 0.162593
vn -0.962717 -0.215288 0.163788
vn -0.938217 -0.297878 0.176116
vn -0.984441 -0.111904 0.135472
vn -0.984450 -0.111870 0.135435
vn -0.832690 -0.510159 0.215328
vn -0.673432 -0.712189 0.198183
vn -0.920543 -0.324746 0.217121
vn -0.897443 -0.379930 0.224165
vn -0.967352 -0.161802 0.195067
vn -0.967261 -0.162025 0.195331
vn 0.963106 -0.171862 0.207102
vn 0.967223 -0.162140 0.195423
vn 0.920485 -0.325061 0.216892
vn 0.897275 -0.380298 0.224212
vn -0.771514 -0.577359 0.267250
vn -0.874261 -0.407229 0.264257
vn -0.934962 -0.226991 0.272619
vn -0.934944 -0.227021 0.272656
vn 0.928500 -0.236921 0.285931
vn 0.935660 -0.225210 0.271699
vn 0.874216 -0.407606 0.263826
vn 0.832743 -0.510083 0.215299
vn -0.912138 -0.313917 0.263553
vn -0.854081 -0.412316 0.317083
vn -0.915849 -0.256987 0.308511
vn -0.903481 -0.274054 0.329570
vn 0.916176 -0.255631 0.308666
vn 0.916282 -0.255476 0.308479
vn 0.912819 -0.312260 0.263165
vn 0.000000 1.000000 0.000000
vn 0.000000 1.000000 0.000000
vn 0.000000 1.000000 0.000000
vn 0.000000 1.000000 0.000000
vn 0.000000 1.000000 0.000000
vn 0.000000 1.000000 0.000000
vn 0.000000 1.000000 0.000000
vn 0.000000 1.000000 0.000000
vn 0.000000 1.000000 0.000000
vn 0.000000 1.000000 0.000000
vn 0.000000 1.000000 0.000000
vn 0.000000 1.000000 0.000000
vn 0.000000 1.000000 0.000000
vn 0.000000 1.000000 0.000000
vn 0.000000 1.000000 0.000000
vn 0.000000 1.000000 0.000000
vn 0.000000 1.000000 0.000000
vn 0.000000 1.000000 0.000000
vn 0.000000 1.000000 0.000000
vn 0.000000 1.000000 0.000000
vn 0.000000 1.000000 -0.000000
vn 0.000000 1.000000 -0.000000
vn 0.000000 1.000000 -0.000000
vn 0.000000 1.000000 -0.000000
vn 0.000000 1.000000 0.000000
vn 0.000000 1.000000 0.000000
vn 0.000000 1.000000 0.000000
vn 0.000000 1.000000 0.000000
vn 0.000000 1.000000 0.000000
vn 0.000000 1.000000 0.000000
vn 0.000000 1.000000 0.000000
vn 0.000000 1.000000 0.000000
vn 0.000000 1.000000 0.000000
vn 0.000000 1.000000 0.000000
vn 0.000000 1.000000 0.000000
vn 0.000000 1.000000 0.000000
vn 0.000000 1.000000 0.000000
vn 0.000000 1.000000 0.000000
vn 0.000000 1.000000 0.000000
vn 0.000000 1.000000 0.000000
vn 0.000000 1.000000 -0.000000
vn 0.000000 1.000000 0.000000
vn 0.000000 1.000000 0.000001
vn 0.000000 1.000000 0.000001
vn 0.000000 1.000000 0.000000
vn 0.000000 1.000000 0.000000
vn 0.000000 1.000000 0.000000
vn 0.000000 1.000000 0.000000
vn 0.000000 1.000000 0.000000
vn 0.000000 1.000000 0.000001
vn 0.000000 1.000000 0.000000
vn 0.000000 1.000000 0.000000
vn 0.000000 1.000000 -0.000001
vn 0.000000 1.000000 -0.000001
vn 0.000000 1.000000 -0.000000
vn 0.000000 1.000000 -0.000000
vn 0.000000 1.000000 0.000000
vn 0.000000 1.000000 0.000000
vn 0.000000 1.000000 0.000001
vn 0.000000 1.000000 0.000001
vn 0.000000 1.000000 0.000000
vn 0.000000 1.000000 0.000000
vn 0.000000 1.000000 0.000000
vn 0.000000 1.000000 0.000000
vn 0.000000 1.000000 -0.000000
vn 0.000000 1.000000 -0.000000
vn 0.000000 1.000000 -0.000000
vn 0.000000 1.000000 -0.000000
vn 0.000000 1.000000 0.000000
vn 0.000000 1.000000 0.000000
vn 0.000000 1.000000 0.000000
vn 0.000000 1.000000 0.000000
vn -1.000000 -0.000000 0.000000
vn -0.999756 -0.006061 0.021241
vn -0.999856 -0.000000 0.016962
vn -1.000000 -0.000000 0.000000
vn 0.999829 -0.009208 -0.016064
vn 0.999941 -0.010829 -0.001090
vn 0.999941 -0.010829 -0.001090
vn 0.999829 -0.009208 -0.016064
vn -0.000008 -0.000009 -1.000000
vn -0.000008 -0.000009 -1.000000
vn -0.000008 -0.000009 -1.000000
vn -0.000008 -0.000009 -1.000000
vn 0.999773 -0.005875 0.020461
vn 1.000000 0.000000 0.000000
vn 1.000000 0.000000 0.000000
vn 0.999865 0.000000 0.016431
vn 0.028271 -0.007822 -0.999570
vn 0.028271 -0.007822 -0.999570
vn 0.028271 -0.007822 -0.999570
vn 0.028271 -0.007822 -0.999570
vn -0.999969 -0.007815 -0.000806
vn -0.999861 -0.006650 -0.015316
vn -0.999861 -0.006650 -0.015316
vn -0.999969 -0.007815 -0.000806
vn -0.989595 -0.035045 0.139546
vn -0.990801 0.000000 0.135324
vn 0.991155 0.000000 -0.132713
vn 0.991155 0.000000 -0.132713
vn 0.989854 -0.034864 0.137742
vn 0.991063 0.000000 0.133396
vn -0.991406 0.000000 -0.130820
vn -0.991406 0.000000 -0.130820
vn -0.978595 -0.048550 0.199986
vn -0.980647 0.000000 0.195783
vn 0.981380 0.000000 -0.192079
vn 0.981380 0.000000 -0.192079
vn 0.978613 -0.048783 0.199844
vn 0.980664 0.000000 0.195697
vn -0.981396 0.000000 -0.191996
vn -0.981396 0.000000 -0.191996
vn -0.956353 -0.071074 0.283437
vn -0.960493 0.000000 0.278304
vn 0.961944 0.000000 -0.273248
vn 0.961944 0.000000 -0.273248
vn 0.957148 -0.069867 0.281046
vn 0.961096 0.000000 0.276216
vn -0.962525 0.000000 -0.271192
vn -0.962525 0.000000 -0.271192
vn -0.930576 0.000000 0.366100
vn -0.927336 -0.083367 0.364825
vn -0.865157 -0.117744 0.487483
vn -0.879186 0.000000 0.476479
vn 0.883094 0.000000 -0.469196
vn 0.933011 0.000000 -0.359847
vn 0.933011 0.000000 -0.359847
vn 0.883094 0.000000 -0.469196
vn -0.935184 -0.082976 0.344306
vn -0.939459 0.000000 0.342660
vn 0.941613 0.000000 -0.336698
vn 0.941613 0.000000 -0.336698
vn -0.792256 0.000000 0.610189
vn -0.783700 -0.146566 0.603599
vn -0.692981 -0.163507 0.702171
vn -0.711988 0.000000 0.702191
vn 0.718917 0.000000 -0.695096
vn 0.798057 0.000000 -0.602583
vn 0.798057 0.000000 -0.602583
vn 0.718917 0.000000 -0.695096
vn -0.579671 0.000000 0.814851
vn -0.568336 -0.196795 0.798916
vn -0.458385 -0.197922 0.866435
vn -0.475567 0.000000 0.879680
vn 0.482894 0.000000 -0.875679
vn 0.587310 0.000000 -0.809362
vn 0.587310 0.000000 -0.809362
vn 0.482894 0.000000 -0.875679
vn -0.291950 0.000000 0.956434
vn -0.284520 -0.224176 0.932091
vn -0.284611 -0.222831 0.932386
vn -0.291952 0.000000 0.956433
vn 0.297288 0.000000 -0.954788
vn 0.297288 0.000000 -0.954788
vn 0.297289 0.000000 -0.954788
vn 0.297289 0.000000 -0.954788
vn 0.329270 0.000000 0.944236
vn 0.321158 -0.220594 0.920976
vn 0.452598 -0.203741 0.868127
vn 0.470805 0.000000 0.882237
vn -0.478100 0.000000 -0.878305
vn -0.335133 0.000000 -0.942171
vn -0.335133 0.000000 -0.942171
vn -0.478100 0.000000 -0.878305
vn 0.600813 0.000000 0.799389
vn 0.589669 -0.191711 0.784562
vn 0.729713 -0.155474 0.665843
vn 0.749717 0.000000 0.661759
vn -0.756187 0.000000 -0.654355
vn -0.608426 0.000000 -0.793611
vn -0.608426 0.000000 -0.793611
vn -0.756187 0.000000 -0.654355
vn 0.834946 0.000000 0.550332
vn 0.827601 -0.132356 0.545490
vn 0.886885 -0.111917 0.448229
vn 0.899577 0.000000 0.436762
vn -0.902934 0.000000 -0.429779
vn -0.839910 0.000000 -0.542726
vn -0.839910 0.000000 -0.542726
vn -0.902934 0.000000 -0.429779
vn 0.949244 0.000000 0.314542
vn 0.946729 -0.072739 0.313709
vn 0.946243 -0.072303 0.315271
vn 0.948674 0.000000 0.316256
vn -0.950525 0.000000 -0.310648
vn -0.951076 0.000000 -0.308958
vn -0.951076 0.000000 -0.308958
vn -0.950525 0.000000 -0.310648
vn 0.003818 0.000000 -0.999993
vn 0.003818 0.000000 -0.999993
vn 0.003822 0.000000 -0.999993
vn 0.003822 0.000000 -0.999993
vn 0.000753 0.000000 -1.000000
vn 0.003821 0.000000 -0.999993
vn 0.003821 0.000000 -0.999993
vn 0.000753 0.000000 -1.000000
vn -0.002510 -0.000000 -0.999997
vn -0.002511 -0.000000 -0.999997
vn -0.002511 0.000000 -0.999997
vn -0.002510 0.000000 -0.999997
vn -0.002507 0.000000 -0.999997
vn -0.002507 0.000000 -0.999997
vn -0.002506 -0.000000 -0.999997
vn -0.002505 0.000000 -0.999997
vn 0.002492 0.000000 -0.999997
vn 0.002493 0.000000 -0.999997
vn 0.002493 0.000000 -0.999997
vn 0.002492 0.000000 -0.999997
vn 0.002495 0.000000 -0.999997
vn 0.002495 0.000000 -0.999997
vn -0.000930 0.000000 -1.000000
vn -0.000930 0.000000 -1.000000
vn -0.004383 0.000000 -0.999990
vn -0.004383 0.000000 -0.999990
vn -0.004379 0.000000 -0.999990
vn -0.004379 0.000000 -0.999990
vn -0.004366 0.000000 -0.999990
vn -0.004367 0.000000 -0.999990
vn -0.004367 -0.000000 -0.999990
vn -0.004366 0.000000 -0.999990
vn 1.000000 0.000000 0.000000
vn 0.999850 -0.009315 0.014574
vn 0.999674 -0.015260 0.020457
vn 0.999997 -0.002639 0.000256
vn 0.987900 -0.083512 0.130688
vn 0.986658 -0.088327 0.136767
vn 0.973647 -0.122855 0.192141
vn 0.971852 -0.126925 0.198479
vn 0.947535 -0.172077 0.269384
vn 0.944349 -0.177046 0.277235
vn 0.929144 -0.198849 0.311690
vn 0.929317 -0.198618 0.311322
vn 0.930570 -0.197378 0.308353
vn 0.930569 -0.197379 0.308354
vn 0.930569 -0.197380 0.308354
vn 0.930569 -0.197379 0.308354
vn 0.870597 -0.265244 0.414374
vn 0.787511 -0.332259 0.519066
vn 0.787512 -0.332257 0.519067
vn 0.857528 -0.277342 0.433275
vn 0.695938 -0.387143 0.604806
vn 0.534859 -0.455524 0.711635
vn 0.534860 -0.455522 0.711635
vn 0.678344 -0.396113 0.618825
vn 0.413733 -0.490811 0.766766
vn 0.281795 -0.517268 0.808099
vn 0.281796 -0.517269 0.808099
vn 0.402102 -0.493613 0.771142
vn -0.248993 -0.522137 0.815705
vn -0.248995 -0.522137 0.815705
vn -0.248995 -0.522136 0.815705
vn -0.248993 -0.522137 0.815706
vn -0.417843 -0.489798 0.765183
vn -0.513959 -0.462462 0.722478
vn -0.513960 -0.462462 0.722478
vn -0.407057 -0.492430 0.769297
vn -0.654164 -0.407763 0.637023
vn -0.737962 -0.363820 0.568373
vn -0.737962 -0.363820 0.568372
vn -0.639292 -0.414562 0.647645
vn -0.845499 -0.287877 0.449731
vn -0.906030 -0.228162 0.356443
vn -0.906030 -0.228162 0.356444
vn -0.831219 -0.299721 0.468234
vn -0.927675 -0.201899 0.314095
vn -0.946702 -0.174091 0.271012
vn -0.943382 -0.179295 0.279075
vn -0.927904 -0.201590 0.313616
vn -0.973650 -0.122777 0.192174
vn -0.971828 -0.126976 0.198566
vn -0.987590 -0.084271 0.132528
vn -0.986404 -0.088183 0.138679
vn -0.999834 -0.009774 0.015374
vn -0.999661 -0.013971 0.021978
vn -1.000000 -0.000001 0.000000
vn -1.000000 -0.000001 0.000000
vn 0.002277 0.000309 -0.999997
vn 0.002277 0.000309 -0.999997
vn 0.002277 0.000309 -0.999997
vn 0.002277 0.000309 -0.999997
vn 0.065558 0.062245 -0.995906
vn 0.065558 0.062245 -0.995906
vn 0.065558 0.062245 -0.995906
vn 0.065558 0.062245 -0.995906
vn -0.001962 -0.002947 -0.999994
vn -0.001962 -0.002947 -0.999994
vn -0.001962 -0.002947 -0.999994
vn -0.001962 -0.002947 -0.999994
vn 0.002113 -0.003442 -0.999992
vn 0.002113 -0.003442 -0.999992
vn 0.002113 -0.003442 -0.999992
vn 0.002113 -0.003442 -0.999992
vn -0.002729 0.000944 -0.999996
vn -0.002729 0.000944 -0.999996
vn -0.002729 0.000944 -0.999996
vn -0.002729 0.000944 -0.999996
vn 0.002619 0.000890 -0.999996
vn 0.002619 0.000890 -0.999996
vn 0.002619 0.000890 -0.999996
vn 0.002619 0.000890 -0.999996
vn 0.002500 -0.003742 -0.999990
vn 0.002500 -0.003742 -0.999990
vn 0.002500 -0.003742 -0.999990
vn 0.002500 -0.003742 -0.999990
vn 0.001345 0.000000 -0.999999
vn 0.001345 0.000000 -0.999999
vn 0.001345 0.000000 -0.999999
vn 0.001345 0.000000 -0.999999
vn -0.002956 0.000000 -0.999996
vn -0.002916 0.000000 -0.999996
vn 0.001344 0.000000 -0.999999
vn 0.001344 0.000000 -0.999999
vn -0.021696 -0.172717 -0.984733
vn -0.021696 -0.172717 -0.984733
vn -0.021696 -0.172717 -0.984733
vn -0.021696 -0.172717 -0.984733
vn -0.001357 0.000000 -0.999999
vn -0.001357 0.000000 -0.999999
vn -0.001357 0.000000 -0.999999
vn -0.001357 0.000000 -0.999999
vn -0.001341 0.000000 -0.999999
vn 0.001632 0.000000 -0.999999
vn 0.002238 0.000000 -0.999997
vn -0.001341 0.000000 -0.999999
vn 0.495706 -0.637603 -0.589693
vn 0.422309 -0.602581 -0.677164
vn 0.415416 -0.599012 -0.684554
vn 0.495706 -0.637603 -0.589693
vn -0.001232 -0.398076 -0.917352
vn -0.001232 -0.398076 -0.917352
vn -0.001232 -0.398076 -0.917352
vn -0.001232 -0.398076 -0.917352
vn -0.001346 0.000000 -0.999999
vn -0.001346 0.000000 -0.999999
vn -0.001346 0.000000 -0.999999
vn -0.001346 0.000000 -0.999999
vn -0.434324 0.892741 -0.119901
vn -0.368623 0.925013 -0.092025
vn -0.362589 0.902272 -0.233311
vn -0.437128 0.864189 -0.249192
vn 0.328491 0.934704 -0.135729
vn 0.389841 0.910102 -0.140494
vn 0.380772 0.892316 -0.242456
vn 0.310751 0.923126 -0.226433
vn -0.599564 0.780357 -0.177670
vn -0.507664 0.846625 -0.159701
vn -0.498219 0.827370 -0.259301
vn -0.576816 0.771399 -0.268752
vn 0.462459 0.874459 -0.146470
vn 0.520681 0.839634 -0.154613
vn 0.511551 0.821548 -0.251744
vn 0.449687 0.859496 -0.243000
vn 0.241683 0.945654 -0.217549
vn 0.245177 0.961691 -0.122635
vn 0.244644 0.961589 -0.124481
vn 0.241670 0.947465 -0.209536
vn -0.307863 0.946577 -0.095986
vn -0.244670 0.963505 -0.108603
vn -0.241029 0.944643 -0.222608
vn -0.298302 0.927264 -0.226269
vn 0.546433 0.821765 -0.161596
vn 0.580703 0.796115 -0.170248
vn 0.567966 0.775110 -0.276802
vn 0.533893 0.806600 -0.253683
vn 0.812386 0.541794 -0.215609
vn 0.979143 0.000000 -0.203172
vn 0.938019 0.000000 -0.346583
vn 0.779369 0.548700 -0.302509
vn 0.982675 0.000000 -0.185336
vn 0.982563 -0.000010 -0.185931
vn 0.937802 0.000000 -0.347170
vn 0.938003 0.000000 -0.346627
vn 0.942666 -0.018110 -0.333245
vn 0.981470 -0.016455 -0.190910
vn 0.976550 -0.000000 -0.215293
vn 0.976550 0.000000 -0.215293
vn -0.937802 0.000000 -0.347171
vn -0.972952 0.000000 -0.231009
vn -0.972952 0.000000 -0.231009
vn -0.938003 0.000000 -0.346627
vn -0.938019 0.000000 -0.346583
vn -0.972952 0.000000 -0.231009
vn -0.896481 0.379428 -0.228813
vn -0.865025 0.380139 -0.327454
vn -0.734445 0.648307 -0.200720
vn -0.712667 0.626244 -0.316108
vn -0.972952 0.000000 -0.231009
vn -0.972952 0.000000 -0.231009
vn -0.972952 0.000000 -0.231009
vn -0.972952 0.000000 -0.231009
vn 0.976550 0.000001 -0.215293
vn 0.976550 -0.000000 -0.215293
vn 0.976550 0.000000 -0.215293
vn 0.976550 0.000001 -0.215293
vn -0.972952 0.000000 -0.231009
vn -0.972952 0.000000 -0.231009
vn -0.972952 0.000000 -0.231009
vn -0.972952 0.000000 -0.231009
vn 0.520021 -0.000058 -0.854154
vn 0.508745 0.371426 -0.776673
vn 0.544708 0.000000 -0.838626
vn 0.535684 -0.000023 -0.844418
vn 0.547077 0.000000 -0.837082
vn 0.710412 0.000000 -0.703786
vn 0.710412 0.000000 -0.703786
vn -0.710412 0.000000 -0.703786
vn -0.710412 0.000000 -0.703786
vn -0.710412 0.000000 -0.703786
vn -0.710412 0.000000 -0.703786
vn 0.710412 0.000000 -0.703786
vn 0.710412 0.000000 -0.703786
vn 0.710412 0.000000 -0.703786
vn 0.710412 0.000000 -0.703786
vn -0.710412 0.000000 -0.703786
vn -0.710412 -0.000000 -0.703786
vn -0.710412 0.000000 -0.703786
vn -0.710412 0.000000 -0.703786
vn 0.000000 0.000000 -1.000000
vn 0.000000 0.000000 -1.000000
vn 0.000000 0.000000 -1.000000
vn 0.000000 0.000000 -1.000000
vn 0.953652 -0.229780 0.194291
vn 0.978939 -0.154312 0.133664
vn 0.999094 -0.033363 0.026430
vn 0.999966 -0.008146 0.000975
vn -0.001328 -0.161536 -0.986866
vn -0.001328 -0.161536 -0.986866
vn -0.001328 -0.161536 -0.986866
vn -0.001328 -0.161536 -0.986866
vn -0.972952 0.000000 -0.231009
vn -0.972952 0.000000 -0.231009
vn -0.710412 0.000000 -0.703786
vn -0.710412 0.000000 -0.703786
vn -0.004366 0.000000 -0.999990
vn -0.004367 0.000000 -0.999991
vn -0.004383 0.000000 -0.999990
vn -0.004379 0.000000 -0.999990
vn 0.002495 0.000000 -0.999997
vn -0.000930 0.000000 -1.000000
vn 0.002492 0.000000 -0.999997
vn 0.002493 0.000000 -0.999997
vn -0.002506 -0.000000 -0.999997
vn -0.002507 -0.000000 -0.999997
vn -0.002511 0.000000 -0.999997
vn -0.002510 -0.000000 -0.999997
vn 0.003821 0.000000 -0.999993
vn 0.000753 0.000000 -1.000000
vn 0.003818 0.000000 -0.999993
vn 0.003822 0.000000 -0.999993
vn 0.939825 -0.016468 -0.341258
vn 0.542818 0.000000 -0.839850
vn 0.980869 -0.019248 -0.193715
vn -0.028996 -0.122507 -0.992044
vn -0.028996 -0.122507 -0.992044
vn -0.028996 -0.122507 -0.992044
vn -0.028996 -0.122507 -0.992044
vn -0.999995 -0.003214 0.000213
vn -0.999479 -0.024495 0.021003
vn -0.978568 -0.154457 0.136188
vn -0.953946 -0.228575 0.194268
vn -0.988139 0.153557 0.001464
vn 0.038263 0.223155 -0.974032
vn 0.038263 0.223155 -0.974032
vn 0.038263 0.223155 -0.974032
vn 0.038263 0.223155 -0.974032
vn -0.710412 0.000000 -0.703786
vn -0.710412 0.000000 -0.703786
vn -0.972952 0.000000 -0.231009
vn -0.972952 0.000000 -0.231009
vn -0.003628 0.284486 -0.958673
vn -0.003927 0.284364 -0.958708
vn -0.013534 0.280420 -0.959782
vn -0.013534 0.280420 -0.959782
vn 0.999110 -0.009885 0.040999
vn 0.999110 -0.009885 0.040999
vn 0.999110 -0.009885 0.040999
vn 0.999110 -0.009885 0.040999
vn -0.335131 0.000000 -0.942172
vn -0.335131 0.000000 -0.942172
vn 0.000000 1.000000 -0.000001
vn 0.000000 1.000000 -0.000001
vn 0.090186 -0.216792 0.972043
vn 0.329268 0.000000 0.944237
vn 0.078870 -0.537438 0.839607
vn 0.077909 -0.537478 0.839671
vn 0.071550 -0.637180 0.767386
vn 0.071512 -0.637181 0.767389
vn 0.058009 -0.775333 0.628882
vn 0.054530 -0.841318 0.537783
vn 0.070391 -0.866240 0.494645
vn 0.061338 -0.998111 0.003387
vn 0.056833 -0.998384 0.000000
vn 0.002100 0.001205 -0.999997
vn 0.002100 0.001205 -0.999997
vn 0.002100 0.001205 -0.999997
vn 0.002100 0.001205 -0.999997
vn -0.056072 0.990269 -0.127369
vn -0.054289 0.974627 -0.217154
vn -0.026998 0.506087 -0.862060
vn 0.000524 0.000000 -1.000000
vn 0.000539 0.000000 -1.000000
vn 0.000528 0.000000 -1.000000
vn 0.000539 0.000000 -1.000000
vn 0.000539 0.000000 -1.000000
vn 0.000539 0.000000 -1.000000
vn 0.000539 0.000000 -1.000000
vn 0.000539 0.000000 -1.000000
vn 0.000000 1.000000 0.000000
vn 0.000000 1.000000 0.000000
vn -0.002927 0.000925 -0.999995
vn -0.002927 0.000925 -0.999995
vn -0.002927 0.000925 -0.999995
vn -0.002927 0.000925 -0.999995
vn -1.000000 0.000000 0.000000
vn -0.999764 -0.013076 0.017348
vn -0.986343 -0.096703 0.133326
vn -0.971248 -0.139310 0.193057
vn -0.941973 -0.197878 0.271167
vn -0.925273 -0.215207 0.312339
vn -0.900412 -0.252540 0.354234
vn -0.833168 -0.323579 0.448473
vn -0.724941 -0.403380 0.558342
vn -0.638022 -0.448155 0.626167
vn -0.499104 -0.508584 0.701596
vn -0.404262 -0.530950 0.744758
vn -0.240360 -0.567624 0.787420
vn -0.240468 -0.567077 0.787781
vn 0.076208 -0.577018 0.813168
vn 0.272276 -0.562332 0.780800
vn 0.399378 -0.534186 0.745079
vn 0.520091 -0.500661 0.691985
vn 0.679669 -0.427071 0.596374
vn 0.775889 -0.369406 0.511406
vn 0.849478 -0.307476 0.428772
vn 0.930569 -0.197380 0.308354
vn 0.930569 -0.197380 0.308354
vn 0.929067 -0.198954 0.311853
vn 0.952186 -0.164518 0.257440
vn 0.976059 -0.117151 0.183258
vn 0.989613 -0.079469 0.119792
vn 0.999941 -0.008223 0.007077
vn 0.999991 -0.004126 0.000617
vn 0.976550 -0.000002 -0.215293
vn 0.976550 -0.000002 -0.215293
vn 0.710412 0.000000 -0.703786
vn 0.710412 0.000000 -0.703786
vn 0.003818 0.000000 -0.999993
vn 0.003822 0.000000 -0.999993
vn 0.003821 0.000000 -0.999993
vn 0.000753 0.000000 -1.000000
vn -0.002511 0.000000 -0.999997
vn -0.002510 0.000000 -0.999997
vn -0.002505 0.000000 -0.999997
vn -0.002507 0.000000 -0.999997
vn 0.002492 0.000000 -0.999997
vn 0.000539 0.000000 -1.000000
vn 0.002493 0.000000 -0.999997
vn -0.000930 0.000000 -1.000000
vn 0.002495 0.000000 -0.999997
vn -0.004379 -0.000000 -0.999990
vn -0.004383 0.000000 -0.999990
vn -0.004367 -0.000000 -0.999990
vn -0.004366 -0.000000 -0.999991
vn -0.710412 -0.000001 -0.703786
vn -0.710412 -0.000001 -0.703786
vn -0.972952 0.000000 -0.231009
vn -0.972952 0.000000 -0.231009
vn 0.008674 -0.010515 -0.999907
vn 0.008674 -0.010515 -0.999907
vn 0.008674 -0.010515 -0.999907
vn 0.008674 -0.010515 -0.999907
vn -0.000010 -0.000009 -1.000000
vn -0.000010 -0.000009 -1.000000
vn -0.000010 -0.000009 -1.000000
vn -0.000010 -0.000009 -1.000000
vn -0.999838 -0.017875 -0.002020
vn -0.999838 -0.017875 -0.002020
vn -0.999838 -0.017875 -0.002020
vn -0.999838 -0.017875 -0.002020
vn 0.000000 1.000000 0.000000
vn 0.000000 1.000000 0.000000
vn 0.000000 1.000000 0.000000
vn 0.000000 1.000000 0.000000
vn 1.000000 0.000000 0.000000
vn 1.000000 0.000000 0.000000
vn 1.000000 0.000000 0.000000
vn 1.000000 0.000000 0.000000
vn -0.993728 -0.110507 -0.017099
vn -0.993728 -0.110507 -0.017099
vn -0.993728 -0.110507 -0.017099
vn -0.993728 -0.110507 -0.017099
vn 1.000000 0.000000 0.000000
vn 1.000000 0.000000 0.000000
vn 1.000000 0.000000 0.000000
vn 1.000000 0.000000 0.000000
vn 0.000002 -1.000000 0.000000
vn 0.000002 -1.000000 0.000000
vn 0.000002 -1.000000 0.000000
vn 0.000002 -1.000000 0.000000
vn -1.000000 0.000000 0.000000
vn -1.000000 0.000000 0.000000
vn -1.000000 0.000000 0.000000
vn -1.000000 0.000000 0.000000
vn -0.995723 -0.092392 0.000000
vn -0.995723 -0.092392 0.000000
vn -0.995723 -0.092392 0.000000
vn -0.995723 -0.092392 0.000000
vn 0.000000 1.000000 0.000000
vn 0.000000 1.000000 0.000000
vn 0.000000 1.000000 0.000000
vn 0.000000 1.000000 0.000000
vn 1.000000 0.000000 0.000000
vn 1.000000 0.000000 0.000000
vn 1.000000 0.000000 0.000000
vn 1.000000 0.000000 0.000000
vn 0.000002 -1.000000 0.000000
vn 0.000002 -1.000000 0.000000
vn 0.000002 -1.000000 0.000000
vn 0.000002 -1.000000 0.000000
vn -1.000000 0.000000 0.000000
vn -1.000000 0.000000 0.000000
vn -1.000000 0.000000 0.000000
vn -1.000000 0.000000 0.000000
vn 1.000000 0.000000 0.000000
vn 1.000000 0.000000 0.000000
vn 1.000000 0.000000 0.000000
vn 1.000000 0.000000 0.000000
vn -1.000000 0.000000 0.000000
vn -1.000000 0.000000 0.000000
vn -1.000000 0.000000 0.000000
vn -1.000000 0.000000 0.000000
vn -0.000002 1.000000 0.000000
vn -0.000002 1.000000 0.000000
vn -0.000002 1.000000 0.000000
vn -0.000002 1.000000 0.000000
vn 1.000000 0.000000 0.000000
vn 1.000000 0.000000 0.000000
vn 1.000000 0.000000 0.000000
vn 1.000000 0.000000 0.000000
vn -1.000000 0.000000 0.000000
vn -1.000000 0.000000 0.000000
vn -1.000000 0.000000 0.000000
vn -1.000000 0.000000 0.000000
vn 1.000000 0.000000 0.000000
vn 1.000000 0.000000 0.000000
vn 1.000000 0.000000 0.000000
vn 1.000000 0.000000 0.000000
vn 0.174744 -0.984610 0.002800
vn 0.174744 -0.984610 0.002800
vn 0.174744 -0.984610 0.002800
vn 0.174744 -0.984610 0.002800
vn -1.000000 0.000000 0.000000
vn -1.000000 0.000000 0.000000
vn -1.000000 0.000000 0.000000
vn -1.000000 0.000000 0.000000
vn 1.000000 0.000000 0.000000
vn 1.000000 0.000000 0.000000
vn 1.000000 0.000000 0.000000
vn 1.000000 0.000000 0.000000
vn -1.000000 0.000000 0.000000
vn -1.000000 0.000000 0.000000
vn -1.000000 0.000000 0.000000
vn -1.000000 0.000000 0.000000
vn -0.000007 1.000000 0.000000
vn -0.000007 1.000000 0.000000
vn -0.000007 1.000000 0.000000
vn -0.000007 1.000000 0.000000
vn 1.000000 0.000000 0.000000
vn 1.000000 0.000000 0.000000
vn 1.000000 0.000000 0.000000
vn 1.000000 0.000000 0.000000
vn 0.055397 -0.998204 -0.022800
vn 0.055397 -0.998204 -0.022800
vn 0.055397 -0.998204 -0.022800
vn 0.055397 -0.998204 -0.022800
vn -1.000000 0.000000 0.000000
vn -1.000000 0.000000 0.000000
vn -1.000000 0.000000 0.000000
vn -1.000000 0.000000 0.000000
vn 1.000000 0.000000 0.000000
vn 1.000000 0.000000 0.000000
vn 1.000000 0.000000 0.000000
vn 1.000000 0.000000 0.000000
vn -0.000078 -0.998186 -0.060214
vn -0.000078 -0.998186 -0.060214
vn -0.000078 -0.998186 -0.060214
vn -0.000078 -0.998186 -0.060214
vn -1.000000 -0.000001 0.000000
vn -1.000000 -0.000000 0.000000
vn -1.000000 -0.000000 0.000000
vn -1.000000 -0.000001 0.000000
vn -0.000069 0.998892 -0.047073
vn -0.000069 0.998892 -0.047073
vn -0.000069 0.998892 -0.047073
vn -0.000069 0.998891 -0.047073
vn 1.000000 0.000000 0.000000
vn 1.000000 0.000000 0.000000
vn 1.000000 0.000000 0.000000
vn 1.000000 0.000000 0.000000
vn -1.000000 0.000000 0.000000
vn -1.000000 0.000000 0.000000
vn -1.000000 0.000000 0.000000
vn -1.000000 0.000000 0.000000
vn 0.999479 0.000000 0.032272
vn 0.999479 0.000000 0.032272
vn 0.999479 0.000000 0.032272
vn 0.999479 0.000000 0.032272
vn -0.336973 -0.941514 -0.000075
vn -0.338062 -0.941124 -0.000075
vn -0.338062 -0.941124 -0.000075
vn -0.286916 -0.957956 -0.000058
vn -1.000000 0.000000 0.000000
vn -1.000000 0.000000 0.000000
vn -1.000000 0.000000 0.000000
vn -1.000000 0.000000 0.000000
vn 0.999407 0.000001 0.034447
vn 0.999407 0.000001 0.034447
vn 0.999407 0.000001 0.034447
vn 0.999407 0.000001 0.034447
vn -1.000000 0.000000 0.000000
vn -1.000000 0.000000 0.000000
vn -1.000000 0.000000 0.000000
vn -1.000000 0.000000 0.000000
vn -0.121050 0.992646 0.000000
vn -0.060262 0.998173 -0.004295
vn -0.073263 0.997299 -0.005178
vn -0.121050 0.992646 0.000000
vn -0.086344 0.987122 -0.134665
vn -0.086344 0.987122 -0.134665
vn -0.086344 0.987122 -0.134665
vn -0.086344 0.987122 -0.134665
vn 1.000000 -0.000001 0.000000
vn 1.000000 -0.000001 0.000000
vn 1.000000 -0.000001 0.000000
vn 1.000000 -0.000001 0.000000
vn -1.000000 0.000000 0.000000
vn -1.000000 0.000000 0.000000
vn -1.000000 0.000000 0.000000
vn -1.000000 0.000000 0.000000
vn 0.999464 0.000000 0.032726
vn 0.999464 0.000000 0.032726
vn 0.999464 0.000000 0.032726
vn 0.999464 0.000000 0.032726
vn -0.337307 -0.941395 0.000000
vn -0.337307 -0.941395 0.000000
vn -0.223762 -0.973782 -0.040985
vn -1.000000 0.000000 0.000000
vn -1.000000 0.000000 0.000000
vn -1.000000 0.000000 0.000000
vn -1.000000 0.000000 0.000000
vn -0.065800 0.996909 -0.042920
vn -0.065800 0.996909 -0.042920
vn -0.065800 0.996909 -0.042920
vn -0.065800 0.996909 -0.042920
vn 1.000000 0.000001 0.000000
vn 1.000000 0.000001 0.000000
vn 1.000000 0.000001 0.000000
vn 1.000000 0.000001 0.000000
vn -0.091720 -0.992950 -0.075081
vn -0.091720 -0.992950 -0.075081
vn -0.091720 -0.992950 -0.075081
vn -0.091720 -0.992950 -0.075081
vn -1.000000 0.000000 0.000000
vn -1.000000 0.000000 0.000000
vn -1.000000 0.000000 0.000000
vn -1.000000 0.000000 0.000000
vn 0.000000 1.000000 0.000000
vn 0.000000 1.000000 0.000000
vn -0.002464 -0.003856 -0.999990
vn -0.002464 -0.003856 -0.999990
vn -0.002464 -0.003856 -0.999990
vn -0.002464 -0.003856 -0.999990
vn 0.000000 1.000000 0.000000
vn 0.000000 1.000000 0.000000
vn -0.037971 -0.020647 -0.999066
vn -0.037971 -0.020647 -0.999066
vn -0.037971 -0.020647 -0.999066
vn -0.037971 -0.020647 -0.999066
vn 0.205024 -0.005198 -0.978743
vn 0.205024 -0.005198 -0.978743
vn 0.205024 -0.005198 -0.978743
vn 0.205024 -0.005198 -0.978743
vn -0.291955 0.000000 0.956432
vn 0.000000 1.000000 0.000000
vn 0.000000 1.000000 0.000000
vn 0.297288 0.000000 -0.954788
vn 0.297288 0.000000 -0.954788
vn 0.000000 1.000000 0.000000
vn 0.000000 1.000000 0.000000
vn -0.002907 0.000576 -0.999996
vn -0.002907 0.000576 -0.999996
vn -0.002907 0.000576 -0.999996
vn -0.002907 0.000576 -0.999996
vn 0.000000 1.000000 -0.000001
vn 0.000000 1.000000 -0.000001
vn 0.001608 -0.002640 -0.999995
vn 0.001608 -0.002640 -0.999995
vn 0.001608 -0.002640 -0.999995
vn 0.001608 -0.002640 -0.999995
vn 0.000000 1.000000 0.000000
vn 0.000000 1.000000 0.000000
vn -0.906030 -0.228162 0.356443
vn -0.906030 -0.228161 0.356443
vn -0.896890 -0.266623 0.352847
vn -0.890348 -0.290841 0.350274
vn 0.002462 -0.003374 -0.999991
vn 0.002462 -0.003374 -0.999991
vn 0.002462 -0.003374 -0.999991
vn 0.002462 -0.003374 -0.999991
vn 0.003814 0.000000 -0.999993
vn 0.003814 0.000000 -0.999993
vn 0.003814 0.000000 -0.999993
vn 0.003814 0.000000 -0.999993
vn -0.970447 -0.241309 -0.001441
vn 0.001339 0.000000 -0.999999
vn 0.001339 0.000000 -0.999999
vn 0.001339 0.000000 -0.999999
vn 0.001339 0.000000 -0.999999
vn -1.000000 0.000000 0.000000
vn -1.000000 0.000000 0.000000
vn -1.000000 0.000001 0.000000
vn -1.000000 0.000001 0.000000
vn 0.051754 0.282225 -0.957951
vn 0.051754 0.282225 -0.957951
vn 0.051754 0.282225 -0.957951
vn 0.051754 0.282225 -0.957951
vn 1.000000 0.000000 0.000000
vn 1.000000 0.000000 0.000000
vn 1.000000 0.000000 0.000000
vn 1.000000 0.000000 0.000000
vn 0.999998 -0.002210 0.000223
vn 0.999998 -0.002210 0.000223
vn 0.999998 -0.002210 0.000223
vn 0.999998 -0.002210 0.000223
vn 0.898807 -0.406927 0.162963
vn 0.000000 0.000000 -1.000000
vn 0.000000 0.000000 -1.000000
vn 0.000000 0.000000 -1.000000
vn 0.000000 0.000000 -1.000000
vn 0.976550 -0.000002 -0.215293
vn 0.976550 -0.000002 -0.215293
vn 0.710412 0.000000 -0.703786
vn 0.710412 0.000000 -0.703786
vn -0.710412 0.000000 -0.703786
vn -0.710412 0.000000 -0.703786
vn -0.972952 0.000000 -0.231009
vn -0.972952 0.000000 -0.231009
vn -1.000000 0.000000 0.000000
vn -1.000000 0.000000 0.000000
vn -1.000000 0.000000 0.000000
vn -1.000000 0.000000 0.000000
vn -1.000000 0.000000 0.000000
vn -1.000000 0.000000 0.000000
vn -0.001346 0.000000 -0.999999
vn -0.001346 0.000000 -0.999999
vn -0.001346 0.000000 -0.999999
vn -0.001346 0.000000 -0.999999
vn 1.000000 0.000000 0.000000
vn 1.000000 0.000000 0.000000
vn 1.000000 0.000000 0.000000
vn 1.000000 0.000000 0.000000
vn 1.000000 0.000000 0.000000
vn 1.000000 0.000000 0.000000
vn 0.993121 -0.081707 0.083870
vn 0.984309 -0.121244 0.128203
vn 0.990010 -0.097631 0.101723
vn 0.993121 -0.081707 0.083870
vn 0.966991 -0.171871 0.188118
vn 0.975545 -0.149527 0.161102
vn 0.934074 -0.236714 0.267344
vn 0.949742 -0.208851 0.233175
vn 0.922450 -0.255065 0.289876
vn 0.922450 -0.255065 0.289876
vn 0.924249 -0.252694 0.286198
vn 0.924249 -0.252694 0.286198
vn 0.924249 -0.252694 0.286198
vn 0.924249 -0.252694 0.286198
vn 1.000000 0.000000 0.000000
vn 1.000000 0.000000 0.000000
vn 1.000000 0.000000 0.000000
vn 1.000000 0.000000 0.000000
vn 0.000018 -0.999922 0.012468
vn 0.000018 -0.999922 0.012468
vn 0.000018 -0.999922 0.012468
vn 0.000018 -0.999922 0.012468
vn -1.000000 0.000000 0.000000
vn -1.000000 0.000000 0.000000
vn -1.000000 0.000000 0.000000
vn -1.000000 0.000000 0.000000
vn -0.000147 0.994264 -0.106958
vn -0.000147 0.994264 -0.106958
vn -0.000147 0.994264 -0.106958
vn -0.000147 0.994264 -0.106958
vn 0.521331 -0.853355 0.000000
vn 0.521331 -0.853355 0.000000
vn -0.507241 0.861804 0.000000
vn -0.507241 0.861804 0.000000
vn -0.507241 0.861804 0.000000
vn -0.507241 0.861804 0.000000
vn 0.749316 -0.662207 0.002763
vn 0.749195 -0.662336 0.004312
vn -0.750311 0.661079 0.002855
vn -0.750423 0.660954 0.002428
vn -0.750183 0.661222 0.003342
vn -0.750183 0.661222 0.003342
vn 0.388892 0.921283 0.000118
vn 0.388892 0.921283 0.000118
vn 0.388892 0.921283 0.000118
vn 0.388892 0.921283 0.000118
vn 0.521330 -0.853355 0.000000
vn 0.521330 -0.853355 0.000000
vn -0.756264 -0.654267 0.000000
vn -0.756264 -0.654267 0.000000
vn -0.756264 -0.654267 0.000000
vn -0.756264 -0.654267 0.000000
vn -0.507241 0.861804 0.000000
vn -0.507241 0.861804 0.000000
vn -0.507241 0.861804 0.000000
vn -0.507241 0.861804 0.000000
vn 0.521331 -0.853355 0.000000
vn 0.521331 -0.853355 0.000000
vn 0.521195 -0.853246 -0.018104
vn 0.521199 -0.853250 -0.017768
vn -0.507241 0.861804 0.000000
vn -0.507241 0.861804 0.000000
vn -0.507174 0.861555 -0.022316
vn -0.507179 0.861567 -0.021712
vn 0.514119 0.857719 0.000000
vn 0.514119 0.857719 0.000000
vn 0.513857 0.857304 -0.031312
vn 0.513838 0.857273 -0.032462
vn 0.499051 -0.866242 -0.023942
vn 0.499051 -0.866242 -0.023942
vn 0.499051 -0.866242 -0.023942
vn 0.499051 -0.866242 -0.023942
vn -0.744455 -0.644367 -0.174867
vn -0.744455 -0.644367 -0.174867
vn -0.744455 -0.644367 -0.174867
vn -0.744455 -0.644367 -0.174867
vn -0.480621 0.876550 0.025747
vn -0.480621 0.876551 0.025747
vn -0.480621 0.876551 0.025747
vn -0.480621 0.876550 0.025747
vn 0.520457 -0.852254 -0.052792
vn 0.520457 -0.852254 -0.052792
vn -0.630168 -0.771236 -0.089902
vn -0.630168 -0.771237 -0.089902
vn -0.630168 -0.771237 -0.089902
vn -0.630168 -0.771237 -0.089902
vn -0.506356 0.859910 -0.064489
vn -0.506356 0.859910 -0.064489
vn 0.511907 0.854094 -0.092061
vn 0.511907 0.854094 -0.092061
vn 0.378618 -0.925553 0.000254
vn 0.378608 -0.925557 0.000279
vn -0.366643 0.930362 -0.000263
vn -0.366651 0.930359 -0.000237
vn 0.756262 0.654268 0.001056
vn 0.756262 0.654268 0.001056
vn 0.756262 0.654268 0.001056
vn 0.756262 0.654268 0.001056
vn 0.251517 -0.967853 -0.000237
vn 0.333665 -0.942692 0.000050
vn -0.980317 -0.197418 -0.002314
vn -0.980317 -0.197418 -0.002314
vn -0.980317 -0.197418 -0.002314
vn -0.980317 -0.197418 -0.002314
vn -0.323302 0.946296 -0.000031
vn -0.242862 0.970061 0.000257
vn 0.251449 -0.967871 0.000000
vn 0.251449 -0.967871 0.000000
vn 0.251449 -0.967871 0.000000
vn 0.251449 -0.967871 0.000000
vn -0.980319 -0.197420 0.000000
vn -0.980319 -0.197420 0.000000
vn -0.980319 -0.197420 0.000000
vn -0.980319 -0.197420 0.000000
vn -0.242788 0.970079 0.000000
vn -0.242788 0.970079 0.000000
vn -0.242788 0.970080 0.000000
vn -0.242788 0.970080 0.000000
vn 0.810765 0.527813 -0.253128
vn 0.810765 0.527813 -0.253128
vn 0.810765 0.527813 -0.253128
vn 0.810765 0.527813 -0.253128
vn 0.381932 -0.924182 -0.003906
vn 0.381932 -0.924182 -0.003906
vn 0.381932 -0.924182 -0.003906
vn 0.381932 -0.924182 -0.003906
vn -0.368956 0.929443 0.002540
vn -0.368956 0.929444 0.002540
vn -0.368956 0.929443 0.002540
vn -0.368956 0.929443 0.002540
vn 0.256214 -0.966000 -0.034616
vn 0.256214 -0.966000 -0.034616
vn 0.256214 -0.966000 -0.034616
vn 0.256214 -0.966000 -0.034616
vn -0.963369 -0.179744 -0.199029
vn -0.963369 -0.179744 -0.199029
vn -0.963369 -0.179744 -0.199029
vn -0.963369 -0.179744 -0.199029
vn -0.296548 0.951014 -0.087363
vn -0.296548 0.951014 -0.087363
vn -0.296548 0.951014 -0.087363
vn -0.296548 0.951014 -0.087363
vn 0.918485 0.355026 -0.174193
vn 0.918485 0.355026 -0.174193
vn 0.918485 0.355026 -0.174193
vn 0.918485 0.355026 -0.174193
vn -0.251960 -0.967738 0.000000
vn -0.251960 -0.967738 0.000000
vn -0.251960 -0.967738 0.000000
vn -0.251960 -0.967738 0.000000
vn 0.243300 0.969951 0.000000
vn 0.243300 0.969951 0.000000
vn 0.243300 0.969951 0.000000
vn 0.243300 0.969951 0.000000
vn 0.980319 0.197420 0.000000
vn 0.980319 0.197420 0.000000
vn 0.980319 0.197420 0.000000
vn 0.980319 0.197420 0.000000
vn 0.251584 -0.967836 0.000000
vn 0.251584 -0.967836 0.000000
vn 0.251584 -0.967836 0.000000
vn 0.251584 -0.967836 0.000000
vn -0.242935 0.970043 0.000000
vn -0.242935 0.970043 0.000000
vn -0.242935 0.970043 0.000000
vn -0.242935 0.970043 0.000000
vn -0.251959 -0.967738 0.000000
vn -0.251959 -0.967738 0.000000
vn -0.251959 -0.967738 0.000000
vn -0.251959 -0.967738 0.000000
vn -0.976235 -0.040102 -0.212974
vn -0.976235 -0.040102 -0.212974
vn -0.976235 -0.040102 -0.212974
vn -0.976235 -0.040102 -0.212974
vn 0.267580 0.962974 0.032876
vn 0.267580 0.962974 0.032876
vn 0.267580 0.962974 0.032876
vn 0.267580 0.962974 0.032876
vn -0.251960 -0.967738 0.000000
vn -0.251960 -0.967738 0.000000
vn -0.251960 -0.967738 0.000000
vn -0.251960 -0.967738 0.000000
vn 0.243310 0.969949 0.000000
vn 0.243310 0.969949 0.000000
vn 0.243310 0.969949 0.000000
vn 0.243310 0.969949 0.000000
vn -0.251960 -0.967738 0.000000
vn -0.251960 -0.967738 0.000000
vn -0.251960 -0.967738 0.000000
vn -0.251960 -0.967738 0.000000
vn 0.243300 0.969951 0.000000
vn 0.243300 0.969951 0.000000
vn 0.243300 0.969951 0.000000
vn 0.243300 0.969951 0.000000
vn -0.284144 -0.958082 -0.036616
vn -0.284144 -0.958082 -0.036616
vn -0.284144 -0.958082 -0.036616
vn -0.284144 -0.958082 -0.036616
vn -0.917575 0.304063 -0.256129
vn -0.917575 0.304063 -0.256129
vn -0.917575 0.304063 -0.256129
vn -0.917575 0.304063 -0.256129
vn 0.314512 0.949229 0.006839
vn 0.314512 0.949229 0.006839
vn 0.314512 0.949229 0.006839
vn 0.314512 0.949229 0.006839
vn -0.285877 -0.957579 0.036297
vn -0.285877 -0.957579 0.036297
vn -0.285877 -0.957579 0.036297
vn -0.285877 -0.957579 0.036297
vn 0.279643 0.959447 -0.035506
vn 0.279643 0.959447 -0.035506
vn 0.279643 0.959447 -0.035506
vn 0.279643 0.959447 -0.035506
vn 0.963477 0.022609 -0.266833
vn 0.963477 0.022609 -0.266833
vn 0.963477 0.022609 -0.266833
vn 0.963477 0.022609 -0.266833
vn 0.991278 -0.077051 -0.106913
vn 0.991278 -0.077051 -0.106913
vn 0.991278 -0.077051 -0.106913
vn 0.991278 -0.077051 -0.106913
vn -0.277926 -0.960601 -0.001680
vn -0.277926 -0.960601 -0.001680
vn -0.277926 -0.960601 -0.001680
vn -0.277926 -0.960601 -0.001680
vn -0.975831 0.195999 -0.096634
vn -0.975831 0.195999 -0.096634
vn -0.975831 0.195999 -0.096634
vn -0.975831 0.195999 -0.096634
vn 0.268491 0.963274 -0.003993
vn 0.268491 0.963274 -0.003993
vn 0.268491 0.963274 -0.003993
vn 0.268491 0.963274 -0.003993
vn 0.211427 0.975275 -0.064328
vn 0.130062 0.990153 -0.051775
vn 0.149555 0.986956 -0.059599
vn 0.211427 0.975275 -0.064328
vn 0.999465 0.000000 0.032723
vn 0.999465 0.000000 0.032723
vn 0.999465 0.000000 0.032723
vn 0.999465 0.000000 0.032723
vn -0.292384 -0.954678 -0.055701
vn -0.292384 -0.954678 -0.055701
vn -0.209676 -0.975641 -0.064508
vn -1.000000 0.000000 0.000000
vn -1.000000 0.000000 0.000000
vn -1.000000 0.000000 0.000000
vn -1.000000 0.000000 0.000000
vn -0.382906 -0.923787 0.000000
vn -0.382906 -0.923787 0.000000
vn -0.382907 -0.923787 0.000000
vn -0.382907 -0.923787 0.000000
vn 0.370413 0.927451 0.051269
vn 0.370413 0.927451 0.051269
vn 0.370413 0.927451 0.051269
vn 0.370413 0.927451 0.051269
vn 0.980702 0.007027 0.195382
vn 0.980702 0.007027 0.195382
vn 0.980702 0.007027 0.195382
vn 0.980702 0.007027 0.195382
vn -0.534206 -0.845354 0.000000
vn -0.534206 -0.845354 0.000000
vn -0.534206 -0.845354 0.000000
vn -0.534206 -0.845354 0.000000
vn 0.520028 0.854149 0.000000
vn 0.520028 0.854149 0.000000
vn 0.520028 0.854149 0.000000
vn 0.520028 0.854149 0.000000
vn -0.382898 -0.923791 0.000000
vn -0.382898 -0.923791 0.000000
vn -0.382898 -0.923791 0.000000
vn -0.382898 -0.923791 0.000000
vn 0.370849 0.928693 0.000000
vn 0.370849 0.928693 0.000000
vn 0.370849 0.928693 0.000000
vn 0.370849 0.928693 0.000000
vn -0.534208 -0.845353 0.000000
vn -0.534208 -0.845353 0.000000
vn -0.534208 -0.845353 0.000000
vn -0.534208 -0.845353 0.000000
vn -0.540567 0.841301 0.000000
vn -0.540567 0.841301 0.000000
vn -0.540567 0.841301 0.000000
vn -0.540567 0.841301 0.000000
vn 0.520029 0.854149 0.000000
vn 0.520029 0.854149 0.000000
vn 0.520029 0.854149 0.000000
vn 0.520029 0.854149 0.000000
vn -0.534206 -0.845354 0.000000
vn -0.534206 -0.845355 0.000000
vn -0.534206 -0.845354 0.000000
vn -0.534206 -0.845354 0.000000
vn -0.659955 0.751305 0.000000
vn -0.659955 0.751305 0.000000
vn -0.659955 0.751305 0.000000
vn -0.659955 0.751305 0.000000
vn 0.520028 0.854149 0.000000
vn 0.520028 0.854149 0.000000
vn 0.520028 0.854149 0.000000
vn 0.520028 0.854149 0.000000
vn 0.853164 -0.516745 -0.071317
vn 0.853164 -0.516745 -0.071317
vn 0.853164 -0.516745 -0.071317
vn 0.853164 -0.516745 -0.071317
vn -0.374123 -0.927374 -0.003056
vn -0.374123 -0.927374 -0.003056
vn -0.374123 -0.927374 -0.003056
vn -0.374123 -0.927374 -0.003056
vn 0.359398 0.933177 0.003621
vn 0.359398 0.933177 0.003621
vn 0.359398 0.933177 0.003621
vn 0.359398 0.933177 0.003621
vn -0.528601 -0.848829 0.008389
vn -0.528601 -0.848829 0.008389
vn -0.528601 -0.848829 0.008389
vn -0.528601 -0.848829 0.008389
vn -0.654069 0.744469 -0.134016
vn -0.654069 0.744469 -0.134016
vn -0.654069 0.744469 -0.134016
vn -0.654069 0.744469 -0.134016
vn 0.511750 0.859086 -0.009122
vn 0.511750 0.859086 -0.009122
vn 0.511750 0.859086 -0.009122
vn 0.511750 0.859086 -0.009122
vn 0.780901 -0.621623 -0.061479
vn 0.780901 -0.621623 -0.061479
vn 0.780900 -0.621623 -0.061479
vn 0.780901 -0.621623 -0.061479
vn -0.598177 -0.801364 0.000599
vn -0.598177 -0.801364 0.000599
vn -0.598177 -0.801364 0.000599
vn -0.598177 -0.801364 0.000599
vn 0.582600 0.812759 -0.000150
vn 0.582600 0.812759 -0.000150
vn 0.582600 0.812759 -0.000150
vn 0.582600 0.812759 -0.000150
vn 0.540066 -0.840520 -0.043063
vn 0.540066 -0.840520 -0.043063
vn 0.540066 -0.840520 -0.043063
vn 0.540066 -0.840520 -0.043063
vn -1.000000 0.000000 0.000000
vn -1.000000 0.000000 0.000000
vn -1.000000 0.000000 0.000000
vn -1.000000 0.000000 0.000000
vn -0.245993 0.969271 0.000000
vn -0.245993 0.969272 0.000000
vn -0.245993 0.969272 0.000000
vn -0.245993 0.969271 0.000000
vn 1.000000 0.000000 0.000000
vn 1.000000 0.000000 0.000000
vn 1.000000 0.000000 0.000000
vn 1.000000 0.000000 0.000000
vn -0.596442 -0.802656 0.000000
vn -0.596442 -0.802656 0.000000
vn -0.596442 -0.802656 0.000000
vn -0.596442 -0.802656 0.000000
vn 0.582115 0.813106 0.000000
vn 0.582115 0.813106 0.000000
vn 0.582115 0.813106 0.000000
vn 0.582115 0.813106 0.000000
vn 0.460823 -0.887228 -0.021669
vn 0.460823 -0.887228 -0.021669
vn 0.460823 -0.887228 -0.021669
vn 0.460823 -0.887228 -0.021669
vn -0.615279 -0.788292 0.005167
vn -0.615279 -0.788292 0.005167
vn -0.615279 -0.788292 0.005167
vn -0.615279 -0.788292 0.005167
vn -0.337307 0.941395 0.000000
vn -0.337307 0.941395 0.000000
vn -0.337307 0.941395 0.000000
vn -0.337307 0.941395 0.000000
vn 0.602204 0.798327 -0.004931
vn 0.602204 0.798327 -0.004931
vn 0.602204 0.798327 -0.004931
vn 0.602204 0.798327 -0.004931
vn -0.999547 0.000000 0.030098
vn -0.999547 0.000000 0.030098
vn 0.999999 0.000001 0.001345
vn 0.999999 -0.000047 0.001381
vn -0.999998 -0.000358 -0.001744
vn -0.999999 -0.000133 -0.001596
vn 0.243649 0.969864 0.000479
vn 0.243649 0.969864 0.000479
vn 0.243649 0.969863 0.000479
vn 0.243649 0.969863 0.000479
vn 0.999999 0.000140 0.001604
vn 0.999999 0.000360 0.001745
vn -0.999999 0.000107 -0.001437
vn 0.245993 -0.969272 0.000331
vn 0.245993 -0.969272 0.000331
vn 0.245993 -0.969272 0.000331
vn 0.245993 -0.969272 0.000331
vn -0.999999 -0.000001 -0.001345
vn -0.999999 -0.000001 -0.001345
vn 0.999999 0.000001 0.001345
vn -0.999506 0.000000 0.031444
vn -0.999506 0.000000 0.031444
vn -0.999506 0.000000 0.031444
vn -0.999506 0.000000 0.031444
vn 1.000000 0.000000 0.000000
vn 1.000000 0.000000 0.000000
vn 1.000000 0.000000 0.000000
vn 1.000000 0.000000 0.000000
vn 0.121229 -0.992625 0.000000
vn 0.070872 -0.997486 0.000000
vn 0.071081 -0.997306 -0.018093
vn 0.121229 -0.992625 0.000000
vn -1.000000 0.000001 -0.000000
vn -1.000000 0.000001 -0.000000
vn -1.000000 0.000001 -0.000000
vn -1.000000 0.000001 -0.000000
vn 0.235374 0.964409 -0.120473
vn 0.235374 0.964409 -0.120473
vn 0.235374 0.964409 -0.120473
vn 0.235374 0.964409 -0.120474
vn 1.000000 -0.000001 0.000000
vn 1.000000 -0.000001 0.000000
vn 1.000000 -0.000001 0.000000
vn 1.000000 -0.000001 0.000000
vn -0.999506 0.000000 0.031444
vn -0.999506 0.000000 0.031444
vn -0.999506 0.000000 0.031444
vn -0.999506 0.000000 0.031444
vn 0.035209 0.997152 -0.066702
vn 0.075011 0.993603 -0.084415
vn 0.075011 0.993603 -0.084415
vn 0.045547 0.995278 -0.085718
vn 1.000000 0.000000 0.000000
vn 1.000000 0.000000 0.000000
vn 1.000000 0.000000 0.000000
vn 1.000000 0.000000 0.000000
vn 0.104878 -0.993987 -0.031472
vn 0.064014 -0.997396 -0.033205
vn 0.104878 -0.993987 -0.031472
vn -0.243649 -0.969864 0.000000
vn -0.243649 -0.969864 0.000000
vn -0.243649 -0.969864 0.000000
vn -0.243649 -0.969864 0.000000
vn -1.000000 0.000001 0.000000
vn -1.000000 0.000001 0.000000
vn -1.000000 0.000001 0.000000
vn -1.000000 0.000001 0.000000
vn 1.000000 0.000002 0.000000
vn 1.000000 0.000002 0.000000
vn 1.000000 0.000002 0.000000
vn 1.000000 0.000002 0.000000
vn 0.176785 0.984250 0.000000
vn 0.176785 0.984250 0.000000
vn 0.176785 0.984250 0.000000
vn 0.176785 0.984250 0.000000
vn 1.000000 0.000001 0.000000
vn 1.000000 0.000001 0.000000
vn 1.000000 0.000000 0.000000
vn 1.000000 0.000001 0.000000
vn -1.000000 0.000000 0.000000
vn -1.000000 0.000000 0.000000
vn -1.000000 0.000000 -0.000001
vn -1.000000 0.000000 -0.000000
vn -1.000000 0.000000 0.000000
vn -1.000000 0.000000 0.000000
vn -1.000000 0.000000 0.000000
vn 1.000000 -0.000002 -0.000000
vn 1.000000 -0.000002 -0.000000
vn 1.000000 -0.000002 -0.000000
vn 0.176785 0.984250 0.000001
vn 0.176785 0.984250 0.000001
vn 1.000000 0.000000 0.000001
vn 1.000000 0.000001 0.000001
vn -1.000000 0.000001 -0.000002
vn -1.000000 0.000001 -0.000001
vn -0.000007 -1.000000 0.000000
vn -0.000007 -1.000000 0.000000
vn -0.000007 -1.000000 0.000000
vn -0.000007 -1.000000 0.000000
vn -1.000000 0.000000 0.000000
vn 1.000000 -0.000002 0.000000
vn -0.000007 -0.995890 -0.090568
vn -0.000007 -0.995890 -0.090568
vn -0.000007 -0.995890 -0.090568
vn -0.000007 -0.995890 -0.090568
vn -0.999427 0.000000 -0.033859
vn -0.999427 0.000000 -0.033859
vn -0.999427 0.000000 -0.033859
vn -0.999427 0.000000 -0.033859
vn 0.000007 0.995890 -0.090570
vn 0.000007 0.995890 -0.090570
vn 0.000007 0.995890 -0.090570
vn 0.000007 0.995890 -0.090570
vn 0.999427 -0.000002 -0.033859
vn 0.999427 -0.000002 -0.033859
vn 0.999427 -0.000002 -0.033859
vn 0.999427 -0.000002 -0.033859
vn -1.000000 -0.000001 0.000000
vn -1.000000 -0.000001 0.000000
vn -1.000000 -0.000001 0.000000
vn -1.000000 -0.000001 0.000000
vn 0.000000 1.000000 -0.000000
vn 0.000000 1.000000 -0.000000
vn 0.000000 1.000000 -0.000000
vn 0.000000 1.000000 -0.000000
vn 0.999693 -0.024743 -0.001579
vn 0.999693 -0.024743 -0.001579
vn 0.999693 -0.024743 -0.001579
vn 0.999693 -0.024743 -0.001579
vn 1.000000 -0.000002 -0.000000
vn 1.000000 -0.000002 -0.000000
vn 1.000000 -0.000002 -0.000000
vn 1.000000 -0.000002 -0.000000
vn -0.176785 -0.984250 0.000000
vn -0.176785 -0.984250 0.000000
vn -0.176785 -0.984250 0.000000
vn -0.176785 -0.984250 0.000000
vn -1.000000 0.000000 0.000000
vn -1.000000 0.000000 0.000000
vn -1.000000 0.000000 0.000000
vn -1.000000 0.000000 0.000000
vn 0.995397 -0.095473 -0.008340
vn 0.995397 -0.095473 -0.008340
vn 0.995397 -0.095473 -0.008340
vn 0.995397 -0.095473 -0.008340
vn -0.000001 -0.996169 -0.087445
vn -0.000001 -0.996169 -0.087445
vn -0.000001 -0.996169 -0.087445
vn -0.000001 -0.996169 -0.087445
vn -1.000000 0.000000 0.000000
vn -1.000000 0.000000 0.000000
vn -1.000000 0.000000 0.000000
vn -1.000000 0.000000 0.000000
vn 0.000000 0.996170 -0.087443
vn 0.000000 0.996170 -0.087443
vn 0.000000 0.996170 -0.087443
vn 0.000000 0.996170 -0.087443
vn 0.999367 -0.035580 0.000000
vn 0.999367 -0.035580 0.000000
vn 0.999367 -0.035580 0.000000
vn 0.999367 -0.035580 0.000000
vn 0.000000 -1.000000 0.000000
vn 0.000000 -1.000000 0.000000
vn 0.000000 -1.000000 0.000000
vn 0.000000 1.000000 0.000000
vn 0.000061 0.999963 -0.008641
vn 0.000000 -1.000000 0.000000
vn 0.000000 -1.000000 0.000000
vn 0.008682 0.289493 -0.957141
vn 0.008682 0.289493 -0.957141
vn 0.000092 0.999915 -0.013068
vn 0.000000 1.000000 0.000000
vn 0.000000 1.000000 0.000000
vn 0.000000 1.000000 0.000000
vn 0.000000 -1.000000 0.000000
vn 0.000244 0.999502 -0.031546
vn 0.000434 -0.998428 -0.056058
vn 0.000652 -0.996452 -0.084161
vn 0.008353 0.000000 -0.999965
vn 0.008353 0.000000 -0.999965
vn 0.000367 0.998875 -0.047425
vn 0.320499 0.946792 0.029402
vn 0.244706 0.968915 0.036360
vn 0.259686 0.965058 0.035014
vn -0.303393 -0.951793 -0.045198
vn -0.455751 -0.889138 -0.041539
vn -0.337309 -0.940342 -0.044505
vn 0.198204 0.979322 0.040550
vn 0.202094 0.978541 0.040202
vn -0.227751 -0.972615 -0.046354
vn -0.233286 -0.971306 -0.046285
vn 0.163242 0.985444 0.047454
vn 0.164670 0.985228 0.047007
vn -0.177804 -0.982717 -0.051500
vn -0.179298 -0.982463 -0.051179
vn -0.151272 -0.987264 -0.049262
vn -0.152195 -0.987105 -0.049610
vn 0.141746 0.988827 0.046143
vn 0.142795 0.988657 0.046543
vn 0.121567 0.991819 0.038935
vn 0.122187 0.991735 0.039134
vn -0.273725 -0.613059 0.741103
vn -0.273725 -0.613059 0.741103
vn -0.273725 -0.613059 0.741103
vn -0.273725 -0.613059 0.741103
vn -0.128829 -0.990808 -0.041263
vn -0.128317 -0.990881 -0.041099
vn 1.000000 0.000000 0.000000
vn 1.000000 0.000000 0.000000
vn 1.000000 0.000000 0.000000
vn 1.000000 0.000000 0.000000
vn -1.000000 0.000000 0.000000
vn -1.000000 0.000000 0.000000
vn 0.000000 0.000000 -1.000000
vn 0.000000 0.000000 -1.000000
vn 0.000000 0.000000 -1.000000
vn 0.000000 0.000000 -1.000000
vn -0.001338 0.000000 -0.999999
vn -0.001338 0.000000 -0.999999
vn -0.001338 0.000000 -0.999999
vn -0.001338 0.000000 -0.999999
vn -0.015280 0.997842 -0.063853
vn -0.015280 0.997842 -0.063853
vn -0.015280 0.997842 -0.063853
vn -0.015280 0.997842 -0.063853
vn 1.000000 0.000000 0.000000
vn 1.000000 0.000000 0.000000
vn 1.000000 0.000000 0.000000
vn 1.000000 0.000000 0.000000
vn -0.000087 -0.997850 -0.065539
vn -0.000087 -0.997850 -0.065539
vn -0.000087 -0.997850 -0.065539
vn -0.000087 -0.997850 -0.065539
vn -1.000000 0.000000 0.000000
vn -1.000000 0.000000 0.000000
vn -1.000000 0.000000 0.000000
vn -1.000000 0.000000 0.000000
vn 1.000000 -0.000002 -0.000000
vn 1.000000 -0.000002 -0.000000
vn 1.000000 -0.000002 -0.000000
vn 1.000000 -0.000002 -0.000000
vn -0.161452 -0.984942 -0.061833
vn -0.161452 -0.984942 -0.061833
vn -0.161452 -0.984942 -0.061833
vn -0.161452 -0.984942 -0.061833
vn -1.000000 0.000000 0.000000
vn -1.000000 0.000000 0.000000
vn -1.000000 0.000000 0.000000
vn -1.000000 0.000000 0.000000
vn 0.063340 0.995261 -0.073785
vn 0.063340 0.995261 -0.073785
vn 0.063340 0.995261 -0.073785
vn 0.063340 0.995261 -0.073785
vn 0.000000 1.000000 0.000000
vn 0.000000 1.000000 0.000000
vn 0.000000 -1.000000 0.000000
vn -0.000392 0.998685 -0.051264
vn -0.000160 -0.999781 -0.020910
vn -0.000669 0.996155 -0.087608
vn -0.008354 0.000000 -0.999965
vn -0.008354 0.000000 -0.999965
vn -0.000274 -0.999359 -0.035809
vn 0.000000 1.000000 0.000000
vn 0.000000 1.000000 0.000000
vn 0.112717 0.992971 0.036100
vn 0.112717 0.992971 0.036100
vn 0.924249 -0.252694 0.286198
vn 0.924249 -0.252694 0.286198
vn -0.118437 -0.992237 -0.037932
vn -0.118437 -0.992237 -0.037932
vn 0.749433 -0.662079 0.001241
vn 0.144754 -0.430398 -0.890957
vn 0.144754 -0.430398 -0.890957
vn -0.750776 0.660556 0.001079
vn -0.750776 0.660556 0.001079
vn 0.790732 -0.590781 0.160378
vn 0.796543 -0.589189 0.135556
vn -0.601653 -0.787924 0.131110
vn -0.623866 -0.759798 0.183025
vn -0.571216 -0.813509 0.109159
vn -0.626341 -0.754626 0.195542
vn 0.062422 -0.997319 0.038198
vn 0.087139 -0.900174 0.426725
vn -0.329005 -0.858773 0.392765
vn -0.290681 -0.956369 0.029358
vn 0.292337 -0.955668 0.035184
vn 0.340567 -0.859638 0.380837
vn 0.324944 -0.944411 0.049997
vn 0.414218 -0.841348 0.347213
vn 0.459732 -0.885464 0.067827
vn 0.602815 -0.755566 0.256387
vn 0.482268 -0.820668 0.306467
vn 0.390439 -0.919200 0.051269
vn 0.543080 -0.834989 0.088642
vn 0.625813 -0.749191 0.216957
vn 0.583390 -0.805019 0.107703
vn 0.670058 -0.714600 0.200921
vn -0.478759 -0.873605 0.087204
vn -0.567245 -0.784715 0.249911
vn -0.594340 -0.775163 0.214202
vn -0.545420 -0.832469 0.097534
vn -0.447939 -0.891834 0.063114
vn -0.513385 -0.809102 0.285990
vn -0.368854 -0.927912 0.054097
vn -0.447089 -0.830090 0.333260
vn -0.291696 -0.955856 0.035381
vn -0.326747 -0.867612 0.374816
vn 0.702537 -0.694318 0.156091
vn 0.698673 -0.690755 0.186316
vn 0.000000 -1.000000 0.000000
vn 0.000000 -1.000000 -0.000000
vn 0.000000 -1.000000 0.000000
vn 0.000000 -1.000000 0.000000
vn 0.000000 -1.000000 0.000000
vn 0.000000 -1.000000 0.000000
vn 0.000000 -1.000000 0.000000
vn 0.000000 -1.000000 0.000000
vn 0.000000 -1.000000 0.000000
vn 0.000000 -1.000000 0.000000
vn 0.000000 -1.000000 0.000000
vn 0.000000 -1.000000 0.000000
vn 0.000000 -1.000000 0.000000
vn 0.000000 -1.000000 0.000000
vn 0.000000 -1.000000 0.000000
vn 0.000000 -1.000000 0.000000
vn 0.000000 -1.000000 -0.000000
vn 0.000000 -1.000000 -0.000000
vn 0.000000 -1.000000 0.000000
vn 0.000000 -1.000000 0.000000
vn 0.000000 -1.000000 0.000000
vn 0.000000 -1.000000 0.000000
vn 0.000000 -1.000000 0.000000
vn 0.000000 -1.000000 0.000000
vn 0.000000 -1.000000 0.000000
vn 0.000000 -1.000000 -0.000000
vn 0.000000 -1.000000 0.000000
vn 0.000000 -1.000000 0.000000
vn 0.000000 -1.000000 0.000000
vn 0.000000 -1.000000 0.000000
vn 0.000000 -1.000000 -0.000000
vn 0.000000 -1.000000 -0.000000
vn 0.000000 -1.000000 0.000000
vn 0.000000 -1.000000 0.000000
vn 0.000000 -1.000000 -0.000000
vn 0.000000 -1.000000 -0.000001
vn 0.000000 -1.000000 0.000000
vn 0.000000 -1.000000 0.000000
vn 0.000000 -1.000000 0.000000
vn 0.000000 -1.000000 0.000001
vn 0.000000 -1.000000 -0.000000
vn 0.000000 -1.000000 -0.000000
vn 0.000000 -1.000000 -0.000001
vn 0.000000 -1.000000 -0.000000
vn 0.000000 -1.000000 -0.000001
vn 0.000000 -1.000000 -0.000000
vn 0.000000 -1.000000 -0.000000
vn 0.000000 -1.000000 -0.000001
vn 0.000000 -1.000000 -0.000001
vn 0.000000 -1.000000 -0.000000
vn 0.000000 -1.000000 -0.000001
vn 0.000000 -1.000000 -0.000000
vn 0.000000 -1.000000 -0.000001
vn 0.000000 -1.000000 -0.000000
vn 0.000000 -1.000000 0.000000
vn 0.000000 -1.000000 -0.000001
vn 0.000000 -1.000000 -0.000001
vn 0.000000 -1.000000 -0.000002
vn 0.000000 -1.000000 -0.000002
vn 0.000000 -1.000000 -0.000001
vn 0.000000 -1.000000 0.000001
vn 0.000000 -1.000000 0.000001
vn 0.000000 -1.000000 0.000001
vn 0.000000 -1.000000 0.000001
vn 0.000000 -1.000000 -0.000000
vn 0.000000 -1.000000 0.000000
vn 0.000000 -1.000000 0.000000
vn 0.000000 -1.000000 -0.000000
vn 0.000000 -1.000000 0.000001
vn 0.000000 -1.000000 0.000002
vn 0.000000 -1.000000 0.000003
vn 0.000000 -1.000000 0.000001
vn 0.000000 -1.000000 -0.000001
vn 0.000000 -1.000000 -0.000001
vn 0.000000 -1.000000 -0.000001
vn 0.000000 -1.000000 -0.000001
vn 0.000000 -1.000000 0.000003
vn 0.000000 -1.000000 0.000001
vn 0.000000 -1.000000 0.000001
vn 0.000000 -1.000000 0.000003
vn 0.000000 -1.000000 -0.000000
vn 0.000000 -1.000000 -0.000002
vn 0.000000 -1.000000 -0.000001
vn 0.000000 -1.000000 -0.000000
vn 0.000000 -1.000000 -0.000001
vn 0.000000 -1.000000 -0.000001
vn 0.000000 -1.000000 -0.000001
vn 0.000000 -1.000000 -0.000001
vn 0.000000 -1.000000 -0.000002
vn 0.000000 -1.000000 -0.000002
vn 0.000000 -1.000000 -0.000003
vn 0.000000 -1.000000 -0.000002
vn 0.000000 -1.000000 -0.000001
vn 0.000000 -1.000000 -0.000000
vn 0.000000 -1.000000 -0.000000
vn 0.000000 -1.000000 -0.000001
vn 0.000000 -1.000000 0.000001
vn 0.000000 -1.000000 0.000000
vn 0.000000 -1.000000 0.000001
vn 0.000000 -1.000000 -0.000000
vn 0.000000 -1.000000 0.000000
vn 0.000000 -1.000000 0.000001
vn 0.000000 -1.000000 0.000001
vn 0.000000 -1.000000 0.000001
vn 0.000000 -1.000000 0.000001
vn 0.000000 -1.000000 0.000001
vn 0.000000 -1.000000 0.000000
vn 0.000000 -1.000000 0.000001
vn 0.000000 -1.000000 -0.000001
vn 0.000000 -1.000000 -0.000001
vn 0.000000 -1.000000 -0.000001
vn 0.000000 -1.000000 -0.000001
vn 0.000000 -1.000000 -0.000004
vn 0.000000 -1.000000 -0.000004
vn 0.000000 -1.000000 0.000000
vn 0.000000 -1.000000 0.000000
vn 0.000000 0.000000 0.000000
vn 0.000000 0.000000 0.000000
vn 0.000000 -1.000000 0.000000
vn 0.000000 -1.000000 0.000000
vn 0.000000 -1.000000 0.000004
vn 0.000000 -1.000000 0.000004
vn 0.000000 -1.000000 -0.000002
vn 0.000000 -1.000000 -0.000002
vn 0.000000 -1.000000 -0.000002
vn 0.000000 -1.000000 -0.000002
vn 0.000000 -0.999210 0.039746
vn 0.000000 -0.999210 0.039754
vn 0.000000 -0.999216 0.039588
vn 0.000000 -0.999216 0.039581
vn 0.000000 -0.996169 0.087446
vn 0.000000 -0.996169 0.087446
vn 0.000000 0.000000 -0.000000
vn 0.000000 0.000000 -0.000000
vn 0.000000 0.000000 -0.000000
vn 0.000000 0.000000 -0.000000
vn 0.000000 -0.996169 0.087445
vn 0.000000 -0.996169 0.087445
vn -0.999997 0.000000 -0.002291
vn -0.999997 0.000000 -0.002291
vn -0.999997 0.000000 -0.002291
vn -0.999997 0.000000 -0.002291
vn 0.999998 0.000000 0.002212
vn 0.999998 0.000000 0.002212
vn 0.999998 0.000000 0.002212
vn 0.999998 0.000000 0.002212
vn 0.999998 0.000000 -0.002208
vn 0.999998 0.000000 -0.002208
vn 0.999998 0.000000 -0.002208
vn 0.999998 0.000000 -0.002208
vn -0.999998 0.000000 0.002125
vn -0.999998 0.000000 0.002125
vn -0.999998 0.000000 0.002125
vn -0.999998 0.000000 0.002125
vn -0.993807 0.000000 0.111124
vn -0.993807 0.000000 0.111124
vn -0.993807 0.000000 0.111124
vn -0.993807 0.000000 0.111124
vn 0.994523 0.000000 -0.104523
vn 0.994523 0.000000 -0.104523
vn 0.994523 0.000000 -0.104523
vn 0.994523 0.000000 -0.104523
vn 0.994216 0.000000 0.107398
vn 0.994216 0.000000 0.107398
vn 0.994216 0.000000 0.107398
vn 0.994216 0.000000 0.107398
vn -0.994891 0.000000 -0.100950
vn -0.994891 0.000000 -0.100950
vn -0.994891 0.000000 -0.100950
vn -0.994891 0.000000 -0.100950
vn -0.984337 0.000000 0.176300
vn -0.984337 0.000000 0.176300
vn -0.984337 0.000000 0.176300
vn -0.984337 0.000000 0.176300
vn 0.986217 0.000000 -0.165459
vn 0.986217 0.000000 -0.165459
vn 0.986217 0.000000 -0.165459
vn 0.986217 0.000000 -0.165459
vn 0.984685 0.000000 0.174346
vn 0.984685 0.000000 0.174346
vn 0.984685 0.000000 0.174346
vn 0.984685 0.000000 0.174346
vn -0.986544 0.000000 -0.163493
vn -0.986544 0.000000 -0.163493
vn -0.986544 0.000000 -0.163493
vn -0.986544 0.000000 -0.163493
vn -0.974211 0.000000 0.225638
vn -0.974211 0.000000 0.225638
vn -0.974211 0.000000 0.225638
vn -0.974211 0.000000 0.225638
vn 0.977848 0.000000 -0.209315
vn 0.977848 0.000000 -0.209315
vn 0.977848 0.000000 -0.209315
vn 0.977848 0.000000 -0.209315
vn 0.974056 0.000000 0.226308
vn 0.974056 0.000000 0.226308
vn 0.974056 0.000000 0.226308
vn 0.974056 0.000000 0.226308
vn -0.977668 0.000000 -0.210157
vn -0.977668 0.000000 -0.210157
vn -0.977668 0.000000 -0.210157
vn -0.977668 0.000000 -0.210157
vn -0.953237 0.000000 0.302224
vn -0.953237 0.000000 0.302224
vn -0.953237 0.000000 0.302224
vn -0.953237 0.000000 0.302224
vn 0.949729 0.000000 -0.313074
vn 0.949729 0.000000 -0.313074
vn 0.949729 0.000000 -0.313074
vn 0.949729 0.000000 -0.313074
vn -0.941193 0.000000 0.337868
vn -0.941193 0.000000 0.337868
vn -0.941193 0.000000 0.337868
vn -0.941193 0.000000 0.337868
vn 0.947847 0.000000 -0.318724
vn 0.947847 0.000000 -0.318724
vn 0.947847 0.000000 -0.318724
vn 0.947847 0.000000 -0.318724
vn -0.778444 0.000000 0.627714
vn -0.778444 0.000000 0.627714
vn -0.778444 0.000000 0.627714
vn -0.778444 0.000000 0.627714
vn 0.728726 0.000000 -0.684805
vn 0.728726 0.000000 -0.684805
vn 0.728726 0.000000 -0.684805
vn 0.728726 0.000000 -0.684805
vn -0.542328 0.000000 0.840167
vn -0.542328 0.000000 0.840167
vn -0.542328 0.000000 0.840167
vn -0.542328 0.000000 0.840167
vn 0.565156 0.000000 -0.824984
vn 0.565156 0.000000 -0.824984
vn 0.565156 0.000000 -0.824984
vn 0.565156 0.000000 -0.824984
vn -0.279905 0.000000 0.960028
vn -0.279905 0.000000 0.960028
vn -0.279905 0.000000 0.960028
vn -0.279905 0.000000 0.960028
vn 0.297670 0.000000 -0.954669
vn 0.297670 0.000000 -0.954669
vn 0.297670 0.000000 -0.954669
vn 0.297670 0.000000 -0.954669
vn 0.315397 0.000000 0.948960
vn 0.315397 0.000000 0.948960
vn 0.315397 0.000000 0.948960
vn 0.315397 0.000000 0.948960
vn -0.334816 0.000000 -0.942283
vn -0.334816 0.000000 -0.942283
vn -0.334816 0.000000 -0.942283
vn -0.334816 0.000000 -0.942283
vn 0.607129 0.000000 0.794603
vn 0.607129 0.000000 0.794603
vn 0.607129 0.000000 0.794603
vn 0.607129 0.000000 0.794603
vn -0.636528 0.000000 -0.771253
vn -0.636528 0.000000 -0.771253
vn -0.636528 0.000000 -0.771253
vn -0.636528 0.000000 -0.771253
vn 0.819261 0.000000 0.573422
vn 0.819261 0.000000 0.573422
vn 0.819261 0.000000 0.573422
vn 0.819261 0.000000 0.573422
vn -0.836182 0.000000 -0.548452
vn -0.836182 0.000000 -0.548452
vn -0.836182 0.000000 -0.548452
vn -0.836182 0.000000 -0.548452
vn 0.949842 0.000000 0.312731
vn 0.949842 0.000000 0.312731
vn 0.949842 0.000000 0.312731
vn 0.949842 0.000000 0.312731
vn -0.956415 0.000000 -0.292013
vn -0.956415 0.000000 -0.292013
vn -0.956415 0.000000 -0.292013
vn -0.956415 0.000000 -0.292013
vn 0.937846 0.000000 0.347052
vn 0.937846 0.000000 0.347052
vn 0.937846 0.000000 0.347052
vn 0.937846 0.000000 0.347052
vn -0.944196 0.000000 -0.329383
vn -0.944196 0.000000 -0.329383
vn -0.944196 0.000000 -0.329383
vn -0.944196 0.000000 -0.329383
vn 0.311967 0.000000 0.950093
vn 0.311967 0.000000 0.950093
vn 0.311967 0.000000 0.950093
vn 0.311967 0.000000 0.950093
vn -0.345424 -0.029998 -0.937967
vn -0.345424 -0.029998 -0.937967
vn -0.345424 -0.029998 -0.937967
vn -0.345424 -0.029998 -0.937967
vn -0.300905 0.000000 0.953654
vn -0.300905 0.000000 0.953654
vn -0.300905 0.000000 0.953654
vn -0.300905 0.000000 0.953654
vn 0.323401 0.000000 -0.946262
vn 0.323401 0.000000 -0.946262
vn 0.323401 0.000000 -0.946262
vn 0.323401 0.000000 -0.946262
vn 0.999999 0.000000 -0.001074
vn 0.999999 0.000000 -0.001074
vn 0.999999 0.000000 -0.001074
vn 0.999999 0.000000 -0.001074
vn 0.025257 0.000000 -0.999681
vn 0.025257 0.000000 -0.999681
vn 0.025257 0.000000 -0.999681
vn 0.025257 0.000000 -0.999681
vn -1.000000 0.000000 0.001073
vn -1.000000 0.000000 0.001073
vn -1.000000 0.000000 0.001073
vn -1.000000 0.000000 0.001073
vn 0.860170 0.000000 0.510008
vn 0.860170 0.000000 0.510008
vn 0.860170 0.000000 0.510008
vn 0.860170 0.000000 0.510008
vn -0.843033 0.000000 -0.537862
vn -0.843033 0.000000 -0.537862
vn -0.843033 0.000000 -0.537862
vn -0.843033 0.000000 -0.537862
vn 0.588748 0.000000 0.808316
vn 0.588748 0.000000 0.808316
vn 0.588748 0.000000 0.808316
vn 0.588748 0.000000 0.808316
vn -0.615375 0.000000 -0.788235
vn -0.615375 0.000000 -0.788235
vn -0.615375 0.000000 -0.788235
vn -0.615375 0.000000 -0.788235
vn -0.310018 0.000000 0.950731
vn -0.310018 0.000000 0.950731
vn -0.310018 0.000000 0.950731
vn -0.310018 0.000000 0.950731
vn 0.310274 0.026945 -0.950265
vn 0.310274 0.026945 -0.950265
vn 0.310274 0.026945 -0.950265
vn 0.310274 0.026945 -0.950265
vn -0.600290 0.000000 0.799782
vn -0.600290 0.000000 0.799782
vn -0.600290 0.000000 0.799782
vn -0.600290 0.000000 0.799782
vn 0.632152 0.000000 -0.774845
vn 0.632152 0.000000 -0.774845
vn 0.632152 0.000000 -0.774845
vn 0.632152 0.000000 -0.774845
vn -0.782773 0.000000 0.622307
vn -0.782773 0.000000 0.622307
vn -0.782773 0.000000 0.622307
vn -0.782773 0.000000 0.622307
vn 0.803170 0.000000 -0.595750
vn 0.803170 0.000000 -0.595750
vn 0.803170 0.000000 -0.595750
vn 0.803170 0.000000 -0.595750
vn -0.921269 0.000000 0.388925
vn -0.921269 0.000000 0.388925
vn -0.921269 0.000000 0.388925
vn -0.921269 0.000000 0.388925
vn 0.929679 0.000000 -0.368370
vn 0.929679 0.000000 -0.368370
vn 0.929679 0.000000 -0.368370
vn 0.929679 0.000000 -0.368370
vn 1.000000 0.000000 0.000558
vn 1.000000 0.000000 0.000558
vn 1.000000 0.000000 0.000558
vn 1.000000 0.000000 0.000558
vn -1.000000 0.000000 -0.000558
vn -1.000000 0.000000 -0.000558
vn -1.000000 0.000000 -0.000558
vn -1.000000 0.000000 -0.000558
vn 1.000000 0.000000 0.000000
vn 1.000000 0.000000 0.000000
vn 1.000000 0.000000 0.000000
vn 1.000000 0.000000 0.000000
vn 0.000000 0.000000 -1.000000
vn 0.000000 0.000000 -1.000000
vn 0.000000 0.000000 -1.000000
vn 0.000000 0.000000 -1.000000
vn -1.000000 0.000000 0.000000
vn -1.000000 0.000000 0.000000
vn -1.000000 0.000000 0.000000
vn -1.000000 0.000000 0.000000
vn 0.959986 0.000000 0.280047
vn 0.959986 0.000000 0.280047
vn 0.959986 0.000000 0.280047
vn 0.959986 0.000000 0.280047
vn -0.953311 0.000000 -0.301991
vn -0.953311 0.000000 -0.301991
vn -0.953311 0.000000 -0.301991
vn -0.953311 0.000000 -0.301991
s 1
g group7 group5 polySurface1
usemtl lambert2SG
f 722/533/173 723/534/174 549/440/175 348/320/176
s 2
f 561/177/177 701/178/178 702/179/179 360/180/180
s 1
f 153/651/181 553/672/182 554/825/183 126/826/184
f 714/525/185 715/526/186 354/326/187 355/795/188
f 369/184/189 370/185/190 739/190/191 686/191/192
f 156/192/193 597/193/194 598/194/195 131/195/196
s 2
f 363/186/197 605/187/198 694/188/199 695/189/200
s 1
f 729/203/201 730/204/202 593/221/203 345/222/204
f 594/223/205 595/227/206 132/228/207 133/235/208
f 123/196/209 124/176/210 550/441/211 551/442/212
f 392/794/213 393/358/214 150/198/215 121/843/216
s 2
f 558/199/217 559/200/218 387/201/219 305/202/220
f 602/206/221 603/207/222 384/208/223 308/209/224
s 1
f 944/236/225 160/237/226 377/882/227 945/883/228
f 595/227/206 596/250/229 171/251/230 132/228/207
f 551/442/212 552/662/231 174/669/232 123/196/209
f 682/801/233 683/614/234 151/613/235 110/205/236
s 2
f 557/213/237 671/214/238 672/215/239 310/216/240
f 601/217/241 664/218/242 665/219/243 312/220/244
s 1
f 109/252/245 159/253/246 655/257/247 656/258/248
f 529/427/249 530/663/250 175/682/251 144/210/252
f 144/210/252 145/211/253 528/426/254 529/427/249
f 720/531/255 721/532/256 527/425/257 349/321/258
s 2
f 539/224/259 703/225/260 704/226/261 359/230/262
f 536/231/263 537/232/264 388/233/265 315/234/266
f 535/238/267 673/239/268 674/240/269 316/244/270
s 1
f 152/650/271 531/670/272 532/829/273 143/830/274
f 157/261/275 619/262/276 620/263/277 127/264/278
s 2
f 623/287/279 662/288/280 663/289/281 311/730/282
f 624/291/283 625/292/284 383/293/285 307/294/286
f 364/295/287 627/329/288 692/330/289 693/331/290
s 1
f 731/265/291 732/266/292 615/267/293 344/268/294
f 616/269/295 617/270/296 130/272/297 129/274/298
f 617/270/296 618/276/299 170/278/300 130/272/297
s 2
f 431/332/301 432/333/302 570/334/303 571/335/304
f 430/336/305 666/337/306 667/348/307 572/349/308
s 1
f 575/279/309 576/280/310 426/281/311 427/282/312
f 424/314/313 425/315/314 577/316/315 578/317/316
f 423/339/317 424/314/313 578/317/316 579/340/318
f 580/341/319 727/342/320 728/343/321 422/344/322
s 2
f 696/350/323 697/351/324 568/352/325 434/353/326
s 1
f 154/652/327 406/666/328 407/841/329 135/842/330
s 2
f 410/354/331 669/355/332 670/356/333 309/741/334
f 411/369/335 412/370/336 386/371/337 306/372/338
f 414/373/339 699/374/340 700/382/341 361/383/342
s 1
f 724/535/343 725/536/344 402/364/345 347/319/346
f 138/197/347 137/175/348 403/365/349 404/366/350
f 404/366/350 405/661/351 173/671/352 138/197/347
f 641/345/353 642/346/354 139/375/355 158/376/356
s 2
f 645/384/357 660/385/358 661/386/359 317/728/360
f 646/388/361 647/410/362 382/411/363 318/412/364
f 649/413/365 690/414/366 691/415/367 365/416/368
s 1
f 733/377/369 734/378/370 637/379/371 343/380/372
f 638/389/373 639/390/374 142/391/375 141/392/376
f 639/390/374 640/393/377 169/394/378 142/391/375
s 2
f 329/417/379 974/418/380 975/419/381 389/420/382
f 972/429/383 973/430/384 675/431/385 331/726/386
s 1
f 151/613/235 966/683/387 967/786/388 110/205/236
f 120/241/389 964/596/390 965/664/391 176/616/392
f 115/242/393 963/595/394 964/596/390 120/241/389
f 719/530/395 961/593/396 962/594/397 350/322/398
s 2
f 358/433/399 977/434/400 978/435/401 705/436/402
s 1
f 715/526/186 716/527/403 353/325/404 354/326/187
f 393/358/214 394/359/405 167/247/406 150/198/215
f 654/395/407 655/257/247 159/253/246 983/396/408 982/397/409
f 376/398/410 377/882/227 160/237/226 162/461/411
f 738/462/412 739/190/191 370/185/190 371/463/413
f 653/464/414 654/395/407 982/397/409 168/465/415
f 375/466/416 376/398/410 162/461/411 177/467/417
f 737/468/418 738/462/412 371/463/413 372/469/419
f 716/527/403 717/528/420 352/324/421 353/325/404
f 394/359/405 395/360/422 182/256/423 167/247/406
f 177/467/417 653/464/414 168/465/415 118/470/424
f 374/471/425 375/466/416 177/467/417 118/470/424
f 736/472/426 737/468/418 372/469/419 373/473/427
f 717/528/420 718/529/428 351/323/429 352/324/421
f 120/241/389 182/256/423 395/360/422 396/361/430
f 176/616/392 685/517/431 182/256/423 120/241/389
f 183/474/432 374/471/425 118/470/424 113/484/433
f 735/485/434 736/472/426 373/473/427 342/486/435
f 350/322/436 351/323/429 718/529/428 719/530/437
f 120/241/389 396/361/430 186/260/438 115/242/393
s off
f 1081/888/439 1080/889/440 1082/890/441 1083/891/442
f 1084/944/443 1085/946/444 1086/947/445 1087/945/446
f 1080/889/447 1088/892/448 1089/893/449 1082/890/450
f 1090/942/451 1084/944/452 1087/945/453 1091/943/454
f 1088/892/455 1092/896/456 1093/897/457 1089/893/458
f 1094/940/459 1090/942/460 1091/943/461 1095/941/462
f 1092/896/463 1096/900/464 1097/901/465 1093/897/466
f 1098/938/467 1094/940/468 1095/941/469 1099/939/470
s 42
f 1100/905/471 1101/904/472 1102/906/473 1103/907/474
s off
f 1096/900/475 1104/902/476 1105/903/477 1097/901/478
s 43
f 1106/909/479 1107/908/480 1108/910/481 1109/911/482
s 44
f 1110/913/483 1111/912/484 1112/914/485 1113/915/486
s 45
f 1114/917/487 1115/916/488 1116/918/489 1117/919/490
s 46
f 1118/923/491 1119/922/492 1120/924/493 1121/925/494
s 47
f 1122/927/495 1123/926/496 1124/928/497 1125/929/498
s 48
f 1126/931/499 1127/930/500 1128/932/501 1129/933/502
s 49
f 1130/935/503 1131/934/504 1132/936/505 1133/937/506
s off
f 1132/936/507 1098/938/508 1099/939/509 1133/937/510
s 1
f 107/487/511 147/488/512 206/500/513 207/502/514
s 51
f 187/1012/515 188/1013/516 209/1014/517 208/1015/518
s off
f 883/1771/519 882/1772/520 884/1773/521 885/1774/522
s 1
f 148/271/523 108/852/524 211/784/525 210/880/526
s 53
f 473/1775/527 474/1776/528 475/1777/529 476/1778/530
s 54
f 190/1042/531 189/1043/532 213/1044/533 212/1045/534
s 1
f 147/488/512 164/504/535 214/508/536 206/500/513
s 51
f 191/1018/537 187/1012/515 208/1015/518 215/1019/538
s 1
f 165/273/539 148/271/523 210/880/526 216/878/540
s 54
f 189/1043/532 192/1046/541 217/1047/542 213/1044/533
s 1
f 164/504/535 179/537/543 218/539/544 214/508/536
s 51
f 193/1024/545 191/1018/537 215/1019/538 219/1025/546
s 1
f 180/275/547 165/273/539 216/878/540 220/876/548
s 54
f 192/1046/541 194/1050/549 221/1051/550 217/1047/542
s 1
f 179/537/543 184/542/551 222/543/552 218/539/544
s 51
f 195/1028/553 193/1024/545 219/1025/546 223/1029/554
s 1
f 185/277/555 180/275/547 220/876/548 224/873/556
s 54
f 194/1050/549 196/1054/557 225/1055/558 221/1051/550
s 1
f 633/546/559 634/547/560 140/550/561 227/573/562
s 51
f 198/1036/563 631/1035/564 632/1034/565 228/1037/566
s 1
f 184/542/551 105/575/567 226/576/568 222/543/552
s 51
f 197/1032/569 195/1028/553 223/1029/554 229/1033/570
s 1
f 611/577/571 612/578/572 128/579/573 230/580/574
s 51
f 199/1040/575 609/1039/576 610/1038/577 231/1041/578
s 1
f 589/581/579 590/582/580 134/583/581 232/584/582
s 51
f 200/1195/583 587/1196/584 588/1197/585 233/1198/586
s 1
f 419/585/587 420/586/588 583/608/589 584/609/590
s 51
f 585/1203/591 586/1204/592 417/1202/593 418/1201/594
s 1
f 399/871/595 400/362/596 136/283/597 236/872/598
s 54
f 202/1209/599 397/1208/600 398/1207/601 237/1210/602
s 1
f 545/866/603 546/437/604 125/284/605 238/867/606
s 54
f 203/1213/607 543/1212/608 544/1211/609 239/1214/610
s 1
f 523/868/611 524/422/612 146/285/613 240/869/614
s 54
f 204/1067/615 521/1069/616 522/1070/617 241/1068/618
s 1
f 954/854/619 955/587/620 106/286/621 242/855/622
s 54
f 205/1060/623 952/1063/624 953/1064/625 243/1061/626
s 1
f 106/286/621 185/277/555 224/873/556 242/855/622
s 54
f 196/1054/557 205/1060/623 243/1061/626 225/1055/558
s 2
f 650/444/627 651/445/628 461/446/629 320/447/630
f 302/448/631 628/449/632 629/450/633 462/451/634
f 303/452/635 606/453/636 607/454/637 463/455/638
f 566/456/639 567/457/640 435/458/641 464/459/642
f 466/476/643 467/477/644 297/478/645 415/479/646
f 562/480/647 563/481/648 468/482/649 298/483/650
f 540/492/651 541/493/652 469/494/653 313/495/654
f 332/496/655 979/497/656 980/498/657 470/499/658
s 1
f 908/561/659 909/562/660 456/408/661 457/791/662
f 909/562/660 910/563/663 455/407/664 456/408/661
f 910/563/663 911/564/665 454/406/666 455/407/664
f 911/564/665 912/565/667 453/405/668 454/406/666
f 452/404/669 453/405/668 912/565/667 913/566/670
f 913/566/671 956/588/672 957/589/673 452/404/674
f 914/567/675 915/568/676 525/423/677 451/403/678
f 916/569/679 917/570/680 547/438/681 450/402/682
f 918/571/683 919/572/684 448/400/685 449/401/686
f 921/610/687 922/611/688 446/617/689 582/618/690
f 923/619/691 924/620/692 591/622/693 445/623/694
f 925/633/695 926/634/696 613/635/697 444/636/698
f 927/637/699 928/638/700 635/639/701 443/640/702
f 929/641/703 930/644/704 441/645/705 442/653/706
f 930/644/704 931/654/707 440/655/708 441/645/705
f 931/654/707 932/656/709 439/657/710 440/655/708
f 932/656/709 933/658/711 438/659/712 439/657/710
f 437/660/713 438/659/712 933/658/711 934/665/714
s off
f 763/1779/715 762/1780/716 764/1781/717 765/1782/718
f 807/1783/719 806/1784/720 808/1785/721 789/1786/722
f 759/1787/723 758/1788/724 760/1789/725 761/1790/726
f 822/1791/727 821/1792/728 823/1793/729 824/1794/730
f 798/1795/731 799/1796/732 800/1797/733 801/1798/734
f 777/1799/735 776/1800/736 778/1801/737 779/1802/738
f 826/1803/739 825/1804/740 827/1805/741 828/1806/742
f 830/1807/743 829/1808/744 831/1809/745 832/1810/746
s 63
f 854/1811/747 853/1812/748 855/1813/749 856/1814/750
s off
f 857/1817/751 858/1818/752 859/1819/753 860/1820/754
f 517/1821/755 518/1822/756 519/1823/757 520/1824/758
s 64
f 802/1825/759 803/1826/760 804/1827/761 805/1828/762
s 65
f 748/1929/763 968/1926/764 969/1925/765 749/1930/766
s off
f 710/1831/767 711/1832/768 500/1833/769 501/1834/770
f 489/1835/771 490/1836/772 485/1837/773 488/1838/774
s 2
f 264/824/775 555/823/776 556/443/777 281/298/778
f 266/816/779 599/815/780 600/475/781 283/300/782
f 267/828/783 533/827/784 534/428/785 284/301/786
f 265/812/787 621/811/788 622/491/789 282/299/790
f 573/460/791 574/821/792 428/837/793 429/381/794
f 263/840/795 408/839/796 409/367/797 280/297/798
f 268/808/799 643/807/800 644/507/801 285/302/802
f 271/804/803 657/803/804 658/509/805 288/304/806
f 270/847/807 379/846/808 380/347/809 287/305/810
f 367/338/811 368/798/812 687/797/813 688/515/814
f 390/357/815 391/844/816 274/845/817 291/308/818
f 676/516/819 677/802/820 276/785/821 293/310/822
f 276/785/821 970/597/823 971/519/824 293/310/822
s 76
f 706/520/825 707/796/826 356/327/827 357/328/828
s 77
f 273/834/829 458/833/830 459/409/831 290/307/832
s 78
f 471/421/833 472/831/834 277/832/835 294/311/836
s 2
f 281/298/778 556/443/777 557/735/237 310/736/240
f 283/300/782 600/475/781 601/731/241 312/732/244
f 284/301/786 534/428/785 535/737/267 316/738/270
f 282/299/790 622/491/789 623/729/279 311/290/282
f 572/733/308 573/460/791 429/381/794 430/739/305
f 280/297/798 409/367/797 410/740/331 309/368/334
f 285/302/802 644/507/801 645/727/357 317/387/360
f 288/304/806 658/509/805 659/744/837 326/511/838
f 287/305/810 380/347/809 381/748/839 325/749/840
f 366/514/841 367/338/811 688/515/842 689/742/843
f 389/721/382 390/357/815 291/308/818 329/722/379
f 675/718/385 676/516/819 293/310/822 331/432/386
f 293/310/822 971/519/824 972/725/383 331/432/386
s 80
f 705/716/844 706/520/845 357/328/846 358/717/847
s 81
f 290/307/848 459/409/849 460/746/850 328/522/851
s 82
f 470/719/852 471/421/853 294/311/854 332/720/855
s off
f 865/1839/856 866/1840/857 867/1841/858 868/1842/859
s 1
f 637/379/371 638/389/373 141/392/376 343/380/372
f 344/268/294 615/267/293 616/269/295 129/274/298
f 345/222/204 593/221/203 594/223/205 133/235/208
f 579/340/318 580/341/319 422/344/322 423/339/317
f 347/319/346 402/364/345 403/365/349 137/175/348
f 348/320/176 549/440/175 550/441/211 124/176/210
f 349/321/258 527/425/257 528/426/254 145/211/253
f 350/322/398 962/594/397 963/595/394 115/242/393
f 115/242/393 186/260/438 351/323/429 350/322/436
f 352/324/421 351/323/429 186/260/438 181/255/860
f 353/325/404 352/324/421 181/255/860 166/246/861
f 354/326/187 353/325/404 166/246/861 149/182/862
f 355/795/188 354/326/187 149/182/862 116/183/863
s off
f 495/1843/864 494/1844/865 497/1845/866 498/1846/867
s 76
f 357/328/828 356/327/827 275/850/868 292/309/869
s 80
f 358/717/847 357/328/846 292/309/870 330/723/871
s 2
f 330/523/872 976/524/873 977/434/400 358/433/399
f 538/598/874 539/224/259 359/230/262 314/599/875
f 560/600/876 561/177/177 360/180/180 299/601/877
f 413/602/878 414/373/339 361/383/342 300/603/879
f 433/604/880 434/353/326 568/352/325 569/605/881
f 604/606/882 605/187/198 363/186/197 304/607/883
f 626/684/884 627/329/288 364/295/287 301/685/885
f 648/686/886 649/413/365 365/416/368 319/687/887
f 289/306/888 367/338/811 366/514/841 327/750/889
f 272/849/890 368/798/812 367/338/811 289/306/888
s off
f 842/1847/891 841/1848/892 843/1849/893 844/1850/894
s 1
f 117/667/895 161/668/896 370/185/190 369/184/189
f 371/463/413 370/185/190 161/668/896 163/673/897
f 372/469/419 371/463/413 163/673/897 178/675/898
f 373/473/427 372/469/419 178/675/898 183/474/432
f 342/486/435 373/473/427 183/474/432 113/484/433
f 178/675/898 375/466/416 374/471/425 183/474/432
f 163/673/897 376/398/410 375/466/416 178/675/898
f 161/668/896 377/882/227 376/398/410 163/673/897
f 378/676/899 377/882/227 161/668/896 117/667/895
s off
f 849/1851/900 847/1852/901 851/1853/902 852/1854/903
s 2
f 380/347/809 379/846/808 272/849/890 289/306/888
f 381/748/839 380/347/809 289/306/888 327/750/889
f 647/410/362 648/686/886 319/687/887 382/411/363
f 383/293/285 625/292/284 626/684/884 301/685/885
f 384/208/223 603/207/222 604/606/882 304/607/883
f 569/605/881 570/334/303 432/333/302 433/604/880
f 300/603/879 386/371/337 412/370/336 413/602/878
f 299/601/877 387/201/219 559/200/218 560/600/876
f 314/599/875 388/233/265 537/232/264 538/598/874
f 389/420/382 975/419/381 976/524/873 330/523/872
f 292/309/904 390/357/815 389/721/382 330/723/905
f 275/850/906 391/844/816 390/357/815 292/309/907
s 83
f 509/1855/908 504/1856/909 503/1857/910 510/1858/911
s off
f 149/182/912 393/358/913 886/793/914 887/792/915
s 1
f 166/246/861 394/359/405 393/358/214 149/182/862
f 181/255/860 395/360/422 394/359/405 166/246/861
f 396/361/430 395/360/422 181/255/860 186/260/438
s 54
f 398/1207/601 397/1208/600 201/1205/916 235/1206/917
s 46
f 1134/920/918 1119/922/492 1118/923/491 1135/921/919
s 1
f 112/768/920 400/362/596 399/871/595 234/864/921
f 919/572/684 920/758/922 447/399/923 448/400/685
f 402/364/345 725/536/344 726/762/924 346/318/925
f 403/365/349 402/364/345 346/318/925 114/765/926
f 404/366/350 403/365/349 114/765/926 119/769/927
f 172/756/928 405/661/351 404/366/350 119/769/927
f 407/841/329 406/666/328 155/674/929 111/761/930
s off
f 785/1861/931 784/1862/932 786/1863/933 787/1864/934
s 2
f 409/367/797 408/839/796 269/822/935 286/766/936
f 410/740/331 409/367/797 286/766/936 323/767/937
f 323/734/937 668/690/938 669/355/332 410/354/331
f 385/691/939 412/370/336 411/369/335 322/692/940
f 413/602/878 412/370/336 385/691/939 321/693/941
f 362/694/942 414/373/339 413/602/878 321/693/941
f 698/695/943 699/374/340 414/373/339 362/694/942
f 465/696/944 466/476/643 415/479/646 324/697/945
s 51
f 418/1201/594 417/1202/593 200/1195/583 233/1198/586
s 45
f 1112/914/946 1115/916/488 1114/917/487 1113/915/947
s 1
f 134/583/581 420/586/588 419/585/587 232/584/582
f 922/611/688 923/619/691 445/623/694 446/617/689
f 422/344/322 728/343/321 729/203/201 345/222/204
f 423/339/317 422/344/322 345/222/204 133/235/208
f 133/235/208 132/228/207 424/314/313 423/339/317
f 132/228/207 171/251/230 425/315/314 424/314/313
f 427/282/312 426/281/311 156/192/193 131/195/196
s off
f 793/1865/948 792/1866/949 794/1867/950 795/1868/951
s 2
f 429/381/794 428/837/793 266/816/779 283/300/782
f 430/739/305 429/381/794 283/300/782 312/732/244
f 312/220/244 665/219/243 666/337/306 430/336/305
f 308/209/224 384/208/223 432/333/302 431/332/301
f 433/604/880 432/333/302 384/208/223 304/607/883
f 304/607/883 363/186/197 434/353/326 433/604/880
f 695/189/200 696/350/323 434/353/326 363/186/197
f 463/455/638 464/459/642 435/458/641 303/452/635
s 1
f 244/677/952 262/678/953 438/659/712 437/660/713
f 439/657/710 438/659/712 262/678/953 261/679/954
f 440/655/708 439/657/710 261/679/954 260/680/955
f 441/645/705 440/655/708 260/680/955 259/681/956
f 442/653/706 441/645/705 259/681/956 258/752/957
f 635/639/701 636/753/958 257/755/959 443/640/702
f 444/636/698 613/635/697 614/757/960 256/759/961
f 445/623/694 591/622/693 592/763/962 255/764/963
f 446/617/689 445/623/694 255/764/963 421/770/964
f 581/771/965 582/618/690 446/617/689 421/770/964
f 448/400/685 447/399/923 254/229/966 401/363/967
f 449/401/686 448/400/685 401/363/967 253/174/968
f 450/402/682 547/438/681 548/439/969 252/173/970
f 451/403/678 525/423/677 526/424/971 251/212/972
f 452/404/674 957/589/673 958/590/973 250/243/974
f 250/243/975 249/259/976 453/405/668 452/404/669
f 454/406/666 453/405/668 249/259/976 248/254/977
f 455/407/664 454/406/666 248/254/977 247/245/978
f 456/408/661 455/407/664 247/245/978 246/181/979
f 457/791/662 456/408/661 246/181/979 245/835/980
s 77
f 459/409/831 458/833/830 278/851/981 295/312/982
s 81
f 460/746/850 459/409/849 295/312/983 333/698/984
s 2
f 651/445/628 652/699/985 334/700/986 461/446/629
f 462/451/634 629/450/633 630/701/987 335/702/988
f 463/455/638 607/454/637 608/703/989 336/704/990
f 436/705/991 464/459/642 463/455/638 336/704/990
f 565/706/992 566/456/639 464/459/642 436/705/991
f 416/707/993 466/476/643 465/696/944 337/708/994
f 338/709/995 467/477/644 466/476/643 416/707/993
f 339/710/996 468/482/649 563/481/648 564/711/997
f 340/712/998 469/494/653 541/493/652 542/713/999
f 470/499/658 980/498/657 981/714/1000 341/715/1001
s 82
f 296/313/1002 471/421/853 470/719/852 341/724/1003
s 78
f 279/296/1004 472/831/834 471/421/833 296/313/1005
s off
f 480/1869/1006 481/1870/1007 482/1871/1008 906/1872/1009
f 879/1873/1010 935/1874/1011 875/1875/1012 876/1876/1013
f 190/1042/1014 212/1045/1015 475/1048/1016 474/1049/1017
f 1086/947/1018 1085/946/1019 1136/948/1020 1137/949/1021
f 211/1255/1022 108/1256/1023 473/1257/1024 476/1258/1025
f 279/1052/1026 190/1042/1027 474/1049/1028 477/1053/1029
s 84
f 907/1260/1030 908/1259/1031 457/1261/1032 478/1262/1033
s off
f 457/1488/1034 472/1489/1035 479/1490/1036 478/1491/1037
f 472/1058/1038 279/1052/1039 477/1053/1040 479/1059/1041
f 477/1053/1042 474/1049/1043 481/1056/1044 480/1057/1045
f 474/1496/1046 473/1497/1047 482/1498/1048 481/1499/1049
s 85
f 906/1263/1050 907/1260/1051 478/1262/1052 483/1265/1053
s off
f 478/1491/1054 479/1490/1055 484/1492/1056 483/1493/1057
f 479/1059/1058 477/1053/1059 480/1057/1060 484/1062/1061
s 86
f 713/1268/1062 714/1269/1063 355/1270/1064 486/1271/1065
s 87
f 356/1287/1066 707/1288/1067 708/1289/1068 487/1290/1069
s off
f 472/1500/1070 457/1501/1071 490/1502/1072 489/1503/1073
f 457/1279/1074 245/1272/1075 485/1273/1076 490/1280/1077
f 277/1291/1078 472/1297/1079 489/1298/1080 488/1292/1081
f 355/1270/1082 116/1274/1083 491/1275/1084 486/1271/1085
f 116/1504/1086 275/1505/1087 492/1506/1088 491/1507/1089
f 275/1295/1090 356/1287/1091 487/1290/1092 492/1296/1093
s 88
f 712/1276/1094 713/1268/1095 486/1271/1096 494/1277/1097
s 89
f 487/1290/1098 708/1289/1099 709/1293/1100 495/1294/1101
s off
f 488/1510/1102 485/1511/1103 493/1512/1104 496/1513/1105
f 486/1271/1106 491/1275/1107 497/1281/1108 494/1277/1109
f 491/1507/1110 492/1506/1111 498/1508/1112 497/1509/1113
f 492/1296/1114 487/1290/1115 495/1294/1116 498/1302/1117
s 90
f 711/1282/1118 712/1276/1119 494/1277/1120 500/1283/1121
s off
f 494/1518/1122 495/1519/1123 501/1520/1124 500/1521/1125
s 91
f 495/1294/1126 709/1293/1127 710/1300/1128 501/1301/1129
s off
f 496/1513/1130 493/1512/1131 499/1514/1132 502/1515/1133
f 392/1306/1134 121/1307/1135 505/1308/1136 504/1309/1137
f 274/1317/1138 391/1318/1139 503/1319/1140 506/1320/1141
f 890/1335/1142 682/1336/1143 110/1337/1144 891/1338/1145
s 92
f 110/1522/1146 276/1523/1147 508/1524/1148 507/1525/1149
s 93
f 276/1330/1150 677/1326/1151 678/1325/1152 508/1331/1153
s off
f 887/1343/1154 886/1344/1155 888/1345/1156 889/1346/1157
f 391/1318/1158 275/1321/1159 510/1322/1160 503/1319/1161
s 94
f 275/1533/1162 116/1534/1163 509/1535/1164 510/1536/1165
s off
f 503/1539/1166 504/1540/1167 512/1541/1168 511/1542/1169
f 504/1309/1170 505/1308/1171 513/1312/1172 512/1313/1173
f 506/1320/1174 503/1319/1175 511/1323/1176 514/1324/1177
f 892/1339/1178 890/1335/1179 891/1338/1180 893/1340/1181
s 92
f 507/1525/1149 508/1524/1182 516/1526/1183 515/1527/1184
s 96
f 508/1331/1185 678/1325/1186 679/1329/1187 516/1332/1188
s off
f 511/1542/1189 512/1541/1190 518/1543/1191 517/1544/1192
f 512/1313/1193 513/1312/1194 519/1315/1195 518/1316/1196
f 513/1545/1197 514/1546/1198 520/1547/1199 519/1548/1200
f 514/1324/1201 511/1323/1202 517/1327/1203 520/1328/1204
s 54
f 522/1070/617 521/1069/616 203/1071/607 239/1072/610
s 48
f 1124/928/1205 1127/930/500 1126/931/499 1125/929/1206
s 1
f 125/284/605 524/422/612 523/868/611 238/867/606
f 915/568/676 916/569/679 450/402/682 525/423/677
f 526/424/971 525/423/677 450/402/682 252/173/970
f 527/425/257 721/532/256 722/533/173 348/320/176
f 528/426/254 527/425/257 348/320/176 124/176/210
f 529/427/249 528/426/254 124/176/210 123/196/209
f 174/669/232 530/663/250 529/427/249 123/196/209
f 532/829/273 531/670/272 153/651/181 126/826/184
s off
f 754/1877/1207 752/1878/1208 756/1879/1209 757/1880/1210
s 2
f 534/428/785 533/827/784 264/824/775 281/298/778
f 535/737/267 534/428/785 281/298/778 310/736/240
f 310/216/240 672/215/239 673/239/268 535/238/267
f 387/201/219 537/232/264 536/231/263 305/202/220
f 538/598/874 537/232/264 387/201/219 299/601/877
f 360/180/180 539/224/259 538/598/874 299/601/877
f 702/179/179 703/225/260 539/224/259 360/180/180
f 468/482/649 541/493/652 540/492/651 298/483/650
f 542/713/999 541/493/652 468/482/649 339/710/996
s 54
f 544/1211/609 543/1212/608 202/1209/599 237/1210/602
s 47
f 1120/924/1211 1123/926/496 1122/927/495 1121/925/1212
s 1
f 136/283/597 546/437/604 545/866/603 236/872/598
f 917/570/680 918/571/683 449/401/686 547/438/681
f 548/439/969 547/438/681 449/401/686 253/174/968
f 549/440/175 723/534/174 724/535/343 347/319/346
f 550/441/211 549/440/175 347/319/346 137/175/348
f 551/442/212 550/441/211 137/175/348 138/197/347
f 173/671/352 552/662/231 551/442/212 138/197/347
f 554/825/183 553/672/182 154/652/327 135/842/330
s off
f 775/1881/1213 774/1882/1214 771/1883/1215 773/1884/1216
s 2
f 556/443/777 555/823/776 263/840/795 280/297/798
f 557/735/237 556/443/777 280/297/798 309/368/334
f 309/741/334 670/356/333 671/214/238 557/213/237
f 386/371/337 559/200/218 558/199/217 306/372/338
f 560/600/876 559/200/218 386/371/337 300/603/879
f 361/383/342 561/177/177 560/600/876 300/603/879
f 700/382/341 701/178/178 561/177/177 361/383/342
f 467/477/644 563/481/648 562/480/647 297/478/645
f 564/711/997 563/481/648 467/477/644 338/709/995
f 465/696/944 566/456/639 565/706/992 337/708/994
f 324/697/945 567/457/640 566/456/639 465/696/944
f 362/694/942 568/352/325 697/351/324 698/695/943
f 569/605/881 568/352/325 362/694/942 321/693/941
f 385/691/939 570/334/303 569/605/881 321/693/941
f 571/335/304 570/334/303 385/691/939 322/692/940
f 572/349/308 667/348/307 668/690/938 323/734/937
f 286/303/936 573/460/791 572/733/308 323/689/937
f 269/760/935 574/821/792 573/460/791 286/303/936
s off
f 796/1885/1217 791/1886/1218 790/1887/1219 797/1888/1220
s 1
f 155/772/929 576/280/310 575/279/309 111/773/930
f 578/317/316 577/316/315 172/774/928 119/775/927
f 579/340/318 578/317/316 119/775/927 114/776/926
f 346/777/925 580/341/319 579/340/318 114/776/926
f 726/778/924 727/342/320 580/341/319 346/777/925
f 447/779/923 582/618/690 581/771/965 254/780/966
f 920/781/922 921/610/687 582/618/690 447/779/923
f 584/609/590 583/608/589 112/782/920 234/783/1221
s 45
f 1117/919/490 1116/918/489 1134/920/1222 1135/921/1223
s 51
f 201/1205/1224 586/1204/592 585/1203/591 235/1206/1225
f 588/1197/585 587/1196/584 199/1199/575 231/1200/578
s 44
f 1108/910/1226 1111/912/484 1110/913/483 1109/911/1227
s 1
f 128/579/573 590/582/580 589/581/579 230/580/574
f 924/620/692 925/633/695 444/636/698 591/622/693
f 592/763/962 591/622/693 444/636/698 256/759/961
f 593/221/203 730/204/202 731/265/291 344/268/294
f 594/223/205 593/221/203 344/268/294 129/274/298
f 129/274/298 130/272/297 595/227/206 594/223/205
f 130/272/297 170/278/300 596/250/229 595/227/206
f 598/194/195 597/193/194 157/261/275 127/264/278
s off
f 820/1889/1228 819/1890/1229 816/1891/1230 818/1892/1231
s 2
f 600/475/781 599/815/780 265/812/787 282/299/790
f 601/731/241 600/475/781 282/299/790 311/290/282
f 311/730/282 663/289/281 664/218/242 601/217/241
f 307/294/286 383/293/285 603/207/222 602/206/221
f 604/606/882 603/207/222 383/293/285 301/685/885
f 301/685/885 364/295/287 605/187/198 604/606/882
f 693/331/290 694/188/199 605/187/198 364/295/287
f 607/454/637 606/453/636 302/448/631 462/451/634
f 608/703/989 607/454/637 462/451/634 335/702/988
s 51
f 610/1038/577 609/1039/576 198/1036/563 228/1037/566
s 43
f 1102/906/1232 1107/908/480 1106/909/479 1103/907/1233
s 1
f 140/550/561 612/578/572 611/577/571 227/573/562
f 926/634/696 927/637/699 443/640/702 613/635/697
f 614/757/960 613/635/697 443/640/702 257/755/959
f 615/267/293 732/266/292 733/377/369 343/380/372
f 616/269/295 615/267/293 343/380/372 141/392/376
f 141/392/376 142/391/375 617/270/296 616/269/295
f 142/391/375 169/394/378 618/276/299 617/270/296
f 620/263/277 619/262/276 158/376/356 139/375/355
s off
f 811/1893/1234 809/1894/1235 813/1895/1236 814/1896/1237
s 2
f 622/491/789 621/811/788 268/808/799 285/302/802
f 623/729/279 622/491/789 285/302/802 317/387/360
f 317/728/360 661/386/359 662/288/280 623/287/279
f 318/412/364 382/411/363 625/292/284 624/291/283
f 626/684/884 625/292/284 382/411/363 319/687/887
f 319/687/887 365/416/368 627/329/288 626/684/884
f 691/415/367 692/330/289 627/329/288 365/416/368
f 629/450/633 628/449/632 320/447/630 461/446/629
f 630/701/987 629/450/633 461/446/629 334/700/986
s 51
f 632/1034/565 631/1035/564 197/1032/569 229/1033/570
s 42
f 1104/902/1238 1101/904/472 1100/905/471 1105/903/1239
s 1
f 105/575/567 634/547/560 633/546/559 226/576/568
f 442/653/1240 635/639/701 928/638/700 929/641/1241
f 258/752/1242 636/753/958 635/639/701 442/653/1240
f 342/486/435 637/379/371 734/378/370 735/485/1243
f 113/484/433 638/389/373 637/379/371 342/486/435
f 118/470/424 639/390/374 638/389/373 113/484/433
f 168/465/415 640/393/377 639/390/374 118/470/424
f 109/252/245 642/346/354 641/345/353 159/253/246
s off
f 834/1897/1244 833/1898/1245 835/1899/1246 836/1900/1247
s 2
f 644/507/801 643/807/800 271/804/803 288/304/806
f 645/727/357 644/507/801 288/304/806 326/511/838
f 659/510/837 660/385/358 645/384/357 326/745/838
f 381/512/839 647/410/362 646/388/361 325/513/840
f 327/688/889 648/686/886 647/410/362 381/512/839
f 366/743/841 649/413/365 648/686/886 327/688/889
f 689/518/1248 690/414/366 649/413/365 366/743/841
f 460/521/1249 651/445/628 650/444/627 328/747/1250
f 333/751/1251 652/699/985 651/445/628 460/521/1249
s 1
f 162/461/411 654/395/407 653/464/414 177/467/417
f 160/237/226 655/257/247 654/395/407 162/461/411
f 656/258/248 655/257/247 160/237/226 122/887/1252
s off
f 846/1901/1253 845/1902/1254 838/1903/1255 840/1904/1256
s 2
f 658/509/805 657/803/804 270/847/807 287/305/810
f 659/744/837 658/509/805 287/305/810 325/749/840
f 325/513/840 646/388/361 660/385/358 659/510/837
f 661/386/359 660/385/358 646/388/361 318/412/364
f 662/288/280 661/386/359 318/412/364 624/291/283
f 663/289/281 662/288/280 624/291/283 307/294/286
f 664/218/242 663/289/281 307/294/286 602/206/221
f 665/219/243 664/218/242 602/206/221 308/209/224
f 666/337/306 665/219/243 308/209/224 431/332/301
f 667/348/307 666/337/306 431/332/301 571/335/304
f 668/690/938 667/348/307 571/335/304 322/692/940
f 669/355/332 668/690/938 322/692/940 411/369/335
f 670/356/333 669/355/332 411/369/335 306/372/338
f 671/214/238 670/356/333 306/372/338 558/199/217
f 672/215/239 671/214/238 558/199/217 305/202/220
f 673/239/268 672/215/239 305/202/220 536/231/263
f 674/240/269 673/239/268 536/231/263 315/234/266
f 675/431/385 973/430/384 974/418/380 329/417/379
f 291/308/818 676/516/819 675/718/385 329/722/379
f 274/845/817 677/802/820 676/516/819 291/308/818
s 93
f 678/1325/1152 677/1326/1151 274/1317/1257 506/1320/1258
s 96
f 679/1329/1187 678/1325/1186 506/1320/1259 514/1324/1260
s off
f 513/1905/1261 680/1906/1262 679/1907/1263 514/1908/1264
f 505/1308/1265 681/1311/1266 680/1314/1267 513/1312/1268
f 121/1307/1269 682/1310/1270 681/1311/1271 505/1308/1272
s 1
f 150/198/215 683/614/234 682/801/233 121/843/216
f 684/615/1273 683/614/234 150/198/215 167/247/406
f 685/517/431 684/615/1273 167/247/406 182/256/423
s off
f 872/1909/1274 871/1910/1275 873/1911/1276 874/1912/1277
s 2
f 688/515/814 687/797/813 273/834/1278 290/307/1279
f 689/742/843 688/515/842 290/307/1280 328/522/1281
f 328/747/1250 650/444/627 690/414/366 689/518/1248
f 691/415/367 690/414/366 650/444/627 320/447/630
f 628/449/632 692/330/289 691/415/367 320/447/630
f 693/331/290 692/330/289 628/449/632 302/448/631
f 606/453/636 694/188/199 693/331/290 302/448/631
f 695/189/200 694/188/199 606/453/636 303/452/635
f 435/458/641 696/350/323 695/189/200 303/452/635
f 567/457/640 697/351/324 696/350/323 435/458/641
f 698/695/943 697/351/324 567/457/640 324/697/945
f 324/697/945 415/479/646 699/374/340 698/695/943
f 700/382/341 699/374/340 415/479/646 297/478/645
f 297/478/645 562/480/647 701/178/178 700/382/341
f 702/179/179 701/178/178 562/480/647 298/483/650
f 298/483/650 540/492/651 703/225/260 702/179/179
f 704/226/261 703/225/260 540/492/651 313/495/654
f 705/436/402 978/435/401 979/497/656 332/496/655
s 80
f 294/311/1282 706/520/845 705/716/844 332/720/1283
s 76
f 277/832/1284 707/796/826 706/520/825 294/311/1285
s 87
f 708/1289/1068 707/1288/1067 277/1291/1286 488/1292/1287
s 89
f 709/1293/1100 708/1289/1099 488/1292/1288 496/1299/1289
s 91
f 710/1300/1128 709/1293/1127 496/1299/1290 502/1303/1291
s off
f 740/1913/1292 741/1914/1293 742/1915/1294 743/1916/1295
s 90
f 493/1278/1296 712/1276/1119 711/1282/1118 499/1284/1297
s 88
f 485/1273/1298 713/1268/1095 712/1276/1094 493/1278/1299
s 86
f 245/1272/1300 714/1269/1063 713/1268/1062 485/1273/1301
s 1
f 245/835/980 246/181/979 715/526/186 714/525/185
s 97
f 246/181/1302 896/551/1303 897/552/1304 715/526/1305
f 896/551/1303 898/553/1306 899/554/1307 897/552/1304
f 898/553/1306 900/555/1308 901/556/1309 899/554/1307
f 902/557/1310 901/556/1309 900/555/1308 903/558/1311
s 98
f 903/558/1312 959/591/1313 960/592/1314 902/557/1315
s 1
f 251/212/972 526/424/971 721/532/256 720/531/255
f 722/533/173 721/532/256 526/424/971 252/173/970
f 252/173/970 548/439/969 723/534/174 722/533/173
f 724/535/343 723/534/174 548/439/969 253/174/968
f 253/174/968 401/363/967 725/536/344 724/535/343
f 726/762/924 725/536/344 401/363/967 254/229/966
f 254/780/966 581/771/965 727/342/320 726/778/924
f 728/343/321 727/342/320 581/771/965 421/770/964
f 729/203/201 728/343/321 421/770/964 255/764/963
f 255/764/963 592/763/962 730/204/202 729/203/201
f 731/265/291 730/204/202 592/763/962 256/759/961
f 256/759/961 614/757/960 732/266/292 731/265/291
f 733/377/369 732/266/292 614/757/960 257/755/959
f 636/753/958 734/378/370 733/377/369 257/755/959
f 735/485/1243 734/378/370 636/753/958 258/752/1242
f 258/752/957 259/681/956 736/472/426 735/485/434
f 259/681/956 260/680/955 737/468/418 736/472/426
f 260/680/955 261/679/954 738/462/412 737/468/418
f 261/679/954 262/678/953 739/190/191 738/462/412
f 686/191/192 739/190/191 262/678/953 244/677/952
s off
f 499/1284/1316 711/1282/1317 741/1285/1318 740/1286/1319
f 711/1549/1320 710/1550/1321 742/1551/1322 741/1552/1323
f 710/1300/1324 502/1303/1325 743/1304/1326 742/1305/1327
f 502/1515/1328 499/1514/1329 740/1516/1330 743/1517/1331
s 1
f 143/1943/274 532/1944/273 744/1945/1332 745/1946/1333
s off
f 533/1561/1334 267/1559/1335 747/1560/1336 746/1562/1337
s 1
f 110/1960/236 967/1952/388 968/1951/1338 748/1961/1339
s 99
f 969/1557/1340 970/1558/1341 276/1553/1342 749/1556/1343
s off
f 276/1553/1344 110/1554/1345 748/1555/1346 749/1556/1347
s 1
f 532/1944/273 126/1947/184 750/1948/1348 744/1945/1349
s off
f 126/1947/1350 264/1953/1351 751/1954/1352 750/1948/1353
f 264/1565/1354 533/1561/1355 746/1562/1356 751/1566/1357
s 100
f 745/1946/1358 744/1945/1359 752/1949/1360 753/1950/1361
s 101
f 746/1562/1362 747/1560/1363 755/1563/1364 754/1564/1365
s 102
f 747/1958/1366 745/1946/1367 753/1950/1368 755/1959/1369
s off
f 744/1945/1370 750/1948/1371 756/1955/1372 752/1949/1373
f 750/1948/1374 751/1954/1375 757/1962/1376 756/1955/1377
f 751/1566/1378 746/1562/1379 754/1564/1380 757/1569/1381
s 100
f 753/1950/1361 752/1949/1360 758/1956/1382 759/1957/1383
s off
f 752/1949/1384 754/1963/1385 760/1964/1386 758/1956/1387
s 101
f 754/1564/1365 755/1563/1364 761/1567/1388 760/1568/1389
s 102
f 755/1563/1369 753/1570/1368 759/1571/1390 761/1567/1391
s 1
f 126/1572/184 554/1573/183 762/1574/1392 763/1575/1393
s 2
f 555/1585/776 264/1586/775 765/1587/1394 764/1588/1395
s off
f 264/1586/1396 126/1589/1397 763/1590/1398 765/1587/1399
s 1
f 135/1576/330 407/1578/329 766/1579/1400 767/1577/1401
s off
f 407/1347/1402 408/1348/1403 768/1349/1404 766/1350/1405
s 2
f 408/1595/796 263/1591/795 769/1592/1406 768/1596/1407
s 1
f 554/1573/183 135/1576/330 767/1577/1401 762/1574/1392
s 2
f 263/1591/795 555/1585/776 764/1588/1395 769/1592/1406
s off
f 767/1577/1408 766/1579/1409 770/1582/1410 771/1580/1411
f 766/1350/1412 768/1349/1413 772/1351/1414 770/1352/1415
f 768/1596/1416 769/1592/1417 773/1594/1418 772/1597/1419
f 764/1355/1420 762/1356/1421 774/1357/1422 775/1358/1423
f 762/1574/1424 767/1577/1425 771/1580/1426 774/1581/1427
f 769/1592/1428 764/1588/1429 775/1593/1430 773/1594/1431
f 771/1580/1432 770/1582/1433 776/1583/1434 777/1584/1435
f 770/1352/1436 772/1351/1437 778/1353/1438 776/1354/1439
f 772/1597/1440 773/1594/1441 779/1598/1442 778/1599/1443
f 773/1359/1444 771/1360/1445 777/1361/1446 779/1362/1447
f 575/1600/1448 427/1601/1449 782/1602/1450 781/1603/1451
f 428/1616/1452 574/1617/1453 780/1618/1454 783/1619/1455
f 408/1363/1456 407/1364/1457 784/1365/1458 785/1366/1459
f 407/1614/1460 111/1608/1461 786/1609/1462 784/1615/1463
f 269/1620/1464 408/1626/1465 785/1627/1466 787/1621/1467
f 427/1601/1468 131/1604/1469 788/1605/1470 782/1602/1471
f 131/1367/1472 266/1368/1473 789/1369/1474 788/1370/1475
f 266/1624/1476 428/1616/1477 783/1619/1478 789/1625/1479
f 111/1608/1480 575/1600/1481 781/1603/1482 786/1609/1483
f 574/1617/1484 269/1620/1485 787/1621/1486 780/1618/1487
f 781/1603/1488 782/1602/1489 792/1606/1490 791/1607/1491
f 783/1619/1492 780/1618/1493 790/1622/1494 793/1623/1495
f 782/1602/1496 788/1605/1497 794/1610/1498 792/1606/1499
f 788/1370/1500 789/1369/1501 795/1371/1502 794/1372/1503
f 789/1625/1504 783/1619/1505 793/1623/1506 795/1631/1507
f 786/1609/1508 781/1603/1509 791/1607/1510 796/1613/1511
f 780/1618/1512 787/1621/1513 797/1628/1514 790/1622/1515
f 787/1373/1516 786/1374/1517 796/1375/1518 797/1376/1519
f 790/1377/1520 791/1378/1521 799/1379/1522 798/1380/1523
f 791/1607/1524 792/1606/1525 800/1611/1526 799/1612/1527
f 792/1381/1528 793/1382/1529 801/1383/1530 800/1384/1531
f 793/1623/1532 790/1622/1533 798/1629/1534 801/1630/1535
s 103
f 679/1632/1536 680/1633/1537 803/1634/1538 802/1635/1539
s off
f 892/1339/1540 893/1340/1541 894/1341/1542 895/1342/1543
s 92
f 515/1527/1184 516/1526/1544 805/1529/1545 804/1530/1546
s off
f 516/1332/1547 679/1329/1548 802/1333/1549 805/1334/1550
f 131/1641/1551 598/1642/1552 806/1643/1553 807/1644/1554
f 599/1658/1555 266/1659/1556 789/1660/1557 808/1661/1558
f 266/1385/1559 131/1386/1560 807/1387/1561 789/1388/1562
f 127/1645/1563 620/1647/1564 809/1648/1565 810/1646/1566
f 621/1666/1567 265/1662/1568 812/1663/1569 811/1667/1570
f 598/1642/1571 127/1645/1572 810/1646/1573 806/1643/1574
f 265/1662/1575 599/1658/1576 808/1661/1577 812/1663/1578
f 620/1647/1579 139/1651/1580 813/1652/1581 809/1648/1582
f 139/1675/1583 268/1669/1584 814/1670/1585 813/1676/1586
f 268/1669/1587 621/1666/1588 811/1667/1589 814/1670/1590
f 810/1646/1591 809/1648/1592 815/1653/1593 816/1649/1594
f 809/1673/1595 811/1667/1596 817/1668/1597 815/1674/1598
f 811/1667/1599 812/1663/1600 818/1665/1601 817/1668/1602
f 808/1389/1603 806/1390/1604 819/1391/1605 820/1392/1606
f 806/1643/1607 810/1646/1608 816/1649/1609 819/1650/1610
f 812/1663/1611 808/1661/1612 820/1664/1613 818/1665/1614
f 816/1649/1615 815/1653/1616 821/1654/1617 822/1655/1618
f 815/1674/1619 817/1668/1620 823/1672/1621 821/1677/1622
f 817/1668/1623 818/1665/1624 824/1671/1625 823/1672/1626
f 818/1656/1627 816/1649/1628 822/1655/1629 824/1657/1630
f 139/1401/1631 642/1397/1632 825/1398/1633 826/1402/1634
f 643/1407/1635 268/1409/1636 828/1410/1637 827/1408/1638
f 268/1409/1639 139/1413/1640 826/1414/1641 828/1410/1642
f 109/1393/1643 656/1394/1644 829/1395/1645 830/1396/1646
f 656/1678/1647 657/1679/1648 831/1680/1649 829/1681/1650
f 657/1403/1651 271/1404/1652 832/1405/1653 831/1406/1654
f 642/1397/1655 109/1393/1656 830/1396/1657 825/1398/1658
f 271/1404/1659 643/1407/1660 827/1408/1661 832/1405/1662
f 827/1682/1663 825/1683/1664 833/1684/1665 834/1685/1666
f 825/1398/1667 830/1396/1668 835/1399/1669 833/1400/1670
f 830/1686/1671 832/1687/1672 836/1688/1673 835/1689/1674
f 832/1405/1675 827/1408/1676 834/1411/1677 836/1412/1678
s 1
f 944/1415/225 945/1416/228 946/1417/1679 947/1418/1680
s 2
f 379/1423/808 270/1424/807 840/1425/1681 839/1426/1682
s 1
f 117/1438/895 369/1439/189 841/1440/1683 842/1441/1684
s off
f 369/1690/1685 368/1691/1686 843/1692/1687 841/1693/1688
s 2
f 368/1436/812 272/1431/890 844/1432/1689 843/1437/1690
s 1
f 378/1442/899 117/1438/895 842/1441/1684 837/1443/1691
s 2
f 272/1431/890 379/1423/808 839/1426/1682 844/1432/1689
s off
f 657/1694/1692 656/1695/1693 845/1696/1694 846/1697/1695
s 1
f 656/1446/248 122/1447/1252 838/1448/1696 845/1449/1697
s 2
f 270/1424/807 657/1427/804 846/1428/1698 840/1425/1681
s off
f 947/1418/1699 946/1417/1700 948/1419/1701 949/1420/1702
f 839/1426/1703 840/1425/1704 850/1429/1705 849/1430/1706
s 1
f 840/1698/1707 838/1699/1708 848/1700/1709 850/1701/1710
s off
f 837/1443/1711 842/1441/1712 851/1444/1713 847/1445/1714
f 842/1709/1715 844/1710/1716 852/1711/1717 851/1712/1718
f 844/1432/1719 839/1426/1720 849/1430/1721 852/1435/1722
f 949/1420/1723 948/1419/1724 950/1421/1725 951/1422/1726
s 1
f 847/1713/1727 849/1714/1728 855/1715/1729 853/1716/1730
s off
f 849/1430/1731 850/1429/1732 856/1433/1733 855/1434/1734
s 1
f 850/1701/1735 848/1700/1709 854/1704/1736 856/1705/1737
s off
f 368/1723/1738 369/1724/1739 858/1725/1740 857/1726/1741
f 369/1450/1742 686/1451/1743 859/1452/1744 858/1453/1745
f 687/1463/1746 368/1464/1747 857/1465/1748 860/1466/1749
s 108
f 437/1727/1750 458/1728/1751 862/1729/1752 861/1730/1753
s 109
f 458/1471/1754 273/1467/1755 863/1468/1756 862/1472/1757
s 110
f 244/1454/1758 437/1456/1759 861/1457/1760 864/1455/1761
f 686/1451/1762 244/1454/1763 864/1455/1761 859/1452/1764
s 109
f 273/1467/1765 687/1463/1766 860/1466/1767 863/1468/1756
s 108
f 861/1730/1753 862/1729/1752 866/1731/1768 865/1732/1769
s 109
f 862/1472/1757 863/1468/1756 867/1470/1770 866/1475/1771
s 110
f 864/1455/1761 861/1457/1760 865/1460/1772 868/1458/1773
s off
f 860/1733/1774 859/1734/1775 869/1735/1776 870/1736/1777
s 110
f 859/1452/1764 864/1455/1761 868/1458/1773 869/1459/1778
s 109
f 863/1468/1756 860/1466/1767 870/1469/1779 867/1470/1770
s off
f 870/1736/1780 869/1735/1781 871/1737/1782 872/1738/1783
f 869/1459/1784 868/1458/1785 873/1461/1786 871/1462/1787
f 868/1739/1788 867/1740/1789 874/1741/1790 873/1742/1791
f 867/1470/1792 870/1469/1793 872/1473/1794 874/1474/1795
f 107/1476/1796 207/1477/1797 877/1478/1798 875/1479/1799
f 1081/888/1800 1083/891/1801 1138/894/1802 1139/895/1803
f 209/1014/1804 188/1013/1805 876/1016/1806 878/1017/1807
f 278/1020/1808 458/1026/1809 880/1027/1810 879/1021/1811
f 458/1743/1812 437/1744/1813 881/1745/1814 880/1746/1815
s 113
f 437/1484/1816 934/1483/1817 935/1482/1818 881/1485/1819
s off
f 188/1013/1820 278/1020/1821 879/1021/1822 876/1016/1823
f 876/1749/1824 875/1750/1825 882/1751/1826 883/1752/1827
f 875/1479/1828 877/1478/1829 884/1480/1830 882/1481/1831
f 1139/895/1832 1138/894/1833 1140/898/1834 1141/899/1835
f 878/1017/1836 876/1016/1837 883/1022/1838 885/1023/1839
s 114
f 393/358/1840 392/794/1841 886/793/1842
s 94
f 116/183/1163 149/182/1843 887/792/1844
s 114
f 392/1753/1841 504/1754/1845 888/1755/1846 886/1756/1842
s 83
f 504/1856/909 509/1855/908 889/1859/1847 888/1860/1848
s 94
f 509/1535/1164 116/1534/1163 887/1537/1844 889/1538/1849
s 103
f 681/1638/1850 682/1640/1851 890/1639/1852
s 92
f 110/1522/1146 507/1525/1149 891/1528/1853
s 103
f 680/1633/1537 681/1638/1850 890/1639/1852 892/1636/1854
s 92
f 507/1525/1149 515/1527/1184 893/1531/1855 891/1528/1853
f 515/1527/1184 804/1530/1546 894/1532/1856 893/1531/1855
s 64
f 804/1827/761 803/1826/760 895/1829/1857 894/1830/1858
s 103
f 803/1634/1538 680/1633/1537 892/1636/1854 895/1637/1859
s 116
f 246/181/1860 247/245/1861 896/551/1862
s 117
f 716/527/1863 715/526/1864 897/552/1865
s 116
f 247/245/1861 248/254/1866 898/553/1867 896/551/1862
s 117
f 717/528/1868 716/527/1863 897/552/1865 899/554/1869
s 116
f 248/254/1866 249/259/1870 900/555/1871 898/553/1867
s 117
f 718/529/1872 717/528/1868 899/554/1869 901/556/1873
f 719/530/1874 718/529/1872 901/556/1873 902/557/1875
s 116
f 249/259/1870 250/243/1876 903/558/1877 900/555/1871
f 250/243/1876 958/590/1878 959/591/1879 903/558/1877
s off
f 251/212/1880 720/531/1881 905/560/1882 904/559/1883
s 117
f 960/592/1884 961/593/1885 719/530/1874 902/557/1875
s 85
f 473/1257/1886 907/1260/1051 906/1263/1050 482/1264/1887
s 84
f 108/1256/1888 908/1259/1031 907/1260/1030 473/1257/1889
s 1
f 148/271/523 909/562/660 908/561/659 108/852/524
f 165/273/539 910/563/663 909/562/660 148/271/523
f 180/275/547 911/564/665 910/563/663 165/273/539
f 185/277/555 912/565/667 911/564/665 180/275/547
f 913/566/670 912/565/667 185/277/555 106/286/621
f 955/587/620 956/588/672 913/566/671 106/286/621
f 524/422/612 915/568/676 914/567/675 146/285/613
f 125/284/605 916/569/679 915/568/676 524/422/612
f 546/437/604 917/570/680 916/569/679 125/284/605
f 136/283/597 918/571/683 917/570/680 546/437/604
f 400/362/596 919/572/684 918/571/683 136/283/597
f 112/768/920 920/758/922 919/572/684 400/362/596
f 583/608/589 921/610/687 920/781/922 112/782/920
f 420/586/588 922/611/688 921/610/687 583/608/589
f 134/583/581 923/619/691 922/611/688 420/586/588
f 590/582/580 924/620/692 923/619/691 134/583/581
f 128/579/573 925/633/695 924/620/692 590/582/580
f 612/578/572 926/634/696 925/633/695 128/579/573
f 140/550/561 927/637/699 926/634/696 612/578/572
f 634/547/560 928/638/700 927/637/699 140/550/561
f 929/641/1241 928/638/700 634/547/560 105/575/567
f 184/542/551 930/644/704 929/641/703 105/575/567
f 179/537/543 931/654/707 930/644/704 184/542/551
f 164/504/535 932/656/709 931/654/707 179/537/543
f 147/488/512 933/658/711 932/656/709 164/504/535
f 934/665/714 933/658/711 147/488/512 107/487/511
s 113
f 935/1482/1818 934/1483/1817 107/1476/1890 875/1479/1891
s off
f 940/1917/1892 941/1918/1893 942/1919/1894 943/1920/1895
f 937/1921/1896 936/1922/1897 938/1923/1898 939/1924/1899
f 480/1757/1900 906/1758/1901 936/1759/1902 937/1760/1903
f 906/1263/1904 483/1265/1905 938/1266/1906 936/1267/1907
f 483/1493/1908 484/1492/1909 939/1494/1910 938/1495/1911
f 484/1062/1912 480/1057/1913 937/1065/1914 939/1066/1915
f 879/1021/1916 880/1027/1917 941/1030/1918 940/1031/1919
f 880/1746/1920 881/1745/1921 942/1747/1922 941/1748/1923
f 881/1485/1924 935/1482/1925 943/1486/1926 942/1487/1927
f 935/1761/1928 879/1762/1929 940/1763/1930 943/1764/1931
s 1
f 122/787/1252 160/885/226 944/884/225
f 377/248/227 378/886/899 945/249/228
f 378/1721/899 837/1719/1932 946/1720/1933 945/1722/228
f 838/1699/1708 122/1706/1252 944/1707/225 947/1702/1934
f 837/1719/1932 847/1713/1727 948/1718/1935 946/1720/1933
f 848/1700/1709 838/1699/1708 947/1702/1934 949/1703/1936
f 847/1713/1727 853/1716/1730 950/1717/1937 948/1718/1935
s 63
f 853/1812/748 854/1811/747 951/1815/1938 950/1816/1939
s 1
f 854/1704/1736 848/1700/1709 949/1703/1936 951/1708/1940
s 54
f 953/1064/625 952/1063/624 204/1067/615 241/1068/618
s 49
f 1128/932/1941 1131/934/504 1130/935/503 1129/933/1942
s 1
f 146/285/613 955/587/620 954/854/619 240/869/614
f 146/285/613 914/567/675 956/588/672 955/587/620
f 957/589/673 956/588/672 914/567/675 451/403/678
f 958/590/973 957/589/673 451/403/678 251/212/972
s 116
f 959/591/1879 958/590/1878 251/212/1943 904/559/1944
s 98
f 960/592/1314 959/591/1313 904/559/1945 905/560/1946
s 117
f 720/531/1947 961/593/1885 960/592/1884 905/560/1948
s 1
f 962/594/397 961/593/396 720/531/255 349/321/258
f 963/595/394 962/594/397 349/321/258 145/211/253
f 964/596/390 963/595/394 145/211/253 144/210/252
f 965/664/391 964/596/390 144/210/252 175/682/251
f 967/786/388 966/683/387 152/650/271 143/830/274
f 968/1951/1338 967/1952/388 143/1943/274 745/1946/1949
s 65
f 969/1925/765 968/1926/764 745/1927/1950 747/1928/1951
s 99
f 267/1559/1952 970/1558/1341 969/1557/1340 747/1560/1953
s 2
f 971/519/824 970/597/823 267/828/783 284/301/786
f 972/725/383 971/519/824 284/301/786 316/738/270
f 316/244/270 674/240/269 973/430/384 972/429/383
f 974/418/380 973/430/384 674/240/269 315/234/266
f 975/419/381 974/418/380 315/234/266 388/233/265
f 976/524/873 975/419/381 388/233/265 314/599/875
f 977/434/400 976/524/873 314/599/875 359/230/262
f 978/435/401 977/434/400 359/230/262 704/226/261
f 979/497/656 978/435/401 704/226/261 313/495/654
f 980/498/657 979/497/656 313/495/654 469/494/653
f 981/714/1000 980/498/657 469/494/653 340/712/998
s 1
f 1017/649/1954 1016/612/1955 151/613/235 683/614/234 684/615/1273
f 1017/649/1954 684/615/1273 685/517/431 176/616/392
f 982/397/409 983/396/408 985/788/1956 984/789/1957
f 984/789/1957 985/788/1956 1006/790/1958 1007/799/1959
f 986/856/1960 987/857/1961 1015/858/1962 1014/859/1963
f 987/621/1961 986/754/1960 989/624/1964 988/625/1965
f 988/625/1965 989/624/1964 1002/642/1966 1003/626/1967
f 990/629/1968 991/627/1969 1004/628/1970 1005/643/1971
f 991/627/1969 990/629/1968 993/630/1972 992/631/1973
f 992/631/1973 993/630/1972 1010/646/1974 1011/632/1975
f 994/860/1976 995/861/1977 1008/862/1978 1009/863/1979
f 995/861/1977 994/860/1976 997/870/1980 996/874/1981
f 996/874/1981 997/870/1980 998/875/1982 999/877/1983
f 999/877/1983 998/875/1982 1001/879/1984 1000/881/1985
f 1000/881/1985 1001/879/1984 1014/859/1963 1015/858/1962
f 1003/626/1967 1002/642/1966 1005/643/1971 1004/628/1970
f 1007/799/1959 1006/790/1958 1009/863/1979 1008/862/1978
f 1011/632/1975 1010/646/1974 1013/647/1986 1012/648/1987
f 1012/648/1987 1013/647/1986 1016/612/1955 1017/649/1954
f 1013/647/1986 966/683/387 151/613/235 1016/612/1955
f 993/630/1972 531/670/272 152/650/271 1010/646/1974
f 1005/643/1971 553/672/182 153/651/181 990/629/1968
f 989/624/1964 406/666/328 154/652/327 1002/642/1966
f 1001/879/1984 426/281/311 576/280/310 1014/859/1963
f 997/870/1980 597/193/194 156/192/193 998/875/1982
f 1009/863/1979 619/262/276 157/261/275 994/860/1976
f 985/788/1956 641/345/353 158/376/356 1006/790/1958
f 640/393/377 984/789/1957 1007/799/1959 169/394/378
f 170/278/300 618/276/299 1008/862/1978 995/861/1977
f 171/251/230 596/250/229 996/874/1981 999/877/1983
f 1015/858/1962 577/316/315 425/315/314 1000/881/1985
f 1003/626/1967 173/671/352 405/661/351 988/625/1965
f 991/627/1969 174/669/232 552/662/231 1004/628/1970
f 1011/632/1975 175/682/251 530/663/250 992/631/1973
f 176/616/392 965/664/391 1012/648/1987 1017/649/1954
f 988/625/1965 405/661/351 172/756/928 987/621/1961
f 986/754/1960 155/674/929 406/666/328 989/624/1964
f 1000/881/1985 425/315/314 171/251/230 999/877/1983
f 998/875/1982 156/192/193 426/281/311 1001/879/1984
f 992/631/1973 530/663/250 174/669/232 991/627/1969
f 990/629/1968 153/651/181 531/670/272 993/630/1972
f 1004/628/1970 552/662/231 173/671/352 1003/626/1967
f 1002/642/1966 154/652/327 553/672/182 1005/643/1971
f 1014/859/1963 576/280/310 155/772/929 986/856/1960
f 172/774/928 577/316/315 1015/858/1962 987/857/1961
f 996/874/1981 596/250/229 170/278/300 995/861/1977
f 994/860/1976 157/261/275 597/193/194 997/870/1980
f 1008/862/1978 618/276/299 169/394/378 1007/799/1959
f 1006/790/1958 158/376/356 619/262/276 1009/863/1979
f 982/397/409 984/789/1957 640/393/377 168/465/415
f 159/253/246 641/345/353 985/788/1956 983/396/408
f 1012/648/1987 965/664/391 175/682/251 1011/632/1975
f 1010/646/1974 152/650/271 966/683/387 1013/647/1986
s 121
f 207/490/1988 206/489/1989 1018/800/1990 1019/805/1991
s 122
f 208/950/1992 209/951/1993 1021/952/1994 1020/953/1995
s 123
f 210/1165/1996 211/1166/1997 1023/1167/1998 1022/1168/1999
s 124
f 212/1008/2000 213/1006/2001 1025/1007/2002 1024/1009/2003
s 121
f 206/489/1989 214/501/2004 1026/806/2005 1018/800/1990
s 122
f 215/956/2006 208/950/1992 1020/953/1995 1027/957/2007
s 123
f 216/1171/2008 210/1165/1996 1022/1168/1999 1028/1172/2009
s 124
f 213/1006/2001 217/1004/2010 1029/1005/2011 1025/1007/2002
s 121
f 214/501/2004 218/503/2012 1030/809/2013 1026/806/2005
s 122
f 219/960/2014 215/956/2006 1027/957/2007 1031/961/2015
s 123
f 220/1173/2016 216/1171/2008 1028/1172/2009 1032/1174/2017
s 124
f 217/1004/2010 221/1002/2018 1033/1003/2019 1029/1005/2011
s 121
f 218/503/2012 222/505/2020 1034/810/2021 1030/809/2013
s 122
f 223/962/2022 219/960/2014 1031/961/2015 1035/963/2023
s 123
f 224/1175/2024 220/1173/2016 1032/1174/2017 1036/1176/2025
s 124
f 221/1002/2018 225/1000/2026 1037/1001/2027 1033/1003/2019
s 121
f 633/506/2028 227/538/2029 1040/813/2030 1039/814/2031
s 122
f 228/968/2032 632/966/2033 1038/967/2034 1041/969/2035
s 121
f 222/505/2020 226/540/2036 1042/817/2037 1034/810/2021
s 122
f 229/964/2038 223/962/2022 1035/963/2023 1043/965/2039
s 121
f 611/541/2040 230/544/2041 1046/818/2042 1045/819/2043
s 122
f 231/972/2044 610/970/2045 1044/971/2046 1047/973/2047
s 121
f 589/545/2048 232/548/2049 1050/820/2050 1049/836/2051
s 122
f 233/976/2052 588/974/2053 1048/975/2054 1051/977/2055
s 121
f 419/549/2056 584/574/2057 1054/838/2058 1053/848/2059
s 122
f 585/980/2060 418/978/2061 1052/979/2062 1055/981/2063
s 123
f 399/1191/2064 236/1189/2065 1058/1190/2066 1057/1192/2067
s 124
f 237/986/2068 398/984/2069 1056/985/2070 1059/987/2071
s 123
f 545/1187/2072 238/1185/2073 1062/1186/2074 1061/1188/2075
s 124
f 239/990/2076 544/988/2077 1060/989/2078 1063/991/2079
s 123
f 523/1183/2080 240/1181/2081 1066/1182/2082 1065/1184/2083
s 124
f 241/994/2084 522/992/2085 1064/993/2086 1067/995/2087
s 123
f 954/1179/2088 242/1177/2089 1070/1178/2090 1069/1180/2091
s 124
f 243/998/2092 953/996/2093 1068/997/2094 1071/999/2095
s 123
f 242/1177/2089 224/1175/2024 1036/1176/2025 1070/1178/2090
s 124
f 225/1000/2026 243/998/2092 1071/999/2095 1037/1001/2027
s off
f 234/1193/2096 399/1191/2097 1057/1192/2098 1072/1194/2099
s 124
f 398/984/2069 235/982/2100 1073/983/2101 1056/985/2070
s 121
f 232/548/2049 419/549/2056 1053/848/2059 1050/820/2050
s 122
f 418/978/2061 233/976/2052 1051/977/2055 1052/979/2062
s 123
f 211/1166/1997 476/1169/2102 1074/1170/2103 1023/1167/1998
s 53
f 476//530 475//529 1075//2104 1074//2105
s 124
f 475/1010/2106 212/1008/2000 1024/1009/2003 1075/1011/2107
s 123
f 238/1185/2073 523/1183/2080 1065/1184/2083 1062/1186/2074
s 124
f 522/992/2085 239/990/2076 1063/991/2079 1064/993/2086
s 123
f 236/1189/2065 545/1187/2072 1061/1188/2075 1058/1190/2066
s 124
f 544/988/2077 237/986/2068 1059/987/2071 1060/989/2078
s 121
f 584/574/2057 234/865/2108 1072/853/2109 1054/838/2058
s off
f 235/982/2110 585/980/2111 1055/981/2112 1073/983/2113
s 121
f 230/544/2041 589/545/2048 1049/836/2051 1046/818/2042
s 122
f 588/974/2053 231/972/2044 1047/973/2047 1048/975/2054
s 121
f 227/538/2029 611/541/2040 1045/819/2043 1040/813/2030
s 122
f 610/970/2045 228/968/2032 1041/969/2035 1044/971/2046
s 121
f 226/540/2036 633/506/2028 1039/814/2031 1042/817/2037
s 122
f 632/966/2033 229/964/2038 1043/965/2039 1038/967/2034
f 209/951/1993 878/954/2114 1076/955/2115 1021/952/1994
s 121
f 877/1765/2116 207/1766/1988 1019/1767/1991 1077/1768/2117
s 122
f 878/954/2114 885/958/2118 1078/959/2119 1076/955/2115
s off
f 885/1931/2120 884/1932/2121 1079/1933/2122 1078/1934/2123
s 121
f 884/1769/2124 877/1765/2116 1077/1768/2117 1079/1770/2125
s 123
f 240/1181/2081 954/1179/2088 1069/1180/2091 1066/1182/2082
s 124
f 953/996/2093 241/994/2084 1067/995/2087 1068/997/2094
s off
f 1019/1073/2126 1018/1074/2127 1080/1075/2128 1081/1076/2129
f 1020/1097/2130 1021/1098/2131 1083/1099/2132 1082/1100/2133
f 1022/1121/2134 1023/1122/2135 1085/1123/2136 1084/1124/2137
f 1024/1143/2138 1025/1144/2139 1087/1145/2140 1086/1146/2141
f 1018/1074/2142 1026/1077/2143 1088/1078/2144 1080/1075/2145
f 1027/1103/2146 1020/1097/2147 1082/1100/2148 1089/1104/2149
f 1028/1127/2150 1022/1121/2151 1084/1124/2152 1090/1128/2153
f 1025/1144/2154 1029/1147/2155 1091/1148/2156 1087/1145/2157
f 1026/1077/2158 1030/1081/2159 1092/1082/2160 1088/1078/2161
f 1031/1107/2162 1027/1103/2163 1089/1104/2164 1093/1108/2165
f 1032/1129/2166 1028/1127/2167 1090/1128/2168 1094/1130/2169
f 1029/1147/2170 1033/1151/2171 1095/1152/2172 1091/1148/2173
f 1030/1081/2174 1034/1085/2175 1096/1086/2176 1092/1082/2177
f 1035/1109/2178 1031/1107/2179 1093/1108/2180 1097/1110/2181
f 1036/1131/2182 1032/1129/2183 1094/1130/2184 1098/1132/2185
f 1033/1151/2186 1037/1153/2187 1099/1154/2188 1095/1152/2189
f 1039/1089/2190 1040/1091/2191 1102/1092/2192 1101/1090/2193
f 1041/1115/2194 1038/1113/2195 1100/1114/2196 1103/1116/2197
f 1034/1085/2198 1042/1087/2199 1104/1088/2200 1096/1086/2201
f 1043/1111/2202 1035/1109/2203 1097/1110/2204 1105/1112/2205
f 1045/1093/2206 1046/1095/2207 1108/1096/2208 1107/1094/2209
f 1047/1119/2210 1044/1117/2211 1106/1118/2212 1109/1120/2213
f 1049/1215/2214 1050/1216/2215 1112/1217/2216 1111/1218/2217
f 1051/1235/2218 1048/1236/2219 1110/1237/2220 1113/1238/2221
f 1053/1219/2222 1054/1223/2223 1116/1224/2224 1115/1220/2225
f 1055/1243/2226 1052/1241/2227 1114/1242/2228 1117/1244/2229
f 1057/1227/2230 1058/1229/2231 1120/1230/2232 1119/1228/2233
f 1059/1249/2234 1056/1247/2235 1118/1248/2236 1121/1250/2237
f 1061/1231/2238 1062/1233/2239 1124/1234/2240 1123/1232/2241
f 1063/1253/2242 1060/1251/2243 1122/1252/2244 1125/1254/2245
f 1065/1139/2246 1066/1137/2247 1128/1138/2248 1127/1140/2249
f 1067/1159/2250 1064/1161/2251 1126/1162/2252 1129/1160/2253
f 1069/1135/2254 1070/1133/2255 1132/1134/2256 1131/1136/2257
f 1071/1155/2258 1068/1157/2259 1130/1158/2260 1133/1156/2261
f 1070/1133/2262 1036/1131/2263 1098/1132/2264 1132/1134/2265
f 1037/1153/2266 1071/1155/2267 1133/1156/2268 1099/1154/2269
f 1072/1225/2270 1057/1227/2271 1119/1228/2272 1134/1226/2273
f 1056/1247/2274 1073/1245/2275 1135/1246/2276 1118/1248/2277
f 1050/1216/2278 1053/1219/2279 1115/1220/2280 1112/1217/2281
f 1052/1241/2282 1051/1235/2283 1113/1238/2284 1114/1242/2285
f 1023/1122/2286 1074/1125/2287 1136/1126/2288 1085/1123/2289
f 1074/1935/2290 1075/1936/2291 1137/1937/2292 1136/1938/2293
f 1075/1149/2294 1024/1143/2295 1086/1146/2296 1137/1150/2297
f 1062/1141/2298 1065/1139/2299 1127/1140/2300 1124/1142/2301
f 1064/1161/2302 1063/1163/2303 1125/1164/2304 1126/1162/2305
f 1058/1229/2306 1061/1231/2307 1123/1232/2308 1120/1230/2309
f 1060/1251/2310 1059/1249/2311 1121/1250/2312 1122/1252/2313
f 1054/1223/2314 1072/1225/2315 1134/1226/2316 1116/1224/2317
f 1073/1245/2318 1055/1243/2319 1117/1244/2320 1135/1246/2321
f 1046/1221/2322 1049/1215/2323 1111/1218/2324 1108/1222/2325
f 1048/1236/2326 1047/1239/2327 1109/1240/2328 1110/1237/2329
f 1040/1091/2330 1045/1093/2331 1107/1094/2332 1102/1092/2333
f 1044/1117/2334 1041/1115/2335 1103/1116/2336 1106/1118/2337
f 1042/1087/2338 1039/1089/2339 1101/1090/2340 1104/1088/2341
f 1038/1113/2342 1043/1111/2343 1105/1112/2344 1100/1114/2345
f 1021/1098/2346 1076/1101/2347 1138/1102/2348 1083/1099/2349
f 1077/1079/2350 1019/1073/2351 1081/1076/2352 1139/1080/2353
f 1076/1101/2354 1078/1105/2355 1140/1106/2356 1138/1102/2357
f 1078/1939/2358 1079/1940/2359 1141/1941/2360 1140/1942/2361
f 1079/1083/2362 1077/1079/2363 1139/1080/2364 1141/1084/2365
f 1066/1137/2366 1069/1135/2367 1131/1136/2368 1128/1138/2369
f 1068/1157/2370 1067/1159/2371 1129/1160/2372 1130/1158/2373
g default
v -0.054741 -6.919084 -7.821301
v -0.556279 -6.916361 -8.309811
v -1.234790 -6.925011 -8.482258
v -1.908469 -6.942716 -8.292431
v -2.396802 -6.964732 -7.791195
v -2.568942 -6.985159 -7.112858
v -2.378764 -6.998525 -6.439178
v -1.877226 -7.001248 -5.950672
v -1.198714 -6.992598 -5.778225
v -0.525036 -6.974893 -5.968052
v -0.036703 -6.952877 -6.469284
v 0.135438 -6.932450 -7.147621
v -2.143799 57.617535 -5.710308
v -2.262378 57.618176 -5.825809
v -2.422851 57.616127 -5.866631
v -2.582179 57.611935 -5.821697
v -2.697637 57.606743 -5.703190
v -2.738386 57.601891 -5.542759
v -2.693371 57.598740 -5.383430
v -2.574791 57.598106 -5.267929
v -2.414318 57.600132 -5.227112
v -2.254990 57.604343 -5.272041
v -2.139532 57.609539 -5.390549
v -2.098783 57.614368 -5.550980
v -0.459144 15.381733 -7.297646
v -0.955228 15.384427 -7.780846
v -1.626361 15.375869 -7.951416
v -2.292714 15.358359 -7.763653
v -2.775737 15.336584 -7.267868
v -2.946005 15.316373 -6.596909
v -2.757895 15.303156 -5.930557
v -2.261811 15.300462 -5.447357
v -1.590678 15.309020 -5.276787
v -0.924325 15.326530 -5.464550
v -0.441302 15.348307 -5.960335
v -0.271034 15.368512 -6.631294
v -2.418584 57.892719 -5.546871
v -7.875266 37.563328 -5.767937
v -7.832794 37.902683 -5.833794
v -7.797735 38.165089 -5.607471
v -7.796490 38.152935 -5.259399
v -7.829997 37.875385 -5.051682
v -7.873023 37.541439 -5.140732
v -7.893169 37.402561 -5.459496
v -7.758976 37.471828 -5.871437
v -7.702991 37.919147 -5.958244
v -7.656779 38.265026 -5.659924
v -7.655138 38.249012 -5.201118
v -7.699305 37.883167 -4.927315
v -7.756019 37.442974 -5.044693
v -7.782575 37.259914 -5.464870
v -7.896025 37.412434 -5.972912
v -7.826529 37.967709 -6.080669
v -7.769164 38.397068 -5.710350
v -7.767127 38.377193 -5.140808
v -7.821952 37.923046 -4.800922
v -7.892355 37.376614 -4.946632
v -7.925321 37.149364 -5.468216
v -8.012316 37.503933 -5.869411
v -7.956332 37.951252 -5.956219
v -7.910120 38.297131 -5.657898
v -7.908479 38.281116 -5.199089
v -7.952645 37.915264 -4.925285
v -8.009359 37.475079 -5.042667
v -8.035915 37.292011 -5.462845
v 10.655031 38.578449 -4.843639
v -14.230680 37.505795 -5.582924
v -1.700618 38.506153 -5.468864
v -1.683742 38.266804 -5.689659
v -1.668677 37.943272 -5.727367
v -1.661176 37.659130 -5.567585
v -1.664105 37.522915 -5.271343
v -1.676346 37.586651 -4.951797
v -1.693221 37.826000 -4.730999
v -1.708287 38.149532 -4.693291
v -1.715788 38.433674 -4.853077
v -1.712858 38.569889 -5.149319
v -7.834102 38.114796 -5.579845
v -7.842965 38.160946 -5.348461
v -7.845086 38.062313 -5.133949
v -7.839654 37.856564 -5.018250
v -7.828745 37.622295 -5.045555
v -7.816525 37.448978 -5.205433
v -7.807662 37.402828 -5.436817
v -7.805542 37.501461 -5.651329
v -7.810973 37.707211 -5.767029
v -7.821882 37.941479 -5.739723
v 4.866351 38.662220 -5.202549
v 4.878571 38.488911 -5.362427
v 4.889480 38.254642 -5.389732
v 4.894912 38.048893 -5.274033
v 4.892790 37.950260 -5.059525
v 4.883927 37.996410 -4.828140
v 4.871707 38.169727 -4.668259
v 4.860798 38.403996 -4.640957
v 4.855367 38.609745 -4.756657
v 4.857488 38.708378 -4.971165
v 2.781728 38.042294 -5.368500
v 2.824200 38.381649 -5.434357
v 2.859258 38.644054 -5.208035
v 2.860503 38.631901 -4.859962
v 2.826997 38.354351 -4.652245
v 2.783970 38.020405 -4.741295
v 2.763824 37.881527 -5.060059
v 2.898018 37.950794 -5.472000
v 2.954003 38.398113 -5.558807
v 3.000215 38.743999 -5.260487
v 3.001855 38.727978 -4.801678
v 2.957689 38.362133 -4.527878
v 2.900975 37.921940 -4.645256
v 2.874419 37.738880 -5.065434
v 2.760968 37.891399 -5.573475
v 2.830465 38.446674 -5.681232
v 2.887830 38.876041 -5.310913
v 2.889866 38.856159 -4.741367
v 2.835041 38.402012 -4.401482
v 2.764638 37.855579 -4.547195
v 2.731672 37.628330 -5.068779
v 2.644678 37.982899 -5.469975
v 2.700662 38.430218 -5.556782
v 2.746873 38.776096 -5.258461
v 2.748514 38.760082 -4.799652
v 2.704349 38.394230 -4.525848
v 2.647634 37.954044 -4.643230
v 2.621078 37.770977 -5.063404
v -16.068653 18.754633 -6.004040
v -11.784100 19.850182 -4.142193
v -8.447548 20.251150 -4.223286
v -5.099913 20.357172 -4.257252
v -1.746217 20.431164 -4.203884
v 1.608193 20.520407 -4.205959
v 4.946201 20.665754 -4.423260
v 8.292734 20.511187 -4.630421
v 12.465140 19.891941 -5.341961
v -15.503161 22.130136 -4.013172
v -11.860797 22.249014 -4.046947
v -8.502848 22.349262 -3.660809
v -5.136416 22.413319 -3.111996
v -1.753742 22.414270 -2.659451
v 1.616521 22.498762 -2.662319
v 4.932170 22.699518 -3.357082
v 8.225748 22.900145 -4.337734
v 11.855485 23.031403 -4.681324
v -15.273562 24.246506 -3.851353
v -11.910258 24.343483 -3.247440
v -8.545398 24.435280 -2.522282
v -5.192187 24.492580 -2.070141
v -1.805560 24.507555 -1.545330
v 1.576773 24.593430 -1.643818
v 4.890631 24.801975 -2.450718
v 8.175240 24.996269 -3.660656
v 11.493100 25.130077 -4.594692
v -15.333536 26.349077 -3.471157
v -11.962762 26.440294 -2.569378
v -8.617205 26.538118 -2.145176
v -5.277005 26.611782 -1.358219
v -1.898868 26.680758 -0.683949
v 1.483215 26.796721 -1.019497
v 4.809797 26.957144 -2.074764
v 8.113590 27.102221 -3.145840
v 11.429037 27.235800 -4.377567
v -15.402374 28.458487 -3.444523
v -12.030572 28.548910 -2.501644
v -8.684579 28.646950 -2.078754
v -5.343366 28.731808 -1.260944
v -1.968475 28.827557 -0.649082
v 1.415713 28.955437 -0.935810
v 4.749086 29.089695 -1.890270
v 8.052089 29.210144 -2.898357
v 11.365053 29.341465 -4.157314
v -15.033087 30.589020 -3.760616
v -11.776612 30.678627 -2.963322
v -8.523060 30.769218 -2.222088
v -5.287731 30.874432 -1.904949
v -2.024498 30.987026 -1.389370
v 1.240421 31.104748 -1.515987
v 4.458171 31.212017 -2.159481
v 7.650233 31.314663 -2.953365
v 10.846744 31.438499 -4.420696
v -14.672503 32.714283 -3.829517
v -11.539210 32.812134 -3.300838
v -8.380116 32.890965 -2.422634
v -5.241131 33.011623 -2.104275
v -2.100340 33.142620 -1.965893
v 1.040823 33.242176 -2.030361
v 4.153855 33.317413 -2.456081
v 7.236020 33.423702 -3.615253
v 10.340922 33.537868 -4.591763
v -14.393875 34.841721 -3.800625
v -11.196647 34.939938 -3.438885
v -8.196217 35.029449 -3.424709
v -5.180479 35.141464 -2.526386
v -2.180127 35.262939 -2.225460
v 0.800744 35.352016 -2.580868
v 3.758715 35.426811 -3.607281
v 6.728758 35.529976 -4.277905
v 9.715383 35.629047 -4.655666
v -14.315526 37.338417 -5.440762
v -11.271069 37.221786 -4.421040
v -8.277795 37.147724 -3.901493
v -5.285489 37.258125 -3.858677
v -2.291463 37.374332 -3.780804
v 0.691287 37.462917 -3.977268
v 3.672470 37.543030 -4.187641
v 6.653749 37.812290 -4.270679
v 10.074783 38.475487 -5.265369
v -16.068653 18.754633 -6.136974
v -11.784100 19.850182 -4.275135
v -8.447548 20.251150 -4.356220
v -5.099913 20.357172 -4.390194
v -1.746217 20.431164 -4.336819
v 1.608193 20.520407 -4.338902
v 4.946201 20.665754 -4.556202
v 8.292734 20.511187 -4.763363
v 12.465140 19.891941 -5.474903
v -15.503161 22.130136 -4.146114
v -11.860797 22.249014 -4.179890
v -8.502848 22.349262 -3.793751
v -5.136416 22.413319 -3.244938
v -1.753742 22.414270 -2.792393
v 1.616521 22.498762 -2.795261
v 4.932170 22.699518 -3.490025
v 8.225748 22.900145 -4.470669
v 11.855485 23.031403 -4.814266
v -15.273562 24.246506 -3.984295
v -11.910258 24.343483 -3.380375
v -8.545398 24.435280 -2.655216
v -5.192187 24.492580 -2.203083
v -1.805560 24.507555 -1.678272
v 1.576773 24.593430 -1.776760
v 4.890631 24.801975 -2.583660
v 8.175240 24.996269 -3.793598
v 11.493100 25.130077 -4.727634
v -15.333536 26.349077 -3.604099
v -11.962762 26.440294 -2.702312
v -8.617205 26.538118 -2.278126
v -5.277005 26.611782 -1.491154
v -1.898868 26.680758 -0.816891
v 1.483215 26.796721 -1.152431
v 4.809797 26.957144 -2.207706
v 8.113590 27.102221 -3.278782
v 11.429037 27.235800 -4.510509
v -15.402374 28.458487 -3.577457
v -12.030572 28.548910 -2.634579
v -8.684579 28.646950 -2.537975
v -5.343366 28.731808 -1.720165
v -1.968475 28.827557 -1.108311
v 1.415714 28.955437 -1.395031
v 4.749086 29.089695 -2.349491
v 8.052089 29.210144 -3.031292
v 11.365053 29.341465 -4.290257
v -15.033087 30.589012 -3.909618
v -11.776615 30.678627 -3.422550
v -8.523060 30.769218 -2.681309
v -5.287731 30.874432 -2.364178
v -2.024498 30.987026 -1.848591
v 1.240421 31.104748 -1.975208
v 4.458171 31.212017 -2.618710
v 7.650235 31.314663 -3.412586
v 10.846744 31.438499 -4.699612
v -14.672503 32.714283 -3.978519
v -11.539208 32.812134 -4.098675
v -8.380116 32.890965 -2.881855
v -5.241131 33.011623 -2.563503
v -2.100340 33.142620 -2.425114
v 1.040824 33.242184 -2.489582
v 4.153855 33.317413 -2.915310
v 7.236019 33.423702 -4.074482
v 10.340924 33.537868 -4.878841
v -14.393875 34.841721 -3.949635
v -11.196647 34.939938 -4.659245
v -8.196217 35.029449 -3.883930
v -5.180479 35.141464 -2.659328
v -2.180127 35.262939 -2.358402
v 0.800744 35.352016 -2.713810
v 3.758716 35.426811 -4.066502
v 6.728758 35.529976 -4.737125
v 9.715384 35.629047 -4.843876
v -14.315526 37.338417 -5.761364
v -11.271069 37.221786 -4.880260
v -8.277795 37.147724 -4.034435
v -5.285489 37.258125 -3.991619
v -2.291463 37.374332 -3.913738
v 0.691287 37.462917 -4.110203
v 3.672470 37.543030 -4.320583
v 6.653749 37.812290 -4.403614
v 10.074783 38.475487 -5.398304
v -10.118895 37.802132 -5.292625
v -7.621139 38.534004 -4.048836
v -5.676038 38.801868 -4.103004
v -3.724475 38.872704 -4.125702
v -1.769379 38.922127 -4.090042
v 0.186133 38.981747 -4.091431
v 2.132083 39.078850 -4.236603
v 4.083004 38.975594 -4.374992
v 6.515380 38.561901 -4.850334
v -9.789231 40.057125 -3.962646
v -7.665851 40.136536 -3.985207
v -5.708276 40.203506 -3.727249
v -3.745756 40.246296 -3.360619
v -1.773766 40.246933 -3.058296
v 0.190988 40.303383 -3.060211
v 2.123904 40.437496 -3.524345
v 4.043953 40.571518 -4.179466
v 6.159971 40.659210 -4.409004
v -9.655382 41.470955 -3.854546
v -7.694685 41.535736 -3.451096
v -5.733081 41.597065 -2.966660
v -3.778268 41.635338 -2.664612
v -1.803974 41.645344 -2.314011
v 0.167816 41.702709 -2.379807
v 2.099688 41.842030 -2.918854
v 4.014508 41.971828 -3.727142
v 5.948712 42.061218 -4.351128
v -9.690345 42.875565 -3.600555
v -7.725294 42.936501 -2.998123
v -5.774942 43.001854 -2.714737
v -3.827714 43.051060 -2.189011
v -1.858370 43.097141 -1.738571
v 0.113275 43.174606 -1.962730
v 2.052565 43.281780 -2.667702
v 3.978569 43.378700 -3.383224
v 5.911366 43.467934 -4.206070
v -9.730474 44.284744 -3.582756
v -7.764824 44.345154 -2.952873
v -5.814219 44.410652 -2.670364
v -3.866400 44.467335 -2.124031
v -1.898949 44.531300 -1.715286
v 0.073924 44.616734 -1.906830
v 2.017172 44.706425 -2.544449
v 3.942715 44.786888 -3.217896
v 5.874065 44.874615 -4.058937
v -9.515193 45.708035 -3.793922
v -7.616775 45.767899 -3.261299
v -5.720059 45.828419 -2.766121
v -3.833967 45.898705 -2.554253
v -1.931608 45.973927 -2.209824
v -0.028266 46.052567 -2.294411
v 1.847578 46.124226 -2.724297
v 3.708447 46.192806 -3.254639
v 5.571908 46.275532 -4.234886
v -9.304983 47.127808 -3.839951
v -7.478377 47.193180 -3.486771
v -5.636727 47.245846 -2.900093
v -3.806801 47.326450 -2.687416
v -1.975821 47.413956 -2.594971
v -0.144625 47.480473 -2.638031
v 1.670171 47.530731 -2.922440
v 3.466973 47.601738 -3.696815
v 5.277031 47.678005 -4.349167
v -9.142553 48.549034 -3.820656
v -7.278674 48.614643 -3.578995
v -5.529520 48.674446 -3.569527
v -3.771442 48.749275 -2.969406
v -2.022335 48.830433 -2.768372
v -0.284584 48.889942 -3.005806
v 1.439818 48.939903 -3.691490
v 3.171256 49.008820 -4.139496
v 4.912361 49.075008 -4.391853
v -9.096878 50.216949 -4.916336
v -7.322059 50.139027 -4.235115
v -5.577077 50.089550 -3.888039
v -3.832660 50.163307 -3.859436
v -2.087240 50.240936 -3.807411
v -0.348394 50.300110 -3.938652
v 1.389539 50.353634 -4.079201
v 3.127529 50.533508 -4.134666
v 5.121880 50.976555 -4.799164
v -10.118895 37.802132 -5.381439
v -7.621139 38.534004 -4.137642
v -5.676038 38.801868 -4.191818
v -3.724475 38.872704 -4.214508
v -1.769379 38.922127 -4.178856
v 0.186133 38.981747 -4.180244
v 2.132083 39.078850 -4.325409
v 4.083004 38.975594 -4.463806
v 6.515380 38.561901 -4.939148
v -9.789231 40.057125 -4.051453
v -7.665851 40.136536 -4.074020
v -5.708276 40.203506 -3.816063
v -3.745756 40.246296 -3.449432
v -1.773766 40.246933 -3.147110
v 0.190988 40.303383 -3.149025
v 2.123904 40.437496 -3.613159
v 4.043953 40.571518 -4.268272
v 6.159971 40.659210 -4.497810
v -9.655382 41.470955 -3.943352
v -7.694685 41.535736 -3.539909
v -5.733081 41.597065 -3.055466
v -3.778268 41.635338 -2.753418
v -1.803974 41.645344 -2.402824
v 0.167816 41.702709 -2.468620
v 2.099688 41.842030 -3.007660
v 4.014508 41.971828 -3.815956
v 5.948712 42.061218 -4.439934
v -9.690345 42.875565 -3.689362
v -7.725294 42.936501 -3.086929
v -5.774942 43.001854 -2.803551
v -3.827714 43.051060 -2.277817
v -1.858370 43.097141 -1.827377
v 0.113275 43.174606 -2.051544
v 2.052565 43.281780 -2.756516
v 3.978569 43.378700 -3.472038
v 5.911366 43.467934 -4.294884
v -9.730474 44.284744 -3.671570
v -7.764824 44.345154 -3.041687
v -5.814219 44.410652 -2.977142
v -3.866400 44.467335 -2.430809
v -1.898949 44.531300 -2.022064
v 0.073924 44.616734 -2.213608
v 2.017171 44.706425 -2.851227
v 3.942715 44.786888 -3.306702
v 5.874065 44.874615 -4.147743
v -9.515193 45.708035 -3.893463
v -7.616776 45.767899 -3.568077
v -5.720059 45.828419 -3.072899
v -3.833967 45.898705 -2.861038
v -1.931608 45.973927 -2.516609
v -0.028266 46.052567 -2.601196
v 1.847577 46.124226 -3.031082
v 3.708447 46.192806 -3.561424
v 5.571908 46.275532 -4.421211
v -9.304983 47.127808 -3.939491
v -7.478376 47.193180 -4.019768
v -5.636727 47.245846 -3.206871
v -3.806801 47.326450 -2.994194
v -1.975821 47.413956 -2.901749
v -0.144625 47.480473 -2.944817
v 1.670171 47.530731 -3.229218
v 3.466973 47.601738 -4.003601
v 5.277031 47.678005 -4.540947
v -9.142553 48.549034 -3.920197
v -7.278674 48.614643 -4.394249
v -5.529520 48.674446 -3.876305
v -3.771442 48.749275 -3.058212
v -2.022335 48.830433 -2.857185
v -0.284584 48.889942 -3.094612
v 1.439818 48.939903 -3.998268
v 3.171256 49.008820 -4.446281
v 4.912362 49.075008 -4.517586
v -9.096879 50.216949 -5.130516
v -7.322059 50.139027 -4.541901
v -5.577077 50.089550 -3.976845
v -3.832660 50.163307 -3.948242
v -2.087240 50.240936 -3.896217
v -0.348394 50.300110 -4.027466
v 1.389539 50.353634 -4.168007
v 3.127529 50.533508 -4.223480
v 5.121880 50.976555 -4.887978
v 2.638524 50.732540 -5.265480
v 2.679665 51.061260 -5.329269
v 2.713624 51.315441 -5.110043
v 2.714830 51.303669 -4.772881
v 2.682374 51.034824 -4.571671
v 2.640696 50.711338 -4.657928
v 2.621181 50.576809 -4.966705
v 2.751169 50.643909 -5.365738
v 2.805399 51.077213 -5.449821
v 2.850163 51.412251 -5.160851
v 2.851752 51.396740 -4.716423
v 2.808970 51.042355 -4.451202
v 2.754033 50.615955 -4.564903
v 2.728310 50.438633 -4.971909
v 2.618414 50.586376 -5.464031
v 2.685733 51.124249 -5.568413
v 2.741301 51.540157 -5.209694
v 2.743273 51.520901 -4.658005
v 2.690166 51.080982 -4.328770
v 2.621969 50.551678 -4.469913
v 2.590037 50.331554 -4.975151
v 2.505768 50.675007 -5.363773
v 2.559998 51.108303 -5.447861
v 2.604762 51.443348 -5.158890
v 2.606350 51.427830 -4.714458
v 2.563569 51.073452 -4.449238
v 2.508632 50.647053 -4.562939
v 2.482908 50.469730 -4.969948
v 10.265087 51.251888 -4.757069
v -13.840734 50.212856 -5.473186
v -1.703351 51.181858 -5.362701
v -1.687004 50.950016 -5.576576
v -1.672411 50.636623 -5.613102
v -1.665145 50.361385 -5.458328
v -1.667983 50.229435 -5.171368
v -1.679839 50.291180 -4.861835
v -1.696186 50.523022 -4.647961
v -1.710780 50.836422 -4.611435
v -1.718045 51.111652 -4.766209
v -1.715208 51.243603 -5.053169
v -7.644619 50.802769 -5.470200
v -7.653204 50.847469 -5.246067
v -7.655258 50.751934 -5.038280
v -7.649997 50.552631 -4.926208
v -7.639431 50.325703 -4.952656
v -7.627594 50.157818 -5.107525
v -7.619008 50.113110 -5.331657
v -7.616953 50.208660 -5.539444
v -7.622214 50.407955 -5.651520
v -7.632782 50.634884 -5.625069
v 4.657817 51.333042 -5.104729
v 4.669654 51.165157 -5.259598
v 4.680222 50.938229 -5.286045
v 4.685483 50.738934 -5.173973
v 4.683428 50.643391 -4.966187
v 4.674842 50.688099 -4.742054
v 4.663005 50.855976 -4.587185
v 4.652439 51.082905 -4.560738
v 4.647177 51.282207 -4.672810
v 4.649232 51.377750 -4.880596
v -7.684493 50.268589 -5.652397
v -7.643352 50.597309 -5.716190
v -7.609392 50.851482 -5.496964
v -7.608186 50.839718 -5.159798
v -7.640642 50.570866 -4.958588
v -7.682320 50.247379 -5.044849
v -7.701835 50.112850 -5.353622
v -7.571846 50.179951 -5.752655
v -7.517616 50.613255 -5.836742
v -7.472853 50.948292 -5.547771
v -7.471264 50.932781 -5.103340
v -7.514046 50.578396 -4.838120
v -7.568983 50.152004 -4.951824
v -7.594706 49.974682 -5.358829
v -7.704601 50.122417 -5.850952
v -7.637283 50.660297 -5.955334
v -7.581716 51.076199 -5.596615
v -7.579743 51.056942 -5.044922
v -7.632850 50.617023 -4.715691
v -7.701046 50.087719 -4.856834
v -7.732979 49.867596 -5.362072
v -7.817248 50.211048 -5.750694
v -7.763018 50.644352 -5.834782
v -7.718255 50.979389 -5.545807
v -7.716665 50.963879 -5.101379
v -7.759447 50.609493 -4.836159
v -7.814384 50.183094 -4.949860
v -7.840108 50.005772 -5.356865
v 14.412891 20.144972 -4.235855
v -17.988541 18.748365 -5.198410
v -1.674281 20.050840 -5.049904
v -1.652308 19.739208 -5.337379
v -1.632693 19.317965 -5.386482
v -1.622927 18.948011 -5.178436
v -1.626741 18.770658 -4.792732
v -1.642678 18.853645 -4.376678
v -1.664650 19.165277 -4.089195
v -1.684266 19.586521 -4.040100
v -1.694032 19.956476 -4.248146
v -1.690218 20.133829 -4.633858
v -9.660135 19.541286 -5.194405
v -9.671675 19.601379 -4.893135
v -9.674437 19.472958 -4.613846
v -9.667365 19.205072 -4.463203
v -9.653161 18.900049 -4.498749
v -9.637252 18.674395 -4.706917
v -9.625710 18.614302 -5.008179
v -9.622950 18.742725 -5.287476
v -9.630021 19.010609 -5.438110
v -9.644225 19.315632 -5.402565
v 6.875975 20.254045 -4.703163
v 6.891886 20.028391 -4.911324
v 6.906090 19.723368 -4.946877
v 6.913162 19.455486 -4.796234
v 6.910400 19.327065 -4.516937
v 6.898860 19.387156 -4.215675
v 6.882949 19.612808 -4.007507
v 6.868746 19.917831 -3.971962
v 6.861674 20.185717 -4.122604
v 6.864436 20.314138 -4.401894
v 2.712971 3.080255 -13.621445
v 2.592949 2.922021 -13.469566
v 4.406269 20.157257 -4.941078
v 4.286246 19.999029 -4.789200
v 4.191645 20.277657 -4.985252
v 4.071624 20.119429 -4.833366
v 2.498347 3.200653 -13.665619
v 2.378324 3.042424 -13.513733
v 3.160461 7.959737 -13.472832
v 2.945837 8.080135 -13.517006
v 2.825815 7.921903 -13.365120
v 3.040440 7.801506 -13.320953
v 2.966846 5.640576 -13.620049
v 2.752220 5.760975 -13.664223
v 2.632199 5.602746 -13.512337
v 2.846823 5.482345 -13.468170
v 3.245077 9.685670 -10.218468
v 3.459702 9.565271 -10.174301
v 3.339679 9.407042 -10.022415
v 3.125056 9.527441 -10.066582
v 3.581100 13.679136 -7.642990
v 3.795724 13.558741 -7.598816
v 3.675703 13.400507 -7.446930
v 3.461079 13.520906 -7.491104
v 3.929493 16.559793 -6.077568
v 4.144118 16.439394 -6.033401
v 4.024097 16.281160 -5.881516
v 3.809472 16.401564 -5.925682
v 2.545648 2.627269 -13.567589
v 3.279902 8.551726 -11.900421
v 3.065279 8.672123 -11.944595
v 2.945256 8.513893 -11.792717
v 3.159880 8.393495 -11.748543
v 4.161776 19.446898 -4.919228
v 4.217075 19.888742 -5.004974
v 4.262722 20.230391 -4.710304
v 4.264343 20.214571 -4.257111
v 4.220717 19.853199 -3.986656
v 4.164696 19.418394 -4.102600
v 4.138465 19.237572 -4.517639
v 4.313187 19.327765 -5.053986
v 4.386080 19.910177 -5.167015
v 4.446249 20.360516 -4.778595
v 4.448384 20.339664 -4.181221
v 4.390879 19.863327 -3.824730
v 4.317037 19.290192 -3.977562
v 4.282461 19.051846 -4.524628
v 4.134747 19.250425 -5.186104
v 4.225232 19.973406 -5.326408
v 4.299922 20.532434 -4.844246
v 4.302574 20.506552 -4.102699
v 4.231190 19.915247 -3.660164
v 4.139525 19.203787 -3.849884
v 4.096603 18.907913 -4.528992
v 3.983335 19.369558 -5.051346
v 4.056227 19.951971 -5.164375
v 4.116395 20.402309 -4.775955
v 4.118532 20.381458 -4.178589
v 4.061028 19.905121 -3.822090
v 3.987185 19.331989 -3.974922
v 3.952608 19.093639 -4.521996
v -9.713731 18.823278 -5.439301
v -9.658433 19.265123 -5.525047
v -9.612785 19.606771 -5.230377
v -9.611164 19.590952 -4.777184
v -9.654790 19.229580 -4.506729
v -9.710812 18.794775 -4.622673
v -9.737041 18.613953 -5.037704
v -9.562321 18.704145 -5.574059
v -9.489428 19.286558 -5.687080
v -9.429259 19.736897 -5.298668
v -9.427123 19.716045 -4.701294
v -9.484629 19.239708 -4.344803
v -9.558470 18.666573 -4.497635
v -9.593047 18.428226 -5.044701
v -9.740760 18.626806 -5.706177
v -9.650275 19.349787 -5.846481
v -9.575585 19.908817 -5.364319
v -9.572934 19.882933 -4.622772
v -9.644318 19.291628 -4.180237
v -9.735982 18.580168 -4.369949
v -9.778903 18.284294 -5.049065
v -9.892171 18.745939 -5.571419
v -9.819281 19.328352 -5.684441
v -9.759112 19.778690 -5.296028
v -9.756975 19.757839 -4.698654
v -9.814479 19.281504 -4.342163
v -9.888323 18.708370 -4.494995
v -9.922900 18.470022 -5.042068
v -2.052270 -1.372874 -10.039421
v -8.662150 -1.372874 -10.022255
v 4.536289 -1.401830 -10.032936
v 1.702743 -1.372874 -10.029652
v -5.791618 -1.372874 -10.029694
v 6.762368 -1.372874 -10.031097
v -10.975264 -1.372874 -10.032784
v -5.580117 -1.372874 -4.756508
v -5.580117 -1.372874 7.114502
v -8.299012 -1.372874 7.114494
v -8.299012 -1.372874 -4.749611
v 4.202257 -1.372874 -4.749611
v 4.202257 -1.372874 7.114494
v 1.518353 -1.372874 7.114502
v 1.518353 -1.372874 -4.756466
v -10.209309 -1.372874 7.114487
v -10.489935 -1.372874 -4.759365
v 6.310702 -1.372874 -4.757805
v 6.310702 -1.372874 7.114487
v -2.028050 -1.372874 7.114510
v -2.028050 -1.372874 -4.765518
v 4.278282 -1.372874 10.219643
v 2.302008 -1.372874 10.210449
v 1.395178 -1.372874 10.198547
v -2.019524 -1.372874 10.182693
v -5.439385 -1.372874 10.166801
v -8.036196 -1.372874 10.154724
v -5.294596 -1.372874 13.307098
v 6.762361 -2.155332 -10.031067
v 4.536326 -2.138936 -10.024670
v 1.702740 -2.155332 -10.029823
v -2.030625 -2.155332 -10.038197
v -5.791615 -2.155332 -10.029854
v -8.662144 -2.155332 -10.023483
v -10.975254 -2.155332 -10.032505
v 5.278329 -2.155337 -4.251724
v 3.438661 -2.155337 -4.244705
v 1.096893 -2.155337 -4.250568
v -1.997427 -2.155337 -4.258312
v -5.096687 -2.155337 -4.250599
v -7.468988 -2.155337 -4.244705
v -9.380620 -2.155337 -4.253052
v 8.334080 -1.372874 -10.027199
v 6.638289 -1.372874 7.114464
v -10.125465 -1.372874 7.114464
v -11.898973 -1.372874 -10.056927
v 8.403582 -2.155332 -10.038197
v 7.010109 -2.155337 -4.258312
v -11.979233 -2.155332 -10.038197
v -10.585760 -2.155337 -4.258312
v 2.463944 -2.155345 9.747650
v 3.912123 -2.155345 9.742126
v 2.582755 -2.155345 9.753532
v 0.624482 -2.155345 9.748611
v -1.963102 -2.155345 9.742126
v -4.554818 -2.155345 9.748581
v -6.538623 -2.155345 9.753532
v -8.137199 -2.155345 9.746529
v -8.602625 -2.155345 9.334518
v -5.400155 -2.155345 9.750694
v -6.107570 -2.155337 -4.248089
v -7.014802 -2.155332 -10.027142
v -7.014807 -1.372874 -10.026527
v -6.738690 -1.372874 -4.753571
v -6.738690 -1.372874 7.114502
v -6.545936 -1.372874 10.161659
v -6.347559 -1.372874 13.297409
v -2.982019 -2.155345 9.744667
v -3.215883 -2.155337 -4.255280
v -3.515803 -2.155332 -10.034920
v -3.515805 -1.372874 -10.035599
v -3.424524 -1.372874 -4.761978
v -3.424524 -1.372874 7.114510
v -3.364022 -1.372874 10.176445
v -0.377632 -2.155345 9.746101
v -0.101469 -2.155337 -4.253567
v 0.252699 -2.155332 -10.033066
v 0.252701 -1.372874 -10.033436
v 0.144909 -1.372874 -4.759972
v 0.144909 -1.372874 7.114510
v 0.072739 -1.372874 10.192406
v 1.662980 -2.155345 9.751221
v 2.338763 -2.155337 -4.247459
v 3.205428 -2.155332 -10.026463
v 3.205432 -1.372874 -10.025730
v 2.941662 -1.372874 -4.752831
v 2.941662 -1.372874 7.114502
v 1.097712 -1.372874 10.204865
v 1.771782 -2.155345 9.750298
v 4.450618 -2.155337 -4.248566
v 5.760815 -2.139016 -10.028839
v 5.760778 -1.401830 -10.037800
v 5.362062 -1.372874 -4.754120
v 5.362062 -1.372874 7.114494
v 3.389108 -1.372874 10.215508
v -7.306018 -2.155345 9.750168
v -8.386665 -2.155337 -4.248711
v -9.772551 -2.155332 -10.027813
v -9.772557 -1.372874 -10.027309
v -9.350762 -1.372874 -4.754295
v -9.350762 -1.372874 7.114487
v -9.016434 -1.372874 10.150177
v -3.767470 -2.155345 9.746620
v -4.155151 -2.155337 -4.252941
v -4.652336 -2.155332 -10.032391
v -4.652339 -1.372874 -10.032650
v -4.501020 -1.372874 -4.759247
v -4.501020 -1.372874 7.114502
v -4.400453 -1.372874 10.171631
v -4.296986 -1.372874 13.316277
v -1.088777 -2.155345 9.744316
v -0.951880 -2.155337 -4.255695
v -0.771461 -2.155332 -10.035370
v -0.781169 -1.372874 -10.036121
v -0.829748 -1.372874 -4.762459
v -0.829748 -1.372874 7.114510
v -0.865723 -1.372874 10.188049
v -9.765091 -2.154227 -11.793541
v -9.765098 -1.371770 -11.793037
v -10.957870 -1.384168 -11.798340
v -10.957863 -2.166627 -11.798065
v -11.951908 -2.178176 -11.803581
v -11.871649 -1.395719 -11.822311
v -8.791372 -1.370921 -11.787987
v -8.791367 -2.153378 -11.789215
v -9.765091 -2.154227 -13.433746
v -9.765098 -1.371770 -13.433243
v -10.957870 -1.384168 -13.438541
v -10.957863 -2.166627 -13.438267
v -11.951908 -2.178176 -13.443787
v -11.871649 -1.395719 -13.462517
v -9.922035 -2.074462 -15.666023
v -9.922039 -1.453441 -15.665520
v -10.782555 -1.463281 -15.670818
v -10.782547 -2.084302 -15.670544
v -4.654628 -2.155648 -10.983910
v -4.654631 -1.373193 -10.984169
v -5.793908 -1.372670 -10.981216
v -5.793905 -2.155129 -10.981377
v -7.017091 -2.154540 -10.978661
v -7.017096 -1.372083 -10.978050
v -8.726654 -1.371758 -10.973778
v -8.726648 -2.154214 -10.975006
v -3.518095 -2.155904 -10.986443
v -3.518096 -1.373448 -10.987118
v -4.654628 -2.155648 -12.795914
v -4.654631 -1.373193 -12.796173
v -5.793908 -1.372670 -12.793221
v -5.793905 -2.155129 -12.793377
v -6.701149 -1.372083 -12.790047
v -6.701144 -2.154540 -12.790665
v -3.611793 -2.155904 -12.798439
v -3.611794 -1.373448 -12.799118
v -4.654628 -2.155648 -14.341755
v -4.654631 -1.373193 -14.342014
v -5.793908 -1.372670 -14.339062
v -5.793905 -2.155129 -14.339222
v -3.740648 -2.155904 -14.344284
v -3.740650 -1.373448 -14.344963
v -4.829572 -2.053369 -17.821754
v -4.829574 -1.475335 -17.822014
v -5.618964 -1.474950 -17.819061
v -5.618962 -2.052985 -17.819221
v -0.768109 -2.156659 -11.419373
v -0.777817 -1.374202 -11.420128
v -2.052261 -1.374581 -11.423424
v -2.030616 -2.157037 -11.422203
v -3.519137 -1.374600 -11.419601
v -3.519136 -2.157060 -11.418922
v 1.706097 -1.373046 -11.413658
v 0.256053 -1.373448 -11.417442
v 0.256052 -2.155904 -11.417076
v 1.706094 -2.155503 -11.413834
v -0.768109 -2.156659 -12.624264
v -0.777817 -1.374202 -12.625015
v -1.799784 -1.374581 -12.628315
v -1.778139 -2.157037 -12.627090
v 1.706097 -1.373046 -12.618546
v 0.256053 -1.373448 -12.622334
v 0.256052 -2.155904 -12.621964
v 1.706094 -2.155503 -12.618721
v 1.706097 -1.373046 -13.055191
v 0.256053 -1.373448 -13.058983
v 0.256052 -2.155904 -13.058609
v 1.706094 -2.155503 -13.055367
v -0.593030 -1.374202 -13.061661
v -0.583322 -2.156659 -13.060905
v 1.568480 -1.469560 -14.916710
v 0.393670 -1.469865 -14.920498
v 0.393668 -2.059388 -14.920128
v 1.568478 -2.059087 -14.916885
v 5.760815 -2.155332 -12.233013
v 5.760820 -1.685479 -12.232483
v 4.536331 -1.552493 -12.227615
v 4.536326 -2.155332 -12.228844
v 3.205428 -2.155332 -12.231823
v 3.205432 -1.523068 -12.231094
v 1.702743 -1.372874 -12.235016
v 1.702740 -2.155332 -12.235188
v 5.760815 -2.155332 -15.646400
v 5.760820 -1.685479 -15.645870
v 4.544808 -1.685479 -17.067429
v 4.544803 -2.155332 -17.068657
v 3.368137 -1.656056 -17.070908
v 3.368134 -2.155332 -17.071632
v 5.671287 -2.296302 -21.567955
v 5.671292 -2.090993 -21.567429
v 4.625860 -2.090993 -21.562561
v 4.625854 -2.296302 -21.563789
v 8.400232 -2.132134 -13.369423
v 8.330730 -1.349677 -13.358425
v 6.754548 -1.360742 -14.397579
v 6.754541 -2.143197 -14.397552
v 5.748528 -1.371808 -14.393635
v 5.748523 -2.154263 -14.394165
v 8.261311 -2.065448 -16.706039
v 8.203541 -1.418275 -16.695038
v 6.893469 -1.427426 -16.698967
v 6.893465 -2.074597 -16.698936
v 5.760815 -2.209323 -12.233681
v 4.536326 -2.209159 -12.229515
v 5.760815 -2.343392 -15.644432
v 4.544803 -2.399251 -17.065590
v 5.671287 -2.470016 -21.565590
v 4.625854 -2.469853 -21.561420
v 4.536289 -1.430787 -12.238297
v 5.760778 -1.430787 -12.243160
v 4.545779 -1.578454 -17.068977
v 5.761791 -1.578454 -15.647419
v 4.627802 -1.782096 -21.565659
v 5.673234 -1.782096 -21.570526
v -1.523380 8.256115 -10.039421
v 5.086500 8.256115 -10.022255
v -8.111939 8.227160 -10.032936
v -5.278394 8.256115 -10.029652
v 2.215968 8.256115 -10.029694
v -10.338018 8.256115 -10.031097
v 7.399613 8.256115 -10.032784
v 2.004467 8.256115 -4.756508
v 2.004467 8.256115 7.114502
v 4.723362 8.256115 7.114494
v 4.723362 8.256115 -4.749611
v -7.777907 8.256115 -4.749611
v -7.777907 8.256115 7.114494
v -5.094004 8.256115 7.114502
v -5.094004 8.256115 -4.756466
v 6.914285 8.256115 7.114487
v 6.914285 8.256115 -4.759365
v -9.886353 8.256115 -4.757805
v -9.886353 8.256115 7.114487
v -1.547600 8.256115 7.114510
v -1.547600 8.256115 -4.765518
v -9.511141 8.256115 10.219643
v -7.534867 8.256115 10.210449
v -4.970828 8.256115 10.198547
v -1.556126 8.256115 10.182693
v 1.863735 8.256115 10.166801
v 4.460546 8.256115 10.154724
v 6.502501 8.256115 10.145248
v -9.126009 8.256115 13.406898
v -7.285271 8.256115 13.389954
v -4.844261 8.256115 13.367500
v -1.564892 8.256115 13.337311
v 1.718946 8.256115 13.307098
v 4.189999 8.256115 13.284363
v 6.078356 8.256115 13.266991
v -8.817258 8.256115 15.962051
v -7.084123 8.256115 15.952278
v -4.741554 8.256115 15.939056
v -1.572072 8.256115 15.921165
v 1.599244 8.256115 15.903275
v 3.964754 8.256115 15.889938
v 5.723330 8.256115 15.880013
v -10.338011 7.473658 -10.031067
v -8.111977 7.490053 -10.024670
v -5.278390 7.473658 -10.029823
v -1.545025 7.473658 -10.038197
v 2.215964 7.473658 -10.029854
v 5.086494 7.473658 -10.023483
v 7.399604 7.473658 -10.032505
v -8.853979 7.473652 -4.251724
v -7.014311 7.473652 -4.244705
v -4.672543 7.473652 -4.250568
v -1.578223 7.473652 -4.258312
v 1.521037 7.473652 -4.250599
v 3.893338 7.473652 -4.244705
v 5.804970 7.473652 -4.253052
v -11.909729 8.256115 -10.027199
v -11.871149 8.256115 7.114464
v 8.295498 8.256115 7.114464
v 8.323324 8.256115 -10.056927
v -11.556139 8.256115 10.227692
v 7.998507 8.256115 10.139755
v -11.026796 8.256115 13.420433
v 7.484829 8.256115 13.258003
v -10.432390 8.256115 15.969193
v 6.876392 8.256115 15.875488
v -9.539471 8.256115 18.656425
v -8.013639 8.256115 22.612595
v -6.392755 8.256115 24.759293
v -4.329479 8.256115 26.256493
v -1.603150 8.256115 27.105377
v 1.127533 8.256115 26.134079
v 3.217708 8.256115 24.531624
v 4.902000 8.256115 21.925064
v 5.963820 8.256115 18.656425
v -11.979233 7.473658 -10.038197
v -10.585760 7.473652 -4.258312
v 8.403582 7.473658 -10.038197
v 7.010109 7.473652 -4.258312
v -7.696804 7.473644 9.747650
v -9.144982 7.473644 9.742126
v -6.158405 7.473644 9.753532
v -4.200132 7.473644 9.748611
v -1.612548 7.473644 9.742126
v 0.979168 7.473644 9.748581
v 2.962973 7.473644 9.753532
v 4.561550 7.473644 9.746529
v 5.569332 7.473644 9.742126
v 1.824505 7.473644 9.750694
v 2.531920 7.473652 -4.248089
v 3.439151 7.473658 -10.027142
v 3.439157 8.256115 -10.026527
v 3.163040 8.256115 -4.753571
v 3.163040 8.256115 7.114502
v 2.970286 8.256115 10.161659
v 2.771909 8.256115 13.297409
v 2.607233 8.256115 15.897591
v 2.018197 8.256115 25.451248
v -0.593631 7.473644 9.744667
v -0.359767 7.473652 -4.255280
v -0.059847 7.473658 -10.034920
v -0.059846 8.256115 -10.035599
v -0.151126 8.256115 -4.761978
v -0.151126 8.256115 7.114510
v -0.211628 8.256115 10.176445
v -0.273871 8.256115 13.325439
v -0.325288 8.256115 15.914139
v -0.529598 8.256115 26.723518
v -3.198018 7.473644 9.746101
v -3.474181 7.473652 -4.253567
v -3.828349 7.473658 -10.033066
v -3.828351 8.256115 -10.033436
v -3.720560 8.256115 -4.759972
v -3.720560 8.256115 7.114510
v -3.648389 8.256115 10.192406
v -3.574234 8.256115 13.355812
v -3.514083 8.256115 15.932129
v -3.273632 8.256115 26.585251
v -5.238630 7.473644 9.751221
v -5.914413 7.473652 -4.247459
v -6.781078 7.473658 -10.026463
v -6.781082 8.256115 -10.025730
v -6.517313 8.256115 -4.752831
v -6.517313 8.256115 7.114502
v -6.330572 8.256115 10.204865
v -6.138760 8.256115 13.379410
v -5.983849 8.256115 15.946068
v -5.423661 8.256115 25.462509
v -7.004642 7.473644 9.750298
v -8.026268 7.473652 -4.248566
v -9.336465 7.489973 -10.028839
v -9.336428 8.227160 -10.037800
v -8.937712 8.256115 -4.754120
v -8.937712 8.256115 7.114494
v -8.621967 8.256115 10.215508
v -8.297817 8.256115 13.399277
v -8.037479 8.256115 15.957657
v -7.284365 8.256115 23.578445
v 3.730368 7.473644 9.750168
v 4.811016 7.473652 -4.248711
v 6.196901 7.473658 -10.027813
v 6.196907 8.256115 -10.027309
v 5.775112 8.256115 -4.754295
v 5.775112 8.256115 7.114487
v 5.440784 8.256115 10.150177
v 5.096502 8.256115 13.276024
v 4.808956 8.256115 15.885170
v 4.026251 8.256115 23.280350
v 0.191820 7.473644 9.746620
v 0.579501 7.473652 -4.252941
v 1.076686 7.473658 -10.032391
v 1.076689 8.256115 -10.032650
v 0.925370 8.256115 -4.759247
v 0.925370 8.256115 7.114502
v 0.824802 8.256115 10.171631
v 0.721336 8.256115 13.316277
v 0.635817 8.256115 15.908714
v 0.297968 8.256115 26.429153
v -2.486873 7.473644 9.744316
v -2.623770 7.473652 -4.255695
v -2.804189 7.473658 -10.035370
v -2.794482 8.256115 -10.036121
v -2.745903 8.256115 -4.762459
v -2.745903 8.256115 7.114510
v -2.709928 8.256115 10.188049
v -2.672966 8.256115 13.347519
v -2.643015 8.256115 15.927216
v -2.524356 8.256115 26.818550
v 6.189441 7.474762 -11.793541
v 6.189447 8.257219 -11.793037
v 7.382221 8.244822 -11.798340
v 7.382212 7.462362 -11.798065
v 8.376257 7.450813 -11.803581
v 8.296000 8.233271 -11.822311
v 5.215722 8.258068 -11.787987
v 5.215716 7.475611 -11.789215
v 6.189441 7.474762 -13.433746
v 6.189447 8.257219 -13.433243
v 7.382221 8.244822 -13.438541
v 7.382212 7.462362 -13.438267
v 8.376257 7.450813 -13.443787
v 8.296000 8.233271 -13.462517
v 6.346385 7.554527 -15.666023
v 6.346389 8.175549 -15.665520
v 7.206904 8.165709 -15.670818
v 7.206896 7.544687 -15.670544
v 1.078978 7.473341 -10.983910
v 1.078980 8.255796 -10.984169
v 2.218258 8.256319 -10.981216
v 2.218255 7.473860 -10.981377
v 3.441441 7.474449 -10.978661
v 3.441446 8.256907 -10.978050
v 5.151004 8.257231 -10.973778
v 5.150998 7.474775 -10.975006
v -0.057555 7.473085 -10.986443
v -0.057554 8.255541 -10.987118
v 1.078978 7.473341 -12.795914
v 1.078980 8.255796 -12.796173
v 2.218258 8.256319 -12.793221
v 2.218255 7.473860 -12.793377
v 3.125499 8.256907 -12.790047
v 3.125494 7.474449 -12.790665
v 0.036142 7.473085 -12.798439
v 0.036144 8.255541 -12.799118
v 1.078978 7.473341 -14.341755
v 1.078980 8.255796 -14.342014
v 2.218258 8.256319 -14.339062
v 2.218255 7.473860 -14.339222
v 0.164998 7.473085 -14.344284
v 0.164999 8.255541 -14.344963
v 1.253921 7.575621 -17.821754
v 1.253923 8.153654 -17.822014
v 2.043314 8.154039 -17.819061
v 2.043312 7.576004 -17.819221
v -2.807541 7.472330 -11.419373
v -2.797833 8.254787 -11.420128
v -1.523389 8.254408 -11.423424
v -1.545034 7.471952 -11.422203
v -0.056513 8.254389 -11.419601
v -0.056514 7.471930 -11.418922
v -5.281747 8.255943 -11.413658
v -3.831704 8.255541 -11.417442
v -3.831702 7.473085 -11.417076
v -5.281744 7.473486 -11.413834
v -2.807541 7.472330 -12.624264
v -2.797833 8.254787 -12.625015
v -1.775867 8.254408 -12.628315
v -1.797512 7.471952 -12.627090
v -5.281747 8.255943 -12.618546
v -3.831704 8.255541 -12.622334
v -3.831702 7.473085 -12.621964
v -5.281744 7.473486 -12.618721
v -5.281747 8.255943 -13.055191
v -3.831704 8.255541 -13.058983
v -3.831702 7.473085 -13.058609
v -5.281744 7.473486 -13.055367
v -2.982620 8.254787 -13.061661
v -2.992328 7.472330 -13.060905
v -5.144131 8.159430 -14.916710
v -3.969320 8.159124 -14.920498
v -3.969319 7.569601 -14.920128
v -5.144128 7.569902 -14.916885
v -9.336465 7.473658 -12.233013
v -9.336471 7.943510 -12.232483
v -8.111981 8.076496 -12.227615
v -8.111977 7.473658 -12.228844
v -6.781078 7.473658 -12.231823
v -6.781082 8.105921 -12.231094
v -5.278394 8.256115 -12.235016
v -5.278390 7.473658 -12.235188
v -9.336465 7.473658 -15.646400
v -9.336471 7.943510 -15.645870
v -8.120459 7.943510 -17.067429
v -8.120453 7.473658 -17.068657
v -6.943787 7.972933 -17.070908
v -6.943784 7.473658 -17.071632
v -9.246937 7.332687 -21.567955
v -9.246943 7.537996 -21.567429
v -8.201509 7.537996 -21.562561
v -8.201505 7.332687 -21.563789
v -11.975883 7.496855 -13.369423
v -11.906380 8.279312 -13.358425
v -10.330198 8.268248 -14.397579
v -10.330191 7.485792 -14.397552
v -9.324179 8.257181 -14.393635
v -9.324173 7.474726 -14.394165
v -11.836960 7.563541 -16.706039
v -11.779192 8.210714 -16.695038
v -10.469120 8.201563 -16.698967
v -10.469114 7.554392 -16.698936
v -9.336465 7.419666 -12.233681
v -8.111977 7.419830 -12.229515
v -9.336465 7.285597 -15.644432
v -8.120453 7.229738 -17.065590
v -9.246937 7.158974 -21.565590
v -8.201505 7.159136 -21.561420
v -8.111938 8.198202 -12.238297
v -9.336428 8.198202 -12.243160
v -8.121429 8.050535 -17.068977
v -9.337441 8.050535 -15.647419
v -8.203452 7.846893 -21.565659
v -9.248884 7.846893 -21.570526
v -1.282382 -6.146990 -10.337002
v -1.390860 -7.142039 -10.337002
v -11.206240 7.533009 -10.337002
v -12.297695 7.533009 -10.337002
v -11.206240 7.533009 -11.337002
v -12.297695 7.533009 -11.337002
v -1.282382 -6.146990 -11.337002
v -1.390860 -7.142039 -11.337002
v -11.336632 0.385492 -10.337002
v -12.295170 0.385492 -10.337002
v -12.295172 0.385492 -11.337002
v -11.336632 0.385492 -11.337002
v -10.651079 -2.465309 -10.337002
v -11.755398 -3.056464 -10.337002
v -11.755400 -3.056463 -11.337002
v -10.651079 -2.465308 -11.337002
v -6.807864 -4.649638 -10.337002
v -7.499161 -5.423486 -10.337002
v -7.499161 -5.423486 -11.337002
v -6.807864 -4.649638 -11.337002
v -11.289566 3.783593 -11.337002
v -12.260927 3.783593 -11.337002
v -12.260925 3.783592 -10.337002
v -11.289566 3.783592 -10.337002
v -12.358223 -0.873915 -11.337002
v -12.358223 -0.873916 -10.337002
v -11.217730 -0.834221 -10.337002
v -11.217730 -0.834221 -11.337002
v -11.310724 2.064334 -10.337002
v -12.150791 2.064334 -10.337002
v -12.150791 2.064335 -11.337002
v -11.310724 2.064335 -11.337002
v -11.241592 5.628178 -11.337002
v -12.279016 5.628178 -11.337002
v -12.279015 5.628178 -10.337002
v -11.241592 5.628178 -10.337002
v -9.458467 -4.381837 -11.337002
v -9.458467 -4.381837 -10.337002
v -8.717121 -3.731696 -10.337002
v -8.717121 -3.731695 -11.337002
v -3.978166 -5.648503 -10.337002
v -4.370990 -6.535632 -10.337002
v -4.370990 -6.535632 -11.337002
v -3.978166 -5.648502 -11.337002
v -1.784553 -5.950350 -7.049797
v -1.883194 -6.945399 -7.049797
v -10.808529 7.729649 -7.049797
v -11.801014 7.729649 -7.049797
v -10.808529 7.729649 -8.049797
v -11.801014 7.729649 -8.049797
v -1.784553 -5.950350 -8.049797
v -1.883194 -6.945399 -8.049797
v -10.927097 0.582132 -7.049797
v -11.798717 0.582132 -7.049797
v -11.798717 0.582132 -8.049797
v -10.927097 0.582132 -8.049797
v -10.303709 -2.268669 -7.049797
v -11.307892 -2.859824 -7.049797
v -11.307892 -2.859823 -8.049797
v -10.303709 -2.268668 -8.049797
v -6.808992 -4.452998 -7.049797
v -7.437603 -5.226846 -7.049797
v -7.437603 -5.226846 -8.049797
v -6.808992 -4.452998 -8.049797
v -10.884300 3.980233 -8.049797
v -11.767578 3.980233 -8.049797
v -11.767578 3.980232 -7.049797
v -10.884300 3.980232 -7.049797
v -11.856052 -0.677275 -8.049797
v -11.856052 -0.677276 -7.049797
v -10.818977 -0.637581 -7.049797
v -10.818977 -0.637581 -8.049797
v -10.903540 2.260974 -7.049797
v -11.667431 2.260974 -7.049797
v -11.667431 2.260975 -8.049797
v -10.903540 2.260975 -8.049797
v -10.840675 5.824818 -8.049797
v -11.784027 5.824818 -8.049797
v -11.784027 5.824818 -7.049797
v -10.840675 5.824818 -7.049797
v -9.219243 -4.185197 -8.049797
v -9.219242 -4.185197 -7.049797
v -8.545120 -3.535056 -7.049797
v -8.545120 -3.535055 -8.049797
v -4.235887 -5.451863 -7.049797
v -4.593090 -6.338992 -7.049797
v -4.593090 -6.338992 -8.049797
v -4.235887 -5.451862 -8.049797
v -2.512935 -5.462206 -4.295841
v -2.597308 -6.380672 -4.295841
v -10.231663 7.164923 -4.295841
v -11.080593 7.164923 -4.295841
v -10.231663 7.164923 -5.295841
v -11.080593 7.164923 -5.295841
v -2.512935 -5.462206 -5.295841
v -2.597308 -6.380672 -5.295841
v -10.333082 0.567509 -4.295841
v -11.078629 0.567509 -4.295841
v -11.078629 0.567509 -5.295841
v -10.333082 0.567509 -5.295841
v -9.799862 -2.063883 -4.295841
v -10.658796 -2.609540 -4.295841
v -10.658798 -2.609539 -5.295841
v -9.799862 -2.063882 -5.295841
v -6.810628 -4.080097 -4.295841
v -7.348316 -4.794386 -4.295841
v -7.348316 -4.794386 -5.295841
v -6.810628 -4.080097 -5.295841
v -10.296474 3.704078 -5.295841
v -11.051994 3.704078 -5.295841
v -11.051994 3.704077 -4.295841
v -10.296474 3.704077 -4.295841
v -11.127670 -0.594969 -5.295841
v -11.127670 -0.594970 -4.295841
v -10.240601 -0.558331 -4.295841
v -10.240601 -0.558331 -5.295841
v -10.312931 2.117140 -4.295841
v -10.966331 2.117140 -4.295841
v -10.966331 2.117141 -5.295841
v -10.312931 2.117141 -5.295841
v -10.259161 5.406694 -5.295841
v -11.066065 5.406694 -5.295841
v -11.066063 5.406694 -4.295841
v -10.259161 5.406694 -4.295841
v -8.872255 -3.832907 -5.295841
v -8.872254 -3.832907 -4.295841
v -8.295639 -3.232803 -4.295841
v -8.295639 -3.232803 -5.295841
v -4.609702 -5.002085 -4.295841
v -4.915239 -5.820937 -4.295841
v -4.915239 -5.820937 -5.295841
v -4.609702 -5.002084 -5.295841
v -2.219403 -6.146990 -10.069351
v -2.110926 -7.142039 -10.069351
v 7.704453 7.533009 -10.069351
v 8.795910 7.533009 -10.069351
v 7.704453 7.533009 -11.069351
v 8.795910 7.533009 -11.069351
v -2.219403 -6.146990 -11.069351
v -2.110926 -7.142039 -11.069351
v 7.834845 0.385492 -10.069351
v 8.793385 0.385492 -10.069351
v 8.793385 0.385492 -11.069351
v 7.834845 0.385492 -11.069351
v 7.149292 -2.465309 -10.069351
v 8.253613 -3.056464 -10.069351
v 8.253613 -3.056463 -11.069351
v 7.149292 -2.465308 -11.069351
v 3.306078 -4.649638 -10.069351
v 3.997375 -5.423486 -10.069351
v 3.997375 -5.423486 -11.069351
v 3.306078 -4.649638 -11.069351
v 7.787780 3.783593 -11.069351
v 8.759140 3.783593 -11.069351
v 8.759140 3.783592 -10.069351
v 7.787780 3.783592 -10.069351
v 8.856438 -0.873915 -11.069351
v 8.856438 -0.873916 -10.069351
v 7.715944 -0.834221 -10.069351
v 7.715944 -0.834221 -11.069351
v 7.808939 2.064334 -10.069351
v 8.649004 2.064334 -10.069351
v 8.649006 2.064335 -11.069351
v 7.808939 2.064335 -11.069351
v 7.739806 5.628178 -11.069351
v 8.777229 5.628178 -11.069351
v 8.777229 5.628178 -10.069351
v 7.739806 5.628178 -10.069351
v 5.956682 -4.381837 -11.069351
v 5.956681 -4.381837 -10.069351
v 5.215335 -3.731696 -10.069351
v 5.215335 -3.731695 -11.069351
v 0.476380 -5.648503 -10.069351
v 0.869204 -6.535632 -10.069351
v 0.869205 -6.535632 -11.069351
v 0.476380 -5.648502 -11.069351
v -1.717233 -5.950350 -6.995670
v -1.618592 -6.945399 -6.995670
v 7.306744 7.729649 -6.995670
v 8.299229 7.729649 -6.995670
v 7.306744 7.729649 -7.995670
v 8.299229 7.729649 -7.995670
v -1.717233 -5.950350 -7.995670
v -1.618592 -6.945399 -7.995670
v 7.425311 0.582132 -6.995670
v 8.296932 0.582132 -6.995670
v 8.296932 0.582132 -7.995670
v 7.425311 0.582132 -7.995670
v 6.801924 -2.268669 -6.995670
v 7.806106 -2.859824 -6.995670
v 7.806107 -2.859823 -7.995670
v 6.801924 -2.268668 -7.995670
v 3.307206 -4.452998 -6.995670
v 3.935817 -5.226846 -6.995670
v 3.935817 -5.226846 -7.995670
v 3.307206 -4.452998 -7.995670
v 7.382514 3.980233 -7.995670
v 8.265793 3.980233 -7.995670
v 8.265793 3.980232 -6.995670
v 7.382514 3.980232 -6.995670
v 8.354267 -0.677275 -7.995670
v 8.354267 -0.677276 -6.995670
v 7.317192 -0.637581 -6.995670
v 7.317192 -0.637581 -7.995670
v 7.401754 2.260974 -6.995670
v 8.165644 2.260974 -6.995670
v 8.165646 2.260975 -7.995670
v 7.401754 2.260975 -7.995670
v 7.338891 5.824818 -7.995670
v 8.282242 5.824818 -7.995670
v 8.282242 5.824818 -6.995670
v 7.338891 5.824818 -6.995670
v 5.717457 -4.185197 -7.995670
v 5.717456 -4.185197 -6.995670
v 5.043335 -3.535056 -6.995670
v 5.043335 -3.535055 -7.995670
v 0.734101 -5.451863 -6.995670
v 1.091305 -6.338992 -6.995670
v 1.091304 -6.338992 -7.995670
v 0.734101 -5.451862 -7.995670
v -0.988851 -5.462206 -4.241714
v -0.904478 -6.380672 -4.241714
v 6.729878 7.164923 -4.241714
v 7.578807 7.164923 -4.241714
v 6.729878 7.164923 -5.241714
v 7.578807 7.164923 -5.241714
v -0.988851 -5.462206 -5.241714
v -0.904478 -6.380672 -5.241714
v 6.831295 0.567509 -4.241714
v 7.576843 0.567509 -4.241714
v 7.576844 0.567509 -5.241714
v 6.831295 0.567509 -5.241714
v 6.298077 -2.063883 -4.241714
v 7.157011 -2.609540 -4.241714
v 7.157012 -2.609539 -5.241714
v 6.298077 -2.063882 -5.241714
v 3.308843 -4.080097 -4.241714
v 3.846529 -4.794386 -4.241714
v 3.846529 -4.794386 -5.241714
v 3.308843 -4.080097 -5.241714
v 6.794689 3.704078 -5.241714
v 7.550208 3.704078 -5.241714
v 7.550209 3.704077 -4.241714
v 6.794689 3.704077 -4.241714
v 7.625885 -0.594969 -5.241714
v 7.625885 -0.594970 -4.241714
v 6.738815 -0.558331 -4.241714
v 6.738815 -0.558331 -5.241714
v 6.811145 2.117140 -4.241714
v 7.464545 2.117140 -4.241714
v 7.464546 2.117141 -5.241714
v 6.811145 2.117141 -5.241714
v 6.757374 5.406694 -5.241714
v 7.564278 5.406694 -5.241714
v 7.564277 5.406694 -4.241714
v 6.757374 5.406694 -4.241714
v 5.370470 -3.832907 -5.241714
v 5.370469 -3.832907 -4.241714
v 4.793854 -3.232803 -4.241714
v 4.793854 -3.232803 -5.241714
v 1.107916 -5.002085 -4.241714
v 1.413453 -5.820937 -4.241714
v 1.413454 -5.820937 -5.241714
v 1.107917 -5.002084 -5.241714
v -2.561300 -3.409460 15.701508
v -1.014350 -3.409460 15.701508
v -2.561300 8.080935 29.054535
v -1.014350 8.080935 29.054535
v -2.561300 8.630392 27.343353
v -1.014350 8.630392 27.343353
v -2.561300 -1.924775 15.267044
v -1.014350 -1.924775 15.267044
v -2.561300 2.311604 23.985893
v -1.014350 2.311604 23.985893
v -1.014350 3.686899 23.437607
v -2.561300 3.686899 23.437607
v -2.561300 -5.834426 7.932198
v -1.014350 -5.834426 7.932198
v -1.014350 -7.319110 8.366676
v -2.561300 -7.319110 8.366676
v -2.561300 -6.913723 4.303352
v -1.014350 -6.913723 4.303352
v -1.014350 -8.449575 4.118362
v -2.561300 -8.449575 4.118362
v -2.561300 -6.913730 -9.443069
v -1.014350 -6.913730 -9.443069
v -1.014350 -8.449579 -9.628067
v -2.561300 -8.449579 -9.628067
v -2.561300 -6.913729 -11.685150
v -1.014350 -6.913729 -11.685150
v -1.014350 -8.449578 -11.870140
v -2.561300 -8.449578 -11.870140
v -2.561300 9.531042 30.823624
v -1.014350 9.531042 30.823624
v -1.014350 10.515194 27.026772
v -2.561300 10.515194 27.026772
v -2.561300 12.524015 34.158798
v -1.014350 12.524015 34.158798
v -1.014350 13.725042 33.140694
v -2.561300 13.725042 33.140694
v -2.561300 15.084244 40.488060
v -1.014350 15.084244 40.488060
v -1.014350 15.557222 40.225060
v -2.561300 15.557222 40.225060
v -2.561300 6.900640 26.588959
v -1.014350 7.675556 26.588959
v -1.014350 6.433924 27.489906
v -2.561300 6.433924 27.489906
v -2.561300 5.028503 26.328293
v -1.014350 5.028503 26.328293
v -1.014350 6.084082 25.629623
v -2.561300 6.461330 25.629623
v -2.561300 -0.802576 19.768661
v -1.014350 -0.802576 19.768661
v -1.014350 0.628406 19.278313
v -2.561300 0.628406 19.278313
v -2.561300 -3.865189 11.854347
v -1.014350 -3.865189 11.854347
v -1.014350 -5.349874 12.288818
v -2.561300 -5.349874 12.288818
v -2.561300 14.258083 38.182030
v -1.014350 14.258083 38.182030
v -1.014350 15.063051 37.575249
v -2.561300 15.063051 37.575249
v -2.561300 11.029106 31.963135
v -1.014350 11.029106 31.963135
v -1.014350 12.508680 30.739792
v -2.561300 12.508680 30.739792
vt 0.006489 0.312360
vt 0.016791 0.311907
vt 0.053830 0.939259
vt 0.051380 0.939437
vt 0.027085 0.311543
vt 0.056278 0.939120
vt 0.037372 0.311269
vt 0.058726 0.939021
vt 0.047654 0.311084
vt 0.061177 0.938963
vt 0.057932 0.310988
vt 0.063634 0.938943
vt 0.068208 0.310980
vt 0.066089 0.938908
vt 0.078483 0.311062
vt 0.068535 0.938913
vt 0.088759 0.311232
vt 0.070975 0.938958
vt 0.099038 0.311492
vt 0.073412 0.939043
vt 0.109321 0.311840
vt 0.075848 0.939167
vt 0.119610 0.312278
vt 0.078289 0.939332
vt 0.129907 0.312806
vt 0.080737 0.939536
vt 0.006250 0.005547
vt 0.017129 0.005547
vt 0.027633 0.005574
vt 0.038137 0.005607
vt 0.048640 0.005647
vt 0.059144 0.005693
vt 0.069646 0.005746
vt 0.080148 0.005807
vt 0.090648 0.005875
vt 0.101148 0.005949
vt 0.111646 0.006031
vt 0.122141 0.006118
vt 0.132636 0.006209
vt 0.057642 0.945290
vt 0.072064 0.945320
vt 0.972114 0.333242
vt 0.962907 0.324419
vt 0.964079 0.319459
vt 0.976214 0.331090
vt 0.970879 0.345965
vt 0.974586 0.347860
vt 0.960132 0.353007
vt 0.960421 0.357142
vt 0.947967 0.349064
vt 0.944385 0.351945
vt 0.943543 0.337107
vt 0.938554 0.336184
vt 0.950192 0.326139
vt 0.947319 0.321726
vt 0.965872 0.315510
vt 0.980936 0.329948
vt 0.978915 0.350766
vt 0.961332 0.362287
vt 0.941426 0.355837
vt 0.934187 0.336271
vt 0.945067 0.318324
vt 0.950146 0.402867
vt 0.941576 0.383843
vt 0.946641 0.384397
vt 0.953545 0.399722
vt 0.970441 0.407923
vt 0.969895 0.403796
vt 0.987179 0.395203
vt 0.983378 0.393549
vt 0.987755 0.374286
vt 0.983842 0.376699
vt 0.971736 0.360923
vt 0.970938 0.365934
vt 0.939176 0.337194
vt 0.947941 0.322737
vt 0.964701 0.320470
vt 0.950963 0.384027
vt 0.956201 0.395654
vt 0.968604 0.398744
vt 0.978833 0.390970
vt 0.979185 0.378187
vt 0.969395 0.370020
vt 0.954382 0.369360
vt 0.956835 0.372619
vt 0.605494 0.942476
vt 0.605429 0.946905
vt 0.445423 0.941318
vt 0.446009 0.938156
vt 0.605362 0.951358
vt 0.444676 0.944480
vt 0.605936 0.907191
vt 0.605890 0.911642
vt 0.445710 0.916009
vt 0.445036 0.912841
vt 0.605841 0.916070
vt 0.446225 0.919178
vt 0.605788 0.920479
vt 0.446581 0.922345
vt 0.605732 0.924878
vt 0.446781 0.925512
vt 0.605675 0.929271
vt 0.446823 0.928676
vt 0.605618 0.933664
vt 0.446709 0.931838
vt 0.605557 0.938063
vt 0.446437 0.934997
vt 0.775669 0.939463
vt 0.776196 0.942692
vt 0.776882 0.945924
vt 0.777285 0.913688
vt 0.776526 0.916914
vt 0.775928 0.920138
vt 0.775490 0.923364
vt 0.775213 0.926587
vt 0.775089 0.929807
vt 0.775124 0.933025
vt 0.775316 0.936243
vt 0.284214 0.928255
vt 0.928292 0.930255
vt 0.972114 0.333242
vt 0.962907 0.324419
vt 0.964079 0.319459
vt 0.976214 0.331090
vt 0.970879 0.345965
vt 0.974586 0.347860
vt 0.960132 0.353007
vt 0.960421 0.357142
vt 0.947967 0.349064
vt 0.944385 0.351945
vt 0.943543 0.337107
vt 0.938554 0.336184
vt 0.950192 0.326139
vt 0.947319 0.321726
vt 0.965872 0.315510
vt 0.980936 0.329948
vt 0.978915 0.350766
vt 0.961332 0.362287
vt 0.941426 0.355837
vt 0.934187 0.336271
vt 0.945067 0.318324
vt 0.950146 0.402867
vt 0.941576 0.383843
vt 0.946641 0.384397
vt 0.953545 0.399722
vt 0.970441 0.407923
vt 0.969895 0.403796
vt 0.987179 0.395203
vt 0.983378 0.393549
vt 0.987755 0.374286
vt 0.983842 0.376699
vt 0.971736 0.360923
vt 0.970938 0.365934
vt 0.939176 0.337194
vt 0.947941 0.322737
vt 0.964701 0.320470
vt 0.950963 0.384027
vt 0.956201 0.395654
vt 0.968604 0.398744
vt 0.978833 0.390970
vt 0.979185 0.378187
vt 0.969395 0.370020
vt 0.954382 0.369360
vt 0.956835 0.372619
vt 0.138320 0.593803
vt 0.186025 0.593803
vt 0.186025 0.628099
vt 0.138320 0.628099
vt 0.233731 0.593803
vt 0.233731 0.628099
vt 0.281436 0.593803
vt 0.281436 0.628099
vt 0.329141 0.593803
vt 0.329141 0.628099
vt 0.376846 0.593803
vt 0.376846 0.628099
vt 0.424552 0.593803
vt 0.424552 0.628099
vt 0.472257 0.593803
vt 0.472257 0.628099
vt 0.519962 0.593803
vt 0.519962 0.628099
vt 0.186025 0.662396
vt 0.138320 0.662396
vt 0.233731 0.662396
vt 0.281436 0.662396
vt 0.329141 0.662396
vt 0.376846 0.662396
vt 0.424552 0.662396
vt 0.472257 0.662396
vt 0.519962 0.662396
vt 0.186025 0.696693
vt 0.138320 0.696693
vt 0.233731 0.696693
vt 0.281436 0.696693
vt 0.329141 0.696693
vt 0.376846 0.696693
vt 0.424552 0.696693
vt 0.472257 0.696693
vt 0.519962 0.696693
vt 0.186025 0.730990
vt 0.138320 0.730990
vt 0.233731 0.730990
vt 0.281436 0.730990
vt 0.329141 0.730990
vt 0.376846 0.730990
vt 0.424552 0.730990
vt 0.472257 0.730990
vt 0.519962 0.730990
vt 0.186025 0.765286
vt 0.138320 0.765286
vt 0.233731 0.765286
vt 0.281436 0.765286
vt 0.329141 0.765286
vt 0.376846 0.765286
vt 0.424552 0.765286
vt 0.472257 0.765286
vt 0.519962 0.765286
vt 0.186025 0.799583
vt 0.138320 0.799583
vt 0.233731 0.799583
vt 0.281436 0.799583
vt 0.329141 0.799583
vt 0.376846 0.799583
vt 0.424552 0.799583
vt 0.472257 0.799583
vt 0.519962 0.799583
vt 0.186025 0.833880
vt 0.138320 0.833880
vt 0.233731 0.833880
vt 0.281436 0.833880
vt 0.329141 0.833880
vt 0.376846 0.833880
vt 0.424552 0.833880
vt 0.472257 0.833880
vt 0.519962 0.833880
vt 0.186025 0.868176
vt 0.138320 0.868176
vt 0.233731 0.868176
vt 0.281436 0.868176
vt 0.329141 0.868176
vt 0.376846 0.868176
vt 0.424552 0.868176
vt 0.472257 0.868176
vt 0.519962 0.868176
vt 0.138320 0.593803
vt 0.138320 0.628099
vt 0.186025 0.628099
vt 0.186025 0.593803
vt 0.233731 0.628099
vt 0.233731 0.593803
vt 0.281436 0.628099
vt 0.281436 0.593803
vt 0.329141 0.628099
vt 0.329141 0.593803
vt 0.376846 0.628099
vt 0.376846 0.593803
vt 0.424552 0.628099
vt 0.424552 0.593803
vt 0.472257 0.628099
vt 0.472257 0.593803
vt 0.519962 0.628099
vt 0.519962 0.593803
vt 0.138320 0.662396
vt 0.186025 0.662396
vt 0.233731 0.662396
vt 0.281436 0.662396
vt 0.329141 0.662396
vt 0.376846 0.662396
vt 0.424552 0.662396
vt 0.472257 0.662396
vt 0.519962 0.662396
vt 0.138320 0.696693
vt 0.186025 0.696693
vt 0.233731 0.696693
vt 0.281436 0.696693
vt 0.329141 0.696693
vt 0.376846 0.696693
vt 0.424552 0.696693
vt 0.472257 0.696693
vt 0.519962 0.696693
vt 0.138320 0.730990
vt 0.186025 0.730990
vt 0.233731 0.730990
vt 0.281436 0.730990
vt 0.329141 0.730990
vt 0.376846 0.730990
vt 0.424552 0.730990
vt 0.472257 0.730990
vt 0.519962 0.730990
vt 0.138320 0.765286
vt 0.186025 0.765286
vt 0.233731 0.765286
vt 0.281436 0.765286
vt 0.329141 0.765286
vt 0.376846 0.765286
vt 0.424552 0.765286
vt 0.472257 0.765286
vt 0.519962 0.765286
vt 0.138320 0.799583
vt 0.186025 0.799583
vt 0.233731 0.799583
vt 0.281436 0.799583
vt 0.329141 0.799583
vt 0.376846 0.799583
vt 0.424552 0.799583
vt 0.472257 0.799583
vt 0.519962 0.799583
vt 0.138320 0.833880
vt 0.186025 0.833880
vt 0.233731 0.833880
vt 0.281436 0.833880
vt 0.329141 0.833880
vt 0.376846 0.833880
vt 0.424552 0.833880
vt 0.472257 0.833880
vt 0.519962 0.833880
vt 0.138320 0.868176
vt 0.186025 0.868176
vt 0.233731 0.868176
vt 0.281436 0.868176
vt 0.329141 0.868176
vt 0.376846 0.868176
vt 0.424552 0.868176
vt 0.472257 0.868176
vt 0.519962 0.868176
vt 0.556023 0.686683
vt 0.588843 0.686683
vt 0.588843 0.711892
vt 0.556023 0.711892
vt 0.621662 0.686683
vt 0.621662 0.711892
vt 0.654481 0.686683
vt 0.654481 0.711892
vt 0.687300 0.686683
vt 0.687300 0.711892
vt 0.720119 0.686683
vt 0.720119 0.711892
vt 0.752938 0.686683
vt 0.752938 0.711892
vt 0.785757 0.686683
vt 0.785757 0.711892
vt 0.818576 0.686683
vt 0.818576 0.711892
vt 0.588843 0.737100
vt 0.556023 0.737100
vt 0.621662 0.737100
vt 0.654481 0.737100
vt 0.687300 0.737100
vt 0.720119 0.737100
vt 0.752938 0.737100
vt 0.785757 0.737100
vt 0.818576 0.737100
vt 0.588843 0.762309
vt 0.556023 0.762309
vt 0.621662 0.762309
vt 0.654481 0.762309
vt 0.687300 0.762309
vt 0.720119 0.762309
vt 0.752938 0.762309
vt 0.785757 0.762309
vt 0.818576 0.762309
vt 0.588843 0.787518
vt 0.556023 0.787518
vt 0.621662 0.787518
vt 0.654481 0.787518
vt 0.687300 0.787518
vt 0.720119 0.787518
vt 0.752938 0.787518
vt 0.785757 0.787518
vt 0.818576 0.787518
vt 0.588843 0.812727
vt 0.556023 0.812727
vt 0.621662 0.812727
vt 0.654481 0.812727
vt 0.687300 0.812727
vt 0.720119 0.812727
vt 0.752938 0.812727
vt 0.785757 0.812727
vt 0.818576 0.812727
vt 0.588843 0.837936
vt 0.556023 0.837936
vt 0.621662 0.837936
vt 0.654481 0.837936
vt 0.687300 0.837936
vt 0.720119 0.837936
vt 0.752938 0.837936
vt 0.785757 0.837936
vt 0.818576 0.837936
vt 0.588843 0.863145
vt 0.556023 0.863145
vt 0.621662 0.863145
vt 0.654481 0.863145
vt 0.687300 0.863145
vt 0.720119 0.863145
vt 0.752938 0.863145
vt 0.785757 0.863145
vt 0.818576 0.863145
vt 0.588843 0.888354
vt 0.556023 0.888354
vt 0.621662 0.888354
vt 0.654481 0.888354
vt 0.687300 0.888354
vt 0.720119 0.888354
vt 0.752938 0.888354
vt 0.785757 0.888354
vt 0.818576 0.888354
vt 0.556023 0.686683
vt 0.556023 0.711892
vt 0.588843 0.711892
vt 0.588843 0.686683
vt 0.621662 0.711892
vt 0.621662 0.686683
vt 0.654481 0.711892
vt 0.654481 0.686683
vt 0.687300 0.711892
vt 0.687300 0.686683
vt 0.720119 0.711892
vt 0.720119 0.686683
vt 0.752938 0.711892
vt 0.752938 0.686683
vt 0.785757 0.711892
vt 0.785757 0.686683
vt 0.818576 0.711892
vt 0.818576 0.686683
vt 0.556023 0.737100
vt 0.588843 0.737100
vt 0.621662 0.737100
vt 0.654481 0.737100
vt 0.687300 0.737100
vt 0.720119 0.737100
vt 0.752938 0.737100
vt 0.785757 0.737100
vt 0.818576 0.737100
vt 0.556023 0.762309
vt 0.588843 0.762309
vt 0.621662 0.762309
vt 0.654481 0.762309
vt 0.687300 0.762309
vt 0.720119 0.762309
vt 0.752938 0.762309
vt 0.785757 0.762309
vt 0.818576 0.762309
vt 0.556023 0.787518
vt 0.588843 0.787518
vt 0.621662 0.787518
vt 0.654481 0.787518
vt 0.687300 0.787518
vt 0.720119 0.787518
vt 0.752938 0.787518
vt 0.785757 0.787518
vt 0.818576 0.787518
vt 0.556023 0.812727
vt 0.588843 0.812727
vt 0.621662 0.812727
vt 0.654481 0.812727
vt 0.687300 0.812727
vt 0.720119 0.812727
vt 0.752938 0.812727
vt 0.785757 0.812727
vt 0.818576 0.812727
vt 0.556023 0.837936
vt 0.588843 0.837936
vt 0.621662 0.837936
vt 0.654481 0.837936
vt 0.687300 0.837936
vt 0.720119 0.837936
vt 0.752938 0.837936
vt 0.785757 0.837936
vt 0.818576 0.837936
vt 0.556023 0.863145
vt 0.588843 0.863145
vt 0.621662 0.863145
vt 0.654481 0.863145
vt 0.687300 0.863145
vt 0.720119 0.863145
vt 0.752938 0.863145
vt 0.785757 0.863145
vt 0.818576 0.863145
vt 0.556023 0.888354
vt 0.588843 0.888354
vt 0.621662 0.888354
vt 0.654481 0.888354
vt 0.687300 0.888354
vt 0.720119 0.888354
vt 0.752938 0.888354
vt 0.785757 0.888354
vt 0.818576 0.888354
vt 0.972114 0.333242
vt 0.962907 0.324419
vt 0.964079 0.319459
vt 0.976214 0.331090
vt 0.970879 0.345965
vt 0.974586 0.347860
vt 0.960132 0.353007
vt 0.960421 0.357142
vt 0.947967 0.349064
vt 0.944385 0.351945
vt 0.943543 0.337107
vt 0.938554 0.336184
vt 0.950192 0.326139
vt 0.947319 0.321726
vt 0.965872 0.315510
vt 0.980936 0.329948
vt 0.978915 0.350766
vt 0.961332 0.362287
vt 0.941426 0.355837
vt 0.934187 0.336271
vt 0.945067 0.318324
vt 0.950146 0.402867
vt 0.941576 0.383843
vt 0.946641 0.384397
vt 0.953545 0.399722
vt 0.970441 0.407923
vt 0.969895 0.403796
vt 0.987179 0.395203
vt 0.983378 0.393549
vt 0.987755 0.374286
vt 0.983842 0.376699
vt 0.971736 0.360923
vt 0.970938 0.365934
vt 0.939176 0.337194
vt 0.947941 0.322737
vt 0.964701 0.320470
vt 0.950963 0.384027
vt 0.956201 0.395654
vt 0.968604 0.398744
vt 0.978833 0.390970
vt 0.979185 0.378187
vt 0.969395 0.370020
vt 0.954382 0.369360
vt 0.956835 0.372619
vt 0.605494 0.942476
vt 0.605429 0.946905
vt 0.445423 0.941318
vt 0.446009 0.938156
vt 0.605362 0.951358
vt 0.444676 0.944480
vt 0.605936 0.907191
vt 0.605890 0.911642
vt 0.445710 0.916009
vt 0.445036 0.912841
vt 0.605841 0.916070
vt 0.446225 0.919178
vt 0.605788 0.920479
vt 0.446581 0.922345
vt 0.605732 0.924878
vt 0.446781 0.925512
vt 0.605675 0.929271
vt 0.446823 0.928676
vt 0.605618 0.933664
vt 0.446709 0.931838
vt 0.605557 0.938063
vt 0.446437 0.934997
vt 0.775669 0.939463
vt 0.776196 0.942692
vt 0.776882 0.945924
vt 0.777285 0.913688
vt 0.776526 0.916914
vt 0.775928 0.920138
vt 0.775490 0.923364
vt 0.775213 0.926587
vt 0.775089 0.929807
vt 0.775124 0.933025
vt 0.775316 0.936243
vt 0.284214 0.928255
vt 0.928292 0.930255
vt 0.972114 0.333242
vt 0.962907 0.324419
vt 0.964079 0.319459
vt 0.976214 0.331090
vt 0.970879 0.345965
vt 0.974586 0.347860
vt 0.960132 0.353007
vt 0.960421 0.357142
vt 0.947967 0.349064
vt 0.944385 0.351945
vt 0.943543 0.337107
vt 0.938554 0.336184
vt 0.950192 0.326139
vt 0.947319 0.321726
vt 0.965872 0.315510
vt 0.980936 0.329948
vt 0.978915 0.350766
vt 0.961332 0.362287
vt 0.941426 0.355837
vt 0.934187 0.336271
vt 0.945067 0.318324
vt 0.950146 0.402867
vt 0.941576 0.383843
vt 0.946641 0.384397
vt 0.953545 0.399722
vt 0.970441 0.407923
vt 0.969895 0.403796
vt 0.987179 0.395203
vt 0.983378 0.393549
vt 0.987755 0.374286
vt 0.983842 0.376699
vt 0.971736 0.360923
vt 0.970938 0.365934
vt 0.939176 0.337194
vt 0.947941 0.322737
vt 0.964701 0.320470
vt 0.950963 0.384027
vt 0.956201 0.395654
vt 0.968604 0.398744
vt 0.978833 0.390970
vt 0.979185 0.378187
vt 0.969395 0.370020
vt 0.954382 0.369360
vt 0.956835 0.372619
vt 0.605494 0.942476
vt 0.605429 0.946905
vt 0.445423 0.941318
vt 0.446009 0.938156
vt 0.605362 0.951358
vt 0.444676 0.944480
vt 0.605936 0.907191
vt 0.605890 0.911642
vt 0.445710 0.916009
vt 0.445036 0.912841
vt 0.605841 0.916070
vt 0.446225 0.919178
vt 0.605788 0.920479
vt 0.446581 0.922345
vt 0.605732 0.924878
vt 0.446781 0.925512
vt 0.605675 0.929271
vt 0.446823 0.928676
vt 0.605618 0.933664
vt 0.446709 0.931838
vt 0.605557 0.938063
vt 0.446437 0.934997
vt 0.775669 0.939463
vt 0.776196 0.942692
vt 0.776882 0.945924
vt 0.777285 0.913688
vt 0.776526 0.916914
vt 0.775928 0.920138
vt 0.775490 0.923364
vt 0.775213 0.926587
vt 0.775089 0.929807
vt 0.775124 0.933025
vt 0.775316 0.936243
vt 0.284214 0.928255
vt 0.928292 0.930255
vt 0.974123 0.750441
vt 0.967127 0.752101
vt 0.968858 0.698797
vt 0.974717 0.699576
vt 0.980575 0.698567
vt 0.986551 0.697886
vt 0.988333 0.751926
vt 0.981242 0.750511
vt 0.959791 0.751574
vt 0.962863 0.697574
vt 0.965542 0.872050
vt 0.958157 0.868734
vt 0.959344 0.810263
vt 0.965725 0.812376
vt 0.979180 0.812965
vt 0.984903 0.809865
vt 0.985297 0.868170
vt 0.979349 0.873997
vt 0.971752 0.877483
vt 0.972011 0.815115
vt 0.956109 0.964960
vt 0.965257 0.968362
vt 0.990780 0.966740
vt 0.983795 0.973219
vt 0.975572 0.978117
vt 0.964833 0.583933
vt 0.970548 0.585498
vt 0.976220 0.587163
vt 0.981956 0.585785
vt 0.987662 0.584257
vt 0.966513 0.506551
vt 0.972020 0.508424
vt 0.977252 0.510825
vt 0.982750 0.509125
vt 0.988082 0.506846
vt 0.967862 0.416035
vt 0.973282 0.418177
vt 0.978397 0.420967
vt 0.983880 0.418982
vt 0.989062 0.416313
vt 0.967620 0.992303
vt 0.983693 0.989413
vt 0.972114 0.333242
vt 0.962907 0.324419
vt 0.964079 0.319459
vt 0.976214 0.331090
vt 0.970879 0.345965
vt 0.974586 0.347860
vt 0.960132 0.353007
vt 0.960421 0.357142
vt 0.947967 0.349064
vt 0.944385 0.351945
vt 0.943543 0.337107
vt 0.938554 0.336184
vt 0.950192 0.326139
vt 0.947319 0.321726
vt 0.965872 0.315510
vt 0.980936 0.329948
vt 0.978915 0.350766
vt 0.961332 0.362287
vt 0.941426 0.355837
vt 0.934187 0.336271
vt 0.945067 0.318324
vt 0.950146 0.402867
vt 0.941576 0.383843
vt 0.946641 0.384397
vt 0.953545 0.399722
vt 0.970441 0.407923
vt 0.969895 0.403796
vt 0.987179 0.395203
vt 0.983378 0.393549
vt 0.987755 0.374286
vt 0.983842 0.376699
vt 0.971736 0.360923
vt 0.970938 0.365934
vt 0.939176 0.337194
vt 0.947941 0.322737
vt 0.964701 0.320470
vt 0.950963 0.384027
vt 0.956201 0.395654
vt 0.968604 0.398744
vt 0.978833 0.390970
vt 0.979185 0.378187
vt 0.969395 0.370020
vt 0.954382 0.369360
vt 0.956835 0.372619
vt 0.972114 0.333242
vt 0.962907 0.324419
vt 0.964079 0.319459
vt 0.976214 0.331090
vt 0.970879 0.345965
vt 0.974586 0.347860
vt 0.960132 0.353007
vt 0.960421 0.357142
vt 0.947967 0.349064
vt 0.944385 0.351945
vt 0.943543 0.337107
vt 0.938554 0.336184
vt 0.950192 0.326139
vt 0.947319 0.321726
vt 0.965872 0.315510
vt 0.980936 0.329948
vt 0.978915 0.350766
vt 0.961332 0.362287
vt 0.941426 0.355837
vt 0.934187 0.336271
vt 0.945067 0.318324
vt 0.950146 0.402867
vt 0.941576 0.383843
vt 0.946641 0.384397
vt 0.953545 0.399722
vt 0.970441 0.407923
vt 0.969895 0.403796
vt 0.987179 0.395203
vt 0.983378 0.393549
vt 0.987755 0.374286
vt 0.983842 0.376699
vt 0.971736 0.360923
vt 0.970938 0.365934
vt 0.939176 0.337194
vt 0.947941 0.322737
vt 0.964701 0.320470
vt 0.950963 0.384027
vt 0.956201 0.395654
vt 0.968604 0.398744
vt 0.978833 0.390970
vt 0.979185 0.378187
vt 0.969395 0.370020
vt 0.954382 0.369360
vt 0.956835 0.372619
vt 0.685586 0.088692
vt 0.660339 0.088793
vt 0.660617 0.280771
vt 0.685873 0.280745
vt 0.842241 0.088470
vt 0.819201 0.088450
vt 0.819487 0.280539
vt 0.842520 0.280505
vt 0.643320 0.088745
vt 0.624886 0.088691
vt 0.625157 0.280811
vt 0.643595 0.280791
vt 0.881415 0.088393
vt 0.862651 0.088489
vt 0.862919 0.280472
vt 0.881689 0.280446
vt 0.781201 0.088408
vt 0.761817 0.088385
vt 0.762100 0.280625
vt 0.781488 0.280592
vt 0.721797 0.088548
vt 0.704335 0.088618
vt 0.704626 0.280726
vt 0.722084 0.280692
vt 0.929161 0.280372
vt 0.929409 0.003000
vt 0.896777 0.088310
vt 0.897042 0.280426
vt 0.601967 0.003014
vt 0.602803 0.280839
vt 0.859087 0.330610
vt 0.876683 0.330665
vt 0.817572 0.330461
vt 0.839588 0.330540
vt 0.762307 0.330276
vt 0.780974 0.330336
vt 0.706975 0.330105
vt 0.723782 0.330153
vt 0.664960 0.329986
vt 0.689072 0.330053
vt 0.709408 0.380939
vt 0.725549 0.381070
vt 0.654311 0.003462
vt 0.680973 0.003340
vt 0.822037 0.003118
vt 0.846365 0.003128
vt 0.616900 0.003378
vt 0.636350 0.003425
vt 0.867926 0.002971
vt 0.887759 0.002868
vt 0.761295 0.003048
vt 0.781854 0.003081
vt 0.700773 0.003254
vt 0.719217 0.003188
vt 0.903979 0.002962
vt 0.952453 0.187619
vt 0.952618 0.160146
vt 0.940963 0.160146
vt 0.940798 0.186458
vt 0.960051 0.250151
vt 0.960051 0.229154
vt 0.956354 0.229154
vt 0.956354 0.250151
vt 0.951409 0.087919
vt 0.951409 0.057738
vt 0.937319 0.057738
vt 0.940024 0.087919
vt 0.987737 0.024453
vt 0.987744 0.004167
vt 0.973653 0.003732
vt 0.973646 0.024258
vt 0.964885 0.225047
vt 0.964878 0.209192
vt 0.954468 0.209192
vt 0.954475 0.225047
vt 0.285965 0.199911
vt 0.284958 0.165590
vt 0.270874 0.166001
vt 0.271880 0.200321
vt 0.947940 0.206634
vt 0.948118 0.189350
vt 0.936934 0.189350
vt 0.936756 0.206634
vt 0.259606 0.005591
vt 0.282640 0.099760
vt 0.310870 0.099746
vt 0.286355 0.005591
vt 0.324363 0.099736
vt 0.340860 0.099728
vt 0.322604 0.005600
vt 0.302666 0.005589
vt 0.358792 0.099600
vt 0.379039 0.099457
vt 0.368754 0.005336
vt 0.344278 0.005493
vt 0.412442 0.099221
vt 0.429490 0.099100
vt 0.429590 0.004892
vt 0.409067 0.005048
vt 0.464675 0.099034
vt 0.480028 0.099007
vt 0.490928 0.004723
vt 0.472345 0.004768
vt 0.496514 0.098978
vt 0.518715 0.098943
vt 0.537756 0.004608
vt 0.510880 0.004676
vt 0.533679 0.098815
vt 0.549884 0.098677
vt 0.575512 0.004276
vt 0.555878 0.004448
vt 0.569531 0.098511
vt 0.591902 0.004111
vt 0.307192 0.327822
vt 0.330796 0.327807
vt 0.342080 0.327803
vt 0.355876 0.327800
vt 0.370871 0.327703
vt 0.387804 0.327593
vt 0.415734 0.327408
vt 0.429987 0.327306
vt 0.459399 0.327241
vt 0.472233 0.327210
vt 0.486014 0.327170
vt 0.504570 0.327118
vt 0.517077 0.326996
vt 0.530622 0.326869
vt 0.547042 0.326719
vt 0.984481 0.256927
vt 0.970389 0.258538
vt 0.970181 0.276891
vt 0.984273 0.276891
vt 0.950070 0.207572
vt 0.964162 0.207572
vt 0.964151 0.189350
vt 0.950061 0.189350
vt 0.692370 0.380804
vt 0.446596 0.327273
vt 0.449358 0.099063
vt 0.453808 0.004818
vt 0.954560 0.183165
vt 0.968650 0.183599
vt 0.968650 0.153703
vt 0.954560 0.153703
vt 0.739214 0.088479
vt 0.737616 0.003126
vt 0.739502 0.280667
vt 0.740553 0.330208
vt 0.404142 0.327484
vt 0.398577 0.099318
vt 0.392378 0.005171
vt 0.965121 0.252749
vt 0.975738 0.252749
vt 0.975743 0.229154
vt 0.965127 0.229154
vt 0.796977 0.088425
vt 0.798576 0.003101
vt 0.797259 0.280571
vt 0.796163 0.330387
vt 0.978215 0.252786
vt 0.986677 0.252786
vt 0.986677 0.229154
vt 0.977686 0.229154
vt 0.934558 0.249359
vt 0.948648 0.249359
vt 0.948848 0.229154
vt 0.934756 0.229154
vt 0.891069 0.330712
vt 0.954132 0.276485
vt 0.968224 0.276485
vt 0.968238 0.256927
vt 0.954148 0.256927
vt 0.649095 0.329941
vt 0.980201 0.207707
vt 0.980196 0.189350
vt 0.966105 0.189350
vt 0.966109 0.207707
vt 0.987724 0.045023
vt 0.987737 0.028164
vt 0.973646 0.027969
vt 0.973632 0.045023
vt 0.199246 0.340365
vt 0.199119 0.364309
vt 0.219496 0.364382
vt 0.219793 0.340439
vt 0.198812 0.297619
vt 0.198515 0.273677
vt 0.178138 0.273738
vt 0.178266 0.297682
vt 0.215964 0.297542
vt 0.215497 0.273602
vt 0.235106 0.364707
vt 0.235573 0.340766
vt 0.971476 0.049915
vt 0.971065 0.025975
vt 0.956973 0.026229
vt 0.957385 0.050169
vt 0.180276 0.340297
vt 0.182484 0.364241
vt 0.161504 0.273797
vt 0.159296 0.297741
vt 0.952439 0.287143
vt 0.952474 0.311088
vt 0.966565 0.311071
vt 0.966530 0.287127
vt 0.974197 0.093025
vt 0.974197 0.115268
vt 0.988289 0.115261
vt 0.988289 0.093019
vt 0.199119 0.386552
vt 0.219496 0.386624
vt 0.198515 0.251434
vt 0.178138 0.251496
vt 0.215497 0.251360
vt 0.235106 0.386949
vt 0.971065 0.003732
vt 0.956973 0.003986
vt 0.975634 0.145539
vt 0.986818 0.145532
vt 0.201800 0.416823
vt 0.216500 0.416895
vt 0.967443 0.082685
vt 0.966018 0.052413
vt 0.954834 0.052417
vt 0.953352 0.082688
vt 0.195520 0.221163
vt 0.180819 0.221225
vt 0.154260 0.006600
vt 0.154299 0.019503
vt 0.173762 0.019463
vt 0.173723 0.006560
vt 0.193634 0.173530
vt 0.193673 0.160627
vt 0.174210 0.160592
vt 0.174171 0.173496
vt 0.194619 0.006516
vt 0.194659 0.019420
vt 0.223864 0.019362
vt 0.222762 0.006459
vt 0.986159 0.178196
vt 0.997134 0.178220
vt 0.997148 0.161653
vt 0.986174 0.161629
vt 0.242673 0.173617
vt 0.243775 0.160713
vt 0.214569 0.160664
vt 0.214530 0.173567
vt 0.957549 0.093019
vt 0.957538 0.105922
vt 0.971630 0.105931
vt 0.971640 0.093028
vt 0.134844 0.006640
vt 0.134883 0.019543
vt 0.154794 0.160558
vt 0.154755 0.173462
vt 0.154299 0.044075
vt 0.173762 0.044035
vt 0.193673 0.136055
vt 0.174210 0.136021
vt 0.189261 0.043992
vt 0.982599 0.303286
vt 0.982599 0.278713
vt 0.968508 0.278705
vt 0.968508 0.303277
vt 0.209172 0.136092
vt 0.957538 0.130494
vt 0.971630 0.130503
vt 0.136484 0.044115
vt 0.156395 0.135987
vt 0.154299 0.065037
vt 0.173762 0.064997
vt 0.231202 0.326202
vt 0.231202 0.305239
vt 0.217111 0.305237
vt 0.217111 0.326199
vt 0.193673 0.115092
vt 0.174210 0.115058
vt 0.957538 0.151457
vt 0.971630 0.151466
vt 0.138685 0.065077
vt 0.158596 0.115024
vt 0.940932 0.003732
vt 0.942774 0.050924
vt 0.953183 0.050927
vt 0.955023 0.003736
vt 0.157288 0.112229
vt 0.170773 0.112189
vt 0.229360 0.258048
vt 0.218951 0.258045
vt 0.190684 0.067901
vt 0.177199 0.067867
vt 0.228346 0.083709
vt 0.215583 0.083665
vt 0.215567 0.104129
vt 0.228330 0.104121
vt 0.292244 0.231639
vt 0.276347 0.233087
vt 0.278680 0.258336
vt 0.294571 0.256821
vt 0.215619 0.127685
vt 0.228382 0.127622
vt 0.952190 0.275695
vt 0.952158 0.256927
vt 0.938067 0.256936
vt 0.938098 0.275704
vt 0.289576 0.201929
vt 0.273672 0.203311
vt 0.228378 0.043823
vt 0.215615 0.043778
vt 0.215596 0.067063
vt 0.228359 0.067108
vt 0.296464 0.277304
vt 0.280572 0.278819
vt 0.283252 0.307819
vt 0.299144 0.306304
vt 0.209252 0.181269
vt 0.209249 0.200037
vt 0.223340 0.200034
vt 0.223343 0.181266
vt 0.204471 0.083673
vt 0.204453 0.100083
vt 0.938440 0.225624
vt 0.952337 0.225624
vt 0.952323 0.209058
vt 0.938426 0.209058
vt 0.262966 0.239398
vt 0.264839 0.259597
vt 0.204503 0.043786
vt 0.204485 0.067071
vt 0.266732 0.280080
vt 0.269412 0.309080
vt 0.209249 0.216376
vt 0.223340 0.216373
vt 0.200476 0.043788
vt 0.200458 0.067073
vt 0.261716 0.280537
vt 0.264396 0.309537
vt 0.209249 0.222297
vt 0.223340 0.222295
vt 0.200443 0.080708
vt 0.260161 0.263751
vt 0.183311 0.046011
vt 0.183290 0.064875
vt 0.998633 0.310798
vt 0.996896 0.285554
vt 0.986280 0.285559
vt 0.984541 0.310803
vt 0.240584 0.285237
vt 0.242762 0.308733
vt 0.210985 0.247541
vt 0.221602 0.247538
vt 0.258584 0.077575
vt 0.258290 0.107465
vt 0.266752 0.107458
vt 0.271860 0.077696
vt 0.231475 0.002128
vt 0.231475 0.032034
vt 0.252393 0.031968
vt 0.252393 0.002062
vt 0.594649 0.242872
vt 0.594649 0.212972
vt 0.573730 0.212916
vt 0.573730 0.242815
vt 0.178575 0.176087
vt 0.178575 0.205994
vt 0.204246 0.206047
vt 0.204246 0.176141
vt 0.984685 0.182860
vt 0.984685 0.152953
vt 0.970593 0.152952
vt 0.970593 0.182858
vt 0.180803 0.331490
vt 0.180803 0.301584
vt 0.155132 0.301630
vt 0.155132 0.331535
vt 0.155839 0.176186
vt 0.155838 0.205947
vt 0.132396 0.301670
vt 0.132396 0.331560
vt 0.258290 0.153752
vt 0.266752 0.153745
vt 0.231457 0.078198
vt 0.252231 0.097475
vt 0.594504 0.147392
vt 0.573730 0.166664
vt 0.155693 0.271578
vt 0.175795 0.271625
vt 0.999087 0.284068
vt 0.996692 0.218437
vt 0.987700 0.218427
vt 0.987700 0.284058
vt 0.152353 0.235998
vt 0.132251 0.236039
vt 0.255752 0.234053
vt 0.259449 0.234045
vt 0.232970 0.158520
vt 0.250830 0.158453
vt 0.148634 0.136119
vt 0.143166 0.074970
vt 0.139470 0.074842
vt 0.140177 0.135848
vt 0.593119 0.086425
vt 0.575260 0.086369
vt 0.232573 0.179019
vt 0.232991 0.224193
vt 0.247082 0.224044
vt 0.246665 0.178870
vt 0.133940 0.340297
vt 0.133997 0.385471
vt 0.160924 0.399562
vt 0.160791 0.340350
vt 0.584367 0.353810
vt 0.584501 0.294598
vt 0.556386 0.308539
vt 0.556329 0.353713
vt 0.178110 0.399509
vt 0.177901 0.340441
vt 0.955047 0.152094
vt 0.955587 0.093026
vt 0.941496 0.093019
vt 0.941771 0.152216
vt 0.601477 0.353840
vt 0.601687 0.294643
vt 0.234192 0.269440
vt 0.245847 0.269291
vt 0.136170 0.430718
vt 0.158551 0.430771
vt 0.983477 0.082864
vt 0.982276 0.051655
vt 0.970621 0.051656
vt 0.969385 0.082864
vt 0.582127 0.263389
vt 0.558760 0.263293
vt 0.257318 0.107474
vt 0.138205 0.201450
vt 0.137237 0.201412
vt 0.137603 0.231335
vt 0.254904 0.153726
vt 0.135785 0.135758
vt 0.252623 0.234021
vt 0.963179 0.250151
vt 0.963176 0.229154
vt 0.136345 0.074781
vt 0.150875 0.231622
vt 0.151252 0.201714
vt 0.149057 0.201793
vt 0.271339 0.107603
vt 0.150561 0.136156
vt 0.268679 0.153767
vt 0.148727 0.075096
vt 0.950790 0.229192
vt 0.950790 0.250189
vt 0.265012 0.234088
vt 0.685586 0.088692
vt 0.685873 0.280745
vt 0.660617 0.280771
vt 0.660339 0.088793
vt 0.842241 0.088470
vt 0.842520 0.280505
vt 0.819487 0.280539
vt 0.819201 0.088450
vt 0.643320 0.088745
vt 0.643595 0.280791
vt 0.625157 0.280811
vt 0.624886 0.088691
vt 0.881415 0.088393
vt 0.881689 0.280446
vt 0.862919 0.280472
vt 0.862651 0.088489
vt 0.781201 0.088408
vt 0.781488 0.280592
vt 0.762100 0.280625
vt 0.761817 0.088385
vt 0.721797 0.088548
vt 0.722084 0.280692
vt 0.704626 0.280726
vt 0.704335 0.088618
vt 0.929161 0.280372
vt 0.897042 0.280426
vt 0.896777 0.088310
vt 0.929409 0.003000
vt 0.602803 0.280839
vt 0.601967 0.003014
vt 0.924170 0.330800
vt 0.891069 0.330712
vt 0.876683 0.330665
vt 0.859087 0.330610
vt 0.839588 0.330540
vt 0.817572 0.330461
vt 0.780974 0.330336
vt 0.762307 0.330276
vt 0.723782 0.330153
vt 0.706975 0.330105
vt 0.689072 0.330053
vt 0.664960 0.329986
vt 0.649095 0.329941
vt 0.631914 0.329890
vt 0.607693 0.329845
vt 0.915627 0.382476
vt 0.884895 0.382293
vt 0.871502 0.382188
vt 0.855118 0.382059
vt 0.836565 0.381917
vt 0.815615 0.381757
vt 0.780472 0.381492
vt 0.762542 0.381359
vt 0.725549 0.381070
vt 0.709408 0.380939
vt 0.692370 0.380804
vt 0.669429 0.380627
vt 0.654766 0.380516
vt 0.638886 0.380403
vt 0.616138 0.380296
vt 0.906089 0.423689
vt 0.879973 0.423621
vt 0.867357 0.423570
vt 0.851930 0.423510
vt 0.834119 0.423443
vt 0.814013 0.423365
vt 0.780051 0.423234
vt 0.762721 0.423166
vt 0.726994 0.423019
vt 0.711403 0.422949
vt 0.695085 0.422880
vt 0.673113 0.422782
vt 0.659452 0.422723
vt 0.644647 0.422659
vt 0.625991 0.422603
vt 0.891729 0.467202
vt 0.867118 0.531269
vt 0.855333 0.546918
vt 0.840931 0.566046
vt 0.825266 0.577447
vt 0.807580 0.590318
vt 0.778393 0.599453
vt 0.763491 0.604116
vt 0.732720 0.593225
vt 0.719288 0.588479
vt 0.704859 0.577456
vt 0.685430 0.562613
vt 0.672305 0.542388
vt 0.658099 0.520477
vt 0.640825 0.467601
vt 0.654311 0.003462
vt 0.680973 0.003340
vt 0.822037 0.003118
vt 0.846365 0.003128
vt 0.616900 0.003378
vt 0.636350 0.003425
vt 0.867926 0.002971
vt 0.887759 0.002868
vt 0.761295 0.003048
vt 0.781854 0.003081
vt 0.700773 0.003254
vt 0.719217 0.003188
vt 0.903979 0.002962
vt 0.952453 0.187619
vt 0.940798 0.186458
vt 0.940963 0.160146
vt 0.952618 0.160146
vt 0.960051 0.250151
vt 0.956354 0.250151
vt 0.956354 0.229154
vt 0.960051 0.229154
vt 0.951409 0.087919
vt 0.940024 0.087919
vt 0.937319 0.057738
vt 0.951409 0.057738
vt 0.987737 0.024453
vt 0.973646 0.024258
vt 0.973653 0.003732
vt 0.987744 0.004167
vt 0.964885 0.225047
vt 0.954475 0.225047
vt 0.954468 0.209192
vt 0.964878 0.209192
vt 0.285965 0.199911
vt 0.271880 0.200321
vt 0.270874 0.166001
vt 0.284958 0.165590
vt 0.947940 0.206634
vt 0.936756 0.206634
vt 0.936934 0.189350
vt 0.948118 0.189350
vt 0.259606 0.005591
vt 0.286355 0.005591
vt 0.310870 0.099746
vt 0.282640 0.099760
vt 0.324363 0.099736
vt 0.302666 0.005589
vt 0.322604 0.005600
vt 0.340860 0.099728
vt 0.358792 0.099600
vt 0.344278 0.005493
vt 0.368754 0.005336
vt 0.379039 0.099457
vt 0.412442 0.099221
vt 0.409067 0.005048
vt 0.429590 0.004892
vt 0.429490 0.099100
vt 0.464675 0.099034
vt 0.472345 0.004768
vt 0.490928 0.004723
vt 0.480028 0.099007
vt 0.496514 0.098978
vt 0.510880 0.004676
vt 0.537756 0.004608
vt 0.518715 0.098943
vt 0.533679 0.098815
vt 0.555878 0.004448
vt 0.575512 0.004276
vt 0.549884 0.098677
vt 0.591902 0.004111
vt 0.569531 0.098511
vt 0.330796 0.327807
vt 0.307192 0.327822
vt 0.342080 0.327803
vt 0.355876 0.327800
vt 0.370871 0.327703
vt 0.387804 0.327593
vt 0.415734 0.327408
vt 0.429987 0.327306
vt 0.459399 0.327241
vt 0.472233 0.327210
vt 0.486014 0.327170
vt 0.504570 0.327118
vt 0.517077 0.326996
vt 0.530622 0.326869
vt 0.547042 0.326719
vt 0.984481 0.256927
vt 0.984273 0.276891
vt 0.970181 0.276891
vt 0.970389 0.258538
vt 0.950070 0.207572
vt 0.950061 0.189350
vt 0.964151 0.189350
vt 0.964162 0.207572
vt 0.449358 0.099063
vt 0.446596 0.327273
vt 0.453808 0.004818
vt 0.954560 0.183165
vt 0.954560 0.153703
vt 0.968650 0.153703
vt 0.968650 0.183599
vt 0.739214 0.088479
vt 0.737616 0.003126
vt 0.739502 0.280667
vt 0.740553 0.330208
vt 0.741655 0.381200
vt 0.742548 0.423084
vt 0.746116 0.597966
vt 0.398577 0.099318
vt 0.404142 0.327484
vt 0.392378 0.005171
vt 0.965121 0.252749
vt 0.965127 0.229154
vt 0.975743 0.229154
vt 0.975738 0.252749
vt 0.796977 0.088425
vt 0.798576 0.003101
vt 0.797259 0.280571
vt 0.796163 0.330387
vt 0.795059 0.381601
vt 0.794147 0.423290
vt 0.790506 0.595658
vt 0.978215 0.252786
vt 0.977686 0.229154
vt 0.986677 0.229154
vt 0.986677 0.252786
vt 0.934558 0.249359
vt 0.934756 0.229154
vt 0.948848 0.229154
vt 0.948648 0.249359
vt 0.954132 0.276485
vt 0.954148 0.256927
vt 0.968238 0.256927
vt 0.968224 0.276485
vt 0.980201 0.207707
vt 0.966109 0.207707
vt 0.966105 0.189350
vt 0.980196 0.189350
vt 0.987724 0.045023
vt 0.973632 0.045023
vt 0.973646 0.027969
vt 0.987737 0.028164
vt 0.199246 0.340365
vt 0.219793 0.340439
vt 0.219496 0.364382
vt 0.199119 0.364309
vt 0.198812 0.297619
vt 0.178266 0.297682
vt 0.178138 0.273738
vt 0.198515 0.273677
vt 0.215964 0.297542
vt 0.215497 0.273602
vt 0.235573 0.340766
vt 0.235106 0.364707
vt 0.971476 0.049915
vt 0.957385 0.050169
vt 0.956973 0.026229
vt 0.971065 0.025975
vt 0.180276 0.340297
vt 0.182484 0.364241
vt 0.159296 0.297741
vt 0.161504 0.273797
vt 0.952439 0.287143
vt 0.966530 0.287127
vt 0.966565 0.311071
vt 0.952474 0.311088
vt 0.974197 0.093025
vt 0.988289 0.093019
vt 0.988289 0.115261
vt 0.974197 0.115268
vt 0.219496 0.386624
vt 0.199119 0.386552
vt 0.178138 0.251496
vt 0.198515 0.251434
vt 0.215497 0.251360
vt 0.235106 0.386949
vt 0.956973 0.003986
vt 0.971065 0.003732
vt 0.986818 0.145532
vt 0.975634 0.145539
vt 0.216500 0.416895
vt 0.201800 0.416823
vt 0.967443 0.082685
vt 0.953352 0.082688
vt 0.954834 0.052417
vt 0.966018 0.052413
vt 0.180819 0.221225
vt 0.195520 0.221163
vt 0.154260 0.006600
vt 0.173723 0.006560
vt 0.173762 0.019463
vt 0.154299 0.019503
vt 0.193634 0.173530
vt 0.174171 0.173496
vt 0.174210 0.160592
vt 0.193673 0.160627
vt 0.194619 0.006516
vt 0.222762 0.006459
vt 0.223864 0.019362
vt 0.194659 0.019420
vt 0.986159 0.178196
vt 0.986174 0.161629
vt 0.997148 0.161653
vt 0.997134 0.178220
vt 0.242673 0.173617
vt 0.214530 0.173567
vt 0.214569 0.160664
vt 0.243775 0.160713
vt 0.957549 0.093019
vt 0.971640 0.093028
vt 0.971630 0.105931
vt 0.957538 0.105922
vt 0.134844 0.006640
vt 0.134883 0.019543
vt 0.154755 0.173462
vt 0.154794 0.160558
vt 0.173762 0.044035
vt 0.154299 0.044075
vt 0.174210 0.136021
vt 0.193673 0.136055
vt 0.189261 0.043992
vt 0.982599 0.303286
vt 0.968508 0.303277
vt 0.968508 0.278705
vt 0.982599 0.278713
vt 0.209172 0.136092
vt 0.971630 0.130503
vt 0.957538 0.130494
vt 0.136484 0.044115
vt 0.156395 0.135987
vt 0.173762 0.064997
vt 0.154299 0.065037
vt 0.231202 0.326202
vt 0.217111 0.326199
vt 0.217111 0.305237
vt 0.231202 0.305239
vt 0.174210 0.115058
vt 0.193673 0.115092
vt 0.971630 0.151466
vt 0.957538 0.151457
vt 0.138685 0.065077
vt 0.158596 0.115024
vt 0.940932 0.003732
vt 0.955023 0.003736
vt 0.953183 0.050927
vt 0.942774 0.050924
vt 0.170773 0.112189
vt 0.157288 0.112229
vt 0.218951 0.258045
vt 0.229360 0.258048
vt 0.177199 0.067867
vt 0.190684 0.067901
vt 0.228346 0.083709
vt 0.228330 0.104121
vt 0.215567 0.104129
vt 0.215583 0.083665
vt 0.292244 0.231639
vt 0.294571 0.256821
vt 0.278680 0.258336
vt 0.276347 0.233087
vt 0.228382 0.127622
vt 0.215619 0.127685
vt 0.952190 0.275695
vt 0.938098 0.275704
vt 0.938067 0.256936
vt 0.952158 0.256927
vt 0.289576 0.201929
vt 0.273672 0.203311
vt 0.228378 0.043823
vt 0.228359 0.067108
vt 0.215596 0.067063
vt 0.215615 0.043778
vt 0.296464 0.277304
vt 0.299144 0.306304
vt 0.283252 0.307819
vt 0.280572 0.278819
vt 0.209252 0.181269
vt 0.223343 0.181266
vt 0.223340 0.200034
vt 0.209249 0.200037
vt 0.204453 0.100083
vt 0.204471 0.083673
vt 0.938440 0.225624
vt 0.938426 0.209058
vt 0.952323 0.209058
vt 0.952337 0.225624
vt 0.264839 0.259597
vt 0.262966 0.239398
vt 0.204485 0.067071
vt 0.204503 0.043786
vt 0.269412 0.309080
vt 0.266732 0.280080
vt 0.223340 0.216373
vt 0.209249 0.216376
vt 0.200458 0.067073
vt 0.200476 0.043788
vt 0.264396 0.309537
vt 0.261716 0.280537
vt 0.223340 0.222295
vt 0.209249 0.222297
vt 0.200443 0.080708
vt 0.260161 0.263751
vt 0.183290 0.064875
vt 0.183311 0.046011
vt 0.998633 0.310798
vt 0.984541 0.310803
vt 0.986280 0.285559
vt 0.996896 0.285554
vt 0.242762 0.308733
vt 0.240584 0.285237
vt 0.221602 0.247538
vt 0.210985 0.247541
vt 0.258584 0.077575
vt 0.271860 0.077696
vt 0.266752 0.107458
vt 0.258290 0.107465
vt 0.231475 0.002128
vt 0.252393 0.002062
vt 0.252393 0.031968
vt 0.231475 0.032034
vt 0.594649 0.242872
vt 0.573730 0.242815
vt 0.573730 0.212916
vt 0.594649 0.212972
vt 0.178575 0.176087
vt 0.204246 0.176141
vt 0.204246 0.206047
vt 0.178575 0.205994
vt 0.984685 0.182860
vt 0.970593 0.182858
vt 0.970593 0.152952
vt 0.984685 0.152953
vt 0.180803 0.331490
vt 0.155132 0.331535
vt 0.155132 0.301630
vt 0.180803 0.301584
vt 0.155839 0.176186
vt 0.155838 0.205947
vt 0.132396 0.331560
vt 0.132396 0.301670
vt 0.266752 0.153745
vt 0.258290 0.153752
vt 0.252231 0.097475
vt 0.231457 0.078198
vt 0.573730 0.166664
vt 0.594504 0.147392
vt 0.175795 0.271625
vt 0.155693 0.271578
vt 0.999087 0.284068
vt 0.987700 0.284058
vt 0.987700 0.218427
vt 0.996692 0.218437
vt 0.132251 0.236039
vt 0.152353 0.235998
vt 0.259449 0.234045
vt 0.255752 0.234053
vt 0.250830 0.158453
vt 0.232970 0.158520
vt 0.148634 0.136119
vt 0.140177 0.135848
vt 0.139470 0.074842
vt 0.143166 0.074970
vt 0.575260 0.086369
vt 0.593119 0.086425
vt 0.232573 0.179019
vt 0.246665 0.178870
vt 0.247082 0.224044
vt 0.232991 0.224193
vt 0.133940 0.340297
vt 0.160791 0.340350
vt 0.160924 0.399562
vt 0.133997 0.385471
vt 0.584367 0.353810
vt 0.556329 0.353713
vt 0.556386 0.308539
vt 0.584501 0.294598
vt 0.177901 0.340441
vt 0.178110 0.399509
vt 0.955047 0.152094
vt 0.941771 0.152216
vt 0.941496 0.093019
vt 0.955587 0.093026
vt 0.601477 0.353840
vt 0.601687 0.294643
vt 0.245847 0.269291
vt 0.234192 0.269440
vt 0.158551 0.430771
vt 0.136170 0.430718
vt 0.983477 0.082864
vt 0.969385 0.082864
vt 0.970621 0.051656
vt 0.982276 0.051655
vt 0.558760 0.263293
vt 0.582127 0.263389
vt 0.257318 0.107474
vt 0.138205 0.201450
vt 0.137603 0.231335
vt 0.137237 0.201412
vt 0.254904 0.153726
vt 0.135785 0.135758
vt 0.252623 0.234021
vt 0.963176 0.229154
vt 0.963179 0.250151
vt 0.136345 0.074781
vt 0.150875 0.231622
vt 0.149057 0.201793
vt 0.151252 0.201714
vt 0.271339 0.107603
vt 0.150561 0.136156
vt 0.268679 0.153767
vt 0.148727 0.075096
vt 0.950790 0.250189
vt 0.950790 0.229192
vt 0.265012 0.234088
vt 0.719804 0.611870
vt 0.679903 0.610520
vt 0.679437 0.631179
vt 0.719400 0.629737
vt 0.906171 0.515281
vt 0.890129 0.551840
vt 0.906412 0.559205
vt 0.924999 0.523797
vt 0.960907 0.509857
vt 0.937688 0.509642
vt 0.937474 0.532746
vt 0.960693 0.532961
vt 0.884250 0.753968
vt 0.883418 0.793880
vt 0.906633 0.794364
vt 0.907465 0.754452
vt 0.825271 0.600213
vt 0.787135 0.611411
vt 0.787509 0.635688
vt 0.838464 0.624011
vt 0.860590 0.612348
vt 0.833998 0.641887
vt 0.849747 0.664076
vt 0.882317 0.623186
vt 0.886442 0.648813
vt 0.885653 0.686678
vt 0.908868 0.687162
vt 0.909657 0.649297
vt 0.877823 0.519617
vt 0.855598 0.559744
vt 0.870334 0.575852
vt 0.895455 0.534725
vt 0.784392 0.651724
vt 0.738600 0.654405
vt 0.744595 0.676838
vt 0.792541 0.671978
vt 0.936435 0.661070
vt 0.937282 0.620461
vt 0.914067 0.619977
vt 0.913220 0.660586
vt 0.902369 0.459956
vt 0.922774 0.468775
vt 0.674192 0.650729
vt 0.673317 0.672942
vt 0.935181 0.721257
vt 0.911966 0.720773
vt 0.922892 0.475835
vt 0.943001 0.484931
vt 0.637106 0.608533
vt 0.636608 0.630598
vt 0.882525 0.836702
vt 0.905740 0.837186
vt 0.758764 0.613301
vt 0.758304 0.633688
vt 0.885063 0.714994
vt 0.908277 0.715478
vt 0.874566 0.587585
vt 0.893146 0.595989
vt 0.940434 0.435226
vt 0.961591 0.444795
vt 0.592904 0.606783
vt 0.592380 0.629997
vt 0.881603 0.880922
vt 0.904818 0.881406
vt 0.887055 0.619414
vt 0.910270 0.619898
vt 0.915235 0.402881
vt 0.938282 0.405709
vt 0.617167 0.637641
vt 0.609748 0.659643
vt 0.933985 0.778595
vt 0.910770 0.778111
vt 0.719804 0.611870
vt 0.679903 0.610520
vt 0.679437 0.631179
vt 0.719400 0.629737
vt 0.906171 0.515281
vt 0.890129 0.551840
vt 0.906412 0.559205
vt 0.924999 0.523797
vt 0.960907 0.509857
vt 0.937688 0.509642
vt 0.937474 0.532746
vt 0.960693 0.532961
vt 0.884250 0.753968
vt 0.883418 0.793880
vt 0.906633 0.794364
vt 0.907465 0.754452
vt 0.825271 0.600213
vt 0.787135 0.611411
vt 0.787509 0.635688
vt 0.838464 0.624011
vt 0.860590 0.612348
vt 0.833998 0.641887
vt 0.849747 0.664076
vt 0.882317 0.623186
vt 0.886442 0.648813
vt 0.885653 0.686678
vt 0.908868 0.687162
vt 0.909657 0.649297
vt 0.877823 0.519617
vt 0.855598 0.559744
vt 0.870334 0.575852
vt 0.895455 0.534725
vt 0.784392 0.651724
vt 0.738600 0.654405
vt 0.744595 0.676838
vt 0.792541 0.671978
vt 0.936435 0.661070
vt 0.937282 0.620461
vt 0.914067 0.619977
vt 0.913220 0.660586
vt 0.902369 0.459956
vt 0.922774 0.468775
vt 0.674192 0.650729
vt 0.673317 0.672942
vt 0.935181 0.721257
vt 0.911966 0.720773
vt 0.922892 0.475835
vt 0.943001 0.484931
vt 0.637106 0.608533
vt 0.636608 0.630598
vt 0.882525 0.836702
vt 0.905740 0.837186
vt 0.758764 0.613301
vt 0.758304 0.633688
vt 0.885063 0.714994
vt 0.908277 0.715478
vt 0.874566 0.587585
vt 0.893146 0.595989
vt 0.940434 0.435226
vt 0.961591 0.444795
vt 0.592904 0.606783
vt 0.592380 0.629997
vt 0.881603 0.880922
vt 0.904818 0.881406
vt 0.887055 0.619414
vt 0.910270 0.619898
vt 0.915235 0.402881
vt 0.938282 0.405709
vt 0.617167 0.637641
vt 0.609748 0.659643
vt 0.933985 0.778595
vt 0.910770 0.778111
vt 0.719804 0.611870
vt 0.679903 0.610520
vt 0.679437 0.631179
vt 0.719400 0.629737
vt 0.906171 0.515281
vt 0.890129 0.551840
vt 0.906412 0.559205
vt 0.924999 0.523797
vt 0.960907 0.509857
vt 0.937688 0.509642
vt 0.937474 0.532746
vt 0.960693 0.532961
vt 0.884250 0.753968
vt 0.883418 0.793880
vt 0.906633 0.794364
vt 0.907465 0.754452
vt 0.825271 0.600213
vt 0.787135 0.611411
vt 0.787509 0.635688
vt 0.838464 0.624011
vt 0.860590 0.612348
vt 0.833998 0.641887
vt 0.849747 0.664076
vt 0.882317 0.623186
vt 0.886442 0.648813
vt 0.885653 0.686678
vt 0.908868 0.687162
vt 0.909657 0.649297
vt 0.877823 0.519617
vt 0.855598 0.559744
vt 0.870334 0.575852
vt 0.895455 0.534725
vt 0.784392 0.651724
vt 0.738600 0.654405
vt 0.744595 0.676838
vt 0.792541 0.671978
vt 0.936435 0.661070
vt 0.937282 0.620461
vt 0.914067 0.619977
vt 0.913220 0.660586
vt 0.902369 0.459956
vt 0.922774 0.468775
vt 0.674192 0.650729
vt 0.673317 0.672942
vt 0.935181 0.721257
vt 0.911966 0.720773
vt 0.922892 0.475835
vt 0.943001 0.484931
vt 0.637106 0.608533
vt 0.636608 0.630598
vt 0.882525 0.836702
vt 0.905740 0.837186
vt 0.758764 0.613301
vt 0.758304 0.633688
vt 0.885063 0.714994
vt 0.908277 0.715478
vt 0.874566 0.587585
vt 0.893146 0.595989
vt 0.940434 0.435226
vt 0.961591 0.444795
vt 0.592904 0.606783
vt 0.592380 0.629997
vt 0.881603 0.880922
vt 0.904818 0.881406
vt 0.887055 0.619414
vt 0.910270 0.619898
vt 0.915235 0.402881
vt 0.938282 0.405709
vt 0.617167 0.637641
vt 0.609748 0.659643
vt 0.933985 0.778595
vt 0.910770 0.778111
vt 0.719804 0.611870
vt 0.719400 0.629737
vt 0.679437 0.631179
vt 0.679903 0.610520
vt 0.906171 0.515281
vt 0.924999 0.523797
vt 0.906412 0.559205
vt 0.890129 0.551840
vt 0.960907 0.509857
vt 0.960693 0.532961
vt 0.937474 0.532746
vt 0.937688 0.509642
vt 0.884250 0.753968
vt 0.907465 0.754452
vt 0.906633 0.794364
vt 0.883418 0.793880
vt 0.825271 0.600213
vt 0.838464 0.624011
vt 0.787509 0.635688
vt 0.787135 0.611411
vt 0.860590 0.612348
vt 0.882317 0.623186
vt 0.849747 0.664076
vt 0.833998 0.641887
vt 0.886442 0.648813
vt 0.909657 0.649297
vt 0.908868 0.687162
vt 0.885653 0.686678
vt 0.877823 0.519617
vt 0.895455 0.534725
vt 0.870334 0.575852
vt 0.855598 0.559744
vt 0.784392 0.651724
vt 0.792541 0.671978
vt 0.744595 0.676838
vt 0.738600 0.654405
vt 0.936435 0.661070
vt 0.913220 0.660586
vt 0.914067 0.619977
vt 0.937282 0.620461
vt 0.902369 0.459956
vt 0.922774 0.468775
vt 0.673317 0.672942
vt 0.674192 0.650729
vt 0.935181 0.721257
vt 0.911966 0.720773
vt 0.922892 0.475835
vt 0.943001 0.484931
vt 0.636608 0.630598
vt 0.637106 0.608533
vt 0.905740 0.837186
vt 0.882525 0.836702
vt 0.758304 0.633688
vt 0.758764 0.613301
vt 0.908277 0.715478
vt 0.885063 0.714994
vt 0.874566 0.587585
vt 0.893146 0.595989
vt 0.940434 0.435226
vt 0.961591 0.444795
vt 0.592380 0.629997
vt 0.592904 0.606783
vt 0.904818 0.881406
vt 0.881603 0.880922
vt 0.887055 0.619414
vt 0.910270 0.619898
vt 0.915235 0.402881
vt 0.938282 0.405709
vt 0.609748 0.659643
vt 0.617167 0.637641
vt 0.933985 0.778595
vt 0.910770 0.778111
vt 0.719804 0.611870
vt 0.719400 0.629737
vt 0.679437 0.631179
vt 0.679903 0.610520
vt 0.906171 0.515281
vt 0.924999 0.523797
vt 0.906412 0.559205
vt 0.890129 0.551840
vt 0.960907 0.509857
vt 0.960693 0.532961
vt 0.937474 0.532746
vt 0.937688 0.509642
vt 0.884250 0.753968
vt 0.907465 0.754452
vt 0.906633 0.794364
vt 0.883418 0.793880
vt 0.825271 0.600213
vt 0.838464 0.624011
vt 0.787509 0.635688
vt 0.787135 0.611411
vt 0.860590 0.612348
vt 0.882317 0.623186
vt 0.849747 0.664076
vt 0.833998 0.641887
vt 0.886442 0.648813
vt 0.909657 0.649297
vt 0.908868 0.687162
vt 0.885653 0.686678
vt 0.877823 0.519617
vt 0.895455 0.534725
vt 0.870334 0.575852
vt 0.855598 0.559744
vt 0.784392 0.651724
vt 0.792541 0.671978
vt 0.744595 0.676838
vt 0.738600 0.654405
vt 0.936435 0.661070
vt 0.913220 0.660586
vt 0.914067 0.619977
vt 0.937282 0.620461
vt 0.902369 0.459956
vt 0.922774 0.468775
vt 0.673317 0.672942
vt 0.674192 0.650729
vt 0.935181 0.721257
vt 0.911966 0.720773
vt 0.922892 0.475835
vt 0.943001 0.484931
vt 0.636608 0.630598
vt 0.637106 0.608533
vt 0.905740 0.837186
vt 0.882525 0.836702
vt 0.758304 0.633688
vt 0.758764 0.613301
vt 0.908277 0.715478
vt 0.885063 0.714994
vt 0.874566 0.587585
vt 0.893146 0.595989
vt 0.940434 0.435226
vt 0.961591 0.444795
vt 0.592380 0.629997
vt 0.592904 0.606783
vt 0.904818 0.881406
vt 0.881603 0.880922
vt 0.887055 0.619414
vt 0.910270 0.619898
vt 0.915235 0.402881
vt 0.938282 0.405709
vt 0.609748 0.659643
vt 0.617167 0.637641
vt 0.933985 0.778595
vt 0.910770 0.778111
vt 0.719804 0.611870
vt 0.719400 0.629737
vt 0.679437 0.631179
vt 0.679903 0.610520
vt 0.906171 0.515281
vt 0.924999 0.523797
vt 0.906412 0.559205
vt 0.890129 0.551840
vt 0.960907 0.509857
vt 0.960693 0.532961
vt 0.937474 0.532746
vt 0.937688 0.509642
vt 0.884250 0.753968
vt 0.907465 0.754452
vt 0.906633 0.794364
vt 0.883418 0.793880
vt 0.825271 0.600213
vt 0.838464 0.624011
vt 0.787509 0.635688
vt 0.787135 0.611411
vt 0.860590 0.612348
vt 0.882317 0.623186
vt 0.849747 0.664076
vt 0.833998 0.641887
vt 0.886442 0.648813
vt 0.909657 0.649297
vt 0.908868 0.687162
vt 0.885653 0.686678
vt 0.877823 0.519617
vt 0.895455 0.534725
vt 0.870334 0.575852
vt 0.855598 0.559744
vt 0.784392 0.651724
vt 0.792541 0.671978
vt 0.744595 0.676838
vt 0.738600 0.654405
vt 0.936435 0.661070
vt 0.913220 0.660586
vt 0.914067 0.619977
vt 0.937282 0.620461
vt 0.902369 0.459956
vt 0.922774 0.468775
vt 0.673317 0.672942
vt 0.674192 0.650729
vt 0.935181 0.721257
vt 0.911966 0.720773
vt 0.922892 0.475835
vt 0.943001 0.484931
vt 0.636608 0.630598
vt 0.637106 0.608533
vt 0.905740 0.837186
vt 0.882525 0.836702
vt 0.758304 0.633688
vt 0.758764 0.613301
vt 0.908277 0.715478
vt 0.885063 0.714994
vt 0.874566 0.587585
vt 0.893146 0.595989
vt 0.940434 0.435226
vt 0.961591 0.444795
vt 0.592380 0.629997
vt 0.592904 0.606783
vt 0.904818 0.881406
vt 0.881603 0.880922
vt 0.887055 0.619414
vt 0.910270 0.619898
vt 0.915235 0.402881
vt 0.938282 0.405709
vt 0.609748 0.659643
vt 0.617167 0.637641
vt 0.933985 0.778595
vt 0.910770 0.778111
vt 0.226738 0.910538
vt 0.226565 0.927686
vt 0.201621 0.927469
vt 0.201794 0.910321
vt 0.073814 0.964201
vt 0.073960 0.947054
vt 0.097188 0.947251
vt 0.097043 0.964398
vt 0.006767 0.986266
vt 0.006912 0.969118
vt 0.056971 0.969543
vt 0.056825 0.986690
vt 0.361350 0.341625
vt 0.361049 0.352731
vt 0.349367 0.358299
vt 0.349281 0.344796
vt 0.230484 0.453010
vt 0.229181 0.466670
vt 0.219222 0.461568
vt 0.223743 0.454094
vt 0.915833 0.993977
vt 0.915979 0.976829
vt 0.953095 0.977144
vt 0.952949 0.994291
vt 0.421132 0.338131
vt 0.418176 0.350650
vt 0.382810 0.348492
vt 0.385224 0.336033
vt 0.281126 0.467314
vt 0.281087 0.480024
vt 0.249022 0.476099
vt 0.249528 0.463537
vt 0.477457 0.361111
vt 0.480940 0.348535
vt 0.510649 0.356833
vt 0.507166 0.369409
vt 0.814090 0.975965
vt 0.813945 0.993112
vt 0.745182 0.992529
vt 0.745328 0.975382
vt 0.335951 0.479818
vt 0.335539 0.466964
vt 0.363453 0.463807
vt 0.363864 0.476661
vt 0.538841 0.372683
vt 0.531699 0.382170
vt 0.633667 0.991583
vt 0.633813 0.974436
vt 0.387751 0.455433
vt 0.392037 0.465880
vt 0.615511 0.449013
vt 0.608370 0.458499
vt 0.137716 0.987376
vt 0.137862 0.970229
vt 0.471383 0.393687
vt 0.475670 0.404134
vt 0.628016 0.461462
vt 0.620875 0.470949
vt 0.485024 0.383616
vt 0.489310 0.394063
vt 0.170561 0.910050
vt 0.170387 0.927197
vt 0.139036 0.926925
vt 0.139209 0.909777
vt 0.334002 0.347383
vt 0.341362 0.360647
vt 0.335630 0.375307
vt 0.318368 0.347487
vt 0.215594 0.444780
vt 0.206314 0.456501
vt 0.192567 0.453799
vt 0.213642 0.429518
vt 0.099035 0.945577
vt 0.099181 0.928429
vt 0.116060 0.928572
vt 0.115914 0.945720
vt 0.306053 0.351415
vt 0.306990 0.368337
vt 0.288761 0.363332
vt 0.287860 0.349457
vt 0.295015 0.948929
vt 0.294869 0.966076
vt 0.258950 0.965772
vt 0.259096 0.948624
vt 0.186951 0.431558
vt 0.182552 0.447917
vt 0.166118 0.446802
vt 0.169841 0.433410
vt 0.172960 0.946204
vt 0.173106 0.929056
vt 0.210163 0.929370
vt 0.210017 0.946518
vt 0.258523 0.338988
vt 0.258705 0.347868
vt 0.241959 0.336537
vt 0.242374 0.331839
vt 0.163830 0.947816
vt 0.163685 0.964964
vt 0.140109 0.443504
vt 0.138073 0.452140
vt 0.122344 0.456432
vt 0.122971 0.451777
vt 0.275911 0.910966
vt 0.275737 0.928113
vt 0.865392 0.993549
vt 0.865538 0.976401
vt 0.454187 0.342869
vt 0.450704 0.355445
vt 0.310784 0.468044
vt 0.311195 0.480898
vt 0.113418 0.926702
vt 0.113592 0.909555
vt 0.346989 0.949369
vt 0.346843 0.966517
vn 0.858785 0.041478 -0.510655
vn 0.488079 0.043413 -0.871719
vn 0.487727 0.055425 -0.871235
vn 0.858405 0.053413 -0.510184
vn -0.013447 0.037266 -0.999215
vn -0.013791 0.049032 -0.998702
vn -0.511463 0.024682 -0.858951
vn -0.511742 0.035945 -0.858387
vn -0.872536 0.009033 -0.488466
vn -0.872659 0.019673 -0.487934
vn -0.999900 -0.005489 0.013044
vn -0.999899 0.004575 0.013449
vn -0.859344 -0.014993 0.511179
vn -0.859323 -0.005305 0.511406
vn -0.488522 -0.016929 0.872387
vn -0.488649 -0.007317 0.872450
vn 0.013186 -0.010778 0.999855
vn 0.012873 -0.000923 0.999917
vn 0.511268 0.001810 0.859420
vn 0.510820 0.012163 0.859602
vn 0.872227 0.017460 0.488790
vn 0.871735 0.028435 0.489152
vn 0.999408 0.031980 -0.012693
vn 0.998977 0.043534 -0.012241
vn 0.859238 0.027576 -0.510833
vn 0.488300 0.029423 -0.872180
vn -0.013576 0.023556 -0.999630
vn -0.511755 0.011551 -0.859054
vn -0.872688 -0.003371 -0.488267
vn -0.999764 -0.017210 0.013252
vn -0.859093 -0.026262 0.511146
vn -0.488428 -0.028106 0.872152
vn 0.013015 -0.022248 0.999668
vn 0.511034 -0.010255 0.859499
vn 0.872241 0.004664 0.489054
vn 0.999750 0.018512 -0.012532
vn 0.465980 0.746973 -0.474230
vn 0.465980 0.746973 -0.474230
vn 0.465980 0.746973 -0.474230
vn 0.155181 0.746127 -0.647467
vn 0.155181 0.746127 -0.647467
vn 0.155181 0.746127 -0.647467
vn -0.199877 0.742367 -0.639484
vn -0.199877 0.742367 -0.639484
vn -0.199877 0.742367 -0.639484
vn -0.500148 0.736743 -0.455040
vn -0.500148 0.736743 -0.455040
vn -0.500148 0.736743 -0.455040
vn -0.666512 0.730829 -0.147140
vn -0.666512 0.730829 -0.147140
vn -0.666512 0.730829 -0.147140
vn -0.657771 0.726126 0.200196
vn -0.657770 0.726126 0.200196
vn -0.657770 0.726126 0.200196
vn -0.479383 0.723911 0.496130
vn -0.479383 0.723911 0.496130
vn -0.479383 0.723911 0.496130
vn -0.178431 0.724746 0.665512
vn -0.178431 0.724746 0.665512
vn -0.178431 0.724746 0.665512
vn 0.168060 0.728388 0.664234
vn 0.168060 0.728388 0.664234
vn 0.168060 0.728388 0.664234
vn 0.470146 0.733905 0.490252
vn 0.470146 0.733905 0.490252
vn 0.470146 0.733905 0.490252
vn 0.646383 0.739885 0.186438
vn 0.646383 0.739885 0.186438
vn 0.646383 0.739885 0.186438
vn 0.646006 0.744682 -0.167706
vn 0.646006 0.744682 -0.167706
vn 0.646006 0.744682 -0.167706
vn -0.024536 -0.254620 0.966730
vn 0.081293 0.590892 0.802644
vn 0.922894 -0.295860 -0.246442
vn 0.954389 -0.044228 -0.295272
vn -0.111900 -0.908403 0.402842
vn 0.980384 0.150338 -0.127459
vn -0.115000 -0.878130 -0.464395
vn 0.981306 0.141330 0.130629
vn -0.031507 -0.186609 -0.981929
vn 0.956461 -0.064468 0.284651
vn 0.075704 0.645439 -0.760051
vn 0.924557 -0.312088 0.218625
vn 0.125896 0.991455 0.034151
vn 0.909620 -0.415063 -0.017743
vn -0.081290 -0.590889 -0.802647
vn 0.024537 0.254620 -0.966730
vn 0.111895 0.908401 -0.402850
vn 0.114991 0.878137 0.464384
vn 0.031507 0.186619 0.981927
vn -0.075700 -0.645433 0.760056
vn -0.125903 -0.991455 -0.034148
vn -0.971280 -0.055846 -0.231294
vn -0.939786 0.195783 -0.280128
vn -0.913790 0.390350 -0.112315
vn -0.912869 0.381339 0.145778
vn -0.937713 0.175537 0.299802
vn -0.969617 -0.072076 0.233770
vn -0.984555 -0.175057 -0.002589
vn -0.022999 0.871405 -0.490026
vn 0.008987 0.417750 -0.908518
vn -0.025450 0.416015 -0.909002
vn -0.057418 0.869403 -0.490756
vn 0.037542 -0.195474 -0.979990
vn 0.003088 -0.196841 -0.980431
vn 0.051759 -0.734032 -0.677140
vn 0.017296 -0.735082 -0.677758
vn 0.046207 -0.992215 -0.115649
vn 0.011748 -0.993110 -0.116600
vn 0.023007 -0.871405 0.490025
vn -0.011439 -0.872372 0.488709
vn -0.008980 -0.417747 0.908519
vn -0.043406 -0.418983 0.906956
vn -0.037535 0.195479 0.979989
vn -0.071944 0.193875 0.978385
vn -0.051752 0.734033 0.677139
vn -0.086152 0.732115 0.675711
vn -0.046200 0.992216 0.115643
vn -0.080604 0.990142 0.114551
vn 0.010783 0.872360 -0.488745
vn 0.042751 0.418968 -0.906994
vn 0.071290 -0.193907 -0.978426
vn 0.085499 -0.732156 -0.675750
vn 0.079950 -0.990192 -0.114578
vn 0.056763 -0.869451 0.490747
vn 0.024795 -0.416055 0.909002
vn -0.003744 0.196826 0.980431
vn -0.017953 0.735066 0.677758
vn -0.012404 0.993104 0.116578
vn -0.998645 -0.042691 -0.029775
vn 0.998640 0.042917 0.029616
vn -0.024531 -0.254620 0.966730
vn 0.081291 0.590896 0.802642
vn 0.922894 -0.295858 -0.246446
vn 0.954388 -0.044229 -0.295274
vn -0.111881 -0.908406 0.402842
vn 0.980383 0.150342 -0.127463
vn -0.114987 -0.878131 -0.464396
vn 0.981307 0.141326 0.130630
vn -0.031505 -0.186608 -0.981929
vn 0.956461 -0.064470 0.284650
vn 0.075703 0.645438 -0.760052
vn 0.924557 -0.312088 0.218620
vn 0.125897 0.991455 0.034151
vn 0.909620 -0.415062 -0.017742
vn -0.081292 -0.590888 -0.802647
vn 0.024534 0.254619 -0.966730
vn 0.111885 0.908403 -0.402848
vn 0.114981 0.878134 0.464393
vn 0.031502 0.186616 0.981928
vn -0.075698 -0.645434 0.760056
vn -0.125904 -0.991455 -0.034151
vn -0.971280 -0.055847 -0.231294
vn -0.939786 0.195781 -0.280130
vn -0.913792 0.390346 -0.112317
vn -0.912870 0.381336 0.145778
vn -0.937714 0.175535 0.299801
vn -0.969616 -0.072076 0.233771
vn -0.984555 -0.175059 -0.002590
vn -0.165483 -0.322674 0.931932
vn -0.121112 -0.263441 0.957043
vn -0.110989 -0.284356 0.952273
vn -0.134193 -0.288151 0.948136
vn -0.047571 -0.261448 0.964045
vn -0.090301 -0.357380 0.929583
vn -0.058871 -0.472435 0.879397
vn -0.092123 -0.468539 0.878627
vn -0.019834 -0.585112 0.810710
vn -0.035187 -0.523596 0.851240
vn 0.077410 -0.580015 0.810919
vn 0.102291 -0.507064 0.855817
vn 0.157866 -0.416279 0.895427
vn 0.215822 -0.395475 0.892760
vn 0.141240 -0.204371 0.968650
vn 0.191818 -0.225716 0.955122
vn 0.122951 -0.154011 0.980390
vn 0.145289 -0.155688 0.977063
vn -0.144158 -0.287351 0.946915
vn -0.134963 -0.231446 0.963441
vn -0.146978 -0.349461 0.925351
vn -0.145038 -0.383347 0.912145
vn -0.047622 -0.395849 0.917080
vn 0.149866 -0.347715 0.925546
vn 0.287084 -0.281971 0.915465
vn 0.288631 -0.209632 0.934209
vn 0.245502 -0.156493 0.956681
vn -0.188957 -0.140222 0.971922
vn -0.234954 -0.140126 0.961853
vn -0.172624 -0.146916 0.973970
vn -0.188519 -0.175445 0.966271
vn -0.046525 -0.187816 0.981102
vn 0.182336 -0.154902 0.970958
vn 0.299645 -0.132862 0.944754
vn 0.325391 -0.129846 0.936622
vn 0.332824 -0.123700 0.934840
vn -0.208024 0.076541 0.975124
vn -0.260413 0.084955 0.961753
vn -0.177739 0.065916 0.981868
vn -0.191914 0.104781 0.975802
vn -0.054748 0.136941 0.989065
vn 0.166699 0.109585 0.979899
vn 0.272255 0.046623 0.961095
vn 0.329074 0.022488 0.944036
vn 0.367270 0.022972 0.929831
vn -0.218918 0.157270 0.962986
vn -0.233079 0.171913 0.957142
vn -0.176780 0.148000 0.973059
vn -0.138954 0.193914 0.971128
vn -0.052590 0.259110 0.964415
vn 0.113469 0.241714 0.963690
vn 0.232775 0.200080 0.951727
vn 0.314752 0.193852 0.929168
vn 0.361368 0.197974 0.911164
vn -0.185992 0.141003 0.972381
vn -0.177081 0.088528 0.980207
vn -0.172004 0.207533 0.962987
vn -0.122682 0.191949 0.973707
vn -0.025890 0.194628 0.980536
vn 0.112818 0.264418 0.957787
vn 0.222979 0.320906 0.920489
vn 0.269691 0.290397 0.918116
vn 0.285467 0.240546 0.927710
vn -0.144389 0.296563 0.944035
vn -0.171014 0.282728 0.943832
vn -0.146174 0.323602 0.934834
vn -0.125402 0.367824 0.921401
vn -0.007858 0.391170 0.920285
vn 0.123818 0.407614 0.904721
vn 0.189423 0.353476 0.916064
vn 0.196052 0.225738 0.954257
vn 0.200436 0.157180 0.967016
vn -0.148429 0.410238 0.899819
vn -0.189123 0.472524 0.860787
vn -0.120059 0.345932 0.930547
vn -0.114818 0.476754 0.871506
vn -0.007967 0.568202 0.822851
vn 0.114978 0.503931 0.856057
vn 0.147317 0.283153 0.947693
vn 0.163662 0.115632 0.979716
vn 0.196507 0.103638 0.975010
vn 0.165483 0.322673 -0.931932
vn 0.134193 0.288151 -0.948136
vn 0.110989 0.284357 -0.952273
vn 0.121112 0.263440 -0.957043
vn 0.090301 0.357381 -0.929583
vn 0.047571 0.261446 -0.964045
vn 0.092123 0.468538 -0.878627
vn 0.058871 0.472434 -0.879398
vn 0.035188 0.523595 -0.851240
vn 0.019834 0.585111 -0.810710
vn -0.102291 0.507063 -0.855817
vn -0.077410 0.580014 -0.810920
vn -0.215822 0.395475 -0.892760
vn -0.157865 0.416280 -0.895427
vn -0.191818 0.225716 -0.955122
vn -0.141240 0.204373 -0.968650
vn -0.145290 0.155688 -0.977063
vn -0.122952 0.154012 -0.980389
vn 0.134965 0.231446 -0.963440
vn 0.144159 0.287352 -0.946915
vn 0.146977 0.349461 -0.925351
vn 0.145037 0.383348 -0.912145
vn 0.047621 0.395849 -0.917080
vn -0.149866 0.347716 -0.925545
vn -0.287084 0.281971 -0.915465
vn -0.288631 0.209631 -0.934209
vn -0.245502 0.156492 -0.956681
vn 0.234955 0.140127 -0.961853
vn 0.178454 0.121561 -0.976410
vn 0.164286 0.090283 -0.982272
vn 0.191965 0.102394 -0.976045
vn 0.049001 0.115519 -0.992096
vn -0.180065 0.082974 -0.980149
vn -0.288808 0.079224 -0.954104
vn -0.315162 0.113084 -0.942277
vn -0.332825 0.123701 -0.934840
vn 0.240445 -0.118804 -0.963365
vn 0.174420 -0.130070 -0.976043
vn 0.153745 -0.141554 -0.977919
vn 0.191877 -0.178171 -0.965111
vn 0.056597 -0.210414 -0.975973
vn -0.162940 -0.182679 -0.969577
vn -0.245262 -0.118432 -0.962196
vn -0.298316 -0.081915 -0.950946
vn -0.354407 -0.070563 -0.932425
vn 0.147893 -0.237323 -0.960107
vn 0.171819 -0.225661 -0.958935
vn 0.178326 -0.184788 -0.966464
vn 0.138954 -0.193915 -0.971128
vn 0.052590 -0.259110 -0.964415
vn -0.113469 -0.241714 -0.963690
vn -0.220572 -0.215724 -0.951216
vn -0.282733 -0.233280 -0.930399
vn -0.323377 -0.247441 -0.913345
vn -0.020934 -0.147945 -0.988774
vn 0.131661 -0.219363 -0.966719
vn 0.234188 -0.233664 -0.943693
vn 0.134956 -0.140252 -0.980875
vn 0.023541 -0.122716 -0.992163
vn -0.129029 -0.216388 -0.967744
vn -0.235464 -0.306536 -0.922276
vn -0.242382 -0.280829 -0.928647
vn -0.233014 -0.222929 -0.946577
vn -0.053083 -0.248866 -0.967082
vn 0.129098 -0.255072 -0.958265
vn 0.254357 -0.255699 -0.932695
vn 0.148162 -0.302802 -0.941466
vn 0.005409 -0.327965 -0.944674
vn -0.151076 -0.346514 -0.925799
vn -0.220254 -0.289036 -0.931636
vn -0.177503 -0.166119 -0.969999
vn -0.153863 -0.102174 -0.982795
vn 0.024121 -0.391348 -0.919927
vn 0.128446 -0.259029 -0.957291
vn 0.236322 -0.192282 -0.952460
vn 0.139396 -0.447645 -0.883279
vn 0.007967 -0.568200 -0.822852
vn -0.141354 -0.477760 -0.867044
vn -0.181558 -0.180649 -0.966645
vn -0.149186 -0.013782 -0.988713
vn -0.165469 -0.033281 -0.985653
vn -0.188826 -0.321296 0.927962
vn -0.139550 -0.264097 0.954347
vn -0.126616 -0.283254 0.950650
vn -0.152997 -0.287004 0.945632
vn -0.054369 -0.260403 0.963968
vn -0.103423 -0.357204 0.928283
vn -0.067437 -0.471869 0.879086
vn -0.105449 -0.468284 0.877263
vn -0.022830 -0.585000 0.810712
vn -0.040495 -0.523431 0.851106
vn 0.088596 -0.579486 0.810153
vn 0.116971 -0.506041 0.854541
vn 0.180239 -0.414385 0.892076
vn 0.245640 -0.392852 0.886187
vn 0.161174 -0.203310 0.965758
vn 0.218448 -0.224282 0.949725
vn 0.140563 -0.153645 0.978077
vn 0.166483 -0.155206 0.973753
vn -0.164966 -0.286959 0.943632
vn -0.154105 -0.230769 0.960727
vn -0.167818 -0.348263 0.922253
vn -0.165700 -0.381895 0.909231
vn -0.054729 -0.395582 0.916799
vn 0.170943 -0.346461 0.922357
vn 0.324694 -0.278371 0.903927
vn 0.326598 -0.207044 0.922207
vn 0.279382 -0.155009 0.947585
vn -0.215428 -0.139350 0.966526
vn -0.266728 -0.139652 0.953600
vn -0.196769 -0.146250 0.969481
vn -0.214881 -0.174736 0.960882
vn -0.053211 -0.187406 0.980840
vn 0.207699 -0.153910 0.966009
vn 0.338670 -0.130970 0.931745
vn 0.366814 -0.127733 0.921483
vn 0.375009 -0.121527 0.919021
vn -0.236310 0.075784 0.968718
vn -0.295268 0.084752 0.951648
vn -0.202842 0.065655 0.977008
vn -0.218597 0.104287 0.970227
vn -0.062455 0.136509 0.988668
vn 0.189843 0.109251 0.975717
vn 0.308267 0.046511 0.950162
vn 0.370282 0.021920 0.928661
vn 0.412453 0.024379 0.910653
vn -0.249371 0.156315 0.955709
vn -0.264489 0.169891 0.949306
vn -0.201433 0.147220 0.968375
vn -0.158738 0.193228 0.968228
vn -0.060211 0.259030 0.963991
vn 0.129947 0.241134 0.961753
vn 0.264117 0.197778 0.943995
vn 0.355393 0.191014 0.914992
vn 0.405398 0.195351 0.893023
vn -0.211849 0.140871 0.967096
vn -0.201600 0.087753 0.975529
vn -0.196536 0.206533 0.958498
vn -0.140248 0.191497 0.971421
vn -0.029693 0.194663 0.980421
vn 0.128911 0.263062 0.956128
vn 0.253789 0.318124 0.913449
vn 0.306371 0.288630 0.907100
vn 0.321057 0.237143 0.916889
vn -0.165016 0.295083 0.941114
vn -0.195248 0.282767 0.939107
vn -0.166645 0.322459 0.931799
vn -0.143404 0.366776 0.919190
vn -0.009043 0.390537 0.920543
vn 0.141675 0.407743 0.902039
vn 0.216331 0.352496 0.910465
vn 0.222814 0.223023 0.949007
vn 0.228214 0.155667 0.961086
vn -0.169944 0.409416 0.896380
vn -0.215519 0.469896 0.856008
vn -0.137349 0.345220 0.928417
vn -0.131051 0.476255 0.869487
vn -0.008599 0.568246 0.822814
vn 0.132092 0.502192 0.854608
vn 0.167935 0.280821 0.944954
vn 0.187366 0.114955 0.975541
vn 0.223835 0.103017 0.969167
vn 0.188826 0.321296 -0.927962
vn 0.152996 0.287004 -0.945633
vn 0.126615 0.283254 -0.950650
vn 0.139550 0.264096 -0.954348
vn 0.103423 0.357205 -0.928282
vn 0.054369 0.260400 -0.963969
vn 0.105449 0.468284 -0.877263
vn 0.067437 0.471867 -0.879087
vn 0.040494 0.523431 -0.851106
vn 0.022829 0.584999 -0.810713
vn -0.116971 0.506041 -0.854541
vn -0.088595 0.579485 -0.810153
vn -0.245639 0.392852 -0.886188
vn -0.180238 0.414384 -0.892076
vn -0.218447 0.224283 -0.949725
vn -0.161174 0.203312 -0.965757
vn -0.166482 0.155208 -0.973753
vn -0.140563 0.153649 -0.978077
vn 0.154103 0.230771 -0.960728
vn 0.164965 0.286960 -0.943632
vn 0.167818 0.348264 -0.922252
vn 0.165699 0.381896 -0.909230
vn 0.054728 0.395584 -0.916798
vn -0.170942 0.346462 -0.922357
vn -0.324694 0.278370 -0.903927
vn -0.326597 0.207042 -0.922208
vn -0.279380 0.155007 -0.947586
vn 0.266727 0.139650 -0.953601
vn 0.203640 0.120955 -0.971545
vn 0.187375 0.089929 -0.978163
vn 0.218729 0.102075 -0.970432
vn 0.055984 0.115208 -0.991763
vn -0.204981 0.082389 -0.975292
vn -0.326811 0.077959 -0.941869
vn -0.355600 0.111302 -0.927987
vn -0.375009 0.121528 -0.919021
vn 0.272901 -0.118641 -0.954699
vn 0.198371 -0.129156 -0.971580
vn 0.175744 -0.141119 -0.974269
vn 0.218594 -0.177269 -0.959579
vn 0.064631 -0.210042 -0.975554
vn -0.185736 -0.182056 -0.965587
vn -0.278440 -0.117316 -0.953262
vn -0.336423 -0.080313 -0.938280
vn -0.398296 -0.071945 -0.914431
vn 0.167865 -0.235931 -0.957162
vn 0.197013 -0.224860 -0.954266
vn 0.203043 -0.183815 -0.961762
vn 0.158737 -0.193228 -0.968228
vn 0.060210 -0.259031 -0.963991
vn -0.129946 -0.241135 -0.961752
vn -0.250224 -0.213748 -0.944299
vn -0.320725 -0.230783 -0.918627
vn -0.363946 -0.243543 -0.899016
vn -0.024935 -0.147604 -0.988732
vn 0.151168 -0.219664 -0.963792
vn 0.265993 -0.231205 -0.935838
vn 0.154253 -0.139944 -0.978070
vn 0.026999 -0.122747 -0.992071
vn -0.147233 -0.214811 -0.965494
vn -0.268074 -0.303248 -0.914427
vn -0.276145 -0.279980 -0.919432
vn -0.262542 -0.220263 -0.939445
vn -0.061033 -0.248376 -0.966739
vn 0.146032 -0.254206 -0.956062
vn 0.288852 -0.253283 -0.923262
vn 0.169084 -0.301527 -0.938345
vn 0.006234 -0.327288 -0.944904
vn -0.172396 -0.346839 -0.921945
vn -0.250616 -0.288228 -0.924184
vn -0.201548 -0.163596 -0.965720
vn -0.175787 -0.101187 -0.979214
vn 0.027637 -0.391313 -0.919843
vn 0.146539 -0.258685 -0.954782
vn 0.268384 -0.190988 -0.944189
vn 0.158846 -0.446956 -0.880340
vn 0.008598 -0.568245 -0.822814
vn -0.162368 -0.475290 -0.864718
vn -0.206466 -0.178018 -0.962123
vn -0.170624 -0.014008 -0.985237
vn -0.188807 -0.033142 -0.981455
vn -0.024534 -0.254622 0.966730
vn 0.081300 0.590890 0.802645
vn 0.922894 -0.295860 -0.246443
vn 0.954390 -0.044224 -0.295270
vn -0.111885 -0.908405 0.402843
vn 0.980383 0.150337 -0.127464
vn -0.114977 -0.878135 -0.464391
vn 0.981306 0.141332 0.130631
vn -0.031502 -0.186619 -0.981927
vn 0.956463 -0.064464 0.284645
vn 0.075705 0.645429 -0.760060
vn 0.924557 -0.312088 0.218622
vn 0.125912 0.991453 0.034154
vn 0.909618 -0.415067 -0.017741
vn -0.081290 -0.590890 -0.802646
vn 0.024535 0.254622 -0.966730
vn 0.111877 0.908407 -0.402841
vn 0.114984 0.878138 0.464384
vn 0.031503 0.186610 0.981929
vn -0.075708 -0.645428 0.760060
vn -0.125909 -0.991454 -0.034152
vn -0.971281 -0.055850 -0.231289
vn -0.939787 0.195781 -0.280126
vn -0.913791 0.390347 -0.112317
vn -0.912871 0.381333 0.145782
vn -0.937712 0.175545 0.299800
vn -0.969617 -0.072080 0.233768
vn -0.984555 -0.175056 -0.002596
vn -0.023000 0.871406 -0.490022
vn 0.008987 0.417750 -0.908518
vn -0.025450 0.416015 -0.909002
vn -0.057418 0.869408 -0.490747
vn 0.037542 -0.195476 -0.979990
vn 0.003088 -0.196842 -0.980430
vn 0.051759 -0.734032 -0.677139
vn 0.017296 -0.735077 -0.677763
vn 0.046207 -0.992216 -0.115637
vn 0.011747 -0.993109 -0.116605
vn 0.023007 -0.871402 0.490030
vn -0.011439 -0.872366 0.488720
vn -0.008980 -0.417749 0.908518
vn -0.043406 -0.418979 0.906958
vn -0.037535 0.195474 0.979990
vn -0.071944 0.193872 0.978385
vn -0.051752 0.734035 0.677137
vn -0.086152 0.732116 0.675710
vn -0.046200 0.992216 0.115642
vn -0.080603 0.990142 0.114556
vn 0.010783 0.872357 -0.488751
vn 0.042751 0.418964 -0.906996
vn 0.071290 -0.193910 -0.978426
vn 0.085498 -0.732158 -0.675748
vn 0.079950 -0.990193 -0.114568
vn 0.056763 -0.869452 0.490745
vn 0.024795 -0.416055 0.909001
vn -0.003744 0.196818 0.980433
vn -0.017953 0.735065 0.677759
vn -0.012404 0.993104 0.116579
vn -0.998622 -0.043092 -0.029958
vn 0.998631 0.043026 0.029743
vn -0.024541 -0.254626 0.966728
vn 0.081283 0.590885 0.802651
vn 0.922895 -0.295856 -0.246445
vn 0.954388 -0.044224 -0.295275
vn -0.111892 -0.908404 0.402843
vn 0.980384 0.150341 -0.127457
vn -0.114987 -0.878136 -0.464387
vn 0.981305 0.141333 0.130633
vn -0.031503 -0.186613 -0.981928
vn 0.956463 -0.064467 0.284645
vn 0.075686 0.645434 -0.760057
vn 0.924559 -0.312088 0.218616
vn 0.125884 0.991457 0.034160
vn 0.909622 -0.415059 -0.017734
vn -0.081285 -0.590883 -0.802652
vn 0.024538 0.254626 -0.966728
vn 0.111892 0.908406 -0.402838
vn 0.114986 0.878133 0.464392
vn 0.031499 0.186610 0.981929
vn -0.075693 -0.645435 0.760055
vn -0.125890 -0.991456 -0.034157
vn -0.971278 -0.055850 -0.231299
vn -0.939785 0.195782 -0.280133
vn -0.913793 0.390344 -0.112314
vn -0.912868 0.381340 0.145783
vn -0.937712 0.175546 0.299801
vn -0.969617 -0.072080 0.233770
vn -0.984555 -0.175055 -0.002591
vn -0.023000 0.871404 -0.490026
vn 0.008987 0.417748 -0.908518
vn -0.025450 0.416011 -0.909003
vn -0.057417 0.869401 -0.490760
vn 0.037542 -0.195475 -0.979990
vn 0.003088 -0.196842 -0.980430
vn 0.051759 -0.734035 -0.677137
vn 0.017296 -0.735080 -0.677759
vn 0.046207 -0.992216 -0.115643
vn 0.011748 -0.993110 -0.116597
vn 0.023007 -0.871408 0.490020
vn -0.011439 -0.872373 0.488707
vn -0.008980 -0.417750 0.908518
vn -0.043406 -0.418984 0.906956
vn -0.037535 0.195484 0.979988
vn -0.071945 0.193884 0.978383
vn -0.051752 0.734036 0.677136
vn -0.086152 0.732114 0.675712
vn -0.046200 0.992216 0.115641
vn -0.080604 0.990142 0.114548
vn 0.010783 0.872361 -0.488743
vn 0.042751 0.418966 -0.906995
vn 0.071290 -0.193907 -0.978426
vn 0.085499 -0.732162 -0.675743
vn 0.079950 -0.990192 -0.114573
vn 0.056763 -0.869455 0.490741
vn 0.024795 -0.416055 0.909002
vn -0.003744 0.196829 0.980431
vn -0.017953 0.735070 0.677754
vn -0.012404 0.993104 0.116580
vn -0.998627 -0.043054 -0.029858
vn 0.998634 0.042951 0.029773
vn 0.226419 -0.881754 0.413817
vn 0.969340 0.171184 -0.176284
vn 0.983177 0.061866 -0.171862
vn 0.283192 -0.651534 0.703779
vn -0.907218 -0.205750 0.366908
vn -0.313275 0.629413 -0.711124
vn -0.236027 0.883833 -0.403895
vn -0.955631 -0.224385 0.190841
vn 0.841812 -0.073034 -0.534807
vn -0.305124 0.065347 -0.950068
vn -0.206911 0.587921 -0.782008
vn 0.798247 0.168781 -0.578200
vn -0.996359 -0.017084 0.083525
vn -0.877989 0.053958 0.475630
vn 0.318077 -0.049944 0.946748
vn 0.377208 -0.455276 0.806497
vn -0.353122 0.025858 -0.935220
vn 0.983347 -0.115323 -0.140458
vn -0.578655 0.026502 0.815141
vn 0.225518 -0.055407 0.972662
vn -0.325685 0.507476 -0.797745
vn 0.937502 0.111053 -0.329783
vn 0.304753 -0.517362 0.799664
vn -0.949021 -0.082844 0.304131
vn -0.329508 0.358530 -0.873430
vn 0.954861 0.057848 -0.291367
vn 0.313474 -0.402350 0.860145
vn -0.899077 -0.062245 0.433343
vn -0.280580 0.288724 -0.915376
vn 0.755462 0.135093 -0.641115
vn 0.346843 -0.286819 0.892992
vn -0.994932 0.043523 0.090644
vn -0.198802 -0.741210 -0.641160
vn -0.024525 -0.254626 0.966729
vn 0.081290 0.590889 0.802647
vn 0.922895 -0.295855 -0.246445
vn 0.954386 -0.044225 -0.295282
vn -0.111872 -0.908405 0.402846
vn 0.980383 0.150341 -0.127464
vn -0.114972 -0.878137 -0.464388
vn 0.981306 0.141332 0.130629
vn -0.031496 -0.186614 -0.981928
vn 0.956462 -0.064468 0.284647
vn 0.075702 0.645434 -0.760055
vn 0.924559 -0.312085 0.218619
vn 0.125897 0.991455 0.034161
vn 0.909619 -0.415064 -0.017740
vn -0.081288 -0.590893 -0.802645
vn 0.024526 0.254628 -0.966728
vn 0.111876 0.908407 -0.402842
vn 0.114976 0.878135 0.464392
vn 0.031495 0.186611 0.981929
vn -0.075704 -0.645435 0.760054
vn -0.125899 -0.991455 -0.034157
vn -0.971279 -0.055846 -0.231296
vn -0.939785 0.195781 -0.280134
vn -0.913792 0.390346 -0.112314
vn -0.912870 0.381337 0.145778
vn -0.937713 0.175541 0.299800
vn -0.969617 -0.072077 0.233769
vn -0.984555 -0.175054 -0.002592
vn -0.024527 -0.254624 0.966729
vn 0.081292 0.590890 0.802646
vn 0.922896 -0.295850 -0.246446
vn 0.954388 -0.044227 -0.295276
vn -0.111874 -0.908404 0.402848
vn 0.980383 0.150340 -0.127466
vn -0.114979 -0.878139 -0.464382
vn 0.981306 0.141332 0.130632
vn -0.031500 -0.186611 -0.981929
vn 0.956462 -0.064465 0.284649
vn 0.075703 0.645432 -0.760057
vn 0.924559 -0.312086 0.218616
vn 0.125902 0.991455 0.034151
vn 0.909620 -0.415062 -0.017737
vn -0.081289 -0.590891 -0.802645
vn 0.024526 0.254625 -0.966729
vn 0.111875 0.908407 -0.402842
vn 0.114983 0.878137 0.464387
vn 0.031503 0.186609 0.981929
vn -0.075705 -0.645430 0.760059
vn -0.125901 -0.991455 -0.034156
vn -0.971279 -0.055846 -0.231297
vn -0.939788 0.195779 -0.280125
vn -0.913793 0.390344 -0.112314
vn -0.912870 0.381336 0.145779
vn -0.937714 0.175541 0.299796
vn -0.969618 -0.072080 0.233765
vn -0.984555 -0.175056 -0.002588
vn 0.000000 1.000000 0.000000
vn 0.000000 1.000000 0.000000
vn 0.000000 1.000000 -0.000000
vn 0.000000 1.000000 -0.000000
vn 0.000000 1.000000 0.000000
vn 0.000000 1.000000 0.000000
vn 0.000000 1.000000 0.000000
vn 0.000000 1.000000 0.000000
vn 0.000000 1.000000 0.000000
vn 0.000000 1.000000 -0.000000
vn 0.000000 1.000000 -0.000000
vn 0.000000 1.000000 -0.000000
vn 0.000000 1.000000 0.000000
vn 0.000000 1.000000 0.000000
vn 0.000000 1.000000 -0.000000
vn 0.000000 1.000000 -0.000000
vn 0.000000 1.000000 0.000000
vn 0.000000 1.000000 0.000000
vn 0.000000 1.000000 -0.000000
vn 0.000000 1.000000 -0.000000
vn 0.000000 1.000000 0.000000
vn 0.000000 1.000000 0.000000
vn 0.000000 1.000000 -0.000000
vn 0.000000 1.000000 -0.000000
vn 0.000000 1.000000 0.000000
vn 0.000000 1.000000 0.000000
vn 0.000000 1.000000 0.000000
vn 0.000000 1.000000 0.000000
vn 0.000000 1.000000 -0.000000
vn 0.000000 1.000000 -0.000000
vn 0.000000 1.000000 0.000000
vn 0.000000 1.000000 -0.000000
vn 0.000000 1.000000 0.000000
vn 0.000000 1.000000 0.000000
vn 0.000000 1.000000 -0.000000
vn 0.000000 1.000000 -0.000000
vn 0.000000 1.000000 -0.000000
vn 0.000000 1.000000 -0.000000
vn 0.000000 1.000000 -0.000000
vn 0.000000 1.000000 -0.000000
vn 0.000000 1.000000 0.000000
vn 0.000000 1.000000 0.000000
vn 0.000017 1.000000 0.000170
vn 0.000000 1.000000 0.000000
vn 0.000000 1.000000 -0.000000
vn 0.000025 1.000000 0.000125
vn 0.000000 1.000000 0.000000
vn 0.000000 1.000000 0.000000
vn 0.005081 0.999987 -0.000960
vn 0.005430 0.999985 -0.001026
vn -0.001697 0.999997 -0.001799
vn 0.000000 1.000000 0.000000
vn 0.000000 1.000000 0.000000
vn -0.000736 1.000000 -0.000288
vn -0.000022 0.999985 -0.005482
vn -0.000022 0.999985 -0.005482
vn -0.006319 0.999968 -0.004826
vn -0.010642 0.999941 -0.002059
vn -0.000016 1.000000 -0.000250
vn 0.000000 1.000000 0.000000
vn 0.000000 1.000000 0.000000
vn -0.000052 1.000000 -0.000194
vn 0.000037 1.000000 0.000038
vn 0.000000 1.000000 0.000000
vn 0.000000 1.000000 -0.000000
vn 0.000027 1.000000 -0.000041
vn -0.009654 0.999952 0.001519
vn 0.000000 1.000000 0.000000
vn -0.003299 0.999990 0.003010
vn -0.002721 0.999987 -0.004396
vn 0.000000 1.000000 0.000000
vn -0.001244 0.008420 -0.999964
vn -0.001244 0.008420 -0.999964
vn -0.001244 0.008420 -0.999964
vn -0.001244 0.008420 -0.999964
vn -0.004321 0.004273 -0.999982
vn -0.004321 0.004273 -0.999982
vn -0.004522 -0.004286 -0.999981
vn -0.004522 -0.004314 -0.999981
vn 0.002456 0.000636 -0.999997
vn 0.002456 0.000636 -0.999997
vn 0.002456 0.000636 -0.999997
vn 0.002456 0.000636 -0.999997
vn 0.003015 -0.001202 -0.999995
vn 0.003015 -0.001202 -0.999995
vn 0.003015 -0.001202 -0.999995
vn 0.003015 -0.001202 -0.999995
vn -0.003474 -0.000086 -0.999994
vn -0.003474 -0.000086 -0.999994
vn -0.003474 -0.000086 -0.999994
vn -0.003474 -0.000086 -0.999994
vn -0.002318 0.001175 -0.999997
vn -0.002318 0.001175 -0.999997
vn -0.002318 0.001175 -0.999997
vn -0.002318 0.001175 -0.999997
vn 0.005703 0.000184 -0.999984
vn 0.005703 0.000184 -0.999984
vn 0.005703 0.000184 -0.999984
vn 0.005703 0.000184 -0.999984
vn 0.002083 -0.999996 -0.001998
vn -0.000000 -1.000000 -0.000001
vn -0.000000 -1.000000 -0.000001
vn -0.000785 -0.999998 -0.001636
vn -0.003417 -0.999989 -0.003117
vn -0.000046 -0.999996 -0.002840
vn -0.000046 -0.999996 -0.002840
vn -0.004115 -0.999989 -0.002237
vn 0.002857 -0.999996 -0.000116
vn 0.000000 -1.000000 -0.000001
vn 0.000000 -1.000000 -0.000001
vn 0.003485 -0.999994 -0.000142
vn 0.000000 -1.000000 -0.000001
vn 0.000000 -1.000000 -0.000001
vn 0.000015 -1.000000 0.000244
vn 0.000051 -1.000000 0.000189
vn -0.000000 -1.000000 -0.000001
vn -0.000000 -1.000000 -0.000001
vn -0.000036 -1.000000 -0.000038
vn -0.000026 -1.000000 0.000039
vn -0.000000 -1.000000 -0.000001
vn -0.000000 -1.000000 -0.000001
vn -0.000018 -1.000000 -0.000181
vn -0.000024 -1.000000 -0.000122
vn 0.000000 -1.000000 -0.000001
vn 0.000000 -1.000000 -0.000001
vn 0.001265 -0.999998 0.001408
vn 0.000720 -1.000000 0.000280
vn 0.000000 -1.000000 -0.000001
vn 0.000000 -1.000000 -0.000001
vn 0.001405 -0.999996 0.002389
vn -0.000000 -1.000000 -0.000001
vn -0.000000 -1.000000 -0.000001
vn -0.000000 -1.000000 -0.000001
vn -0.000000 -1.000000 -0.000001
vn -0.000000 -1.000000 -0.000001
vn -0.000000 -1.000000 -0.000001
vn -0.000000 -1.000000 -0.000001
vn -0.000000 -1.000000 -0.000001
vn 0.000000 -1.000000 -0.000001
vn 0.000000 -1.000000 -0.000001
vn 0.000000 -1.000000 -0.000001
vn 0.000000 -1.000000 -0.000001
vn 0.000000 -1.000000 -0.000001
vn 0.000000 -1.000000 -0.000001
vn 0.000000 -1.000000 -0.000001
vn 0.000000 -1.000000 -0.000001
vn -0.000000 -1.000000 -0.000001
vn -0.000000 -1.000000 -0.000001
vn -0.000000 -1.000000 -0.000001
vn -0.000000 -1.000000 -0.000001
vn -0.000000 -1.000000 -0.000001
vn -0.000000 -1.000000 -0.000001
vn -0.000000 -1.000000 -0.000001
vn -0.000000 -1.000000 -0.000001
vn 0.000000 -1.000000 -0.000001
vn 0.000000 -1.000000 -0.000001
vn 0.000000 -1.000000 -0.000001
vn 0.000000 -1.000000 -0.000001
vn 0.000000 -1.000000 -0.000001
vn 0.000000 -1.000000 -0.000001
vn 0.000000 -1.000000 -0.000001
vn 0.000000 -1.000000 -0.000001
vn 0.015614 -0.012942 -0.999794
vn 0.015614 -0.012942 -0.999794
vn 0.015614 -0.012942 -0.999794
vn 0.015614 -0.012942 -0.999794
vn -0.000000 -1.000000 -0.000001
vn -0.000000 -1.000000 -0.000001
vn -0.000000 -1.000000 -0.000001
vn -0.003244 0.000495 -0.999995
vn -0.003244 0.000495 -0.999995
vn -0.003244 0.000495 -0.999995
vn -0.003244 0.000495 -0.999995
vn 0.000000 1.000000 -0.000000
vn 0.000000 1.000000 0.000000
vn -0.000000 -1.000000 -0.000001
vn -0.000000 -1.000000 -0.000001
vn -0.000000 -1.000000 -0.000001
vn -0.000000 -1.000000 -0.000001
vn -0.000000 -1.000000 -0.000001
vn -0.000000 -1.000000 -0.000001
vn -0.000006 -1.000000 0.000180
vn -0.002403 -0.001247 -0.999996
vn -0.002403 -0.001247 -0.999996
vn -0.002403 -0.001247 -0.999996
vn -0.002403 -0.001247 -0.999996
vn 0.000000 1.000000 0.000000
vn 0.000000 1.000000 0.000000
vn 0.000006 1.000000 -0.000184
vn 0.000000 1.000000 0.000000
vn 0.000000 1.000000 0.000000
vn 0.000000 1.000000 0.000000
vn 0.000000 -1.000000 -0.000001
vn 0.000000 -1.000000 -0.000001
vn 0.000000 -1.000000 -0.000001
vn 0.000000 -1.000000 -0.000001
vn 0.000030 -1.000000 0.000058
vn 0.000000 -1.000000 -0.000001
vn 0.000000 -1.000000 -0.000001
vn 0.000048 -1.000000 0.000091
vn 0.002993 -0.000165 -0.999996
vn 0.002993 -0.000165 -0.999996
vn 0.002993 -0.000165 -0.999996
vn 0.002993 -0.000165 -0.999996
vn 0.000000 1.000000 -0.000000
vn 0.000000 1.000000 -0.000000
vn -0.000030 1.000000 -0.000058
vn -0.000049 1.000000 -0.000094
vn 0.000000 1.000000 0.000000
vn 0.000000 1.000000 0.000000
vn 0.000000 1.000000 0.000000
vn 0.000000 -1.000000 -0.000001
vn 0.000000 -1.000000 -0.000001
vn 0.006745 -0.999977 -0.000273
vn 0.006745 -0.999977 -0.000273
vn 0.002768 0.002015 -0.999994
vn 0.002768 0.002015 -0.999994
vn 0.002768 0.002015 -0.999994
vn 0.002768 0.002015 -0.999994
vn 0.011169 0.999935 -0.002110
vn 0.011169 0.999935 -0.002110
vn -0.000000 -1.000000 -0.000001
vn -0.000000 -1.000000 -0.000001
vn -0.008929 -0.999954 -0.003571
vn -0.003647 0.000322 -0.999993
vn -0.003647 0.000322 -0.999993
vn -0.003647 0.000322 -0.999993
vn -0.003647 0.000322 -0.999993
vn -0.014839 0.999882 -0.003938
vn 0.000000 1.000000 0.000000
vn 0.000000 -1.000000 -0.000001
vn 0.000000 -1.000000 -0.000001
vn 0.000086 -1.000000 -0.000185
vn 0.000000 -1.000000 -0.000001
vn 0.004815 0.001107 -0.999988
vn 0.004815 0.001107 -0.999988
vn 0.004815 0.001107 -0.999988
vn 0.004815 0.001107 -0.999988
vn 0.000000 1.000000 0.000000
vn -0.000093 1.000000 0.000200
vn 0.000000 1.000000 -0.000000
vn -0.002996 -0.000600 -0.999995
vn -0.002996 -0.000600 -0.999995
vn -0.002996 -0.000600 -0.999995
vn -0.002996 -0.000600 -0.999995
vn 0.002948 -0.000703 -0.999995
vn 0.002948 -0.000703 -0.999995
vn 0.002948 -0.000703 -0.999995
vn 0.002948 -0.000703 -0.999995
vn -0.002953 0.999995 -0.001154
vn -0.005541 0.999967 -0.005895
vn 0.005419 -0.999967 0.006012
vn 0.002953 -0.999995 0.001153
vn 0.005725 -0.999936 0.009741
vn -0.006031 0.999934 -0.009744
vn -0.994682 0.101629 -0.016711
vn -0.994682 0.101629 -0.016711
vn -0.994682 0.101629 -0.016711
vn -0.994682 0.101629 -0.016711
vn -0.000412 1.000000 0.000880
vn 0.000411 -1.000000 -0.000880
vn 0.997333 0.000122 -0.072988
vn 0.997333 0.000122 -0.072988
vn 0.997333 0.000122 -0.072988
vn 0.997333 0.000122 -0.072988
vn 1.000000 0.000009 0.000000
vn 0.999269 0.000036 -0.038232
vn 0.999270 0.000036 -0.038193
vn 1.000000 0.000009 0.000000
vn -0.010394 0.999946 0.000000
vn -0.010523 0.999764 -0.018983
vn -0.010524 0.999763 -0.019043
vn -0.010394 0.999946 0.000000
vn 0.010395 -0.999946 0.000000
vn 0.010707 -0.999760 -0.019138
vn 0.010707 -0.999760 -0.019103
vn 0.010395 -0.999946 0.000000
vn 0.011617 -0.999933 0.000000
vn 0.011617 -0.999933 0.000000
vn 0.011617 -0.999933 0.000000
vn 0.011617 -0.999933 0.000000
vn -0.012640 0.999920 0.000000
vn -0.012640 0.999920 0.000000
vn -0.012640 0.999920 0.000000
vn -0.012640 0.999920 0.000000
vn -0.994781 0.102038 0.000000
vn -0.994781 0.102038 0.000000
vn -0.994781 0.102038 0.000000
vn -0.994781 0.102038 0.000000
vn 0.997538 0.000058 -0.070133
vn 0.997538 0.000058 -0.070133
vn -0.010637 0.999294 -0.036032
vn -0.010637 0.999294 -0.036032
vn -0.996930 -0.000040 -0.078296
vn -0.996930 -0.000040 -0.078296
vn -0.996930 -0.000040 -0.078296
vn -0.996930 -0.000040 -0.078296
vn 0.010983 -0.999283 -0.036235
vn 0.010983 -0.999283 -0.036235
vn 0.000170 1.000000 -0.000265
vn 0.000236 1.000000 0.000241
vn -0.000235 -1.000000 -0.000241
vn -0.000170 -1.000000 0.000264
vn 0.000159 1.000000 0.000798
vn 0.000099 1.000000 0.000999
vn -0.997710 -0.000115 0.067635
vn -0.997710 -0.000115 0.067635
vn -0.997710 -0.000115 0.067635
vn -0.997710 -0.000115 0.067635
vn -0.000099 -1.000000 -0.001000
vn -0.000159 -1.000000 -0.000798
vn 0.999997 -0.000000 -0.002408
vn 0.999997 -0.000000 -0.002408
vn 0.999997 -0.000000 -0.002408
vn 0.999997 -0.000000 -0.002408
vn 0.000111 1.000000 -0.000469
vn -0.000111 -1.000000 0.000467
vn 0.000459 1.000000 0.000000
vn 0.000459 1.000000 0.000000
vn 0.000459 1.000000 0.000000
vn 0.000459 1.000000 0.000000
vn -0.000455 -1.000000 0.000000
vn -0.000455 -1.000000 0.000000
vn -0.000455 -1.000000 0.000000
vn -0.000455 -1.000000 0.000000
vn 0.000552 1.000000 0.000048
vn 0.000552 1.000000 0.000048
vn 0.000552 1.000000 0.000048
vn 0.000552 1.000000 0.000048
vn -0.985137 0.000129 -0.171772
vn -0.985137 0.000129 -0.171772
vn -0.985137 0.000129 -0.171772
vn -0.985137 0.000129 -0.171772
vn -0.000553 -1.000000 -0.000048
vn -0.000553 -1.000000 -0.000048
vn -0.000553 -1.000000 -0.000048
vn -0.000553 -1.000000 -0.000048
vn 0.998666 -0.000043 -0.051641
vn 0.998666 -0.000043 -0.051641
vn 0.998666 -0.000043 -0.051641
vn 0.998666 -0.000043 -0.051641
vn 0.000235 1.000000 -0.000006
vn 0.000235 1.000000 -0.000006
vn 0.000235 1.000000 -0.000006
vn 0.000235 1.000000 -0.000006
vn -0.000235 -1.000000 0.000006
vn -0.000235 -1.000000 0.000006
vn -0.000235 -1.000000 0.000006
vn -0.000235 -1.000000 0.000006
vn 0.000459 1.000000 0.000000
vn 0.000459 1.000000 0.000000
vn 0.000459 1.000000 0.000000
vn 0.000459 1.000000 0.000000
vn -1.000000 -0.000004 0.000000
vn -1.000000 -0.000004 0.000000
vn -1.000000 -0.000004 0.000000
vn -1.000000 -0.000004 0.000000
vn -0.000455 -1.000000 0.000000
vn -0.000455 -1.000000 0.000000
vn -0.000455 -1.000000 0.000000
vn -0.000455 -1.000000 0.000000
vn 0.996544 -0.000070 -0.083068
vn 0.996544 -0.000070 -0.083068
vn 0.996544 -0.000070 -0.083068
vn 0.996544 -0.000070 -0.083068
vn 0.000261 1.000000 -0.000011
vn 0.000261 1.000000 -0.000011
vn 0.000261 1.000000 -0.000011
vn 0.000261 1.000000 -0.000011
vn -0.000261 -1.000000 0.000011
vn -0.000261 -1.000000 0.000011
vn -0.000261 -1.000000 0.000011
vn -0.000261 -1.000000 0.000011
vn 0.998739 -0.000015 -0.050208
vn 0.998739 -0.000015 -0.050208
vn 0.998739 -0.000015 -0.050208
vn 0.998739 -0.000015 -0.050208
vn 0.000381 0.999569 -0.029358
vn 0.000381 0.999569 -0.029358
vn 0.000381 0.999569 -0.029358
vn 0.000381 0.999569 -0.029358
vn -0.998739 0.000008 -0.050208
vn -0.998739 0.000008 -0.050208
vn -0.998739 0.000008 -0.050208
vn -0.998739 0.000008 -0.050208
vn -0.000545 -0.999569 -0.029359
vn -0.000545 -0.999569 -0.029359
vn -0.000545 -0.999569 -0.029359
vn -0.000545 -0.999569 -0.029359
vn -0.000243 1.000000 -0.000913
vn -0.000073 0.999999 -0.001173
vn 0.000073 -0.999999 0.001174
vn 0.000246 -1.000000 0.000913
vn -0.000010 0.999999 -0.001240
vn -0.999997 0.000000 0.002408
vn -0.999997 0.000000 0.002408
vn -0.999997 0.000000 0.002408
vn -0.999997 0.000000 0.002408
vn 0.000010 -0.999999 0.001240
vn -0.000138 1.000000 -0.000270
vn -0.000232 1.000000 -0.000444
vn 0.000233 -1.000000 0.000442
vn 0.000138 -1.000000 0.000269
vn 0.999997 -0.000005 0.002423
vn 0.999997 -0.000005 0.002423
vn 0.999997 -0.000005 0.002423
vn 0.999997 -0.000005 0.002423
vn -0.000330 1.000000 -0.000035
vn -0.000330 1.000000 -0.000035
vn -0.000330 1.000000 -0.000035
vn -0.000330 1.000000 -0.000035
vn -0.978376 -0.027385 -0.205013
vn -0.978376 -0.027385 -0.205013
vn -0.978376 -0.027385 -0.205013
vn -0.978376 -0.027385 -0.205013
vn 0.000332 -1.000000 0.000035
vn 0.000332 -1.000000 0.000035
vn 0.000332 -1.000000 0.000035
vn 0.000332 -1.000000 0.000035
vn -0.000278 1.000000 0.000000
vn -0.000278 1.000000 0.000000
vn -0.000278 1.000000 0.000000
vn -0.000278 1.000000 0.000000
vn 0.000276 -1.000000 0.000000
vn 0.000276 -1.000000 0.000000
vn 0.000276 -1.000000 0.000000
vn 0.000276 -1.000000 0.000000
vn 1.000000 -0.000004 0.000000
vn 1.000000 -0.000004 0.000000
vn 1.000000 -0.000004 0.000000
vn 1.000000 -0.000004 0.000000
vn -0.000729 1.000000 0.000000
vn -0.000729 1.000000 0.000000
vn -0.000729 1.000000 0.000000
vn -0.000729 1.000000 0.000000
vn 0.000737 -1.000000 0.000000
vn 0.000737 -1.000000 0.000000
vn 0.000737 -1.000000 0.000000
vn 0.000737 -1.000000 0.000000
vn -0.000278 1.000000 0.000000
vn -0.000278 1.000000 0.000000
vn -0.000278 1.000000 0.000000
vn -0.000278 1.000000 0.000000
vn 0.000276 -1.000000 0.000000
vn 0.000276 -1.000000 0.000000
vn 0.000276 -1.000000 0.000000
vn 0.000276 -1.000000 0.000000
vn 1.000000 -0.000004 0.000000
vn 1.000000 -0.000004 0.000000
vn 1.000000 -0.000004 0.000000
vn 1.000000 -0.000004 0.000000
vn -0.000800 1.000000 -0.000169
vn -0.000800 1.000000 -0.000169
vn -0.000800 1.000000 -0.000169
vn -0.000800 1.000000 -0.000169
vn -0.920863 -0.011800 -0.389708
vn -0.920863 -0.011800 -0.389708
vn -0.920863 -0.011800 -0.389708
vn -0.920863 -0.011800 -0.389708
vn 0.000810 -1.000000 0.000172
vn 0.000810 -1.000000 0.000172
vn 0.000810 -1.000000 0.000172
vn 0.000810 -1.000000 0.000172
vn -0.000120 0.998660 -0.051751
vn -0.000120 0.998660 -0.051751
vn -0.000120 0.998660 -0.051751
vn -0.000120 0.998660 -0.051751
vn -0.997279 -0.000038 -0.073726
vn -0.997279 -0.000038 -0.073726
vn -0.997279 -0.000038 -0.073726
vn -0.997279 -0.000038 -0.073726
vn 0.000395 -0.998660 -0.051752
vn 0.000395 -0.998660 -0.051752
vn 0.000395 -0.998660 -0.051752
vn 0.000395 -0.998660 -0.051752
vn 0.997279 0.000015 -0.073726
vn 0.997279 0.000015 -0.073726
vn 0.997279 0.000015 -0.073726
vn 0.997279 0.000015 -0.073726
vn 1.000000 0.000025 0.000008
vn 1.000000 0.000025 0.000008
vn 1.000000 -0.000378 0.000034
vn 1.000000 0.000027 0.000008
vn -0.000052 0.999914 -0.013129
vn -0.000052 0.999914 -0.013129
vn -0.000052 0.999914 -0.013129
vn -0.000052 0.999914 -0.013129
vn 0.000009 -0.999493 0.031852
vn 0.000009 -0.999493 0.031852
vn 0.000009 -0.999493 0.031852
vn 0.000009 -0.999493 0.031852
vn 0.049973 0.998172 -0.033990
vn 0.049973 0.998172 -0.033990
vn 0.049973 0.998172 -0.033990
vn 0.049973 0.998172 -0.033990
vn -1.000000 0.000004 0.000000
vn -1.000000 0.000004 0.000000
vn -1.000000 0.000004 0.000000
vn -1.000000 0.000004 0.000000
vn 0.000000 -1.000000 0.000000
vn 0.000000 -1.000000 0.000000
vn 0.000000 -1.000000 0.000000
vn 0.000000 -1.000000 0.000000
vn 0.021781 0.997434 -0.068200
vn 0.021781 0.997434 -0.068200
vn 0.021781 0.997434 -0.068200
vn 0.021781 0.997434 -0.068200
vn 0.006153 -0.999974 0.003718
vn 0.006153 -0.999974 0.003718
vn 0.006153 -0.999974 0.003718
vn 0.006153 -0.999974 0.003718
vn 1.000000 -0.000014 0.000000
vn 1.000000 -0.000014 0.000000
vn 0.999960 -0.001984 -0.008767
vn 0.020785 0.999143 -0.035806
vn 0.020785 0.999143 -0.035806
vn 0.020785 0.999143 -0.035806
vn 0.020785 0.999143 -0.035806
vn -0.000002 -0.999228 0.039277
vn -0.000002 -0.999228 0.039277
vn -0.000002 -0.999228 0.039277
vn -0.000002 -0.999228 0.039277
vn 0.023528 0.999357 -0.027044
vn 0.023528 0.999357 -0.027044
vn 0.023528 0.999357 -0.027044
vn 0.023528 0.999357 -0.027044
vn -0.999435 0.000050 -0.033600
vn -0.999435 0.000050 -0.033600
vn -0.999435 0.000050 -0.033600
vn -0.999435 0.000050 -0.033600
vn 0.000000 -1.000000 0.000000
vn 0.000000 -1.000000 0.000000
vn 0.000000 -1.000000 0.000000
vn 0.000000 -1.000000 0.000000
vn 0.999886 0.000007 -0.015118
vn 0.999886 0.000007 -0.015118
vn 0.999885 -0.002591 -0.014954
vn 0.024470 0.998937 -0.039061
vn 0.024470 0.998937 -0.039061
vn 0.024470 0.998937 -0.039061
vn 0.024470 0.998937 -0.039061
vn -0.999879 0.003025 -0.015237
vn -0.999831 0.002466 -0.018232
vn -0.999837 0.000079 -0.018033
vn -0.999837 0.000079 -0.018033
vn 0.012769 -0.999740 0.018918
vn 0.012769 -0.999740 0.018918
vn 0.012769 -0.999740 0.018918
vn 0.012769 -0.999740 0.018918
vn 0.996078 0.088482 -0.000385
vn 0.996078 0.088482 -0.000385
vn 0.996078 0.088482 -0.000385
vn 0.996078 0.088482 -0.000385
vn -0.005038 0.999977 0.004597
vn -0.013009 0.999904 0.004747
vn 0.000954 -0.999997 -0.002026
vn 0.004793 -0.999978 -0.004597
vn -0.019938 0.999789 0.004878
vn -0.999996 -0.000005 0.002814
vn -0.999996 -0.000005 0.002814
vn -0.999996 -0.000005 0.002814
vn -0.999996 -0.000005 0.002814
vn -0.002614 -0.999997 0.000362
vn 0.995221 0.089209 -0.039712
vn 0.995221 0.089209 -0.039712
vn 0.995221 0.089209 -0.039712
vn 0.995221 0.089209 -0.039712
vn 0.001666 0.999711 -0.023984
vn 0.001666 0.999711 -0.023984
vn 0.001666 0.999711 -0.023984
vn 0.001666 0.999711 -0.023984
vn -0.998183 0.000005 -0.060255
vn -0.998183 0.000005 -0.060255
vn -0.998183 0.000005 -0.060255
vn -0.998183 0.000005 -0.060255
vn 0.014831 -0.999602 -0.023986
vn 0.014831 -0.999602 -0.023986
vn 0.014831 -0.999602 -0.023986
vn 0.014831 -0.999602 -0.023986
vn 1.000000 0.000000 0.000000
vn 1.000000 0.000000 0.000000
vn 1.000000 0.000000 0.000000
vn -1.000000 0.000000 0.000000
vn -1.000000 0.000000 0.000000
vn -1.000000 0.000000 0.000000
vn 1.000000 0.000000 0.000000
vn 1.000000 0.000000 0.000000
vn 1.000000 0.000000 0.000000
vn 1.000000 0.000000 0.000000
vn -0.999999 -0.000013 -0.001752
vn -0.999999 -0.000013 -0.001752
vn -0.999999 -0.000013 -0.001752
vn -0.999999 -0.000013 -0.001752
vn 0.999886 -0.000182 -0.015114
vn 0.999886 -0.000182 -0.015114
vn 0.999886 -0.000182 -0.015114
vn 0.999886 -0.000182 -0.015114
vn -0.003987 -0.013631 -0.999899
vn -0.003987 -0.013631 -0.999899
vn -0.003987 -0.013631 -0.999899
vn -0.003987 -0.013631 -0.999899
vn -0.999838 -0.000234 -0.018021
vn -0.999838 -0.000234 -0.018021
vn -0.999838 -0.000234 -0.018021
vn -0.999838 -0.000234 -0.018021
vn -1.000000 -0.000348 0.000005
vn -0.999994 0.003169 -0.001612
vn -0.999994 0.003079 -0.001570
vn 0.999999 -0.001716 0.000140
vn -0.999908 0.005718 -0.012298
vn 0.999938 -0.005597 -0.009602
vn -0.999804 0.006793 -0.018593
vn -0.004655 -0.009998 -0.999939
vn -0.004655 -0.009998 -0.999939
vn 0.999867 -0.007165 -0.014665
vn 0.000000 1.000000 0.000000
vn 0.000000 1.000000 0.000000
vn 0.000000 1.000000 0.000000
vn 0.000000 1.000000 0.000000
vn 0.000000 1.000000 0.000000
vn 0.000000 1.000000 -0.000000
vn 0.000000 1.000000 0.000000
vn 0.000000 1.000000 0.000000
vn 0.000000 1.000000 0.000000
vn 0.000000 1.000000 0.000000
vn 0.000000 1.000000 0.000000
vn 0.000000 1.000000 0.000000
vn 0.000000 1.000000 0.000000
vn 0.000000 1.000000 0.000000
vn 0.000000 1.000000 -0.000000
vn 0.000000 1.000000 0.000000
vn 0.000000 1.000000 0.000000
vn 0.000000 1.000000 -0.000000
vn 0.000000 1.000000 0.000000
vn 0.000000 1.000000 0.000000
vn 0.000000 1.000000 0.000000
vn 0.000000 1.000000 0.000000
vn 0.000000 1.000000 -0.000000
vn 0.000000 1.000000 0.000000
vn 0.000000 1.000000 0.000000
vn 0.000000 1.000000 0.000000
vn 0.000000 1.000000 -0.000000
vn 0.000000 1.000000 -0.000000
vn 0.000000 1.000000 0.000000
vn 0.000000 1.000000 0.000000
vn 0.000000 1.000000 0.000000
vn 0.000000 1.000000 0.000000
vn 0.000000 1.000000 0.000000
vn 0.000000 1.000000 -0.000000
vn 0.000000 1.000000 -0.000000
vn 0.000000 1.000000 0.000000
vn 0.000000 1.000000 -0.000000
vn 0.000000 1.000000 0.000000
vn 0.000000 1.000000 0.000000
vn 0.000000 1.000000 0.000000
vn 0.000000 1.000000 -0.000000
vn 0.000000 1.000000 -0.000000
vn 0.000000 1.000000 0.000000
vn 0.000000 1.000000 0.000000
vn 0.000000 1.000000 0.000000
vn 0.000000 1.000000 0.000000
vn 0.000000 1.000000 0.000000
vn 0.000000 1.000000 0.000000
vn 0.000000 1.000000 -0.000000
vn 0.000000 1.000000 -0.000000
vn 0.000000 1.000000 -0.000000
vn 0.000000 1.000000 0.000000
vn 0.000000 1.000000 0.000000
vn 0.000000 1.000000 -0.000000
vn 0.000000 1.000000 0.000000
vn 0.000000 1.000000 0.000000
vn 0.000000 1.000000 0.000000
vn 0.000000 1.000000 -0.000000
vn 0.000000 1.000000 -0.000000
vn 0.000000 1.000000 0.000000
vn 0.000000 1.000000 0.000000
vn 0.000000 1.000000 0.000000
vn 0.000000 1.000000 0.000000
vn 0.000000 1.000000 -0.000000
vn 0.000000 1.000000 -0.000000
vn 0.000000 1.000000 0.000000
vn 0.000000 1.000000 0.000000
vn 0.000000 1.000000 -0.000000
vn 0.000000 1.000000 0.000000
vn 0.000000 1.000000 0.000000
vn 0.000000 1.000000 0.000000
vn 0.000000 1.000000 0.000000
vn 0.000000 1.000000 -0.000000
vn 0.000000 1.000000 0.000000
vn 0.000000 1.000000 0.000000
vn 0.000000 1.000000 -0.000000
vn 0.000000 1.000000 0.000000
vn 0.000000 1.000000 -0.000000
vn 0.000000 1.000000 -0.000000
vn 0.000000 1.000000 0.000000
vn 0.000000 1.000000 0.000000
vn 0.000000 1.000000 -0.000000
vn 0.000000 1.000000 -0.000000
vn 0.000000 1.000000 0.000000
vn 0.000000 1.000000 0.000000
vn 0.000000 1.000000 -0.000000
vn 0.000000 1.000000 -0.000000
vn 0.000000 1.000000 -0.000000
vn 0.000000 1.000000 -0.000000
vn 0.000000 1.000000 0.000000
vn -0.000017 1.000000 0.000170
vn -0.000025 1.000000 0.000125
vn 0.000000 1.000000 0.000000
vn 0.000000 1.000000 0.000000
vn 0.000000 1.000000 0.000000
vn -0.005430 0.999985 -0.001026
vn -0.005081 0.999987 -0.000960
vn 0.000000 1.000000 0.000000
vn 0.001697 0.999997 -0.001799
vn 0.000736 1.000000 -0.000287
vn 0.000000 1.000000 0.000000
vn 0.000000 1.000000 0.000000
vn 0.000022 0.999985 -0.005482
vn 0.010642 0.999941 -0.002059
vn 0.006319 0.999968 -0.004826
vn 0.000022 0.999985 -0.005482
vn 0.000016 1.000000 -0.000250
vn 0.000052 1.000000 -0.000194
vn 0.000000 1.000000 0.000000
vn 0.000000 1.000000 0.000000
vn -0.000037 1.000000 0.000038
vn -0.000027 1.000000 -0.000041
vn 0.000000 1.000000 -0.000000
vn 0.000000 1.000000 0.000000
vn 0.009654 0.999952 0.001519
vn 0.003299 0.999990 0.003010
vn 0.000000 1.000000 -0.000000
vn 0.002721 0.999987 -0.004396
vn 0.000000 1.000000 0.000000
vn 0.001244 0.008420 -0.999964
vn 0.001244 0.008420 -0.999964
vn 0.001244 0.008420 -0.999964
vn 0.001244 0.008420 -0.999964
vn 0.004321 0.004273 -0.999982
vn 0.004522 -0.004314 -0.999981
vn 0.004522 -0.004286 -0.999981
vn 0.004321 0.004273 -0.999982
vn -0.002457 0.000636 -0.999997
vn -0.002457 0.000636 -0.999997
vn -0.002457 0.000636 -0.999997
vn -0.002457 0.000636 -0.999997
vn -0.003015 -0.001202 -0.999995
vn -0.003015 -0.001202 -0.999995
vn -0.003015 -0.001202 -0.999995
vn -0.003015 -0.001202 -0.999995
vn 0.003474 -0.000086 -0.999994
vn 0.003474 -0.000086 -0.999994
vn 0.003474 -0.000086 -0.999994
vn 0.003474 -0.000086 -0.999994
vn 0.002318 0.001175 -0.999997
vn 0.002318 0.001175 -0.999997
vn 0.002318 0.001175 -0.999997
vn 0.002318 0.001175 -0.999997
vn -0.005703 0.000184 -0.999984
vn -0.005703 0.000184 -0.999984
vn -0.005703 0.000184 -0.999984
vn -0.005703 0.000184 -0.999984
vn -0.002083 -0.999996 -0.001998
vn 0.000785 -0.999998 -0.001635
vn 0.000000 -1.000000 -0.000001
vn 0.000000 -1.000000 -0.000001
vn 0.003417 -0.999989 -0.003117
vn 0.004115 -0.999989 -0.002237
vn 0.000046 -0.999996 -0.002840
vn 0.000046 -0.999996 -0.002840
vn -0.002857 -0.999996 -0.000116
vn -0.003485 -0.999994 -0.000141
vn -0.000000 -1.000000 -0.000001
vn -0.000000 -1.000000 -0.000001
vn -0.000000 -1.000000 -0.000001
vn -0.000051 -1.000000 0.000189
vn -0.000015 -1.000000 0.000244
vn -0.000000 -1.000000 -0.000001
vn 0.000000 -1.000000 -0.000001
vn 0.000026 -1.000000 0.000039
vn 0.000036 -1.000000 -0.000038
vn 0.000000 -1.000000 -0.000001
vn 0.000000 -1.000000 -0.000001
vn 0.000024 -1.000000 -0.000122
vn 0.000018 -1.000000 -0.000181
vn 0.000000 -1.000000 -0.000001
vn -0.000000 -1.000000 -0.000001
vn -0.000720 -1.000000 0.000280
vn -0.001265 -0.999998 0.001407
vn -0.000000 -1.000000 -0.000001
vn -0.001405 -0.999996 0.002389
vn -0.000000 -1.000000 -0.000001
vn -0.000000 -1.000000 -0.000001
vn 0.000000 -1.000000 -0.000001
vn 0.000000 -1.000000 -0.000001
vn 0.000000 -1.000000 -0.000001
vn 0.000000 -1.000000 -0.000001
vn 0.000000 -1.000000 -0.000001
vn 0.000000 -1.000000 -0.000001
vn 0.000000 -1.000000 -0.000001
vn 0.000000 -1.000000 -0.000001
vn -0.000000 -1.000000 -0.000001
vn -0.000000 -1.000000 -0.000001
vn -0.000000 -1.000000 -0.000001
vn -0.000000 -1.000000 -0.000001
vn -0.000000 -1.000000 -0.000001
vn -0.000000 -1.000000 -0.000001
vn -0.000000 -1.000000 -0.000001
vn -0.000000 -1.000000 -0.000001
vn 0.000000 -1.000000 -0.000001
vn 0.000000 -1.000000 -0.000001
vn 0.000000 -1.000000 -0.000001
vn 0.000000 -1.000000 -0.000001
vn 0.000000 -1.000000 -0.000001
vn 0.000000 -1.000000 -0.000001
vn 0.000000 -1.000000 -0.000001
vn 0.000000 -1.000000 -0.000001
vn -0.000000 -1.000000 -0.000001
vn -0.000000 -1.000000 -0.000001
vn -0.000000 -1.000000 -0.000001
vn -0.000000 -1.000000 -0.000001
vn -0.000000 -1.000000 -0.000001
vn -0.000000 -1.000000 -0.000001
vn -0.000000 -1.000000 -0.000001
vn -0.000000 -1.000000 -0.000001
vn -0.015614 -0.012942 -0.999794
vn -0.015614 -0.012942 -0.999794
vn -0.015614 -0.012942 -0.999794
vn -0.015614 -0.012942 -0.999794
vn 0.000000 -1.000000 -0.000001
vn 0.000000 -1.000000 -0.000001
vn 0.000000 -1.000000 -0.000001
vn 0.003244 0.000495 -0.999995
vn 0.003244 0.000495 -0.999995
vn 0.003244 0.000495 -0.999995
vn 0.003244 0.000495 -0.999995
vn 0.000000 1.000000 0.000000
vn 0.000000 -1.000000 -0.000001
vn 0.000000 -1.000000 -0.000001
vn 0.000000 -1.000000 -0.000001
vn 0.000000 -1.000000 -0.000001
vn 0.000006 -1.000000 0.000180
vn 0.000000 -1.000000 -0.000001
vn 0.000000 -1.000000 -0.000001
vn 0.002403 -0.001247 -0.999996
vn 0.002403 -0.001247 -0.999996
vn 0.002403 -0.001247 -0.999996
vn 0.002403 -0.001247 -0.999996
vn 0.000000 1.000000 -0.000000
vn -0.000006 1.000000 -0.000184
vn 0.000000 1.000000 0.000000
vn 0.000000 1.000000 0.000000
vn 0.000000 1.000000 0.000000
vn 0.000000 1.000000 -0.000000
vn 0.000000 1.000000 -0.000000
vn 0.000000 1.000000 -0.000000
vn 0.000000 1.000000 -0.000000
vn -0.000000 -1.000000 -0.000001
vn -0.000000 -1.000000 -0.000001
vn -0.000000 -1.000000 -0.000001
vn -0.000000 -1.000000 -0.000001
vn -0.000030 -1.000000 0.000058
vn -0.000048 -1.000000 0.000091
vn -0.000000 -1.000000 -0.000001
vn -0.000000 -1.000000 -0.000001
vn -0.002994 -0.000165 -0.999996
vn -0.002994 -0.000165 -0.999996
vn -0.002994 -0.000165 -0.999996
vn -0.002994 -0.000165 -0.999996
vn 0.000000 1.000000 0.000000
vn 0.000049 1.000000 -0.000094
vn 0.000030 1.000000 -0.000058
vn 0.000000 1.000000 0.000000
vn 0.000000 1.000000 0.000000
vn 0.000000 1.000000 0.000000
vn 0.000000 1.000000 0.000000
vn 0.000000 1.000000 0.000000
vn 0.000000 1.000000 0.000000
vn 0.000000 1.000000 0.000000
vn -0.000000 -1.000000 -0.000001
vn -0.000000 -1.000000 -0.000001
vn -0.006745 -0.999977 -0.000273
vn -0.006745 -0.999977 -0.000273
vn -0.002768 0.002015 -0.999994
vn -0.002768 0.002015 -0.999994
vn -0.002768 0.002015 -0.999994
vn -0.002768 0.002015 -0.999994
vn -0.011169 0.999935 -0.002110
vn -0.011169 0.999935 -0.002110
vn 0.000000 -1.000000 -0.000001
vn 0.000000 -1.000000 -0.000001
vn 0.008929 -0.999954 -0.003571
vn 0.003647 0.000322 -0.999993
vn 0.003647 0.000322 -0.999993
vn 0.003647 0.000322 -0.999993
vn 0.003647 0.000322 -0.999993
vn 0.014839 0.999882 -0.003938
vn -0.000000 -1.000000 -0.000001
vn -0.000000 -1.000000 -0.000001
vn -0.000086 -1.000000 -0.000185
vn -0.000000 -1.000000 -0.000001
vn -0.004815 0.001107 -0.999988
vn -0.004815 0.001107 -0.999988
vn -0.004815 0.001107 -0.999988
vn -0.004815 0.001107 -0.999988
vn 0.000093 1.000000 0.000200
vn 0.000000 1.000000 0.000000
vn 0.002997 -0.000600 -0.999995
vn 0.002997 -0.000600 -0.999995
vn 0.002997 -0.000600 -0.999995
vn 0.002997 -0.000600 -0.999995
vn -0.002948 -0.000703 -0.999995
vn -0.002948 -0.000703 -0.999995
vn -0.002948 -0.000703 -0.999995
vn -0.002948 -0.000703 -0.999995
vn 0.005541 0.999967 -0.005895
vn 0.002953 0.999995 -0.001153
vn -0.002953 -0.999995 0.001153
vn -0.005419 -0.999967 0.006012
vn -0.005725 -0.999936 0.009741
vn 0.006031 0.999934 -0.009744
vn 0.994682 0.101626 -0.016711
vn 0.994682 0.101626 -0.016711
vn 0.994682 0.101626 -0.016711
vn 0.994682 0.101626 -0.016711
vn 0.000412 1.000000 0.000881
vn -0.000411 -1.000000 -0.000880
vn -0.997333 0.000123 -0.072988
vn -0.997333 0.000123 -0.072988
vn -0.997333 0.000123 -0.072988
vn -0.997333 0.000123 -0.072988
vn -1.000000 0.000008 0.000000
vn -1.000000 0.000008 0.000000
vn -0.999270 0.000035 -0.038193
vn -0.999269 0.000036 -0.038232
vn 0.010394 0.999946 0.000000
vn 0.010394 0.999946 0.000000
vn 0.010524 0.999763 -0.019043
vn 0.010523 0.999764 -0.018983
vn -0.010395 -0.999946 0.000000
vn -0.010395 -0.999946 0.000000
vn -0.010707 -0.999760 -0.019103
vn -0.010707 -0.999760 -0.019138
vn -0.011617 -0.999933 0.000000
vn -0.011617 -0.999933 0.000000
vn -0.011617 -0.999933 0.000000
vn -0.011617 -0.999933 0.000000
vn 0.012640 0.999920 0.000000
vn 0.012640 0.999920 0.000000
vn 0.012640 0.999920 0.000000
vn 0.012640 0.999920 0.000000
vn 0.994781 0.102036 0.000000
vn 0.994781 0.102036 0.000000
vn 0.994781 0.102036 0.000000
vn 0.994781 0.102036 0.000000
vn -0.997538 0.000058 -0.070133
vn -0.997538 0.000058 -0.070133
vn 0.010637 0.999294 -0.036032
vn 0.010637 0.999294 -0.036032
vn 0.996930 -0.000042 -0.078296
vn 0.996930 -0.000042 -0.078296
vn 0.996930 -0.000042 -0.078296
vn 0.996930 -0.000042 -0.078296
vn -0.010983 -0.999283 -0.036235
vn -0.010983 -0.999283 -0.036235
vn -0.000236 1.000000 0.000241
vn -0.000170 1.000000 -0.000264
vn 0.000170 -1.000000 0.000264
vn 0.000235 -1.000000 -0.000241
vn -0.000099 1.000000 0.000999
vn -0.000159 1.000000 0.000798
vn 0.997710 -0.000114 0.067635
vn 0.997710 -0.000114 0.067635
vn 0.997710 -0.000114 0.067635
vn 0.997710 -0.000114 0.067635
vn 0.000159 -1.000000 -0.000798
vn 0.000099 -1.000000 -0.001000
vn -0.999997 -0.000000 -0.002409
vn -0.999997 -0.000000 -0.002409
vn -0.999997 -0.000000 -0.002409
vn -0.999997 -0.000000 -0.002409
vn -0.000111 1.000000 -0.000469
vn 0.000111 -1.000000 0.000467
vn -0.000459 1.000000 0.000000
vn -0.000459 1.000000 0.000000
vn -0.000459 1.000000 0.000000
vn -0.000459 1.000000 0.000000
vn 0.000455 -1.000000 0.000000
vn 0.000455 -1.000000 0.000000
vn 0.000455 -1.000000 0.000000
vn 0.000455 -1.000000 0.000000
vn -0.000552 1.000000 0.000048
vn -0.000552 1.000000 0.000048
vn -0.000552 1.000000 0.000048
vn -0.000552 1.000000 0.000048
vn 0.985137 0.000128 -0.171772
vn 0.985137 0.000128 -0.171772
vn 0.985137 0.000128 -0.171772
vn 0.985137 0.000128 -0.171772
vn 0.000553 -1.000000 -0.000048
vn 0.000553 -1.000000 -0.000048
vn 0.000553 -1.000000 -0.000048
vn 0.000553 -1.000000 -0.000048
vn -0.998666 -0.000043 -0.051640
vn -0.998666 -0.000043 -0.051640
vn -0.998666 -0.000043 -0.051640
vn -0.998666 -0.000043 -0.051640
vn -0.000235 1.000000 -0.000006
vn -0.000235 1.000000 -0.000006
vn -0.000235 1.000000 -0.000006
vn -0.000235 1.000000 -0.000006
vn 0.000235 -1.000000 0.000006
vn 0.000235 -1.000000 0.000006
vn 0.000235 -1.000000 0.000006
vn 0.000235 -1.000000 0.000006
vn -0.000459 1.000000 0.000000
vn -0.000459 1.000000 0.000000
vn -0.000459 1.000000 0.000000
vn -0.000459 1.000000 0.000000
vn 1.000000 -0.000004 0.000000
vn 1.000000 -0.000004 0.000000
vn 1.000000 -0.000004 0.000000
vn 1.000000 -0.000004 0.000000
vn 0.000455 -1.000000 0.000000
vn 0.000455 -1.000000 0.000000
vn 0.000455 -1.000000 0.000000
vn 0.000455 -1.000000 0.000000
vn -0.996544 -0.000070 -0.083068
vn -0.996544 -0.000070 -0.083068
vn -0.996544 -0.000070 -0.083068
vn -0.996544 -0.000070 -0.083068
vn -0.000261 1.000000 -0.000011
vn -0.000261 1.000000 -0.000011
vn -0.000261 1.000000 -0.000011
vn -0.000261 1.000000 -0.000011
vn 0.000261 -1.000000 0.000011
vn 0.000261 -1.000000 0.000011
vn 0.000261 -1.000000 0.000011
vn 0.000261 -1.000000 0.000011
vn -0.998739 -0.000016 -0.050208
vn -0.998739 -0.000016 -0.050208
vn -0.998739 -0.000016 -0.050208
vn -0.998739 -0.000016 -0.050208
vn -0.000381 0.999569 -0.029358
vn -0.000381 0.999569 -0.029358
vn -0.000381 0.999569 -0.029358
vn -0.000381 0.999569 -0.029358
vn 0.998739 0.000007 -0.050208
vn 0.998739 0.000007 -0.050208
vn 0.998739 0.000007 -0.050208
vn 0.998739 0.000007 -0.050208
vn 0.000545 -0.999569 -0.029359
vn 0.000545 -0.999569 -0.029359
vn 0.000545 -0.999569 -0.029359
vn 0.000545 -0.999569 -0.029359
vn 0.000073 0.999999 -0.001174
vn 0.000243 1.000000 -0.000914
vn -0.000246 -1.000000 0.000913
vn -0.000073 -0.999999 0.001174
vn 0.000010 0.999999 -0.001240
vn 0.999997 0.000000 0.002408
vn 0.999997 0.000000 0.002408
vn 0.999997 0.000000 0.002408
vn 0.999997 0.000000 0.002408
vn -0.000010 -0.999999 0.001240
vn 0.000232 1.000000 -0.000444
vn 0.000138 1.000000 -0.000270
vn -0.000138 -1.000000 0.000269
vn -0.000233 -1.000000 0.000442
vn -0.999997 -0.000005 0.002423
vn -0.999997 -0.000005 0.002423
vn -0.999997 -0.000005 0.002423
vn -0.999997 -0.000005 0.002423
vn 0.000330 1.000000 -0.000034
vn 0.000330 1.000000 -0.000034
vn 0.000330 1.000000 -0.000034
vn 0.000330 1.000000 -0.000034
vn 0.978376 -0.027385 -0.205013
vn 0.978376 -0.027385 -0.205013
vn 0.978376 -0.027385 -0.205013
vn 0.978376 -0.027385 -0.205013
vn -0.000332 -1.000000 0.000035
vn -0.000332 -1.000000 0.000035
vn -0.000332 -1.000000 0.000035
vn -0.000332 -1.000000 0.000035
vn 0.000278 1.000000 0.000000
vn 0.000278 1.000000 0.000000
vn 0.000278 1.000000 0.000000
vn 0.000278 1.000000 0.000000
vn -0.000276 -1.000000 0.000000
vn -0.000276 -1.000000 0.000000
vn -0.000276 -1.000000 0.000000
vn -0.000276 -1.000000 0.000000
vn -1.000000 -0.000004 0.000000
vn -1.000000 -0.000004 0.000000
vn -1.000000 -0.000004 0.000000
vn -1.000000 -0.000004 0.000000
vn 0.000729 1.000000 0.000000
vn 0.000729 1.000000 0.000000
vn 0.000729 1.000000 0.000000
vn 0.000729 1.000000 0.000000
vn -0.000737 -1.000000 0.000000
vn -0.000737 -1.000000 0.000000
vn -0.000737 -1.000000 0.000000
vn -0.000737 -1.000000 0.000000
vn 0.000278 1.000000 0.000000
vn 0.000278 1.000000 0.000000
vn 0.000278 1.000000 0.000000
vn 0.000278 1.000000 0.000000
vn -0.000276 -1.000000 0.000000
vn -0.000276 -1.000000 0.000000
vn -0.000276 -1.000000 0.000000
vn -0.000276 -1.000000 0.000000
vn -1.000000 -0.000003 0.000000
vn -1.000000 -0.000003 0.000000
vn -1.000000 -0.000003 0.000000
vn -1.000000 -0.000003 0.000000
vn 0.000800 1.000000 -0.000168
vn 0.000800 1.000000 -0.000168
vn 0.000800 1.000000 -0.000168
vn 0.000800 1.000000 -0.000168
vn 0.920863 -0.011801 -0.389708
vn 0.920863 -0.011801 -0.389708
vn 0.920863 -0.011801 -0.389708
vn 0.920863 -0.011801 -0.389708
vn -0.000810 -1.000000 0.000171
vn -0.000810 -1.000000 0.000171
vn -0.000810 -1.000000 0.000171
vn -0.000810 -1.000000 0.000171
vn 0.000120 0.998660 -0.051751
vn 0.000120 0.998660 -0.051751
vn 0.000120 0.998660 -0.051751
vn 0.000120 0.998660 -0.051751
vn 0.997279 -0.000038 -0.073726
vn 0.997279 -0.000038 -0.073726
vn 0.997279 -0.000038 -0.073726
vn 0.997279 -0.000038 -0.073726
vn -0.000395 -0.998660 -0.051752
vn -0.000395 -0.998660 -0.051752
vn -0.000395 -0.998660 -0.051752
vn -0.000395 -0.998660 -0.051752
vn -0.997279 0.000014 -0.073726
vn -0.997279 0.000014 -0.073726
vn -0.997279 0.000014 -0.073726
vn -0.997279 0.000014 -0.073726
vn -1.000000 0.000026 0.000008
vn -1.000000 0.000028 0.000008
vn -1.000000 -0.000378 0.000034
vn -1.000000 0.000026 0.000008
vn 0.000052 0.999914 -0.013129
vn 0.000052 0.999914 -0.013129
vn 0.000052 0.999914 -0.013129
vn 0.000052 0.999914 -0.013129
vn -0.000009 -0.999493 0.031852
vn -0.000009 -0.999493 0.031852
vn -0.000009 -0.999493 0.031852
vn -0.000009 -0.999493 0.031852
vn -0.049973 0.998172 -0.033990
vn -0.049973 0.998172 -0.033990
vn -0.049973 0.998172 -0.033990
vn -0.049973 0.998172 -0.033990
vn 1.000000 0.000005 0.000000
vn 1.000000 0.000005 0.000000
vn 1.000000 0.000005 0.000000
vn 1.000000 0.000005 0.000000
vn 0.000000 -1.000000 0.000000
vn 0.000000 -1.000000 0.000000
vn 0.000000 -1.000000 0.000000
vn 0.000000 -1.000000 0.000000
vn -0.021781 0.997434 -0.068200
vn -0.021781 0.997434 -0.068200
vn -0.021781 0.997434 -0.068200
vn -0.021781 0.997434 -0.068200
vn -0.006153 -0.999974 0.003718
vn -0.006153 -0.999974 0.003718
vn -0.006153 -0.999974 0.003718
vn -0.006153 -0.999974 0.003718
vn -1.000000 -0.000012 0.000000
vn -0.999960 -0.001985 -0.008767
vn -1.000000 -0.000012 0.000000
vn -0.020785 0.999143 -0.035806
vn -0.020785 0.999143 -0.035806
vn -0.020785 0.999143 -0.035806
vn -0.020785 0.999143 -0.035806
vn 0.000002 -0.999228 0.039277
vn 0.000002 -0.999228 0.039277
vn 0.000002 -0.999228 0.039277
vn 0.000002 -0.999228 0.039277
vn -0.023528 0.999357 -0.027044
vn -0.023528 0.999357 -0.027044
vn -0.023528 0.999357 -0.027044
vn -0.023528 0.999357 -0.027044
vn 0.999435 0.000050 -0.033600
vn 0.999435 0.000050 -0.033600
vn 0.999435 0.000050 -0.033600
vn 0.999435 0.000050 -0.033600
vn 0.000000 -1.000000 0.000000
vn 0.000000 -1.000000 0.000000
vn 0.000000 -1.000000 0.000000
vn 0.000000 -1.000000 0.000000
vn -0.999886 0.000006 -0.015118
vn -0.999885 -0.002594 -0.014954
vn -0.999886 0.000006 -0.015118
vn -0.024470 0.998937 -0.039061
vn -0.024470 0.998937 -0.039061
vn -0.024470 0.998937 -0.039061
vn -0.024470 0.998937 -0.039061
vn 0.999879 0.003028 -0.015237
vn 0.999837 0.000083 -0.018033
vn 0.999837 0.000083 -0.018033
vn 0.999831 0.002471 -0.018232
vn -0.012769 -0.999740 0.018918
vn -0.012769 -0.999740 0.018918
vn -0.012769 -0.999740 0.018918
vn -0.012769 -0.999740 0.018918
vn -0.996078 0.088485 -0.000385
vn -0.996078 0.088485 -0.000385
vn -0.996078 0.088485 -0.000385
vn -0.996078 0.088485 -0.000385
vn 0.013009 0.999904 0.004747
vn 0.005038 0.999977 0.004597
vn -0.004793 -0.999978 -0.004597
vn -0.000954 -0.999997 -0.002026
vn 0.019938 0.999789 0.004878
vn 0.999996 -0.000005 0.002814
vn 0.999996 -0.000005 0.002814
vn 0.999996 -0.000005 0.002814
vn 0.999996 -0.000005 0.002814
vn 0.002614 -0.999997 0.000363
vn -0.995221 0.089209 -0.039712
vn -0.995221 0.089209 -0.039712
vn -0.995221 0.089209 -0.039712
vn -0.995221 0.089209 -0.039712
vn -0.001666 0.999711 -0.023984
vn -0.001666 0.999711 -0.023984
vn -0.001666 0.999711 -0.023984
vn -0.001666 0.999711 -0.023984
vn 0.998183 0.000007 -0.060255
vn 0.998183 0.000007 -0.060255
vn 0.998183 0.000007 -0.060255
vn 0.998183 0.000007 -0.060255
vn -0.014831 -0.999602 -0.023986
vn -0.014831 -0.999602 -0.023986
vn -0.014831 -0.999602 -0.023986
vn -0.014831 -0.999602 -0.023986
vn -1.000000 0.000000 0.000000
vn -1.000000 0.000000 0.000000
vn -1.000000 0.000000 0.000000
vn 1.000000 0.000013 0.000000
vn 1.000000 0.000013 0.000000
vn 1.000000 0.000013 0.000000
vn -1.000000 -0.000001 0.000000
vn -1.000000 -0.000001 0.000000
vn -1.000000 -0.000001 0.000000
vn -1.000000 -0.000001 0.000000
vn 0.999999 -0.000015 -0.001752
vn 0.999998 -0.000015 -0.001752
vn 0.999999 -0.000015 -0.001752
vn 0.999999 -0.000015 -0.001752
vn -0.999886 -0.000180 -0.015114
vn -0.999886 -0.000180 -0.015114
vn -0.999886 -0.000180 -0.015114
vn -0.999886 -0.000180 -0.015114
vn 0.003987 -0.013631 -0.999899
vn 0.003987 -0.013631 -0.999899
vn 0.003987 -0.013631 -0.999899
vn 0.003987 -0.013631 -0.999899
vn 0.999838 -0.000236 -0.018021
vn 0.999838 -0.000236 -0.018021
vn 0.999838 -0.000236 -0.018021
vn 0.999838 -0.000236 -0.018021
vn 1.000000 -0.000369 0.000005
vn 0.999994 0.003072 -0.001570
vn 0.999994 0.003162 -0.001612
vn -0.999999 -0.001718 0.000140
vn 0.999908 0.005720 -0.012298
vn -0.999938 -0.005601 -0.009602
vn 0.999804 0.006799 -0.018593
vn 0.004655 -0.009998 -0.999939
vn 0.004655 -0.009998 -0.999939
vn -0.999867 -0.007170 -0.014665
vn 0.000000 0.000000 1.000000
vn 0.000000 0.000000 1.000000
vn 0.000000 0.000000 1.000000
vn 0.000000 0.000000 1.000000
vn 0.000000 0.000000 -1.000000
vn 0.000000 0.000000 -1.000000
vn 0.000000 0.000000 -1.000000
vn 0.000000 0.000000 -1.000000
vn 0.994110 -0.108375 0.000000
vn 0.994110 -0.108375 0.000000
vn 0.994110 -0.108375 0.000000
vn 0.994110 -0.108375 0.000000
vn 0.999904 -0.013849 -0.000000
vn 0.999812 -0.019394 -0.000000
vn 0.999812 -0.019394 -0.000000
vn 0.999904 -0.013849 -0.000000
vn -0.000000 0.000000 1.000000
vn -0.000001 0.000000 1.000000
vn -0.000001 0.000000 1.000000
vn -0.000000 0.000000 1.000000
vn 0.000000 0.000000 -1.000000
vn 0.000000 0.000000 -1.000000
vn 0.000000 0.000000 -1.000000
vn 0.000000 0.000000 -1.000000
vn 0.757050 0.653357 0.000000
vn 0.972282 0.233811 0.000000
vn 0.972282 0.233811 0.000000
vn 0.757050 0.653357 0.000000
vn -0.000000 0.000000 1.000000
vn -0.000000 0.000000 1.000000
vn -0.000000 0.000000 1.000000
vn -0.000000 0.000000 1.000000
vn 0.000000 0.000000 -1.000000
vn 0.000000 0.000000 -1.000000
vn 0.000000 0.000000 -1.000000
vn -0.000000 0.000000 -1.000000
vn 0.374967 0.927038 0.000001
vn 0.494127 0.869390 0.000001
vn 0.494126 0.869390 0.000001
vn 0.374967 0.927038 0.000001
vn 0.000000 0.000000 1.000000
vn 0.000000 0.000000 1.000000
vn 0.000000 0.000000 -1.000000
vn 0.000000 0.000000 -1.000000
vn 0.261557 0.965188 0.000000
vn 0.261557 0.965188 0.000000
vn 0.000000 0.000000 -1.000000
vn 0.000000 0.000000 -1.000000
vn 0.000000 0.000000 1.000000
vn 0.000000 0.000000 1.000000
vn 0.999753 -0.022218 -0.000000
vn 0.999753 -0.022218 -0.000000
vn -0.000000 0.000000 1.000000
vn -0.000000 0.000000 1.000000
vn 0.999486 0.032067 -0.000000
vn 0.999486 0.032067 -0.000000
vn 0.000000 0.000000 -1.000000
vn 0.000000 0.000000 -1.000000
vn 0.000000 0.000000 -1.000000
vn 0.000000 0.000000 -1.000000
vn 0.000000 0.000000 1.000000
vn 0.000000 0.000000 1.000000
vn 0.999828 -0.018556 0.000000
vn 0.999828 -0.018556 0.000000
vn 0.000000 0.000000 1.000000
vn 0.000000 0.000000 1.000000
vn 0.000000 0.000000 -1.000000
vn 0.000000 0.000000 -1.000000
vn 0.181831 0.983330 -0.000000
vn 0.181831 0.983330 -0.000000
vn 0.000000 0.000000 1.000000
vn 0.000000 0.000000 1.000000
vn 0.000000 0.000000 1.000000
vn 0.000000 0.000000 1.000000
vn 0.000000 0.000000 -1.000000
vn 0.000000 0.000000 -1.000000
vn 0.000000 0.000000 -1.000000
vn 0.000000 0.000000 -1.000000
vn 0.995122 -0.098648 0.000000
vn 0.995122 -0.098648 0.000000
vn 0.995122 -0.098648 0.000000
vn 0.995122 -0.098648 0.000000
vn 0.999921 -0.012593 -0.000000
vn 0.999845 -0.017637 -0.000000
vn 0.999845 -0.017637 -0.000000
vn 0.999921 -0.012593 -0.000000
vn 0.000000 0.000000 1.000000
vn 0.000000 0.000000 1.000000
vn 0.000000 0.000000 1.000000
vn 0.000000 0.000000 1.000000
vn -0.000000 0.000000 -1.000000
vn 0.000000 0.000000 -1.000000
vn 0.000000 0.000000 -1.000000
vn -0.000000 0.000000 -1.000000
vn 0.786678 0.617363 0.000000
vn 0.976916 0.213623 0.000000
vn 0.976916 0.213623 0.000000
vn 0.786678 0.617363 0.000000
vn -0.000000 0.000000 1.000000
vn 0.000000 0.000000 1.000000
vn 0.000000 0.000000 1.000000
vn 0.000000 0.000000 1.000000
vn 0.000000 0.000000 -1.000000
vn -0.000000 0.000000 -1.000000
vn -0.000000 0.000000 -1.000000
vn 0.000000 0.000000 -1.000000
vn 0.406420 0.913686 0.000001
vn 0.530022 0.847984 0.000000
vn 0.530022 0.847984 0.000000
vn 0.406420 0.913686 0.000001
vn -0.000000 0.000000 1.000000
vn -0.000000 0.000000 1.000000
vn 0.000000 0.000000 -1.000000
vn -0.000000 0.000000 -1.000000
vn 0.285601 0.958349 0.000001
vn 0.285601 0.958349 0.000001
vn 0.000000 0.000000 -1.000000
vn 0.000000 0.000000 -1.000000
vn 0.000000 0.000000 1.000000
vn 0.000000 0.000000 1.000000
vn 0.999796 -0.020205 -0.000000
vn 0.999796 -0.020205 -0.000000
vn 0.000000 0.000000 1.000000
vn 0.000000 0.000000 1.000000
vn 0.999575 0.029162 -0.000000
vn 0.999575 0.029162 -0.000000
vn -0.000000 0.000000 -1.000000
vn -0.000000 0.000000 -1.000000
vn 0.000000 0.000000 -1.000000
vn 0.000000 0.000000 -1.000000
vn 0.000000 0.000000 1.000000
vn 0.000000 0.000000 1.000000
vn 0.999858 -0.016874 0.000000
vn 0.999858 -0.016874 0.000000
vn 0.000000 0.000000 1.000000
vn 0.000000 0.000000 1.000000
vn 0.000000 0.000000 -1.000000
vn 0.000000 0.000000 -1.000000
vn 0.199275 0.979944 0.000000
vn 0.199275 0.979944 0.000000
vn 0.000000 0.000000 1.000000
vn 0.000000 0.000000 1.000000
vn 0.000000 0.000000 1.000000
vn 0.000000 0.000000 1.000000
vn 0.000000 0.000000 -1.000000
vn 0.000000 0.000000 -1.000000
vn 0.000000 0.000000 -1.000000
vn 0.000000 0.000000 -1.000000
vn 0.995807 -0.091478 0.000000
vn 0.995807 -0.091478 0.000000
vn 0.995807 -0.091478 0.000000
vn 0.995807 -0.091478 0.000000
vn 0.999932 -0.011670 -0.000000
vn 0.999866 -0.016344 -0.000000
vn 0.999866 -0.016344 -0.000000
vn 0.999932 -0.011670 -0.000000
vn 0.000000 0.000000 1.000000
vn -0.000000 0.000000 1.000000
vn -0.000000 0.000000 1.000000
vn 0.000000 0.000000 1.000000
vn -0.000000 0.000000 -1.000000
vn 0.000000 0.000000 -1.000000
vn 0.000000 0.000000 -1.000000
vn -0.000000 0.000000 -1.000000
vn 0.808752 0.588150 0.000000
vn 0.980080 0.198602 0.000000
vn 0.980080 0.198602 0.000000
vn 0.808752 0.588150 0.000000
vn 0.000000 0.000000 1.000000
vn -0.000000 0.000000 1.000000
vn -0.000000 0.000000 1.000000
vn -0.000000 0.000000 1.000000
vn 0.000000 0.000000 -1.000000
vn 0.000000 0.000000 -1.000000
vn 0.000000 0.000000 -1.000000
vn 0.000000 0.000000 -1.000000
vn 0.432737 0.901520 0.000000
vn 0.559183 0.829044 0.000000
vn 0.559183 0.829044 0.000000
vn 0.432737 0.901520 0.000000
vn 0.000000 0.000000 1.000000
vn 0.000000 0.000000 1.000000
vn 0.000000 0.000000 -1.000000
vn 0.000000 0.000000 -1.000000
vn 0.306151 0.951983 0.000000
vn 0.306151 0.951983 0.000000
vn 0.000000 0.000000 -1.000000
vn 0.000000 0.000000 -1.000000
vn 0.000000 0.000000 1.000000
vn 0.000000 0.000000 1.000000
vn 0.999825 -0.018724 -0.000000
vn 0.999825 -0.018724 -0.000000
vn -0.000000 0.000000 1.000000
vn -0.000000 0.000000 1.000000
vn 0.999635 0.027025 -0.000000
vn 0.999635 0.027025 -0.000000
vn 0.000000 0.000000 -1.000000
vn 0.000000 0.000000 -1.000000
vn 0.000000 0.000000 -1.000000
vn 0.000000 0.000000 -1.000000
vn 0.000000 0.000000 1.000000
vn 0.000000 0.000000 1.000000
vn 0.999878 -0.015638 0.000000
vn 0.999878 -0.015638 0.000000
vn 0.000000 0.000000 1.000000
vn 0.000000 0.000000 1.000000
vn 0.000000 0.000000 -1.000000
vn 0.000000 0.000000 -1.000000
vn 0.214343 0.976758 0.000000
vn 0.214343 0.976758 0.000000
vn 0.000000 0.000000 1.000000
vn 0.000000 0.000000 1.000000
vn 0.000000 0.000000 1.000000
vn 0.000000 0.000000 1.000000
vn 0.000000 0.000000 -1.000000
vn 0.000000 0.000000 -1.000000
vn 0.000000 0.000000 -1.000000
vn 0.000000 0.000000 -1.000000
vn -0.994110 -0.108375 0.000000
vn -0.994110 -0.108375 0.000000
vn -0.994110 -0.108375 0.000000
vn -0.994110 -0.108375 0.000000
vn -0.999904 -0.013849 -0.000000
vn -0.999904 -0.013849 -0.000000
vn -0.999812 -0.019395 -0.000000
vn -0.999812 -0.019395 -0.000000
vn -0.000000 0.000000 1.000000
vn -0.000000 0.000000 1.000000
vn -0.000000 0.000000 1.000000
vn -0.000000 0.000000 1.000000
vn 0.000001 0.000000 -1.000000
vn 0.000001 0.000000 -1.000000
vn 0.000000 0.000000 -1.000000
vn 0.000000 0.000000 -1.000000
vn -0.757050 0.653357 0.000000
vn -0.757050 0.653357 0.000000
vn -0.972282 0.233812 0.000000
vn -0.972282 0.233812 0.000000
vn 0.000000 0.000000 1.000000
vn 0.000000 0.000000 1.000000
vn -0.000000 0.000000 1.000000
vn -0.000000 0.000000 1.000000
vn -0.000000 0.000000 -1.000000
vn -0.000000 0.000000 -1.000000
vn 0.000000 0.000000 -1.000000
vn 0.000000 0.000000 -1.000000
vn -0.374967 0.927038 0.000001
vn -0.374967 0.927038 0.000001
vn -0.494126 0.869390 0.000001
vn -0.494126 0.869390 0.000001
vn 0.000000 0.000000 1.000000
vn 0.000000 0.000000 1.000000
vn 0.000000 0.000000 -1.000000
vn 0.000000 0.000000 -1.000000
vn -0.261557 0.965188 0.000000
vn -0.261557 0.965188 0.000000
vn 0.000000 0.000000 -1.000000
vn 0.000000 0.000000 -1.000000
vn 0.000000 0.000000 1.000000
vn 0.000000 0.000000 1.000000
vn -0.999753 -0.022219 -0.000000
vn -0.999753 -0.022219 -0.000000
vn -0.000000 0.000000 1.000000
vn -0.000000 0.000000 1.000000
vn -0.999486 0.032067 -0.000000
vn -0.999486 0.032067 -0.000000
vn 0.000000 0.000000 -1.000000
vn 0.000000 0.000000 -1.000000
vn 0.000000 0.000000 -1.000000
vn 0.000000 0.000000 -1.000000
vn 0.000000 0.000000 1.000000
vn 0.000000 0.000000 1.000000
vn -0.999828 -0.018556 0.000000
vn -0.999828 -0.018556 0.000000
vn 0.000000 0.000000 1.000000
vn 0.000000 0.000000 1.000000
vn -0.000000 0.000000 -1.000000
vn -0.000000 0.000000 -1.000000
vn -0.181831 0.983330 -0.000000
vn -0.181831 0.983330 -0.000000
vn 0.000000 0.000000 1.000000
vn 0.000000 0.000000 1.000000
vn 0.000000 0.000000 1.000000
vn 0.000000 0.000000 1.000000
vn 0.000000 0.000000 -1.000000
vn 0.000000 0.000000 -1.000000
vn 0.000000 0.000000 -1.000000
vn 0.000000 0.000000 -1.000000
vn -0.995122 -0.098648 0.000000
vn -0.995122 -0.098648 0.000000
vn -0.995122 -0.098648 0.000000
vn -0.995122 -0.098648 0.000000
vn -0.999921 -0.012593 -0.000000
vn -0.999921 -0.012593 -0.000000
vn -0.999844 -0.017636 -0.000000
vn -0.999844 -0.017636 -0.000000
vn 0.000000 0.000000 1.000000
vn 0.000000 0.000000 1.000000
vn -0.000000 0.000000 1.000000
vn -0.000000 0.000000 1.000000
vn -0.000000 0.000000 -1.000000
vn 0.000000 0.000000 -1.000000
vn -0.000000 0.000000 -1.000000
vn 0.000000 0.000000 -1.000000
vn -0.786679 0.617363 0.000000
vn -0.786678 0.617363 0.000000
vn -0.976916 0.213623 0.000000
vn -0.976916 0.213623 0.000000
vn 0.000000 0.000000 1.000000
vn 0.000000 0.000000 1.000000
vn 0.000000 0.000000 1.000000
vn 0.000000 0.000000 1.000000
vn -0.000000 0.000000 -1.000000
vn 0.000000 0.000000 -1.000000
vn -0.000000 0.000000 -1.000000
vn -0.000000 0.000000 -1.000000
vn -0.406420 0.913686 0.000001
vn -0.406420 0.913686 0.000001
vn -0.530022 0.847984 0.000000
vn -0.530022 0.847984 0.000000
vn 0.000000 0.000000 1.000000
vn 0.000000 0.000000 1.000000
vn -0.000000 0.000000 -1.000000
vn -0.000000 0.000000 -1.000000
vn -0.285601 0.958349 0.000001
vn -0.285601 0.958349 0.000001
vn 0.000000 0.000000 -1.000000
vn 0.000000 0.000000 -1.000000
vn 0.000000 0.000000 1.000000
vn 0.000000 0.000000 1.000000
vn -0.999796 -0.020204 -0.000000
vn -0.999796 -0.020204 -0.000000
vn -0.000000 0.000000 1.000000
vn -0.000000 0.000000 1.000000
vn -0.999575 0.029162 -0.000000
vn -0.999575 0.029162 -0.000000
vn 0.000000 0.000000 -1.000000
vn 0.000000 0.000000 -1.000000
vn 0.000000 0.000000 -1.000000
vn 0.000000 0.000000 -1.000000
vn 0.000000 0.000000 1.000000
vn 0.000000 0.000000 1.000000
vn -0.999858 -0.016874 0.000000
vn -0.999858 -0.016874 0.000000
vn 0.000000 0.000000 1.000000
vn 0.000000 0.000000 1.000000
vn -0.000000 0.000000 -1.000000
vn -0.000000 0.000000 -1.000000
vn -0.199275 0.979944 0.000000
vn -0.199275 0.979944 0.000000
vn 0.000000 0.000000 1.000000
vn 0.000000 0.000000 1.000000
vn 0.000000 0.000000 1.000000
vn 0.000000 0.000000 1.000000
vn 0.000000 0.000000 -1.000000
vn 0.000000 0.000000 -1.000000
vn 0.000000 0.000000 -1.000000
vn 0.000000 0.000000 -1.000000
vn -0.995807 -0.091478 0.000000
vn -0.995807 -0.091478 0.000000
vn -0.995807 -0.091478 0.000000
vn -0.995807 -0.091478 0.000000
vn -0.999932 -0.011670 -0.000000
vn -0.999932 -0.011670 -0.000000
vn -0.999866 -0.016344 -0.000000
vn -0.999866 -0.016344 -0.000000
vn 0.000000 0.000000 1.000000
vn 0.000000 0.000000 1.000000
vn 0.000000 0.000000 1.000000
vn 0.000000 0.000000 1.000000
vn -0.000000 0.000000 -1.000000
vn -0.000000 0.000000 -1.000000
vn -0.000000 0.000000 -1.000000
vn -0.000000 0.000000 -1.000000
vn -0.808752 0.588150 0.000000
vn -0.808752 0.588150 0.000000
vn -0.980080 0.198601 0.000000
vn -0.980080 0.198601 0.000000
vn 0.000000 0.000000 1.000000
vn -0.000000 0.000000 1.000000
vn -0.000000 0.000000 1.000000
vn -0.000000 0.000000 1.000000
vn -0.000000 0.000000 -1.000000
vn -0.000000 0.000000 -1.000000
vn -0.000000 0.000000 -1.000000
vn -0.000000 0.000000 -1.000000
vn -0.432737 0.901520 0.000001
vn -0.432737 0.901520 0.000001
vn -0.559183 0.829044 0.000000
vn -0.559183 0.829044 0.000000
vn 0.000000 0.000000 1.000000
vn 0.000000 0.000000 1.000000
vn -0.000000 0.000000 -1.000000
vn -0.000000 0.000000 -1.000000
vn -0.306151 0.951983 0.000000
vn -0.306151 0.951983 0.000000
vn 0.000000 0.000000 -1.000000
vn 0.000000 0.000000 -1.000000
vn 0.000000 0.000000 1.000000
vn 0.000000 0.000000 1.000000
vn -0.999825 -0.018724 -0.000000
vn -0.999825 -0.018724 -0.000000
vn 0.000000 0.000000 1.000000
vn 0.000000 0.000000 1.000000
vn -0.999635 0.027025 -0.000000
vn -0.999635 0.027025 -0.000000
vn -0.000000 0.000000 -1.000000
vn -0.000000 0.000000 -1.000000
vn 0.000000 0.000000 -1.000000
vn 0.000000 0.000000 -1.000000
vn 0.000000 0.000000 1.000000
vn 0.000000 0.000000 1.000000
vn -0.999878 -0.015637 0.000000
vn -0.999878 -0.015637 0.000000
vn 0.000000 0.000000 1.000000
vn 0.000000 0.000000 1.000000
vn 0.000000 0.000000 -1.000000
vn 0.000000 0.000000 -1.000000
vn -0.214343 0.976758 -0.000000
vn -0.214343 0.976758 -0.000000
vn 0.000000 -0.647653 0.761936
vn 0.000000 -0.647653 0.761936
vn 0.000000 -0.666132 0.745834
vn 0.000000 -0.666132 0.745834
vn 0.000000 0.485974 0.873973
vn 0.000000 0.485974 0.873973
vn 0.000000 0.485974 0.873973
vn 0.000000 0.485974 0.873973
vn 0.000000 0.119584 -0.992824
vn 0.000000 0.119584 -0.992824
vn 0.000000 0.119584 -0.992824
vn 0.000000 0.119584 -0.992824
vn 1.000000 0.000000 0.000000
vn 1.000000 0.000000 0.000000
vn 1.000000 0.000000 0.000000
vn 1.000000 0.000000 0.000000
vn -1.000000 -0.000000 0.000000
vn -1.000000 -0.000000 0.000000
vn -1.000000 -0.000000 0.000000
vn -1.000000 -0.000000 0.000000
vn 0.000000 -0.822855 0.568251
vn 0.000000 -0.822855 0.568251
vn 0.000000 -0.747393 0.664383
vn 0.000000 -0.747393 0.664383
vn 1.000000 0.000000 0.000000
vn 1.000000 0.000000 -0.000000
vn 1.000000 0.000000 -0.000000
vn 1.000000 0.000000 -0.000000
vn -1.000000 -0.000000 0.000000
vn -1.000000 -0.000000 0.000000
vn -1.000000 -0.000000 0.000000
vn -1.000000 -0.000000 0.000000
vn 1.000000 -0.000000 -0.000000
vn 1.000000 -0.000000 0.000000
vn 1.000000 0.000000 0.000000
vn 1.000000 0.000000 0.000000
vn 0.000000 -0.882466 0.470377
vn 0.000000 -0.882466 0.470377
vn 0.000000 -0.893682 0.448702
vn 0.000000 -0.893682 0.448701
vn -1.000000 -0.000000 0.000000
vn -1.000000 -0.000000 0.000000
vn -1.000000 -0.000000 0.000000
vn -1.000000 -0.000000 0.000000
vn 1.000000 -0.000000 0.000000
vn 1.000000 -0.000000 0.000000
vn 1.000000 -0.000000 0.000000
vn 1.000000 -0.000000 0.000000
vn 0.000000 -0.966372 0.257149
vn 0.000000 -0.966372 0.257149
vn 0.000000 -0.966372 0.257149
vn 0.000000 -0.966372 0.257149
vn -1.000000 0.000000 0.000000
vn -1.000000 0.000000 0.000000
vn -1.000000 0.000000 0.000000
vn -1.000000 0.000000 0.000000
vn 1.000000 0.000000 0.000000
vn 1.000000 0.000000 0.000000
vn 1.000000 0.000000 0.000000
vn 1.000000 0.000000 0.000000
vn 0.000000 -1.000000 0.000000
vn 0.000000 -1.000000 0.000000
vn 0.000000 -1.000000 0.000000
vn 0.000000 -1.000000 0.000000
vn -1.000000 0.000000 0.000000
vn -1.000000 0.000000 0.000000
vn -1.000000 0.000000 0.000000
vn -1.000000 0.000000 0.000000
vn 1.000000 0.000000 0.000000
vn 1.000000 0.000000 0.000000
vn 1.000000 0.000000 0.000000
vn 1.000000 0.000000 0.000000
vn 0.000000 -1.000000 -0.000001
vn 0.000000 -1.000000 -0.000001
vn 0.000000 -1.000000 -0.000001
vn 0.000000 -1.000000 -0.000001
vn -1.000000 0.000000 0.000000
vn -1.000000 0.000000 0.000000
vn -1.000000 0.000000 0.000000
vn -1.000000 0.000000 0.000000
vn 0.000000 -0.732627 0.680631
vn 0.000000 -0.732627 0.680631
vn 0.000000 -0.773385 0.633937
vn 0.000000 -0.773385 0.633937
vn 1.000000 0.000000 0.000000
vn 1.000000 0.000000 0.000000
vn 1.000000 0.000000 0.000000
vn 1.000000 0.000000 0.000000
vn -1.000000 -0.000000 0.000000
vn -1.000000 -0.000000 0.000000
vn -1.000000 0.000000 0.000000
vn -1.000000 0.000000 0.000000
vn 0.000000 -0.744257 0.667894
vn 0.000000 -0.744257 0.667894
vn 0.000000 -0.887500 0.460808
vn 0.000000 -0.887500 0.460808
vn 1.000000 0.000000 0.000000
vn 1.000000 0.000000 0.000000
vn 1.000000 0.000000 0.000000
vn 1.000000 0.000000 0.000000
vn 0.000000 0.885396 -0.464838
vn 0.000000 0.885396 -0.464838
vn 0.000000 0.936731 -0.350051
vn 0.000000 0.936731 -0.350051
vn -1.000000 0.000000 0.000000
vn -1.000000 0.000000 0.000000
vn -1.000000 0.000000 0.000000
vn -1.000000 0.000000 0.000000
vn 0.000000 -0.927029 0.374989
vn 0.000000 -0.927029 0.374989
vn 0.000000 -0.941408 0.337270
vn 0.000000 -0.941408 0.337270
vn 1.000000 0.000000 0.000000
vn 1.000000 0.000000 0.000000
vn 1.000000 0.000000 0.000000
vn 1.000000 0.000000 0.000000
vn 0.000000 0.968146 -0.250385
vn 0.000000 0.968146 -0.250385
vn 0.000000 0.983051 -0.183333
vn 0.000000 0.983051 -0.183333
vn -1.000000 0.000000 0.000000
vn -1.000000 0.000000 0.000000
vn -1.000000 0.000000 0.000000
vn -1.000000 0.000000 0.000000
vn 0.000000 -0.854485 0.519476
vn 0.000000 -0.854485 0.519476
vn 1.000000 -0.000000 -0.000000
vn 1.000000 -0.000000 0.000000
vn -1.000000 0.000000 0.000000
vn -1.000000 0.000000 0.000000
vn 0.000000 -0.605414 0.795911
vn 0.000000 -0.605414 0.795911
vn 1.000000 0.000000 0.000000
vn 1.000000 0.000000 0.000000
vn 0.000000 0.881048 -0.473027
vn 0.000000 0.881048 -0.473027
vn -1.000000 0.000000 0.000000
vn -1.000000 0.000000 0.000000
s 1
g group7 group5 polySurface76
usemtl lambert2SG
f 1166/1965/2374 1167/1966/2375 1155/1967/2376 1154/1968/2377
f 1167/1966/2375 1168/1969/2378 1156/1970/2379 1155/1967/2376
f 1168/1969/2378 1169/1971/2380 1157/1972/2381 1156/1970/2379
f 1169/1971/2380 1170/1973/2382 1158/1974/2383 1157/1972/2381
f 1170/1973/2382 1171/1975/2384 1159/1976/2385 1158/1974/2383
f 1171/1975/2384 1172/1977/2386 1160/1978/2387 1159/1976/2385
f 1172/1977/2386 1173/1979/2388 1161/1980/2389 1160/1978/2387
f 1173/1979/2388 1174/1981/2390 1162/1982/2391 1161/1980/2389
f 1174/1981/2390 1175/1983/2392 1163/1984/2393 1162/1982/2391
f 1175/1983/2392 1176/1985/2394 1164/1986/2395 1163/1984/2393
f 1176/1985/2394 1177/1987/2396 1165/1988/2397 1164/1986/2395
f 1177/1987/2396 1166/1989/2374 1154/1990/2377 1165/1988/2397
f 1142/1991/2398 1143/1992/2399 1167/1966/2375 1166/1965/2374
f 1143/1992/2399 1144/1993/2400 1168/1969/2378 1167/1966/2375
f 1144/1993/2400 1145/1994/2401 1169/1971/2380 1168/1969/2378
f 1145/1994/2401 1146/1995/2402 1170/1973/2382 1169/1971/2380
f 1146/1995/2402 1147/1996/2403 1171/1975/2384 1170/1973/2382
f 1147/1996/2403 1148/1997/2404 1172/1977/2386 1171/1975/2384
f 1148/1997/2404 1149/1998/2405 1173/1979/2388 1172/1977/2386
f 1149/1998/2405 1150/1999/2406 1174/1981/2390 1173/1979/2388
f 1150/1999/2406 1151/2000/2407 1175/1983/2392 1174/1981/2390
f 1151/2000/2407 1152/2001/2408 1176/1985/2394 1175/1983/2392
f 1152/2001/2408 1153/2002/2409 1177/1987/2396 1176/1985/2394
f 1153/2002/2409 1142/2003/2398 1166/1989/2374 1177/1987/2396
s off
f 1154/1968/2410 1155/1967/2411 1178/2004/2412
f 1155/1967/2413 1156/1970/2414 1178/2004/2415
f 1156/1970/2416 1157/1972/2417 1178/2004/2418
f 1157/1972/2419 1158/1974/2420 1178/2004/2421
f 1158/1974/2422 1159/1976/2423 1178/2004/2424
f 1159/1976/2425 1160/1978/2426 1178/2005/2427
f 1160/1978/2428 1161/1980/2429 1178/2005/2430
f 1161/1980/2431 1162/1982/2432 1178/2005/2433
f 1162/1982/2434 1163/1984/2435 1178/2005/2436
f 1163/1984/2437 1164/1986/2438 1178/2005/2439
f 1164/1986/2440 1165/1988/2441 1178/2005/2442
f 1165/1988/2443 1154/1990/2444 1178/2005/2445
s 2
f 1180/2006/2446 1179/2007/2447 1186/2008/2448 1187/2009/2449
f 1181/2010/2450 1180/2006/2446 1187/2009/2449 1188/2011/2451
f 1182/2012/2452 1181/2010/2450 1188/2011/2451 1189/2013/2453
f 1183/2014/2454 1182/2012/2452 1189/2013/2453 1190/2015/2455
f 1184/2016/2456 1183/2014/2454 1190/2015/2455 1191/2017/2457
f 1185/2018/2458 1184/2016/2456 1191/2017/2457 1192/2019/2459
f 1179/2007/2447 1185/2018/2458 1192/2019/2459 1186/2008/2448
f 1187/2009/2449 1186/2008/2448 1193/2020/2460 1194/2021/2461
f 1188/2011/2451 1187/2009/2449 1194/2021/2461 1195/2022/2462
f 1189/2013/2453 1188/2011/2451 1195/2022/2462 1196/2023/2463
f 1190/2015/2455 1189/2013/2453 1196/2023/2463 1197/2024/2464
f 1191/2017/2457 1190/2015/2455 1197/2024/2464 1198/2025/2465
f 1192/2019/2459 1191/2017/2457 1198/2025/2465 1199/2026/2466
f 1186/2008/2448 1192/2019/2459 1199/2026/2466 1193/2020/2460
f 1194/2027/2461 1193/2028/2460 1200/2029/2467 1201/2030/2468
f 1195/2031/2462 1194/2027/2461 1201/2030/2468 1202/2032/2469
f 1196/2033/2463 1195/2031/2462 1202/2032/2469 1203/2034/2470
f 1197/2035/2464 1196/2033/2463 1203/2034/2470 1204/2036/2471
f 1198/2037/2465 1197/2035/2464 1204/2036/2471 1205/2038/2472
f 1199/2026/2466 1198/2025/2465 1205/2039/2472 1206/2040/2473
f 1193/2020/2460 1199/2026/2466 1206/2040/2473 1200/2041/2467
f 1201/2030/2468 1200/2029/2467 1179/2042/2447 1180/2043/2446
f 1202/2032/2469 1201/2030/2468 1180/2043/2446 1181/2044/2450
f 1203/2034/2470 1202/2032/2469 1181/2044/2450 1182/2045/2452
f 1204/2036/2471 1203/2034/2470 1182/2045/2452 1183/2046/2454
f 1205/2038/2472 1204/2036/2471 1183/2046/2454 1184/2047/2456
f 1206/2048/2473 1205/2038/2472 1184/2047/2456 1185/2049/2458
f 1200/2029/2467 1206/2048/2473 1185/2049/2458 1179/2042/2447
s 3
f 1209/2050/2474 1210/2051/2475 1228/2052/2476 1219/2053/2477
f 1210/2051/2475 1211/2054/2478 1227/2055/2479 1228/2052/2476
f 1211/2056/2478 1212/2057/2480 1226/2058/2481 1227/2059/2479
f 1212/2057/2480 1213/2060/2482 1225/2061/2483 1226/2058/2481
f 1213/2060/2482 1214/2062/2484 1224/2063/2485 1225/2061/2483
f 1214/2062/2484 1215/2064/2486 1223/2065/2487 1224/2063/2485
f 1215/2064/2486 1216/2066/2488 1222/2067/2489 1223/2065/2487
f 1216/2066/2488 1217/2068/2490 1221/2069/2491 1222/2067/2489
f 1217/2068/2490 1218/2070/2492 1220/2071/2493 1221/2069/2491
f 1218/2070/2492 1209/2050/2474 1219/2053/2477 1220/2071/2493
f 1229/2072/2494 1230/2073/2495 1210/2051/2475 1209/2050/2474
f 1230/2073/2495 1231/2074/2496 1211/2054/2478 1210/2051/2475
f 1231/2075/2496 1232/2076/2497 1212/2057/2480 1211/2056/2478
f 1232/2076/2497 1233/2077/2498 1213/2060/2482 1212/2057/2480
f 1233/2077/2498 1234/2078/2499 1214/2062/2484 1213/2060/2482
f 1234/2078/2499 1235/2079/2500 1215/2064/2486 1214/2062/2484
f 1235/2079/2500 1236/2080/2501 1216/2066/2488 1215/2064/2486
f 1236/2080/2501 1237/2081/2502 1217/2068/2490 1216/2066/2488
f 1237/2081/2502 1238/2082/2503 1218/2070/2492 1217/2068/2490
f 1238/2082/2503 1229/2072/2494 1209/2050/2474 1218/2070/2492
f 1220/2071/2493 1219/2053/2477 1208/2083/2504
f 1221/2069/2491 1220/2071/2493 1208/2083/2504
f 1222/2067/2489 1221/2069/2491 1208/2083/2504
f 1223/2065/2487 1222/2067/2489 1208/2083/2504
f 1224/2063/2485 1223/2065/2487 1208/2083/2504
f 1225/2061/2483 1224/2063/2485 1208/2083/2504
f 1226/2058/2481 1225/2061/2483 1208/2083/2504
f 1227/2059/2479 1226/2058/2481 1208/2083/2504
f 1228/2052/2476 1227/2055/2479 1208/2083/2504
f 1219/2053/2477 1228/2052/2476 1208/2083/2504
f 1207/2084/2505 1230/2073/2495 1229/2072/2494
f 1207/2084/2505 1231/2074/2496 1230/2073/2495
f 1207/2084/2505 1232/2076/2497 1231/2075/2496
f 1207/2084/2505 1233/2077/2498 1232/2076/2497
f 1207/2084/2505 1234/2078/2499 1233/2077/2498
f 1207/2084/2505 1235/2079/2500 1234/2078/2499
f 1207/2084/2505 1236/2080/2501 1235/2079/2500
f 1207/2084/2505 1237/2081/2502 1236/2080/2501
f 1207/2084/2505 1238/2082/2503 1237/2081/2502
f 1207/2084/2505 1229/2072/2494 1238/2082/2503
s 4
f 1240/2085/2506 1239/2086/2507 1246/2087/2508 1247/2088/2509
f 1241/2089/2510 1240/2085/2506 1247/2088/2509 1248/2090/2511
f 1242/2091/2512 1241/2089/2510 1248/2090/2511 1249/2092/2513
f 1243/2093/2514 1242/2091/2512 1249/2092/2513 1250/2094/2515
f 1244/2095/2516 1243/2093/2514 1250/2094/2515 1251/2096/2517
f 1245/2097/2518 1244/2095/2516 1251/2096/2517 1252/2098/2519
f 1239/2086/2507 1245/2097/2518 1252/2098/2519 1246/2087/2508
f 1247/2088/2509 1246/2087/2508 1253/2099/2520 1254/2100/2521
f 1248/2090/2511 1247/2088/2509 1254/2100/2521 1255/2101/2522
f 1249/2092/2513 1248/2090/2511 1255/2101/2522 1256/2102/2523
f 1250/2094/2515 1249/2092/2513 1256/2102/2523 1257/2103/2524
f 1251/2096/2517 1250/2094/2515 1257/2103/2524 1258/2104/2525
f 1252/2098/2519 1251/2096/2517 1258/2104/2525 1259/2105/2526
f 1246/2087/2508 1252/2098/2519 1259/2105/2526 1253/2099/2520
f 1254/2106/2521 1253/2107/2520 1260/2108/2527 1261/2109/2528
f 1255/2110/2522 1254/2106/2521 1261/2109/2528 1262/2111/2529
f 1256/2112/2523 1255/2110/2522 1262/2111/2529 1263/2113/2530
f 1257/2114/2524 1256/2112/2523 1263/2113/2530 1264/2115/2531
f 1258/2116/2525 1257/2114/2524 1264/2115/2531 1265/2117/2532
f 1259/2105/2526 1258/2104/2525 1265/2118/2532 1266/2119/2533
f 1253/2099/2520 1259/2105/2526 1266/2119/2533 1260/2120/2527
f 1261/2109/2528 1260/2108/2527 1239/2121/2507 1240/2122/2506
f 1262/2111/2529 1261/2109/2528 1240/2122/2506 1241/2123/2510
f 1263/2113/2530 1262/2111/2529 1241/2123/2510 1242/2124/2512
f 1264/2115/2531 1263/2113/2530 1242/2124/2512 1243/2125/2514
f 1265/2117/2532 1264/2115/2531 1243/2125/2514 1244/2126/2516
f 1266/2127/2533 1265/2117/2532 1244/2126/2516 1245/2128/2518
f 1260/2108/2527 1266/2127/2533 1245/2128/2518 1239/2121/2507
s 5
f 1267/2129/2534 1268/2130/2535 1277/2131/2536 1276/2132/2537
f 1268/2130/2535 1269/2133/2538 1278/2134/2539 1277/2131/2536
f 1269/2133/2538 1270/2135/2540 1279/2136/2541 1278/2134/2539
f 1270/2135/2540 1271/2137/2542 1280/2138/2543 1279/2136/2541
f 1271/2137/2542 1272/2139/2544 1281/2140/2545 1280/2138/2543
f 1272/2139/2544 1273/2141/2546 1282/2142/2547 1281/2140/2545
f 1273/2141/2546 1274/2143/2548 1283/2144/2549 1282/2142/2547
f 1274/2143/2548 1275/2145/2550 1284/2146/2551 1283/2144/2549
f 1276/2132/2537 1277/2131/2536 1286/2147/2552 1285/2148/2553
f 1277/2131/2536 1278/2134/2539 1287/2149/2554 1286/2147/2552
f 1278/2134/2539 1279/2136/2541 1288/2150/2555 1287/2149/2554
f 1279/2136/2541 1280/2138/2543 1289/2151/2556 1288/2150/2555
f 1280/2138/2543 1281/2140/2545 1290/2152/2557 1289/2151/2556
f 1281/2140/2545 1282/2142/2547 1291/2153/2558 1290/2152/2557
f 1282/2142/2547 1283/2144/2549 1292/2154/2559 1291/2153/2558
f 1283/2144/2549 1284/2146/2551 1293/2155/2560 1292/2154/2559
f 1285/2148/2553 1286/2147/2552 1295/2156/2561 1294/2157/2562
f 1286/2147/2552 1287/2149/2554 1296/2158/2563 1295/2156/2561
f 1287/2149/2554 1288/2150/2555 1297/2159/2564 1296/2158/2563
f 1288/2150/2555 1289/2151/2556 1298/2160/2565 1297/2159/2564
f 1289/2151/2556 1290/2152/2557 1299/2161/2566 1298/2160/2565
f 1290/2152/2557 1291/2153/2558 1300/2162/2567 1299/2161/2566
f 1291/2153/2558 1292/2154/2559 1301/2163/2568 1300/2162/2567
f 1292/2154/2559 1293/2155/2560 1302/2164/2569 1301/2163/2568
f 1294/2157/2562 1295/2156/2561 1304/2165/2570 1303/2166/2571
f 1295/2156/2561 1296/2158/2563 1305/2167/2572 1304/2165/2570
f 1296/2158/2563 1297/2159/2564 1306/2168/2573 1305/2167/2572
f 1297/2159/2564 1298/2160/2565 1307/2169/2574 1306/2168/2573
f 1298/2160/2565 1299/2161/2566 1308/2170/2575 1307/2169/2574
f 1299/2161/2566 1300/2162/2567 1309/2171/2576 1308/2170/2575
f 1300/2162/2567 1301/2163/2568 1310/2172/2577 1309/2171/2576
f 1301/2163/2568 1302/2164/2569 1311/2173/2578 1310/2172/2577
f 1303/2166/2571 1304/2165/2570 1313/2174/2579 1312/2175/2580
f 1304/2165/2570 1305/2167/2572 1314/2176/2581 1313/2174/2579
f 1305/2167/2572 1306/2168/2573 1315/2177/2582 1314/2176/2581
f 1306/2168/2573 1307/2169/2574 1316/2178/2583 1315/2177/2582
f 1307/2169/2574 1308/2170/2575 1317/2179/2584 1316/2178/2583
f 1308/2170/2575 1309/2171/2576 1318/2180/2585 1317/2179/2584
f 1309/2171/2576 1310/2172/2577 1319/2181/2586 1318/2180/2585
f 1310/2172/2577 1311/2173/2578 1320/2182/2587 1319/2181/2586
f 1312/2175/2580 1313/2174/2579 1322/2183/2588 1321/2184/2589
f 1313/2174/2579 1314/2176/2581 1323/2185/2590 1322/2183/2588
f 1314/2176/2581 1315/2177/2582 1324/2186/2591 1323/2185/2590
f 1315/2177/2582 1316/2178/2583 1325/2187/2592 1324/2186/2591
f 1316/2178/2583 1317/2179/2584 1326/2188/2593 1325/2187/2592
f 1317/2179/2584 1318/2180/2585 1327/2189/2594 1326/2188/2593
f 1318/2180/2585 1319/2181/2586 1328/2190/2595 1327/2189/2594
f 1319/2181/2586 1320/2182/2587 1329/2191/2596 1328/2190/2595
f 1321/2184/2589 1322/2183/2588 1331/2192/2597 1330/2193/2598
f 1322/2183/2588 1323/2185/2590 1332/2194/2599 1331/2192/2597
f 1323/2185/2590 1324/2186/2591 1333/2195/2600 1332/2194/2599
f 1324/2186/2591 1325/2187/2592 1334/2196/2601 1333/2195/2600
f 1325/2187/2592 1326/2188/2593 1335/2197/2602 1334/2196/2601
f 1326/2188/2593 1327/2189/2594 1336/2198/2603 1335/2197/2602
f 1327/2189/2594 1328/2190/2595 1337/2199/2604 1336/2198/2603
f 1328/2190/2595 1329/2191/2596 1338/2200/2605 1337/2199/2604
f 1330/2193/2598 1331/2192/2597 1340/2201/2606 1339/2202/2607
f 1331/2192/2597 1332/2194/2599 1341/2203/2608 1340/2201/2606
f 1332/2194/2599 1333/2195/2600 1342/2204/2609 1341/2203/2608
f 1333/2195/2600 1334/2196/2601 1343/2205/2610 1342/2204/2609
f 1334/2196/2601 1335/2197/2602 1344/2206/2611 1343/2205/2610
f 1335/2197/2602 1336/2198/2603 1345/2207/2612 1344/2206/2611
f 1336/2198/2603 1337/2199/2604 1346/2208/2613 1345/2207/2612
f 1337/2199/2604 1338/2200/2605 1347/2209/2614 1346/2208/2613
s 6
f 1348/2210/2615 1357/2211/2616 1358/2212/2617 1349/2213/2618
f 1349/2213/2618 1358/2212/2617 1359/2214/2619 1350/2215/2620
f 1350/2215/2620 1359/2214/2619 1360/2216/2621 1351/2217/2622
f 1351/2217/2622 1360/2216/2621 1361/2218/2623 1352/2219/2624
f 1352/2219/2624 1361/2218/2623 1362/2220/2625 1353/2221/2626
f 1353/2221/2626 1362/2220/2625 1363/2222/2627 1354/2223/2628
f 1354/2223/2628 1363/2222/2627 1364/2224/2629 1355/2225/2630
f 1355/2225/2630 1364/2224/2629 1365/2226/2631 1356/2227/2632
f 1357/2211/2616 1366/2228/2633 1367/2229/2634 1358/2212/2617
f 1358/2212/2617 1367/2229/2634 1368/2230/2635 1359/2214/2619
f 1359/2214/2619 1368/2230/2635 1369/2231/2636 1360/2216/2621
f 1360/2216/2621 1369/2231/2636 1370/2232/2637 1361/2218/2623
f 1361/2218/2623 1370/2232/2637 1371/2233/2638 1362/2220/2625
f 1362/2220/2625 1371/2233/2638 1372/2234/2639 1363/2222/2627
f 1363/2222/2627 1372/2234/2639 1373/2235/2640 1364/2224/2629
f 1364/2224/2629 1373/2235/2640 1374/2236/2641 1365/2226/2631
f 1366/2228/2633 1375/2237/2642 1376/2238/2643 1367/2229/2634
f 1367/2229/2634 1376/2238/2643 1377/2239/2644 1368/2230/2635
f 1368/2230/2635 1377/2239/2644 1378/2240/2645 1369/2231/2636
f 1369/2231/2636 1378/2240/2645 1379/2241/2646 1370/2232/2637
f 1370/2232/2637 1379/2241/2646 1380/2242/2647 1371/2233/2638
f 1371/2233/2638 1380/2242/2647 1381/2243/2648 1372/2234/2639
f 1372/2234/2639 1381/2243/2648 1382/2244/2649 1373/2235/2640
f 1373/2235/2640 1382/2244/2649 1383/2245/2650 1374/2236/2641
f 1375/2237/2642 1384/2246/2651 1385/2247/2652 1376/2238/2643
f 1376/2238/2643 1385/2247/2652 1386/2248/2653 1377/2239/2644
f 1377/2239/2644 1386/2248/2653 1387/2249/2654 1378/2240/2645
f 1378/2240/2645 1387/2249/2654 1388/2250/2655 1379/2241/2646
f 1379/2241/2646 1388/2250/2655 1389/2251/2656 1380/2242/2647
f 1380/2242/2647 1389/2251/2656 1390/2252/2657 1381/2243/2648
f 1381/2243/2648 1390/2252/2657 1391/2253/2658 1382/2244/2649
f 1382/2244/2649 1391/2253/2658 1392/2254/2659 1383/2245/2650
f 1384/2246/2651 1393/2255/2660 1394/2256/2661 1385/2247/2652
f 1385/2247/2652 1394/2256/2661 1395/2257/2662 1386/2248/2653
f 1386/2248/2653 1395/2257/2662 1396/2258/2663 1387/2249/2654
f 1387/2249/2654 1396/2258/2663 1397/2259/2664 1388/2250/2655
f 1388/2250/2655 1397/2259/2664 1398/2260/2665 1389/2251/2656
f 1389/2251/2656 1398/2260/2665 1399/2261/2666 1390/2252/2657
f 1390/2252/2657 1399/2261/2666 1400/2262/2667 1391/2253/2658
f 1391/2253/2658 1400/2262/2667 1401/2263/2668 1392/2254/2659
f 1393/2255/2660 1402/2264/2669 1403/2265/2670 1394/2256/2661
f 1394/2256/2661 1403/2265/2670 1404/2266/2671 1395/2257/2662
f 1395/2257/2662 1404/2266/2671 1405/2267/2672 1396/2258/2663
f 1396/2258/2663 1405/2267/2672 1406/2268/2673 1397/2259/2664
f 1397/2259/2664 1406/2268/2673 1407/2269/2674 1398/2260/2665
f 1398/2260/2665 1407/2269/2674 1408/2270/2675 1399/2261/2666
f 1399/2261/2666 1408/2270/2675 1409/2271/2676 1400/2262/2667
f 1400/2262/2667 1409/2271/2676 1410/2272/2677 1401/2263/2668
f 1402/2264/2669 1411/2273/2678 1412/2274/2679 1403/2265/2670
f 1403/2265/2670 1412/2274/2679 1413/2275/2680 1404/2266/2671
f 1404/2266/2671 1413/2275/2680 1414/2276/2681 1405/2267/2672
f 1405/2267/2672 1414/2276/2681 1415/2277/2682 1406/2268/2673
f 1406/2268/2673 1415/2277/2682 1416/2278/2683 1407/2269/2674
f 1407/2269/2674 1416/2278/2683 1417/2279/2684 1408/2270/2675
f 1408/2270/2675 1417/2279/2684 1418/2280/2685 1409/2271/2676
f 1409/2271/2676 1418/2280/2685 1419/2281/2686 1410/2272/2677
f 1411/2273/2678 1420/2282/2687 1421/2283/2688 1412/2274/2679
f 1412/2274/2679 1421/2283/2688 1422/2284/2689 1413/2275/2680
f 1413/2275/2680 1422/2284/2689 1423/2285/2690 1414/2276/2681
f 1414/2276/2681 1423/2285/2690 1424/2286/2691 1415/2277/2682
f 1415/2277/2682 1424/2286/2691 1425/2287/2692 1416/2278/2683
f 1416/2278/2683 1425/2287/2692 1426/2288/2693 1417/2279/2684
f 1417/2279/2684 1426/2288/2693 1427/2289/2694 1418/2280/2685
f 1418/2280/2685 1427/2289/2694 1428/2290/2695 1419/2281/2686
s 7
f 1429/2291/2696 1430/2292/2697 1439/2293/2698 1438/2294/2699
f 1430/2292/2697 1431/2295/2700 1440/2296/2701 1439/2293/2698
f 1431/2295/2700 1432/2297/2702 1441/2298/2703 1440/2296/2701
f 1432/2297/2702 1433/2299/2704 1442/2300/2705 1441/2298/2703
f 1433/2299/2704 1434/2301/2706 1443/2302/2707 1442/2300/2705
f 1434/2301/2706 1435/2303/2708 1444/2304/2709 1443/2302/2707
f 1435/2303/2708 1436/2305/2710 1445/2306/2711 1444/2304/2709
f 1436/2305/2710 1437/2307/2712 1446/2308/2713 1445/2306/2711
f 1438/2294/2699 1439/2293/2698 1448/2309/2714 1447/2310/2715
f 1439/2293/2698 1440/2296/2701 1449/2311/2716 1448/2309/2714
f 1440/2296/2701 1441/2298/2703 1450/2312/2717 1449/2311/2716
f 1441/2298/2703 1442/2300/2705 1451/2313/2718 1450/2312/2717
f 1442/2300/2705 1443/2302/2707 1452/2314/2719 1451/2313/2718
f 1443/2302/2707 1444/2304/2709 1453/2315/2720 1452/2314/2719
f 1444/2304/2709 1445/2306/2711 1454/2316/2721 1453/2315/2720
f 1445/2306/2711 1446/2308/2713 1455/2317/2722 1454/2316/2721
f 1447/2310/2715 1448/2309/2714 1457/2318/2723 1456/2319/2724
f 1448/2309/2714 1449/2311/2716 1458/2320/2725 1457/2318/2723
f 1449/2311/2716 1450/2312/2717 1459/2321/2726 1458/2320/2725
f 1450/2312/2717 1451/2313/2718 1460/2322/2727 1459/2321/2726
f 1451/2313/2718 1452/2314/2719 1461/2323/2728 1460/2322/2727
f 1452/2314/2719 1453/2315/2720 1462/2324/2729 1461/2323/2728
f 1453/2315/2720 1454/2316/2721 1463/2325/2730 1462/2324/2729
f 1454/2316/2721 1455/2317/2722 1464/2326/2731 1463/2325/2730
f 1456/2319/2724 1457/2318/2723 1466/2327/2732 1465/2328/2733
f 1457/2318/2723 1458/2320/2725 1467/2329/2734 1466/2327/2732
f 1458/2320/2725 1459/2321/2726 1468/2330/2735 1467/2329/2734
f 1459/2321/2726 1460/2322/2727 1469/2331/2736 1468/2330/2735
f 1460/2322/2727 1461/2323/2728 1470/2332/2737 1469/2331/2736
f 1461/2323/2728 1462/2324/2729 1471/2333/2738 1470/2332/2737
f 1462/2324/2729 1463/2325/2730 1472/2334/2739 1471/2333/2738
f 1463/2325/2730 1464/2326/2731 1473/2335/2740 1472/2334/2739
f 1465/2328/2733 1466/2327/2732 1475/2336/2741 1474/2337/2742
f 1466/2327/2732 1467/2329/2734 1476/2338/2743 1475/2336/2741
f 1467/2329/2734 1468/2330/2735 1477/2339/2744 1476/2338/2743
f 1468/2330/2735 1469/2331/2736 1478/2340/2745 1477/2339/2744
f 1469/2331/2736 1470/2332/2737 1479/2341/2746 1478/2340/2745
f 1470/2332/2737 1471/2333/2738 1480/2342/2747 1479/2341/2746
f 1471/2333/2738 1472/2334/2739 1481/2343/2748 1480/2342/2747
f 1472/2334/2739 1473/2335/2740 1482/2344/2749 1481/2343/2748
f 1474/2337/2742 1475/2336/2741 1484/2345/2750 1483/2346/2751
f 1475/2336/2741 1476/2338/2743 1485/2347/2752 1484/2345/2750
f 1476/2338/2743 1477/2339/2744 1486/2348/2753 1485/2347/2752
f 1477/2339/2744 1478/2340/2745 1487/2349/2754 1486/2348/2753
f 1478/2340/2745 1479/2341/2746 1488/2350/2755 1487/2349/2754
f 1479/2341/2746 1480/2342/2747 1489/2351/2756 1488/2350/2755
f 1480/2342/2747 1481/2343/2748 1490/2352/2757 1489/2351/2756
f 1481/2343/2748 1482/2344/2749 1491/2353/2758 1490/2352/2757
f 1483/2346/2751 1484/2345/2750 1493/2354/2759 1492/2355/2760
f 1484/2345/2750 1485/2347/2752 1494/2356/2761 1493/2354/2759
f 1485/2347/2752 1486/2348/2753 1495/2357/2762 1494/2356/2761
f 1486/2348/2753 1487/2349/2754 1496/2358/2763 1495/2357/2762
f 1487/2349/2754 1488/2350/2755 1497/2359/2764 1496/2358/2763
f 1488/2350/2755 1489/2351/2756 1498/2360/2765 1497/2359/2764
f 1489/2351/2756 1490/2352/2757 1499/2361/2766 1498/2360/2765
f 1490/2352/2757 1491/2353/2758 1500/2362/2767 1499/2361/2766
f 1492/2355/2760 1493/2354/2759 1502/2363/2768 1501/2364/2769
f 1493/2354/2759 1494/2356/2761 1503/2365/2770 1502/2363/2768
f 1494/2356/2761 1495/2357/2762 1504/2366/2771 1503/2365/2770
f 1495/2357/2762 1496/2358/2763 1505/2367/2772 1504/2366/2771
f 1496/2358/2763 1497/2359/2764 1506/2368/2773 1505/2367/2772
f 1497/2359/2764 1498/2360/2765 1507/2369/2774 1506/2368/2773
f 1498/2360/2765 1499/2361/2766 1508/2370/2775 1507/2369/2774
f 1499/2361/2766 1500/2362/2767 1509/2371/2776 1508/2370/2775
s 8
f 1510/2372/2777 1519/2373/2778 1520/2374/2779 1511/2375/2780
f 1511/2375/2780 1520/2374/2779 1521/2376/2781 1512/2377/2782
f 1512/2377/2782 1521/2376/2781 1522/2378/2783 1513/2379/2784
f 1513/2379/2784 1522/2378/2783 1523/2380/2785 1514/2381/2786
f 1514/2381/2786 1523/2380/2785 1524/2382/2787 1515/2383/2788
f 1515/2383/2788 1524/2382/2787 1525/2384/2789 1516/2385/2790
f 1516/2385/2790 1525/2384/2789 1526/2386/2791 1517/2387/2792
f 1517/2387/2792 1526/2386/2791 1527/2388/2793 1518/2389/2794
f 1519/2373/2778 1528/2390/2795 1529/2391/2796 1520/2374/2779
f 1520/2374/2779 1529/2391/2796 1530/2392/2797 1521/2376/2781
f 1521/2376/2781 1530/2392/2797 1531/2393/2798 1522/2378/2783
f 1522/2378/2783 1531/2393/2798 1532/2394/2799 1523/2380/2785
f 1523/2380/2785 1532/2394/2799 1533/2395/2800 1524/2382/2787
f 1524/2382/2787 1533/2395/2800 1534/2396/2801 1525/2384/2789
f 1525/2384/2789 1534/2396/2801 1535/2397/2802 1526/2386/2791
f 1526/2386/2791 1535/2397/2802 1536/2398/2803 1527/2388/2793
f 1528/2390/2795 1537/2399/2804 1538/2400/2805 1529/2391/2796
f 1529/2391/2796 1538/2400/2805 1539/2401/2806 1530/2392/2797
f 1530/2392/2797 1539/2401/2806 1540/2402/2807 1531/2393/2798
f 1531/2393/2798 1540/2402/2807 1541/2403/2808 1532/2394/2799
f 1532/2394/2799 1541/2403/2808 1542/2404/2809 1533/2395/2800
f 1533/2395/2800 1542/2404/2809 1543/2405/2810 1534/2396/2801
f 1534/2396/2801 1543/2405/2810 1544/2406/2811 1535/2397/2802
f 1535/2397/2802 1544/2406/2811 1545/2407/2812 1536/2398/2803
f 1537/2399/2804 1546/2408/2813 1547/2409/2814 1538/2400/2805
f 1538/2400/2805 1547/2409/2814 1548/2410/2815 1539/2401/2806
f 1539/2401/2806 1548/2410/2815 1549/2411/2816 1540/2402/2807
f 1540/2402/2807 1549/2411/2816 1550/2412/2817 1541/2403/2808
f 1541/2403/2808 1550/2412/2817 1551/2413/2818 1542/2404/2809
f 1542/2404/2809 1551/2413/2818 1552/2414/2819 1543/2405/2810
f 1543/2405/2810 1552/2414/2819 1553/2415/2820 1544/2406/2811
f 1544/2406/2811 1553/2415/2820 1554/2416/2821 1545/2407/2812
f 1546/2408/2813 1555/2417/2822 1556/2418/2823 1547/2409/2814
f 1547/2409/2814 1556/2418/2823 1557/2419/2824 1548/2410/2815
f 1548/2410/2815 1557/2419/2824 1558/2420/2825 1549/2411/2816
f 1549/2411/2816 1558/2420/2825 1559/2421/2826 1550/2412/2817
f 1550/2412/2817 1559/2421/2826 1560/2422/2827 1551/2413/2818
f 1551/2413/2818 1560/2422/2827 1561/2423/2828 1552/2414/2819
f 1552/2414/2819 1561/2423/2828 1562/2424/2829 1553/2415/2820
f 1553/2415/2820 1562/2424/2829 1563/2425/2830 1554/2416/2821
f 1555/2417/2822 1564/2426/2831 1565/2427/2832 1556/2418/2823
f 1556/2418/2823 1565/2427/2832 1566/2428/2833 1557/2419/2824
f 1557/2419/2824 1566/2428/2833 1567/2429/2834 1558/2420/2825
f 1558/2420/2825 1567/2429/2834 1568/2430/2835 1559/2421/2826
f 1559/2421/2826 1568/2430/2835 1569/2431/2836 1560/2422/2827
f 1560/2422/2827 1569/2431/2836 1570/2432/2837 1561/2423/2828
f 1561/2423/2828 1570/2432/2837 1571/2433/2838 1562/2424/2829
f 1562/2424/2829 1571/2433/2838 1572/2434/2839 1563/2425/2830
f 1564/2426/2831 1573/2435/2840 1574/2436/2841 1565/2427/2832
f 1565/2427/2832 1574/2436/2841 1575/2437/2842 1566/2428/2833
f 1566/2428/2833 1575/2437/2842 1576/2438/2843 1567/2429/2834
f 1567/2429/2834 1576/2438/2843 1577/2439/2844 1568/2430/2835
f 1568/2430/2835 1577/2439/2844 1578/2440/2845 1569/2431/2836
f 1569/2431/2836 1578/2440/2845 1579/2441/2846 1570/2432/2837
f 1570/2432/2837 1579/2441/2846 1580/2442/2847 1571/2433/2838
f 1571/2433/2838 1580/2442/2847 1581/2443/2848 1572/2434/2839
f 1573/2435/2840 1582/2444/2849 1583/2445/2850 1574/2436/2841
f 1574/2436/2841 1583/2445/2850 1584/2446/2851 1575/2437/2842
f 1575/2437/2842 1584/2446/2851 1585/2447/2852 1576/2438/2843
f 1576/2438/2843 1585/2447/2852 1586/2448/2853 1577/2439/2844
f 1577/2439/2844 1586/2448/2853 1587/2449/2854 1578/2440/2845
f 1578/2440/2845 1587/2449/2854 1588/2450/2855 1579/2441/2846
f 1579/2441/2846 1588/2450/2855 1589/2451/2856 1580/2442/2847
f 1580/2442/2847 1589/2451/2856 1590/2452/2857 1581/2443/2848
s 9
f 1592/2453/2858 1591/2454/2859 1598/2455/2860 1599/2456/2861
f 1593/2457/2862 1592/2453/2858 1599/2456/2861 1600/2458/2863
f 1594/2459/2864 1593/2457/2862 1600/2458/2863 1601/2460/2865
f 1595/2461/2866 1594/2459/2864 1601/2460/2865 1602/2462/2867
f 1596/2463/2868 1595/2461/2866 1602/2462/2867 1603/2464/2869
f 1597/2465/2870 1596/2463/2868 1603/2464/2869 1604/2466/2871
f 1591/2454/2859 1597/2465/2870 1604/2466/2871 1598/2455/2860
f 1599/2456/2861 1598/2455/2860 1605/2467/2872 1606/2468/2873
f 1600/2458/2863 1599/2456/2861 1606/2468/2873 1607/2469/2874
f 1601/2460/2865 1600/2458/2863 1607/2469/2874 1608/2470/2875
f 1602/2462/2867 1601/2460/2865 1608/2470/2875 1609/2471/2876
f 1603/2464/2869 1602/2462/2867 1609/2471/2876 1610/2472/2877
f 1604/2466/2871 1603/2464/2869 1610/2472/2877 1611/2473/2878
f 1598/2455/2860 1604/2466/2871 1611/2473/2878 1605/2467/2872
f 1606/2474/2873 1605/2475/2872 1612/2476/2879 1613/2477/2880
f 1607/2478/2874 1606/2474/2873 1613/2477/2880 1614/2479/2881
f 1608/2480/2875 1607/2478/2874 1614/2479/2881 1615/2481/2882
f 1609/2482/2876 1608/2480/2875 1615/2481/2882 1616/2483/2883
f 1610/2484/2877 1609/2482/2876 1616/2483/2883 1617/2485/2884
f 1611/2473/2878 1610/2472/2877 1617/2486/2884 1618/2487/2885
f 1605/2467/2872 1611/2473/2878 1618/2487/2885 1612/2488/2879
f 1613/2477/2880 1612/2476/2879 1591/2489/2859 1592/2490/2858
f 1614/2479/2881 1613/2477/2880 1592/2490/2858 1593/2491/2862
f 1615/2481/2882 1614/2479/2881 1593/2491/2862 1594/2492/2864
f 1616/2483/2883 1615/2481/2882 1594/2492/2864 1595/2493/2866
f 1617/2485/2884 1616/2483/2883 1595/2493/2866 1596/2494/2868
f 1618/2495/2885 1617/2485/2884 1596/2494/2868 1597/2496/2870
f 1612/2476/2879 1618/2495/2885 1597/2496/2870 1591/2489/2859
s 10
f 1621/2497/2886 1622/2498/2887 1640/2499/2888 1631/2500/2889
f 1622/2498/2887 1623/2501/2890 1639/2502/2891 1640/2499/2888
f 1623/2503/2890 1624/2504/2892 1638/2505/2893 1639/2506/2891
f 1624/2504/2892 1625/2507/2894 1637/2508/2895 1638/2505/2893
f 1625/2507/2894 1626/2509/2896 1636/2510/2897 1637/2508/2895
f 1626/2509/2896 1627/2511/2898 1635/2512/2899 1636/2510/2897
f 1627/2511/2898 1628/2513/2900 1634/2514/2901 1635/2512/2899
f 1628/2513/2900 1629/2515/2902 1633/2516/2903 1634/2514/2901
f 1629/2515/2902 1630/2517/2904 1632/2518/2905 1633/2516/2903
f 1630/2517/2904 1621/2497/2886 1631/2500/2889 1632/2518/2905
f 1641/2519/2906 1642/2520/2907 1622/2498/2887 1621/2497/2886
f 1642/2520/2907 1643/2521/2908 1623/2501/2890 1622/2498/2887
f 1643/2522/2908 1644/2523/2909 1624/2504/2892 1623/2503/2890
f 1644/2523/2909 1645/2524/2910 1625/2507/2894 1624/2504/2892
f 1645/2524/2910 1646/2525/2911 1626/2509/2896 1625/2507/2894
f 1646/2525/2911 1647/2526/2912 1627/2511/2898 1626/2509/2896
f 1647/2526/2912 1648/2527/2913 1628/2513/2900 1627/2511/2898
f 1648/2527/2913 1649/2528/2914 1629/2515/2902 1628/2513/2900
f 1649/2528/2914 1650/2529/2915 1630/2517/2904 1629/2515/2902
f 1650/2529/2915 1641/2519/2906 1621/2497/2886 1630/2517/2904
f 1632/2518/2905 1631/2500/2889 1620/2530/2916
f 1633/2516/2903 1632/2518/2905 1620/2530/2916
f 1634/2514/2901 1633/2516/2903 1620/2530/2916
f 1635/2512/2899 1634/2514/2901 1620/2530/2916
f 1636/2510/2897 1635/2512/2899 1620/2530/2916
f 1637/2508/2895 1636/2510/2897 1620/2530/2916
f 1638/2505/2893 1637/2508/2895 1620/2530/2916
f 1639/2506/2891 1638/2505/2893 1620/2530/2916
f 1640/2499/2888 1639/2502/2891 1620/2530/2916
f 1631/2500/2889 1640/2499/2888 1620/2530/2916
f 1619/2531/2917 1642/2520/2907 1641/2519/2906
f 1619/2531/2917 1643/2521/2908 1642/2520/2907
f 1619/2531/2917 1644/2523/2909 1643/2522/2908
f 1619/2531/2917 1645/2524/2910 1644/2523/2909
f 1619/2531/2917 1646/2525/2911 1645/2524/2910
f 1619/2531/2917 1647/2526/2912 1646/2525/2911
f 1619/2531/2917 1648/2527/2913 1647/2526/2912
f 1619/2531/2917 1649/2528/2914 1648/2527/2913
f 1619/2531/2917 1650/2529/2915 1649/2528/2914
f 1619/2531/2917 1641/2519/2906 1650/2529/2915
s 11
f 1652/2532/2918 1651/2533/2919 1658/2534/2920 1659/2535/2921
f 1653/2536/2922 1652/2532/2918 1659/2535/2921 1660/2537/2923
f 1654/2538/2924 1653/2536/2922 1660/2537/2923 1661/2539/2925
f 1655/2540/2926 1654/2538/2924 1661/2539/2925 1662/2541/2927
f 1656/2542/2928 1655/2540/2926 1662/2541/2927 1663/2543/2929
f 1657/2544/2930 1656/2542/2928 1663/2543/2929 1664/2545/2931
f 1651/2533/2919 1657/2544/2930 1664/2545/2931 1658/2534/2920
f 1659/2535/2921 1658/2534/2920 1665/2546/2932 1666/2547/2933
f 1660/2537/2923 1659/2535/2921 1666/2547/2933 1667/2548/2934
f 1661/2539/2925 1660/2537/2923 1667/2548/2934 1668/2549/2935
f 1662/2541/2927 1661/2539/2925 1668/2549/2935 1669/2550/2936
f 1663/2543/2929 1662/2541/2927 1669/2550/2936 1670/2551/2937
f 1664/2545/2931 1663/2543/2929 1670/2551/2937 1671/2552/2938
f 1658/2534/2920 1664/2545/2931 1671/2552/2938 1665/2546/2932
f 1666/2553/2933 1665/2554/2932 1672/2555/2939 1673/2556/2940
f 1667/2557/2934 1666/2553/2933 1673/2556/2940 1674/2558/2941
f 1668/2559/2935 1667/2557/2934 1674/2558/2941 1675/2560/2942
f 1669/2561/2936 1668/2559/2935 1675/2560/2942 1676/2562/2943
f 1670/2563/2937 1669/2561/2936 1676/2562/2943 1677/2564/2944
f 1671/2552/2938 1670/2551/2937 1677/2565/2944 1678/2566/2945
f 1665/2546/2932 1671/2552/2938 1678/2566/2945 1672/2567/2939
f 1673/2556/2940 1672/2555/2939 1651/2568/2919 1652/2569/2918
f 1674/2558/2941 1673/2556/2940 1652/2569/2918 1653/2570/2922
f 1675/2560/2942 1674/2558/2941 1653/2570/2922 1654/2571/2924
f 1676/2562/2943 1675/2560/2942 1654/2571/2924 1655/2572/2926
f 1677/2564/2944 1676/2562/2943 1655/2572/2926 1656/2573/2928
f 1678/2574/2945 1677/2564/2944 1656/2573/2928 1657/2575/2930
f 1672/2555/2939 1678/2574/2945 1657/2575/2930 1651/2568/2919
s 12
f 1681/2576/2946 1682/2577/2947 1700/2578/2948 1691/2579/2949
f 1682/2577/2947 1683/2580/2950 1699/2581/2951 1700/2578/2948
f 1683/2582/2950 1684/2583/2952 1698/2584/2953 1699/2585/2951
f 1684/2583/2952 1685/2586/2954 1697/2587/2955 1698/2584/2953
f 1685/2586/2954 1686/2588/2956 1696/2589/2957 1697/2587/2955
f 1686/2588/2956 1687/2590/2958 1695/2591/2959 1696/2589/2957
f 1687/2590/2958 1688/2592/2960 1694/2593/2961 1695/2591/2959
f 1688/2592/2960 1689/2594/2962 1693/2595/2963 1694/2593/2961
f 1689/2594/2962 1690/2596/2964 1692/2597/2965 1693/2595/2963
f 1690/2596/2964 1681/2576/2946 1691/2579/2949 1692/2597/2965
f 1701/2598/2966 1702/2599/2967 1682/2577/2947 1681/2576/2946
f 1702/2599/2967 1703/2600/2968 1683/2580/2950 1682/2577/2947
f 1703/2601/2968 1704/2602/2969 1684/2583/2952 1683/2582/2950
f 1704/2602/2969 1705/2603/2970 1685/2586/2954 1684/2583/2952
f 1705/2603/2970 1706/2604/2971 1686/2588/2956 1685/2586/2954
f 1706/2604/2971 1707/2605/2972 1687/2590/2958 1686/2588/2956
f 1707/2605/2972 1708/2606/2973 1688/2592/2960 1687/2590/2958
f 1708/2606/2973 1709/2607/2974 1689/2594/2962 1688/2592/2960
f 1709/2607/2974 1710/2608/2975 1690/2596/2964 1689/2594/2962
f 1710/2608/2975 1701/2598/2966 1681/2576/2946 1690/2596/2964
f 1692/2597/2965 1691/2579/2949 1680/2609/2976
f 1693/2595/2963 1692/2597/2965 1680/2609/2976
f 1694/2593/2961 1693/2595/2963 1680/2609/2976
f 1695/2591/2959 1694/2593/2961 1680/2609/2976
f 1696/2589/2957 1695/2591/2959 1680/2609/2976
f 1697/2587/2955 1696/2589/2957 1680/2609/2976
f 1698/2584/2953 1697/2587/2955 1680/2609/2976
f 1699/2585/2951 1698/2584/2953 1680/2609/2976
f 1700/2578/2948 1699/2581/2951 1680/2609/2976
f 1691/2579/2949 1700/2578/2948 1680/2609/2976
f 1679/2610/2977 1702/2599/2967 1701/2598/2966
f 1679/2610/2977 1703/2600/2968 1702/2599/2967
f 1679/2610/2977 1704/2602/2969 1703/2601/2968
f 1679/2610/2977 1705/2603/2970 1704/2602/2969
f 1679/2610/2977 1706/2604/2971 1705/2603/2970
f 1679/2610/2977 1707/2605/2972 1706/2604/2971
f 1679/2610/2977 1708/2606/2973 1707/2605/2972
f 1679/2610/2977 1709/2607/2974 1708/2606/2973
f 1679/2610/2977 1710/2608/2975 1709/2607/2974
f 1679/2610/2977 1701/2598/2966 1710/2608/2975
s 13
f 1743/2611/2978 1740/2612/2979 1728/2613/2980 1729/2614/2981
f 1730/2615/2982 1727/2616/2983 1741/2617/2984 1742/2618/2985
f 1742/2618/2985 1743/2611/2978 1729/2614/2981 1730/2615/2982
f 1740/2612/2979 1741/2619/2984 1727/2620/2983 1728/2613/2980
f 1723/2621/2986 1724/2622/2987 1720/2623/2988 1719/2624/2989
f 1721/2625/2990 1720/2626/2988 1724/2627/2987 1725/2628/2991
f 1725/2628/2991 1726/2629/2992 1722/2630/2993 1721/2625/2990
f 1726/2629/2992 1723/2621/2986 1719/2624/2989 1722/2630/2993
f 1717/2631/2994 1724/2622/2987 1723/2621/2986 1711/2632/2995
f 1725/2628/2991 1724/2627/2987 1717/2633/2994 1718/2634/2996
f 1712/2635/2997 1726/2629/2992 1725/2628/2991 1718/2634/2996
f 1711/2632/2995 1723/2621/2986 1726/2629/2992 1712/2635/2997
f 1728/2613/2980 1727/2620/2983 1731/2636/2998 1732/2637/2999
f 1729/2614/2981 1728/2613/2980 1732/2637/2999 1733/2638/3000
f 1730/2615/2982 1729/2614/2981 1733/2638/3000 1734/2639/3001
f 1734/2639/3001 1731/2640/2998 1727/2616/2983 1730/2615/2982
f 1732/2637/2999 1731/2636/2998 1735/2641/3002 1736/2642/3003
f 1733/2638/3000 1732/2637/2999 1736/2642/3003 1737/2643/3004
f 1734/2639/3001 1733/2638/3000 1737/2643/3004 1738/2644/3005
f 1738/2644/3005 1735/2645/3002 1731/2640/2998 1734/2639/3001
f 1736/2642/3003 1735/2641/3002 1715/2646/3006 1713/2647/3007
f 1737/2643/3004 1736/2642/3003 1713/2647/3007 1714/2648/3008
f 1738/2644/3005 1737/2643/3004 1714/2648/3008 1716/2649/3009
f 1715/2650/3006 1735/2645/3002 1738/2644/3005 1716/2649/3009
f 1717/2631/2994 1711/2632/2995 1739/2651/3010
f 1711/2632/2995 1712/2635/2997 1739/2651/3010
f 1712/2635/2997 1718/2634/2996 1739/2652/3010
f 1718/2634/2996 1717/2633/2994 1739/2652/3010
f 1719/2624/2989 1720/2623/2988 1741/2619/2984 1740/2612/2979
f 1742/2618/2985 1741/2617/2984 1720/2626/2988 1721/2625/2990
f 1721/2625/2990 1722/2630/2993 1743/2611/2978 1742/2618/2985
f 1722/2630/2993 1719/2624/2989 1740/2612/2979 1743/2611/2978
s 16
f 1745/2653/3011 1744/2654/3012 1751/2655/3013 1752/2656/3014
f 1746/2657/3015 1745/2653/3011 1752/2656/3014 1753/2658/3016
f 1747/2659/3017 1746/2657/3015 1753/2658/3016 1754/2660/3018
f 1748/2661/3019 1747/2659/3017 1754/2660/3018 1755/2662/3020
f 1749/2663/3021 1748/2661/3019 1755/2662/3020 1756/2664/3022
f 1750/2665/3023 1749/2663/3021 1756/2664/3022 1757/2666/3024
f 1744/2654/3012 1750/2665/3023 1757/2666/3024 1751/2655/3013
f 1752/2656/3014 1751/2655/3013 1758/2667/3025 1759/2668/3026
f 1753/2658/3016 1752/2656/3014 1759/2668/3026 1760/2669/3027
f 1754/2660/3018 1753/2658/3016 1760/2669/3027 1761/2670/3028
f 1755/2662/3020 1754/2660/3018 1761/2670/3028 1762/2671/3029
f 1756/2664/3022 1755/2662/3020 1762/2671/3029 1763/2672/3030
f 1757/2666/3024 1756/2664/3022 1763/2672/3030 1764/2673/3031
f 1751/2655/3013 1757/2666/3024 1764/2673/3031 1758/2667/3025
f 1759/2674/3026 1758/2675/3025 1765/2676/3032 1766/2677/3033
f 1760/2678/3027 1759/2674/3026 1766/2677/3033 1767/2679/3034
f 1761/2680/3028 1760/2678/3027 1767/2679/3034 1768/2681/3035
f 1762/2682/3029 1761/2680/3028 1768/2681/3035 1769/2683/3036
f 1763/2684/3030 1762/2682/3029 1769/2683/3036 1770/2685/3037
f 1764/2673/3031 1763/2672/3030 1770/2686/3037 1771/2687/3038
f 1758/2667/3025 1764/2673/3031 1771/2687/3038 1765/2688/3032
f 1766/2677/3033 1765/2676/3032 1744/2689/3012 1745/2690/3011
f 1767/2679/3034 1766/2677/3033 1745/2690/3011 1746/2691/3015
f 1768/2681/3035 1767/2679/3034 1746/2691/3015 1747/2692/3017
f 1769/2683/3036 1768/2681/3035 1747/2692/3017 1748/2693/3019
f 1770/2685/3037 1769/2683/3036 1748/2693/3019 1749/2694/3021
f 1771/2695/3038 1770/2685/3037 1749/2694/3021 1750/2696/3023
f 1765/2676/3032 1771/2695/3038 1750/2696/3023 1744/2689/3012
s 17
f 1773/2697/3039 1772/2698/3040 1779/2699/3041 1780/2700/3042
f 1774/2701/3043 1773/2697/3039 1780/2700/3042 1781/2702/3044
f 1775/2703/3045 1774/2701/3043 1781/2702/3044 1782/2704/3046
f 1776/2705/3047 1775/2703/3045 1782/2704/3046 1783/2706/3048
f 1777/2707/3049 1776/2705/3047 1783/2706/3048 1784/2708/3050
f 1778/2709/3051 1777/2707/3049 1784/2708/3050 1785/2710/3052
f 1772/2698/3040 1778/2709/3051 1785/2710/3052 1779/2699/3041
f 1780/2700/3042 1779/2699/3041 1786/2711/3053 1787/2712/3054
f 1781/2702/3044 1780/2700/3042 1787/2712/3054 1788/2713/3055
f 1782/2704/3046 1781/2702/3044 1788/2713/3055 1789/2714/3056
f 1783/2706/3048 1782/2704/3046 1789/2714/3056 1790/2715/3057
f 1784/2708/3050 1783/2706/3048 1790/2715/3057 1791/2716/3058
f 1785/2710/3052 1784/2708/3050 1791/2716/3058 1792/2717/3059
f 1779/2699/3041 1785/2710/3052 1792/2717/3059 1786/2711/3053
f 1787/2718/3054 1786/2719/3053 1793/2720/3060 1794/2721/3061
f 1788/2722/3055 1787/2718/3054 1794/2721/3061 1795/2723/3062
f 1789/2724/3056 1788/2722/3055 1795/2723/3062 1796/2725/3063
f 1790/2726/3057 1789/2724/3056 1796/2725/3063 1797/2727/3064
f 1791/2728/3058 1790/2726/3057 1797/2727/3064 1798/2729/3065
f 1792/2717/3059 1791/2716/3058 1798/2730/3065 1799/2731/3066
f 1786/2711/3053 1792/2717/3059 1799/2731/3066 1793/2732/3060
f 1794/2721/3061 1793/2720/3060 1772/2733/3040 1773/2734/3039
f 1795/2723/3062 1794/2721/3061 1773/2734/3039 1774/2735/3043
f 1796/2725/3063 1795/2723/3062 1774/2735/3043 1775/2736/3045
f 1797/2727/3064 1796/2725/3063 1775/2736/3045 1776/2737/3047
f 1798/2729/3065 1797/2727/3064 1776/2737/3047 1777/2738/3049
f 1799/2739/3066 1798/2729/3065 1777/2738/3049 1778/2740/3051
f 1793/2720/3060 1799/2739/3066 1778/2740/3051 1772/2733/3040
s 18
f 1863/2741/3067 1810/2742/3068 1809/2743/3069 1864/2744/3070
f 1885/2745/3071 1814/2746/3072 1813/2747/3073 1886/2748/3074
f 1899/2749/3075 1816/2750/3076 1815/2751/3077 1900/2752/3078
f 1892/2753/3079 1811/2754/3080 1812/2755/3081 1893/2756/3082
f 1914/2757/3083 1820/2758/3084 1819/2759/3085 1915/2760/3086
f 1906/2761/3087 1807/2762/3088 1808/2763/3089 1907/2764/3090
f 1843/2765/3091 1842/2766/3092 1817/2767/3093 1818/2768/3094
f 1816/2750/3076 1845/2769/3095 1844/2770/3096 1815/2751/3077
f 1812/2755/3081 1822/2771/3097 1894/2772/3098 1893/2756/3082
f 1813/2747/3073 1823/2773/3099 1887/2774/3100 1886/2748/3074
f 1819/2759/3085 1824/2775/3101 1916/2776/3102 1915/2760/3086
f 1808/2763/3089 1825/2777/3103 1908/2778/3104 1907/2764/3090
f 1809/2743/3069 1826/2779/3105 1865/2780/3106 1864/2744/3070
f 1825/2777/3103 1827/2781/3107 1909/2782/3108 1908/2778/3104
s 22
f 1801/2783/3109 1810/2742/3110 1863/2741/3111 1862/2784/3112
s 23
f 1803/2785/3113 1814/2746/3114 1885/2745/3115 1884/2786/3116
s 24
f 1806/2787/3117 1816/2750/3118 1899/2749/3119 1898/2788/3120
s 25
f 1802/2789/3121 1811/2754/3122 1892/2753/3123 1891/2790/3124
s 22
f 1800/2791/3125 1820/2758/3126 1914/2757/3127 1913/2792/3128
f 1804/2793/3129 1807/2762/3130 1906/2761/3131 1905/2794/3132
s 25
f 1805/2795/3133 1817/2767/3134 1842/2766/3135
s 24
f 1845/2769/3136 1816/2750/3137 1806/2787/3117
s off
f 2015/2796/3138 2018/2797/3139 2017/2798/3140 2016/2799/3141
s 30
f 2005/2800/3142 2008/2801/3143 2007/2802/3144 2006/2803/3145
s off
f 1995/2804/3146 1998/2805/3147 1997/2806/3148 1996/2807/3149
f 1973/2808/3150 1976/2809/3151 1975/2810/3152 1974/2811/3153
f 1959/2812/3154 1962/2813/3155 1961/2814/3156 1960/2815/3157
f 1939/2816/3158 1942/2817/3159 1941/2818/3160 1940/2819/3161
f 1931/2820/3162 1934/2821/3163 1933/2822/3164 1932/2823/3165
s 31
f 1846/2824/3166 1847/2825/3167 1835/2826/3168 1828/2827/3169
f 1889/2828/3170 1836/2829/3171 1829/2830/3172 1890/2831/3173
s 33
f 1882/2832/3174 1837/2833/3175 1830/2834/3176 1883/2835/3177
s 34
f 1911/2836/3178 1838/2837/3179 1831/2838/3180 1912/2839/3181
f 1903/2840/3182 1839/2841/3183 1832/2842/3184 1904/2843/3185
f 1860/2844/3186 1840/2845/3187 1833/2846/3188 1861/2847/3189
s 37
f 1896/2848/3190 1841/2849/3191 1834/2850/3192 1897/2851/3193
f 1834/2850/3192 1841/2849/3194 1849/2852/3195 1848/2853/3196
s off
f 1847/2825/3197 1851/2854/3198 1850/2855/3199 1835/2826/3200
s 39
f 1888/2856/3201 1852/2857/3202 1836/2829/3203 1889/2828/3204
s 40
f 1881/2858/3205 1853/2859/3206 1837/2833/3207 1882/2832/3208
s 41
f 1910/2860/3209 1854/2861/3210 1838/2837/3211 1911/2836/3212
s 42
f 1902/2862/3213 1855/2863/3214 1839/2841/3215 1903/2840/3216
s 43
f 1859/2864/3217 1856/2865/3218 1840/2845/3219 1860/2844/3220
s 44
f 1895/2866/3221 1857/2867/3222 1841/2849/3223 1896/2848/3224
s off
f 1841/2849/3225 1857/2867/3226 1858/2868/3227 1849/2852/3228
f 1929/2869/3229 1930/2870/3230 1927/2871/3231 1928/2872/3232
s 43
f 1839/2841/3233 1855/2863/3234 1859/2864/3217 1860/2844/3220
s 34
f 1832/2842/3184 1839/2841/3235 1860/2844/3186 1861/2847/3189
s off
f 1947/2873/3236 1948/2874/3237 1950/2875/3238 1949/2876/3239
s 22
f 1863/2741/3111 1807/2762/3240 1804/2793/3129 1862/2784/3112
s 18
f 1807/2762/3088 1863/2741/3067 1864/2744/3070 1808/2763/3089
f 1865/2780/3106 1825/2777/3103 1808/2763/3089 1864/2744/3070
f 1866/2877/3241 1827/2781/3107 1825/2777/3103 1865/2780/3106
s 42
f 1838/2837/3242 1854/2861/3243 1867/2878/3244 1868/2879/3245
s 34
f 1831/2838/3180 1838/2837/3246 1868/2879/3247 1869/2880/3248
s off
f 1965/2881/3249 1966/2882/3250 1968/2883/3251 1967/2884/3252
s 22
f 1871/2885/3253 1820/2758/3254 1800/2791/3125 1870/2886/3255
s 18
f 1820/2758/3084 1871/2885/3256 1872/2887/3257 1819/2759/3085
f 1873/2888/3258 1824/2775/3101 1819/2759/3085 1872/2887/3257
s 41
f 1837/2833/3259 1853/2859/3260 1874/2889/3261 1875/2890/3262
s 34
f 1830/2834/3263 1837/2833/3264 1875/2890/3265 1876/2891/3266
s off
f 1987/2892/3267 1990/2893/3268 1989/2894/3269 1988/2895/3270
s 22
f 1878/2896/3271 1814/2746/3272 1803/2785/3273 1877/2897/3274
s 18
f 1814/2746/3072 1878/2896/3275 1879/2898/3276 1813/2747/3073
f 1880/2899/3277 1823/2773/3099 1813/2747/3073 1879/2898/3276
s 40
f 1836/2829/3278 1852/2857/3279 1881/2858/3205 1882/2832/3208
s 33
f 1829/2830/3280 1836/2829/3281 1882/2832/3174 1883/2835/3177
s off
f 2001/2900/3282 2002/2901/3283 2004/2902/3284 2003/2903/3285
s 23
f 1885/2745/3115 1811/2754/3286 1802/2789/3287 1884/2786/3116
s 18
f 1811/2754/3080 1885/2745/3071 1886/2748/3074 1812/2755/3081
f 1887/2774/3100 1822/2771/3097 1812/2755/3081 1886/2748/3074
s 39
f 1835/2826/3288 1850/2855/3289 1888/2856/3201 1889/2828/3204
s 31
f 1828/2827/3169 1835/2826/3290 1889/2828/3170 1890/2831/3173
s off
f 2011/2904/3291 2012/2905/3292 2014/2906/3293 2013/2907/3294
s 25
f 1892/2753/3123 1817/2767/3295 1805/2795/3133 1891/2790/3124
s 18
f 1817/2767/3093 1892/2753/3079 1893/2756/3082 1818/2768/3094
f 1894/2772/3098 1821/2908/3296 1818/2768/3094 1893/2756/3082
s 44
f 1840/2845/3297 1856/2865/3298 1895/2866/3221 1896/2848/3224
s 37
f 1833/2846/3299 1840/2845/3300 1896/2848/3190 1897/2851/3193
s off
f 1923/2909/3301 1924/2910/3302 1917/2911/3303 1918/2912/3304
s 24
f 1899/2749/3119 1810/2742/3305 1801/2783/3306 1898/2788/3120
s 18
f 1810/2742/3068 1899/2749/3075 1900/2752/3078 1809/2743/3069
f 1901/2913/3307 1826/2779/3105 1809/2743/3069 1900/2752/3078
s 42
f 1867/2878/3244 1902/2862/3213 1903/2840/3216 1868/2879/3245
s 34
f 1868/2879/3247 1903/2840/3182 1904/2843/3185 1869/2880/3248
s off
f 1957/2914/3308 1953/2915/3309 1954/2916/3310 1958/2917/3311
s 22
f 1906/2761/3131 1871/2885/3253 1870/2886/3255 1905/2794/3132
s 18
f 1871/2885/3256 1906/2761/3087 1907/2764/3090 1872/2887/3257
f 1908/2778/3104 1873/2888/3258 1872/2887/3257 1907/2764/3090
s 41
f 1874/2889/3261 1910/2860/3209 1911/2836/3212 1875/2890/3262
s 34
f 1875/2890/3265 1911/2836/3178 1912/2839/3181 1876/2891/3266
s off
f 1983/2918/3312 1986/2919/3313 1985/2920/3314 1982/2921/3315
s 22
f 1914/2757/3127 1878/2896/3271 1877/2897/3274 1913/2792/3128
s 18
f 1878/2896/3275 1914/2757/3083 1915/2760/3086 1879/2898/3276
f 1916/2776/3102 1880/2899/3277 1879/2898/3276 1915/2760/3086
s 24
f 1898/2922/3120 1918/2923/3316 1919/2924/3317 1806/2925/3117
s 37
f 1834/2926/3192 1920/2927/3318 1917/2928/3319 1897/2929/3193
f 1848/2930/3196 1921/2931/3320 1920/2927/3318 1834/2926/3192
s 24
f 1806/2925/3117 1919/2924/3317 1922/2932/3321 1845/2933/3136
s off
f 1845/2934/3322 1922/2935/3323 1921/2936/3324 1848/2937/3325
s 24
f 1801/2938/3306 1923/2939/3326 1918/2923/3316 1898/2922/3120
s 37
f 1897/2929/3193 1917/2928/3319 1924/2940/3327 1833/2941/3299
s off
f 1833/2942/3328 1924/2943/3329 1923/2944/3330 1801/2945/3331
s 47
f 1917/2946/3332 1925/2947/3333 1926/2948/3334 1918/2949/3335
s 48
f 1918/2923/3336 1926/2950/3337 1927/2951/3338 1919/2924/3339
s 49
f 1920/2927/3340 1928/2952/3341 1925/2953/3342 1917/2928/3343
s off
f 1921/2931/3344 1929/2954/3345 1928/2952/3346 1920/2927/3347
f 1919/2924/3348 1927/2951/3349 1930/2955/3350 1922/2932/3351
f 1922/2935/3352 1930/2956/3353 1929/2957/3354 1921/2936/3355
s 47
f 1925/2947/3333 1931/2958/3356 1932/2959/3357 1926/2948/3334
s 48
f 1926/2950/3337 1932/2960/3358 1933/2961/3359 1927/2951/3338
s off
f 1927/2962/3360 1933/2963/3361 1934/2964/3362 1928/2965/3363
s 49
f 1928/2952/3341 1934/2966/3364 1931/2967/3365 1925/2953/3342
s 22
f 1905/2968/3132 1936/2969/3366 1937/2970/3367 1804/2971/3129
s 34
f 1832/2972/3184 1938/2973/3368 1935/2974/3369 1904/2975/3185
s 22
f 1862/2976/3112 1940/2977/3370 1941/2978/3371 1801/2979/3109
s off
f 1801/2980/3372 1941/2981/3373 1942/2982/3374 1833/2983/3375
s 34
f 1833/2984/3188 1942/2985/3376 1939/2986/3377 1861/2987/3189
s 22
f 1804/2971/3129 1937/2970/3367 1940/2977/3370 1862/2976/3112
s 34
f 1861/2987/3189 1939/2986/3377 1938/2973/3368 1832/2972/3184
s off
f 1869/2988/3378 1943/2989/3379 1944/2990/3380 1870/2991/3381
s 22
f 1870/2992/3255 1944/2993/3382 1936/2969/3366 1905/2968/3132
s 34
f 1904/2975/3185 1935/2974/3369 1943/2994/3383 1869/2995/3248
s off
f 1936/2969/3384 1946/2996/3385 1947/2997/3386 1937/2970/3387
f 1938/2973/3388 1948/2998/3389 1945/2999/3390 1935/2974/3391
f 1937/2970/3392 1947/2997/3393 1949/3000/3394 1940/2977/3395
f 1940/3001/3396 1949/3002/3397 1950/3003/3398 1939/3004/3399
f 1939/2986/3400 1950/3005/3401 1948/2998/3402 1938/2973/3403
f 1943/2989/3404 1951/3006/3405 1952/3007/3406 1944/2990/3407
f 1944/2993/3408 1952/3008/3409 1946/2996/3410 1936/2969/3411
f 1935/2974/3412 1945/2999/3413 1951/3009/3414 1943/2994/3415
f 1946/2996/3416 1954/3010/3417 1955/3011/3418 1947/2997/3419
f 1947/3012/3420 1955/3013/3421 1956/3014/3422 1948/3015/3423
f 1948/2998/3424 1956/3016/3425 1953/3017/3426 1945/2999/3427
f 1951/3006/3428 1957/3018/3429 1958/3019/3430 1952/3007/3431
f 1952/3008/3432 1958/3020/3433 1954/3010/3434 1946/2996/3435
f 1945/2999/3436 1953/3017/3437 1957/3021/3438 1951/3009/3439
f 1953/3022/3440 1959/3023/3441 1960/3024/3442 1954/3025/3443
f 1954/3010/3444 1960/3026/3445 1961/3027/3446 1955/3011/3447
f 1955/3013/3448 1961/3028/3449 1962/3029/3450 1956/3014/3451
f 1956/3016/3452 1962/3030/3453 1959/3031/3454 1953/3017/3455
s 22
f 1913/3032/3128 1964/3033/3456 1965/3034/3457 1800/3035/3125
s 34
f 1831/3036/3180 1966/3037/3458 1963/3038/3459 1912/3039/3181
s 22
f 1800/3035/3125 1965/3034/3457 1967/3040/3460 1870/3041/3255
s off
f 1870/3042/3461 1967/3043/3462 1968/3044/3463 1869/3045/3464
s 34
f 1869/3046/3248 1968/3047/3465 1966/3037/3458 1831/3036/3180
s 22
f 1803/3048/3273 1969/3049/3466 1970/3050/3467 1877/3051/3274
s 34
f 1876/3052/3266 1971/3053/3468 1972/3054/3469 1830/3055/3263
s off
f 1830/3056/3470 1972/3057/3471 1969/3058/3472 1803/3059/3473
s 22
f 1877/3051/3274 1970/3050/3467 1964/3033/3456 1913/3032/3128
s 34
f 1912/3039/3181 1963/3038/3459 1971/3053/3468 1876/3052/3266
s off
f 1964/3033/3474 1974/3060/3475 1975/3061/3476 1965/3034/3477
f 1965/3062/3478 1975/3063/3479 1976/3064/3480 1966/3065/3481
f 1966/3037/3482 1976/3066/3483 1973/3067/3484 1963/3038/3485
f 1969/3049/3486 1977/3068/3487 1978/3069/3488 1970/3050/3489
f 1971/3053/3490 1979/3070/3491 1980/3071/3492 1972/3054/3493
f 1972/3057/3494 1980/3072/3495 1977/3073/3496 1969/3058/3497
f 1970/3050/3498 1978/3069/3499 1974/3060/3500 1964/3033/3501
f 1963/3038/3502 1973/3067/3503 1979/3070/3504 1971/3053/3505
f 1977/3068/3506 1981/3074/3507 1982/3075/3508 1978/3069/3509
f 1979/3070/3510 1983/3076/3511 1984/3077/3512 1980/3071/3513
f 1980/3072/3514 1984/3078/3515 1981/3079/3516 1977/3073/3517
f 1978/3069/3518 1982/3075/3519 1985/3080/3520 1974/3060/3521
f 1974/2811/3522 1985/2920/3523 1986/2919/3524 1973/2808/3525
f 1973/3067/3526 1986/3081/3527 1983/3076/3528 1979/3070/3529
f 1981/3074/3530 1987/3082/3531 1988/3083/3532 1982/3075/3533
f 1982/3084/3534 1988/3085/3535 1989/3086/3536 1983/3087/3537
f 1983/3076/3538 1989/3088/3539 1990/3089/3540 1984/3077/3541
f 1984/3078/3542 1990/3090/3543 1987/3091/3544 1981/3079/3545
s 50
f 1890/3092/3546 1991/3093/3547 1992/3094/3548 1891/3095/3549
s off
f 1891/3096/3550 2026/3097/3551 2025/3098/3552 1802/3099/3553
f 1829/3100/3554 2020/3101/3555 2019/3102/3556 1890/3103/3557
f 1884/3104/3558 1996/3105/3559 1997/3106/3560 1803/3107/3561
f 1803/3108/3562 1997/3109/3563 1998/3110/3564 1830/3111/3565
f 1830/3112/3566 1998/3113/3567 1995/3114/3568 1883/3115/3569
f 1802/3116/3570 1993/3117/3571 1996/3105/3572 1884/3104/3573
f 1883/3115/3574 1995/3114/3575 1994/3118/3576 1829/3119/3577
s 50
f 1991/3093/3578 1999/3120/3579 2000/3121/3580 1992/3094/3548
s off
f 2026/3097/3581 2028/3122/3582 2027/3123/3583 2025/3098/3584
f 2020/3101/3585 2022/3124/3586 2021/3125/3587 2019/3102/3588
f 1993/3117/3589 2001/3126/3590 2003/3127/3591 1996/3105/3592
f 1996/3128/3593 2003/3129/3594 2004/3130/3595 1995/3131/3596
f 1995/3114/3597 2004/3132/3598 2002/3133/3599 1994/3118/3600
s 50
f 1999/3120/3601 2005/3134/3602 2006/3135/3603 2000/3121/3580
s off
f 2028/3122/3604 2030/3136/3605 2029/3137/3606 2027/3123/3607
s 53
f 2001/3138/3608 2007/3139/3609 2008/3140/3610 2002/3141/3611
s off
f 2022/3124/3612 2024/3142/3613 2023/3143/3614 2021/3125/3615
f 1846/3144/3616 2009/3145/3617 2010/3146/3618 1842/3147/3619
s 25
f 1842/3148/3135 2010/3149/3620 2011/3150/3621 1805/3151/3133
s 31
f 1828/3152/3169 2012/3153/3622 2009/3154/3623 1846/3155/3166
s 25
f 1805/3151/3133 2011/3150/3621 2013/3156/3624 1891/3157/3124
s off
f 1891/3158/3625 2013/3159/3626 2014/3160/3627 1890/3161/3628
s 31
f 1890/3162/3173 2014/3163/3629 2012/3153/3622 1828/3152/3169
s off
f 2009/3145/3630 2015/3164/3631 2016/3165/3632 2010/3146/3633
f 2010/3149/3634 2016/3166/3635 2017/3167/3636 2011/3150/3637
f 2011/3168/3638 2017/3169/3639 2018/3170/3640 2012/3171/3641
f 2012/3153/3642 2018/3172/3643 2015/3173/3644 2009/3154/3645
f 1890/3092/3646 2019/3174/3647 1991/3093/3648
f 1994/3175/3649 2020/3176/3650 1829/3177/3651
f 1991/3093/3652 2019/3174/3653 2021/3178/3654 1999/3120/3655
f 2002/3141/3656 2022/3179/3657 2020/3176/3658 1994/3175/3659
f 1999/3120/3660 2021/3178/3661 2023/3180/3662 2005/3134/3663
f 2005/2800/3664 2023/3181/3665 2024/3182/3666 2008/2801/3667
f 2008/3140/3668 2024/3183/3669 2022/3179/3670 2002/3141/3671
s 53
f 1802/3184/3672 2025/3185/3673 1993/3186/3674
s 50
f 1992/3094/3548 2026/3187/3675 1891/3095/3549
s 53
f 1993/3186/3674 2025/3185/3673 2027/3188/3676 2001/3138/3608
s 50
f 2000/3121/3580 2028/3189/3677 2026/3187/3675 1992/3094/3548
s 53
f 2001/3138/3608 2027/3188/3676 2029/3190/3678 2007/3139/3609
s 30
f 2007/2802/3144 2029/3191/3679 2030/3192/3680 2006/2803/3145
s 50
f 2006/3135/3603 2030/3193/3681 2028/3189/3677 2000/3121/3580
s 55
f 2123/3194/3682 2124/3195/3683 2040/3196/3684 2041/3197/3685
f 2153/3198/3686 2154/3199/3687 2044/3200/3688 2045/3201/3689
f 2173/3202/3690 2174/3203/3691 2046/3204/3692 2047/3205/3693
f 2163/3206/3694 2164/3207/3695 2043/3208/3696 2042/3209/3697
f 2193/3210/3698 2194/3211/3699 2050/3212/3700 2051/3213/3701
f 2183/3214/3702 2184/3215/3703 2039/3216/3704 2038/3217/3705
f 2088/3218/3706 2049/3219/3707 2048/3220/3708 2087/3221/3709
f 2047/3205/3693 2046/3204/3692 2089/3222/3710 2090/3223/3711
f 2091/3224/3712 2052/3225/3713 2049/3219/3707 2088/3218/3706
f 2043/3208/3696 2164/3207/3695 2165/3226/3714 2053/3227/3715
f 2044/3200/3688 2154/3199/3687 2155/3228/3716 2054/3229/3717
f 2050/3212/3700 2194/3211/3699 2195/3230/3718 2055/3231/3719
f 2039/3216/3704 2184/3215/3703 2185/3232/3720 2056/3233/3721
f 2040/3196/3684 2124/3195/3683 2125/3234/3722 2057/3235/3723
f 2046/3204/3692 2174/3203/3691 2175/3236/3724 2058/3237/3725
f 2089/3222/3710 2046/3204/3692 2058/3237/3725 2092/3238/3726
f 2093/3239/3727 2059/3240/3728 2052/3225/3713 2091/3224/3712
f 2053/3227/3715 2165/3226/3714 2166/3241/3729 2060/3242/3730
f 2054/3229/3717 2155/3228/3716 2156/3243/3731 2061/3244/3732
f 2055/3231/3719 2195/3230/3718 2196/3245/3733 2062/3246/3734
f 2056/3233/3721 2185/3232/3720 2186/3247/3735 2063/3248/3736
f 2057/3235/3723 2125/3234/3722 2126/3249/3737 2064/3250/3738
f 2058/3237/3725 2175/3236/3724 2176/3251/3739 2065/3252/3740
f 2092/3238/3726 2058/3237/3725 2065/3252/3740 2094/3253/3741
f 2095/3254/3742 2066/3255/3743 2059/3240/3728 2093/3239/3727
f 2060/3242/3730 2166/3241/3729 2167/3256/3744 2067/3257/3745
f 2061/3244/3732 2156/3243/3731 2157/3258/3746 2068/3259/3747
f 2062/3246/3734 2196/3245/3733 2197/3260/3748 2069/3261/3749
f 2063/3248/3736 2186/3247/3735 2187/3262/3750 2070/3263/3751
f 2064/3250/3738 2126/3249/3737 2127/3264/3752 2071/3265/3753
f 2065/3252/3740 2176/3251/3739 2177/3266/3754 2072/3267/3755
f 2094/3253/3741 2065/3252/3740 2072/3267/3755 2096/3268/3756
f 2097/3269/3757 2098/3270/3758 2066/3255/3743 2095/3254/3742
f 2067/3257/3745 2167/3256/3744 2168/3271/3759 2099/3272/3760
f 2068/3259/3747 2157/3258/3746 2158/3273/3761 2100/3274/3762
f 2069/3261/3749 2197/3260/3748 2198/3275/3763 2101/3276/3764
f 2070/3263/3751 2187/3262/3750 2188/3277/3765 2102/3278/3766
f 2071/3265/3753 2127/3264/3752 2128/3279/3767 2103/3280/3768
f 2072/3267/3755 2177/3266/3754 2178/3281/3769 2104/3282/3770
f 2096/3268/3756 2072/3267/3755 2104/3282/3770 2105/3283/3771
s 61
f 2032/3284/3772 2122/3285/3773 2123/3194/3774 2041/3197/3775
s 62
f 2034/3286/3776 2152/3287/3777 2153/3198/3778 2045/3201/3779
s 63
f 2037/3288/3780 2172/3289/3781 2173/3202/3782 2047/3205/3783
s 64
f 2033/3290/3784 2162/3291/3785 2163/3206/3786 2042/3209/3787
s 61
f 2031/3292/3788 2192/3293/3789 2193/3210/3790 2051/3213/3791
f 2035/3294/3792 2182/3295/3793 2183/3214/3794 2038/3217/3795
s 64
f 2036/3296/3796 2087/3221/3797 2048/3220/3798
s 63
f 2090/3223/3799 2037/3288/3780 2047/3205/3800
s off
f 2297/3297/3801 2298/3298/3802 2299/3299/3803 2300/3300/3804
s 69
f 2287/3301/3805 2288/3302/3806 2289/3303/3807 2290/3304/3808
s off
f 2277/3305/3809 2278/3306/3810 2279/3307/3811 2280/3308/3812
f 2255/3309/3813 2256/3310/3814 2257/3311/3815 2258/3312/3816
f 2241/3313/3817 2242/3314/3818 2243/3315/3819 2244/3316/3820
f 2221/3317/3821 2222/3318/3822 2223/3319/3823 2224/3320/3824
f 2213/3321/3825 2214/3322/3826 2215/3323/3827 2216/3324/3828
s 70
f 2106/3325/3829 2073/3326/3830 2080/3327/3831 2107/3328/3832
f 2160/3329/3833 2161/3330/3834 2074/3331/3835 2081/3332/3836
s 72
f 2150/3333/3837 2151/3334/3838 2075/3335/3839 2082/3336/3840
s 73
f 2190/3337/3841 2191/3338/3842 2076/3339/3843 2083/3340/3844
f 2180/3341/3845 2181/3342/3846 2077/3343/3847 2084/3344/3848
f 2120/3345/3849 2121/3346/3850 2078/3347/3851 2085/3348/3852
s 76
f 2170/3349/3853 2171/3350/3854 2079/3351/3855 2086/3352/3856
f 2079/3351/3855 2108/3353/3857 2109/3354/3858 2086/3352/3859
s off
f 2107/3328/3860 2080/3327/3861 2110/3355/3862 2111/3356/3863
s 78
f 2159/3357/3864 2160/3329/3865 2081/3332/3866 2112/3358/3867
s 79
f 2149/3359/3868 2150/3333/3869 2082/3336/3870 2113/3360/3871
s 80
f 2189/3361/3872 2190/3337/3873 2083/3340/3874 2114/3362/3875
s 81
f 2179/3363/3876 2180/3341/3877 2084/3344/3878 2115/3364/3879
s 82
f 2119/3365/3880 2120/3345/3881 2085/3348/3882 2116/3366/3883
s 83
f 2169/3367/3884 2170/3349/3885 2086/3352/3886 2117/3368/3887
s off
f 2086/3352/3888 2109/3354/3889 2118/3369/3890 2117/3368/3891
f 2211/3370/3892 2210/3371/3893 2209/3372/3894 2212/3373/3895
s 82
f 2084/3344/3896 2120/3345/3881 2119/3365/3880 2115/3364/3897
s 73
f 2077/3343/3847 2121/3346/3850 2120/3345/3849 2084/3344/3898
s off
f 2229/3374/3899 2231/3375/3900 2232/3376/3901 2230/3377/3902
s 61
f 2123/3194/3774 2122/3285/3773 2035/3294/3792 2038/3217/3903
s 55
f 2038/3217/3705 2039/3216/3704 2124/3195/3683 2123/3194/3682
f 2125/3234/3722 2124/3195/3683 2039/3216/3704 2056/3233/3721
f 2126/3249/3737 2125/3234/3722 2056/3233/3721 2063/3248/3736
f 2127/3264/3752 2126/3249/3737 2063/3248/3736 2070/3263/3751
f 2128/3279/3767 2127/3264/3752 2070/3263/3751 2102/3278/3766
s 81
f 2083/3340/3904 2130/3378/3905 2129/3379/3906 2114/3362/3907
s 73
f 2076/3339/3843 2131/3380/3908 2130/3378/3909 2083/3340/3910
s off
f 2247/3381/3911 2249/3382/3912 2250/3383/3913 2248/3384/3914
s 61
f 2133/3385/3915 2132/3386/3916 2031/3292/3788 2051/3213/3917
s 55
f 2051/3213/3701 2050/3212/3700 2134/3387/3918 2133/3385/3919
f 2135/3388/3920 2134/3387/3918 2050/3212/3700 2055/3231/3719
f 2136/3389/3921 2135/3388/3920 2055/3231/3719 2062/3246/3734
f 2137/3390/3922 2136/3389/3921 2062/3246/3734 2069/3261/3749
f 2138/3391/3923 2137/3390/3922 2069/3261/3749 2101/3276/3764
s 80
f 2082/3336/3924 2140/3392/3925 2139/3393/3926 2113/3360/3927
s 73
f 2075/3335/3928 2141/3394/3929 2140/3392/3930 2082/3336/3931
s off
f 2269/3395/3932 2270/3396/3933 2271/3397/3934 2272/3398/3935
s 61
f 2143/3399/3936 2142/3400/3937 2034/3286/3938 2045/3201/3939
s 55
f 2045/3201/3689 2044/3200/3688 2144/3401/3940 2143/3399/3941
f 2145/3402/3942 2144/3401/3940 2044/3200/3688 2054/3229/3717
f 2146/3403/3943 2145/3402/3942 2054/3229/3717 2061/3244/3732
f 2147/3404/3944 2146/3403/3943 2061/3244/3732 2068/3259/3747
f 2148/3405/3945 2147/3404/3944 2068/3259/3747 2100/3274/3762
s 79
f 2081/3332/3946 2150/3333/3869 2149/3359/3868 2112/3358/3947
s 72
f 2074/3331/3948 2151/3334/3838 2150/3333/3837 2081/3332/3949
s off
f 2283/3406/3950 2285/3407/3951 2286/3408/3952 2284/3409/3953
s 62
f 2153/3198/3778 2152/3287/3777 2033/3290/3954 2042/3209/3955
s 55
f 2042/3209/3697 2043/3208/3696 2154/3199/3687 2153/3198/3686
f 2155/3228/3716 2154/3199/3687 2043/3208/3696 2053/3227/3715
f 2156/3243/3731 2155/3228/3716 2053/3227/3715 2060/3242/3730
f 2157/3258/3746 2156/3243/3731 2060/3242/3730 2067/3257/3745
f 2158/3273/3761 2157/3258/3746 2067/3257/3745 2099/3272/3760
s 78
f 2080/3327/3956 2160/3329/3865 2159/3357/3864 2110/3355/3957
s 70
f 2073/3326/3830 2161/3330/3834 2160/3329/3833 2080/3327/3958
s off
f 2293/3410/3959 2295/3411/3960 2296/3412/3961 2294/3413/3962
s 64
f 2163/3206/3786 2162/3291/3785 2036/3296/3796 2048/3220/3963
s 55
f 2048/3220/3708 2049/3219/3707 2164/3207/3695 2163/3206/3694
f 2165/3226/3714 2164/3207/3695 2049/3219/3707 2052/3225/3713
f 2166/3241/3729 2165/3226/3714 2052/3225/3713 2059/3240/3728
f 2167/3256/3744 2166/3241/3729 2059/3240/3728 2066/3255/3743
f 2168/3271/3759 2167/3256/3744 2066/3255/3743 2098/3270/3758
s 83
f 2085/3348/3964 2170/3349/3885 2169/3367/3884 2116/3366/3965
s 76
f 2078/3347/3966 2171/3350/3854 2170/3349/3853 2085/3348/3967
s off
f 2205/3414/3968 2200/3415/3969 2199/3416/3970 2206/3417/3971
s 63
f 2173/3202/3782 2172/3289/3781 2032/3284/3972 2041/3197/3973
s 55
f 2041/3197/3685 2040/3196/3684 2174/3203/3691 2173/3202/3690
f 2175/3236/3724 2174/3203/3691 2040/3196/3684 2057/3235/3723
f 2176/3251/3739 2175/3236/3724 2057/3235/3723 2064/3250/3738
f 2177/3266/3754 2176/3251/3739 2064/3250/3738 2071/3265/3753
f 2178/3281/3769 2177/3266/3754 2071/3265/3753 2103/3280/3768
s 81
f 2129/3379/3906 2130/3378/3905 2180/3341/3877 2179/3363/3876
s 73
f 2130/3378/3909 2131/3380/3908 2181/3342/3846 2180/3341/3845
s off
f 2239/3418/3974 2240/3419/3975 2236/3420/3976 2235/3421/3977
s 61
f 2183/3214/3794 2182/3295/3793 2132/3386/3916 2133/3385/3915
s 55
f 2133/3385/3919 2134/3387/3918 2184/3215/3703 2183/3214/3702
f 2185/3232/3720 2184/3215/3703 2134/3387/3918 2135/3388/3920
f 2186/3247/3735 2185/3232/3720 2135/3388/3920 2136/3389/3921
f 2187/3262/3750 2186/3247/3735 2136/3389/3921 2137/3390/3922
f 2188/3277/3765 2187/3262/3750 2137/3390/3922 2138/3391/3923
s 80
f 2139/3393/3926 2140/3392/3925 2190/3337/3873 2189/3361/3872
s 73
f 2140/3392/3930 2141/3394/3929 2191/3338/3842 2190/3337/3841
s off
f 2265/3422/3978 2264/3423/3979 2267/3424/3980 2268/3425/3981
s 61
f 2193/3210/3790 2192/3293/3789 2142/3400/3937 2143/3399/3936
s 55
f 2143/3399/3941 2144/3401/3940 2194/3211/3699 2193/3210/3698
f 2195/3230/3718 2194/3211/3699 2144/3401/3940 2145/3402/3942
f 2196/3245/3733 2195/3230/3718 2145/3402/3942 2146/3403/3943
f 2197/3260/3748 2196/3245/3733 2146/3403/3943 2147/3404/3944
f 2198/3275/3763 2197/3260/3748 2147/3404/3944 2148/3405/3945
s 63
f 2172/3426/3781 2037/3427/3780 2201/3428/3982 2200/3429/3983
s 76
f 2079/3430/3855 2171/3431/3854 2199/3432/3984 2202/3433/3985
f 2108/3434/3857 2079/3430/3855 2202/3433/3985 2203/3435/3986
s 63
f 2037/3427/3780 2090/3436/3799 2204/3437/3987 2201/3428/3982
s off
f 2090/3438/3988 2108/3439/3989 2203/3440/3990 2204/3441/3991
s 63
f 2032/3442/3972 2172/3426/3781 2200/3429/3983 2205/3443/3992
s 76
f 2171/3431/3854 2078/3444/3966 2206/3445/3993 2199/3432/3984
s off
f 2078/3446/3994 2032/3447/3995 2205/3448/3996 2206/3449/3997
s 86
f 2199/3450/3998 2200/3451/3999 2208/3452/4000 2207/3453/4001
s 87
f 2200/3429/4002 2201/3428/4003 2209/3454/4004 2208/3455/4005
s 88
f 2202/3433/4006 2199/3432/4007 2207/3456/4008 2210/3457/4009
s off
f 2203/3435/4010 2202/3433/4011 2210/3457/4012 2211/3458/4013
f 2201/3428/4014 2204/3437/4015 2212/3459/4016 2209/3454/4017
f 2204/3441/4018 2203/3440/4019 2211/3460/4020 2212/3461/4021
s 86
f 2207/3453/4001 2208/3452/4000 2214/3462/4022 2213/3463/4023
s 87
f 2208/3455/4005 2209/3454/4004 2215/3464/4024 2214/3465/4025
s off
f 2209/3466/4026 2210/3467/4027 2216/3468/4028 2215/3469/4029
s 88
f 2210/3457/4009 2207/3456/4008 2213/3470/4030 2216/3471/4031
s 61
f 2182/3472/3793 2035/3473/3792 2219/3474/4032 2218/3475/4033
s 73
f 2077/3476/3847 2181/3477/3846 2217/3478/4034 2220/3479/4035
s 61
f 2122/3480/3773 2032/3481/3772 2223/3482/4036 2222/3483/4037
s off
f 2032/3484/4038 2078/3485/4039 2224/3486/4040 2223/3487/4041
s 73
f 2078/3488/3851 2121/3489/3850 2221/3490/4042 2224/3491/4043
s 61
f 2035/3473/3792 2122/3480/3773 2222/3483/4037 2219/3474/4032
s 73
f 2121/3489/3850 2077/3476/3847 2220/3479/4035 2221/3490/4042
s off
f 2131/3492/4044 2132/3493/4045 2226/3494/4046 2225/3495/4047
s 61
f 2132/3496/3916 2182/3472/3793 2218/3475/4033 2226/3497/4048
s 73
f 2181/3477/3846 2131/3498/3908 2225/3499/4049 2217/3478/4034
s off
f 2218/3475/4050 2219/3474/4051 2229/3500/4052 2228/3501/4053
f 2220/3479/4054 2217/3478/4055 2227/3502/4056 2230/3503/4057
f 2219/3474/4058 2222/3483/4059 2231/3504/4060 2229/3500/4061
f 2222/3505/4062 2221/3506/4063 2232/3507/4064 2231/3508/4065
f 2221/3490/4066 2220/3479/4067 2230/3503/4068 2232/3509/4069
f 2225/3495/4070 2226/3494/4071 2234/3510/4072 2233/3511/4073
f 2226/3497/4074 2218/3475/4075 2228/3501/4076 2234/3512/4077
f 2217/3478/4078 2225/3499/4079 2233/3513/4080 2227/3502/4081
f 2228/3501/4082 2229/3500/4083 2237/3514/4084 2236/3515/4085
f 2229/3516/4086 2230/3517/4087 2238/3518/4088 2237/3519/4089
f 2230/3503/4090 2227/3502/4091 2235/3520/4092 2238/3521/4093
f 2233/3511/4094 2234/3510/4095 2240/3522/4096 2239/3523/4097
f 2234/3512/4098 2228/3501/4099 2236/3515/4100 2240/3524/4101
f 2227/3502/4102 2233/3513/4103 2239/3525/4104 2235/3520/4105
f 2235/3526/4106 2236/3527/4107 2242/3528/4108 2241/3529/4109
f 2236/3515/4110 2237/3514/4111 2243/3530/4112 2242/3531/4113
f 2237/3519/4114 2238/3518/4115 2244/3532/4116 2243/3533/4117
f 2238/3521/4118 2235/3520/4119 2241/3534/4120 2244/3535/4121
s 61
f 2192/3536/3789 2031/3537/3788 2247/3538/4122 2246/3539/4123
s 73
f 2076/3540/3843 2191/3541/3842 2245/3542/4124 2248/3543/4125
s 61
f 2031/3537/3788 2132/3544/3916 2249/3545/4126 2247/3538/4122
s off
f 2132/3546/4127 2131/3547/4128 2250/3548/4129 2249/3549/4130
s 73
f 2131/3550/3908 2076/3540/3843 2248/3543/4125 2250/3551/4131
s 61
f 2034/3552/3938 2142/3553/3937 2252/3554/4132 2251/3555/4133
s 73
f 2141/3556/3929 2075/3557/3928 2254/3558/4134 2253/3559/4135
s off
f 2075/3560/4136 2034/3561/4137 2251/3562/4138 2254/3563/4139
s 61
f 2142/3553/3937 2192/3536/3789 2246/3539/4123 2252/3554/4132
s 73
f 2191/3541/3842 2141/3556/3929 2253/3559/4135 2245/3542/4124
s off
f 2246/3539/4140 2247/3538/4141 2257/3564/4142 2256/3565/4143
f 2247/3566/4144 2248/3567/4145 2258/3568/4146 2257/3569/4147
f 2248/3543/4148 2245/3542/4149 2255/3570/4150 2258/3571/4151
f 2251/3555/4152 2252/3554/4153 2260/3572/4154 2259/3573/4155
f 2253/3559/4156 2254/3558/4157 2262/3574/4158 2261/3575/4159
f 2254/3563/4160 2251/3562/4161 2259/3576/4162 2262/3577/4163
f 2252/3554/4164 2246/3539/4165 2256/3565/4166 2260/3572/4167
f 2245/3542/4168 2253/3559/4169 2261/3575/4170 2255/3570/4171
f 2259/3573/4172 2260/3572/4173 2264/3578/4174 2263/3579/4175
f 2261/3575/4176 2262/3574/4177 2266/3580/4178 2265/3581/4179
f 2262/3577/4180 2259/3576/4181 2263/3582/4182 2266/3583/4183
f 2260/3572/4184 2256/3565/4185 2267/3584/4186 2264/3578/4187
f 2256/3310/4188 2255/3309/4189 2268/3425/4190 2267/3424/4191
f 2255/3570/4192 2261/3575/4193 2265/3581/4194 2268/3585/4195
f 2263/3579/4196 2264/3578/4197 2270/3586/4198 2269/3587/4199
f 2264/3588/4200 2265/3589/4201 2271/3590/4202 2270/3591/4203
f 2265/3581/4204 2266/3580/4205 2272/3592/4206 2271/3593/4207
f 2266/3583/4208 2263/3582/4209 2269/3594/4210 2272/3595/4211
s 89
f 2161/3596/4212 2162/3597/4213 2274/3598/4214 2273/3599/4215
s off
f 2162/3600/4216 2033/3601/4217 2307/3602/4218 2308/3603/4219
f 2074/3604/4220 2161/3605/4221 2301/3606/4222 2302/3607/4223
f 2152/3608/4224 2034/3609/4225 2279/3610/4226 2278/3611/4227
f 2034/3612/4228 2075/3613/4229 2280/3614/4230 2279/3615/4231
f 2075/3616/4232 2151/3617/4233 2277/3618/4234 2280/3619/4235
f 2033/3620/4236 2152/3608/4237 2278/3611/4238 2275/3621/4239
f 2151/3617/4240 2074/3622/4241 2276/3623/4242 2277/3618/4243
s 89
f 2273/3599/4244 2274/3598/4214 2282/3624/4245 2281/3625/4246
s off
f 2308/3603/4247 2307/3602/4248 2309/3626/4249 2310/3627/4250
f 2302/3607/4251 2301/3606/4252 2303/3628/4253 2304/3629/4254
f 2275/3621/4255 2278/3611/4256 2285/3630/4257 2283/3631/4258
f 2278/3632/4259 2277/3633/4260 2286/3634/4261 2285/3635/4262
f 2277/3618/4263 2276/3623/4264 2284/3636/4265 2286/3637/4266
s 89
f 2281/3625/4267 2282/3624/4245 2288/3638/4268 2287/3639/4269
s off
f 2310/3627/4270 2309/3626/4271 2311/3640/4272 2312/3641/4273
s 92
f 2283/3642/4274 2284/3643/4275 2290/3644/4276 2289/3645/4277
s off
f 2304/3629/4278 2303/3628/4279 2305/3646/4280 2306/3647/4281
f 2106/3648/4282 2087/3649/4283 2292/3650/4284 2291/3651/4285
s 64
f 2087/3652/3797 2036/3653/3796 2293/3654/4286 2292/3655/4287
s 70
f 2073/3656/3830 2106/3657/3829 2291/3658/4288 2294/3659/4289
s 64
f 2036/3653/3796 2162/3660/3785 2295/3661/4290 2293/3654/4286
s off
f 2162/3662/4291 2161/3663/4292 2296/3664/4293 2295/3665/4294
s 70
f 2161/3666/3834 2073/3656/3830 2294/3659/4289 2296/3667/4295
s off
f 2291/3651/4296 2292/3650/4297 2298/3668/4298 2297/3669/4299
f 2292/3655/4300 2293/3654/4301 2299/3670/4302 2298/3671/4303
f 2293/3672/4304 2294/3673/4305 2300/3674/4306 2299/3675/4307
f 2294/3659/4308 2291/3658/4309 2297/3676/4310 2300/3677/4311
f 2161/3596/4312 2273/3599/4313 2301/3678/4314
f 2276/3679/4315 2074/3680/4316 2302/3681/4317
f 2273/3599/4318 2281/3625/4319 2303/3682/4320 2301/3678/4321
f 2284/3643/4322 2276/3679/4323 2302/3681/4324 2304/3683/4325
f 2281/3625/4326 2287/3639/4327 2305/3684/4328 2303/3682/4329
f 2287/3301/4330 2290/3304/4331 2306/3685/4332 2305/3686/4333
f 2290/3644/4334 2284/3643/4335 2304/3683/4336 2306/3687/4337
s 92
f 2033/3688/4338 2275/3689/4339 2307/3690/4340
s 89
f 2274/3598/4214 2162/3597/4213 2308/3691/4341
s 92
f 2275/3689/4339 2283/3642/4274 2309/3692/4342 2307/3690/4340
s 89
f 2282/3624/4245 2274/3598/4214 2308/3691/4341 2310/3693/4343
s 92
f 2283/3642/4274 2289/3645/4277 2311/3694/4344 2309/3692/4342
s 69
f 2289/3303/3807 2288/3302/3806 2312/3695/4345 2311/3696/4346
s 89
f 2288/3638/4268 2282/3624/4245 2310/3693/4343 2312/3697/4347
s 94
f 2341/3698/4348 2336/3699/4349 2335/3700/4350 2342/3701/4351
s 95
f 2333/3702/4352 2344/3703/4353 2343/3704/4354 2334/3705/4355
s off
f 2319/3706/4356 2313/3707/4357 2314/3708/4358 2320/3709/4359
s 96
f 2344/3710/4360 2333/3711/4361 2336/3712/4362 2341/3713/4363
s 94
f 2325/3714/4364 2339/3715/4365 2338/3716/4366 2326/3717/4367
s 95
f 2340/3718/4368 2328/3719/4369 2327/3720/4370 2337/3721/4371
s 96
f 2328/3722/4372 2340/3723/4373 2339/3724/4374 2325/3725/4375
s 94
f 2329/3726/4376 2351/3727/4377 2350/3728/4378 2330/3729/4379
s 95
f 2352/3730/4380 2332/3731/4381 2331/3732/4382 2349/3733/4383
s 96
f 2332/3734/4384 2352/3735/4385 2351/3736/4386 2329/3737/4387
s 94
f 2353/3738/4388 2329/3726/4376 2330/3729/4379 2354/3739/4389
s 95
f 2332/3731/4381 2356/3740/4390 2355/3741/4391 2331/3732/4382
s 96
f 2356/3742/4392 2332/3734/4384 2329/3737/4387 2353/3743/4393
s 95
f 2345/3744/4394 2333/3702/4352 2334/3705/4355 2346/3745/4395
s 94
f 2336/3699/4349 2348/3746/4396 2347/3747/4397 2335/3700/4350
s 96
f 2333/3711/4361 2345/3748/4398 2348/3749/4399 2336/3712/4362
s 94
f 2339/3715/4365 2321/3750/4400 2322/3751/4401 2338/3716/4366
s 96
f 2340/3723/4373 2324/3752/4402 2321/3753/4403 2339/3724/4374
s 95
f 2324/3754/4404 2340/3718/4368 2337/3721/4371 2323/3755/4405
s 94
f 2321/3750/4400 2341/3698/4348 2342/3701/4351 2322/3751/4401
s 95
f 2344/3703/4353 2324/3754/4404 2323/3755/4405 2343/3704/4354
s 96
f 2324/3752/4402 2344/3710/4360 2341/3713/4363 2321/3753/4403
s 95
f 2317/3756/4406 2345/3744/4394 2346/3745/4395 2318/3757/4407
s 94
f 2348/3746/4396 2315/3758/4408 2316/3759/4409 2347/3747/4397
s 96
f 2345/3748/4398 2317/3760/4410 2315/3761/4411 2348/3749/4399
s 94
f 2351/3727/4377 2325/3714/4364 2326/3717/4367 2350/3728/4378
s 96
f 2352/3762/4385 2328/3722/4372 2325/3725/4375 2351/3763/4386
s 95
f 2328/3719/4369 2352/3730/4380 2349/3733/4383 2327/3720/4370
s 94
f 2313/3764/4412 2353/3738/4388 2354/3739/4389 2314/3765/4413
s 95
f 2356/3740/4390 2319/3766/4414 2320/3767/4415 2355/3741/4391
s 96
f 2319/3768/4416 2356/3742/4392 2353/3743/4393 2313/3769/4417
s 101
f 2385/3770/4418 2380/3771/4419 2379/3772/4420 2386/3773/4421
s 102
f 2377/3774/4422 2388/3775/4423 2387/3776/4424 2378/3777/4425
s off
f 2363/3778/4426 2357/3779/4427 2358/3780/4428 2364/3781/4429
s 103
f 2388/3782/4430 2377/3783/4431 2380/3784/4432 2385/3785/4433
s 101
f 2369/3786/4434 2383/3787/4435 2382/3788/4436 2370/3789/4437
s 102
f 2384/3790/4438 2372/3791/4439 2371/3792/4440 2381/3793/4441
s 103
f 2372/3794/4442 2384/3795/4443 2383/3796/4444 2369/3797/4445
s 101
f 2373/3798/4446 2395/3799/4447 2394/3800/4448 2374/3801/4449
s 102
f 2396/3802/4450 2376/3803/4451 2375/3804/4452 2393/3805/4453
s 103
f 2376/3806/4454 2396/3807/4455 2395/3808/4456 2373/3809/4457
s 101
f 2397/3810/4458 2373/3798/4446 2374/3801/4449 2398/3811/4459
s 102
f 2376/3803/4451 2400/3812/4460 2399/3813/4461 2375/3804/4452
s 103
f 2400/3814/4462 2376/3806/4454 2373/3809/4457 2397/3815/4463
s 102
f 2389/3816/4464 2377/3774/4422 2378/3777/4425 2390/3817/4465
s 101
f 2380/3771/4419 2392/3818/4466 2391/3819/4467 2379/3772/4420
s 103
f 2377/3783/4431 2389/3820/4468 2392/3821/4469 2380/3784/4432
s 101
f 2383/3787/4435 2365/3822/4470 2366/3823/4471 2382/3788/4436
s 103
f 2384/3795/4443 2368/3824/4472 2365/3825/4473 2383/3796/4444
s 102
f 2368/3826/4474 2384/3790/4438 2381/3793/4441 2367/3827/4475
s 101
f 2365/3822/4470 2385/3770/4418 2386/3773/4421 2366/3823/4471
s 102
f 2388/3775/4423 2368/3826/4474 2367/3827/4475 2387/3776/4424
s 103
f 2368/3824/4472 2388/3782/4430 2385/3785/4433 2365/3825/4473
s 102
f 2361/3828/4476 2389/3816/4464 2390/3817/4465 2362/3829/4477
s 101
f 2392/3818/4466 2359/3830/4478 2360/3831/4479 2391/3819/4467
s 103
f 2389/3820/4468 2361/3832/4480 2359/3833/4481 2392/3821/4469
s 101
f 2395/3799/4447 2369/3786/4434 2370/3789/4437 2394/3800/4448
s 103
f 2396/3834/4455 2372/3794/4442 2369/3797/4445 2395/3835/4456
s 102
f 2372/3791/4439 2396/3802/4450 2393/3805/4453 2371/3792/4440
s 101
f 2357/3836/4482 2397/3810/4458 2398/3811/4459 2358/3837/4483
s 102
f 2400/3812/4460 2363/3838/4484 2364/3839/4485 2399/3813/4461
s 103
f 2363/3840/4486 2400/3814/4462 2397/3815/4463 2357/3841/4487
s 108
f 2429/3842/4488 2424/3843/4489 2423/3844/4490 2430/3845/4491
s 109
f 2421/3846/4492 2432/3847/4493 2431/3848/4494 2422/3849/4495
s off
f 2407/3850/4496 2401/3851/4497 2402/3852/4498 2408/3853/4499
s 110
f 2432/3854/4500 2421/3855/4501 2424/3856/4502 2429/3857/4503
s 108
f 2413/3858/4504 2427/3859/4505 2426/3860/4506 2414/3861/4507
s 109
f 2428/3862/4508 2416/3863/4509 2415/3864/4510 2425/3865/4511
s 110
f 2416/3866/4512 2428/3867/4513 2427/3868/4514 2413/3869/4515
s 108
f 2417/3870/4516 2439/3871/4517 2438/3872/4518 2418/3873/4519
s 109
f 2440/3874/4520 2420/3875/4521 2419/3876/4522 2437/3877/4523
s 110
f 2420/3878/4524 2440/3879/4525 2439/3880/4526 2417/3881/4527
s 108
f 2441/3882/4528 2417/3870/4516 2418/3873/4519 2442/3883/4529
s 109
f 2420/3875/4521 2444/3884/4530 2443/3885/4531 2419/3876/4522
s 110
f 2444/3886/4532 2420/3878/4524 2417/3881/4527 2441/3887/4533
s 109
f 2433/3888/4534 2421/3846/4492 2422/3849/4495 2434/3889/4535
s 108
f 2424/3843/4489 2436/3890/4536 2435/3891/4537 2423/3844/4490
s 110
f 2421/3855/4501 2433/3892/4538 2436/3893/4539 2424/3856/4502
s 108
f 2427/3859/4505 2409/3894/4540 2410/3895/4541 2426/3860/4506
s 110
f 2428/3867/4513 2412/3896/4542 2409/3897/4543 2427/3868/4514
s 109
f 2412/3898/4544 2428/3862/4508 2425/3865/4511 2411/3899/4545
s 108
f 2409/3894/4540 2429/3842/4488 2430/3845/4491 2410/3895/4541
s 109
f 2432/3847/4493 2412/3898/4544 2411/3899/4545 2431/3848/4494
s 110
f 2412/3896/4542 2432/3854/4500 2429/3857/4503 2409/3897/4543
s 109
f 2405/3900/4546 2433/3888/4534 2434/3889/4535 2406/3901/4547
s 108
f 2436/3890/4536 2403/3902/4548 2404/3903/4549 2435/3891/4537
s 110
f 2433/3892/4538 2405/3904/4550 2403/3905/4551 2436/3893/4539
s 108
f 2439/3871/4517 2413/3858/4504 2414/3861/4507 2438/3872/4518
s 110
f 2440/3906/4525 2416/3866/4512 2413/3869/4515 2439/3907/4526
s 109
f 2416/3863/4509 2440/3874/4520 2437/3877/4523 2415/3864/4510
s 108
f 2401/3908/4552 2441/3882/4528 2442/3883/4529 2402/3909/4553
s 109
f 2444/3884/4530 2407/3910/4554 2408/3911/4555 2443/3885/4531
s 110
f 2407/3912/4556 2444/3886/4532 2441/3887/4533 2401/3913/4557
s 115
f 2473/3914/4558 2474/3915/4559 2467/3916/4560 2468/3917/4561
s 116
f 2465/3918/4562 2466/3919/4563 2475/3920/4564 2476/3921/4565
s off
f 2451/3922/4566 2452/3923/4567 2446/3924/4568 2445/3925/4569
s 117
f 2476/3926/4570 2473/3927/4571 2468/3928/4572 2465/3929/4573
s 115
f 2457/3930/4574 2458/3931/4575 2470/3932/4576 2471/3933/4577
s 116
f 2472/3934/4578 2469/3935/4579 2459/3936/4580 2460/3937/4581
s 117
f 2460/3938/4582 2457/3939/4583 2471/3940/4584 2472/3941/4585
s 115
f 2461/3942/4586 2462/3943/4587 2482/3944/4588 2483/3945/4589
s 116
f 2484/3946/4590 2481/3947/4591 2463/3948/4592 2464/3949/4593
s 117
f 2464/3950/4594 2461/3951/4595 2483/3952/4596 2484/3953/4597
s 115
f 2485/3954/4598 2486/3955/4599 2462/3943/4587 2461/3942/4586
s 116
f 2464/3949/4593 2463/3948/4592 2487/3956/4600 2488/3957/4601
s 117
f 2488/3958/4602 2485/3959/4603 2461/3951/4595 2464/3950/4594
s 116
f 2477/3960/4604 2478/3961/4605 2466/3919/4563 2465/3918/4562
s 115
f 2468/3917/4561 2467/3916/4560 2479/3962/4606 2480/3963/4607
s 117
f 2465/3929/4573 2468/3928/4572 2480/3964/4608 2477/3965/4609
s 115
f 2471/3933/4577 2470/3932/4576 2454/3966/4610 2453/3967/4611
s 117
f 2472/3941/4585 2471/3940/4584 2453/3968/4612 2456/3969/4613
s 116
f 2456/3970/4614 2455/3971/4615 2469/3935/4579 2472/3934/4578
s 115
f 2453/3967/4611 2454/3966/4610 2474/3915/4559 2473/3914/4558
s 116
f 2476/3921/4565 2475/3920/4564 2455/3971/4615 2456/3970/4614
s 117
f 2456/3969/4613 2453/3968/4612 2473/3927/4571 2476/3926/4570
s 116
f 2449/3972/4616 2450/3973/4617 2478/3961/4605 2477/3960/4604
s 115
f 2480/3963/4607 2479/3962/4606 2448/3974/4618 2447/3975/4619
s 117
f 2477/3965/4609 2480/3964/4608 2447/3976/4620 2449/3977/4621
s 115
f 2483/3945/4589 2482/3944/4588 2458/3931/4575 2457/3930/4574
s 117
f 2484/3978/4597 2483/3979/4596 2457/3939/4583 2460/3938/4582
s 116
f 2460/3937/4581 2459/3936/4580 2481/3947/4591 2484/3946/4590
s 115
f 2445/3980/4622 2446/3981/4623 2486/3955/4599 2485/3954/4598
s 116
f 2488/3957/4601 2487/3956/4600 2452/3982/4624 2451/3983/4625
s 117
f 2451/3984/4626 2445/3985/4627 2485/3959/4603 2488/3958/4602
s 123
f 2517/3986/4628 2518/3987/4629 2511/3988/4630 2512/3989/4631
s 124
f 2509/3990/4632 2510/3991/4633 2519/3992/4634 2520/3993/4635
s off
f 2495/3994/4636 2496/3995/4637 2490/3996/4638 2489/3997/4639
s 125
f 2520/3998/4640 2517/3999/4641 2512/4000/4642 2509/4001/4643
s 123
f 2501/4002/4644 2502/4003/4645 2514/4004/4646 2515/4005/4647
s 124
f 2516/4006/4648 2513/4007/4649 2503/4008/4650 2504/4009/4651
s 125
f 2504/4010/4652 2501/4011/4653 2515/4012/4654 2516/4013/4655
s 123
f 2505/4014/4656 2506/4015/4657 2526/4016/4658 2527/4017/4659
s 124
f 2528/4018/4660 2525/4019/4661 2507/4020/4662 2508/4021/4663
s 125
f 2508/4022/4664 2505/4023/4665 2527/4024/4666 2528/4025/4667
s 123
f 2529/4026/4668 2530/4027/4669 2506/4015/4657 2505/4014/4656
s 124
f 2508/4021/4663 2507/4020/4662 2531/4028/4670 2532/4029/4671
s 125
f 2532/4030/4672 2529/4031/4673 2505/4023/4665 2508/4022/4664
s 124
f 2521/4032/4674 2522/4033/4675 2510/3991/4633 2509/3990/4632
s 123
f 2512/3989/4631 2511/3988/4630 2523/4034/4676 2524/4035/4677
s 125
f 2509/4001/4643 2512/4000/4642 2524/4036/4678 2521/4037/4679
s 123
f 2515/4005/4647 2514/4004/4646 2498/4038/4680 2497/4039/4681
s 125
f 2516/4013/4655 2515/4012/4654 2497/4040/4682 2500/4041/4683
s 124
f 2500/4042/4684 2499/4043/4685 2513/4007/4649 2516/4006/4648
s 123
f 2497/4039/4681 2498/4038/4680 2518/3987/4629 2517/3986/4628
s 124
f 2520/3993/4635 2519/3992/4634 2499/4043/4685 2500/4042/4684
s 125
f 2500/4041/4683 2497/4040/4682 2517/3999/4641 2520/3998/4640
s 124
f 2493/4044/4686 2494/4045/4687 2522/4033/4675 2521/4032/4674
s 123
f 2524/4035/4677 2523/4034/4676 2492/4046/4688 2491/4047/4689
s 125
f 2521/4037/4679 2524/4036/4678 2491/4048/4690 2493/4049/4691
s 123
f 2527/4017/4659 2526/4016/4658 2502/4003/4645 2501/4002/4644
s 125
f 2528/4050/4667 2527/4051/4666 2501/4011/4653 2504/4010/4652
s 124
f 2504/4009/4651 2503/4008/4650 2525/4019/4661 2528/4018/4660
s 123
f 2489/4052/4692 2490/4053/4693 2530/4027/4669 2529/4026/4668
s 124
f 2532/4029/4671 2531/4028/4670 2496/4054/4694 2495/4055/4695
s 125
f 2495/4056/4696 2489/4057/4697 2529/4031/4673 2532/4030/4672
s 131
f 2561/4058/4698 2562/4059/4699 2555/4060/4700 2556/4061/4701
s 132
f 2553/4062/4702 2554/4063/4703 2563/4064/4704 2564/4065/4705
s off
f 2539/4066/4706 2540/4067/4707 2534/4068/4708 2533/4069/4709
s 133
f 2564/4070/4710 2561/4071/4711 2556/4072/4712 2553/4073/4713
s 131
f 2545/4074/4714 2546/4075/4715 2558/4076/4716 2559/4077/4717
s 132
f 2560/4078/4718 2557/4079/4719 2547/4080/4720 2548/4081/4721
s 133
f 2548/4082/4722 2545/4083/4723 2559/4084/4724 2560/4085/4725
s 131
f 2549/4086/4726 2550/4087/4727 2570/4088/4728 2571/4089/4729
s 132
f 2572/4090/4730 2569/4091/4731 2551/4092/4732 2552/4093/4733
s 133
f 2552/4094/4734 2549/4095/4735 2571/4096/4736 2572/4097/4737
s 131
f 2573/4098/4738 2574/4099/4739 2550/4087/4727 2549/4086/4726
s 132
f 2552/4093/4733 2551/4092/4732 2575/4100/4740 2576/4101/4741
s 133
f 2576/4102/4742 2573/4103/4743 2549/4095/4735 2552/4094/4734
s 132
f 2565/4104/4744 2566/4105/4745 2554/4063/4703 2553/4062/4702
s 131
f 2556/4061/4701 2555/4060/4700 2567/4106/4746 2568/4107/4747
s 133
f 2553/4073/4713 2556/4072/4712 2568/4108/4748 2565/4109/4749
s 131
f 2559/4077/4717 2558/4076/4716 2542/4110/4750 2541/4111/4751
s 133
f 2560/4085/4725 2559/4084/4724 2541/4112/4752 2544/4113/4753
s 132
f 2544/4114/4754 2543/4115/4755 2557/4079/4719 2560/4078/4718
s 131
f 2541/4111/4751 2542/4110/4750 2562/4059/4699 2561/4058/4698
s 132
f 2564/4065/4705 2563/4064/4704 2543/4115/4755 2544/4114/4754
s 133
f 2544/4113/4753 2541/4112/4752 2561/4071/4711 2564/4070/4710
s 132
f 2537/4116/4756 2538/4117/4757 2566/4105/4745 2565/4104/4744
s 131
f 2568/4107/4747 2567/4106/4746 2536/4118/4758 2535/4119/4759
s 133
f 2565/4109/4749 2568/4108/4748 2535/4120/4760 2537/4121/4761
s 131
f 2571/4089/4729 2570/4088/4728 2546/4075/4715 2545/4074/4714
s 133
f 2572/4122/4737 2571/4123/4736 2545/4083/4723 2548/4082/4722
s 132
f 2548/4081/4721 2547/4080/4720 2569/4091/4731 2572/4090/4730
s 131
f 2533/4124/4762 2534/4125/4763 2574/4099/4739 2573/4098/4738
s 132
f 2576/4101/4741 2575/4100/4740 2540/4126/4764 2539/4127/4765
s 133
f 2539/4128/4766 2533/4129/4767 2573/4103/4743 2576/4102/4742
s 139
f 2621/4130/4768 2622/4131/4769 2619/4132/4770 2620/4133/4771
s off
f 2613/4134/4772 2614/4135/4773 2615/4136/4774 2616/4137/4775
f 2601/4138/4776 2602/4139/4777 2603/4140/4778 2604/4141/4779
s 140
f 2622/4142/4780 2623/4143/4781 2618/4144/4782 2619/4145/4783
s 141
f 2624/4146/4784 2621/4147/4785 2620/4148/4786 2617/4149/4787
s 139
f 2625/4150/4788 2626/4151/4789 2586/4152/4790 2585/4153/4791
s 140
f 2626/4154/4792 2627/4155/4793 2587/4156/4794 2586/4157/4795
s 141
f 2628/4158/4796 2625/4159/4797 2585/4160/4798 2588/4161/4799
s 140
f 2630/4162/4800 2631/4163/4801 2591/4164/4802 2590/4165/4803
s 139
f 2631/4166/4804 2632/4167/4805 2592/4168/4806 2591/4169/4807
s 141
f 2632/4170/4808 2629/4171/4809 2589/4172/4810 2592/4173/4811
s off
f 2590/4165/4812 2591/4164/4813 2595/4174/4814 2594/4175/4815
f 2591/4169/4816 2592/4168/4817 2596/4176/4818 2595/4177/4819
f 2592/4173/4820 2589/4172/4821 2593/4178/4822 2596/4179/4823
f 2594/4175/4824 2595/4174/4825 2599/4180/4826 2598/4181/4827
f 2595/4177/4828 2596/4176/4829 2600/4182/4830 2599/4183/4831
f 2596/4179/4832 2593/4178/4833 2597/4184/4834 2600/4185/4835
f 2598/4181/4836 2599/4180/4837 2603/4186/4838 2602/4187/4839
f 2599/4183/4840 2600/4182/4841 2604/4141/4842 2603/4140/4843
f 2600/4185/4844 2597/4184/4845 2601/4188/4846 2604/4189/4847
s 139
f 2579/4190/4848 2580/4191/4849 2606/4192/4850 2605/4193/4851
s 140
f 2580/4194/4852 2582/4195/4853 2607/4196/4854 2606/4197/4855
s 141
f 2581/4198/4856 2579/4199/4857 2605/4200/4858 2608/4201/4859
s 148
f 2637/4202/4860 2638/4203/4861 2610/4204/4862 2609/4205/4863
s 149
f 2638/4206/4864 2639/4207/4865 2611/4208/4866 2610/4209/4867
s 150
f 2639/4210/4868 2640/4211/4869 2612/4212/4870 2611/4213/4871
s 151
f 2640/4214/4872 2637/4215/4873 2609/4216/4874 2612/4217/4875
s 148
f 2633/4218/4876 2634/4219/4877 2614/4220/4878 2613/4221/4879
s 149
f 2634/4222/4880 2635/4223/4881 2615/4224/4882 2614/4225/4883
s 150
f 2635/4226/4884 2636/4227/4885 2616/4137/4886 2615/4136/4887
s 151
f 2636/4228/4888 2633/4229/4889 2613/4230/4890 2616/4231/4891
s 140
f 2619/4145/4783 2618/4144/4782 2582/4195/4853 2580/4194/4852
s 139
f 2620/4133/4771 2619/4132/4770 2580/4191/4849 2579/4190/4848
s 141
f 2617/4149/4787 2620/4148/4786 2579/4199/4857 2581/4198/4856
s 139
f 2585/4232/4791 2586/4233/4790 2622/4131/4769 2621/4130/4768
s 140
f 2586/4157/4795 2587/4156/4794 2623/4143/4781 2622/4142/4780
s 141
f 2588/4161/4799 2585/4160/4798 2621/4147/4785 2624/4146/4784
s 139
f 2577/4234/4892 2578/4235/4893 2626/4151/4789 2625/4150/4788
s 140
f 2578/4236/4894 2584/4237/4895 2627/4155/4793 2626/4154/4792
s 141
f 2583/4238/4896 2577/4239/4897 2625/4159/4797 2628/4158/4796
s 140
f 2584/4237/4895 2578/4236/4894 2631/4163/4801 2630/4162/4800
s 139
f 2578/4235/4893 2577/4234/4892 2632/4167/4805 2631/4166/4804
s 141
f 2577/4239/4897 2583/4238/4896 2629/4171/4809 2632/4170/4808
s 148
f 2609/4205/4863 2610/4204/4862 2634/4219/4877 2633/4218/4876
s 149
f 2610/4209/4867 2611/4208/4866 2635/4223/4881 2634/4222/4880
s 150
f 2611/4213/4871 2612/4212/4870 2636/4227/4885 2635/4226/4884
s 151
f 2612/4217/4875 2609/4216/4874 2633/4229/4889 2636/4228/4888
s 148
f 2605/4193/4898 2606/4192/4899 2638/4240/4861 2637/4241/4860
s 149
f 2606/4197/4900 2607/4196/4901 2639/4207/4865 2638/4206/4864
s 150
f 2607/4242/4902 2608/4243/4903 2640/4211/4869 2639/4210/4868
s 151
f 2608/4201/4904 2605/4200/4905 2637/4215/4873 2640/4214/4872
g default
v -11.535070 6.945049 -4.291288
v 7.959420 6.945049 -4.291288
v -11.535070 7.945049 -4.291288
v 7.959420 7.945049 -4.291288
v -11.535070 7.945049 -5.291288
v 7.959420 7.945049 -5.291288
v -11.535070 6.945049 -5.291288
v 7.959420 6.945049 -5.291288
v -1.862528 7.164501 -4.291288
v -1.862528 7.164501 -5.291288
v -1.862528 8.164501 -5.291288
v -1.862528 8.164501 -4.291288
vt 0.370730 0.554841
vt 0.370730 0.524531
vt 0.620853 0.517879
vt 0.620853 0.548189
vt 0.374810 0.488503
vt 0.374852 0.518813
vt 0.124720 0.512507
vt 0.124678 0.482197
vt 0.374662 0.589421
vt 0.374662 0.558770
vt 0.628647 0.558770
vt 0.628647 0.589421
vt 0.124540 0.558770
vt 0.124540 0.589421
vt 0.621160 0.511820
vt 0.621118 0.481510
vt 0.124412 0.517879
vt 0.124412 0.548189
vn -0.000000 0.000000 1.000000
vn -0.000000 0.000000 1.000000
vn -0.000000 0.000000 1.000000
vn -0.000000 0.000000 1.000000
vn 0.000000 0.000000 -1.000000
vn 0.000000 0.000000 -1.000000
vn 0.000000 0.000000 -1.000000
vn 0.000000 0.000000 -1.000000
vn -0.000000 -1.000000 0.000000
vn -0.000000 -1.000000 0.000000
vn -0.022337 -0.999750 0.000000
vn -0.022337 -0.999750 0.000000
vn 0.022682 -0.999743 0.000000
vn 0.022682 -0.999743 0.000000
vn 0.000000 0.000000 -1.000000
vn 0.000000 0.000000 -1.000000
vn 0.000000 0.000000 1.000000
vn 0.000000 0.000000 1.000000
s 1
g group7 group5 polySurface99
usemtl lambert2SG
f 2652/4244/4906 2649/4245/4907 2642/4246/4908 2644/4247/4909
s 2
f 2650/4248/4910 2651/4249/4911 2646/4250/4912 2648/4251/4913
s 3
f 2649/4252/4914 2650/4253/4915 2648/4254/4916 2642/4255/4917
f 2647/4256/4918 2650/4253/4915 2649/4252/4914 2641/4257/4919
s 2
f 2645/4258/4920 2651/4249/4911 2650/4248/4910 2647/4259/4921
s 1
f 2641/4260/4922 2649/4245/4907 2652/4244/4906 2643/4261/4923
