# This file uses centimeters as units for non-parametric coordinates.

mtllib M_ShipBack.mtl
g default
v -0.363869 0.226817 -27.621806
v -0.414684 0.069643 -28.387103
v -0.585021 1.761773 -27.833262
v -0.608900 1.810574 -29.846200
v 9.700792 1.761773 12.376821
v 10.512918 1.761773 12.376821
v 9.700792 0.226817 13.009938
v 10.700792 0.226817 13.009938
v 9.366800 1.761773 -8.327479
v 10.745520 1.761773 -8.327479
v 10.366800 0.226817 -7.694362
v 9.366800 0.226817 -7.694362
v 6.735846 1.761773 -21.945323
v 7.743301 1.854893 -21.952418
v 7.375792 0.254860 -21.333712
v 6.735847 0.226817 -21.312205
v 3.510050 1.761773 -26.178843
v 4.394462 1.970313 -27.296923
v 4.676405 0.199196 -25.889369
v 3.510051 0.226817 -25.545726
v 9.658264 0.226817 -12.822787
v 10.108597 1.761773 -13.455905
v 8.658264 1.761773 -13.455905
v 8.658264 0.226817 -12.822787
v 7.876745 1.761773 -17.555606
v 9.135239 1.761773 -17.555606
v 8.627657 0.226817 -16.922488
v 7.876746 0.226817 -16.922488
v 6.451998 0.271851 -23.675853
v 6.415054 1.876246 -24.825206
v 5.314884 1.761773 -24.285670
v 5.314885 0.226817 -23.652545
v 1.548028 1.761773 -27.482516
v 1.957160 1.938458 -29.093676
v 2.151376 0.197526 -27.634570
v 1.548029 0.226817 -26.849398
v 9.606041 0.226817 7.136232
v 10.606041 0.226817 7.136232
v 10.578905 1.761773 6.503118
v 9.606041 1.761773 6.503118
v 8.923309 3.642279 -4.142504
v 8.923309 3.642279 -14.211184
v 3.369611 3.642279 6.066774
v 3.656454 3.642279 -26.790713
v 0.768750 3.642279 -29.131648
v 6.137691 3.642279 6.066774
v 6.281567 3.642279 -22.388331
v 0.594967 10.556271 -27.927234
v 0.193440 10.556269 -4.142504
v 2.946404 10.556269 -4.142504
v 3.205742 10.556271 -25.810794
v 5.449028 10.556269 -4.142504
v 5.579106 10.556271 -21.830600
v 7.967508 10.556269 -4.142504
v 7.967508 10.556271 -14.437632
v 0.768753 12.601891 -29.131648
v 3.656456 12.601891 -26.790713
v 0.594967 12.601891 -27.927234
v 3.205742 12.601891 -25.810794
v 6.281564 12.601891 -22.388331
v 5.579108 12.601891 -21.830600
v 8.923309 12.601891 -4.142504
v 8.923309 12.601891 -14.211184
v 7.967508 12.601891 -14.437632
v 7.967508 12.601891 -4.142504
v 8.100887 3.642279 6.119402
v 8.923309 3.642279 0.633585
v 7.987636 7.023459 0.699629
v 8.923306 8.614128 0.633585
v 7.967508 8.614128 0.633585
v 8.041393 3.642273 7.431955
v 8.160381 3.642275 7.431955
v 8.923309 3.642275 7.431955
v 8.923309 6.190243 7.431955
v 7.967508 6.190243 7.431955
v 0.324635 3.642279 -0.877604
v 3.369611 3.642279 -0.877604
v 2.946404 10.556269 -0.877604
v 0.193440 10.556269 -0.877604
v 3.049382 8.867903 -1.939795
v 5.616599 8.867903 -1.939795
v 7.980999 8.922094 -1.958376
v 0.225363 9.172407 -0.877604
v 3.049382 9.172407 -0.877604
v 3.177008 6.787781 0.765669
v 5.824277 6.814261 0.765669
v 0.264928 7.457320 -0.877604
v 3.177008 7.457320 -0.877604
v 0.534161 9.130941 -0.875956
v 3.212347 8.826918 -0.875956
v 3.105515 10.901758 -0.875956
v 0.501043 11.205782 -0.875956
v 0.534161 9.130941 0.032060
v 3.212350 8.826918 0.032060
v 3.105517 10.901758 0.032060
v 0.501043 11.205782 0.032060
v 7.975546 9.710144 -3.025656
v 5.536335 9.676607 -2.994860
v 3.000057 9.676607 -2.994860
v 3.000057 9.835257 -0.877604
v 3.418705 9.820738 -0.875956
v 3.418705 9.820738 0.032060
v 0.518298 10.124762 0.032060
v 8.923309 3.642279 -2.006487
v 8.923309 10.818439 -2.006487
v 7.967508 10.818439 -2.006487
v 8.923309 3.642279 -3.080378
v 8.923306 11.715076 -3.080378
v 7.967506 11.715076 -3.080378
v 3.125294 8.085896 -0.898520
v 0.248760 8.158186 -0.877604
v 8.923309 3.642279 -1.010786
v 8.923309 9.987085 -1.010786
v 7.967508 9.987085 -1.010786
v 7.983504 8.206026 -0.955912
v 5.694925 8.093374 -0.919436
v -1.043424 3.642279 -29.296161
v -1.043424 10.556269 -4.142504
v -1.043424 10.556273 -28.072741
v -1.043424 12.601889 -29.296153
v -1.043424 12.601891 -28.072741
v -1.043424 3.642279 -0.877604
v -1.043424 10.556269 -0.877604
v -1.043424 8.994884 -0.877604
v -1.043424 7.457322 -0.877604
v -1.043424 9.285662 -0.875956
v -1.043424 11.359732 -0.875956
v -1.043424 9.285662 0.032064
v -1.043424 11.359730 0.032064
v -1.043424 10.279116 0.032064
v -1.043424 8.184002 -0.877604
v -11.010157 3.642279 -4.142504
v -11.010157 3.642279 -14.211184
v -5.456459 3.642279 6.066774
v -5.743302 3.642279 -26.790713
v -2.855598 3.642279 -29.131648
v -8.224539 3.642279 6.066774
v -8.368415 3.642279 -22.388331
v -2.681815 10.556271 -27.927234
v -2.280288 10.556269 -4.142504
v -5.033253 10.556269 -4.142504
v -5.292591 10.556271 -25.810794
v -7.535876 10.556269 -4.142504
v -7.665954 10.556271 -21.830600
v -10.054356 10.556269 -4.142504
v -10.054356 10.556271 -14.437632
v -2.855601 12.601891 -29.131648
v -5.743305 12.601891 -26.790713
v -2.681815 12.601891 -27.927234
v -5.292591 12.601891 -25.810794
v -8.368412 12.601891 -22.388331
v -7.665956 12.601891 -21.830600
v -11.010157 12.601891 -4.142504
v -11.010157 12.601891 -14.211184
v -10.054356 12.601891 -14.437632
v -10.054356 12.601891 -4.142504
v -10.187737 3.642279 6.119402
v -11.010157 3.642279 0.633585
v -10.074484 7.023459 0.699629
v -11.010155 8.614128 0.633585
v -10.054356 8.614128 0.633585
v -10.128242 3.642273 7.431955
v -10.247229 3.642275 7.431955
v -11.010157 3.642275 7.431955
v -11.010157 6.190243 7.431955
v -10.054356 6.190243 7.431955
v -2.411484 3.642279 -0.877604
v -5.456459 3.642279 -0.877604
v -5.033253 10.556269 -0.877604
v -2.280288 10.556269 -0.877604
v -5.136230 8.867903 -1.939795
v -7.703447 8.867903 -1.939795
v -10.067848 8.922094 -1.958376
v -2.312212 9.172407 -0.877604
v -5.136230 9.172407 -0.877604
v -5.263856 6.787781 0.765669
v -7.911126 6.814261 0.765669
v -2.351776 7.457320 -0.877604
v -5.263856 7.457320 -0.877604
v -2.621009 9.130941 -0.875956
v -5.299195 8.826918 -0.875956
v -5.192363 10.901758 -0.875956
v -2.587891 11.205782 -0.875956
v -2.621009 9.130941 0.032060
v -5.299198 8.826918 0.032060
v -5.192366 10.901758 0.032060
v -2.587891 11.205782 0.032060
v -10.062395 9.710144 -3.025656
v -7.623184 9.676607 -2.994860
v -5.086905 9.676607 -2.994860
v -5.086905 9.835257 -0.877604
v -5.505553 9.820738 -0.875956
v -5.505553 9.820738 0.032060
v -2.605146 10.124762 0.032060
v -11.010157 3.642279 -2.006487
v -11.010157 10.818439 -2.006487
v -10.054356 10.818439 -2.006487
v -11.010157 3.642279 -3.080378
v -11.010155 11.715076 -3.080378
v -10.054354 11.715076 -3.080378
v -5.212142 8.085896 -0.898520
v -2.335608 8.158186 -0.877604
v -11.010157 3.642279 -1.010786
v -11.010157 9.987085 -1.010786
v -10.054356 9.987085 -1.010786
v -10.070353 8.206026 -0.955912
v -7.781773 8.093374 -0.919436
v -1.043424 12.601891 -28.072741
v -11.151648 5.490986 7.884630
v -9.898628 5.490986 7.884630
v -11.151648 6.374035 8.353914
v -9.898628 6.374035 8.353914
v -11.151648 13.426081 -4.511446
v -9.898628 13.426081 -4.511446
v -11.151648 12.459949 -4.769488
v -9.898628 12.459949 -4.769488
v -11.151648 10.809093 -1.429102
v -9.898628 10.809093 -1.429102
v -9.898628 10.340593 -2.312571
v -11.151648 10.340593 -2.312571
v -11.151648 8.665779 1.603681
v -9.898628 8.665779 1.603681
v -9.898628 7.782738 1.134397
v -11.151648 7.782738 1.134397
v -11.151648 7.261458 4.785257
v -9.898628 7.261458 4.785257
v -9.898628 6.378411 4.315977
v -11.151648 6.378411 4.315977
v -11.151648 13.468237 -14.402285
v -9.898628 13.468237 -14.402285
v -9.898628 12.468443 -14.381945
v -11.151648 12.468443 -14.381945
v -8.466869 13.317045 -22.398410
v -7.367718 13.317045 -21.796809
v -7.377483 12.317251 -21.778994
v -8.476631 12.317251 -22.380587
v -5.707493 13.317045 -26.928470
v -4.863259 13.317045 -26.002551
v -4.878280 12.317251 -25.988871
v -5.722514 12.317251 -26.914782
v -2.896226 13.317045 -29.300052
v -2.550153 13.317045 -27.844096
v -2.569682 12.317251 -27.837329
v -2.915759 12.317251 -29.293269
v 0.891703 13.317045 -29.132930
v 0.483688 13.317045 -27.796252
v 0.463733 12.317251 -27.801028
v 0.871737 12.317251 -29.137690
v 4.007382 13.317045 -26.720973
v 3.082339 13.317045 -25.673365
v 3.066156 12.317251 -25.685977
v 3.991182 12.317251 -26.733577
v -0.895684 13.317045 -29.587451
v -0.947872 13.317045 -28.194491
v -0.967626 12.317251 -28.193820
v -0.915446 12.317251 -29.586764
v 6.583092 13.317045 -22.175242
v 5.388430 13.317045 -21.710200
v 5.381178 12.317251 -21.729098
v 6.575822 12.317251 -22.194140
v 9.072876 13.317045 -13.984332
v 7.808517 13.317045 -13.772502
v 7.805268 12.317251 -13.792476
v 9.069611 12.317251 -14.004321
v 9.079960 13.274900 -3.856783
v 7.797992 13.277124 -3.862215
v 7.798181 12.359388 -4.259409
v 9.080135 12.357174 -4.253992
v 9.079960 10.271099 -1.001322
v 7.797992 10.275549 -1.005152
v 7.798181 9.638464 -1.775946
v 9.080135 9.634033 -1.772127
v 9.079960 8.702738 1.724310
v 7.797992 8.704571 1.718733
v 7.798181 7.760933 1.387750
v 9.080135 7.759112 1.393308
v 9.079960 7.643864 5.134134
v 7.797992 7.645697 5.128557
v 7.798181 6.702059 4.797575
v 9.080135 6.700238 4.803133
v 9.079960 7.006043 8.106931
v 7.797992 7.007876 8.101354
v 7.798181 6.064238 7.770372
v 9.080135 6.062417 7.775930
v 8.028759 4.170050 4.133981
v 3.537796 4.206355 4.133981
v 8.032389 4.618908 4.133981
v 3.541424 4.655213 4.133981
v 8.032389 4.618908 5.388429
v 3.541424 4.655213 5.388429
v 8.028759 4.170050 5.388429
v 3.537796 4.206355 5.388429
v 6.123212 4.185454 4.133981
v 6.122614 4.111475 5.388429
v 6.126243 4.560334 5.388429
v 6.126243 4.560334 4.133981
v 8.032389 5.189148 4.188402
v 3.541424 5.225453 4.188402
v 8.028759 4.740290 4.188402
v 3.537796 4.776595 4.188402
v 8.028759 4.740290 2.933954
v 3.537796 4.776595 2.933954
v 8.032389 5.189148 2.933954
v 3.541424 5.225453 2.933954
v 6.126841 5.204552 4.188402
v 6.127439 5.278531 2.933954
v 6.123810 4.829672 2.933954
v 6.123810 4.829672 4.188402
v 8.028759 5.486918 2.003755
v 3.537796 5.523222 2.003755
v 8.032389 5.935776 2.003755
v 3.541424 5.972081 2.003755
v 8.032389 5.935776 3.258203
v 3.541424 5.972081 3.258203
v 8.028759 5.486918 3.258203
v 3.537796 5.523222 3.258203
v 6.123212 5.502322 2.003755
v 6.122614 5.428343 3.258203
v 6.126243 5.877202 3.258203
v 6.126243 5.877202 2.003755
v 8.032389 6.538632 0.899309
v 3.541424 6.574936 0.899309
v 8.028759 6.089774 0.899309
v 3.537796 6.126078 0.899309
v 8.028759 6.089774 2.153757
v 3.537796 6.126078 2.153757
v 8.032389 6.538632 2.153757
v 3.541424 6.574936 2.153757
v 6.126841 6.554036 0.899309
v 6.127439 6.628014 2.153757
v 6.123810 6.179156 2.153757
v 6.123810 6.179156 0.899309
v 3.539537 6.790719 1.020570
v 8.030647 6.790719 1.020570
v 3.539537 7.239592 1.020570
v 8.030647 7.239592 1.020570
v 3.539537 7.239592 -0.233878
v 8.030647 7.239592 -0.233878
v 3.539537 6.790719 -0.233878
v 8.030647 6.790719 -0.233878
v 5.445148 6.790719 1.020570
v 5.445148 6.716738 -0.233878
v 5.445148 7.165612 -0.233878
v 5.445148 7.165612 1.020570
v 8.028759 7.521004 -0.935400
v 3.537796 7.557309 -0.935400
v 8.032389 7.969862 -0.935400
v 3.541424 8.006166 -0.935400
v 8.032389 7.969862 0.319048
v 3.541424 8.006166 0.319048
v 8.028759 7.521004 0.319048
v 3.537796 7.557309 0.319048
v 6.123212 7.536408 -0.935400
v 6.122614 7.462430 0.319048
v 6.126243 7.911288 0.319048
v 6.126243 7.911288 -0.935400
v 3.539537 8.147593 -0.760023
v 8.030647 8.147593 -0.760023
v 3.539537 8.596464 -0.760023
v 8.030647 8.596464 -0.760023
v 3.539537 8.596464 -2.014471
v 8.030647 8.596464 -2.014471
v 3.539537 8.147593 -2.014471
v 8.030647 8.147593 -2.014471
v 5.445148 8.147593 -0.760023
v 5.445148 8.073610 -2.014471
v 5.445148 8.522486 -2.014471
v 5.445148 8.522486 -0.760023
v 8.032389 9.305351 -1.718298
v 3.541424 9.341656 -1.718298
v 8.028759 8.856493 -1.718298
v 3.537796 8.892797 -1.718298
v 8.028759 8.856493 -2.972746
v 3.537796 8.892797 -2.972746
v 8.032389 9.305351 -2.972746
v 3.541424 9.341656 -2.972746
v 6.126841 9.320755 -1.718298
v 6.127439 9.394733 -2.972746
v 6.123810 8.945875 -2.972746
v 6.123810 8.945875 -1.718298
v 8.032389 10.175533 -4.242693
v 3.541424 10.211838 -4.242693
v 8.028759 9.726675 -4.242693
v 3.537796 9.762980 -4.242693
v 8.028759 9.726675 -2.988249
v 3.537796 9.762980 -2.988249
v 8.032389 10.175533 -2.988249
v 3.541424 10.211838 -2.988249
v 6.126841 10.190937 -4.242693
v 6.127439 10.264915 -2.988249
v 6.123810 9.816057 -2.988249
v 6.123810 9.816057 -4.242693
v -5.609847 10.175533 -4.242693
v -10.100811 10.211838 -4.242693
v -5.613476 9.726675 -4.242693
v -10.104441 9.762980 -4.242693
v -5.613476 9.726675 -2.988249
v -10.104441 9.762980 -2.988249
v -5.609847 10.175533 -2.988249
v -10.100811 10.211838 -2.988249
v -7.515395 10.190937 -4.242693
v -7.514797 10.264915 -2.988249
v -7.518425 9.816057 -2.988249
v -7.518425 9.816057 -4.242693
v -5.609847 9.305351 -1.718298
v -10.100811 9.341656 -1.718298
v -5.613476 8.856493 -1.718298
v -10.104441 8.892797 -1.718298
v -5.613476 8.856493 -2.972746
v -10.104441 8.892797 -2.972746
v -5.609847 9.305351 -2.972746
v -10.100811 9.341656 -2.972746
v -7.515395 9.320755 -1.718298
v -7.514797 9.394733 -2.972746
v -7.518425 8.945875 -2.972746
v -7.518425 8.945875 -1.718298
v -10.102699 8.147593 -0.760023
v -5.611588 8.147593 -0.760023
v -10.102699 8.596464 -0.760023
v -5.611588 8.596464 -0.760023
v -10.102699 8.596464 -2.014471
v -5.611588 8.596464 -2.014471
v -10.102699 8.147593 -2.014471
v -5.611588 8.147593 -2.014471
v -8.197088 8.147593 -0.760023
v -8.197088 8.073610 -2.014471
v -8.197088 8.522486 -2.014471
v -8.197088 8.522486 -0.760023
v -5.613476 7.521004 -0.935400
v -10.104441 7.557309 -0.935400
v -5.609847 7.969862 -0.935400
v -10.100811 8.006166 -0.935400
v -5.609847 7.969862 0.319048
v -10.100811 8.006166 0.319048
v -5.613476 7.521004 0.319048
v -10.104441 7.557309 0.319048
v -7.519023 7.536408 -0.935400
v -7.519621 7.462430 0.319048
v -7.515993 7.911288 0.319048
v -7.515993 7.911288 -0.935400
v -10.102699 6.790719 1.020570
v -5.611588 6.790719 1.020570
v -10.102699 7.239592 1.020570
v -5.611588 7.239592 1.020570
v -10.102699 7.239592 -0.233878
v -5.611588 7.239592 -0.233878
v -10.102699 6.790719 -0.233878
v -5.611588 6.790719 -0.233878
v -8.197088 6.790719 1.020570
v -8.197088 6.716738 -0.233878
v -8.197088 7.165612 -0.233878
v -8.197088 7.165612 1.020570
v -5.609847 6.538632 0.899309
v -10.100811 6.574936 0.899309
v -5.613476 6.089774 0.899309
v -10.104441 6.126078 0.899309
v -5.613476 6.089774 2.153757
v -10.104441 6.126078 2.153757
v -5.609847 6.538632 2.153757
v -10.100811 6.574936 2.153757
v -7.515395 6.554036 0.899309
v -7.514797 6.628014 2.153757
v -7.518425 6.179156 2.153757
v -7.518425 6.179156 0.899309
v -5.613476 5.486918 2.003755
v -10.104441 5.523222 2.003755
v -5.609847 5.935776 2.003755
v -10.100811 5.972081 2.003755
v -5.609847 5.935776 3.258203
v -10.100811 5.972081 3.258203
v -5.613476 5.486918 3.258203
v -10.104441 5.523222 3.258203
v -7.519023 5.502322 2.003755
v -7.519621 5.428343 3.258203
v -7.515993 5.877202 3.258203
v -7.515993 5.877202 2.003755
v -5.609847 5.189148 4.188402
v -10.100811 5.225453 4.188402
v -5.613476 4.740290 4.188402
v -10.104441 4.776595 4.188402
v -5.613476 4.740290 2.933954
v -10.104441 4.776595 2.933954
v -5.609847 5.189148 2.933954
v -10.100811 5.225453 2.933954
v -7.515395 5.204552 4.188402
v -7.514797 5.278531 2.933954
v -7.518425 4.829672 2.933954
v -7.518425 4.829672 4.188402
v -5.613476 4.170050 4.133981
v -10.104441 4.206355 4.133981
v -5.609847 4.618908 4.133981
v -10.100811 4.655213 4.133981
v -5.609847 4.618908 5.388429
v -10.100811 4.655213 5.388429
v -5.613476 4.170050 5.388429
v -10.104441 4.206355 5.388429
v -7.519023 4.185454 4.133981
v -7.519621 4.111475 5.388429
v -7.515993 4.560334 5.388429
v -7.515993 4.560334 4.133981
v -3.851780 3.568823 -0.538477
v 0.895736 3.568823 -0.538477
v -3.851780 7.517933 -0.538477
v 0.895736 7.517933 -0.538477
v -3.851780 7.517933 -1.767641
v 0.895736 7.413292 -1.767641
v -3.851780 3.568823 -1.767641
v 0.895736 3.568823 -1.767641
v -1.475686 3.568823 -0.538477
v -1.475686 8.667719 -1.767641
v -1.475686 8.667719 -0.538477
v -2.648854 3.568823 -0.538477
v -2.818693 8.335600 -1.767641
v -2.818693 8.335600 -0.538477
v -0.291118 3.568823 -0.538477
v -0.121278 8.333473 -0.538477
v -0.121278 8.333473 -1.767641
v -2.026687 3.568823 -0.538477
v -2.106455 8.608486 -0.538477
v -2.106455 8.608486 -1.767641
v -3.298546 3.568823 -0.538477
v -3.376656 7.990738 -1.767641
v -3.376656 7.990738 -0.538477
v -0.831138 3.568823 -0.538477
v -0.738724 8.485849 -1.767641
v -0.738724 8.582603 -0.538477
v 0.336249 3.568823 -0.538477
v 0.416312 7.999136 -0.538477
v 0.416312 7.902382 -1.767641
v -0.493815 6.283560 -0.567995
v -0.616411 6.334342 -0.567995
v -0.739007 6.283560 -0.567995
v -0.789788 6.160964 -0.567992
v -0.739007 6.038369 -0.567992
v -0.616411 5.987587 -0.567992
v -0.493815 6.038369 -0.567992
v -0.443034 6.160964 -0.567992
v -0.503147 6.274228 -0.501646
v -0.616411 6.321143 -0.501643
v -0.729675 6.274228 -0.501646
v -0.776590 6.160964 -0.501646
v -0.729675 6.047699 -0.501643
v -0.616411 6.000784 -0.501646
v -0.503147 6.047699 -0.501643
v -0.456232 6.160964 -0.501646
v -0.529723 6.247654 -0.445399
v -0.616411 6.283560 -0.445399
v -0.703099 6.247654 -0.445399
v -0.739007 6.160965 -0.445399
v -0.703099 6.074276 -0.445399
v -0.616411 6.038369 -0.445395
v -0.529723 6.074276 -0.445399
v -0.493815 6.160965 -0.445399
v -0.569496 6.207880 -0.407816
v -0.616411 6.227313 -0.407812
v -0.663327 6.207880 -0.407816
v -0.682759 6.160964 -0.407812
v -0.663327 6.114048 -0.407812
v -0.616411 6.094616 -0.407816
v -0.569496 6.114048 -0.407812
v -0.550063 6.160964 -0.407812
v -0.616411 6.160964 -0.394617
v -2.133986 6.283560 -0.567995
v -2.256582 6.334342 -0.567995
v -2.379179 6.283560 -0.567995
v -2.429959 6.160964 -0.567992
v -2.379179 6.038369 -0.567992
v -2.256582 5.987587 -0.567992
v -2.133986 6.038369 -0.567992
v -2.083206 6.160964 -0.567992
v -2.143319 6.274228 -0.501646
v -2.256582 6.321143 -0.501643
v -2.369846 6.274228 -0.501646
v -2.416762 6.160964 -0.501646
v -2.369846 6.047699 -0.501643
v -2.256582 6.000784 -0.501646
v -2.143319 6.047699 -0.501643
v -2.096403 6.160964 -0.501646
v -2.169894 6.247654 -0.445399
v -2.256582 6.283560 -0.445399
v -2.343271 6.247654 -0.445399
v -2.379179 6.160965 -0.445399
v -2.343271 6.074276 -0.445399
v -2.256582 6.038369 -0.445395
v -2.169894 6.074276 -0.445399
v -2.133986 6.160965 -0.445399
v -2.209667 6.207880 -0.407816
v -2.256582 6.227313 -0.407812
v -2.303498 6.207880 -0.407816
v -2.322931 6.160964 -0.407812
v -2.303498 6.114048 -0.407812
v -2.256582 6.094616 -0.407816
v -2.209667 6.114048 -0.407812
v -2.190234 6.160964 -0.407812
v -2.256582 6.160964 -0.394617
vt 0.545165 0.404210
vt 0.361114 0.376704
vt 0.359116 0.388745
vt 0.542333 0.421275
vt 0.934712 0.146231
vt 0.934712 0.170876
vt 0.950767 0.170876
vt 0.947751 0.146231
vt 0.100977 0.390901
vt 0.301852 0.336847
vt 0.297990 0.323365
vt 0.097115 0.377418
vt 0.900420 0.099481
vt 0.684431 0.104084
vt 0.675687 0.126635
vt 0.891676 0.122032
vt 0.662443 0.404726
vt 0.610095 0.405977
vt 0.607116 0.423927
vt 0.659858 0.420303
vt 0.609743 0.105676
vt 0.550036 0.106948
vt 0.541292 0.129499
vt 0.600999 0.128227
vt 0.373732 0.326593
vt 0.432023 0.321296
vt 0.429123 0.311172
vt 0.369869 0.313111
vt 0.778144 0.368395
vt 0.751004 0.386844
vt 0.755422 0.401569
vt 0.790166 0.381638
vt 0.451696 0.109700
vt 0.419437 0.109329
vt 0.399487 0.135560
vt 0.435455 0.133422
vt 0.532655 0.329843
vt 0.565150 0.346864
vt 0.565278 0.329812
vt 0.528577 0.314422
vt 0.798310 0.346789
vt 0.817411 0.355163
vt 0.394019 0.109846
vt 0.373310 0.135653
vt 0.590304 0.368282
vt 0.598560 0.357115
vt 0.719119 0.399623
vt 0.717137 0.412107
vt 0.485801 0.108725
vt 0.477287 0.132220
vt 0.495613 0.319724
vt 0.493432 0.311013
vt 0.807034 0.321109
vt 0.831997 0.324948
vt 0.618982 0.354098
vt 0.618616 0.388805
vt 0.639039 0.385788
vt 0.608102 0.391075
vt 0.021420 0.412309
vt 0.017558 0.398826
vt 0.977219 0.120209
vt 0.985962 0.097658
vt 0.288220 0.365810
vt 0.286552 0.375861
vt 0.905816 0.250700
vt 0.930461 0.240536
vt 0.930461 0.146231
vt 0.905816 0.156396
vt 0.151984 0.988618
vt 0.146601 0.681043
vt 0.183507 0.681043
vt 0.186984 0.961249
vt 0.217057 0.681043
vt 0.218801 0.909779
vt 0.250820 0.681043
vt 0.250820 0.814176
vt 0.544396 0.870604
vt 0.539759 0.829753
vt 0.554918 0.826605
vt 0.559555 0.870846
vt 0.588491 0.493923
vt 0.607996 0.444946
vt 0.618493 0.458644
vt 0.600859 0.502923
vt 0.184888 0.652558
vt 0.219304 0.652558
vt 0.218228 0.666202
vt 0.184226 0.666202
vt 0.586522 0.566585
vt 0.599079 0.568618
vt 0.629277 0.430352
vt 0.637756 0.445488
vt 0.636515 0.969920
vt 0.621936 0.969920
vt 0.623063 0.931055
vt 0.624878 0.931055
vt 0.636515 0.931055
vt 0.680290 0.810643
vt 0.610509 0.686067
vt 0.620765 0.676641
vt 0.692115 0.804019
vt 0.260213 0.918242
vt 0.260442 0.885045
vt 0.387499 0.885919
vt 0.387271 0.919116
vt 0.906395 0.782185
vt 0.906395 0.746151
vt 0.941224 0.746151
vt 0.941224 0.782185
vt 0.260871 0.822614
vt 0.387929 0.823488
vt 0.906395 0.678384
vt 0.941224 0.678384
vt 0.261669 0.706653
vt 0.262652 0.563868
vt 0.389710 0.564742
vt 0.388727 0.707527
vt 0.906395 0.552511
vt 0.906395 0.377227
vt 0.941224 0.377227
vt 0.941224 0.552511
vt 0.251001 0.652799
vt 0.250928 0.666601
vt 0.701994 0.849391
vt 0.713820 0.842766
vt 0.725216 0.863112
vt 0.713390 0.869736
vt 0.896704 0.323906
vt 0.866380 0.322972
vt 0.846246 0.294785
vt 0.873328 0.295909
vt 0.319669 0.496527
vt 0.390176 0.497012
vt 0.390015 0.520331
vt 0.300039 0.519712
vt 0.772332 0.947225
vt 0.760506 0.953849
vt 0.832059 0.180160
vt 0.788677 0.202508
vt 0.788677 0.180160
vt 0.354706 0.400355
vt 0.390839 0.400603
vt 0.639105 0.996284
vt 0.634460 0.980082
vt 0.646795 0.963989
vt 0.649215 0.996284
vt 0.146601 0.638823
vt 0.183507 0.638823
vt 0.130019 0.681043
vt 0.130019 0.638823
vt 0.186598 0.617573
vt 0.222088 0.617573
vt 0.220354 0.639364
vt 0.185905 0.639093
vt 0.251090 0.618427
vt 0.251034 0.639836
vt 0.145096 0.531018
vt 0.145096 0.486599
vt 0.154684 0.487388
vt 0.155787 0.531264
vt 0.189181 0.549021
vt 0.226289 0.549021
vt 0.252608 0.548340
vt 0.145096 0.550974
vt 0.086904 0.550974
vt 0.086904 0.530107
vt 0.086904 0.483661
vt 0.534725 0.555548
vt 0.485157 0.475653
vt 0.474450 0.450795
vt 0.532631 0.449644
vt 0.630832 0.795201
vt 0.614497 0.755343
vt 0.618431 0.751045
vt 0.629631 0.790603
vt 0.605427 0.759874
vt 0.603210 0.753881
vt 0.595561 0.764801
vt 0.611485 0.803657
vt 0.600538 0.803073
vt 0.589764 0.764554
vt 0.618639 0.821114
vt 0.607299 0.825761
vt 0.698333 0.898901
vt 0.676659 0.864273
vt 0.688399 0.856925
vt 0.710073 0.891552
vt 0.596364 0.931055
vt 0.596364 0.946214
vt 0.582514 0.946214
vt 0.582514 0.931055
vt 0.546620 0.657598
vt 0.546620 0.697325
vt 0.532770 0.697325
vt 0.532770 0.657598
vt 0.546620 0.720883
vt 0.532770 0.720883
vt 0.660213 0.946484
vt 0.660213 0.996284
vt 0.596364 0.962703
vt 0.582514 0.962703
vt 0.571407 0.831382
vt 0.576044 0.871109
vt 0.288152 0.533751
vt 0.389918 0.534451
vt 0.389813 0.549680
vt 0.275332 0.548892
vt 0.687651 0.823784
vt 0.699476 0.817160
vt 0.706919 0.830447
vt 0.695093 0.837071
vt 0.926125 0.359143
vt 0.891989 0.358211
vt 0.878572 0.340040
vt 0.910859 0.340859
vt 0.464858 0.450666
vt 0.171257 0.488545
vt 0.171257 0.531621
vt 0.622532 0.995965
vt 0.130019 0.990499
vt 0.561909 0.894667
vt 0.546756 0.894667
vt 0.387094 0.944815
vt 0.260036 0.943940
vt 0.669198 0.992460
vt 0.669198 0.961257
vt 0.694188 0.961257
vt 0.694188 0.992460
vt 0.156181 0.550974
vt 0.257005 0.797088
vt 0.252570 0.797088
vt 0.255278 0.777735
vt 0.254645 0.773025
vt 0.722840 0.911949
vt 0.711100 0.919297
vt 0.578392 0.894667
vt 0.168549 0.550974
vt 0.108055 0.988618
vt 0.073055 0.961249
vt 0.076532 0.681043
vt 0.113438 0.681043
vt 0.041238 0.909779
vt 0.042981 0.681043
vt 0.009218 0.814176
vt 0.009218 0.681043
vt 0.544396 0.918731
vt 0.559555 0.918489
vt 0.554918 0.962729
vt 0.539759 0.959582
vt 0.626148 0.913135
vt 0.632540 0.899239
vt 0.669565 0.929253
vt 0.667100 0.946333
vt 0.075151 0.652558
vt 0.075812 0.666202
vt 0.041811 0.666202
vt 0.040735 0.652558
vt 0.588920 0.850703
vt 0.598882 0.842793
vt 0.692799 0.931316
vt 0.692799 0.948666
vt 0.601860 0.969920
vt 0.601860 0.931055
vt 0.613497 0.931055
vt 0.615312 0.931055
vt 0.616439 0.969920
vt 0.551457 0.591951
vt 0.565011 0.591951
vt 0.565011 0.737951
vt 0.551457 0.734739
vt 0.529838 0.957298
vt 0.402778 0.957298
vt 0.402778 0.924100
vt 0.529838 0.924100
vt 0.958364 0.395850
vt 0.993193 0.395850
vt 0.993193 0.431884
vt 0.958364 0.431884
vt 0.402778 0.861667
vt 0.529838 0.861667
vt 0.993193 0.499651
vt 0.958364 0.499651
vt 0.529838 0.745704
vt 0.402778 0.745704
vt 0.402778 0.602915
vt 0.529838 0.602915
vt 0.958364 0.625524
vt 0.993193 0.625524
vt 0.993193 0.800809
vt 0.958364 0.800809
vt 0.009111 0.666601
vt 0.009038 0.652799
vt 0.551457 0.547538
vt 0.551457 0.524219
vt 0.565011 0.524219
vt 0.565011 0.547538
vt 0.948673 0.854129
vt 0.925297 0.882126
vt 0.898215 0.883251
vt 0.918349 0.855063
vt 0.473286 0.535183
vt 0.492756 0.558503
vt 0.402778 0.558503
vt 0.402778 0.535183
vt 0.551457 0.427808
vt 0.565011 0.427808
vt 0.884028 0.997875
vt 0.840647 0.997875
vt 0.840647 0.975528
vt 0.438912 0.438773
vt 0.402778 0.438773
vt 0.600311 0.697355
vt 0.608383 0.703443
vt 0.587004 0.727769
vt 0.586846 0.707493
vt 0.076532 0.638823
vt 0.113438 0.638823
vt 0.073440 0.617573
vt 0.074133 0.639093
vt 0.039685 0.639364
vt 0.037951 0.617573
vt 0.009004 0.639836
vt 0.008949 0.618427
vt 0.145096 0.570931
vt 0.155787 0.570684
vt 0.154684 0.614561
vt 0.145096 0.615350
vt 0.033749 0.549021
vt 0.070858 0.549021
vt 0.007430 0.548340
vt 0.086904 0.571842
vt 0.086904 0.618288
vt 0.260238 0.538247
vt 0.260238 0.432322
vt 0.318430 0.432322
vt 0.308217 0.457387
vt 0.645510 0.831017
vt 0.647882 0.835135
vt 0.667664 0.871176
vt 0.661845 0.870875
vt 0.654831 0.879838
vt 0.652205 0.874013
vt 0.641718 0.877426
vt 0.637762 0.881670
vt 0.618406 0.846669
vt 0.625794 0.838571
vt 0.723868 0.939694
vt 0.735608 0.932346
vt 0.757282 0.966973
vt 0.745542 0.974322
vt 0.699685 0.961257
vt 0.713535 0.961257
vt 0.713535 0.976416
vt 0.699685 0.976416
vt 0.546620 0.784168
vt 0.532770 0.784168
vt 0.532770 0.744441
vt 0.546620 0.744441
vt 0.617163 0.710065
vt 0.587176 0.749825
vt 0.713535 0.992905
vt 0.699685 0.992905
vt 0.576044 0.918225
vt 0.571407 0.957952
vt 0.504547 0.572623
vt 0.517262 0.587852
vt 0.402778 0.587852
vt 0.402778 0.572623
vt 0.551457 0.576888
vt 0.551457 0.561659
vt 0.565011 0.561659
vt 0.565011 0.576888
vt 0.978094 0.818892
vt 0.962828 0.837176
vt 0.930541 0.837995
vt 0.943958 0.819824
vt 0.328018 0.432003
vt 0.171257 0.570327
vt 0.171257 0.613403
vt 0.586887 0.687630
vt 0.386917 0.970514
vt 0.259859 0.969639
vt 0.681402 0.915034
vt 0.656411 0.915034
vt 0.656411 0.883831
vt 0.681402 0.883832
vt 0.254645 0.821151
vt 0.255278 0.816441
vt 0.913513 0.973258
vt 0.913513 0.958679
vt 0.923787 0.958679
vt 0.923787 0.973258
vt 0.331384 0.007164
vt 0.331277 0.021742
vt 0.295415 0.021479
vt 0.295522 0.006901
vt 0.939618 0.958681
vt 0.939639 0.973597
vt 0.928660 0.973594
vt 0.928639 0.958679
vt 0.639845 0.246297
vt 0.639920 0.231718
vt 0.668506 0.231866
vt 0.668431 0.246445
vt 0.834637 0.689849
vt 0.839863 0.700244
vt 0.814590 0.728288
vt 0.803416 0.725042
vt 0.282414 0.309736
vt 0.317237 0.295156
vt 0.325319 0.303526
vt 0.281783 0.321354
vt 0.366669 0.007422
vt 0.366562 0.022001
vt 0.860334 0.655112
vt 0.870488 0.660794
vt 0.708611 0.232074
vt 0.708535 0.246653
vt 0.364594 0.279298
vt 0.366599 0.290759
vt 0.403686 0.007694
vt 0.403579 0.022272
vt 0.877474 0.618458
vt 0.887627 0.624140
vt 0.745628 0.232266
vt 0.745553 0.246845
vt 0.404853 0.275242
vt 0.406858 0.286703
vt 0.445206 0.007998
vt 0.445099 0.022576
vt 0.898851 0.582853
vt 0.888698 0.577171
vt 0.787149 0.232481
vt 0.787073 0.247060
vt 0.447529 0.278300
vt 0.449535 0.289761
vt 0.180338 0.020636
vt 0.180445 0.006058
vt 0.812062 0.840100
vt 0.800428 0.840084
vt 0.528006 0.245718
vt 0.528081 0.231139
vt 0.172223 0.286137
vt 0.176055 0.275151
vt 0.094090 0.049452
vt 0.087184 0.036612
vt 0.811952 0.926182
vt 0.800318 0.926137
vt 0.435104 0.214113
vt 0.442170 0.201361
vt 0.084319 0.255617
vt 0.088123 0.244622
vt 0.044944 0.078232
vt 0.034243 0.068331
vt 0.810889 0.975152
vt 0.799256 0.975059
vt 0.382516 0.181796
vt 0.393339 0.172029
vt 0.034210 0.239274
vt 0.037968 0.228265
vt 0.023321 0.104987
vt 0.006411 0.100837
vt 0.810422 0.996654
vt 0.798790 0.996480
vt 0.355011 0.148997
vt 0.371972 0.145058
vt 0.007976 0.230718
vt 0.011658 0.219684
vt 0.002897 0.124088
vt 0.019107 0.123599
vt 0.023619 0.140289
vt 0.008032 0.144922
vt 0.956124 0.963158
vt 0.944491 0.963388
vt 0.944491 0.946734
vt 0.956124 0.946502
vt 0.367921 0.126397
vt 0.351717 0.125705
vt 0.357050 0.104939
vt 0.372577 0.109767
vt 0.972608 0.967528
vt 0.960976 0.967298
vt 0.960976 0.946502
vt 0.972608 0.946734
vt 0.048096 0.170704
vt 0.035829 0.181378
vt 0.789199 0.997087
vt 0.777567 0.997142
vt 0.777567 0.972534
vt 0.789199 0.972387
vt 0.385209 0.068790
vt 0.397342 0.079615
vt 0.972097 0.016937
vt 0.974427 0.028334
vt 0.946960 0.034087
vt 0.944719 0.022672
vt 0.956124 0.981800
vt 0.944491 0.982027
vt 0.972608 0.990801
vt 0.960976 0.990574
vt 0.094010 0.197873
vt 0.088497 0.211733
vt 0.777567 0.926496
vt 0.789199 0.926276
vt 0.438180 0.038991
vt 0.443519 0.052919
vt 0.895194 0.044930
vt 0.893025 0.033499
vt 0.186156 0.226706
vt 0.183584 0.241399
vt 0.777567 0.834153
vt 0.789199 0.833921
vt 0.533618 0.010470
vt 0.536006 0.025193
vt 0.801917 0.064467
vt 0.799760 0.053034
vt 0.301460 0.227429
vt 0.301414 0.242345
vt 0.778057 0.723236
vt 0.788735 0.718615
vt 0.647061 0.010935
vt 0.646921 0.025850
vt 0.686486 0.088143
vt 0.688820 0.076745
vt 0.334701 0.227672
vt 0.334636 0.242588
vt 0.746399 0.694341
vt 0.753812 0.685373
vt 0.675938 0.011085
vt 0.675816 0.026000
vt 0.646803 0.060748
vt 0.654061 0.051654
vt 0.366392 0.227905
vt 0.366348 0.242820
vt 0.724554 0.657532
vt 0.735533 0.653681
vt 0.712767 0.011275
vt 0.712625 0.026190
vt 0.612023 0.049388
vt 0.613542 0.037853
vt 0.406064 0.228195
vt 0.406020 0.243111
vt 0.712234 0.617859
vt 0.723213 0.614008
vt 0.752439 0.011481
vt 0.752298 0.026396
vt 0.570667 0.045463
vt 0.572186 0.033928
vt 0.440652 0.228449
vt 0.440607 0.243365
vt 0.704813 0.583270
vt 0.715792 0.579419
vt 0.787027 0.011660
vt 0.786885 0.026575
vt 0.535292 0.045291
vt 0.536810 0.033755
vt 0.200757 0.493442
vt 0.193346 0.493442
vt 0.193346 0.438142
vt 0.200757 0.438142
vt 0.221467 0.493442
vt 0.221467 0.438142
vt 0.228878 0.493442
vt 0.228878 0.438142
vt 0.249588 0.493442
vt 0.249588 0.438142
vt 0.228878 0.430731
vt 0.249588 0.430731
vt 0.228878 0.534199
vt 0.249588 0.534199
vt 0.249588 0.541610
vt 0.228878 0.541610
vt 0.221467 0.534199
vt 0.200757 0.534199
vt 0.193346 0.534199
vt 0.200757 0.493442
vt 0.193346 0.493442
vt 0.193346 0.438142
vt 0.200757 0.438142
vt 0.221467 0.493442
vt 0.221467 0.438142
vt 0.228878 0.493442
vt 0.228878 0.438142
vt 0.249588 0.493442
vt 0.249588 0.438142
vt 0.228878 0.430731
vt 0.249588 0.430731
vt 0.228878 0.534199
vt 0.249588 0.534199
vt 0.249588 0.541610
vt 0.228878 0.541610
vt 0.221467 0.534199
vt 0.200757 0.534199
vt 0.193346 0.534199
vt 0.200757 0.493442
vt 0.193346 0.493442
vt 0.193346 0.438142
vt 0.200757 0.438142
vt 0.221467 0.493442
vt 0.221467 0.438142
vt 0.228878 0.493442
vt 0.228878 0.438142
vt 0.249588 0.493442
vt 0.249588 0.438142
vt 0.228878 0.430731
vt 0.249588 0.430731
vt 0.228878 0.534199
vt 0.249588 0.534199
vt 0.249588 0.541610
vt 0.228878 0.541610
vt 0.221467 0.534199
vt 0.200757 0.534199
vt 0.193346 0.534199
vt 0.200757 0.493442
vt 0.200757 0.438142
vt 0.193346 0.438142
vt 0.193346 0.493442
vt 0.221467 0.493442
vt 0.221467 0.438142
vt 0.228878 0.493442
vt 0.228878 0.438142
vt 0.249588 0.493442
vt 0.249588 0.438142
vt 0.249588 0.430731
vt 0.228878 0.430731
vt 0.228878 0.534199
vt 0.228878 0.541610
vt 0.249588 0.541610
vt 0.249588 0.534199
vt 0.221467 0.534199
vt 0.200757 0.534199
vt 0.193346 0.534199
vt 0.200757 0.493442
vt 0.193346 0.493442
vt 0.193346 0.438142
vt 0.200757 0.438142
vt 0.221467 0.493442
vt 0.221467 0.438142
vt 0.228878 0.493442
vt 0.228878 0.438142
vt 0.249588 0.493442
vt 0.249588 0.438142
vt 0.228878 0.430731
vt 0.249588 0.430731
vt 0.228878 0.534199
vt 0.249588 0.534199
vt 0.249588 0.541610
vt 0.228878 0.541610
vt 0.221467 0.534199
vt 0.200757 0.534199
vt 0.193346 0.534199
vt 0.200757 0.493442
vt 0.193346 0.493442
vt 0.193346 0.438142
vt 0.200757 0.438142
vt 0.221467 0.493442
vt 0.221467 0.438142
vt 0.228878 0.493442
vt 0.228878 0.438142
vt 0.249588 0.493442
vt 0.249588 0.438142
vt 0.228878 0.430731
vt 0.249588 0.430731
vt 0.228878 0.534199
vt 0.249588 0.534199
vt 0.249588 0.541610
vt 0.228878 0.541610
vt 0.221467 0.534199
vt 0.200757 0.534199
vt 0.193346 0.534199
vt 0.200757 0.493442
vt 0.193346 0.493442
vt 0.193346 0.438142
vt 0.200757 0.438142
vt 0.221467 0.493442
vt 0.221467 0.438142
vt 0.228878 0.493442
vt 0.228878 0.438142
vt 0.249588 0.493442
vt 0.249588 0.438142
vt 0.228878 0.430731
vt 0.249588 0.430731
vt 0.228878 0.534199
vt 0.249588 0.534199
vt 0.249588 0.541610
vt 0.228878 0.541610
vt 0.221467 0.534199
vt 0.200757 0.534199
vt 0.193346 0.534199
vt 0.200757 0.493442
vt 0.193346 0.493442
vt 0.193346 0.438142
vt 0.200757 0.438142
vt 0.221467 0.493442
vt 0.221467 0.438142
vt 0.228878 0.493442
vt 0.228878 0.438142
vt 0.249588 0.493442
vt 0.249588 0.438142
vt 0.228878 0.430731
vt 0.249588 0.430731
vt 0.228878 0.534199
vt 0.249588 0.534199
vt 0.249588 0.541610
vt 0.228878 0.541610
vt 0.221467 0.534199
vt 0.200757 0.534199
vt 0.193346 0.534199
vt 0.200757 0.493442
vt 0.200757 0.438142
vt 0.193346 0.438142
vt 0.193346 0.493442
vt 0.221467 0.493442
vt 0.221467 0.438142
vt 0.228878 0.493442
vt 0.228878 0.438142
vt 0.249588 0.493442
vt 0.249588 0.438142
vt 0.249588 0.430731
vt 0.228878 0.430731
vt 0.228878 0.534199
vt 0.228878 0.541610
vt 0.249588 0.541610
vt 0.249588 0.534199
vt 0.221467 0.534199
vt 0.200757 0.534199
vt 0.193346 0.534199
vt 0.200757 0.493442
vt 0.200757 0.438142
vt 0.193346 0.438142
vt 0.193346 0.493442
vt 0.221467 0.493442
vt 0.221467 0.438142
vt 0.228878 0.493442
vt 0.228878 0.438142
vt 0.249588 0.493442
vt 0.249588 0.438142
vt 0.249588 0.430731
vt 0.228878 0.430731
vt 0.228878 0.534199
vt 0.228878 0.541610
vt 0.249588 0.541610
vt 0.249588 0.534199
vt 0.221467 0.534199
vt 0.200757 0.534199
vt 0.193346 0.534199
vt 0.200757 0.493442
vt 0.193346 0.493442
vt 0.193346 0.438142
vt 0.200757 0.438142
vt 0.221467 0.493442
vt 0.221467 0.438142
vt 0.228878 0.493442
vt 0.228878 0.438142
vt 0.249588 0.493442
vt 0.249588 0.438142
vt 0.228878 0.430731
vt 0.249588 0.430731
vt 0.228878 0.534199
vt 0.249588 0.534199
vt 0.249588 0.541610
vt 0.228878 0.541610
vt 0.221467 0.534199
vt 0.200757 0.534199
vt 0.193346 0.534199
vt 0.200757 0.493442
vt 0.193346 0.493442
vt 0.193346 0.438142
vt 0.200757 0.438142
vt 0.221467 0.493442
vt 0.221467 0.438142
vt 0.228878 0.493442
vt 0.228878 0.438142
vt 0.249588 0.493442
vt 0.249588 0.438142
vt 0.228878 0.430731
vt 0.249588 0.430731
vt 0.228878 0.534199
vt 0.249588 0.534199
vt 0.249588 0.541610
vt 0.228878 0.541610
vt 0.221467 0.534199
vt 0.200757 0.534199
vt 0.193346 0.534199
vt 0.200757 0.493442
vt 0.193346 0.493442
vt 0.193346 0.438142
vt 0.200757 0.438142
vt 0.221467 0.493442
vt 0.221467 0.438142
vt 0.228878 0.493442
vt 0.228878 0.438142
vt 0.249588 0.493442
vt 0.249588 0.438142
vt 0.228878 0.430731
vt 0.249588 0.430731
vt 0.228878 0.534199
vt 0.249588 0.534199
vt 0.249588 0.541610
vt 0.228878 0.541610
vt 0.221467 0.534199
vt 0.200757 0.534199
vt 0.193346 0.534199
vt 0.200757 0.493442
vt 0.193346 0.493442
vt 0.193346 0.438142
vt 0.200757 0.438142
vt 0.221467 0.493442
vt 0.221467 0.438142
vt 0.228878 0.493442
vt 0.228878 0.438142
vt 0.249588 0.493442
vt 0.249588 0.438142
vt 0.228878 0.430731
vt 0.249588 0.430731
vt 0.228878 0.534199
vt 0.249588 0.534199
vt 0.249588 0.541610
vt 0.228878 0.541610
vt 0.221467 0.534199
vt 0.200757 0.534199
vt 0.193346 0.534199
vt 0.200757 0.493442
vt 0.200757 0.438142
vt 0.193346 0.438142
vt 0.193346 0.493442
vt 0.221467 0.493442
vt 0.221467 0.438142
vt 0.228878 0.493442
vt 0.228878 0.438142
vt 0.249588 0.493442
vt 0.249588 0.438142
vt 0.249588 0.430731
vt 0.228878 0.430731
vt 0.228878 0.534199
vt 0.228878 0.541610
vt 0.249588 0.541610
vt 0.249588 0.534199
vt 0.221467 0.534199
vt 0.200757 0.534199
vt 0.193346 0.534199
vt 0.200757 0.493442
vt 0.193346 0.493442
vt 0.193346 0.438142
vt 0.200757 0.438142
vt 0.221467 0.493442
vt 0.221467 0.438142
vt 0.228878 0.493442
vt 0.228878 0.438142
vt 0.249588 0.493442
vt 0.249588 0.438142
vt 0.228878 0.430731
vt 0.249588 0.430731
vt 0.228878 0.534199
vt 0.249588 0.534199
vt 0.249588 0.541610
vt 0.228878 0.541610
vt 0.221467 0.534199
vt 0.200757 0.534199
vt 0.193346 0.534199
vt 0.200757 0.493442
vt 0.193346 0.493442
vt 0.193346 0.438142
vt 0.200757 0.438142
vt 0.221467 0.493442
vt 0.221467 0.438142
vt 0.228878 0.493442
vt 0.228878 0.438142
vt 0.249588 0.493442
vt 0.249588 0.438142
vt 0.228878 0.430731
vt 0.249588 0.430731
vt 0.228878 0.534199
vt 0.249588 0.534199
vt 0.249588 0.541610
vt 0.228878 0.541610
vt 0.221467 0.534199
vt 0.200757 0.534199
vt 0.193346 0.534199
vt 0.200757 0.493442
vt 0.193346 0.493442
vt 0.193346 0.438142
vt 0.200757 0.438142
vt 0.221467 0.493442
vt 0.221467 0.438142
vt 0.228878 0.493442
vt 0.228878 0.438142
vt 0.249588 0.493442
vt 0.249588 0.438142
vt 0.228878 0.430731
vt 0.249588 0.430731
vt 0.228878 0.534199
vt 0.249588 0.534199
vt 0.249588 0.541610
vt 0.228878 0.541610
vt 0.221467 0.534199
vt 0.200757 0.534199
vt 0.193346 0.534199
vt 0.704670 0.570452
vt 0.702768 0.467265
vt 0.713882 0.467265
vt 0.717377 0.565325
vt 0.799749 0.578670
vt 0.774452 0.578670
vt 0.774452 0.565963
vt 0.799749 0.565963
vt 0.765820 0.467265
vt 0.791117 0.467265
vt 0.791117 0.546387
vt 0.765820 0.548541
vt 0.739350 0.467265
vt 0.764647 0.467265
vt 0.764647 0.548541
vt 0.739350 0.548541
vt 0.799749 0.621478
vt 0.774452 0.621478
vt 0.774452 0.606819
vt 0.799749 0.606819
vt 0.661862 0.565369
vt 0.665358 0.467265
vt 0.678163 0.467265
vt 0.676521 0.570985
vt 0.739350 0.558271
vt 0.764647 0.558271
vt 0.764647 0.565369
vt 0.739350 0.565369
vt 0.650379 0.558271
vt 0.651987 0.467265
vt 0.726794 0.467265
vt 0.728441 0.558444
vt 0.791117 0.565325
vt 0.765820 0.565325
vt 0.765820 0.558444
vt 0.791117 0.556453
vt 0.689502 0.467265
vt 0.689502 0.572204
vt 0.774452 0.593838
vt 0.799749 0.593838
vt 0.640601 0.467265
vt 0.640601 0.548541
vt 0.738308 0.467265
vt 0.738308 0.548541
vt 0.881062 0.755521
vt 0.864120 0.762603
vt 0.864120 0.760762
vt 0.879773 0.754219
vt 0.847178 0.755521
vt 0.848468 0.754219
vt 0.840160 0.738422
vt 0.841984 0.738422
vt 0.847178 0.721324
vt 0.848468 0.722625
vt 0.864120 0.714241
vt 0.864120 0.716082
vt 0.881062 0.721324
vt 0.879773 0.722625
vt 0.888080 0.738422
vt 0.886256 0.738422
vt 0.864120 0.755521
vt 0.876100 0.750513
vt 0.852140 0.750513
vt 0.847178 0.738422
vt 0.852140 0.726332
vt 0.864120 0.721324
vt 0.876100 0.726332
vt 0.881062 0.738422
vt 0.864120 0.747676
vt 0.870604 0.744966
vt 0.857637 0.744966
vt 0.854951 0.738422
vt 0.857637 0.731879
vt 0.864120 0.729169
vt 0.870604 0.731879
vt 0.873289 0.738422
vt 0.864120 0.738422
vt 0.881062 0.755521
vt 0.864120 0.762603
vt 0.864120 0.760762
vt 0.879773 0.754219
vt 0.847178 0.755521
vt 0.848468 0.754219
vt 0.840160 0.738422
vt 0.841984 0.738422
vt 0.847178 0.721324
vt 0.848468 0.722625
vt 0.864120 0.714241
vt 0.864120 0.716082
vt 0.881062 0.721324
vt 0.879773 0.722625
vt 0.888080 0.738422
vt 0.886256 0.738422
vt 0.864120 0.755521
vt 0.876100 0.750513
vt 0.852140 0.750513
vt 0.847178 0.738422
vt 0.852140 0.726332
vt 0.864120 0.721324
vt 0.876100 0.726332
vt 0.881062 0.738422
vt 0.864120 0.747676
vt 0.870604 0.744966
vt 0.857637 0.744966
vt 0.854951 0.738422
vt 0.857637 0.731879
vt 0.864120 0.729169
vt 0.870604 0.731879
vt 0.873289 0.738422
vt 0.864120 0.738422
vn 0.000000 1.000000 0.000000
vn 0.000000 1.000000 0.000000
vn 0.000000 1.000000 0.000000
vn 0.000000 1.000000 0.000000
vn 0.000000 0.381304 0.924450
vn 0.000000 0.381304 0.924450
vn 0.000000 0.381304 0.924450
vn 0.000000 0.381304 0.924450
vn 0.000000 -1.000000 0.000000
vn 0.000000 -1.000000 0.000000
vn 0.000000 -1.000000 0.000000
vn 0.000000 -1.000000 0.000000
vn 0.999107 -0.042190 -0.002446
vn 0.988209 -0.151031 -0.025162
vn 0.981244 -0.186775 -0.047696
vn 0.996810 -0.079774 -0.002441
vn -0.022238 0.999679 0.012155
vn 0.000000 1.000000 -0.000000
vn 0.000000 1.000000 0.000000
vn -0.015836 0.999837 0.008656
vn 0.930421 -0.330335 -0.158728
vn 0.898148 -0.366282 -0.243244
vn 0.896553 -0.363742 -0.252754
vn 0.921996 -0.343741 -0.178228
vn 0.000000 -1.000000 0.000000
vn 0.010627 -0.999933 -0.004580
vn 0.007588 -0.999966 -0.003270
vn 0.000000 -1.000000 0.000000
vn -0.081092 0.991850 0.098276
vn -0.083881 0.993554 0.076251
vn -0.084101 0.993846 0.072096
vn -0.080948 0.991828 0.098609
vn 0.824059 -0.330613 -0.460023
vn 0.645782 -0.426388 -0.633372
vn 0.571224 -0.470258 -0.672726
vn 0.770983 -0.355504 -0.528396
vn 0.017322 -0.999850 0.000945
vn -0.007926 -0.999774 0.019724
vn 0.001293 -0.999897 0.014325
vn 0.028637 -0.999527 -0.011191
vn -0.060626 0.994888 0.080765
vn -0.056417 0.995518 0.075901
vn 0.409614 -0.548387 -0.729032
vn 0.354186 -0.570581 -0.740938
vn -0.013820 -0.997573 0.068250
vn -0.014478 -0.998258 0.057195
vn -0.063167 0.997363 0.035745
vn -0.053351 0.998130 0.029841
vn 0.888863 -0.341097 -0.305901
vn 0.886171 -0.331597 -0.323641
vn 0.030541 -0.999398 -0.016478
vn 0.026519 -0.999557 -0.013476
vn -0.040702 0.997502 0.057737
vn -0.040702 0.997502 0.057737
vn 0.251678 -0.605023 -0.755385
vn 0.251677 -0.605023 -0.755385
vn -0.010980 -0.993242 0.115537
vn -0.010980 -0.993242 0.115538
vn 0.000000 -1.000000 0.000000
vn 0.000000 -1.000000 0.000000
vn 0.997623 0.068864 -0.002443
vn 0.997623 0.068864 -0.002443
vn 0.000000 1.000000 0.000000
vn 0.000000 1.000000 0.000000
vn -0.999848 0.006652 0.016129
vn -0.999848 0.006652 0.016129
vn -0.999848 0.006652 0.016129
vn -0.999848 0.006652 0.016129
vn 0.000000 1.000000 0.000000
vn 0.000000 1.000000 0.000000
vn -0.000000 1.000000 0.000000
vn -0.000000 1.000000 0.000000
vn -0.000000 1.000000 0.000000
vn -0.000000 1.000000 0.000000
vn -0.000000 1.000000 0.000000
vn -0.000000 1.000000 0.000000
vn 0.000000 0.000000 1.000000
vn 0.000000 0.000000 1.000000
vn 0.000000 0.000000 1.000000
vn 0.000000 0.000000 1.000000
vn 0.000000 1.000000 -0.000001
vn 0.000000 1.000000 -0.000001
vn 0.000000 1.000000 -0.000001
vn 0.000000 1.000000 -0.000001
vn 0.000619 0.795812 0.605544
vn 0.000663 0.795966 0.605341
vn 0.000000 0.793672 0.608346
vn 0.000000 0.793672 0.608346
vn 0.000000 1.000000 0.000000
vn 0.000000 1.000000 0.000000
vn 0.000000 1.000000 0.000000
vn 0.000000 1.000000 0.000000
vn -0.000000 1.000000 -0.000001
vn -0.000000 1.000000 -0.000001
vn -0.000000 1.000000 -0.000001
vn -0.000000 1.000000 -0.000001
vn 0.000000 0.000000 1.000000
vn 0.000000 0.000000 1.000000
vn 0.000000 0.000000 1.000000
vn 0.000000 0.000000 1.000000
vn 0.000000 0.000000 1.000000
vn 0.000000 1.000000 0.000000
vn 0.000000 1.000000 0.000000
vn 0.000000 1.000000 0.000000
vn 0.000000 1.000000 0.000000
vn 0.000000 1.000000 0.000000
vn 0.000000 1.000000 0.000000
vn 0.000000 1.000000 0.000000
vn 0.000000 1.000000 0.000000
vn 0.470419 0.000000 -0.882443
vn 0.774207 -0.000000 -0.632932
vn 0.774207 -0.000000 -0.632932
vn 0.470419 0.000000 -0.882443
vn -0.469897 0.000000 0.882721
vn -0.774207 0.000000 0.632932
vn -0.774207 0.000000 0.632932
vn -0.469897 0.000000 0.882721
vn 0.922415 0.000000 -0.386201
vn 0.922415 0.000000 -0.386201
vn -0.922415 0.000000 0.386201
vn -0.922415 0.000000 0.386201
vn 0.989680 0.000000 -0.143292
vn 1.000000 0.000000 0.000000
vn 1.000000 0.000000 0.000000
vn 0.989680 0.000000 -0.143292
vn -0.991006 0.000000 0.133814
vn -1.000000 0.000000 0.000000
vn -1.000000 0.000000 0.000000
vn -0.991006 0.000000 0.133814
vn -0.014652 0.801503 0.597811
vn -0.014753 0.801545 0.597753
vn -0.004812 0.797015 0.603940
vn -0.004750 0.796983 0.603983
vn 0.000000 0.767613 0.640914
vn 0.000000 0.767613 0.640914
vn 0.000000 0.912018 0.410150
vn 0.000000 0.912018 0.410150
vn -0.999941 -0.009162 -0.005842
vn -0.999923 -0.010366 -0.006775
vn -0.999404 -0.032730 -0.010982
vn -0.999540 -0.028534 -0.010261
vn 1.000000 0.000000 0.000000
vn 1.000000 0.000001 0.000000
vn 1.000000 0.000000 0.000001
vn 1.000000 0.000000 0.000000
vn 0.000000 0.941922 0.335832
vn 0.000000 0.941922 0.335832
vn -0.999350 -0.034257 -0.011244
vn -0.999350 -0.034257 -0.011244
vn -0.999350 -0.034257 -0.011244
vn 1.000000 0.000001 -0.000000
vn 1.000000 0.000001 -0.000000
vn 0.998124 0.060585 -0.008825
vn 0.998124 0.060585 -0.008825
vn 0.997896 0.064767 -0.002971
vn 0.997954 0.063795 -0.004331
vn 0.000000 1.000000 0.000000
vn 0.000000 1.000000 0.000000
vn 0.000000 1.000000 0.000000
vn 0.000000 1.000000 0.000000
vn 0.000000 1.000000 0.000000
vn 0.000000 1.000000 0.000000
vn 0.000000 1.000000 0.000000
vn 0.000000 1.000000 0.000000
vn -0.003828 0.843224 0.537548
vn -0.003854 0.844313 0.535837
vn -0.001271 0.794505 0.607256
vn -0.001169 0.794650 0.607067
vn -0.042265 0.839917 0.541067
vn -0.042334 0.838840 0.542729
vn -0.035394 0.803858 0.593768
vn -0.035537 0.803851 0.593768
vn 0.000563 0.002354 0.999997
vn 0.000513 0.002142 0.999998
vn 0.003658 0.001067 0.999993
vn 0.003646 -0.000102 0.999993
vn -0.004200 0.858961 0.512025
vn -0.004200 0.858961 0.512025
vn -0.041483 0.851758 0.522290
vn -0.041483 0.851758 0.522290
vn 0.000000 0.000000 1.000000
vn 0.000000 0.000000 1.000000
vn 0.000000 0.000000 1.000000
vn 0.000000 0.000000 1.000000
vn 0.000000 0.000000 1.000000
vn 0.000000 0.000000 1.000000
vn -0.998263 -0.058733 -0.004579
vn -0.998263 -0.058733 -0.004579
vn -0.998263 -0.058733 -0.004579
vn -0.998263 -0.058733 -0.004579
vn -0.000504 -0.009132 -0.999958
vn -0.000504 -0.009132 -0.999958
vn -0.000504 -0.009132 -0.999958
vn -0.000504 -0.009132 -0.999958
vn 0.005353 -0.000507 -0.999986
vn 0.005214 0.000370 -0.999986
vn 0.005230 0.000274 -0.999986
vn 0.005353 -0.000507 -0.999986
vn 0.000183 0.003227 -0.999995
vn 0.000183 0.003227 -0.999995
vn 0.000183 0.003227 -0.999995
vn 0.000183 0.003227 -0.999995
vn 0.000124 0.002242 -0.999998
vn 0.000124 0.002242 -0.999998
vn 0.000124 0.002242 -0.999997
vn 0.000124 0.002242 -0.999998
vn -0.112794 -0.993618 0.000000
vn -0.112794 -0.993618 0.000000
vn -0.112794 -0.993618 0.000000
vn -0.112794 -0.993618 0.000000
vn 0.979116 -0.203303 -0.000002
vn 0.998677 0.051421 -0.000002
vn 0.998677 0.051421 -0.000002
vn 0.979116 -0.203303 -0.000002
vn 0.115944 0.993256 0.000000
vn 0.115944 0.993256 0.000000
vn 0.115944 0.993256 0.000000
vn 0.115944 0.993256 0.000000
vn 0.099186 0.995069 0.000001
vn 0.099186 0.995069 0.000001
vn 0.099186 0.995069 0.000001
vn 0.099186 0.995069 0.000001
vn -0.001615 0.795320 0.606187
vn -0.001615 0.795320 0.606187
vn 0.000000 0.793673 0.608345
vn 0.000000 0.793673 0.608345
vn 0.997850 0.065509 -0.001931
vn 0.997850 0.065509 -0.001931
vn 0.005109 0.001040 -0.999986
vn 0.005109 0.001040 -0.999986
vn 0.960502 0.278273 -0.000002
vn 0.960502 0.278273 -0.000002
vn 0.000000 0.000000 1.000000
vn 0.000000 0.000000 1.000000
vn 1.000000 0.000000 -0.000001
vn 1.000000 0.000000 -0.000001
vn 1.000000 0.000000 0.000000
vn 1.000000 0.000000 0.000001
vn 0.000000 0.767614 0.640913
vn 0.000000 0.767614 0.640913
vn 0.000000 0.767614 0.640913
vn 0.000000 0.767614 0.640913
vn -0.999995 -0.002885 0.001113
vn -0.999990 -0.004486 -0.000645
vn -0.999965 -0.007335 -0.004037
vn -0.999977 -0.006205 -0.002628
vn 1.000000 0.000000 0.000002
vn 1.000000 0.000000 0.000002
vn 0.000000 0.767613 0.640913
vn 0.000000 0.767613 0.640913
vn -0.999996 -0.001956 0.002132
vn -0.999996 -0.001956 0.002132
vn -0.995969 -0.083065 -0.033844
vn -0.995969 -0.083065 -0.033844
vn -0.995969 -0.083065 -0.033844
vn 0.003545 -0.009788 0.999946
vn 0.003545 -0.009788 0.999946
vn 0.997340 0.070069 -0.020087
vn 0.997340 0.070069 -0.020087
vn 0.997340 0.070069 -0.020087
vn 0.000001 1.000000 0.000000
vn 0.000001 1.000000 0.000000
vn 0.000002 0.000000 1.000000
vn 0.000003 0.000000 1.000000
vn 0.000003 0.000000 1.000000
vn 0.000002 0.000000 1.000000
vn 0.090408 0.000000 -0.995905
vn 0.090408 0.000000 -0.995905
vn -0.088463 0.000000 0.996080
vn -0.088463 0.000000 0.996080
vn 0.000000 0.000000 1.000000
vn 0.000000 0.000000 1.000000
vn 0.000107 -0.013351 0.999911
vn 0.000107 -0.013351 0.999911
vn 0.000107 -0.013351 0.999911
vn 0.000107 -0.013351 0.999911
vn -0.097606 -0.995225 0.000000
vn -0.097606 -0.995225 0.000000
vn -0.097606 -0.995225 0.000000
vn -0.097606 -0.995225 0.000000
vn 0.000002 0.000000 1.000000
vn 0.000002 0.000000 1.000000
vn 0.000000 0.000000 1.000000
vn 0.000000 0.000000 1.000000
vn -0.000000 1.000000 0.000000
vn 0.000000 1.000000 0.000000
vn 0.000000 1.000000 0.000000
vn -0.000000 1.000000 0.000000
vn 0.000000 1.000000 0.000000
vn 0.000000 1.000000 0.000000
vn 0.000000 1.000000 0.000000
vn 0.000000 1.000000 0.000000
vn -0.000000 0.000000 1.000000
vn -0.000000 0.000000 1.000000
vn -0.000000 0.000000 1.000000
vn -0.000000 0.000000 1.000000
vn 0.000000 1.000000 -0.000001
vn 0.000000 1.000000 -0.000001
vn 0.000000 1.000000 -0.000001
vn 0.000000 1.000000 -0.000001
vn -0.000619 0.795812 0.605544
vn 0.000000 0.793672 0.608346
vn 0.000000 0.793672 0.608346
vn -0.000663 0.795966 0.605341
vn 0.000000 1.000000 0.000000
vn 0.000000 1.000000 0.000000
vn 0.000000 1.000000 0.000000
vn 0.000000 1.000000 0.000000
vn 0.000000 1.000000 -0.000001
vn 0.000000 1.000000 -0.000001
vn 0.000000 1.000000 -0.000001
vn 0.000000 1.000000 -0.000001
vn 0.000000 0.000000 1.000000
vn 0.000000 0.000000 1.000000
vn 0.000000 0.000000 1.000000
vn 0.000000 0.000000 1.000000
vn 0.000000 0.000000 1.000000
vn 0.000000 1.000000 0.000000
vn 0.000000 1.000000 0.000000
vn 0.000000 1.000000 0.000000
vn 0.000000 1.000000 0.000000
vn 0.000000 1.000000 0.000000
vn 0.000000 1.000000 0.000000
vn 0.000000 1.000000 0.000000
vn 0.000000 1.000000 0.000000
vn -0.470419 -0.000000 -0.882443
vn -0.470419 -0.000000 -0.882443
vn -0.774207 -0.000000 -0.632932
vn -0.774207 -0.000000 -0.632932
vn 0.469897 0.000000 0.882721
vn 0.469897 0.000000 0.882721
vn 0.774207 0.000000 0.632932
vn 0.774207 0.000000 0.632932
vn -0.922415 0.000000 -0.386201
vn -0.922415 0.000000 -0.386201
vn 0.922415 0.000000 0.386201
vn 0.922415 0.000000 0.386201
vn -0.989680 0.000000 -0.143292
vn -0.989680 0.000000 -0.143292
vn -1.000000 0.000000 0.000000
vn -1.000000 0.000000 0.000000
vn 0.991006 0.000000 0.133814
vn 0.991006 0.000000 0.133814
vn 1.000000 0.000000 0.000000
vn 1.000000 0.000000 0.000000
vn 0.014652 0.801503 0.597811
vn 0.004750 0.796983 0.603983
vn 0.004812 0.797015 0.603940
vn 0.014753 0.801545 0.597752
vn 0.000000 0.767613 0.640914
vn 0.000000 0.912018 0.410150
vn 0.000000 0.912018 0.410150
vn 0.000000 0.767613 0.640914
vn 0.999941 -0.009162 -0.005843
vn 0.999540 -0.028534 -0.010261
vn 0.999404 -0.032730 -0.010982
vn 0.999923 -0.010367 -0.006776
vn -1.000000 0.000000 0.000000
vn -1.000000 0.000000 0.000000
vn -1.000000 0.000000 0.000000
vn -1.000000 0.000000 0.000000
vn 0.000000 0.941922 0.335832
vn 0.000000 0.941922 0.335832
vn 0.999350 -0.034257 -0.011244
vn 0.999350 -0.034257 -0.011244
vn 0.999350 -0.034257 -0.011244
vn -1.000000 0.000000 -0.000000
vn -1.000000 0.000000 -0.000000
vn -0.998124 0.060585 -0.008825
vn -0.997954 0.063795 -0.004331
vn -0.997896 0.064767 -0.002971
vn -0.998124 0.060585 -0.008825
vn 0.000000 1.000000 0.000000
vn 0.000000 1.000000 0.000000
vn 0.000000 1.000000 0.000000
vn 0.000000 1.000000 0.000000
vn 0.000000 1.000000 0.000000
vn 0.000000 1.000000 0.000000
vn 0.000000 1.000000 0.000000
vn 0.000000 1.000000 0.000000
vn 0.003828 0.843224 0.537548
vn 0.001169 0.794650 0.607067
vn 0.001271 0.794505 0.607256
vn 0.003854 0.844313 0.535837
vn 0.042265 0.839917 0.541067
vn 0.035537 0.803851 0.593768
vn 0.035394 0.803858 0.593768
vn 0.042334 0.838840 0.542729
vn -0.000563 0.002354 0.999997
vn -0.003646 -0.000102 0.999993
vn -0.003658 0.001067 0.999993
vn -0.000513 0.002142 0.999998
vn 0.004200 0.858961 0.512025
vn 0.004200 0.858961 0.512025
vn 0.041483 0.851758 0.522290
vn 0.041483 0.851758 0.522290
vn -0.000000 0.000000 1.000000
vn -0.000000 0.000000 1.000000
vn -0.000000 0.000000 1.000000
vn -0.000000 0.000000 1.000000
vn 0.000000 0.000000 1.000000
vn 0.000000 0.000000 1.000000
vn 0.998263 -0.058733 -0.004579
vn 0.998263 -0.058733 -0.004579
vn 0.998263 -0.058733 -0.004579
vn 0.998263 -0.058733 -0.004579
vn 0.000505 -0.009132 -0.999958
vn 0.000505 -0.009132 -0.999958
vn 0.000505 -0.009132 -0.999958
vn 0.000505 -0.009132 -0.999958
vn -0.005352 -0.000507 -0.999986
vn -0.005352 -0.000507 -0.999986
vn -0.005229 0.000274 -0.999986
vn -0.005214 0.000370 -0.999986
vn -0.000183 0.003227 -0.999995
vn -0.000183 0.003227 -0.999995
vn -0.000183 0.003227 -0.999995
vn -0.000183 0.003227 -0.999995
vn -0.000124 0.002242 -0.999998
vn -0.000124 0.002242 -0.999998
vn -0.000124 0.002242 -0.999997
vn -0.000124 0.002242 -0.999998
vn 0.112794 -0.993618 0.000000
vn 0.112794 -0.993618 0.000000
vn 0.112794 -0.993618 0.000000
vn 0.112794 -0.993618 0.000000
vn -0.979116 -0.203303 -0.000002
vn -0.979116 -0.203303 -0.000002
vn -0.998677 0.051421 -0.000002
vn -0.998677 0.051421 -0.000002
vn -0.115944 0.993256 0.000000
vn -0.115944 0.993256 0.000000
vn -0.115944 0.993256 0.000000
vn -0.115944 0.993256 0.000000
vn -0.099186 0.995069 0.000000
vn -0.099186 0.995069 0.000000
vn -0.099186 0.995069 0.000000
vn -0.099186 0.995069 0.000000
vn 0.001615 0.795320 0.606187
vn 0.001615 0.795320 0.606187
vn 0.000000 0.793673 0.608345
vn 0.000000 0.793673 0.608345
vn -0.997850 0.065509 -0.001931
vn -0.997850 0.065509 -0.001931
vn -0.005109 0.001040 -0.999986
vn -0.005109 0.001040 -0.999986
vn -0.960502 0.278273 -0.000002
vn -0.960502 0.278273 -0.000002
vn -0.000000 0.000000 1.000000
vn -0.000000 0.000000 1.000000
vn -1.000000 0.000000 -0.000001
vn -1.000000 0.000000 0.000000
vn -1.000000 0.000000 0.000000
vn -1.000000 0.000000 -0.000000
vn 0.000000 0.767614 0.640913
vn 0.000000 0.767613 0.640913
vn 0.000000 0.767613 0.640913
vn 0.000000 0.767614 0.640913
vn 0.999995 -0.002885 0.001113
vn 0.999977 -0.006205 -0.002628
vn 0.999965 -0.007336 -0.004037
vn 0.999990 -0.004486 -0.000645
vn -1.000000 0.000000 0.000001
vn -1.000000 0.000000 0.000001
vn 0.000000 0.767614 0.640913
vn 0.000000 0.767614 0.640913
vn 0.999996 -0.001956 0.002133
vn 0.999996 -0.001956 0.002133
vn 0.995969 -0.083066 -0.033844
vn 0.995969 -0.083066 -0.033844
vn 0.995969 -0.083066 -0.033844
vn -0.003545 -0.009788 0.999946
vn -0.003545 -0.009788 0.999946
vn -0.997340 0.070069 -0.020087
vn -0.997340 0.070069 -0.020087
vn -0.997340 0.070069 -0.020087
vn -0.000001 1.000000 0.000000
vn -0.000001 1.000000 0.000000
vn -0.000002 0.000000 1.000000
vn -0.000003 0.000000 1.000000
vn -0.000003 0.000000 1.000000
vn -0.000003 0.000000 1.000000
vn -0.090408 0.000000 -0.995905
vn -0.090408 0.000000 -0.995905
vn 0.088463 0.000000 0.996080
vn 0.088463 0.000000 0.996080
vn 0.000000 0.000000 1.000000
vn 0.000000 0.000000 1.000000
vn -0.000107 -0.013351 0.999911
vn -0.000107 -0.013351 0.999911
vn -0.000107 -0.013351 0.999911
vn -0.000107 -0.013351 0.999911
vn 0.097606 -0.995225 -0.000000
vn 0.097606 -0.995225 -0.000000
vn 0.097606 -0.995225 -0.000000
vn 0.097606 -0.995225 -0.000000
vn -0.000002 0.000000 1.000000
vn -0.000002 0.000000 1.000000
vn 0.000000 0.000000 1.000000
vn 0.000000 0.000000 1.000000
vn 0.000000 -0.469283 0.883048
vn 0.000000 -0.469283 0.883048
vn 0.000000 -0.469283 0.883048
vn 0.000000 -0.469283 0.883048
vn 0.000000 0.789096 0.614270
vn 0.000000 0.789096 0.614270
vn 0.000000 0.762306 0.647217
vn 0.000000 0.762306 0.647217
vn -0.004570 -0.330990 0.943623
vn -0.004570 -0.330990 0.943623
vn -0.004570 -0.330990 0.943623
vn -0.004570 -0.330990 0.943623
vn 0.000000 -0.757208 -0.653174
vn 0.000000 -0.757208 -0.653174
vn 0.000000 -0.783832 -0.620972
vn 0.000000 -0.783832 -0.620972
vn 1.000000 0.000001 0.000000
vn 1.000000 0.000000 0.000000
vn 1.000000 0.000000 0.000000
vn 1.000000 0.000000 0.000000
vn -1.000000 -0.000000 0.000000
vn -1.000000 -0.000000 0.000000
vn -1.000000 -0.000000 0.000000
vn -1.000000 -0.000000 0.000000
vn 0.000000 0.868449 0.495778
vn 0.000000 0.868449 0.495778
vn 1.000000 0.000001 0.000000
vn 1.000000 0.000001 0.000000
vn 0.000000 -0.858346 -0.513072
vn 0.000000 -0.858346 -0.513072
vn -1.000000 0.000000 0.000000
vn -1.000000 0.000000 0.000000
vn 0.000000 0.946915 0.321483
vn 0.000000 0.946915 0.321483
vn 1.000000 0.000000 0.000000
vn 1.000000 0.000000 0.000000
vn 0.000000 -0.946915 -0.321484
vn 0.000000 -0.946915 -0.321484
vn -1.000000 -0.000000 0.000000
vn -1.000000 -0.000001 0.000000
vn 0.000000 0.970445 0.241322
vn 0.000000 0.970445 0.241322
vn 1.000000 0.000000 0.000000
vn 1.000000 0.000000 0.000000
vn 0.000000 -0.970445 -0.241323
vn 0.000000 -0.970445 -0.241323
vn -1.000000 -0.000001 0.000000
vn -1.000000 -0.000001 0.000000
vn 0.000000 0.999991 0.004262
vn 0.000000 0.999991 0.004262
vn 0.002265 0.999975 -0.006682
vn 0.001787 0.999989 -0.004373
vn 1.000000 0.000000 0.000000
vn 1.000000 0.000000 0.000000
vn 0.989281 0.000698 0.146025
vn 0.988929 0.000709 0.148388
vn 0.000000 -1.000000 -0.000884
vn 0.000000 -1.000000 -0.000884
vn -0.001820 -0.999977 0.006578
vn -0.002297 -0.999961 0.008537
vn -1.000000 -0.000001 0.000000
vn -1.000000 -0.000001 0.000000
vn -0.988382 -0.000687 -0.151987
vn -0.988761 -0.000675 -0.149503
vn 0.004623 0.999826 -0.018077
vn 0.004623 0.999826 -0.018077
vn 0.946333 0.001545 0.323188
vn 0.946333 0.001545 0.323188
vn -0.004623 -0.999826 0.018077
vn -0.004623 -0.999826 0.018077
vn -0.917077 0.000059 -0.398710
vn -0.917679 0.000033 -0.397322
vn 0.000000 1.000000 -0.000001
vn 0.000000 1.000000 -0.000001
vn 0.000000 1.000000 -0.000001
vn 0.000000 1.000000 -0.000001
vn 0.859543 -0.002604 0.511057
vn 0.859543 -0.002604 0.511057
vn 0.859543 -0.002604 0.511057
vn 0.859543 -0.002604 0.511057
vn 0.000000 -1.000000 0.000000
vn 0.000000 -1.000000 0.000000
vn 0.000000 -1.000000 0.000000
vn 0.000000 -1.000000 0.000000
vn -0.777406 0.002826 -0.628993
vn -0.779905 0.002814 -0.625891
vn 0.000000 1.000000 0.000000
vn 0.000000 1.000000 0.000000
vn 0.000000 1.000000 0.000000
vn 0.000000 1.000000 0.000000
vn 0.623933 -0.002789 0.781473
vn 0.623933 -0.002789 0.781473
vn 0.623933 -0.002789 0.781473
vn 0.623933 -0.002789 0.781473
vn 0.000000 -1.000000 0.000000
vn 0.000000 -1.000000 0.000000
vn 0.000000 -1.000000 0.000000
vn 0.000000 -1.000000 0.000000
vn -0.481865 0.001888 -0.876243
vn -0.487606 0.001938 -0.873062
vn 0.000000 1.000000 0.000000
vn 0.000000 1.000000 0.000000
vn 0.000000 1.000000 0.000001
vn 0.000000 1.000000 0.000001
vn -0.016888 0.001321 0.999857
vn -0.010851 0.001272 0.999940
vn -0.266321 0.003310 0.963879
vn -0.266321 0.003310 0.963879
vn 0.000000 -1.000000 -0.000000
vn 0.000000 -1.000000 -0.000000
vn 0.000000 -1.000000 0.000000
vn 0.000000 -1.000000 0.000000
vn 0.040127 -0.001860 -0.999193
vn 0.044994 -0.001885 -0.998985
vn 0.505621 -0.003849 -0.862747
vn 0.501745 -0.003836 -0.865007
vn 0.000000 1.000000 0.000000
vn 0.000000 1.000000 0.000000
vn 0.000000 1.000000 0.000000
vn 0.000000 1.000000 0.000000
vn -0.631669 0.004675 0.775224
vn -0.631669 0.004675 0.775224
vn -0.631669 0.004675 0.775224
vn -0.631669 0.004675 0.775224
vn 0.000000 -1.000000 -0.000001
vn 0.000000 -1.000000 -0.000001
vn 0.000000 -1.000000 -0.000001
vn 0.000000 -1.000000 -0.000001
vn 0.774924 -0.003232 -0.632046
vn 0.771788 -0.003255 -0.635872
vn 0.000000 1.000000 0.000000
vn 0.000000 1.000000 0.000000
vn 0.215422 -0.000599 0.976521
vn 0.215422 -0.000599 0.976521
vn 0.000000 -1.000000 -0.000001
vn 0.000000 -1.000000 -0.000001
vn 0.000000 1.000000 0.000000
vn 0.000000 1.000000 0.000000
vn 0.000000 1.000000 0.000000
vn 0.000000 1.000000 0.000000
vn -0.863725 0.002181 0.503958
vn -0.863725 0.002181 0.503958
vn -0.863725 0.002181 0.503958
vn -0.863725 0.002181 0.503958
vn 0.000000 -1.000000 0.000000
vn 0.000000 -1.000000 0.000000
vn 0.000000 -1.000000 0.000000
vn 0.000000 -1.000000 0.000000
vn 0.929502 -0.000518 -0.368817
vn 0.928512 -0.000555 -0.371302
vn 0.000000 1.000000 0.000000
vn 0.000000 1.000000 0.000000
vn 0.000000 1.000000 0.000000
vn 0.000000 1.000000 0.000000
vn -0.956458 -0.000651 0.291871
vn -0.956458 -0.000651 0.291871
vn -0.956458 -0.000651 0.291871
vn -0.956458 -0.000651 0.291871
vn 0.000000 -1.000000 -0.000000
vn 0.000000 -1.000000 -0.000000
vn 0.000000 -1.000000 -0.000000
vn 0.000000 -1.000000 -0.000000
vn 0.990429 -0.000471 -0.138025
vn 0.989901 -0.000444 -0.141762
vn 0.001205 0.999991 0.004096
vn 0.001205 0.999991 0.004096
vn 0.001205 0.999991 0.004096
vn 0.001205 0.999991 0.004096
vn -0.999998 0.001793 -0.000906
vn -0.999998 0.001793 -0.000906
vn -0.999998 0.001793 -0.000906
vn -0.999998 0.001793 -0.000906
vn -0.000525 -0.999991 0.004256
vn -0.000525 -0.999991 0.004256
vn -0.000525 -0.999991 0.004256
vn -0.000525 -0.999991 0.004256
vn 0.999999 -0.001419 -0.000886
vn 0.999999 -0.001419 -0.000886
vn -0.000823 0.689219 0.724552
vn -0.000823 0.689219 0.724552
vn -0.000347 0.773290 0.634053
vn -0.000344 0.773800 0.633430
vn -1.000000 -0.000134 -0.000144
vn -1.000000 -0.000134 -0.000144
vn -1.000000 -0.000134 -0.000144
vn -1.000000 -0.000134 -0.000144
vn 0.000915 -0.673874 -0.738846
vn 0.000915 -0.673874 -0.738846
vn 0.000915 -0.673874 -0.738846
vn 0.000915 -0.673874 -0.738846
vn 1.000000 0.000125 0.000134
vn 1.000000 0.000125 0.000134
vn 1.000000 0.000125 0.000134
vn 1.000000 0.000125 0.000134
vn 0.000178 0.919050 0.394142
vn 0.000177 0.919301 0.393554
vn -1.000000 -0.000169 -0.000099
vn -1.000000 -0.000169 -0.000099
vn -1.000000 -0.000169 -0.000099
vn -1.000000 -0.000169 -0.000099
vn -0.000233 -0.860181 -0.509989
vn -0.000233 -0.860181 -0.509989
vn -0.000233 -0.860181 -0.509989
vn -0.000233 -0.860181 -0.509989
vn 1.000000 0.000158 0.000092
vn 1.000000 0.000158 0.000092
vn 1.000000 0.000158 0.000092
vn 1.000000 0.000158 0.000092
vn 0.000264 0.966403 0.257033
vn 0.000265 0.966469 0.256783
vn -1.000000 -0.000180 -0.000056
vn -1.000000 -0.000180 -0.000056
vn -1.000000 -0.000180 -0.000056
vn -1.000000 -0.000180 -0.000056
vn -0.000071 -0.955012 -0.296566
vn -0.000071 -0.955012 -0.296566
vn -0.000071 -0.955012 -0.296566
vn -0.000071 -0.955012 -0.296566
vn 1.000000 0.000168 0.000052
vn 1.000000 0.000168 0.000052
vn 1.000000 0.000168 0.000052
vn 1.000000 0.000168 0.000052
vn 0.000485 0.977749 0.209778
vn 0.000485 0.977749 0.209778
vn -1.000000 -0.000187 -0.000040
vn -1.000000 -0.000187 -0.000040
vn -1.000000 -0.000187 -0.000040
vn -1.000000 -0.000187 -0.000040
vn -0.000480 -0.977749 -0.209778
vn -0.000480 -0.977749 -0.209778
vn -0.000480 -0.977749 -0.209778
vn -0.000480 -0.977749 -0.209778
vn 1.000000 0.000173 0.000037
vn 1.000000 0.000173 0.000037
vn 1.000000 0.000173 0.000037
vn 1.000000 0.000173 0.000037
vn -0.000000 0.000000 -1.000000
vn -0.000000 0.000000 -1.000000
vn 0.000000 0.000000 -1.000000
vn 0.000000 0.000000 -1.000000
vn 0.008084 0.999967 0.000000
vn 0.008084 0.999967 0.000000
vn 0.036682 0.999327 0.000000
vn 0.036682 0.999327 0.000000
vn 0.000000 0.000000 1.000000
vn 0.000000 0.000000 1.000000
vn 0.000000 0.000000 1.000000
vn 0.000000 0.000000 1.000000
vn -0.008080 -0.999533 -0.029475
vn -0.008083 -0.999533 -0.029475
vn -0.022378 -0.999315 -0.029472
vn -0.022378 -0.999315 -0.029472
vn -0.999967 0.008085 0.000000
vn -0.999967 0.008085 0.000000
vn -0.999967 0.008085 0.000000
vn -0.999967 0.008085 0.000000
vn 0.999967 -0.008087 0.000000
vn 0.999967 -0.008087 0.000000
vn 0.999967 -0.008087 0.000000
vn 0.999967 -0.008087 0.000000
vn 0.011320 -0.999502 -0.029469
vn 0.011320 -0.999502 -0.029469
vn 0.000000 0.000000 1.000000
vn 0.000000 0.000000 1.000000
vn -0.030715 0.999528 0.000000
vn -0.030715 0.999528 0.000000
vn -0.000000 0.000000 -1.000000
vn -0.000000 0.000000 -1.000000
vn -0.000000 0.000000 1.000000
vn -0.000000 0.000000 1.000000
vn 0.000000 0.000000 1.000000
vn 0.000000 0.000000 1.000000
vn -0.008084 -0.999967 0.000000
vn -0.008084 -0.999967 0.000000
vn 0.020521 -0.999789 0.000000
vn 0.020521 -0.999789 0.000000
vn -0.000000 0.000000 -1.000000
vn -0.000000 0.000000 -1.000000
vn -0.000000 0.000000 -1.000000
vn -0.000000 0.000000 -1.000000
vn 0.008080 0.999533 0.029475
vn 0.008077 0.999533 0.029475
vn -0.006219 0.999546 0.029472
vn -0.006219 0.999546 0.029472
vn -0.999967 0.008085 0.000000
vn -0.999967 0.008085 0.000000
vn -0.999967 0.008085 0.000000
vn -0.999967 0.008085 0.000000
vn 0.999967 -0.008087 0.000000
vn 0.999967 -0.008087 0.000000
vn 0.999967 -0.008087 0.000000
vn 0.999967 -0.008087 0.000000
vn 0.027477 0.999188 0.029469
vn 0.027477 0.999188 0.029469
vn 0.000000 0.000000 -1.000000
vn 0.000000 0.000000 -1.000000
vn -0.046869 -0.998901 0.000000
vn -0.046869 -0.998901 0.000000
vn -0.000000 0.000000 1.000000
vn -0.000000 0.000000 1.000000
vn 0.000000 0.000000 -1.000000
vn 0.000000 0.000000 -1.000000
vn 0.000000 0.000000 -1.000000
vn 0.000000 0.000000 -1.000000
vn 0.008084 0.999967 0.000000
vn 0.008084 0.999967 0.000000
vn 0.036682 0.999327 0.000000
vn 0.036682 0.999327 0.000000
vn -0.000000 0.000000 1.000000
vn -0.000000 0.000000 1.000000
vn -0.000000 0.000000 1.000000
vn -0.000000 0.000000 1.000000
vn -0.008080 -0.999533 -0.029475
vn -0.008083 -0.999533 -0.029475
vn -0.022378 -0.999315 -0.029471
vn -0.022378 -0.999315 -0.029471
vn -0.999967 0.008085 0.000000
vn -0.999967 0.008085 0.000000
vn -0.999967 0.008085 0.000000
vn -0.999967 0.008085 0.000000
vn 0.999967 -0.008087 0.000000
vn 0.999967 -0.008087 0.000000
vn 0.999967 -0.008087 0.000000
vn 0.999967 -0.008087 0.000000
vn 0.011320 -0.999502 -0.029469
vn 0.011320 -0.999502 -0.029469
vn 0.000000 0.000000 1.000000
vn 0.000000 0.000000 1.000000
vn -0.030715 0.999528 0.000000
vn -0.030715 0.999528 0.000000
vn 0.000000 0.000000 -1.000000
vn 0.000000 0.000000 -1.000000
vn -0.000000 0.000000 -1.000000
vn 0.000000 0.000000 -1.000000
vn 0.000000 0.000000 -1.000000
vn -0.000000 0.000000 -1.000000
vn -0.008084 -0.999967 0.000000
vn 0.020521 -0.999789 0.000000
vn 0.020521 -0.999789 0.000000
vn -0.008084 -0.999967 0.000000
vn -0.000000 0.000000 1.000000
vn 0.000000 0.000000 1.000000
vn 0.000000 0.000000 1.000000
vn -0.000000 0.000000 1.000000
vn 0.008080 0.999533 -0.029475
vn -0.006219 0.999546 -0.029471
vn -0.006219 0.999546 -0.029471
vn 0.008077 0.999533 -0.029475
vn -0.999967 0.008085 0.000000
vn -0.999967 0.008085 0.000000
vn -0.999967 0.008085 0.000000
vn -0.999967 0.008085 0.000000
vn 0.999967 -0.008087 0.000000
vn 0.999967 -0.008087 0.000000
vn 0.999967 -0.008087 0.000000
vn 0.999967 -0.008087 0.000000
vn 0.027477 0.999188 -0.029469
vn 0.027477 0.999188 -0.029469
vn -0.000000 0.000000 1.000000
vn -0.000000 0.000000 1.000000
vn -0.046869 -0.998901 0.000000
vn -0.046869 -0.998901 0.000000
vn -0.000000 0.000000 -1.000000
vn -0.000000 0.000000 -1.000000
vn 0.000000 0.000000 1.000000
vn 0.000000 0.000000 1.000000
vn 0.000000 0.000000 1.000000
vn 0.000000 0.000000 1.000000
vn 0.000000 1.000000 0.000000
vn 0.000000 1.000000 0.000000
vn -0.028602 0.999591 0.000000
vn -0.028602 0.999591 0.000000
vn -0.000000 0.000000 -1.000000
vn -0.000000 0.000000 -1.000000
vn -0.000000 0.000000 -1.000000
vn -0.000000 0.000000 -1.000000
vn 0.000000 -0.999566 0.029474
vn 0.000003 -0.999566 0.029474
vn 0.014299 -0.999463 0.029471
vn 0.014299 -0.999463 0.029471
vn 1.000000 0.000000 0.000000
vn 1.000000 0.000000 0.000000
vn 1.000000 0.000000 0.000000
vn 1.000000 0.000000 0.000000
vn -1.000000 0.000000 0.000000
vn -1.000000 0.000000 0.000000
vn -1.000000 0.000000 0.000000
vn -1.000000 0.000000 0.000000
vn -0.019399 -0.999377 0.029469
vn -0.019399 -0.999377 0.029469
vn 0.000000 0.000000 -1.000000
vn 0.000000 0.000000 -1.000000
vn 0.038793 0.999247 0.000000
vn 0.038793 0.999247 0.000000
vn 0.000000 0.000000 1.000000
vn 0.000000 0.000000 1.000000
vn -0.000000 0.000000 -1.000000
vn -0.000000 0.000000 -1.000000
vn -0.000000 0.000000 -1.000000
vn -0.000000 0.000000 -1.000000
vn 0.008084 0.999967 0.000000
vn 0.008084 0.999967 0.000000
vn 0.036681 0.999327 0.000000
vn 0.036681 0.999327 0.000000
vn -0.000000 0.000000 1.000000
vn -0.000000 0.000000 1.000000
vn -0.000000 0.000000 1.000000
vn -0.000000 0.000000 1.000000
vn -0.008080 -0.999533 -0.029475
vn -0.008083 -0.999533 -0.029475
vn -0.022378 -0.999315 -0.029471
vn -0.022378 -0.999315 -0.029471
vn -0.999967 0.008085 0.000000
vn -0.999967 0.008085 0.000000
vn -0.999967 0.008085 0.000000
vn -0.999967 0.008085 0.000000
vn 0.999967 -0.008087 0.000000
vn 0.999967 -0.008087 0.000000
vn 0.999967 -0.008087 0.000000
vn 0.999967 -0.008087 0.000000
vn 0.011320 -0.999502 -0.029469
vn 0.011320 -0.999502 -0.029469
vn 0.000000 0.000000 1.000000
vn 0.000000 0.000000 1.000000
vn -0.030715 0.999528 0.000000
vn -0.030715 0.999528 0.000000
vn 0.000000 0.000000 -1.000000
vn 0.000000 0.000000 -1.000000
vn 0.000000 0.000000 1.000000
vn 0.000000 0.000000 1.000000
vn 0.000000 0.000000 1.000000
vn 0.000000 0.000000 1.000000
vn 0.000000 1.000000 0.000000
vn 0.000000 1.000000 0.000000
vn -0.028601 0.999591 0.000000
vn -0.028601 0.999591 0.000000
vn -0.000000 0.000000 -1.000000
vn 0.000000 0.000000 -1.000000
vn -0.000000 0.000000 -1.000000
vn -0.000000 0.000000 -1.000000
vn 0.000000 -0.999566 0.029475
vn 0.000003 -0.999566 0.029475
vn 0.014299 -0.999463 0.029473
vn 0.014299 -0.999463 0.029473
vn 1.000000 0.000000 0.000000
vn 1.000000 0.000000 0.000000
vn 1.000000 0.000000 0.000000
vn 1.000000 0.000000 0.000000
vn -1.000000 0.000000 0.000000
vn -1.000000 0.000000 0.000000
vn -1.000000 0.000000 0.000000
vn -1.000000 0.000000 0.000000
vn -0.019400 -0.999377 0.029470
vn -0.019400 -0.999377 0.029470
vn 0.000000 0.000000 -1.000000
vn 0.000000 0.000000 -1.000000
vn 0.038792 0.999247 0.000000
vn 0.038792 0.999247 0.000000
vn 0.000000 0.000000 1.000000
vn 0.000000 0.000000 1.000000
vn -0.000000 0.000000 1.000000
vn -0.000000 0.000000 1.000000
vn -0.000000 0.000000 1.000000
vn -0.000000 0.000000 1.000000
vn -0.008084 -0.999967 0.000000
vn -0.008084 -0.999967 0.000000
vn 0.020521 -0.999789 0.000000
vn 0.020521 -0.999789 0.000000
vn 0.000000 0.000000 -1.000000
vn 0.000000 0.000000 -1.000000
vn 0.000000 0.000000 -1.000000
vn 0.000000 0.000000 -1.000000
vn 0.008080 0.999533 0.029475
vn 0.008077 0.999533 0.029475
vn -0.006219 0.999546 0.029471
vn -0.006219 0.999546 0.029471
vn -0.999967 0.008085 0.000000
vn -0.999967 0.008085 0.000000
vn -0.999967 0.008085 0.000000
vn -0.999967 0.008085 0.000000
vn 0.999967 -0.008087 0.000000
vn 0.999967 -0.008087 0.000000
vn 0.999967 -0.008087 0.000000
vn 0.999967 -0.008087 0.000000
vn 0.027477 0.999188 0.029469
vn 0.027477 0.999188 0.029469
vn 0.000000 0.000000 -1.000000
vn 0.000000 0.000000 -1.000000
vn -0.046869 -0.998901 0.000000
vn -0.046869 -0.998901 0.000000
vn 0.000000 0.000000 1.000000
vn 0.000000 0.000000 1.000000
vn 0.000000 0.000000 -1.000000
vn 0.000000 0.000000 -1.000000
vn 0.000000 0.000000 -1.000000
vn 0.000000 0.000000 -1.000000
vn -0.008084 -0.999967 0.000000
vn 0.020521 -0.999789 0.000000
vn 0.020521 -0.999789 0.000000
vn -0.008084 -0.999967 0.000000
vn 0.000000 0.000000 1.000000
vn 0.000000 0.000000 1.000000
vn 0.000000 0.000000 1.000000
vn 0.000000 0.000000 1.000000
vn 0.008080 0.999533 -0.029475
vn -0.006219 0.999546 -0.029472
vn -0.006219 0.999546 -0.029472
vn 0.008077 0.999533 -0.029475
vn -0.999967 0.008084 0.000000
vn -0.999967 0.008084 0.000000
vn -0.999967 0.008084 0.000000
vn -0.999967 0.008084 0.000000
vn 0.999967 -0.008086 0.000000
vn 0.999967 -0.008086 0.000000
vn 0.999967 -0.008086 0.000000
vn 0.999967 -0.008086 0.000000
vn 0.027477 0.999188 -0.029469
vn 0.027477 0.999188 -0.029469
vn 0.000000 0.000000 1.000000
vn 0.000000 0.000000 1.000000
vn -0.046869 -0.998901 0.000000
vn -0.046869 -0.998901 0.000000
vn 0.000000 0.000000 -1.000000
vn 0.000000 0.000000 -1.000000
vn 0.000000 0.000000 -1.000000
vn 0.000000 0.000000 -1.000000
vn 0.000000 0.000000 -1.000000
vn 0.000000 0.000000 -1.000000
vn -0.008084 -0.999967 0.000000
vn 0.020521 -0.999789 0.000000
vn 0.020521 -0.999789 0.000000
vn -0.008084 -0.999967 0.000000
vn 0.000000 0.000000 1.000000
vn 0.000000 0.000000 1.000000
vn 0.000000 0.000000 1.000000
vn 0.000000 0.000000 1.000000
vn 0.008080 0.999533 -0.029474
vn -0.006219 0.999546 -0.029471
vn -0.006219 0.999546 -0.029471
vn 0.008077 0.999533 -0.029474
vn -0.999967 0.008086 0.000000
vn -0.999967 0.008086 0.000000
vn -0.999967 0.008086 0.000000
vn -0.999967 0.008086 0.000000
vn 0.999967 -0.008085 0.000000
vn 0.999967 -0.008085 0.000000
vn 0.999967 -0.008085 0.000000
vn 0.999967 -0.008085 0.000000
vn 0.027477 0.999188 -0.029469
vn 0.027477 0.999188 -0.029469
vn 0.000000 0.000000 1.000000
vn 0.000000 0.000000 1.000000
vn -0.046869 -0.998901 0.000000
vn -0.046869 -0.998901 0.000000
vn 0.000000 0.000000 -1.000000
vn 0.000000 0.000000 -1.000000
vn -0.000000 0.000000 1.000000
vn -0.000000 0.000000 1.000000
vn -0.000000 0.000000 1.000000
vn -0.000000 0.000000 1.000000
vn -0.008084 -0.999967 0.000000
vn -0.008084 -0.999967 0.000000
vn 0.020521 -0.999789 0.000000
vn 0.020521 -0.999789 0.000000
vn 0.000000 0.000000 -1.000000
vn 0.000000 0.000000 -1.000000
vn 0.000000 0.000000 -1.000000
vn 0.000000 0.000000 -1.000000
vn 0.008080 0.999533 0.029474
vn 0.008077 0.999533 0.029474
vn -0.006219 0.999546 0.029471
vn -0.006219 0.999546 0.029471
vn -0.999967 0.008087 0.000000
vn -0.999967 0.008087 0.000000
vn -0.999967 0.008087 0.000000
vn -0.999967 0.008087 0.000000
vn 0.999967 -0.008085 0.000000
vn 0.999967 -0.008085 0.000000
vn 0.999967 -0.008085 0.000000
vn 0.999967 -0.008085 0.000000
vn 0.027477 0.999188 0.029469
vn 0.027477 0.999188 0.029469
vn 0.000000 0.000000 -1.000000
vn 0.000000 0.000000 -1.000000
vn -0.046869 -0.998901 0.000000
vn -0.046869 -0.998901 0.000000
vn 0.000000 0.000000 1.000000
vn 0.000000 0.000000 1.000000
vn 0.000000 0.000000 1.000000
vn 0.000000 0.000000 1.000000
vn 0.000000 0.000000 1.000000
vn 0.000000 0.000000 1.000000
vn 0.000000 1.000000 0.000000
vn 0.000000 1.000000 0.000000
vn -0.028601 0.999591 0.000000
vn -0.028601 0.999591 0.000000
vn -0.000000 0.000000 -1.000000
vn 0.000000 0.000000 -1.000000
vn -0.000000 0.000000 -1.000000
vn -0.000000 0.000000 -1.000000
vn 0.000000 -0.999566 0.029475
vn 0.000003 -0.999566 0.029475
vn 0.014299 -0.999463 0.029473
vn 0.014299 -0.999463 0.029473
vn 1.000000 0.000000 0.000000
vn 1.000000 0.000000 0.000000
vn 1.000000 0.000000 0.000000
vn 1.000000 0.000000 0.000000
vn -1.000000 0.000000 0.000000
vn -1.000000 0.000000 0.000000
vn -1.000000 0.000000 0.000000
vn -1.000000 0.000000 0.000000
vn -0.019400 -0.999377 0.029470
vn -0.019400 -0.999377 0.029470
vn 0.000000 0.000000 -1.000000
vn 0.000000 0.000000 -1.000000
vn 0.038792 0.999247 0.000000
vn 0.038792 0.999247 0.000000
vn 0.000000 0.000000 1.000000
vn 0.000000 0.000000 1.000000
vn -0.000000 0.000000 -1.000000
vn -0.000000 0.000000 -1.000000
vn -0.000000 0.000000 -1.000000
vn -0.000000 0.000000 -1.000000
vn 0.008084 0.999967 0.000000
vn 0.008084 0.999967 0.000000
vn 0.036681 0.999327 0.000000
vn 0.036681 0.999327 0.000000
vn -0.000000 0.000000 1.000000
vn -0.000000 0.000000 1.000000
vn -0.000000 0.000000 1.000000
vn -0.000000 0.000000 1.000000
vn -0.008080 -0.999533 -0.029474
vn -0.008083 -0.999533 -0.029474
vn -0.022378 -0.999315 -0.029471
vn -0.022378 -0.999315 -0.029471
vn -0.999967 0.008087 0.000000
vn -0.999967 0.008087 0.000000
vn -0.999967 0.008087 0.000000
vn -0.999967 0.008087 0.000000
vn 0.999967 -0.008085 0.000000
vn 0.999967 -0.008085 0.000000
vn 0.999967 -0.008085 0.000000
vn 0.999967 -0.008085 0.000000
vn 0.011320 -0.999502 -0.029469
vn 0.011320 -0.999502 -0.029469
vn 0.000000 0.000000 1.000000
vn 0.000000 0.000000 1.000000
vn -0.030715 0.999528 0.000000
vn -0.030715 0.999528 0.000000
vn 0.000000 0.000000 -1.000000
vn 0.000000 0.000000 -1.000000
vn 0.000000 0.000000 1.000000
vn 0.000000 0.000000 1.000000
vn 0.000000 0.000000 1.000000
vn 0.000000 0.000000 1.000000
vn 0.000000 1.000000 0.000000
vn 0.000000 1.000000 0.000000
vn -0.028602 0.999591 0.000000
vn -0.028602 0.999591 0.000000
vn -0.000000 0.000000 -1.000000
vn -0.000000 0.000000 -1.000000
vn -0.000000 0.000000 -1.000000
vn -0.000000 0.000000 -1.000000
vn 0.000000 -0.999566 0.029474
vn 0.000003 -0.999566 0.029474
vn 0.014299 -0.999463 0.029471
vn 0.014299 -0.999463 0.029471
vn 1.000000 0.000000 0.000000
vn 1.000000 0.000000 0.000000
vn 1.000000 0.000000 0.000000
vn 1.000000 0.000000 0.000000
vn -1.000000 0.000000 0.000000
vn -1.000000 0.000000 0.000000
vn -1.000000 0.000000 0.000000
vn -1.000000 0.000000 0.000000
vn -0.019399 -0.999377 0.029469
vn -0.019399 -0.999377 0.029469
vn 0.000000 0.000000 -1.000000
vn 0.000000 0.000000 -1.000000
vn 0.038793 0.999247 0.000000
vn 0.038793 0.999247 0.000000
vn 0.000000 0.000000 1.000000
vn 0.000000 0.000000 1.000000
vn -0.000000 0.000000 -1.000000
vn 0.000000 0.000000 -1.000000
vn 0.000000 0.000000 -1.000000
vn -0.000000 0.000000 -1.000000
vn -0.008084 -0.999967 0.000000
vn 0.020521 -0.999789 0.000000
vn 0.020521 -0.999789 0.000000
vn -0.008084 -0.999967 0.000000
vn -0.000000 0.000000 1.000000
vn 0.000000 0.000000 1.000000
vn 0.000000 0.000000 1.000000
vn -0.000000 0.000000 1.000000
vn 0.008080 0.999533 -0.029475
vn -0.006219 0.999546 -0.029471
vn -0.006219 0.999546 -0.029471
vn 0.008077 0.999533 -0.029475
vn -0.999967 0.008087 0.000000
vn -0.999967 0.008087 0.000000
vn -0.999967 0.008087 0.000000
vn -0.999967 0.008087 0.000000
vn 0.999967 -0.008085 0.000000
vn 0.999967 -0.008085 0.000000
vn 0.999967 -0.008085 0.000000
vn 0.999967 -0.008085 0.000000
vn 0.027477 0.999188 -0.029469
vn 0.027477 0.999188 -0.029469
vn -0.000000 0.000000 1.000000
vn -0.000000 0.000000 1.000000
vn -0.046869 -0.998901 0.000000
vn -0.046869 -0.998901 0.000000
vn -0.000000 0.000000 -1.000000
vn -0.000000 0.000000 -1.000000
vn 0.000000 0.000000 -1.000000
vn 0.000000 0.000000 -1.000000
vn 0.000000 0.000000 -1.000000
vn 0.000000 0.000000 -1.000000
vn 0.008084 0.999967 0.000000
vn 0.008084 0.999967 0.000000
vn 0.036682 0.999327 0.000000
vn 0.036682 0.999327 0.000000
vn -0.000000 0.000000 1.000000
vn -0.000000 0.000000 1.000000
vn -0.000000 0.000000 1.000000
vn -0.000000 0.000000 1.000000
vn -0.008080 -0.999533 -0.029475
vn -0.008083 -0.999533 -0.029475
vn -0.022378 -0.999315 -0.029471
vn -0.022378 -0.999315 -0.029471
vn -0.999967 0.008087 0.000000
vn -0.999967 0.008087 0.000000
vn -0.999967 0.008087 0.000000
vn -0.999967 0.008087 0.000000
vn 0.999967 -0.008085 0.000000
vn 0.999967 -0.008085 0.000000
vn 0.999967 -0.008085 0.000000
vn 0.999967 -0.008085 0.000000
vn 0.011320 -0.999502 -0.029469
vn 0.011320 -0.999502 -0.029469
vn 0.000000 0.000000 1.000000
vn 0.000000 0.000000 1.000000
vn -0.030715 0.999528 0.000000
vn -0.030715 0.999528 0.000000
vn 0.000000 0.000000 -1.000000
vn 0.000000 0.000000 -1.000000
vn -0.000000 0.000000 1.000000
vn -0.000000 0.000000 1.000000
vn 0.000000 0.000000 1.000000
vn 0.000000 0.000000 1.000000
vn -0.008084 -0.999967 0.000000
vn -0.008084 -0.999967 0.000000
vn 0.020521 -0.999789 0.000000
vn 0.020521 -0.999789 0.000000
vn -0.000000 0.000000 -1.000000
vn -0.000000 0.000000 -1.000000
vn -0.000000 0.000000 -1.000000
vn -0.000000 0.000000 -1.000000
vn 0.008080 0.999533 0.029475
vn 0.008077 0.999533 0.029475
vn -0.006219 0.999546 0.029472
vn -0.006219 0.999546 0.029472
vn -0.999967 0.008087 0.000000
vn -0.999967 0.008087 0.000000
vn -0.999967 0.008087 0.000000
vn -0.999967 0.008087 0.000000
vn 0.999967 -0.008085 0.000000
vn 0.999967 -0.008085 0.000000
vn 0.999967 -0.008085 0.000000
vn 0.999967 -0.008085 0.000000
vn 0.027477 0.999188 0.029469
vn 0.027477 0.999188 0.029469
vn 0.000000 0.000000 -1.000000
vn 0.000000 0.000000 -1.000000
vn -0.046869 -0.998901 0.000000
vn -0.046869 -0.998901 0.000000
vn -0.000000 0.000000 1.000000
vn -0.000000 0.000000 1.000000
vn -0.000000 0.000000 -1.000000
vn -0.000000 0.000000 -1.000000
vn 0.000000 0.000000 -1.000000
vn 0.000000 0.000000 -1.000000
vn 0.008084 0.999967 0.000000
vn 0.008084 0.999967 0.000000
vn 0.036682 0.999327 0.000000
vn 0.036682 0.999327 0.000000
vn 0.000000 0.000000 1.000000
vn 0.000000 0.000000 1.000000
vn 0.000000 0.000000 1.000000
vn 0.000000 0.000000 1.000000
vn -0.008080 -0.999533 -0.029475
vn -0.008083 -0.999533 -0.029475
vn -0.022378 -0.999315 -0.029472
vn -0.022378 -0.999315 -0.029472
vn -0.999967 0.008087 0.000000
vn -0.999967 0.008087 0.000000
vn -0.999967 0.008087 0.000000
vn -0.999967 0.008087 0.000000
vn 0.999967 -0.008085 0.000000
vn 0.999967 -0.008085 0.000000
vn 0.999967 -0.008085 0.000000
vn 0.999967 -0.008085 0.000000
vn 0.011320 -0.999502 -0.029469
vn 0.011320 -0.999502 -0.029469
vn 0.000000 0.000000 1.000000
vn 0.000000 0.000000 1.000000
vn -0.030715 0.999528 0.000000
vn -0.030715 0.999528 0.000000
vn -0.000000 0.000000 -1.000000
vn -0.000000 0.000000 -1.000000
vn -0.000000 0.000000 1.000000
vn -0.000000 0.000000 1.000000
vn 0.000000 0.000000 1.000000
vn -0.000000 0.000000 1.000000
vn 0.240203 0.969972 -0.038176
vn 0.238618 0.970362 -0.038191
vn 0.450610 0.892031 -0.035108
vn 0.450610 0.892031 -0.035108
vn 1.000000 0.000000 0.000000
vn 1.000000 0.000000 0.000000
vn 1.000000 0.000000 0.000000
vn 1.000000 0.000000 0.000000
vn -1.000000 0.000000 0.000000
vn -1.000000 0.000000 0.000000
vn -1.000000 0.000000 0.000000
vn -1.000000 0.000000 0.000000
vn -0.437358 0.899287 0.000000
vn -0.437358 0.899287 0.000000
vn -0.240063 0.970757 0.000000
vn -0.240063 0.970757 0.000000
vn -0.000000 0.000000 1.000000
vn -0.000000 0.000000 1.000000
vn -0.000000 0.000000 1.000000
vn -0.000000 0.000000 1.000000
vn -0.620613 0.784117 0.000000
vn -0.620613 0.784117 0.000000
vn -0.000000 0.000000 1.000000
vn -0.000000 0.000000 1.000000
vn 0.000000 0.000000 1.000000
vn 0.000000 0.000000 1.000000
vn 0.646428 0.761661 -0.044760
vn 0.650640 0.758017 -0.045582
vn 0.000000 0.000000 1.000000
vn 0.000000 0.000000 1.000000
vn 0.054202 0.998306 -0.021171
vn 0.054202 0.998306 -0.021171
vn -0.705375 0.708834 0.000000
vn -0.705375 0.708834 0.000000
vn 0.000000 0.000000 1.000000
vn 0.000000 0.000000 1.000000
vn -0.000000 0.000000 1.000000
vn -0.000000 0.000000 1.000000
vn 0.710112 0.701737 -0.057489
vn 0.710113 0.701737 -0.057489
vn 0.693508 0.693530 0.195097
vn -0.000000 0.980784 0.195098
vn -0.000000 0.936790 0.349891
vn 0.662412 0.662411 0.349889
vn -0.693508 0.693530 0.195097
vn -0.662412 0.662411 0.349889
vn -0.980784 0.000007 0.195096
vn -0.936788 0.000002 0.349897
vn -0.693522 -0.693519 0.195087
vn -0.662404 -0.662411 0.349904
vn -0.000000 -0.980787 0.195080
vn 0.000000 -0.936790 0.349892
vn 0.693522 -0.693519 0.195087
vn 0.662405 -0.662411 0.349904
vn 0.980784 0.000007 0.195095
vn 0.936788 0.000002 0.349897
vn -0.000000 0.756266 0.654264
vn 0.534767 0.534763 0.654258
vn -0.534766 0.534762 0.654259
vn -0.756266 0.000014 0.654264
vn -0.534761 -0.534754 0.654270
vn 0.000000 -0.756258 0.654274
vn 0.534761 -0.534754 0.654270
vn 0.756267 0.000014 0.654263
vn -0.000000 0.496215 0.868200
vn 0.350892 0.350891 0.868188
vn -0.350890 0.350889 0.868189
vn -0.496229 0.000006 0.868192
vn -0.350887 -0.350884 0.868193
vn 0.000001 -0.496219 0.868198
vn 0.350887 -0.350883 0.868193
vn 0.496230 0.000006 0.868191
vn -0.000001 0.000005 1.000000
vn 0.693508 0.693530 0.195096
vn -0.000000 0.980785 0.195093
vn -0.000000 0.936791 0.349891
vn 0.662411 0.662411 0.349890
vn -0.693508 0.693530 0.195095
vn -0.662411 0.662411 0.349889
vn -0.980784 0.000007 0.195095
vn -0.936788 0.000002 0.349897
vn -0.693522 -0.693519 0.195086
vn -0.662405 -0.662411 0.349903
vn 0.000000 -0.980787 0.195080
vn 0.000000 -0.936790 0.349892
vn 0.693522 -0.693519 0.195086
vn 0.662404 -0.662411 0.349903
vn 0.980784 0.000007 0.195095
vn 0.936788 0.000002 0.349898
vn -0.000000 0.756264 0.654267
vn 0.534765 0.534762 0.654260
vn -0.534765 0.534762 0.654260
vn -0.756265 0.000013 0.654265
vn -0.534760 -0.534753 0.654271
vn 0.000000 -0.756257 0.654274
vn 0.534760 -0.534754 0.654271
vn 0.756265 0.000014 0.654265
vn -0.000000 0.496216 0.868199
vn 0.350890 0.350890 0.868189
vn -0.350891 0.350891 0.868189
vn -0.496227 0.000005 0.868193
vn -0.350885 -0.350883 0.868194
vn 0.000000 -0.496219 0.868198
vn 0.350886 -0.350882 0.868194
vn 0.496228 0.000005 0.868193
vn 0.000000 0.000005 1.000000
s 1
g polySurface142 group6
usemtl lambert2SG
f 9/1/1 40/2/2 39/3/3 10/4/4
s off
f 5/5/5 7/6/6 8/7/7 6/8/8
s 2
f 37/9/9 12/10/10 11/11/11 38/12/12
s 3
f 38/13/13 11/14/14 10/15/15 39/16/16
s 1
f 25/17/17 23/18/18 22/19/19 26/20/20
s 3
f 21/21/21 27/22/22 26/23/23 22/24/24
s 2
f 24/25/25 28/26/26 27/27/27 21/28/28
s 1
f 17/29/29 31/30/30 30/31/31 18/32/32
s 3
f 29/33/33 19/34/34 18/35/35 30/36/36
s 2
f 32/37/37 20/38/38 19/39/39 29/40/40
s 1
f 33/41/41 17/29/29 18/32/32 34/42/42
s 3
f 19/34/34 35/43/43 34/44/44 18/35/35
s 2
f 20/38/38 36/45/45 35/46/46 19/39/39
s 3
f 11/14/14 21/21/21 22/24/24 10/15/15
s 1
f 23/18/18 9/1/1 10/4/4 22/19/19
s 2
f 12/10/10 24/25/25 21/28/28 11/11/11
s 1
f 13/47/47 25/17/17 26/20/20 14/48/48
s 3
f 26/23/23 27/22/22 15/49/49 14/50/50
s 2
f 28/26/26 16/51/51 15/52/52 27/27/27
s 3
f 15/49/49 29/33/33 30/36/36 14/50/50
s 1
f 31/30/30 13/47/47 14/48/48 30/31/31
s 2
f 16/51/51 32/37/37 29/40/40 15/52/52
s 1
f 3/53/53 33/41/41 34/42/42 4/54/54
s 3
f 34/55/44 35/46/43 2/56/55 4/57/56
s 2
f 36/45/45 1/58/57 2/56/58 35/46/46
f 7/59/59 37/9/9 38/12/12 8/60/60
s 3
f 6/61/61 8/62/62 38/13/13 39/16/16
s 1
f 40/2/2 5/63/63 6/64/64 39/3/3
s off
f 7/65/65 5/66/66 40/67/67 37/68/68
s 9
f 48/69/69 49/70/70 50/71/71 51/72/72
f 51/72/72 50/71/71 52/73/73 53/74/74
f 53/74/74 52/73/73 54/75/75 55/76/76
s 10
f 93/77/77 94/78/78 102/79/79 103/80/80
s off
f 57/81/81 56/82/82 58/83/83 59/84/84
s 11
f 80/85/85 81/86/86 98/87/87 99/88/88
s off
f 60/89/89 57/81/90 59/84/91 61/90/92
f 56/82/93 120/91/94 121/92/95 58/83/96
f 74/93/97 75/94/98 71/95/99 72/96/100 73/97/101
f 62/98/102 63/99/103 64/100/104 65/101/105
f 63/99/106 60/89/107 61/90/108 64/100/109
s 12
f 56/102/110 57/103/111 44/104/112 45/105/113
s 13
f 48/106/114 51/107/115 59/108/116 58/109/117
s 12
f 57/103/111 60/110/118 47/111/119 44/104/112
s 13
f 51/107/115 53/112/120 61/113/121 59/108/116
s 12
f 63/114/122 62/115/123 41/116/124 42/117/125
s 13
f 55/118/126 54/119/127 65/120/128 64/121/129
s 12
f 60/110/118 63/114/122 42/117/125 47/111/119
s 13
f 53/112/120 55/118/126 64/121/129 61/113/121
s 14
f 81/86/130 82/122/131 97/123/132 98/87/133
s 15
f 113/124/134 114/125/135 70/126/136 69/127/137
s 16
f 114/128/138 115/129/139 68/130/140 70/131/141
s 17
f 69/132/142 67/133/143 112/134/144 113/135/145
s 15
f 69/127/137 70/126/136 75/136/146 74/137/147
s 16
f 75/138/148 70/131/141 68/130/140 66/139/149 71/140/150
s 17
f 74/141/151 73/142/152 67/133/143 69/132/142
s 18
f 84/143/153 80/144/154 99/145/155 100/146/156
s off
f 50/71/157 49/70/158 79/147/159 78/148/160
f 49/70/161 118/149/162 123/150/163 79/147/164
s 11
f 85/151/165 86/152/166 116/153/167 110/154/168
s 14
f 86/152/169 68/155/170 115/156/171 116/153/172
s 21
f 87/157/173 88/158/174 110/159/175 111/160/176
s 11
f 86/152/166 85/151/165 43/161/177 46/162/178
s 14
f 66/163/179 68/155/170 86/152/169 46/162/180
s 22
f 87/157/181 125/164/182 122/165/183 76/166/184
s 21
f 88/158/174 87/157/173 76/166/185 77/167/186
s off
f 43/168/187 85/169/188 88/170/189 77/171/190
f 83/172/191 84/173/192 90/174/193 89/175/194
s 23
f 84/173/195 100/176/196 101/177/197 90/174/198
s off
f 78/178/199 79/179/200 92/180/201 91/181/202
f 79/179/203 123/182/204 127/183/205 92/180/206
f 89/184/207 90/185/208 94/186/209 93/187/210
s 24
f 90/188/211 101/189/212 102/190/213 94/191/214
s off
f 91/192/215 92/193/216 96/194/217 95/195/218
f 92/193/219 127/196/220 129/197/221 96/194/222
s 14
f 98/87/133 97/123/132 54/75/223 52/73/224
s 11
f 99/88/88 98/87/87 52/73/225 50/71/226
s 18
f 100/146/156 99/145/155 50/198/227 78/199/228
s 23
f 101/177/197 100/176/196 78/178/229 91/181/230
s 24
f 102/190/213 101/189/212 91/200/231 95/201/232
s 10
f 103/80/80 102/79/79 95/202/233 96/203/234
s 17
f 105/204/235 104/205/236 107/206/237 108/207/238
s 15
f 108/208/239 109/209/240 106/210/241 105/211/242
s 16
f 109/212/243 97/213/244 82/214/245 106/215/246
s 17
f 107/206/237 41/116/247 62/115/248 108/207/238
s 15
f 62/98/249 65/101/250 109/209/240 108/208/239
s 16
f 65/120/251 54/119/252 97/213/244 109/212/243
s off
f 88/170/253 85/169/254 110/216/255
s 21
f 111/160/176 110/159/175 84/217/256 83/218/257
s 17
f 112/134/144 104/205/236 105/204/235 113/135/145
s 15
f 105/211/242 106/210/241 114/125/135 113/124/134
s 16
f 106/215/246 82/214/245 115/129/139 114/128/138
s 14
f 116/153/172 115/156/171 82/122/131 81/86/130
s 11
f 110/154/168 116/153/167 81/86/86 80/85/85
s off
f 80/144/258 84/143/259 110/219/260
s 9
f 119/220/261 118/149/262 49/70/70 48/69/69
s 27
f 130/221/263 128/222/264 93/77/265 103/80/266
s 12
f 117/223/267 120/224/268 56/102/110 45/105/113
s 13
f 121/225/269 119/226/270 48/227/114 58/228/117
s 22
f 131/229/271 125/164/182 87/157/181 111/160/272
s off
f 126/230/273 124/231/274 83/232/275 89/233/276
f 128/234/277 126/235/278 89/184/279 93/187/280
s 27
f 129/236/281 130/221/263 103/80/266 96/203/282
s 22
f 124/237/283 131/229/271 111/160/272 83/218/284
s 28
f 139/238/285 142/239/286 141/240/287 140/241/288
f 142/239/286 144/242/289 143/243/290 141/240/287
f 144/242/289 146/244/291 145/245/292 143/243/290
s 29
f 184/246/293 194/247/294 193/248/295 185/249/296
s off
f 148/250/297 150/251/298 149/252/299 147/253/300
s 30
f 171/254/301 190/255/302 189/256/303 172/257/304
s off
f 151/258/305 152/259/306 150/251/307 148/250/308
f 147/253/309 149/252/310 208/260/311 120/261/312
f 165/262/313 164/263/314 163/264/315 162/265/316 166/266/317
f 153/267/318 156/268/319 155/269/320 154/270/321
f 154/270/322 155/269/323 152/259/324 151/258/325
s 31
f 147/271/326 136/272/327 135/273/328 148/274/329
s 32
f 139/275/330 149/276/331 150/277/332 142/278/333
s 31
f 148/274/329 135/273/328 138/279/334 151/280/335
s 32
f 142/278/333 150/277/332 152/281/336 144/282/337
s 31
f 154/283/338 133/284/339 132/285/340 153/286/341
s 32
f 146/287/342 155/288/343 156/289/344 145/290/345
s 31
f 151/280/335 138/279/334 133/284/339 154/283/338
s 32
f 144/282/337 152/281/336 155/288/343 146/287/342
s 33
f 172/257/346 189/256/347 188/291/348 173/292/349
s 34
f 204/293/350 160/294/351 161/295/352 205/296/353
s 35
f 205/297/354 161/298/355 159/299/356 206/300/357
s 36
f 160/301/358 204/302/359 203/303/360 158/304/361
s 34
f 160/294/351 165/305/362 166/306/363 161/295/352
s 35
f 166/307/364 162/308/365 157/309/366 159/299/356 161/298/355
s 36
f 165/310/367 160/301/358 158/304/361 164/311/368
s 37
f 175/312/369 191/313/370 190/314/371 171/315/372
s off
f 141/240/373 169/316/374 170/317/375 140/241/376
f 140/241/377 170/317/378 123/150/379 118/149/380
s 30
f 176/318/381 201/319/382 207/320/383 177/321/384
s 33
f 177/321/385 207/320/386 206/322/387 159/323/388
s 38
f 178/324/389 202/325/390 201/326/391 179/327/392
s 30
f 177/321/384 137/328/393 134/329/394 176/318/381
s 33
f 157/330/395 137/328/396 177/321/385 159/323/388
s 39
f 178/324/397 167/331/398 122/165/399 125/164/400
s 38
f 179/327/392 168/332/401 167/331/402 178/324/389
s off
f 134/333/403 168/334/404 179/335/405 176/336/406
f 174/337/407 180/338/408 181/339/409 175/340/410
s 40
f 175/340/411 181/339/412 192/341/413 191/342/414
s off
f 169/343/415 182/344/416 183/345/417 170/346/418
f 170/346/419 183/345/420 127/183/421 123/182/422
f 180/347/423 184/348/424 185/349/425 181/350/426
s 41
f 181/351/427 185/352/428 193/353/429 192/354/430
s off
f 182/355/431 186/356/432 187/357/433 183/358/434
f 183/358/435 187/357/436 129/197/437 127/196/438
s 33
f 189/256/347 143/243/439 145/245/440 188/291/348
s 30
f 190/255/302 141/240/441 143/243/442 189/256/303
s 37
f 191/313/370 169/359/443 141/360/444 190/314/371
s 40
f 192/341/413 182/344/445 169/343/446 191/342/414
s 41
f 193/353/429 186/361/447 182/362/448 192/354/430
s 29
f 194/247/294 187/363/449 186/364/450 193/248/295
s 36
f 196/365/451 199/366/452 198/367/453 195/368/454
s 34
f 199/369/455 196/370/456 197/371/457 200/372/458
s 35
f 200/373/459 197/374/460 173/375/461 188/376/462
s 36
f 198/367/453 199/366/452 153/286/463 132/285/464
s 34
f 153/267/465 199/369/455 200/372/458 156/268/466
s 35
f 156/289/467 200/373/459 188/376/462 145/290/468
s off
f 179/335/469 201/377/470 176/336/471
s 38
f 202/325/390 174/378/472 175/379/473 201/326/391
s 36
f 203/303/360 204/302/359 196/365/451 195/368/454
s 34
f 196/370/456 204/293/350 205/296/353 197/371/457
s 35
f 197/374/460 205/297/354 206/300/357 173/375/461
s 33
f 207/320/386 172/257/346 173/292/349 206/322/387
s 30
f 201/319/382 171/254/301 172/257/304 207/320/383
s off
f 171/315/474 201/380/475 175/312/476
s 28
f 119/220/477 139/238/285 140/241/288 118/149/478
s 43
f 130/221/479 194/247/480 184/246/481 128/222/482
s 31
f 117/223/483 136/381/327 147/382/326 120/224/484
s 32
f 208/383/485 149/384/331 139/385/330 119/386/486
s 39
f 131/229/487 202/325/488 178/324/397 125/164/400
s off
f 126/230/489 180/387/490 174/388/491 124/231/492
f 128/234/493 184/348/494 180/347/495 126/235/496
s 43
f 129/236/497 187/363/498 194/247/480 130/221/479
s 39
f 124/237/499 174/378/500 202/325/488 131/229/487
s off
f 209/389/501 210/390/502 212/391/503 211/392/504
s 44
f 217/393/505 218/394/506 214/395/507 213/396/508
s off
f 281/397/509 282/398/510 283/399/511 284/400/512
s 45
f 215/401/513 216/402/514 219/403/515 220/404/516
s 46
f 218/405/517 219/406/518 216/407/519 214/408/520
s 47
f 215/409/521 220/410/522 217/411/523 213/412/524
s 44
f 221/413/525 222/414/526 218/394/506 217/393/505
s 46
f 222/415/527 223/416/528 219/406/518 218/405/517
s 45
f 220/404/516 219/403/515 223/417/529 224/418/530
s 47
f 217/411/523 220/410/522 224/419/531 221/420/532
s 44
f 225/421/533 226/422/534 222/414/526 221/413/525
s 46
f 226/423/535 227/424/536 223/416/528 222/415/527
s 45
f 224/418/530 223/417/529 227/425/537 228/426/538
s 47
f 221/420/532 224/419/531 228/427/539 225/428/540
s 44
f 211/429/541 212/430/542 226/422/534 225/421/533
s 46
f 210/431/543 227/424/536 226/423/535 212/432/544
s 45
f 228/426/538 227/425/537 210/433/545 209/434/546
s 47
f 225/428/540 228/427/539 209/435/547 211/436/548
s 48
f 213/396/549 214/395/550 230/437/551 229/438/552
s 49
f 214/408/553 216/407/554 231/439/555 230/440/556
s 50
f 216/402/557 215/401/558 232/441/559 231/442/560
s 51
f 215/409/561 213/412/562 229/443/563 232/444/564
s 48
f 229/438/552 230/437/551 234/445/565 233/446/566
s 49
f 230/440/556 231/439/555 235/447/567 234/448/568
s 50
f 231/442/560 232/441/559 236/449/569 235/450/570
s 51
f 232/444/564 229/443/563 233/451/571 236/452/572
s off
f 233/446/573 234/445/574 238/453/575 237/454/576
f 234/448/577 235/447/578 239/455/579 238/456/580
f 235/450/581 236/449/582 240/457/583 239/458/584
s 51
f 236/452/572 233/451/571 237/459/585 240/460/586
s off
f 237/454/587 238/453/588 242/461/589 241/462/590
f 238/456/591 239/455/592 243/463/593 242/464/594
f 239/458/595 240/457/596 244/465/597 243/466/598
s 51
f 240/460/586 237/459/585 241/467/599 244/468/600
s 52
f 253/469/601 254/470/602 246/471/603 245/472/604
s 53
f 254/473/605 255/474/606 247/475/607 246/476/608
s 54
f 255/477/609 256/478/610 248/479/611 247/480/612
s 51
f 256/481/613 253/482/614 245/483/615 248/484/616
s off
f 245/472/617 246/471/618 250/485/619 249/486/620
f 246/487/621 247/488/622 251/489/623 250/490/624
f 247/480/625 248/479/626 252/491/627 251/492/628
s 51
f 248/493/616 245/494/615 249/495/629 252/496/630
s 52
f 241/462/631 242/461/632 254/470/602 253/469/601
s 53
f 242/497/633 243/498/634 255/474/606 254/473/605
s 54
f 243/466/635 244/465/636 256/478/610 255/477/609
s 51
f 244/499/600 241/500/599 253/482/614 256/481/613
s off
f 249/486/637 250/485/638 258/501/639 257/502/640
f 250/490/641 251/489/642 259/503/643 258/504/644
f 251/492/645 252/491/646 260/505/647 259/506/648
s 51
f 252/496/630 249/495/629 257/507/649 260/508/650
s off
f 257/502/651 258/501/652 262/509/653 261/510/654
f 258/504/655 259/503/656 263/511/657 262/512/658
f 259/506/659 260/505/660 264/513/661 263/514/662
s 51
f 260/508/650 257/507/649 261/515/663 264/516/664
s off
f 261/510/665 262/509/666 266/517/667 265/518/668
f 262/512/669 263/511/670 267/519/671 266/520/672
f 263/514/673 264/513/674 268/521/675 267/522/676
s 51
f 264/516/664 261/515/663 265/523/677 268/524/678
s 55
f 265/518/679 266/517/680 270/525/681 269/526/682
s off
f 266/520/683 267/519/684 271/527/685 270/528/686
f 267/522/687 268/521/688 272/529/689 271/530/690
f 268/524/691 265/523/692 269/531/693 272/532/694
s 55
f 269/526/682 270/525/681 274/533/695 273/534/696
s off
f 270/528/697 271/527/698 275/535/699 274/536/700
f 271/530/701 272/529/702 276/537/703 275/538/704
f 272/532/705 269/531/706 273/539/707 276/540/708
s 55
f 273/534/696 274/533/695 278/541/709 277/542/710
s off
f 274/536/711 275/535/712 279/543/713 278/544/714
f 275/538/715 276/537/716 280/545/717 279/546/718
f 276/540/719 273/539/720 277/547/721 280/548/722
s 55
f 277/542/710 278/541/709 282/549/723 281/550/724
s off
f 278/544/725 279/543/726 283/551/727 282/552/728
f 279/546/729 280/545/730 284/553/731 283/554/732
f 280/548/733 277/547/734 281/555/735 284/556/736
s 56
f 296/557/737 293/558/738 286/559/739 288/560/740
s 57
f 295/561/741 296/557/742 288/560/743 290/562/744
s 58
f 294/563/745 295/561/746 290/562/747 292/564/748
s 59
f 293/565/749 294/563/750 292/564/751 286/566/752
s off
f 286/566/753 292/564/754 290/567/755 288/568/756
f 291/569/757 285/570/758 287/571/759 289/572/760
s 59
f 291/569/761 294/563/750 293/565/749 285/570/762
s 58
f 289/573/763 295/561/746 294/563/745 291/569/764
s 57
f 287/574/765 296/557/742 295/561/741 289/573/766
s 56
f 285/575/767 293/558/738 296/557/737 287/574/768
s 60
f 308/576/769 305/577/770 298/578/771 300/579/772
s 61
f 307/580/773 308/576/774 300/579/775 302/581/776
s 62
f 306/582/777 307/580/778 302/581/779 304/583/780
s 63
f 305/584/781 306/582/782 304/583/783 298/585/784
s off
f 298/585/785 304/583/786 302/586/787 300/587/788
f 303/588/789 297/589/790 299/590/791 301/591/792
s 63
f 303/588/793 306/582/782 305/584/781 297/589/794
s 62
f 301/592/795 307/580/778 306/582/777 303/588/796
s 61
f 299/593/797 308/576/774 307/580/773 301/592/798
s 60
f 297/594/799 305/577/770 308/576/769 299/593/800
s 64
f 320/595/801 317/596/802 310/597/803 312/598/804
s 65
f 319/599/805 320/595/806 312/598/807 314/600/808
s 66
f 318/601/809 319/599/810 314/600/811 316/602/812
s 67
f 317/603/813 318/601/814 316/602/815 310/604/816
s off
f 310/604/817 316/602/818 314/605/819 312/606/820
f 315/607/821 309/608/822 311/609/823 313/610/824
s 67
f 315/607/825 318/601/814 317/603/813 309/608/826
s 66
f 313/611/827 319/599/810 318/601/809 315/607/828
s 65
f 311/612/829 320/595/806 319/599/805 313/611/830
s 64
f 309/613/831 317/596/802 320/595/801 311/612/832
s 68
f 332/614/833 324/615/834 322/616/835 329/617/836
s 69
f 331/618/837 326/619/838 324/615/839 332/614/840
s 70
f 330/620/841 328/621/842 326/619/843 331/618/844
s 71
f 329/622/845 322/623/846 328/621/847 330/620/848
s off
f 322/623/849 324/624/850 326/625/851 328/621/852
f 327/626/853 325/627/854 323/628/855 321/629/856
s 71
f 327/626/857 321/629/858 329/622/845 330/620/848
s 70
f 325/630/859 327/626/860 330/620/841 331/618/844
s 69
f 323/631/861 325/630/862 331/618/837 332/614/840
s 68
f 321/632/863 323/631/864 332/614/833 329/617/836
s 72
f 344/633/865 341/634/866 334/635/867 336/636/868
s 73
f 343/637/869 344/633/870 336/636/871 338/638/872
s 74
f 342/639/873 343/637/874 338/638/875 340/640/876
s 75
f 341/641/877 342/639/878 340/640/879 334/642/880
s off
f 334/642/881 340/640/882 338/643/883 336/644/884
f 339/645/885 333/646/886 335/647/887 337/648/888
s 75
f 339/645/889 342/639/878 341/641/877 333/646/890
s 74
f 337/649/891 343/637/874 342/639/873 339/645/892
s 73
f 335/650/893 344/633/870 343/637/869 337/649/894
s 72
f 333/651/895 341/634/866 344/633/865 335/650/896
s 76
f 356/652/897 353/653/898 346/654/899 348/655/900
s 77
f 355/656/901 356/652/902 348/655/903 350/657/904
s 78
f 354/658/905 355/656/906 350/657/907 352/659/908
s 79
f 353/660/909 354/658/910 352/659/911 346/661/912
s off
f 346/661/913 352/659/914 350/662/915 348/663/916
f 351/664/917 345/665/918 347/666/919 349/667/920
s 79
f 351/664/921 354/658/910 353/660/909 345/665/922
s 78
f 349/668/923 355/656/906 354/658/905 351/664/924
s 77
f 347/669/925 356/652/902 355/656/901 349/668/926
s 76
f 345/670/927 353/653/898 356/652/897 347/669/928
s 80
f 368/671/929 365/672/930 358/673/931 360/674/932
s 81
f 367/675/933 368/671/934 360/674/935 362/676/936
s 82
f 366/677/937 367/675/938 362/676/939 364/678/940
s 83
f 365/679/941 366/677/942 364/678/943 358/680/944
s off
f 358/680/945 364/678/946 362/681/947 360/682/948
f 363/683/949 357/684/950 359/685/951 361/686/952
s 83
f 363/683/953 366/677/942 365/679/941 357/684/954
s 82
f 361/687/955 367/675/938 366/677/937 363/683/956
s 81
f 359/688/957 368/671/934 367/675/933 361/687/958
s 80
f 357/689/959 365/672/930 368/671/929 359/688/960
s 84
f 380/690/961 377/691/962 370/692/963 372/693/964
s 85
f 379/694/965 380/690/966 372/693/967 374/695/968
s 86
f 378/696/969 379/694/970 374/695/971 376/697/972
s 87
f 377/698/973 378/696/974 376/697/975 370/699/976
s off
f 370/699/977 376/697/978 374/700/979 372/701/980
f 375/702/981 369/703/982 371/704/983 373/705/984
s 87
f 375/702/985 378/696/974 377/698/973 369/703/986
s 86
f 373/706/987 379/694/970 378/696/969 375/702/988
s 85
f 371/707/989 380/690/966 379/694/965 373/706/990
s 84
f 369/708/991 377/691/962 380/690/961 371/707/992
s 88
f 392/709/993 384/710/994 382/711/995 389/712/996
s 89
f 391/713/997 386/714/998 384/710/999 392/709/1000
s 90
f 390/715/1001 388/716/1002 386/714/1003 391/713/1004
s 91
f 389/717/1005 382/718/1006 388/716/1007 390/715/1008
s off
f 382/718/1009 384/719/1010 386/720/1011 388/716/1012
f 387/721/1013 385/722/1014 383/723/1015 381/724/1016
s 91
f 387/721/1017 381/724/1018 389/717/1005 390/715/1008
s 90
f 385/725/1019 387/721/1020 390/715/1001 391/713/1004
s 89
f 383/726/1021 385/725/1022 391/713/997 392/709/1000
s 88
f 381/727/1023 383/726/1024 392/709/993 389/712/996
s 92
f 404/728/1025 396/729/1026 394/730/1027 401/731/1028
s 93
f 403/732/1029 398/733/1030 396/729/1031 404/728/1032
s 94
f 402/734/1033 400/735/1034 398/733/1035 403/732/1036
s 95
f 401/736/1037 394/737/1038 400/735/1039 402/734/1040
s off
f 394/737/1041 396/738/1042 398/739/1043 400/735/1044
f 399/740/1045 397/741/1046 395/742/1047 393/743/1048
s 95
f 399/740/1049 393/743/1050 401/736/1037 402/734/1040
s 94
f 397/744/1051 399/740/1052 402/734/1033 403/732/1036
s 93
f 395/745/1053 397/744/1054 403/732/1029 404/728/1032
s 92
f 393/746/1055 395/745/1056 404/728/1025 401/731/1028
s 96
f 416/747/1057 413/748/1058 406/749/1059 408/750/1060
s 97
f 415/751/1061 416/747/1062 408/750/1063 410/752/1064
s 98
f 414/753/1065 415/751/1066 410/752/1067 412/754/1068
s 99
f 413/755/1069 414/753/1070 412/754/1071 406/756/1072
s off
f 406/756/1073 412/754/1074 410/757/1075 408/758/1076
f 411/759/1077 405/760/1078 407/761/1079 409/762/1080
s 99
f 411/759/1081 414/753/1070 413/755/1069 405/760/1082
s 98
f 409/763/1083 415/751/1066 414/753/1065 411/759/1084
s 97
f 407/764/1085 416/747/1062 415/751/1061 409/763/1086
s 96
f 405/765/1087 413/748/1058 416/747/1057 407/764/1088
s 100
f 428/766/1089 425/767/1090 418/768/1091 420/769/1092
s 101
f 427/770/1093 428/766/1094 420/769/1095 422/771/1096
s 102
f 426/772/1097 427/770/1098 422/771/1099 424/773/1100
s 103
f 425/774/1101 426/772/1102 424/773/1103 418/775/1104
s off
f 418/775/1105 424/773/1106 422/776/1107 420/777/1108
f 423/778/1109 417/779/1110 419/780/1111 421/781/1112
s 103
f 423/778/1113 426/772/1102 425/774/1101 417/779/1114
s 102
f 421/782/1115 427/770/1098 426/772/1097 423/778/1116
s 101
f 419/783/1117 428/766/1094 427/770/1093 421/782/1118
s 100
f 417/784/1119 425/767/1090 428/766/1089 419/783/1120
s 104
f 440/785/1121 437/786/1122 430/787/1123 432/788/1124
s 105
f 439/789/1125 440/785/1126 432/788/1127 434/790/1128
s 106
f 438/791/1129 439/789/1130 434/790/1131 436/792/1132
s 107
f 437/793/1133 438/791/1134 436/792/1135 430/794/1136
s off
f 430/794/1137 436/792/1138 434/795/1139 432/796/1140
f 435/797/1141 429/798/1142 431/799/1143 433/800/1144
s 107
f 435/797/1145 438/791/1134 437/793/1133 429/798/1146
s 106
f 433/801/1147 439/789/1130 438/791/1129 435/797/1148
s 105
f 431/802/1149 440/785/1126 439/789/1125 433/801/1150
s 104
f 429/803/1151 437/786/1122 440/785/1121 431/802/1152
s 108
f 452/804/1153 449/805/1154 442/806/1155 444/807/1156
s 109
f 451/808/1157 452/804/1158 444/807/1159 446/809/1160
s 110
f 450/810/1161 451/808/1162 446/809/1163 448/811/1164
s 111
f 449/812/1165 450/810/1166 448/811/1167 442/813/1168
s off
f 442/813/1169 448/811/1170 446/814/1171 444/815/1172
f 447/816/1173 441/817/1174 443/818/1175 445/819/1176
s 111
f 447/816/1177 450/810/1166 449/812/1165 441/817/1178
s 110
f 445/820/1179 451/808/1162 450/810/1161 447/816/1180
s 109
f 443/821/1181 452/804/1158 451/808/1157 445/820/1182
s 108
f 441/822/1183 449/805/1154 452/804/1153 443/821/1184
s 112
f 464/823/1185 456/824/1186 454/825/1187 461/826/1188
s 113
f 463/827/1189 458/828/1190 456/824/1191 464/823/1192
s 114
f 462/829/1193 460/830/1194 458/828/1195 463/827/1196
s 115
f 461/831/1197 454/832/1198 460/830/1199 462/829/1200
s off
f 454/832/1201 456/833/1202 458/834/1203 460/830/1204
f 459/835/1205 457/836/1206 455/837/1207 453/838/1208
s 115
f 459/835/1209 453/838/1210 461/831/1197 462/829/1200
s 114
f 457/839/1211 459/835/1212 462/829/1193 463/827/1196
s 113
f 455/840/1213 457/839/1214 463/827/1189 464/823/1192
s 112
f 453/841/1215 455/840/1216 464/823/1185 461/826/1188
s 116
f 476/842/1217 473/843/1218 466/844/1219 468/845/1220
s 117
f 475/846/1221 476/842/1222 468/845/1223 470/847/1224
s 118
f 474/848/1225 475/846/1226 470/847/1227 472/849/1228
s 119
f 473/850/1229 474/848/1230 472/849/1231 466/851/1232
s off
f 466/851/1233 472/849/1234 470/852/1235 468/853/1236
f 471/854/1237 465/855/1238 467/856/1239 469/857/1240
s 119
f 471/854/1241 474/848/1230 473/850/1229 465/855/1242
s 118
f 469/858/1243 475/846/1226 474/848/1225 471/854/1244
s 117
f 467/859/1245 476/842/1222 475/846/1221 469/858/1246
s 116
f 465/860/1247 473/843/1218 476/842/1217 467/859/1248
s 120
f 488/861/1249 485/862/1250 478/863/1251 480/864/1252
s 121
f 487/865/1253 488/861/1254 480/864/1255 482/866/1256
s 122
f 486/867/1257 487/865/1258 482/866/1259 484/868/1260
s 123
f 485/869/1261 486/867/1262 484/868/1263 478/870/1264
s off
f 478/870/1265 484/868/1266 482/871/1267 480/872/1268
f 483/873/1269 477/874/1270 479/875/1271 481/876/1272
s 123
f 483/873/1273 486/867/1262 485/869/1261 477/874/1274
s 122
f 481/877/1275 487/865/1258 486/867/1257 483/873/1276
s 121
f 479/878/1277 488/861/1254 487/865/1253 481/877/1278
s 120
f 477/879/1279 485/862/1250 488/861/1249 479/878/1280
s 124
f 500/880/1281 497/881/1282 490/882/1283 492/883/1284
s 125
f 499/884/1285 500/880/1286 492/883/1287 494/885/1288
s 126
f 498/886/1289 499/884/1290 494/885/1291 496/887/1292
s 127
f 497/888/1293 498/886/1294 496/887/1295 490/889/1296
s off
f 490/889/1297 496/887/1298 494/890/1299 492/891/1300
f 495/892/1301 489/893/1302 491/894/1303 493/895/1304
s 127
f 495/892/1305 498/886/1294 497/888/1293 489/893/1306
s 126
f 493/896/1307 499/884/1290 498/886/1289 495/892/1308
s 125
f 491/897/1309 500/880/1286 499/884/1285 493/896/1310
s 124
f 489/898/1311 497/881/1282 500/880/1281 491/897/1312
s 128
f 526/899/1313 524/900/1314 515/901/1315 516/902/1316
s 129
f 525/903/1317 526/904/1318 516/905/1319 517/906/1320
s off
f 502/907/1321 508/908/1322 506/909/1323 504/910/1324
f 507/911/1325 501/912/1326 503/913/1327 505/914/1328
s 129
f 513/915/1329 514/916/1330 519/917/1331 520/918/1332
s 128
f 514/919/1333 512/920/1334 518/921/1335 519/922/1336
s 129
f 522/923/1337 523/924/1338 514/925/1330 513/926/1329
s 128
f 523/927/1339 521/928/1340 512/920/1334 514/919/1333
f 516/902/1316 515/901/1315 527/929/1341 528/930/1342
s 129
f 517/931/1320 516/932/1319 528/933/1343 529/934/1344
s 128
f 519/922/1336 518/921/1335 509/935/1345 511/936/1346
s 129
f 520/918/1332 519/917/1331 511/937/1347 510/938/1348
f 503/913/1349 523/924/1338 522/923/1337 505/914/1350
s 128
f 501/939/1351 521/928/1340 523/927/1339 503/940/1352
s 129
f 510/938/1348 511/937/1347 526/904/1318 525/903/1317
s 128
f 511/936/1346 509/935/1345 524/900/1314 526/899/1313
f 528/930/1342 527/929/1341 502/941/1353 504/942/1354
s 129
f 529/934/1344 528/933/1343 504/910/1355 506/909/1356
s 132
f 530/943/1357 531/944/1358 539/945/1359 538/946/1360
f 531/944/1358 532/947/1361 540/948/1362 539/945/1359
f 532/947/1361 533/949/1363 541/950/1364 540/948/1362
f 533/949/1363 534/951/1365 542/952/1366 541/950/1364
f 534/951/1365 535/953/1367 543/954/1368 542/952/1366
f 535/953/1367 536/955/1369 544/956/1370 543/954/1368
f 536/955/1369 537/957/1371 545/958/1372 544/956/1370
f 537/957/1371 530/943/1357 538/946/1360 545/958/1372
f 538/946/1360 539/945/1359 547/959/1373 546/960/1374
f 539/945/1359 540/948/1362 548/961/1375 547/959/1373
f 540/948/1362 541/950/1364 549/962/1376 548/961/1375
f 541/950/1364 542/952/1366 550/963/1377 549/962/1376
f 542/952/1366 543/954/1368 551/964/1378 550/963/1377
f 543/954/1368 544/956/1370 552/965/1379 551/964/1378
f 544/956/1370 545/958/1372 553/966/1380 552/965/1379
f 545/958/1372 538/946/1360 546/960/1374 553/966/1380
f 546/960/1374 547/959/1373 555/967/1381 554/968/1382
f 547/959/1373 548/961/1375 556/969/1383 555/967/1381
f 548/961/1375 549/962/1376 557/970/1384 556/969/1383
f 549/962/1376 550/963/1377 558/971/1385 557/970/1384
f 550/963/1377 551/964/1378 559/972/1386 558/971/1385
f 551/964/1378 552/965/1379 560/973/1387 559/972/1386
f 552/965/1379 553/966/1380 561/974/1388 560/973/1387
f 553/966/1380 546/960/1374 554/968/1382 561/974/1388
f 554/968/1382 555/967/1381 562/975/1389
f 555/967/1381 556/969/1383 562/975/1389
f 556/969/1383 557/970/1384 562/975/1389
f 557/970/1384 558/971/1385 562/975/1389
f 558/971/1385 559/972/1386 562/975/1389
f 559/972/1386 560/973/1387 562/975/1389
f 560/973/1387 561/974/1388 562/975/1389
f 561/974/1388 554/968/1382 562/975/1389
s 133
f 563/976/1390 564/977/1391 572/978/1392 571/979/1393
f 564/977/1391 565/980/1394 573/981/1395 572/978/1392
f 565/980/1394 566/982/1396 574/983/1397 573/981/1395
f 566/982/1396 567/984/1398 575/985/1399 574/983/1397
f 567/984/1398 568/986/1400 576/987/1401 575/985/1399
f 568/986/1400 569/988/1402 577/989/1403 576/987/1401
f 569/988/1402 570/990/1404 578/991/1405 577/989/1403
f 570/990/1404 563/976/1390 571/979/1393 578/991/1405
f 571/979/1393 572/978/1392 580/992/1406 579/993/1407
f 572/978/1392 573/981/1395 581/994/1408 580/992/1406
f 573/981/1395 574/983/1397 582/995/1409 581/994/1408
f 574/983/1397 575/985/1399 583/996/1410 582/995/1409
f 575/985/1399 576/987/1401 584/997/1411 583/996/1410
f 576/987/1401 577/989/1403 585/998/1412 584/997/1411
f 577/989/1403 578/991/1405 586/999/1413 585/998/1412
f 578/991/1405 571/979/1393 579/993/1407 586/999/1413
f 579/993/1407 580/992/1406 588/1000/1414 587/1001/1415
f 580/992/1406 581/994/1408 589/1002/1416 588/1000/1414
f 581/994/1408 582/995/1409 590/1003/1417 589/1002/1416
f 582/995/1409 583/996/1410 591/1004/1418 590/1003/1417
f 583/996/1410 584/997/1411 592/1005/1419 591/1004/1418
f 584/997/1411 585/998/1412 593/1006/1420 592/1005/1419
f 585/998/1412 586/999/1413 594/1007/1421 593/1006/1420
f 586/999/1413 579/993/1407 587/1001/1415 594/1007/1421
f 587/1001/1415 588/1000/1414 595/1008/1422
f 588/1000/1414 589/1002/1416 595/1008/1422
f 589/1002/1416 590/1003/1417 595/1008/1422
f 590/1003/1417 591/1004/1418 595/1008/1422
f 591/1004/1418 592/1005/1419 595/1008/1422
f 592/1005/1419 593/1006/1420 595/1008/1422
f 593/1006/1420 594/1007/1421 595/1008/1422
f 594/1007/1421 587/1001/1415 595/1008/1422
g default
v -1.505301 0.226817 -27.621806
v -1.454487 0.069643 -28.387103
v -1.284150 1.761773 -27.833262
v -1.260271 1.810574 -29.846200
v -11.569962 1.761773 12.376821
v -12.382088 1.761773 12.376821
v -11.569962 0.226817 13.009938
v -12.569962 0.226817 13.009938
v -11.235971 1.761773 -8.327479
v -12.614689 1.761773 -8.327479
v -12.235971 0.226817 -7.694362
v -11.235971 0.226817 -7.694362
v -8.605017 1.761773 -21.945323
v -9.612471 1.854893 -21.952418
v -9.244963 0.254860 -21.333712
v -8.605018 0.226817 -21.312205
v -5.379220 1.761773 -26.178843
v -6.263633 1.970313 -27.296923
v -6.545576 0.199196 -25.889369
v -5.379221 0.226817 -25.545726
v -11.527435 0.226817 -12.822787
v -11.977768 1.761773 -13.455905
v -10.527433 1.761773 -13.455905
v -10.527433 0.226817 -12.822787
v -9.745914 1.761773 -17.555606
v -11.004410 1.761773 -17.555606
v -10.496826 0.226817 -16.922488
v -9.745916 0.226817 -16.922488
v -8.321169 0.271851 -23.675853
v -8.284225 1.876246 -24.825206
v -7.184055 1.761773 -24.285670
v -7.184056 0.226817 -23.652545
v -3.417199 1.761773 -27.482516
v -3.826330 1.938458 -29.093676
v -4.020547 0.197526 -27.634570
v -3.417200 0.226817 -26.849398
v -11.475210 0.226817 7.136232
v -12.475212 0.226817 7.136232
v -12.448076 1.761773 6.503118
v -11.475210 1.761773 6.503118
vt 0.545165 0.404210
vt 0.542333 0.421275
vt 0.359116 0.388745
vt 0.361114 0.376704
vt 0.934712 0.146231
vt 0.947751 0.146231
vt 0.950767 0.170876
vt 0.934712 0.170876
vt 0.100977 0.390901
vt 0.097115 0.377418
vt 0.297990 0.323365
vt 0.301852 0.336847
vt 0.900420 0.099481
vt 0.891676 0.122032
vt 0.675687 0.126635
vt 0.684431 0.104084
vt 0.662443 0.404726
vt 0.659858 0.420303
vt 0.607116 0.423927
vt 0.610095 0.405977
vt 0.609743 0.105676
vt 0.600999 0.128227
vt 0.541292 0.129499
vt 0.550036 0.106948
vt 0.373732 0.326593
vt 0.369869 0.313111
vt 0.429123 0.311172
vt 0.432023 0.321296
vt 0.778144 0.368395
vt 0.790166 0.381638
vt 0.755422 0.401569
vt 0.751004 0.386844
vt 0.451696 0.109700
vt 0.435455 0.133422
vt 0.399487 0.135560
vt 0.419437 0.109329
vt 0.532655 0.329843
vt 0.528577 0.314422
vt 0.565278 0.329812
vt 0.565150 0.346864
vt 0.798310 0.346789
vt 0.817411 0.355163
vt 0.373310 0.135653
vt 0.394019 0.109846
vt 0.598560 0.357115
vt 0.590304 0.368282
vt 0.719119 0.399623
vt 0.717137 0.412107
vt 0.477287 0.132220
vt 0.485801 0.108725
vt 0.493432 0.311013
vt 0.495613 0.319724
vt 0.807034 0.321109
vt 0.831997 0.324948
vt 0.618982 0.354098
vt 0.639039 0.385788
vt 0.618616 0.388805
vt 0.608102 0.391075
vt 0.021420 0.412309
vt 0.017558 0.398826
vt 0.977219 0.120209
vt 0.985962 0.097658
vt 0.286552 0.375861
vt 0.288220 0.365810
vt 0.905816 0.250700
vt 0.905816 0.156396
vt 0.930461 0.146231
vt 0.930461 0.240536
vn 0.000000 1.000000 0.000000
vn 0.000000 1.000000 0.000000
vn 0.000000 1.000000 -0.000000
vn 0.000000 1.000000 -0.000000
vn 0.000000 0.381304 0.924450
vn 0.000000 0.381304 0.924450
vn 0.000000 0.381304 0.924450
vn 0.000000 0.381304 0.924450
vn 0.000000 -1.000000 0.000000
vn 0.000000 -1.000000 0.000000
vn 0.000000 -1.000000 0.000000
vn 0.000000 -1.000000 0.000000
vn -0.999107 -0.042190 -0.002446
vn -0.996810 -0.079773 -0.002441
vn -0.981244 -0.186774 -0.047696
vn -0.988209 -0.151030 -0.025162
vn 0.022238 0.999679 0.012155
vn 0.015835 0.999837 0.008656
vn 0.000000 1.000000 0.000000
vn 0.000000 1.000000 -0.000000
vn -0.930422 -0.330334 -0.158728
vn -0.921996 -0.343741 -0.178228
vn -0.896553 -0.363742 -0.252754
vn -0.898148 -0.366282 -0.243244
vn 0.000000 -1.000000 0.000000
vn 0.000000 -1.000000 0.000000
vn -0.007588 -0.999966 -0.003270
vn -0.010627 -0.999933 -0.004580
vn 0.081092 0.991850 0.098276
vn 0.080948 0.991829 0.098609
vn 0.084101 0.993846 0.072096
vn 0.083881 0.993554 0.076251
vn -0.824060 -0.330612 -0.460023
vn -0.770983 -0.355503 -0.528396
vn -0.571224 -0.470258 -0.672726
vn -0.645782 -0.426388 -0.633372
vn -0.017322 -0.999850 0.000945
vn -0.028637 -0.999527 -0.011191
vn -0.001293 -0.999897 0.014325
vn 0.007926 -0.999774 0.019724
vn 0.060626 0.994888 0.080765
vn 0.056417 0.995518 0.075901
vn -0.354186 -0.570581 -0.740938
vn -0.409614 -0.548387 -0.729032
vn 0.014478 -0.998258 0.057195
vn 0.013820 -0.997573 0.068250
vn 0.063167 0.997363 0.035745
vn 0.053351 0.998130 0.029841
vn -0.886172 -0.331597 -0.323641
vn -0.888863 -0.341097 -0.305900
vn -0.026519 -0.999558 -0.013476
vn -0.030541 -0.999398 -0.016478
vn 0.040702 0.997502 0.057737
vn 0.040702 0.997502 0.057737
vn -0.251678 -0.605023 -0.755385
vn -0.251678 -0.605023 -0.755385
vn 0.010981 -0.993243 0.115537
vn 0.010981 -0.993242 0.115537
vn 0.000000 -1.000000 0.000000
vn 0.000000 -1.000000 0.000000
vn -0.997623 0.068864 -0.002442
vn -0.997623 0.068864 -0.002442
vn 0.000000 1.000000 -0.000000
vn 0.000000 1.000000 -0.000000
vn 0.999848 0.006653 0.016129
vn 0.999848 0.006653 0.016129
vn 0.999848 0.006653 0.016129
vn 0.999848 0.006653 0.016129
s 1
g group6 polySurface111
usemtl lambert2SG
f 604/1009/1423 605/1010/1424 634/1011/1425 635/1012/1426
s off
f 600/1013/1427 601/1014/1428 603/1015/1429 602/1016/1430
s 2
f 632/1017/1431 633/1018/1432 606/1019/1433 607/1020/1434
s 3
f 633/1021/1435 634/1022/1436 605/1023/1437 606/1024/1438
s 1
f 620/1025/1439 621/1026/1440 617/1027/1441 618/1028/1442
s 3
f 616/1029/1443 617/1030/1444 621/1031/1445 622/1032/1446
s 2
f 619/1033/1447 616/1034/1448 622/1035/1449 623/1036/1450
s 1
f 612/1037/1451 613/1038/1452 625/1039/1453 626/1040/1454
s 3
f 624/1041/1455 625/1042/1456 613/1043/1457 614/1044/1458
s 2
f 627/1045/1459 624/1046/1460 614/1047/1461 615/1048/1462
s 1
f 628/1049/1463 629/1050/1464 613/1038/1452 612/1037/1451
s 3
f 614/1044/1458 613/1043/1457 629/1051/1465 630/1052/1466
s 2
f 615/1048/1462 614/1047/1461 630/1053/1467 631/1054/1468
s 3
f 606/1024/1438 605/1023/1437 617/1030/1444 616/1029/1443
s 1
f 618/1028/1442 617/1027/1441 605/1010/1424 604/1009/1423
s 2
f 607/1020/1434 606/1019/1433 616/1034/1448 619/1033/1447
s 1
f 608/1055/1469 609/1056/1470 621/1026/1440 620/1025/1439
s 3
f 621/1031/1445 609/1057/1471 610/1058/1472 622/1032/1446
s 2
f 623/1036/1450 622/1035/1449 610/1059/1473 611/1060/1474
s 3
f 610/1058/1472 609/1057/1471 625/1042/1456 624/1041/1455
s 1
f 626/1040/1454 625/1039/1453 609/1056/1470 608/1055/1469
s 2
f 611/1060/1474 610/1059/1473 624/1046/1460 627/1045/1459
s 1
f 598/1061/1475 599/1062/1476 629/1050/1464 628/1049/1463
s 3
f 629/1063/1465 599/1064/1477 597/1065/1478 630/1053/1466
s 2
f 631/1054/1468 630/1053/1467 597/1065/1479 596/1066/1480
f 602/1067/1481 603/1068/1482 633/1018/1432 632/1017/1431
s 3
f 601/1069/1483 634/1022/1436 633/1021/1435 603/1070/1484
s 1
f 635/1012/1426 634/1011/1425 601/1071/1485 600/1072/1486
s off
f 602/1073/1487 632/1074/1488 635/1075/1489 600/1076/1490
g default
v 8.821819 2.634316 8.301534
v -10.672670 2.634316 8.301534
v 8.821819 3.634316 8.301534
v -10.672670 3.634316 8.301534
v 8.821819 3.634316 9.301534
v -10.672670 3.634316 9.301534
v 8.821819 2.634316 9.301534
v -10.672670 2.634316 9.301534
v -0.850723 2.853768 8.301534
v -0.850723 2.853768 9.301534
v -0.850723 3.853768 9.301534
v -0.850723 3.853768 8.301534
v 8.821819 2.634316 4.734472
v -10.672670 2.634316 4.734472
v 8.821819 3.634316 4.734472
v -10.672670 3.634316 4.734472
v 8.821819 3.634316 5.734472
v -10.672670 3.634316 5.734472
v 8.821819 2.634316 5.734472
v -10.672670 2.634316 5.734472
v -0.850723 2.853768 4.734472
v -0.850723 2.853768 5.734472
v -0.850723 3.853768 5.734472
v -0.850723 3.853768 4.734472
v 8.821819 2.634316 1.881685
v -10.672670 2.634316 1.881685
v 8.821819 3.634316 1.881685
v -10.672670 3.634316 1.881685
v 8.821819 3.634316 2.881685
v -10.672670 3.634316 2.881685
v 8.821819 2.634316 2.881685
v -10.672670 2.634316 2.881685
v -0.850723 2.853768 1.881685
v -0.850723 2.853768 2.881685
v -0.850723 3.853768 2.881685
v -0.850723 3.853768 1.881685
v -1.816899 -7.720193 -17.637950
v -0.269949 -7.720193 -17.637950
v -1.816899 3.770201 -30.321130
v -0.269949 3.770201 -30.321130
v -1.816899 4.319659 -29.279788
v -0.269949 4.319659 -29.279788
v -1.816899 -6.235508 -17.203479
v -0.269949 -6.235508 -17.203479
v -1.816899 -1.999130 -25.922335
v -0.269949 -1.999130 -25.922335
v -0.269949 -0.623834 -25.374041
v -1.816899 -0.623834 -25.374041
v -1.816899 -10.145159 -9.868640
v -0.269949 -10.145159 -9.868640
v -0.269949 -11.629844 -10.303111
v -1.816899 -11.629844 -10.303111
v -1.816899 -11.224457 -6.239795
v -0.269949 -11.224457 -6.239795
v -0.269949 -12.760309 -6.054797
v -1.816899 -12.760309 -6.054797
v -1.816899 -11.224463 7.506628
v -0.269949 -11.224463 7.506628
v -0.269949 -12.760313 7.691625
v -1.816899 -12.760313 7.691625
v -1.816899 -11.224463 9.748708
v -0.269949 -11.224463 9.748708
v -0.269949 -12.760311 9.933702
v -1.816899 -12.760311 9.933702
v -1.816899 5.793293 -30.120057
v -0.269949 5.793293 -30.120057
v -0.269949 6.204461 -28.963214
v -1.816899 6.204461 -28.963214
v -1.816899 2.589907 -28.525393
v -0.269949 3.364823 -28.525393
v -0.269949 2.123190 -29.426349
v -1.816899 2.123190 -29.426349
v -1.816899 0.717770 -28.264735
v -0.269949 0.717770 -28.264735
v -0.269949 1.773348 -27.566058
v -1.816899 2.150597 -27.566058
v -1.816899 -5.113309 -21.705104
v -0.269949 -5.113309 -21.705104
v -0.269949 -3.682328 -21.214755
v -1.816899 -3.682328 -21.214755
v -1.816899 -8.175922 -13.790789
v -0.269949 -8.175922 -13.790789
v -0.269949 -9.660606 -14.225253
v -1.816899 -9.660606 -14.225253
v -1.189871 3.945382 7.629816
v -7.799751 3.945382 7.612653
v 5.398688 3.916426 7.623331
v 2.565142 3.945382 7.620046
v -4.929219 3.945382 7.620092
v 7.624767 3.945382 7.621492
v -10.112864 3.945382 7.623178
v -4.717718 3.945382 2.346906
v -4.717718 3.945382 -9.524104
v -7.436613 3.945382 -9.524096
v -7.436613 3.945382 2.340009
v 5.064656 3.945382 2.340009
v 5.064656 3.945382 -9.524104
v 2.380752 3.945382 -9.524104
v 2.380752 3.945382 2.346861
v -9.627537 3.945382 -9.524089
v -9.627537 3.945382 2.349760
v 7.173101 3.945382 2.348203
v 7.173101 3.945382 -9.524089
v -1.165651 3.945382 -9.524112
v -1.165651 3.945382 2.355917
v 6.797890 3.945382 -12.629245
v 4.821616 3.945382 -12.620059
v 2.257577 3.945382 -12.608149
v -1.157125 3.945382 -12.592295
v -4.576986 3.945382 -12.576403
v -7.173797 3.945382 -12.564334
v -9.215752 3.945382 -12.554850
v 6.412758 3.945382 -15.816508
v 4.572020 3.945382 -15.799563
v 2.131010 3.945382 -15.777102
v -1.148359 3.945382 -15.746920
v -4.432197 3.945382 -15.716700
v -6.903250 3.945382 -15.693965
v -8.791607 3.945382 -15.676593
v 6.104007 3.945382 -18.371653
v 4.370872 3.945382 -18.361880
v 2.028303 3.945382 -18.348666
v -1.141179 3.945382 -18.330767
v -4.312495 3.945382 -18.312884
v -6.678005 3.945382 -18.299540
v -8.436581 3.945382 -18.289622
v 7.624760 3.162924 7.621462
v 5.398725 3.179320 7.615064
v 2.565139 3.162924 7.620222
v -1.168226 3.162924 7.628591
v -4.929215 3.162924 7.620252
v -7.799745 3.162924 7.613878
v -10.112856 3.162924 7.622900
v 6.140728 3.162919 1.842119
v 4.301060 3.162919 1.835104
v 1.959292 3.162919 1.840963
v -1.135028 3.162919 1.848707
v -4.234288 3.162919 1.840994
v -6.606589 3.162919 1.835104
v -8.518221 3.162919 1.843450
v 9.196478 3.945382 7.617593
v 9.157898 3.945382 -9.524073
v -11.008749 3.945382 -9.524073
v -11.036575 3.945382 7.647321
v 8.842888 3.945382 -12.637294
v -10.711758 3.945382 -12.549357
v 8.313545 3.945382 -15.830035
v -10.198080 3.945382 -15.667605
v 7.719140 3.945382 -18.378802
v -9.589643 3.945382 -18.285098
v 6.826220 3.945382 -21.066027
v 5.300389 3.945382 -25.022204
v 3.679503 3.945382 -27.168902
v 1.616228 3.945382 -28.666102
v -1.110101 3.945382 -29.514987
v -3.840785 3.945382 -28.543681
v -5.930959 3.945382 -26.941233
v -7.615252 3.945382 -24.334666
v -8.677072 3.945382 -21.066027
v 9.265982 3.162924 7.628591
v 7.872509 3.162919 1.848707
v -11.116833 3.162924 7.628591
v -9.723360 3.162919 1.848707
v 4.983552 3.162911 -12.157252
v 6.431731 3.162911 -12.151736
v 3.445154 3.162911 -12.163134
v 1.486881 3.162911 -12.158213
v -1.100703 3.162911 -12.151736
v -3.692419 3.162911 -12.158191
v -5.676224 3.162911 -12.163134
v -7.274801 3.162911 -12.156131
v -8.282583 3.162911 -12.151736
v -4.537756 3.162911 -12.160296
v -5.245171 3.162919 1.838483
v -6.152402 3.162924 7.617536
v -6.152408 3.945382 7.616922
v -5.876291 3.945382 2.343965
v -5.876291 3.945382 -9.524104
v -5.683537 3.945382 -12.571261
v -5.485160 3.945382 -15.707011
v -5.320484 3.945382 -18.307193
v -4.731448 3.945382 -27.860850
v -2.119620 3.162911 -12.154269
v -2.353484 3.162919 1.845674
v -2.653404 3.162924 7.625314
v -2.653406 3.945382 7.625993
v -2.562125 3.945382 2.352373
v -2.562125 3.945382 -9.524112
v -2.501623 3.945382 -12.586047
v -2.439380 3.945382 -15.735041
v -2.387963 3.945382 -18.323741
v -2.183653 3.945382 -29.133128
v 0.484767 3.162911 -12.155711
v 0.760930 3.162919 1.843961
v 1.115098 3.162924 7.623464
v 1.115100 3.945382 7.623830
v 1.007308 3.945382 2.350370
v 1.007308 3.945382 -9.524112
v 0.935138 3.945382 -12.602008
v 0.860982 3.945382 -15.765422
v 0.800832 3.945382 -18.341739
v 0.560381 3.945382 -28.994853
v 2.525379 3.162911 -12.160830
v 3.201162 3.162919 1.837854
v 4.067827 3.162924 7.616857
v 4.067831 3.945382 7.616125
v 3.804061 3.945382 2.343229
v 3.804061 3.945382 -9.524104
v 3.617321 3.945382 -12.614467
v 3.425509 3.945382 -15.789012
v 3.270597 3.945382 -18.355670
v 2.710410 3.945382 -27.872119
v 4.291391 3.162911 -12.159900
v 5.313017 3.162919 1.838964
v 6.623214 3.179240 7.619234
v 6.623177 3.916426 7.628194
v 6.224461 3.945382 2.344515
v 6.224461 3.945382 -9.524096
v 5.908717 3.945382 -12.625110
v 5.584566 3.945382 -15.808886
v 5.324228 3.945382 -18.367259
v 4.571114 3.945382 -25.988047
v -6.443619 3.162911 -12.159777
v -7.524267 3.162919 1.839109
v -8.910152 3.162924 7.618208
v -8.910158 3.945382 7.617704
v -8.488363 3.945382 2.344690
v -8.488363 3.945382 -9.524096
v -8.154036 3.945382 -12.559779
v -7.809753 3.945382 -15.685626
v -7.522207 3.945382 -18.294772
v -6.739502 3.945382 -25.689959
v -2.905071 3.162911 -12.156222
v -3.292752 3.162919 1.843336
v -3.789937 3.162924 7.622785
v -3.789940 3.945382 7.623045
v -3.638621 3.945382 2.349641
v -3.638621 3.945382 -9.524112
v -3.538053 3.945382 -12.581233
v -3.434587 3.945382 -15.725879
v -3.349068 3.945382 -18.318324
v -3.011219 3.945382 -28.838755
v -0.226378 3.162911 -12.153918
v -0.089481 3.162919 1.846090
v 0.090938 3.162924 7.625765
v 0.081230 3.945382 7.626516
v 0.032651 3.945382 2.352857
v 0.032651 3.945382 -9.524112
v -0.003324 3.945382 -12.597651
v -0.040286 3.945382 -15.757121
v -0.070236 3.945382 -18.336818
v -0.188895 3.945382 -29.228152
v -8.902693 3.164029 9.383936
v -8.902699 3.946486 9.383432
v -10.095472 3.934088 9.388734
v -10.095463 3.151629 9.388460
v -11.089508 3.140080 9.393976
v -11.009251 3.922537 9.412706
v -7.928973 3.947335 9.378385
v -7.928967 3.164877 9.379610
v -8.902693 3.164029 11.024141
v -8.902699 3.946486 11.023637
v -10.095472 3.934088 11.028936
v -10.095463 3.151629 11.028661
v -11.089508 3.140080 11.034181
v -11.009251 3.922537 11.052911
v -9.059635 3.243794 13.256417
v -9.059641 3.864815 13.255914
v -9.920155 3.854975 13.261213
v -9.920147 3.233954 13.260938
v -3.792229 3.162608 8.574308
v -3.792231 3.945063 8.574567
v -4.931509 3.945586 8.571615
v -4.931506 3.163126 8.571775
v -6.154692 3.163716 8.569059
v -6.154697 3.946173 8.568445
v -7.864255 3.946497 8.564176
v -7.864249 3.164042 8.565401
v -2.655696 3.162352 8.576837
v -2.655697 3.944808 8.577512
v -3.792229 3.162608 10.386308
v -3.792231 3.945063 10.386567
v -4.931509 3.945586 10.383615
v -4.931506 3.163126 10.383771
v -5.838750 3.946173 10.380445
v -5.838745 3.163716 10.381059
v -2.749393 3.162352 10.388833
v -2.749395 3.944808 10.389512
v -3.792229 3.162608 11.932149
v -3.792231 3.945063 11.932408
v -4.931509 3.945586 11.929456
v -4.931506 3.163126 11.929616
v -2.878249 3.162352 11.934678
v -2.878251 3.944808 11.935357
v -3.967172 3.264887 15.412149
v -3.967175 3.842921 15.412408
v -4.756565 3.843306 15.409455
v -4.756563 3.265271 15.409616
v 0.094290 3.161597 9.009767
v 0.084582 3.944054 9.010523
v -1.189862 3.943675 9.013822
v -1.168217 3.161219 9.012598
v -2.656738 3.943655 9.009996
v -2.656737 3.161196 9.009321
v 2.568496 3.945210 9.004057
v 1.118453 3.944808 9.007841
v 1.118451 3.162352 9.007471
v 2.568493 3.162753 9.004228
v 0.094290 3.161597 10.214658
v 0.084582 3.944054 10.215410
v -0.937384 3.943675 10.218710
v -0.915739 3.161219 10.217485
v 2.568496 3.945210 10.208944
v 1.118453 3.944808 10.212728
v 1.118451 3.162352 10.212358
v 2.568493 3.162753 10.209116
v 2.568496 3.945210 10.645585
v 1.118453 3.944808 10.649377
v 1.118451 3.162352 10.649007
v 2.568493 3.162753 10.645765
v 0.269369 3.944054 10.652055
v 0.279077 3.161597 10.651303
v 2.430879 3.848696 12.507104
v 1.256069 3.848391 12.510892
v 1.256068 3.258868 12.510522
v 2.430877 3.259169 12.507280
v 6.623214 3.162924 9.823408
v 6.623219 3.632777 9.822878
v 5.398730 3.765763 9.818010
v 5.398725 3.162924 9.819238
v 4.067827 3.162924 9.822218
v 4.067831 3.795187 9.821489
v 2.565142 3.945382 9.825411
v 2.565139 3.162924 9.825582
v 6.623214 3.162924 13.236795
v 6.623219 3.632777 13.236264
v 5.407207 3.632777 14.657827
v 5.407202 3.162924 14.659051
v 4.230536 3.662199 14.661302
v 4.230533 3.162924 14.662030
v 6.533686 3.021954 19.158353
v 6.533691 3.227263 19.157823
v 5.488259 3.227263 19.152959
v 5.488254 3.021954 19.154184
v 9.262632 3.186121 10.959817
v 9.193129 3.968579 10.948819
v 7.616947 3.957514 11.987973
v 7.616940 3.175059 11.987947
v 6.610928 3.946448 11.984029
v 6.610922 3.163992 11.984563
v 9.123709 3.252808 14.296434
v 9.065941 3.899981 14.285436
v 7.755868 3.890830 14.289365
v 7.755864 3.243659 14.289334
v 6.623214 3.108933 9.824075
v 5.398725 3.109097 9.819910
v 6.623214 2.974864 13.234830
v 5.407202 2.919005 14.655988
v 6.533686 2.848240 19.155984
v 5.488254 2.848403 19.151815
v 5.398688 3.887469 9.828691
v 6.623177 3.887469 9.833555
v 5.408178 3.739802 14.659375
v 6.624190 3.739802 13.237813
v 5.490201 3.536160 19.156057
v 6.535633 3.536160 19.160920
v 0.455690 -11.013725 5.474981
v 0.041039 -11.011475 5.071104
v -0.519926 -11.018626 4.928533
v -1.076895 -11.033264 5.085470
v -1.480629 -11.051466 5.499872
v -1.622947 -11.068355 6.060693
v -1.465716 -11.079405 6.617666
v -1.051065 -11.081656 7.021543
v -0.490100 -11.074505 7.164114
v 0.066869 -11.059866 7.007173
v 0.470603 -11.041664 6.592771
v 0.612921 -11.024776 6.031950
v -1.271456 42.342468 7.220262
v -1.369493 42.342995 7.124773
v -1.502165 42.341309 7.091024
v -1.633891 42.337837 7.128172
v -1.729347 42.333549 7.226148
v -1.763036 42.329536 7.358785
v -1.725820 42.326927 7.490511
v -1.627783 42.326408 7.586004
v -1.495111 42.328079 7.619753
v -1.363385 42.331558 7.582605
v -1.267929 42.335861 7.484625
v -1.234239 42.339851 7.351991
v 0.121346 7.423663 5.907919
v -0.288796 7.425890 5.508428
v -0.843661 7.418814 5.367407
v -1.394573 7.404337 5.522642
v -1.793917 7.386336 5.932539
v -1.934687 7.369626 6.487260
v -1.779166 7.358698 7.038171
v -1.369024 7.356471 7.437662
v -0.814159 7.363547 7.578680
v -0.263246 7.378024 7.423444
v 0.136097 7.396027 7.013551
v 0.276868 7.412732 6.458830
v -1.498638 42.569977 7.355386
v -0.660981 -5.683608 7.629816
v 5.948899 -5.683608 7.612653
v -7.249540 -5.712563 7.623331
v -4.415995 -5.683608 7.620046
v 3.078367 -5.683608 7.620092
v -9.475618 -5.683608 7.621492
v 8.262012 -5.683608 7.623178
v 2.866866 -5.683608 2.346906
v 2.866866 -5.683608 -9.524104
v 5.585761 -5.683608 -9.524096
v 5.585761 -5.683608 2.340009
v -6.915508 -5.683608 2.340009
v -6.915508 -5.683608 -9.524104
v -4.231605 -5.683608 -9.524104
v -4.231605 -5.683608 2.346861
v 7.289444 -5.683608 -9.086985
v 7.776684 -5.683608 2.349760
v -9.023952 -5.683608 2.348203
v -9.023952 -5.683608 -9.524089
v -0.685201 -5.683608 -9.524112
v -0.685201 -5.683608 2.355917
v -6.991533 -5.683608 -12.629245
v -5.015259 -5.683608 -12.620059
v -4.108429 -5.683608 -12.608149
v -0.693727 -5.683608 -12.592295
v 2.726134 -5.683608 -12.576403
v 5.322945 -5.683608 -12.564334
v 2.581345 -5.683608 -15.716700
v -9.475613 -6.466065 7.621462
v -7.249577 -6.449669 7.615064
v -4.415991 -6.466065 7.620222
v -0.682626 -6.466065 7.628591
v 3.078363 -6.466065 7.620252
v 5.948893 -6.466065 7.613878
v 8.262003 -6.466065 7.622900
v -7.991580 -6.466071 1.842119
v -6.151912 -6.466071 1.835104
v -3.810144 -6.466071 1.840963
v -0.715824 -6.466071 1.848707
v 2.383436 -6.466071 1.840994
v 4.755737 -6.466071 1.835104
v 6.667369 -6.466071 1.843450
v -11.047331 -5.683608 7.617593
v -9.351540 -5.683608 -9.524073
v 7.412215 -5.683608 -9.524073
v 9.185722 -5.683608 7.647321
v -11.116833 -6.466065 7.628591
v -9.723360 -6.466071 1.848707
v 9.265982 -6.466065 7.628591
v 7.872509 -6.466071 1.848707
v -5.177195 -6.466078 -12.157252
v -6.625374 -6.466078 -12.151736
v -5.296006 -6.466078 -12.163134
v -3.337733 -6.466078 -12.158213
v -0.750149 -6.466078 -12.151736
v 1.841567 -6.466078 -12.158191
v 3.825372 -6.466078 -12.163134
v 5.423949 -6.466078 -12.156131
v 5.552208 -6.466078 -11.771334
v 2.686904 -6.466078 -12.160296
v 3.394319 -6.466071 1.838483
v 4.301550 -6.466065 7.617536
v 4.301556 -5.683608 7.616922
v 4.025439 -5.683608 2.343965
v 4.025439 -5.683608 -9.524104
v 3.832685 -5.683608 -12.571261
v 3.634308 -5.683608 -15.707011
v 0.268768 -6.466078 -12.154269
v 0.502632 -6.466071 1.845674
v 0.802552 -6.466065 7.625314
v 0.802554 -5.683608 7.625993
v 0.711273 -5.683608 2.352373
v 0.711273 -5.683608 -9.524112
v 0.650771 -5.683608 -12.586047
v -2.335619 -6.466078 -12.155711
v -2.611782 -6.466071 1.843961
v -2.965950 -6.466065 7.623464
v -2.965952 -5.683608 7.623830
v -2.858160 -5.683608 2.350370
v -2.858160 -5.683608 -9.524112
v -2.785990 -5.683608 -12.602008
v -4.376231 -6.466078 -12.160830
v -5.052014 -6.466071 1.837854
v -5.918679 -6.466065 7.616857
v -5.918683 -5.683608 7.616125
v -5.654913 -5.683608 2.343229
v -5.654913 -5.683608 -9.524104
v -3.810963 -5.683608 -12.614467
v -4.485034 -6.466078 -12.159900
v -7.163869 -6.466071 1.838964
v -8.474066 -6.449749 7.619234
v -8.474030 -5.712563 7.628194
v -8.075313 -5.683608 2.344515
v -8.075313 -5.683608 -9.524096
v -6.102359 -5.683608 -12.625110
v 4.592767 -6.466078 -12.159777
v 5.673415 -6.466071 1.839109
v 7.059300 -6.466065 7.618208
v 7.059308 -5.683608 7.617704
v 6.637511 -5.683608 2.344690
v 6.637511 -5.683608 -9.524096
v 6.303183 -5.683608 -12.559779
v 1.054219 -6.466078 -12.156222
v 1.441900 -6.466071 1.843336
v 1.939085 -6.466065 7.622785
v 1.939088 -5.683608 7.623045
v 1.787769 -5.683608 2.349641
v 1.787769 -5.683608 -9.524112
v 1.687201 -5.683608 -12.581233
v 1.583735 -5.683608 -15.725879
v -1.624474 -6.466078 -12.153918
v -1.761371 -6.466071 1.846090
v -1.941790 -6.466065 7.625765
v -1.932082 -5.683608 7.626516
v -1.883503 -5.683608 2.352857
v -1.883503 -5.683608 -9.524112
v -1.847528 -5.683608 -12.597651
v 7.051840 -6.464961 9.383936
v 7.051848 -5.682503 9.383432
v 8.244619 -5.694901 9.388734
v 8.244612 -6.477360 9.388460
v 9.238657 -6.488909 9.393976
v 9.158398 -5.706452 9.412706
v 6.078121 -5.681654 9.378385
v 6.078115 -6.464112 9.379610
v 7.051840 -6.464961 11.024141
v 7.051848 -5.682503 11.023637
v 8.244619 -5.694901 11.028936
v 8.244612 -6.477360 11.028661
v 9.238657 -6.488909 11.034181
v 9.158398 -5.706452 11.052911
v 7.208784 -6.385195 13.256417
v 7.208788 -5.764174 13.255914
v 8.069304 -5.774014 13.261213
v 8.069296 -6.395035 13.260938
v 1.941377 -6.466382 8.574308
v 1.941379 -5.683926 8.574567
v 3.080657 -5.683403 8.571615
v 3.080654 -6.465863 8.571775
v 4.303840 -6.465273 8.569059
v 4.303845 -5.682816 8.568445
v 6.013403 -5.682492 8.564176
v 6.013397 -6.464947 8.565401
v 0.804844 -6.466637 8.576837
v 0.804845 -5.684182 8.577512
v 1.941377 -6.466382 10.386308
v 1.941379 -5.683926 10.386567
v 3.080657 -5.683403 10.383615
v 3.080654 -6.465863 10.383771
v 3.987898 -5.682816 10.380445
v 3.987893 -6.465273 10.381059
v 0.898541 -6.466637 10.388833
v 0.898543 -5.684182 10.389512
v 1.941377 -6.466382 11.932149
v 1.941379 -5.683926 11.932408
v 3.080657 -5.683403 11.929456
v 3.080654 -6.465863 11.929616
v 1.027397 -6.466637 11.934678
v 1.027399 -5.684182 11.935357
v 2.116320 -6.364102 15.412149
v 2.116323 -5.786068 15.412408
v 2.905713 -5.785683 15.409455
v 2.905711 -6.363719 15.409616
v -1.945142 -6.467392 9.009767
v -1.935434 -5.684935 9.010523
v -0.660990 -5.685315 9.013822
v -0.682635 -6.467770 9.012598
v 0.805886 -5.685334 9.009996
v 0.805885 -6.467793 9.009321
v -4.419348 -5.683779 9.004057
v -2.969305 -5.684182 9.007841
v -2.969303 -6.466637 9.007471
v -4.419345 -6.466237 9.004228
v -1.945142 -6.467392 10.214658
v -1.935434 -5.684935 10.215410
v -0.913468 -5.685315 10.218710
v -0.935113 -6.467770 10.217485
v -4.419348 -5.683779 10.208944
v -2.969305 -5.684182 10.212728
v -2.969303 -6.466637 10.212358
v -4.419345 -6.466237 10.209116
v -4.419348 -5.683779 10.645585
v -2.969305 -5.684182 10.649377
v -2.969303 -6.466637 10.649007
v -4.419345 -6.466237 10.645765
v -2.120221 -5.684935 10.652055
v -2.129929 -6.467392 10.651303
v -4.281732 -5.780293 12.507104
v -3.106921 -5.780598 12.510892
v -3.106920 -6.370121 12.510522
v -4.281729 -6.369820 12.507280
v -8.474066 -6.466065 9.823408
v -8.474072 -5.996212 9.822878
v -7.249582 -5.863226 9.818010
v -7.249577 -6.466065 9.819238
v -5.918679 -6.466065 9.822218
v -5.918683 -5.833802 9.821489
v -4.415995 -5.683608 9.825411
v -4.415991 -6.466065 9.825582
v -8.474066 -6.466065 13.236795
v -8.474072 -5.996212 13.236264
v -7.258059 -5.996212 14.657827
v -7.258054 -6.466065 14.659051
v -6.081388 -5.966790 14.661302
v -6.081385 -6.466065 14.662030
v -8.384538 -6.607035 19.158353
v -8.384542 -6.401726 19.157823
v -7.339111 -6.401726 19.152959
v -7.339106 -6.607035 19.154184
v -11.113483 -6.442868 10.959817
v -11.043982 -5.660410 10.948819
v -9.467798 -5.671475 11.987973
v -9.467793 -6.453930 11.987947
v -8.461780 -5.682541 11.984029
v -8.461774 -6.464997 11.984563
v -10.974562 -6.376181 14.296434
v -10.916792 -5.729008 14.285436
v -9.606720 -5.738160 14.289365
v -9.606716 -6.385331 14.289334
v -8.474066 -6.520056 9.824075
v -7.249577 -6.519892 9.819910
v -8.474066 -6.654126 13.234830
v -7.258054 -6.709984 14.655988
v -8.384538 -6.780749 19.155984
v -7.339106 -6.780587 19.151815
v -7.249540 -5.741520 9.828691
v -8.474030 -5.741520 9.833555
v -7.259030 -5.889187 14.659375
v -8.475042 -5.889187 13.237813
v -7.341053 -6.092829 19.156057
v -8.386484 -6.092829 19.160920
v -0.409928 -10.457724 7.927396
v -0.518405 -11.452772 7.927396
v -10.333784 3.222275 7.927396
v -11.425241 3.222275 7.927396
v -10.333784 3.222275 8.927396
v -11.425241 3.222275 8.927396
v -0.409928 -10.457724 8.927396
v -0.518405 -11.452772 8.927396
v -10.464176 -3.925241 7.927396
v -11.422716 -3.925241 7.927396
v -11.422716 -3.925241 8.927396
v -10.464176 -3.925241 8.927396
v -9.778624 -6.776042 7.927396
v -10.882944 -7.367198 7.927396
v -10.882944 -7.367197 8.927396
v -9.778624 -6.776042 8.927396
v -5.935410 -8.960371 7.927396
v -6.626707 -9.734220 7.927396
v -6.626707 -9.734220 8.927396
v -5.935410 -8.960371 8.927396
v -10.417112 -0.527140 8.927396
v -11.388472 -0.527140 8.927396
v -11.388472 -0.527141 7.927396
v -10.417112 -0.527141 7.927396
v -11.485769 -5.184648 8.927396
v -11.485769 -5.184649 7.927396
v -10.345276 -5.144954 7.927396
v -10.345276 -5.144954 8.927396
v -10.438271 -2.246399 7.927396
v -11.278336 -2.246399 7.927396
v -11.278337 -2.246398 8.927396
v -10.438271 -2.246398 8.927396
v -10.369137 1.317444 8.927396
v -11.406561 1.317444 8.927396
v -11.406561 1.317444 7.927396
v -10.369137 1.317444 7.927396
v -8.586014 -8.692571 8.927396
v -8.586013 -8.692571 7.927396
v -7.844667 -8.042429 7.927396
v -7.844667 -8.042429 8.927396
v -3.105711 -9.959236 7.927396
v -3.498536 -10.846365 7.927396
v -3.498536 -10.846365 8.927396
v -3.105711 -9.959236 8.927396
v -0.812521 -10.261084 4.640196
v -0.911162 -11.256132 4.640196
v -9.836498 3.418915 4.640196
v -10.828983 3.418915 4.640196
v -9.836498 3.418915 5.640196
v -10.828983 3.418915 5.640196
v -0.812521 -10.261084 5.640196
v -0.911162 -11.256132 5.640196
v -9.955067 -3.728601 4.640196
v -10.826687 -3.728601 4.640196
v -10.826687 -3.728601 5.640196
v -9.955067 -3.728601 5.640196
v -9.331678 -6.579402 4.640196
v -10.335859 -7.170557 4.640196
v -10.335861 -7.170557 5.640196
v -9.331678 -6.579401 5.640196
v -5.836960 -8.763731 4.640196
v -6.465571 -9.537580 4.640196
v -6.465571 -9.537580 5.640196
v -5.836960 -8.763731 5.640196
v -9.912270 -0.330500 5.640196
v -10.795547 -0.330500 5.640196
v -10.795547 -0.330501 4.640196
v -9.912270 -0.330501 4.640196
v -10.884022 -4.988008 5.640196
v -10.884022 -4.988009 4.640196
v -9.846947 -4.948314 4.640196
v -9.846947 -4.948314 5.640196
v -9.931509 -2.049759 4.640196
v -10.695398 -2.049759 4.640196
v -10.695400 -2.049758 5.640196
v -9.931509 -2.049758 5.640196
v -9.868645 1.514084 5.640196
v -10.811996 1.514084 5.640196
v -10.811996 1.514084 4.640196
v -9.868645 1.514084 4.640196
v -8.247211 -8.495931 5.640196
v -8.247211 -8.495931 4.640196
v -7.573089 -7.845789 4.640196
v -7.573089 -7.845788 5.640196
v -3.263855 -9.762596 4.640196
v -3.621058 -10.649725 4.640196
v -3.621059 -10.649725 5.640196
v -3.263855 -9.762596 5.640196
v -1.323703 -9.772940 1.886236
v -1.408076 -10.691405 1.886236
v -9.042431 2.854189 1.886236
v -9.891361 2.854189 1.886236
v -9.042431 2.854189 2.886236
v -9.891361 2.854189 2.886236
v -1.323703 -9.772940 2.886236
v -1.408076 -10.691405 2.886236
v -9.143850 -3.743225 1.886236
v -9.889397 -3.743225 1.886236
v -9.889397 -3.743225 2.886236
v -9.143850 -3.743225 2.886236
v -8.610630 -6.374616 1.886236
v -9.469564 -6.920273 1.886236
v -9.469566 -6.920272 2.886236
v -8.610630 -6.374615 2.886236
v -5.621396 -8.390831 1.886236
v -6.159084 -9.105120 1.886236
v -6.159084 -9.105120 2.886236
v -5.621396 -8.390830 2.886236
v -9.107243 -0.606656 2.886236
v -9.862762 -0.606656 2.886236
v -9.862762 -0.606657 1.886236
v -9.107243 -0.606657 1.886236
v -9.938438 -4.905702 2.886236
v -9.938438 -4.905703 1.886236
v -9.051369 -4.869063 1.886236
v -9.051369 -4.869063 2.886236
v -9.123699 -2.193594 1.886236
v -9.777100 -2.193594 1.886236
v -9.777100 -2.193593 2.886236
v -9.123699 -2.193593 2.886236
v -9.069929 1.095961 2.886236
v -9.876833 1.095961 2.886236
v -9.876831 1.095961 1.886236
v -9.069929 1.095961 1.886236
v -7.683023 -8.143641 2.886236
v -7.683022 -8.143641 1.886236
v -7.106407 -7.543537 1.886236
v -7.106407 -7.543536 2.886236
v -3.420470 -9.312819 1.886236
v -3.726007 -10.131670 1.886236
v -3.726007 -10.131670 2.886236
v -3.420470 -9.312819 2.886236
v 4.883679 18.092976 7.540283
v 4.938769 18.533150 7.454865
v 4.984243 18.873507 7.748421
v 4.985858 18.857748 8.199899
v 4.942398 18.497744 8.469331
v 4.886588 18.064583 8.353823
v 4.860456 17.884441 7.940360
v 5.034517 17.974291 7.406035
v 5.107134 18.554502 7.293442
v 5.167076 19.003139 7.680383
v 5.169203 18.982367 8.275498
v 5.111916 18.507833 8.630645
v 5.038353 17.936865 8.478391
v 5.003908 17.699417 7.933387
v 4.856752 17.897249 7.274414
v 4.946895 18.617493 7.134642
v 5.021303 19.174408 7.614982
v 5.023944 19.148624 8.353728
v 4.952831 18.559555 8.794587
v 4.861513 17.850786 8.605585
v 4.818753 17.556028 7.929046
v 4.705913 18.015928 7.408667
v 4.778530 18.596140 7.296069
v 4.838470 19.044775 7.683015
v 4.840598 19.024002 8.278130
v 4.783311 18.549469 8.633277
v 4.709747 17.978502 8.481022
v 4.675302 17.741053 7.936014
v 15.096032 18.788412 8.221073
v -17.182878 17.397089 7.262157
v -0.930309 18.694635 7.410097
v -0.908420 18.384184 7.123712
v -0.888879 17.964531 7.074801
v -0.879150 17.595978 7.282053
v -0.882949 17.419292 7.666304
v -0.898826 17.501968 8.080784
v -0.920715 17.812424 8.367174
v -0.940256 18.232073 8.416084
v -0.949986 18.600630 8.208833
v -0.946186 18.777309 7.824582
v -8.885965 18.187008 7.266151
v -8.897461 18.246876 7.566279
v -8.900212 18.118940 7.844514
v -8.893167 17.852068 7.994582
v -8.879018 17.548197 7.959171
v -8.863168 17.323393 7.751794
v -8.851671 17.263529 7.451667
v -8.848920 17.391466 7.173432
v -8.855965 17.658339 7.023358
v -8.870115 17.962210 7.058778
v 7.587615 18.897074 7.755532
v 7.603466 18.672274 7.548160
v 7.617616 18.368402 7.512745
v 7.624660 18.101532 7.662818
v 7.621909 17.973595 7.941053
v 7.610412 18.033463 8.241181
v 7.594563 18.258263 8.448553
v 7.580413 18.562132 8.483973
v 7.573368 18.829000 8.333895
v 7.576119 18.956936 8.055661
v -8.939359 17.471716 7.022180
v -8.884269 17.911890 6.936761
v -8.838795 18.252247 7.230317
v -8.837180 18.236485 7.681796
v -8.880640 17.876480 7.951223
v -8.936450 17.443319 7.835720
v -8.962582 17.263184 7.422256
v -8.788521 17.353033 6.887927
v -8.715903 17.933245 6.775335
v -8.655962 18.381880 7.162285
v -8.653834 18.361107 7.757395
v -8.711122 17.886570 8.112542
v -8.784685 17.315601 7.960283
v -8.819130 17.078157 7.415284
v -8.966286 17.275986 6.756311
v -8.876143 17.996235 6.616534
v -8.801735 18.553150 7.096879
v -8.799093 18.527365 7.835621
v -8.870207 17.938295 8.276479
v -8.961525 17.229527 8.087482
v -9.004285 16.934769 7.410943
v -9.117125 17.394669 6.890559
v -9.044508 17.974880 6.777961
v -8.984568 18.423517 7.164911
v -8.982440 18.402744 7.760022
v -9.039726 17.928205 8.115169
v -9.113290 17.357243 7.962914
v -9.147737 17.119795 7.417915
v -15.467548 17.256533 6.748497
v -11.139675 18.363157 8.629172
v -7.769387 18.768179 8.547259
v -4.387905 18.875275 8.512944
v -1.000299 18.950014 8.566859
v 2.388026 19.040157 8.564755
v 5.759785 19.186979 8.345257
v 9.140155 19.030848 8.136003
v 13.354746 18.405340 7.417266
v -14.896338 20.666166 8.759490
v -11.217148 20.786242 8.725376
v -7.825246 20.887506 9.115416
v -4.424777 20.952208 9.669776
v -1.007901 20.953169 10.126899
v 2.396439 21.038517 10.124002
v 5.745612 21.241302 9.422212
v 9.072492 21.443956 8.431656
v 12.738928 21.576540 8.084582
v -14.664417 22.803934 8.922944
v -11.267107 22.901888 9.532973
v -7.868226 22.994616 10.265455
v -4.481112 23.052492 10.722165
v -1.060243 23.067621 11.252284
v 2.356289 23.154366 11.152802
v 5.703652 23.365017 10.337743
v 9.021472 23.561277 9.115570
v 12.372879 23.696438 8.172091
v -14.724999 24.927761 9.306988
v -11.320144 25.019903 10.217887
v -7.940760 25.118713 10.646371
v -4.566787 25.193121 11.441296
v -1.154494 25.262798 12.122375
v 2.261785 25.379930 11.783439
v 5.622002 25.541977 10.717496
v 8.959200 25.688520 9.635592
v 12.308169 25.823448 8.391415
v -14.794533 27.058498 9.333891
v -11.388638 27.149837 10.286302
v -8.008815 27.248865 10.713473
v -4.633819 27.334583 11.539545
v -1.224805 27.431299 12.157590
v 2.193601 27.560476 11.867972
v 5.560677 27.696087 10.903859
v 8.897077 27.817759 9.885579
v 12.243537 27.950407 8.613889
v -14.421511 29.210575 9.014602
v -11.132112 29.301090 9.819953
v -7.845662 29.392597 10.568688
v -4.577621 29.498871 10.889027
v -1.281394 29.612606 11.409822
v 2.016536 29.731514 11.281925
v 5.266821 29.839870 10.631923
v 8.491158 29.943554 9.830018
v 11.719988 30.068642 8.347850
v -14.057281 31.357327 8.945010
v -10.892308 31.456169 9.479029
v -7.701274 31.535797 10.366109
v -4.530551 31.657673 10.687685
v -1.358003 31.789993 10.827470
v 1.814920 31.890560 10.762350
v 4.959427 31.966560 10.332323
v 8.072757 32.073921 9.161432
v 11.209052 32.189243 8.175053
v -13.775837 33.506275 8.974188
v -10.546283 33.605484 9.339587
v -7.515515 33.695904 9.353904
v -4.469285 33.809052 10.261306
v -1.438596 33.931751 10.565279
v 1.572413 34.021732 10.206275
v 4.560292 34.097282 9.169486
v 7.560365 34.201485 8.492083
v 10.577188 34.301563 8.110500
v -13.696696 36.028217 7.317470
v -10.621457 35.910408 8.347498
v -7.597918 35.835590 8.872296
v -4.575357 35.947113 8.915551
v -1.551058 36.064491 8.994209
v 1.461850 36.153973 8.795761
v 4.473176 36.234898 8.583253
v 7.484598 36.506870 8.499382
v 10.940222 37.176785 7.494636
v -15.467548 17.256533 6.614212
v -11.139675 18.363157 8.494882
v -7.769387 18.768179 8.412975
v -4.387905 18.875275 8.378658
v -1.000299 18.950014 8.432574
v 2.388026 19.040157 8.430470
v 5.759785 19.186979 8.210972
v 9.140155 19.030848 8.001718
v 13.354746 18.405340 7.282981
v -14.896338 20.666166 8.625205
v -11.217148 20.786242 8.591087
v -7.825246 20.887506 8.981136
v -4.424777 20.952208 9.535495
v -1.007901 20.953169 9.992614
v 2.396439 21.038517 9.989721
v 5.745612 21.241302 9.287927
v 9.072492 21.443956 8.297370
v 12.738928 21.576540 7.950300
v -14.664417 22.803934 8.788659
v -11.267107 22.901888 9.398683
v -7.868226 22.994616 10.131174
v -4.481112 23.052492 10.587884
v -1.060243 23.067621 11.118003
v 2.356289 23.154366 11.018521
v 5.703652 23.365017 10.203457
v 9.021472 23.561277 8.981285
v 12.372879 23.696438 8.037805
v -14.724999 24.927761 9.172702
v -11.320144 25.019903 10.083601
v -7.940760 25.118713 10.512086
v -4.566787 25.193121 11.307006
v -1.154494 25.262798 11.988094
v 2.261785 25.379930 11.649153
v 5.622002 25.541977 10.583211
v 8.959200 25.688520 9.501306
v 12.308169 25.823448 8.257134
v -14.794533 27.058498 9.199611
v -11.388638 27.149837 10.152022
v -8.008815 27.248865 10.249605
v -4.633819 27.334583 11.075686
v -1.224805 27.431299 11.693731
v 2.193601 27.560476 11.404102
v 5.560676 27.696087 10.439991
v 8.897077 27.817759 9.751299
v 12.243537 27.950407 8.479609
v -14.421511 29.210571 8.864092
v -11.132113 29.301090 9.356089
v -7.845662 29.392597 10.104818
v -4.577621 29.498871 10.425167
v -1.281394 29.612606 10.945956
v 2.016536 29.731514 10.818056
v 5.266820 29.839870 10.168054
v 8.491158 29.943554 9.366154
v 11.719988 30.068642 8.066120
v -14.057281 31.357327 8.794496
v -10.892308 31.456169 8.673121
v -7.701274 31.535797 9.902245
v -4.530550 31.657673 10.223822
v -1.358003 31.789993 10.363606
v 1.814921 31.890560 10.298491
v 4.959427 31.966560 9.868459
v 8.072755 32.073921 8.697568
v 11.209052 32.189243 7.885068
v -13.775837 33.506275 8.823672
v -10.546283 33.605484 8.106886
v -7.515515 33.695904 8.890040
v -4.469285 33.809052 10.127026
v -1.438596 33.931751 10.430994
v 1.572413 34.021732 10.071994
v 4.560293 34.097282 8.705622
v 7.560365 34.201485 8.028218
v 10.577188 34.301563 7.920391
v -13.696696 36.028217 6.993624
v -10.621457 35.910408 7.883634
v -7.597918 35.835590 8.738011
v -4.575357 35.947113 8.781266
v -1.551058 36.064491 8.859929
v 1.461850 36.153973 8.661480
v 4.473176 36.234898 8.448973
v 7.484598 36.506870 8.365096
v 10.940222 37.176785 7.360355
v 13.940338 37.381046 8.143115
v -16.027185 36.089348 7.252860
v -0.938409 37.293983 7.390215
v -0.918087 37.005760 7.124331
v -0.899945 36.616158 7.078919
v -0.890913 36.273998 7.271331
v -0.894440 36.109966 7.628070
v -0.909180 36.186710 8.012868
v -0.929502 36.474945 8.278752
v -0.947644 36.864552 8.324165
v -0.956676 37.206707 8.131752
v -0.953149 37.370739 7.775014
v -8.324387 36.822708 7.256570
v -8.335060 36.878288 7.535206
v -8.337614 36.759510 7.793519
v -8.331074 36.511749 7.932845
v -8.317938 36.229633 7.899965
v -8.303222 36.020931 7.707438
v -8.292549 35.965355 7.428803
v -8.289994 36.084129 7.170493
v -8.296535 36.331890 7.031162
v -8.309671 36.614006 7.064047
v 6.969574 37.481926 7.710917
v 6.984291 37.273224 7.518389
v 6.997427 36.991108 7.485504
v 7.003967 36.743347 7.624835
v 7.001413 36.624569 7.883148
v 6.990740 36.680161 8.161779
v 6.976025 36.888863 8.354306
v 6.962889 37.170967 8.387186
v 6.956347 37.418728 8.247860
v 6.958902 37.537502 7.989547
v 4.459259 36.735405 7.511075
v 4.510404 37.144066 7.431771
v 4.552622 37.460049 7.704305
v 4.554121 37.445419 8.123457
v 4.513772 37.111187 8.373595
v 4.461959 36.709045 8.266357
v 4.437699 36.541809 7.882501
v 4.599297 36.625221 7.386440
v 4.666714 37.163887 7.281905
v 4.722363 37.580402 7.641146
v 4.724338 37.561111 8.193643
v 4.671153 37.120552 8.523359
v 4.602857 36.590473 8.382007
v 4.570878 36.370033 7.876027
v 4.434261 36.553696 7.264239
v 4.517949 37.222363 7.134477
v 4.587028 37.739403 7.580421
v 4.589480 37.715462 8.266271
v 4.523459 37.168575 8.675560
v 4.438680 36.510559 8.500094
v 4.398982 36.236912 7.871995
v 4.294222 36.663876 7.388878
v 4.361639 37.202545 7.284348
v 4.417287 37.619049 7.643584
v 4.419263 37.599766 8.196081
v 4.366078 37.159210 8.525797
v 4.297782 36.629128 8.384444
v 4.265802 36.408688 7.878470
v -8.373958 36.158638 7.030066
v -8.322812 36.567287 6.950763
v -8.280594 36.883274 7.223301
v -8.279095 36.868637 7.642453
v -8.319444 36.534416 7.892592
v -8.371257 36.132271 7.785352
v -8.395517 35.965027 7.401496
v -8.233919 36.048447 6.905436
v -8.166503 36.587116 6.800901
v -8.110854 37.003620 7.160142
v -8.108878 36.984337 7.712639
v -8.162064 36.543781 8.042355
v -8.230359 36.013699 7.901002
v -8.262338 35.793259 7.395023
v -8.398955 35.976921 6.783236
v -8.315268 36.645592 6.653472
v -8.246188 37.162628 7.099416
v -8.243736 37.138695 7.785262
v -8.309756 36.591801 8.194555
v -8.394537 35.933784 8.019085
v -8.434235 35.660137 7.390990
v -8.538994 36.087105 6.907874
v -8.471578 36.625771 6.803338
v -8.415929 37.042274 7.162580
v -8.413953 37.022995 7.715077
v -8.467138 36.582436 8.044792
v -8.535434 36.052357 7.903440
v -8.567413 35.831913 7.397465
v -0.383679 -9.772940 1.886236
v -0.299305 -10.691405 1.886236
v 7.335050 2.854189 1.886236
v 8.183979 2.854189 1.886236
v 7.335050 2.854189 2.886236
v 8.183979 2.854189 2.886236
v -0.383679 -9.772940 2.886236
v -0.299305 -10.691405 2.886236
v 7.436469 -3.743225 1.886236
v 8.182016 -3.743225 1.886236
v 8.182016 -3.743225 2.886236
v 7.436469 -3.743225 2.886236
v 6.903249 -6.374616 1.886236
v 7.762184 -6.920273 1.886236
v 7.762185 -6.920272 2.886236
v 6.903249 -6.374615 2.886236
v 3.914015 -8.390831 1.886236
v 4.451703 -9.105120 1.886236
v 4.451703 -9.105120 2.886236
v 3.914015 -8.390830 2.886236
v 7.399862 -0.606656 2.886236
v 8.155380 -0.606656 2.886236
v 8.155380 -0.606657 1.886236
v 7.399862 -0.606657 1.886236
v 8.231058 -4.905702 2.886236
v 8.231058 -4.905703 1.886236
v 7.343988 -4.869063 1.886236
v 7.343988 -4.869063 2.886236
v 7.416318 -2.193594 1.886236
v 8.069717 -2.193594 1.886236
v 8.069719 -2.193593 2.886236
v 7.416318 -2.193593 2.886236
v 7.362547 1.095961 2.886236
v 8.169451 1.095961 2.886236
v 8.169451 1.095961 1.886236
v 7.362547 1.095961 1.886236
v 5.975642 -8.143641 2.886236
v 5.975641 -8.143641 1.886236
v 5.399026 -7.543537 1.886236
v 5.399026 -7.543536 2.886236
v 1.713089 -9.312819 1.886236
v 2.018625 -10.131670 1.886236
v 2.018626 -10.131670 2.886236
v 1.713089 -9.312819 2.886236
v -1.344070 -10.261084 4.640196
v -1.245429 -11.256132 4.640196
v 7.679906 3.418915 4.640196
v 8.672392 3.418915 4.640196
v 7.679906 3.418915 5.640196
v 8.672392 3.418915 5.640196
v -1.344070 -10.261084 5.640196
v -1.245429 -11.256132 5.640196
v 7.798475 -3.728601 4.640196
v 8.670095 -3.728601 4.640196
v 8.670095 -3.728601 5.640196
v 7.798475 -3.728601 5.640196
v 7.175086 -6.579402 4.640196
v 8.179268 -7.170557 4.640196
v 8.179270 -7.170557 5.640196
v 7.175086 -6.579401 5.640196
v 3.680369 -8.763731 4.640196
v 4.308980 -9.537580 4.640196
v 4.308980 -9.537580 5.640196
v 3.680369 -8.763731 5.640196
v 7.755678 -0.330500 5.640196
v 8.638956 -0.330500 5.640196
v 8.638956 -0.330501 4.640196
v 7.755678 -0.330501 4.640196
v 8.727430 -4.988008 5.640196
v 8.727430 -4.988009 4.640196
v 7.690355 -4.948314 4.640196
v 7.690355 -4.948314 5.640196
v 7.774917 -2.049759 4.640196
v 8.538807 -2.049759 4.640196
v 8.538809 -2.049758 5.640196
v 7.774917 -2.049758 5.640196
v 7.712054 1.514084 5.640196
v 8.655405 1.514084 5.640196
v 8.655405 1.514084 4.640196
v 7.712054 1.514084 4.640196
v 6.090621 -8.495931 5.640196
v 6.090620 -8.495931 4.640196
v 5.416498 -7.845789 4.640196
v 5.416498 -7.845788 5.640196
v 1.107264 -9.762596 4.640196
v 1.464467 -10.649725 4.640196
v 1.464468 -10.649725 5.640196
v 1.107264 -9.762596 5.640196
v -1.846240 -10.457724 7.927396
v -1.737763 -11.452772 7.927396
v 8.077616 3.222275 7.927396
v 9.169073 3.222275 7.927396
v 8.077616 3.222275 8.927396
v 9.169073 3.222275 8.927396
v -1.846240 -10.457724 8.927396
v -1.737763 -11.452772 8.927396
v 8.208008 -3.925241 7.927396
v 9.166548 -3.925241 7.927396
v 9.166548 -3.925241 8.927396
v 8.208008 -3.925241 8.927396
v 7.522456 -6.776042 7.927396
v 8.626776 -7.367198 7.927396
v 8.626776 -7.367197 8.927396
v 7.522456 -6.776042 8.927396
v 3.679242 -8.960371 7.927396
v 4.370539 -9.734220 7.927396
v 4.370539 -9.734220 8.927396
v 3.679242 -8.960371 8.927396
v 8.160944 -0.527140 8.927396
v 9.132303 -0.527140 8.927396
v 9.132303 -0.527141 7.927396
v 8.160944 -0.527141 7.927396
v 9.229601 -5.184648 8.927396
v 9.229601 -5.184649 7.927396
v 8.089108 -5.144954 7.927396
v 8.089108 -5.144954 8.927396
v 8.182102 -2.246399 7.927396
v 9.022167 -2.246399 7.927396
v 9.022169 -2.246398 8.927396
v 8.182102 -2.246398 8.927396
v 8.112968 1.317444 8.927396
v 9.150393 1.317444 8.927396
v 9.150393 1.317444 7.927396
v 8.112968 1.317444 7.927396
v 6.329845 -8.692571 8.927396
v 6.329844 -8.692571 7.927396
v 5.588499 -8.042429 7.927396
v 5.588499 -8.042429 8.927396
v 0.849543 -9.959236 7.927396
v 1.242367 -10.846365 7.927396
v 1.242368 -10.846365 8.927396
v 0.849543 -9.959236 8.927396
vt 0.370730 0.554841
vt 0.370730 0.524531
vt 0.620853 0.517879
vt 0.620853 0.548189
vt 0.374810 0.488503
vt 0.374852 0.518813
vt 0.124720 0.512507
vt 0.124678 0.482197
vt 0.374662 0.589421
vt 0.374662 0.558770
vt 0.628647 0.558770
vt 0.628647 0.589421
vt 0.124540 0.558770
vt 0.124540 0.589421
vt 0.621160 0.511820
vt 0.621118 0.481510
vt 0.124412 0.517879
vt 0.124412 0.548189
vt 0.370730 0.554841
vt 0.370730 0.524531
vt 0.620853 0.517879
vt 0.620853 0.548189
vt 0.374810 0.488503
vt 0.374852 0.518813
vt 0.124720 0.512507
vt 0.124678 0.482197
vt 0.374662 0.589421
vt 0.374662 0.558770
vt 0.628647 0.558770
vt 0.628647 0.589421
vt 0.124540 0.558770
vt 0.124540 0.589421
vt 0.621160 0.511820
vt 0.621118 0.481510
vt 0.124412 0.517879
vt 0.124412 0.548189
vt 0.370730 0.554841
vt 0.370730 0.524531
vt 0.620853 0.517879
vt 0.620853 0.548189
vt 0.374810 0.488503
vt 0.374852 0.518813
vt 0.124720 0.512507
vt 0.124678 0.482197
vt 0.374662 0.589421
vt 0.374662 0.558770
vt 0.628647 0.558770
vt 0.628647 0.589421
vt 0.124540 0.558770
vt 0.124540 0.589421
vt 0.621160 0.511820
vt 0.621118 0.481510
vt 0.124412 0.517879
vt 0.124412 0.548189
vt 0.226738 0.910538
vt 0.201794 0.910321
vt 0.201621 0.927469
vt 0.226565 0.927686
vt 0.006767 0.986266
vt 0.056825 0.986690
vt 0.056971 0.969543
vt 0.006912 0.969118
vt 0.361350 0.341625
vt 0.349281 0.344796
vt 0.349367 0.358299
vt 0.361049 0.352731
vt 0.230484 0.453010
vt 0.223743 0.454094
vt 0.219222 0.461568
vt 0.229181 0.466670
vt 0.915833 0.993977
vt 0.952949 0.994291
vt 0.953095 0.977144
vt 0.915979 0.976829
vt 0.421132 0.338131
vt 0.385224 0.336033
vt 0.382810 0.348492
vt 0.418176 0.350650
vt 0.281126 0.467314
vt 0.249528 0.463537
vt 0.249022 0.476099
vt 0.281087 0.480024
vt 0.477457 0.361111
vt 0.507166 0.369409
vt 0.510649 0.356833
vt 0.480940 0.348535
vt 0.814090 0.975965
vt 0.745328 0.975382
vt 0.745182 0.992529
vt 0.813945 0.993112
vt 0.335951 0.479818
vt 0.363864 0.476661
vt 0.363453 0.463807
vt 0.335539 0.466964
vt 0.531699 0.382170
vt 0.538841 0.372683
vt 0.633813 0.974436
vt 0.633667 0.991583
vt 0.392037 0.465880
vt 0.387751 0.455433
vt 0.608370 0.458499
vt 0.615511 0.449013
vt 0.137862 0.970229
vt 0.137716 0.987376
vt 0.475670 0.404134
vt 0.471383 0.393687
vt 0.620875 0.470949
vt 0.628016 0.461462
vt 0.489310 0.394063
vt 0.485024 0.383616
vt 0.170561 0.910050
vt 0.139209 0.909777
vt 0.139036 0.926925
vt 0.170387 0.927197
vt 0.334002 0.347383
vt 0.318368 0.347487
vt 0.335630 0.375307
vt 0.341362 0.360647
vt 0.215594 0.444780
vt 0.213642 0.429518
vt 0.192567 0.453799
vt 0.206314 0.456501
vt 0.275911 0.910966
vt 0.275737 0.928113
vt 0.865392 0.993549
vt 0.865538 0.976401
vt 0.454187 0.342869
vt 0.450704 0.355445
vt 0.310784 0.468044
vt 0.311195 0.480898
vt 0.685586 0.088692
vt 0.685873 0.280745
vt 0.660617 0.280771
vt 0.660339 0.088793
vt 0.842241 0.088470
vt 0.842520 0.280505
vt 0.819487 0.280539
vt 0.819201 0.088450
vt 0.643320 0.088745
vt 0.643595 0.280791
vt 0.625157 0.280811
vt 0.624886 0.088691
vt 0.881415 0.088393
vt 0.881689 0.280446
vt 0.862919 0.280472
vt 0.862651 0.088489
vt 0.781201 0.088408
vt 0.781488 0.280592
vt 0.762100 0.280625
vt 0.761817 0.088385
vt 0.721797 0.088548
vt 0.722084 0.280692
vt 0.704626 0.280726
vt 0.704335 0.088618
vt 0.929161 0.280372
vt 0.897042 0.280426
vt 0.896777 0.088310
vt 0.929409 0.003000
vt 0.602803 0.280839
vt 0.601967 0.003014
vt 0.924170 0.330800
vt 0.891069 0.330712
vt 0.876683 0.330665
vt 0.859087 0.330610
vt 0.839588 0.330540
vt 0.817572 0.330461
vt 0.780974 0.330336
vt 0.762307 0.330276
vt 0.723782 0.330153
vt 0.706975 0.330105
vt 0.689072 0.330053
vt 0.664960 0.329986
vt 0.649095 0.329941
vt 0.631914 0.329890
vt 0.607693 0.329845
vt 0.915627 0.382476
vt 0.884895 0.382293
vt 0.871502 0.382188
vt 0.855118 0.382059
vt 0.836565 0.381917
vt 0.815615 0.381757
vt 0.780472 0.381492
vt 0.762542 0.381359
vt 0.725549 0.381070
vt 0.709408 0.380939
vt 0.692370 0.380804
vt 0.669429 0.380627
vt 0.654766 0.380516
vt 0.638886 0.380403
vt 0.616138 0.380296
vt 0.906089 0.423689
vt 0.879973 0.423621
vt 0.867357 0.423570
vt 0.851930 0.423510
vt 0.834119 0.423443
vt 0.814013 0.423365
vt 0.780051 0.423234
vt 0.762721 0.423166
vt 0.726994 0.423019
vt 0.711403 0.422949
vt 0.695085 0.422880
vt 0.673113 0.422782
vt 0.659452 0.422723
vt 0.644647 0.422659
vt 0.625991 0.422603
vt 0.891729 0.467202
vt 0.867118 0.531269
vt 0.855333 0.546918
vt 0.840931 0.566046
vt 0.825266 0.577447
vt 0.807580 0.590318
vt 0.778393 0.599453
vt 0.763491 0.604116
vt 0.732720 0.593225
vt 0.719288 0.588479
vt 0.704859 0.577456
vt 0.685430 0.562613
vt 0.672305 0.542388
vt 0.658099 0.520477
vt 0.640825 0.467601
vt 0.654311 0.003462
vt 0.680973 0.003340
vt 0.822037 0.003118
vt 0.846365 0.003128
vt 0.616900 0.003378
vt 0.636350 0.003425
vt 0.867926 0.002971
vt 0.887759 0.002868
vt 0.761295 0.003048
vt 0.781854 0.003081
vt 0.700773 0.003254
vt 0.719217 0.003188
vt 0.903979 0.002962
vt 0.952453 0.187619
vt 0.940798 0.186458
vt 0.940963 0.160146
vt 0.952618 0.160146
vt 0.960051 0.250151
vt 0.956354 0.250151
vt 0.956354 0.229154
vt 0.960051 0.229154
vt 0.951409 0.087919
vt 0.940024 0.087919
vt 0.937319 0.057738
vt 0.951409 0.057738
vt 0.987737 0.024453
vt 0.973646 0.024258
vt 0.973653 0.003732
vt 0.987744 0.004167
vt 0.964885 0.225047
vt 0.954475 0.225047
vt 0.954468 0.209192
vt 0.964878 0.209192
vt 0.285965 0.199911
vt 0.271880 0.200321
vt 0.270874 0.166001
vt 0.284958 0.165590
vt 0.947940 0.206634
vt 0.936756 0.206634
vt 0.936934 0.189350
vt 0.948118 0.189350
vt 0.259606 0.005591
vt 0.286355 0.005591
vt 0.310870 0.099746
vt 0.282640 0.099760
vt 0.324363 0.099736
vt 0.302666 0.005589
vt 0.322604 0.005600
vt 0.340860 0.099728
vt 0.358792 0.099600
vt 0.344278 0.005493
vt 0.368754 0.005336
vt 0.379039 0.099457
vt 0.412442 0.099221
vt 0.409067 0.005048
vt 0.429590 0.004892
vt 0.429490 0.099100
vt 0.464675 0.099034
vt 0.472345 0.004768
vt 0.490928 0.004723
vt 0.480028 0.099007
vt 0.496514 0.098978
vt 0.510880 0.004676
vt 0.537756 0.004608
vt 0.518715 0.098943
vt 0.533679 0.098815
vt 0.555878 0.004448
vt 0.575512 0.004276
vt 0.549884 0.098677
vt 0.591902 0.004111
vt 0.569531 0.098511
vt 0.330796 0.327807
vt 0.307192 0.327822
vt 0.342080 0.327803
vt 0.355876 0.327800
vt 0.370871 0.327703
vt 0.387804 0.327593
vt 0.415734 0.327408
vt 0.429987 0.327306
vt 0.459399 0.327241
vt 0.472233 0.327210
vt 0.486014 0.327170
vt 0.504570 0.327118
vt 0.517077 0.326996
vt 0.530622 0.326869
vt 0.547042 0.326719
vt 0.984481 0.256927
vt 0.984273 0.276891
vt 0.970181 0.276891
vt 0.970389 0.258538
vt 0.950070 0.207572
vt 0.950061 0.189350
vt 0.964151 0.189350
vt 0.964162 0.207572
vt 0.449358 0.099063
vt 0.446596 0.327273
vt 0.453808 0.004818
vt 0.954560 0.183165
vt 0.954560 0.153703
vt 0.968650 0.153703
vt 0.968650 0.183599
vt 0.739214 0.088479
vt 0.737616 0.003126
vt 0.739502 0.280667
vt 0.740553 0.330208
vt 0.741655 0.381200
vt 0.742548 0.423084
vt 0.746116 0.597966
vt 0.398577 0.099318
vt 0.404142 0.327484
vt 0.392378 0.005171
vt 0.965121 0.252749
vt 0.965127 0.229154
vt 0.975743 0.229154
vt 0.975738 0.252749
vt 0.796977 0.088425
vt 0.798576 0.003101
vt 0.797259 0.280571
vt 0.796163 0.330387
vt 0.795059 0.381601
vt 0.794147 0.423290
vt 0.790506 0.595658
vt 0.978215 0.252786
vt 0.977686 0.229154
vt 0.986677 0.229154
vt 0.986677 0.252786
vt 0.934558 0.249359
vt 0.934756 0.229154
vt 0.948848 0.229154
vt 0.948648 0.249359
vt 0.954132 0.276485
vt 0.954148 0.256927
vt 0.968238 0.256927
vt 0.968224 0.276485
vt 0.980201 0.207707
vt 0.966109 0.207707
vt 0.966105 0.189350
vt 0.980196 0.189350
vt 0.987724 0.045023
vt 0.973632 0.045023
vt 0.973646 0.027969
vt 0.987737 0.028164
vt 0.199246 0.340365
vt 0.219793 0.340439
vt 0.219496 0.364382
vt 0.199119 0.364309
vt 0.198812 0.297619
vt 0.178266 0.297682
vt 0.178138 0.273738
vt 0.198515 0.273677
vt 0.215964 0.297542
vt 0.215497 0.273602
vt 0.235573 0.340766
vt 0.235106 0.364707
vt 0.971476 0.049915
vt 0.957385 0.050169
vt 0.956973 0.026229
vt 0.971065 0.025975
vt 0.180276 0.340297
vt 0.182484 0.364241
vt 0.159296 0.297741
vt 0.161504 0.273797
vt 0.952439 0.287143
vt 0.966530 0.287127
vt 0.966565 0.311071
vt 0.952474 0.311088
vt 0.974197 0.093025
vt 0.988289 0.093019
vt 0.988289 0.115261
vt 0.974197 0.115268
vt 0.219496 0.386624
vt 0.199119 0.386552
vt 0.178138 0.251496
vt 0.198515 0.251434
vt 0.215497 0.251360
vt 0.235106 0.386949
vt 0.956973 0.003986
vt 0.971065 0.003732
vt 0.986818 0.145532
vt 0.975634 0.145539
vt 0.216500 0.416895
vt 0.201800 0.416823
vt 0.967443 0.082685
vt 0.953352 0.082688
vt 0.954834 0.052417
vt 0.966018 0.052413
vt 0.180819 0.221225
vt 0.195520 0.221163
vt 0.154260 0.006600
vt 0.173723 0.006560
vt 0.173762 0.019463
vt 0.154299 0.019503
vt 0.193634 0.173530
vt 0.174171 0.173496
vt 0.174210 0.160592
vt 0.193673 0.160627
vt 0.194619 0.006516
vt 0.222762 0.006459
vt 0.223864 0.019362
vt 0.194659 0.019420
vt 0.986159 0.178196
vt 0.986174 0.161629
vt 0.997148 0.161653
vt 0.997134 0.178220
vt 0.242673 0.173617
vt 0.214530 0.173567
vt 0.214569 0.160664
vt 0.243775 0.160713
vt 0.957549 0.093019
vt 0.971640 0.093028
vt 0.971630 0.105931
vt 0.957538 0.105922
vt 0.134844 0.006640
vt 0.134883 0.019543
vt 0.154755 0.173462
vt 0.154794 0.160558
vt 0.173762 0.044035
vt 0.154299 0.044075
vt 0.174210 0.136021
vt 0.193673 0.136055
vt 0.189261 0.043992
vt 0.982599 0.303286
vt 0.968508 0.303277
vt 0.968508 0.278705
vt 0.982599 0.278713
vt 0.209172 0.136092
vt 0.971630 0.130503
vt 0.957538 0.130494
vt 0.136484 0.044115
vt 0.156395 0.135987
vt 0.173762 0.064997
vt 0.154299 0.065037
vt 0.231202 0.326202
vt 0.217111 0.326199
vt 0.217111 0.305237
vt 0.231202 0.305239
vt 0.174210 0.115058
vt 0.193673 0.115092
vt 0.971630 0.151466
vt 0.957538 0.151457
vt 0.138685 0.065077
vt 0.158596 0.115024
vt 0.940932 0.003732
vt 0.955023 0.003736
vt 0.953183 0.050927
vt 0.942774 0.050924
vt 0.170773 0.112189
vt 0.157288 0.112229
vt 0.218951 0.258045
vt 0.229360 0.258048
vt 0.177199 0.067867
vt 0.190684 0.067901
vt 0.228346 0.083709
vt 0.228330 0.104121
vt 0.215567 0.104129
vt 0.215583 0.083665
vt 0.292244 0.231639
vt 0.294571 0.256821
vt 0.278680 0.258336
vt 0.276347 0.233087
vt 0.228382 0.127622
vt 0.215619 0.127685
vt 0.952190 0.275695
vt 0.938098 0.275704
vt 0.938067 0.256936
vt 0.952158 0.256927
vt 0.289576 0.201929
vt 0.273672 0.203311
vt 0.228378 0.043823
vt 0.228359 0.067108
vt 0.215596 0.067063
vt 0.215615 0.043778
vt 0.296464 0.277304
vt 0.299144 0.306304
vt 0.283252 0.307819
vt 0.280572 0.278819
vt 0.209252 0.181269
vt 0.223343 0.181266
vt 0.223340 0.200034
vt 0.209249 0.200037
vt 0.204453 0.100083
vt 0.204471 0.083673
vt 0.938440 0.225624
vt 0.938426 0.209058
vt 0.952323 0.209058
vt 0.952337 0.225624
vt 0.264839 0.259597
vt 0.262966 0.239398
vt 0.204485 0.067071
vt 0.204503 0.043786
vt 0.269412 0.309080
vt 0.266732 0.280080
vt 0.223340 0.216373
vt 0.209249 0.216376
vt 0.200458 0.067073
vt 0.200476 0.043788
vt 0.264396 0.309537
vt 0.261716 0.280537
vt 0.223340 0.222295
vt 0.209249 0.222297
vt 0.200443 0.080708
vt 0.260161 0.263751
vt 0.183290 0.064875
vt 0.183311 0.046011
vt 0.998633 0.310798
vt 0.984541 0.310803
vt 0.986280 0.285559
vt 0.996896 0.285554
vt 0.242762 0.308733
vt 0.240584 0.285237
vt 0.221602 0.247538
vt 0.210985 0.247541
vt 0.258584 0.077575
vt 0.271860 0.077696
vt 0.266752 0.107458
vt 0.258290 0.107465
vt 0.231475 0.002128
vt 0.252393 0.002062
vt 0.252393 0.031968
vt 0.231475 0.032034
vt 0.594649 0.242872
vt 0.573730 0.242815
vt 0.573730 0.212916
vt 0.594649 0.212972
vt 0.178575 0.176087
vt 0.204246 0.176141
vt 0.204246 0.206047
vt 0.178575 0.205994
vt 0.984685 0.182860
vt 0.970593 0.182858
vt 0.970593 0.152952
vt 0.984685 0.152953
vt 0.180803 0.331490
vt 0.155132 0.331535
vt 0.155132 0.301630
vt 0.180803 0.301584
vt 0.155839 0.176186
vt 0.155838 0.205947
vt 0.132396 0.331560
vt 0.132396 0.301670
vt 0.266752 0.153745
vt 0.258290 0.153752
vt 0.252231 0.097475
vt 0.231457 0.078198
vt 0.573730 0.166664
vt 0.594504 0.147392
vt 0.175795 0.271625
vt 0.155693 0.271578
vt 0.999087 0.284068
vt 0.987700 0.284058
vt 0.987700 0.218427
vt 0.996692 0.218437
vt 0.132251 0.236039
vt 0.152353 0.235998
vt 0.259449 0.234045
vt 0.255752 0.234053
vt 0.250830 0.158453
vt 0.232970 0.158520
vt 0.148634 0.136119
vt 0.140177 0.135848
vt 0.139470 0.074842
vt 0.143166 0.074970
vt 0.575260 0.086369
vt 0.593119 0.086425
vt 0.232573 0.179019
vt 0.246665 0.178870
vt 0.247082 0.224044
vt 0.232991 0.224193
vt 0.133940 0.340297
vt 0.160791 0.340350
vt 0.160924 0.399562
vt 0.133997 0.385471
vt 0.584367 0.353810
vt 0.556329 0.353713
vt 0.556386 0.308539
vt 0.584501 0.294598
vt 0.177901 0.340441
vt 0.178110 0.399509
vt 0.955047 0.152094
vt 0.941771 0.152216
vt 0.941496 0.093019
vt 0.955587 0.093026
vt 0.601477 0.353840
vt 0.601687 0.294643
vt 0.245847 0.269291
vt 0.234192 0.269440
vt 0.158551 0.430771
vt 0.136170 0.430718
vt 0.983477 0.082864
vt 0.969385 0.082864
vt 0.970621 0.051656
vt 0.982276 0.051655
vt 0.558760 0.263293
vt 0.582127 0.263389
vt 0.257318 0.107474
vt 0.138205 0.201450
vt 0.137603 0.231335
vt 0.137237 0.201412
vt 0.254904 0.153726
vt 0.135785 0.135758
vt 0.252623 0.234021
vt 0.963176 0.229154
vt 0.963179 0.250151
vt 0.136345 0.074781
vt 0.150875 0.231622
vt 0.149057 0.201793
vt 0.151252 0.201714
vt 0.271339 0.107603
vt 0.150561 0.136156
vt 0.268679 0.153767
vt 0.148727 0.075096
vt 0.950790 0.250189
vt 0.950790 0.229192
vt 0.265012 0.234088
vt 0.006489 0.312360
vt 0.016791 0.311907
vt 0.053830 0.939259
vt 0.051380 0.939437
vt 0.027085 0.311543
vt 0.056278 0.939120
vt 0.037372 0.311269
vt 0.058726 0.939021
vt 0.047654 0.311084
vt 0.061177 0.938963
vt 0.057932 0.310988
vt 0.063634 0.938943
vt 0.068208 0.310980
vt 0.066089 0.938908
vt 0.078483 0.311062
vt 0.068535 0.938913
vt 0.088759 0.311232
vt 0.070975 0.938958
vt 0.099038 0.311492
vt 0.073412 0.939043
vt 0.109321 0.311840
vt 0.075848 0.939167
vt 0.119610 0.312278
vt 0.078289 0.939332
vt 0.129907 0.312806
vt 0.080737 0.939536
vt 0.006250 0.005547
vt 0.017129 0.005547
vt 0.027633 0.005574
vt 0.038137 0.005607
vt 0.048640 0.005647
vt 0.059144 0.005693
vt 0.069646 0.005746
vt 0.080148 0.005807
vt 0.090648 0.005875
vt 0.101148 0.005949
vt 0.111646 0.006031
vt 0.122141 0.006118
vt 0.132636 0.006209
vt 0.057642 0.945290
vt 0.072064 0.945320
vt 0.685586 0.088692
vt 0.660339 0.088793
vt 0.660617 0.280771
vt 0.685873 0.280745
vt 0.842241 0.088470
vt 0.819201 0.088450
vt 0.819487 0.280539
vt 0.842520 0.280505
vt 0.643320 0.088745
vt 0.624886 0.088691
vt 0.625157 0.280811
vt 0.643595 0.280791
vt 0.881415 0.088393
vt 0.862651 0.088489
vt 0.862919 0.280472
vt 0.881689 0.280446
vt 0.781201 0.088408
vt 0.761817 0.088385
vt 0.762100 0.280625
vt 0.781488 0.280592
vt 0.721797 0.088548
vt 0.704335 0.088618
vt 0.704626 0.280726
vt 0.722084 0.280692
vt 0.929161 0.280372
vt 0.929409 0.003000
vt 0.896777 0.088310
vt 0.897042 0.280426
vt 0.601967 0.003014
vt 0.602803 0.280839
vt 0.859087 0.330610
vt 0.876683 0.330665
vt 0.817572 0.330461
vt 0.839588 0.330540
vt 0.762307 0.330276
vt 0.780974 0.330336
vt 0.706975 0.330105
vt 0.723782 0.330153
vt 0.664960 0.329986
vt 0.689072 0.330053
vt 0.709408 0.380939
vt 0.725549 0.381070
vt 0.654311 0.003462
vt 0.680973 0.003340
vt 0.822037 0.003118
vt 0.846365 0.003128
vt 0.616900 0.003378
vt 0.636350 0.003425
vt 0.867926 0.002971
vt 0.887759 0.002868
vt 0.761295 0.003048
vt 0.781854 0.003081
vt 0.700773 0.003254
vt 0.719217 0.003188
vt 0.903979 0.002962
vt 0.952453 0.187619
vt 0.952618 0.160146
vt 0.940963 0.160146
vt 0.940798 0.186458
vt 0.960051 0.250151
vt 0.960051 0.229154
vt 0.956354 0.229154
vt 0.956354 0.250151
vt 0.951409 0.087919
vt 0.951409 0.057738
vt 0.937319 0.057738
vt 0.940024 0.087919
vt 0.987737 0.024453
vt 0.987744 0.004167
vt 0.973653 0.003732
vt 0.973646 0.024258
vt 0.964885 0.225047
vt 0.964878 0.209192
vt 0.954468 0.209192
vt 0.954475 0.225047
vt 0.285965 0.199911
vt 0.284958 0.165590
vt 0.270874 0.166001
vt 0.271880 0.200321
vt 0.947940 0.206634
vt 0.948118 0.189350
vt 0.936934 0.189350
vt 0.936756 0.206634
vt 0.259606 0.005591
vt 0.282640 0.099760
vt 0.310870 0.099746
vt 0.286355 0.005591
vt 0.324363 0.099736
vt 0.340860 0.099728
vt 0.322604 0.005600
vt 0.302666 0.005589
vt 0.358792 0.099600
vt 0.379039 0.099457
vt 0.368754 0.005336
vt 0.344278 0.005493
vt 0.412442 0.099221
vt 0.429490 0.099100
vt 0.429590 0.004892
vt 0.409067 0.005048
vt 0.464675 0.099034
vt 0.480028 0.099007
vt 0.490928 0.004723
vt 0.472345 0.004768
vt 0.496514 0.098978
vt 0.518715 0.098943
vt 0.537756 0.004608
vt 0.510880 0.004676
vt 0.533679 0.098815
vt 0.549884 0.098677
vt 0.575512 0.004276
vt 0.555878 0.004448
vt 0.569531 0.098511
vt 0.591902 0.004111
vt 0.307192 0.327822
vt 0.330796 0.327807
vt 0.342080 0.327803
vt 0.355876 0.327800
vt 0.370871 0.327703
vt 0.387804 0.327593
vt 0.415734 0.327408
vt 0.429987 0.327306
vt 0.459399 0.327241
vt 0.472233 0.327210
vt 0.486014 0.327170
vt 0.504570 0.327118
vt 0.517077 0.326996
vt 0.530622 0.326869
vt 0.547042 0.326719
vt 0.984481 0.256927
vt 0.970389 0.258538
vt 0.970181 0.276891
vt 0.984273 0.276891
vt 0.950070 0.207572
vt 0.964162 0.207572
vt 0.964151 0.189350
vt 0.950061 0.189350
vt 0.692370 0.380804
vt 0.446596 0.327273
vt 0.449358 0.099063
vt 0.453808 0.004818
vt 0.954560 0.183165
vt 0.968650 0.183599
vt 0.968650 0.153703
vt 0.954560 0.153703
vt 0.739214 0.088479
vt 0.737616 0.003126
vt 0.739502 0.280667
vt 0.740553 0.330208
vt 0.404142 0.327484
vt 0.398577 0.099318
vt 0.392378 0.005171
vt 0.965121 0.252749
vt 0.975738 0.252749
vt 0.975743 0.229154
vt 0.965127 0.229154
vt 0.796977 0.088425
vt 0.798576 0.003101
vt 0.797259 0.280571
vt 0.796163 0.330387
vt 0.978215 0.252786
vt 0.986677 0.252786
vt 0.986677 0.229154
vt 0.977686 0.229154
vt 0.934558 0.249359
vt 0.948648 0.249359
vt 0.948848 0.229154
vt 0.934756 0.229154
vt 0.891069 0.330712
vt 0.954132 0.276485
vt 0.968224 0.276485
vt 0.968238 0.256927
vt 0.954148 0.256927
vt 0.649095 0.329941
vt 0.980201 0.207707
vt 0.980196 0.189350
vt 0.966105 0.189350
vt 0.966109 0.207707
vt 0.987724 0.045023
vt 0.987737 0.028164
vt 0.973646 0.027969
vt 0.973632 0.045023
vt 0.199246 0.340365
vt 0.199119 0.364309
vt 0.219496 0.364382
vt 0.219793 0.340439
vt 0.198812 0.297619
vt 0.198515 0.273677
vt 0.178138 0.273738
vt 0.178266 0.297682
vt 0.215964 0.297542
vt 0.215497 0.273602
vt 0.235106 0.364707
vt 0.235573 0.340766
vt 0.971476 0.049915
vt 0.971065 0.025975
vt 0.956973 0.026229
vt 0.957385 0.050169
vt 0.180276 0.340297
vt 0.182484 0.364241
vt 0.161504 0.273797
vt 0.159296 0.297741
vt 0.952439 0.287143
vt 0.952474 0.311088
vt 0.966565 0.311071
vt 0.966530 0.287127
vt 0.974197 0.093025
vt 0.974197 0.115268
vt 0.988289 0.115261
vt 0.988289 0.093019
vt 0.199119 0.386552
vt 0.219496 0.386624
vt 0.198515 0.251434
vt 0.178138 0.251496
vt 0.215497 0.251360
vt 0.235106 0.386949
vt 0.971065 0.003732
vt 0.956973 0.003986
vt 0.975634 0.145539
vt 0.986818 0.145532
vt 0.201800 0.416823
vt 0.216500 0.416895
vt 0.967443 0.082685
vt 0.966018 0.052413
vt 0.954834 0.052417
vt 0.953352 0.082688
vt 0.195520 0.221163
vt 0.180819 0.221225
vt 0.154260 0.006600
vt 0.154299 0.019503
vt 0.173762 0.019463
vt 0.173723 0.006560
vt 0.193634 0.173530
vt 0.193673 0.160627
vt 0.174210 0.160592
vt 0.174171 0.173496
vt 0.194619 0.006516
vt 0.194659 0.019420
vt 0.223864 0.019362
vt 0.222762 0.006459
vt 0.986159 0.178196
vt 0.997134 0.178220
vt 0.997148 0.161653
vt 0.986174 0.161629
vt 0.242673 0.173617
vt 0.243775 0.160713
vt 0.214569 0.160664
vt 0.214530 0.173567
vt 0.957549 0.093019
vt 0.957538 0.105922
vt 0.971630 0.105931
vt 0.971640 0.093028
vt 0.134844 0.006640
vt 0.134883 0.019543
vt 0.154794 0.160558
vt 0.154755 0.173462
vt 0.154299 0.044075
vt 0.173762 0.044035
vt 0.193673 0.136055
vt 0.174210 0.136021
vt 0.189261 0.043992
vt 0.982599 0.303286
vt 0.982599 0.278713
vt 0.968508 0.278705
vt 0.968508 0.303277
vt 0.209172 0.136092
vt 0.957538 0.130494
vt 0.971630 0.130503
vt 0.136484 0.044115
vt 0.156395 0.135987
vt 0.154299 0.065037
vt 0.173762 0.064997
vt 0.231202 0.326202
vt 0.231202 0.305239
vt 0.217111 0.305237
vt 0.217111 0.326199
vt 0.193673 0.115092
vt 0.174210 0.115058
vt 0.957538 0.151457
vt 0.971630 0.151466
vt 0.138685 0.065077
vt 0.158596 0.115024
vt 0.940932 0.003732
vt 0.942774 0.050924
vt 0.953183 0.050927
vt 0.955023 0.003736
vt 0.157288 0.112229
vt 0.170773 0.112189
vt 0.229360 0.258048
vt 0.218951 0.258045
vt 0.190684 0.067901
vt 0.177199 0.067867
vt 0.228346 0.083709
vt 0.215583 0.083665
vt 0.215567 0.104129
vt 0.228330 0.104121
vt 0.292244 0.231639
vt 0.276347 0.233087
vt 0.278680 0.258336
vt 0.294571 0.256821
vt 0.215619 0.127685
vt 0.228382 0.127622
vt 0.952190 0.275695
vt 0.952158 0.256927
vt 0.938067 0.256936
vt 0.938098 0.275704
vt 0.289576 0.201929
vt 0.273672 0.203311
vt 0.228378 0.043823
vt 0.215615 0.043778
vt 0.215596 0.067063
vt 0.228359 0.067108
vt 0.296464 0.277304
vt 0.280572 0.278819
vt 0.283252 0.307819
vt 0.299144 0.306304
vt 0.209252 0.181269
vt 0.209249 0.200037
vt 0.223340 0.200034
vt 0.223343 0.181266
vt 0.204471 0.083673
vt 0.204453 0.100083
vt 0.938440 0.225624
vt 0.952337 0.225624
vt 0.952323 0.209058
vt 0.938426 0.209058
vt 0.262966 0.239398
vt 0.264839 0.259597
vt 0.204503 0.043786
vt 0.204485 0.067071
vt 0.266732 0.280080
vt 0.269412 0.309080
vt 0.209249 0.216376
vt 0.223340 0.216373
vt 0.200476 0.043788
vt 0.200458 0.067073
vt 0.261716 0.280537
vt 0.264396 0.309537
vt 0.209249 0.222297
vt 0.223340 0.222295
vt 0.200443 0.080708
vt 0.260161 0.263751
vt 0.183311 0.046011
vt 0.183290 0.064875
vt 0.998633 0.310798
vt 0.996896 0.285554
vt 0.986280 0.285559
vt 0.984541 0.310803
vt 0.240584 0.285237
vt 0.242762 0.308733
vt 0.210985 0.247541
vt 0.221602 0.247538
vt 0.258584 0.077575
vt 0.258290 0.107465
vt 0.266752 0.107458
vt 0.271860 0.077696
vt 0.231475 0.002128
vt 0.231475 0.032034
vt 0.252393 0.031968
vt 0.252393 0.002062
vt 0.594649 0.242872
vt 0.594649 0.212972
vt 0.573730 0.212916
vt 0.573730 0.242815
vt 0.178575 0.176087
vt 0.178575 0.205994
vt 0.204246 0.206047
vt 0.204246 0.176141
vt 0.984685 0.182860
vt 0.984685 0.152953
vt 0.970593 0.152952
vt 0.970593 0.182858
vt 0.180803 0.331490
vt 0.180803 0.301584
vt 0.155132 0.301630
vt 0.155132 0.331535
vt 0.155839 0.176186
vt 0.155838 0.205947
vt 0.132396 0.301670
vt 0.132396 0.331560
vt 0.258290 0.153752
vt 0.266752 0.153745
vt 0.231457 0.078198
vt 0.252231 0.097475
vt 0.594504 0.147392
vt 0.573730 0.166664
vt 0.155693 0.271578
vt 0.175795 0.271625
vt 0.999087 0.284068
vt 0.996692 0.218437
vt 0.987700 0.218427
vt 0.987700 0.284058
vt 0.152353 0.235998
vt 0.132251 0.236039
vt 0.255752 0.234053
vt 0.259449 0.234045
vt 0.232970 0.158520
vt 0.250830 0.158453
vt 0.148634 0.136119
vt 0.143166 0.074970
vt 0.139470 0.074842
vt 0.140177 0.135848
vt 0.593119 0.086425
vt 0.575260 0.086369
vt 0.232573 0.179019
vt 0.232991 0.224193
vt 0.247082 0.224044
vt 0.246665 0.178870
vt 0.133940 0.340297
vt 0.133997 0.385471
vt 0.160924 0.399562
vt 0.160791 0.340350
vt 0.584367 0.353810
vt 0.584501 0.294598
vt 0.556386 0.308539
vt 0.556329 0.353713
vt 0.178110 0.399509
vt 0.177901 0.340441
vt 0.955047 0.152094
vt 0.955587 0.093026
vt 0.941496 0.093019
vt 0.941771 0.152216
vt 0.601477 0.353840
vt 0.601687 0.294643
vt 0.234192 0.269440
vt 0.245847 0.269291
vt 0.136170 0.430718
vt 0.158551 0.430771
vt 0.983477 0.082864
vt 0.982276 0.051655
vt 0.970621 0.051656
vt 0.969385 0.082864
vt 0.582127 0.263389
vt 0.558760 0.263293
vt 0.257318 0.107474
vt 0.138205 0.201450
vt 0.137237 0.201412
vt 0.137603 0.231335
vt 0.254904 0.153726
vt 0.135785 0.135758
vt 0.252623 0.234021
vt 0.963179 0.250151
vt 0.963176 0.229154
vt 0.136345 0.074781
vt 0.150875 0.231622
vt 0.151252 0.201714
vt 0.149057 0.201793
vt 0.271339 0.107603
vt 0.150561 0.136156
vt 0.268679 0.153767
vt 0.148727 0.075096
vt 0.950790 0.229192
vt 0.950790 0.250189
vt 0.265012 0.234088
vt 0.719804 0.611870
vt 0.719400 0.629737
vt 0.679437 0.631179
vt 0.679903 0.610520
vt 0.906171 0.515281
vt 0.924999 0.523797
vt 0.906412 0.559205
vt 0.890129 0.551840
vt 0.960907 0.509857
vt 0.960693 0.532961
vt 0.937474 0.532746
vt 0.937688 0.509642
vt 0.884250 0.753968
vt 0.907465 0.754452
vt 0.906633 0.794364
vt 0.883418 0.793880
vt 0.825271 0.600213
vt 0.838464 0.624011
vt 0.787509 0.635688
vt 0.787135 0.611411
vt 0.860590 0.612348
vt 0.882317 0.623186
vt 0.849747 0.664076
vt 0.833998 0.641887
vt 0.886442 0.648813
vt 0.909657 0.649297
vt 0.908868 0.687162
vt 0.885653 0.686678
vt 0.877823 0.519617
vt 0.895455 0.534725
vt 0.870334 0.575852
vt 0.855598 0.559744
vt 0.784392 0.651724
vt 0.792541 0.671978
vt 0.744595 0.676838
vt 0.738600 0.654405
vt 0.936435 0.661070
vt 0.913220 0.660586
vt 0.914067 0.619977
vt 0.937282 0.620461
vt 0.902369 0.459956
vt 0.922774 0.468775
vt 0.673317 0.672942
vt 0.674192 0.650729
vt 0.935181 0.721257
vt 0.911966 0.720773
vt 0.922892 0.475835
vt 0.943001 0.484931
vt 0.636608 0.630598
vt 0.637106 0.608533
vt 0.905740 0.837186
vt 0.882525 0.836702
vt 0.758304 0.633688
vt 0.758764 0.613301
vt 0.908277 0.715478
vt 0.885063 0.714994
vt 0.874566 0.587585
vt 0.893146 0.595989
vt 0.940434 0.435226
vt 0.961591 0.444795
vt 0.592380 0.629997
vt 0.592904 0.606783
vt 0.904818 0.881406
vt 0.881603 0.880922
vt 0.887055 0.619414
vt 0.910270 0.619898
vt 0.915235 0.402881
vt 0.938282 0.405709
vt 0.609748 0.659643
vt 0.617167 0.637641
vt 0.933985 0.778595
vt 0.910770 0.778111
vt 0.719804 0.611870
vt 0.719400 0.629737
vt 0.679437 0.631179
vt 0.679903 0.610520
vt 0.906171 0.515281
vt 0.924999 0.523797
vt 0.906412 0.559205
vt 0.890129 0.551840
vt 0.960907 0.509857
vt 0.960693 0.532961
vt 0.937474 0.532746
vt 0.937688 0.509642
vt 0.884250 0.753968
vt 0.907465 0.754452
vt 0.906633 0.794364
vt 0.883418 0.793880
vt 0.825271 0.600213
vt 0.838464 0.624011
vt 0.787509 0.635688
vt 0.787135 0.611411
vt 0.860590 0.612348
vt 0.882317 0.623186
vt 0.849747 0.664076
vt 0.833998 0.641887
vt 0.886442 0.648813
vt 0.909657 0.649297
vt 0.908868 0.687162
vt 0.885653 0.686678
vt 0.877823 0.519617
vt 0.895455 0.534725
vt 0.870334 0.575852
vt 0.855598 0.559744
vt 0.784392 0.651724
vt 0.792541 0.671978
vt 0.744595 0.676838
vt 0.738600 0.654405
vt 0.936435 0.661070
vt 0.913220 0.660586
vt 0.914067 0.619977
vt 0.937282 0.620461
vt 0.902369 0.459956
vt 0.922774 0.468775
vt 0.673317 0.672942
vt 0.674192 0.650729
vt 0.935181 0.721257
vt 0.911966 0.720773
vt 0.922892 0.475835
vt 0.943001 0.484931
vt 0.636608 0.630598
vt 0.637106 0.608533
vt 0.905740 0.837186
vt 0.882525 0.836702
vt 0.758304 0.633688
vt 0.758764 0.613301
vt 0.908277 0.715478
vt 0.885063 0.714994
vt 0.874566 0.587585
vt 0.893146 0.595989
vt 0.940434 0.435226
vt 0.961591 0.444795
vt 0.592380 0.629997
vt 0.592904 0.606783
vt 0.904818 0.881406
vt 0.881603 0.880922
vt 0.887055 0.619414
vt 0.910270 0.619898
vt 0.915235 0.402881
vt 0.938282 0.405709
vt 0.609748 0.659643
vt 0.617167 0.637641
vt 0.933985 0.778595
vt 0.910770 0.778111
vt 0.719804 0.611870
vt 0.719400 0.629737
vt 0.679437 0.631179
vt 0.679903 0.610520
vt 0.906171 0.515281
vt 0.924999 0.523797
vt 0.906412 0.559205
vt 0.890129 0.551840
vt 0.960907 0.509857
vt 0.960693 0.532961
vt 0.937474 0.532746
vt 0.937688 0.509642
vt 0.884250 0.753968
vt 0.907465 0.754452
vt 0.906633 0.794364
vt 0.883418 0.793880
vt 0.825271 0.600213
vt 0.838464 0.624011
vt 0.787509 0.635688
vt 0.787135 0.611411
vt 0.860590 0.612348
vt 0.882317 0.623186
vt 0.849747 0.664076
vt 0.833998 0.641887
vt 0.886442 0.648813
vt 0.909657 0.649297
vt 0.908868 0.687162
vt 0.885653 0.686678
vt 0.877823 0.519617
vt 0.895455 0.534725
vt 0.870334 0.575852
vt 0.855598 0.559744
vt 0.784392 0.651724
vt 0.792541 0.671978
vt 0.744595 0.676838
vt 0.738600 0.654405
vt 0.936435 0.661070
vt 0.913220 0.660586
vt 0.914067 0.619977
vt 0.937282 0.620461
vt 0.902369 0.459956
vt 0.922774 0.468775
vt 0.673317 0.672942
vt 0.674192 0.650729
vt 0.935181 0.721257
vt 0.911966 0.720773
vt 0.922892 0.475835
vt 0.943001 0.484931
vt 0.636608 0.630598
vt 0.637106 0.608533
vt 0.905740 0.837186
vt 0.882525 0.836702
vt 0.758304 0.633688
vt 0.758764 0.613301
vt 0.908277 0.715478
vt 0.885063 0.714994
vt 0.874566 0.587585
vt 0.893146 0.595989
vt 0.940434 0.435226
vt 0.961591 0.444795
vt 0.592380 0.629997
vt 0.592904 0.606783
vt 0.904818 0.881406
vt 0.881603 0.880922
vt 0.887055 0.619414
vt 0.910270 0.619898
vt 0.915235 0.402881
vt 0.938282 0.405709
vt 0.609748 0.659643
vt 0.617167 0.637641
vt 0.933985 0.778595
vt 0.910770 0.778111
vt 0.972114 0.333242
vt 0.962907 0.324419
vt 0.964079 0.319459
vt 0.976214 0.331090
vt 0.970879 0.345965
vt 0.974586 0.347860
vt 0.960132 0.353007
vt 0.960421 0.357142
vt 0.947967 0.349064
vt 0.944385 0.351945
vt 0.943543 0.337107
vt 0.938554 0.336184
vt 0.950192 0.326139
vt 0.947319 0.321726
vt 0.965872 0.315510
vt 0.980936 0.329948
vt 0.978915 0.350766
vt 0.961332 0.362287
vt 0.941426 0.355837
vt 0.934187 0.336271
vt 0.945067 0.318324
vt 0.950146 0.402867
vt 0.941576 0.383843
vt 0.946641 0.384397
vt 0.953545 0.399722
vt 0.970441 0.407923
vt 0.969895 0.403796
vt 0.987179 0.395203
vt 0.983378 0.393549
vt 0.987755 0.374286
vt 0.983842 0.376699
vt 0.971736 0.360923
vt 0.970938 0.365934
vt 0.939176 0.337194
vt 0.947941 0.322737
vt 0.964701 0.320470
vt 0.950963 0.384027
vt 0.956201 0.395654
vt 0.968604 0.398744
vt 0.978833 0.390970
vt 0.979185 0.378187
vt 0.969395 0.370020
vt 0.954382 0.369360
vt 0.956835 0.372619
vt 0.605494 0.942476
vt 0.605429 0.946905
vt 0.445423 0.941318
vt 0.446009 0.938156
vt 0.605362 0.951358
vt 0.444676 0.944480
vt 0.605936 0.907191
vt 0.605890 0.911642
vt 0.445710 0.916009
vt 0.445036 0.912841
vt 0.605841 0.916070
vt 0.446225 0.919178
vt 0.605788 0.920479
vt 0.446581 0.922345
vt 0.605732 0.924878
vt 0.446781 0.925512
vt 0.605675 0.929271
vt 0.446823 0.928676
vt 0.605618 0.933664
vt 0.446709 0.931838
vt 0.605557 0.938063
vt 0.446437 0.934997
vt 0.775669 0.939463
vt 0.776196 0.942692
vt 0.776882 0.945924
vt 0.777285 0.913688
vt 0.776526 0.916914
vt 0.775928 0.920138
vt 0.775490 0.923364
vt 0.775213 0.926587
vt 0.775089 0.929807
vt 0.775124 0.933025
vt 0.775316 0.936243
vt 0.284214 0.928255
vt 0.928292 0.930255
vt 0.972114 0.333242
vt 0.962907 0.324419
vt 0.964079 0.319459
vt 0.976214 0.331090
vt 0.970879 0.345965
vt 0.974586 0.347860
vt 0.960132 0.353007
vt 0.960421 0.357142
vt 0.947967 0.349064
vt 0.944385 0.351945
vt 0.943543 0.337107
vt 0.938554 0.336184
vt 0.950192 0.326139
vt 0.947319 0.321726
vt 0.965872 0.315510
vt 0.980936 0.329948
vt 0.978915 0.350766
vt 0.961332 0.362287
vt 0.941426 0.355837
vt 0.934187 0.336271
vt 0.945067 0.318324
vt 0.950146 0.402867
vt 0.941576 0.383843
vt 0.946641 0.384397
vt 0.953545 0.399722
vt 0.970441 0.407923
vt 0.969895 0.403796
vt 0.987179 0.395203
vt 0.983378 0.393549
vt 0.987755 0.374286
vt 0.983842 0.376699
vt 0.971736 0.360923
vt 0.970938 0.365934
vt 0.939176 0.337194
vt 0.947941 0.322737
vt 0.964701 0.320470
vt 0.950963 0.384027
vt 0.956201 0.395654
vt 0.968604 0.398744
vt 0.978833 0.390970
vt 0.979185 0.378187
vt 0.969395 0.370020
vt 0.954382 0.369360
vt 0.956835 0.372619
vt 0.138320 0.593803
vt 0.186025 0.593803
vt 0.186025 0.628099
vt 0.138320 0.628099
vt 0.233731 0.593803
vt 0.233731 0.628099
vt 0.281436 0.593803
vt 0.281436 0.628099
vt 0.329141 0.593803
vt 0.329141 0.628099
vt 0.376846 0.593803
vt 0.376846 0.628099
vt 0.424552 0.593803
vt 0.424552 0.628099
vt 0.472257 0.593803
vt 0.472257 0.628099
vt 0.519962 0.593803
vt 0.519962 0.628099
vt 0.186025 0.662396
vt 0.138320 0.662396
vt 0.233731 0.662396
vt 0.281436 0.662396
vt 0.329141 0.662396
vt 0.376846 0.662396
vt 0.424552 0.662396
vt 0.472257 0.662396
vt 0.519962 0.662396
vt 0.186025 0.696693
vt 0.138320 0.696693
vt 0.233731 0.696693
vt 0.281436 0.696693
vt 0.329141 0.696693
vt 0.376846 0.696693
vt 0.424552 0.696693
vt 0.472257 0.696693
vt 0.519962 0.696693
vt 0.186025 0.730990
vt 0.138320 0.730990
vt 0.233731 0.730990
vt 0.281436 0.730990
vt 0.329141 0.730990
vt 0.376846 0.730990
vt 0.424552 0.730990
vt 0.472257 0.730990
vt 0.519962 0.730990
vt 0.186025 0.765286
vt 0.138320 0.765286
vt 0.233731 0.765286
vt 0.281436 0.765286
vt 0.329141 0.765286
vt 0.376846 0.765286
vt 0.424552 0.765286
vt 0.472257 0.765286
vt 0.519962 0.765286
vt 0.186025 0.799583
vt 0.138320 0.799583
vt 0.233731 0.799583
vt 0.281436 0.799583
vt 0.329141 0.799583
vt 0.376846 0.799583
vt 0.424552 0.799583
vt 0.472257 0.799583
vt 0.519962 0.799583
vt 0.186025 0.833880
vt 0.138320 0.833880
vt 0.233731 0.833880
vt 0.281436 0.833880
vt 0.329141 0.833880
vt 0.376846 0.833880
vt 0.424552 0.833880
vt 0.472257 0.833880
vt 0.519962 0.833880
vt 0.186025 0.868176
vt 0.138320 0.868176
vt 0.233731 0.868176
vt 0.281436 0.868176
vt 0.329141 0.868176
vt 0.376846 0.868176
vt 0.424552 0.868176
vt 0.472257 0.868176
vt 0.519962 0.868176
vt 0.138320 0.593803
vt 0.138320 0.628099
vt 0.186025 0.628099
vt 0.186025 0.593803
vt 0.233731 0.628099
vt 0.233731 0.593803
vt 0.281436 0.628099
vt 0.281436 0.593803
vt 0.329141 0.628099
vt 0.329141 0.593803
vt 0.376846 0.628099
vt 0.376846 0.593803
vt 0.424552 0.628099
vt 0.424552 0.593803
vt 0.472257 0.628099
vt 0.472257 0.593803
vt 0.519962 0.628099
vt 0.519962 0.593803
vt 0.138320 0.662396
vt 0.186025 0.662396
vt 0.233731 0.662396
vt 0.281436 0.662396
vt 0.329141 0.662396
vt 0.376846 0.662396
vt 0.424552 0.662396
vt 0.472257 0.662396
vt 0.519962 0.662396
vt 0.138320 0.696693
vt 0.186025 0.696693
vt 0.233731 0.696693
vt 0.281436 0.696693
vt 0.329141 0.696693
vt 0.376846 0.696693
vt 0.424552 0.696693
vt 0.472257 0.696693
vt 0.519962 0.696693
vt 0.138320 0.730990
vt 0.186025 0.730990
vt 0.233731 0.730990
vt 0.281436 0.730990
vt 0.329141 0.730990
vt 0.376846 0.730990
vt 0.424552 0.730990
vt 0.472257 0.730990
vt 0.519962 0.730990
vt 0.138320 0.765286
vt 0.186025 0.765286
vt 0.233731 0.765286
vt 0.281436 0.765286
vt 0.329141 0.765286
vt 0.376846 0.765286
vt 0.424552 0.765286
vt 0.472257 0.765286
vt 0.519962 0.765286
vt 0.138320 0.799583
vt 0.186025 0.799583
vt 0.233731 0.799583
vt 0.281436 0.799583
vt 0.329141 0.799583
vt 0.376846 0.799583
vt 0.424552 0.799583
vt 0.472257 0.799583
vt 0.519962 0.799583
vt 0.138320 0.833880
vt 0.186025 0.833880
vt 0.233731 0.833880
vt 0.281436 0.833880
vt 0.329141 0.833880
vt 0.376846 0.833880
vt 0.424552 0.833880
vt 0.472257 0.833880
vt 0.519962 0.833880
vt 0.138320 0.868176
vt 0.186025 0.868176
vt 0.233731 0.868176
vt 0.281436 0.868176
vt 0.329141 0.868176
vt 0.376846 0.868176
vt 0.424552 0.868176
vt 0.472257 0.868176
vt 0.519962 0.868176
vt 0.605494 0.942476
vt 0.605429 0.946905
vt 0.445423 0.941318
vt 0.446009 0.938156
vt 0.605362 0.951358
vt 0.444676 0.944480
vt 0.605936 0.907191
vt 0.605890 0.911642
vt 0.445710 0.916009
vt 0.445036 0.912841
vt 0.605841 0.916070
vt 0.446225 0.919178
vt 0.605788 0.920479
vt 0.446581 0.922345
vt 0.605732 0.924878
vt 0.446781 0.925512
vt 0.605675 0.929271
vt 0.446823 0.928676
vt 0.605618 0.933664
vt 0.446709 0.931838
vt 0.605557 0.938063
vt 0.446437 0.934997
vt 0.775669 0.939463
vt 0.776196 0.942692
vt 0.776882 0.945924
vt 0.777285 0.913688
vt 0.776526 0.916914
vt 0.775928 0.920138
vt 0.775490 0.923364
vt 0.775213 0.926587
vt 0.775089 0.929807
vt 0.775124 0.933025
vt 0.775316 0.936243
vt 0.284214 0.928255
vt 0.928292 0.930255
vt 0.972114 0.333242
vt 0.962907 0.324419
vt 0.964079 0.319459
vt 0.976214 0.331090
vt 0.970879 0.345965
vt 0.974586 0.347860
vt 0.960132 0.353007
vt 0.960421 0.357142
vt 0.947967 0.349064
vt 0.944385 0.351945
vt 0.943543 0.337107
vt 0.938554 0.336184
vt 0.950192 0.326139
vt 0.947319 0.321726
vt 0.965872 0.315510
vt 0.980936 0.329948
vt 0.978915 0.350766
vt 0.961332 0.362287
vt 0.941426 0.355837
vt 0.934187 0.336271
vt 0.945067 0.318324
vt 0.950146 0.402867
vt 0.941576 0.383843
vt 0.946641 0.384397
vt 0.953545 0.399722
vt 0.970441 0.407923
vt 0.969895 0.403796
vt 0.987179 0.395203
vt 0.983378 0.393549
vt 0.987755 0.374286
vt 0.983842 0.376699
vt 0.971736 0.360923
vt 0.970938 0.365934
vt 0.939176 0.337194
vt 0.947941 0.322737
vt 0.964701 0.320470
vt 0.950963 0.384027
vt 0.956201 0.395654
vt 0.968604 0.398744
vt 0.978833 0.390970
vt 0.979185 0.378187
vt 0.969395 0.370020
vt 0.954382 0.369360
vt 0.956835 0.372619
vt 0.972114 0.333242
vt 0.962907 0.324419
vt 0.964079 0.319459
vt 0.976214 0.331090
vt 0.970879 0.345965
vt 0.974586 0.347860
vt 0.960132 0.353007
vt 0.960421 0.357142
vt 0.947967 0.349064
vt 0.944385 0.351945
vt 0.943543 0.337107
vt 0.938554 0.336184
vt 0.950192 0.326139
vt 0.947319 0.321726
vt 0.965872 0.315510
vt 0.980936 0.329948
vt 0.978915 0.350766
vt 0.961332 0.362287
vt 0.941426 0.355837
vt 0.934187 0.336271
vt 0.945067 0.318324
vt 0.950146 0.402867
vt 0.941576 0.383843
vt 0.946641 0.384397
vt 0.953545 0.399722
vt 0.970441 0.407923
vt 0.969895 0.403796
vt 0.987179 0.395203
vt 0.983378 0.393549
vt 0.987755 0.374286
vt 0.983842 0.376699
vt 0.971736 0.360923
vt 0.970938 0.365934
vt 0.939176 0.337194
vt 0.947941 0.322737
vt 0.964701 0.320470
vt 0.950963 0.384027
vt 0.956201 0.395654
vt 0.968604 0.398744
vt 0.978833 0.390970
vt 0.979185 0.378187
vt 0.969395 0.370020
vt 0.954382 0.369360
vt 0.956835 0.372619
vt 0.719804 0.611870
vt 0.679903 0.610520
vt 0.679437 0.631179
vt 0.719400 0.629737
vt 0.906171 0.515281
vt 0.890129 0.551840
vt 0.906412 0.559205
vt 0.924999 0.523797
vt 0.960907 0.509857
vt 0.937688 0.509642
vt 0.937474 0.532746
vt 0.960693 0.532961
vt 0.884250 0.753968
vt 0.883418 0.793880
vt 0.906633 0.794364
vt 0.907465 0.754452
vt 0.825271 0.600213
vt 0.787135 0.611411
vt 0.787509 0.635688
vt 0.838464 0.624011
vt 0.860590 0.612348
vt 0.833998 0.641887
vt 0.849747 0.664076
vt 0.882317 0.623186
vt 0.886442 0.648813
vt 0.885653 0.686678
vt 0.908868 0.687162
vt 0.909657 0.649297
vt 0.877823 0.519617
vt 0.855598 0.559744
vt 0.870334 0.575852
vt 0.895455 0.534725
vt 0.784392 0.651724
vt 0.738600 0.654405
vt 0.744595 0.676838
vt 0.792541 0.671978
vt 0.936435 0.661070
vt 0.937282 0.620461
vt 0.914067 0.619977
vt 0.913220 0.660586
vt 0.902369 0.459956
vt 0.922774 0.468775
vt 0.674192 0.650729
vt 0.673317 0.672942
vt 0.935181 0.721257
vt 0.911966 0.720773
vt 0.922892 0.475835
vt 0.943001 0.484931
vt 0.637106 0.608533
vt 0.636608 0.630598
vt 0.882525 0.836702
vt 0.905740 0.837186
vt 0.758764 0.613301
vt 0.758304 0.633688
vt 0.885063 0.714994
vt 0.908277 0.715478
vt 0.874566 0.587585
vt 0.893146 0.595989
vt 0.940434 0.435226
vt 0.961591 0.444795
vt 0.592904 0.606783
vt 0.592380 0.629997
vt 0.881603 0.880922
vt 0.904818 0.881406
vt 0.887055 0.619414
vt 0.910270 0.619898
vt 0.915235 0.402881
vt 0.938282 0.405709
vt 0.617167 0.637641
vt 0.609748 0.659643
vt 0.933985 0.778595
vt 0.910770 0.778111
vt 0.719804 0.611870
vt 0.679903 0.610520
vt 0.679437 0.631179
vt 0.719400 0.629737
vt 0.906171 0.515281
vt 0.890129 0.551840
vt 0.906412 0.559205
vt 0.924999 0.523797
vt 0.960907 0.509857
vt 0.937688 0.509642
vt 0.937474 0.532746
vt 0.960693 0.532961
vt 0.884250 0.753968
vt 0.883418 0.793880
vt 0.906633 0.794364
vt 0.907465 0.754452
vt 0.825271 0.600213
vt 0.787135 0.611411
vt 0.787509 0.635688
vt 0.838464 0.624011
vt 0.860590 0.612348
vt 0.833998 0.641887
vt 0.849747 0.664076
vt 0.882317 0.623186
vt 0.886442 0.648813
vt 0.885653 0.686678
vt 0.908868 0.687162
vt 0.909657 0.649297
vt 0.877823 0.519617
vt 0.855598 0.559744
vt 0.870334 0.575852
vt 0.895455 0.534725
vt 0.784392 0.651724
vt 0.738600 0.654405
vt 0.744595 0.676838
vt 0.792541 0.671978
vt 0.936435 0.661070
vt 0.937282 0.620461
vt 0.914067 0.619977
vt 0.913220 0.660586
vt 0.902369 0.459956
vt 0.922774 0.468775
vt 0.674192 0.650729
vt 0.673317 0.672942
vt 0.935181 0.721257
vt 0.911966 0.720773
vt 0.922892 0.475835
vt 0.943001 0.484931
vt 0.637106 0.608533
vt 0.636608 0.630598
vt 0.882525 0.836702
vt 0.905740 0.837186
vt 0.758764 0.613301
vt 0.758304 0.633688
vt 0.885063 0.714994
vt 0.908277 0.715478
vt 0.874566 0.587585
vt 0.893146 0.595989
vt 0.940434 0.435226
vt 0.961591 0.444795
vt 0.592904 0.606783
vt 0.592380 0.629997
vt 0.881603 0.880922
vt 0.904818 0.881406
vt 0.887055 0.619414
vt 0.910270 0.619898
vt 0.915235 0.402881
vt 0.938282 0.405709
vt 0.617167 0.637641
vt 0.609748 0.659643
vt 0.933985 0.778595
vt 0.910770 0.778111
vt 0.719804 0.611870
vt 0.679903 0.610520
vt 0.679437 0.631179
vt 0.719400 0.629737
vt 0.906171 0.515281
vt 0.890129 0.551840
vt 0.906412 0.559205
vt 0.924999 0.523797
vt 0.960907 0.509857
vt 0.937688 0.509642
vt 0.937474 0.532746
vt 0.960693 0.532961
vt 0.884250 0.753968
vt 0.883418 0.793880
vt 0.906633 0.794364
vt 0.907465 0.754452
vt 0.825271 0.600213
vt 0.787135 0.611411
vt 0.787509 0.635688
vt 0.838464 0.624011
vt 0.860590 0.612348
vt 0.833998 0.641887
vt 0.849747 0.664076
vt 0.882317 0.623186
vt 0.886442 0.648813
vt 0.885653 0.686678
vt 0.908868 0.687162
vt 0.909657 0.649297
vt 0.877823 0.519617
vt 0.855598 0.559744
vt 0.870334 0.575852
vt 0.895455 0.534725
vt 0.784392 0.651724
vt 0.738600 0.654405
vt 0.744595 0.676838
vt 0.792541 0.671978
vt 0.936435 0.661070
vt 0.937282 0.620461
vt 0.914067 0.619977
vt 0.913220 0.660586
vt 0.902369 0.459956
vt 0.922774 0.468775
vt 0.674192 0.650729
vt 0.673317 0.672942
vt 0.935181 0.721257
vt 0.911966 0.720773
vt 0.922892 0.475835
vt 0.943001 0.484931
vt 0.637106 0.608533
vt 0.636608 0.630598
vt 0.882525 0.836702
vt 0.905740 0.837186
vt 0.758764 0.613301
vt 0.758304 0.633688
vt 0.885063 0.714994
vt 0.908277 0.715478
vt 0.874566 0.587585
vt 0.893146 0.595989
vt 0.940434 0.435226
vt 0.961591 0.444795
vt 0.592904 0.606783
vt 0.592380 0.629997
vt 0.881603 0.880922
vt 0.904818 0.881406
vt 0.887055 0.619414
vt 0.910270 0.619898
vt 0.915235 0.402881
vt 0.938282 0.405709
vt 0.617167 0.637641
vt 0.609748 0.659643
vt 0.933985 0.778595
vt 0.910770 0.778111
vn -0.000000 0.000000 -1.000000
vn -0.000000 0.000000 -1.000000
vn 0.000000 0.000000 -1.000000
vn 0.000000 0.000000 -1.000000
vn -0.000000 0.000000 1.000000
vn -0.000000 0.000000 1.000000
vn 0.000000 0.000000 1.000000
vn 0.000000 0.000000 1.000000
vn 0.000000 -1.000000 0.000000
vn 0.000000 -1.000000 0.000000
vn 0.022337 -0.999750 0.000000
vn 0.022337 -0.999750 0.000000
vn -0.022682 -0.999743 0.000000
vn -0.022682 -0.999743 0.000000
vn -0.000000 0.000000 1.000000
vn -0.000000 0.000000 1.000000
vn -0.000000 0.000000 -1.000000
vn -0.000000 0.000000 -1.000000
vn 0.000000 0.000000 -1.000000
vn 0.000000 0.000000 -1.000000
vn 0.000000 0.000000 -1.000000
vn 0.000000 0.000000 -1.000000
vn 0.000000 0.000000 1.000000
vn 0.000000 0.000000 1.000000
vn 0.000000 0.000000 1.000000
vn 0.000000 0.000000 1.000000
vn 0.000000 -1.000000 0.000000
vn 0.000000 -1.000000 0.000000
vn 0.022337 -0.999750 0.000000
vn 0.022337 -0.999750 0.000000
vn -0.022682 -0.999743 0.000000
vn -0.022682 -0.999743 0.000000
vn 0.000000 0.000000 1.000000
vn 0.000000 0.000000 1.000000
vn 0.000000 0.000000 -1.000000
vn 0.000000 0.000000 -1.000000
vn -0.000000 0.000000 -1.000000
vn -0.000000 0.000000 -1.000000
vn -0.000000 0.000000 -1.000000
vn -0.000000 0.000000 -1.000000
vn -0.000000 0.000000 1.000000
vn -0.000000 0.000000 1.000000
vn -0.000000 0.000000 1.000000
vn -0.000000 0.000000 1.000000
vn 0.000000 -1.000000 0.000000
vn 0.000000 -1.000000 0.000000
vn 0.022337 -0.999750 0.000000
vn 0.022337 -0.999750 0.000000
vn -0.022682 -0.999743 0.000000
vn -0.022682 -0.999743 0.000000
vn 0.000000 0.000000 1.000000
vn 0.000000 0.000000 1.000000
vn 0.000000 0.000000 -1.000000
vn 0.000000 0.000000 -1.000000
vn 0.000000 -0.647653 -0.761936
vn 0.000000 -0.558727 -0.829352
vn 0.000000 -0.558727 -0.829352
vn 0.000000 -0.647653 -0.761936
vn 0.000000 0.119586 0.992824
vn 0.000000 0.119586 0.992824
vn 0.000000 0.119586 0.992824
vn 0.000000 0.119586 0.992824
vn 1.000000 0.000000 0.000000
vn 1.000000 0.000000 0.000000
vn 1.000000 0.000000 0.000000
vn 1.000000 0.000000 0.000000
vn -1.000000 0.000000 0.000000
vn -1.000000 -0.000000 0.000000
vn -1.000000 -0.000000 0.000000
vn -1.000000 0.000000 0.000000
vn 0.000000 -0.822855 -0.568251
vn 0.000000 -0.747393 -0.664383
vn 0.000000 -0.747393 -0.664383
vn 0.000000 -0.822855 -0.568251
vn 1.000000 -0.000000 -0.000000
vn 1.000000 -0.000000 0.000000
vn 1.000000 0.000000 0.000000
vn 1.000000 -0.000000 0.000000
vn -1.000000 -0.000000 0.000000
vn -1.000000 -0.000000 0.000000
vn -1.000000 -0.000000 0.000000
vn -1.000000 -0.000000 -0.000000
vn 1.000000 -0.000000 0.000000
vn 1.000000 -0.000000 -0.000000
vn 1.000000 -0.000000 -0.000000
vn 1.000000 -0.000000 -0.000000
vn 0.000000 -0.882466 -0.470376
vn 0.000000 -0.893682 -0.448702
vn 0.000000 -0.893682 -0.448702
vn 0.000000 -0.882466 -0.470376
vn -1.000000 0.000000 -0.000000
vn -1.000000 0.000000 -0.000000
vn -1.000000 0.000000 -0.000000
vn -1.000000 -0.000000 0.000000
vn 1.000000 -0.000000 0.000000
vn 1.000000 -0.000000 0.000000
vn 1.000000 -0.000000 0.000000
vn 1.000000 -0.000000 0.000000
vn 0.000000 -0.966372 -0.257149
vn 0.000000 -0.966372 -0.257149
vn 0.000000 -0.966372 -0.257149
vn 0.000000 -0.966372 -0.257149
vn -1.000000 -0.000000 0.000000
vn -1.000000 -0.000000 0.000000
vn -1.000000 -0.000000 0.000000
vn -1.000000 -0.000000 0.000000
vn 1.000000 -0.000000 0.000000
vn 1.000000 -0.000000 0.000000
vn 1.000000 -0.000000 0.000000
vn 1.000000 -0.000000 0.000000
vn 0.000000 -1.000000 -0.000000
vn 0.000000 -1.000000 -0.000000
vn 0.000000 -1.000000 -0.000000
vn 0.000000 -1.000000 -0.000000
vn -1.000000 -0.000000 0.000000
vn -1.000000 -0.000000 0.000000
vn -1.000000 -0.000000 0.000000
vn -1.000000 -0.000000 0.000000
vn 1.000000 -0.000000 0.000000
vn 1.000000 -0.000000 0.000000
vn 1.000000 -0.000000 0.000000
vn 1.000000 -0.000000 0.000000
vn 0.000000 -1.000000 0.000001
vn 0.000000 -1.000000 0.000001
vn 0.000000 -1.000000 0.000001
vn 0.000000 -1.000000 0.000001
vn -1.000000 -0.000000 0.000000
vn -1.000000 -0.000000 0.000000
vn -1.000000 -0.000000 0.000000
vn -1.000000 -0.000000 0.000000
vn 0.000000 -0.185727 -0.982601
vn 0.000000 0.098902 -0.995097
vn 0.000000 0.098902 -0.995097
vn 0.000000 -0.185727 -0.982601
vn 1.000000 0.000000 0.000000
vn 1.000000 0.000000 0.000000
vn 1.000000 0.000000 0.000000
vn 1.000000 0.000000 0.000000
vn -1.000000 -0.000000 0.000000
vn -1.000000 0.000000 0.000000
vn -1.000000 0.000000 0.000000
vn -1.000000 -0.000000 0.000000
vn 0.000000 -0.854485 -0.519476
vn 0.000000 -0.854485 -0.519475
vn 1.000000 -0.000000 0.000000
vn 1.000000 -0.000000 -0.000000
vn -1.000000 0.000000 -0.000000
vn -1.000000 -0.000000 0.000000
vn 0.000000 1.000000 0.000000
vn 0.000000 1.000000 -0.000000
vn 0.000000 1.000000 0.000000
vn 0.000000 1.000000 0.000000
vn 0.000000 1.000000 0.000000
vn 0.000000 1.000000 -0.000000
vn 0.000000 1.000000 -0.000000
vn 0.000000 1.000000 0.000000
vn 0.000000 1.000000 0.000000
vn 0.000000 1.000000 0.000000
vn 0.000000 1.000000 0.000000
vn 0.000000 1.000000 0.000000
vn 0.000000 1.000000 0.000000
vn 0.000000 1.000000 -0.000000
vn 0.000000 1.000000 0.000000
vn 0.000000 1.000000 0.000000
vn 0.000000 1.000000 0.000000
vn 0.000000 1.000000 -0.000000
vn 0.000000 1.000000 -0.000000
vn 0.000000 1.000000 0.000000
vn 0.000000 1.000000 0.000000
vn 0.000000 1.000000 -0.000000
vn 0.000000 1.000000 -0.000000
vn 0.000000 1.000000 0.000000
vn 0.000000 1.000000 0.000000
vn 0.000000 1.000000 0.000000
vn 0.000000 1.000000 -0.000000
vn 0.000000 1.000000 -0.000000
vn 0.000000 1.000000 0.000000
vn 0.000000 1.000000 0.000000
vn 0.000000 1.000000 0.000000
vn 0.000000 1.000000 0.000000
vn 0.000000 1.000000 0.000000
vn 0.000000 1.000000 0.000000
vn 0.000000 1.000000 0.000000
vn 0.000000 1.000000 -0.000000
vn 0.000000 1.000000 -0.000000
vn 0.000000 1.000000 -0.000000
vn 0.000000 1.000000 -0.000000
vn 0.000000 1.000000 -0.000000
vn 0.000000 1.000000 -0.000000
vn 0.000000 1.000000 0.000000
vn 0.000000 1.000000 0.000000
vn 0.000000 1.000000 -0.000000
vn 0.000000 1.000000 -0.000000
vn 0.000000 1.000000 -0.000000
vn 0.000000 1.000000 0.000000
vn 0.000000 1.000000 0.000000
vn 0.000000 1.000000 0.000000
vn 0.000000 1.000000 0.000000
vn 0.000000 1.000000 0.000000
vn 0.000000 1.000000 -0.000000
vn 0.000000 1.000000 -0.000000
vn 0.000000 1.000000 -0.000000
vn 0.000000 1.000000 0.000000
vn 0.000000 1.000000 0.000000
vn 0.000000 1.000000 -0.000000
vn 0.000000 1.000000 0.000000
vn 0.000000 1.000000 0.000000
vn 0.000000 1.000000 0.000000
vn 0.000000 1.000000 0.000000
vn 0.000000 1.000000 0.000000
vn 0.000000 1.000000 0.000000
vn 0.000000 1.000000 -0.000000
vn 0.000000 1.000000 -0.000000
vn 0.000000 1.000000 0.000000
vn 0.000000 1.000000 -0.000000
vn 0.000000 1.000000 -0.000000
vn 0.000000 1.000000 -0.000000
vn 0.000000 1.000000 -0.000000
vn 0.000000 1.000000 -0.000000
vn 0.000000 1.000000 -0.000000
vn 0.000000 1.000000 -0.000000
vn 0.000000 1.000000 0.000000
vn 0.000000 1.000000 0.000000
vn 0.000000 1.000000 0.000000
vn 0.000000 1.000000 -0.000000
vn 0.000000 1.000000 0.000000
vn 0.000000 1.000000 -0.000000
vn 0.000000 1.000000 -0.000000
vn 0.000000 1.000000 -0.000000
vn 0.000000 1.000000 0.000000
vn 0.000000 1.000000 0.000000
vn 0.000000 1.000000 0.000000
vn 0.000000 1.000000 -0.000000
vn 0.000000 1.000000 -0.000000
vn 0.000000 1.000000 0.000000
vn 0.000000 1.000000 -0.000000
vn 0.000000 1.000000 -0.000000
vn 0.000000 1.000000 -0.000000
vn 0.000017 1.000000 -0.000170
vn 0.000025 1.000000 -0.000125
vn 0.000000 1.000000 0.000000
vn 0.000000 1.000000 0.000000
vn 0.000000 1.000000 -0.000000
vn 0.005430 0.999985 0.001026
vn 0.005081 0.999987 0.000960
vn 0.000000 1.000000 -0.000000
vn -0.001697 0.999997 0.001799
vn -0.000736 1.000000 0.000288
vn 0.000000 1.000000 -0.000000
vn 0.000000 1.000000 0.000000
vn -0.000022 0.999985 0.005482
vn -0.010642 0.999941 0.002059
vn -0.006319 0.999968 0.004826
vn -0.000022 0.999985 0.005482
vn -0.000016 1.000000 0.000250
vn -0.000052 1.000000 0.000194
vn 0.000000 1.000000 -0.000000
vn 0.000000 1.000000 0.000000
vn 0.000037 1.000000 -0.000038
vn 0.000027 1.000000 0.000041
vn 0.000000 1.000000 -0.000000
vn 0.000000 1.000000 -0.000000
vn -0.009654 0.999952 -0.001519
vn -0.003299 0.999990 -0.003010
vn 0.000000 1.000000 0.000000
vn -0.002721 0.999987 0.004396
vn 0.000000 1.000000 -0.000000
vn -0.001241 0.008418 0.999964
vn -0.001241 0.008418 0.999964
vn -0.001241 0.008418 0.999964
vn -0.001241 0.008418 0.999964
vn -0.004321 0.004273 0.999982
vn -0.004521 -0.004314 0.999981
vn -0.004520 -0.004286 0.999981
vn -0.004321 0.004273 0.999982
vn 0.002456 0.000636 0.999997
vn 0.002456 0.000636 0.999997
vn 0.002456 0.000636 0.999997
vn 0.002456 0.000636 0.999997
vn 0.003016 -0.001202 0.999995
vn 0.003016 -0.001202 0.999995
vn 0.003016 -0.001202 0.999995
vn 0.003016 -0.001202 0.999995
vn -0.003475 -0.000086 0.999994
vn -0.003475 -0.000086 0.999994
vn -0.003475 -0.000086 0.999994
vn -0.003475 -0.000086 0.999994
vn -0.002318 0.001175 0.999997
vn -0.002318 0.001175 0.999997
vn -0.002318 0.001175 0.999997
vn -0.002318 0.001175 0.999997
vn 0.005703 0.000184 0.999984
vn 0.005703 0.000184 0.999984
vn 0.005703 0.000184 0.999984
vn 0.005703 0.000184 0.999984
vn 0.002083 -0.999996 0.001998
vn -0.000785 -0.999998 0.001636
vn -0.000000 -1.000000 0.000001
vn -0.000000 -1.000000 0.000001
vn -0.003417 -0.999989 0.003117
vn -0.004115 -0.999989 0.002237
vn -0.000046 -0.999996 0.002840
vn -0.000046 -0.999996 0.002840
vn 0.002857 -0.999996 0.000116
vn 0.003485 -0.999994 0.000142
vn 0.000000 -1.000000 0.000001
vn 0.000000 -1.000000 0.000001
vn 0.000000 -1.000000 0.000001
vn 0.000051 -1.000000 -0.000189
vn 0.000015 -1.000000 -0.000244
vn 0.000000 -1.000000 0.000001
vn -0.000000 -1.000000 0.000001
vn -0.000026 -1.000000 -0.000039
vn -0.000036 -1.000000 0.000038
vn -0.000000 -1.000000 0.000001
vn -0.000000 -1.000000 0.000001
vn -0.000024 -1.000000 0.000122
vn -0.000018 -1.000000 0.000181
vn -0.000000 -1.000000 0.000001
vn 0.000000 -1.000000 0.000001
vn 0.000720 -1.000000 -0.000281
vn 0.001265 -0.999998 -0.001408
vn 0.000000 -1.000000 0.000001
vn 0.001405 -0.999996 -0.002389
vn 0.000000 -1.000000 0.000001
vn 0.000000 -1.000000 0.000001
vn -0.000000 -1.000000 0.000001
vn -0.000000 -1.000000 0.000001
vn -0.000000 -1.000000 0.000001
vn -0.000000 -1.000000 0.000001
vn -0.000000 -1.000000 0.000001
vn -0.000000 -1.000000 0.000001
vn -0.000000 -1.000000 0.000001
vn -0.000000 -1.000000 0.000001
vn 0.000000 -1.000000 0.000001
vn 0.000000 -1.000000 0.000001
vn 0.000000 -1.000000 0.000001
vn 0.000000 -1.000000 0.000001
vn 0.000000 -1.000000 0.000001
vn 0.000000 -1.000000 0.000001
vn 0.000000 -1.000000 0.000001
vn 0.000000 -1.000000 0.000001
vn -0.000000 -1.000000 0.000001
vn -0.000000 -1.000000 0.000001
vn -0.000000 -1.000000 0.000001
vn -0.000000 -1.000000 0.000001
vn -0.000000 -1.000000 0.000001
vn -0.000000 -1.000000 0.000001
vn -0.000000 -1.000000 0.000001
vn -0.000000 -1.000000 0.000001
vn 0.000000 -1.000000 0.000001
vn 0.000000 -1.000000 0.000001
vn 0.000000 -1.000000 0.000001
vn 0.000000 -1.000000 0.000001
vn 0.000000 -1.000000 0.000001
vn 0.000000 -1.000000 0.000001
vn 0.000000 -1.000000 0.000001
vn 0.000000 -1.000000 0.000001
vn 0.015613 -0.012942 0.999794
vn 0.015613 -0.012942 0.999794
vn 0.015613 -0.012942 0.999794
vn 0.015613 -0.012942 0.999794
vn -0.000000 -1.000000 0.000001
vn -0.000000 -1.000000 0.000001
vn -0.000000 -1.000000 0.000001
vn -0.003242 0.000492 0.999995
vn -0.003242 0.000492 0.999995
vn -0.003242 0.000492 0.999995
vn -0.003242 0.000492 0.999995
vn 0.000000 1.000000 0.000000
vn -0.000000 -1.000000 0.000001
vn -0.000000 -1.000000 0.000001
vn -0.000000 -1.000000 0.000001
vn -0.000000 -1.000000 0.000001
vn -0.000006 -1.000000 -0.000180
vn -0.000000 -1.000000 0.000001
vn -0.000000 -1.000000 0.000001
vn -0.002403 -0.001247 0.999996
vn -0.002403 -0.001247 0.999996
vn -0.002403 -0.001247 0.999996
vn -0.002403 -0.001247 0.999996
vn 0.000000 1.000000 0.000000
vn 0.000006 1.000000 0.000183
vn 0.000000 1.000000 0.000000
vn 0.000000 1.000000 0.000000
vn 0.000000 1.000000 0.000000
vn 0.000000 1.000000 0.000000
vn 0.000000 1.000000 -0.000000
vn 0.000000 1.000000 -0.000000
vn 0.000000 1.000000 0.000000
vn 0.000000 -1.000000 0.000001
vn 0.000000 -1.000000 0.000001
vn 0.000000 -1.000000 0.000001
vn 0.000000 -1.000000 0.000001
vn 0.000030 -1.000000 -0.000058
vn 0.000048 -1.000000 -0.000091
vn 0.000000 -1.000000 0.000001
vn 0.000000 -1.000000 0.000001
vn 0.002992 -0.000165 0.999996
vn 0.002992 -0.000165 0.999996
vn 0.002992 -0.000165 0.999996
vn 0.002992 -0.000165 0.999996
vn 0.000000 1.000000 -0.000000
vn -0.000049 1.000000 0.000094
vn -0.000030 1.000000 0.000058
vn 0.000000 1.000000 0.000000
vn 0.000000 1.000000 0.000000
vn 0.000000 1.000000 0.000000
vn 0.000000 1.000000 0.000000
vn 0.000000 1.000000 0.000000
vn 0.000000 1.000000 0.000000
vn 0.000000 1.000000 0.000000
vn 0.000000 -1.000000 0.000001
vn 0.000000 -1.000000 0.000001
vn 0.006745 -0.999977 0.000273
vn 0.006745 -0.999977 0.000273
vn 0.002768 0.002015 0.999994
vn 0.002768 0.002015 0.999994
vn 0.002768 0.002015 0.999994
vn 0.002768 0.002015 0.999994
vn 0.011169 0.999935 0.002110
vn 0.011169 0.999935 0.002110
vn -0.000000 -1.000000 0.000001
vn -0.000000 -1.000000 0.000001
vn -0.008929 -0.999954 0.003571
vn -0.003645 0.000324 0.999993
vn -0.003645 0.000324 0.999993
vn -0.003645 0.000324 0.999993
vn -0.003645 0.000324 0.999993
vn -0.014839 0.999882 0.003938
vn 0.000000 -1.000000 0.000001
vn 0.000000 -1.000000 0.000001
vn 0.000086 -1.000000 0.000185
vn 0.000000 -1.000000 0.000001
vn 0.004812 0.001104 0.999988
vn 0.004812 0.001104 0.999988
vn 0.004812 0.001104 0.999988
vn 0.004812 0.001104 0.999988
vn -0.000093 1.000000 -0.000200
vn 0.000000 1.000000 -0.000000
vn -0.002998 -0.000600 0.999995
vn -0.002998 -0.000600 0.999995
vn -0.002998 -0.000600 0.999995
vn -0.002998 -0.000600 0.999995
vn 0.002946 -0.000698 0.999995
vn 0.002946 -0.000698 0.999995
vn 0.002946 -0.000698 0.999995
vn 0.002946 -0.000698 0.999995
vn -0.005541 0.999967 0.005895
vn -0.002953 0.999995 0.001154
vn 0.002953 -0.999995 -0.001153
vn 0.005419 -0.999967 -0.006012
vn 0.005725 -0.999936 -0.009741
vn -0.006031 0.999934 0.009744
vn -0.994682 0.101625 0.016711
vn -0.994682 0.101625 0.016711
vn -0.994682 0.101625 0.016711
vn -0.994682 0.101625 0.016711
vn -0.000412 1.000000 -0.000880
vn 0.000411 -1.000000 0.000880
vn 0.997333 0.000122 0.072988
vn 0.997333 0.000122 0.072988
vn 0.997333 0.000122 0.072988
vn 0.997333 0.000122 0.072988
vn 1.000000 0.000007 0.000000
vn 1.000000 0.000007 0.000000
vn 0.999270 0.000036 0.038193
vn 0.999269 0.000036 0.038232
vn -0.010394 0.999946 0.000000
vn -0.010394 0.999946 0.000000
vn -0.010524 0.999763 0.019043
vn -0.010523 0.999764 0.018983
vn 0.010395 -0.999946 0.000000
vn 0.010395 -0.999946 0.000000
vn 0.010707 -0.999760 0.019103
vn 0.010707 -0.999760 0.019138
vn 0.011617 -0.999933 0.000000
vn 0.011617 -0.999933 0.000000
vn 0.011617 -0.999933 0.000000
vn 0.011617 -0.999933 0.000000
vn -0.012640 0.999920 0.000000
vn -0.012640 0.999920 0.000000
vn -0.012640 0.999920 0.000000
vn -0.012640 0.999920 0.000000
vn -0.994781 0.102036 0.000000
vn -0.994781 0.102036 0.000000
vn -0.994781 0.102036 0.000000
vn -0.994781 0.102036 0.000000
vn 0.997538 0.000060 0.070133
vn 0.997538 0.000060 0.070133
vn -0.010637 0.999294 0.036032
vn -0.010637 0.999294 0.036032
vn -0.996930 -0.000044 0.078296
vn -0.996930 -0.000044 0.078296
vn -0.996930 -0.000044 0.078296
vn -0.996930 -0.000044 0.078296
vn 0.010983 -0.999283 0.036235
vn 0.010983 -0.999283 0.036235
vn 0.000236 1.000000 -0.000241
vn 0.000170 1.000000 0.000265
vn -0.000170 -1.000000 -0.000264
vn -0.000235 -1.000000 0.000241
vn 0.000099 1.000000 -0.000999
vn 0.000159 1.000000 -0.000798
vn -0.997710 -0.000113 -0.067635
vn -0.997710 -0.000113 -0.067635
vn -0.997710 -0.000113 -0.067635
vn -0.997710 -0.000113 -0.067635
vn -0.000159 -1.000000 0.000798
vn -0.000099 -1.000000 0.001000
vn 0.999997 -0.000000 0.002408
vn 0.999997 -0.000000 0.002408
vn 0.999997 -0.000000 0.002408
vn 0.999997 -0.000000 0.002408
vn 0.000111 1.000000 0.000470
vn -0.000111 -1.000000 -0.000467
vn 0.000459 1.000000 0.000000
vn 0.000459 1.000000 0.000000
vn 0.000459 1.000000 0.000000
vn 0.000459 1.000000 0.000000
vn -0.000455 -1.000000 0.000000
vn -0.000455 -1.000000 0.000000
vn -0.000455 -1.000000 0.000000
vn -0.000455 -1.000000 0.000000
vn 0.000552 1.000000 -0.000048
vn 0.000552 1.000000 -0.000048
vn 0.000552 1.000000 -0.000048
vn 0.000552 1.000000 -0.000048
vn -0.985137 0.000129 0.171772
vn -0.985137 0.000129 0.171772
vn -0.985137 0.000129 0.171772
vn -0.985137 0.000129 0.171772
vn -0.000553 -1.000000 0.000048
vn -0.000553 -1.000000 0.000048
vn -0.000553 -1.000000 0.000048
vn -0.000553 -1.000000 0.000048
vn 0.998666 -0.000043 0.051641
vn 0.998666 -0.000043 0.051641
vn 0.998666 -0.000043 0.051641
vn 0.998666 -0.000043 0.051641
vn 0.000235 1.000000 0.000006
vn 0.000235 1.000000 0.000006
vn 0.000235 1.000000 0.000006
vn 0.000235 1.000000 0.000006
vn -0.000235 -1.000000 -0.000006
vn -0.000235 -1.000000 -0.000006
vn -0.000235 -1.000000 -0.000006
vn -0.000235 -1.000000 -0.000006
vn 0.000459 1.000000 0.000000
vn 0.000459 1.000000 0.000000
vn 0.000459 1.000000 0.000000
vn 0.000459 1.000000 0.000000
vn -1.000000 -0.000004 0.000000
vn -1.000000 -0.000004 0.000000
vn -1.000000 -0.000004 0.000000
vn -1.000000 -0.000004 0.000000
vn -0.000455 -1.000000 0.000000
vn -0.000455 -1.000000 0.000000
vn -0.000455 -1.000000 0.000000
vn -0.000455 -1.000000 0.000000
vn 0.996544 -0.000071 0.083068
vn 0.996544 -0.000071 0.083068
vn 0.996544 -0.000071 0.083068
vn 0.996544 -0.000071 0.083068
vn 0.000261 1.000000 0.000011
vn 0.000261 1.000000 0.000011
vn 0.000261 1.000000 0.000011
vn 0.000261 1.000000 0.000011
vn -0.000261 -1.000000 -0.000011
vn -0.000261 -1.000000 -0.000011
vn -0.000261 -1.000000 -0.000011
vn -0.000261 -1.000000 -0.000011
vn 0.998739 -0.000016 0.050208
vn 0.998739 -0.000016 0.050208
vn 0.998739 -0.000016 0.050208
vn 0.998739 -0.000016 0.050208
vn 0.000381 0.999569 0.029358
vn 0.000381 0.999569 0.029358
vn 0.000381 0.999569 0.029358
vn 0.000381 0.999569 0.029358
vn -0.998739 0.000007 0.050208
vn -0.998739 0.000007 0.050208
vn -0.998739 0.000007 0.050208
vn -0.998739 0.000007 0.050208
vn -0.000545 -0.999569 0.029359
vn -0.000545 -0.999569 0.029359
vn -0.000545 -0.999569 0.029359
vn -0.000545 -0.999569 0.029359
vn -0.000073 0.999999 0.001173
vn -0.000243 1.000000 0.000913
vn 0.000246 -1.000000 -0.000913
vn 0.000073 -0.999999 -0.001174
vn -0.000010 0.999999 0.001240
vn -0.999997 0.000000 -0.002408
vn -0.999997 0.000000 -0.002408
vn -0.999997 0.000000 -0.002408
vn -0.999997 0.000000 -0.002408
vn 0.000010 -0.999999 -0.001240
vn -0.000232 1.000000 0.000444
vn -0.000138 1.000000 0.000270
vn 0.000138 -1.000000 -0.000269
vn 0.000233 -1.000000 -0.000442
vn 0.999997 -0.000005 -0.002423
vn 0.999997 -0.000005 -0.002423
vn 0.999997 -0.000005 -0.002423
vn 0.999997 -0.000005 -0.002423
vn -0.000330 1.000000 0.000034
vn -0.000330 1.000000 0.000034
vn -0.000330 1.000000 0.000034
vn -0.000330 1.000000 0.000034
vn -0.978376 -0.027386 0.205013
vn -0.978376 -0.027385 0.205013
vn -0.978376 -0.027386 0.205013
vn -0.978376 -0.027385 0.205013
vn 0.000332 -1.000000 -0.000035
vn 0.000332 -1.000000 -0.000035
vn 0.000332 -1.000000 -0.000035
vn 0.000332 -1.000000 -0.000035
vn -0.000278 1.000000 0.000000
vn -0.000278 1.000000 0.000000
vn -0.000278 1.000000 0.000000
vn -0.000278 1.000000 0.000000
vn 0.000276 -1.000000 0.000000
vn 0.000276 -1.000000 0.000000
vn 0.000276 -1.000000 0.000000
vn 0.000276 -1.000000 0.000000
vn 1.000000 -0.000004 0.000000
vn 1.000000 -0.000004 0.000000
vn 1.000000 -0.000004 0.000000
vn 1.000000 -0.000004 0.000000
vn -0.000729 1.000000 0.000000
vn -0.000729 1.000000 0.000000
vn -0.000729 1.000000 0.000000
vn -0.000729 1.000000 0.000000
vn 0.000737 -1.000000 0.000000
vn 0.000737 -1.000000 0.000000
vn 0.000737 -1.000000 0.000000
vn 0.000737 -1.000000 0.000000
vn -0.000278 1.000000 0.000000
vn -0.000278 1.000000 0.000000
vn -0.000278 1.000000 0.000000
vn -0.000278 1.000000 0.000000
vn 0.000276 -1.000000 0.000000
vn 0.000276 -1.000000 0.000000
vn 0.000276 -1.000000 0.000000
vn 0.000276 -1.000000 0.000000
vn 1.000000 -0.000004 0.000000
vn 1.000000 -0.000004 0.000000
vn 1.000000 -0.000004 0.000000
vn 1.000000 -0.000004 0.000000
vn -0.000800 1.000000 0.000169
vn -0.000800 1.000000 0.000169
vn -0.000800 1.000000 0.000169
vn -0.000800 1.000000 0.000169
vn -0.920863 -0.011799 0.389707
vn -0.920863 -0.011799 0.389707
vn -0.920863 -0.011799 0.389707
vn -0.920863 -0.011799 0.389707
vn 0.000810 -1.000000 -0.000171
vn 0.000810 -1.000000 -0.000171
vn 0.000810 -1.000000 -0.000171
vn 0.000810 -1.000000 -0.000171
vn -0.000120 0.998660 0.051751
vn -0.000120 0.998660 0.051751
vn -0.000120 0.998660 0.051751
vn -0.000120 0.998660 0.051751
vn -0.997279 -0.000037 0.073726
vn -0.997279 -0.000037 0.073726
vn -0.997279 -0.000037 0.073726
vn -0.997279 -0.000037 0.073726
vn 0.000395 -0.998660 0.051752
vn 0.000395 -0.998660 0.051752
vn 0.000395 -0.998660 0.051752
vn 0.000395 -0.998660 0.051752
vn 0.997279 0.000015 0.073726
vn 0.997279 0.000015 0.073726
vn 0.997279 0.000015 0.073726
vn 0.997279 0.000015 0.073726
vn 1.000000 0.000024 -0.000008
vn 1.000000 0.000027 -0.000008
vn 1.000000 -0.000379 -0.000034
vn 1.000000 0.000024 -0.000008
vn -0.000052 0.999914 0.013129
vn -0.000052 0.999914 0.013129
vn -0.000052 0.999914 0.013129
vn -0.000052 0.999914 0.013129
vn 0.000009 -0.999493 -0.031852
vn 0.000009 -0.999493 -0.031852
vn 0.000009 -0.999493 -0.031852
vn 0.000009 -0.999493 -0.031852
vn 0.049972 0.998172 0.033990
vn 0.049972 0.998172 0.033990
vn 0.049972 0.998172 0.033990
vn 0.049972 0.998172 0.033990
vn -1.000000 0.000004 0.000000
vn -1.000000 0.000004 0.000000
vn -1.000000 0.000004 0.000000
vn -1.000000 0.000004 0.000000
vn 0.000000 -1.000000 0.000000
vn 0.000000 -1.000000 0.000000
vn 0.000000 -1.000000 0.000000
vn 0.000000 -1.000000 0.000000
vn 0.021781 0.997434 0.068200
vn 0.021781 0.997434 0.068200
vn 0.021781 0.997434 0.068200
vn 0.021781 0.997434 0.068200
vn 0.006153 -0.999974 -0.003718
vn 0.006153 -0.999974 -0.003718
vn 0.006153 -0.999974 -0.003718
vn 0.006153 -0.999974 -0.003718
vn 1.000000 -0.000013 0.000000
vn 0.999960 -0.001983 0.008767
vn 1.000000 -0.000013 0.000000
vn 0.020785 0.999143 0.035806
vn 0.020785 0.999143 0.035806
vn 0.020785 0.999143 0.035806
vn 0.020785 0.999143 0.035806
vn -0.000002 -0.999228 -0.039277
vn -0.000002 -0.999228 -0.039277
vn -0.000002 -0.999228 -0.039277
vn -0.000002 -0.999228 -0.039277
vn 0.023528 0.999357 0.027044
vn 0.023528 0.999357 0.027044
vn 0.023528 0.999357 0.027044
vn 0.023528 0.999357 0.027044
vn -0.999435 0.000050 0.033600
vn -0.999435 0.000050 0.033600
vn -0.999435 0.000050 0.033600
vn -0.999435 0.000050 0.033600
vn 0.000000 -1.000000 0.000000
vn 0.000000 -1.000000 0.000000
vn 0.000000 -1.000000 0.000000
vn 0.000000 -1.000000 0.000000
vn 0.999886 0.000010 0.015118
vn 0.999885 -0.002589 0.014954
vn 0.999886 0.000010 0.015118
vn 0.024470 0.998937 0.039061
vn 0.024470 0.998937 0.039061
vn 0.024470 0.998937 0.039061
vn 0.024470 0.998937 0.039061
vn -0.999879 0.003025 0.015237
vn -0.999837 0.000079 0.018033
vn -0.999837 0.000079 0.018033
vn -0.999831 0.002466 0.018232
vn 0.012769 -0.999740 -0.018918
vn 0.012769 -0.999740 -0.018918
vn 0.012769 -0.999740 -0.018918
vn 0.012769 -0.999740 -0.018918
vn 0.996078 0.088484 0.000385
vn 0.996078 0.088484 0.000385
vn 0.996078 0.088484 0.000385
vn 0.996078 0.088484 0.000385
vn -0.013009 0.999904 -0.004747
vn -0.005038 0.999977 -0.004597
vn 0.004793 -0.999978 0.004597
vn 0.000954 -0.999998 0.002026
vn -0.019938 0.999789 -0.004878
vn -0.999996 -0.000005 -0.002814
vn -0.999996 -0.000005 -0.002814
vn -0.999996 -0.000005 -0.002814
vn -0.999996 -0.000005 -0.002814
vn -0.002614 -0.999997 -0.000363
vn 0.995221 0.089210 0.039712
vn 0.995221 0.089210 0.039712
vn 0.995221 0.089210 0.039712
vn 0.995221 0.089210 0.039712
vn 0.001666 0.999711 0.023984
vn 0.001666 0.999711 0.023984
vn 0.001666 0.999711 0.023984
vn 0.001666 0.999711 0.023984
vn -0.998183 0.000006 0.060255
vn -0.998183 0.000006 0.060255
vn -0.998183 0.000006 0.060255
vn -0.998183 0.000006 0.060255
vn 0.014831 -0.999602 0.023986
vn 0.014831 -0.999602 0.023986
vn 0.014831 -0.999602 0.023986
vn 0.014831 -0.999602 0.023986
vn 1.000000 0.000000 0.000000
vn 1.000000 0.000000 0.000000
vn 1.000000 0.000000 0.000000
vn -1.000000 -0.000005 0.000000
vn -1.000000 -0.000005 0.000000
vn -1.000000 -0.000005 0.000000
vn 1.000000 0.000001 0.000000
vn 1.000000 0.000001 0.000000
vn 1.000000 0.000001 0.000000
vn 1.000000 0.000001 0.000000
vn -0.999999 -0.000013 0.001752
vn -0.999999 -0.000013 0.001752
vn -0.999999 -0.000013 0.001752
vn -0.999999 -0.000013 0.001752
vn 0.999886 -0.000181 0.015114
vn 0.999886 -0.000181 0.015114
vn 0.999886 -0.000181 0.015114
vn 0.999886 -0.000181 0.015114
vn -0.003990 -0.013642 0.999899
vn -0.003990 -0.013642 0.999899
vn -0.003990 -0.013642 0.999899
vn -0.003990 -0.013642 0.999899
vn -0.999838 -0.000234 0.018021
vn -0.999838 -0.000234 0.018021
vn -0.999838 -0.000234 0.018021
vn -0.999838 -0.000234 0.018021
vn -1.000000 -0.000348 -0.000005
vn -0.999994 0.003081 0.001570
vn -0.999994 0.003171 0.001612
vn 0.999999 -0.001717 -0.000140
vn -0.999908 0.005719 0.012298
vn 0.999938 -0.005597 0.009602
vn -0.999804 0.006793 0.018593
vn -0.004652 -0.009998 0.999939
vn -0.004652 -0.009998 0.999939
vn 0.999867 -0.007165 0.014665
vn 0.858784 0.041478 -0.510655
vn 0.488079 0.043413 -0.871719
vn 0.487724 0.055425 -0.871237
vn 0.858406 0.053413 -0.510182
vn -0.013446 0.037266 -0.999215
vn -0.013791 0.049032 -0.998702
vn -0.511463 0.024682 -0.858951
vn -0.511742 0.035945 -0.858387
vn -0.872536 0.009033 -0.488466
vn -0.872660 0.019673 -0.487932
vn -0.999900 -0.005489 0.013044
vn -0.999899 0.004575 0.013446
vn -0.859344 -0.014993 0.511179
vn -0.859323 -0.005305 0.511407
vn -0.488521 -0.016929 0.872388
vn -0.488649 -0.007317 0.872450
vn 0.013188 -0.010778 0.999855
vn 0.012872 -0.000923 0.999917
vn 0.511269 0.001810 0.859419
vn 0.510824 0.012163 0.859599
vn 0.872227 0.017460 0.488790
vn 0.871736 0.028435 0.489150
vn 0.999408 0.031980 -0.012693
vn 0.998977 0.043534 -0.012239
vn 0.859237 0.027577 -0.510833
vn 0.488299 0.029423 -0.872180
vn -0.013574 0.023556 -0.999630
vn -0.511754 0.011551 -0.859054
vn -0.872688 -0.003371 -0.488267
vn -0.999764 -0.017210 0.013251
vn -0.859093 -0.026262 0.511145
vn -0.488426 -0.028106 0.872153
vn 0.013017 -0.022248 0.999668
vn 0.511035 -0.010255 0.859499
vn 0.872242 0.004664 0.489053
vn 0.999750 0.018512 -0.012532
vn 0.465954 0.746968 -0.474262
vn 0.465954 0.746968 -0.474262
vn 0.465954 0.746968 -0.474262
vn 0.155210 0.746122 -0.647466
vn 0.155210 0.746122 -0.647466
vn 0.155210 0.746122 -0.647466
vn -0.199895 0.742371 -0.639474
vn -0.199895 0.742371 -0.639474
vn -0.199895 0.742371 -0.639474
vn -0.500137 0.736775 -0.455001
vn -0.500137 0.736775 -0.455001
vn -0.500137 0.736775 -0.455001
vn -0.666500 0.730829 -0.147193
vn -0.666500 0.730829 -0.147193
vn -0.666500 0.730829 -0.147193
vn -0.657755 0.726126 0.200251
vn -0.657755 0.726126 0.200251
vn -0.657755 0.726126 0.200251
vn -0.479397 0.723907 0.496122
vn -0.479397 0.723907 0.496122
vn -0.479397 0.723907 0.496122
vn -0.178420 0.724730 0.665532
vn -0.178420 0.724730 0.665532
vn -0.178420 0.724730 0.665532
vn 0.168080 0.728381 0.664237
vn 0.168080 0.728381 0.664237
vn 0.168080 0.728381 0.664237
vn 0.470137 0.733926 0.490229
vn 0.470137 0.733926 0.490229
vn 0.470137 0.733926 0.490229
vn 0.646369 0.739885 0.186488
vn 0.646369 0.739885 0.186488
vn 0.646369 0.739885 0.186488
vn 0.646002 0.744688 -0.167697
vn 0.646002 0.744688 -0.167697
vn 0.646002 0.744688 -0.167697
vn 0.000000 1.000000 0.000000
vn 0.000000 1.000000 0.000000
vn 0.000000 1.000000 0.000000
vn 0.000000 1.000000 -0.000000
vn 0.000000 1.000000 0.000000
vn 0.000000 1.000000 0.000000
vn 0.000000 1.000000 0.000000
vn 0.000000 1.000000 0.000000
vn 0.000000 1.000000 -0.000000
vn 0.000000 1.000000 -0.000000
vn 0.000000 1.000000 -0.000000
vn 0.000000 1.000000 0.000000
vn 0.000000 1.000000 0.000000
vn 0.000000 1.000000 0.000000
vn 0.000000 1.000000 0.000000
vn 0.000000 1.000000 0.000000
vn 0.000000 1.000000 0.000000
vn 0.000000 1.000000 0.000000
vn 0.000000 1.000000 -0.000000
vn 0.000000 1.000000 -0.000000
vn 0.000000 1.000000 0.000000
vn 0.000000 1.000000 0.000000
vn 0.000000 1.000000 0.000000
vn 0.000000 1.000000 0.000000
vn 0.000000 1.000000 -0.000000
vn 0.000000 1.000000 -0.000000
vn 0.000000 1.000000 -0.000000
vn 0.000000 1.000000 0.000000
vn 0.000000 1.000000 0.000000
vn 0.000000 1.000000 0.000000
vn 0.000000 1.000000 0.000000
vn 0.000000 1.000000 0.000000
vn 0.000000 1.000000 0.000000
vn 0.000000 1.000000 0.000000
vn 0.000000 1.000000 -0.000000
vn 0.000000 1.000000 -0.000000
vn 0.000000 1.000000 0.000000
vn 0.000000 1.000000 0.000000
vn 0.000000 1.000000 0.000000
vn 0.000000 1.000000 -0.000000
vn 0.000000 1.000000 -0.000000
vn 0.000000 1.000000 0.000000
vn -0.000017 1.000000 -0.000170
vn 0.000000 1.000000 0.000000
vn 0.000000 1.000000 0.000000
vn -0.000025 1.000000 -0.000125
vn 0.000000 1.000000 0.000000
vn 0.000000 1.000000 0.000000
vn -0.005081 0.999987 0.000960
vn -0.005430 0.999985 0.001026
vn 0.001697 0.999997 0.001799
vn 0.000000 1.000000 0.000000
vn 0.000000 1.000000 0.000000
vn 0.000736 1.000000 0.000288
vn 0.000022 0.999985 0.005482
vn 0.000022 0.999985 0.005482
vn 0.006319 0.999968 0.004826
vn 0.010642 0.999941 0.002059
vn 0.000016 1.000000 0.000250
vn 0.000000 1.000000 0.000000
vn 0.000000 1.000000 0.000000
vn 0.000052 1.000000 0.000194
vn -0.000037 1.000000 -0.000038
vn 0.000000 1.000000 0.000000
vn 0.000000 1.000000 0.000000
vn -0.000027 1.000000 0.000041
vn 0.009654 0.999952 -0.001519
vn 0.000000 1.000000 0.000000
vn 0.003299 0.999990 -0.003010
vn 0.002721 0.999987 0.004397
vn 0.000000 1.000000 0.000000
vn 0.001242 0.008418 0.999964
vn 0.001242 0.008418 0.999964
vn 0.001242 0.008418 0.999964
vn 0.001242 0.008418 0.999964
vn 0.004321 0.004274 0.999982
vn 0.004321 0.004274 0.999982
vn 0.004520 -0.004286 0.999981
vn 0.004521 -0.004314 0.999981
vn -0.002456 0.000636 0.999997
vn -0.002456 0.000636 0.999997
vn -0.002456 0.000636 0.999997
vn -0.002456 0.000636 0.999997
vn -0.003016 -0.001202 0.999995
vn -0.003016 -0.001202 0.999995
vn -0.003016 -0.001202 0.999995
vn -0.003016 -0.001202 0.999995
vn 0.003476 -0.000086 0.999994
vn 0.003476 -0.000086 0.999994
vn 0.003476 -0.000086 0.999994
vn 0.003476 -0.000086 0.999994
vn 0.002318 0.001175 0.999997
vn 0.002318 0.001175 0.999997
vn 0.002318 0.001175 0.999997
vn 0.002318 0.001175 0.999997
vn -0.005703 0.000184 0.999984
vn -0.005703 0.000184 0.999984
vn -0.005703 0.000184 0.999984
vn -0.005703 0.000184 0.999984
vn -0.002083 -0.999996 0.001998
vn 0.000000 -1.000000 0.000001
vn 0.000000 -1.000000 0.000001
vn 0.000785 -0.999998 0.001636
vn 0.003417 -0.999989 0.003117
vn 0.000046 -0.999996 0.002840
vn 0.000046 -0.999996 0.002840
vn 0.004115 -0.999989 0.002237
vn -0.002857 -0.999996 0.000116
vn -0.000000 -1.000000 0.000001
vn -0.000000 -1.000000 0.000001
vn -0.003485 -0.999994 0.000142
vn -0.000000 -1.000000 0.000001
vn -0.000000 -1.000000 0.000001
vn -0.000015 -1.000000 -0.000244
vn -0.000051 -1.000000 -0.000189
vn 0.000000 -1.000000 0.000001
vn 0.000000 -1.000000 0.000001
vn 0.000036 -1.000000 0.000038
vn 0.000026 -1.000000 -0.000039
vn 0.000000 -1.000000 0.000001
vn 0.000000 -1.000000 0.000001
vn 0.000018 -1.000000 0.000181
vn 0.000024 -1.000000 0.000122
vn -0.000000 -1.000000 0.000001
vn -0.000000 -1.000000 0.000001
vn -0.001265 -0.999998 -0.001407
vn -0.000720 -1.000000 -0.000280
vn -0.000000 -1.000000 0.000001
vn -0.000000 -1.000000 0.000001
vn -0.001405 -0.999996 -0.002389
vn 0.000000 -1.000000 0.000001
vn 0.000000 -1.000000 0.000001
vn 0.000000 -1.000000 0.000001
vn 0.000000 -1.000000 0.000001
vn 0.000000 -1.000000 0.000000
vn 0.000000 -1.000000 0.000000
vn 0.000000 -1.000000 0.000000
vn 0.000000 -1.000000 0.000000
vn -0.000000 -1.000000 0.000001
vn -0.000000 -1.000000 0.000001
vn -0.000000 -1.000000 0.000001
vn -0.000000 -1.000000 0.000001
vn -0.000000 -1.000000 0.000001
vn -0.000000 -1.000000 0.000001
vn -0.000000 -1.000000 0.000001
vn -0.000000 -1.000000 0.000001
vn 0.000000 -1.000000 0.000001
vn 0.000000 -1.000000 0.000001
vn 0.000000 -1.000000 0.000001
vn 0.000000 -1.000000 0.000001
vn 0.000000 -1.000000 0.000001
vn 0.000000 -1.000000 0.000001
vn 0.000000 -1.000000 0.000001
vn 0.000000 -1.000000 0.000001
vn -0.000000 -1.000000 0.000001
vn -0.000000 -1.000000 0.000001
vn -0.000000 -1.000000 0.000001
vn -0.000000 -1.000000 0.000001
vn -0.000000 -1.000000 0.000001
vn -0.000000 -1.000000 0.000001
vn -0.000000 -1.000000 0.000001
vn -0.000000 -1.000000 0.000001
vn -0.015613 -0.012943 0.999794
vn -0.015613 -0.012943 0.999794
vn -0.015613 -0.012943 0.999794
vn -0.015613 -0.012943 0.999794
vn 0.000000 -1.000000 0.000001
vn 0.000000 -1.000000 0.000001
vn 0.000000 -1.000000 0.000001
vn 0.003242 0.000492 0.999995
vn 0.003242 0.000492 0.999995
vn 0.003242 0.000492 0.999995
vn 0.003242 0.000492 0.999995
vn 0.000000 1.000000 0.000000
vn 0.000000 1.000000 -0.000000
vn 0.000000 -1.000000 0.000001
vn 0.000000 -1.000000 0.000001
vn 0.000000 -1.000000 0.000001
vn 0.000000 -1.000000 0.000001
vn 0.000000 -1.000000 0.000001
vn 0.000000 -1.000000 0.000001
vn 0.000006 -1.000000 -0.000180
vn 0.002403 -0.001247 0.999996
vn 0.002403 -0.001247 0.999996
vn 0.002403 -0.001247 0.999996
vn 0.002403 -0.001247 0.999996
vn 0.000000 1.000000 -0.000000
vn 0.000000 1.000000 -0.000000
vn -0.000006 1.000000 0.000183
vn 0.000000 1.000000 0.000000
vn 0.000000 1.000000 -0.000000
vn 0.000000 1.000000 -0.000000
vn -0.000000 -1.000000 0.000001
vn -0.000000 -1.000000 0.000001
vn -0.000000 -1.000000 0.000001
vn -0.000000 -1.000000 0.000001
vn -0.000030 -1.000000 -0.000058
vn -0.000000 -1.000000 0.000001
vn -0.000000 -1.000000 0.000001
vn -0.000048 -1.000000 -0.000091
vn -0.002992 -0.000165 0.999996
vn -0.002992 -0.000165 0.999996
vn -0.002992 -0.000165 0.999996
vn -0.002992 -0.000165 0.999996
vn 0.000000 1.000000 -0.000000
vn 0.000000 1.000000 -0.000000
vn 0.000030 1.000000 0.000058
vn 0.000049 1.000000 0.000094
vn 0.000000 1.000000 0.000000
vn 0.000000 1.000000 0.000000
vn 0.000000 1.000000 0.000000
vn -0.000000 -1.000000 0.000001
vn -0.000000 -1.000000 0.000001
vn -0.006745 -0.999977 0.000273
vn -0.006745 -0.999977 0.000273
vn -0.002768 0.002015 0.999994
vn -0.002768 0.002015 0.999994
vn -0.002768 0.002015 0.999994
vn -0.002768 0.002015 0.999994
vn -0.011169 0.999935 0.002110
vn -0.011169 0.999935 0.002110
vn 0.000000 -1.000000 0.000000
vn 0.000000 -1.000000 0.000000
vn 0.008929 -0.999954 0.003571
vn 0.003646 0.000324 0.999993
vn 0.003646 0.000324 0.999993
vn 0.003646 0.000324 0.999993
vn 0.003646 0.000324 0.999993
vn 0.014839 0.999882 0.003938
vn 0.000000 1.000000 0.000000
vn -0.000000 -1.000000 0.000001
vn -0.000000 -1.000000 0.000001
vn -0.000086 -1.000000 0.000185
vn -0.000000 -1.000000 0.000001
vn -0.004812 0.001104 0.999988
vn -0.004812 0.001104 0.999988
vn -0.004812 0.001104 0.999988
vn -0.004812 0.001104 0.999988
vn 0.000000 1.000000 0.000000
vn 0.000093 1.000000 -0.000200
vn 0.000000 1.000000 0.000000
vn 0.002998 -0.000600 0.999995
vn 0.002998 -0.000600 0.999995
vn 0.002998 -0.000600 0.999995
vn 0.002998 -0.000600 0.999995
vn -0.002947 -0.000698 0.999995
vn -0.002947 -0.000698 0.999995
vn -0.002947 -0.000698 0.999995
vn -0.002947 -0.000698 0.999995
vn 0.002953 0.999995 0.001154
vn 0.005541 0.999967 0.005895
vn -0.005419 -0.999967 -0.006012
vn -0.002953 -0.999995 -0.001153
vn -0.005725 -0.999936 -0.009741
vn 0.006031 0.999934 0.009744
vn 0.994682 0.101628 0.016711
vn 0.994682 0.101628 0.016711
vn 0.994682 0.101628 0.016711
vn 0.994682 0.101628 0.016711
vn 0.000412 1.000000 -0.000880
vn -0.000411 -1.000000 0.000880
vn -0.997333 0.000122 0.072988
vn -0.997333 0.000122 0.072988
vn -0.997333 0.000122 0.072988
vn -0.997333 0.000122 0.072988
vn -1.000000 0.000009 0.000000
vn -0.999269 0.000036 0.038231
vn -0.999270 0.000036 0.038193
vn -1.000000 0.000009 0.000000
vn 0.010394 0.999946 0.000000
vn 0.010523 0.999764 0.018983
vn 0.010524 0.999763 0.019043
vn 0.010394 0.999946 0.000000
vn -0.010395 -0.999946 0.000000
vn -0.010707 -0.999760 0.019138
vn -0.010707 -0.999760 0.019103
vn -0.010395 -0.999946 0.000000
vn -0.011617 -0.999933 0.000000
vn -0.011617 -0.999933 0.000000
vn -0.011617 -0.999933 0.000000
vn -0.011617 -0.999933 0.000000
vn 0.012640 0.999920 0.000000
vn 0.012640 0.999920 0.000000
vn 0.012640 0.999920 0.000000
vn 0.012640 0.999920 0.000000
vn 0.994781 0.102038 0.000000
vn 0.994780 0.102038 0.000000
vn 0.994781 0.102038 0.000000
vn 0.994780 0.102038 0.000000
vn -0.997538 0.000059 0.070133
vn -0.997538 0.000059 0.070133
vn 0.010637 0.999294 0.036032
vn 0.010637 0.999294 0.036032
vn 0.996930 -0.000042 0.078296
vn 0.996930 -0.000042 0.078296
vn 0.996930 -0.000042 0.078296
vn 0.996930 -0.000042 0.078296
vn -0.010983 -0.999283 0.036235
vn -0.010983 -0.999283 0.036235
vn -0.000170 1.000000 0.000265
vn -0.000236 1.000000 -0.000241
vn 0.000235 -1.000000 0.000241
vn 0.000170 -1.000000 -0.000264
vn -0.000159 1.000000 -0.000798
vn -0.000099 1.000000 -0.000998
vn 0.997710 -0.000113 -0.067635
vn 0.997710 -0.000113 -0.067635
vn 0.997710 -0.000113 -0.067635
vn 0.997710 -0.000113 -0.067635
vn 0.000099 -1.000000 0.001000
vn 0.000159 -1.000000 0.000798
vn -0.999997 -0.000000 0.002409
vn -0.999997 -0.000000 0.002409
vn -0.999997 -0.000000 0.002409
vn -0.999997 -0.000000 0.002409
vn -0.000111 1.000000 0.000470
vn 0.000111 -1.000000 -0.000468
vn -0.000459 1.000000 0.000000
vn -0.000459 1.000000 0.000000
vn -0.000459 1.000000 0.000000
vn -0.000459 1.000000 0.000000
vn 0.000455 -1.000000 0.000000
vn 0.000455 -1.000000 0.000000
vn 0.000455 -1.000000 0.000000
vn 0.000455 -1.000000 0.000000
vn -0.000552 1.000000 -0.000048
vn -0.000552 1.000000 -0.000048
vn -0.000552 1.000000 -0.000048
vn -0.000552 1.000000 -0.000048
vn 0.985137 0.000129 0.171772
vn 0.985137 0.000129 0.171772
vn 0.985137 0.000129 0.171772
vn 0.985137 0.000129 0.171772
vn 0.000553 -1.000000 0.000048
vn 0.000553 -1.000000 0.000048
vn 0.000553 -1.000000 0.000048
vn 0.000553 -1.000000 0.000048
vn -0.998666 -0.000043 0.051640
vn -0.998666 -0.000043 0.051640
vn -0.998666 -0.000043 0.051640
vn -0.998666 -0.000043 0.051640
vn -0.000235 1.000000 0.000006
vn -0.000235 1.000000 0.000006
vn -0.000235 1.000000 0.000006
vn -0.000235 1.000000 0.000006
vn 0.000235 -1.000000 -0.000006
vn 0.000235 -1.000000 -0.000006
vn 0.000235 -1.000000 -0.000006
vn 0.000235 -1.000000 -0.000006
vn -0.000459 1.000000 0.000000
vn -0.000459 1.000000 0.000000
vn -0.000459 1.000000 0.000000
vn -0.000459 1.000000 0.000000
vn 1.000000 -0.000004 0.000000
vn 1.000000 -0.000004 0.000000
vn 1.000000 -0.000004 0.000000
vn 1.000000 -0.000004 0.000000
vn 0.000455 -1.000000 0.000000
vn 0.000455 -1.000000 0.000000
vn 0.000455 -1.000000 0.000000
vn 0.000455 -1.000000 0.000000
vn -0.996544 -0.000070 0.083068
vn -0.996544 -0.000070 0.083068
vn -0.996544 -0.000070 0.083068
vn -0.996544 -0.000070 0.083068
vn -0.000261 1.000000 0.000011
vn -0.000261 1.000000 0.000011
vn -0.000261 1.000000 0.000011
vn -0.000261 1.000000 0.000011
vn 0.000261 -1.000000 -0.000011
vn 0.000261 -1.000000 -0.000011
vn 0.000261 -1.000000 -0.000011
vn 0.000261 -1.000000 -0.000011
vn -0.998739 -0.000016 0.050208
vn -0.998739 -0.000016 0.050208
vn -0.998739 -0.000016 0.050208
vn -0.998739 -0.000016 0.050208
vn -0.000381 0.999569 0.029358
vn -0.000381 0.999569 0.029358
vn -0.000381 0.999569 0.029358
vn -0.000381 0.999569 0.029358
vn 0.998739 0.000007 0.050208
vn 0.998739 0.000007 0.050208
vn 0.998739 0.000007 0.050208
vn 0.998739 0.000007 0.050208
vn 0.000545 -0.999569 0.029359
vn 0.000545 -0.999569 0.029359
vn 0.000545 -0.999569 0.029359
vn 0.000545 -0.999569 0.029359
vn 0.000243 1.000000 0.000913
vn 0.000073 0.999999 0.001173
vn -0.000073 -0.999999 -0.001174
vn -0.000246 -1.000000 -0.000913
vn 0.000010 0.999999 0.001240
vn 0.999997 0.000000 -0.002408
vn 0.999997 0.000000 -0.002408
vn 0.999997 0.000000 -0.002408
vn 0.999997 0.000000 -0.002408
vn -0.000010 -0.999999 -0.001240
vn 0.000138 1.000000 0.000269
vn 0.000232 1.000000 0.000444
vn -0.000233 -1.000000 -0.000442
vn -0.000138 -1.000000 -0.000269
vn -0.999997 -0.000005 -0.002423
vn -0.999997 -0.000005 -0.002423
vn -0.999997 -0.000005 -0.002423
vn -0.999997 -0.000005 -0.002423
vn 0.000330 1.000000 0.000034
vn 0.000330 1.000000 0.000034
vn 0.000330 1.000000 0.000034
vn 0.000330 1.000000 0.000034
vn 0.978376 -0.027386 0.205013
vn 0.978376 -0.027386 0.205013
vn 0.978376 -0.027386 0.205013
vn 0.978376 -0.027386 0.205013
vn -0.000332 -1.000000 -0.000035
vn -0.000332 -1.000000 -0.000035
vn -0.000332 -1.000000 -0.000035
vn -0.000332 -1.000000 -0.000035
vn 0.000278 1.000000 0.000000
vn 0.000278 1.000000 0.000000
vn 0.000278 1.000000 0.000000
vn 0.000278 1.000000 0.000000
vn -0.000276 -1.000000 0.000000
vn -0.000276 -1.000000 0.000000
vn -0.000276 -1.000000 0.000000
vn -0.000276 -1.000000 0.000000
vn -1.000000 -0.000004 0.000000
vn -1.000000 -0.000004 0.000000
vn -1.000000 -0.000004 0.000000
vn -1.000000 -0.000004 0.000000
vn 0.000729 1.000000 0.000000
vn 0.000729 1.000000 0.000000
vn 0.000729 1.000000 0.000000
vn 0.000729 1.000000 0.000000
vn -0.000737 -1.000000 0.000000
vn -0.000737 -1.000000 0.000000
vn -0.000737 -1.000000 0.000000
vn -0.000737 -1.000000 0.000000
vn 0.000278 1.000000 0.000000
vn 0.000278 1.000000 0.000000
vn 0.000278 1.000000 0.000000
vn 0.000278 1.000000 0.000000
vn -0.000276 -1.000000 0.000000
vn -0.000276 -1.000000 0.000000
vn -0.000276 -1.000000 0.000000
vn -0.000276 -1.000000 0.000000
vn -1.000000 -0.000004 0.000000
vn -1.000000 -0.000004 0.000000
vn -1.000000 -0.000004 0.000000
vn -1.000000 -0.000004 0.000000
vn 0.000800 1.000000 0.000170
vn 0.000800 1.000000 0.000170
vn 0.000800 1.000000 0.000170
vn 0.000800 1.000000 0.000170
vn 0.920863 -0.011799 0.389707
vn 0.920863 -0.011799 0.389707
vn 0.920863 -0.011799 0.389707
vn 0.920863 -0.011799 0.389707
vn -0.000810 -1.000000 -0.000172
vn -0.000810 -1.000000 -0.000172
vn -0.000810 -1.000000 -0.000172
vn -0.000810 -1.000000 -0.000172
vn 0.000120 0.998660 0.051752
vn 0.000120 0.998660 0.051752
vn 0.000120 0.998660 0.051752
vn 0.000120 0.998660 0.051752
vn 0.997279 -0.000038 0.073726
vn 0.997279 -0.000038 0.073726
vn 0.997279 -0.000038 0.073726
vn 0.997279 -0.000038 0.073726
vn -0.000395 -0.998660 0.051752
vn -0.000395 -0.998660 0.051752
vn -0.000395 -0.998660 0.051752
vn -0.000395 -0.998660 0.051752
vn -0.997279 0.000015 0.073726
vn -0.997279 0.000015 0.073726
vn -0.997279 0.000015 0.073726
vn -0.997279 0.000015 0.073726
vn -1.000000 0.000026 -0.000008
vn -1.000000 0.000026 -0.000008
vn -1.000000 -0.000378 -0.000034
vn -1.000000 0.000028 -0.000008
vn 0.000052 0.999914 0.013129
vn 0.000052 0.999914 0.013129
vn 0.000052 0.999914 0.013129
vn 0.000052 0.999914 0.013129
vn -0.000009 -0.999493 -0.031852
vn -0.000009 -0.999493 -0.031852
vn -0.000009 -0.999493 -0.031852
vn -0.000009 -0.999493 -0.031852
vn -0.049973 0.998172 0.033990
vn -0.049973 0.998172 0.033990
vn -0.049973 0.998172 0.033990
vn -0.049973 0.998172 0.033990
vn 1.000000 0.000005 0.000000
vn 1.000000 0.000005 0.000000
vn 1.000000 0.000005 0.000000
vn 1.000000 0.000005 0.000000
vn 0.000000 -1.000000 0.000000
vn 0.000000 -1.000000 0.000000
vn 0.000000 -1.000000 0.000000
vn 0.000000 -1.000000 0.000000
vn -0.021781 0.997434 0.068200
vn -0.021781 0.997434 0.068200
vn -0.021781 0.997434 0.068200
vn -0.021781 0.997434 0.068200
vn -0.006153 -0.999974 -0.003718
vn -0.006153 -0.999974 -0.003718
vn -0.006153 -0.999974 -0.003718
vn -0.006153 -0.999974 -0.003718
vn -1.000000 -0.000012 0.000000
vn -1.000000 -0.000012 0.000000
vn -0.999960 -0.001983 0.008767
vn -0.020785 0.999143 0.035806
vn -0.020785 0.999143 0.035806
vn -0.020785 0.999143 0.035806
vn -0.020785 0.999143 0.035806
vn 0.000002 -0.999228 -0.039277
vn 0.000002 -0.999228 -0.039277
vn 0.000002 -0.999228 -0.039277
vn 0.000002 -0.999228 -0.039277
vn -0.023528 0.999357 0.027044
vn -0.023528 0.999357 0.027044
vn -0.023528 0.999357 0.027044
vn -0.023528 0.999357 0.027044
vn 0.999435 0.000050 0.033600
vn 0.999435 0.000050 0.033600
vn 0.999435 0.000050 0.033600
vn 0.999435 0.000050 0.033600
vn 0.000000 -1.000000 0.000000
vn 0.000000 -1.000000 0.000000
vn 0.000000 -1.000000 0.000000
vn 0.000000 -1.000000 0.000000
vn -0.999886 0.000009 0.015118
vn -0.999886 0.000009 0.015118
vn -0.999885 -0.002589 0.014954
vn -0.024470 0.998937 0.039061
vn -0.024470 0.998937 0.039061
vn -0.024470 0.998937 0.039061
vn -0.024470 0.998937 0.039061
vn 0.999879 0.003026 0.015237
vn 0.999831 0.002466 0.018232
vn 0.999837 0.000078 0.018033
vn 0.999837 0.000078 0.018033
vn -0.012769 -0.999740 -0.018918
vn -0.012769 -0.999740 -0.018918
vn -0.012769 -0.999740 -0.018918
vn -0.012769 -0.999740 -0.018918
vn -0.996078 0.088483 0.000385
vn -0.996078 0.088483 0.000385
vn -0.996078 0.088483 0.000385
vn -0.996078 0.088483 0.000385
vn 0.005038 0.999977 -0.004597
vn 0.013009 0.999904 -0.004747
vn -0.000954 -0.999997 0.002026
vn -0.004793 -0.999978 0.004597
vn 0.019938 0.999789 -0.004878
vn 0.999996 -0.000004 -0.002814
vn 0.999996 -0.000004 -0.002814
vn 0.999996 -0.000004 -0.002814
vn 0.999996 -0.000004 -0.002814
vn 0.002614 -0.999997 -0.000363
vn -0.995221 0.089209 0.039712
vn -0.995221 0.089209 0.039712
vn -0.995221 0.089209 0.039712
vn -0.995221 0.089209 0.039712
vn -0.001666 0.999711 0.023985
vn -0.001666 0.999711 0.023985
vn -0.001666 0.999711 0.023985
vn -0.001666 0.999711 0.023985
vn 0.998183 0.000004 0.060255
vn 0.998183 0.000004 0.060255
vn 0.998183 0.000004 0.060255
vn 0.998183 0.000004 0.060255
vn -0.014831 -0.999602 0.023986
vn -0.014831 -0.999602 0.023986
vn -0.014831 -0.999602 0.023986
vn -0.014831 -0.999602 0.023986
vn -1.000000 0.000000 0.000000
vn -1.000000 0.000000 0.000000
vn -1.000000 0.000000 0.000000
vn 1.000000 0.000000 0.000000
vn 1.000000 0.000000 0.000000
vn 1.000000 0.000000 0.000000
vn -1.000000 0.000000 0.000000
vn -1.000000 0.000000 0.000000
vn -1.000000 0.000000 0.000000
vn -1.000000 0.000000 0.000000
vn 0.999999 -0.000016 0.001752
vn 0.999999 -0.000016 0.001752
vn 0.999999 -0.000016 0.001752
vn 0.999999 -0.000016 0.001752
vn -0.999886 -0.000178 0.015114
vn -0.999886 -0.000178 0.015114
vn -0.999886 -0.000178 0.015114
vn -0.999886 -0.000178 0.015114
vn 0.003990 -0.013642 0.999899
vn 0.003990 -0.013642 0.999899
vn 0.003990 -0.013642 0.999899
vn 0.003990 -0.013642 0.999899
vn 0.999838 -0.000236 0.018021
vn 0.999838 -0.000236 0.018021
vn 0.999838 -0.000236 0.018021
vn 0.999838 -0.000236 0.018021
vn 1.000000 -0.000341 -0.000005
vn 0.999994 0.003176 0.001612
vn 0.999994 0.003086 0.001570
vn -0.999999 -0.001720 -0.000140
vn 0.999908 0.005721 0.012298
vn -0.999938 -0.005598 0.009602
vn 0.999804 0.006795 0.018593
vn 0.004652 -0.009998 0.999939
vn 0.004652 -0.009998 0.999939
vn -0.999867 -0.007165 0.014665
vn 0.000000 0.000000 -1.000000
vn 0.000000 0.000000 -1.000000
vn 0.000000 0.000000 -1.000000
vn 0.000000 0.000000 -1.000000
vn 0.000000 0.000000 1.000000
vn 0.000000 0.000000 1.000000
vn 0.000000 0.000000 1.000000
vn 0.000000 0.000000 1.000000
vn 0.994110 -0.108375 0.000000
vn 0.994110 -0.108375 0.000000
vn 0.994110 -0.108375 0.000000
vn 0.994110 -0.108375 0.000000
vn 0.999904 -0.013849 0.000000
vn 0.999904 -0.013849 0.000000
vn 0.999812 -0.019395 0.000000
vn 0.999812 -0.019395 0.000000
vn 0.000000 0.000000 -1.000000
vn 0.000000 0.000000 -1.000000
vn 0.000000 0.000000 -1.000000
vn 0.000000 0.000000 -1.000000
vn -0.000000 0.000000 1.000000
vn -0.000000 0.000000 1.000000
vn -0.000000 0.000000 1.000000
vn -0.000000 0.000000 1.000000
vn 0.757050 0.653357 -0.000001
vn 0.757050 0.653357 -0.000001
vn 0.972282 0.233812 -0.000000
vn 0.972282 0.233812 -0.000000
vn -0.000000 0.000000 -1.000000
vn -0.000000 0.000000 -1.000000
vn 0.000000 0.000000 -1.000000
vn 0.000000 0.000000 -1.000000
vn -0.000000 0.000000 1.000000
vn -0.000000 0.000000 1.000000
vn 0.000000 0.000000 1.000000
vn 0.000000 0.000000 1.000000
vn 0.374967 0.927038 0.000000
vn 0.374967 0.927038 0.000000
vn 0.494127 0.869390 -0.000000
vn 0.494127 0.869390 -0.000000
vn -0.000000 0.000000 -1.000000
vn -0.000000 0.000000 -1.000000
vn 0.000000 0.000000 1.000000
vn 0.000000 0.000000 1.000000
vn 0.261557 0.965188 0.000000
vn 0.261557 0.965188 0.000000
vn 0.000000 0.000000 1.000000
vn 0.000000 0.000000 1.000000
vn 0.000000 0.000000 -1.000000
vn 0.000000 0.000000 -1.000000
vn 0.999753 -0.022219 0.000000
vn 0.999753 -0.022219 0.000000
vn 0.000000 0.000000 -1.000000
vn 0.000000 0.000000 -1.000000
vn 0.999486 0.032067 0.000000
vn 0.999486 0.032067 0.000000
vn -0.000000 0.000000 1.000000
vn -0.000000 0.000000 1.000000
vn 0.000000 0.000000 1.000000
vn 0.000000 0.000000 1.000000
vn 0.000000 0.000000 -1.000000
vn 0.000000 0.000000 -1.000000
vn 0.999828 -0.018556 0.000000
vn 0.999828 -0.018556 0.000000
vn 0.000000 0.000000 -1.000000
vn 0.000000 0.000000 -1.000000
vn 0.000000 0.000000 1.000000
vn 0.000000 0.000000 1.000000
vn 0.181831 0.983330 0.000000
vn 0.181831 0.983330 0.000000
vn 0.000000 0.000000 -1.000000
vn 0.000000 0.000000 -1.000000
vn 0.000000 0.000000 -1.000000
vn 0.000000 0.000000 -1.000000
vn 0.000000 0.000000 1.000000
vn 0.000000 0.000000 1.000000
vn 0.000000 0.000000 1.000000
vn 0.000000 0.000000 1.000000
vn 0.995122 -0.098648 0.000000
vn 0.995122 -0.098648 0.000000
vn 0.995122 -0.098648 0.000000
vn 0.995122 -0.098648 0.000000
vn 0.999921 -0.012593 0.000000
vn 0.999921 -0.012593 0.000000
vn 0.999845 -0.017637 0.000000
vn 0.999845 -0.017637 0.000000
vn -0.000000 0.000000 -1.000000
vn -0.000000 0.000000 -1.000000
vn -0.000000 0.000000 -1.000000
vn -0.000000 0.000000 -1.000000
vn 0.000000 0.000000 1.000000
vn 0.000000 0.000000 1.000000
vn 0.000000 0.000000 1.000000
vn 0.000000 0.000000 1.000000
vn 0.786678 0.617363 -0.000001
vn 0.786678 0.617363 -0.000001
vn 0.976916 0.213623 -0.000000
vn 0.976916 0.213623 -0.000000
vn 0.000000 0.000000 -1.000000
vn 0.000000 0.000000 -1.000000
vn 0.000000 0.000000 -1.000000
vn 0.000000 0.000000 -1.000000
vn 0.000000 0.000000 1.000000
vn 0.000000 0.000000 1.000000
vn -0.000000 0.000000 1.000000
vn -0.000000 0.000000 1.000000
vn 0.406420 0.913686 0.000000
vn 0.406420 0.913686 0.000000
vn 0.530022 0.847984 -0.000000
vn 0.530022 0.847984 -0.000000
vn 0.000000 0.000000 -1.000000
vn 0.000000 0.000000 -1.000000
vn -0.000000 0.000000 1.000000
vn -0.000000 0.000000 1.000000
vn 0.285601 0.958349 0.000000
vn 0.285601 0.958349 0.000000
vn 0.000000 0.000000 1.000000
vn 0.000000 0.000000 1.000000
vn 0.000000 0.000000 -1.000000
vn 0.000000 0.000000 -1.000000
vn 0.999796 -0.020205 0.000000
vn 0.999796 -0.020205 0.000000
vn 0.000000 0.000000 -1.000000
vn 0.000000 0.000000 -1.000000
vn 0.999575 0.029162 0.000000
vn 0.999575 0.029162 0.000000
vn 0.000000 0.000000 1.000000
vn 0.000000 0.000000 1.000000
vn 0.000000 0.000000 1.000000
vn 0.000000 0.000000 1.000000
vn 0.000000 0.000000 -1.000000
vn 0.000000 0.000000 -1.000000
vn 0.999858 -0.016874 0.000000
vn 0.999858 -0.016874 0.000000
vn -0.000000 0.000000 -1.000000
vn -0.000000 0.000000 -1.000000
vn 0.000000 0.000000 1.000000
vn 0.000000 0.000000 1.000000
vn 0.199275 0.979944 0.000000
vn 0.199275 0.979944 0.000000
vn 0.000000 0.000000 -1.000000
vn 0.000000 0.000000 -1.000000
vn 0.000000 0.000000 -1.000000
vn 0.000000 0.000000 -1.000000
vn 0.000000 0.000000 1.000000
vn 0.000000 0.000000 1.000000
vn 0.000000 0.000000 1.000000
vn 0.000000 0.000000 1.000000
vn 0.995807 -0.091478 0.000000
vn 0.995807 -0.091478 0.000000
vn 0.995807 -0.091478 0.000000
vn 0.995807 -0.091478 0.000000
vn 0.999932 -0.011670 0.000000
vn 0.999932 -0.011670 0.000000
vn 0.999866 -0.016344 0.000000
vn 0.999866 -0.016344 0.000000
vn -0.000000 0.000000 -1.000000
vn -0.000000 0.000000 -1.000000
vn 0.000000 0.000000 -1.000000
vn 0.000000 0.000000 -1.000000
vn -0.000000 0.000000 1.000000
vn -0.000000 0.000000 1.000000
vn -0.000000 0.000000 1.000000
vn 0.000000 0.000000 1.000000
vn 0.808752 0.588150 -0.000000
vn 0.808752 0.588150 -0.000000
vn 0.980080 0.198602 -0.000000
vn 0.980080 0.198602 -0.000000
vn 0.000000 0.000000 -1.000000
vn 0.000000 0.000000 -1.000000
vn -0.000000 0.000000 -1.000000
vn -0.000000 0.000000 -1.000000
vn 0.000000 0.000000 1.000000
vn 0.000000 0.000000 1.000000
vn -0.000000 0.000000 1.000000
vn -0.000000 0.000000 1.000000
vn 0.432738 0.901520 -0.000001
vn 0.432737 0.901520 -0.000001
vn 0.559184 0.829044 -0.000001
vn 0.559184 0.829044 -0.000001
vn 0.000000 0.000000 -1.000000
vn 0.000000 0.000000 -1.000000
vn -0.000000 0.000000 1.000000
vn -0.000000 0.000000 1.000000
vn 0.306151 0.951983 -0.000000
vn 0.306151 0.951983 -0.000000
vn 0.000000 0.000000 1.000000
vn 0.000000 0.000000 1.000000
vn 0.000000 0.000000 -1.000000
vn 0.000000 0.000000 -1.000000
vn 0.999825 -0.018724 0.000000
vn 0.999825 -0.018724 0.000000
vn 0.000000 0.000000 -1.000000
vn 0.000000 0.000000 -1.000000
vn 0.999635 0.027025 0.000000
vn 0.999635 0.027025 0.000000
vn 0.000000 0.000000 1.000000
vn 0.000000 0.000000 1.000000
vn 0.000000 0.000000 1.000000
vn 0.000000 0.000000 1.000000
vn 0.000000 0.000000 -1.000000
vn 0.000000 0.000000 -1.000000
vn 0.999878 -0.015638 0.000000
vn 0.999878 -0.015638 0.000000
vn 0.000000 0.000000 -1.000000
vn 0.000000 0.000000 -1.000000
vn -0.000000 0.000000 1.000000
vn -0.000000 0.000000 1.000000
vn 0.214343 0.976758 0.000000
vn 0.214343 0.976758 0.000000
vn -0.024529 -0.254626 0.966728
vn 0.081293 0.590885 0.802649
vn 0.922895 -0.295854 -0.246445
vn 0.954390 -0.044228 -0.295270
vn -0.111876 -0.908405 0.402844
vn 0.980383 0.150340 -0.127463
vn -0.114982 -0.878138 -0.464385
vn 0.981307 0.141329 0.130626
vn -0.031507 -0.186612 -0.981929
vn 0.956462 -0.064466 0.284650
vn 0.075693 0.645435 -0.760055
vn 0.924558 -0.312086 0.218619
vn 0.125897 0.991455 0.034149
vn 0.909620 -0.415063 -0.017740
vn -0.081290 -0.590885 -0.802650
vn 0.024526 0.254626 -0.966729
vn 0.111877 0.908407 -0.402841
vn 0.114981 0.878136 0.464389
vn 0.031506 0.186607 0.981929
vn -0.075697 -0.645437 0.760054
vn -0.125897 -0.991455 -0.034150
vn -0.971280 -0.055848 -0.231293
vn -0.939787 0.195781 -0.280125
vn -0.913790 0.390351 -0.112314
vn -0.912868 0.381340 0.145777
vn -0.937712 0.175541 0.299802
vn -0.969616 -0.072080 0.233772
vn -0.984555 -0.175058 -0.002590
vn -0.023000 0.871406 -0.490023
vn 0.008987 0.417743 -0.908521
vn -0.025450 0.416013 -0.909002
vn -0.057418 0.869403 -0.490757
vn 0.037542 -0.195474 -0.979990
vn 0.003088 -0.196840 -0.980431
vn 0.051759 -0.734032 -0.677140
vn 0.017296 -0.735079 -0.677760
vn 0.046207 -0.992216 -0.115643
vn 0.011747 -0.993110 -0.116595
vn 0.023007 -0.871405 0.490025
vn -0.011439 -0.872372 0.488709
vn -0.008980 -0.417746 0.908519
vn -0.043407 -0.418978 0.906958
vn -0.037535 0.195476 0.979990
vn -0.071944 0.193876 0.978385
vn -0.051751 0.734034 0.677138
vn -0.086153 0.732112 0.675715
vn -0.046199 0.992216 0.115640
vn -0.080603 0.990143 0.114546
vn 0.010783 0.872366 -0.488735
vn 0.042751 0.418958 -0.906999
vn 0.071290 -0.193910 -0.978426
vn 0.085498 -0.732156 -0.675750
vn 0.079950 -0.990192 -0.114574
vn 0.056763 -0.869449 0.490751
vn 0.024795 -0.416054 0.909002
vn -0.003744 0.196822 0.980432
vn -0.017952 0.735072 0.677752
vn -0.012404 0.993104 0.116583
vn -0.998625 -0.043342 -0.029476
vn 0.998637 0.042881 0.029752
vn -0.024533 -0.254631 0.966727
vn 0.081294 0.590892 0.802644
vn 0.922895 -0.295852 -0.246448
vn 0.954389 -0.044226 -0.295274
vn -0.111883 -0.908405 0.402843
vn 0.980384 0.150338 -0.127462
vn -0.114980 -0.878133 -0.464394
vn 0.981306 0.141329 0.130630
vn -0.031495 -0.186613 -0.981929
vn 0.956461 -0.064468 0.284653
vn 0.075704 0.645432 -0.760057
vn 0.924558 -0.312087 0.218618
vn 0.125902 0.991455 0.034158
vn 0.909621 -0.415061 -0.017740
vn -0.081292 -0.590894 -0.802643
vn 0.024531 0.254629 -0.966728
vn 0.111882 0.908405 -0.402843
vn 0.114980 0.878136 0.464389
vn 0.031499 0.186615 0.981928
vn -0.075701 -0.645430 0.760059
vn -0.125901 -0.991455 -0.034154
vn -0.971279 -0.055849 -0.231297
vn -0.939786 0.195782 -0.280129
vn -0.913791 0.390348 -0.112313
vn -0.912869 0.381337 0.145781
vn -0.937712 0.175539 0.299803
vn -0.969616 -0.072079 0.233771
vn -0.984555 -0.175058 -0.002586
vn -0.165485 -0.322673 0.931932
vn -0.121113 -0.263439 0.957043
vn -0.110989 -0.284356 0.952273
vn -0.134195 -0.288151 0.948135
vn -0.047571 -0.261445 0.964045
vn -0.090301 -0.357380 0.929584
vn -0.058871 -0.472434 0.879398
vn -0.092123 -0.468538 0.878627
vn -0.019834 -0.585111 0.810711
vn -0.035188 -0.523595 0.851241
vn 0.077411 -0.580014 0.810920
vn 0.102292 -0.507063 0.855817
vn 0.157865 -0.416280 0.895427
vn 0.215822 -0.395474 0.892760
vn 0.141240 -0.204373 0.968650
vn 0.191818 -0.225716 0.955122
vn 0.122953 -0.154012 0.980389
vn 0.145291 -0.155688 0.977063
vn -0.144159 -0.287351 0.946915
vn -0.134965 -0.231446 0.963440
vn -0.146977 -0.349461 0.925351
vn -0.145038 -0.383348 0.912145
vn -0.047621 -0.395849 0.917080
vn 0.149866 -0.347716 0.925545
vn 0.287083 -0.281971 0.915465
vn 0.288630 -0.209631 0.934210
vn 0.245502 -0.156492 0.956681
vn -0.188957 -0.140221 0.971923
vn -0.234955 -0.140125 0.961853
vn -0.172624 -0.146916 0.973970
vn -0.188519 -0.175446 0.966271
vn -0.046525 -0.187816 0.981102
vn 0.182336 -0.154903 0.970958
vn 0.299645 -0.132862 0.944754
vn 0.325390 -0.129847 0.936622
vn 0.332824 -0.123700 0.934840
vn -0.208024 0.076541 0.975124
vn -0.260412 0.084956 0.961753
vn -0.177739 0.065916 0.981868
vn -0.191914 0.104782 0.975802
vn -0.054749 0.136942 0.989065
vn 0.166699 0.109585 0.979899
vn 0.272255 0.046623 0.961095
vn 0.329074 0.022488 0.944036
vn 0.367270 0.022971 0.929830
vn -0.218918 0.157269 0.962986
vn -0.233078 0.171912 0.957142
vn -0.176780 0.148001 0.973059
vn -0.138954 0.193915 0.971128
vn -0.052590 0.259110 0.964415
vn 0.113468 0.241714 0.963690
vn 0.232775 0.200081 0.951727
vn 0.314752 0.193852 0.929168
vn 0.361368 0.197974 0.911164
vn -0.185992 0.141003 0.972381
vn -0.177080 0.088528 0.980207
vn -0.172003 0.207533 0.962988
vn -0.122681 0.191949 0.973707
vn -0.025891 0.194628 0.980536
vn 0.112818 0.264418 0.957787
vn 0.222979 0.320906 0.920489
vn 0.269690 0.290397 0.918116
vn 0.285467 0.240547 0.927710
vn -0.144388 0.296563 0.944035
vn -0.171014 0.282729 0.943832
vn -0.146173 0.323603 0.934834
vn -0.125402 0.367824 0.921401
vn -0.007859 0.391169 0.920285
vn 0.123819 0.407614 0.904721
vn 0.189423 0.353476 0.916064
vn 0.196051 0.225738 0.954257
vn 0.200436 0.157181 0.967016
vn -0.148428 0.410238 0.899819
vn -0.189122 0.472523 0.860787
vn -0.120059 0.345933 0.930546
vn -0.114819 0.476753 0.871506
vn -0.007967 0.568201 0.822851
vn 0.114978 0.503931 0.856057
vn 0.147317 0.283154 0.947693
vn 0.163662 0.115632 0.979716
vn 0.196508 0.103638 0.975010
vn 0.165484 0.322673 -0.931932
vn 0.134193 0.288151 -0.948136
vn 0.110989 0.284356 -0.952273
vn 0.121113 0.263440 -0.957043
vn 0.090302 0.357380 -0.929583
vn 0.047571 0.261447 -0.964045
vn 0.092123 0.468539 -0.878627
vn 0.058871 0.472435 -0.879397
vn 0.035188 0.523595 -0.851240
vn 0.019834 0.585112 -0.810710
vn -0.102292 0.507063 -0.855817
vn -0.077411 0.580015 -0.810919
vn -0.215822 0.395475 -0.892760
vn -0.157865 0.416280 -0.895427
vn -0.191818 0.225716 -0.955122
vn -0.141240 0.204373 -0.968650
vn -0.145290 0.155688 -0.977063
vn -0.122952 0.154012 -0.980389
vn 0.134964 0.231447 -0.963440
vn 0.144159 0.287352 -0.946915
vn 0.146978 0.349460 -0.925351
vn 0.145038 0.383348 -0.912145
vn 0.047622 0.395849 -0.917080
vn -0.149866 0.347715 -0.925545
vn -0.287084 0.281971 -0.915465
vn -0.288630 0.209631 -0.934210
vn -0.245501 0.156492 -0.956681
vn 0.234955 0.140127 -0.961853
vn 0.178454 0.121561 -0.976410
vn 0.164287 0.090284 -0.982272
vn 0.191966 0.102395 -0.976045
vn 0.049001 0.115519 -0.992096
vn -0.180066 0.082973 -0.980149
vn -0.288808 0.079223 -0.954104
vn -0.315161 0.113084 -0.942277
vn -0.332823 0.123701 -0.934841
vn 0.240445 -0.118803 -0.963365
vn 0.174420 -0.130070 -0.976043
vn 0.153746 -0.141554 -0.977919
vn 0.191877 -0.178170 -0.965111
vn 0.056596 -0.210414 -0.975973
vn -0.162941 -0.182679 -0.969577
vn -0.245262 -0.118432 -0.962196
vn -0.298315 -0.081914 -0.950946
vn -0.354405 -0.070562 -0.932426
vn 0.147894 -0.237323 -0.960107
vn 0.171818 -0.225661 -0.958935
vn 0.178327 -0.184788 -0.966464
vn 0.138954 -0.193915 -0.971128
vn 0.052589 -0.259110 -0.964415
vn -0.113469 -0.241713 -0.963691
vn -0.220571 -0.215722 -0.951216
vn -0.282733 -0.233279 -0.930400
vn -0.323377 -0.247440 -0.913346
vn -0.020934 -0.147945 -0.988774
vn 0.131660 -0.219363 -0.966719
vn 0.234189 -0.233664 -0.943693
vn 0.134956 -0.140253 -0.980875
vn 0.023540 -0.122715 -0.992163
vn -0.129028 -0.216387 -0.967744
vn -0.235464 -0.306535 -0.922276
vn -0.242383 -0.280830 -0.928647
vn -0.233014 -0.222931 -0.946576
vn -0.053084 -0.248866 -0.967082
vn 0.129098 -0.255072 -0.958265
vn 0.254358 -0.255699 -0.932695
vn 0.148162 -0.302803 -0.941466
vn 0.005409 -0.327965 -0.944674
vn -0.151076 -0.346515 -0.925799
vn -0.220254 -0.289037 -0.931636
vn -0.177503 -0.166121 -0.969998
vn -0.153863 -0.102175 -0.982795
vn 0.024120 -0.391347 -0.919927
vn 0.128446 -0.259029 -0.957291
vn 0.236323 -0.192282 -0.952460
vn 0.139396 -0.447646 -0.883279
vn 0.007967 -0.568201 -0.822851
vn -0.141354 -0.477761 -0.867043
vn -0.181559 -0.180650 -0.966645
vn -0.149185 -0.013784 -0.988713
vn -0.165468 -0.033283 -0.985653
vn -0.022999 0.871404 -0.490026
vn 0.008987 0.417750 -0.908518
vn -0.025450 0.416015 -0.909001
vn -0.057417 0.869404 -0.490754
vn 0.037542 -0.195474 -0.979990
vn 0.003088 -0.196841 -0.980431
vn 0.051759 -0.734036 -0.677135
vn 0.017296 -0.735085 -0.677755
vn 0.046207 -0.992215 -0.115649
vn 0.011748 -0.993109 -0.116602
vn 0.023007 -0.871402 0.490030
vn -0.011439 -0.872372 0.488708
vn -0.008980 -0.417745 0.908520
vn -0.043406 -0.418983 0.906956
vn -0.037535 0.195474 0.979990
vn -0.071945 0.193874 0.978385
vn -0.051752 0.734038 0.677133
vn -0.086153 0.732114 0.675713
vn -0.046200 0.992216 0.115643
vn -0.080604 0.990141 0.114557
vn 0.010783 0.872361 -0.488744
vn 0.042751 0.418969 -0.906993
vn 0.071291 -0.193908 -0.978426
vn 0.085499 -0.732160 -0.675746
vn 0.079950 -0.990192 -0.114572
vn 0.056763 -0.869442 0.490764
vn 0.024795 -0.416051 0.909003
vn -0.003744 0.196821 0.980432
vn -0.017953 0.735076 0.677747
vn -0.012404 0.993104 0.116577
vn -0.998634 -0.043020 -0.029641
vn 0.998637 0.043028 0.029545
vn -0.024526 -0.254624 0.966729
vn 0.081286 0.590889 0.802648
vn 0.922897 -0.295856 -0.246436
vn 0.954390 -0.044222 -0.295269
vn -0.111862 -0.908406 0.402848
vn 0.980382 0.150345 -0.127462
vn -0.114970 -0.878136 -0.464392
vn 0.981307 0.141330 0.130626
vn -0.031491 -0.186611 -0.981929
vn 0.956461 -0.064470 0.284649
vn 0.075706 0.645440 -0.760050
vn 0.924558 -0.312089 0.218617
vn 0.125894 0.991456 0.034153
vn 0.909620 -0.415062 -0.017740
vn -0.081290 -0.590883 -0.802651
vn 0.024527 0.254618 -0.966731
vn 0.111871 0.908404 -0.402848
vn 0.114971 0.878134 0.464395
vn 0.031493 0.186613 0.981929
vn -0.075705 -0.645434 0.760055
vn -0.125897 -0.991455 -0.034158
vn -0.971279 -0.055850 -0.231296
vn -0.939787 0.195788 -0.280119
vn -0.913791 0.390350 -0.112312
vn -0.912869 0.381341 0.145773
vn -0.937713 0.175540 0.299800
vn -0.969616 -0.072082 0.233772
vn -0.984555 -0.175056 -0.002588
vn -0.024535 -0.254623 0.966729
vn 0.081284 0.590882 0.802653
vn 0.922896 -0.295851 -0.246445
vn 0.954388 -0.044226 -0.295274
vn -0.111885 -0.908406 0.402841
vn 0.980384 0.150336 -0.127459
vn -0.114980 -0.878134 -0.464392
vn 0.981306 0.141332 0.130631
vn -0.031493 -0.186614 -0.981928
vn 0.956460 -0.064464 0.284656
vn 0.075708 0.645434 -0.760055
vn 0.924557 -0.312090 0.218621
vn 0.125900 0.991455 0.034159
vn 0.909620 -0.415062 -0.017737
vn -0.081288 -0.590885 -0.802650
vn 0.024533 0.254620 -0.966730
vn 0.111884 0.908403 -0.402848
vn 0.114980 0.878138 0.464386
vn 0.031495 0.186610 0.981929
vn -0.075705 -0.645438 0.760052
vn -0.125902 -0.991454 -0.034158
vn -0.971279 -0.055845 -0.231296
vn -0.939785 0.195782 -0.280130
vn -0.913795 0.390339 -0.112312
vn -0.912871 0.381332 0.145782
vn -0.937713 0.175539 0.299800
vn -0.969617 -0.072079 0.233769
vn -0.984556 -0.175053 -0.002587
vn 0.000000 0.000000 -1.000000
vn 0.000000 0.000000 -1.000000
vn 0.000000 0.000000 -1.000000
vn 0.000000 0.000000 -1.000000
vn 0.000000 0.000000 1.000000
vn 0.000000 0.000000 1.000000
vn 0.000000 0.000000 1.000000
vn 0.000000 0.000000 1.000000
vn -0.995807 -0.091478 0.000000
vn -0.995807 -0.091478 0.000000
vn -0.995807 -0.091478 0.000000
vn -0.995807 -0.091478 0.000000
vn -0.999932 -0.011670 0.000000
vn -0.999866 -0.016344 0.000000
vn -0.999866 -0.016344 0.000000
vn -0.999932 -0.011670 0.000000
vn 0.000000 0.000000 -1.000000
vn -0.000000 0.000000 -1.000000
vn -0.000000 0.000000 -1.000000
vn 0.000000 0.000000 -1.000000
vn 0.000000 0.000000 1.000000
vn 0.000000 0.000000 1.000000
vn 0.000000 0.000000 1.000000
vn 0.000000 0.000000 1.000000
vn -0.808752 0.588150 -0.000000
vn -0.980080 0.198601 -0.000000
vn -0.980080 0.198601 -0.000000
vn -0.808752 0.588150 -0.000000
vn 0.000000 0.000000 -1.000000
vn 0.000000 0.000000 -1.000000
vn 0.000000 0.000000 -1.000000
vn 0.000000 0.000000 -1.000000
vn 0.000000 0.000000 1.000000
vn -0.000000 0.000000 1.000000
vn -0.000000 0.000000 1.000000
vn 0.000000 0.000000 1.000000
vn -0.432737 0.901520 -0.000001
vn -0.559184 0.829044 -0.000001
vn -0.559184 0.829044 -0.000001
vn -0.432737 0.901520 -0.000001
vn 0.000000 0.000000 -1.000000
vn 0.000000 0.000000 -1.000000
vn -0.000000 0.000000 1.000000
vn -0.000000 0.000000 1.000000
vn -0.306151 0.951983 -0.000000
vn -0.306151 0.951983 -0.000000
vn 0.000000 0.000000 1.000000
vn 0.000000 0.000000 1.000000
vn 0.000000 0.000000 -1.000000
vn 0.000000 0.000000 -1.000000
vn -0.999825 -0.018724 0.000000
vn -0.999825 -0.018724 0.000000
vn -0.000000 0.000000 -1.000000
vn -0.000000 0.000000 -1.000000
vn -0.999635 0.027025 0.000000
vn -0.999635 0.027025 0.000000
vn 0.000000 0.000000 1.000000
vn 0.000000 0.000000 1.000000
vn 0.000000 0.000000 1.000000
vn 0.000000 0.000000 1.000000
vn 0.000000 0.000000 -1.000000
vn 0.000000 0.000000 -1.000000
vn -0.999878 -0.015637 0.000000
vn -0.999878 -0.015637 0.000000
vn 0.000000 0.000000 -1.000000
vn 0.000000 0.000000 -1.000000
vn -0.000000 0.000000 1.000000
vn -0.000000 0.000000 1.000000
vn -0.214343 0.976758 0.000000
vn -0.214343 0.976758 0.000000
vn 0.000000 0.000000 -1.000000
vn 0.000000 0.000000 -1.000000
vn 0.000000 0.000000 -1.000000
vn 0.000000 0.000000 -1.000000
vn 0.000000 0.000000 1.000000
vn 0.000000 0.000000 1.000000
vn 0.000000 0.000000 1.000000
vn 0.000000 0.000000 1.000000
vn -0.995122 -0.098648 0.000000
vn -0.995122 -0.098648 0.000000
vn -0.995122 -0.098648 0.000000
vn -0.995122 -0.098648 0.000000
vn -0.999921 -0.012593 0.000000
vn -0.999845 -0.017636 0.000000
vn -0.999845 -0.017636 0.000000
vn -0.999921 -0.012593 0.000000
vn 0.000000 0.000000 -1.000000
vn 0.000000 0.000000 -1.000000
vn 0.000000 0.000000 -1.000000
vn 0.000000 0.000000 -1.000000
vn -0.000000 0.000000 1.000000
vn -0.000000 0.000000 1.000000
vn -0.000000 0.000000 1.000000
vn -0.000000 0.000000 1.000000
vn -0.786678 0.617363 -0.000001
vn -0.976916 0.213624 -0.000000
vn -0.976916 0.213624 -0.000000
vn -0.786678 0.617363 -0.000001
vn -0.000000 0.000000 -1.000000
vn 0.000000 0.000000 -1.000000
vn 0.000000 0.000000 -1.000000
vn -0.000000 0.000000 -1.000000
vn 0.000000 0.000000 1.000000
vn 0.000000 0.000000 1.000000
vn 0.000000 0.000000 1.000000
vn 0.000000 0.000000 1.000000
vn -0.406420 0.913686 0.000000
vn -0.530022 0.847984 -0.000000
vn -0.530022 0.847984 -0.000000
vn -0.406420 0.913686 0.000000
vn 0.000000 0.000000 -1.000000
vn -0.000000 0.000000 -1.000000
vn 0.000000 0.000000 1.000000
vn 0.000000 0.000000 1.000000
vn -0.285601 0.958349 -0.000000
vn -0.285601 0.958349 -0.000000
vn 0.000000 0.000000 1.000000
vn 0.000000 0.000000 1.000000
vn 0.000000 0.000000 -1.000000
vn 0.000000 0.000000 -1.000000
vn -0.999796 -0.020205 0.000000
vn -0.999796 -0.020205 0.000000
vn 0.000000 0.000000 -1.000000
vn 0.000000 0.000000 -1.000000
vn -0.999575 0.029162 0.000000
vn -0.999575 0.029162 0.000000
vn 0.000000 0.000000 1.000000
vn 0.000000 0.000000 1.000000
vn 0.000000 0.000000 1.000000
vn 0.000000 0.000000 1.000000
vn 0.000000 0.000000 -1.000000
vn 0.000000 0.000000 -1.000000
vn -0.999858 -0.016874 0.000000
vn -0.999858 -0.016874 0.000000
vn 0.000000 0.000000 -1.000000
vn 0.000000 0.000000 -1.000000
vn 0.000000 0.000000 1.000000
vn 0.000000 0.000000 1.000000
vn -0.199275 0.979944 -0.000001
vn -0.199275 0.979944 -0.000001
vn 0.000000 0.000000 -1.000000
vn 0.000000 0.000000 -1.000000
vn 0.000000 0.000000 -1.000000
vn 0.000000 0.000000 -1.000000
vn 0.000000 0.000000 1.000000
vn 0.000000 0.000000 1.000000
vn 0.000000 0.000000 1.000000
vn 0.000000 0.000000 1.000000
vn -0.994110 -0.108375 0.000000
vn -0.994110 -0.108375 0.000000
vn -0.994110 -0.108375 0.000000
vn -0.994110 -0.108375 0.000000
vn -0.999904 -0.013849 0.000000
vn -0.999812 -0.019395 0.000000
vn -0.999812 -0.019395 0.000000
vn -0.999904 -0.013849 0.000000
vn -0.000000 0.000000 -1.000000
vn -0.000000 0.000000 -1.000000
vn -0.000000 0.000000 -1.000000
vn -0.000000 0.000000 -1.000000
vn 0.000000 0.000000 1.000000
vn -0.000000 0.000000 1.000000
vn -0.000000 0.000000 1.000000
vn 0.000000 0.000000 1.000000
vn -0.757050 0.653357 -0.000001
vn -0.972282 0.233811 -0.000000
vn -0.972282 0.233811 -0.000000
vn -0.757050 0.653357 -0.000001
vn 0.000000 0.000000 -1.000000
vn -0.000000 0.000000 -1.000000
vn -0.000000 0.000000 -1.000000
vn -0.000000 0.000000 -1.000000
vn 0.000000 0.000000 1.000000
vn -0.000000 0.000000 1.000000
vn 0.000000 0.000000 1.000000
vn -0.000000 0.000000 1.000000
vn -0.374967 0.927038 0.000000
vn -0.494127 0.869390 -0.000000
vn -0.494127 0.869390 -0.000000
vn -0.374967 0.927038 0.000000
vn 0.000000 0.000000 -1.000000
vn 0.000000 0.000000 -1.000000
vn -0.000000 0.000000 1.000000
vn -0.000000 0.000000 1.000000
vn -0.261557 0.965188 0.000000
vn -0.261557 0.965188 0.000000
vn 0.000000 0.000000 1.000000
vn 0.000000 0.000000 1.000000
vn 0.000000 0.000000 -1.000000
vn 0.000000 0.000000 -1.000000
vn -0.999753 -0.022219 0.000000
vn -0.999753 -0.022219 0.000000
vn 0.000000 0.000000 -1.000000
vn 0.000000 0.000000 -1.000000
vn -0.999486 0.032067 0.000000
vn -0.999486 0.032067 0.000000
vn 0.000000 0.000000 1.000000
vn 0.000000 0.000000 1.000000
vn 0.000000 0.000000 1.000000
vn 0.000000 0.000000 1.000000
vn 0.000000 0.000000 -1.000000
vn 0.000000 0.000000 -1.000000
vn -0.999828 -0.018556 0.000000
vn -0.999828 -0.018556 0.000000
vn 0.000000 0.000000 -1.000000
vn 0.000000 0.000000 -1.000000
vn 0.000000 0.000000 1.000000
vn 0.000000 0.000000 1.000000
vn -0.181831 0.983330 0.000000
vn -0.181831 0.983330 0.000000
s 1
g group6 polySurface107
usemtl lambert2SG
f 647/1077/1491 644/1078/1492 637/1079/1493 639/1080/1494
s 2
f 645/1081/1495 646/1082/1496 641/1083/1497 643/1084/1498
s 3
f 644/1085/1499 645/1086/1500 643/1087/1501 637/1088/1502
f 642/1089/1503 645/1086/1500 644/1085/1499 636/1090/1504
s 2
f 640/1091/1505 646/1082/1496 645/1081/1495 642/1092/1506
s 1
f 636/1093/1507 644/1078/1492 647/1077/1491 638/1094/1508
s 4
f 659/1095/1509 656/1096/1510 649/1097/1511 651/1098/1512
s 5
f 657/1099/1513 658/1100/1514 653/1101/1515 655/1102/1516
s 6
f 656/1103/1517 657/1104/1518 655/1105/1519 649/1106/1520
f 654/1107/1521 657/1104/1518 656/1103/1517 648/1108/1522
s 5
f 652/1109/1523 658/1100/1514 657/1099/1513 654/1110/1524
s 4
f 648/1111/1525 656/1096/1510 659/1095/1509 650/1112/1526
s 7
f 671/1113/1527 668/1114/1528 661/1115/1529 663/1116/1530
s 8
f 669/1117/1531 670/1118/1532 665/1119/1533 667/1120/1534
s 9
f 668/1121/1535 669/1122/1536 667/1123/1537 661/1124/1538
f 666/1125/1539 669/1122/1536 668/1121/1535 660/1126/1540
s 8
f 664/1127/1541 670/1118/1532 669/1117/1531 666/1128/1542
s 7
f 660/1129/1543 668/1114/1528 671/1113/1527 662/1130/1544
s 10
f 708/1131/1545 707/1132/1546 706/1133/1547 709/1134/1548
s off
f 696/1135/1549 699/1136/1550 698/1137/1551 697/1138/1552
s 11
f 709/1139/1553 706/1140/1554 705/1141/1555 710/1142/1556
s 12
f 711/1143/1557 704/1144/1558 707/1145/1559 708/1146/1560
s 10
f 712/1147/1561 680/1148/1562 681/1149/1563 713/1150/1564
s 11
f 713/1151/1565 681/1152/1566 682/1153/1567 714/1154/1568
s 12
f 715/1155/1569 683/1156/1570 680/1157/1571 712/1158/1572
s 11
f 717/1159/1573 685/1160/1574 686/1161/1575 718/1162/1576
s 10
f 718/1163/1577 686/1164/1578 687/1165/1579 719/1166/1580
s 12
f 719/1167/1581 687/1168/1582 684/1169/1583 716/1170/1584
s off
f 685/1160/1585 689/1171/1586 690/1172/1587 686/1161/1588
f 686/1164/1589 690/1173/1590 691/1174/1591 687/1165/1592
f 687/1168/1593 691/1175/1594 688/1176/1595 684/1169/1596
f 689/1171/1597 693/1177/1598 694/1178/1599 690/1172/1600
f 690/1173/1601 694/1179/1602 695/1180/1603 691/1174/1604
f 691/1175/1605 695/1181/1606 692/1182/1607 688/1176/1608
f 693/1177/1609 697/1183/1610 698/1184/1611 694/1178/1612
f 694/1179/1613 698/1137/1614 699/1136/1615 695/1180/1616
f 695/1181/1617 699/1185/1618 696/1186/1619 692/1182/1620
s 10
f 674/1187/1621 700/1188/1622 701/1189/1623 675/1190/1624
s 11
f 675/1191/1625 701/1192/1626 702/1193/1627 677/1194/1628
s 12
f 676/1195/1629 703/1196/1630 700/1197/1631 674/1198/1632
s 11
f 706/1140/1554 675/1191/1625 677/1194/1628 705/1141/1555
s 10
f 707/1132/1546 674/1187/1621 675/1190/1624 706/1133/1547
s 12
f 704/1144/1558 676/1195/1629 674/1198/1632 707/1145/1559
s 10
f 680/1199/1562 708/1131/1545 709/1134/1548 681/1200/1563
s 11
f 681/1152/1566 709/1139/1553 710/1142/1556 682/1153/1567
s 12
f 683/1156/1570 711/1143/1557 708/1146/1560 680/1157/1571
s 10
f 672/1201/1633 712/1147/1561 713/1150/1564 673/1202/1634
s 11
f 673/1203/1635 713/1151/1565 714/1154/1568 679/1204/1636
s 12
f 678/1205/1637 715/1155/1569 712/1158/1572 672/1206/1638
s 11
f 679/1204/1636 717/1159/1573 718/1162/1576 673/1203/1635
s 10
f 673/1202/1634 718/1163/1577 719/1166/1580 672/1201/1633
s 12
f 672/1206/1638 719/1167/1581 716/1170/1584 678/1205/1637
s 16
f 812/1207/1639 813/1208/1640 729/1209/1641 730/1210/1642
f 842/1211/1643 843/1212/1644 733/1213/1645 734/1214/1646
f 862/1215/1647 863/1216/1648 735/1217/1649 736/1218/1650
f 852/1219/1651 853/1220/1652 732/1221/1653 731/1222/1654
f 882/1223/1655 883/1224/1656 739/1225/1657 740/1226/1658
f 872/1227/1659 873/1228/1660 728/1229/1661 727/1230/1662
f 777/1231/1663 738/1232/1664 737/1233/1665 776/1234/1666
f 736/1218/1650 735/1217/1649 778/1235/1667 779/1236/1668
f 780/1237/1669 741/1238/1670 738/1232/1664 777/1231/1663
f 732/1221/1653 853/1220/1652 854/1239/1671 742/1240/1672
f 733/1213/1645 843/1212/1644 844/1241/1673 743/1242/1674
f 739/1225/1657 883/1224/1656 884/1243/1675 744/1244/1676
f 728/1229/1661 873/1228/1660 874/1245/1677 745/1246/1678
f 729/1209/1641 813/1208/1640 814/1247/1679 746/1248/1680
f 735/1217/1649 863/1216/1648 864/1249/1681 747/1250/1682
f 778/1235/1667 735/1217/1649 747/1250/1682 781/1251/1683
f 782/1252/1684 748/1253/1685 741/1238/1670 780/1237/1669
f 742/1240/1672 854/1239/1671 855/1254/1686 749/1255/1687
f 743/1242/1674 844/1241/1673 845/1256/1688 750/1257/1689
f 744/1244/1676 884/1243/1675 885/1258/1690 751/1259/1691
f 745/1246/1678 874/1245/1677 875/1260/1692 752/1261/1693
f 746/1248/1680 814/1247/1679 815/1262/1694 753/1263/1695
f 747/1250/1682 864/1249/1681 865/1264/1696 754/1265/1697
f 781/1251/1683 747/1250/1682 754/1265/1697 783/1266/1698
f 784/1267/1699 755/1268/1700 748/1253/1685 782/1252/1684
f 749/1255/1687 855/1254/1686 856/1269/1701 756/1270/1702
f 750/1257/1689 845/1256/1688 846/1271/1703 757/1272/1704
f 751/1259/1691 885/1258/1690 886/1273/1705 758/1274/1706
f 752/1261/1693 875/1260/1692 876/1275/1707 759/1276/1708
f 753/1263/1695 815/1262/1694 816/1277/1709 760/1278/1710
f 754/1265/1697 865/1264/1696 866/1279/1711 761/1280/1712
f 783/1266/1698 754/1265/1697 761/1280/1712 785/1281/1713
f 786/1282/1714 787/1283/1715 755/1268/1700 784/1267/1699
f 756/1270/1702 856/1269/1701 857/1284/1716 788/1285/1717
f 757/1272/1704 846/1271/1703 847/1286/1718 789/1287/1719
f 758/1274/1706 886/1273/1705 887/1288/1720 790/1289/1721
f 759/1276/1708 876/1275/1707 877/1290/1722 791/1291/1723
f 760/1278/1710 816/1277/1709 817/1292/1724 792/1293/1725
f 761/1280/1712 866/1279/1711 867/1294/1726 793/1295/1727
f 785/1281/1713 761/1280/1712 793/1295/1727 794/1296/1728
s 22
f 721/1297/1729 811/1298/1730 812/1207/1731 730/1210/1732
s 23
f 723/1299/1733 841/1300/1734 842/1211/1735 734/1214/1736
s 24
f 726/1301/1737 861/1302/1738 862/1215/1739 736/1218/1740
s 25
f 722/1303/1741 851/1304/1742 852/1219/1743 731/1222/1744
s 22
f 720/1305/1745 881/1306/1746 882/1223/1747 740/1226/1748
f 724/1307/1749 871/1308/1750 872/1227/1751 727/1230/1752
s 25
f 725/1309/1753 776/1234/1754 737/1233/1755
s 24
f 779/1236/1756 726/1301/1737 736/1218/1757
s off
f 986/1310/1758 987/1311/1759 988/1312/1760 989/1313/1761
s 30
f 976/1314/1762 977/1315/1763 978/1316/1764 979/1317/1765
s off
f 966/1318/1766 967/1319/1767 968/1320/1768 969/1321/1769
f 944/1322/1770 945/1323/1771 946/1324/1772 947/1325/1773
f 930/1326/1774 931/1327/1775 932/1328/1776 933/1329/1777
f 910/1330/1778 911/1331/1779 912/1332/1780 913/1333/1781
f 902/1334/1782 903/1335/1783 904/1336/1784 905/1337/1785
s 31
f 795/1338/1786 762/1339/1787 769/1340/1788 796/1341/1789
f 849/1342/1790 850/1343/1791 763/1344/1792 770/1345/1793
s 33
f 839/1346/1794 840/1347/1795 764/1348/1796 771/1349/1797
s 34
f 879/1350/1798 880/1351/1799 765/1352/1800 772/1353/1801
f 869/1354/1802 870/1355/1803 766/1356/1804 773/1357/1805
f 809/1358/1806 810/1359/1807 767/1360/1808 774/1361/1809
s 37
f 859/1362/1810 860/1363/1811 768/1364/1812 775/1365/1813
f 768/1364/1812 797/1366/1814 798/1367/1815 775/1365/1816
s off
f 796/1341/1817 769/1340/1818 799/1368/1819 800/1369/1820
s 39
f 848/1370/1821 849/1342/1822 770/1345/1823 801/1371/1824
s 40
f 838/1372/1825 839/1346/1826 771/1349/1827 802/1373/1828
s 41
f 878/1374/1829 879/1350/1830 772/1353/1831 803/1375/1832
s 42
f 868/1376/1833 869/1354/1834 773/1357/1835 804/1377/1836
s 43
f 808/1378/1837 809/1358/1838 774/1361/1839 805/1379/1840
s 44
f 858/1380/1841 859/1362/1842 775/1365/1843 806/1381/1844
s off
f 775/1365/1845 798/1367/1846 807/1382/1847 806/1381/1848
f 900/1383/1849 899/1384/1850 898/1385/1851 901/1386/1852
s 43
f 773/1357/1853 809/1358/1838 808/1378/1837 804/1377/1854
s 34
f 766/1356/1804 810/1359/1807 809/1358/1806 773/1357/1855
s off
f 918/1387/1856 920/1388/1857 921/1389/1858 919/1390/1859
s 22
f 812/1207/1731 811/1298/1730 724/1307/1749 727/1230/1860
s 16
f 727/1230/1662 728/1229/1661 813/1208/1640 812/1207/1639
f 814/1247/1679 813/1208/1640 728/1229/1661 745/1246/1678
f 815/1262/1694 814/1247/1679 745/1246/1678 752/1261/1693
f 816/1277/1709 815/1262/1694 752/1261/1693 759/1276/1708
f 817/1292/1724 816/1277/1709 759/1276/1708 791/1291/1723
s 42
f 772/1353/1861 819/1391/1862 818/1392/1863 803/1375/1864
s 34
f 765/1352/1800 820/1393/1865 819/1391/1866 772/1353/1867
s off
f 936/1394/1868 938/1395/1869 939/1396/1870 937/1397/1871
s 22
f 822/1398/1872 821/1399/1873 720/1305/1745 740/1226/1874
s 16
f 740/1226/1658 739/1225/1657 823/1400/1875 822/1398/1876
f 824/1401/1877 823/1400/1875 739/1225/1657 744/1244/1676
f 825/1402/1878 824/1401/1877 744/1244/1676 751/1259/1691
f 826/1403/1879 825/1402/1878 751/1259/1691 758/1274/1706
f 827/1404/1880 826/1403/1879 758/1274/1706 790/1289/1721
s 41
f 771/1349/1881 829/1405/1882 828/1406/1883 802/1373/1884
s 34
f 764/1348/1885 830/1407/1886 829/1405/1887 771/1349/1888
s off
f 958/1408/1889 959/1409/1890 960/1410/1891 961/1411/1892
s 22
f 832/1412/1893 831/1413/1894 723/1299/1895 734/1214/1896
s 16
f 734/1214/1646 733/1213/1645 833/1414/1897 832/1412/1898
f 834/1415/1899 833/1414/1897 733/1213/1645 743/1242/1674
f 835/1416/1900 834/1415/1899 743/1242/1674 750/1257/1689
f 836/1417/1901 835/1416/1900 750/1257/1689 757/1272/1704
f 837/1418/1902 836/1417/1901 757/1272/1704 789/1287/1719
s 40
f 770/1345/1903 839/1346/1826 838/1372/1825 801/1371/1904
s 33
f 763/1344/1905 840/1347/1795 839/1346/1794 770/1345/1906
s off
f 972/1419/1907 974/1420/1908 975/1421/1909 973/1422/1910
s 23
f 842/1211/1735 841/1300/1734 722/1303/1911 731/1222/1912
s 16
f 731/1222/1654 732/1221/1653 843/1212/1644 842/1211/1643
f 844/1241/1673 843/1212/1644 732/1221/1653 742/1240/1672
f 845/1256/1688 844/1241/1673 742/1240/1672 749/1255/1687
f 846/1271/1703 845/1256/1688 749/1255/1687 756/1270/1702
f 847/1286/1718 846/1271/1703 756/1270/1702 788/1285/1717
s 39
f 769/1340/1913 849/1342/1822 848/1370/1821 799/1368/1914
s 31
f 762/1339/1787 850/1343/1791 849/1342/1790 769/1340/1915
s off
f 982/1423/1916 984/1424/1917 985/1425/1918 983/1426/1919
s 25
f 852/1219/1743 851/1304/1742 725/1309/1753 737/1233/1920
s 16
f 737/1233/1665 738/1232/1664 853/1220/1652 852/1219/1651
f 854/1239/1671 853/1220/1652 738/1232/1664 741/1238/1670
f 855/1254/1686 854/1239/1671 741/1238/1670 748/1253/1685
f 856/1269/1701 855/1254/1686 748/1253/1685 755/1268/1700
f 857/1284/1716 856/1269/1701 755/1268/1700 787/1283/1715
s 44
f 774/1361/1921 859/1362/1842 858/1380/1841 805/1379/1922
s 37
f 767/1360/1923 860/1363/1811 859/1362/1810 774/1361/1924
s off
f 894/1427/1925 889/1428/1926 888/1429/1927 895/1430/1928
s 24
f 862/1215/1739 861/1302/1738 721/1297/1929 730/1210/1930
s 16
f 730/1210/1642 729/1209/1641 863/1216/1648 862/1215/1647
f 864/1249/1681 863/1216/1648 729/1209/1641 746/1248/1680
f 865/1264/1696 864/1249/1681 746/1248/1680 753/1263/1695
f 866/1279/1711 865/1264/1696 753/1263/1695 760/1278/1710
f 867/1294/1726 866/1279/1711 760/1278/1710 792/1293/1725
s 42
f 818/1392/1863 819/1391/1862 869/1354/1834 868/1376/1833
s 34
f 819/1391/1866 820/1393/1865 870/1355/1803 869/1354/1802
s off
f 928/1431/1931 929/1432/1932 925/1433/1933 924/1434/1934
s 22
f 872/1227/1751 871/1308/1750 821/1399/1873 822/1398/1872
s 16
f 822/1398/1876 823/1400/1875 873/1228/1660 872/1227/1659
f 874/1245/1677 873/1228/1660 823/1400/1875 824/1401/1877
f 875/1260/1692 874/1245/1677 824/1401/1877 825/1402/1878
f 876/1275/1707 875/1260/1692 825/1402/1878 826/1403/1879
f 877/1290/1722 876/1275/1707 826/1403/1879 827/1404/1880
s 41
f 828/1406/1883 829/1405/1882 879/1350/1830 878/1374/1829
s 34
f 829/1405/1887 830/1407/1886 880/1351/1799 879/1350/1798
s off
f 954/1435/1935 953/1436/1936 956/1437/1937 957/1438/1938
s 22
f 882/1223/1747 881/1306/1746 831/1413/1894 832/1412/1893
s 16
f 832/1412/1898 833/1414/1897 883/1224/1656 882/1223/1655
f 884/1243/1675 883/1224/1656 833/1414/1897 834/1415/1899
f 885/1258/1690 884/1243/1675 834/1415/1899 835/1416/1900
f 886/1273/1705 885/1258/1690 835/1416/1900 836/1417/1901
f 887/1288/1720 886/1273/1705 836/1417/1901 837/1418/1902
s 24
f 861/1439/1738 726/1440/1737 890/1441/1939 889/1442/1940
s 37
f 768/1443/1812 860/1444/1811 888/1445/1941 891/1446/1942
f 797/1447/1814 768/1443/1812 891/1446/1942 892/1448/1943
s 24
f 726/1440/1737 779/1449/1756 893/1450/1944 890/1441/1939
s off
f 779/1451/1945 797/1452/1946 892/1453/1947 893/1454/1948
s 24
f 721/1455/1929 861/1439/1738 889/1442/1940 894/1456/1949
s 37
f 860/1444/1811 767/1457/1923 895/1458/1950 888/1445/1941
s off
f 767/1459/1951 721/1460/1952 894/1461/1953 895/1462/1954
s 47
f 888/1463/1955 889/1464/1956 897/1465/1957 896/1466/1958
s 48
f 889/1442/1959 890/1441/1960 898/1467/1961 897/1468/1962
s 49
f 891/1446/1963 888/1445/1964 896/1469/1965 899/1470/1966
s off
f 892/1448/1967 891/1446/1968 899/1470/1969 900/1471/1970
f 890/1441/1971 893/1450/1972 901/1472/1973 898/1467/1974
f 893/1454/1975 892/1453/1976 900/1473/1977 901/1474/1978
s 47
f 896/1466/1958 897/1465/1957 903/1475/1979 902/1476/1980
s 48
f 897/1468/1962 898/1467/1961 904/1477/1981 903/1478/1982
s off
f 898/1479/1983 899/1480/1984 905/1481/1985 904/1482/1986
s 49
f 899/1470/1966 896/1469/1965 902/1483/1987 905/1484/1988
s 22
f 871/1485/1750 724/1486/1749 908/1487/1989 907/1488/1990
s 34
f 766/1489/1804 870/1490/1803 906/1491/1991 909/1492/1992
s 22
f 811/1493/1730 721/1494/1729 912/1495/1993 911/1496/1994
s off
f 721/1497/1995 767/1498/1996 913/1499/1997 912/1500/1998
s 34
f 767/1501/1808 810/1502/1807 910/1503/1999 913/1504/2000
s 22
f 724/1486/1749 811/1493/1730 911/1496/1994 908/1487/1989
s 34
f 810/1502/1807 766/1489/1804 909/1492/1992 910/1503/1999
s off
f 820/1505/2001 821/1506/2002 915/1507/2003 914/1508/2004
s 22
f 821/1509/1873 871/1485/1750 907/1488/1990 915/1510/2005
s 34
f 870/1490/1803 820/1511/1865 914/1512/2006 906/1491/1991
s off
f 907/1488/2007 908/1487/2008 918/1513/2009 917/1514/2010
f 909/1492/2011 906/1491/2012 916/1515/2013 919/1516/2014
f 908/1487/2015 911/1496/2016 920/1517/2017 918/1513/2018
f 911/1518/2019 910/1519/2020 921/1520/2021 920/1521/2022
f 910/1503/2023 909/1492/2024 919/1516/2025 921/1522/2026
f 914/1508/2027 915/1507/2028 923/1523/2029 922/1524/2030
f 915/1510/2031 907/1488/2032 917/1514/2033 923/1525/2034
f 906/1491/2035 914/1512/2036 922/1526/2037 916/1515/2038
f 917/1514/2039 918/1513/2040 926/1527/2041 925/1528/2042
f 918/1529/2043 919/1530/2044 927/1531/2045 926/1532/2046
f 919/1516/2047 916/1515/2048 924/1533/2049 927/1534/2050
f 922/1524/2051 923/1523/2052 929/1535/2053 928/1536/2054
f 923/1525/2055 917/1514/2056 925/1528/2057 929/1537/2058
f 916/1515/2059 922/1526/2060 928/1538/2061 924/1533/2062
f 924/1539/2063 925/1540/2064 931/1541/2065 930/1542/2066
f 925/1528/2067 926/1527/2068 932/1543/2069 931/1544/2070
f 926/1532/2071 927/1531/2072 933/1545/2073 932/1546/2074
f 927/1534/2075 924/1533/2076 930/1547/2077 933/1548/2078
s 22
f 881/1549/1746 720/1550/1745 936/1551/2079 935/1552/2080
s 34
f 765/1553/1800 880/1554/1799 934/1555/2081 937/1556/2082
s 22
f 720/1550/1745 821/1557/1873 938/1558/2083 936/1551/2079
s off
f 821/1559/2084 820/1560/2085 939/1561/2086 938/1562/2087
s 34
f 820/1563/1865 765/1553/1800 937/1556/2082 939/1564/2088
s 22
f 723/1565/1895 831/1566/1894 941/1567/2089 940/1568/2090
s 34
f 830/1569/1886 764/1570/1885 943/1571/2091 942/1572/2092
s off
f 764/1573/2093 723/1574/2094 940/1575/2095 943/1576/2096
s 22
f 831/1566/1894 881/1549/1746 935/1552/2080 941/1567/2089
s 34
f 880/1554/1799 830/1569/1886 942/1572/2092 934/1555/2081
s off
f 935/1552/2097 936/1551/2098 946/1577/2099 945/1578/2100
f 936/1579/2101 937/1580/2102 947/1581/2103 946/1582/2104
f 937/1556/2105 934/1555/2106 944/1583/2107 947/1584/2108
f 940/1568/2109 941/1567/2110 949/1585/2111 948/1586/2112
f 942/1572/2113 943/1571/2114 951/1587/2115 950/1588/2116
f 943/1576/2117 940/1575/2118 948/1589/2119 951/1590/2120
f 941/1567/2121 935/1552/2122 945/1578/2123 949/1585/2124
f 934/1555/2125 942/1572/2126 950/1588/2127 944/1583/2128
f 948/1586/2129 949/1585/2130 953/1591/2131 952/1592/2132
f 950/1588/2133 951/1587/2134 955/1593/2135 954/1594/2136
f 951/1590/2137 948/1589/2138 952/1595/2139 955/1596/2140
f 949/1585/2141 945/1578/2142 956/1597/2143 953/1591/2144
f 945/1323/2145 944/1322/2146 957/1438/2147 956/1437/2148
f 944/1583/2149 950/1588/2150 954/1594/2151 957/1598/2152
f 952/1592/2153 953/1591/2154 959/1599/2155 958/1600/2156
f 953/1601/2157 954/1602/2158 960/1603/2159 959/1604/2160
f 954/1594/2161 955/1593/2162 961/1605/2163 960/1606/2164
f 955/1596/2165 952/1595/2166 958/1607/2167 961/1608/2168
s 50
f 850/1609/2169 851/1610/2170 963/1611/2171 962/1612/2172
s off
f 851/1613/2173 722/1614/2174 996/1615/2175 997/1616/2176
f 763/1617/2177 850/1618/2178 990/1619/2179 991/1620/2180
f 841/1621/2181 723/1622/2182 968/1623/2183 967/1624/2184
f 723/1625/2185 764/1626/2186 969/1627/2187 968/1628/2188
f 764/1629/2189 840/1630/2190 966/1631/2191 969/1632/2192
f 722/1633/2193 841/1621/2194 967/1624/2195 964/1634/2196
f 840/1630/2197 763/1635/2198 965/1636/2199 966/1631/2200
s 50
f 962/1612/2201 963/1611/2171 971/1637/2202 970/1638/2203
s off
f 997/1616/2204 996/1615/2205 998/1639/2206 999/1640/2207
f 991/1620/2208 990/1619/2209 992/1641/2210 993/1642/2211
f 964/1634/2212 967/1624/2213 974/1643/2214 972/1644/2215
f 967/1645/2216 966/1646/2217 975/1647/2218 974/1648/2219
f 966/1631/2220 965/1636/2221 973/1649/2222 975/1650/2223
s 50
f 970/1638/2224 971/1637/2202 977/1651/2225 976/1652/2226
s off
f 999/1640/2227 998/1639/2228 1000/1653/2229 1001/1654/2230
s 53
f 972/1655/2231 973/1656/2232 979/1657/2233 978/1658/2234
s off
f 993/1642/2235 992/1641/2236 994/1659/2237 995/1660/2238
f 795/1661/2239 776/1662/2240 981/1663/2241 980/1664/2242
s 25
f 776/1665/1754 725/1666/1753 982/1667/2243 981/1668/2244
s 31
f 762/1669/1787 795/1670/1786 980/1671/2245 983/1672/2246
s 25
f 725/1666/1753 851/1673/1742 984/1674/2247 982/1667/2243
s off
f 851/1675/2248 850/1676/2249 985/1677/2250 984/1678/2251
s 31
f 850/1679/1791 762/1669/1787 983/1672/2246 985/1680/2252
s off
f 980/1664/2253 981/1663/2254 987/1681/2255 986/1682/2256
f 981/1668/2257 982/1667/2258 988/1683/2259 987/1684/2260
f 982/1685/2261 983/1686/2262 989/1687/2263 988/1688/2264
f 983/1672/2265 980/1671/2266 986/1689/2267 989/1690/2268
f 850/1609/2269 962/1612/2270 990/1691/2271
f 965/1692/2272 763/1693/2273 991/1694/2274
f 962/1612/2275 970/1638/2276 992/1695/2277 990/1691/2278
f 973/1656/2279 965/1692/2280 991/1694/2281 993/1696/2282
f 970/1638/2283 976/1652/2284 994/1697/2285 992/1695/2286
f 976/1314/2287 979/1317/2288 995/1698/2289 994/1699/2290
f 979/1657/2291 973/1656/2292 993/1696/2293 995/1700/2294
s 53
f 722/1701/2295 964/1702/2296 996/1703/2297
s 50
f 963/1611/2171 851/1610/2170 997/1704/2298
s 53
f 964/1702/2296 972/1655/2231 998/1705/2299 996/1703/2297
s 50
f 971/1637/2202 963/1611/2171 997/1704/2298 999/1706/2300
s 53
f 972/1655/2231 978/1658/2234 1000/1707/2301 998/1705/2299
s 30
f 978/1316/1764 977/1315/1763 1001/1708/2302 1000/1709/2303
s 50
f 977/1651/2225 971/1637/2202 999/1706/2300 1001/1710/2304
s 55
f 1026/1711/2305 1027/1712/2306 1015/1713/2307 1014/1714/2308
f 1027/1712/2306 1028/1715/2309 1016/1716/2310 1015/1713/2307
f 1028/1715/2309 1029/1717/2311 1017/1718/2312 1016/1716/2310
f 1029/1717/2311 1030/1719/2313 1018/1720/2314 1017/1718/2312
f 1030/1719/2313 1031/1721/2315 1019/1722/2316 1018/1720/2314
f 1031/1721/2315 1032/1723/2317 1020/1724/2318 1019/1722/2316
f 1032/1723/2317 1033/1725/2319 1021/1726/2320 1020/1724/2318
f 1033/1725/2319 1034/1727/2321 1022/1728/2322 1021/1726/2320
f 1034/1727/2321 1035/1729/2323 1023/1730/2324 1022/1728/2322
f 1035/1729/2323 1036/1731/2325 1024/1732/2326 1023/1730/2324
f 1036/1731/2325 1037/1733/2327 1025/1734/2328 1024/1732/2326
f 1037/1733/2327 1026/1735/2305 1014/1736/2308 1025/1734/2328
f 1002/1737/2329 1003/1738/2330 1027/1712/2306 1026/1711/2305
f 1003/1738/2330 1004/1739/2331 1028/1715/2309 1027/1712/2306
f 1004/1739/2331 1005/1740/2332 1029/1717/2311 1028/1715/2309
f 1005/1740/2332 1006/1741/2333 1030/1719/2313 1029/1717/2311
f 1006/1741/2333 1007/1742/2334 1031/1721/2315 1030/1719/2313
f 1007/1742/2334 1008/1743/2335 1032/1723/2317 1031/1721/2315
f 1008/1743/2335 1009/1744/2336 1033/1725/2319 1032/1723/2317
f 1009/1744/2336 1010/1745/2337 1034/1727/2321 1033/1725/2319
f 1010/1745/2337 1011/1746/2338 1035/1729/2323 1034/1727/2321
f 1011/1746/2338 1012/1747/2339 1036/1731/2325 1035/1729/2323
f 1012/1747/2339 1013/1748/2340 1037/1733/2327 1036/1731/2325
f 1013/1748/2340 1002/1749/2329 1026/1735/2305 1037/1733/2327
s off
f 1014/1714/2341 1015/1713/2342 1038/1750/2343
f 1015/1713/2344 1016/1716/2345 1038/1750/2346
f 1016/1716/2347 1017/1718/2348 1038/1750/2349
f 1017/1718/2350 1018/1720/2351 1038/1750/2352
f 1018/1720/2353 1019/1722/2354 1038/1750/2355
f 1019/1722/2356 1020/1724/2357 1038/1751/2358
f 1020/1724/2359 1021/1726/2360 1038/1751/2361
f 1021/1726/2362 1022/1728/2363 1038/1751/2364
f 1022/1728/2365 1023/1730/2366 1038/1751/2367
f 1023/1730/2368 1024/1732/2369 1038/1751/2370
f 1024/1732/2371 1025/1734/2372 1038/1751/2373
f 1025/1734/2374 1014/1736/2375 1038/1751/2376
s 56
f 1102/1752/2377 1049/1753/2378 1048/1754/2379 1103/1755/2380
f 1124/1756/2381 1053/1757/2382 1052/1758/2383 1125/1759/2384
f 1138/1760/2385 1055/1761/2386 1054/1762/2387 1139/1763/2388
f 1131/1764/2389 1050/1765/2390 1051/1766/2391 1132/1767/2392
f 1153/1768/2393 1059/1769/2394 1058/1770/2395 1154/1771/2396
f 1145/1772/2397 1046/1773/2398 1047/1774/2399 1146/1775/2400
f 1082/1776/2401 1081/1777/2402 1056/1778/2403 1057/1779/2404
f 1055/1761/2386 1084/1780/2405 1083/1781/2406 1054/1762/2387
f 1051/1766/2391 1061/1782/2407 1133/1783/2408 1132/1767/2392
f 1052/1758/2383 1062/1784/2409 1126/1785/2410 1125/1759/2384
f 1058/1770/2395 1063/1786/2411 1155/1787/2412 1154/1771/2396
f 1047/1774/2399 1064/1788/2413 1147/1789/2414 1146/1775/2400
f 1048/1754/2379 1065/1790/2415 1104/1791/2416 1103/1755/2380
f 1064/1788/2413 1066/1792/2417 1148/1793/2418 1147/1789/2414
s 60
f 1040/1794/2419 1049/1753/2420 1102/1752/2421 1101/1795/2422
s 61
f 1042/1796/2423 1053/1757/2424 1124/1756/2425 1123/1797/2426
s 62
f 1045/1798/2427 1055/1761/2428 1138/1760/2429 1137/1799/2430
s 63
f 1041/1800/2431 1050/1765/2432 1131/1764/2433 1130/1801/2434
s 60
f 1039/1802/2435 1059/1769/2436 1153/1768/2437 1152/1803/2438
f 1043/1804/2439 1046/1773/2440 1145/1772/2441 1144/1805/2442
s 63
f 1044/1806/2443 1056/1778/2444 1081/1777/2445
s 62
f 1084/1780/2446 1055/1761/2447 1045/1798/2427
s off
f 1254/1807/2448 1257/1808/2449 1256/1809/2450 1255/1810/2451
s 68
f 1244/1811/2452 1247/1812/2453 1246/1813/2454 1245/1814/2455
s off
f 1234/1815/2456 1237/1816/2457 1236/1817/2458 1235/1818/2459
f 1212/1819/2460 1215/1820/2461 1214/1821/2462 1213/1822/2463
f 1198/1823/2464 1201/1824/2465 1200/1825/2466 1199/1826/2467
f 1178/1827/2468 1181/1828/2469 1180/1829/2470 1179/1830/2471
f 1170/1831/2472 1173/1832/2473 1172/1833/2474 1171/1834/2475
s 69
f 1085/1835/2476 1086/1836/2477 1074/1837/2478 1067/1838/2479
f 1128/1839/2480 1075/1840/2481 1068/1841/2482 1129/1842/2483
s 71
f 1121/1843/2484 1076/1844/2485 1069/1845/2486 1122/1846/2487
s 72
f 1150/1847/2488 1077/1848/2489 1070/1849/2490 1151/1850/2491
f 1142/1851/2492 1078/1852/2493 1071/1853/2494 1143/1854/2495
f 1099/1855/2496 1079/1856/2497 1072/1857/2498 1100/1858/2499
s 75
f 1135/1859/2500 1080/1860/2501 1073/1861/2502 1136/1862/2503
f 1073/1861/2502 1080/1860/2504 1088/1863/2505 1087/1864/2506
s off
f 1086/1836/2507 1090/1865/2508 1089/1866/2509 1074/1837/2510
s 77
f 1127/1867/2511 1091/1868/2512 1075/1840/2513 1128/1839/2514
s 78
f 1120/1869/2515 1092/1870/2516 1076/1844/2517 1121/1843/2518
s 79
f 1149/1871/2519 1093/1872/2520 1077/1848/2521 1150/1847/2522
s 80
f 1141/1873/2523 1094/1874/2524 1078/1852/2525 1142/1851/2526
s 81
f 1098/1875/2527 1095/1876/2528 1079/1856/2529 1099/1855/2530
s 82
f 1134/1877/2531 1096/1878/2532 1080/1860/2533 1135/1859/2534
s off
f 1080/1860/2535 1096/1878/2536 1097/1879/2537 1088/1863/2538
f 1168/1880/2539 1169/1881/2540 1166/1882/2541 1167/1883/2542
s 81
f 1078/1852/2543 1094/1874/2544 1098/1875/2527 1099/1855/2530
s 72
f 1071/1853/2494 1078/1852/2545 1099/1855/2496 1100/1858/2499
s off
f 1186/1884/2546 1187/1885/2547 1189/1886/2548 1188/1887/2549
s 60
f 1102/1752/2421 1046/1773/2550 1043/1804/2439 1101/1795/2422
s 56
f 1046/1773/2398 1102/1752/2377 1103/1755/2380 1047/1774/2399
f 1104/1791/2416 1064/1788/2413 1047/1774/2399 1103/1755/2380
f 1105/1888/2551 1066/1792/2417 1064/1788/2413 1104/1791/2416
s 80
f 1077/1848/2552 1093/1872/2553 1106/1889/2554 1107/1890/2555
s 72
f 1070/1849/2490 1077/1848/2556 1107/1890/2557 1108/1891/2558
s off
f 1204/1892/2559 1205/1893/2560 1207/1894/2561 1206/1895/2562
s 60
f 1110/1896/2563 1059/1769/2564 1039/1802/2435 1109/1897/2565
s 56
f 1059/1769/2394 1110/1896/2566 1111/1898/2567 1058/1770/2395
f 1112/1899/2568 1063/1786/2411 1058/1770/2395 1111/1898/2567
s 79
f 1076/1844/2569 1092/1870/2570 1113/1900/2571 1114/1901/2572
s 72
f 1069/1845/2573 1076/1844/2574 1114/1901/2575 1115/1902/2576
s off
f 1226/1903/2577 1229/1904/2578 1228/1905/2579 1227/1906/2580
s 60
f 1117/1907/2581 1053/1757/2582 1042/1796/2583 1116/1908/2584
s 56
f 1053/1757/2382 1117/1907/2585 1118/1909/2586 1052/1758/2383
f 1119/1910/2587 1062/1784/2409 1052/1758/2383 1118/1909/2586
s 78
f 1075/1840/2588 1091/1868/2589 1120/1869/2515 1121/1843/2518
s 71
f 1068/1841/2590 1075/1840/2591 1121/1843/2484 1122/1846/2487
s off
f 1240/1911/2592 1241/1912/2593 1243/1913/2594 1242/1914/2595
s 61
f 1124/1756/2425 1050/1765/2596 1041/1800/2597 1123/1797/2426
s 56
f 1050/1765/2390 1124/1756/2381 1125/1759/2384 1051/1766/2391
f 1126/1785/2410 1061/1782/2407 1051/1766/2391 1125/1759/2384
s 77
f 1074/1837/2598 1089/1866/2599 1127/1867/2511 1128/1839/2514
s 69
f 1067/1838/2479 1074/1837/2600 1128/1839/2480 1129/1842/2483
s off
f 1250/1915/2601 1251/1916/2602 1253/1917/2603 1252/1918/2604
s 63
f 1131/1764/2433 1056/1778/2605 1044/1806/2443 1130/1801/2434
s 56
f 1056/1778/2403 1131/1764/2389 1132/1767/2392 1057/1779/2404
f 1133/1783/2408 1060/1919/2606 1057/1779/2404 1132/1767/2392
s 82
f 1079/1856/2607 1095/1876/2608 1134/1877/2531 1135/1859/2534
s 75
f 1072/1857/2609 1079/1856/2610 1135/1859/2500 1136/1862/2503
s off
f 1162/1920/2611 1163/1921/2612 1156/1922/2613 1157/1923/2614
s 62
f 1138/1760/2429 1049/1753/2615 1040/1794/2616 1137/1799/2430
s 56
f 1049/1753/2378 1138/1760/2385 1139/1763/2388 1048/1754/2379
f 1140/1924/2617 1065/1790/2415 1048/1754/2379 1139/1763/2388
s 80
f 1106/1889/2554 1141/1873/2523 1142/1851/2526 1107/1890/2555
s 72
f 1107/1890/2557 1142/1851/2492 1143/1854/2495 1108/1891/2558
s off
f 1196/1925/2618 1192/1926/2619 1193/1927/2620 1197/1928/2621
s 60
f 1145/1772/2441 1110/1896/2563 1109/1897/2565 1144/1805/2442
s 56
f 1110/1896/2566 1145/1772/2397 1146/1775/2400 1111/1898/2567
f 1147/1789/2414 1112/1899/2568 1111/1898/2567 1146/1775/2400
s 79
f 1113/1900/2571 1149/1871/2519 1150/1847/2522 1114/1901/2572
s 72
f 1114/1901/2575 1150/1847/2488 1151/1850/2491 1115/1902/2576
s off
f 1222/1929/2622 1225/1930/2623 1224/1931/2624 1221/1932/2625
s 60
f 1153/1768/2437 1117/1907/2581 1116/1908/2584 1152/1803/2438
s 56
f 1117/1907/2585 1153/1768/2393 1154/1771/2396 1118/1909/2586
f 1155/1787/2412 1119/1910/2587 1118/1909/2586 1154/1771/2396
s 62
f 1137/1933/2430 1157/1934/2626 1158/1935/2627 1045/1936/2427
s 75
f 1073/1937/2502 1159/1938/2628 1156/1939/2629 1136/1940/2503
f 1087/1941/2506 1160/1942/2630 1159/1938/2628 1073/1937/2502
s 62
f 1045/1936/2427 1158/1935/2627 1161/1943/2631 1084/1944/2446
s off
f 1084/1945/2632 1161/1946/2633 1160/1947/2634 1087/1948/2635
s 62
f 1040/1949/2616 1162/1950/2636 1157/1934/2626 1137/1933/2430
s 75
f 1136/1940/2503 1156/1939/2629 1163/1951/2637 1072/1952/2609
s off
f 1072/1953/2638 1163/1954/2639 1162/1955/2640 1040/1956/2641
s 85
f 1156/1957/2642 1164/1958/2643 1165/1959/2644 1157/1960/2645
s 86
f 1157/1934/2646 1165/1961/2647 1166/1962/2648 1158/1935/2649
s 87
f 1159/1938/2650 1167/1963/2651 1164/1964/2652 1156/1939/2653
s off
f 1160/1942/2654 1168/1965/2655 1167/1963/2656 1159/1938/2657
f 1158/1935/2658 1166/1962/2659 1169/1966/2660 1161/1943/2661
f 1161/1946/2662 1169/1967/2663 1168/1968/2664 1160/1947/2665
s 85
f 1164/1958/2643 1170/1969/2666 1171/1970/2667 1165/1959/2644
s 86
f 1165/1961/2647 1171/1971/2668 1172/1972/2669 1166/1962/2648
s off
f 1166/1973/2670 1172/1974/2671 1173/1975/2672 1167/1976/2673
s 87
f 1167/1963/2651 1173/1977/2674 1170/1978/2675 1164/1964/2652
s 60
f 1144/1979/2442 1175/1980/2676 1176/1981/2677 1043/1982/2439
s 72
f 1071/1983/2494 1177/1984/2678 1174/1985/2679 1143/1986/2495
s 60
f 1101/1987/2422 1179/1988/2680 1180/1989/2681 1040/1990/2419
s off
f 1040/1991/2682 1180/1992/2683 1181/1993/2684 1072/1994/2685
s 72
f 1072/1995/2498 1181/1996/2686 1178/1997/2687 1100/1998/2499
s 60
f 1043/1982/2439 1176/1981/2677 1179/1988/2680 1101/1987/2422
s 72
f 1100/1998/2499 1178/1997/2687 1177/1984/2678 1071/1983/2494
s off
f 1108/1999/2688 1182/2000/2689 1183/2001/2690 1109/2002/2691
s 60
f 1109/2003/2565 1183/2004/2692 1175/1980/2676 1144/1979/2442
s 72
f 1143/1986/2495 1174/1985/2679 1182/2005/2693 1108/2006/2558
s off
f 1175/1980/2694 1185/2007/2695 1186/2008/2696 1176/1981/2697
f 1177/1984/2698 1187/2009/2699 1184/2010/2700 1174/1985/2701
f 1176/1981/2702 1186/2008/2703 1188/2011/2704 1179/1988/2705
f 1179/2012/2706 1188/2013/2707 1189/2014/2708 1178/2015/2709
f 1178/1997/2710 1189/2016/2711 1187/2009/2712 1177/1984/2713
f 1182/2000/2714 1190/2017/2715 1191/2018/2716 1183/2001/2717
f 1183/2004/2718 1191/2019/2719 1185/2007/2720 1175/1980/2721
f 1174/1985/2722 1184/2010/2723 1190/2020/2724 1182/2005/2725
f 1185/2007/2726 1193/2021/2727 1194/2022/2728 1186/2008/2729
f 1186/2023/2730 1194/2024/2731 1195/2025/2732 1187/2026/2733
f 1187/2009/2734 1195/2027/2735 1192/2028/2736 1184/2010/2737
f 1190/2017/2738 1196/2029/2739 1197/2030/2740 1191/2018/2741
f 1191/2019/2742 1197/2031/2743 1193/2021/2744 1185/2007/2745
f 1184/2010/2746 1192/2028/2747 1196/2032/2748 1190/2020/2749
f 1192/2033/2750 1198/2034/2751 1199/2035/2752 1193/2036/2753
f 1193/2021/2754 1199/2037/2755 1200/2038/2756 1194/2022/2757
f 1194/2024/2758 1200/2039/2759 1201/2040/2760 1195/2025/2761
f 1195/2027/2762 1201/2041/2763 1198/2042/2764 1192/2028/2765
s 60
f 1152/2043/2438 1203/2044/2766 1204/2045/2767 1039/2046/2435
s 72
f 1070/2047/2490 1205/2048/2768 1202/2049/2769 1151/2050/2491
s 60
f 1039/2046/2435 1204/2045/2767 1206/2051/2770 1109/2052/2565
s off
f 1109/2053/2771 1206/2054/2772 1207/2055/2773 1108/2056/2774
s 72
f 1108/2057/2558 1207/2058/2775 1205/2048/2768 1070/2047/2490
s 60
f 1042/2059/2583 1208/2060/2776 1209/2061/2777 1116/2062/2584
s 72
f 1115/2063/2576 1210/2064/2778 1211/2065/2779 1069/2066/2573
s off
f 1069/2067/2780 1211/2068/2781 1208/2069/2782 1042/2070/2783
s 60
f 1116/2062/2584 1209/2061/2777 1203/2044/2766 1152/2043/2438
s 72
f 1151/2050/2491 1202/2049/2769 1210/2064/2778 1115/2063/2576
s off
f 1203/2044/2784 1213/2071/2785 1214/2072/2786 1204/2045/2787
f 1204/2073/2788 1214/2074/2789 1215/2075/2790 1205/2076/2791
f 1205/2048/2792 1215/2077/2793 1212/2078/2794 1202/2049/2795
f 1208/2060/2796 1216/2079/2797 1217/2080/2798 1209/2061/2799
f 1210/2064/2800 1218/2081/2801 1219/2082/2802 1211/2065/2803
f 1211/2068/2804 1219/2083/2805 1216/2084/2806 1208/2069/2807
f 1209/2061/2808 1217/2080/2809 1213/2071/2810 1203/2044/2811
f 1202/2049/2812 1212/2078/2813 1218/2081/2814 1210/2064/2815
f 1216/2079/2816 1220/2085/2817 1221/2086/2818 1217/2080/2819
f 1218/2081/2820 1222/2087/2821 1223/2088/2822 1219/2082/2823
f 1219/2083/2824 1223/2089/2825 1220/2090/2826 1216/2084/2827
f 1217/2080/2828 1221/2086/2829 1224/2091/2830 1213/2071/2831
f 1213/1822/2832 1224/1931/2833 1225/1930/2834 1212/1819/2835
f 1212/2078/2836 1225/2092/2837 1222/2087/2838 1218/2081/2839
f 1220/2085/2840 1226/2093/2841 1227/2094/2842 1221/2086/2843
f 1221/2095/2844 1227/2096/2845 1228/2097/2846 1222/2098/2847
f 1222/2087/2848 1228/2099/2849 1229/2100/2850 1223/2088/2851
f 1223/2089/2852 1229/2101/2853 1226/2102/2854 1220/2090/2855
s 88
f 1129/2103/2856 1230/2104/2857 1231/2105/2858 1130/2106/2859
s off
f 1130/2107/2860 1265/2108/2861 1264/2109/2862 1041/2110/2863
f 1068/2111/2864 1259/2112/2865 1258/2113/2866 1129/2114/2867
f 1123/2115/2868 1235/2116/2869 1236/2117/2870 1042/2118/2871
f 1042/2119/2872 1236/2120/2873 1237/2121/2874 1069/2122/2875
f 1069/2123/2876 1237/2124/2877 1234/2125/2878 1122/2126/2879
f 1041/2127/2880 1232/2128/2881 1235/2116/2882 1123/2115/2883
f 1122/2126/2884 1234/2125/2885 1233/2129/2886 1068/2130/2887
s 88
f 1230/2104/2888 1238/2131/2889 1239/2132/2890 1231/2105/2858
s off
f 1265/2108/2891 1267/2133/2892 1266/2134/2893 1264/2109/2894
f 1259/2112/2895 1261/2135/2896 1260/2136/2897 1258/2113/2898
f 1232/2128/2899 1240/2137/2900 1242/2138/2901 1235/2116/2902
f 1235/2139/2903 1242/2140/2904 1243/2141/2905 1234/2142/2906
f 1234/2125/2907 1243/2143/2908 1241/2144/2909 1233/2129/2910
s 88
f 1238/2131/2911 1244/2145/2912 1245/2146/2913 1239/2132/2890
s off
f 1267/2133/2914 1269/2147/2915 1268/2148/2916 1266/2134/2917
s 91
f 1240/2149/2918 1246/2150/2919 1247/2151/2920 1241/2152/2921
s off
f 1261/2135/2922 1263/2153/2923 1262/2154/2924 1260/2136/2925
f 1085/2155/2926 1248/2156/2927 1249/2157/2928 1081/2158/2929
s 63
f 1081/2159/2445 1249/2160/2930 1250/2161/2931 1044/2162/2443
s 69
f 1067/2163/2479 1251/2164/2932 1248/2165/2933 1085/2166/2476
s 63
f 1044/2162/2443 1250/2161/2931 1252/2167/2934 1130/2168/2434
s off
f 1130/2169/2935 1252/2170/2936 1253/2171/2937 1129/2172/2938
s 69
f 1129/2173/2483 1253/2174/2939 1251/2164/2932 1067/2163/2479
s off
f 1248/2156/2940 1254/2175/2941 1255/2176/2942 1249/2157/2943
f 1249/2160/2944 1255/2177/2945 1256/2178/2946 1250/2161/2947
f 1250/2179/2948 1256/2180/2949 1257/2181/2950 1251/2182/2951
f 1251/2164/2952 1257/2183/2953 1254/2184/2954 1248/2165/2955
f 1129/2103/2956 1258/2185/2957 1230/2104/2958
f 1233/2186/2959 1259/2187/2960 1068/2188/2961
f 1230/2104/2962 1258/2185/2963 1260/2189/2964 1238/2131/2965
f 1241/2152/2966 1261/2190/2967 1259/2187/2968 1233/2186/2969
f 1238/2131/2970 1260/2189/2971 1262/2191/2972 1244/2145/2973
f 1244/1811/2974 1262/2192/2975 1263/2193/2976 1247/1812/2977
f 1247/2151/2978 1263/2194/2979 1261/2190/2980 1241/2152/2981
s 91
f 1041/2195/2982 1264/2196/2983 1232/2197/2984
s 88
f 1231/2105/2858 1265/2198/2985 1130/2106/2859
s 91
f 1232/2197/2984 1264/2196/2983 1266/2199/2986 1240/2149/2918
s 88
f 1239/2132/2890 1267/2200/2987 1265/2198/2985 1231/2105/2858
s 91
f 1240/2149/2918 1266/2199/2986 1268/2201/2988 1246/2150/2919
s 68
f 1246/1813/2454 1268/2202/2989 1269/2203/2990 1245/1814/2455
s 88
f 1245/2146/2913 1269/2204/2991 1267/2200/2987 1239/2132/2890
s 93
f 1298/2205/2992 1299/2206/2993 1292/2207/2994 1293/2208/2995
s 94
f 1290/2209/2996 1291/2210/2997 1300/2211/2998 1301/2212/2999
s off
f 1276/2213/3000 1277/2214/3001 1271/2215/3002 1270/2216/3003
s 95
f 1301/2217/3004 1298/2218/3005 1293/2219/3006 1290/2220/3007
s 93
f 1282/2221/3008 1283/2222/3009 1295/2223/3010 1296/2224/3011
s 94
f 1297/2225/3012 1294/2226/3013 1284/2227/3014 1285/2228/3015
s 95
f 1285/2229/3016 1282/2230/3017 1296/2231/3018 1297/2232/3019
s 93
f 1286/2233/3020 1287/2234/3021 1307/2235/3022 1308/2236/3023
s 94
f 1309/2237/3024 1306/2238/3025 1288/2239/3026 1289/2240/3027
s 95
f 1289/2241/3028 1286/2242/3029 1308/2243/3030 1309/2244/3031
s 93
f 1310/2245/3032 1311/2246/3033 1287/2234/3021 1286/2233/3020
s 94
f 1289/2240/3027 1288/2239/3026 1312/2247/3034 1313/2248/3035
s 95
f 1313/2249/3036 1310/2250/3037 1286/2242/3029 1289/2241/3028
s 94
f 1302/2251/3038 1303/2252/3039 1291/2210/2997 1290/2209/2996
s 93
f 1293/2208/2995 1292/2207/2994 1304/2253/3040 1305/2254/3041
s 95
f 1290/2220/3007 1293/2219/3006 1305/2255/3042 1302/2256/3043
s 93
f 1296/2224/3011 1295/2223/3010 1279/2257/3044 1278/2258/3045
s 95
f 1297/2232/3019 1296/2231/3018 1278/2259/3046 1281/2260/3047
s 94
f 1281/2261/3048 1280/2262/3049 1294/2226/3013 1297/2225/3012
s 93
f 1278/2258/3045 1279/2257/3044 1299/2206/2993 1298/2205/2992
s 94
f 1301/2212/2999 1300/2211/2998 1280/2262/3049 1281/2261/3048
s 95
f 1281/2260/3047 1278/2259/3046 1298/2218/3005 1301/2217/3004
s 94
f 1274/2263/3050 1275/2264/3051 1303/2252/3039 1302/2251/3038
s 93
f 1305/2254/3041 1304/2253/3040 1273/2265/3052 1272/2266/3053
s 95
f 1302/2256/3043 1305/2255/3042 1272/2267/3054 1274/2268/3055
s 93
f 1308/2236/3023 1307/2235/3022 1283/2222/3009 1282/2221/3008
s 95
f 1309/2269/3031 1308/2270/3030 1282/2230/3017 1285/2229/3016
s 94
f 1285/2228/3015 1284/2227/3014 1306/2238/3025 1309/2237/3024
s 93
f 1270/2271/3056 1271/2272/3057 1311/2246/3033 1310/2245/3032
s 94
f 1313/2248/3035 1312/2247/3034 1277/2273/3058 1276/2274/3059
s 95
f 1276/2275/3060 1270/2276/3061 1310/2250/3037 1313/2249/3036
s 101
f 1342/2277/3062 1343/2278/3063 1336/2279/3064 1337/2280/3065
s 102
f 1334/2281/3066 1335/2282/3067 1344/2283/3068 1345/2284/3069
s off
f 1320/2285/3070 1321/2286/3071 1315/2287/3072 1314/2288/3073
s 103
f 1345/2289/3074 1342/2290/3075 1337/2291/3076 1334/2292/3077
s 101
f 1326/2293/3078 1327/2294/3079 1339/2295/3080 1340/2296/3081
s 102
f 1341/2297/3082 1338/2298/3083 1328/2299/3084 1329/2300/3085
s 103
f 1329/2301/3086 1326/2302/3087 1340/2303/3088 1341/2304/3089
s 101
f 1330/2305/3090 1331/2306/3091 1351/2307/3092 1352/2308/3093
s 102
f 1353/2309/3094 1350/2310/3095 1332/2311/3096 1333/2312/3097
s 103
f 1333/2313/3098 1330/2314/3099 1352/2315/3100 1353/2316/3101
s 101
f 1354/2317/3102 1355/2318/3103 1331/2306/3091 1330/2305/3090
s 102
f 1333/2312/3097 1332/2311/3096 1356/2319/3104 1357/2320/3105
s 103
f 1357/2321/3106 1354/2322/3107 1330/2314/3099 1333/2313/3098
s 102
f 1346/2323/3108 1347/2324/3109 1335/2282/3067 1334/2281/3066
s 101
f 1337/2280/3065 1336/2279/3064 1348/2325/3110 1349/2326/3111
s 103
f 1334/2292/3077 1337/2291/3076 1349/2327/3112 1346/2328/3113
s 101
f 1340/2296/3081 1339/2295/3080 1323/2329/3114 1322/2330/3115
s 103
f 1341/2304/3089 1340/2303/3088 1322/2331/3116 1325/2332/3117
s 102
f 1325/2333/3118 1324/2334/3119 1338/2298/3083 1341/2297/3082
s 101
f 1322/2330/3115 1323/2329/3114 1343/2278/3063 1342/2277/3062
s 102
f 1345/2284/3069 1344/2283/3068 1324/2334/3119 1325/2333/3118
s 103
f 1325/2332/3117 1322/2331/3116 1342/2290/3075 1345/2289/3074
s 102
f 1318/2335/3120 1319/2336/3121 1347/2324/3109 1346/2323/3108
s 101
f 1349/2326/3111 1348/2325/3110 1317/2337/3122 1316/2338/3123
s 103
f 1346/2328/3113 1349/2327/3112 1316/2339/3124 1318/2340/3125
s 101
f 1352/2308/3093 1351/2307/3092 1327/2294/3079 1326/2293/3078
s 103
f 1353/2341/3101 1352/2342/3100 1326/2302/3087 1329/2301/3086
s 102
f 1329/2300/3085 1328/2299/3084 1350/2310/3095 1353/2309/3094
s 101
f 1314/2343/3126 1315/2344/3127 1355/2318/3103 1354/2317/3102
s 102
f 1357/2320/3105 1356/2319/3104 1321/2345/3128 1320/2346/3129
s 103
f 1320/2347/3130 1314/2348/3131 1354/2322/3107 1357/2321/3106
s 109
f 1386/2349/3132 1387/2350/3133 1380/2351/3134 1381/2352/3135
s 110
f 1378/2353/3136 1379/2354/3137 1388/2355/3138 1389/2356/3139
s off
f 1364/2357/3140 1365/2358/3141 1359/2359/3142 1358/2360/3143
s 111
f 1389/2361/3144 1386/2362/3145 1381/2363/3146 1378/2364/3147
s 109
f 1370/2365/3148 1371/2366/3149 1383/2367/3150 1384/2368/3151
s 110
f 1385/2369/3152 1382/2370/3153 1372/2371/3154 1373/2372/3155
s 111
f 1373/2373/3156 1370/2374/3157 1384/2375/3158 1385/2376/3159
s 109
f 1374/2377/3160 1375/2378/3161 1395/2379/3162 1396/2380/3163
s 110
f 1397/2381/3164 1394/2382/3165 1376/2383/3166 1377/2384/3167
s 111
f 1377/2385/3168 1374/2386/3169 1396/2387/3170 1397/2388/3171
s 109
f 1398/2389/3172 1399/2390/3173 1375/2378/3161 1374/2377/3160
s 110
f 1377/2384/3167 1376/2383/3166 1400/2391/3174 1401/2392/3175
s 111
f 1401/2393/3176 1398/2394/3177 1374/2386/3169 1377/2385/3168
s 110
f 1390/2395/3178 1391/2396/3179 1379/2354/3137 1378/2353/3136
s 109
f 1381/2352/3135 1380/2351/3134 1392/2397/3180 1393/2398/3181
s 111
f 1378/2364/3147 1381/2363/3146 1393/2399/3182 1390/2400/3183
s 109
f 1384/2368/3151 1383/2367/3150 1367/2401/3184 1366/2402/3185
s 111
f 1385/2376/3159 1384/2375/3158 1366/2403/3186 1369/2404/3187
s 110
f 1369/2405/3188 1368/2406/3189 1382/2370/3153 1385/2369/3152
s 109
f 1366/2402/3185 1367/2401/3184 1387/2350/3133 1386/2349/3132
s 110
f 1389/2356/3139 1388/2355/3138 1368/2406/3189 1369/2405/3188
s 111
f 1369/2404/3187 1366/2403/3186 1386/2362/3145 1389/2361/3144
s 110
f 1362/2407/3190 1363/2408/3191 1391/2396/3179 1390/2395/3178
s 109
f 1393/2398/3181 1392/2397/3180 1361/2409/3192 1360/2410/3193
s 111
f 1390/2400/3183 1393/2399/3182 1360/2411/3194 1362/2412/3195
s 109
f 1396/2380/3163 1395/2379/3162 1371/2366/3149 1370/2365/3148
s 111
f 1397/2413/3171 1396/2414/3170 1370/2374/3157 1373/2373/3156
s 110
f 1373/2372/3155 1372/2371/3154 1394/2382/3165 1397/2381/3164
s 109
f 1358/2415/3196 1359/2416/3197 1399/2390/3173 1398/2389/3172
s 110
f 1401/2392/3175 1400/2391/3174 1365/2417/3198 1364/2418/3199
s 111
f 1364/2419/3200 1358/2420/3201 1398/2394/3177 1401/2393/3176
s 117
f 1403/2421/3202 1402/2422/3203 1409/2423/3204 1410/2424/3205
f 1404/2425/3206 1403/2421/3202 1410/2424/3205 1411/2426/3207
f 1405/2427/3208 1404/2425/3206 1411/2426/3207 1412/2428/3209
f 1406/2429/3210 1405/2427/3208 1412/2428/3209 1413/2430/3211
f 1407/2431/3212 1406/2429/3210 1413/2430/3211 1414/2432/3213
f 1408/2433/3214 1407/2431/3212 1414/2432/3213 1415/2434/3215
f 1402/2422/3203 1408/2433/3214 1415/2434/3215 1409/2423/3204
f 1410/2424/3205 1409/2423/3204 1416/2435/3216 1417/2436/3217
f 1411/2426/3207 1410/2424/3205 1417/2436/3217 1418/2437/3218
f 1412/2428/3209 1411/2426/3207 1418/2437/3218 1419/2438/3219
f 1413/2430/3211 1412/2428/3209 1419/2438/3219 1420/2439/3220
f 1414/2432/3213 1413/2430/3211 1420/2439/3220 1421/2440/3221
f 1415/2434/3215 1414/2432/3213 1421/2440/3221 1422/2441/3222
f 1409/2423/3204 1415/2434/3215 1422/2441/3222 1416/2435/3216
f 1417/2442/3217 1416/2443/3216 1423/2444/3223 1424/2445/3224
f 1418/2446/3218 1417/2442/3217 1424/2445/3224 1425/2447/3225
f 1419/2448/3219 1418/2446/3218 1425/2447/3225 1426/2449/3226
f 1420/2450/3220 1419/2448/3219 1426/2449/3226 1427/2451/3227
f 1421/2452/3221 1420/2450/3220 1427/2451/3227 1428/2453/3228
f 1422/2441/3222 1421/2440/3221 1428/2454/3228 1429/2455/3229
f 1416/2435/3216 1422/2441/3222 1429/2455/3229 1423/2456/3223
f 1424/2445/3224 1423/2444/3223 1402/2457/3203 1403/2458/3202
f 1425/2447/3225 1424/2445/3224 1403/2458/3202 1404/2459/3206
f 1426/2449/3226 1425/2447/3225 1404/2459/3206 1405/2460/3208
f 1427/2451/3227 1426/2449/3226 1405/2460/3208 1406/2461/3210
f 1428/2453/3228 1427/2451/3227 1406/2461/3210 1407/2462/3212
f 1429/2463/3229 1428/2453/3228 1407/2462/3212 1408/2464/3214
f 1423/2444/3223 1429/2463/3229 1408/2464/3214 1402/2457/3203
s 118
f 1432/2465/3230 1433/2466/3231 1451/2467/3232 1442/2468/3233
f 1433/2466/3231 1434/2469/3234 1450/2470/3235 1451/2467/3232
f 1434/2471/3234 1435/2472/3236 1449/2473/3237 1450/2474/3235
f 1435/2472/3236 1436/2475/3238 1448/2476/3239 1449/2473/3237
f 1436/2475/3238 1437/2477/3240 1447/2478/3241 1448/2476/3239
f 1437/2477/3240 1438/2479/3242 1446/2480/3243 1447/2478/3241
f 1438/2479/3242 1439/2481/3244 1445/2482/3245 1446/2480/3243
f 1439/2481/3244 1440/2483/3246 1444/2484/3247 1445/2482/3245
f 1440/2483/3246 1441/2485/3248 1443/2486/3249 1444/2484/3247
f 1441/2485/3248 1432/2465/3230 1442/2468/3233 1443/2486/3249
f 1452/2487/3250 1453/2488/3251 1433/2466/3231 1432/2465/3230
f 1453/2488/3251 1454/2489/3252 1434/2469/3234 1433/2466/3231
f 1454/2490/3252 1455/2491/3253 1435/2472/3236 1434/2471/3234
f 1455/2491/3253 1456/2492/3254 1436/2475/3238 1435/2472/3236
f 1456/2492/3254 1457/2493/3255 1437/2477/3240 1436/2475/3238
f 1457/2493/3255 1458/2494/3256 1438/2479/3242 1437/2477/3240
f 1458/2494/3256 1459/2495/3257 1439/2481/3244 1438/2479/3242
f 1459/2495/3257 1460/2496/3258 1440/2483/3246 1439/2481/3244
f 1460/2496/3258 1461/2497/3259 1441/2485/3248 1440/2483/3246
f 1461/2497/3259 1452/2487/3250 1432/2465/3230 1441/2485/3248
f 1443/2486/3249 1442/2468/3233 1431/2498/3260
f 1444/2484/3247 1443/2486/3249 1431/2498/3260
f 1445/2482/3245 1444/2484/3247 1431/2498/3260
f 1446/2480/3243 1445/2482/3245 1431/2498/3260
f 1447/2478/3241 1446/2480/3243 1431/2498/3260
f 1448/2476/3239 1447/2478/3241 1431/2498/3260
f 1449/2473/3237 1448/2476/3239 1431/2498/3260
f 1450/2474/3235 1449/2473/3237 1431/2498/3260
f 1451/2467/3232 1450/2470/3235 1431/2498/3260
f 1442/2468/3233 1451/2467/3232 1431/2498/3260
f 1430/2499/3261 1453/2488/3251 1452/2487/3250
f 1430/2499/3261 1454/2489/3252 1453/2488/3251
f 1430/2499/3261 1455/2491/3253 1454/2490/3252
f 1430/2499/3261 1456/2492/3254 1455/2491/3253
f 1430/2499/3261 1457/2493/3255 1456/2492/3254
f 1430/2499/3261 1458/2494/3256 1457/2493/3255
f 1430/2499/3261 1459/2495/3257 1458/2494/3256
f 1430/2499/3261 1460/2496/3258 1459/2495/3257
f 1430/2499/3261 1461/2497/3259 1460/2496/3258
f 1430/2499/3261 1452/2487/3250 1461/2497/3259
s 119
f 1463/2500/3262 1462/2501/3263 1469/2502/3264 1470/2503/3265
f 1464/2504/3266 1463/2500/3262 1470/2503/3265 1471/2505/3267
f 1465/2506/3268 1464/2504/3266 1471/2505/3267 1472/2507/3269
f 1466/2508/3270 1465/2506/3268 1472/2507/3269 1473/2509/3271
f 1467/2510/3272 1466/2508/3270 1473/2509/3271 1474/2511/3273
f 1468/2512/3274 1467/2510/3272 1474/2511/3273 1475/2513/3275
f 1462/2501/3263 1468/2512/3274 1475/2513/3275 1469/2502/3264
f 1470/2503/3265 1469/2502/3264 1476/2514/3276 1477/2515/3277
f 1471/2505/3267 1470/2503/3265 1477/2515/3277 1478/2516/3278
f 1472/2507/3269 1471/2505/3267 1478/2516/3278 1479/2517/3279
f 1473/2509/3271 1472/2507/3269 1479/2517/3279 1480/2518/3280
f 1474/2511/3273 1473/2509/3271 1480/2518/3280 1481/2519/3281
f 1475/2513/3275 1474/2511/3273 1481/2519/3281 1482/2520/3282
f 1469/2502/3264 1475/2513/3275 1482/2520/3282 1476/2514/3276
f 1477/2521/3277 1476/2522/3276 1483/2523/3283 1484/2524/3284
f 1478/2525/3278 1477/2521/3277 1484/2524/3284 1485/2526/3285
f 1479/2527/3279 1478/2525/3278 1485/2526/3285 1486/2528/3286
f 1480/2529/3280 1479/2527/3279 1486/2528/3286 1487/2530/3287
f 1481/2531/3281 1480/2529/3280 1487/2530/3287 1488/2532/3288
f 1482/2520/3282 1481/2519/3281 1488/2533/3288 1489/2534/3289
f 1476/2514/3276 1482/2520/3282 1489/2534/3289 1483/2535/3283
f 1484/2524/3284 1483/2523/3283 1462/2536/3263 1463/2537/3262
f 1485/2526/3285 1484/2524/3284 1463/2537/3262 1464/2538/3266
f 1486/2528/3286 1485/2526/3285 1464/2538/3266 1465/2539/3268
f 1487/2530/3287 1486/2528/3286 1465/2539/3268 1466/2540/3270
f 1488/2532/3288 1487/2530/3287 1466/2540/3270 1467/2541/3272
f 1489/2542/3289 1488/2532/3288 1467/2541/3272 1468/2543/3274
f 1483/2523/3283 1489/2542/3289 1468/2543/3274 1462/2536/3263
s 120
f 1490/2544/3290 1491/2545/3291 1500/2546/3292 1499/2547/3293
f 1491/2545/3291 1492/2548/3294 1501/2549/3295 1500/2546/3292
f 1492/2548/3294 1493/2550/3296 1502/2551/3297 1501/2549/3295
f 1493/2550/3296 1494/2552/3298 1503/2553/3299 1502/2551/3297
f 1494/2552/3298 1495/2554/3300 1504/2555/3301 1503/2553/3299
f 1495/2554/3300 1496/2556/3302 1505/2557/3303 1504/2555/3301
f 1496/2556/3302 1497/2558/3304 1506/2559/3305 1505/2557/3303
f 1497/2558/3304 1498/2560/3306 1507/2561/3307 1506/2559/3305
f 1499/2547/3293 1500/2546/3292 1509/2562/3308 1508/2563/3309
f 1500/2546/3292 1501/2549/3295 1510/2564/3310 1509/2562/3308
f 1501/2549/3295 1502/2551/3297 1511/2565/3311 1510/2564/3310
f 1502/2551/3297 1503/2553/3299 1512/2566/3312 1511/2565/3311
f 1503/2553/3299 1504/2555/3301 1513/2567/3313 1512/2566/3312
f 1504/2555/3301 1505/2557/3303 1514/2568/3314 1513/2567/3313
f 1505/2557/3303 1506/2559/3305 1515/2569/3315 1514/2568/3314
f 1506/2559/3305 1507/2561/3307 1516/2570/3316 1515/2569/3315
f 1508/2563/3309 1509/2562/3308 1518/2571/3317 1517/2572/3318
f 1509/2562/3308 1510/2564/3310 1519/2573/3319 1518/2571/3317
f 1510/2564/3310 1511/2565/3311 1520/2574/3320 1519/2573/3319
f 1511/2565/3311 1512/2566/3312 1521/2575/3321 1520/2574/3320
f 1512/2566/3312 1513/2567/3313 1522/2576/3322 1521/2575/3321
f 1513/2567/3313 1514/2568/3314 1523/2577/3323 1522/2576/3322
f 1514/2568/3314 1515/2569/3315 1524/2578/3324 1523/2577/3323
f 1515/2569/3315 1516/2570/3316 1525/2579/3325 1524/2578/3324
f 1517/2572/3318 1518/2571/3317 1527/2580/3326 1526/2581/3327
f 1518/2571/3317 1519/2573/3319 1528/2582/3328 1527/2580/3326
f 1519/2573/3319 1520/2574/3320 1529/2583/3329 1528/2582/3328
f 1520/2574/3320 1521/2575/3321 1530/2584/3330 1529/2583/3329
f 1521/2575/3321 1522/2576/3322 1531/2585/3331 1530/2584/3330
f 1522/2576/3322 1523/2577/3323 1532/2586/3332 1531/2585/3331
f 1523/2577/3323 1524/2578/3324 1533/2587/3333 1532/2586/3332
f 1524/2578/3324 1525/2579/3325 1534/2588/3334 1533/2587/3333
f 1526/2581/3327 1527/2580/3326 1536/2589/3335 1535/2590/3336
f 1527/2580/3326 1528/2582/3328 1537/2591/3337 1536/2589/3335
f 1528/2582/3328 1529/2583/3329 1538/2592/3338 1537/2591/3337
f 1529/2583/3329 1530/2584/3330 1539/2593/3339 1538/2592/3338
f 1530/2584/3330 1531/2585/3331 1540/2594/3340 1539/2593/3339
f 1531/2585/3331 1532/2586/3332 1541/2595/3341 1540/2594/3340
f 1532/2586/3332 1533/2587/3333 1542/2596/3342 1541/2595/3341
f 1533/2587/3333 1534/2588/3334 1543/2597/3343 1542/2596/3342
f 1535/2590/3336 1536/2589/3335 1545/2598/3344 1544/2599/3345
f 1536/2589/3335 1537/2591/3337 1546/2600/3346 1545/2598/3344
f 1537/2591/3337 1538/2592/3338 1547/2601/3347 1546/2600/3346
f 1538/2592/3338 1539/2593/3339 1548/2602/3348 1547/2601/3347
f 1539/2593/3339 1540/2594/3340 1549/2603/3349 1548/2602/3348
f 1540/2594/3340 1541/2595/3341 1550/2604/3350 1549/2603/3349
f 1541/2595/3341 1542/2596/3342 1551/2605/3351 1550/2604/3350
f 1542/2596/3342 1543/2597/3343 1552/2606/3352 1551/2605/3351
f 1544/2599/3345 1545/2598/3344 1554/2607/3353 1553/2608/3354
f 1545/2598/3344 1546/2600/3346 1555/2609/3355 1554/2607/3353
f 1546/2600/3346 1547/2601/3347 1556/2610/3356 1555/2609/3355
f 1547/2601/3347 1548/2602/3348 1557/2611/3357 1556/2610/3356
f 1548/2602/3348 1549/2603/3349 1558/2612/3358 1557/2611/3357
f 1549/2603/3349 1550/2604/3350 1559/2613/3359 1558/2612/3358
f 1550/2604/3350 1551/2605/3351 1560/2614/3360 1559/2613/3359
f 1551/2605/3351 1552/2606/3352 1561/2615/3361 1560/2614/3360
f 1553/2608/3354 1554/2607/3353 1563/2616/3362 1562/2617/3363
f 1554/2607/3353 1555/2609/3355 1564/2618/3364 1563/2616/3362
f 1555/2609/3355 1556/2610/3356 1565/2619/3365 1564/2618/3364
f 1556/2610/3356 1557/2611/3357 1566/2620/3366 1565/2619/3365
f 1557/2611/3357 1558/2612/3358 1567/2621/3367 1566/2620/3366
f 1558/2612/3358 1559/2613/3359 1568/2622/3368 1567/2621/3367
f 1559/2613/3359 1560/2614/3360 1569/2623/3369 1568/2622/3368
f 1560/2614/3360 1561/2615/3361 1570/2624/3370 1569/2623/3369
s 121
f 1571/2625/3371 1580/2626/3372 1581/2627/3373 1572/2628/3374
f 1572/2628/3374 1581/2627/3373 1582/2629/3375 1573/2630/3376
f 1573/2630/3376 1582/2629/3375 1583/2631/3377 1574/2632/3378
f 1574/2632/3378 1583/2631/3377 1584/2633/3379 1575/2634/3380
f 1575/2634/3380 1584/2633/3379 1585/2635/3381 1576/2636/3382
f 1576/2636/3382 1585/2635/3381 1586/2637/3383 1577/2638/3384
f 1577/2638/3384 1586/2637/3383 1587/2639/3385 1578/2640/3386
f 1578/2640/3386 1587/2639/3385 1588/2641/3387 1579/2642/3388
f 1580/2626/3372 1589/2643/3389 1590/2644/3390 1581/2627/3373
f 1581/2627/3373 1590/2644/3390 1591/2645/3391 1582/2629/3375
f 1582/2629/3375 1591/2645/3391 1592/2646/3392 1583/2631/3377
f 1583/2631/3377 1592/2646/3392 1593/2647/3393 1584/2633/3379
f 1584/2633/3379 1593/2647/3393 1594/2648/3394 1585/2635/3381
f 1585/2635/3381 1594/2648/3394 1595/2649/3395 1586/2637/3383
f 1586/2637/3383 1595/2649/3395 1596/2650/3396 1587/2639/3385
f 1587/2639/3385 1596/2650/3396 1597/2651/3397 1588/2641/3387
f 1589/2643/3389 1598/2652/3398 1599/2653/3399 1590/2644/3390
f 1590/2644/3390 1599/2653/3399 1600/2654/3400 1591/2645/3391
f 1591/2645/3391 1600/2654/3400 1601/2655/3401 1592/2646/3392
f 1592/2646/3392 1601/2655/3401 1602/2656/3402 1593/2647/3393
f 1593/2647/3393 1602/2656/3402 1603/2657/3403 1594/2648/3394
f 1594/2648/3394 1603/2657/3403 1604/2658/3404 1595/2649/3395
f 1595/2649/3395 1604/2658/3404 1605/2659/3405 1596/2650/3396
f 1596/2650/3396 1605/2659/3405 1606/2660/3406 1597/2651/3397
f 1598/2652/3398 1607/2661/3407 1608/2662/3408 1599/2653/3399
f 1599/2653/3399 1608/2662/3408 1609/2663/3409 1600/2654/3400
f 1600/2654/3400 1609/2663/3409 1610/2664/3410 1601/2655/3401
f 1601/2655/3401 1610/2664/3410 1611/2665/3411 1602/2656/3402
f 1602/2656/3402 1611/2665/3411 1612/2666/3412 1603/2657/3403
f 1603/2657/3403 1612/2666/3412 1613/2667/3413 1604/2658/3404
f 1604/2658/3404 1613/2667/3413 1614/2668/3414 1605/2659/3405
f 1605/2659/3405 1614/2668/3414 1615/2669/3415 1606/2660/3406
f 1607/2661/3407 1616/2670/3416 1617/2671/3417 1608/2662/3408
f 1608/2662/3408 1617/2671/3417 1618/2672/3418 1609/2663/3409
f 1609/2663/3409 1618/2672/3418 1619/2673/3419 1610/2664/3410
f 1610/2664/3410 1619/2673/3419 1620/2674/3420 1611/2665/3411
f 1611/2665/3411 1620/2674/3420 1621/2675/3421 1612/2666/3412
f 1612/2666/3412 1621/2675/3421 1622/2676/3422 1613/2667/3413
f 1613/2667/3413 1622/2676/3422 1623/2677/3423 1614/2668/3414
f 1614/2668/3414 1623/2677/3423 1624/2678/3424 1615/2669/3415
f 1616/2670/3416 1625/2679/3425 1626/2680/3426 1617/2671/3417
f 1617/2671/3417 1626/2680/3426 1627/2681/3427 1618/2672/3418
f 1618/2672/3418 1627/2681/3427 1628/2682/3428 1619/2673/3419
f 1619/2673/3419 1628/2682/3428 1629/2683/3429 1620/2674/3420
f 1620/2674/3420 1629/2683/3429 1630/2684/3430 1621/2675/3421
f 1621/2675/3421 1630/2684/3430 1631/2685/3431 1622/2676/3422
f 1622/2676/3422 1631/2685/3431 1632/2686/3432 1623/2677/3423
f 1623/2677/3423 1632/2686/3432 1633/2687/3433 1624/2678/3424
f 1625/2679/3425 1634/2688/3434 1635/2689/3435 1626/2680/3426
f 1626/2680/3426 1635/2689/3435 1636/2690/3436 1627/2681/3427
f 1627/2681/3427 1636/2690/3436 1637/2691/3437 1628/2682/3428
f 1628/2682/3428 1637/2691/3437 1638/2692/3438 1629/2683/3429
f 1629/2683/3429 1638/2692/3438 1639/2693/3439 1630/2684/3430
f 1630/2684/3430 1639/2693/3439 1640/2694/3440 1631/2685/3431
f 1631/2685/3431 1640/2694/3440 1641/2695/3441 1632/2686/3432
f 1632/2686/3432 1641/2695/3441 1642/2696/3442 1633/2687/3433
f 1634/2688/3434 1643/2697/3443 1644/2698/3444 1635/2689/3435
f 1635/2689/3435 1644/2698/3444 1645/2699/3445 1636/2690/3436
f 1636/2690/3436 1645/2699/3445 1646/2700/3446 1637/2691/3437
f 1637/2691/3437 1646/2700/3446 1647/2701/3447 1638/2692/3438
f 1638/2692/3438 1647/2701/3447 1648/2702/3448 1639/2693/3439
f 1639/2693/3439 1648/2702/3448 1649/2703/3449 1640/2694/3440
f 1640/2694/3440 1649/2703/3449 1650/2704/3450 1641/2695/3441
f 1641/2695/3441 1650/2704/3450 1651/2705/3451 1642/2696/3442
s 122
f 1654/2706/3452 1655/2707/3453 1673/2708/3454 1664/2709/3455
f 1655/2707/3453 1656/2710/3456 1672/2711/3457 1673/2708/3454
f 1656/2712/3456 1657/2713/3458 1671/2714/3459 1672/2715/3457
f 1657/2713/3458 1658/2716/3460 1670/2717/3461 1671/2714/3459
f 1658/2716/3460 1659/2718/3462 1669/2719/3463 1670/2717/3461
f 1659/2718/3462 1660/2720/3464 1668/2721/3465 1669/2719/3463
f 1660/2720/3464 1661/2722/3466 1667/2723/3467 1668/2721/3465
f 1661/2722/3466 1662/2724/3468 1666/2725/3469 1667/2723/3467
f 1662/2724/3468 1663/2726/3470 1665/2727/3471 1666/2725/3469
f 1663/2726/3470 1654/2706/3452 1664/2709/3455 1665/2727/3471
f 1674/2728/3472 1675/2729/3473 1655/2707/3453 1654/2706/3452
f 1675/2729/3473 1676/2730/3474 1656/2710/3456 1655/2707/3453
f 1676/2731/3474 1677/2732/3475 1657/2713/3458 1656/2712/3456
f 1677/2732/3475 1678/2733/3476 1658/2716/3460 1657/2713/3458
f 1678/2733/3476 1679/2734/3477 1659/2718/3462 1658/2716/3460
f 1679/2734/3477 1680/2735/3478 1660/2720/3464 1659/2718/3462
f 1680/2735/3478 1681/2736/3479 1661/2722/3466 1660/2720/3464
f 1681/2736/3479 1682/2737/3480 1662/2724/3468 1661/2722/3466
f 1682/2737/3480 1683/2738/3481 1663/2726/3470 1662/2724/3468
f 1683/2738/3481 1674/2728/3472 1654/2706/3452 1663/2726/3470
f 1665/2727/3471 1664/2709/3455 1653/2739/3482
f 1666/2725/3469 1665/2727/3471 1653/2739/3482
f 1667/2723/3467 1666/2725/3469 1653/2739/3482
f 1668/2721/3465 1667/2723/3467 1653/2739/3482
f 1669/2719/3463 1668/2721/3465 1653/2739/3482
f 1670/2717/3461 1669/2719/3463 1653/2739/3482
f 1671/2714/3459 1670/2717/3461 1653/2739/3482
f 1672/2715/3457 1671/2714/3459 1653/2739/3482
f 1673/2708/3454 1672/2711/3457 1653/2739/3482
f 1664/2709/3455 1673/2708/3454 1653/2739/3482
f 1652/2740/3483 1675/2729/3473 1674/2728/3472
f 1652/2740/3483 1676/2730/3474 1675/2729/3473
f 1652/2740/3483 1677/2732/3475 1676/2731/3474
f 1652/2740/3483 1678/2733/3476 1677/2732/3475
f 1652/2740/3483 1679/2734/3477 1678/2733/3476
f 1652/2740/3483 1680/2735/3478 1679/2734/3477
f 1652/2740/3483 1681/2736/3479 1680/2735/3478
f 1652/2740/3483 1682/2737/3480 1681/2736/3479
f 1652/2740/3483 1683/2738/3481 1682/2737/3480
f 1652/2740/3483 1674/2728/3472 1683/2738/3481
s 123
f 1685/2741/3484 1684/2742/3485 1691/2743/3486 1692/2744/3487
f 1686/2745/3488 1685/2741/3484 1692/2744/3487 1693/2746/3489
f 1687/2747/3490 1686/2745/3488 1693/2746/3489 1694/2748/3491
f 1688/2749/3492 1687/2747/3490 1694/2748/3491 1695/2750/3493
f 1689/2751/3494 1688/2749/3492 1695/2750/3493 1696/2752/3495
f 1690/2753/3496 1689/2751/3494 1696/2752/3495 1697/2754/3497
f 1684/2742/3485 1690/2753/3496 1697/2754/3497 1691/2743/3486
f 1692/2744/3487 1691/2743/3486 1698/2755/3498 1699/2756/3499
f 1693/2746/3489 1692/2744/3487 1699/2756/3499 1700/2757/3500
f 1694/2748/3491 1693/2746/3489 1700/2757/3500 1701/2758/3501
f 1695/2750/3493 1694/2748/3491 1701/2758/3501 1702/2759/3502
f 1696/2752/3495 1695/2750/3493 1702/2759/3502 1703/2760/3503
f 1697/2754/3497 1696/2752/3495 1703/2760/3503 1704/2761/3504
f 1691/2743/3486 1697/2754/3497 1704/2761/3504 1698/2755/3498
f 1699/2762/3499 1698/2763/3498 1705/2764/3505 1706/2765/3506
f 1700/2766/3500 1699/2762/3499 1706/2765/3506 1707/2767/3507
f 1701/2768/3501 1700/2766/3500 1707/2767/3507 1708/2769/3508
f 1702/2770/3502 1701/2768/3501 1708/2769/3508 1709/2771/3509
f 1703/2772/3503 1702/2770/3502 1709/2771/3509 1710/2773/3510
f 1704/2761/3504 1703/2760/3503 1710/2774/3510 1711/2775/3511
f 1698/2755/3498 1704/2761/3504 1711/2775/3511 1705/2776/3505
f 1706/2765/3506 1705/2764/3505 1684/2777/3485 1685/2778/3484
f 1707/2767/3507 1706/2765/3506 1685/2778/3484 1686/2779/3488
f 1708/2769/3508 1707/2767/3507 1686/2779/3488 1687/2780/3490
f 1709/2771/3509 1708/2769/3508 1687/2780/3490 1688/2781/3492
f 1710/2773/3510 1709/2771/3509 1688/2781/3492 1689/2782/3494
f 1711/2783/3511 1710/2773/3510 1689/2782/3494 1690/2784/3496
f 1705/2764/3505 1711/2783/3511 1690/2784/3496 1684/2777/3485
s 124
f 1713/2785/3512 1712/2786/3513 1719/2787/3514 1720/2788/3515
f 1714/2789/3516 1713/2785/3512 1720/2788/3515 1721/2790/3517
f 1715/2791/3518 1714/2789/3516 1721/2790/3517 1722/2792/3519
f 1716/2793/3520 1715/2791/3518 1722/2792/3519 1723/2794/3521
f 1717/2795/3522 1716/2793/3520 1723/2794/3521 1724/2796/3523
f 1718/2797/3524 1717/2795/3522 1724/2796/3523 1725/2798/3525
f 1712/2786/3513 1718/2797/3524 1725/2798/3525 1719/2787/3514
f 1720/2788/3515 1719/2787/3514 1726/2799/3526 1727/2800/3527
f 1721/2790/3517 1720/2788/3515 1727/2800/3527 1728/2801/3528
f 1722/2792/3519 1721/2790/3517 1728/2801/3528 1729/2802/3529
f 1723/2794/3521 1722/2792/3519 1729/2802/3529 1730/2803/3530
f 1724/2796/3523 1723/2794/3521 1730/2803/3530 1731/2804/3531
f 1725/2798/3525 1724/2796/3523 1731/2804/3531 1732/2805/3532
f 1719/2787/3514 1725/2798/3525 1732/2805/3532 1726/2799/3526
f 1727/2806/3527 1726/2807/3526 1733/2808/3533 1734/2809/3534
f 1728/2810/3528 1727/2806/3527 1734/2809/3534 1735/2811/3535
f 1729/2812/3529 1728/2810/3528 1735/2811/3535 1736/2813/3536
f 1730/2814/3530 1729/2812/3529 1736/2813/3536 1737/2815/3537
f 1731/2816/3531 1730/2814/3530 1737/2815/3537 1738/2817/3538
f 1732/2805/3532 1731/2804/3531 1738/2818/3538 1739/2819/3539
f 1726/2799/3526 1732/2805/3532 1739/2819/3539 1733/2820/3533
f 1734/2809/3534 1733/2808/3533 1712/2821/3513 1713/2822/3512
f 1735/2811/3535 1734/2809/3534 1713/2822/3512 1714/2823/3516
f 1736/2813/3536 1735/2811/3535 1714/2823/3516 1715/2824/3518
f 1737/2815/3537 1736/2813/3536 1715/2824/3518 1716/2825/3520
f 1738/2817/3538 1737/2815/3537 1716/2825/3520 1717/2826/3522
f 1739/2827/3539 1738/2817/3538 1717/2826/3522 1718/2828/3524
f 1733/2808/3533 1739/2827/3539 1718/2828/3524 1712/2821/3513
s 125
f 1768/2829/3540 1763/2830/3541 1762/2831/3542 1769/2832/3543
s 126
f 1760/2833/3544 1771/2834/3545 1770/2835/3546 1761/2836/3547
s off
f 1746/2837/3548 1740/2838/3549 1741/2839/3550 1747/2840/3551
s 127
f 1771/2841/3552 1760/2842/3553 1763/2843/3554 1768/2844/3555
s 125
f 1752/2845/3556 1766/2846/3557 1765/2847/3558 1753/2848/3559
s 126
f 1767/2849/3560 1755/2850/3561 1754/2851/3562 1764/2852/3563
s 127
f 1755/2853/3564 1767/2854/3565 1766/2855/3566 1752/2856/3567
s 125
f 1756/2857/3568 1778/2858/3569 1777/2859/3570 1757/2860/3571
s 126
f 1779/2861/3572 1759/2862/3573 1758/2863/3574 1776/2864/3575
s 127
f 1759/2865/3576 1779/2866/3577 1778/2867/3578 1756/2868/3579
s 125
f 1780/2869/3580 1756/2857/3568 1757/2860/3571 1781/2870/3581
s 126
f 1759/2862/3573 1783/2871/3582 1782/2872/3583 1758/2863/3574
s 127
f 1783/2873/3584 1759/2865/3576 1756/2868/3579 1780/2874/3585
s 126
f 1772/2875/3586 1760/2833/3544 1761/2836/3547 1773/2876/3587
s 125
f 1763/2830/3541 1775/2877/3588 1774/2878/3589 1762/2831/3542
s 127
f 1760/2842/3553 1772/2879/3590 1775/2880/3591 1763/2843/3554
s 125
f 1766/2846/3557 1748/2881/3592 1749/2882/3593 1765/2847/3558
s 127
f 1767/2854/3565 1751/2883/3594 1748/2884/3595 1766/2855/3566
s 126
f 1751/2885/3596 1767/2849/3560 1764/2852/3563 1750/2886/3597
s 125
f 1748/2881/3592 1768/2829/3540 1769/2832/3543 1749/2882/3593
s 126
f 1771/2834/3545 1751/2885/3596 1750/2886/3597 1770/2835/3546
s 127
f 1751/2883/3594 1771/2841/3552 1768/2844/3555 1748/2884/3595
s 126
f 1744/2887/3598 1772/2875/3586 1773/2876/3587 1745/2888/3599
s 125
f 1775/2877/3588 1742/2889/3600 1743/2890/3601 1774/2878/3589
s 127
f 1772/2879/3590 1744/2891/3602 1742/2892/3603 1775/2880/3591
s 125
f 1778/2858/3569 1752/2845/3556 1753/2848/3559 1777/2859/3570
s 127
f 1779/2893/3577 1755/2853/3564 1752/2856/3567 1778/2894/3578
s 126
f 1755/2850/3561 1779/2861/3572 1776/2864/3575 1754/2851/3562
s 125
f 1740/2895/3604 1780/2869/3580 1781/2870/3581 1741/2896/3605
s 126
f 1783/2871/3582 1746/2897/3606 1747/2898/3607 1782/2872/3583
s 127
f 1746/2899/3608 1783/2873/3584 1780/2874/3585 1740/2900/3609
s 132
f 1812/2901/3610 1807/2902/3611 1806/2903/3612 1813/2904/3613
s 133
f 1804/2905/3614 1815/2906/3615 1814/2907/3616 1805/2908/3617
s off
f 1790/2909/3618 1784/2910/3619 1785/2911/3620 1791/2912/3621
s 134
f 1815/2913/3622 1804/2914/3623 1807/2915/3624 1812/2916/3625
s 132
f 1796/2917/3626 1810/2918/3627 1809/2919/3628 1797/2920/3629
s 133
f 1811/2921/3630 1799/2922/3631 1798/2923/3632 1808/2924/3633
s 134
f 1799/2925/3634 1811/2926/3635 1810/2927/3636 1796/2928/3637
s 132
f 1800/2929/3638 1822/2930/3639 1821/2931/3640 1801/2932/3641
s 133
f 1823/2933/3642 1803/2934/3643 1802/2935/3644 1820/2936/3645
s 134
f 1803/2937/3646 1823/2938/3647 1822/2939/3648 1800/2940/3649
s 132
f 1824/2941/3650 1800/2929/3638 1801/2932/3641 1825/2942/3651
s 133
f 1803/2934/3643 1827/2943/3652 1826/2944/3653 1802/2935/3644
s 134
f 1827/2945/3654 1803/2937/3646 1800/2940/3649 1824/2946/3655
s 133
f 1816/2947/3656 1804/2905/3614 1805/2908/3617 1817/2948/3657
s 132
f 1807/2902/3611 1819/2949/3658 1818/2950/3659 1806/2903/3612
s 134
f 1804/2914/3623 1816/2951/3660 1819/2952/3661 1807/2915/3624
s 132
f 1810/2918/3627 1792/2953/3662 1793/2954/3663 1809/2919/3628
s 134
f 1811/2926/3635 1795/2955/3664 1792/2956/3665 1810/2927/3636
s 133
f 1795/2957/3666 1811/2921/3630 1808/2924/3633 1794/2958/3667
s 132
f 1792/2953/3662 1812/2901/3610 1813/2904/3613 1793/2954/3663
s 133
f 1815/2906/3615 1795/2957/3666 1794/2958/3667 1814/2907/3616
s 134
f 1795/2955/3664 1815/2913/3622 1812/2916/3625 1792/2956/3665
s 133
f 1788/2959/3668 1816/2947/3656 1817/2948/3657 1789/2960/3669
s 132
f 1819/2949/3658 1786/2961/3670 1787/2962/3671 1818/2950/3659
s 134
f 1816/2951/3660 1788/2963/3672 1786/2964/3673 1819/2952/3661
s 132
f 1822/2930/3639 1796/2917/3626 1797/2920/3629 1821/2931/3640
s 134
f 1823/2965/3647 1799/2925/3634 1796/2928/3637 1822/2966/3648
s 133
f 1799/2922/3631 1823/2933/3642 1820/2936/3645 1798/2923/3632
s 132
f 1784/2967/3674 1824/2941/3650 1825/2942/3651 1785/2968/3675
s 133
f 1827/2943/3652 1790/2969/3676 1791/2970/3677 1826/2944/3653
s 134
f 1790/2971/3678 1827/2945/3654 1824/2946/3655 1784/2972/3679
s 139
f 1856/2973/3680 1851/2974/3681 1850/2975/3682 1857/2976/3683
s 140
f 1848/2977/3684 1859/2978/3685 1858/2979/3686 1849/2980/3687
s off
f 1834/2981/3688 1828/2982/3689 1829/2983/3690 1835/2984/3691
s 141
f 1859/2985/3692 1848/2986/3693 1851/2987/3694 1856/2988/3695
s 139
f 1840/2989/3696 1854/2990/3697 1853/2991/3698 1841/2992/3699
s 140
f 1855/2993/3700 1843/2994/3701 1842/2995/3702 1852/2996/3703
s 141
f 1843/2997/3704 1855/2998/3705 1854/2999/3706 1840/3000/3707
s 139
f 1844/3001/3708 1866/3002/3709 1865/3003/3710 1845/3004/3711
s 140
f 1867/3005/3712 1847/3006/3713 1846/3007/3714 1864/3008/3715
s 141
f 1847/3009/3716 1867/3010/3717 1866/3011/3718 1844/3012/3719
s 139
f 1868/3013/3720 1844/3001/3708 1845/3004/3711 1869/3014/3721
s 140
f 1847/3006/3713 1871/3015/3722 1870/3016/3723 1846/3007/3714
s 141
f 1871/3017/3724 1847/3009/3716 1844/3012/3719 1868/3018/3725
s 140
f 1860/3019/3726 1848/2977/3684 1849/2980/3687 1861/3020/3727
s 139
f 1851/2974/3681 1863/3021/3728 1862/3022/3729 1850/2975/3682
s 141
f 1848/2986/3693 1860/3023/3730 1863/3024/3731 1851/2987/3694
s 139
f 1854/2990/3697 1836/3025/3732 1837/3026/3733 1853/2991/3698
s 141
f 1855/2998/3705 1839/3027/3734 1836/3028/3735 1854/2999/3706
s 140
f 1839/3029/3736 1855/2993/3700 1852/2996/3703 1838/3030/3737
s 139
f 1836/3025/3732 1856/2973/3680 1857/2976/3683 1837/3026/3733
s 140
f 1859/2978/3685 1839/3029/3736 1838/3030/3737 1858/2979/3686
s 141
f 1839/3027/3734 1859/2985/3692 1856/2988/3695 1836/3028/3735
s 140
f 1832/3031/3738 1860/3019/3726 1861/3020/3727 1833/3032/3739
s 139
f 1863/3021/3728 1830/3033/3740 1831/3034/3741 1862/3022/3729
s 141
f 1860/3023/3730 1832/3035/3742 1830/3036/3743 1863/3024/3731
s 139
f 1866/3002/3709 1840/2989/3696 1841/2992/3699 1865/3003/3710
s 141
f 1867/3037/3717 1843/2997/3704 1840/3000/3707 1866/3038/3718
s 140
f 1843/2994/3701 1867/3005/3712 1864/3008/3715 1842/2995/3702
s 139
f 1828/3039/3744 1868/3013/3720 1869/3014/3721 1829/3040/3745
s 140
f 1871/3015/3722 1834/3041/3746 1835/3042/3747 1870/3016/3723
s 141
f 1834/3043/3748 1871/3017/3724 1868/3018/3725 1828/3044/3749
g default
v 7.607761 4.245455 -21.039597
v -9.458612 4.245455 -21.039597
v 10.174524 4.245455 8.497146
v -12.025375 4.245455 8.046645
v 10.174524 -6.691055 8.046645
v -12.020794 -6.691055 8.048408
v -1.189871 -11.987005 8.046645
v -1.128720 4.245455 -30.157677
v 7.607761 -1.951067 -16.381539
v -1.128720 -1.951067 -25.499619
v -9.458612 -1.951067 -16.381539
v -12.025375 -1.951067 8.046645
v 10.174524 -1.951067 8.046645
v 7.967889 -4.832085 -10.924950
v -1.128720 -4.832085 -21.076768
v -9.818655 -4.832085 -10.924950
v -12.025375 -4.832085 8.046645
v 10.174524 -4.832085 8.046645
v -6.435631 -4.832085 -18.302476
v -6.435631 -1.951067 -22.722031
v -6.435631 4.245455 -27.380097
v -8.093088 -9.745955 8.029483
v 5.668591 -9.745955 8.029483
v 4.143785 4.245455 -27.625794
v 4.143785 -1.951067 -22.967736
v 4.143785 -4.832085 -18.548180
v 2.714090 -10.970572 8.036880
v 1.872484 -4.832085 -20.162530
v 1.872484 -1.951067 -24.583505
v 1.872484 4.245455 -29.241563
v -5.100067 -10.970572 8.036922
v -4.134719 4.245455 -29.109437
v -4.134719 -1.951067 -24.451386
v -4.134719 -4.832085 -20.030404
v 8.308134 -8.077942 8.038325
v 5.928092 4.245455 -25.309083
v 5.928092 -1.951067 -20.651025
v 5.928092 -4.832085 -16.229775
v -10.823425 -8.077942 8.040008
v -8.289738 -4.832085 -15.487466
v -8.289738 -1.951067 -19.909043
v -8.289738 4.245455 -24.567101
v 10.174524 4.245455 -8.583581
v -12.025375 4.245455 -8.583581
v -12.002405 -1.951067 -3.922051
v -12.025375 -4.832085 -1.529862
v -12.025375 -6.691055 3.678092
v -10.823425 -8.077942 3.678077
v -8.093088 -9.745955 3.678062
v -5.100067 -10.970572 3.678054
v -1.189871 -11.987005 3.678046
v 2.714090 -10.970572 3.678054
v 5.668591 -9.745955 3.678062
v 8.308134 -8.077942 3.678069
v 10.174524 -6.691055 3.678092
v 10.173750 -4.898928 -1.527512
v 10.174524 -1.951067 -3.925523
v 9.620619 -4.832085 -4.797837
v 9.838657 -1.951067 -7.234094
v 9.827755 4.245455 -11.943353
v -11.698442 4.245455 -11.848451
v -11.700691 -1.951067 -7.179833
v -11.470304 -4.832085 -4.800652
v 8.903322 -6.000471 -5.163407
v 6.042325 -6.743857 -11.038392
v 4.143785 -7.276007 -13.426850
v 1.872484 -7.676100 -15.090615
v -1.128720 -8.052607 -16.047555
v -4.134719 -7.689870 -14.959206
v -6.435631 -7.301613 -13.182481
v -8.403971 -6.821247 -10.299821
v -10.753368 -6.000471 -5.163407
v 8.840176 -4.832085 -8.075967
v 9.274319 -1.951067 -10.595429
v 9.245043 4.245455 -15.388947
v -11.132975 4.245455 -15.213654
v -11.141689 -1.951067 -10.515275
v -10.694147 -4.832085 -8.062272
v 8.610292 -1.951067 -13.390313
v 8.590708 4.245455 -18.139558
v -10.463192 4.245455 -18.038430
v -10.447447 -1.951067 -13.453683
v 9.157898 3.800596 -9.196313
v 9.196478 3.800596 8.497157
v -11.008749 3.800596 -9.196313
v -11.036575 3.800596 8.064155
v 8.842888 3.800596 -12.309525
v -10.711758 3.800596 -12.221589
v 8.313545 3.800596 -15.502282
v -10.198080 3.800596 -15.339845
v 7.719140 3.800596 -18.051034
v -9.589643 3.800596 -17.957330
v 6.826220 3.800596 -20.738259
v 5.300389 3.800596 -24.694444
v 3.679503 3.800596 -26.841142
v 1.616228 3.800596 -28.338334
v -1.110101 3.800596 -29.187219
v -3.840785 3.800596 -28.215920
v -5.930959 3.800596 -26.613465
v -7.615252 3.800596 -24.006898
v -8.677072 3.800596 -20.738259
v 10.174524 5.581827 -8.583581
v 10.174524 5.581827 8.497157
v 9.157898 5.581827 -9.196313
v 9.157898 5.581827 8.497157
v -12.025375 5.581827 -8.583581
v -12.025375 5.581827 8.046645
v -11.008749 5.581827 8.085857
v -11.008749 5.581827 -9.196313
v 9.827755 5.581827 -11.943353
v 8.842888 5.581827 -12.309525
v -11.698442 5.581827 -11.848451
v -10.711758 5.581827 -12.221589
v 9.245043 5.581827 -15.388947
v 8.313545 5.581827 -15.502282
v -11.132975 5.581827 -15.213654
v -10.198080 5.581827 -15.339845
v 8.590708 5.581827 -18.139558
v 7.719140 5.581827 -18.051034
v -10.463192 5.581827 -18.038430
v -9.589643 5.581827 -17.957330
v 7.607761 5.581827 -21.039597
v 5.928092 5.581827 -25.309083
v 5.300389 5.581827 -24.694444
v 6.826220 5.581827 -20.738259
v 4.143785 5.581827 -27.625794
v 3.679503 5.581827 -26.841142
v 1.872484 5.581827 -29.241563
v 1.616228 5.581827 -28.338334
v -1.128720 5.581827 -30.157677
v -1.110101 5.581827 -29.187219
v -4.134719 5.581827 -29.109437
v -3.840785 5.581827 -28.215920
v -6.435631 5.581827 -27.380097
v -5.930959 5.581827 -26.613465
v -8.289738 5.581827 -24.567101
v -7.615252 5.581827 -24.006898
v -9.458612 5.581827 -21.039597
v -8.677072 5.581827 -20.738259
v 10.174524 1.684891 8.497146
v -12.025375 1.364260 8.046645
v -12.015547 1.679461 -6.933411
v -11.699371 1.684891 -10.205056
v -11.136576 1.684891 -13.557954
v -10.456686 1.684891 -16.429688
v -9.458612 1.684891 -19.400575
v -8.289738 1.684891 -22.928071
v -6.435631 1.684891 -25.741067
v -4.134719 1.684891 -27.470406
v -1.128720 1.684891 -28.518647
v 1.872484 1.684891 -27.602525
v 4.143785 1.684891 -25.986756
v 5.928092 1.684891 -23.670052
v 7.607761 1.684891 -19.400575
v 8.598801 1.684891 -16.462846
v 9.257141 1.684891 -13.693940
v 9.832260 1.684891 -10.283158
v 10.174524 1.684891 -6.944550
v -4.758368 -10.151072 8.037082
v -7.506407 -9.067813 8.030711
v 5.128864 -9.067813 8.030711
v 3.073495 -9.986198 8.037051
v -10.013262 -7.592327 8.039733
v 7.552357 -7.592327 8.038291
v -1.168226 -11.050179 8.045425
v 9.265982 -4.721126 8.045425
v 9.265982 -6.365520 8.045425
v 9.265982 -2.172652 8.045425
v 9.265982 1.043623 8.497146
v -11.116833 -4.721126 8.045425
v -11.116833 -2.172652 8.045425
v -11.116833 -6.365520 8.045425
v -11.116833 1.364252 8.045425
v 9.265982 3.216299 8.497146
v -11.116833 3.216299 8.045425
v -4.234288 -9.498148 2.168754
v -6.606589 -8.527510 2.162864
v 4.301060 -8.527510 2.162864
v 1.959292 -9.498148 2.168723
v -8.770681 -7.205420 2.171210
v 6.393189 -7.205420 2.169883
v -1.135028 -10.303782 2.176467
v 7.872509 -4.632720 2.176467
v 7.872509 -6.106158 2.176467
v 7.872509 -2.349194 2.176467
v 7.872509 0.532703 2.176467
v -9.723360 -4.632720 2.176467
v -9.723360 -2.349194 2.176467
v -9.723360 -6.106158 2.176467
v -9.723360 0.532703 2.176467
v 7.872509 3.216293 2.176467
v -9.723360 3.216293 2.176467
v -3.692419 -0.188424 0.715671
v -5.676224 -0.188424 0.710723
v -5.676224 -2.598373 0.710723
v -3.692419 -2.598373 0.715671
v 3.445154 -2.598373 0.710723
v 3.445154 -0.188424 0.710723
v 1.486881 -0.188424 0.715640
v 1.486881 -2.598373 0.715640
v -5.676224 -4.507941 0.710723
v -3.692419 -4.507941 0.715671
v 3.445154 -4.507941 0.710723
v 1.486881 -4.507941 0.715640
v -3.692419 -8.576592 0.715671
v -5.676224 -7.764908 0.710723
v 3.445154 -7.764908 0.710723
v 1.486881 -8.576592 0.715640
v -7.274801 -0.188424 0.717727
v -7.274801 -2.598373 0.717727
v -7.274801 -4.507941 0.717727
v -7.485918 -6.659328 0.717727
v 5.194670 -6.659328 0.716602
v 4.983552 -4.507941 0.716602
v 4.983552 -2.598373 0.716602
v 4.983552 -0.188424 0.716602
v -1.100703 -2.598373 0.722129
v -1.100703 -4.507941 0.722129
v -1.100703 -9.250294 0.722129
v -1.100703 -0.188424 0.722129
v 6.431731 -4.507941 0.722129
v 6.431731 -5.740085 0.722129
v 6.431731 -2.598373 0.722129
v 6.431731 -0.188424 0.722129
v -8.282583 -4.507941 0.722129
v -8.282583 -2.598373 0.722129
v -8.282583 -5.740085 0.722129
v -8.282583 -0.188424 0.722129
v 6.431731 3.216286 0.722129
v 4.983552 3.216286 0.716602
v 3.445154 3.216286 0.710723
v 1.486881 3.216286 0.715640
v -1.100703 3.216286 0.722129
v -3.692419 3.216286 0.715671
v -5.676224 3.216286 0.710723
v -7.274801 3.216286 0.717727
v -8.282583 3.216286 0.722129
v 7.607761 -0.360895 -17.701897
v 5.928092 -0.360895 -21.971383
v 4.143785 -0.360895 -24.288094
v 1.872484 -0.360895 -25.903863
v -1.128720 -0.360895 -26.819985
v -4.134719 -0.360895 -25.771745
v -6.435631 -0.360895 -24.042397
v -8.289738 -0.360895 -21.229401
v -9.458612 -0.360895 -17.701897
v -10.451487 -0.360895 -14.755235
v -11.139452 -0.360895 -11.845979
v -11.700113 -0.360895 -8.502900
v -12.025375 -0.360895 -5.245881
v -12.025375 -0.563459 8.046645
v -11.116833 -0.563463 8.045425
v -9.723360 -1.088808 2.176467
v -8.282583 -1.544392 0.722129
v -7.274801 -1.544392 0.717727
v -5.676224 -1.544392 0.710723
v -3.692419 -1.544392 0.715671
v -1.100703 -1.544392 0.722129
v 1.486881 -1.544392 0.715640
v 3.445154 -1.544392 0.710723
v 4.983552 -1.544392 0.716602
v 6.431731 -1.544392 0.722129
v 7.872509 -1.088808 2.176467
v 9.265982 -0.589138 8.497146
v 10.174524 -0.360895 8.497146
v 10.174524 -0.360895 -5.245881
v 9.835859 -0.360895 -8.567597
v 9.266808 -0.360895 -11.950547
v 8.605267 -0.360895 -14.734078
v 8.335432 -3.183742 -12.335488
v 9.088566 -3.183742 -9.517449
v 9.745367 -3.183742 -6.191720
v 10.152203 -3.250578 -2.897820
v 10.174524 -3.183742 8.046645
v 9.265982 -3.263044 8.045425
v 7.872509 -3.326225 2.176467
v 6.431731 -3.415403 0.722129
v 4.983552 -3.415403 0.716602
v 3.445154 -3.415403 0.710723
v 1.486881 -3.415403 0.715640
v -1.100703 -3.415403 0.722129
v -3.692419 -3.415403 0.715671
v -5.676224 -3.415403 0.710723
v -7.274801 -3.415403 0.717727
v -8.282583 -3.415403 0.722129
v -9.723360 -3.326225 2.176467
v -11.116833 -3.263044 8.045425
v -12.025375 -3.183742 8.046645
v -12.020060 -3.183742 -2.897347
v -11.602119 -3.183742 -6.161874
v -10.950205 -3.183742 -9.465730
v -10.178411 -3.183742 -12.371743
v -2.437118 3.800596 -28.715203
v -2.437118 5.581827 -28.715203
v -2.589530 5.581827 -29.648270
v -2.589530 4.245455 -29.648270
v -2.589530 1.684891 -28.009240
v -2.589530 -0.360895 -26.310571
v -2.589530 -1.951067 -24.990220
v -2.589530 -4.832085 -20.568276
v -2.589530 -7.876329 -15.518647
v -3.090089 -11.493054 3.678050
v -3.090089 -11.493054 8.041919
v -2.912909 -10.613245 8.041370
v -2.641160 -9.912273 2.172721
v -2.360186 -8.922898 0.718986
v -2.360186 -4.507941 0.718986
v -2.360186 -3.415403 0.718986
v -2.360186 -2.598373 0.718986
v -2.360186 -1.544392 0.718986
v -2.360186 -0.188424 0.718986
v -2.360186 3.216286 0.718986
v 0.709216 3.800596 -28.620751
v 0.709216 5.581827 -28.620751
v 0.874026 5.581827 -29.546342
v 0.874026 4.245455 -29.546342
v 0.874026 1.684891 -27.907311
v 0.874026 -0.360895 -26.208642
v 0.874026 -1.951067 -24.888291
v 0.874026 -4.832085 -20.466691
v 0.874026 -7.801358 -15.408982
v 1.415297 -11.308723 3.678050
v 1.415297 -11.308723 8.040126
v 1.223706 -10.450179 8.039836
v 0.929855 -9.766171 2.171302
v 0.626028 -8.800712 0.717799
v 0.626028 -4.507941 0.717796
v 0.626028 -3.415403 0.717796
v 0.626028 -2.598373 0.717796
v 0.626028 -1.544392 0.717796
v 0.626028 -0.188424 0.717799
v 0.626028 3.216286 0.717799
v 10.174524 2.891863 8.497146
v 10.174524 2.891863 -7.717141
v 9.830137 2.891863 -11.065728
v 9.251438 2.891863 -14.492913
v 8.594986 2.891863 -17.253198
v 7.607761 2.891863 -20.173158
v 5.928092 2.891863 -24.442643
v 4.143785 2.891863 -26.759347
v 1.872484 2.891863 -28.375115
v 0.874026 2.891863 -28.679894
v -1.128720 2.891863 -29.291238
v -2.589530 2.891863 -28.781831
v -4.134719 2.891863 -28.242997
v -6.435631 2.891863 -26.513657
v -8.289738 2.891863 -23.700662
v -9.458612 2.891863 -20.173158
v -10.459753 2.891863 -17.188004
v -11.134876 2.891863 -14.338403
v -11.698933 2.891863 -10.979707
v -12.025375 2.891863 -7.717141
v -12.025375 2.810272 8.046645
v 9.265982 2.728678 8.497146
v 7.872509 2.586164 2.176467
v 6.431732 2.385021 0.722129
v 4.983552 2.385019 0.716602
v 3.445154 2.385019 0.710723
v 1.486881 2.385021 0.715640
v 0.626028 2.385019 0.717799
v -1.100703 2.385019 0.722129
v -2.360186 2.385019 0.718986
v -3.692419 2.385019 0.715671
v -5.676224 2.385021 0.710723
v -7.274801 2.385021 0.717727
v -8.282583 2.385021 0.722129
v -9.723360 2.586164 2.176467
v -11.116835 2.810270 8.045425
v -12.025375 4.245455 10.014724
v -11.036575 4.245455 10.032237
v -11.008749 5.581827 10.053935
v -12.025375 5.581827 10.014724
v -11.116833 3.380480 10.013507
v -12.025375 2.810272 10.014724
v -11.116835 2.810270 10.013507
v -11.116833 3.380480 11.504184
v -11.036575 4.245455 11.522914
v -12.025375 4.245455 11.505405
v -12.025375 2.810272 11.505405
v -11.116835 2.810270 11.504184
v -12.025375 1.364260 10.331195
v -12.025375 -0.563459 10.331195
v -11.116833 -0.563463 10.329971
v -11.116833 1.364252 10.329971
v -11.116835 2.810270 10.329971
v -12.025375 2.810272 10.331195
v -12.025375 -2.017910 10.331195
v -11.116833 -2.118803 10.329971
v -12.025375 1.364260 11.774825
v -12.025375 -0.563459 11.774825
v -11.116833 -0.563463 11.773601
v -11.116833 1.364252 11.773601
v -12.025375 -2.040904 11.532993
v -11.116833 -2.040907 11.531768
v -12.025375 1.104288 17.291473
v -12.025375 -0.271553 16.613895
v -11.116833 -0.271555 16.612674
v -11.116833 1.104284 17.290252
v -11.116833 -3.263044 16.863853
v -12.025375 -3.183742 16.865081
v -12.025375 -4.832085 18.321521
v -11.116833 -4.721126 18.320296
v -12.025375 -6.691055 18.321521
v -11.116833 -6.365520 18.320296
v -12.025375 -2.061858 16.525710
v -11.116833 -2.061861 16.524486
v -11.116833 -3.409682 17.938735
v -12.025375 -3.330379 17.939960
v -12.025375 -4.785099 19.094867
v -11.116833 -4.674140 19.093642
v -12.025375 -6.691055 19.396407
v -11.116833 -6.365520 19.395179
v -11.116833 -3.627288 23.443431
v -12.025375 -3.586763 23.444659
v -12.025375 -4.429062 23.444659
v -11.116833 -4.372362 23.443431
v -6.823203 3.800596 -25.232659
v -6.823203 5.581827 -25.232659
v -7.417833 5.581827 -25.889932
v -7.417833 4.245455 -25.889932
v -7.417833 2.891863 -25.023492
v -7.417833 1.684891 -24.250901
v -7.417833 -0.360895 -22.552232
v -7.417833 -1.951067 -21.231866
v -7.417833 -4.832085 -16.811242
v -7.478347 -7.047142 -11.655412
v -9.539469 -8.862336 3.678069
v -9.539469 -8.862336 8.035056
v -8.834398 -8.286182 8.035487
v -7.753004 -7.827140 2.167285
v -6.634898 -7.179234 0.714431
v -6.523060 -4.507941 0.714431
v -6.523060 -3.415403 0.714431
v -6.523060 -2.598373 0.714431
v -6.523060 -1.544392 0.714431
v -6.523060 -0.188424 0.714431
v -6.523060 2.385021 0.714431
v -6.523060 3.216286 0.714431
v -5.031858 3.800596 -27.302766
v -5.031858 5.581827 -27.302766
v -5.445879 5.581827 -28.123986
v -5.445879 4.245455 -28.123986
v -5.445879 2.891863 -27.257546
v -5.445879 1.684891 -26.484956
v -5.445879 -0.360895 -24.786286
v -5.445879 -1.951067 -23.465920
v -5.445879 -4.832085 -19.045754
v -5.445879 -7.468624 -13.946748
v -6.805622 -10.272733 3.678058
v -6.805622 -10.272733 8.032684
v -6.324321 -9.533783 8.033450
v -5.586129 -8.945036 2.165397
v -4.822878 -8.114056 0.712848
v -4.822879 -4.507941 0.712848
v -4.822879 -3.415403 0.712848
v -4.822879 -2.598373 0.712848
v -4.822879 -1.544392 0.712848
v -4.822879 -0.188424 0.712848
v -4.822878 2.385019 0.712848
v -4.822878 3.216286 0.712848
v -0.294953 3.216286 0.720107
v -0.294953 2.385019 0.720107
v -0.294953 -0.188424 0.720107
v -0.294953 -1.544392 0.720107
v -0.294953 -2.598373 0.720107
v -0.294953 -3.415403 0.720107
v -0.294953 -4.507941 0.720107
v -0.294953 -9.040506 0.720107
v -0.171485 -10.052916 2.174056
v -0.052071 -10.770192 8.042815
v 0.025786 -11.670498 8.043605
v 0.025786 -11.670498 3.678050
v -0.194173 -7.935360 -15.749566
v -0.194173 -4.832085 -20.792085
v -0.194173 -1.951067 -25.214356
v -0.194173 -0.360895 -26.534707
v -0.194173 1.684891 -28.233384
v -0.194173 2.891863 -29.005967
v -0.194173 4.245455 -29.872407
v -0.194173 5.581827 -29.872407
v -0.261147 5.581827 -28.922891
v -0.261147 3.800596 -28.922891
v 2.866309 3.800596 -27.431229
v 2.866309 5.581827 -27.431229
v 3.248602 5.581827 -28.262620
v 3.248602 4.245455 -28.262620
v 3.248602 2.891863 -27.396172
v 3.248601 1.684891 -26.623582
v 3.248602 -0.360895 -24.924920
v 3.248602 -1.951067 -23.604554
v 3.248602 -4.832085 -19.184441
v 3.248602 -7.433695 -14.082589
v 4.504139 -10.228603 3.678058
v 4.504140 -10.228603 8.032397
v 4.059724 -9.494745 8.033210
v 3.378104 -8.910065 2.165176
v 2.673344 -8.084816 0.712661
v 2.673344 -4.507941 0.712661
v 2.673344 -3.415403 0.712661
v 2.673344 -2.598373 0.712661
v 2.673344 -1.544392 0.712661
v 2.673344 -0.188424 0.712661
v 2.673344 2.385019 0.712661
v 2.673344 3.216286 0.712661
v 4.544578 3.800596 -25.695428
v 4.544578 5.581827 -25.695428
v 5.096079 5.581827 -26.389352
v 5.096079 4.245455 -26.389352
v 5.096079 2.891863 -25.522920
v 5.096079 1.684891 -24.750321
v 5.096079 -0.360895 -23.051652
v 5.096079 -1.951067 -21.731301
v 5.096079 -4.832085 -17.310845
v 5.157046 -6.991996 -12.152116
v 7.077329 -8.855729 3.678065
v 7.077329 -8.855729 8.034202
v 6.422295 -8.280338 8.034755
v 5.417640 -7.821904 2.166610
v 4.378880 -7.174854 0.713859
v 4.266205 -4.507941 0.713859
v 4.266205 -3.415403 0.713859
v 4.266205 -2.598373 0.713859
v 4.266205 -1.544392 0.713859
v 4.266205 -0.188424 0.713859
v 4.266205 2.385019 0.713859
v 4.266205 3.216286 0.713859
v 5.893575 3.800596 -23.156426
v 5.893575 5.581827 -23.156426
v 6.581086 5.581827 -23.649270
v 6.581086 4.245455 -23.649270
v 6.581086 2.891863 -22.782830
v 6.581086 1.684891 -22.010239
v 6.581086 -0.360895 -20.311570
v 6.581086 -1.951067 -18.991212
v 6.721090 -4.832085 -14.167458
v 7.188537 -6.454857 -8.697892
v 9.033716 -7.538772 3.678081
v 9.033716 -7.538772 8.041560
v 8.218550 -7.115390 8.041064
v 6.968295 -6.778069 2.172443
v 5.675593 -6.301960 0.718749
v 5.546551 -4.507941 0.718749
v 5.546551 -3.415403 0.718749
v 5.546551 -2.598373 0.718749
v 5.546551 -1.544392 0.718749
v 5.546551 -0.188424 0.718749
v 5.546551 2.385019 0.718749
v 5.546551 3.216286 0.718749
v 8.875378 -5.483438 -6.452271
v 9.691784 -5.868427 -1.886880
v 10.174524 -5.868427 1.373481
v 10.174524 -5.868427 8.046645
v 9.265982 -5.637846 8.045425
v 7.872509 -5.454135 2.176467
v 6.431731 -5.194839 0.722129
v 5.618489 -5.508075 0.718749
v 5.101247 -5.707300 0.716602
v 4.329019 -5.994698 0.713859
v 3.445154 -6.323642 0.710723
v 2.673344 -6.501984 0.712661
v 1.486881 -6.776141 0.715640
v 0.626028 -6.901088 0.717796
v -0.294953 -7.034765 0.720107
v -1.100703 -7.151716 0.722129
v -2.360186 -6.969200 0.718986
v -3.692419 -6.776141 0.715671
v -4.822878 -6.518287 0.712848
v -5.676224 -6.323642 0.710723
v -6.585408 -5.997139 0.714431
v -7.392494 -5.707300 0.717727
v -8.282583 -5.194839 0.722129
v -9.723360 -5.454135 2.176467
v -11.116833 -5.637846 8.045425
v -11.116833 -5.637846 18.320296
v -11.116833 -5.637846 19.395179
v -12.025375 -5.868427 19.396407
v -12.025375 -5.868427 18.321521
v -12.020794 -5.868427 8.048408
v -12.025375 -5.868427 1.373481
v -11.541914 -5.868427 -1.888123
v -10.727161 -5.483438 -6.446206
v 10.174524 0.800949 8.497146
v 9.265982 0.261711 8.497146
v 7.872509 -0.167917 2.176467
v 6.431731 -0.774309 0.722129
v 5.546551 -0.774309 0.718749
v 4.983552 -0.774309 0.716602
v 4.266205 -0.774309 0.713859
v 3.445154 -0.774309 0.710723
v 2.673344 -0.774309 0.712661
v 1.486881 -0.774309 0.715640
v 0.626028 -0.774309 0.717796
v -0.294953 -0.774309 0.720107
v -1.100703 -0.774309 0.722129
v -2.360186 -0.774309 0.718986
v -3.692419 -0.774309 0.715671
v -4.822879 -0.774309 0.712848
v -5.676224 -0.774309 0.710723
v -6.523060 -0.774309 0.714431
v -7.274801 -0.774309 0.717727
v -8.282583 -0.774309 0.722129
v -9.723360 -0.167917 2.176467
v -11.116835 0.531327 8.045425
v -11.116835 0.531327 10.329971
v -11.116835 0.531327 11.773605
v -11.116835 0.496014 16.945750
v -12.025375 0.496017 16.946975
v -12.025375 0.531333 11.774825
v -12.025375 0.531333 10.331195
v -12.025375 0.531333 8.046645
v -12.008326 0.795517 -6.199525
v -11.699694 0.800949 -9.469590
v -11.137817 0.800949 -12.818246
v -10.454441 0.800949 -15.706200
v -9.458612 0.800949 -18.666612
v -8.289738 0.800949 -22.194115
v -7.417833 0.800949 -23.516938
v -6.435631 0.800949 -25.007104
v -5.445879 0.800949 -25.750993
v -4.134719 0.800949 -26.736459
v -2.589530 0.800949 -27.275285
v -1.128720 0.800949 -27.784684
v -0.194173 0.800949 -27.499421
v 0.874026 0.800949 -27.173356
v 1.872484 0.800949 -26.868577
v 3.248601 0.800949 -25.889619
v 4.143785 0.800949 -25.252808
v 5.096079 0.800949 -24.016366
v 5.928093 0.800949 -22.936105
v 6.581086 0.800949 -21.276276
v 7.607761 0.800949 -18.666612
v 8.601595 0.800949 -15.715875
v 9.261318 0.800949 -12.940652
v 9.833817 0.800949 -9.541901
v 10.174524 0.800949 -6.210587
v -12.025375 0.902746 19.164970
v -12.025375 0.468359 19.164970
v -11.116835 0.468357 19.163745
v -11.116833 0.902742 19.163745
v -9.539469 -8.862336 15.146327
v -10.823425 -8.077942 15.151282
v -8.834398 -8.286182 15.146758
v -10.013262 -7.592327 15.151004
v -12.025375 -6.748177 14.730518
v -11.116833 -6.308398 16.459762
v -8.093088 -9.745955 15.140754
v -7.506407 -9.067813 15.141982
v -9.539469 -8.862336 16.962234
v -10.823425 -8.077942 16.967185
v -8.834398 -8.286182 16.962665
v -10.013262 -7.592327 16.966907
v -8.319731 -9.515004 16.956660
v -7.733050 -8.836864 16.957885
v -9.580797 -8.770185 18.042457
v -10.672012 -8.103539 18.046661
v -8.981571 -8.280522 18.042823
v -9.983467 -7.690834 18.046428
v -6.809531 -10.271973 11.230453
v -8.097084 -9.745411 11.227264
v -6.328230 -9.533020 11.231227
v -7.510402 -9.067268 11.228488
v -3.093908 -11.491486 9.793609
v -5.103887 -10.969301 9.788608
v -2.916728 -10.611673 9.793056
v -4.762188 -10.149799 9.788776
v -3.093908 -11.491486 11.635177
v -5.103887 -10.969301 13.017730
v -2.916728 -10.611673 11.634624
v -4.762188 -10.149799 13.017898
v -6.345475 -10.442318 13.072024
v -5.864174 -9.703375 13.072791
v -3.567930 -11.336761 14.131839
v -4.855168 -10.935015 14.127994
v -3.454459 -10.659870 14.131416
v -4.636337 -10.304523 14.128116
v -0.052071 -10.770192 9.505077
v 0.025786 -11.670498 9.505866
v 1.415297 -11.308723 9.502387
v 1.223706 -10.450179 9.502093
v -3.090089 -11.493054 9.504180
v -2.912909 -10.613245 9.503627
v -1.189871 -11.987005 9.508907
v -1.168226 -11.050179 9.507678
v 2.714090 -10.970572 9.499133
v 2.398666 -10.068636 9.652564
v -0.052071 -10.770192 10.732642
v 0.025786 -11.670498 10.733440
v 1.415297 -11.308723 10.729961
v 1.223706 -10.450179 10.729667
v 2.397715 -10.970572 10.726707
v 2.099817 -10.151072 10.726886
v -0.902061 -11.987005 10.548125
v -0.880415 -11.050179 10.546901
v 0.094808 -10.770192 12.022205
v 0.157079 -11.670498 12.022994
v 1.268417 -11.308723 12.019515
v 1.115182 -10.450179 12.019229
v -11.116833 -5.791046 21.209331
v -12.025375 -5.954546 21.210551
v -12.025375 -6.537854 21.210551
v -11.116833 -6.307024 21.209331
v 4.504140 -10.228603 9.801158
v 2.714090 -10.970572 9.805640
v 4.059724 -9.494745 9.801974
v 7.077329 -8.855729 9.802966
v 5.668591 -9.745955 9.798247
v 6.422295 -8.280338 9.803519
v 5.128864 -9.067813 9.799472
v 8.308134 -8.077942 9.807090
v 7.552357 -7.592327 9.807059
v 7.077329 -8.855729 13.715213
v 5.668591 -9.745955 13.710494
v 6.422295 -8.280338 13.715766
v 5.128864 -9.067813 13.711719
v 4.754404 -10.101856 13.713405
v 4.309988 -9.367999 13.714221
v 6.877911 -9.011055 15.551303
v 5.767977 -9.689216 15.546584
v 6.222876 -8.435658 15.551856
v 5.228250 -9.011074 15.547809
v 9.033716 -7.538772 11.305648
v 8.432041 -7.990326 11.302413
v 8.218550 -7.115390 11.305152
v 7.676264 -7.504712 11.302386
v 10.174524 -5.868427 11.310733
v 10.174524 -6.691055 11.310733
v 9.265982 -5.637846 11.309512
v 9.265982 -6.365520 11.309512
v 9.221697 -7.477399 17.816043
v 8.406530 -7.054017 17.815547
v 10.174524 -6.691055 17.821128
v 9.265982 -6.365520 17.819904
v 10.172604 -3.183742 9.473846
v 10.172604 -4.832085 9.473846
v 9.264061 -3.263044 9.472625
v 9.264061 -4.721126 9.472625
v 10.172604 -0.360895 9.473846
v 10.172604 -1.884808 9.286067
v 9.264061 -0.589138 9.472625
v 9.264061 -2.106393 9.284846
v 10.172604 -5.868427 9.473846
v 9.264061 -5.637846 9.472625
v 10.172604 -3.183742 12.757175
v 10.172604 -4.832085 12.757175
v 9.264061 -3.263044 12.755954
v 9.264061 -4.721126 12.755954
v 10.172604 -2.295017 12.569865
v 9.264061 -2.516603 12.568641
v 10.172604 -3.503257 16.390716
v 10.172604 -4.701902 16.390716
v 9.264061 -3.560925 16.389491
v 9.264061 -4.621215 16.389491
v 9.265982 -0.589138 10.225516
v 10.174524 -0.360895 10.225516
v 10.174524 0.531333 10.402023
v 9.265982 0.531327 10.402023
v 10.174524 2.891863 10.402023
v 9.265982 2.728678 10.402023
v 9.265982 1.364252 10.402023
v 10.174524 1.364260 10.402023
v 10.174522 2.891863 11.110904
v 9.265980 2.728678 11.110904
v 9.265980 1.364252 11.110904
v 10.174522 1.364260 11.110904
v 10.174524 0.531333 11.110904
v 9.265982 0.531327 11.110904
v 10.128389 0.655172 12.472636
v 9.312117 0.655167 12.472636
v 10.128389 1.240419 12.472636
v 9.312115 1.240412 12.472636
v 10.174524 4.245455 11.983302
v 9.196478 4.245455 11.983314
v 10.174524 5.581827 11.983314
v 9.157898 5.581827 11.983314
v 9.265982 3.380480 11.983302
v 9.265982 2.728678 11.983302
v 10.174524 2.891863 11.983302
v 10.174524 4.498108 14.861530
v 9.196478 4.498108 14.861537
v 10.174524 5.329172 14.861537
v 9.157898 5.329172 14.861537
v -12.481277 -3.183742 8.044940
v -12.481277 -1.951067 8.044940
v -12.785048 -3.183742 16.858138
v -12.773357 -2.061858 16.518970
v -12.352440 -5.868427 18.319545
v -12.352440 -6.691055 18.319545
v -12.387613 -5.868427 19.393851
v -12.387613 -6.691055 19.393851
v -12.446978 -6.537854 21.207027
v -12.446978 -5.954546 21.207027
v -11.743073 1.670475 -10.192864
v -11.728918 0.786533 -9.457536
v -11.244171 1.663500 -13.564637
v -11.230856 0.779558 -12.825044
v -10.617123 1.655624 -16.458802
v -10.600637 0.771683 -15.735490
v -9.660904 0.767393 -18.720139
v -9.675352 1.651335 -19.453950
v -8.576254 1.651497 -23.003526
v -8.561808 0.767555 -22.269715
v -12.025375 3.395517 11.505405
v -12.025375 3.395517 10.014724
v -12.025375 3.395517 8.046645
v -12.025375 3.443838 -8.070466
v -11.698732 3.443838 -11.333970
v -11.134102 3.443838 -14.695321
v -10.461157 3.443838 -17.534798
v -9.458612 3.443838 -20.526490
v -8.289738 3.443838 -24.053986
v -7.417833 3.443838 -25.376809
v -6.435631 3.443838 -26.866975
v -5.445879 3.443838 -27.610864
v -4.134719 3.443838 -28.596330
v -2.589530 3.443838 -29.135156
v -1.128720 3.443838 -29.644555
v -0.194173 3.443838 -29.359292
v 0.874026 3.443838 -29.033227
v 1.872484 3.443838 -28.728448
v 3.248602 3.443838 -27.749490
v 4.143785 3.443838 -27.112679
v 5.096079 3.443838 -25.876237
v 5.928092 3.443838 -24.795968
v 6.581086 3.443838 -23.136155
v 7.607761 3.443838 -20.526490
v 8.593241 3.443838 -17.614640
v 9.248831 3.443838 -14.858308
v 9.829166 3.443838 -11.423615
v 10.174524 3.443838 -8.070466
v 10.174524 3.443838 8.497146
v 10.174524 3.443838 11.983302
v -12.025375 3.348782 12.216975
v -11.116833 3.336145 12.215755
v -12.025375 2.857008 12.216975
v -11.116835 2.857008 12.215755
v 9.265982 3.329065 12.751502
v 9.265982 2.791162 12.751502
v 10.174524 2.925833 12.751502
v 10.174524 3.381351 12.751502
v 10.555752 -4.832085 8.045531
v 10.555752 -3.183742 8.045531
v 10.598709 -3.183742 9.472087
v 10.598709 -4.832085 9.472087
v 10.701944 -3.183742 12.753589
v 10.701944 -4.832085 12.753589
v 10.816198 -3.503257 16.385333
v 10.816198 -4.701902 16.385333
v -8.063664 3.800596 -22.626542
v -8.063664 5.581827 -22.626542
v -8.783360 5.581827 -23.077424
v -8.783360 4.245455 -23.077424
v -8.783360 3.443838 -22.564301
v -8.783360 2.891863 -22.210984
v -8.783360 1.684891 -21.438386
v -9.040409 1.651430 -21.504517
v -9.025963 0.767487 -20.770707
v -8.783360 0.800949 -20.704423
v -8.783360 -0.360895 -19.739716
v -8.783360 -1.951067 -18.419358
v -8.935408 -4.832085 -13.560693
v -9.396135 -6.474628 -8.130685
v -11.331017 -7.492251 3.678085
v -11.329081 -7.492251 8.043555
v -11.331017 -7.516374 14.973594
v -10.479307 -7.050116 15.703700
v -10.479307 -7.074239 8.042133
v -9.173004 -6.741196 2.173431
v -7.822355 -6.271126 0.719585
v -7.768384 -5.490885 0.719585
v -7.700393 -4.507941 0.719585
v -7.700393 -3.415403 0.719585
v -7.700393 -2.598373 0.719585
v -7.700393 -1.544392 0.719585
v -7.700393 -0.774309 0.719585
v -7.700393 -0.188424 0.719585
v -7.700394 2.385021 0.719585
v -7.700393 3.216286 0.719585
v 9.648518 -6.458982 -0.611443
v 9.914913 -6.691056 1.696021
v 7.468668 -7.506043 -3.704118
v 7.837766 -7.768617 -1.092446
v -1.132779 -11.987003 -7.873216
v -1.128720 -11.612400 -9.394418
v -2.589530 -11.133493 -8.916436
v -2.623783 -11.493054 -7.375657
v -6.212020 -10.195769 -5.121217
v -6.435631 -9.698084 -6.806100
v -7.902485 -8.933702 -4.907044
v -7.075407 -9.777048 -3.933724
v 4.296150 -9.745955 -5.188035
v 4.143785 -9.396065 -7.199982
v 3.248602 -9.907551 -7.643159
v 3.355038 -10.228603 -5.918572
v 1.934464 -10.970572 -6.939721
v 1.872484 -10.624069 -8.552316
v 0.874026 -10.960912 -8.812836
v 0.911028 -11.308723 -7.282456
v -4.204061 -10.970572 -6.837853
v -4.134719 -10.613255 -8.447579
v -5.748261 -10.019745 -7.344010
v -5.561051 -10.484418 -5.792283
v 6.237443 -8.700846 -3.050095
v 6.354320 -8.226252 -4.841821
v 5.544985 -8.754326 -5.484406
v 4.815720 -9.501674 -4.360185
v -8.963581 -8.701704 -1.835767
v -8.512428 -8.501966 -4.328385
v -10.123638 -7.512930 -2.152100
v -9.483690 -8.382977 -1.067582
v -0.179545 -11.670496 -7.606812
v -0.194173 -11.305758 -9.127412
v -11.750439 -6.691056 1.580836
v -11.508051 -6.476052 -0.527192
v 10.483297 5.581827 -8.583581
v 10.444157 5.581827 8.497157
v 8.931295 5.581827 -9.196313
v 8.892155 5.581827 8.497157
v -12.331896 5.581827 -8.583581
v -12.295176 5.581827 8.046645
v -10.743174 5.581827 8.085857
v -10.779894 5.581827 -9.196313
v 10.107620 5.581827 -11.943353
v 8.604099 5.581827 -12.309525
v -11.979218 5.581827 -11.848451
v -10.472925 5.581827 -12.221589
v 9.490492 5.581827 -15.388947
v 8.068447 5.581827 -15.502282
v -11.383385 5.581827 -15.213654
v -9.956158 5.581827 -15.339845
v 8.853422 5.581827 -18.139558
v 7.522867 5.581827 -18.051034
v -10.727087 5.581827 -18.038430
v -9.393509 5.581827 -17.957330
v 5.661099 5.581827 -23.156426
v 6.710666 5.581827 -23.649270
v 6.112364 5.581827 -25.536362
v 5.154099 5.581827 -24.694444
v 7.812370 5.581827 -21.039597
v 6.619254 5.581827 -20.738259
v 4.411613 5.581827 -25.695428
v 5.253546 5.581827 -26.616631
v 4.256514 5.581827 -27.853082
v 3.547732 5.581827 -26.614724
v 2.824447 5.581827 -27.204812
v 3.408063 5.581827 -28.489892
v 1.891502 5.581827 -29.468835
v 1.500295 5.581827 -28.111924
v 0.673960 5.581827 -28.394334
v 0.925561 5.581827 -29.773621
v -0.192811 5.581827 -30.099686
v -0.295055 5.581827 -28.696481
v -2.386341 5.581827 -28.488793
v -2.619017 5.581827 -29.875550
v -4.240232 5.581827 -29.336716
v -3.791507 5.581827 -27.989503
v -4.961154 5.581827 -27.076363
v -5.593207 5.581827 -28.351266
v -6.566803 5.581827 -27.607377
v -5.796361 5.581827 -26.387055
v -6.677330 5.581827 -25.006242
v -7.585104 5.581827 -25.889932
v -8.510983 5.581827 -24.567101
v -7.481299 5.581827 -23.780488
v -7.846852 5.581827 -22.626542
v -8.945555 5.581827 -23.077424
v -9.616495 5.581827 -21.039597
v -8.423378 5.581827 -20.738259
v -1.067633 5.581827 -30.384957
v -1.170026 5.581827 -28.960816
v -12.293064 5.581827 10.014724
v -10.741062 5.581827 10.053935
v 8.890209 5.581827 11.983314
v 10.442211 5.581827 11.983314
v 8.890209 5.329172 14.861537
v 10.442211 5.329172 14.861537
v 10.483297 6.335020 -8.583581
v 10.444157 6.335020 8.497157
v 8.931295 6.335020 -9.196313
v 8.892155 6.335020 8.497157
v -12.331896 6.335020 -8.583581
v -12.295176 6.335020 8.046645
v -10.743174 6.335020 8.085857
v -10.779894 6.335020 -9.196313
v 10.107620 6.335020 -11.943353
v 8.604099 6.335020 -12.309525
v -11.979218 6.335020 -11.848451
v -10.472925 6.335020 -12.221589
v 9.490492 6.335020 -15.388947
v 8.068447 6.335020 -15.502282
v -11.383385 6.335020 -15.213654
v -9.956158 6.335020 -15.339845
v 8.853422 6.335020 -18.139558
v 7.522867 6.335020 -18.051034
v -10.727087 6.335020 -18.038430
v -9.393509 6.335020 -17.957330
v 5.661099 6.335020 -23.156426
v 6.710666 6.335020 -23.649270
v 6.112364 6.335020 -25.536362
v 5.154099 6.335020 -24.694444
v 7.812370 6.335020 -21.039597
v 6.619254 6.335020 -20.738259
v 4.411613 6.335020 -25.695428
v 5.253546 6.335020 -26.616631
v 4.256514 6.335020 -27.853082
v 3.547732 6.335020 -26.614724
v 2.824447 6.335020 -27.204812
v 3.408063 6.335020 -28.489892
v 1.891502 6.335020 -29.468835
v 1.500295 6.335020 -28.111924
v 0.673960 6.335020 -28.394334
v 0.925561 6.335020 -29.773621
v -0.192811 6.335020 -30.099686
v -0.295055 6.335020 -28.696481
v -2.386341 6.335020 -28.488793
v -2.619017 6.335020 -29.875550
v -4.240232 6.335020 -29.336716
v -3.791507 6.335020 -27.989503
v -4.961154 6.335020 -27.076363
v -5.593207 6.335020 -28.351266
v -6.566803 6.335020 -27.607377
v -5.796361 6.335020 -26.387055
v -6.677330 6.335020 -25.006242
v -7.585104 6.335020 -25.889932
v -8.510983 6.335020 -24.567101
v -7.481299 6.335020 -23.780488
v -7.846852 6.335020 -22.626542
v -8.945555 6.335020 -23.077424
v -9.616495 6.335020 -21.039597
v -8.423378 6.335020 -20.738259
v -1.067633 6.335020 -30.384957
v -1.039208 6.335020 -28.960816
v -12.293064 6.335020 10.014724
v -10.741062 6.335020 10.053935
v 8.890209 6.335020 11.983314
v 10.442211 6.335020 11.983314
v 8.890209 6.082369 14.861537
v 10.442211 6.082369 14.861537
vt 0.628034 0.101991
vt 0.648346 0.111203
vt 0.629263 0.128113
vt 0.610607 0.119528
vt 0.460472 0.557249
vt 0.472014 0.561583
vt 0.466900 0.574301
vt 0.455445 0.569678
vt 0.198431 0.273734
vt 0.202458 0.293916
vt 0.138194 0.306301
vt 0.134167 0.285459
vt 0.113585 0.087161
vt 0.326960 0.080190
vt 0.312811 0.097780
vt 0.113838 0.103541
vt 0.897353 0.713682
vt 0.895651 0.490536
vt 0.914307 0.474808
vt 0.916245 0.713519
vt 0.653040 0.599924
vt 0.682652 0.606249
vt 0.669006 0.673422
vt 0.638911 0.667159
vt 0.494988 0.462853
vt 0.500822 0.445087
vt 0.512418 0.448808
vt 0.506559 0.466706
vt 0.853465 0.118353
vt 0.866176 0.142274
vt 0.850761 0.160421
vt 0.837905 0.136988
vt 0.830192 0.184910
vt 0.788215 0.253985
vt 0.775025 0.231637
vt 0.817645 0.162151
vt 0.520565 0.184829
vt 0.587472 0.142007
vt 0.604701 0.150399
vt 0.536780 0.193699
vt 0.115963 0.156253
vt 0.278492 0.141135
vt 0.259966 0.167083
vt 0.118457 0.180765
vt 0.417483 0.539580
vt 0.433214 0.545917
vt 0.428181 0.558272
vt 0.412539 0.551787
vt 0.457045 0.430856
vt 0.473025 0.436103
vt 0.467221 0.453547
vt 0.451233 0.448126
vt 0.815280 0.704540
vt 0.821289 0.549638
vt 0.848926 0.528702
vt 0.841926 0.705758
vt 0.747889 0.332356
vt 0.732192 0.310773
vt 0.461257 0.233900
vt 0.445867 0.223342
vt 0.120116 0.196355
vt 0.218517 0.186118
vt 0.185971 0.201348
vt 0.121565 0.209033
vt 0.366490 0.519595
vt 0.388905 0.528279
vt 0.386871 0.541375
vt 0.366745 0.533380
vt 0.405776 0.413382
vt 0.428296 0.421169
vt 0.418511 0.436799
vt 0.392879 0.427757
vt 0.774150 0.692813
vt 0.784005 0.626009
vt 0.800913 0.592459
vt 0.787154 0.694643
vt 0.494905 0.178664
vt 0.420126 0.213696
vt 0.397359 0.205092
vt 0.472298 0.173165
vt 0.537893 0.131112
vt 0.561012 0.136113
vt 0.574209 0.090790
vt 0.599238 0.095316
vt 0.582858 0.113085
vt 0.558946 0.108551
vt 0.450271 0.582117
vt 0.461708 0.586912
vt 0.456988 0.598125
vt 0.445535 0.593189
vt 0.407530 0.563819
vt 0.423063 0.570458
vt 0.418399 0.581206
vt 0.402986 0.574417
vt 0.369550 0.549927
vt 0.386255 0.555965
vt 0.385576 0.568876
vt 0.371895 0.564646
vt 0.189913 0.227551
vt 0.193810 0.249195
vt 0.129420 0.259938
vt 0.125579 0.237101
vt 0.701861 0.610302
vt 0.727233 0.615371
vt 0.714712 0.682522
vt 0.688670 0.677381
vt 0.426957 0.393676
vt 0.443447 0.399941
vt 0.434574 0.411000
vt 0.414093 0.404024
vt 0.464534 0.407708
vt 0.480469 0.412670
vt 0.476683 0.424750
vt 0.460723 0.419636
vt 0.504505 0.433507
vt 0.508319 0.421163
vt 0.519971 0.424704
vt 0.516120 0.437142
vt 0.874268 0.157691
vt 0.882119 0.180979
vt 0.866559 0.198600
vt 0.858830 0.175601
vt 0.845373 0.222162
vt 0.804011 0.291038
vt 0.796815 0.268381
vt 0.838282 0.199556
vt 0.769032 0.369328
vt 0.758142 0.346285
vt 0.446903 0.460654
vt 0.462889 0.466195
vt 0.458147 0.479714
vt 0.442173 0.474051
vt 0.385332 0.438819
vt 0.412378 0.448492
vt 0.405752 0.460992
vt 0.377197 0.450647
vt 0.595915 0.657960
vt 0.610526 0.590588
vt 0.632512 0.595440
vt 0.618121 0.662735
vt 0.763457 0.220330
vt 0.719478 0.300385
vt 0.705826 0.289185
vt 0.751009 0.208111
vt 0.806606 0.150243
vt 0.794528 0.137350
vt 0.814971 0.110450
vt 0.830866 0.090738
vt 0.842695 0.105127
vt 0.826989 0.124224
vt 0.502189 0.479673
vt 0.497401 0.493526
vt 0.485859 0.489476
vt 0.490631 0.475724
vt 0.207944 0.320724
vt 0.214387 0.350957
vt 0.150154 0.364427
vt 0.143740 0.333718
vt 0.368104 0.480555
vt 0.395861 0.490857
vt 0.391454 0.510860
vt 0.365993 0.501235
vt 0.431218 0.504030
vt 0.447132 0.509960
vt 0.439725 0.529413
vt 0.423886 0.523300
vt 0.474753 0.520197
vt 0.486243 0.524503
vt 0.478721 0.544422
vt 0.467329 0.539783
vt 0.674418 0.123727
vt 0.697353 0.141408
vt 0.676054 0.158216
vt 0.654178 0.140510
vt 0.558539 0.205590
vt 0.627903 0.162075
vt 0.647883 0.179357
vt 0.576782 0.222875
vt 0.498296 0.266548
vt 0.481825 0.247932
vt 0.762890 0.622250
vt 0.751780 0.689226
vt 0.737553 0.686753
vt 0.749293 0.619702
vt 0.445206 0.379470
vt 0.456206 0.383754
vt 0.451075 0.390248
vt 0.438033 0.384616
vt 0.470241 0.389155
vt 0.486119 0.393850
vt 0.483676 0.402119
vt 0.467769 0.397308
vt 0.514047 0.401823
vt 0.525798 0.405206
vt 0.523260 0.413798
vt 0.511565 0.410343
vt 0.888721 0.201346
vt 0.894071 0.228835
vt 0.877886 0.245955
vt 0.872913 0.218758
vt 0.855560 0.268753
vt 0.814129 0.344339
vt 0.810370 0.310781
vt 0.851544 0.241903
vt 0.788087 0.427898
vt 0.778629 0.389462
vt 0.396721 0.588474
vt 0.400370 0.580373
vt 0.415698 0.587255
vt 0.411932 0.595474
vt 0.375297 0.571509
vt 0.386339 0.575355
vt 0.387295 0.584213
vt 0.379851 0.580935
vt 0.188217 0.216443
vt 0.123777 0.225268
vt 0.401784 0.168248
vt 0.442568 0.171049
vt 0.363025 0.196560
vt 0.316071 0.185056
vt 0.483051 0.126739
vt 0.514740 0.129183
vt 0.518744 0.087073
vt 0.550700 0.089915
vt 0.535492 0.106471
vt 0.503569 0.103814
vt 0.438934 0.608058
vt 0.442786 0.599463
vt 0.454263 0.604491
vt 0.450461 0.613238
vt 0.376574 0.080237
vt 0.362053 0.097630
vt 0.327741 0.140278
vt 0.308520 0.165563
vt 0.804777 0.541673
vt 0.787189 0.595826
vt 0.793666 0.560477
vt 0.850233 0.475142
vt 0.823583 0.496757
vt 0.913355 0.421229
vt 0.895096 0.437154
vt 0.811656 0.468917
vt 0.802878 0.488758
vt 0.849059 0.421701
vt 0.822554 0.443848
vt 0.910885 0.366363
vt 0.893112 0.382805
vt 0.427570 0.081357
vt 0.412773 0.098482
vt 0.377741 0.140820
vt 0.357876 0.166129
vt 0.819913 0.397597
vt 0.846375 0.376207
vt 0.907356 0.321251
vt 0.890009 0.337861
vt 0.472000 0.083353
vt 0.457316 0.100316
vt 0.422193 0.142611
vt 0.334536 0.176641
vt 0.866223 0.360112
vt 0.861405 0.311496
vt 0.901338 0.272402
vt 0.884507 0.289127
vt 0.437475 0.123428
vt 0.310680 0.549995
vt 0.355934 0.427422
vt 0.374046 0.429177
vt 0.327155 0.556140
vt 0.598115 0.517770
vt 0.553261 0.636814
vt 0.536681 0.630949
vt 0.583279 0.507234
vt 0.368904 0.404831
vt 0.385843 0.408160
vt 0.603101 0.492975
vt 0.588109 0.484335
vt 0.384667 0.382580
vt 0.400066 0.387399
vt 0.605773 0.466497
vt 0.590961 0.459941
vt 0.398784 0.365390
vt 0.412671 0.371293
vt 0.606359 0.443654
vt 0.591986 0.438954
vt 0.446084 0.342075
vt 0.436261 0.334387
vt 0.447657 0.323231
vt 0.455578 0.333060
vt 0.417589 0.348728
vt 0.429448 0.355613
vt 0.466136 0.328827
vt 0.459662 0.318890
vt 0.473551 0.313977
vt 0.477764 0.325659
vt 0.487019 0.324294
vt 0.484260 0.312772
vt 0.502975 0.311762
vt 0.503500 0.323037
vt 0.513027 0.324285
vt 0.514044 0.313403
vt 0.526787 0.315495
vt 0.524121 0.325957
vt 0.545764 0.335726
vt 0.551942 0.326709
vt 0.567710 0.336991
vt 0.559345 0.344869
vt 0.569319 0.356045
vt 0.579437 0.349411
vt 0.587783 0.358598
vt 0.576342 0.364293
vt 0.582001 0.377678
vt 0.594000 0.374940
vt 0.600291 0.388086
vt 0.587258 0.389647
vt 0.588053 0.399365
vt 0.600922 0.400484
vt 0.602595 0.417746
vt 0.589124 0.415181
vt 0.972208 0.713030
vt 0.969636 0.435729
vt 0.991370 0.435425
vt 0.993912 0.712831
vt 0.086387 0.521285
vt 0.083684 0.676355
vt 0.059310 0.675930
vt 0.062013 0.520860
vt 0.988272 0.044490
vt 0.988272 0.064458
vt 0.970385 0.064458
vt 0.970385 0.043701
vt 0.361952 0.027717
vt 0.112740 0.031539
vt 0.112431 0.011517
vt 0.361608 0.007661
vt 0.104727 0.769663
vt 0.084540 0.769663
vt 0.083972 0.740902
vt 0.104727 0.740902
vt 0.079922 0.039606
vt 0.077285 0.190882
vt 0.052911 0.190457
vt 0.055551 0.038992
vt 0.967691 0.380668
vt 0.989630 0.379612
vt 0.086863 0.494000
vt 0.062488 0.493575
vt 0.411409 0.026546
vt 0.411025 0.006304
vt 0.076823 0.217396
vt 0.052449 0.216971
vt 0.963997 0.323705
vt 0.985940 0.321890
vt 0.087351 0.466017
vt 0.062976 0.465592
vt 0.463264 0.025924
vt 0.463193 0.005420
vt 0.076347 0.244725
vt 0.051972 0.244300
vt 0.959247 0.277698
vt 0.981143 0.274953
vt 0.087740 0.443680
vt 0.063366 0.443255
vt 0.507866 0.026440
vt 0.508372 0.005592
vt 0.075947 0.267666
vt 0.051573 0.267241
vt 0.964817 0.178218
vt 0.943081 0.182941
vt 0.936243 0.154623
vt 0.957638 0.148648
vt 0.088755 0.385455
vt 0.088520 0.398935
vt 0.064146 0.398510
vt 0.064381 0.385030
vt 0.951902 0.228137
vt 0.973712 0.224427
vt 0.088151 0.420129
vt 0.063776 0.419704
vt 0.950543 0.126249
vt 0.929387 0.133530
vt 0.920674 0.109751
vt 0.941142 0.101256
vt 0.089083 0.366641
vt 0.088908 0.376683
vt 0.064533 0.376258
vt 0.064709 0.366216
vt 0.933258 0.083974
vt 0.913106 0.093718
vt 0.900589 0.069212
vt 0.920056 0.058361
vt 0.120353 0.410199
vt 0.120686 0.393971
vt 0.145058 0.394471
vt 0.144726 0.410699
vt 0.910783 0.042750
vt 0.891322 0.054809
vt 0.880756 0.038884
vt 0.900317 0.026255
vt 0.144226 0.435066
vt 0.119853 0.434567
vt 0.120112 0.421972
vt 0.144484 0.422472
vt 0.767946 0.063476
vt 0.754344 0.086040
vt 0.727900 0.069836
vt 0.739775 0.047036
vt 0.118901 0.481029
vt 0.119274 0.462812
vt 0.143647 0.463311
vt 0.143273 0.481529
vt 0.709974 0.033095
vt 0.700079 0.057042
vt 0.678682 0.048581
vt 0.686239 0.024386
vt 0.118344 0.508160
vt 0.118584 0.496490
vt 0.142956 0.496989
vt 0.142717 0.508660
vt 0.652122 0.016036
vt 0.646810 0.040428
vt 0.618957 0.035062
vt 0.622363 0.011419
vt 0.075023 0.320685
vt 0.074835 0.331428
vt 0.050461 0.331003
vt 0.050648 0.320261
vt 0.594315 0.009204
vt 0.592271 0.031912
vt 0.557315 0.028867
vt 0.558502 0.007343
vt 0.075522 0.292038
vt 0.075233 0.308588
vt 0.050859 0.308163
vt 0.051148 0.291614
vt 0.534788 0.407831
vt 0.574456 0.419789
vt 0.571835 0.428492
vt 0.532214 0.416468
vt 0.525014 0.439927
vt 0.528883 0.427420
vt 0.568471 0.439608
vt 0.564549 0.452331
vt 0.515419 0.469651
vt 0.521288 0.451655
vt 0.560794 0.464295
vt 0.554874 0.482680
vt 0.545626 0.510298
vt 0.506238 0.496619
vt 0.511037 0.482687
vt 0.550463 0.496023
vt 0.534313 0.542262
vt 0.526680 0.562841
vt 0.487481 0.547876
vt 0.495042 0.527792
vt 0.480815 0.564985
vt 0.519983 0.580291
vt 0.514801 0.593419
vt 0.475680 0.577828
vt 0.470481 0.590547
vt 0.509561 0.606412
vt 0.504849 0.617897
vt 0.465780 0.601850
vt 0.459402 0.617091
vt 0.463100 0.608276
vt 0.502173 0.624386
vt 0.498501 0.633237
vt 0.112935 0.044272
vt 0.354458 0.039890
vt 0.349292 0.048276
vt 0.113069 0.053039
vt 0.403916 0.038829
vt 0.398755 0.047264
vt 0.455538 0.038236
vt 0.450236 0.046674
vt 0.500079 0.038742
vt 0.494757 0.047159
vt 0.543013 0.049559
vt 0.548791 0.041230
vt 0.582739 0.044618
vt 0.576250 0.053078
vt 0.608708 0.047998
vt 0.635774 0.053598
vt 0.628206 0.062382
vt 0.601649 0.056795
vt 0.667228 0.061380
vt 0.688434 0.070268
vt 0.680638 0.079184
vt 0.659301 0.070067
vt 0.715955 0.082697
vt 0.741758 0.099581
vt 0.732993 0.108629
vt 0.707702 0.091495
vt 0.868736 0.050220
vt 0.879643 0.065810
vt 0.871806 0.073528
vt 0.860656 0.058169
vt 0.889583 0.079991
vt 0.901987 0.104593
vt 0.894445 0.112081
vt 0.881984 0.087547
vt 0.909885 0.120515
vt 0.918214 0.144292
vt 0.910608 0.151615
vt 0.902392 0.127922
vt 0.925144 0.165207
vt 0.931524 0.193364
vt 0.923611 0.200417
vt 0.917460 0.172413
vt 0.940009 0.238107
vt 0.947086 0.287468
vt 0.938735 0.294113
vt 0.931859 0.244881
vt 0.951553 0.333222
vt 0.943011 0.339703
vt 0.954991 0.389646
vt 0.946267 0.395767
vt 0.956736 0.444229
vt 0.947864 0.450071
vt 0.950222 0.713226
vt 0.959190 0.713146
vt 0.259104 0.770511
vt 0.270436 0.796799
vt 0.254532 0.806625
vt 0.244509 0.782490
vt 0.048434 0.163424
vt 0.047930 0.203303
vt 0.029850 0.201084
vt 0.028045 0.165037
vt 0.156725 0.967995
vt 0.168415 0.985542
vt 0.160180 0.995405
vt 0.149831 0.979289
vt 0.321298 0.444824
vt 0.337413 0.466430
vt 0.320550 0.473348
vt 0.305865 0.454636
vt 0.284161 0.830447
vt 0.282889 0.849824
vt 0.260200 0.842038
vt 0.263329 0.823559
vt 0.071686 0.741081
vt 0.080334 0.767361
vt 0.065765 0.769678
vt 0.058116 0.745547
vt 0.129952 0.697620
vt 0.140747 0.708969
vt 0.122989 0.715652
vt 0.113206 0.705799
vt 0.541049 0.685662
vt 0.545269 0.668468
vt 0.564467 0.668071
vt 0.560733 0.683280
vt 0.335923 0.373666
vt 0.361104 0.368059
vt 0.363924 0.386435
vt 0.341650 0.391394
vt 0.601996 0.701324
vt 0.585153 0.692131
vt 0.589730 0.673482
vt 0.607744 0.677904
vt 0.949336 0.063627
vt 0.948463 0.045077
vt 0.966591 0.045077
vt 0.965370 0.063627
vt 0.143564 0.738482
vt 0.125694 0.732390
vt 0.127459 0.719961
vt 0.145126 0.727488
vt 0.901478 0.003778
vt 0.921665 0.002213
vt 0.926514 0.020239
vt 0.907464 0.022190
vt 0.957733 0.143010
vt 0.957733 0.124461
vt 0.974253 0.124461
vt 0.974253 0.143010
vt 0.267905 0.406768
vt 0.249799 0.410799
vt 0.243036 0.380422
vt 0.261142 0.376391
vt 0.152815 0.507006
vt 0.157442 0.485197
vt 0.260042 0.499889
vt 0.255408 0.518597
vt 0.907131 0.857509
vt 0.887096 0.858004
vt 0.889942 0.750320
vt 0.918052 0.749111
vt 0.143639 0.556816
vt 0.147816 0.533468
vt 0.250249 0.541266
vt 0.245368 0.560750
vt 0.866215 0.858757
vt 0.838832 0.859166
vt 0.847682 0.752192
vt 0.871673 0.751529
vt 0.958208 0.746581
vt 0.965746 0.854131
vt 0.941807 0.855505
vt 0.937428 0.747831
vt 0.163695 0.456224
vt 0.171541 0.423585
vt 0.272986 0.446727
vt 0.265827 0.474871
vt 0.815026 0.859445
vt 0.800335 0.859391
vt 0.814543 0.753909
vt 0.827054 0.753293
vt 0.777278 0.859143
vt 0.764582 0.856262
vt 0.785315 0.752047
vt 0.795691 0.755027
vt 0.748607 0.852558
vt 0.723203 0.846554
vt 0.749499 0.742164
vt 0.771768 0.748211
vt 0.710569 0.732263
vt 0.674638 0.843095
vt 0.659780 0.839538
vt 0.694454 0.728317
vt 0.245110 0.629865
vt 0.144737 0.638032
vt 0.142632 0.613266
vt 0.243582 0.607976
vt 0.242432 0.594488
vt 0.141421 0.597612
vt 0.140562 0.585117
vt 0.241459 0.584059
vt 0.142283 0.568814
vt 0.243727 0.570724
vt 0.247404 0.682433
vt 0.151244 0.701128
vt 0.149224 0.683183
vt 0.246887 0.667280
vt 0.646122 0.836269
vt 0.616683 0.829224
vt 0.646240 0.716732
vt 0.682189 0.725344
vt 0.248448 0.726610
vt 0.155903 0.737567
vt 0.152874 0.714601
vt 0.247742 0.693839
vt 0.293587 0.500523
vt 0.289699 0.517473
vt 0.895060 0.715681
vt 0.919556 0.715848
vt 0.285687 0.538697
vt 0.280831 0.557711
vt 0.856055 0.716247
vt 0.878457 0.715665
vt 0.953825 0.714043
vt 0.936213 0.714945
vt 0.304084 0.454187
vt 0.298010 0.478417
vt 0.824522 0.718155
vt 0.836648 0.717489
vt 0.795054 0.716173
vt 0.805381 0.720315
vt 0.761726 0.706083
vt 0.782020 0.711809
vt 0.727617 0.697784
vt 0.713849 0.694616
vt 0.281022 0.625608
vt 0.279826 0.605595
vt 0.278491 0.592448
vt 0.276769 0.581781
vt 0.279545 0.567909
vt 0.281313 0.671826
vt 0.281468 0.658716
vt 0.658220 0.681641
vt 0.703458 0.692234
vt 0.281281 0.723199
vt 0.281175 0.681575
vt 0.312454 0.437010
vt 0.322239 0.420865
vt 0.349745 0.431149
vt 0.343249 0.448523
vt 0.392785 0.121938
vt 0.342457 0.121509
vt 0.293147 0.121978
vt 0.114173 0.124281
vt 0.387696 0.381142
vt 0.369590 0.385173
vt 0.362680 0.354136
vt 0.380786 0.350106
vt 0.146473 0.656412
vt 0.246001 0.646262
vt 0.281413 0.640295
vt 0.423530 0.600961
vt 0.427378 0.592561
vt 0.434844 0.575521
vt 0.430121 0.586408
vt 0.445080 0.550758
vt 0.440009 0.563213
vt 0.459134 0.514416
vt 0.451691 0.533989
vt 0.474945 0.470348
vt 0.470192 0.483965
vt 0.485094 0.440021
vt 0.479286 0.457605
vt 0.492539 0.416368
vt 0.488755 0.428569
vt 0.498184 0.397307
vt 0.495745 0.405694
vt 0.732572 0.737773
vt 0.746692 0.702303
vt 0.704185 0.842028
vt 0.957927 0.094059
vt 0.957927 0.065869
vt 0.973870 0.070092
vt 0.973870 0.098157
vt 0.871433 0.706550
vt 0.870020 0.512017
vt 0.870007 0.458688
vt 0.868735 0.404918
vt 0.851384 0.706705
vt 0.992598 0.120980
vt 0.974049 0.119275
vt 0.974049 0.100147
vt 0.992598 0.104915
vt 0.171936 0.981526
vt 0.191146 0.981229
vt 0.192732 0.995965
vt 0.172165 0.996284
vt 0.115322 0.149477
vt 0.114295 0.131093
vt 0.119627 0.445586
vt 0.144000 0.446086
vt 0.536836 0.316914
vt 0.532727 0.327009
vt 0.780109 0.102479
vt 0.794196 0.079784
vt 0.766996 0.116473
vt 0.757713 0.125888
vt 0.719604 0.159655
vt 0.696614 0.176376
vt 0.666572 0.196503
vt 0.594146 0.239531
vt 0.513982 0.284314
vt 0.220607 0.379583
vt 0.156278 0.393363
vt 0.908679 0.029026
vt 0.926693 0.022160
vt 0.943930 0.058504
vt 0.924156 0.062459
vt 0.179006 0.392745
vt 0.279542 0.419968
vt 0.309583 0.431437
vt 0.370038 0.460980
vt 0.399886 0.471905
vt 0.453913 0.491527
vt 0.437956 0.485758
vt 0.465944 0.495861
vt 0.481592 0.501485
vt 0.493117 0.505627
vt 0.541288 0.522780
vt 0.501943 0.508792
vt 0.089744 0.950776
vt 0.105576 0.961077
vt 0.091566 0.977170
vt 0.077300 0.965147
vt 0.930612 0.713396
vt 0.928478 0.462801
vt 0.927226 0.408998
vt 0.924397 0.353676
vt 0.920535 0.308411
vt 0.914126 0.259447
vt 0.906413 0.215541
vt 0.900749 0.187892
vt 0.894083 0.167390
vt 0.886131 0.143981
vt 0.878158 0.128415
vt 0.865608 0.104264
vt 0.855125 0.090712
vt 0.843570 0.075868
vt 0.737147 0.145491
vt 0.713599 0.127636
vt 0.689746 0.110232
vt 0.665100 0.098713
vt 0.640428 0.087710
vt 0.612466 0.081435
vt 0.585547 0.075935
vt 0.562832 0.070109
vt 0.530698 0.067557
vt 0.483233 0.065472
vt 0.438706 0.065036
vt 0.387492 0.065691
vt 0.337809 0.066715
vt 0.113396 0.074693
vt 0.608163 0.827185
vt 0.635219 0.714105
vt 0.643648 0.678219
vt 0.587323 0.423616
vt 0.584737 0.432356
vt 0.581393 0.443528
vt 0.577485 0.456338
vt 0.573723 0.468393
vt 0.567804 0.486884
vt 0.563401 0.500335
vt 0.558562 0.514728
vt 0.547210 0.546956
vt 0.554208 0.527331
vt 0.539563 0.567692
vt 0.527625 0.598541
vt 0.532849 0.585285
vt 0.517553 0.623168
vt 0.522327 0.611621
vt 0.514828 0.629670
vt 0.511115 0.638521
vt 0.248556 0.736406
vt 0.281199 0.736476
vt 0.155754 0.737555
vt 0.958331 0.018306
vt 0.941023 0.019830
vt 0.941023 0.001060
vt 0.958030 0.001060
vt 0.978187 0.002171
vt 0.976920 0.019417
vt 0.960879 0.019417
vt 0.960879 0.000851
vt 0.055852 0.021743
vt 0.074136 0.022252
vt 0.547977 0.650910
vt 0.531398 0.645045
vt 0.195951 0.801589
vt 0.195951 0.772827
vt 0.223080 0.772827
vt 0.223080 0.801589
vt 0.087915 0.039910
vt 0.085969 0.022622
vt 0.223080 0.754535
vt 0.195951 0.754535
vt 0.195951 0.741939
vt 0.223080 0.741939
vt 0.047755 0.371132
vt 0.029206 0.371149
vt 0.029206 0.344020
vt 0.047755 0.344003
vt 0.093471 0.040007
vt 0.093771 0.022758
vt 0.074364 0.009187
vt 0.086197 0.009558
vt 0.949015 0.098525
vt 0.969202 0.098284
vt 0.969202 0.118832
vt 0.949015 0.119073
vt 0.243628 0.754535
vt 0.243628 0.741939
vt 0.029206 0.323471
vt 0.047755 0.323454
vt 0.093999 0.009693
vt 0.352264 0.634728
vt 0.352264 0.666220
vt 0.328702 0.666220
vt 0.328702 0.634728
vt 0.622088 0.318000
vt 0.603904 0.303014
vt 0.623933 0.278712
vt 0.642116 0.293698
vt 0.290465 0.401745
vt 0.272356 0.405759
vt 0.265512 0.375020
vt 0.283622 0.371007
vt 0.401311 0.666220
vt 0.370190 0.666220
vt 0.370190 0.634728
vt 0.401311 0.634728
vt 0.590071 0.291613
vt 0.566055 0.271821
vt 0.586083 0.247518
vt 0.610099 0.267311
vt 0.298838 0.666220
vt 0.297399 0.634728
vt 0.048888 0.253569
vt 0.030339 0.253586
vt 0.030339 0.222094
vt 0.048888 0.222078
vt 0.648814 0.340026
vt 0.667948 0.314987
vt 0.352264 0.614829
vt 0.328702 0.614829
vt 0.636589 0.263356
vt 0.654772 0.278341
vt 0.029142 0.373917
vt 0.047691 0.373935
vt 0.047691 0.393834
vt 0.029142 0.393817
vt 0.296904 0.618161
vt 0.030339 0.205528
vt 0.048888 0.205511
vt 0.677190 0.301137
vt 0.351504 0.543532
vt 0.334984 0.548124
vt 0.497869 0.661159
vt 0.494129 0.679326
vt 0.428807 0.665815
vt 0.432547 0.647647
vt 0.682519 0.208821
vt 0.692347 0.222870
vt 0.047691 0.469879
vt 0.029142 0.469861
vt 0.063871 0.988559
vt 0.028395 0.988559
vt 0.028395 0.846924
vt 0.063871 0.867001
vt 0.104002 0.776304
vt 0.135383 0.776304
vt 0.135383 0.897862
vt 0.104002 0.917939
vt 0.025757 0.674545
vt 0.025757 0.816128
vt 0.008052 0.816128
vt 0.008052 0.674545
vt 0.184139 0.957738
vt 0.165684 0.957779
vt 0.165684 0.816145
vt 0.184232 0.816128
vt 0.068611 0.776304
vt 0.084272 0.776304
vt 0.084272 0.917939
vt 0.068611 0.917939
vt 0.026904 0.435821
vt 0.005220 0.435821
vt 0.005220 0.336531
vt 0.024955 0.340352
vt 0.158850 0.776304
vt 0.161235 0.893184
vt 0.369468 0.865882
vt 0.388017 0.865899
vt 0.388017 0.982780
vt 0.369468 0.982763
vt 0.008384 0.440437
vt 0.026932 0.440453
vt 0.026932 0.455270
vt 0.008384 0.455253
vt 0.029407 0.836264
vt 0.060715 0.852184
vt 0.132227 0.912679
vt 0.105013 0.928599
vt 0.025757 0.659737
vt 0.008052 0.659737
vt 0.165684 0.801328
vt 0.184232 0.801311
vt 0.084272 0.932755
vt 0.068611 0.932755
vt 0.026932 0.531150
vt 0.008384 0.531134
vt 0.037069 0.776304
vt 0.055197 0.776304
vt 0.587966 0.833486
vt 0.569418 0.833503
vt 0.569418 0.773543
vt 0.587966 0.773526
vt 0.127544 0.988558
vt 0.111508 0.988558
vt 0.074624 0.343530
vt 0.050250 0.343105
vt 0.226487 0.798085
vt 0.238885 0.783690
vt 0.252933 0.808594
vt 0.238339 0.820571
vt 0.329752 0.418802
vt 0.326117 0.400464
vt 0.353832 0.398717
vt 0.354190 0.417680
vt 0.976385 0.745556
vt 0.969164 0.713264
vt 0.986691 0.852929
vt 0.256562 0.850300
vt 0.237619 0.843489
vt 0.239209 0.824113
vt 0.256120 0.830139
vt 0.591274 0.586304
vt 0.576511 0.653766
vt 0.693838 0.279323
vt 0.740052 0.197324
vt 0.783737 0.126032
vt 0.804102 0.098273
vt 0.820165 0.077913
vt 0.850589 0.044417
vt 0.833162 0.062551
vt 0.858922 0.036196
vt 0.871265 0.024644
vt 0.890971 0.011842
vt 0.120902 0.383418
vt 0.145275 0.383918
vt 0.116994 0.685581
vt 0.128198 0.671219
vt 0.145601 0.681427
vt 0.132640 0.694327
vt 0.928020 0.063276
vt 0.946157 0.061461
vt 0.956106 0.089969
vt 0.937494 0.089001
vt 0.279663 0.787852
vt 0.288774 0.804496
vt 0.271850 0.823949
vt 0.264845 0.805400
vt 0.464164 0.373478
vt 0.456404 0.371170
vt 0.489808 0.380884
vt 0.474001 0.376368
vt 0.501851 0.384094
vt 0.517815 0.388358
vt 0.529699 0.391607
vt 0.578545 0.406109
vt 0.538823 0.394201
vt 0.591388 0.409929
vt 0.803194 0.696822
vt 0.089336 0.977736
vt 0.087289 0.996827
vt 0.066480 0.988799
vt 0.070929 0.970634
vt 0.233981 0.827304
vt 0.233981 0.850620
vt 0.215433 0.845658
vt 0.215433 0.824916
vt 0.006091 0.846924
vt 0.006091 0.832108
vt 0.006091 0.988534
vt 0.266777 0.183323
vt 0.601437 0.703628
vt 0.597464 0.719813
vt 0.585231 0.716810
vt 0.589205 0.700624
vt 0.622756 0.251955
vt 0.675437 0.196830
vt 0.978535 0.124461
vt 0.987885 0.124461
vt 0.987885 0.143010
vt 0.978535 0.143010
vt 0.370190 0.614829
vt 0.364595 0.538784
vt 0.387234 0.066358
vt 0.376341 0.079769
vt 0.438491 0.066670
vt 0.427443 0.079932
vt 0.482925 0.067944
vt 0.471958 0.081080
vt 0.518820 0.083907
vt 0.530238 0.070922
vt 0.562179 0.073875
vt 0.550825 0.086199
vt 0.350909 0.512959
vt 0.360258 0.512959
vt 0.126913 0.771090
vt 0.108365 0.771106
vt 0.108365 0.740533
vt 0.126913 0.740516
vt 0.695209 0.179660
vt 0.702423 0.185606
vt 0.047691 0.495704
vt 0.029142 0.495687
vt 0.321625 0.995314
vt 0.304743 0.995382
vt 0.304743 0.897356
vt 0.321625 0.897289
vt 0.216940 0.857442
vt 0.241008 0.857501
vt 0.241008 0.955526
vt 0.216940 0.955469
vt 0.351473 0.995198
vt 0.334230 0.995265
vt 0.333711 0.899737
vt 0.350244 0.903088
vt 0.250522 0.963145
vt 0.250522 0.857534
vt 0.263538 0.857580
vt 0.263538 0.973568
vt 0.281994 0.857621
vt 0.282087 0.949731
vt 0.285725 0.995459
vt 0.285725 0.897433
vt 0.300321 0.995442
vt 0.300321 0.897416
vt 0.189828 0.857377
vt 0.189828 0.955403
vt 0.304743 0.872325
vt 0.321625 0.872257
vt 0.241008 0.980558
vt 0.216940 0.980500
vt 0.332076 0.897292
vt 0.332076 0.872260
vt 0.290696 0.872402
vt 0.305291 0.872385
vt 0.194455 0.980434
vt 0.306726 0.857435
vt 0.321074 0.857377
vt 0.317143 0.872319
vt 0.317265 0.857429
vt 0.240399 0.995439
vt 0.219945 0.995389
vt 0.257548 0.980562
vt 0.254457 0.995442
vt 0.383872 0.774814
vt 0.382850 0.748549
vt 0.426897 0.746841
vt 0.427919 0.773108
vt 0.825772 0.904617
vt 0.825733 0.880485
vt 0.869814 0.880403
vt 0.869851 0.904538
vt 0.825717 0.868507
vt 0.869797 0.868425
vt 0.381496 0.713755
vt 0.379901 0.672750
vt 0.404031 0.671848
vt 0.405626 0.712853
vt 0.705978 0.865294
vt 0.724913 0.865286
vt 0.724948 0.889432
vt 0.706012 0.889439
vt 0.825880 0.974266
vt 0.825822 0.936589
vt 0.849967 0.936511
vt 0.850027 0.974188
vt 0.429395 0.670818
vt 0.450101 0.711047
vt 0.724948 0.914817
vt 0.706012 0.914825
vt 0.894480 0.936511
vt 0.875412 0.974188
vt 0.211795 0.850302
vt 0.195892 0.850312
vt 0.192225 0.824927
vt 0.208129 0.824916
vt 0.451877 0.736345
vt 0.895237 0.914013
vt 0.464174 0.679093
vt 0.465187 0.705353
vt 0.723910 0.949234
vt 0.709342 0.949240
vt 0.909783 0.939080
vt 0.909829 0.963210
vt 0.565923 0.713068
vt 0.570124 0.695939
vt 0.584812 0.700304
vt 0.581579 0.713482
vt 0.455499 0.812899
vt 0.455547 0.841267
vt 0.435390 0.841267
vt 0.435343 0.812899
vt 0.407641 0.954446
vt 0.407682 0.928399
vt 0.427838 0.928399
vt 0.427797 0.954446
vt 0.982403 0.165060
vt 0.963468 0.165052
vt 0.963468 0.144895
vt 0.982403 0.144902
vt 0.455522 0.749285
vt 0.455457 0.788080
vt 0.435300 0.788080
vt 0.435366 0.749285
vt 0.407717 0.905612
vt 0.407661 0.869992
vt 0.427818 0.869992
vt 0.427874 0.905612
vt 0.455592 0.867783
vt 0.435435 0.867783
vt 0.977792 0.066849
vt 0.996000 0.066851
vt 0.994475 0.085991
vt 0.977792 0.084173
vt 0.407602 0.992211
vt 0.429871 0.978433
vt 0.418469 0.841267
vt 0.418421 0.812899
vt 0.444760 0.928399
vt 0.444719 0.954446
vt 0.418514 0.861324
vt 0.992950 0.098719
vt 0.977792 0.098716
vt 0.444681 0.972332
vt 0.420975 0.793956
vt 0.442199 0.911488
vt 0.979417 0.020427
vt 0.979433 0.001681
vt 0.992751 0.001681
vt 0.992736 0.020427
vt 0.958949 0.042090
vt 0.958959 0.022713
vt 0.976735 0.022713
vt 0.976724 0.042090
vt 0.400693 0.838268
vt 0.400645 0.815579
vt 0.566133 0.694658
vt 0.561733 0.712604
vt 0.544469 0.708367
vt 0.548870 0.690421
vt 0.462536 0.931397
vt 0.462494 0.952229
vt 0.268557 0.744480
vt 0.287106 0.744496
vt 0.287106 0.769504
vt 0.268557 0.769487
vt 0.011350 0.634743
vt 0.023903 0.634743
vt 0.165684 0.776321
vt 0.184232 0.776304
vt 0.080975 0.957762
vt 0.069870 0.957762
vt 0.876323 0.871803
vt 0.912813 0.869774
vt 0.914126 0.894120
vt 0.877636 0.896149
vt 0.459264 0.783196
vt 0.459317 0.763061
vt 0.481586 0.749284
vt 0.483646 0.783196
vt 0.626047 0.707480
vt 0.605471 0.702432
vt 0.611283 0.678753
vt 0.629632 0.685430
vt 0.936550 0.868454
vt 0.965273 0.866970
vt 0.966585 0.891317
vt 0.937863 0.892800
vt 0.459285 0.831430
vt 0.459229 0.805024
vt 0.483611 0.805024
vt 0.483667 0.831430
vt 0.990367 0.865674
vt 0.991680 0.890020
vt 0.459334 0.869932
vt 0.459334 0.854503
vt 0.483716 0.854503
vt 0.483716 0.869932
vt 0.969489 0.945167
vt 0.940766 0.946650
vt 0.483659 0.844804
vt 0.537596 0.831430
vt 0.537588 0.844804
vt 0.537540 0.805024
vt 0.045025 0.311004
vt 0.029231 0.311016
vt 0.031959 0.257086
vt 0.047753 0.257075
vt 0.922131 0.947695
vt 0.537574 0.788306
vt 0.966786 0.970659
vt 0.944155 0.971814
vt 0.562905 0.827359
vt 0.562897 0.840733
vt 0.562849 0.807053
vt 0.929763 0.947260
vt 0.933152 0.972424
vt 0.325539 0.668586
vt 0.337143 0.668631
vt 0.337143 0.713625
vt 0.327424 0.713580
vt 0.362172 0.854539
vt 0.351907 0.854577
vt 0.353794 0.809583
vt 0.362172 0.809545
vt 0.341456 0.854577
vt 0.343342 0.809583
vt 0.355387 0.668701
vt 0.373092 0.668701
vt 0.373092 0.713695
vt 0.355387 0.713695
vt 0.006485 0.181680
vt 0.025034 0.181664
vt 0.025034 0.226658
vt 0.006485 0.226674
vt 0.393972 0.854479
vt 0.378311 0.854479
vt 0.378311 0.809485
vt 0.393972 0.809485
vt 0.819740 0.954797
vt 0.803098 0.954790
vt 0.799260 0.865048
vt 0.815902 0.865054
vt 0.355387 0.803438
vt 0.338464 0.803367
vt 0.008768 0.537239
vt 0.027317 0.537222
vt 0.027317 0.626966
vt 0.008768 0.626981
vt 0.363493 0.719802
vt 0.378311 0.719743
vt 0.584816 0.840980
vt 0.620292 0.840980
vt 0.620292 0.860644
vt 0.584816 0.860644
vt 0.561370 0.986519
vt 0.529988 0.986519
vt 0.529988 0.966845
vt 0.561370 0.966845
vt 0.434977 0.637288
vt 0.422485 0.669750
vt 0.409259 0.667235
vt 0.417927 0.635498
vt 0.969032 0.188336
vt 0.969032 0.169787
vt 0.982478 0.169748
vt 0.982495 0.188297
vt 0.618917 0.980292
vt 0.584836 0.986519
vt 0.586263 0.969434
vt 0.618917 0.966845
vt 0.439932 0.611225
vt 0.420605 0.607550
vt 0.958127 0.041316
vt 0.939578 0.041299
vt 0.939617 0.021626
vt 0.958166 0.021643
vt 0.542920 0.662781
vt 0.537603 0.684442
vt 0.518497 0.679752
vt 0.523814 0.658091
vt 0.510259 0.986519
vt 0.510259 0.966845
vt 0.620292 0.905878
vt 0.584816 0.905878
vt 0.529988 0.921587
vt 0.561370 0.921587
vt 0.041643 0.159078
vt 0.023094 0.159061
vt 0.023094 0.113802
vt 0.041643 0.113819
vt 0.375107 0.618371
vt 0.376143 0.599098
vt 0.006488 0.229378
vt 0.025037 0.229361
vt 0.025037 0.274626
vt 0.006488 0.274644
vt 0.577435 0.924169
vt 0.613416 0.955940
vt 0.587618 0.955940
vt 0.487574 0.936448
vt 0.506123 0.936430
vt 0.506123 0.986517
vt 0.487574 0.986534
vt 0.532139 0.871500
vt 0.554958 0.871500
vt 0.023094 0.063715
vt 0.041643 0.063732
vt 0.580518 0.695752
vt 0.562504 0.691330
vt 0.568183 0.668192
vt 0.586197 0.672614
vt 0.493146 0.682220
vt 0.504821 0.704333
vt 0.478891 0.711460
vt 0.472077 0.693343
vt 0.739610 0.988381
vt 0.721358 0.986896
vt 0.723290 0.963149
vt 0.747523 0.962680
vt 0.131271 0.968389
vt 0.146028 0.968161
vt 0.146351 0.989051
vt 0.131595 0.989279
vt 0.792530 0.992686
vt 0.756383 0.989745
vt 0.765390 0.964133
vt 0.794659 0.966514
vt 0.513703 0.721156
vt 0.525830 0.744127
vt 0.502610 0.756387
vt 0.487260 0.727313
vt 0.146472 0.996825
vt 0.131715 0.997053
vt 0.766183 0.954394
vt 0.795451 0.956775
vt 0.493969 0.760949
vt 0.478619 0.731875
vt 0.054478 0.769623
vt 0.035930 0.769623
vt 0.035930 0.759851
vt 0.054478 0.759851
vt 0.470250 0.716022
vt 0.748315 0.952940
vt 0.036871 0.741080
vt 0.053536 0.741080
vt 0.460775 0.738282
vt 0.454895 0.727143
vt 0.978205 0.022715
vt 0.996755 0.022715
vt 0.995813 0.041486
vt 0.979147 0.041486
vt 0.752494 0.934447
vt 0.765048 0.935468
vt 0.766860 0.865285
vt 0.795622 0.865286
vt 0.795622 0.913341
vt 0.766860 0.913341
vt 0.317854 0.581134
vt 0.301380 0.574988
vt 0.077064 0.706802
vt 0.058777 0.706483
vt 0.091679 0.676494
vt 0.098352 0.676610
vt 0.097819 0.707164
vt 0.088900 0.707008
vt 0.023354 0.334577
vt 0.004805 0.334577
vt 0.004805 0.286522
vt 0.023354 0.286522
vt 0.737728 0.865285
vt 0.749607 0.865285
vt 0.749607 0.913341
vt 0.737728 0.913341
vt 0.996053 0.229261
vt 0.976085 0.229261
vt 0.976085 0.189586
vt 0.996053 0.189586
vt 0.790184 0.953015
vt 0.772298 0.953015
vt 0.310159 0.601762
vt 0.293684 0.595616
vt 0.073167 0.731968
vt 0.061795 0.731770
vt 0.031251 0.620270
vt 0.031251 0.498712
vt 0.046761 0.498807
vt 0.040559 0.620293
vt 0.171748 0.969378
vt 0.190955 0.968889
vt 0.397324 0.865875
vt 0.403288 0.982686
vt 0.287106 0.729680
vt 0.287012 0.588070
vt 0.293783 0.729653
vt 0.190910 0.816155
vt 0.294501 0.744461
vt 0.191628 0.801346
vt 0.192840 0.776352
vt 0.117172 0.731180
vt 0.118937 0.718751
vt 0.295713 0.769455
vt 0.573028 0.087272
vt 0.583355 0.076965
vt 0.243628 0.772827
vt 0.984465 0.168056
vt 0.996041 0.168056
vt 0.993143 0.186605
vt 0.983340 0.186605
vt 0.985239 0.164715
vt 0.984966 0.146166
vt 0.995552 0.146166
vt 0.995552 0.164715
vt 0.516570 0.700816
vt 0.521008 0.682806
vt 0.530534 0.685144
vt 0.526095 0.703154
vt 0.253437 0.742945
vt 0.253437 0.753529
vt 0.029206 0.313663
vt 0.047755 0.313646
vt 0.086912 0.003332
vt 0.093469 0.003446
vt 0.096846 0.713882
vt 0.089486 0.713753
vt 0.004805 0.275932
vt 0.023354 0.275932
vt 0.748263 0.923930
vt 0.738459 0.923930
vt 0.529952 0.704475
vt 0.534373 0.686461
vt 0.544657 0.688985
vt 0.540236 0.706999
vt 0.400358 0.400398
vt 0.434464 0.363383
vt 0.401836 0.401752
vt 0.439813 0.358517
vt 0.400358 0.400398
vt 0.398901 0.399022
vt 0.487535 0.871515
vt 0.487574 0.891189
vt 0.478874 0.891164
vt 0.479751 0.871500
vt 0.023055 0.178734
vt 0.015272 0.178750
vt 0.014395 0.159085
vt 0.476767 0.936398
vt 0.012287 0.113851
vt 0.474434 0.986460
vt 0.333068 0.360840
vt 0.358249 0.355233
vt 0.009955 0.063789
vt 0.936424 0.001069
vt 0.940440 0.018812
vt 0.247564 0.193842
vt 0.216749 0.198940
vt 0.760989 0.546221
vt 0.766997 0.505426
vt 0.738936 0.510699
vt 0.750136 0.484098
vt 0.631871 0.409903
vt 0.640657 0.385503
vt 0.654451 0.393844
vt 0.646304 0.417586
vt 0.412067 0.335187
vt 0.388655 0.343301
vt 0.376111 0.322115
vt 0.398901 0.314743
vt 0.362684 0.299955
vt 0.385816 0.293106
vt 0.331065 0.274550
vt 0.354043 0.263179
vt 0.364109 0.272349
vt 0.342931 0.282675
vt 0.311117 0.264324
vt 0.322054 0.244895
vt 0.274718 0.239192
vt 0.311751 0.235660
vt 0.712236 0.471186
vt 0.719566 0.440410
vt 0.737332 0.471424
vt 0.718276 0.485628
vt 0.698590 0.456615
vt 0.705368 0.430371
vt 0.677711 0.435736
vt 0.684783 0.411642
vt 0.662621 0.426684
vt 0.670069 0.403352
vt 0.262029 0.232552
vt 0.275307 0.214469
vt 0.446808 0.344016
vt 0.452785 0.344723
vt 0.452770 0.344849
vt 0.446797 0.344111
vt 0.507620 0.373134
vt 0.483341 0.367889
vt 0.483458 0.367349
vt 0.507719 0.372674
vt 0.513926 0.376339
vt 0.554703 0.367636
vt 0.554912 0.368616
vt 0.514164 0.377452
vt 0.492761 0.327026
vt 0.516475 0.332150
vt 0.516375 0.332615
vt 0.492645 0.327566
vt 0.455143 0.344723
vt 0.455117 0.344969
vt 0.512030 0.373417
vt 0.512135 0.372932
vt 0.505667 0.376861
vt 0.505885 0.377880
vt 0.520496 0.333650
vt 0.520391 0.334136
vt 0.458853 0.344342
vt 0.458822 0.344655
vt 0.516643 0.373288
vt 0.516751 0.372790
vt 0.496978 0.376568
vt 0.497172 0.377477
vt 0.524549 0.335619
vt 0.524443 0.336110
vt 0.463242 0.343764
vt 0.463164 0.344231
vt 0.520402 0.372836
vt 0.520488 0.372437
vt 0.489532 0.375614
vt 0.489737 0.376572
vt 0.527874 0.337631
vt 0.527788 0.338030
vt 0.476588 0.342858
vt 0.482451 0.344606
vt 0.482618 0.345653
vt 0.476405 0.343180
vt 0.530580 0.369890
vt 0.528209 0.370639
vt 0.528311 0.370167
vt 0.530644 0.369592
vt 0.469436 0.342941
vt 0.469303 0.343385
vt 0.524481 0.371818
vt 0.524572 0.371397
vt 0.487847 0.345286
vt 0.494693 0.346847
vt 0.494930 0.348016
vt 0.487981 0.346450
vt 0.534237 0.367232
vt 0.532285 0.368651
vt 0.532343 0.368380
vt 0.533984 0.366897
vt 0.500277 0.346707
vt 0.509432 0.346714
vt 0.510070 0.347782
vt 0.500291 0.348173
vt 0.537197 0.363483
vt 0.535404 0.365754
vt 0.535111 0.365602
vt 0.536938 0.363180
vt 0.514855 0.344804
vt 0.520710 0.342560
vt 0.521496 0.343563
vt 0.515390 0.345989
vt 0.538824 0.359841
vt 0.537983 0.361723
vt 0.537688 0.361584
vt 0.538528 0.359705
vt 0.454962 0.353096
vt 0.457481 0.358425
vt 0.457006 0.358927
vt 0.454428 0.353322
vt 0.539426 0.352356
vt 0.539494 0.355357
vt 0.539161 0.355393
vt 0.539093 0.352389
vt 0.460914 0.362671
vt 0.463505 0.365876
vt 0.463049 0.366471
vt 0.460471 0.363325
vt 0.538145 0.347633
vt 0.538696 0.349665
vt 0.538354 0.349741
vt 0.537775 0.347840
vt 0.467920 0.368663
vt 0.471839 0.371138
vt 0.472011 0.371941
vt 0.468050 0.369271
vt 0.535308 0.343438
vt 0.536642 0.345411
vt 0.536267 0.345640
vt 0.534938 0.343643
vt 0.475875 0.372151
vt 0.481395 0.373536
vt 0.481517 0.374110
vt 0.476000 0.372740
vt 0.531289 0.340310
vt 0.533611 0.342117
vt 0.533515 0.342558
vt 0.531177 0.340826
vt 0.452581 0.348057
vt 0.451976 0.347954
vt 0.539559 0.358194
vt 0.539275 0.358005
vt 0.559529 0.366606
vt 0.559736 0.367578
vt 0.490061 0.326443
vt 0.489943 0.326986
vt 0.525762 0.340518
vt 0.526296 0.341717
vt 0.478558 0.366855
vt 0.478675 0.366311
vt 0.734090 0.904960
vt 0.734090 0.953015
vt 0.728585 0.953015
vt 0.728625 0.904960
vt 0.474608 0.366002
vt 0.474726 0.365458
vt 0.335218 0.390051
vt 0.330708 0.369791
vt 0.329520 0.364457
vt 0.336406 0.395385
vt 0.734090 0.865285
vt 0.728625 0.865285
vt 0.117421 0.405557
vt 0.114811 0.555257
vt 0.104505 0.555078
vt 0.107115 0.405378
vt 0.058721 0.515539
vt 0.056018 0.670609
vt 0.045712 0.670429
vt 0.048415 0.515360
vt 0.100096 0.510386
vt 0.097555 0.656138
vt 0.087249 0.655958
vt 0.089789 0.510206
vt 0.091667 0.059739
vt 0.089027 0.211205
vt 0.078720 0.211025
vt 0.081361 0.059560
vt 0.114298 0.584703
vt 0.103992 0.584523
vt 0.059197 0.488254
vt 0.048891 0.488074
vt 0.100595 0.481772
vt 0.090288 0.481592
vt 0.088565 0.237719
vt 0.078258 0.237540
vt 0.113772 0.614902
vt 0.103465 0.614722
vt 0.059685 0.460271
vt 0.049378 0.460092
vt 0.101109 0.452279
vt 0.090802 0.452099
vt 0.088088 0.265048
vt 0.077782 0.264869
vt 0.113351 0.639009
vt 0.103045 0.638829
vt 0.060074 0.437935
vt 0.049768 0.437755
vt 0.101540 0.427522
vt 0.091234 0.427342
vt 0.087688 0.287989
vt 0.077382 0.287809
vt 0.112510 0.687297
vt 0.112221 0.703836
vt 0.101915 0.703656
vt 0.102203 0.687117
vt 0.061089 0.379709
vt 0.060854 0.393189
vt 0.050548 0.393009
vt 0.050783 0.379530
vt 0.112908 0.664425
vt 0.102602 0.664245
vt 0.060485 0.414383
vt 0.050178 0.414204
vt 0.112056 0.713304
vt 0.111867 0.724140
vt 0.101561 0.723961
vt 0.101750 0.713124
vt 0.061382 0.362879
vt 0.061242 0.370937
vt 0.050936 0.370757
vt 0.051076 0.362700
vt 0.128908 0.527436
vt 0.128630 0.547124
vt 0.118323 0.546978
vt 0.118601 0.527291
vt 0.091876 0.243488
vt 0.091665 0.226301
vt 0.101972 0.226174
vt 0.102184 0.243362
vt 0.128453 0.559663
vt 0.128248 0.574180
vt 0.117941 0.574035
vt 0.118146 0.559517
vt 0.092163 0.266796
vt 0.092008 0.254217
vt 0.102315 0.254090
vt 0.102470 0.266669
vt 0.127804 0.605677
vt 0.127507 0.626722
vt 0.117200 0.626576
vt 0.117497 0.605531
vt 0.092722 0.312184
vt 0.092497 0.293944
vt 0.102804 0.293817
vt 0.103029 0.312057
vt 0.127259 0.644286
vt 0.127081 0.656924
vt 0.116774 0.656779
vt 0.116953 0.644140
vt 0.093042 0.338212
vt 0.092908 0.327371
vt 0.103215 0.327244
vt 0.103349 0.338086
vt 0.102740 0.358709
vt 0.102538 0.370302
vt 0.092231 0.370123
vt 0.092433 0.358530
vt 0.086799 0.339025
vt 0.086611 0.349767
vt 0.076305 0.349588
vt 0.076492 0.338845
vt 0.102310 0.383358
vt 0.101999 0.401219
vt 0.091692 0.401039
vt 0.092004 0.383178
vt 0.087263 0.312362
vt 0.086975 0.328911
vt 0.076669 0.328731
vt 0.076957 0.312182
vt 0.128088 0.585537
vt 0.117781 0.585392
vt 0.092303 0.278155
vt 0.102589 0.276331
vt 0.097254 0.673386
vt 0.086948 0.673206
vt 0.315250 0.396227
vt 0.308365 0.365299
vt 0.324188 0.361776
vt 0.331074 0.392704
vt 0.091968 0.042491
vt 0.081661 0.042311
vt 0.103002 0.343656
vt 0.092696 0.343477
vt 0.086400 0.361869
vt 0.076094 0.361690
vt 0.129063 0.516423
vt 0.118756 0.516278
vt 0.091549 0.216909
vt 0.101857 0.216782
vt 0.055485 0.701162
vt 0.045179 0.700983
vt 0.117953 0.375004
vt 0.107647 0.374824
vt 0.058503 0.726449
vt 0.048197 0.726269
vt 0.294946 0.400747
vt 0.288060 0.369819
vt 0.303883 0.366297
vt 0.310769 0.397225
vt 0.121850 0.349838
vt 0.111544 0.349659
vn -0.651755 -0.484498 -0.583504
vn -0.500580 -0.553018 -0.666026
vn -0.500581 -0.553018 -0.666025
vn -0.650968 -0.484930 -0.584024
vn -0.002494 -0.000000 0.999997
vn -0.002494 0.000000 0.999997
vn 0.000931 -0.000000 1.000000
vn 0.000931 -0.000000 1.000000
vn -0.463631 -0.885497 -0.030677
vn -0.380055 -0.924745 -0.020154
vn -0.378661 -0.925536 -0.000096
vn -0.472614 -0.881270 -0.000042
vn -0.999998 0.002069 -0.000723
vn -0.999766 -0.013087 -0.017234
vn -0.999601 -0.017172 -0.022409
vn -0.999999 -0.001228 -0.000760
vn 1.000000 -0.000020 0.000099
vn 0.999591 -0.018218 -0.022060
vn 0.999641 -0.017069 -0.020669
vn 1.000000 0.000001 0.000000
vn 0.358181 -0.933409 -0.021331
vn 0.415057 -0.909232 -0.032003
vn 0.382903 -0.923788 0.000000
vn 0.329962 -0.943994 0.000000
vn 0.002508 -0.000000 0.999997
vn 0.002511 -0.000000 0.999997
vn 0.002511 -0.000000 0.999997
vn 0.002508 -0.000001 0.999997
vn 0.381052 -0.590620 -0.711313
vn 0.480106 -0.560376 -0.674890
vn 0.480106 -0.560378 -0.674889
vn 0.380611 -0.590737 -0.711453
vn 0.397381 -0.727921 -0.558766
vn 0.373601 -0.802535 -0.465145
vn 0.296343 -0.816471 -0.495536
vn 0.310051 -0.742024 -0.594365
vn -0.516698 -0.743392 -0.424725
vn -0.553470 -0.652829 -0.517190
vn -0.417013 -0.719782 -0.554990
vn -0.388783 -0.795797 -0.464279
vn -0.999999 0.001504 -0.000259
vn -0.994403 -0.077546 -0.071761
vn -0.995817 -0.082260 -0.039763
vn -1.000000 0.000401 -0.000079
vn -0.002494 -0.000000 0.999997
vn -0.002494 0.000000 0.999997
vn 0.000931 0.000000 1.000000
vn 0.000767 -0.000023 1.000000
vn 0.002511 -0.000000 0.999997
vn 0.002511 0.000000 0.999997
vn 0.002508 -0.000000 0.999997
vn 0.002508 -0.000000 0.999997
vn 0.990953 -0.129217 -0.036270
vn 0.993607 -0.091819 -0.065690
vn 0.998037 -0.043817 -0.044752
vn 0.991167 0.127196 -0.037549
vn 0.454354 -0.812799 -0.364582
vn 0.369549 -0.832610 -0.412545
vn -0.443740 -0.813727 -0.375423
vn -0.542636 -0.772528 -0.329767
vn -1.000000 -0.000770 0.000474
vn -0.994382 -0.099057 -0.037305
vn -0.918616 -0.392970 -0.041475
vn -0.865715 -0.500534 -0.001575
vn 0.190460 0.470742 0.861468
vn -0.002494 -0.000000 0.999997
vn 0.000588 -0.000036 1.000000
vn 0.248859 0.498141 0.830617
vn -0.193303 0.471572 0.860380
vn 0.002511 0.000000 0.999997
vn 0.002508 0.000000 0.999997
vn -0.166555 0.488010 0.856800
vn 0.856167 -0.516699 0.000000
vn 0.853099 -0.520774 -0.031885
vn 0.994373 -0.098979 -0.037750
vn 1.000000 0.000182 0.000112
vn -0.613735 -0.694536 -0.375433
vn -0.615844 -0.736092 -0.280902
vn -0.677901 -0.692428 -0.246972
vn -0.717680 -0.618912 -0.319192
vn -0.760217 -0.517157 -0.393215
vn -0.680555 -0.579418 -0.448464
vn -0.802052 -0.381536 -0.459502
vn -0.759416 -0.415618 -0.500548
vn -0.759416 -0.415619 -0.500548
vn -0.840764 -0.345857 -0.416532
vn 0.004381 0.000000 0.999990
vn 0.004381 0.000000 0.999990
vn 0.004377 0.000000 0.999990
vn 0.004377 0.000000 0.999991
vn 0.004271 -0.000095 0.999991
vn 0.004381 0.000000 0.999990
vn 0.004377 0.000000 0.999991
vn 0.004320 -0.000168 0.999991
vn 0.299686 0.485279 0.821397
vn 0.004060 -0.000156 0.999992
vn 0.004232 -0.000307 0.999991
vn 0.356351 0.486167 0.797907
vn -0.604474 -0.794682 -0.055608
vn -0.528231 -0.847980 -0.043611
vn -0.521330 -0.853355 0.000000
vn -0.605096 -0.796153 -0.000236
vn 0.478512 -0.877062 -0.042288
vn 0.536411 -0.842501 -0.049547
vn 0.534207 -0.845354 0.000000
vn 0.470743 -0.882270 0.000000
vn -0.310629 0.487152 0.816206
vn -0.003532 -0.000136 0.999994
vn -0.000441 -0.000033 1.000000
vn -0.260874 0.503211 0.823847
vn -0.003722 -0.000083 0.999993
vn -0.003821 0.000000 0.999993
vn -0.000752 0.000000 1.000000
vn -0.000605 -0.000021 1.000000
vn -0.000752 -0.000000 1.000000
vn -0.003821 0.000000 0.999993
vn -0.003821 0.000000 0.999993
vn -0.000752 -0.000000 1.000000
vn 0.610665 -0.505872 -0.609248
vn 0.706724 -0.451956 -0.544313
vn 0.706724 -0.451957 -0.544313
vn 0.610011 -0.506195 -0.609634
vn 0.622164 -0.619196 -0.479070
vn 0.561721 -0.729671 -0.389936
vn 0.479385 -0.763206 -0.433251
vn 0.515679 -0.671248 -0.532448
vn 0.572296 -0.771897 -0.276860
vn 0.516113 -0.794166 -0.320823
vn 0.002507 0.000000 0.999997
vn 0.002507 0.000000 0.999997
vn 0.002510 0.000000 0.999997
vn 0.002510 0.000000 0.999997
vn -0.117172 0.458519 0.880926
vn 0.002507 0.000000 0.999997
vn 0.002509 0.000000 0.999997
vn -0.115429 0.451857 0.884591
vn 0.251960 -0.967738 0.000000
vn 0.272118 -0.962256 -0.003926
vn 0.272425 -0.962136 -0.008847
vn 0.251960 -0.967738 0.000000
vn 0.187479 -0.835330 -0.516794
vn 0.270183 -0.851741 -0.448930
vn 0.273471 -0.841388 -0.466134
vn 0.189370 -0.829786 -0.524970
vn 0.184080 -0.775867 -0.603444
vn 0.184455 -0.774816 -0.604679
vn 0.228626 -0.621898 -0.748982
vn 0.228625 -0.621899 -0.748981
vn 0.228627 -0.621898 -0.748981
vn 0.228626 -0.621898 -0.748982
vn 0.002507 -0.000001 0.999997
vn 0.002509 -0.000001 0.999997
vn 0.002510 -0.000000 0.999997
vn 0.002507 -0.000000 0.999997
vn -0.319539 -0.947441 -0.015820
vn -0.272181 -0.962208 -0.008538
vn -0.251572 -0.967839 0.000040
vn -0.315485 -0.948931 -0.000004
vn 0.115450 0.452610 0.884203
vn -0.002492 -0.000000 0.999997
vn -0.002492 -0.000000 0.999997
vn 0.151096 0.474678 0.867093
vn -0.002492 -0.000000 0.999997
vn -0.002492 0.000000 0.999997
vn -0.002492 0.000000 0.999997
vn -0.002492 -0.000000 0.999997
vn -0.002492 0.000000 0.999997
vn -0.002492 0.000000 0.999997
vn -0.002492 0.000000 0.999997
vn -0.002492 0.000000 0.999997
vn -0.376585 -0.591789 -0.712720
vn -0.259123 -0.616998 -0.743081
vn -0.259123 -0.616998 -0.743080
vn -0.376112 -0.591912 -0.712867
vn -0.293374 -0.816059 -0.497976
vn -0.303148 -0.748162 -0.590216
vn -0.209506 -0.771192 -0.601141
vn -0.209277 -0.828473 -0.519457
vn -0.287784 -0.842412 -0.455546
vn -0.358073 -0.833856 -0.420082
vn 0.589826 -0.805668 -0.054810
vn 0.596442 -0.802656 0.000000
vn 0.558496 -0.829508 0.000000
vn 0.564803 -0.823086 -0.059393
vn -0.382228 0.509790 0.770725
vn -0.004035 -0.000254 0.999992
vn -0.003695 -0.000275 0.999993
vn -0.337380 0.505090 0.794392
vn -0.003869 -0.000113 0.999993
vn -0.003817 0.000000 0.999993
vn -0.003820 0.000000 0.999993
vn -0.003772 -0.000149 0.999993
vn -0.003817 0.000000 0.999993
vn -0.003817 0.000000 0.999993
vn -0.003820 0.000000 0.999993
vn -0.003820 0.000000 0.999993
vn 0.812913 -0.372038 -0.448062
vn 0.890348 -0.290842 -0.350274
vn 0.890348 -0.290841 -0.350274
vn 0.812230 -0.372647 -0.448795
vn 0.845592 -0.419539 -0.330093
vn 0.766050 -0.571673 -0.293866
vn 0.684079 -0.648059 -0.334746
vn 0.728686 -0.541483 -0.419301
vn 0.663162 -0.712933 -0.227908
vn 0.631750 -0.733954 -0.249407
vn 0.589106 -0.000018 0.808056
vn 0.004455 -0.000131 0.999990
vn 0.004368 0.000000 0.999991
vn 0.594747 0.000000 0.803913
vn 0.470551 0.404087 0.784408
vn 0.004735 -0.000299 0.999989
vn 0.578305 -0.000047 0.815820
vn 0.573272 0.253587 0.779136
vn -0.732437 -0.677233 -0.069935
vn -0.752050 -0.659104 -0.001666
vn -0.814959 -0.519110 -0.257617
vn -0.812025 -0.517410 -0.270003
vn -0.719630 -0.657724 -0.222558
vn -0.747439 -0.633018 -0.201551
vn -0.882100 -0.366999 -0.295316
vn -0.879976 -0.374066 -0.292775
vn -0.918436 -0.252696 -0.304334
vn -0.918437 -0.252695 -0.304333
vn -0.918437 -0.252696 -0.304334
vn -0.918437 -0.252696 -0.304334
vn 0.004370 0.000000 0.999991
vn 0.004368 0.000000 0.999990
vn 0.004368 0.000000 0.999990
vn 0.004370 0.000000 0.999991
vn -0.982176 -0.118753 -0.145701
vn -0.985058 -0.109278 -0.133110
vn -0.963505 -0.212251 -0.163119
vn -0.937906 -0.299217 -0.175505
vn 0.893749 -0.417351 -0.164414
vn 0.722400 -0.680752 -0.121308
vn 0.727701 -0.666410 -0.162326
vn 0.962717 -0.215288 -0.163788
vn 0.938217 -0.297878 -0.176116
vn 0.984441 -0.111905 -0.135472
vn 0.984450 -0.111871 -0.135435
vn 0.832690 -0.510159 -0.215328
vn 0.674597 -0.711287 -0.197456
vn 0.920542 -0.324746 -0.217121
vn 0.897442 -0.379931 -0.224165
vn 0.967352 -0.161802 -0.195067
vn 0.967261 -0.162025 -0.195331
vn -0.963106 -0.171862 -0.207102
vn -0.967223 -0.162140 -0.195423
vn -0.920485 -0.325061 -0.216892
vn -0.897275 -0.380299 -0.224212
vn 0.773527 -0.574586 -0.267407
vn 0.874260 -0.407231 -0.264257
vn 0.934962 -0.226991 -0.272619
vn 0.934944 -0.227021 -0.272656
vn -0.928499 -0.236923 -0.285931
vn -0.935660 -0.225210 -0.271699
vn -0.874214 -0.407609 -0.263828
vn -0.832741 -0.510087 -0.215301
vn 0.912138 -0.313918 -0.263553
vn 0.854081 -0.412316 -0.317083
vn 0.915848 -0.256988 -0.308511
vn 0.903481 -0.274054 -0.329570
vn -0.916175 -0.255633 -0.308667
vn -0.916281 -0.255479 -0.308479
vn -0.912818 -0.312261 -0.263166
vn 0.000000 1.000000 0.000000
vn 0.000000 1.000000 0.000000
vn 0.000000 1.000000 0.000000
vn 0.000000 1.000000 0.000000
vn 0.000000 1.000000 0.000000
vn 0.000000 1.000000 0.000000
vn 0.000000 1.000000 0.000000
vn 0.000000 1.000000 0.000000
vn 0.000000 1.000000 0.000000
vn 0.000000 1.000000 0.000000
vn 0.000000 1.000000 0.000000
vn 0.000000 1.000000 0.000000
vn 0.000000 1.000000 0.000000
vn 0.000000 1.000000 0.000000
vn 0.000000 1.000000 0.000000
vn 0.000000 1.000000 0.000000
vn 0.000000 1.000000 0.000000
vn 0.000000 1.000000 0.000000
vn 0.000000 1.000000 0.000000
vn 0.000000 1.000000 0.000000
vn 0.000000 1.000000 0.000000
vn 0.000000 1.000000 0.000000
vn 0.000000 1.000000 0.000000
vn 0.000000 1.000000 0.000000
vn 0.000000 1.000000 0.000000
vn 0.000000 1.000000 0.000000
vn 0.000000 1.000000 0.000000
vn 0.000000 1.000000 0.000000
vn 0.000000 1.000000 0.000000
vn 0.000000 1.000000 0.000000
vn 0.000000 1.000000 0.000000
vn 0.000000 1.000000 0.000000
vn 0.000000 1.000000 -0.000000
vn 0.000000 1.000000 -0.000000
vn 0.000000 1.000000 -0.000000
vn 0.000000 1.000000 -0.000000
vn 0.000000 1.000000 0.000000
vn 0.000000 1.000000 0.000000
vn 0.000000 1.000000 0.000000
vn 0.000000 1.000000 0.000000
vn 0.000000 1.000000 0.000000
vn 0.000000 1.000000 0.000000
vn 0.000000 1.000000 0.000000
vn 0.000000 1.000000 0.000000
vn 0.000000 1.000000 -0.000000
vn 0.000000 1.000000 -0.000000
vn 0.000000 1.000000 -0.000000
vn 0.000000 1.000000 -0.000000
vn 0.000000 1.000000 -0.000000
vn 0.000000 1.000000 -0.000000
vn 0.000000 1.000000 0.000000
vn 0.000000 1.000000 -0.000000
vn 0.000000 1.000000 0.000000
vn 0.000000 1.000000 0.000000
vn 0.000000 1.000000 0.000000
vn 0.000000 1.000000 0.000000
vn 0.000000 1.000000 0.000000
vn 0.000000 1.000000 0.000000
vn 0.000000 1.000000 0.000000
vn 0.000000 1.000000 0.000000
vn 0.000000 1.000000 -0.000000
vn 0.000000 1.000000 -0.000000
vn 0.000000 1.000000 -0.000000
vn 0.000000 1.000000 -0.000000
vn 0.000000 1.000000 0.000000
vn 0.000000 1.000000 0.000000
vn 0.000000 1.000000 -0.000000
vn 0.000000 1.000000 -0.000000
vn 0.000000 1.000000 0.000000
vn 0.000000 1.000000 0.000000
vn 0.000000 1.000000 0.000000
vn 0.000000 1.000000 0.000000
vn 1.000000 -0.000000 0.000000
vn 0.999756 -0.006060 -0.021241
vn 0.999856 -0.000000 -0.016962
vn 1.000000 -0.000000 0.000000
vn -0.999829 -0.009208 0.016064
vn -0.999941 -0.010829 0.001090
vn -0.999941 -0.010829 0.001090
vn -0.999829 -0.009208 0.016064
vn 0.000003 -0.000005 1.000000
vn 0.000003 -0.000005 1.000000
vn 0.000003 -0.000005 1.000000
vn 0.000003 -0.000005 1.000000
vn -0.999773 -0.005875 -0.020460
vn -1.000000 0.000000 0.000000
vn -1.000000 0.000000 0.000000
vn -0.999865 0.000000 -0.016431
vn -0.028274 -0.007820 0.999570
vn -0.028274 -0.007820 0.999570
vn -0.028274 -0.007820 0.999570
vn -0.028274 -0.007820 0.999570
vn 0.999969 -0.007816 0.000806
vn 0.999861 -0.006650 0.015316
vn 0.999861 -0.006650 0.015316
vn 0.999969 -0.007816 0.000806
vn 0.989595 -0.035044 -0.139546
vn 0.990801 0.000000 -0.135324
vn -0.991154 0.000000 0.132713
vn -0.991154 0.000000 0.132713
vn -0.989854 -0.034865 -0.137742
vn -0.991063 0.000000 -0.133396
vn 0.991406 0.000000 0.130821
vn 0.991406 0.000000 0.130821
vn 0.978595 -0.048549 -0.199986
vn 0.980648 0.000000 -0.195782
vn -0.981380 0.000000 0.192079
vn -0.981380 0.000000 0.192079
vn -0.978613 -0.048784 -0.199844
vn -0.980664 0.000000 -0.195698
vn 0.981396 0.000000 0.191996
vn 0.981396 0.000000 0.191996
vn 0.956353 -0.071074 -0.283437
vn 0.960493 0.000000 -0.278304
vn -0.961944 0.000000 0.273249
vn -0.961944 0.000000 0.273249
vn -0.957148 -0.069865 -0.281046
vn -0.961096 0.000000 -0.276217
vn 0.962525 0.000000 0.271192
vn 0.962525 0.000000 0.271192
vn 0.930576 0.000000 -0.366100
vn 0.927336 -0.083367 -0.364826
vn 0.865156 -0.117745 -0.487484
vn 0.879185 0.000000 -0.476480
vn -0.883094 0.000000 0.469197
vn -0.933012 0.000000 0.359846
vn -0.933012 0.000000 0.359846
vn -0.883094 0.000000 0.469197
vn 0.935184 -0.082976 -0.344305
vn 0.939459 0.000000 -0.342660
vn -0.941613 0.000000 0.336698
vn -0.941613 0.000000 0.336698
vn 0.792257 0.000000 -0.610188
vn 0.783701 -0.146566 -0.603599
vn 0.692983 -0.163507 -0.702168
vn 0.711991 0.000000 -0.702189
vn -0.718921 0.000000 0.695092
vn -0.798058 0.000000 0.602581
vn -0.798058 0.000000 0.602581
vn -0.718921 0.000000 0.695092
vn 0.579672 0.000000 -0.814850
vn 0.568337 -0.196795 -0.798915
vn 0.458384 -0.197921 -0.866436
vn 0.475565 0.000000 -0.879681
vn -0.482891 0.000000 0.875681
vn -0.587306 0.000000 0.809365
vn -0.587306 0.000000 0.809365
vn -0.482891 0.000000 0.875681
vn 0.291949 0.000000 -0.956434
vn 0.284519 -0.224175 -0.932091
vn 0.284609 -0.222831 -0.932386
vn 0.291951 0.000000 -0.956433
vn -0.297286 0.000000 0.954789
vn -0.297286 0.000000 0.954789
vn -0.297292 0.000000 0.954787
vn -0.297292 0.000000 0.954787
vn -0.329271 0.000000 -0.944236
vn -0.321158 -0.220592 -0.920976
vn -0.452597 -0.203739 -0.868128
vn -0.470804 0.000000 -0.882238
vn 0.478102 0.000000 0.878305
vn 0.335129 0.000000 0.942172
vn 0.335129 0.000000 0.942172
vn 0.478102 0.000000 0.878305
vn -0.600813 0.000000 -0.799390
vn -0.589669 -0.191710 -0.784562
vn -0.729713 -0.155474 -0.665843
vn -0.749717 0.000000 -0.661759
vn 0.756185 0.000000 0.654357
vn 0.608429 0.000000 0.793609
vn 0.608429 0.000000 0.793609
vn 0.756185 0.000000 0.654357
vn -0.834946 0.000000 -0.550332
vn -0.827601 -0.132356 -0.545490
vn -0.886885 -0.111917 -0.448230
vn -0.899577 0.000000 -0.436762
vn 0.902934 0.000000 0.429779
vn 0.839909 0.000000 0.542726
vn 0.839909 0.000000 0.542726
vn 0.902934 0.000000 0.429779
vn -0.949244 0.000000 -0.314542
vn -0.946729 -0.072738 -0.313709
vn -0.946244 -0.072302 -0.315271
vn -0.948674 0.000000 -0.316256
vn 0.950525 0.000000 0.310648
vn 0.951076 0.000000 0.308958
vn 0.951076 0.000000 0.308958
vn 0.950525 0.000000 0.310648
vn -0.003817 0.000000 0.999993
vn -0.003817 0.000000 0.999993
vn -0.003820 0.000000 0.999993
vn -0.003820 0.000000 0.999993
vn -0.000752 0.000000 1.000000
vn -0.003821 0.000000 0.999993
vn -0.003821 0.000000 0.999993
vn -0.000752 0.000000 1.000000
vn 0.002510 -0.000000 0.999997
vn 0.002511 0.000000 0.999997
vn 0.002511 0.000000 0.999997
vn 0.002510 0.000000 0.999997
vn 0.002507 0.000000 0.999997
vn 0.002508 -0.000000 0.999997
vn 0.002507 -0.000001 0.999997
vn 0.002507 0.000000 0.999997
vn -0.002492 0.000000 0.999997
vn -0.002492 0.000000 0.999997
vn -0.002492 0.000000 0.999997
vn -0.002492 0.000000 0.999997
vn -0.002494 0.000000 0.999997
vn -0.002494 0.000000 0.999997
vn 0.000931 0.000000 1.000000
vn 0.000931 0.000000 1.000000
vn 0.004381 0.000000 0.999990
vn 0.004381 0.000000 0.999990
vn 0.004377 -0.000000 0.999990
vn 0.004377 0.000000 0.999991
vn 0.004370 0.000000 0.999991
vn 0.004368 0.000000 0.999990
vn 0.004368 0.000000 0.999990
vn 0.004370 0.000000 0.999990
vn -1.000000 0.000000 0.000000
vn -0.999850 -0.009315 -0.014574
vn -0.999674 -0.015260 -0.020457
vn -0.999997 -0.002640 -0.000256
vn -0.987900 -0.083514 -0.130688
vn -0.986657 -0.088328 -0.136767
vn -0.973647 -0.122857 -0.192142
vn -0.971852 -0.126927 -0.198479
vn -0.947534 -0.172078 -0.269384
vn -0.944349 -0.177048 -0.277235
vn -0.929143 -0.198853 -0.311689
vn -0.929317 -0.198616 -0.311322
vn -0.930570 -0.197379 -0.308354
vn -0.930569 -0.197378 -0.308354
vn -0.930569 -0.197380 -0.308354
vn -0.930570 -0.197379 -0.308354
vn -0.870597 -0.265243 -0.414375
vn -0.787512 -0.332256 -0.519067
vn -0.787512 -0.332257 -0.519067
vn -0.857528 -0.277342 -0.433275
vn -0.695939 -0.387140 -0.604807
vn -0.534860 -0.455522 -0.711635
vn -0.534858 -0.455522 -0.711636
vn -0.678344 -0.396112 -0.618826
vn -0.413733 -0.490810 -0.766766
vn -0.281795 -0.517268 -0.808100
vn -0.281796 -0.517270 -0.808098
vn -0.402100 -0.493615 -0.771142
vn 0.248991 -0.522137 -0.815706
vn 0.248993 -0.522139 -0.815704
vn 0.248996 -0.522138 -0.815704
vn 0.248994 -0.522137 -0.815705
vn 0.417842 -0.489801 -0.765182
vn 0.513959 -0.462465 -0.722477
vn 0.513958 -0.462464 -0.722478
vn 0.407057 -0.492432 -0.769295
vn 0.654165 -0.407762 -0.637023
vn 0.737963 -0.363817 -0.568373
vn 0.737962 -0.363820 -0.568372
vn 0.639291 -0.414563 -0.647645
vn 0.845500 -0.287874 -0.449732
vn 0.906030 -0.228160 -0.356444
vn 0.906030 -0.228162 -0.356444
vn 0.831218 -0.299721 -0.468235
vn 0.927675 -0.201898 -0.314095
vn 0.946702 -0.174091 -0.271012
vn 0.943383 -0.179294 -0.279075
vn 0.927904 -0.201589 -0.313616
vn 0.973650 -0.122776 -0.192174
vn 0.971828 -0.126977 -0.198565
vn 0.987590 -0.084271 -0.132529
vn 0.986404 -0.088182 -0.138679
vn 0.999834 -0.009774 -0.015375
vn 0.999661 -0.013971 -0.021978
vn 1.000000 0.000000 0.000000
vn 1.000000 0.000000 0.000000
vn -0.002278 0.000306 0.999997
vn -0.002278 0.000306 0.999997
vn -0.002278 0.000306 0.999997
vn -0.002278 0.000306 0.999997
vn -0.065557 0.062247 0.995905
vn -0.065557 0.062247 0.995905
vn -0.065557 0.062247 0.995905
vn -0.065557 0.062247 0.995905
vn 0.001961 -0.002947 0.999994
vn 0.001961 -0.002947 0.999994
vn 0.001961 -0.002947 0.999994
vn 0.001961 -0.002947 0.999994
vn -0.002120 -0.003437 0.999992
vn -0.002120 -0.003437 0.999992
vn -0.002120 -0.003437 0.999992
vn -0.002120 -0.003437 0.999992
vn 0.002725 0.000946 0.999996
vn 0.002725 0.000946 0.999996
vn 0.002725 0.000946 0.999996
vn 0.002725 0.000946 0.999996
vn -0.002619 0.000896 0.999996
vn -0.002619 0.000896 0.999996
vn -0.002619 0.000896 0.999996
vn -0.002619 0.000896 0.999996
vn -0.002496 -0.003740 0.999990
vn -0.002496 -0.003740 0.999990
vn -0.002496 -0.003740 0.999990
vn -0.002496 -0.003740 0.999990
vn -0.001344 0.000000 0.999999
vn -0.001344 0.000000 0.999999
vn -0.001344 0.000000 0.999999
vn -0.001344 0.000000 0.999999
vn 0.002959 0.000000 0.999996
vn 0.002918 0.000000 0.999996
vn -0.001348 0.000000 0.999999
vn -0.001348 0.000000 0.999999
vn 0.021695 -0.172715 0.984733
vn 0.021695 -0.172715 0.984733
vn 0.021695 -0.172715 0.984733
vn 0.021695 -0.172715 0.984733
vn 0.001354 0.000000 0.999999
vn 0.001354 0.000000 0.999999
vn 0.001354 0.000000 0.999999
vn 0.001354 0.000000 0.999999
vn 0.001344 0.000000 0.999999
vn -0.001632 0.000000 0.999999
vn -0.002238 0.000000 0.999997
vn 0.001344 0.000000 0.999999
vn -0.495706 -0.637603 0.589693
vn -0.422310 -0.602580 0.677165
vn -0.415417 -0.599010 0.684555
vn -0.495706 -0.637603 0.589693
vn 0.001234 -0.398075 0.917352
vn 0.001234 -0.398075 0.917352
vn 0.001234 -0.398075 0.917352
vn 0.001234 -0.398075 0.917352
vn 0.001349 0.000000 0.999999
vn 0.001349 0.000000 0.999999
vn 0.001349 0.000000 0.999999
vn 0.001349 0.000000 0.999999
vn 0.434324 0.892741 0.119901
vn 0.368623 0.925013 0.092025
vn 0.362589 0.902272 0.233311
vn 0.437129 0.864189 0.249192
vn -0.328491 0.934704 0.135728
vn -0.389841 0.910102 0.140493
vn -0.380772 0.892316 0.242456
vn -0.310751 0.923126 0.226434
vn 0.599563 0.780357 0.177670
vn 0.507664 0.846625 0.159700
vn 0.498219 0.827370 0.259301
vn 0.576815 0.771399 0.268751
vn -0.462459 0.874459 0.146470
vn -0.520681 0.839635 0.154613
vn -0.511551 0.821548 0.251744
vn -0.449687 0.859496 0.242999
vn -0.241683 0.945654 0.217549
vn -0.245177 0.961691 0.122635
vn -0.244644 0.961589 0.124481
vn -0.241670 0.947465 0.209536
vn 0.307863 0.946577 0.095986
vn 0.244670 0.963505 0.108603
vn 0.241029 0.944643 0.222607
vn 0.298302 0.927264 0.226269
vn -0.546433 0.821765 0.161596
vn -0.580703 0.796115 0.170248
vn -0.567966 0.775110 0.276802
vn -0.533892 0.806600 0.253683
vn -0.812387 0.541794 0.215609
vn -0.979143 0.000000 0.203172
vn -0.938019 0.000000 0.346583
vn -0.779369 0.548700 0.302509
vn -0.982675 0.000000 0.185336
vn -0.982563 -0.000010 0.185931
vn -0.937802 0.000000 0.347170
vn -0.938003 0.000000 0.346627
vn -0.942666 -0.018111 0.333246
vn -0.981470 -0.016456 0.190910
vn -0.976550 0.000000 0.215293
vn -0.976550 0.000000 0.215293
vn 0.937802 0.000000 0.347170
vn 0.972952 0.000000 0.231009
vn 0.972952 0.000000 0.231009
vn 0.938003 0.000000 0.346627
vn 0.938019 0.000000 0.346583
vn 0.972952 0.000000 0.231009
vn 0.896482 0.379427 0.228813
vn 0.865026 0.380138 0.327453
vn 0.734446 0.648306 0.200720
vn 0.712668 0.626243 0.316108
vn 0.972952 0.000000 0.231009
vn 0.972952 -0.000000 0.231009
vn 0.972952 0.000001 0.231009
vn 0.972952 0.000000 0.231009
vn -0.976550 0.000000 0.215293
vn -0.976550 0.000000 0.215293
vn -0.976550 0.000000 0.215293
vn -0.976550 0.000000 0.215293
vn 0.972952 0.000000 0.231009
vn 0.972952 -0.000000 0.231009
vn 0.972952 0.000001 0.231009
vn 0.972952 0.000001 0.231009
vn -0.520021 -0.000058 0.854153
vn -0.508746 0.371425 0.776673
vn -0.544708 0.000000 0.838626
vn -0.535684 -0.000023 0.844418
vn -0.547077 0.000000 0.837082
vn -0.710411 0.000000 0.703787
vn -0.710411 0.000000 0.703787
vn 0.710411 0.000000 0.703787
vn 0.710411 0.000000 0.703787
vn 0.710411 0.000000 0.703787
vn 0.710411 0.000000 0.703787
vn -0.710411 0.000000 0.703787
vn -0.710411 -0.000000 0.703787
vn -0.710411 0.000000 0.703787
vn -0.710411 0.000000 0.703787
vn 0.710411 0.000000 0.703787
vn 0.710411 0.000000 0.703787
vn 0.710411 0.000000 0.703787
vn 0.710411 0.000000 0.703787
vn -0.000001 0.000000 1.000000
vn -0.000001 0.000000 1.000000
vn -0.000001 0.000000 1.000000
vn -0.000001 0.000000 1.000000
vn -0.953652 -0.229780 -0.194291
vn -0.978939 -0.154311 -0.133664
vn -0.999094 -0.033363 -0.026430
vn -0.999966 -0.008147 -0.000975
vn 0.001329 -0.161533 0.986866
vn 0.001329 -0.161533 0.986866
vn 0.001329 -0.161533 0.986866
vn 0.001329 -0.161533 0.986866
vn 0.972952 0.000000 0.231009
vn 0.972952 0.000000 0.231009
vn 0.710411 0.000000 0.703787
vn 0.710411 0.000000 0.703787
vn 0.004370 0.000000 0.999991
vn 0.004368 0.000000 0.999991
vn 0.004381 0.000000 0.999990
vn 0.004377 0.000000 0.999990
vn -0.002494 0.000000 0.999997
vn 0.000931 0.000000 1.000000
vn -0.002492 0.000000 0.999997
vn -0.002492 0.000000 0.999997
vn 0.002507 0.000000 0.999997
vn 0.002510 0.000000 0.999997
vn 0.002511 0.000000 0.999997
vn 0.002508 0.000000 0.999997
vn -0.003821 0.000000 0.999993
vn -0.000752 0.000000 1.000000
vn -0.003817 0.000000 0.999993
vn -0.003820 0.000000 0.999993
vn -0.939825 -0.016468 0.341258
vn -0.542819 0.000000 0.839850
vn -0.980869 -0.019248 0.193715
vn 0.028995 -0.122508 0.992044
vn 0.028995 -0.122508 0.992044
vn 0.028995 -0.122508 0.992044
vn 0.028995 -0.122508 0.992044
vn 0.999995 -0.003214 -0.000213
vn 0.999479 -0.024495 -0.021003
vn 0.978568 -0.154456 -0.136188
vn 0.953946 -0.228575 -0.194268
vn 0.988139 0.153557 -0.001464
vn -0.038263 0.223154 0.974032
vn -0.038263 0.223154 0.974032
vn -0.038263 0.223154 0.974032
vn -0.038263 0.223154 0.974032
vn 0.710411 0.000000 0.703787
vn 0.710411 0.000000 0.703787
vn 0.972952 0.000000 0.231009
vn 0.972952 0.000000 0.231009
vn 0.003626 0.284488 0.958673
vn 0.003924 0.284366 0.958708
vn 0.013533 0.280422 0.959781
vn 0.013533 0.280422 0.959781
vn -0.999110 -0.009887 -0.040999
vn -0.999110 -0.009887 -0.040999
vn -0.999110 -0.009887 -0.040999
vn -0.999110 -0.009887 -0.040999
vn 0.335128 0.000000 0.942172
vn 0.335128 0.000000 0.942172
vn 0.000000 1.000000 0.000000
vn 0.000000 1.000000 0.000000
vn -0.090187 -0.216792 -0.972043
vn -0.329271 0.000000 -0.944236
vn -0.078870 -0.537437 -0.839608
vn -0.077911 -0.537477 -0.839671
vn -0.071550 -0.637180 -0.767386
vn -0.071512 -0.637181 -0.767389
vn -0.058009 -0.775334 -0.628882
vn -0.054531 -0.841318 -0.537783
vn -0.070392 -0.866239 -0.494646
vn -0.061338 -0.998111 -0.003387
vn -0.056833 -0.998384 0.000000
vn -0.002099 0.001210 0.999997
vn -0.002099 0.001210 0.999997
vn -0.002099 0.001210 0.999997
vn -0.002099 0.001210 0.999997
vn 0.056072 0.990269 0.127369
vn 0.054289 0.974627 0.217154
vn 0.026996 0.506087 0.862060
vn -0.000528 -0.000000 1.000000
vn -0.000543 0.000000 1.000000
vn -0.000532 -0.000000 1.000000
vn -0.000543 0.000000 1.000000
vn -0.000543 0.000000 1.000000
vn -0.000543 0.000000 1.000000
vn -0.000543 0.000000 1.000000
vn -0.000543 0.000000 1.000000
vn 0.000000 1.000000 0.000000
vn 0.000000 1.000000 0.000000
vn 0.002931 0.000923 0.999995
vn 0.002931 0.000923 0.999995
vn 0.002931 0.000923 0.999995
vn 0.002931 0.000923 0.999995
vn 1.000000 0.000000 0.000000
vn 0.999764 -0.013076 -0.017348
vn 0.986343 -0.096703 -0.133326
vn 0.971248 -0.139309 -0.193057
vn 0.941973 -0.197878 -0.271167
vn 0.925273 -0.215206 -0.312340
vn 0.900413 -0.252539 -0.354233
vn 0.833168 -0.323579 -0.448473
vn 0.724940 -0.403380 -0.558343
vn 0.638022 -0.448155 -0.626167
vn 0.499104 -0.508584 -0.701596
vn 0.404262 -0.530950 -0.744758
vn 0.240363 -0.567622 -0.787420
vn 0.240470 -0.567076 -0.787781
vn -0.076210 -0.577017 -0.813169
vn -0.272277 -0.562330 -0.780801
vn -0.399376 -0.534186 -0.745080
vn -0.520090 -0.500662 -0.691985
vn -0.679668 -0.427073 -0.596373
vn -0.775889 -0.369406 -0.511405
vn -0.849478 -0.307476 -0.428772
vn -0.930569 -0.197380 -0.308354
vn -0.930570 -0.197379 -0.308354
vn -0.929067 -0.198954 -0.311852
vn -0.952186 -0.164518 -0.257440
vn -0.976059 -0.117152 -0.183258
vn -0.989613 -0.079470 -0.119792
vn -0.999941 -0.008224 -0.007078
vn -0.999991 -0.004127 -0.000617
vn -0.976550 0.000000 0.215293
vn -0.976550 0.000000 0.215293
vn -0.710411 -0.000001 0.703787
vn -0.710411 -0.000001 0.703787
vn -0.003817 -0.000000 0.999993
vn -0.003820 0.000000 0.999993
vn -0.003821 0.000000 0.999993
vn -0.000752 0.000000 1.000000
vn 0.002511 0.000000 0.999997
vn 0.002510 0.000000 0.999997
vn 0.002507 0.000000 0.999997
vn 0.002507 0.000000 0.999997
vn -0.002492 0.000000 0.999997
vn -0.000543 0.000000 1.000000
vn -0.002492 0.000000 0.999997
vn 0.000931 0.000000 1.000000
vn -0.002494 0.000000 0.999997
vn 0.004377 -0.000000 0.999990
vn 0.004381 0.000000 0.999990
vn 0.004368 -0.000000 0.999990
vn 0.004370 0.000000 0.999991
vn 0.710411 0.000000 0.703787
vn 0.710411 0.000000 0.703787
vn 0.972952 -0.000002 0.231009
vn 0.972952 -0.000002 0.231009
vn -0.008668 -0.010515 0.999907
vn -0.008668 -0.010515 0.999907
vn -0.008668 -0.010515 0.999907
vn -0.008668 -0.010515 0.999907
vn 0.000006 -0.000007 1.000000
vn 0.000006 -0.000007 1.000000
vn 0.000006 -0.000007 1.000000
vn 0.000006 -0.000007 1.000000
vn 0.999838 -0.017876 0.002020
vn 0.999838 -0.017876 0.002020
vn 0.999838 -0.017876 0.002020
vn 0.999838 -0.017876 0.002020
vn 0.000000 1.000000 -0.000000
vn 0.000000 1.000000 -0.000000
vn 0.000000 1.000000 -0.000000
vn 0.000000 1.000000 -0.000000
vn -1.000000 0.000000 0.000000
vn -1.000000 0.000000 0.000000
vn -1.000000 0.000000 0.000000
vn -1.000000 0.000000 0.000000
vn 0.993729 -0.110503 0.017098
vn 0.993729 -0.110503 0.017098
vn 0.993729 -0.110503 0.017098
vn 0.993729 -0.110503 0.017098
vn -1.000000 0.000000 0.000000
vn -1.000000 0.000000 0.000000
vn -1.000000 0.000000 0.000000
vn -1.000000 0.000000 0.000000
vn -0.000002 -1.000000 0.000000
vn -0.000002 -1.000000 0.000000
vn -0.000002 -1.000000 0.000000
vn -0.000002 -1.000000 0.000000
vn 1.000000 -0.000004 0.000000
vn 1.000000 -0.000004 0.000000
vn 1.000000 -0.000004 0.000000
vn 1.000000 -0.000004 0.000000
vn 0.995723 -0.092389 0.000000
vn 0.995723 -0.092389 0.000000
vn 0.995723 -0.092389 0.000000
vn 0.995723 -0.092389 0.000000
vn 0.000000 1.000000 0.000000
vn 0.000000 1.000000 0.000000
vn 0.000000 1.000000 0.000000
vn 0.000000 1.000000 0.000000
vn -1.000000 0.000000 0.000000
vn -1.000000 0.000000 0.000000
vn -1.000000 0.000000 0.000000
vn -1.000000 0.000000 0.000000
vn -0.000002 -1.000000 0.000000
vn -0.000002 -1.000000 0.000000
vn -0.000002 -1.000000 0.000000
vn -0.000002 -1.000000 0.000000
vn 1.000000 -0.000002 0.000000
vn 1.000000 -0.000002 0.000000
vn 1.000000 -0.000002 0.000000
vn 1.000000 -0.000002 0.000000
vn -1.000000 0.000000 0.000000
vn -1.000000 0.000000 0.000000
vn -1.000000 0.000000 0.000000
vn -1.000000 0.000000 0.000000
vn 1.000000 0.000002 0.000000
vn 1.000000 -0.000000 0.000000
vn 1.000000 -0.000000 0.000000
vn 1.000000 0.000002 0.000000
vn 0.000002 1.000000 0.000000
vn 0.000002 1.000000 0.000000
vn 0.000002 1.000000 0.000000
vn 0.000002 1.000000 0.000000
vn -1.000000 0.000000 0.000000
vn -1.000000 0.000000 0.000000
vn -1.000000 0.000000 0.000000
vn -1.000000 0.000000 0.000000
vn 1.000000 0.000001 0.000000
vn 1.000000 0.000001 0.000000
vn 1.000000 0.000001 0.000000
vn 1.000000 0.000001 0.000000
vn -1.000000 0.000000 0.000000
vn -1.000000 0.000000 0.000000
vn -1.000000 0.000000 0.000000
vn -1.000000 0.000000 0.000000
vn -0.174743 -0.984610 -0.002800
vn -0.174743 -0.984610 -0.002800
vn -0.174743 -0.984610 -0.002800
vn -0.174743 -0.984610 -0.002800
vn 1.000000 0.000000 0.000000
vn 1.000000 0.000000 0.000000
vn 1.000000 0.000000 0.000000
vn 1.000000 0.000000 0.000000
vn -1.000000 0.000000 0.000000
vn -1.000000 0.000000 0.000000
vn -1.000000 0.000000 0.000000
vn -1.000000 0.000000 0.000000
vn 1.000000 0.000002 0.000000
vn 1.000000 0.000000 0.000000
vn 1.000000 0.000000 0.000000
vn 1.000000 0.000002 0.000000
vn 0.000008 1.000000 0.000000
vn 0.000008 1.000000 0.000000
vn 0.000008 1.000000 0.000000
vn 0.000008 1.000000 0.000000
vn -1.000000 0.000000 0.000000
vn -1.000000 0.000000 0.000000
vn -1.000000 0.000000 0.000000
vn -1.000000 0.000000 0.000000
vn -0.055396 -0.998204 0.022801
vn -0.055396 -0.998204 0.022801
vn -0.055396 -0.998204 0.022801
vn -0.055396 -0.998204 0.022801
vn 1.000000 0.000000 0.000000
vn 1.000000 0.000000 0.000000
vn 1.000000 0.000000 0.000000
vn 1.000000 0.000000 0.000000
vn -1.000000 -0.000000 0.000000
vn -1.000000 -0.000000 0.000000
vn -1.000000 -0.000000 0.000000
vn -1.000000 -0.000000 0.000000
vn 0.000078 -0.998186 0.060214
vn 0.000078 -0.998186 0.060214
vn 0.000078 -0.998186 0.060214
vn 0.000078 -0.998186 0.060214
vn 1.000000 0.000002 -0.000000
vn 1.000000 -0.000000 -0.000000
vn 1.000000 -0.000001 -0.000000
vn 1.000000 0.000002 -0.000000
vn 0.000070 0.998891 0.047072
vn 0.000070 0.998892 0.047072
vn 0.000070 0.998892 0.047072
vn 0.000070 0.998892 0.047072
vn -1.000000 0.000000 0.000000
vn -1.000000 0.000000 0.000000
vn -1.000000 0.000000 0.000000
vn -1.000000 0.000000 0.000000
vn 1.000000 0.000000 0.000000
vn 1.000000 0.000000 0.000000
vn 1.000000 0.000000 0.000000
vn 1.000000 0.000000 0.000000
vn -0.999479 0.000000 -0.032272
vn -0.999479 0.000000 -0.032272
vn -0.999479 0.000000 -0.032272
vn -0.999479 0.000000 -0.032272
vn 0.336972 -0.941515 0.000075
vn 0.338061 -0.941124 0.000075
vn 0.338061 -0.941124 0.000075
vn 0.286916 -0.957956 0.000058
vn 1.000000 0.000000 0.000000
vn 1.000000 0.000000 0.000000
vn 1.000000 0.000000 0.000000
vn 1.000000 0.000000 0.000000
vn -0.999407 0.000000 -0.034447
vn -0.999407 0.000000 -0.034447
vn -0.999407 0.000000 -0.034447
vn -0.999407 0.000000 -0.034447
vn 1.000000 0.000000 0.000000
vn 1.000000 0.000000 0.000000
vn 1.000000 0.000000 0.000000
vn 1.000000 0.000000 0.000000
vn 0.121050 0.992646 0.000000
vn 0.060262 0.998173 0.004295
vn 0.073263 0.997299 0.005178
vn 0.121050 0.992646 0.000000
vn 0.086344 0.987122 0.134665
vn 0.086344 0.987122 0.134665
vn 0.086344 0.987122 0.134665
vn 0.086344 0.987122 0.134665
vn -1.000000 -0.000001 0.000000
vn -1.000000 -0.000001 0.000000
vn -1.000000 -0.000001 0.000000
vn -1.000000 -0.000001 0.000000
vn 1.000000 0.000000 0.000000
vn 1.000000 0.000000 0.000000
vn 1.000000 0.000000 0.000000
vn 1.000000 0.000000 0.000000
vn -0.999465 0.000000 -0.032723
vn -0.999465 0.000000 -0.032723
vn -0.999465 0.000000 -0.032723
vn -0.999465 0.000000 -0.032723
vn 0.337306 -0.941395 0.000000
vn 0.337306 -0.941395 0.000000
vn 0.223761 -0.973782 0.040985
vn 1.000000 0.000000 0.000000
vn 1.000000 -0.000000 0.000000
vn 1.000000 -0.000000 0.000000
vn 1.000000 0.000000 0.000000
vn 0.065799 0.996909 0.042920
vn 0.065799 0.996909 0.042920
vn 0.065799 0.996909 0.042920
vn 0.065799 0.996909 0.042920
vn -1.000000 0.000000 0.000000
vn -1.000000 0.000000 0.000000
vn -1.000000 0.000000 0.000000
vn -1.000000 0.000000 0.000000
vn 0.091719 -0.992950 0.075082
vn 0.091719 -0.992950 0.075082
vn 0.091719 -0.992950 0.075082
vn 0.091719 -0.992950 0.075082
vn 1.000000 0.000000 0.000000
vn 1.000000 0.000000 0.000000
vn 1.000000 0.000000 0.000000
vn 1.000000 0.000000 0.000000
vn 0.000000 1.000000 0.000000
vn 0.000000 1.000000 0.000000
vn 0.002462 -0.003855 0.999990
vn 0.002462 -0.003855 0.999990
vn 0.002462 -0.003855 0.999990
vn 0.002462 -0.003855 0.999990
vn 0.000000 1.000000 0.000000
vn 0.000000 1.000000 0.000000
vn 0.037970 -0.020651 0.999066
vn 0.037970 -0.020651 0.999065
vn 0.037970 -0.020651 0.999066
vn 0.037970 -0.020651 0.999066
vn -0.205028 -0.005196 0.978742
vn -0.205028 -0.005196 0.978742
vn -0.205028 -0.005196 0.978742
vn -0.205028 -0.005196 0.978742
vn 0.291952 0.000000 -0.956433
vn 0.000000 1.000000 0.000000
vn 0.000000 1.000000 0.000000
vn -0.297281 0.000000 0.954790
vn -0.297281 0.000000 0.954790
vn 0.000000 1.000000 -0.000000
vn 0.000000 1.000000 -0.000000
vn 0.002904 0.000579 0.999996
vn 0.002904 0.000579 0.999996
vn 0.002904 0.000579 0.999996
vn 0.002904 0.000579 0.999996
vn 0.000000 1.000000 0.000000
vn 0.000000 1.000000 0.000000
vn -0.001611 -0.002634 0.999995
vn -0.001611 -0.002634 0.999995
vn -0.001611 -0.002634 0.999995
vn -0.001611 -0.002634 0.999995
vn 0.000000 1.000000 -0.000000
vn 0.000000 1.000000 -0.000000
vn 0.906030 -0.228161 -0.356443
vn 0.906030 -0.228162 -0.356443
vn 0.896890 -0.266623 -0.352848
vn 0.890348 -0.290842 -0.350274
vn -0.002463 -0.003374 0.999991
vn -0.002463 -0.003374 0.999991
vn -0.002463 -0.003374 0.999991
vn -0.002463 -0.003374 0.999991
vn -0.003818 0.000000 0.999993
vn -0.003818 -0.000000 0.999993
vn -0.003818 0.000000 0.999993
vn -0.003818 -0.000000 0.999993
vn 0.970448 -0.241306 0.001441
vn -0.001344 0.000000 0.999999
vn -0.001344 0.000000 0.999999
vn -0.001344 0.000000 0.999999
vn -0.001344 0.000000 0.999999
vn 1.000000 0.000000 0.000000
vn 1.000000 0.000000 0.000000
vn 1.000000 -0.000000 0.000000
vn 1.000000 -0.000000 0.000000
vn -0.051754 0.282222 0.957952
vn -0.051754 0.282223 0.957952
vn -0.051754 0.282223 0.957952
vn -0.051754 0.282222 0.957952
vn -1.000000 0.000001 0.000000
vn -1.000000 0.000001 0.000000
vn -1.000000 0.000001 0.000000
vn -1.000000 0.000001 0.000000
vn -0.999998 -0.002211 -0.000223
vn -0.999998 -0.002211 -0.000223
vn -0.999998 -0.002211 -0.000223
vn -0.999998 -0.002211 -0.000223
vn -0.898807 -0.406927 -0.162963
vn 0.000000 0.000000 1.000000
vn 0.000000 0.000000 1.000000
vn 0.000000 0.000000 1.000000
vn 0.000000 0.000000 1.000000
vn -0.976550 0.000000 0.215293
vn -0.976550 0.000000 0.215293
vn -0.710411 0.000000 0.703787
vn -0.710411 0.000000 0.703787
vn 0.710411 0.000000 0.703787
vn 0.710411 0.000000 0.703787
vn 0.972952 -0.000002 0.231009
vn 0.972952 -0.000002 0.231009
vn 1.000000 -0.000002 0.000000
vn 1.000000 -0.000002 0.000000
vn 1.000000 -0.000003 0.000000
vn 1.000000 -0.000003 0.000000
vn 1.000000 -0.000003 -0.000000
vn 1.000000 -0.000003 -0.000000
vn 0.001348 -0.000000 0.999999
vn 0.001348 -0.000000 0.999999
vn 0.001348 -0.000000 0.999999
vn 0.001348 -0.000000 0.999999
vn -1.000000 0.000000 0.000000
vn -1.000000 0.000000 0.000000
vn -1.000000 0.000000 0.000000
vn -1.000000 0.000000 0.000000
vn -1.000000 0.000000 0.000000
vn -1.000000 0.000000 0.000000
vn -0.993121 -0.081709 -0.083870
vn -0.984309 -0.121244 -0.128203
vn -0.990010 -0.097632 -0.101722
vn -0.993121 -0.081709 -0.083870
vn -0.966991 -0.171870 -0.188118
vn -0.975545 -0.149526 -0.161103
vn -0.934074 -0.236711 -0.267344
vn -0.949743 -0.208849 -0.233175
vn -0.922450 -0.255062 -0.289877
vn -0.922450 -0.255062 -0.289877
vn -0.924249 -0.252695 -0.286198
vn -0.924249 -0.252694 -0.286198
vn -0.924249 -0.252695 -0.286198
vn -0.924249 -0.252695 -0.286198
vn -1.000000 0.000000 0.000000
vn -1.000000 0.000000 0.000000
vn -1.000000 0.000000 0.000000
vn -1.000000 0.000000 0.000000
vn -0.000019 -0.999922 -0.012468
vn -0.000019 -0.999922 -0.012468
vn -0.000019 -0.999922 -0.012468
vn -0.000019 -0.999922 -0.012468
vn 1.000000 -0.000004 -0.000000
vn 1.000000 -0.000004 -0.000000
vn 1.000000 -0.000004 -0.000000
vn 1.000000 -0.000004 -0.000000
vn 0.000148 0.994264 0.106958
vn 0.000148 0.994264 0.106958
vn 0.000148 0.994264 0.106958
vn 0.000148 0.994264 0.106958
vn -0.521331 -0.853355 0.000000
vn -0.521331 -0.853355 0.000000
vn 0.507241 0.861804 0.000000
vn 0.507241 0.861804 0.000000
vn 0.507241 0.861804 0.000000
vn 0.507241 0.861804 0.000000
vn -0.749316 -0.662207 -0.002763
vn -0.749195 -0.662335 -0.004312
vn 0.750311 0.661079 -0.002855
vn 0.750423 0.660954 -0.002428
vn 0.750183 0.661222 -0.003342
vn 0.750183 0.661222 -0.003342
vn -0.388892 0.921284 -0.000118
vn -0.388892 0.921284 -0.000118
vn -0.388892 0.921284 -0.000118
vn -0.388892 0.921283 -0.000118
vn -0.521329 -0.853356 0.000000
vn -0.521329 -0.853356 0.000000
vn 0.756264 -0.654267 0.000000
vn 0.756264 -0.654267 0.000000
vn 0.756264 -0.654267 0.000000
vn 0.756264 -0.654267 0.000000
vn 0.507242 0.861804 0.000000
vn 0.507242 0.861804 0.000000
vn 0.507242 0.861804 0.000000
vn 0.507242 0.861804 0.000000
vn -0.521331 -0.853354 0.000000
vn -0.521331 -0.853354 0.000000
vn -0.521195 -0.853246 0.018104
vn -0.521199 -0.853250 0.017768
vn 0.507241 0.861804 0.000000
vn 0.507241 0.861804 0.000000
vn 0.507173 0.861555 0.022316
vn 0.507179 0.861568 0.021712
vn -0.514120 0.857719 0.000000
vn -0.514120 0.857719 0.000000
vn -0.513858 0.857304 0.031312
vn -0.513839 0.857272 0.032462
vn -0.499051 -0.866242 0.023942
vn -0.499051 -0.866242 0.023942
vn -0.499051 -0.866242 0.023942
vn -0.499051 -0.866242 0.023942
vn 0.744454 -0.644368 0.174867
vn 0.744454 -0.644368 0.174867
vn 0.744454 -0.644368 0.174867
vn 0.744454 -0.644368 0.174867
vn 0.480621 0.876550 -0.025747
vn 0.480622 0.876550 -0.025747
vn 0.480622 0.876550 -0.025747
vn 0.480622 0.876550 -0.025747
vn -0.520456 -0.852255 0.052792
vn -0.520456 -0.852255 0.052792
vn 0.630168 -0.771237 0.089901
vn 0.630168 -0.771237 0.089901
vn 0.630168 -0.771237 0.089901
vn 0.630168 -0.771237 0.089901
vn 0.506355 0.859910 0.064489
vn 0.506355 0.859910 0.064489
vn -0.511908 0.854093 0.092060
vn -0.511908 0.854093 0.092060
vn -0.378618 -0.925553 -0.000254
vn -0.378608 -0.925557 -0.000279
vn 0.366642 0.930362 0.000263
vn 0.366650 0.930359 0.000236
vn -0.756263 0.654267 -0.001056
vn -0.756262 0.654267 -0.001056
vn -0.756263 0.654267 -0.001056
vn -0.756262 0.654267 -0.001056
vn -0.251517 -0.967853 0.000236
vn -0.333665 -0.942692 -0.000051
vn 0.980316 -0.197419 0.002314
vn 0.980316 -0.197419 0.002314
vn 0.980317 -0.197419 0.002314
vn 0.980316 -0.197419 0.002314
vn 0.323302 0.946296 0.000031
vn 0.242862 0.970061 -0.000257
vn -0.251449 -0.967871 0.000000
vn -0.251449 -0.967871 0.000000
vn -0.251449 -0.967871 0.000000
vn -0.251449 -0.967871 0.000000
vn 0.980319 -0.197421 0.000000
vn 0.980319 -0.197421 0.000000
vn 0.980319 -0.197421 0.000000
vn 0.980319 -0.197421 0.000000
vn 0.242787 0.970080 0.000000
vn 0.242787 0.970080 0.000000
vn 0.242787 0.970080 0.000000
vn 0.242787 0.970080 0.000000
vn -0.810765 0.527813 0.253128
vn -0.810765 0.527813 0.253128
vn -0.810765 0.527813 0.253128
vn -0.810765 0.527813 0.253128
vn -0.381932 -0.924182 0.003906
vn -0.381932 -0.924182 0.003906
vn -0.381932 -0.924182 0.003906
vn -0.381932 -0.924182 0.003906
vn 0.368956 0.929444 -0.002541
vn 0.368956 0.929444 -0.002541
vn 0.368956 0.929444 -0.002541
vn 0.368956 0.929444 -0.002541
vn -0.256214 -0.966000 0.034616
vn -0.256214 -0.966000 0.034616
vn -0.256214 -0.966000 0.034616
vn -0.256214 -0.966000 0.034616
vn 0.963369 -0.179745 0.199029
vn 0.963369 -0.179745 0.199029
vn 0.963369 -0.179745 0.199029
vn 0.963369 -0.179745 0.199029
vn 0.296547 0.951014 0.087364
vn 0.296547 0.951014 0.087364
vn 0.296547 0.951014 0.087364
vn 0.296547 0.951014 0.087364
vn -0.918484 0.355027 0.174194
vn -0.918484 0.355027 0.174194
vn -0.918484 0.355027 0.174194
vn -0.918484 0.355027 0.174194
vn 0.251961 -0.967737 0.000000
vn 0.251961 -0.967737 0.000000
vn 0.251961 -0.967737 0.000000
vn 0.251961 -0.967737 0.000000
vn -0.243300 0.969951 0.000000
vn -0.243300 0.969951 0.000000
vn -0.243300 0.969951 0.000000
vn -0.243300 0.969951 0.000000
vn -0.980319 0.197421 0.000000
vn -0.980319 0.197421 0.000000
vn -0.980319 0.197421 0.000000
vn -0.980319 0.197421 0.000000
vn -0.251583 -0.967836 0.000000
vn -0.251583 -0.967836 0.000000
vn -0.251583 -0.967836 0.000000
vn -0.251583 -0.967836 0.000000
vn 0.242935 0.970043 0.000000
vn 0.242935 0.970043 0.000000
vn 0.242935 0.970043 0.000000
vn 0.242935 0.970043 0.000000
vn 0.251958 -0.967738 0.000000
vn 0.251958 -0.967738 0.000000
vn 0.251958 -0.967738 0.000000
vn 0.251958 -0.967738 0.000000
vn 0.976234 -0.040104 0.212974
vn 0.976234 -0.040104 0.212974
vn 0.976234 -0.040104 0.212974
vn 0.976234 -0.040104 0.212974
vn -0.267580 0.962975 -0.032877
vn -0.267580 0.962975 -0.032877
vn -0.267580 0.962975 -0.032877
vn -0.267580 0.962975 -0.032877
vn 0.251959 -0.967738 0.000000
vn 0.251959 -0.967738 0.000000
vn 0.251959 -0.967738 0.000000
vn 0.251959 -0.967738 0.000000
vn -0.243311 0.969948 0.000000
vn -0.243311 0.969948 0.000000
vn -0.243311 0.969948 0.000000
vn -0.243311 0.969948 0.000000
vn 0.251961 -0.967737 0.000000
vn 0.251961 -0.967737 0.000000
vn 0.251961 -0.967737 0.000000
vn 0.251961 -0.967737 0.000000
vn -0.243300 0.969951 0.000000
vn -0.243300 0.969951 0.000000
vn -0.243300 0.969951 0.000000
vn -0.243300 0.969951 0.000000
vn 0.284143 -0.958082 0.036615
vn 0.284143 -0.958082 0.036615
vn 0.284143 -0.958082 0.036615
vn 0.284143 -0.958082 0.036615
vn 0.917575 0.304063 0.256127
vn 0.917575 0.304063 0.256127
vn 0.917575 0.304063 0.256127
vn 0.917575 0.304063 0.256127
vn -0.314511 0.949229 -0.006838
vn -0.314511 0.949229 -0.006838
vn -0.314511 0.949229 -0.006838
vn -0.314511 0.949229 -0.006838
vn 0.285876 -0.957579 -0.036297
vn 0.285876 -0.957579 -0.036297
vn 0.285876 -0.957579 -0.036297
vn 0.285876 -0.957579 -0.036297
vn -0.279644 0.959447 0.035506
vn -0.279644 0.959447 0.035506
vn -0.279644 0.959447 0.035506
vn -0.279644 0.959447 0.035506
vn -0.963477 0.022610 0.266833
vn -0.963477 0.022610 0.266833
vn -0.963477 0.022610 0.266833
vn -0.963477 0.022610 0.266833
vn -0.991278 -0.077050 0.106915
vn -0.991278 -0.077050 0.106915
vn -0.991278 -0.077050 0.106915
vn -0.991278 -0.077050 0.106915
vn 0.277927 -0.960601 0.001679
vn 0.277927 -0.960601 0.001679
vn 0.277927 -0.960601 0.001679
vn 0.277927 -0.960601 0.001679
vn 0.975831 0.195999 0.096634
vn 0.975831 0.195999 0.096634
vn 0.975831 0.195999 0.096634
vn 0.975831 0.195999 0.096634
vn -0.268491 0.963274 0.003993
vn -0.268491 0.963274 0.003993
vn -0.268491 0.963274 0.003993
vn -0.268491 0.963274 0.003993
vn -0.211427 0.975275 0.064328
vn -0.130063 0.990153 0.051774
vn -0.149555 0.986956 0.059599
vn -0.211427 0.975275 0.064328
vn -0.999465 0.000000 -0.032723
vn -0.999465 0.000000 -0.032723
vn -0.999464 0.000000 -0.032723
vn -0.999465 0.000000 -0.032723
vn 0.292384 -0.954678 0.055702
vn 0.292384 -0.954677 0.055702
vn 0.209676 -0.975641 0.064508
vn 1.000000 0.000000 0.000000
vn 1.000000 0.000000 0.000000
vn 1.000000 0.000000 0.000000
vn 1.000000 0.000000 0.000000
vn 0.382906 -0.923787 0.000000
vn 0.382906 -0.923787 0.000000
vn 0.382906 -0.923787 0.000000
vn 0.382906 -0.923787 0.000000
vn -0.370414 0.927451 -0.051269
vn -0.370414 0.927451 -0.051269
vn -0.370414 0.927451 -0.051269
vn -0.370414 0.927451 -0.051269
vn -0.980702 0.007029 -0.195382
vn -0.980702 0.007029 -0.195382
vn -0.980702 0.007029 -0.195382
vn -0.980702 0.007029 -0.195382
vn 0.534206 -0.845354 0.000000
vn 0.534206 -0.845354 0.000000
vn 0.534206 -0.845354 0.000000
vn 0.534206 -0.845354 0.000000
vn -0.520029 0.854149 0.000000
vn -0.520029 0.854149 0.000000
vn -0.520028 0.854149 0.000000
vn -0.520029 0.854149 0.000000
vn 0.382898 -0.923791 0.000000
vn 0.382898 -0.923791 0.000000
vn 0.382898 -0.923791 0.000000
vn 0.382898 -0.923791 0.000000
vn -0.370849 0.928693 0.000000
vn -0.370849 0.928693 0.000000
vn -0.370849 0.928693 0.000000
vn -0.370849 0.928693 0.000000
vn 0.534207 -0.845353 0.000000
vn 0.534207 -0.845353 0.000000
vn 0.534207 -0.845353 0.000000
vn 0.534207 -0.845353 0.000000
vn 0.540567 0.841301 0.000000
vn 0.540567 0.841301 0.000000
vn 0.540567 0.841301 0.000000
vn 0.540567 0.841301 0.000000
vn -0.520028 0.854149 0.000000
vn -0.520028 0.854149 0.000000
vn -0.520028 0.854149 0.000000
vn -0.520028 0.854149 0.000000
vn 0.534206 -0.845354 0.000000
vn 0.534206 -0.845354 0.000000
vn 0.534206 -0.845354 0.000000
vn 0.534206 -0.845354 0.000000
vn 0.659956 0.751304 0.000000
vn 0.659956 0.751304 0.000000
vn 0.659956 0.751304 0.000000
vn 0.659956 0.751304 0.000000
vn -0.520028 0.854149 0.000000
vn -0.520028 0.854149 0.000000
vn -0.520028 0.854149 0.000000
vn -0.520028 0.854149 0.000000
vn -0.853164 -0.516745 0.071318
vn -0.853164 -0.516745 0.071318
vn -0.853164 -0.516745 0.071318
vn -0.853164 -0.516745 0.071318
vn 0.374124 -0.927374 0.003056
vn 0.374123 -0.927374 0.003056
vn 0.374123 -0.927374 0.003056
vn 0.374123 -0.927374 0.003056
vn -0.359398 0.933177 -0.003621
vn -0.359398 0.933177 -0.003621
vn -0.359398 0.933177 -0.003621
vn -0.359398 0.933177 -0.003621
vn 0.528601 -0.848829 -0.008389
vn 0.528601 -0.848829 -0.008389
vn 0.528601 -0.848829 -0.008389
vn 0.528601 -0.848829 -0.008389
vn 0.654069 0.744469 0.134017
vn 0.654069 0.744469 0.134017
vn 0.654069 0.744469 0.134017
vn 0.654069 0.744469 0.134017
vn -0.511751 0.859086 0.009121
vn -0.511751 0.859086 0.009121
vn -0.511751 0.859086 0.009121
vn -0.511751 0.859086 0.009121
vn -0.780900 -0.621623 0.061478
vn -0.780900 -0.621623 0.061478
vn -0.780900 -0.621623 0.061478
vn -0.780900 -0.621623 0.061478
vn 0.598177 -0.801364 -0.000598
vn 0.598177 -0.801364 -0.000598
vn 0.598177 -0.801364 -0.000598
vn 0.598177 -0.801364 -0.000598
vn -0.582601 0.812758 0.000150
vn -0.582601 0.812758 0.000150
vn -0.582601 0.812758 0.000150
vn -0.582601 0.812758 0.000150
vn -0.540067 -0.840520 0.043063
vn -0.540067 -0.840520 0.043063
vn -0.540067 -0.840520 0.043063
vn -0.540067 -0.840520 0.043063
vn 1.000000 0.000000 0.000000
vn 1.000000 0.000000 0.000000
vn 1.000000 0.000000 0.000000
vn 1.000000 0.000000 0.000000
vn 0.245994 0.969271 0.000000
vn 0.245994 0.969271 0.000000
vn 0.245994 0.969271 0.000000
vn 0.245994 0.969271 0.000000
vn -1.000000 0.000000 0.000000
vn -1.000000 0.000000 0.000000
vn -1.000000 0.000000 0.000000
vn -1.000000 0.000000 0.000000
vn 0.596441 -0.802657 0.000000
vn 0.596441 -0.802657 0.000000
vn 0.596441 -0.802657 0.000000
vn 0.596441 -0.802657 0.000000
vn -0.582114 0.813107 0.000000
vn -0.582114 0.813107 0.000000
vn -0.582114 0.813107 0.000000
vn -0.582114 0.813107 0.000000
vn -0.460822 -0.887228 0.021670
vn -0.460822 -0.887228 0.021670
vn -0.460822 -0.887228 0.021670
vn -0.460822 -0.887228 0.021670
vn 0.615279 -0.788292 -0.005167
vn 0.615279 -0.788292 -0.005167
vn 0.615279 -0.788292 -0.005167
vn 0.615279 -0.788293 -0.005167
vn 0.337306 0.941395 0.000000
vn 0.337306 0.941395 0.000000
vn 0.337306 0.941395 0.000000
vn 0.337306 0.941395 0.000000
vn -0.602203 0.798328 0.004931
vn -0.602203 0.798328 0.004931
vn -0.602203 0.798328 0.004931
vn -0.602203 0.798328 0.004931
vn 0.999547 0.000000 -0.030099
vn 0.999547 0.000000 -0.030099
vn -0.999999 0.000000 -0.001346
vn -0.999999 -0.000047 -0.001382
vn 0.999998 -0.000357 0.001744
vn 0.999999 -0.000133 0.001596
vn -0.243648 0.969864 -0.000479
vn -0.243648 0.969864 -0.000479
vn -0.243648 0.969864 -0.000479
vn -0.243648 0.969864 -0.000479
vn -0.999999 0.000140 -0.001604
vn -0.999998 0.000360 -0.001745
vn 0.999999 0.000106 0.001438
vn -0.245993 -0.969272 -0.000331
vn -0.245993 -0.969271 -0.000331
vn -0.245993 -0.969272 -0.000331
vn -0.245993 -0.969271 -0.000331
vn 0.999999 0.000000 0.001346
vn 0.999999 0.000000 0.001346
vn -0.999999 0.000000 -0.001346
vn 0.999506 0.000000 -0.031444
vn 0.999506 0.000000 -0.031444
vn 0.999506 0.000000 -0.031444
vn 0.999506 0.000000 -0.031444
vn -1.000000 0.000000 0.000000
vn -1.000000 0.000000 0.000000
vn -1.000000 0.000000 0.000000
vn -1.000000 0.000000 0.000000
vn -0.121228 -0.992625 0.000000
vn -0.070872 -0.997486 0.000000
vn -0.071081 -0.997307 0.018093
vn -0.121228 -0.992625 0.000000
vn 1.000000 0.000000 0.000000
vn 1.000000 0.000000 0.000000
vn 1.000000 0.000000 0.000000
vn 1.000000 0.000000 0.000000
vn -0.235373 0.964410 0.120473
vn -0.235373 0.964410 0.120473
vn -0.235373 0.964410 0.120473
vn -0.235373 0.964410 0.120473
vn -1.000000 0.000000 0.000000
vn -1.000000 0.000000 0.000000
vn -1.000000 0.000000 0.000000
vn -1.000000 0.000000 0.000000
vn 0.999506 0.000000 -0.031444
vn 0.999506 0.000000 -0.031444
vn 0.999506 0.000000 -0.031444
vn 0.999506 0.000000 -0.031444
vn -0.035209 0.997152 0.066702
vn -0.075011 0.993603 0.084415
vn -0.075011 0.993603 0.084415
vn -0.045547 0.995278 0.085718
vn -1.000000 0.000000 0.000000
vn -1.000000 0.000000 0.000000
vn -1.000000 0.000000 0.000000
vn -1.000000 0.000000 0.000000
vn -0.104877 -0.993987 0.031472
vn -0.064014 -0.997396 0.033205
vn -0.104877 -0.993987 0.031472
vn 0.243648 -0.969864 0.000000
vn 0.243648 -0.969864 0.000000
vn 0.243648 -0.969864 0.000000
vn 0.243648 -0.969864 0.000000
vn 1.000000 0.000000 0.000000
vn 1.000000 0.000000 0.000000
vn 1.000000 0.000000 0.000000
vn 1.000000 0.000000 0.000000
vn -1.000000 0.000000 0.000000
vn -1.000000 0.000000 0.000000
vn -1.000000 0.000000 0.000000
vn -1.000000 0.000000 0.000000
vn -0.176783 0.984250 0.000000
vn -0.176783 0.984250 0.000000
vn -0.176783 0.984250 -0.000000
vn -0.176783 0.984250 -0.000000
vn -1.000000 0.000000 0.000000
vn -1.000000 0.000000 0.000000
vn -1.000000 -0.000000 -0.000001
vn -1.000000 0.000000 -0.000001
vn 1.000000 0.000000 0.000000
vn 1.000000 0.000000 0.000000
vn 1.000000 0.000000 0.000001
vn 1.000000 0.000000 0.000001
vn 1.000000 0.000000 0.000000
vn 1.000000 0.000000 0.000000
vn 1.000000 0.000000 0.000000
vn -1.000000 0.000000 0.000000
vn -1.000000 0.000000 0.000000
vn -1.000000 -0.000000 -0.000000
vn -0.176783 0.984250 -0.000000
vn -0.176783 0.984250 -0.000000
vn -1.000000 -0.000001 -0.000002
vn -1.000000 0.000000 -0.000003
vn 1.000000 0.000000 0.000003
vn 1.000000 0.000000 0.000002
vn 0.000006 -1.000000 0.000000
vn 0.000006 -1.000000 0.000000
vn 0.000006 -1.000000 0.000000
vn 0.000006 -1.000000 0.000000
vn 1.000000 0.000001 0.000001
vn -1.000000 -0.000002 -0.000001
vn 0.000007 -0.995890 0.090569
vn 0.000007 -0.995890 0.090569
vn 0.000007 -0.995890 0.090569
vn 0.000007 -0.995890 0.090569
vn 0.999427 0.000001 0.033859
vn 0.999427 0.000001 0.033859
vn 0.999427 0.000001 0.033859
vn 0.999427 0.000001 0.033859
vn -0.000009 0.995890 0.090569
vn -0.000009 0.995890 0.090569
vn -0.000009 0.995890 0.090569
vn -0.000009 0.995890 0.090569
vn -0.999427 -0.000002 0.033860
vn -0.999427 -0.000002 0.033860
vn -0.999427 -0.000002 0.033860
vn -0.999427 -0.000002 0.033860
vn 1.000000 0.000000 0.000000
vn 1.000000 0.000000 0.000000
vn 1.000000 0.000000 0.000000
vn 1.000000 0.000000 0.000000
vn 0.000000 1.000000 -0.000000
vn 0.000000 1.000000 -0.000000
vn 0.000000 1.000000 -0.000000
vn 0.000000 1.000000 -0.000000
vn -0.999693 -0.024742 0.001579
vn -0.999693 -0.024742 0.001579
vn -0.999693 -0.024742 0.001579
vn -0.999693 -0.024742 0.001579
vn -1.000000 0.000000 0.000000
vn -1.000000 0.000000 0.000000
vn -1.000000 0.000000 0.000000
vn -1.000000 0.000000 0.000000
vn 0.176783 -0.984250 0.000000
vn 0.176783 -0.984250 0.000000
vn 0.176783 -0.984250 0.000000
vn 0.176783 -0.984250 0.000000
vn 1.000000 0.000000 0.000000
vn 1.000000 0.000000 0.000000
vn 1.000000 0.000000 0.000000
vn 1.000000 0.000000 0.000000
vn -0.995397 -0.095474 0.008340
vn -0.995397 -0.095474 0.008340
vn -0.995397 -0.095474 0.008340
vn -0.995397 -0.095474 0.008340
vn 0.000001 -0.996169 0.087445
vn 0.000001 -0.996169 0.087445
vn 0.000001 -0.996169 0.087445
vn 0.000001 -0.996169 0.087445
vn 1.000000 0.000001 0.000000
vn 1.000000 0.000001 0.000000
vn 1.000000 0.000001 0.000000
vn 1.000000 0.000001 0.000000
vn 0.000000 0.996169 0.087444
vn 0.000000 0.996169 0.087444
vn 0.000000 0.996169 0.087444
vn 0.000000 0.996169 0.087444
vn -0.999367 -0.035577 -0.000000
vn -0.999367 -0.035577 -0.000000
vn -0.999367 -0.035577 -0.000000
vn -0.999367 -0.035577 -0.000000
vn 0.000000 -1.000000 0.000000
vn 0.000000 -1.000000 0.000000
vn 0.000000 -1.000000 0.000000
vn 0.000000 1.000000 0.000000
vn -0.000061 0.999963 0.008641
vn 0.000000 -1.000000 0.000000
vn 0.000000 -1.000000 0.000000
vn -0.008686 0.289495 0.957140
vn -0.008686 0.289495 0.957140
vn -0.000092 0.999915 0.013068
vn 0.000000 1.000000 0.000000
vn 0.000000 1.000000 0.000000
vn 0.000000 1.000000 0.000000
vn 0.000000 -1.000000 0.000000
vn -0.000245 0.999502 0.031546
vn -0.000435 -0.998428 0.056057
vn -0.000653 -0.996452 0.084160
vn -0.008361 0.000000 0.999965
vn -0.008361 0.000000 0.999965
vn -0.000368 0.998875 0.047424
vn -0.320516 0.946787 -0.029404
vn -0.244732 0.968909 -0.036364
vn -0.259714 0.965051 -0.035017
vn 0.303375 -0.951799 0.045197
vn 0.455734 -0.889146 0.041535
vn 0.337296 -0.940346 0.044504
vn -0.198225 0.979317 -0.040554
vn -0.202112 0.978537 -0.040206
vn 0.227748 -0.972616 0.046355
vn 0.233283 -0.971307 0.046285
vn -0.163252 0.985442 -0.047456
vn -0.164679 0.985226 -0.047010
vn 0.177803 -0.982718 0.051499
vn 0.179298 -0.982463 0.051178
vn 0.151269 -0.987265 0.049260
vn 0.152191 -0.987105 0.049608
vn -0.141753 0.988826 -0.046145
vn -0.142802 0.988656 -0.046546
vn -0.121574 0.991818 -0.038938
vn -0.122194 0.991734 -0.039137
vn 0.273713 -0.613059 -0.741107
vn 0.273713 -0.613059 -0.741107
vn 0.273713 -0.613059 -0.741107
vn 0.273713 -0.613059 -0.741107
vn 0.128826 -0.990808 0.041262
vn 0.128314 -0.990882 0.041098
vn -1.000000 0.000000 0.000000
vn -1.000000 0.000000 0.000000
vn -1.000000 0.000000 0.000000
vn -1.000000 0.000000 0.000000
vn 1.000000 0.000000 0.000000
vn 1.000000 0.000000 0.000000
vn -0.000000 0.000000 1.000000
vn -0.000000 0.000000 1.000000
vn -0.000000 0.000000 1.000000
vn -0.000000 0.000000 1.000000
vn 0.001344 -0.000000 0.999999
vn 0.001344 -0.000000 0.999999
vn 0.001344 -0.000000 0.999999
vn 0.001344 -0.000000 0.999999
vn 0.015283 0.997842 0.063854
vn 0.015283 0.997842 0.063854
vn 0.015283 0.997842 0.063854
vn 0.015283 0.997842 0.063854
vn -1.000000 0.000000 0.000000
vn -1.000000 0.000000 0.000000
vn -1.000000 0.000000 0.000000
vn -1.000000 0.000000 0.000000
vn 0.000087 -0.997850 0.065540
vn 0.000087 -0.997850 0.065540
vn 0.000087 -0.997850 0.065540
vn 0.000087 -0.997850 0.065540
vn 1.000000 -0.000004 0.000000
vn 1.000000 -0.000004 0.000000
vn 1.000000 -0.000004 0.000000
vn 1.000000 -0.000004 0.000000
vn -1.000000 0.000000 0.000000
vn -1.000000 0.000000 0.000000
vn -1.000000 0.000000 0.000000
vn -1.000000 0.000000 0.000000
vn 0.161451 -0.984942 0.061834
vn 0.161451 -0.984942 0.061834
vn 0.161451 -0.984942 0.061834
vn 0.161451 -0.984942 0.061834
vn 1.000000 0.000000 0.000000
vn 1.000000 0.000000 0.000000
vn 1.000000 0.000000 0.000000
vn 1.000000 0.000000 0.000000
vn -0.063341 0.995261 0.073784
vn -0.063341 0.995261 0.073784
vn -0.063341 0.995261 0.073784
vn -0.063341 0.995261 0.073784
vn 0.000000 1.000000 0.000000
vn 0.000000 1.000000 0.000000
vn 0.000000 -1.000000 0.000000
vn 0.000392 0.998685 0.051264
vn 0.000160 -0.999781 0.020910
vn 0.000670 0.996155 0.087608
vn 0.008364 0.000000 0.999965
vn 0.008364 0.000000 0.999965
vn 0.000274 -0.999359 0.035810
vn 0.000000 1.000000 0.000001
vn 0.000000 1.000000 0.000001
vn -0.112724 0.992970 -0.036102
vn -0.112724 0.992970 -0.036102
vn -0.924250 -0.252694 -0.286197
vn -0.924250 -0.252694 -0.286197
vn 0.118435 -0.992237 0.037932
vn 0.118435 -0.992237 0.037932
vn -0.749433 -0.662078 -0.001241
vn -0.144758 -0.430392 0.890959
vn -0.144758 -0.430392 0.890959
vn 0.750776 0.660557 -0.001079
vn 0.750776 0.660557 -0.001079
vn -0.790732 -0.590780 -0.160378
vn -0.796543 -0.589189 -0.135555
vn 0.601653 -0.787924 -0.131110
vn 0.623726 -0.760063 -0.182402
vn 0.571216 -0.813509 -0.109159
vn 0.624491 -0.756202 -0.195370
vn -0.062422 -0.997319 -0.038198
vn -0.087141 -0.900174 -0.426724
vn 0.329005 -0.858773 -0.392765
vn 0.290681 -0.956369 -0.029358
vn -0.292336 -0.955668 -0.035184
vn -0.340567 -0.859638 -0.380837
vn -0.324944 -0.944411 -0.049997
vn -0.414218 -0.841348 -0.347213
vn -0.459731 -0.885464 -0.067827
vn -0.602815 -0.755566 -0.256387
vn -0.482268 -0.820668 -0.306467
vn -0.390438 -0.919200 -0.051269
vn -0.543079 -0.834989 -0.088642
vn -0.625813 -0.749191 -0.216957
vn -0.583390 -0.805019 -0.107703
vn -0.670058 -0.714600 -0.200921
vn 0.478759 -0.873605 -0.087204
vn 0.567246 -0.784714 -0.249912
vn 0.594340 -0.775163 -0.214202
vn 0.545419 -0.832469 -0.097534
vn 0.447939 -0.891834 -0.063114
vn 0.513385 -0.809102 -0.285990
vn 0.368853 -0.927912 -0.054097
vn 0.447089 -0.830090 -0.333260
vn 0.291697 -0.955856 -0.035381
vn 0.326748 -0.867611 -0.374816
vn -0.702537 -0.694318 -0.156091
vn -0.698673 -0.690755 -0.186317
vn 0.000000 -1.000000 0.000000
vn 0.000000 -1.000000 0.000000
vn 0.000000 -1.000000 0.000000
vn 0.000000 -1.000000 0.000000
vn 0.000000 -1.000000 -0.000000
vn 0.000000 -1.000000 0.000000
vn 0.000000 -1.000000 0.000000
vn 0.000000 -1.000000 0.000000
vn 0.000000 -1.000000 -0.000000
vn 0.000000 -1.000000 -0.000000
vn 0.000000 -1.000000 -0.000000
vn 0.000000 -1.000000 -0.000000
vn 0.000000 -1.000000 0.000000
vn 0.000000 -1.000000 0.000000
vn 0.000000 -1.000000 0.000000
vn 0.000000 -1.000000 0.000000
vn 0.000000 -1.000000 0.000000
vn 0.000000 -1.000000 0.000000
vn 0.000000 -1.000000 0.000000
vn 0.000000 -1.000000 -0.000000
vn 0.000000 -1.000000 0.000000
vn 0.000000 -1.000000 -0.000000
vn 0.000000 -1.000000 0.000000
vn 0.000000 -1.000000 0.000000
vn 0.000000 -1.000000 0.000000
vn 0.000000 -1.000000 0.000000
vn 0.000000 -1.000000 -0.000000
vn 0.000000 -1.000000 -0.000000
vn 0.000000 -1.000000 0.000000
vn 0.000000 -1.000000 0.000000
vn 0.000000 -1.000000 -0.000000
vn 0.000000 -1.000000 -0.000000
vn 0.000000 -1.000000 0.000000
vn 0.000000 -1.000000 0.000000
vn 0.000000 -1.000000 0.000000
vn 0.000000 -1.000000 0.000000
vn 0.000000 -1.000000 0.000000
vn 0.000000 -1.000000 0.000000
vn 0.000000 -1.000000 -0.000000
vn 0.000000 -1.000000 -0.000000
vn 0.000000 -1.000000 0.000000
vn 0.000000 -1.000000 0.000000
vn 0.000000 -1.000000 0.000000
vn 0.000000 -1.000000 0.000001
vn 0.000000 -1.000000 0.000001
vn 0.000000 -1.000000 0.000000
vn 0.000000 -1.000000 0.000000
vn 0.000000 -1.000000 0.000001
vn 0.000000 -1.000000 0.000000
vn 0.000000 -1.000000 0.000000
vn 0.000000 -1.000000 0.000000
vn 0.000000 -1.000000 0.000000
vn 0.000000 -1.000000 0.000001
vn 0.000000 -1.000000 0.000000
vn 0.000000 -1.000000 -0.000000
vn 0.000000 -1.000000 0.000001
vn 0.000000 -1.000000 0.000001
vn 0.000000 -1.000000 0.000002
vn 0.000000 -1.000000 0.000000
vn 0.000000 -1.000000 0.000001
vn 0.000000 -1.000000 -0.000001
vn 0.000000 -1.000000 0.000000
vn 0.000000 -1.000000 0.000001
vn 0.000000 -1.000000 -0.000001
vn 0.000000 -1.000000 -0.000000
vn 0.000000 -1.000000 0.000000
vn 0.000000 -1.000000 0.000001
vn 0.000000 -1.000000 -0.000000
vn 0.000000 -1.000000 0.000001
vn 0.000000 -1.000000 0.000000
vn 0.000000 -1.000000 -0.000000
vn 0.000000 -1.000000 0.000001
vn 0.000000 -1.000000 -0.000001
vn 0.000000 -1.000000 -0.000001
vn 0.000000 -1.000000 -0.000001
vn 0.000000 -1.000000 -0.000001
vn 0.000000 -1.000000 0.000003
vn 0.000000 -1.000000 0.000001
vn 0.000000 -1.000000 0.000001
vn 0.000000 -1.000000 0.000003
vn 0.000000 -1.000000 0.000000
vn 0.000000 -1.000000 -0.000000
vn 0.000000 -1.000000 -0.000000
vn 0.000000 -1.000000 0.000000
vn 0.000000 -1.000000 -0.000000
vn 0.000000 -1.000000 -0.000000
vn 0.000000 -1.000000 -0.000000
vn 0.000000 -1.000000 -0.000000
vn 0.000000 -1.000000 0.000000
vn 0.000000 -1.000000 0.000000
vn 0.000000 -1.000000 0.000001
vn 0.000000 -1.000000 -0.000000
vn 0.000000 -1.000000 -0.000000
vn 0.000000 -1.000000 -0.000000
vn 0.000000 -1.000000 -0.000000
vn 0.000000 -1.000000 0.000000
vn 0.000000 -1.000000 0.000001
vn 0.000000 -1.000000 -0.000000
vn 0.000000 -1.000000 0.000000
vn 0.000000 -1.000000 0.000001
vn 0.000000 -1.000000 -0.000000
vn 0.000000 -1.000000 0.000000
vn 0.000000 -1.000000 0.000000
vn 0.000000 -1.000000 -0.000000
vn 0.000000 -1.000000 -0.000000
vn 0.000000 -1.000000 0.000000
vn 0.000000 -1.000000 0.000001
vn 0.000000 -1.000000 -0.000000
vn 0.000000 -1.000000 -0.000002
vn 0.000000 -1.000000 -0.000002
vn 0.000000 -1.000000 -0.000002
vn 0.000000 -1.000000 -0.000002
vn 0.000000 -1.000000 -0.000001
vn 0.000000 -1.000000 -0.000001
vn 0.000000 -1.000000 0.000000
vn 0.000000 -1.000000 0.000000
vn 0.000000 -0.124035 0.992278
vn 0.000000 -0.124035 0.992278
vn 0.000000 -1.000000 0.000000
vn 0.000000 -1.000000 0.000000
vn 0.000000 -1.000000 -0.000000
vn 0.000000 -1.000000 -0.000000
vn 0.000000 -1.000000 0.000002
vn 0.000000 -1.000000 0.000002
vn 0.000000 -1.000000 0.000002
vn 0.000000 -1.000000 0.000002
vn 0.000000 -0.999210 -0.039746
vn 0.000000 -0.999210 -0.039754
vn 0.000000 -0.999216 -0.039588
vn 0.000000 -0.999216 -0.039581
vn 0.000000 -0.996169 -0.087445
vn 0.000000 -0.996169 -0.087445
vn 0.000000 0.000000 -0.000000
vn 0.000000 0.000000 -0.000000
vn 0.000000 0.000000 -0.000000
vn 0.000000 0.000000 -0.000000
vn 0.000000 -0.996169 -0.087445
vn 0.000000 -0.996169 -0.087445
vn 0.999997 0.000000 0.002292
vn 0.999997 0.000000 0.002292
vn 0.999997 0.000000 0.002292
vn 0.999997 0.000000 0.002292
vn -0.999998 0.000000 -0.002212
vn -0.999998 0.000000 -0.002212
vn -0.999998 0.000000 -0.002212
vn -0.999998 0.000000 -0.002212
vn -0.999998 0.000000 0.002208
vn -0.999998 0.000000 0.002208
vn -0.999998 0.000000 0.002208
vn -0.999998 0.000000 0.002208
vn 0.999998 0.000000 -0.002125
vn 0.999998 0.000000 -0.002125
vn 0.999998 0.000000 -0.002125
vn 0.999998 0.000000 -0.002125
vn 0.993807 0.000000 -0.111124
vn 0.993807 0.000000 -0.111124
vn 0.993807 0.000000 -0.111124
vn 0.993807 0.000000 -0.111124
vn -0.994523 0.000000 0.104523
vn -0.994523 0.000000 0.104523
vn -0.994523 0.000000 0.104523
vn -0.994523 0.000000 0.104523
vn -0.994216 0.000000 -0.107397
vn -0.994216 0.000000 -0.107397
vn -0.994216 0.000000 -0.107397
vn -0.994216 0.000000 -0.107397
vn 0.994892 0.000000 0.100950
vn 0.994892 0.000000 0.100950
vn 0.994892 0.000000 0.100950
vn 0.994892 0.000000 0.100950
vn 0.984336 0.000000 -0.176301
vn 0.984336 0.000000 -0.176301
vn 0.984336 0.000000 -0.176301
vn 0.984336 0.000000 -0.176301
vn -0.986217 0.000000 0.165459
vn -0.986217 0.000000 0.165459
vn -0.986217 0.000000 0.165459
vn -0.986217 0.000000 0.165459
vn -0.984685 0.000000 -0.174345
vn -0.984685 0.000000 -0.174345
vn -0.984685 0.000000 -0.174345
vn -0.984685 0.000000 -0.174345
vn 0.986544 0.000000 0.163493
vn 0.986544 0.000000 0.163493
vn 0.986544 0.000000 0.163493
vn 0.986544 0.000000 0.163493
vn 0.974211 0.000000 -0.225638
vn 0.974211 0.000000 -0.225638
vn 0.974211 0.000000 -0.225638
vn 0.974211 0.000000 -0.225638
vn -0.977848 0.000000 0.209316
vn -0.977848 0.000000 0.209316
vn -0.977848 0.000000 0.209316
vn -0.977848 0.000000 0.209316
vn -0.974056 0.000000 -0.226308
vn -0.974056 0.000000 -0.226308
vn -0.974056 0.000000 -0.226308
vn -0.974056 0.000000 -0.226308
vn 0.977668 0.000000 0.210157
vn 0.977668 0.000000 0.210157
vn 0.977668 0.000000 0.210157
vn 0.977668 0.000000 0.210157
vn 0.953237 0.000000 -0.302223
vn 0.953237 0.000000 -0.302223
vn 0.953237 0.000000 -0.302223
vn 0.953237 0.000000 -0.302223
vn -0.949729 0.000000 0.313073
vn -0.949729 0.000000 0.313073
vn -0.949729 0.000000 0.313073
vn -0.949729 0.000000 0.313073
vn 0.941193 0.000000 -0.337868
vn 0.941193 0.000000 -0.337868
vn 0.941193 0.000000 -0.337868
vn 0.941193 0.000000 -0.337868
vn -0.947847 0.000000 0.318725
vn -0.947847 0.000000 0.318725
vn -0.947847 0.000000 0.318725
vn -0.947847 0.000000 0.318725
vn 0.778445 0.000000 -0.627712
vn 0.778445 0.000000 -0.627712
vn 0.778445 0.000000 -0.627712
vn 0.778445 0.000000 -0.627712
vn -0.728729 0.000000 0.684802
vn -0.728729 0.000000 0.684802
vn -0.728729 0.000000 0.684802
vn -0.728729 0.000000 0.684802
vn 0.542329 0.000000 -0.840166
vn 0.542329 0.000000 -0.840166
vn 0.542329 0.000000 -0.840166
vn 0.542329 0.000000 -0.840166
vn -0.565156 0.000000 0.824984
vn -0.565156 0.000000 0.824984
vn -0.565156 0.000000 0.824984
vn -0.565156 0.000000 0.824984
vn 0.279900 0.000000 -0.960029
vn 0.279900 0.000000 -0.960029
vn 0.279900 0.000000 -0.960029
vn 0.279900 0.000000 -0.960029
vn -0.297674 0.000000 0.954668
vn -0.297674 0.000000 0.954668
vn -0.297674 0.000000 0.954668
vn -0.297674 0.000000 0.954668
vn -0.315400 0.000000 -0.948959
vn -0.315400 0.000000 -0.948959
vn -0.315400 0.000000 -0.948959
vn -0.315400 0.000000 -0.948959
vn 0.334817 0.000000 0.942283
vn 0.334817 0.000000 0.942283
vn 0.334817 0.000000 0.942283
vn 0.334817 0.000000 0.942283
vn -0.607127 0.000000 -0.794605
vn -0.607127 0.000000 -0.794605
vn -0.607127 0.000000 -0.794605
vn -0.607127 0.000000 -0.794605
vn 0.636527 0.000000 0.771255
vn 0.636527 0.000000 0.771255
vn 0.636527 0.000000 0.771255
vn 0.636527 0.000000 0.771255
vn -0.819262 0.000000 -0.573420
vn -0.819262 0.000000 -0.573420
vn -0.819262 0.000000 -0.573420
vn -0.819262 0.000000 -0.573420
vn 0.836182 0.000000 0.548452
vn 0.836182 0.000000 0.548452
vn 0.836182 0.000000 0.548452
vn 0.836182 0.000000 0.548452
vn -0.949842 0.000000 -0.312729
vn -0.949842 0.000000 -0.312729
vn -0.949842 0.000000 -0.312729
vn -0.949842 0.000000 -0.312729
vn 0.956415 0.000000 0.292011
vn 0.956415 0.000000 0.292011
vn 0.956415 0.000000 0.292011
vn 0.956415 0.000000 0.292011
vn -0.937846 0.000000 -0.347053
vn -0.937846 0.000000 -0.347053
vn -0.937846 0.000000 -0.347053
vn -0.937846 0.000000 -0.347053
vn 0.944196 0.000000 0.329384
vn 0.944196 0.000000 0.329384
vn 0.944196 0.000000 0.329384
vn 0.944196 0.000000 0.329384
vn -0.311968 0.000000 -0.950093
vn -0.311968 0.000000 -0.950093
vn -0.311968 0.000000 -0.950093
vn -0.311968 0.000000 -0.950093
vn 0.345427 -0.029998 0.937966
vn 0.345427 -0.029998 0.937966
vn 0.345427 -0.029998 0.937966
vn 0.345427 -0.029998 0.937966
vn 0.300909 0.000000 -0.953653
vn 0.300909 0.000000 -0.953653
vn 0.300909 0.000000 -0.953653
vn 0.300909 0.000000 -0.953653
vn -0.323397 0.000000 0.946263
vn -0.323397 0.000000 0.946263
vn -0.323397 0.000000 0.946263
vn -0.323397 0.000000 0.946263
vn -0.999999 0.000000 0.001073
vn -0.999999 0.000000 0.001073
vn -0.999999 0.000000 0.001073
vn -0.999999 0.000000 0.001073
vn -0.025257 0.000000 0.999681
vn -0.025257 0.000000 0.999681
vn -0.025257 0.000000 0.999681
vn -0.025257 0.000000 0.999681
vn 0.999999 0.000000 -0.001073
vn 0.999999 0.000000 -0.001073
vn 0.999999 0.000000 -0.001073
vn 0.999999 0.000000 -0.001073
vn -0.860170 0.000000 -0.510008
vn -0.860170 0.000000 -0.510008
vn -0.860170 0.000000 -0.510008
vn -0.860170 0.000000 -0.510008
vn 0.843034 0.000000 0.537861
vn 0.843034 0.000000 0.537861
vn 0.843034 0.000000 0.537861
vn 0.843034 0.000000 0.537861
vn -0.588746 0.000000 -0.808318
vn -0.588746 0.000000 -0.808318
vn -0.588746 0.000000 -0.808318
vn -0.588746 0.000000 -0.808318
vn 0.615373 0.000000 0.788236
vn 0.615373 0.000000 0.788236
vn 0.615373 0.000000 0.788236
vn 0.615373 0.000000 0.788236
vn 0.310022 0.000000 -0.950729
vn 0.310022 0.000000 -0.950729
vn 0.310022 0.000000 -0.950729
vn 0.310022 0.000000 -0.950729
vn -0.310276 0.026945 0.950265
vn -0.310276 0.026945 0.950265
vn -0.310276 0.026945 0.950265
vn -0.310276 0.026945 0.950265
vn 0.600285 0.000000 -0.799786
vn 0.600285 0.000000 -0.799786
vn 0.600285 0.000000 -0.799786
vn 0.600285 0.000000 -0.799786
vn -0.632153 0.000000 0.774844
vn -0.632153 0.000000 0.774844
vn -0.632153 0.000000 0.774844
vn -0.632153 0.000000 0.774844
vn 0.782773 0.000000 -0.622308
vn 0.782773 0.000000 -0.622308
vn 0.782773 0.000000 -0.622308
vn 0.782773 0.000000 -0.622308
vn -0.803167 0.000000 0.595755
vn -0.803167 0.000000 0.595755
vn -0.803167 0.000000 0.595755
vn -0.803167 0.000000 0.595755
vn 0.921270 0.000000 -0.388925
vn 0.921270 0.000000 -0.388925
vn 0.921270 0.000000 -0.388925
vn 0.921270 0.000000 -0.388925
vn -0.929680 0.000000 0.368369
vn -0.929680 0.000000 0.368369
vn -0.929680 0.000000 0.368369
vn -0.929680 0.000000 0.368369
vn -1.000000 0.000000 -0.000558
vn -1.000000 0.000000 -0.000558
vn -1.000000 0.000000 -0.000558
vn -1.000000 0.000000 -0.000558
vn 1.000000 0.000000 0.000558
vn 1.000000 0.000000 0.000558
vn 1.000000 0.000000 0.000558
vn 1.000000 0.000000 0.000558
vn -1.000000 0.000000 0.000000
vn -1.000000 0.000000 0.000000
vn -1.000000 0.000000 0.000000
vn -1.000000 0.000000 0.000000
vn 0.000000 0.000000 1.000000
vn 0.000000 0.000000 1.000000
vn 0.000000 0.000000 1.000000
vn 0.000000 0.000000 1.000000
vn 1.000000 0.000000 0.000000
vn 1.000000 0.000000 0.000000
vn 1.000000 0.000000 0.000000
vn 1.000000 0.000000 0.000000
vn -0.959986 0.000000 -0.280049
vn -0.959986 0.000000 -0.280049
vn -0.959986 0.000000 -0.280049
vn -0.959986 0.000000 -0.280049
vn 0.953310 0.000000 0.301994
vn 0.953310 0.000000 0.301994
vn 0.953310 0.000000 0.301994
vn 0.953310 0.000000 0.301994
s 1
g group6 polySurface60
usemtl lambert3SG
f 2489/3045/3750 2490/3046/3751 2316/3047/3752 2115/3048/3753
s 2
f 2328/3049/3754 2468/3050/3755 2469/3051/3756 2127/3052/3757
s 1
f 1920/3053/3758 2320/3054/3759 2321/3055/3760 1893/3056/3761
f 2481/3057/3762 2482/3058/3763 2121/3059/3764 2122/3060/3765
f 2136/3061/3766 2137/3062/3767 2506/3063/3768 2453/3064/3769
f 1923/3065/3770 2364/3066/3771 2365/3067/3772 1898/3068/3773
s 2
f 2130/3069/3774 2372/3070/3775 2461/3071/3776 2462/3072/3777
s 1
f 2496/3073/3778 2497/3074/3779 2360/3075/3780 2112/3076/3781
f 2361/3077/3782 2362/3078/3783 1899/3079/3784 1900/3080/3785
f 1890/3081/3786 1891/3082/3787 2317/3083/3788 2318/3084/3789
f 2159/3085/3790 2160/3086/3791 1917/3087/3792 1888/3088/3793
s 2
f 2325/3089/3794 2326/3090/3795 2154/3091/3796 2072/3092/3797
f 2369/3093/3798 2370/3094/3799 2151/3095/3800 2075/3096/3801
s 1
f 2711/3097/3802 1927/3098/3803 2144/3099/3804 2712/3100/3805
f 2362/3078/3783 2363/3101/3806 1938/3102/3807 1899/3079/3784
f 2318/3084/3789 2319/3103/3808 1941/3104/3809 1890/3081/3786
f 2449/3105/3810 2450/3106/3811 1918/3107/3812 1877/3108/3813
s 2
f 2324/3109/3814 2438/3110/3815 2439/3111/3816 2077/3112/3817
f 2368/3113/3818 2431/3114/3819 2432/3115/3820 2079/3116/3821
s 1
f 1876/3117/3822 1926/3118/3823 2422/3119/3824 2423/3120/3825
f 2296/3121/3826 2297/3122/3827 1942/3123/3828 1911/3124/3829
f 1911/3124/3829 1912/3125/3830 2295/3126/3831 2296/3121/3826
f 2487/3127/3832 2488/3128/3833 2294/3129/3834 2116/3130/3835
s 2
f 2306/3131/3836 2470/3132/3837 2471/3133/3838 2126/3134/3839
f 2303/3135/3840 2304/3136/3841 2155/3137/3842 2082/3138/3843
f 2302/3139/3844 2440/3140/3845 2441/3141/3846 2083/3142/3847
s 1
f 1919/3143/3848 2298/3144/3849 2299/3145/3850 1910/3146/3851
f 1924/3147/3852 2386/3148/3853 2387/3149/3854 1894/3150/3855
s 2
f 2390/3151/3856 2429/3152/3857 2430/3153/3858 2078/3154/3859
f 2391/3155/3860 2392/3156/3861 2150/3157/3862 2074/3158/3863
f 2131/3159/3864 2394/3160/3865 2459/3161/3866 2460/3162/3867
s 1
f 2498/3163/3868 2499/3164/3869 2382/3165/3870 2111/3166/3871
f 2383/3167/3872 2384/3168/3873 1897/3169/3874 1896/3170/3875
f 2384/3168/3873 2385/3171/3876 1937/3172/3877 1897/3169/3874
s 2
f 2198/3173/3878 2199/3174/3879 2337/3175/3880 2338/3176/3881
f 2197/3177/3882 2433/3178/3883 2434/3179/3884 2339/3180/3885
s 1
f 2342/3181/3886 2343/3182/3887 2193/3183/3888 2194/3184/3889
f 2191/3185/3890 2192/3186/3891 2344/3187/3892 2345/3188/3893
f 2190/3189/3894 2191/3185/3890 2345/3188/3893 2346/3190/3895
f 2347/3191/3896 2494/3192/3897 2495/3193/3898 2189/3194/3899
s 2
f 2463/3195/3900 2464/3196/3901 2335/3197/3902 2201/3198/3903
s 1
f 1921/3199/3904 2173/3200/3905 2174/3201/3906 1902/3202/3907
s 2
f 2177/3203/3908 2436/3204/3909 2437/3205/3910 2076/3206/3911
f 2178/3207/3912 2179/3208/3913 2153/3209/3914 2073/3210/3915
f 2181/3211/3916 2466/3212/3917 2467/3213/3918 2128/3214/3919
s 1
f 2491/3215/3920 2492/3216/3921 2169/3217/3922 2114/3218/3923
f 1905/3219/3924 1904/3220/3925 2170/3221/3926 2171/3222/3927
f 2171/3222/3927 2172/3223/3928 1940/3224/3929 1905/3219/3924
f 2408/3225/3930 2409/3226/3931 1906/3227/3932 1925/3228/3933
s 2
f 2412/3229/3934 2427/3230/3935 2428/3231/3936 2084/3232/3937
f 2413/3233/3938 2414/3234/3939 2149/3235/3940 2085/3236/3941
f 2416/3237/3942 2457/3238/3943 2458/3239/3944 2132/3240/3945
s 1
f 2500/3241/3946 2501/3242/3947 2404/3243/3948 2110/3244/3949
f 2405/3245/3950 2406/3246/3951 1909/3247/3952 1908/3248/3953
f 2406/3246/3951 2407/3249/3954 1936/3250/3955 1909/3247/3952
s 2
f 2096/3251/3956 2741/3252/3957 2742/3253/3958 2156/3254/3959
f 2739/3255/3960 2740/3256/3961 2442/3257/3962 2098/3258/3963
s 1
f 1918/3107/3812 2733/3259/3964 2734/3260/3965 1877/3108/3813
f 1887/3261/3966 2731/3262/3967 2732/3263/3968 1943/3264/3969
f 1882/3265/3970 2730/3266/3971 2731/3262/3967 1887/3261/3966
f 2486/3267/3972 2728/3268/3973 2729/3269/3974 2117/3270/3975
s 2
f 2125/3271/3976 2744/3272/3977 2745/3273/3978 2472/3274/3979
s 1
f 2482/3058/3763 2483/3275/3980 2120/3276/3981 2121/3059/3764
f 2160/3086/3791 2161/3277/3982 1934/3278/3983 1917/3087/3792
f 2421/3279/3984 2422/3119/3824 1926/3118/3823 2750/3280/3985 2749/3281/3986
f 2143/3282/3987 2144/3099/3804 1927/3098/3803 1929/3283/3988
f 2505/3284/3989 2506/3063/3768 2137/3062/3767 2138/3285/3990
f 2420/3286/3991 2421/3279/3984 2749/3281/3986 1935/3287/3992
f 2142/3288/3993 2143/3282/3987 1929/3283/3988 1944/3289/3994
f 2504/3290/3995 2505/3284/3989 2138/3285/3990 2139/3291/3996
f 2483/3275/3980 2484/3292/3997 2119/3293/3998 2120/3276/3981
f 2161/3277/3982 2162/3294/3999 1949/3295/4000 1934/3278/3983
f 1944/3289/3994 2420/3286/3991 1935/3287/3992 1885/3296/4001
f 2141/3297/4002 2142/3288/3993 1944/3289/3994 1885/3296/4001
f 2503/3298/4003 2504/3290/3995 2139/3291/3996 2140/3299/4004
f 2484/3292/3997 2485/3300/4005 2118/3301/4006 2119/3293/3998
f 1887/3261/3966 1949/3295/4000 2162/3294/3999 2163/3302/4007
f 1943/3264/3969 2452/3303/4008 1949/3295/4000 1887/3261/3966
f 1950/3304/4009 2141/3297/4002 1885/3296/4001 1880/3305/4010
f 2502/3306/4011 2503/3298/4003 2140/3299/4004 2109/3307/4012
f 2117/3270/4013 2118/3301/4006 2485/3300/4005 2486/3267/4014
f 1887/3261/3966 2163/3302/4007 1953/3308/4015 1882/3265/3970
s off
f 2848/3309/4016 2847/3310/4017 2849/3311/4018 2850/3312/4019
f 2851/3313/4020 2852/3314/4021 2853/3315/4022 2854/3316/4023
f 2847/3310/4024 2855/3317/4025 2856/3318/4026 2849/3311/4027
f 2857/3319/4028 2851/3313/4029 2854/3316/4030 2858/3320/4031
f 2855/3317/4032 2859/3321/4033 2860/3322/4034 2856/3318/4035
f 2861/3323/4036 2857/3319/4037 2858/3320/4038 2862/3324/4039
f 2859/3321/4040 2863/3325/4041 2864/3326/4042 2860/3322/4043
f 2865/3327/4044 2861/3323/4045 2862/3324/4046 2866/3328/4047
s 42
f 2867/3329/4048 2868/3330/4049 2869/3331/4050 2870/3332/4051
s off
f 2863/3325/4052 2871/3333/4053 2872/3334/4054 2864/3326/4055
s 43
f 2873/3335/4056 2874/3336/4057 2875/3337/4058 2876/3338/4059
s 44
f 2877/3339/4060 2878/3340/4061 2879/3341/4062 2880/3342/4063
s 45
f 2881/3343/4064 2882/3344/4065 2883/3345/4066 2884/3346/4067
s 46
f 2885/3347/4068 2886/3348/4069 2887/3349/4070 2888/3350/4071
s 47
f 2889/3351/4072 2890/3352/4073 2891/3353/4074 2892/3354/4075
s 48
f 2893/3355/4076 2894/3356/4077 2895/3357/4078 2896/3358/4079
s 49
f 2897/3359/4080 2898/3360/4081 2899/3361/4082 2900/3362/4083
s off
f 2899/3361/4084 2865/3327/4085 2866/3328/4086 2900/3362/4087
s 1
f 1874/3363/4088 1914/3364/4089 1973/3365/4090 1974/3366/4091
s 51
f 1954/3367/4092 1955/3368/4093 1976/3369/4094 1975/3370/4095
s off
f 2650/3371/4096 2649/3372/4097 2651/3373/4098 2652/3374/4099
s 1
f 1915/3375/4100 1875/3376/4101 1978/3377/4102 1977/3378/4103
s 53
f 2240/3379/4104 2241/3380/4105 2242/3381/4106 2243/3382/4107
s 54
f 1957/3383/4108 1956/3384/4109 1980/3385/4110 1979/3386/4111
s 1
f 1914/3364/4089 1931/3387/4112 1981/3388/4113 1973/3365/4090
s 51
f 1958/3389/4114 1954/3367/4092 1975/3370/4095 1982/3390/4115
s 1
f 1932/3391/4116 1915/3375/4100 1977/3378/4103 1983/3392/4117
s 54
f 1956/3384/4109 1959/3393/4118 1984/3394/4119 1980/3385/4110
s 1
f 1931/3387/4112 1946/3395/4120 1985/3396/4121 1981/3388/4113
s 51
f 1960/3397/4122 1958/3389/4114 1982/3390/4115 1986/3398/4123
s 1
f 1947/3399/4124 1932/3391/4116 1983/3392/4117 1987/3400/4125
s 54
f 1959/3393/4118 1961/3401/4126 1988/3402/4127 1984/3394/4119
s 1
f 1946/3395/4120 1951/3403/4128 1989/3404/4129 1985/3396/4121
s 51
f 1962/3405/4130 1960/3397/4122 1986/3398/4123 1990/3406/4131
s 1
f 1952/3407/4132 1947/3399/4124 1987/3400/4125 1991/3408/4133
s 54
f 1961/3401/4126 1963/3409/4134 1992/3410/4135 1988/3402/4127
s 1
f 2400/3411/4136 2401/3412/4137 1907/3413/4138 1994/3414/4139
s 51
f 1965/3415/4140 2398/3416/4141 2399/3417/4142 1995/3418/4143
s 1
f 1951/3403/4128 1872/3419/4144 1993/3420/4145 1989/3404/4129
s 51
f 1964/3421/4146 1962/3405/4130 1990/3406/4131 1996/3422/4147
s 1
f 2378/3423/4148 2379/3424/4149 1895/3425/4150 1997/3426/4151
s 51
f 1966/3427/4152 2376/3428/4153 2377/3429/4154 1998/3430/4155
s 1
f 2356/3431/4156 2357/3432/4157 1901/3433/4158 1999/3434/4159
s 51
f 1967/3435/4160 2354/3436/4161 2355/3437/4162 2000/3438/4163
s 1
f 2186/3439/4164 2187/3440/4165 2350/3441/4166 2351/3442/4167
s 51
f 2352/3443/4168 2353/3444/4169 2184/3445/4170 2185/3446/4171
s 1
f 2166/3447/4172 2167/3448/4173 1903/3449/4174 2003/3450/4175
s 54
f 1969/3451/4176 2164/3452/4177 2165/3453/4178 2004/3454/4179
s 1
f 2312/3455/4180 2313/3456/4181 1892/3457/4182 2005/3458/4183
s 54
f 1970/3459/4184 2310/3460/4185 2311/3461/4186 2006/3462/4187
s 1
f 2290/3463/4188 2291/3464/4189 1913/3465/4190 2007/3466/4191
s 54
f 1971/3467/4192 2288/3468/4193 2289/3469/4194 2008/3470/4195
s 1
f 2721/3471/4196 2722/3472/4197 1873/3473/4198 2009/3474/4199
s 54
f 1972/3475/4200 2719/3476/4201 2720/3477/4202 2010/3478/4203
s 1
f 1873/3473/4198 1952/3407/4132 1991/3408/4133 2009/3474/4199
s 54
f 1963/3409/4134 1972/3475/4200 2010/3478/4203 1992/3410/4135
s 2
f 2417/3479/4204 2418/3480/4205 2228/3481/4206 2087/3482/4207
f 2069/3483/4208 2395/3484/4209 2396/3485/4210 2229/3486/4211
f 2070/3487/4212 2373/3488/4213 2374/3489/4214 2230/3490/4215
f 2333/3491/4216 2334/3492/4217 2202/3493/4218 2231/3494/4219
f 2233/3495/4220 2234/3496/4221 2064/3497/4222 2182/3498/4223
f 2329/3499/4224 2330/3500/4225 2235/3501/4226 2065/3502/4227
f 2307/3503/4228 2308/3504/4229 2236/3505/4230 2080/3506/4231
f 2099/3507/4232 2746/3508/4233 2747/3509/4234 2237/3510/4235
s 1
f 2675/3511/4236 2676/3512/4237 2223/3513/4238 2224/3514/4239
f 2676/3512/4237 2677/3515/4240 2222/3516/4241 2223/3513/4238
f 2677/3515/4240 2678/3517/4242 2221/3518/4243 2222/3516/4241
f 2678/3517/4242 2679/3519/4244 2220/3520/4245 2221/3518/4243
f 2219/3521/4246 2220/3520/4245 2679/3519/4244 2680/3522/4247
f 2680/3522/4248 2723/3523/4249 2724/3524/4250 2219/3521/4251
f 2681/3525/4252 2682/3526/4253 2292/3527/4254 2218/3528/4255
f 2683/3529/4256 2684/3530/4257 2314/3531/4258 2217/3532/4259
f 2685/3533/4260 2686/3534/4261 2215/3535/4262 2216/3536/4263
f 2688/3537/4264 2689/3538/4265 2213/3539/4266 2349/3540/4267
f 2690/3541/4268 2691/3542/4269 2358/3543/4270 2212/3544/4271
f 2692/3545/4272 2693/3546/4273 2380/3547/4274 2211/3548/4275
f 2694/3549/4276 2695/3550/4277 2402/3551/4278 2210/3552/4279
f 2696/3553/4280 2697/3554/4281 2208/3555/4282 2209/3556/4283
f 2697/3554/4281 2698/3557/4284 2207/3558/4285 2208/3555/4282
f 2698/3557/4284 2699/3559/4286 2206/3560/4287 2207/3558/4285
f 2699/3559/4286 2700/3561/4288 2205/3562/4289 2206/3560/4287
f 2204/3563/4290 2205/3562/4289 2700/3561/4288 2701/3564/4291
s off
f 2530/3565/4292 2529/3566/4293 2531/3567/4294 2532/3568/4295
f 2574/3569/4296 2573/3570/4297 2575/3571/4298 2556/3572/4299
f 2526/3573/4300 2525/3574/4301 2527/3575/4302 2528/3576/4303
f 2589/3577/4304 2588/3578/4305 2590/3579/4306 2591/3580/4307
f 2565/3581/4308 2566/3582/4309 2567/3583/4310 2568/3584/4311
f 2544/3585/4312 2543/3586/4313 2545/3587/4314 2546/3588/4315
f 2593/3589/4316 2592/3590/4317 2594/3591/4318 2595/3592/4319
f 2597/3593/4320 2596/3594/4321 2598/3595/4322 2599/3596/4323
s 63
f 2621/3597/4324 2620/3598/4325 2622/3599/4326 2623/3600/4327
s off
f 2624/3601/4328 2625/3602/4329 2626/3603/4330 2627/3604/4331
f 2284/3605/4332 2285/3606/4333 2286/3607/4334 2287/3608/4335
s 64
f 2569/3609/4336 2570/3610/4337 2571/3611/4338 2572/3612/4339
s 65
f 2515/3613/4340 2735/3614/4341 2736/3615/4342 2516/3616/4343
s off
f 2477/3617/4344 2478/3618/4345 2267/3619/4346 2268/3620/4347
f 2256/3621/4348 2257/3622/4349 2252/3623/4350 2255/3624/4351
s 2
f 2031/3625/4352 2322/3626/4353 2323/3627/4354 2048/3628/4355
f 2033/3629/4356 2366/3630/4357 2367/3631/4358 2050/3632/4359
f 2034/3633/4360 2300/3634/4361 2301/3635/4362 2051/3636/4363
f 2032/3637/4364 2388/3638/4365 2389/3639/4366 2049/3640/4367
f 2340/3641/4368 2341/3642/4369 2195/3643/4370 2196/3644/4371
f 2030/3645/4372 2175/3646/4373 2176/3647/4374 2047/3648/4375
f 2035/3649/4376 2410/3650/4377 2411/3651/4378 2052/3652/4379
f 2038/3653/4380 2424/3654/4381 2425/3655/4382 2055/3656/4383
f 2037/3657/4384 2146/3658/4385 2147/3659/4386 2054/3660/4387
f 2134/3661/4388 2135/3662/4389 2454/3663/4390 2455/3664/4391
f 2157/3665/4392 2158/3666/4393 2041/3667/4394 2058/3668/4395
f 2443/3669/4396 2444/3670/4397 2043/3671/4398 2060/3672/4399
f 2043/3671/4398 2737/3673/4400 2738/3674/4401 2060/3672/4399
s 76
f 2473/3675/4402 2474/3676/4403 2123/3677/4404 2124/3678/4405
s 77
f 2040/3679/4406 2225/3680/4407 2226/3681/4408 2057/3682/4409
s 78
f 2238/3683/4410 2239/3684/4411 2044/3685/4412 2061/3686/4413
s 2
f 2048/3628/4355 2323/3627/4354 2324/3687/3814 2077/3688/3817
f 2050/3632/4359 2367/3631/4358 2368/3689/3818 2079/3690/3821
f 2051/3636/4363 2301/3635/4362 2302/3691/3844 2083/3692/3847
f 2049/3640/4367 2389/3639/4366 2390/3693/3856 2078/3694/3859
f 2339/3695/3885 2340/3641/4368 2196/3644/4371 2197/3696/3882
f 2047/3648/4375 2176/3647/4374 2177/3697/3908 2076/3698/3911
f 2052/3652/4379 2411/3651/4378 2412/3699/3934 2084/3700/3937
f 2055/3656/4383 2425/3655/4382 2426/3701/4414 2093/3702/4415
f 2054/3660/4387 2147/3659/4386 2148/3703/4416 2092/3704/4417
f 2133/3705/4418 2134/3661/4388 2455/3664/4419 2456/3706/4420
f 2156/3707/3959 2157/3665/4392 2058/3668/4395 2096/3708/3956
f 2442/3709/3962 2443/3669/4396 2060/3672/4399 2098/3710/3963
f 2060/3672/4399 2738/3674/4401 2739/3711/3960 2098/3710/3963
s 80
f 2472/3712/4421 2473/3675/4422 2124/3678/4423 2125/3713/4424
s 81
f 2057/3682/4425 2226/3681/4426 2227/3714/4427 2095/3715/4428
s 82
f 2237/3716/4429 2238/3683/4430 2061/3686/4431 2099/3717/4432
s off
f 2632/3718/4433 2633/3719/4434 2634/3720/4435 2635/3721/4436
s 1
f 2404/3243/3948 2405/3245/3950 1908/3248/3953 2110/3244/3949
f 2111/3166/3871 2382/3165/3870 2383/3167/3872 1896/3170/3875
f 2112/3076/3781 2360/3075/3780 2361/3077/3782 1900/3080/3785
f 2346/3190/3895 2347/3191/3896 2189/3194/3899 2190/3189/3894
f 2114/3218/3923 2169/3217/3922 2170/3221/3926 1904/3220/3925
f 2115/3048/3753 2316/3047/3752 2317/3083/3788 1891/3082/3787
f 2116/3130/3835 2294/3129/3834 2295/3126/3831 1912/3125/3830
f 2117/3270/3975 2729/3269/3974 2730/3266/3971 1882/3265/3970
f 1882/3265/3970 1953/3308/4015 2118/3301/4006 2117/3270/4013
f 2119/3293/3998 2118/3301/4006 1953/3308/4015 1948/3722/4437
f 2120/3276/3981 2119/3293/3998 1948/3722/4437 1933/3723/4438
f 2121/3059/3764 2120/3276/3981 1933/3723/4438 1916/3724/4439
f 2122/3060/3765 2121/3059/3764 1916/3724/4439 1883/3725/4440
s off
f 2262/3726/4441 2261/3727/4442 2264/3728/4443 2265/3729/4444
s 76
f 2124/3678/4405 2123/3677/4404 2042/3730/4445 2059/3731/4446
s 80
f 2125/3713/4424 2124/3678/4423 2059/3731/4447 2097/3732/4448
s 2
f 2097/3733/4449 2743/3734/4450 2744/3272/3977 2125/3271/3976
f 2305/3735/4451 2306/3131/3836 2126/3134/3839 2081/3736/4452
f 2327/3737/4453 2328/3049/3754 2127/3052/3757 2066/3738/4454
f 2180/3739/4455 2181/3211/3916 2128/3214/3919 2067/3740/4456
f 2200/3741/4457 2201/3198/3903 2335/3197/3902 2336/3742/4458
f 2371/3743/4459 2372/3070/3775 2130/3069/3774 2071/3744/4460
f 2393/3745/4461 2394/3160/3865 2131/3159/3864 2068/3746/4462
f 2415/3747/4463 2416/3237/3942 2132/3240/3945 2086/3748/4464
f 2056/3749/4465 2134/3661/4388 2133/3705/4418 2094/3750/4466
f 2039/3751/4467 2135/3662/4389 2134/3661/4388 2056/3749/4465
s off
f 2609/3752/4468 2608/3753/4469 2610/3754/4470 2611/3755/4471
s 1
f 1884/3756/4472 1928/3757/4473 2137/3062/3767 2136/3061/3766
f 2138/3285/3990 2137/3062/3767 1928/3757/4473 1930/3758/4474
f 2139/3291/3996 2138/3285/3990 1930/3758/4474 1945/3759/4475
f 2140/3299/4004 2139/3291/3996 1945/3759/4475 1950/3304/4009
f 2109/3307/4012 2140/3299/4004 1950/3304/4009 1880/3305/4010
f 1945/3759/4475 2142/3288/3993 2141/3297/4002 1950/3304/4009
f 1930/3758/4474 2143/3282/3987 2142/3288/3993 1945/3759/4475
f 1928/3757/4473 2144/3099/3804 2143/3282/3987 1930/3758/4474
f 2145/3760/4476 2144/3099/3804 1928/3757/4473 1884/3756/4472
s off
f 2616/3761/4477 2614/3762/4478 2618/3763/4479 2619/3764/4480
s 2
f 2147/3659/4386 2146/3658/4385 2039/3751/4467 2056/3749/4465
f 2148/3703/4416 2147/3659/4386 2056/3749/4465 2094/3750/4466
f 2414/3234/3939 2415/3747/4463 2086/3748/4464 2149/3235/3940
f 2150/3157/3862 2392/3156/3861 2393/3745/4461 2068/3746/4462
f 2151/3095/3800 2370/3094/3799 2371/3743/4459 2071/3744/4460
f 2336/3742/4458 2337/3175/3880 2199/3174/3879 2200/3741/4457
f 2067/3740/4456 2153/3209/3914 2179/3208/3913 2180/3739/4455
f 2066/3738/4454 2154/3091/3796 2326/3090/3795 2327/3737/4453
f 2081/3736/4452 2155/3137/3842 2304/3136/3841 2305/3735/4451
f 2156/3254/3959 2742/3253/3958 2743/3734/4450 2097/3733/4449
f 2059/3731/4481 2157/3665/4392 2156/3707/3959 2097/3732/4482
f 2042/3730/4483 2158/3666/4393 2157/3665/4392 2059/3731/4484
s 83
f 2276/3765/4485 2271/3766/4486 2270/3767/4487 2277/3768/4488
s off
f 1916/3724/4489 2160/3086/4490 2653/3769/4491 2654/3770/4492
s 1
f 1933/3723/4438 2161/3277/3982 2160/3086/3791 1916/3724/4439
f 1948/3722/4437 2162/3294/3999 2161/3277/3982 1933/3723/4438
f 2163/3302/4007 2162/3294/3999 1948/3722/4437 1953/3308/4015
s 54
f 2165/3453/4178 2164/3452/4177 1968/3771/4493 2002/3772/4494
s 46
f 2901/3773/4495 2886/3348/4069 2885/3347/4068 2902/3774/4496
s 1
f 1879/3775/4497 2167/3448/4173 2166/3447/4172 2001/3776/4498
f 2686/3534/4261 2687/3777/4499 2214/3778/4500 2215/3535/4262
f 2169/3217/3922 2492/3216/3921 2493/3779/4501 2113/3780/4502
f 2170/3221/3926 2169/3217/3922 2113/3780/4502 1881/3781/4503
f 2171/3222/3927 2170/3221/3926 1881/3781/4503 1886/3782/4504
f 1939/3783/4505 2172/3223/3928 2171/3222/3927 1886/3782/4504
f 2174/3201/3906 2173/3200/3905 1922/3784/4506 1878/3785/4507
s off
f 2552/3786/4508 2551/3787/4509 2553/3788/4510 2554/3789/4511
s 2
f 2176/3647/4374 2175/3646/4373 2036/3790/4512 2053/3791/4513
f 2177/3697/3908 2176/3647/4374 2053/3791/4513 2090/3792/4514
f 2090/3793/4514 2435/3794/4515 2436/3204/3909 2177/3203/3908
f 2152/3795/4516 2179/3208/3913 2178/3207/3912 2089/3796/4517
f 2180/3739/4455 2179/3208/3913 2152/3795/4516 2088/3797/4518
f 2129/3798/4519 2181/3211/3916 2180/3739/4455 2088/3797/4518
f 2465/3799/4520 2466/3212/3917 2181/3211/3916 2129/3798/4519
f 2232/3800/4521 2233/3495/4220 2182/3498/4223 2091/3801/4522
s 51
f 2185/3446/4171 2184/3445/4170 1967/3435/4160 2000/3438/4163
s 45
f 2879/3341/4523 2882/3344/4065 2881/3343/4064 2880/3342/4524
s 1
f 1901/3433/4158 2187/3440/4165 2186/3439/4164 1999/3434/4159
f 2689/3538/4265 2690/3541/4268 2212/3544/4271 2213/3539/4266
f 2189/3194/3899 2495/3193/3898 2496/3073/3778 2112/3076/3781
f 2190/3189/3894 2189/3194/3899 2112/3076/3781 1900/3080/3785
f 1900/3080/3785 1899/3079/3784 2191/3185/3890 2190/3189/3894
f 1899/3079/3784 1938/3102/3807 2192/3186/3891 2191/3185/3890
f 2194/3184/3889 2193/3183/3888 1923/3065/3770 1898/3068/3773
s off
f 2560/3802/4525 2559/3803/4526 2561/3804/4527 2562/3805/4528
s 2
f 2196/3644/4371 2195/3643/4370 2033/3629/4356 2050/3632/4359
f 2197/3696/3882 2196/3644/4371 2050/3632/4359 2079/3690/3821
f 2079/3116/3821 2432/3115/3820 2433/3178/3883 2197/3177/3882
f 2075/3096/3801 2151/3095/3800 2199/3174/3879 2198/3173/3878
f 2200/3741/4457 2199/3174/3879 2151/3095/3800 2071/3744/4460
f 2071/3744/4460 2130/3069/3774 2201/3198/3903 2200/3741/4457
f 2462/3072/3777 2463/3195/3900 2201/3198/3903 2130/3069/3774
f 2230/3490/4215 2231/3494/4219 2202/3493/4218 2070/3487/4212
s 1
f 2011/3806/4529 2029/3807/4530 2205/3562/4289 2204/3563/4290
f 2206/3560/4287 2205/3562/4289 2029/3807/4530 2028/3808/4531
f 2207/3558/4285 2206/3560/4287 2028/3808/4531 2027/3809/4532
f 2208/3555/4282 2207/3558/4285 2027/3809/4532 2026/3810/4533
f 2209/3556/4283 2208/3555/4282 2026/3810/4533 2025/3811/4534
f 2402/3551/4278 2403/3812/4535 2024/3813/4536 2210/3552/4279
f 2211/3548/4275 2380/3547/4274 2381/3814/4537 2023/3815/4538
f 2212/3544/4271 2358/3543/4270 2359/3816/4539 2022/3817/4540
f 2213/3539/4266 2212/3544/4271 2022/3817/4540 2188/3818/4541
f 2348/3819/4542 2349/3540/4267 2213/3539/4266 2188/3818/4541
f 2215/3535/4262 2214/3778/4500 2021/3820/4543 2168/3821/4544
f 2216/3536/4263 2215/3535/4262 2168/3821/4544 2020/3822/4545
f 2217/3532/4259 2314/3531/4258 2315/3823/4546 2019/3824/4547
f 2218/3528/4255 2292/3527/4254 2293/3825/4548 2018/3826/4549
f 2219/3521/4251 2724/3524/4250 2725/3827/4550 2017/3828/4551
f 2017/3828/4552 2016/3829/4553 2220/3520/4245 2219/3521/4246
f 2221/3518/4243 2220/3520/4245 2016/3829/4553 2015/3830/4554
f 2222/3516/4241 2221/3518/4243 2015/3830/4554 2014/3831/4555
f 2223/3513/4238 2222/3516/4241 2014/3831/4555 2013/3832/4556
f 2224/3514/4239 2223/3513/4238 2013/3832/4556 2012/3833/4557
s 77
f 2226/3681/4408 2225/3680/4407 2045/3834/4558 2062/3835/4559
s 81
f 2227/3714/4427 2226/3681/4426 2062/3835/4560 2100/3836/4561
s 2
f 2418/3480/4205 2419/3837/4562 2101/3838/4563 2228/3481/4206
f 2229/3486/4211 2396/3485/4210 2397/3839/4564 2102/3840/4565
f 2230/3490/4215 2374/3489/4214 2375/3841/4566 2103/3842/4567
f 2203/3843/4568 2231/3494/4219 2230/3490/4215 2103/3842/4567
f 2332/3844/4569 2333/3491/4216 2231/3494/4219 2203/3843/4568
f 2183/3845/4570 2233/3495/4220 2232/3800/4521 2104/3846/4571
f 2105/3847/4572 2234/3496/4221 2233/3495/4220 2183/3845/4570
f 2106/3848/4573 2235/3501/4226 2330/3500/4225 2331/3849/4574
f 2107/3850/4575 2236/3505/4230 2308/3504/4229 2309/3851/4576
f 2237/3510/4235 2747/3509/4234 2748/3852/4577 2108/3853/4578
s 82
f 2063/3854/4579 2238/3683/4430 2237/3716/4429 2108/3855/4580
s 78
f 2046/3856/4581 2239/3684/4411 2238/3683/4410 2063/3854/4582
s off
f 2247/3857/4583 2248/3858/4584 2249/3859/4585 2673/3860/4586
f 2646/3861/4587 2702/3862/4588 2642/3863/4589 2643/3864/4590
f 1957/3383/4591 1979/3386/4592 2242/3865/4593 2241/3866/4594
f 2853/3315/4595 2852/3314/4596 2903/3867/4597 2904/3868/4598
f 1978/3869/4599 1875/3870/4600 2240/3871/4601 2243/3872/4602
f 2046/3873/4603 1957/3383/4604 2241/3866/4605 2244/3874/4606
s 84
f 2674/3875/4607 2675/3876/4608 2224/3877/4609 2245/3878/4610
s off
f 2224/3879/4611 2239/3880/4612 2246/3881/4613 2245/3882/4614
f 2239/3883/4615 2046/3873/4616 2244/3874/4617 2246/3884/4618
f 2244/3874/4619 2241/3866/4620 2248/3885/4621 2247/3886/4622
f 2241/3887/4623 2240/3888/4624 2249/3889/4625 2248/3890/4626
s 85
f 2673/3891/4627 2674/3875/4628 2245/3878/4629 2250/3892/4630
s off
f 2245/3882/4631 2246/3881/4632 2251/3893/4633 2250/3894/4634
f 2246/3884/4635 2244/3874/4636 2247/3886/4637 2251/3895/4638
s 86
f 2480/3896/4639 2481/3897/4640 2122/3898/4641 2253/3899/4642
s 87
f 2123/3900/4643 2474/3901/4644 2475/3902/4645 2254/3903/4646
s off
f 2239/3904/4647 2224/3905/4648 2257/3906/4649 2256/3907/4650
f 2224/3908/4651 2012/3909/4652 2252/3910/4653 2257/3911/4654
f 2044/3912/4655 2239/3913/4656 2256/3914/4657 2255/3915/4658
f 2122/3898/4659 1883/3916/4660 2258/3917/4661 2253/3899/4662
f 1883/3918/4663 2042/3919/4664 2259/3920/4665 2258/3921/4666
f 2042/3922/4667 2123/3900/4668 2254/3903/4669 2259/3923/4670
s 88
f 2479/3924/4671 2480/3896/4672 2253/3899/4673 2261/3925/4674
s 89
f 2254/3903/4675 2475/3902/4676 2476/3926/4677 2262/3927/4678
s off
f 2255/3928/4679 2252/3929/4680 2260/3930/4681 2263/3931/4682
f 2253/3899/4683 2258/3917/4684 2264/3932/4685 2261/3925/4686
f 2258/3921/4687 2259/3920/4688 2265/3933/4689 2264/3934/4690
f 2259/3923/4691 2254/3903/4692 2262/3927/4693 2265/3935/4694
s 90
f 2478/3936/4695 2479/3924/4696 2261/3925/4697 2267/3937/4698
s off
f 2261/3938/4699 2262/3939/4700 2268/3940/4701 2267/3941/4702
s 91
f 2262/3927/4703 2476/3926/4704 2477/3942/4705 2268/3943/4706
s off
f 2263/3931/4707 2260/3930/4708 2266/3944/4709 2269/3945/4710
f 2159/3946/4711 1888/3947/4712 2272/3948/4713 2271/3949/4714
f 2041/3950/4715 2158/3951/4716 2270/3952/4717 2273/3953/4718
f 2657/3954/4719 2449/3955/4720 1877/3956/4721 2658/3957/4722
s 92
f 1877/3958/4723 2043/3959/4724 2275/3960/4725 2274/3961/4726
s 93
f 2043/3962/4727 2444/3963/4728 2445/3964/4729 2275/3965/4730
s off
f 2654/3966/4731 2653/3967/4732 2655/3968/4733 2656/3969/4734
f 2158/3951/4735 2042/3970/4736 2277/3971/4737 2270/3952/4738
s 94
f 2042/3972/4739 1883/3973/4740 2276/3974/4741 2277/3975/4742
s off
f 2270/3976/4743 2271/3977/4744 2279/3978/4745 2278/3979/4746
f 2271/3949/4747 2272/3948/4748 2280/3980/4749 2279/3981/4750
f 2273/3953/4751 2270/3952/4752 2278/3982/4753 2281/3983/4754
f 2659/3984/4755 2657/3954/4756 2658/3957/4757 2660/3985/4758
s 92
f 2274/3961/4726 2275/3960/4759 2283/3986/4760 2282/3987/4761
s 96
f 2275/3965/4762 2445/3964/4763 2446/3988/4764 2283/3989/4765
s off
f 2278/3979/4766 2279/3978/4767 2285/3990/4768 2284/3991/4769
f 2279/3981/4770 2280/3980/4771 2286/3992/4772 2285/3993/4773
f 2280/3994/4774 2281/3995/4775 2287/3996/4776 2286/3997/4777
f 2281/3983/4778 2278/3982/4779 2284/3998/4780 2287/3999/4781
s 54
f 2289/3469/4194 2288/3468/4193 1970/4000/4184 2006/4001/4187
s 48
f 2891/3353/4782 2894/3356/4077 2893/3355/4076 2892/3354/4783
s 1
f 1892/3457/4182 2291/3464/4189 2290/3463/4188 2005/3458/4183
f 2682/3526/4253 2683/3529/4256 2217/3532/4259 2292/3527/4254
f 2293/3825/4548 2292/3527/4254 2217/3532/4259 2019/3824/4547
f 2294/3129/3834 2488/3128/3833 2489/3045/3750 2115/3048/3753
f 2295/3126/3831 2294/3129/3834 2115/3048/3753 1891/3082/3787
f 2296/3121/3826 2295/3126/3831 1891/3082/3787 1890/3081/3786
f 1941/3104/3809 2297/3122/3827 2296/3121/3826 1890/3081/3786
f 2299/3145/3850 2298/3144/3849 1920/3053/3758 1893/3056/3761
s off
f 2521/4002/4784 2519/4003/4785 2523/4004/4786 2524/4005/4787
s 2
f 2301/3635/4362 2300/3634/4361 2031/3625/4352 2048/3628/4355
f 2302/3691/3844 2301/3635/4362 2048/3628/4355 2077/3688/3817
f 2077/3112/3817 2439/3111/3816 2440/3140/3845 2302/3139/3844
f 2154/3091/3796 2304/3136/3841 2303/3135/3840 2072/3092/3797
f 2305/3735/4451 2304/3136/3841 2154/3091/3796 2066/3738/4454
f 2127/3052/3757 2306/3131/3836 2305/3735/4451 2066/3738/4454
f 2469/3051/3756 2470/3132/3837 2306/3131/3836 2127/3052/3757
f 2235/3501/4226 2308/3504/4229 2307/3503/4228 2065/3502/4227
f 2309/3851/4576 2308/3504/4229 2235/3501/4226 2106/3848/4573
s 54
f 2311/3461/4186 2310/3460/4185 1969/3451/4176 2004/3454/4179
s 47
f 2887/3349/4788 2890/3352/4073 2889/3351/4072 2888/3350/4789
s 1
f 1903/3449/4174 2313/3456/4181 2312/3455/4180 2003/3450/4175
f 2684/3530/4257 2685/3533/4260 2216/3536/4263 2314/3531/4258
f 2315/3823/4546 2314/3531/4258 2216/3536/4263 2020/3822/4545
f 2316/3047/3752 2490/3046/3751 2491/3215/3920 2114/3218/3923
f 2317/3083/3788 2316/3047/3752 2114/3218/3923 1904/3220/3925
f 2318/3084/3789 2317/3083/3788 1904/3220/3925 1905/3219/3924
f 1940/3224/3929 2319/3103/3808 2318/3084/3789 1905/3219/3924
f 2321/3055/3760 2320/3054/3759 1921/3199/3904 1902/3202/3907
s off
f 2542/4006/4790 2541/4007/4791 2538/4008/4792 2540/4009/4793
s 2
f 2323/3627/4354 2322/3626/4353 2030/3645/4372 2047/3648/4375
f 2324/3687/3814 2323/3627/4354 2047/3648/4375 2076/3698/3911
f 2076/3206/3911 2437/3205/3910 2438/3110/3815 2324/3109/3814
f 2153/3209/3914 2326/3090/3795 2325/3089/3794 2073/3210/3915
f 2327/3737/4453 2326/3090/3795 2153/3209/3914 2067/3740/4456
f 2128/3214/3919 2328/3049/3754 2327/3737/4453 2067/3740/4456
f 2467/3213/3918 2468/3050/3755 2328/3049/3754 2128/3214/3919
f 2234/3496/4221 2330/3500/4225 2329/3499/4224 2064/3497/4222
f 2331/3849/4574 2330/3500/4225 2234/3496/4221 2105/3847/4572
f 2232/3800/4521 2333/3491/4216 2332/3844/4569 2104/3846/4571
f 2091/3801/4522 2334/3492/4217 2333/3491/4216 2232/3800/4521
f 2129/3798/4519 2335/3197/3902 2464/3196/3901 2465/3799/4520
f 2336/3742/4458 2335/3197/3902 2129/3798/4519 2088/3797/4518
f 2152/3795/4516 2337/3175/3880 2336/3742/4458 2088/3797/4518
f 2338/3176/3881 2337/3175/3880 2152/3795/4516 2089/3796/4517
f 2339/3180/3885 2434/3179/3884 2435/3794/4515 2090/3793/4514
f 2053/4010/4513 2340/3641/4368 2339/3695/3885 2090/4011/4514
f 2036/4012/4512 2341/3642/4369 2340/3641/4368 2053/4010/4513
s off
f 2563/4013/4794 2558/4014/4795 2557/4015/4796 2564/4016/4797
s 1
f 1922/4017/4506 2343/3182/3887 2342/3181/3886 1878/4018/4507
f 2345/3188/3893 2344/3187/3892 1939/4019/4505 1886/4020/4504
f 2346/3190/3895 2345/3188/3893 1886/4020/4504 1881/4021/4503
f 2113/4022/4502 2347/3191/3896 2346/3190/3895 1881/4021/4503
f 2493/4023/4501 2494/3192/3897 2347/3191/3896 2113/4022/4502
f 2214/4024/4500 2349/3540/4267 2348/3819/4542 2021/4025/4543
f 2687/4026/4499 2688/3537/4264 2349/3540/4267 2214/4024/4500
f 2351/3442/4167 2350/3441/4166 1879/4027/4497 2001/4028/4798
s 45
f 2884/3346/4067 2883/3345/4066 2901/3773/4799 2902/3774/4800
s 51
f 1968/3771/4801 2353/3444/4169 2352/3443/4168 2002/3772/4802
f 2355/3437/4162 2354/3436/4161 1966/4029/4152 1998/4030/4155
s 44
f 2875/3337/4803 2878/3340/4061 2877/3339/4060 2876/3338/4804
s 1
f 1895/3425/4150 2357/3432/4157 2356/3431/4156 1997/3426/4151
f 2691/3542/4269 2692/3545/4272 2211/3548/4275 2358/3543/4270
f 2359/3816/4539 2358/3543/4270 2211/3548/4275 2023/3815/4538
f 2360/3075/3780 2497/3074/3779 2498/3163/3868 2111/3166/3871
f 2361/3077/3782 2360/3075/3780 2111/3166/3871 1896/3170/3875
f 1896/3170/3875 1897/3169/3874 2362/3078/3783 2361/3077/3782
f 1897/3169/3874 1937/3172/3877 2363/3101/3806 2362/3078/3783
f 2365/3067/3772 2364/3066/3771 1924/3147/3852 1894/3150/3855
s off
f 2587/4031/4805 2586/4032/4806 2583/4033/4807 2585/4034/4808
s 2
f 2367/3631/4358 2366/3630/4357 2032/3637/4364 2049/3640/4367
f 2368/3689/3818 2367/3631/4358 2049/3640/4367 2078/3694/3859
f 2078/3154/3859 2430/3153/3858 2431/3114/3819 2368/3113/3818
f 2074/3158/3863 2150/3157/3862 2370/3094/3799 2369/3093/3798
f 2371/3743/4459 2370/3094/3799 2150/3157/3862 2068/3746/4462
f 2068/3746/4462 2131/3159/3864 2372/3070/3775 2371/3743/4459
f 2460/3162/3867 2461/3071/3776 2372/3070/3775 2131/3159/3864
f 2374/3489/4214 2373/3488/4213 2069/3483/4208 2229/3486/4211
f 2375/3841/4566 2374/3489/4214 2229/3486/4211 2102/3840/4565
s 51
f 2377/3429/4154 2376/3428/4153 1965/3415/4140 1995/3418/4143
s 43
f 2869/3331/4809 2874/3336/4057 2873/3335/4056 2870/3332/4810
s 1
f 1907/3413/4138 2379/3424/4149 2378/3423/4148 1994/3414/4139
f 2693/3546/4273 2694/3549/4276 2210/3552/4279 2380/3547/4274
f 2381/3814/4537 2380/3547/4274 2210/3552/4279 2024/3813/4536
f 2382/3165/3870 2499/3164/3869 2500/3241/3946 2110/3244/3949
f 2383/3167/3872 2382/3165/3870 2110/3244/3949 1908/3248/3953
f 1908/3248/3953 1909/3247/3952 2384/3168/3873 2383/3167/3872
f 1909/3247/3952 1936/3250/3955 2385/3171/3876 2384/3168/3873
f 2387/3149/3854 2386/3148/3853 1925/3228/3933 1906/3227/3932
s off
f 2578/4035/4811 2576/4036/4812 2580/4037/4813 2581/4038/4814
s 2
f 2389/3639/4366 2388/3638/4365 2035/3649/4376 2052/3652/4379
f 2390/3693/3856 2389/3639/4366 2052/3652/4379 2084/3700/3937
f 2084/3232/3937 2428/3231/3936 2429/3152/3857 2390/3151/3856
f 2085/3236/3941 2149/3235/3940 2392/3156/3861 2391/3155/3860
f 2393/3745/4461 2392/3156/3861 2149/3235/3940 2086/3748/4464
f 2086/3748/4464 2132/3240/3945 2394/3160/3865 2393/3745/4461
f 2458/3239/3944 2459/3161/3866 2394/3160/3865 2132/3240/3945
f 2396/3485/4210 2395/3484/4209 2087/3482/4207 2228/3481/4206
f 2397/3839/4564 2396/3485/4210 2228/3481/4206 2101/3838/4563
s 51
f 2399/3417/4142 2398/3416/4141 1964/3421/4146 1996/3422/4147
s 42
f 2871/3333/4815 2868/3330/4049 2867/3329/4048 2872/3334/4816
s 1
f 1872/3419/4144 2401/3412/4137 2400/3411/4136 1993/3420/4145
f 2209/3556/4817 2402/3551/4278 2695/3550/4277 2696/3553/4818
f 2025/3811/4819 2403/3812/4535 2402/3551/4278 2209/3556/4817
f 2109/3307/4012 2404/3243/3948 2501/3242/3947 2502/3306/4820
f 1880/3305/4010 2405/3245/3950 2404/3243/3948 2109/3307/4012
f 1885/3296/4001 2406/3246/3951 2405/3245/3950 1880/3305/4010
f 1935/3287/3992 2407/3249/3954 2406/3246/3951 1885/3296/4001
f 1876/3117/3822 2409/3226/3931 2408/3225/3930 1926/3118/3823
s off
f 2601/4039/4821 2600/4040/4822 2602/4041/4823 2603/4042/4824
s 2
f 2411/3651/4378 2410/3650/4377 2038/3653/4380 2055/3656/4383
f 2412/3699/3934 2411/3651/4378 2055/3656/4383 2093/3702/4415
f 2426/4043/4414 2427/3230/3935 2412/3229/3934 2093/4044/4415
f 2148/4045/4416 2414/3234/3939 2413/3233/3938 2092/4046/4417
f 2094/4047/4466 2415/3747/4463 2414/3234/3939 2148/4045/4416
f 2133/4048/4418 2416/3237/3942 2415/3747/4463 2094/4047/4466
f 2456/4049/4825 2457/3238/3943 2416/3237/3942 2133/4048/4418
f 2227/4050/4826 2418/3480/4205 2417/3479/4204 2095/4051/4827
f 2100/4052/4828 2419/3837/4562 2418/3480/4205 2227/4050/4826
s 1
f 1929/3283/3988 2421/3279/3984 2420/3286/3991 1944/3289/3994
f 1927/3098/3803 2422/3119/3824 2421/3279/3984 1929/3283/3988
f 2423/3120/3825 2422/3119/3824 1927/3098/3803 1889/4053/4829
s off
f 2613/4054/4830 2612/4055/4831 2605/4056/4832 2607/4057/4833
s 2
f 2425/3655/4382 2424/3654/4381 2037/3657/4384 2054/3660/4387
f 2426/3701/4414 2425/3655/4382 2054/3660/4387 2092/3704/4417
f 2092/4046/4417 2413/3233/3938 2427/3230/3935 2426/4043/4414
f 2428/3231/3936 2427/3230/3935 2413/3233/3938 2085/3236/3941
f 2429/3152/3857 2428/3231/3936 2085/3236/3941 2391/3155/3860
f 2430/3153/3858 2429/3152/3857 2391/3155/3860 2074/3158/3863
f 2431/3114/3819 2430/3153/3858 2074/3158/3863 2369/3093/3798
f 2432/3115/3820 2431/3114/3819 2369/3093/3798 2075/3096/3801
f 2433/3178/3883 2432/3115/3820 2075/3096/3801 2198/3173/3878
f 2434/3179/3884 2433/3178/3883 2198/3173/3878 2338/3176/3881
f 2435/3794/4515 2434/3179/3884 2338/3176/3881 2089/3796/4517
f 2436/3204/3909 2435/3794/4515 2089/3796/4517 2178/3207/3912
f 2437/3205/3910 2436/3204/3909 2178/3207/3912 2073/3210/3915
f 2438/3110/3815 2437/3205/3910 2073/3210/3915 2325/3089/3794
f 2439/3111/3816 2438/3110/3815 2325/3089/3794 2072/3092/3797
f 2440/3140/3845 2439/3111/3816 2072/3092/3797 2303/3135/3840
f 2441/3141/3846 2440/3140/3845 2303/3135/3840 2082/3138/3843
f 2442/3257/3962 2740/3256/3961 2741/3252/3957 2096/3251/3956
f 2058/3668/4395 2443/3669/4396 2442/3709/3962 2096/3708/3956
f 2041/3667/4394 2444/3670/4397 2443/3669/4396 2058/3668/4395
s 93
f 2445/3964/4729 2444/3963/4728 2041/3950/4834 2273/3953/4835
s 96
f 2446/3988/4764 2445/3964/4763 2273/3953/4836 2281/3983/4837
s off
f 2280/4058/4838 2447/4059/4839 2446/4060/4840 2281/4061/4841
f 2272/3948/4842 2448/4062/4843 2447/4063/4844 2280/3980/4845
f 1888/3947/4846 2449/4064/4847 2448/4062/4848 2272/3948/4849
s 1
f 1917/3087/3792 2450/3106/3811 2449/3105/3810 1888/3088/3793
f 2451/4065/4850 2450/3106/3811 1917/3087/3792 1934/3278/3983
f 2452/3303/4008 2451/4065/4850 1934/3278/3983 1949/3295/4000
s off
f 2639/4066/4851 2638/4067/4852 2640/4068/4853 2641/4069/4854
s 2
f 2455/3664/4391 2454/3663/4390 2040/3679/4855 2057/3682/4856
f 2456/3706/4420 2455/3664/4419 2057/3682/4857 2095/3715/4858
f 2095/4051/4827 2417/3479/4204 2457/3238/3943 2456/4049/4825
f 2458/3239/3944 2457/3238/3943 2417/3479/4204 2087/3482/4207
f 2395/3484/4209 2459/3161/3866 2458/3239/3944 2087/3482/4207
f 2460/3162/3867 2459/3161/3866 2395/3484/4209 2069/3483/4208
f 2373/3488/4213 2461/3071/3776 2460/3162/3867 2069/3483/4208
f 2462/3072/3777 2461/3071/3776 2373/3488/4213 2070/3487/4212
f 2202/3493/4218 2463/3195/3900 2462/3072/3777 2070/3487/4212
f 2334/3492/4217 2464/3196/3901 2463/3195/3900 2202/3493/4218
f 2465/3799/4520 2464/3196/3901 2334/3492/4217 2091/3801/4522
f 2091/3801/4522 2182/3498/4223 2466/3212/3917 2465/3799/4520
f 2467/3213/3918 2466/3212/3917 2182/3498/4223 2064/3497/4222
f 2064/3497/4222 2329/3499/4224 2468/3050/3755 2467/3213/3918
f 2469/3051/3756 2468/3050/3755 2329/3499/4224 2065/3502/4227
f 2065/3502/4227 2307/3503/4228 2470/3132/3837 2469/3051/3756
f 2471/3133/3838 2470/3132/3837 2307/3503/4228 2080/3506/4231
f 2472/3274/3979 2745/3273/3978 2746/3508/4233 2099/3507/4232
s 80
f 2061/3686/4859 2473/3675/4422 2472/3712/4421 2099/3717/4860
s 76
f 2044/3685/4861 2474/3676/4403 2473/3675/4402 2061/3686/4862
s 87
f 2475/3902/4645 2474/3901/4644 2044/3912/4863 2255/3915/4864
s 89
f 2476/3926/4677 2475/3902/4676 2255/3915/4865 2263/4070/4866
s 91
f 2477/3942/4705 2476/3926/4704 2263/4070/4867 2269/4071/4868
s off
f 2507/4072/4869 2508/4073/4870 2509/4074/4871 2510/4075/4872
s 90
f 2260/4076/4873 2479/3924/4696 2478/3936/4695 2266/4077/4874
s 88
f 2252/3910/4875 2480/3896/4672 2479/3924/4671 2260/4076/4876
s 86
f 2012/3909/4877 2481/3897/4640 2480/3896/4639 2252/3910/4878
s 1
f 2012/3833/4557 2013/3832/4556 2482/3058/3763 2481/3057/3762
s 97
f 2013/3832/4879 2663/4078/4880 2664/4079/4881 2482/3058/4882
f 2663/4078/4880 2665/4080/4883 2666/4081/4884 2664/4079/4881
f 2665/4080/4883 2667/4082/4885 2668/4083/4886 2666/4081/4884
f 2669/4084/4887 2668/4083/4886 2667/4082/4885 2670/4085/4888
s 98
f 2670/4085/4889 2726/4086/4890 2727/4087/4891 2669/4084/4892
s 1
f 2018/3826/4549 2293/3825/4548 2488/3128/3833 2487/3127/3832
f 2489/3045/3750 2488/3128/3833 2293/3825/4548 2019/3824/4547
f 2019/3824/4547 2315/3823/4546 2490/3046/3751 2489/3045/3750
f 2491/3215/3920 2490/3046/3751 2315/3823/4546 2020/3822/4545
f 2020/3822/4545 2168/3821/4544 2492/3216/3921 2491/3215/3920
f 2493/3779/4501 2492/3216/3921 2168/3821/4544 2021/3820/4543
f 2021/4025/4543 2348/3819/4542 2494/3192/3897 2493/4023/4501
f 2495/3193/3898 2494/3192/3897 2348/3819/4542 2188/3818/4541
f 2496/3073/3778 2495/3193/3898 2188/3818/4541 2022/3817/4540
f 2022/3817/4540 2359/3816/4539 2497/3074/3779 2496/3073/3778
f 2498/3163/3868 2497/3074/3779 2359/3816/4539 2023/3815/4538
f 2023/3815/4538 2381/3814/4537 2499/3164/3869 2498/3163/3868
f 2500/3241/3946 2499/3164/3869 2381/3814/4537 2024/3813/4536
f 2403/3812/4535 2501/3242/3947 2500/3241/3946 2024/3813/4536
f 2502/3306/4820 2501/3242/3947 2403/3812/4535 2025/3811/4819
f 2025/3811/4534 2026/3810/4533 2503/3298/4003 2502/3306/4011
f 2026/3810/4533 2027/3809/4532 2504/3290/3995 2503/3298/4003
f 2027/3809/4532 2028/3808/4531 2505/3284/3989 2504/3290/3995
f 2028/3808/4531 2029/3807/4530 2506/3063/3768 2505/3284/3989
f 2453/3064/3769 2506/3063/3768 2029/3807/4530 2011/3806/4529
s off
f 2266/4077/4893 2478/3936/4894 2508/4088/4895 2507/4089/4896
f 2478/4090/4897 2477/4091/4898 2509/4092/4899 2508/4093/4900
f 2477/3942/4901 2269/4071/4902 2510/4094/4903 2509/4095/4904
f 2269/3945/4905 2266/3944/4906 2507/4096/4907 2510/4097/4908
s 1
f 1910/4098/3851 2299/4099/3850 2511/4100/4909 2512/4101/4910
s off
f 2300/4102/4911 2034/4103/4912 2514/4104/4913 2513/4105/4914
s 1
f 1877/4106/3813 2734/4107/3965 2735/4108/4915 2515/4109/4916
s 99
f 2736/4110/4917 2737/4111/4918 2043/4112/4919 2516/4113/4920
s off
f 2043/4112/4921 1877/4114/4922 2515/4115/4923 2516/4113/4924
s 1
f 2299/4099/3850 1893/4116/3761 2517/4117/4925 2511/4100/4926
s off
f 1893/4116/4927 2031/4118/4928 2518/4119/4929 2517/4117/4930
f 2031/4120/4931 2300/4102/4932 2513/4105/4933 2518/4121/4934
s 100
f 2512/4101/4935 2511/4100/4936 2519/4122/4937 2520/4123/4938
s 101
f 2513/4105/4939 2514/4104/4940 2522/4124/4941 2521/4125/4942
s 102
f 2514/4126/4943 2512/4101/4944 2520/4123/4945 2522/4127/4946
s off
f 2511/4100/4947 2517/4117/4948 2523/4128/4949 2519/4122/4950
f 2517/4117/4951 2518/4119/4952 2524/4129/4953 2523/4128/4954
f 2518/4121/4955 2513/4105/4956 2521/4125/4957 2524/4130/4958
s 100
f 2520/4123/4938 2519/4122/4937 2525/4131/4959 2526/4132/4960
s off
f 2519/4122/4961 2521/4133/4962 2527/4134/4963 2525/4131/4964
s 101
f 2521/4125/4942 2522/4124/4941 2528/4135/4965 2527/4136/4966
s 102
f 2522/4124/4946 2520/4137/4945 2526/4138/4967 2528/4135/4968
s 1
f 1893/4139/3761 2321/4140/3760 2529/4141/4969 2530/4142/4970
s 2
f 2322/4143/4353 2031/4144/4352 2532/4145/4971 2531/4146/4972
s off
f 2031/4144/4973 1893/4147/4974 2530/4148/4975 2532/4145/4976
s 1
f 1902/4149/3907 2174/4150/3906 2533/4151/4977 2534/4152/4978
s off
f 2174/4153/4979 2175/4154/4980 2535/4155/4981 2533/4156/4982
s 2
f 2175/4157/4373 2030/4158/4372 2536/4159/4983 2535/4160/4984
s 1
f 2321/4140/3760 1902/4149/3907 2534/4152/4978 2529/4141/4969
s 2
f 2030/4158/4372 2322/4143/4353 2531/4146/4972 2536/4159/4983
s off
f 2534/4152/4985 2533/4151/4986 2537/4161/4987 2538/4162/4988
f 2533/4156/4989 2535/4155/4990 2539/4163/4991 2537/4164/4992
f 2535/4160/4993 2536/4159/4994 2540/4165/4995 2539/4166/4996
f 2531/4167/4997 2529/4168/4998 2541/4169/4999 2542/4170/5000
f 2529/4141/5001 2534/4152/5002 2538/4162/5003 2541/4171/5004
f 2536/4159/5005 2531/4146/5006 2542/4172/5007 2540/4165/5008
f 2538/4162/5009 2537/4161/5010 2543/4173/5011 2544/4174/5012
f 2537/4164/5013 2539/4163/5014 2545/4175/5015 2543/4176/5016
f 2539/4166/5017 2540/4165/5018 2546/4177/5019 2545/4178/5020
f 2540/4179/5021 2538/4180/5022 2544/4181/5023 2546/4182/5024
f 2342/4183/5025 2194/4184/5026 2549/4185/5027 2548/4186/5028
f 2195/4187/5029 2341/4188/5030 2547/4189/5031 2550/4190/5032
f 2175/4191/5033 2174/4192/5034 2551/4193/5035 2552/4194/5036
f 2174/4195/5037 1878/4196/5038 2553/4197/5039 2551/4198/5040
f 2036/4199/5041 2175/4200/5042 2552/4201/5043 2554/4202/5044
f 2194/4184/5045 1898/4203/5046 2555/4204/5047 2549/4185/5048
f 1898/4205/5049 2033/4206/5050 2556/4207/5051 2555/4208/5052
f 2033/4209/5053 2195/4187/5054 2550/4190/5055 2556/4210/5056
f 1878/4196/5057 2342/4183/5058 2548/4186/5059 2553/4197/5060
f 2341/4188/5061 2036/4199/5062 2554/4202/5063 2547/4189/5064
f 2548/4186/5065 2549/4185/5066 2559/4211/5067 2558/4212/5068
f 2550/4190/5069 2547/4189/5070 2557/4213/5071 2560/4214/5072
f 2549/4185/5073 2555/4204/5074 2561/4215/5075 2559/4211/5076
f 2555/4208/5077 2556/4207/5078 2562/4216/5079 2561/4217/5080
f 2556/4210/5081 2550/4190/5082 2560/4214/5083 2562/4218/5084
f 2553/4197/5085 2548/4186/5086 2558/4212/5087 2563/4219/5088
f 2547/4189/5089 2554/4202/5090 2564/4220/5091 2557/4213/5092
f 2554/4221/5093 2553/4222/5094 2563/4223/5095 2564/4224/5096
f 2557/4225/5097 2558/4226/5098 2566/4227/5099 2565/4228/5100
f 2558/4212/5101 2559/4211/5102 2567/4229/5103 2566/4230/5104
f 2559/4231/5105 2560/4232/5106 2568/4233/5107 2567/4234/5108
f 2560/4214/5109 2557/4213/5110 2565/4235/5111 2568/4236/5112
s 103
f 2446/4237/5113 2447/4238/5114 2570/4239/5115 2569/4240/5116
s off
f 2659/3984/5117 2660/3985/5118 2661/4241/5119 2662/4242/5120
s 92
f 2282/3987/4761 2283/3986/5121 2572/4243/5122 2571/4244/5123
s off
f 2283/3989/5124 2446/3988/5125 2569/4245/5126 2572/4246/5127
f 1898/4247/5128 2365/4248/5129 2573/4249/5130 2574/4250/5131
f 2366/4251/5132 2033/4252/5133 2556/4253/5134 2575/4254/5135
f 2033/4255/5136 1898/4256/5137 2574/4257/5138 2556/4258/5139
f 1894/4259/5140 2387/4260/5141 2576/4261/5142 2577/4262/5143
f 2388/4263/5144 2032/4264/5145 2579/4265/5146 2578/4266/5147
f 2365/4248/5148 1894/4259/5149 2577/4262/5150 2573/4249/5151
f 2032/4264/5152 2366/4251/5153 2575/4254/5154 2579/4265/5155
f 2387/4260/5156 1906/4267/5157 2580/4268/5158 2576/4261/5159
f 1906/4269/5160 2035/4270/5161 2581/4271/5162 2580/4272/5163
f 2035/4270/5164 2388/4263/5165 2578/4266/5166 2581/4271/5167
f 2577/4262/5168 2576/4261/5169 2582/4273/5170 2583/4274/5171
f 2576/4275/5172 2578/4266/5173 2584/4276/5174 2582/4277/5175
f 2578/4266/5176 2579/4265/5177 2585/4278/5178 2584/4276/5179
f 2575/4279/5180 2573/4280/5181 2586/4281/5182 2587/4282/5183
f 2573/4249/5184 2577/4262/5185 2583/4274/5186 2586/4283/5187
f 2579/4265/5188 2575/4254/5189 2587/4284/5190 2585/4278/5191
f 2583/4274/5192 2582/4273/5193 2588/4285/5194 2589/4286/5195
f 2582/4277/5196 2584/4276/5197 2590/4287/5198 2588/4288/5199
f 2584/4276/5200 2585/4278/5201 2591/4289/5202 2590/4287/5203
f 2585/4290/5204 2583/4274/5205 2589/4286/5206 2591/4291/5207
f 1906/4292/5208 2409/4293/5209 2592/4294/5210 2593/4295/5211
f 2410/4296/5212 2035/4297/5213 2595/4298/5214 2594/4299/5215
f 2035/4297/5216 1906/4300/5217 2593/4301/5218 2595/4298/5219
f 1876/4302/5220 2423/4303/5221 2596/4304/5222 2597/4305/5223
f 2423/4306/5224 2424/4307/5225 2598/4308/5226 2596/4309/5227
f 2424/4310/5228 2038/4311/5229 2599/4312/5230 2598/4313/5231
f 2409/4293/5232 1876/4302/5233 2597/4305/5234 2592/4294/5235
f 2038/4311/5236 2410/4296/5237 2594/4299/5238 2599/4312/5239
f 2594/4314/5240 2592/4315/5241 2600/4316/5242 2601/4317/5243
f 2592/4294/5244 2597/4305/5245 2602/4318/5246 2600/4319/5247
f 2597/4320/5248 2599/4321/5249 2603/4322/5250 2602/4323/5251
f 2599/4312/5252 2594/4299/5253 2601/4324/5254 2603/4325/5255
s 1
f 2711/4326/3802 2712/4327/3805 2713/4328/5256 2714/4329/5257
s 2
f 2146/4330/4385 2037/4331/4384 2607/4332/5258 2606/4333/5259
s 1
f 1884/4334/4472 2136/4335/3766 2608/4336/5260 2609/4337/5261
s off
f 2136/4338/5262 2135/4339/5263 2610/4340/5264 2608/4341/5265
s 2
f 2135/4342/4389 2039/4343/4467 2611/4344/5266 2610/4345/5267
s 1
f 2145/4346/4476 1884/4334/4472 2609/4337/5261 2604/4347/5268
s 2
f 2039/4343/4467 2146/4330/4385 2606/4333/5259 2611/4344/5266
s off
f 2424/4348/5269 2423/4349/5270 2612/4350/5271 2613/4351/5272
s 1
f 2423/4352/3825 1889/4353/4829 2605/4354/5273 2612/4355/5274
s 2
f 2037/4331/4384 2424/4356/4381 2613/4357/5275 2607/4332/5258
s off
f 2714/4329/5276 2713/4328/5277 2715/4358/5278 2716/4359/5279
f 2606/4333/5280 2607/4332/5281 2617/4360/5282 2616/4361/5283
s 1
f 2607/4362/5284 2605/4363/5285 2615/4364/5286 2617/4365/5287
s off
f 2604/4347/5288 2609/4337/5289 2618/4366/5290 2614/4367/5291
f 2609/4368/5292 2611/4369/5293 2619/4370/5294 2618/4371/5295
f 2611/4344/5296 2606/4333/5297 2616/4361/5298 2619/4372/5299
f 2716/4359/5300 2715/4358/5301 2717/4373/5302 2718/4374/5303
s 1
f 2614/4375/5304 2616/4376/5305 2622/4377/5306 2620/4378/5307
s off
f 2616/4361/5308 2617/4360/5309 2623/4379/5310 2622/4380/5311
s 1
f 2617/4365/5312 2615/4364/5286 2621/4381/5313 2623/4382/5314
s off
f 2135/4383/5315 2136/4384/5316 2625/4385/5317 2624/4386/5318
f 2136/4387/5319 2453/4388/5320 2626/4389/5321 2625/4390/5322
f 2454/4391/5323 2135/4392/5324 2624/4393/5325 2627/4394/5326
s 108
f 2204/4395/5327 2225/4396/5328 2629/4397/5329 2628/4398/5330
s 109
f 2225/4399/5331 2040/4400/5332 2630/4401/5333 2629/4402/5334
s 110
f 2011/4403/5335 2204/4404/5336 2628/4405/5337 2631/4406/5338
f 2453/4388/5339 2011/4403/5340 2631/4406/5338 2626/4389/5341
s 109
f 2040/4400/5342 2454/4391/5343 2627/4394/5344 2630/4401/5333
s 108
f 2628/4398/5330 2629/4397/5329 2633/4407/5345 2632/4408/5346
s 109
f 2629/4402/5334 2630/4401/5333 2634/4409/5347 2633/4410/5348
s 110
f 2631/4406/5338 2628/4405/5337 2632/4411/5349 2635/4412/5350
s off
f 2627/4413/5351 2626/4414/5352 2636/4415/5353 2637/4416/5354
s 110
f 2626/4389/5341 2631/4406/5338 2635/4412/5350 2636/4417/5355
s 109
f 2630/4401/5333 2627/4394/5344 2637/4418/5356 2634/4409/5347
s off
f 2637/4416/5357 2636/4415/5358 2638/4419/5359 2639/4420/5360
f 2636/4417/5361 2635/4412/5362 2640/4421/5363 2638/4422/5364
f 2635/4423/5365 2634/4424/5366 2641/4425/5367 2640/4426/5368
f 2634/4409/5369 2637/4418/5370 2639/4427/5371 2641/4428/5372
f 1874/4429/5373 1974/4430/5374 2644/4431/5375 2642/4432/5376
f 2848/3309/5377 2850/3312/5378 2905/4433/5379 2906/4434/5380
f 1976/3369/5381 1955/3368/5382 2643/4435/5383 2645/4436/5384
f 2045/4437/5385 2225/4438/5386 2647/4439/5387 2646/4440/5388
f 2225/4441/5389 2204/4442/5390 2648/4443/5391 2647/4444/5392
s 113
f 2204/4445/5393 2701/4446/5394 2702/4447/5395 2648/4448/5396
s off
f 1955/3368/5397 2045/4437/5398 2646/4440/5399 2643/4435/5400
f 2643/4449/5401 2642/4450/5402 2649/4451/5403 2650/4452/5404
f 2642/4432/5405 2644/4431/5406 2651/4453/5407 2649/4454/5408
f 2906/4434/5409 2905/4433/5410 2907/4455/5411 2908/4456/5412
f 2645/4436/5413 2643/4435/5414 2650/4457/5415 2652/4458/5416
s 114
f 2160/3086/5417 2159/3085/5418 2653/3769/5419
s 94
f 1883/3725/4740 1916/3724/5420 2654/3770/5421
s 114
f 2159/4459/5418 2271/4460/5422 2655/4461/5423 2653/4462/5419
s 83
f 2271/3766/4486 2276/3765/4485 2656/4463/5424 2655/4464/5425
s 94
f 2276/3974/4741 1883/3973/4740 2654/4465/5421 2656/4466/5426
s 103
f 2448/4467/5427 2449/4468/5428 2657/4469/5429
s 92
f 1877/3958/4723 2274/3961/4726 2658/4470/5430
s 103
f 2447/4238/5114 2448/4467/5427 2657/4469/5429 2659/4471/5431
s 92
f 2274/3961/4726 2282/3987/4761 2660/4472/5432 2658/4470/5430
f 2282/3987/4761 2571/4244/5123 2661/4473/5433 2660/4472/5432
s 64
f 2571/3611/4338 2570/3610/4337 2662/4474/5434 2661/4475/5435
s 103
f 2570/4239/5115 2447/4238/5114 2659/4471/5431 2662/4476/5436
s 116
f 2013/3832/5437 2014/3831/5438 2663/4078/5439
s 117
f 2483/3275/5440 2482/3058/5441 2664/4079/5442
s 116
f 2014/3831/5438 2015/3830/5443 2665/4080/5444 2663/4078/5439
s 117
f 2484/3292/5445 2483/3275/5440 2664/4079/5442 2666/4081/5446
s 116
f 2015/3830/5443 2016/3829/5447 2667/4082/5448 2665/4080/5444
s 117
f 2485/3300/5449 2484/3292/5445 2666/4081/5446 2668/4083/5450
f 2486/3267/5451 2485/3300/5449 2668/4083/5450 2669/4084/5452
s 116
f 2016/3829/5447 2017/3828/5453 2670/4085/5454 2667/4082/5448
f 2017/3828/5453 2725/3827/5455 2726/4086/5456 2670/4085/5454
s off
f 2018/3826/5457 2487/3127/5458 2672/4477/5459 2671/4478/5460
s 117
f 2727/4087/5461 2728/3268/5462 2486/3267/5451 2669/4084/5452
s 85
f 2240/3871/5463 2674/3875/4628 2673/3891/4627 2249/4479/5464
s 84
f 1875/3870/5465 2675/3876/4608 2674/3875/4607 2240/3871/5466
s 1
f 1915/3375/4100 2676/3512/4237 2675/3511/4236 1875/3376/4101
f 1932/3391/4116 2677/3515/4240 2676/3512/4237 1915/3375/4100
f 1947/3399/4124 2678/3517/4242 2677/3515/4240 1932/3391/4116
f 1952/3407/4132 2679/3519/4244 2678/3517/4242 1947/3399/4124
f 2680/3522/4247 2679/3519/4244 1952/3407/4132 1873/3473/4198
f 2722/3472/4197 2723/3523/4249 2680/3522/4248 1873/3473/4198
f 2291/3464/4189 2682/3526/4253 2681/3525/4252 1913/3465/4190
f 1892/3457/4182 2683/3529/4256 2682/3526/4253 2291/3464/4189
f 2313/3456/4181 2684/3530/4257 2683/3529/4256 1892/3457/4182
f 1903/3449/4174 2685/3533/4260 2684/3530/4257 2313/3456/4181
f 2167/3448/4173 2686/3534/4261 2685/3533/4260 1903/3449/4174
f 1879/3775/4497 2687/3777/4499 2686/3534/4261 2167/3448/4173
f 2350/3441/4166 2688/3537/4264 2687/4026/4499 1879/4027/4497
f 2187/3440/4165 2689/3538/4265 2688/3537/4264 2350/3441/4166
f 1901/3433/4158 2690/3541/4268 2689/3538/4265 2187/3440/4165
f 2357/3432/4157 2691/3542/4269 2690/3541/4268 1901/3433/4158
f 1895/3425/4150 2692/3545/4272 2691/3542/4269 2357/3432/4157
f 2379/3424/4149 2693/3546/4273 2692/3545/4272 1895/3425/4150
f 1907/3413/4138 2694/3549/4276 2693/3546/4273 2379/3424/4149
f 2401/3412/4137 2695/3550/4277 2694/3549/4276 1907/3413/4138
f 2696/3553/4818 2695/3550/4277 2401/3412/4137 1872/3419/4144
f 1951/3403/4128 2697/3554/4281 2696/3553/4280 1872/3419/4144
f 1946/3395/4120 2698/3557/4284 2697/3554/4281 1951/3403/4128
f 1931/3387/4112 2699/3559/4286 2698/3557/4284 1946/3395/4120
f 1914/3364/4089 2700/3561/4288 2699/3559/4286 1931/3387/4112
f 2701/3564/4291 2700/3561/4288 1914/3364/4089 1874/3363/4088
s 113
f 2702/4447/5395 2701/4446/5394 1874/4429/5467 2642/4432/5468
s off
f 2707/4480/5469 2708/4481/5470 2709/4482/5471 2710/4483/5472
f 2704/4484/5473 2703/4485/5474 2705/4486/5475 2706/4487/5476
f 2247/4488/5477 2673/4489/5478 2703/4490/5479 2704/4491/5480
f 2673/3891/5481 2250/3892/5482 2705/4492/5483 2703/4493/5484
f 2250/3894/5485 2251/3893/5486 2706/4494/5487 2705/4495/5488
f 2251/3895/5489 2247/3886/5490 2704/4496/5491 2706/4497/5492
f 2646/4440/5493 2647/4439/5494 2708/4498/5495 2707/4499/5496
f 2647/4444/5497 2648/4443/5498 2709/4500/5499 2708/4501/5500
f 2648/4448/5501 2702/4447/5502 2710/4502/5503 2709/4503/5504
f 2702/4504/5505 2646/4505/5506 2707/4506/5507 2710/4507/5508
s 1
f 1889/4508/4829 1927/4509/3803 2711/4510/3802
f 2144/4511/3804 2145/4512/4476 2712/4513/3805
f 2145/4514/4476 2604/4515/5509 2713/4516/5510 2712/4517/3805
f 2605/4363/5285 1889/4518/4829 2711/4519/3802 2714/4520/5511
f 2604/4515/5509 2614/4375/5304 2715/4521/5512 2713/4516/5510
f 2615/4364/5286 2605/4363/5285 2714/4520/5511 2716/4522/5513
f 2614/4375/5304 2620/4378/5307 2717/4523/5514 2715/4521/5512
s 63
f 2620/3598/4325 2621/3597/4324 2718/4524/5515 2717/4525/5516
s 1
f 2621/4381/5313 2615/4364/5286 2716/4522/5513 2718/4526/5517
s 54
f 2720/3477/4202 2719/3476/4201 1971/3467/4192 2008/3470/4195
s 49
f 2895/3357/5518 2898/3360/4081 2897/3359/4080 2896/3358/5519
s 1
f 1913/3465/4190 2722/3472/4197 2721/3471/4196 2007/3466/4191
f 1913/3465/4190 2681/3525/4252 2723/3523/4249 2722/3472/4197
f 2724/3524/4250 2723/3523/4249 2681/3525/4252 2218/3528/4255
f 2725/3827/4550 2724/3524/4250 2218/3528/4255 2018/3826/4549
s 116
f 2726/4086/5456 2725/3827/5455 2018/3826/5520 2671/4478/5521
s 98
f 2727/4087/4891 2726/4086/4890 2671/4478/5522 2672/4477/5523
s 117
f 2487/3127/5524 2728/3268/5462 2727/4087/5461 2672/4477/5525
s 1
f 2729/3269/3974 2728/3268/3973 2487/3127/3832 2116/3130/3835
f 2730/3266/3971 2729/3269/3974 2116/3130/3835 1912/3125/3830
f 2731/3262/3967 2730/3266/3971 1912/3125/3830 1911/3124/3829
f 2732/3263/3968 2731/3262/3967 1911/3124/3829 1942/3123/3828
f 2734/3260/3965 2733/3259/3964 1919/3143/3848 1910/3146/3851
f 2735/4108/4915 2734/4107/3965 1910/4098/3851 2512/4101/5526
s 65
f 2736/3615/4342 2735/3614/4341 2512/4527/5527 2514/4528/5528
s 99
f 2034/4103/5529 2737/4111/4918 2736/4110/4917 2514/4104/5530
s 2
f 2738/3674/4401 2737/3673/4400 2034/3633/4360 2051/3636/4363
f 2739/3711/3960 2738/3674/4401 2051/3636/4363 2083/3692/3847
f 2083/3142/3847 2441/3141/3846 2740/3256/3961 2739/3255/3960
f 2741/3252/3957 2740/3256/3961 2441/3141/3846 2082/3138/3843
f 2742/3253/3958 2741/3252/3957 2082/3138/3843 2155/3137/3842
f 2743/3734/4450 2742/3253/3958 2155/3137/3842 2081/3736/4452
f 2744/3272/3977 2743/3734/4450 2081/3736/4452 2126/3134/3839
f 2745/3273/3978 2744/3272/3977 2126/3134/3839 2471/3133/3838
f 2746/3508/4233 2745/3273/3978 2471/3133/3838 2080/3506/4231
f 2747/3509/4234 2746/3508/4233 2080/3506/4231 2236/3505/4230
f 2748/3852/4577 2747/3509/4234 2236/3505/4230 2107/3850/4575
s 1
f 2784/4529/5531 2783/4530/5532 1918/3107/3812 2450/3106/3811 2451/4065/4850
f 2784/4529/5531 2451/4065/4850 2452/3303/4008 1943/3264/3969
f 2749/3281/3986 2750/3280/3985 2752/4531/5533 2751/4532/5534
f 2751/4532/5534 2752/4531/5533 2773/4533/5535 2774/4534/5536
f 2753/4535/5537 2754/4536/5538 2782/4537/5539 2781/4538/5540
f 2754/4539/5538 2753/4540/5537 2756/4541/5541 2755/4542/5542
f 2755/4542/5542 2756/4541/5541 2769/4543/5543 2770/4544/5544
f 2757/4545/5545 2758/4546/5546 2771/4547/5547 2772/4548/5548
f 2758/4546/5546 2757/4545/5545 2760/4549/5549 2759/4550/5550
f 2759/4550/5550 2760/4549/5549 2777/4551/5551 2778/4552/5552
f 2761/4553/5553 2762/4554/5554 2775/4555/5555 2776/4556/5556
f 2762/4554/5554 2761/4553/5553 2764/4557/5557 2763/4558/5558
f 2763/4558/5558 2764/4557/5557 2765/4559/5559 2766/4560/5560
f 2766/4560/5560 2765/4559/5559 2768/4561/5561 2767/4562/5562
f 2767/4562/5562 2768/4561/5561 2781/4538/5540 2782/4537/5539
f 2770/4544/5544 2769/4543/5543 2772/4548/5548 2771/4547/5547
f 2774/4534/5536 2773/4533/5535 2776/4556/5556 2775/4555/5555
f 2778/4552/5552 2777/4551/5551 2780/4563/5563 2779/4564/5564
f 2779/4564/5564 2780/4563/5563 2783/4530/5532 2784/4529/5531
f 2780/4563/5563 2733/3259/3964 1918/3107/3812 2783/4530/5532
f 2760/4549/5549 2298/3144/3849 1919/3143/3848 2777/4551/5551
f 2772/4548/5548 2320/3054/3759 1920/3053/3758 2757/4545/5545
f 2756/4541/5541 2173/3200/3905 1921/3199/3904 2769/4543/5543
f 2768/4561/5561 2193/3183/3888 2343/3182/3887 2781/4538/5540
f 2764/4557/5557 2364/3066/3771 1923/3065/3770 2765/4559/5559
f 2776/4556/5556 2386/3148/3853 1924/3147/3852 2761/4553/5553
f 2752/4531/5533 2408/3225/3930 1925/3228/3933 2773/4533/5535
f 2407/3249/3954 2751/4532/5534 2774/4534/5536 1936/3250/3955
f 1937/3172/3877 2385/3171/3876 2775/4555/5555 2762/4554/5554
f 1938/3102/3807 2363/3101/3806 2763/4558/5558 2766/4560/5560
f 2782/4537/5539 2344/3187/3892 2192/3186/3891 2767/4562/5562
f 2770/4544/5544 1940/3224/3929 2172/3223/3928 2755/4542/5542
f 2758/4546/5546 1941/3104/3809 2319/3103/3808 2771/4547/5547
f 2778/4552/5552 1942/3123/3828 2297/3122/3827 2759/4550/5550
f 1943/3264/3969 2732/3263/3968 2779/4564/5564 2784/4529/5531
f 2755/4542/5542 2172/3223/3928 1939/3783/4505 2754/4539/5538
f 2753/4540/5537 1922/3784/4506 2173/3200/3905 2756/4541/5541
f 2767/4562/5562 2192/3186/3891 1938/3102/3807 2766/4560/5560
f 2765/4559/5559 1923/3065/3770 2193/3183/3888 2768/4561/5561
f 2759/4550/5550 2297/3122/3827 1941/3104/3809 2758/4546/5546
f 2757/4545/5545 1920/3053/3758 2298/3144/3849 2760/4549/5549
f 2771/4547/5547 2319/3103/3808 1940/3224/3929 2770/4544/5544
f 2769/4543/5543 1921/3199/3904 2320/3054/3759 2772/4548/5548
f 2781/4538/5540 2343/3182/3887 1922/4017/4506 2753/4535/5537
f 1939/4019/4505 2344/3187/3892 2782/4537/5539 2754/4536/5538
f 2763/4558/5558 2363/3101/3806 1937/3172/3877 2762/4554/5554
f 2761/4553/5553 1924/3147/3852 2364/3066/3771 2764/4557/5557
f 2775/4555/5555 2385/3171/3876 1936/3250/3955 2774/4534/5536
f 2773/4533/5535 1925/3228/3933 2386/3148/3853 2776/4556/5556
f 2749/3281/3986 2751/4532/5534 2407/3249/3954 1935/3287/3992
f 1926/3118/3823 2408/3225/3930 2752/4531/5533 2750/3280/3985
f 2779/4564/5564 2732/3263/3968 1942/3123/3828 2778/4552/5552
f 2777/4551/5551 1919/3143/3848 2733/3259/3964 2780/4563/5563
s 121
f 1974/4565/5565 1973/4566/5566 2785/4567/5567 2786/4568/5568
s 122
f 1975/4569/5569 1976/4570/5570 2788/4571/5571 2787/4572/5572
s 123
f 1977/4573/5573 1978/4574/5574 2790/4575/5575 2789/4576/5576
s 124
f 1979/4577/5577 1980/4578/5578 2792/4579/5579 2791/4580/5580
s 121
f 1973/4566/5566 1981/4581/5581 2793/4582/5582 2785/4567/5567
s 122
f 1982/4583/5583 1975/4569/5569 2787/4572/5572 2794/4584/5584
s 123
f 1983/4585/5585 1977/4573/5573 2789/4576/5576 2795/4586/5586
s 124
f 1980/4578/5578 1984/4587/5587 2796/4588/5588 2792/4579/5579
s 121
f 1981/4581/5581 1985/4589/5589 2797/4590/5590 2793/4582/5582
s 122
f 1986/4591/5591 1982/4583/5583 2794/4584/5584 2798/4592/5592
s 123
f 1987/4593/5593 1983/4585/5585 2795/4586/5586 2799/4594/5594
s 124
f 1984/4587/5587 1988/4595/5595 2800/4596/5596 2796/4588/5588
s 121
f 1985/4589/5589 1989/4597/5597 2801/4598/5598 2797/4590/5590
s 122
f 1990/4599/5599 1986/4591/5591 2798/4592/5592 2802/4600/5600
s 123
f 1991/4601/5601 1987/4593/5593 2799/4594/5594 2803/4602/5602
s 124
f 1988/4595/5595 1992/4603/5603 2804/4604/5604 2800/4596/5596
s 121
f 2400/4605/5605 1994/4606/5606 2807/4607/5607 2806/4608/5608
s 122
f 1995/4609/5609 2399/4610/5610 2805/4611/5611 2808/4612/5612
s 121
f 1989/4597/5597 1993/4613/5613 2809/4614/5614 2801/4598/5598
s 122
f 1996/4615/5615 1990/4599/5599 2802/4600/5600 2810/4616/5616
s 121
f 2378/4617/5617 1997/4618/5618 2813/4619/5619 2812/4620/5620
s 122
f 1998/4621/5621 2377/4622/5622 2811/4623/5623 2814/4624/5624
s 121
f 2356/4625/5625 1999/4626/5626 2817/4627/5627 2816/4628/5628
s 122
f 2000/4629/5629 2355/4630/5630 2815/4631/5631 2818/4632/5632
s 121
f 2186/4633/5633 2351/4634/5634 2821/4635/5635 2820/4636/5636
s 122
f 2352/4637/5637 2185/4638/5638 2819/4639/5639 2822/4640/5640
s 123
f 2166/4641/5641 2003/4642/5642 2825/4643/5643 2824/4644/5644
s 124
f 2004/4645/5645 2165/4646/5646 2823/4647/5647 2826/4648/5648
s 123
f 2312/4649/5649 2005/4650/5650 2829/4651/5651 2828/4652/5652
s 124
f 2006/4653/5653 2311/4654/5654 2827/4655/5655 2830/4656/5656
s 123
f 2290/4657/5657 2007/4658/5658 2833/4659/5659 2832/4660/5660
s 124
f 2008/4661/5661 2289/4662/5662 2831/4663/5663 2834/4664/5664
s 123
f 2721/4665/5665 2009/4666/5666 2837/4667/5667 2836/4668/5668
s 124
f 2010/4669/5669 2720/4670/5670 2835/4671/5671 2838/4672/5672
s 123
f 2009/4666/5666 1991/4601/5601 2803/4602/5602 2837/4667/5667
s 124
f 1992/4603/5603 2010/4669/5669 2838/4672/5672 2804/4604/5604
s off
f 2001/4673/5673 2166/4641/5674 2824/4644/5675 2839/4674/5676
s 124
f 2165/4646/5646 2002/4675/5677 2840/4676/5678 2823/4647/5647
s 121
f 1999/4626/5626 2186/4633/5633 2820/4636/5636 2817/4627/5627
s 122
f 2185/4638/5638 2000/4629/5629 2818/4632/5632 2819/4639/5639
s 123
f 1978/4574/5574 2243/4677/5679 2841/4678/5680 2790/4575/5575
s 53
f 2243//4107 2242//4106 2842//5681 2841//5682
s 124
f 2242/4679/5683 1979/4577/5577 2791/4580/5580 2842/4680/5684
s 123
f 2005/4650/5650 2290/4657/5657 2832/4660/5660 2829/4651/5651
s 124
f 2289/4662/5662 2006/4653/5653 2830/4656/5656 2831/4663/5663
s 123
f 2003/4642/5642 2312/4649/5649 2828/4652/5652 2825/4643/5643
s 124
f 2311/4654/5654 2004/4645/5645 2826/4648/5648 2827/4655/5655
s 121
f 2351/4634/5634 2001/4681/5685 2839/4682/5686 2821/4635/5635
s off
f 2002/4675/5687 2352/4637/5688 2822/4640/5689 2840/4676/5690
s 121
f 1997/4618/5618 2356/4625/5625 2816/4628/5628 2813/4619/5619
s 122
f 2355/4630/5630 1998/4621/5621 2814/4624/5624 2815/4631/5631
s 121
f 1994/4606/5606 2378/4617/5617 2812/4620/5620 2807/4607/5607
s 122
f 2377/4622/5622 1995/4609/5609 2808/4612/5612 2811/4623/5623
s 121
f 1993/4613/5613 2400/4605/5605 2806/4608/5608 2809/4614/5614
s 122
f 2399/4610/5610 1996/4615/5615 2810/4616/5616 2805/4611/5611
f 1976/4570/5570 2645/4683/5691 2843/4684/5692 2788/4571/5571
s 121
f 2644/4685/5693 1974/4686/5565 2786/4687/5568 2844/4688/5694
s 122
f 2645/4683/5691 2652/4689/5695 2845/4690/5696 2843/4684/5692
s off
f 2652/4691/5697 2651/4692/5698 2846/4693/5699 2845/4694/5700
s 121
f 2651/4695/5701 2644/4685/5693 2844/4688/5694 2846/4696/5702
s 123
f 2007/4658/5658 2721/4665/5665 2836/4668/5668 2833/4659/5659
s 124
f 2720/4670/5670 2008/4661/5661 2834/4664/5664 2835/4671/5671
s off
f 2786/4697/5703 2785/4698/5704 2847/4699/5705 2848/4700/5706
f 2787/4701/5707 2788/4702/5708 2850/4703/5709 2849/4704/5710
f 2789/4705/5711 2790/4706/5712 2852/4707/5713 2851/4708/5714
f 2791/4709/5715 2792/4710/5716 2854/4711/5717 2853/4712/5718
f 2785/4698/5719 2793/4713/5720 2855/4714/5721 2847/4699/5722
f 2794/4715/5723 2787/4701/5724 2849/4704/5725 2856/4716/5726
f 2795/4717/5727 2789/4705/5728 2851/4708/5729 2857/4718/5730
f 2792/4710/5731 2796/4719/5732 2858/4720/5733 2854/4711/5734
f 2793/4713/5735 2797/4721/5736 2859/4722/5737 2855/4714/5738
f 2798/4723/5739 2794/4715/5740 2856/4716/5741 2860/4724/5742
f 2799/4725/5743 2795/4717/5744 2857/4718/5745 2861/4726/5746
f 2796/4719/5747 2800/4727/5748 2862/4728/5749 2858/4720/5750
f 2797/4721/5751 2801/4729/5752 2863/4730/5753 2859/4722/5754
f 2802/4731/5755 2798/4723/5756 2860/4724/5757 2864/4732/5758
f 2803/4733/5759 2799/4725/5760 2861/4726/5761 2865/4734/5762
f 2800/4727/5763 2804/4735/5764 2866/4736/5765 2862/4728/5766
f 2806/4737/5767 2807/4738/5768 2869/4739/5769 2868/4740/5770
f 2808/4741/5771 2805/4742/5772 2867/4743/5773 2870/4744/5774
f 2801/4729/5775 2809/4745/5776 2871/4746/5777 2863/4730/5778
f 2810/4747/5779 2802/4731/5780 2864/4732/5781 2872/4748/5782
f 2812/4749/5783 2813/4750/5784 2875/4751/5785 2874/4752/5786
f 2814/4753/5787 2811/4754/5788 2873/4755/5789 2876/4756/5790
f 2816/4757/5791 2817/4758/5792 2879/4759/5793 2878/4760/5794
f 2818/4761/5795 2815/4762/5796 2877/4763/5797 2880/4764/5798
f 2820/4765/5799 2821/4766/5800 2883/4767/5801 2882/4768/5802
f 2822/4769/5803 2819/4770/5804 2881/4771/5805 2884/4772/5806
f 2824/4773/5807 2825/4774/5808 2887/4775/5809 2886/4776/5810
f 2826/4777/5811 2823/4778/5812 2885/4779/5813 2888/4780/5814
f 2828/4781/5815 2829/4782/5816 2891/4783/5817 2890/4784/5818
f 2830/4785/5819 2827/4786/5820 2889/4787/5821 2892/4788/5822
f 2832/4789/5823 2833/4790/5824 2895/4791/5825 2894/4792/5826
f 2834/4793/5827 2831/4794/5828 2893/4795/5829 2896/4796/5830
f 2836/4797/5831 2837/4798/5832 2899/4799/5833 2898/4800/5834
f 2838/4801/5835 2835/4802/5836 2897/4803/5837 2900/4804/5838
f 2837/4798/5839 2803/4733/5840 2865/4734/5841 2899/4799/5842
f 2804/4735/5843 2838/4801/5844 2900/4804/5845 2866/4736/5846
f 2839/4805/5847 2824/4773/5848 2886/4776/5849 2901/4806/5850
f 2823/4778/5851 2840/4807/5852 2902/4808/5853 2885/4779/5854
f 2817/4758/5855 2820/4765/5856 2882/4768/5857 2879/4759/5858
f 2819/4770/5859 2818/4761/5860 2880/4764/5861 2881/4771/5862
f 2790/4706/5863 2841/4809/5864 2903/4810/5865 2852/4707/5866
f 2841/4811/5867 2842/4812/5868 2904/4813/5869 2903/4814/5870
f 2842/4815/5871 2791/4709/5872 2853/4712/5873 2904/4816/5874
f 2829/4817/5875 2832/4789/5876 2894/4792/5877 2891/4818/5878
f 2831/4794/5879 2830/4819/5880 2892/4820/5881 2893/4795/5882
f 2825/4774/5883 2828/4781/5884 2890/4784/5885 2887/4775/5886
f 2827/4786/5887 2826/4777/5888 2888/4780/5889 2889/4787/5890
f 2821/4766/5891 2839/4805/5892 2901/4806/5893 2883/4767/5894
f 2840/4807/5895 2822/4769/5896 2884/4772/5897 2902/4808/5898
f 2813/4821/5899 2816/4757/5900 2878/4760/5901 2875/4822/5902
f 2815/4762/5903 2814/4823/5904 2876/4824/5905 2877/4763/5906
f 2807/4738/5907 2812/4749/5908 2874/4752/5909 2869/4739/5910
f 2811/4754/5911 2808/4741/5912 2870/4744/5913 2873/4755/5914
f 2809/4745/5915 2806/4737/5916 2868/4740/5917 2871/4746/5918
f 2805/4742/5919 2810/4747/5920 2872/4748/5921 2867/4743/5922
f 2788/4702/5923 2843/4825/5924 2905/4826/5925 2850/4703/5926
f 2844/4827/5927 2786/4697/5928 2848/4700/5929 2906/4828/5930
f 2843/4825/5931 2845/4829/5932 2907/4830/5933 2905/4826/5934
f 2845/4831/5935 2846/4832/5936 2908/4833/5937 2907/4834/5938
f 2846/4835/5939 2844/4827/5940 2906/4828/5941 2908/4836/5942
f 2833/4790/5943 2836/4797/5944 2898/4800/5945 2895/4791/5946
f 2835/4802/5947 2834/4793/5948 2896/4796/5949 2897/4803/5950
